# Canonical merged NACA4412 V9 SST forceCoeffs history
# Restart overlap is resolved by retaining the later segment at duplicate iteration indices.
# Force coefficients
# liftDir       : (-2.07911691e-01 9.78147601e-01 0.00000000e+00)
# dragDir       : (9.78147601e-01 2.07911691e-01 0.00000000e+00)
# pitchAxis     : (0.00000000e+00 0.00000000e+00 1.00000000e+00)
# magUInf       : 1.50000000e+01
# lRef          : 1.00000000e+00
# Aref          : 1.00000000e-02
# CofR          : (2.50000000e-01 0.00000000e+00 0.00000000e+00)
# Time          	Cm              	Cd              	Cl              	Cl(f)           	Cl(r)           
0               	2.26682191e-02	5.16283078e-01	3.23241256e-02	3.88302819e-02	-6.50615637e-03
1               	5.10229732e+00	5.18708791e+00	1.47972297e+01	1.25009122e+01	2.29631753e+00
2               	6.68393347e+00	6.35569786e+00	1.97383129e+01	1.65530899e+01	3.18522297e+00
3               	5.83401487e+00	5.38933413e+00	1.76602654e+01	1.46641476e+01	2.99611781e+00
4               	3.50908886e+00	3.20982138e+00	1.12241592e+01	9.12116844e+00	2.10299072e+00
5               	8.38613094e-01	8.27531671e-01	3.62338644e+00	2.65030631e+00	9.73080126e-01
6               	-1.25371143e+00	-1.00074322e+00	-2.51733408e+00	-2.51237847e+00	-4.95560880e-03
7               	-2.35073744e+00	-1.93756536e+00	-5.92132673e+00	-5.31140081e+00	-6.09925924e-01
8               	-2.41625805e+00	-1.97955195e+00	-6.41013070e+00	-5.62132340e+00	-7.88807300e-01
9               	-1.81533009e+00	-1.46091109e+00	-4.97073211e+00	-4.30069614e+00	-6.70035967e-01
10              	-8.58394378e-01	-6.47230418e-01	-2.41320366e+00	-2.06499621e+00	-3.48207451e-01
11              	3.93312322e-02	9.97743666e-02	1.19954783e-01	9.93086239e-02	2.06461594e-02
12              	6.37855716e-01	5.96140689e-01	1.92678077e+00	1.60124610e+00	3.25534667e-01
13              	8.68299755e-01	7.90745956e-01	2.75566650e+00	2.24613300e+00	5.09533495e-01
14              	8.06823093e-01	7.47000039e-01	2.76034552e+00	2.18699586e+00	5.73349669e-01
15              	5.55136228e-01	5.55105878e-01	2.20843989e+00	1.65935617e+00	5.49083716e-01
16              	2.50193058e-01	3.18352833e-01	1.43777874e+00	9.69082427e-01	4.68696312e-01
17              	-1.82140846e-02	1.04230125e-01	6.94263387e-01	3.28917609e-01	3.65345778e-01
18              	-1.88752274e-01	-3.90917430e-02	1.63564478e-01	-1.06970035e-01	2.70534512e-01
19              	-2.38350707e-01	-9.06064841e-02	-6.18457801e-02	-2.69273597e-01	2.07427817e-01
20              	-2.02145444e-01	-7.36439058e-02	-4.60250139e-02	-2.25157951e-01	1.79132937e-01
21              	-1.13473527e-01	-1.62658352e-02	1.28490644e-01	-4.92282049e-02	1.77718849e-01
22              	-1.95116351e-03	6.00715021e-02	3.98035950e-01	1.97066811e-01	2.00969138e-01
23              	8.95451059e-02	1.24218355e-01	6.48264767e-01	4.13677490e-01	2.34587278e-01
24              	1.43011839e-01	1.63257768e-01	8.21804291e-01	5.53913984e-01	2.67890306e-01
25              	1.56566537e-01	1.75628160e-01	9.00592973e-01	6.06863024e-01	2.93729950e-01
26              	1.45283284e-01	1.71376973e-01	9.13824618e-01	6.02195593e-01	3.11629025e-01
27              	1.19709358e-01	1.57508234e-01	8.85270679e-01	5.62344698e-01	3.22925981e-01
28              	8.76649675e-02	1.38143781e-01	8.29344255e-01	5.02337095e-01	3.27007160e-01
29              	5.93373483e-02	1.19624537e-01	7.69186870e-01	4.43930783e-01	3.25256087e-01
30              	4.10969303e-02	1.06109842e-01	7.23130208e-01	4.02662034e-01	3.20468174e-01
31              	3.48695429e-02	9.93712957e-02	7.01054509e-01	3.85396798e-01	3.15657712e-01
32              	3.65624784e-02	9.70900463e-02	6.96115174e-01	3.84620066e-01	3.11495109e-01
33              	4.35945060e-02	9.81236026e-02	7.04658946e-01	3.95923979e-01	3.08734967e-01
34              	5.38651736e-02	1.01645467e-01	7.23840395e-01	4.15785371e-01	3.08055024e-01
35              	6.42953486e-02	1.06224565e-01	7.48122622e-01	4.38356660e-01	3.09765962e-01
36              	7.31694306e-02	1.10850155e-01	7.73436107e-01	4.59887484e-01	3.13548623e-01
37              	8.01807217e-02	1.15270943e-01	7.98948591e-01	4.79655017e-01	3.19293574e-01
38              	8.28405872e-02	1.17547335e-01	8.15307188e-01	4.90494181e-01	3.24813007e-01
39              	8.31560386e-02	1.18626071e-01	8.27045270e-01	4.96678674e-01	3.30366597e-01
40              	8.17439522e-02	1.18580828e-01	8.34118570e-01	4.98803237e-01	3.35315333e-01
41              	7.93976979e-02	1.17731162e-01	8.37983544e-01	4.98389470e-01	3.39594074e-01
42              	7.67323081e-02	1.16339407e-01	8.39298623e-01	4.96381620e-01	3.42917003e-01
43              	7.43554511e-02	1.14731453e-01	8.39164794e-01	4.93937848e-01	3.45226946e-01
44              	7.26883073e-02	1.13271412e-01	8.38603557e-01	4.91990086e-01	3.46613471e-01
45              	7.17074188e-02	1.12053421e-01	8.38188804e-01	4.90801821e-01	3.47386983e-01
46              	7.13803819e-02	1.11166699e-01	8.38393777e-01	4.90577271e-01	3.47816507e-01
47              	7.16729982e-02	1.10655453e-01	8.39687356e-01	4.91516676e-01	3.48170680e-01
48              	7.25865660e-02	1.10654639e-01	8.42580233e-01	4.93876683e-01	3.48703551e-01
49              	7.39600867e-02	1.11124733e-01	8.47144577e-01	4.97532375e-01	3.49612202e-01
50              	7.54712455e-02	1.11878120e-01	8.52790036e-01	5.01866264e-01	3.50923773e-01
51              	7.71918085e-02	1.12933765e-01	8.59964498e-01	5.07174058e-01	3.52790441e-01
52              	7.93195858e-02	1.14413693e-01	8.69575559e-01	5.14107365e-01	3.55468194e-01
53              	8.03958837e-02	1.15232834e-01	8.76147762e-01	5.18469765e-01	3.57677997e-01
54              	8.10505543e-02	1.15752743e-01	8.81613169e-01	5.21857139e-01	3.59756030e-01
55              	8.14038070e-02	1.16007525e-01	8.86074378e-01	5.24440996e-01	3.61633382e-01
56              	8.15065738e-02	1.16013646e-01	8.89419834e-01	5.26216491e-01	3.63203343e-01
57              	8.14955698e-02	1.15859028e-01	8.92117763e-01	5.27554451e-01	3.64563311e-01
58              	8.14258179e-02	1.15595605e-01	8.94275084e-01	5.28563360e-01	3.65711724e-01
59              	8.13286289e-02	1.15256267e-01	8.96135361e-01	5.29396309e-01	3.66739052e-01
60              	8.12488158e-02	1.14881369e-01	8.97720008e-01	5.30108820e-01	3.67611188e-01
61              	8.11938720e-02	1.14501839e-01	8.99127904e-01	5.30757824e-01	3.68370080e-01
62              	8.11802800e-02	1.14126624e-01	9.00518109e-01	5.31439335e-01	3.69078775e-01
63              	8.12527173e-02	1.13855472e-01	9.01787657e-01	5.32146546e-01	3.69641111e-01
64              	8.13656756e-02	1.13624805e-01	9.03101658e-01	5.32916505e-01	3.70185154e-01
65              	8.15186847e-02	1.13446100e-01	9.04540122e-01	5.33788746e-01	3.70751376e-01
66              	8.16795611e-02	1.13300220e-01	9.06038596e-01	5.34698859e-01	3.71339737e-01
67              	8.18618545e-02	1.13175386e-01	9.07745180e-01	5.35734445e-01	3.72010736e-01
68              	8.20654278e-02	1.13078196e-01	9.09668465e-01	5.36899660e-01	3.72768805e-01
69              	8.23015101e-02	1.13006058e-01	9.11839028e-01	5.38221024e-01	3.73618004e-01
70              	8.27148941e-02	1.13027553e-01	9.14925753e-01	5.40177771e-01	3.74747983e-01
71              	8.29420942e-02	1.12973544e-01	9.17156491e-01	5.41520340e-01	3.75636151e-01
72              	8.31550312e-02	1.12902152e-01	9.19348299e-01	5.42829181e-01	3.76519119e-01
73              	8.35041938e-02	1.12868941e-01	9.22268805e-01	5.44638597e-01	3.77630209e-01
74              	8.36564202e-02	1.12740689e-01	9.24293967e-01	5.45803404e-01	3.78490563e-01
75              	8.37213810e-02	1.12563816e-01	9.25926463e-01	5.46684613e-01	3.79241850e-01
76              	8.37645072e-02	1.12358425e-01	9.27568361e-01	5.47548688e-01	3.80019673e-01
77              	8.37815458e-02	1.12118227e-01	9.29225359e-01	5.48394225e-01	3.80831133e-01
78              	8.37714574e-02	1.11871493e-01	9.30791679e-01	5.49167297e-01	3.81624382e-01
79              	8.37389892e-02	1.11607101e-01	9.32450689e-01	5.49964334e-01	3.82486355e-01
80              	8.36736793e-02	1.11313273e-01	9.34232643e-01	5.50790001e-01	3.83442642e-01
81              	8.35986580e-02	1.11045707e-01	9.35881538e-01	5.51539427e-01	3.84342111e-01
82              	8.34901437e-02	1.10760055e-01	9.37563626e-01	5.52271957e-01	3.85291669e-01
83              	8.33618817e-02	1.10474229e-01	9.39290390e-01	5.53007077e-01	3.86283313e-01
84              	8.32293187e-02	1.10199339e-01	9.40992737e-01	5.53725687e-01	3.87267050e-01
85              	8.30923597e-02	1.09916731e-01	9.42826322e-01	5.54505521e-01	3.88320801e-01
86              	8.29772977e-02	1.09656078e-01	9.44796087e-01	5.55375341e-01	3.89420746e-01
87              	8.28970499e-02	1.09429038e-01	9.46800978e-01	5.56297539e-01	3.90503439e-01
88              	8.28589009e-02	1.09226531e-01	9.49039828e-01	5.57378815e-01	3.91661013e-01
89              	8.28588411e-02	1.09057989e-01	9.51443345e-01	5.58580513e-01	3.92862831e-01
90              	8.28805529e-02	1.08915840e-01	9.53830266e-01	5.59795686e-01	3.94034580e-01
91              	8.29226863e-02	1.08787668e-01	9.56384117e-01	5.61114745e-01	3.95269372e-01
92              	8.29610440e-02	1.08667618e-01	9.58963241e-01	5.62442665e-01	3.96520577e-01
93              	8.29748647e-02	1.08541648e-01	9.61374364e-01	5.63662047e-01	3.97712317e-01
94              	8.29548401e-02	1.08393372e-01	9.63759782e-01	5.64834731e-01	3.98925051e-01
95              	8.28895985e-02	1.08223993e-01	9.66019217e-01	5.65899207e-01	4.00120010e-01
96              	8.27796427e-02	1.08033097e-01	9.68039306e-01	5.66799296e-01	4.01240010e-01
97              	8.26212779e-02	1.07810462e-01	9.70010544e-01	5.67626550e-01	4.02383994e-01
98              	8.24320937e-02	1.07574235e-01	9.71917149e-01	5.68390668e-01	4.03526481e-01
99              	8.22300276e-02	1.07333441e-01	9.73667648e-01	5.69063852e-01	4.04603796e-01
100             	8.20261684e-02	1.07092759e-01	9.75342831e-01	5.69697584e-01	4.05645247e-01
101             	8.18196689e-02	1.06844053e-01	9.77115453e-01	5.70377395e-01	4.06738058e-01
102             	8.16392765e-02	1.06615910e-01	9.78922198e-01	5.71100375e-01	4.07821822e-01
103             	8.14923655e-02	1.06410253e-01	9.80737962e-01	5.71861346e-01	4.08876615e-01
104             	8.13796657e-02	1.06227109e-01	9.82598996e-01	5.72679164e-01	4.09919832e-01
105             	8.12962388e-02	1.06057169e-01	9.84658900e-01	5.73625689e-01	4.11033211e-01
106             	8.12411620e-02	1.05912580e-01	9.86767757e-01	5.74625040e-01	4.12142716e-01
107             	8.12021703e-02	1.05786178e-01	9.88868184e-01	5.75636262e-01	4.13231922e-01
108             	8.11655282e-02	1.05671637e-01	9.90951171e-01	5.76641114e-01	4.14310057e-01
109             	8.11134767e-02	1.05555295e-01	9.93115898e-01	5.77671426e-01	4.15444472e-01
110             	8.10364610e-02	1.05438722e-01	9.95180178e-01	5.78626550e-01	4.16553628e-01
111             	8.09208816e-02	1.05308023e-01	9.97091990e-01	5.79466877e-01	4.17625114e-01
112             	8.07616060e-02	1.05155455e-01	9.98851277e-01	5.80187244e-01	4.18664032e-01
113             	8.05590335e-02	1.04976613e-01	1.00049098e+00	5.80804524e-01	4.19686457e-01
114             	8.03188660e-02	1.04770985e-01	1.00204645e+00	5.81342092e-01	4.20704360e-01
115             	8.00517831e-02	1.04542434e-01	1.00354730e+00	5.81825435e-01	4.21721869e-01
116             	7.97716202e-02	1.04297992e-01	1.00502080e+00	5.82282022e-01	4.22738781e-01
117             	7.94912551e-02	1.04045261e-01	1.00650111e+00	5.82741808e-01	4.23759297e-01
118             	7.92237197e-02	1.03793867e-01	1.00801053e+00	5.83228986e-01	4.24781547e-01
119             	7.89781773e-02	1.03551869e-01	1.00956585e+00	5.83761102e-01	4.25804748e-01
120             	7.87605295e-02	1.03325978e-01	1.01117279e+00	5.84346925e-01	4.26825866e-01
121             	7.85631845e-02	1.03109929e-01	1.01290855e+00	5.85017462e-01	4.27891093e-01
122             	7.84000083e-02	1.02928186e-01	1.01466921e+00	5.85734615e-01	4.28934599e-01
123             	7.82647849e-02	1.02775705e-01	1.01644180e+00	5.86485686e-01	4.29956116e-01
124             	7.81495124e-02	1.02646269e-01	1.01821241e+00	5.87255717e-01	4.30956692e-01
125             	7.80445796e-02	1.02530915e-01	1.01997322e+00	5.88031191e-01	4.31942032e-01
126             	7.79405894e-02	1.02420192e-01	1.02172573e+00	5.88803456e-01	4.32922277e-01
127             	7.78300246e-02	1.02306014e-01	1.02346130e+00	5.89560675e-01	4.33900625e-01
128             	7.77071722e-02	1.02181488e-01	1.02517729e+00	5.90295819e-01	4.34881475e-01
129             	7.75693178e-02	1.02042195e-01	1.02687524e+00	5.91006940e-01	4.35868304e-01
130             	7.74168876e-02	1.01886272e-01	1.02854787e+00	5.91690820e-01	4.36857045e-01
131             	7.72544071e-02	1.01715101e-01	1.03020662e+00	5.92357717e-01	4.37848903e-01
132             	7.70884391e-02	1.01531854e-01	1.03186506e+00	5.93020969e-01	4.38844091e-01
133             	7.69245049e-02	1.01338845e-01	1.03353265e+00	5.93690828e-01	4.39841818e-01
134             	7.67757339e-02	1.01149356e-01	1.03511165e+00	5.94331558e-01	4.40780090e-01
135             	7.66235678e-02	1.00936187e-01	1.03678726e+00	5.95017200e-01	4.41770064e-01
136             	7.64317793e-02	1.00634347e-01	1.03885646e+00	5.95860011e-01	4.42996452e-01
137             	7.62803454e-02	1.00390112e-01	1.04060851e+00	5.96584602e-01	4.44023911e-01
138             	7.61591542e-02	1.00190763e-01	1.04212227e+00	5.97220288e-01	4.44901979e-01
139             	7.60704494e-02	1.00045257e-01	1.04333240e+00	5.97736649e-01	4.45595750e-01
140             	7.59914073e-02	9.99032698e-02	1.04453849e+00	5.98260654e-01	4.46277840e-01
141             	7.59167101e-02	9.97574215e-02	1.04584391e+00	5.98838667e-01	4.47005247e-01
142             	7.58445024e-02	9.96090157e-02	1.04731343e+00	5.99501215e-01	4.47812211e-01
143             	7.57753647e-02	9.94647789e-02	1.04897485e+00	6.00262789e-01	4.48712060e-01
144             	7.57118649e-02	9.93343728e-02	1.05080997e+00	6.01116848e-01	4.49693118e-01
145             	7.56572436e-02	9.92259506e-02	1.05276900e+00	6.02041744e-01	4.50727257e-01
146             	7.56138084e-02	9.91432065e-02	1.05478241e+00	6.03005015e-01	4.51777399e-01
147             	7.55823619e-02	9.90847161e-02	1.05677621e+00	6.03970467e-01	4.52805743e-01
148             	7.55638502e-02	9.90487664e-02	1.05856270e+00	6.04845199e-01	4.53717498e-01
149             	7.55474556e-02	9.90067154e-02	1.06049122e+00	6.05793067e-01	4.54698156e-01
150             	7.55366044e-02	9.89688816e-02	1.06226320e+00	6.06668205e-01	4.55594997e-01
151             	7.55312302e-02	9.89346329e-02	1.06378965e+00	6.07426057e-01	4.56363596e-01
152             	7.55212044e-02	9.88753589e-02	1.06542910e+00	6.08235752e-01	4.57193344e-01
153             	7.55107062e-02	9.88093841e-02	1.06697436e+00	6.08997886e-01	4.57976474e-01
154             	7.55002296e-02	9.87431428e-02	1.06838363e+00	6.09692045e-01	4.58691586e-01
155             	7.54814932e-02	9.86437693e-02	1.06999044e+00	6.10476713e-01	4.59513727e-01
156             	7.54589941e-02	9.85400564e-02	1.07158445e+00	6.11251221e-01	4.60333233e-01
157             	7.54340984e-02	9.84447049e-02	1.07307177e+00	6.11969981e-01	4.61101784e-01
158             	7.54007071e-02	9.83223227e-02	1.07476974e+00	6.12785575e-01	4.61984161e-01
159             	7.53621432e-02	9.82031945e-02	1.07644978e+00	6.13587033e-01	4.62862746e-01
160             	7.53196294e-02	9.81009290e-02	1.07797345e+00	6.14306357e-01	4.63667098e-01
161             	7.52695749e-02	9.79809747e-02	1.07967268e+00	6.15105915e-01	4.64566765e-01
162             	7.52150446e-02	9.78681013e-02	1.08133051e+00	6.15880300e-01	4.65450210e-01
163             	7.51565784e-02	9.77624534e-02	1.08293941e+00	6.16626281e-01	4.66313124e-01
164             	7.50948830e-02	9.76631660e-02	1.08449500e+00	6.17342385e-01	4.67152619e-01
165             	7.50306214e-02	9.75747964e-02	1.08589207e+00	6.17976656e-01	4.67915413e-01
166             	7.49634829e-02	9.74745683e-02	1.08742245e+00	6.18674707e-01	4.68747741e-01
167             	7.48948694e-02	9.73753156e-02	1.08892786e+00	6.19358800e-01	4.69569062e-01
168             	7.48250938e-02	9.72760423e-02	1.09041447e+00	6.20032329e-01	4.70382142e-01
169             	7.47544180e-02	9.71757680e-02	1.09188549e+00	6.20697165e-01	4.71188329e-01
170             	7.46832714e-02	9.70794147e-02	1.09323461e+00	6.21300578e-01	4.71934035e-01
171             	7.46104250e-02	9.69741032e-02	1.09462296e+00	6.21921903e-01	4.72701053e-01
172             	7.45345153e-02	9.68511242e-02	1.09616658e+00	6.22617806e-01	4.73548775e-01
173             	7.44597054e-02	9.67349431e-02	1.09759637e+00	6.23257891e-01	4.74338480e-01
174             	7.43820890e-02	9.66108220e-02	1.09905414e+00	6.23909157e-01	4.75144979e-01
175             	7.43010184e-02	9.64795849e-02	1.10052711e+00	6.24564571e-01	4.75962534e-01
176             	7.42157629e-02	9.63418892e-02	1.10200287e+00	6.25217198e-01	4.76785673e-01
177             	7.41258470e-02	9.61985839e-02	1.10346854e+00	6.25860119e-01	4.77608425e-01
178             	7.40311322e-02	9.60504569e-02	1.10491217e+00	6.26487215e-01	4.78424951e-01
179             	7.39320361e-02	9.58984876e-02	1.10632622e+00	6.27095148e-01	4.79231075e-01
180             	7.38292909e-02	9.57435981e-02	1.10770739e+00	6.27682988e-01	4.80024406e-01
181             	7.37241620e-02	9.55868498e-02	1.10905840e+00	6.28253361e-01	4.80805037e-01
182             	7.36281479e-02	9.54473394e-02	1.11029335e+00	6.28774825e-01	4.81518529e-01
183             	7.35267018e-02	9.52958768e-02	1.11157257e+00	6.29312986e-01	4.82259582e-01
184             	7.34204036e-02	9.51343856e-02	1.11289894e+00	6.29869872e-01	4.83029065e-01
185             	7.33116210e-02	9.49684364e-02	1.11425100e+00	6.30437122e-01	4.83813880e-01
186             	7.32025988e-02	9.48027916e-02	1.11560816e+00	6.31006681e-01	4.84601483e-01
187             	7.30947561e-02	9.46401816e-02	1.11695168e+00	6.31570596e-01	4.85381084e-01
188             	7.29883923e-02	9.44811809e-02	1.11826533e+00	6.32121060e-01	4.86144275e-01
189             	7.28822930e-02	9.43236753e-02	1.11954602e+00	6.32655301e-01	4.86890715e-01
190             	7.27728492e-02	9.41620263e-02	1.12081960e+00	6.33182650e-01	4.87636952e-01
191             	7.26580252e-02	9.39940895e-02	1.12208426e+00	6.33700155e-01	4.88384105e-01
192             	7.25362214e-02	9.38186046e-02	1.12333562e+00	6.34204029e-01	4.89131586e-01
193             	7.24066904e-02	9.36354536e-02	1.12456564e+00	6.34689509e-01	4.89876129e-01
194             	7.22689657e-02	9.34447191e-02	1.12576704e+00	6.35152486e-01	4.90614555e-01
195             	7.21220577e-02	9.32455474e-02	1.12694307e+00	6.35593593e-01	4.91349478e-01
196             	7.19655364e-02	9.30379318e-02	1.12809328e+00	6.36012175e-01	4.92081102e-01
197             	7.17992855e-02	9.28222698e-02	1.12921407e+00	6.36406323e-01	4.92807752e-01
198             	7.16228997e-02	9.25983621e-02	1.13030693e+00	6.36776366e-01	4.93530567e-01
199             	7.14360362e-02	9.23660819e-02	1.13137466e+00	6.37123365e-01	4.94251293e-01
200             	7.12385812e-02	9.21257589e-02	1.13241723e+00	6.37447198e-01	4.94970035e-01
201             	7.10301719e-02	9.18775383e-02	1.13343461e+00	6.37747477e-01	4.95687133e-01
202             	7.08110713e-02	9.16222910e-02	1.13442263e+00	6.38022384e-01	4.96400241e-01
203             	7.05798062e-02	9.13589446e-02	1.13538217e+00	6.38270890e-01	4.97111278e-01
204             	7.03349768e-02	9.10868558e-02	1.13631184e+00	6.38490894e-01	4.97820941e-01
205             	7.00743131e-02	9.08045485e-02	1.13721009e+00	6.38679359e-01	4.98530733e-01
206             	6.97950350e-02	9.05100677e-02	1.13807653e+00	6.38833302e-01	4.99243232e-01
207             	6.94969812e-02	9.02041159e-02	1.13890259e+00	6.38948276e-01	4.99954314e-01
208             	6.91805533e-02	8.98876221e-02	1.13968103e+00	6.39021070e-01	5.00659963e-01
209             	6.88443286e-02	8.95593287e-02	1.14041269e+00	6.39050675e-01	5.01362018e-01
210             	6.84880976e-02	8.92188891e-02	1.14109903e+00	6.39037610e-01	5.02061415e-01
211             	6.81117538e-02	8.88659828e-02	1.14174358e+00	6.38983543e-01	5.02760036e-01
212             	6.77141142e-02	8.84993166e-02	1.14235101e+00	6.38889618e-01	5.03461390e-01
213             	6.72942273e-02	8.81180820e-02	1.14292336e+00	6.38755908e-01	5.04167453e-01
214             	6.68536375e-02	8.77235188e-02	1.14346087e+00	6.38584071e-01	5.04876796e-01
215             	6.63926760e-02	8.73157214e-02	1.14396676e+00	6.38376055e-01	5.05590703e-01
216             	6.58807435e-02	8.68695230e-02	1.14449218e+00	6.38126833e-01	5.06365346e-01
217             	6.53542968e-02	8.64152716e-02	1.14501652e+00	6.37862556e-01	5.07153963e-01
218             	6.48185854e-02	8.59556895e-02	1.14555660e+00	6.37596886e-01	5.07959715e-01
219             	6.42780070e-02	8.54930205e-02	1.14614505e+00	6.37350534e-01	5.08794520e-01
220             	6.38563259e-02	8.51301877e-02	1.14666107e+00	6.37186859e-01	5.09474207e-01
221             	6.35098645e-02	8.48282838e-02	1.14714797e+00	6.37083851e-01	5.10064122e-01
222             	6.31858774e-02	8.45347184e-02	1.14769090e+00	6.37031325e-01	5.10659570e-01
223             	6.28161559e-02	8.41819674e-02	1.14848297e+00	6.37057639e-01	5.11425327e-01
224             	6.24808203e-02	8.38514922e-02	1.14931249e+00	6.37137064e-01	5.12175423e-01
225             	6.21751203e-02	8.35403719e-02	1.15015329e+00	6.37251764e-01	5.12901524e-01
226             	6.18942871e-02	8.32441337e-02	1.15098708e+00	6.37387826e-01	5.13599252e-01
227             	6.16522554e-02	8.29778894e-02	1.15173563e+00	6.37520070e-01	5.14215559e-01
228             	6.13889277e-02	8.26715110e-02	1.15261355e+00	6.37695705e-01	5.14917849e-01
229             	6.11389394e-02	8.23647834e-02	1.15350250e+00	6.37890188e-01	5.15612309e-01
230             	6.09057578e-02	8.20605836e-02	1.15440323e+00	6.38107374e-01	5.16295858e-01
231             	6.06957145e-02	8.17642158e-02	1.15531955e+00	6.38355489e-01	5.16964060e-01
232             	6.05569169e-02	8.15455524e-02	1.15608652e+00	6.38600178e-01	5.17486344e-01
233             	6.03976608e-02	8.12562704e-02	1.15711374e+00	6.38954532e-01	5.18159211e-01
234             	6.02914807e-02	8.10120188e-02	1.15811683e+00	6.39349898e-01	5.18766937e-01
235             	6.02163488e-02	8.07556154e-02	1.15934960e+00	6.39891151e-01	5.19458453e-01
236             	6.02005010e-02	8.05418284e-02	1.16064980e+00	6.40525402e-01	5.20124401e-01
237             	6.02471206e-02	8.03768531e-02	1.16200428e+00	6.41249261e-01	5.20755020e-01
238             	6.03539753e-02	8.02602113e-02	1.16340378e+00	6.42055867e-01	5.21347916e-01
239             	6.05128534e-02	8.01852028e-02	1.16483915e+00	6.42932428e-01	5.21906721e-01
240             	6.06895254e-02	8.01393341e-02	1.16616891e+00	6.43773979e-01	5.22394929e-01
241             	6.09432547e-02	8.01202347e-02	1.16779767e+00	6.44842091e-01	5.22955581e-01
242             	6.12262228e-02	8.01238975e-02	1.16948086e+00	6.45966653e-01	5.23514208e-01
243             	6.15279943e-02	8.01459401e-02	1.17119943e+00	6.47127712e-01	5.24071723e-01
244             	6.18384968e-02	8.01810859e-02	1.17293334e+00	6.48305167e-01	5.24628174e-01
245             	6.21492945e-02	8.02239791e-02	1.17466511e+00	6.49481851e-01	5.25183262e-01
246             	6.24529231e-02	8.02687744e-02	1.17637953e+00	6.50642687e-01	5.25736841e-01
247             	6.27085576e-02	8.02949708e-02	1.17790891e+00	6.51663014e-01	5.26245899e-01
248             	6.30111685e-02	8.03356793e-02	1.17970458e+00	6.52863458e-01	5.26841121e-01
249             	6.32927179e-02	8.03653548e-02	1.18145833e+00	6.54021884e-01	5.27436449e-01
250             	6.35465259e-02	8.03799289e-02	1.18313906e+00	6.55116056e-01	5.28023004e-01
251             	6.37442977e-02	8.03711393e-02	1.18458501e+00	6.56036803e-01	5.28548207e-01
252             	6.39513201e-02	8.03457679e-02	1.18618241e+00	6.57042523e-01	5.29139883e-01
253             	6.41283274e-02	8.02992137e-02	1.18769404e+00	6.57975345e-01	5.29718690e-01
254             	6.42758349e-02	8.02324368e-02	1.18911291e+00	6.58832288e-01	5.30280618e-01
255             	6.43860279e-02	8.01560619e-02	1.19032974e+00	6.59550897e-01	5.30778841e-01
256             	6.44813870e-02	8.00607246e-02	1.19153853e+00	6.60250653e-01	5.31287880e-01
257             	6.45718406e-02	7.99351038e-02	1.19285757e+00	6.61000626e-01	5.31856945e-01
258             	6.46504904e-02	7.98035211e-02	1.19413821e+00	6.61719595e-01	5.32418615e-01
259             	6.47225505e-02	7.96728958e-02	1.19538409e+00	6.62414593e-01	5.32969492e-01
260             	6.47869521e-02	7.95624540e-02	1.19649953e+00	6.63036717e-01	5.33462813e-01
261             	6.48565127e-02	7.94553018e-02	1.19764451e+00	6.63678766e-01	5.33965740e-01
262             	6.49449272e-02	7.93446318e-02	1.19895295e+00	6.64421403e-01	5.34531548e-01
263             	6.50423356e-02	7.92494091e-02	1.20027280e+00	6.65178733e-01	5.35094062e-01
264             	6.51481394e-02	7.91703373e-02	1.20159577e+00	6.65946023e-01	5.35649744e-01
265             	6.52604455e-02	7.91057438e-02	1.20291449e+00	6.66717693e-01	5.36196802e-01
266             	6.53761238e-02	7.90520327e-02	1.20422249e+00	6.67487370e-01	5.36735123e-01
267             	6.54914740e-02	7.90045044e-02	1.20551502e+00	6.68248986e-01	5.37266038e-01
268             	6.56024008e-02	7.89578259e-02	1.20678825e+00	6.68996525e-01	5.37791724e-01
269             	6.57052524e-02	7.89070255e-02	1.20804024e+00	6.69725374e-01	5.38314869e-01
270             	6.57973297e-02	7.88481579e-02	1.20927097e+00	6.70432815e-01	5.38838155e-01
271             	6.58770916e-02	7.87784780e-02	1.21048271e+00	6.71118449e-01	5.39364266e-01
272             	6.59443489e-02	7.86967432e-02	1.21167982e+00	6.71784259e-01	5.39895561e-01
273             	6.59941718e-02	7.86090322e-02	1.21276718e+00	6.72377763e-01	5.40389419e-01
274             	6.60422928e-02	7.84966713e-02	1.21402016e+00	6.73052374e-01	5.40967788e-01
275             	6.60805398e-02	7.83755880e-02	1.21525979e+00	6.73710436e-01	5.41549356e-01
276             	6.61106344e-02	7.82495887e-02	1.21647047e+00	6.74345869e-01	5.42124600e-01
277             	6.61349199e-02	7.81215294e-02	1.21764458e+00	6.74957210e-01	5.42687370e-01
278             	6.61545428e-02	7.80041578e-02	1.21868504e+00	6.75497061e-01	5.43187975e-01
279             	6.61748451e-02	7.78663086e-02	1.21986075e+00	6.76105222e-01	5.43755531e-01
280             	6.61947478e-02	7.77302692e-02	1.22101032e+00	6.76699909e-01	5.44310413e-01
281             	6.62150695e-02	7.75977367e-02	1.22212984e+00	6.77279991e-01	5.44849852e-01
282             	6.62363094e-02	7.74689124e-02	1.22322190e+00	6.77847260e-01	5.45374641e-01
283             	6.62586915e-02	7.73428325e-02	1.22429445e+00	6.78405917e-01	5.45888534e-01
284             	6.62820441e-02	7.72178351e-02	1.22535737e+00	6.78960729e-01	5.46396641e-01
285             	6.63058702e-02	7.70921346e-02	1.22641958e+00	6.79515658e-01	5.46903918e-01
286             	6.63296977e-02	7.69642844e-02	1.22748850e+00	6.80073948e-01	5.47414552e-01
287             	6.63529775e-02	7.68333696e-02	1.22856782e+00	6.80636888e-01	5.47930933e-01
288             	6.63750647e-02	7.66988908e-02	1.22965739e+00	6.81203758e-01	5.48453628e-01
289             	6.63954125e-02	7.65606530e-02	1.23075459e+00	6.81772708e-01	5.48981883e-01
290             	6.64135197e-02	7.64187609e-02	1.23185375e+00	6.82340397e-01	5.49513358e-01
291             	6.64289453e-02	7.62734655e-02	1.23294764e+00	6.82902767e-01	5.50044877e-01
292             	6.64412693e-02	7.61248822e-02	1.23402935e+00	6.83455946e-01	5.50573408e-01
293             	6.64502458e-02	7.59731349e-02	1.23509357e+00	6.83997029e-01	5.51096538e-01
294             	6.64557294e-02	7.58183853e-02	1.23613651e+00	6.84523982e-01	5.51612524e-01
295             	6.64578972e-02	7.56610873e-02	1.23715647e+00	6.85036131e-01	5.52120336e-01
296             	6.64569532e-02	7.55015599e-02	1.23815453e+00	6.85534218e-01	5.52620312e-01
297             	6.64531003e-02	7.53399721e-02	1.23913380e+00	6.86020001e-01	5.53113800e-01
298             	6.64467302e-02	7.51767198e-02	1.24009788e+00	6.86495671e-01	5.53602210e-01
299             	6.64383268e-02	7.50123217e-02	1.24105049e+00	6.86963571e-01	5.54086918e-01
300             	6.64283538e-02	7.48472440e-02	1.24199507e+00	6.87425889e-01	5.54569181e-01
301             	6.64173561e-02	7.46820469e-02	1.24293438e+00	6.87884547e-01	5.55049835e-01
302             	6.64058925e-02	7.45172021e-02	1.24387072e+00	6.88341252e-01	5.55529467e-01
303             	6.63943676e-02	7.43530717e-02	1.24480509e+00	6.88796914e-01	5.56008179e-01
304             	6.63830533e-02	7.41899034e-02	1.24573760e+00	6.89251852e-01	5.56485745e-01
305             	6.63719168e-02	7.40276036e-02	1.24666757e+00	6.89705700e-01	5.56961866e-01
306             	6.63607107e-02	7.38658958e-02	1.24759374e+00	6.90157581e-01	5.57436160e-01
307             	6.63488706e-02	7.37043021e-02	1.24851422e+00	6.90605978e-01	5.57908237e-01
308             	6.63356046e-02	7.35422165e-02	1.24942639e+00	6.91048798e-01	5.58377589e-01
309             	6.63198203e-02	7.33788974e-02	1.25032698e+00	6.91483309e-01	5.58843669e-01
310             	6.63005402e-02	7.32136922e-02	1.25121356e+00	6.91907321e-01	5.59306241e-01
311             	6.62769906e-02	7.30460828e-02	1.25208473e+00	6.92319353e-01	5.59765372e-01
312             	6.62484101e-02	7.28756211e-02	1.25293907e+00	6.92717946e-01	5.60221126e-01
313             	6.62143369e-02	7.27020861e-02	1.25377624e+00	6.93102456e-01	5.60673783e-01
314             	6.61746496e-02	7.25254570e-02	1.25459708e+00	6.93473191e-01	5.61123892e-01
315             	6.61295947e-02	7.23460082e-02	1.25540290e+00	6.93831046e-01	5.61571856e-01
316             	6.60798965e-02	7.21645001e-02	1.25619530e+00	6.94177548e-01	5.62017755e-01
317             	6.60264108e-02	7.19817120e-02	1.25697671e+00	6.94514767e-01	5.62461946e-01
318             	6.59700895e-02	7.17984864e-02	1.25774973e+00	6.94844955e-01	5.62904776e-01
319             	6.59118829e-02	7.16157320e-02	1.25851615e+00	6.95169956e-01	5.63346190e-01
320             	6.58527262e-02	7.14343357e-02	1.25927732e+00	6.95491388e-01	5.63785936e-01
321             	6.57934477e-02	7.12550464e-02	1.26003435e+00	6.95810620e-01	5.64223725e-01
322             	6.57346896e-02	7.10784501e-02	1.26078776e+00	6.96128568e-01	5.64659189e-01
323             	6.56768037e-02	7.09048829e-02	1.26153729e+00	6.96445447e-01	5.65091840e-01
324             	6.56197382e-02	7.07342846e-02	1.26228206e+00	6.96760768e-01	5.65521292e-01
325             	6.55631680e-02	7.05662541e-02	1.26302079e+00	6.97073564e-01	5.65947228e-01
326             	6.55066939e-02	7.04001757e-02	1.26375256e+00	6.97382972e-01	5.66369584e-01
327             	6.54498389e-02	7.02352117e-02	1.26447708e+00	6.97688380e-01	5.66788702e-01
328             	6.53920365e-02	7.00703989e-02	1.26519411e+00	6.97989092e-01	5.67205019e-01
329             	6.53326683e-02	6.99047156e-02	1.26590323e+00	6.98284284e-01	5.67618947e-01
330             	6.52712944e-02	6.97373133e-02	1.26660439e+00	6.98573490e-01	5.68030902e-01
331             	6.52077115e-02	6.95675915e-02	1.26729807e+00	6.98856747e-01	5.68441324e-01
332             	6.51419140e-02	6.93952065e-02	1.26798459e+00	6.99134209e-01	5.68850381e-01
333             	6.50739632e-02	6.92199584e-02	1.26866399e+00	6.99405960e-01	5.69258034e-01
334             	6.50039953e-02	6.90418595e-02	1.26933613e+00	6.99672059e-01	5.69664069e-01
335             	6.49323387e-02	6.88612254e-02	1.27000108e+00	6.99932880e-01	5.70068203e-01
336             	6.48542697e-02	6.86626999e-02	1.27069880e+00	7.00203671e-01	5.70495132e-01
337             	6.47751470e-02	6.84626254e-02	1.27139245e+00	7.00471374e-01	5.70921080e-01
338             	6.46924113e-02	6.82523050e-02	1.27211280e+00	7.00748810e-01	5.71363987e-01
339             	6.46200014e-02	6.80719023e-02	1.27273510e+00	7.00987553e-01	5.71747550e-01
340             	6.45519021e-02	6.79008395e-02	1.27332413e+00	7.01213966e-01	5.72110162e-01
341             	6.44871602e-02	6.77353033e-02	1.27389340e+00	7.01433860e-01	5.72459540e-01
342             	6.44241920e-02	6.75710995e-02	1.27445904e+00	7.01653712e-01	5.72805328e-01
343             	6.43615301e-02	6.74053075e-02	1.27503425e+00	7.01878655e-01	5.73155594e-01
344             	6.42981634e-02	6.72365406e-02	1.27562744e+00	7.02111881e-01	5.73515555e-01
345             	6.42337454e-02	6.70648752e-02	1.27624152e+00	7.02354508e-01	5.73887017e-01
346             	6.41685294e-02	6.68914113e-02	1.27687444e+00	7.02605751e-01	5.74268692e-01
347             	6.41031363e-02	6.67176387e-02	1.27752046e+00	7.02863365e-01	5.74657092e-01
348             	6.40383431e-02	6.65449517e-02	1.27817200e+00	7.03124342e-01	5.75047656e-01
349             	6.39749487e-02	6.63743953e-02	1.27882162e+00	7.03385758e-01	5.75435861e-01
350             	6.39135907e-02	6.62064744e-02	1.27946357e+00	7.03645377e-01	5.75818196e-01
351             	6.38547577e-02	6.60412462e-02	1.28009481e+00	7.03902162e-01	5.76192647e-01
352             	6.37987390e-02	6.58784292e-02	1.28071519e+00	7.04156335e-01	5.76558857e-01
353             	6.37455479e-02	6.57175533e-02	1.28132667e+00	7.04408883e-01	5.76917788e-01
354             	6.36949160e-02	6.55580694e-02	1.28193241e+00	7.04661122e-01	5.77271290e-01
355             	6.36464592e-02	6.53995526e-02	1.28253590e+00	7.04914410e-01	5.77621492e-01
356             	6.35997797e-02	6.52417915e-02	1.28314023e+00	7.05169897e-01	5.77970338e-01
357             	6.35545798e-02	6.50848592e-02	1.28374753e+00	7.05428343e-01	5.78319184e-01
358             	6.35106525e-02	6.49289589e-02	1.28435886e+00	7.05690081e-01	5.78668776e-01
359             	6.34679572e-02	6.47743807e-02	1.28497446e+00	7.05955186e-01	5.79019272e-01
360             	6.34265519e-02	6.46214560e-02	1.28559361e+00	7.06223358e-01	5.79370255e-01
361             	6.33864852e-02	6.44704536e-02	1.28621477e+00	7.06493871e-01	5.79720901e-01
362             	6.33478679e-02	6.43215660e-02	1.28683625e+00	7.06765995e-01	5.80070259e-01
363             	6.33109212e-02	6.41749307e-02	1.28745675e+00	7.07039297e-01	5.80417455e-01
364             	6.32758345e-02	6.40305575e-02	1.28807538e+00	7.07313527e-01	5.80761858e-01
365             	6.32426685e-02	6.38882733e-02	1.28869177e+00	7.07588552e-01	5.81103215e-01
366             	6.32111917e-02	6.37477002e-02	1.28930555e+00	7.07863965e-01	5.81441582e-01
367             	6.31808139e-02	6.36082726e-02	1.28991612e+00	7.08138872e-01	5.81777244e-01
368             	6.31510556e-02	6.34694956e-02	1.29052338e+00	7.08412744e-01	5.82110632e-01
369             	6.31215325e-02	6.33309820e-02	1.29112745e+00	7.08685255e-01	5.82442190e-01
370             	6.30919592e-02	6.31924494e-02	1.29172856e+00	7.08956241e-01	5.82772322e-01
371             	6.30621919e-02	6.30537408e-02	1.29232695e+00	7.09225667e-01	5.83101283e-01
372             	6.30321981e-02	6.29148425e-02	1.29292254e+00	7.09493468e-01	5.83429071e-01
373             	6.30020171e-02	6.27757617e-02	1.29351540e+00	7.09759716e-01	5.83755682e-01
374             	6.29717647e-02	6.26366237e-02	1.29410535e+00	7.10024440e-01	5.84080911e-01
375             	6.29415252e-02	6.24975589e-02	1.29469204e+00	7.10287543e-01	5.84404493e-01
376             	6.29113419e-02	6.23586934e-02	1.29527496e+00	7.10548823e-01	5.84726140e-01
377             	6.28812222e-02	6.22201217e-02	1.29585373e+00	7.10808088e-01	5.85045643e-01
378             	6.28511994e-02	6.20819491e-02	1.29642812e+00	7.11065258e-01	5.85362859e-01
379             	6.28213082e-02	6.19442669e-02	1.29699806e+00	7.11320340e-01	5.85677724e-01
380             	6.27914777e-02	6.18071093e-02	1.29756327e+00	7.11573114e-01	5.85990158e-01
381             	6.27615663e-02	6.16703879e-02	1.29812364e+00	7.11823386e-01	5.86300254e-01
382             	6.27314743e-02	6.15339998e-02	1.29867932e+00	7.12071132e-01	5.86608183e-01
383             	6.27013056e-02	6.13979899e-02	1.29923072e+00	7.12316668e-01	5.86914057e-01
384             	6.26712172e-02	6.12624353e-02	1.29977823e+00	7.12560330e-01	5.87217895e-01
385             	6.26432361e-02	6.11466660e-02	1.30025022e+00	7.12768345e-01	5.87481873e-01
386             	6.26119301e-02	6.10021325e-02	1.30082199e+00	7.13022923e-01	5.87799063e-01
387             	6.25806915e-02	6.08583532e-02	1.30139283e+00	7.13277106e-01	5.88115723e-01
388             	6.25518593e-02	6.07374438e-02	1.30188131e+00	7.13492514e-01	5.88388795e-01
389             	6.25181017e-02	6.05887676e-02	1.30245828e+00	7.13747242e-01	5.88711038e-01
390             	6.24869923e-02	6.04645235e-02	1.30294782e+00	7.13960903e-01	5.88986919e-01
391             	6.24536888e-02	6.03349141e-02	1.30344553e+00	7.14176456e-01	5.89269078e-01
392             	6.24139887e-02	6.01766710e-02	1.30402583e+00	7.14426904e-01	5.89598927e-01
393             	6.23787293e-02	6.00474103e-02	1.30451049e+00	7.14633975e-01	5.89876516e-01
394             	6.23419227e-02	5.99155315e-02	1.30499385e+00	7.14838850e-01	5.90155004e-01
395             	6.23036006e-02	5.97806086e-02	1.30547821e+00	7.15042706e-01	5.90435505e-01
396             	6.22585464e-02	5.96185881e-02	1.30603420e+00	7.15275647e-01	5.90758555e-01
397             	6.22205627e-02	5.94897049e-02	1.30649261e+00	7.15466868e-01	5.91025743e-01
398             	6.21818365e-02	5.93600798e-02	1.30694584e+00	7.15654757e-01	5.91291084e-01
399             	6.21420270e-02	5.92282884e-02	1.30739917e+00	7.15841610e-01	5.91557556e-01
400             	6.21010872e-02	5.90939666e-02	1.30785569e+00	7.16028931e-01	5.91826757e-01
401             	6.20592840e-02	5.89576002e-02	1.30831656e+00	7.16217564e-01	5.92098996e-01
402             	6.20170812e-02	5.88202959e-02	1.30878058e+00	7.16407374e-01	5.92373211e-01
403             	6.19749430e-02	5.86832851e-02	1.30924522e+00	7.16597551e-01	5.92647665e-01
404             	6.19330185e-02	5.85474148e-02	1.30970719e+00	7.16786613e-01	5.92920576e-01
405             	6.18909464e-02	5.84129233e-02	1.31016309e+00	7.16972491e-01	5.93190598e-01
406             	6.18484209e-02	5.82796731e-02	1.31061119e+00	7.17154016e-01	5.93457174e-01
407             	6.18053729e-02	5.81474582e-02	1.31105122e+00	7.17330982e-01	5.93720236e-01
408             	6.17617239e-02	5.80159012e-02	1.31148401e+00	7.17503728e-01	5.93980281e-01
409             	6.17173458e-02	5.78845993e-02	1.31191076e+00	7.17672728e-01	5.94238036e-01
410             	6.16722976e-02	5.77533021e-02	1.31233308e+00	7.17838836e-01	5.94494241e-01
411             	6.16266368e-02	5.76219088e-02	1.31275210e+00	7.18002685e-01	5.94749411e-01
412             	6.15804647e-02	5.74904881e-02	1.31316838e+00	7.18164654e-01	5.95003725e-01
413             	6.15339128e-02	5.73592171e-02	1.31358196e+00	7.18324895e-01	5.95257070e-01
414             	6.14871463e-02	5.72282934e-02	1.31399280e+00	7.18483546e-01	5.95509254e-01
415             	6.14403172e-02	5.70978778e-02	1.31440091e+00	7.18640774e-01	5.95760140e-01
416             	6.13936495e-02	5.69681987e-02	1.31480625e+00	7.18796772e-01	5.96009473e-01
417             	6.13474565e-02	5.68395863e-02	1.31520865e+00	7.18951781e-01	5.96256868e-01
418             	6.13019164e-02	5.67122234e-02	1.31560807e+00	7.19105952e-01	5.96502119e-01
419             	6.12570232e-02	5.65860970e-02	1.31600468e+00	7.19259366e-01	5.96745319e-01
420             	6.12125851e-02	5.64610573e-02	1.31639857e+00	7.19411872e-01	5.96986702e-01
421             	6.11682338e-02	5.63366513e-02	1.31679062e+00	7.19563545e-01	5.97227078e-01
422             	6.11238060e-02	5.62126374e-02	1.31718171e+00	7.19714662e-01	5.97467050e-01
423             	6.10794014e-02	5.60891153e-02	1.31757215e+00	7.19865478e-01	5.97706676e-01
424             	6.10351026e-02	5.59662952e-02	1.31796133e+00	7.20015766e-01	5.97945561e-01
425             	6.09909814e-02	5.58443707e-02	1.31834839e+00	7.20165178e-01	5.98183215e-01
426             	6.09470676e-02	5.57233971e-02	1.31873279e+00	7.20313461e-01	5.98419325e-01
427             	6.09033322e-02	5.56032942e-02	1.31911418e+00	7.20460420e-01	5.98653756e-01
428             	6.08598103e-02	5.54840965e-02	1.31949200e+00	7.20605809e-01	5.98886189e-01
429             	6.08164774e-02	5.53657746e-02	1.31986578e+00	7.20749368e-01	5.99116413e-01
430             	6.07732091e-02	5.52481723e-02	1.32023532e+00	7.20890868e-01	5.99344449e-01
431             	6.07300175e-02	5.51311730e-02	1.32060093e+00	7.21030482e-01	5.99570447e-01
432             	6.06869547e-02	5.50146805e-02	1.32096325e+00	7.21168581e-01	5.99794672e-01
433             	6.06440932e-02	5.48986554e-02	1.32132295e+00	7.21305566e-01	6.00017380e-01
434             	6.06015014e-02	5.47830972e-02	1.32168057e+00	7.21441786e-01	6.00238784e-01
435             	6.05591402e-02	5.46679338e-02	1.32203656e+00	7.21577421e-01	6.00459140e-01
436             	6.05169738e-02	5.45531305e-02	1.32239127e+00	7.21712609e-01	6.00678661e-01
437             	6.04750358e-02	5.44387190e-02	1.32274502e+00	7.21847544e-01	6.00897472e-01
438             	6.04333719e-02	5.43248057e-02	1.32309758e+00	7.21982162e-01	6.01115418e-01
439             	6.03919413e-02	5.42114731e-02	1.32344836e+00	7.22116122e-01	6.01332239e-01
440             	6.03506676e-02	5.40987546e-02	1.32379673e+00	7.22249030e-01	6.01547695e-01
441             	6.03094645e-02	5.39866123e-02	1.32414223e+00	7.22380578e-01	6.01761649e-01
442             	6.02682612e-02	5.38750045e-02	1.32448449e+00	7.22510505e-01	6.01973982e-01
443             	6.02270195e-02	5.37638944e-02	1.32482341e+00	7.22638724e-01	6.02184685e-01
444             	6.01857713e-02	5.36532760e-02	1.32515924e+00	7.22765394e-01	6.02393851e-01
445             	6.01445822e-02	5.35431731e-02	1.32549233e+00	7.22890747e-01	6.02601583e-01
446             	6.01035752e-02	5.34336945e-02	1.32582287e+00	7.23015009e-01	6.02807859e-01
447             	6.00628798e-02	5.33249404e-02	1.32615102e+00	7.23138390e-01	6.03012630e-01
448             	6.00225829e-02	5.32169488e-02	1.32647698e+00	7.23261075e-01	6.03215909e-01
449             	5.99827359e-02	5.31097099e-02	1.32680102e+00	7.23383246e-01	6.03417774e-01
450             	5.99433879e-02	5.30032370e-02	1.32712334e+00	7.23505056e-01	6.03618281e-01
451             	5.99003720e-02	5.28863161e-02	1.32747009e+00	7.23635417e-01	6.03834673e-01
452             	5.98601130e-02	5.27767924e-02	1.32779940e+00	7.23759814e-01	6.04039588e-01
453             	5.98222687e-02	5.26732635e-02	1.32811404e+00	7.23879287e-01	6.04234750e-01
454             	5.97863735e-02	5.25740148e-02	1.32841797e+00	7.23995360e-01	6.04422613e-01
455             	5.97518392e-02	5.24772582e-02	1.32871577e+00	7.24109724e-01	6.04606045e-01
456             	5.97180491e-02	5.23814178e-02	1.32901178e+00	7.24223940e-01	6.04787841e-01
457             	5.96844367e-02	5.22853028e-02	1.32930950e+00	7.24339187e-01	6.04970314e-01
458             	5.96506246e-02	5.21882640e-02	1.32961112e+00	7.24456186e-01	6.05154936e-01
459             	5.96136760e-02	5.20825069e-02	1.32993314e+00	7.24580248e-01	6.05352896e-01
460             	5.95774654e-02	5.19787653e-02	1.33025354e+00	7.24704237e-01	6.05549307e-01
461             	5.95452541e-02	5.18853321e-02	1.33055444e+00	7.24822475e-01	6.05731967e-01
462             	5.95108436e-02	5.17846643e-02	1.33087039e+00	7.24946037e-01	6.05924350e-01
463             	5.94802927e-02	5.16935594e-02	1.33116627e+00	7.25063425e-01	6.06102840e-01
464             	5.94471611e-02	5.15947249e-02	1.33147584e+00	7.25185082e-01	6.06290760e-01
465             	5.94173520e-02	5.15048323e-02	1.33176530e+00	7.25300002e-01	6.06465298e-01
466             	5.93844837e-02	5.14069861e-02	1.33206800e+00	7.25418481e-01	6.06649514e-01
467             	5.93547964e-02	5.13179950e-02	1.33235154e+00	7.25530566e-01	6.06820973e-01
468             	5.93248456e-02	5.12284070e-02	1.33263503e+00	7.25642362e-01	6.06992671e-01
469             	5.92917223e-02	5.11305814e-02	1.33293423e+00	7.25758836e-01	6.07175391e-01
470             	5.92621114e-02	5.10420331e-02	1.33321570e+00	7.25869964e-01	6.07345741e-01
471             	5.92326854e-02	5.09534944e-02	1.33349759e+00	7.25981479e-01	6.07516109e-01
472             	5.92006546e-02	5.08574187e-02	1.33379500e+00	7.26098157e-01	6.07696848e-01
473             	5.91726030e-02	5.07711061e-02	1.33407411e+00	7.26209659e-01	6.07864453e-01
474             	5.91450420e-02	5.06850555e-02	1.33435301e+00	7.26321548e-01	6.08031464e-01
475             	5.91177214e-02	5.05988176e-02	1.33463232e+00	7.26433880e-01	6.08198437e-01
476             	5.90905087e-02	5.05123135e-02	1.33491199e+00	7.26546502e-01	6.08365484e-01
477             	5.90633941e-02	5.04257259e-02	1.33519151e+00	7.26659151e-01	6.08532362e-01
478             	5.90364805e-02	5.03393880e-02	1.33547020e+00	7.26771581e-01	6.08698620e-01
479             	5.90098892e-02	5.02536668e-02	1.33574713e+00	7.26883454e-01	6.08863676e-01
480             	5.89837278e-02	5.01688494e-02	1.33602150e+00	7.26994478e-01	6.09027022e-01
481             	5.89580399e-02	5.00850818e-02	1.33629277e+00	7.27104427e-01	6.09188348e-01
482             	5.89327971e-02	5.00023512e-02	1.33656079e+00	7.27213191e-01	6.09347597e-01
483             	5.89079704e-02	4.99205816e-02	1.33682570e+00	7.27320821e-01	6.09504880e-01
484             	5.88835281e-02	4.98396772e-02	1.33708784e+00	7.27427449e-01	6.09660393e-01
485             	5.88594138e-02	4.97595141e-02	1.33734767e+00	7.27533251e-01	6.09814423e-01
486             	5.88355594e-02	4.96799686e-02	1.33760567e+00	7.27638393e-01	6.09967275e-01
487             	5.88118414e-02	4.96009095e-02	1.33786211e+00	7.27742894e-01	6.10119211e-01
488             	5.87880956e-02	4.95222110e-02	1.33811702e+00	7.27846604e-01	6.10270413e-01
489             	5.87642370e-02	4.94438431e-02	1.33837024e+00	7.27949356e-01	6.10420882e-01
490             	5.87402323e-02	4.93658137e-02	1.33862154e+00	7.28051003e-01	6.10570538e-01
491             	5.87160891e-02	4.92881540e-02	1.33887072e+00	7.28151449e-01	6.10719271e-01
492             	5.86897217e-02	4.92049359e-02	1.33913008e+00	7.28254762e-01	6.10875319e-01
493             	5.86660957e-02	4.91302005e-02	1.33937065e+00	7.28351422e-01	6.11019231e-01
494             	5.86426333e-02	4.90561392e-02	1.33960785e+00	7.28446558e-01	6.11161291e-01
495             	5.86191748e-02	4.89821883e-02	1.33984296e+00	7.28540653e-01	6.11302303e-01
496             	5.85935779e-02	4.89022123e-02	1.34008845e+00	7.28637804e-01	6.11450648e-01
497             	5.85705706e-02	4.88300176e-02	1.34031754e+00	7.28729341e-01	6.11588200e-01
498             	5.85456755e-02	4.87522551e-02	1.34055640e+00	7.28823875e-01	6.11732524e-01
499             	5.85232329e-02	4.86820775e-02	1.34077958e+00	7.28913021e-01	6.11866555e-01
500             	5.84987696e-02	4.86062385e-02	1.34101243e+00	7.29004982e-01	6.12007443e-01
501             	5.84763836e-02	4.85373622e-02	1.34123065e+00	7.29091708e-01	6.12138941e-01
502             	5.84519539e-02	4.84627064e-02	1.34145916e+00	7.29181532e-01	6.12277624e-01
503             	5.84294370e-02	4.83945835e-02	1.34167426e+00	7.29266566e-01	6.12407692e-01
504             	5.84050613e-02	4.83208040e-02	1.34190012e+00	7.29355123e-01	6.12545000e-01
505             	5.83825957e-02	4.82534133e-02	1.34211313e+00	7.29439163e-01	6.12673972e-01
506             	5.83584130e-02	4.81805920e-02	1.34233633e+00	7.29526579e-01	6.12809753e-01
507             	5.83360488e-02	4.81140717e-02	1.34254628e+00	7.29609190e-01	6.12937092e-01
508             	5.83119683e-02	4.80422524e-02	1.34276541e+00	7.29694671e-01	6.13070735e-01
509             	5.82893849e-02	4.79764896e-02	1.34297067e+00	7.29774719e-01	6.13195949e-01
510             	5.82663012e-02	4.79102549e-02	1.34317452e+00	7.29853563e-01	6.13320961e-01
511             	5.82412423e-02	4.78385008e-02	1.34338721e+00	7.29934848e-01	6.13452364e-01
512             	5.82175840e-02	4.77727652e-02	1.34358627e+00	7.30010719e-01	6.13575551e-01
513             	5.81935950e-02	4.77069362e-02	1.34378361e+00	7.30085398e-01	6.13698208e-01
514             	5.81678861e-02	4.76361583e-02	1.34398912e+00	7.30162448e-01	6.13826676e-01
515             	5.81437855e-02	4.75716864e-02	1.34418114e+00	7.30234355e-01	6.13946784e-01
516             	5.81195349e-02	4.75073913e-02	1.34437134e+00	7.30305203e-01	6.14066133e-01
517             	5.80950382e-02	4.74429864e-02	1.34456048e+00	7.30375279e-01	6.14185203e-01
518             	5.80689625e-02	4.73737901e-02	1.34475803e+00	7.30447976e-01	6.14310050e-01
519             	5.80445334e-02	4.73108594e-02	1.34494246e+00	7.30515762e-01	6.14426695e-01
520             	5.80200998e-02	4.72482536e-02	1.34512513e+00	7.30582666e-01	6.14542466e-01
521             	5.79955734e-02	4.71856920e-02	1.34530672e+00	7.30648935e-01	6.14657789e-01
522             	5.79709211e-02	4.71231147e-02	1.34548746e+00	7.30714651e-01	6.14772809e-01
523             	5.79461812e-02	4.70606295e-02	1.34566733e+00	7.30779848e-01	6.14887485e-01
524             	5.79214588e-02	4.69984029e-02	1.34584641e+00	7.30844665e-01	6.15001747e-01
525             	5.78968310e-02	4.69366107e-02	1.34602449e+00	7.30909075e-01	6.15115413e-01
526             	5.78723999e-02	4.68754688e-02	1.34620115e+00	7.30972973e-01	6.15228173e-01
527             	5.78482632e-02	4.68151629e-02	1.34637598e+00	7.31036253e-01	6.15339726e-01
528             	5.78244657e-02	4.67557431e-02	1.34654887e+00	7.31098900e-01	6.15449968e-01
529             	5.78009493e-02	4.66971370e-02	1.34671977e+00	7.31160835e-01	6.15558936e-01
530             	5.77776311e-02	4.66392634e-02	1.34688864e+00	7.31221953e-01	6.15666691e-01
531             	5.77544438e-02	4.65820774e-02	1.34705541e+00	7.31282150e-01	6.15773263e-01
532             	5.77312881e-02	4.65255702e-02	1.34721979e+00	7.31341183e-01	6.15878607e-01
533             	5.77080415e-02	4.64696936e-02	1.34738156e+00	7.31398820e-01	6.15982737e-01
534             	5.76855785e-02	4.64189498e-02	1.34752917e+00	7.31450163e-01	6.16079006e-01
535             	5.76603682e-02	4.63590300e-02	1.34769942e+00	7.31510080e-01	6.16189343e-01
536             	5.76351799e-02	4.63001696e-02	1.34786614e+00	7.31568250e-01	6.16297890e-01
537             	5.76104583e-02	4.62433673e-02	1.34802649e+00	7.31623705e-01	6.16402789e-01
538             	5.75873090e-02	4.61931600e-02	1.34816915e+00	7.31671883e-01	6.16497265e-01
539             	5.75620781e-02	4.61344313e-02	1.34833411e+00	7.31729133e-01	6.16604977e-01
540             	5.75377583e-02	4.60785061e-02	1.34849129e+00	7.31783401e-01	6.16707885e-01
541             	5.75153348e-02	4.60299850e-02	1.34862874e+00	7.31829706e-01	6.16799036e-01
542             	5.74912715e-02	4.59735396e-02	1.34878878e+00	7.31885662e-01	6.16903118e-01
543             	5.74681619e-02	4.59199777e-02	1.34894152e+00	7.31938920e-01	6.17002596e-01
544             	5.74461060e-02	4.58698204e-02	1.34908499e+00	7.31988603e-01	6.17096391e-01
545             	5.74255389e-02	4.58259257e-02	1.34921155e+00	7.32031313e-01	6.17180235e-01
546             	5.74030650e-02	4.57738437e-02	1.34936188e+00	7.32084004e-01	6.17277874e-01
547             	5.73809408e-02	4.57233882e-02	1.34950795e+00	7.32134916e-01	6.17373034e-01
548             	5.73592256e-02	4.56749833e-02	1.34964805e+00	7.32183252e-01	6.17464801e-01
549             	5.73385694e-02	4.56317762e-02	1.34977369e+00	7.32225413e-01	6.17548274e-01
550             	5.73157129e-02	4.55799960e-02	1.34992412e+00	7.32277774e-01	6.17646348e-01
551             	5.72932398e-02	4.55299221e-02	1.35006976e+00	7.32328118e-01	6.17741638e-01
552             	5.72713296e-02	4.54820282e-02	1.35020867e+00	7.32375665e-01	6.17833006e-01
553             	5.72498482e-02	4.54356528e-02	1.35034263e+00	7.32421161e-01	6.17921465e-01
554             	5.72294554e-02	4.53939117e-02	1.35046310e+00	7.32461006e-01	6.18002095e-01
555             	5.72069283e-02	4.53439935e-02	1.35060573e+00	7.32509793e-01	6.18095937e-01
556             	5.71850525e-02	4.52957878e-02	1.35074382e+00	7.32556962e-01	6.18186857e-01
557             	5.71639578e-02	4.52495165e-02	1.35087681e+00	7.32602362e-01	6.18274446e-01
558             	5.71435181e-02	4.52047159e-02	1.35100598e+00	7.32646509e-01	6.18359473e-01
559             	5.71235475e-02	4.51608634e-02	1.35113279e+00	7.32689943e-01	6.18442848e-01
560             	5.71039113e-02	4.51175657e-02	1.35125848e+00	7.32733154e-01	6.18525331e-01
561             	5.70844992e-02	4.50745631e-02	1.35138390e+00	7.32776448e-01	6.18607449e-01
562             	5.70652456e-02	4.50317292e-02	1.35150948e+00	7.32819987e-01	6.18689495e-01
563             	5.70461078e-02	4.49890319e-02	1.35163530e+00	7.32863759e-01	6.18771543e-01
564             	5.70271261e-02	4.49465347e-02	1.35176117e+00	7.32907712e-01	6.18853460e-01
565             	5.70083875e-02	4.49043495e-02	1.35188677e+00	7.32951771e-01	6.18934996e-01
566             	5.69899843e-02	4.48625943e-02	1.35201173e+00	7.32995850e-01	6.19015882e-01
567             	5.69719765e-02	4.48213533e-02	1.35213575e+00	7.33039851e-01	6.19095898e-01
568             	5.69543837e-02	4.47806681e-02	1.35225859e+00	7.33083678e-01	6.19174910e-01
569             	5.69371552e-02	4.47405288e-02	1.35238006e+00	7.33127185e-01	6.19252874e-01
570             	5.69202495e-02	4.47009175e-02	1.35250010e+00	7.33170302e-01	6.19329803e-01
571             	5.69036444e-02	4.46618065e-02	1.35261881e+00	7.33213051e-01	6.19405762e-01
572             	5.68873419e-02	4.46231745e-02	1.35273640e+00	7.33255543e-01	6.19480859e-01
573             	5.68713539e-02	4.45850012e-02	1.35285316e+00	7.33297933e-01	6.19555225e-01
574             	5.68557093e-02	4.45472848e-02	1.35296940e+00	7.33340407e-01	6.19628989e-01
575             	5.68404226e-02	4.45100283e-02	1.35308532e+00	7.33383080e-01	6.19702235e-01
576             	5.68254713e-02	4.44732167e-02	1.35320098e+00	7.33425963e-01	6.19775020e-01
577             	5.68108061e-02	4.44368182e-02	1.35331633e+00	7.33468973e-01	6.19847361e-01
578             	5.67963708e-02	4.44007981e-02	1.35343122e+00	7.33511981e-01	6.19919240e-01
579             	5.67821119e-02	4.43651245e-02	1.35354546e+00	7.33554840e-01	6.19990616e-01
580             	5.67680024e-02	4.43297807e-02	1.35365886e+00	7.33597435e-01	6.20061430e-01
581             	5.67540469e-02	4.42947607e-02	1.35377135e+00	7.33639723e-01	6.20131629e-01
582             	5.67403262e-02	4.42601039e-02	1.35388295e+00	7.33681801e-01	6.20201149e-01
583             	5.67269104e-02	4.42258571e-02	1.35399368e+00	7.33723749e-01	6.20269928e-01
584             	5.67138264e-02	4.41920434e-02	1.35410353e+00	7.33765589e-01	6.20337936e-01
585             	5.67010606e-02	4.41586578e-02	1.35421250e+00	7.33807308e-01	6.20405187e-01
586             	5.66885542e-02	4.41256741e-02	1.35432060e+00	7.33848854e-01	6.20471746e-01
587             	5.66762585e-02	4.40930743e-02	1.35442793e+00	7.33890224e-01	6.20537707e-01
588             	5.66641778e-02	4.40608611e-02	1.35453466e+00	7.33931508e-01	6.20603153e-01
589             	5.66523216e-02	4.40290325e-02	1.35464090e+00	7.33972770e-01	6.20668127e-01
590             	5.66406704e-02	4.39975639e-02	1.35474661e+00	7.34013977e-01	6.20732636e-01
591             	5.66291689e-02	4.39664100e-02	1.35485167e+00	7.34055005e-01	6.20796667e-01
592             	5.66177701e-02	4.39355277e-02	1.35495595e+00	7.34095744e-01	6.20860204e-01
593             	5.66064450e-02	4.39048885e-02	1.35505935e+00	7.34136119e-01	6.20923229e-01
594             	5.65951965e-02	4.38744871e-02	1.35516185e+00	7.34176121e-01	6.20985728e-01
595             	5.65840530e-02	4.38443387e-02	1.35526348e+00	7.34215793e-01	6.21047687e-01
596             	5.65730626e-02	4.38144740e-02	1.35536432e+00	7.34255224e-01	6.21109099e-01
597             	5.65622885e-02	4.37849354e-02	1.35546451e+00	7.34294543e-01	6.21169966e-01
598             	5.65517574e-02	4.37557473e-02	1.35556410e+00	7.34333808e-01	6.21230293e-01
599             	5.65414912e-02	4.37269417e-02	1.35566314e+00	7.34373063e-01	6.21290081e-01
600             	5.65314739e-02	4.36985281e-02	1.35576161e+00	7.34412281e-01	6.21349333e-01
601             	5.65216094e-02	4.36704547e-02	1.35585935e+00	7.34451282e-01	6.21408063e-01
602             	5.65117942e-02	4.36426496e-02	1.35595618e+00	7.34489885e-01	6.21466297e-01
603             	5.65019550e-02	4.36150526e-02	1.35605205e+00	7.34527978e-01	6.21524068e-01
604             	5.64920624e-02	4.35876305e-02	1.35614693e+00	7.34565528e-01	6.21581403e-01
605             	5.64821090e-02	4.35603642e-02	1.35624084e+00	7.34602531e-01	6.21638313e-01
606             	5.64721015e-02	4.35332443e-02	1.35633379e+00	7.34638995e-01	6.21694793e-01
607             	5.64620641e-02	4.35062840e-02	1.35642579e+00	7.34674959e-01	6.21750831e-01
608             	5.64520253e-02	4.34795063e-02	1.35651689e+00	7.34710473e-01	6.21806422e-01
609             	5.64420186e-02	4.34529351e-02	1.35660717e+00	7.34745602e-01	6.21861565e-01
610             	5.64320821e-02	4.34266000e-02	1.35669668e+00	7.34780424e-01	6.21916260e-01
611             	5.64222433e-02	4.34005210e-02	1.35678551e+00	7.34815001e-01	6.21970514e-01
612             	5.64125121e-02	4.33747050e-02	1.35687370e+00	7.34849360e-01	6.22024336e-01
613             	5.64028627e-02	4.33491369e-02	1.35696120e+00	7.34883462e-01	6.22077736e-01
614             	5.63932557e-02	4.33237989e-02	1.35704796e+00	7.34917237e-01	6.22130725e-01
615             	5.63836606e-02	4.32986841e-02	1.35713392e+00	7.34950620e-01	6.22183299e-01
616             	5.63740599e-02	4.32737919e-02	1.35721902e+00	7.34983569e-01	6.22235449e-01
617             	5.63644580e-02	4.32491264e-02	1.35730327e+00	7.35016092e-01	6.22287176e-01
618             	5.63548655e-02	4.32246860e-02	1.35738670e+00	7.35048214e-01	6.22338483e-01
619             	5.63452861e-02	4.32004649e-02	1.35746937e+00	7.35079970e-01	6.22389398e-01
620             	5.63356913e-02	4.31764359e-02	1.35755126e+00	7.35111323e-01	6.22439940e-01
621             	5.63260366e-02	4.31525633e-02	1.35763233e+00	7.35142200e-01	6.22490127e-01
622             	5.63179820e-02	4.31317990e-02	1.35770826e+00	7.35172112e-01	6.22536148e-01
623             	5.63068778e-02	4.31059115e-02	1.35779187e+00	7.35202815e-01	6.22589059e-01
624             	5.62958455e-02	4.30805945e-02	1.35787348e+00	7.35232588e-01	6.22640897e-01
625             	5.62851057e-02	4.30562015e-02	1.35795228e+00	7.35261246e-01	6.22691035e-01
626             	5.62746842e-02	4.30327097e-02	1.35802831e+00	7.35288841e-01	6.22739472e-01
627             	5.62645200e-02	4.30099405e-02	1.35810208e+00	7.35315562e-01	6.22786522e-01
628             	5.62561502e-02	4.29904710e-02	1.35817033e+00	7.35341313e-01	6.22829013e-01
629             	5.62450211e-02	4.29663715e-02	1.35824571e+00	7.35367878e-01	6.22877836e-01
630             	5.62340585e-02	4.29428066e-02	1.35831993e+00	7.35394024e-01	6.22925907e-01
631             	5.62234039e-02	4.29199987e-02	1.35839260e+00	7.35419705e-01	6.22972897e-01
632             	5.62130463e-02	4.28979005e-02	1.35846382e+00	7.35444955e-01	6.23018862e-01
633             	5.62029240e-02	4.28763698e-02	1.35853396e+00	7.35469903e-01	6.23064055e-01
634             	5.61929485e-02	4.28552382e-02	1.35860342e+00	7.35494660e-01	6.23108763e-01
635             	5.61845254e-02	4.28369906e-02	1.35866825e+00	7.35518651e-01	6.23149601e-01
636             	5.61734721e-02	4.28142702e-02	1.35874126e+00	7.35544101e-01	6.23197157e-01
637             	5.61624371e-02	4.27919101e-02	1.35881326e+00	7.35569067e-01	6.23244193e-01
638             	5.61515733e-02	4.27701945e-02	1.35888336e+00	7.35593254e-01	6.23290107e-01
639             	5.61408815e-02	4.27491317e-02	1.35895124e+00	7.35616504e-01	6.23334741e-01
640             	5.61302908e-02	4.27285919e-02	1.35901701e+00	7.35638797e-01	6.23378215e-01
641             	5.61197015e-02	4.27083961e-02	1.35908099e+00	7.35660196e-01	6.23420793e-01
642             	5.61104804e-02	4.26909119e-02	1.35913942e+00	7.35680192e-01	6.23459231e-01
643             	5.60986351e-02	4.26691352e-02	1.35920491e+00	7.35701091e-01	6.23503821e-01
644             	5.60867768e-02	4.26476535e-02	1.35926919e+00	7.35721370e-01	6.23547817e-01
645             	5.60751102e-02	4.26267557e-02	1.35933177e+00	7.35740997e-01	6.23590777e-01
646             	5.60637232e-02	4.26065087e-02	1.35939273e+00	7.35760088e-01	6.23632641e-01
647             	5.60539489e-02	4.25892582e-02	1.35944806e+00	7.35777981e-01	6.23670083e-01
648             	5.60421078e-02	4.25683221e-02	1.35951066e+00	7.35797439e-01	6.23713224e-01
649             	5.60305594e-02	4.25480027e-02	1.35957210e+00	7.35816609e-01	6.23755490e-01
650             	5.60194031e-02	4.25284743e-02	1.35963189e+00	7.35835347e-01	6.23796540e-01
651             	5.60086246e-02	4.25096981e-02	1.35969012e+00	7.35853684e-01	6.23836434e-01
652             	5.59992744e-02	4.24936903e-02	1.35974276e+00	7.35870656e-01	6.23872107e-01
653             	5.59880329e-02	4.24742409e-02	1.35980278e+00	7.35889421e-01	6.23913355e-01
654             	5.59768910e-02	4.24551923e-02	1.35986173e+00	7.35907758e-01	6.23953976e-01
655             	5.59658937e-02	4.24366761e-02	1.35991906e+00	7.35925422e-01	6.23993634e-01
656             	5.59550170e-02	4.24186581e-02	1.35997467e+00	7.35942352e-01	6.24032318e-01
657             	5.59442145e-02	4.24010237e-02	1.36002887e+00	7.35958651e-01	6.24070222e-01
658             	5.59344834e-02	4.23856656e-02	1.36007780e+00	7.35973383e-01	6.24104416e-01
659             	5.59228928e-02	4.23669063e-02	1.36013431e+00	7.35990050e-01	6.24144264e-01
660             	5.59114086e-02	4.23484666e-02	1.36019007e+00	7.36006444e-01	6.24183627e-01
661             	5.59001735e-02	4.23305715e-02	1.36024447e+00	7.36022407e-01	6.24222060e-01
662             	5.58892032e-02	4.23132365e-02	1.36029735e+00	7.36037880e-01	6.24259474e-01
663             	5.58784413e-02	4.22963602e-02	1.36034889e+00	7.36052889e-01	6.24296006e-01
664             	5.58687040e-02	4.22816589e-02	1.36039508e+00	7.36066242e-01	6.24328834e-01
665             	5.58574521e-02	4.22638957e-02	1.36044891e+00	7.36081906e-01	6.24367002e-01
666             	5.58464195e-02	4.22465523e-02	1.36050193e+00	7.36097385e-01	6.24404546e-01
667             	5.58357239e-02	4.22298272e-02	1.36055365e+00	7.36112548e-01	6.24441100e-01
668             	5.58253673e-02	4.22137140e-02	1.36060406e+00	7.36127398e-01	6.24476663e-01
669             	5.58159980e-02	4.21997710e-02	1.36064892e+00	7.36140460e-01	6.24508464e-01
670             	5.58054631e-02	4.21831553e-02	1.36070168e+00	7.36156303e-01	6.24545377e-01
671             	5.57951707e-02	4.21670267e-02	1.36075347e+00	7.36171908e-01	6.24581566e-01
672             	5.57851677e-02	4.21515115e-02	1.36080375e+00	7.36187045e-01	6.24616710e-01
673             	5.57754126e-02	4.21365498e-02	1.36085255e+00	7.36201686e-01	6.24650861e-01
674             	5.57664123e-02	4.21235066e-02	1.36089562e+00	7.36214223e-01	6.24681398e-01
675             	5.57563348e-02	4.21079410e-02	1.36094666e+00	7.36229663e-01	6.24716993e-01
676             	5.57464073e-02	4.20927518e-02	1.36099675e+00	7.36244783e-01	6.24751968e-01
677             	5.57367038e-02	4.20780788e-02	1.36104539e+00	7.36259400e-01	6.24785992e-01
678             	5.57272194e-02	4.20638933e-02	1.36109263e+00	7.36273535e-01	6.24819096e-01
679             	5.57184092e-02	4.20514760e-02	1.36113423e+00	7.36285524e-01	6.24848706e-01
680             	5.57086947e-02	4.20367173e-02	1.36118402e+00	7.36300705e-01	6.24883316e-01
681             	5.56991790e-02	4.20223530e-02	1.36123293e+00	7.36315644e-01	6.24917286e-01
682             	5.56899262e-02	4.20085201e-02	1.36128040e+00	7.36330124e-01	6.24950272e-01
683             	5.56813577e-02	4.19965054e-02	1.36132176e+00	7.36342236e-01	6.24979521e-01
684             	5.56720702e-02	4.19823972e-02	1.36137115e+00	7.36357645e-01	6.25013504e-01
685             	5.56630202e-02	4.19687516e-02	1.36141936e+00	7.36372701e-01	6.25046660e-01
686             	5.56542472e-02	4.19556825e-02	1.36146582e+00	7.36387160e-01	6.25078665e-01
687             	5.56457168e-02	4.19431411e-02	1.36151061e+00	7.36401021e-01	6.25109587e-01
688             	5.56377121e-02	4.19321636e-02	1.36154969e+00	7.36412559e-01	6.25137135e-01
689             	5.56290156e-02	4.19191713e-02	1.36159695e+00	7.36427491e-01	6.25169460e-01
690             	5.56204498e-02	4.19064913e-02	1.36164349e+00	7.36442196e-01	6.25201297e-01
691             	5.56120596e-02	4.18942362e-02	1.36168879e+00	7.36456456e-01	6.25232337e-01
692             	5.56038311e-02	4.18823740e-02	1.36173291e+00	7.36470285e-01	6.25262623e-01
693             	5.55960475e-02	4.18719099e-02	1.36177174e+00	7.36481916e-01	6.25289821e-01
694             	5.55875903e-02	4.18594830e-02	1.36181892e+00	7.36497049e-01	6.25321868e-01
695             	5.55792770e-02	4.18473853e-02	1.36186519e+00	7.36511873e-01	6.25353319e-01
696             	5.55711587e-02	4.18357359e-02	1.36190994e+00	7.36526127e-01	6.25383809e-01
697             	5.55632177e-02	4.18244895e-02	1.36195323e+00	7.36539834e-01	6.25413398e-01
698             	5.55557179e-02	4.18145824e-02	1.36199119e+00	7.36551313e-01	6.25439877e-01
699             	5.55475763e-02	4.18028172e-02	1.36203708e+00	7.36566119e-01	6.25470966e-01
700             	5.55395923e-02	4.17913974e-02	1.36208187e+00	7.36580525e-01	6.25501341e-01
701             	5.55318027e-02	4.17804141e-02	1.36212507e+00	7.36594338e-01	6.25530733e-01
702             	5.55241744e-02	4.17698008e-02	1.36216692e+00	7.36607636e-01	6.25559287e-01
703             	5.55169633e-02	4.17604372e-02	1.36220381e+00	7.36618870e-01	6.25584944e-01
704             	5.55090821e-02	4.17492762e-02	1.36224840e+00	7.36633282e-01	6.25615118e-01
705             	5.55013354e-02	4.17384378e-02	1.36229196e+00	7.36647316e-01	6.25644645e-01
706             	5.54937603e-02	4.17280028e-02	1.36233407e+00	7.36660796e-01	6.25673275e-01
707             	5.54863261e-02	4.17179010e-02	1.36237497e+00	7.36673810e-01	6.25701158e-01
708             	5.54789800e-02	4.17080212e-02	1.36241509e+00	7.36686526e-01	6.25728566e-01
709             	5.54716743e-02	4.16982666e-02	1.36245487e+00	7.36699110e-01	6.25755762e-01
710             	5.54647334e-02	4.16895345e-02	1.36249086e+00	7.36710163e-01	6.25780696e-01
711             	5.54569978e-02	4.16789767e-02	1.36253444e+00	7.36724220e-01	6.25810224e-01
712             	5.54493807e-02	4.16686591e-02	1.36257742e+00	7.36738093e-01	6.25839332e-01
713             	5.54419480e-02	4.16586953e-02	1.36261920e+00	7.36751549e-01	6.25867653e-01
714             	5.54346896e-02	4.16490544e-02	1.36265979e+00	7.36764583e-01	6.25895204e-01
715             	5.54275672e-02	4.16396617e-02	1.36269942e+00	7.36777279e-01	6.25922145e-01
716             	5.54205407e-02	4.16304436e-02	1.36273844e+00	7.36789758e-01	6.25948677e-01
717             	5.54135728e-02	4.16213366e-02	1.36277714e+00	7.36802142e-01	6.25974996e-01
718             	5.54066337e-02	4.16122927e-02	1.36281579e+00	7.36814531e-01	6.26001264e-01
719             	5.53997048e-02	4.16032824e-02	1.36285458e+00	7.36826997e-01	6.26027588e-01
720             	5.53927759e-02	4.15942918e-02	1.36289359e+00	7.36839569e-01	6.26054017e-01
721             	5.53858489e-02	4.15853237e-02	1.36293279e+00	7.36852245e-01	6.26080547e-01
722             	5.53789315e-02	4.15763890e-02	1.36297213e+00	7.36864996e-01	6.26107133e-01
723             	5.53720374e-02	4.15675054e-02	1.36301150e+00	7.36877787e-01	6.26133713e-01
724             	5.53651787e-02	4.15586880e-02	1.36305078e+00	7.36890570e-01	6.26160213e-01
725             	5.53583695e-02	4.15499516e-02	1.36308990e+00	7.36903319e-01	6.26186580e-01
726             	5.53516148e-02	4.15413000e-02	1.36312877e+00	7.36915998e-01	6.26212769e-01
727             	5.53449211e-02	4.15327358e-02	1.36316736e+00	7.36928602e-01	6.26238760e-01
728             	5.53382924e-02	4.15242580e-02	1.36320570e+00	7.36941142e-01	6.26264558e-01
729             	5.53317316e-02	4.15158641e-02	1.36324382e+00	7.36953643e-01	6.26290180e-01
730             	5.53252401e-02	4.15075517e-02	1.36328179e+00	7.36966137e-01	6.26315657e-01
731             	5.53188184e-02	4.14993180e-02	1.36331968e+00	7.36978660e-01	6.26341023e-01
732             	5.53124661e-02	4.14911614e-02	1.36335755e+00	7.36991243e-01	6.26366310e-01
733             	5.53061796e-02	4.14830779e-02	1.36339544e+00	7.37003902e-01	6.26391543e-01
734             	5.52999631e-02	4.14750701e-02	1.36343341e+00	7.37016666e-01	6.26416740e-01
735             	5.52938202e-02	4.14671400e-02	1.36347146e+00	7.37029551e-01	6.26441910e-01
736             	5.52877536e-02	4.14592893e-02	1.36350962e+00	7.37042561e-01	6.26467054e-01
737             	5.52817675e-02	4.14515199e-02	1.36354786e+00	7.37055699e-01	6.26492164e-01
738             	5.52758679e-02	4.14438347e-02	1.36358619e+00	7.37068964e-01	6.26517228e-01
739             	5.52707694e-02	4.14372539e-02	1.36362207e+00	7.37081805e-01	6.26540266e-01
740             	5.52644815e-02	4.14289426e-02	1.36366329e+00	7.37096126e-01	6.26567163e-01
741             	5.52584280e-02	4.14209120e-02	1.36370376e+00	7.37110306e-01	6.26593450e-01
742             	5.52526841e-02	4.14132534e-02	1.36374304e+00	7.37124206e-01	6.26618837e-01
743             	5.52472310e-02	4.14059256e-02	1.36378130e+00	7.37137882e-01	6.26643421e-01
744             	5.52427461e-02	4.13998451e-02	1.36381661e+00	7.37151053e-01	6.26665561e-01
745             	5.52371186e-02	4.13921299e-02	1.36385686e+00	7.37165546e-01	6.26691309e-01
746             	5.52318288e-02	4.13847905e-02	1.36389630e+00	7.37179978e-01	6.26716321e-01
747             	5.52268871e-02	4.13778369e-02	1.36393495e+00	7.37194361e-01	6.26740587e-01
748             	5.52229477e-02	4.13721405e-02	1.36397096e+00	7.37208425e-01	6.26762530e-01
749             	5.52172297e-02	4.13641117e-02	1.36401427e+00	7.37224367e-01	6.26789907e-01
750             	5.52113610e-02	4.13558832e-02	1.36405780e+00	7.37240262e-01	6.26817540e-01
751             	5.52060244e-02	4.13483099e-02	1.36409943e+00	7.37255740e-01	6.26843691e-01
752             	5.52013870e-02	4.13415001e-02	1.36413858e+00	7.37270676e-01	6.26867902e-01
753             	5.51980548e-02	4.13361347e-02	1.36417433e+00	7.37285221e-01	6.26889111e-01
754             	5.51951640e-02	4.13310804e-02	1.36420978e+00	7.37300053e-01	6.26909725e-01
755             	5.51931998e-02	4.13270276e-02	1.36424366e+00	7.37315032e-01	6.26928632e-01
756             	5.51895357e-02	4.13206276e-02	1.36428648e+00	7.37332778e-01	6.26953706e-01
757             	5.51859179e-02	4.13143184e-02	1.36433072e+00	7.37351277e-01	6.26979441e-01
758             	5.51823911e-02	4.13082173e-02	1.36437545e+00	7.37370115e-01	6.27005333e-01
759             	5.51789899e-02	4.13023555e-02	1.36441987e+00	7.37388923e-01	6.27030943e-01
760             	5.51757520e-02	4.12967389e-02	1.36446349e+00	7.37407499e-01	6.27055995e-01
761             	5.51732522e-02	4.12919996e-02	1.36450449e+00	7.37425497e-01	6.27078992e-01
762             	5.51708726e-02	4.12872667e-02	1.36454544e+00	7.37443591e-01	6.27101846e-01
763             	5.51686907e-02	4.12826108e-02	1.36458615e+00	7.37461767e-01	6.27124385e-01
764             	5.51671940e-02	4.12786021e-02	1.36462450e+00	7.37479442e-01	6.27145054e-01
765             	5.51638650e-02	4.12720741e-02	1.36467235e+00	7.37500042e-01	6.27172312e-01
766             	5.51606829e-02	4.12657668e-02	1.36471980e+00	7.37520582e-01	6.27199216e-01
767             	5.51576580e-02	4.12596726e-02	1.36476627e+00	7.37540793e-01	6.27225477e-01
768             	5.51555325e-02	4.12547149e-02	1.36480950e+00	7.37560282e-01	6.27249217e-01
769             	5.51538241e-02	4.12501379e-02	1.36485156e+00	7.37579603e-01	6.27271955e-01
770             	5.51530501e-02	4.12466416e-02	1.36489058e+00	7.37598340e-01	6.27292239e-01
771             	5.51514625e-02	4.12418316e-02	1.36493563e+00	7.37619278e-01	6.27316353e-01
772             	5.51500624e-02	4.12371443e-02	1.36498140e+00	7.37640762e-01	6.27340637e-01
773             	5.51488614e-02	4.12326484e-02	1.36502747e+00	7.37662598e-01	6.27364876e-01
774             	5.51478800e-02	4.12284101e-02	1.36507332e+00	7.37684538e-01	6.27388778e-01
775             	5.51475173e-02	4.12249432e-02	1.36511603e+00	7.37705535e-01	6.27410500e-01
776             	5.51463793e-02	4.12202696e-02	1.36516560e+00	7.37729178e-01	6.27436420e-01
777             	5.51453540e-02	4.12157625e-02	1.36521498e+00	7.37752845e-01	6.27462137e-01
778             	5.51444961e-02	4.12115104e-02	1.36526349e+00	7.37776241e-01	6.27487249e-01
779             	5.51442768e-02	4.12081143e-02	1.36530763e+00	7.37798092e-01	6.27509539e-01
780             	5.51434658e-02	4.12037276e-02	1.36535721e+00	7.37822071e-01	6.27535139e-01
781             	5.51428257e-02	4.11995307e-02	1.36540597e+00	7.37845813e-01	6.27560161e-01
782             	5.51423841e-02	4.11955464e-02	1.36545381e+00	7.37869288e-01	6.27584520e-01
783             	5.51421580e-02	4.11917754e-02	1.36550079e+00	7.37892555e-01	6.27608239e-01
784             	5.51421572e-02	4.11882151e-02	1.36554710e+00	7.37915707e-01	6.27631393e-01
785             	5.51427103e-02	4.11854892e-02	1.36559002e+00	7.37937722e-01	6.27652302e-01
786             	5.51428889e-02	4.11817873e-02	1.36563952e+00	7.37962650e-01	6.27676872e-01
787             	5.51432029e-02	4.11781992e-02	1.36568949e+00	7.37987947e-01	6.27701541e-01
788             	5.51436444e-02	4.11747510e-02	1.36573960e+00	7.38013443e-01	6.27726154e-01
789             	5.51442034e-02	4.11714561e-02	1.36578955e+00	7.38038979e-01	6.27750572e-01
790             	5.51448693e-02	4.11683229e-02	1.36583909e+00	7.38064414e-01	6.27774675e-01
791             	5.51458309e-02	4.11659123e-02	1.36588462e+00	7.38088142e-01	6.27796480e-01
792             	5.51465524e-02	4.11625979e-02	1.36593753e+00	7.38115317e-01	6.27822212e-01
793             	5.51471530e-02	4.11589390e-02	1.36599300e+00	7.38143654e-01	6.27849348e-01
794             	5.51479495e-02	4.11559090e-02	1.36604469e+00	7.38170295e-01	6.27874396e-01
795             	5.51487982e-02	4.11530361e-02	1.36609499e+00	7.38196291e-01	6.27898695e-01
796             	5.51497043e-02	4.11502862e-02	1.36614404e+00	7.38221727e-01	6.27922318e-01
797             	5.51507238e-02	4.11479989e-02	1.36618811e+00	7.38244778e-01	6.27943331e-01
798             	5.51517327e-02	4.11449675e-02	1.36623963e+00	7.38271548e-01	6.27968083e-01
799             	5.51527267e-02	4.11419263e-02	1.36629116e+00	7.38298305e-01	6.27992852e-01
800             	5.51537134e-02	4.11389303e-02	1.36634257e+00	7.38324997e-01	6.28017570e-01
801             	5.51547228e-02	4.11360268e-02	1.36639385e+00	7.38351647e-01	6.28042202e-01
802             	5.51557811e-02	4.11332376e-02	1.36644505e+00	7.38378307e-01	6.28066745e-01
803             	5.51569341e-02	4.11302084e-02	1.36649960e+00	7.38406734e-01	6.28092865e-01
804             	5.51581228e-02	4.11277230e-02	1.36655034e+00	7.38433294e-01	6.28117048e-01
805             	5.51593839e-02	4.11253450e-02	1.36660085e+00	7.38459810e-01	6.28141042e-01
806             	5.51607105e-02	4.11230217e-02	1.36665145e+00	7.38486438e-01	6.28165017e-01
807             	5.51621960e-02	4.11203914e-02	1.36670581e+00	7.38515099e-01	6.28190707e-01
808             	5.51635428e-02	4.11180858e-02	1.36675651e+00	7.38541798e-01	6.28214712e-01
809             	5.51648490e-02	4.11157390e-02	1.36680721e+00	7.38568454e-01	6.28238756e-01
810             	5.51662827e-02	4.11130806e-02	1.36686176e+00	7.38597161e-01	6.28264596e-01
811             	5.51675181e-02	4.11107356e-02	1.36691257e+00	7.38623801e-01	6.28288764e-01
812             	5.51687406e-02	4.11083951e-02	1.36696347e+00	7.38650478e-01	6.28312996e-01
813             	5.51701668e-02	4.11057927e-02	1.36701844e+00	7.38679389e-01	6.28339055e-01
814             	5.51713461e-02	4.11034818e-02	1.36706938e+00	7.38706035e-01	6.28363343e-01
815             	5.51724951e-02	4.11011539e-02	1.36712034e+00	7.38732664e-01	6.28387674e-01
816             	5.51738810e-02	4.10985789e-02	1.36717547e+00	7.38761618e-01	6.28413856e-01
817             	5.51750136e-02	4.10962952e-02	1.36722656e+00	7.38788295e-01	6.28438268e-01
818             	5.51764321e-02	4.10938196e-02	1.36728171e+00	7.38817289e-01	6.28464425e-01
819             	5.51775794e-02	4.10916273e-02	1.36733267e+00	7.38843914e-01	6.28488755e-01
820             	5.51790146e-02	4.10892360e-02	1.36738758e+00	7.38872803e-01	6.28514774e-01
821             	5.51801052e-02	4.10870594e-02	1.36743816e+00	7.38899184e-01	6.28538974e-01
822             	5.51811777e-02	4.10848521e-02	1.36748890e+00	7.38925630e-01	6.28563274e-01
823             	5.51825807e-02	4.10824349e-02	1.36754426e+00	7.38954711e-01	6.28589550e-01
824             	5.51839644e-02	4.10800664e-02	1.36759956e+00	7.38983744e-01	6.28615816e-01
825             	5.51849538e-02	4.10778969e-02	1.36765032e+00	7.39010113e-01	6.28640206e-01
826             	5.51859016e-02	4.10756934e-02	1.36770113e+00	7.39036468e-01	6.28664665e-01
827             	5.51871968e-02	4.10732990e-02	1.36775659e+00	7.39065491e-01	6.28691098e-01
828             	5.51884623e-02	4.10709439e-02	1.36781194e+00	7.39094432e-01	6.28717507e-01
829             	5.51893215e-02	4.10687739e-02	1.36786276e+00	7.39120703e-01	6.28742060e-01
830             	5.51905491e-02	4.10664572e-02	1.36791784e+00	7.39149470e-01	6.28768372e-01
831             	5.51913524e-02	4.10642815e-02	1.36796847e+00	7.39175587e-01	6.28792883e-01
832             	5.51925361e-02	4.10619487e-02	1.36802363e+00	7.39204351e-01	6.28819279e-01
833             	5.51933094e-02	4.10597575e-02	1.36807451e+00	7.39230566e-01	6.28843947e-01
834             	5.51945019e-02	4.10574340e-02	1.36813014e+00	7.39259574e-01	6.28870570e-01
835             	5.51956762e-02	4.10551458e-02	1.36818561e+00	7.39288479e-01	6.28897127e-01
836             	5.51963874e-02	4.10529790e-02	1.36823641e+00	7.39314593e-01	6.28921818e-01
837             	5.51974858e-02	4.10506695e-02	1.36829167e+00	7.39343323e-01	6.28948351e-01
838             	5.51985416e-02	4.10483735e-02	1.36834673e+00	7.39371906e-01	6.28974823e-01
839             	5.51991520e-02	4.10461869e-02	1.36839718e+00	7.39397744e-01	6.28999440e-01
840             	5.52001522e-02	4.10438459e-02	1.36845217e+00	7.39426237e-01	6.29025933e-01
841             	5.52011141e-02	4.10415059e-02	1.36850709e+00	7.39454660e-01	6.29052432e-01
842             	5.52020327e-02	4.10391826e-02	1.36856177e+00	7.39482917e-01	6.29078852e-01
843             	5.52025266e-02	4.10369690e-02	1.36861196e+00	7.39508506e-01	6.29103453e-01
844             	5.52034335e-02	4.10346185e-02	1.36866679e+00	7.39536828e-01	6.29129961e-01
845             	5.52043344e-02	4.10322793e-02	1.36872176e+00	7.39565216e-01	6.29156547e-01
846             	5.52052248e-02	4.10299664e-02	1.36877671e+00	7.39593578e-01	6.29183129e-01
847             	5.52061090e-02	4.10276863e-02	1.36883142e+00	7.39621821e-01	6.29209603e-01
848             	5.52065779e-02	4.10254955e-02	1.36888181e+00	7.39647484e-01	6.29234328e-01
849             	5.52074811e-02	4.10231763e-02	1.36893698e+00	7.39675973e-01	6.29261011e-01
850             	5.52084129e-02	4.10208698e-02	1.36899241e+00	7.39704618e-01	6.29287792e-01
851             	5.52093277e-02	4.10185659e-02	1.36904784e+00	7.39733249e-01	6.29314593e-01
852             	5.52102172e-02	4.10162686e-02	1.36910313e+00	7.39761784e-01	6.29341350e-01
853             	5.52110851e-02	4.10139801e-02	1.36915822e+00	7.39790195e-01	6.29368025e-01
854             	5.52119497e-02	4.10117032e-02	1.36921304e+00	7.39818468e-01	6.29394569e-01
855             	5.52127919e-02	4.10094155e-02	1.36926764e+00	7.39846611e-01	6.29421027e-01
856             	5.52136259e-02	4.10071183e-02	1.36932216e+00	7.39874707e-01	6.29447455e-01
857             	5.52144775e-02	4.10048207e-02	1.36937668e+00	7.39902817e-01	6.29473862e-01
858             	5.52153299e-02	4.10025095e-02	1.36943129e+00	7.39930977e-01	6.29500317e-01
859             	5.52161991e-02	4.10001958e-02	1.36948613e+00	7.39959266e-01	6.29526868e-01
860             	5.52171105e-02	4.09978960e-02	1.36954121e+00	7.39987717e-01	6.29553496e-01
861             	5.52180461e-02	4.09956003e-02	1.36959656e+00	7.40016324e-01	6.29580231e-01
862             	5.52190186e-02	4.09933189e-02	1.36965220e+00	7.40045118e-01	6.29607081e-01
863             	5.52200461e-02	4.09910612e-02	1.36970808e+00	7.40074084e-01	6.29633991e-01
864             	5.52211054e-02	4.09888118e-02	1.36976415e+00	7.40103179e-01	6.29660968e-01
865             	5.52222027e-02	4.09865740e-02	1.36982041e+00	7.40132410e-01	6.29688004e-01
866             	5.52233504e-02	4.09843517e-02	1.36987679e+00	7.40161748e-01	6.29715047e-01
867             	5.52245256e-02	4.09821300e-02	1.36993327e+00	7.40191161e-01	6.29742110e-01
868             	5.52257360e-02	4.09799147e-02	1.36998987e+00	7.40220671e-01	6.29769199e-01
869             	5.52269914e-02	4.09777088e-02	1.37004654e+00	7.40250261e-01	6.29796278e-01
870             	5.52282723e-02	4.09755013e-02	1.37010330e+00	7.40279921e-01	6.29823376e-01
871             	5.52295909e-02	4.09733023e-02	1.37016020e+00	7.40309693e-01	6.29850511e-01
872             	5.52309576e-02	4.09711153e-02	1.37021722e+00	7.40339570e-01	6.29877654e-01
873             	5.52323586e-02	4.09689334e-02	1.37027439e+00	7.40369555e-01	6.29904838e-01
874             	5.52338084e-02	4.09667680e-02	1.37033178e+00	7.40399697e-01	6.29932080e-01
875             	5.52353131e-02	4.09646181e-02	1.37038932e+00	7.40429973e-01	6.29959346e-01
876             	5.52368609e-02	4.09624776e-02	1.37044705e+00	7.40460386e-01	6.29986665e-01
877             	5.52384669e-02	4.09603576e-02	1.37050503e+00	7.40490981e-01	6.30014047e-01
878             	5.52401318e-02	4.09582519e-02	1.37056317e+00	7.40521717e-01	6.30041454e-01
879             	5.52418460e-02	4.09561563e-02	1.37062151e+00	7.40552599e-01	6.30068907e-01
880             	5.52436118e-02	4.09540666e-02	1.37067996e+00	7.40583593e-01	6.30096369e-01
881             	5.52454260e-02	4.09519847e-02	1.37073858e+00	7.40614717e-01	6.30123865e-01
882             	5.52473123e-02	4.09499292e-02	1.37079745e+00	7.40646036e-01	6.30151412e-01
883             	5.52492672e-02	4.09478918e-02	1.37085648e+00	7.40677510e-01	6.30178975e-01
884             	5.52512862e-02	4.09458742e-02	1.37091574e+00	7.40709157e-01	6.30206585e-01
885             	5.52533894e-02	4.09438924e-02	1.37097529e+00	7.40741034e-01	6.30234255e-01
886             	5.52555627e-02	4.09419300e-02	1.37103503e+00	7.40773076e-01	6.30261951e-01
887             	5.52578016e-02	4.09399879e-02	1.37109500e+00	7.40805300e-01	6.30289697e-01
888             	5.52600941e-02	4.09380513e-02	1.37115511e+00	7.40837649e-01	6.30317461e-01
889             	5.52624450e-02	4.09361293e-02	1.37121543e+00	7.40870162e-01	6.30345272e-01
890             	5.52648813e-02	4.09342440e-02	1.37127605e+00	7.40902908e-01	6.30373146e-01
891             	5.52673842e-02	4.09323749e-02	1.37133686e+00	7.40935813e-01	6.30401044e-01
892             	5.52699575e-02	4.09305298e-02	1.37139790e+00	7.40968910e-01	6.30428995e-01
893             	5.52725844e-02	4.09286898e-02	1.37145910e+00	7.41002133e-01	6.30456964e-01
894             	5.52752766e-02	4.09268695e-02	1.37152052e+00	7.41035537e-01	6.30484984e-01
895             	5.52780641e-02	4.09250933e-02	1.37158227e+00	7.41069198e-01	6.30513070e-01
896             	5.52809179e-02	4.09233327e-02	1.37164421e+00	7.41103021e-01	6.30541185e-01
897             	5.52838452e-02	4.09215979e-02	1.37170640e+00	7.41137048e-01	6.30569357e-01
898             	5.52868228e-02	4.09198645e-02	1.37176875e+00	7.41171198e-01	6.30597553e-01
899             	5.52898687e-02	4.09181520e-02	1.37183134e+00	7.41205539e-01	6.30625802e-01
900             	5.52930192e-02	4.09164901e-02	1.37189428e+00	7.41240158e-01	6.30654120e-01
901             	5.52962398e-02	4.09148457e-02	1.37195741e+00	7.41274947e-01	6.30682468e-01
902             	5.52995419e-02	4.09132328e-02	1.37202083e+00	7.41309959e-01	6.30710875e-01
903             	5.53028952e-02	4.09116220e-02	1.37208440e+00	7.41345097e-01	6.30739306e-01
904             	5.53063217e-02	4.09100363e-02	1.37214823e+00	7.41380439e-01	6.30767795e-01
905             	5.53098592e-02	4.09085048e-02	1.37221246e+00	7.41416090e-01	6.30796372e-01
906             	5.53134610e-02	4.09069890e-02	1.37227687e+00	7.41451897e-01	6.30824975e-01
907             	5.53171395e-02	4.09055042e-02	1.37234155e+00	7.41487914e-01	6.30853635e-01
908             	5.53208557e-02	4.09040139e-02	1.37240635e+00	7.41524029e-01	6.30882318e-01
909             	5.53246354e-02	4.09025443e-02	1.37247139e+00	7.41560329e-01	6.30911059e-01
910             	5.53284494e-02	4.09010669e-02	1.37253655e+00	7.41596725e-01	6.30939826e-01
911             	5.53323350e-02	4.08996170e-02	1.37260199e+00	7.41633329e-01	6.30968659e-01
912             	5.53363381e-02	4.08982331e-02	1.37266782e+00	7.41670250e-01	6.30997574e-01
913             	5.53404084e-02	4.08968693e-02	1.37273388e+00	7.41707347e-01	6.31026530e-01
914             	5.53445610e-02	4.08955427e-02	1.37280024e+00	7.41744680e-01	6.31055558e-01
915             	5.53487485e-02	4.08942101e-02	1.37286673e+00	7.41782116e-01	6.31084619e-01
916             	5.53529986e-02	4.08928991e-02	1.37293349e+00	7.41819744e-01	6.31113747e-01
917             	5.53572759e-02	4.08915760e-02	1.37300036e+00	7.41857458e-01	6.31142906e-01
918             	5.53616203e-02	4.08902787e-02	1.37306751e+00	7.41895374e-01	6.31172133e-01
919             	5.53660790e-02	4.08890476e-02	1.37313505e+00	7.41933603e-01	6.31201445e-01
920             	5.53705961e-02	4.08878336e-02	1.37320279e+00	7.41971989e-01	6.31230797e-01
921             	5.53751879e-02	4.08866548e-02	1.37327082e+00	7.42010598e-01	6.31260222e-01
922             	5.53798006e-02	4.08854634e-02	1.37333896e+00	7.42049282e-01	6.31289681e-01
923             	5.53844613e-02	4.08842867e-02	1.37340734e+00	7.42088132e-01	6.31319209e-01
924             	5.53891288e-02	4.08830870e-02	1.37347580e+00	7.42127028e-01	6.31348771e-01
925             	5.53938443e-02	4.08819034e-02	1.37354450e+00	7.42166094e-01	6.31378406e-01
926             	5.53985750e-02	4.08807051e-02	1.37361330e+00	7.42205226e-01	6.31408076e-01
927             	5.54033674e-02	4.08795354e-02	1.37368238e+00	7.42244558e-01	6.31437823e-01
928             	5.54081878e-02	4.08783626e-02	1.37375159e+00	7.42283982e-01	6.31467606e-01
929             	5.54130794e-02	4.08772270e-02	1.37382110e+00	7.42323628e-01	6.31497469e-01
930             	5.54180885e-02	4.08761687e-02	1.37389103e+00	7.42363603e-01	6.31527426e-01
931             	5.54231494e-02	4.08751293e-02	1.37396115e+00	7.42403724e-01	6.31557425e-01
932             	5.54282714e-02	4.08741208e-02	1.37403154e+00	7.42444044e-01	6.31587501e-01
933             	5.54333929e-02	4.08730880e-02	1.37410200e+00	7.42484394e-01	6.31617608e-01
934             	5.54385386e-02	4.08720555e-02	1.37417266e+00	7.42524868e-01	6.31647790e-01
935             	5.54436643e-02	4.08709830e-02	1.37424334e+00	7.42565333e-01	6.31678004e-01
936             	5.54488108e-02	4.08699092e-02	1.37431421e+00	7.42605916e-01	6.31708295e-01
937             	5.54539476e-02	4.08688056e-02	1.37438513e+00	7.42646514e-01	6.31738619e-01
938             	5.54591236e-02	4.08677175e-02	1.37445629e+00	7.42687270e-01	6.31769023e-01
939             	5.54643100e-02	4.08666181e-02	1.37452754e+00	7.42728081e-01	6.31799461e-01
940             	5.54695516e-02	4.08655494e-02	1.37459906e+00	7.42769082e-01	6.31829979e-01
941             	5.54748136e-02	4.08644789e-02	1.37467069e+00	7.42810157e-01	6.31860530e-01
942             	5.54801328e-02	4.08634416e-02	1.37474259e+00	7.42851428e-01	6.31891162e-01
943             	5.54854682e-02	4.08623998e-02	1.37481459e+00	7.42892763e-01	6.31921827e-01
944             	5.54908521e-02	4.08613850e-02	1.37488685e+00	7.42934279e-01	6.31952575e-01
945             	5.54962439e-02	4.08603597e-02	1.37495920e+00	7.42975845e-01	6.31983357e-01
946             	5.55016758e-02	4.08593550e-02	1.37503180e+00	7.43017576e-01	6.32014224e-01
947             	5.55071076e-02	4.08583341e-02	1.37510447e+00	7.43059341e-01	6.32045126e-01
948             	5.55125699e-02	4.08573270e-02	1.37517736e+00	7.43101251e-01	6.32076111e-01
949             	5.55180251e-02	4.08562987e-02	1.37525030e+00	7.43143177e-01	6.32107127e-01
950             	5.55245534e-02	4.08552900e-02	1.37533238e+00	7.43190745e-01	6.32141638e-01
951             	5.55295723e-02	4.08543034e-02	1.37540167e+00	7.43230407e-01	6.32171262e-01
952             	5.55345897e-02	4.08532752e-02	1.37547095e+00	7.43270066e-01	6.32200887e-01
953             	5.55396798e-02	4.08521736e-02	1.37554101e+00	7.43310186e-01	6.32230827e-01
954             	5.55460271e-02	4.08510905e-02	1.37562150e+00	7.43356778e-01	6.32264724e-01
955             	5.55509872e-02	4.08500076e-02	1.37569069e+00	7.43396333e-01	6.32294359e-01
956             	5.55560927e-02	4.08489207e-02	1.37576113e+00	7.43436656e-01	6.32324471e-01
957             	5.55625130e-02	4.08478789e-02	1.37584224e+00	7.43483631e-01	6.32358605e-01
958             	5.55675403e-02	4.08468442e-02	1.37591214e+00	7.43523610e-01	6.32388530e-01
959             	5.55739433e-02	4.08459430e-02	1.37599257e+00	7.43570230e-01	6.32422343e-01
960             	5.55789066e-02	4.08449667e-02	1.37606162e+00	7.43609716e-01	6.32451903e-01
961             	5.55852359e-02	4.08440654e-02	1.37614124e+00	7.43655858e-01	6.32485386e-01
962             	5.55901214e-02	4.08430220e-02	1.37620986e+00	7.43695050e-01	6.32514807e-01
963             	5.55963968e-02	4.08420181e-02	1.37628946e+00	7.43741125e-01	6.32548331e-01
964             	5.56012482e-02	4.08408762e-02	1.37635836e+00	7.43780428e-01	6.32577931e-01
965             	5.56075331e-02	4.08397914e-02	1.37643860e+00	7.43826831e-01	6.32611765e-01
966             	5.56135548e-02	4.08386972e-02	1.37651705e+00	7.43872080e-01	6.32644970e-01
967             	5.56181957e-02	4.08375205e-02	1.37658483e+00	7.43910611e-01	6.32674219e-01
968             	5.56242555e-02	4.08363787e-02	1.37666372e+00	7.43956114e-01	6.32707603e-01
969             	5.56290338e-02	4.08351743e-02	1.37673265e+00	7.43995358e-01	6.32737291e-01
970             	5.56353479e-02	4.08340572e-02	1.37681336e+00	7.44042030e-01	6.32771334e-01
971             	5.56415336e-02	4.08330178e-02	1.37689292e+00	7.44087995e-01	6.32804928e-01
972             	5.56463111e-02	4.08318724e-02	1.37696165e+00	7.44127138e-01	6.32834516e-01
973             	5.56526146e-02	4.08308406e-02	1.37704194e+00	7.44173584e-01	6.32868355e-01
974             	5.56587249e-02	4.08298069e-02	1.37712079e+00	7.44219120e-01	6.32901670e-01
975             	5.56634822e-02	4.08286609e-02	1.37718929e+00	7.44258127e-01	6.32931163e-01
976             	5.56697411e-02	4.08275719e-02	1.37726938e+00	7.44304429e-01	6.32964947e-01
977             	5.56758819e-02	4.08265119e-02	1.37734858e+00	7.44350174e-01	6.32998410e-01
978             	5.56806654e-02	4.08253191e-02	1.37741751e+00	7.44389419e-01	6.33028089e-01
979             	5.56870035e-02	4.08242250e-02	1.37749838e+00	7.44436193e-01	6.33062186e-01
980             	5.56931860e-02	4.08231387e-02	1.37757816e+00	7.44482264e-01	6.33095892e-01
981             	5.56980506e-02	4.08219685e-02	1.37764774e+00	7.44521918e-01	6.33125817e-01
982             	5.57044216e-02	4.08208666e-02	1.37772896e+00	7.44568904e-01	6.33160061e-01
983             	5.57106701e-02	4.08198114e-02	1.37780916e+00	7.44615249e-01	6.33193909e-01
984             	5.57155788e-02	4.08186475e-02	1.37787894e+00	7.44655047e-01	6.33223889e-01
985             	5.57219969e-02	4.08175630e-02	1.37796041e+00	7.44702203e-01	6.33258209e-01
986             	5.57282465e-02	4.08164819e-02	1.37804065e+00	7.44748571e-01	6.33292078e-01
987             	5.57332250e-02	4.08153377e-02	1.37811078e+00	7.44788614e-01	6.33322164e-01
988             	5.57396415e-02	4.08142183e-02	1.37819238e+00	7.44835830e-01	6.33356547e-01
989             	5.57459205e-02	4.08131372e-02	1.37827284e+00	7.44882339e-01	6.33390498e-01
990             	5.57509481e-02	4.08119901e-02	1.37834327e+00	7.44922581e-01	6.33420685e-01
991             	5.57574013e-02	4.08108758e-02	1.37842515e+00	7.44969974e-01	6.33455171e-01
992             	5.57636769e-02	4.08097812e-02	1.37850567e+00	7.45016511e-01	6.33489157e-01
993             	5.57688168e-02	4.08086733e-02	1.37857668e+00	7.45057156e-01	6.33519522e-01
994             	5.57753135e-02	4.08075518e-02	1.37865896e+00	7.45104793e-01	6.33554166e-01
995             	5.57816451e-02	4.08064634e-02	1.37873977e+00	7.45151531e-01	6.33588241e-01
996             	5.57868904e-02	4.08053700e-02	1.37881144e+00	7.45192613e-01	6.33618832e-01
997             	5.57934588e-02	4.08042541e-02	1.37889421e+00	7.45240564e-01	6.33653646e-01
998             	5.57998366e-02	4.08031665e-02	1.37897547e+00	7.45287573e-01	6.33687900e-01
999             	5.58051685e-02	4.08021024e-02	1.37904754e+00	7.45328937e-01	6.33718600e-01
1000            	5.58117380e-02	4.08009695e-02	1.37913040e+00	7.45376938e-01	6.33753462e-01
1001            	5.58181276e-02	4.07998695e-02	1.37921159e+00	7.45423924e-01	6.33787669e-01
1002            	5.58234989e-02	4.07988025e-02	1.37928382e+00	7.45465407e-01	6.33818409e-01
1003            	5.58300937e-02	4.07976622e-02	1.37936677e+00	7.45513478e-01	6.33853291e-01
1004            	5.58365056e-02	4.07965577e-02	1.37944823e+00	7.45560621e-01	6.33887610e-01
1005            	5.58419680e-02	4.07955212e-02	1.37952086e+00	7.45602396e-01	6.33918460e-01
1006            	5.58485900e-02	4.07943784e-02	1.37960410e+00	7.45650638e-01	6.33953458e-01
1007            	5.58550531e-02	4.07932814e-02	1.37968573e+00	7.45697919e-01	6.33987813e-01
1008            	5.58605828e-02	4.07922586e-02	1.37975874e+00	7.45739954e-01	6.34018788e-01
1009            	5.58672643e-02	4.07911279e-02	1.37984227e+00	7.45788400e-01	6.34053872e-01
1010            	5.58737632e-02	4.07900391e-02	1.37992427e+00	7.45835897e-01	6.34088371e-01
1011            	5.58793870e-02	4.07890457e-02	1.37999770e+00	7.45878237e-01	6.34119463e-01
1012            	5.58860901e-02	4.07879067e-02	1.38008150e+00	7.45926839e-01	6.34154658e-01
1013            	5.58919008e-02	4.07868955e-02	1.38015650e+00	7.45970150e-01	6.34186349e-01
1014            	5.58987593e-02	4.07857511e-02	1.38024166e+00	7.46019589e-01	6.34222070e-01
1015            	5.59046872e-02	4.07847601e-02	1.38031757e+00	7.46063475e-01	6.34254100e-01
1016            	5.59115980e-02	4.07836371e-02	1.38040316e+00	7.46113177e-01	6.34289981e-01
1017            	5.59175625e-02	4.07826695e-02	1.38047924e+00	7.46157181e-01	6.34322056e-01
1018            	5.59244569e-02	4.07815502e-02	1.38056462e+00	7.46206767e-01	6.34357853e-01
1019            	5.59304232e-02	4.07805886e-02	1.38064051e+00	7.46250678e-01	6.34389832e-01
1020            	5.59372906e-02	4.07794497e-02	1.38072560e+00	7.46300092e-01	6.34425511e-01
1021            	5.59432672e-02	4.07784801e-02	1.38080141e+00	7.46343972e-01	6.34457438e-01
1022            	5.59501426e-02	4.07773252e-02	1.38088654e+00	7.46393411e-01	6.34493126e-01
1023            	5.59561546e-02	4.07763569e-02	1.38096252e+00	7.46437412e-01	6.34525103e-01
1024            	5.59630400e-02	4.07751926e-02	1.38104772e+00	7.46486898e-01	6.34560818e-01
1025            	5.59690989e-02	4.07742316e-02	1.38112400e+00	7.46531097e-01	6.34592899e-01
1026            	5.59760252e-02	4.07730775e-02	1.38120947e+00	7.46580759e-01	6.34628709e-01
1027            	5.59825998e-02	4.07720133e-02	1.38129108e+00	7.46628139e-01	6.34662939e-01
1028            	5.59883307e-02	4.07710927e-02	1.38136339e+00	7.46670026e-01	6.34693365e-01
1029            	5.59954091e-02	4.07699365e-02	1.38144995e+00	7.46720383e-01	6.34729565e-01
1030            	5.60016943e-02	4.07690320e-02	1.38152813e+00	7.46765759e-01	6.34762371e-01
1031            	5.60090230e-02	4.07679391e-02	1.38161689e+00	7.46817466e-01	6.34799420e-01
1032            	5.60159899e-02	4.07669563e-02	1.38170217e+00	7.46867075e-01	6.34835096e-01
1033            	5.60227393e-02	4.07659706e-02	1.38178503e+00	7.46915254e-01	6.34869776e-01
1034            	5.60291396e-02	4.07650600e-02	1.38186445e+00	7.46961364e-01	6.34903084e-01
1035            	5.60347659e-02	4.07641953e-02	1.38193486e+00	7.47002197e-01	6.34932665e-01
1036            	5.60417532e-02	4.07628916e-02	1.38202002e+00	7.47051762e-01	6.34968255e-01
1037            	5.60480531e-02	4.07618405e-02	1.38209749e+00	7.47096800e-01	6.35000693e-01
1038            	5.60554633e-02	4.07606462e-02	1.38218654e+00	7.47148731e-01	6.35037804e-01
1039            	5.60625901e-02	4.07595908e-02	1.38227268e+00	7.47198931e-01	6.35073751e-01
1040            	5.60695452e-02	4.07586652e-02	1.38235731e+00	7.47248199e-01	6.35109109e-01
1041            	5.60763482e-02	4.07577539e-02	1.38244008e+00	7.47296388e-01	6.35143692e-01
1042            	5.60830053e-02	4.07568457e-02	1.38252141e+00	7.47343712e-01	6.35177702e-01
1043            	5.60896525e-02	4.07558652e-02	1.38260218e+00	7.47390741e-01	6.35211436e-01
1044            	5.60961629e-02	4.07549373e-02	1.38268148e+00	7.47436901e-01	6.35244575e-01
1045            	5.61020080e-02	4.07540682e-02	1.38275314e+00	7.47478580e-01	6.35274564e-01
1046            	5.61094526e-02	4.07528456e-02	1.38284107e+00	7.47529987e-01	6.35311082e-01
1047            	5.61161878e-02	4.07518803e-02	1.38292169e+00	7.47577035e-01	6.35344659e-01
1048            	5.61240620e-02	4.07508322e-02	1.38301362e+00	7.47630871e-01	6.35382747e-01
1049            	5.61315766e-02	4.07498895e-02	1.38310230e+00	7.47682725e-01	6.35419572e-01
1050            	5.61388430e-02	4.07490471e-02	1.38318893e+00	7.47733307e-01	6.35455621e-01
1051            	5.61458391e-02	4.07481631e-02	1.38327280e+00	7.47782237e-01	6.35490558e-01
1052            	5.61526194e-02	4.07472467e-02	1.38335463e+00	7.47829934e-01	6.35524695e-01
1053            	5.61593523e-02	4.07462225e-02	1.38343554e+00	7.47877122e-01	6.35558417e-01
1054            	5.61660510e-02	4.07451703e-02	1.38351597e+00	7.47924038e-01	6.35591936e-01
1055            	5.61729083e-02	4.07440770e-02	1.38359737e+00	7.47971593e-01	6.35625777e-01
1056            	5.61798656e-02	4.07430425e-02	1.38367959e+00	7.48019662e-01	6.35659931e-01
1057            	5.61870121e-02	4.07420419e-02	1.38376319e+00	7.48068609e-01	6.35694584e-01
1058            	5.61942482e-02	4.07411399e-02	1.38384765e+00	7.48118076e-01	6.35729579e-01
1059            	5.62016062e-02	4.07402665e-02	1.38393301e+00	7.48168110e-01	6.35764898e-01
1060            	5.62089596e-02	4.07394541e-02	1.38401846e+00	7.48218188e-01	6.35800269e-01
1061            	5.62163667e-02	4.07386161e-02	1.38410420e+00	7.48268466e-01	6.35835732e-01
1062            	5.62237007e-02	4.07377876e-02	1.38418941e+00	7.48318404e-01	6.35871003e-01
1063            	5.62310702e-02	4.07368971e-02	1.38427468e+00	7.48368412e-01	6.35906271e-01
1064            	5.62383609e-02	4.07360009e-02	1.38435932e+00	7.48418020e-01	6.35941298e-01
1065            	5.62457116e-02	4.07350489e-02	1.38444418e+00	7.48467803e-01	6.35976379e-01
1066            	5.62530137e-02	4.07341141e-02	1.38452862e+00	7.48517324e-01	6.36011297e-01
1067            	5.62604132e-02	4.07331512e-02	1.38461359e+00	7.48567208e-01	6.36046382e-01
1068            	5.62677861e-02	4.07322341e-02	1.38469832e+00	7.48616944e-01	6.36081372e-01
1069            	5.62752744e-02	4.07313150e-02	1.38478369e+00	7.48667121e-01	6.36116573e-01
1070            	5.62827426e-02	4.07304492e-02	1.38486889e+00	7.48717186e-01	6.36151701e-01
1071            	5.62903315e-02	4.07295843e-02	1.38495476e+00	7.48767714e-01	6.36187051e-01
1072            	5.62978793e-02	4.07287630e-02	1.38504031e+00	7.48818033e-01	6.36222275e-01
1073            	5.63055415e-02	4.07279209e-02	1.38512654e+00	7.48868813e-01	6.36257729e-01
1074            	5.63131436e-02	4.07271096e-02	1.38521231e+00	7.48919300e-01	6.36293013e-01
1075            	5.63208504e-02	4.07262714e-02	1.38529868e+00	7.48970189e-01	6.36328488e-01
1076            	5.63284946e-02	4.07254502e-02	1.38538459e+00	7.49020788e-01	6.36363799e-01
1077            	5.63362383e-02	4.07246009e-02	1.38547104e+00	7.49071757e-01	6.36399280e-01
1078            	5.63439212e-02	4.07237722e-02	1.38555704e+00	7.49122441e-01	6.36434599e-01
1079            	5.63517096e-02	4.07229209e-02	1.38564361e+00	7.49173517e-01	6.36470098e-01
1080            	5.63594402e-02	4.07220957e-02	1.38572976e+00	7.49224319e-01	6.36505438e-01
1081            	5.63672859e-02	4.07212541e-02	1.38581654e+00	7.49275555e-01	6.36540983e-01
1082            	5.63750778e-02	4.07204415e-02	1.38590292e+00	7.49326540e-01	6.36576384e-01
1083            	5.63829888e-02	4.07196146e-02	1.38598998e+00	7.49377981e-01	6.36612003e-01
1084            	5.63908443e-02	4.07188172e-02	1.38607664e+00	7.49429164e-01	6.36647476e-01
1085            	5.63988166e-02	4.07180061e-02	1.38616394e+00	7.49480787e-01	6.36683154e-01
1086            	5.64067331e-02	4.07172237e-02	1.38625083e+00	7.49532148e-01	6.36718682e-01
1087            	5.64147660e-02	4.07164267e-02	1.38633834e+00	7.49583938e-01	6.36754406e-01
1088            	5.64227393e-02	4.07156561e-02	1.38642542e+00	7.49635449e-01	6.36789971e-01
1089            	5.64308271e-02	4.07148679e-02	1.38651311e+00	7.49687383e-01	6.36825729e-01
1090            	5.64388525e-02	4.07141038e-02	1.38660036e+00	7.49739035e-01	6.36861330e-01
1091            	5.64469907e-02	4.07133199e-02	1.38668824e+00	7.49791108e-01	6.36897127e-01
1092            	5.64550653e-02	4.07125599e-02	1.38677567e+00	7.49842902e-01	6.36932771e-01
1093            	5.64632512e-02	4.07117794e-02	1.38686372e+00	7.49895114e-01	6.36968611e-01
1094            	5.64713715e-02	4.07110242e-02	1.38695133e+00	7.49947038e-01	6.37004295e-01
1095            	5.64796002e-02	4.07102483e-02	1.38703953e+00	7.49999366e-01	6.37040166e-01
1096            	5.64877648e-02	4.07094995e-02	1.38712729e+00	7.50051410e-01	6.37075880e-01
1097            	5.64960377e-02	4.07087291e-02	1.38721563e+00	7.50103854e-01	6.37111778e-01
1098            	5.65042466e-02	4.07079855e-02	1.38730354e+00	7.50156018e-01	6.37147525e-01
1099            	5.65125643e-02	4.07072205e-02	1.38739204e+00	7.50208585e-01	6.37183456e-01
1100            	5.65208246e-02	4.07064861e-02	1.38748015e+00	7.50260898e-01	6.37219249e-01
1101            	5.65290696e-02	4.07056196e-02	1.38756852e+00	7.50313329e-01	6.37255190e-01
1102            	5.65372983e-02	4.07048273e-02	1.38765664e+00	7.50365620e-01	6.37291023e-01
1103            	5.65455697e-02	4.07039562e-02	1.38774513e+00	7.50418135e-01	6.37326996e-01
1104            	5.65538737e-02	4.07032032e-02	1.38783346e+00	7.50470602e-01	6.37362855e-01
1105            	5.65622451e-02	4.07023952e-02	1.38792216e+00	7.50523327e-01	6.37398837e-01
1106            	5.65706581e-02	4.07017119e-02	1.38801073e+00	7.50576024e-01	6.37434708e-01
1107            	5.65791322e-02	4.07009640e-02	1.38809969e+00	7.50628977e-01	6.37470712e-01
1108            	5.65876263e-02	4.07003231e-02	1.38818848e+00	7.50681864e-01	6.37506611e-01
1109            	5.65961515e-02	4.06995929e-02	1.38827759e+00	7.50734947e-01	6.37542644e-01
1110            	5.66046680e-02	4.06989479e-02	1.38836648e+00	7.50787907e-01	6.37578571e-01
1111            	5.66131956e-02	4.06981953e-02	1.38845567e+00	7.50841031e-01	6.37614640e-01
1112            	5.66217060e-02	4.06975215e-02	1.38854462e+00	7.50894018e-01	6.37650606e-01
1113            	5.66302282e-02	4.06967383e-02	1.38863390e+00	7.50947179e-01	6.37686722e-01
1114            	5.66387406e-02	4.06960411e-02	1.38872295e+00	7.51000218e-01	6.37722737e-01
1115            	5.66472715e-02	4.06952408e-02	1.38881233e+00	7.51053438e-01	6.37758895e-01
1116            	5.66556672e-02	4.06944187e-02	1.38890115e+00	7.51106244e-01	6.37794910e-01
1117            	5.66641320e-02	4.06935411e-02	1.38899045e+00	7.51159358e-01	6.37831094e-01
1118            	5.66725343e-02	4.06927052e-02	1.38907934e+00	7.51212207e-01	6.37867138e-01
1119            	5.66810548e-02	4.06918607e-02	1.38916877e+00	7.51265437e-01	6.37903328e-01
1120            	5.66895521e-02	4.06910888e-02	1.38925787e+00	7.51318490e-01	6.37939385e-01
1121            	5.66981825e-02	4.06903205e-02	1.38934754e+00	7.51371955e-01	6.37975590e-01
1122            	5.67065917e-02	4.06896671e-02	1.38943549e+00	7.51424337e-01	6.38011154e-01
1123            	5.67139119e-02	4.06889664e-02	1.38951430e+00	7.51471063e-01	6.38043239e-01
1124            	5.67233095e-02	4.06881591e-02	1.38960942e+00	7.51528020e-01	6.38081401e-01
1125            	5.67323469e-02	4.06873399e-02	1.38970191e+00	7.51583304e-01	6.38118610e-01
1126            	5.67401415e-02	4.06865776e-02	1.38978471e+00	7.51632497e-01	6.38152214e-01
1127            	5.67495588e-02	4.06858555e-02	1.38988046e+00	7.51689788e-01	6.38190670e-01
1128            	5.67577678e-02	4.06851938e-02	1.38996680e+00	7.51741166e-01	6.38225631e-01
1129            	5.67679082e-02	4.06845600e-02	1.39006893e+00	7.51802373e-01	6.38266557e-01
1130            	5.67770209e-02	4.06840398e-02	1.39016338e+00	7.51858711e-01	6.38304669e-01
1131            	5.67845908e-02	4.06833521e-02	1.39024520e+00	7.51907192e-01	6.38338010e-01
1132            	5.67928361e-02	4.06824870e-02	1.39033236e+00	7.51959017e-01	6.38373344e-01
1133            	5.68024238e-02	4.06813584e-02	1.39043035e+00	7.52017597e-01	6.38412749e-01
1134            	5.68119426e-02	4.06804512e-02	1.39052745e+00	7.52075667e-01	6.38451782e-01
1135            	5.68202684e-02	4.06794997e-02	1.39061534e+00	7.52127937e-01	6.38487400e-01
1136            	5.68271946e-02	4.06785562e-02	1.39069176e+00	7.52173073e-01	6.38518684e-01
1137            	5.68349614e-02	4.06775277e-02	1.39077543e+00	7.52222675e-01	6.38552752e-01
1138            	5.68436192e-02	4.06765283e-02	1.39086657e+00	7.52276904e-01	6.38589665e-01
1139            	5.68511596e-02	4.06755636e-02	1.39094825e+00	7.52325282e-01	6.38622963e-01
1140            	5.68596909e-02	4.06745836e-02	1.39103807e+00	7.52378727e-01	6.38659346e-01
1141            	5.68695940e-02	4.06735312e-02	1.39113909e+00	7.52439138e-01	6.38699950e-01
1142            	5.68796350e-02	4.06728792e-02	1.39124057e+00	7.52499922e-01	6.38740652e-01
1143            	5.68885676e-02	4.06722499e-02	1.39133312e+00	7.52555128e-01	6.38777993e-01
1144            	5.68960403e-02	4.06716798e-02	1.39141287e+00	7.52602475e-01	6.38810395e-01
1145            	5.69046808e-02	4.06708337e-02	1.39150278e+00	7.52656070e-01	6.38846709e-01
1146            	5.69123094e-02	4.06700148e-02	1.39158385e+00	7.52704233e-01	6.38879614e-01
1147            	5.69217210e-02	4.06689668e-02	1.39168037e+00	7.52761908e-01	6.38918466e-01
1148            	5.69297950e-02	4.06680570e-02	1.39176655e+00	7.52813068e-01	6.38953478e-01
1149            	5.69394099e-02	4.06669679e-02	1.39186566e+00	7.52872240e-01	6.38993420e-01
1150            	5.69480387e-02	4.06660752e-02	1.39195712e+00	7.52926597e-01	6.39030520e-01
1151            	5.69551939e-02	4.06651238e-02	1.39203622e+00	7.52973305e-01	6.39062917e-01
1152            	5.69637662e-02	4.06639588e-02	1.39212746e+00	7.53027498e-01	6.39099966e-01
1153            	5.69712866e-02	4.06628401e-02	1.39220936e+00	7.53075967e-01	6.39133393e-01
1154            	5.69807951e-02	4.06615811e-02	1.39230744e+00	7.53134516e-01	6.39172926e-01
1155            	5.69890259e-02	4.06605808e-02	1.39239468e+00	7.53186364e-01	6.39208312e-01
1156            	5.69988422e-02	4.06597170e-02	1.39249426e+00	7.53245973e-01	6.39248289e-01
1157            	5.70078500e-02	4.06589391e-02	1.39258741e+00	7.53301557e-01	6.39285857e-01
1158            	5.70164726e-02	4.06581781e-02	1.39267804e+00	7.53355493e-01	6.39322548e-01
1159            	5.70247961e-02	4.06573071e-02	1.39276616e+00	7.53407875e-01	6.39358282e-01
1160            	5.70327040e-02	4.06564188e-02	1.39285118e+00	7.53458292e-01	6.39392884e-01
1161            	5.70396701e-02	4.06554623e-02	1.39292761e+00	7.53503476e-01	6.39424136e-01
1162            	5.70483764e-02	4.06541448e-02	1.39301900e+00	7.53557879e-01	6.39461126e-01
1163            	5.70572720e-02	4.06529040e-02	1.39311163e+00	7.53613086e-01	6.39498542e-01
1164            	5.70665971e-02	4.06518631e-02	1.39320789e+00	7.53670541e-01	6.39537347e-01
1165            	5.70753871e-02	4.06508539e-02	1.39330046e+00	7.53725618e-01	6.39574844e-01
1166            	5.70841519e-02	4.06500044e-02	1.39339271e+00	7.53780507e-01	6.39612204e-01
1167            	5.70925928e-02	4.06490453e-02	1.39348244e+00	7.53833814e-01	6.39648629e-01
1168            	5.71008410e-02	4.06480018e-02	1.39357106e+00	7.53886369e-01	6.39684687e-01
1169            	5.71090720e-02	4.06468536e-02	1.39365914e+00	7.53938641e-01	6.39720497e-01
1170            	5.71172857e-02	4.06456971e-02	1.39374702e+00	7.53990794e-01	6.39756223e-01
1171            	5.71256749e-02	4.06445325e-02	1.39383565e+00	7.54043500e-01	6.39792150e-01
1172            	5.71341538e-02	4.06434486e-02	1.39392490e+00	7.54096603e-01	6.39828296e-01
1173            	5.71427911e-02	4.06424078e-02	1.39401490e+00	7.54150243e-01	6.39864661e-01
1174            	5.71514963e-02	4.06414536e-02	1.39410558e+00	7.54204287e-01	6.39901295e-01
1175            	5.71600939e-02	4.06403737e-02	1.39419601e+00	7.54258100e-01	6.39937912e-01
1176            	5.71687503e-02	4.06393858e-02	1.39428693e+00	7.54312213e-01	6.39974713e-01
1177            	5.71773271e-02	4.06382895e-02	1.39437744e+00	7.54366047e-01	6.40011393e-01
1178            	5.71858087e-02	4.06371606e-02	1.39446775e+00	7.54419682e-01	6.40048065e-01
1179            	5.71943094e-02	4.06359862e-02	1.39455790e+00	7.54473260e-01	6.40084641e-01
1180            	5.72028039e-02	4.06348531e-02	1.39464797e+00	7.54526788e-01	6.40121180e-01
1181            	5.72113862e-02	4.06337261e-02	1.39473808e+00	7.54580428e-01	6.40157655e-01
1182            	5.72199915e-02	4.06326663e-02	1.39482824e+00	7.54634109e-01	6.40194126e-01
1183            	5.72286818e-02	4.06316135e-02	1.39491851e+00	7.54687936e-01	6.40230572e-01
1184            	5.72373706e-02	4.06306103e-02	1.39500884e+00	7.54741789e-01	6.40267047e-01
1185            	5.72459467e-02	4.06294530e-02	1.39509881e+00	7.54795354e-01	6.40303461e-01
1186            	5.72545612e-02	4.06283729e-02	1.39518908e+00	7.54849101e-01	6.40339978e-01
1187            	5.72631314e-02	4.06271888e-02	1.39527920e+00	7.54902731e-01	6.40376468e-01
1188            	5.72716305e-02	4.06259889e-02	1.39536928e+00	7.54956269e-01	6.40413008e-01
1189            	5.72801828e-02	4.06247652e-02	1.39545947e+00	7.55009920e-01	6.40449554e-01
1190            	5.72887538e-02	4.06236044e-02	1.39554976e+00	7.55063634e-01	6.40486127e-01
1191            	5.72974315e-02	4.06224643e-02	1.39564024e+00	7.55117553e-01	6.40522689e-01
1192            	5.73061407e-02	4.06213990e-02	1.39573080e+00	7.55171542e-01	6.40559261e-01
1193            	5.73147812e-02	4.06202074e-02	1.39582109e+00	7.55225324e-01	6.40595762e-01
1194            	5.73234805e-02	4.06191114e-02	1.39591160e+00	7.55279279e-01	6.40632318e-01
1195            	5.73321538e-02	4.06179226e-02	1.39600196e+00	7.55333131e-01	6.40668824e-01
1196            	5.73407537e-02	4.06167197e-02	1.39609219e+00	7.55386849e-01	6.40705342e-01
1197            	5.73493984e-02	4.06154847e-02	1.39618252e+00	7.55440657e-01	6.40741860e-01
1198            	5.73580470e-02	4.06143028e-02	1.39627289e+00	7.55494490e-01	6.40778396e-01
1199            	5.73667903e-02	4.06131310e-02	1.39636345e+00	7.55548516e-01	6.40814936e-01
1200            	5.73755548e-02	4.06120276e-02	1.39645408e+00	7.55602597e-01	6.40851488e-01
1201            	5.73842500e-02	4.06107975e-02	1.39654447e+00	7.55656484e-01	6.40887984e-01
1202            	5.73930003e-02	4.06096612e-02	1.39663507e+00	7.55710536e-01	6.40924535e-01
1203            	5.74017337e-02	4.06084376e-02	1.39672557e+00	7.55764517e-01	6.40961049e-01
1204            	5.74104025e-02	4.06072054e-02	1.39681596e+00	7.55818381e-01	6.40997576e-01
1205            	5.74191228e-02	4.06059455e-02	1.39690645e+00	7.55872350e-01	6.41034104e-01
1206            	5.74278532e-02	4.06047408e-02	1.39699700e+00	7.55926355e-01	6.41070649e-01
1207            	5.74366774e-02	4.06035458e-02	1.39708773e+00	7.55980545e-01	6.41107190e-01
1208            	5.74455265e-02	4.06024179e-02	1.39717855e+00	7.56034803e-01	6.41143750e-01
1209            	5.74542990e-02	4.06011617e-02	1.39726907e+00	7.56088836e-01	6.41180238e-01
1210            	5.74631208e-02	4.05999939e-02	1.39735980e+00	7.56143019e-01	6.41216778e-01
1211            	5.74719101e-02	4.05987342e-02	1.39745033e+00	7.56197074e-01	6.41253254e-01
1212            	5.74806284e-02	4.05974611e-02	1.39754073e+00	7.56250994e-01	6.41289737e-01
1213            	5.74893864e-02	4.05961558e-02	1.39763119e+00	7.56304980e-01	6.41326207e-01
1214            	5.74981535e-02	4.05949018e-02	1.39772171e+00	7.56359009e-01	6.41362702e-01
1215            	5.75068610e-02	4.05935312e-02	1.39781202e+00	7.56412870e-01	6.41399148e-01
1216            	5.75156476e-02	4.05922715e-02	1.39790261e+00	7.56466952e-01	6.41435657e-01
1217            	5.75244416e-02	4.05909549e-02	1.39799311e+00	7.56520998e-01	6.41472114e-01
1218            	5.75331982e-02	4.05896522e-02	1.39808356e+00	7.56574978e-01	6.41508581e-01
1219            	5.75420188e-02	4.05883390e-02	1.39817412e+00	7.56629079e-01	6.41545042e-01
1220            	5.75508580e-02	4.05870848e-02	1.39826476e+00	7.56683238e-01	6.41581522e-01
1221            	5.75597899e-02	4.05858409e-02	1.39835560e+00	7.56737591e-01	6.41618011e-01
1222            	5.75687377e-02	4.05846528e-02	1.39844652e+00	7.56792000e-01	6.41654524e-01
1223            	5.75775971e-02	4.05833311e-02	1.39853714e+00	7.56846169e-01	6.41690975e-01
1224            	5.75864892e-02	4.05820786e-02	1.39862795e+00	7.56900466e-01	6.41727487e-01
1225            	5.75953398e-02	4.05807291e-02	1.39871859e+00	7.56954635e-01	6.41763955e-01
1226            	5.76041062e-02	4.05793520e-02	1.39880908e+00	7.57008645e-01	6.41800433e-01
1227            	5.76129008e-02	4.05779400e-02	1.39889960e+00	7.57062700e-01	6.41836898e-01
1228            	5.76216962e-02	4.05765699e-02	1.39899016e+00	7.57116774e-01	6.41873381e-01
1229            	5.76304216e-02	4.05750866e-02	1.39908043e+00	7.57170636e-01	6.41909793e-01
1230            	5.76392222e-02	4.05737066e-02	1.39917096e+00	7.57224703e-01	6.41946259e-01
1231            	5.76480236e-02	4.05722749e-02	1.39926135e+00	7.57278700e-01	6.41982653e-01
1232            	5.76567870e-02	4.05708501e-02	1.39935169e+00	7.57332632e-01	6.42019058e-01
1233            	5.76656050e-02	4.05694204e-02	1.39944207e+00	7.57386641e-01	6.42055431e-01
1234            	5.76744430e-02	4.05680424e-02	1.39953256e+00	7.57440721e-01	6.42091835e-01
1235            	5.76832084e-02	4.05665542e-02	1.39962276e+00	7.57494586e-01	6.42128170e-01
1236            	5.76920463e-02	4.05651581e-02	1.39971327e+00	7.57548681e-01	6.42164589e-01
1237            	5.77008679e-02	4.05636994e-02	1.39980364e+00	7.57602686e-01	6.42200950e-01
1238            	5.77096368e-02	4.05622284e-02	1.39989397e+00	7.57656622e-01	6.42237349e-01
1239            	5.77184433e-02	4.05607436e-02	1.39998432e+00	7.57710605e-01	6.42273719e-01
1240            	5.77272614e-02	4.05592985e-02	1.40007479e+00	7.57764656e-01	6.42310133e-01
1241            	5.77359943e-02	4.05577414e-02	1.40016491e+00	7.57818449e-01	6.42346461e-01
1242            	5.77448007e-02	4.05562734e-02	1.40025534e+00	7.57872473e-01	6.42382872e-01
1243            	5.77535832e-02	4.05547474e-02	1.40034555e+00	7.57926359e-01	6.42419192e-01
1244            	5.77623137e-02	4.05532063e-02	1.40043572e+00	7.57980173e-01	6.42455545e-01
1245            	5.77710662e-02	4.05516532e-02	1.40052577e+00	7.58033951e-01	6.42491818e-01
1246            	5.77798431e-02	4.05501379e-02	1.40061601e+00	7.58087848e-01	6.42528162e-01
1247            	5.77885292e-02	4.05485148e-02	1.40070588e+00	7.58141469e-01	6.42564410e-01
1248            	5.77973020e-02	4.05469816e-02	1.40079615e+00	7.58195376e-01	6.42600772e-01
1249            	5.78060475e-02	4.05453982e-02	1.40088616e+00	7.58249128e-01	6.42637033e-01
1250            	5.78147488e-02	4.05437990e-02	1.40097620e+00	7.58302849e-01	6.42673351e-01
1251            	5.78234838e-02	4.05422005e-02	1.40106618e+00	7.58356574e-01	6.42709606e-01
1252            	5.78322407e-02	4.05406385e-02	1.40115633e+00	7.58410407e-01	6.42745926e-01
1253            	5.78408974e-02	4.05389701e-02	1.40124604e+00	7.58463920e-01	6.42782125e-01
1254            	5.78496380e-02	4.05373857e-02	1.40133614e+00	7.58517707e-01	6.42818431e-01
1255            	5.78583447e-02	4.05357502e-02	1.40142594e+00	7.58571313e-01	6.42854624e-01
1256            	5.78670052e-02	4.05340891e-02	1.40151577e+00	7.58624892e-01	6.42890881e-01
1257            	5.78756979e-02	4.05324302e-02	1.40160554e+00	7.58678470e-01	6.42927075e-01
1258            	5.78844154e-02	4.05308021e-02	1.40169553e+00	7.58732180e-01	6.42963349e-01
1259            	5.78930284e-02	4.05290699e-02	1.40178506e+00	7.58785557e-01	6.42999501e-01
1260            	5.79017313e-02	4.05274213e-02	1.40187501e+00	7.58839236e-01	6.43035774e-01
1261            	5.79103981e-02	4.05257271e-02	1.40196465e+00	7.58892721e-01	6.43071925e-01
1262            	5.79190170e-02	4.05240046e-02	1.40205432e+00	7.58946175e-01	6.43108141e-01
1263            	5.79276670e-02	4.05222909e-02	1.40214389e+00	7.58999612e-01	6.43144278e-01
1264            	5.79363398e-02	4.05206049e-02	1.40223366e+00	7.59053169e-01	6.43180489e-01
1265            	5.79449063e-02	4.05188175e-02	1.40232295e+00	7.59106384e-01	6.43216571e-01
1266            	5.79535674e-02	4.05171124e-02	1.40241269e+00	7.59159913e-01	6.43252778e-01
1267            	5.79621928e-02	4.05153657e-02	1.40250211e+00	7.59213248e-01	6.43288862e-01
1268            	5.79707732e-02	4.05135876e-02	1.40259159e+00	7.59266567e-01	6.43325021e-01
1269            	5.79793886e-02	4.05118249e-02	1.40268098e+00	7.59319878e-01	6.43361101e-01
1270            	5.79880290e-02	4.05100880e-02	1.40277058e+00	7.59373319e-01	6.43397261e-01
1271            	5.79965625e-02	4.05082532e-02	1.40285970e+00	7.59426411e-01	6.43433287e-01
1272            	5.80051918e-02	4.05064993e-02	1.40294925e+00	7.59479817e-01	6.43469434e-01
1273            	5.80137827e-02	4.05047067e-02	1.40303846e+00	7.59533012e-01	6.43505447e-01
1274            	5.80223258e-02	4.05028783e-02	1.40312770e+00	7.59586178e-01	6.43541526e-01
1275            	5.80309059e-02	4.05010692e-02	1.40321686e+00	7.59639337e-01	6.43577525e-01
1276            	5.80395105e-02	4.04992816e-02	1.40330623e+00	7.59692627e-01	6.43613606e-01
1277            	5.80480099e-02	4.04973978e-02	1.40339515e+00	7.59745583e-01	6.43649564e-01
1278            	5.80566061e-02	4.04955920e-02	1.40348451e+00	7.59798862e-01	6.43685650e-01
1279            	5.80651665e-02	4.04937501e-02	1.40357356e+00	7.59851945e-01	6.43721612e-01
1280            	5.80736804e-02	4.04918701e-02	1.40366266e+00	7.59905010e-01	6.43757649e-01
1281            	5.80822198e-02	4.04900156e-02	1.40375156e+00	7.59957999e-01	6.43793560e-01
1282            	5.80908154e-02	4.04881808e-02	1.40384091e+00	7.60011268e-01	6.43829637e-01
1283            	5.80992841e-02	4.04862580e-02	1.40392959e+00	7.60064080e-01	6.43865511e-01
1284            	5.81078803e-02	4.04844128e-02	1.40401894e+00	7.60117349e-01	6.43901588e-01
1285            	5.81164165e-02	4.04825379e-02	1.40410775e+00	7.60170290e-01	6.43937457e-01
1286            	5.81249314e-02	4.04806206e-02	1.40419681e+00	7.60223336e-01	6.43973473e-01
1287            	5.81334592e-02	4.04787315e-02	1.40428557e+00	7.60276242e-01	6.44009324e-01
1288            	5.81420192e-02	4.04768569e-02	1.40437459e+00	7.60329316e-01	6.44045278e-01
1289            	5.81504739e-02	4.04748914e-02	1.40446316e+00	7.60382054e-01	6.44081106e-01
1290            	5.81590288e-02	4.04730009e-02	1.40455218e+00	7.60435118e-01	6.44117060e-01
1291            	5.81675453e-02	4.04710802e-02	1.40464085e+00	7.60487970e-01	6.44152880e-01
1292            	5.81760150e-02	4.04691165e-02	1.40472957e+00	7.60540798e-01	6.44188768e-01
1293            	5.81845242e-02	4.04671835e-02	1.40481818e+00	7.60593615e-01	6.44224566e-01
1294            	5.81930590e-02	4.04652675e-02	1.40490699e+00	7.60646555e-01	6.44260437e-01
1295            	5.82014874e-02	4.04632627e-02	1.40499532e+00	7.60699146e-01	6.44296171e-01
1296            	5.82100190e-02	4.04613326e-02	1.40508410e+00	7.60752069e-01	6.44332031e-01
1297            	5.82185171e-02	4.04593743e-02	1.40517256e+00	7.60804798e-01	6.44367764e-01
1298            	5.82269727e-02	4.04573727e-02	1.40526109e+00	7.60857520e-01	6.44403574e-01
1299            	5.82354717e-02	4.04554042e-02	1.40534955e+00	7.60910247e-01	6.44439304e-01
1300            	5.82439998e-02	4.04534532e-02	1.40543823e+00	7.60963114e-01	6.44475114e-01
1301            	5.82524247e-02	4.04514171e-02	1.40552644e+00	7.61015644e-01	6.44510794e-01
1302            	5.82609552e-02	4.04494566e-02	1.40561511e+00	7.61068511e-01	6.44546600e-01
1303            	5.82694517e-02	4.04474697e-02	1.40570345e+00	7.61121179e-01	6.44582275e-01
1304            	5.82779060e-02	4.04454392e-02	1.40579185e+00	7.61173832e-01	6.44618020e-01
1305            	5.82864011e-02	4.04434414e-02	1.40588015e+00	7.61226478e-01	6.44653676e-01
1306            	5.82949245e-02	4.04414596e-02	1.40596865e+00	7.61279250e-01	6.44689401e-01
1307            	5.83033431e-02	4.04393940e-02	1.40605666e+00	7.61331672e-01	6.44724985e-01
1308            	5.83118661e-02	4.04374026e-02	1.40614511e+00	7.61384419e-01	6.44760687e-01
1309            	5.83203537e-02	4.04353857e-02	1.40623321e+00	7.61436961e-01	6.44796254e-01
1310            	5.83288016e-02	4.04333260e-02	1.40632138e+00	7.61489493e-01	6.44831890e-01
1311            	5.83372906e-02	4.04312996e-02	1.40640946e+00	7.61542023e-01	6.44867442e-01
1312            	5.83458109e-02	4.04292889e-02	1.40649776e+00	7.61594693e-01	6.44903071e-01
1313            	5.83542303e-02	4.04271969e-02	1.40658560e+00	7.61647031e-01	6.44938570e-01
1314            	5.83627561e-02	4.04251786e-02	1.40667389e+00	7.61699701e-01	6.44974189e-01
1315            	5.83712496e-02	4.04231370e-02	1.40676186e+00	7.61752180e-01	6.45009681e-01
1316            	5.83797079e-02	4.04210546e-02	1.40684990e+00	7.61804658e-01	6.45045243e-01
1317            	5.83882078e-02	4.04190060e-02	1.40693786e+00	7.61857137e-01	6.45080721e-01
1318            	5.83967418e-02	4.04169732e-02	1.40702604e+00	7.61909761e-01	6.45116278e-01
1319            	5.84051751e-02	4.04148601e-02	1.40711375e+00	7.61962051e-01	6.45151701e-01
1320            	5.84137135e-02	4.04128194e-02	1.40720191e+00	7.62014666e-01	6.45187239e-01
1321            	5.84222188e-02	4.04107561e-02	1.40728973e+00	7.62067084e-01	6.45222646e-01
1322            	5.84306895e-02	4.04086530e-02	1.40737761e+00	7.62119495e-01	6.45258116e-01
1323            	5.84391994e-02	4.04065843e-02	1.40746539e+00	7.62171895e-01	6.45293496e-01
1324            	5.84477439e-02	4.04045324e-02	1.40755338e+00	7.62224435e-01	6.45328947e-01
1325            	5.84561902e-02	4.04024028e-02	1.40764092e+00	7.62276648e-01	6.45364268e-01
1326            	5.84647427e-02	4.04003452e-02	1.40772889e+00	7.62329189e-01	6.45399704e-01
1327            	5.84732634e-02	4.03982655e-02	1.40781656e+00	7.62381543e-01	6.45435016e-01
1328            	5.84817523e-02	4.03961464e-02	1.40790430e+00	7.62433901e-01	6.45470396e-01
1329            	5.84902787e-02	4.03940605e-02	1.40799194e+00	7.62486249e-01	6.45505692e-01
1330            	5.84988391e-02	4.03919901e-02	1.40807980e+00	7.62538737e-01	6.45541059e-01
1331            	5.85072995e-02	4.03898418e-02	1.40816719e+00	7.62590895e-01	6.45576296e-01
1332            	5.85158621e-02	4.03877623e-02	1.40825501e+00	7.62643367e-01	6.45611643e-01
1333            	5.85243887e-02	4.03856591e-02	1.40834251e+00	7.62695642e-01	6.45646864e-01
1334            	5.85328809e-02	4.03835156e-02	1.40843005e+00	7.62747906e-01	6.45682144e-01
1335            	5.85414065e-02	4.03814036e-02	1.40851749e+00	7.62800149e-01	6.45717336e-01
1336            	5.85499651e-02	4.03793058e-02	1.40860513e+00	7.62852528e-01	6.45752598e-01
1337            	5.85584241e-02	4.03771314e-02	1.40869231e+00	7.62904578e-01	6.45787730e-01
1338            	5.85669849e-02	4.03750250e-02	1.40877992e+00	7.62956943e-01	6.45822973e-01
1339            	5.85755109e-02	4.03728962e-02	1.40886721e+00	7.63009117e-01	6.45858095e-01
1340            	5.85840042e-02	4.03707275e-02	1.40895457e+00	7.63061287e-01	6.45893279e-01
1341            	5.85925290e-02	4.03685900e-02	1.40904181e+00	7.63113436e-01	6.45928378e-01
1342            	5.86010849e-02	4.03664655e-02	1.40912926e+00	7.63165716e-01	6.45963546e-01
1343            	5.86095391e-02	4.03642644e-02	1.40921625e+00	7.63217663e-01	6.45998585e-01
1344            	5.86180909e-02	4.03621293e-02	1.40930364e+00	7.63269910e-01	6.46033729e-01
1345            	5.86266041e-02	4.03599708e-02	1.40939071e+00	7.63321958e-01	6.46068750e-01
1346            	5.86350807e-02	4.03577704e-02	1.40947782e+00	7.63373989e-01	6.46103828e-01
1347            	5.86435847e-02	4.03555996e-02	1.40956481e+00	7.63425987e-01	6.46138818e-01
1348            	5.86521163e-02	4.03534391e-02	1.40965198e+00	7.63478105e-01	6.46173872e-01
1349            	5.86605448e-02	4.03512021e-02	1.40973868e+00	7.63529887e-01	6.46208798e-01
1350            	5.86690676e-02	4.03490290e-02	1.40982578e+00	7.63581956e-01	6.46243821e-01
1351            	5.86775516e-02	4.03468331e-02	1.40991255e+00	7.63633826e-01	6.46278723e-01
1352            	5.86859999e-02	4.03445958e-02	1.40999936e+00	7.63685680e-01	6.46313680e-01
1353            	5.86944782e-02	4.03423902e-02	1.41008607e+00	7.63737511e-01	6.46348555e-01
1354            	5.87029856e-02	4.03401955e-02	1.41017296e+00	7.63789467e-01	6.46383495e-01
1355            	5.87113930e-02	4.03379270e-02	1.41025942e+00	7.63841101e-01	6.46418315e-01
1356            	5.87198954e-02	4.03357220e-02	1.41034626e+00	7.63893024e-01	6.46453233e-01
1357            	5.87283595e-02	4.03334946e-02	1.41043279e+00	7.63944756e-01	6.46488037e-01
1358            	5.87367865e-02	4.03312246e-02	1.41051936e+00	7.63996467e-01	6.46522894e-01
1359            	5.87452161e-02	4.03289804e-02	1.41060565e+00	7.64048040e-01	6.46557608e-01
1360            	5.87537152e-02	4.03267497e-02	1.41069241e+00	7.64099919e-01	6.46592489e-01
1361            	5.87621071e-02	4.03244476e-02	1.41077868e+00	7.64151448e-01	6.46627234e-01
1362            	5.87705552e-02	4.03222015e-02	1.41086509e+00	7.64203099e-01	6.46661988e-01
1363            	5.87789780e-02	4.03199339e-02	1.41095128e+00	7.64254619e-01	6.46696663e-01
1364            	5.87873961e-02	4.03176274e-02	1.41103774e+00	7.64306265e-01	6.46731473e-01
1365            	5.87958033e-02	4.03153496e-02	1.41112382e+00	7.64357714e-01	6.46766108e-01
1366            	5.88042385e-02	4.03130776e-02	1.41121010e+00	7.64409290e-01	6.46800813e-01
1367            	5.88125792e-02	4.03107347e-02	1.41129599e+00	7.64460572e-01	6.46835414e-01
1368            	5.88210099e-02	4.03084510e-02	1.41138223e+00	7.64512125e-01	6.46870105e-01
1369            	5.88294038e-02	4.03061478e-02	1.41146818e+00	7.64563496e-01	6.46904689e-01
1370            	5.88377524e-02	4.03037985e-02	1.41155413e+00	7.64614815e-01	6.46939310e-01
1371            	5.88461296e-02	4.03014829e-02	1.41163996e+00	7.64666112e-01	6.46973852e-01
1372            	5.88545239e-02	4.02991709e-02	1.41172593e+00	7.64717489e-01	6.47008441e-01
1373            	5.88628180e-02	4.02967880e-02	1.41181146e+00	7.64768549e-01	6.47042913e-01
1374            	5.88711966e-02	4.02944619e-02	1.41189732e+00	7.64819857e-01	6.47077464e-01
1375            	5.88795382e-02	4.02921161e-02	1.41198290e+00	7.64870987e-01	6.47111911e-01
1376            	5.88878325e-02	4.02897217e-02	1.41206846e+00	7.64922061e-01	6.47146396e-01
1377            	5.88961586e-02	4.02873628e-02	1.41215394e+00	7.64973127e-01	6.47180809e-01
1378            	5.89045015e-02	4.02850066e-02	1.41223955e+00	7.65024275e-01	6.47215272e-01
1379            	5.89127492e-02	4.02825828e-02	1.41232476e+00	7.65075128e-01	6.47249629e-01
1380            	5.89210835e-02	4.02802174e-02	1.41241030e+00	7.65126233e-01	6.47284066e-01
1381            	5.89293848e-02	4.02778357e-02	1.41249557e+00	7.65177171e-01	6.47318401e-01
1382            	5.89376378e-02	4.02754056e-02	1.41258082e+00	7.65228046e-01	6.47352770e-01
1383            	5.89459251e-02	4.02730128e-02	1.41266599e+00	7.65278919e-01	6.47387069e-01
1384            	5.89542242e-02	4.02706205e-02	1.41275126e+00	7.65329855e-01	6.47421406e-01
1385            	5.89624251e-02	4.02681588e-02	1.41283612e+00	7.65380487e-01	6.47455637e-01
1386            	5.89707055e-02	4.02657515e-02	1.41292129e+00	7.65431348e-01	6.47489937e-01
1387            	5.89789494e-02	4.02633260e-02	1.41300617e+00	7.65482036e-01	6.47524138e-01
1388            	5.89871386e-02	4.02608487e-02	1.41309100e+00	7.65532641e-01	6.47558364e-01
1389            	5.89953632e-02	4.02584098e-02	1.41317577e+00	7.65583250e-01	6.47592523e-01
1390            	5.90035960e-02	4.02559703e-02	1.41326062e+00	7.65633908e-01	6.47626716e-01
1391            	5.90117316e-02	4.02534625e-02	1.41334508e+00	7.65684271e-01	6.47660807e-01
1392            	5.90199472e-02	4.02510106e-02	1.41342982e+00	7.65734856e-01	6.47694962e-01
1393            	5.90281300e-02	4.02485431e-02	1.41351431e+00	7.65785283e-01	6.47729023e-01
1394            	5.90362556e-02	4.02460229e-02	1.41359872e+00	7.65835616e-01	6.47763105e-01
1395            	5.90444224e-02	4.02435449e-02	1.41368310e+00	7.65885973e-01	6.47797128e-01
1396            	5.90525943e-02	4.02410647e-02	1.41376754e+00	7.65936366e-01	6.47831178e-01
1397            	5.90606716e-02	4.02385175e-02	1.41385161e+00	7.65986476e-01	6.47865133e-01
1398            	5.90688273e-02	4.02360255e-02	1.41393594e+00	7.66036799e-01	6.47899144e-01
1399            	5.90769530e-02	4.02335187e-02	1.41402005e+00	7.66086977e-01	6.47933071e-01
1400            	5.90850195e-02	4.02309579e-02	1.41410406e+00	7.66137050e-01	6.47967011e-01
1401            	5.90931309e-02	4.02284412e-02	1.41418806e+00	7.66187161e-01	6.48000899e-01
1402            	5.91012452e-02	4.02259220e-02	1.41427210e+00	7.66237295e-01	6.48034804e-01
1403            	5.91092688e-02	4.02233380e-02	1.41435578e+00	7.66287160e-01	6.48068622e-01
1404            	5.91173704e-02	4.02208099e-02	1.41443972e+00	7.66337229e-01	6.48102489e-01
1405            	5.91254456e-02	4.02182695e-02	1.41452344e+00	7.66387167e-01	6.48136276e-01
1406            	5.91334618e-02	4.02156759e-02	1.41460707e+00	7.66436995e-01	6.48170072e-01
1407            	5.91415278e-02	4.02131291e-02	1.41469070e+00	7.66486878e-01	6.48203823e-01
1408            	5.91495971e-02	4.02105802e-02	1.41477437e+00	7.66536781e-01	6.48237586e-01
1409            	5.91575792e-02	4.02079684e-02	1.41485769e+00	7.66586427e-01	6.48271268e-01
1410            	5.91656391e-02	4.02054126e-02	1.41494126e+00	7.66636271e-01	6.48304993e-01
1411            	5.91736738e-02	4.02028451e-02	1.41502463e+00	7.66685989e-01	6.48338641e-01
1412            	5.91816481e-02	4.02002238e-02	1.41510788e+00	7.66735588e-01	6.48372291e-01
1413            	5.91896730e-02	4.01976498e-02	1.41519114e+00	7.66785244e-01	6.48405898e-01
1414            	5.91976993e-02	4.01950730e-02	1.41527442e+00	7.66834909e-01	6.48439511e-01
1415            	5.92056400e-02	4.01924348e-02	1.41535736e+00	7.66884322e-01	6.48473042e-01
1416            	5.92136576e-02	4.01898528e-02	1.41544054e+00	7.66933926e-01	6.48506610e-01
1417            	5.92216519e-02	4.01872601e-02	1.41552351e+00	7.66983409e-01	6.48540105e-01
1418            	5.92295866e-02	4.01846144e-02	1.41560637e+00	7.67032773e-01	6.48573599e-01
1419            	5.92375738e-02	4.01820168e-02	1.41568926e+00	7.67082202e-01	6.48607055e-01
1420            	5.92455634e-02	4.01794173e-02	1.41577216e+00	7.67131643e-01	6.48640516e-01
1421            	5.92534700e-02	4.01767581e-02	1.41585474e+00	7.67180841e-01	6.48673901e-01
1422            	5.92614536e-02	4.01741546e-02	1.41593756e+00	7.67230231e-01	6.48707324e-01
1423            	5.92694159e-02	4.01715415e-02	1.41602019e+00	7.67279510e-01	6.48740678e-01
1424            	5.92773201e-02	4.01688765e-02	1.41610271e+00	7.67328673e-01	6.48774033e-01
1425            	5.92852754e-02	4.01662587e-02	1.41618524e+00	7.67377897e-01	6.48807347e-01
1426            	5.92932335e-02	4.01636388e-02	1.41626780e+00	7.67427134e-01	6.48840667e-01
1427            	5.93011086e-02	4.01609597e-02	1.41635003e+00	7.67476124e-01	6.48873907e-01
1428            	5.93090602e-02	4.01583357e-02	1.41643249e+00	7.67525303e-01	6.48907183e-01
1429            	5.93169898e-02	4.01557025e-02	1.41651474e+00	7.67574362e-01	6.48940383e-01
1430            	5.93248636e-02	4.01530189e-02	1.41659689e+00	7.67623308e-01	6.48973581e-01
1431            	5.93327879e-02	4.01503823e-02	1.41667904e+00	7.67672310e-01	6.49006734e-01
1432            	5.93407167e-02	4.01477442e-02	1.41676122e+00	7.67721328e-01	6.49039895e-01
1433            	5.93485643e-02	4.01450483e-02	1.41684308e+00	7.67770102e-01	6.49072974e-01
1434            	5.93564885e-02	4.01424067e-02	1.41692516e+00	7.67819070e-01	6.49106093e-01
1435            	5.93643909e-02	4.01397557e-02	1.41700706e+00	7.67867921e-01	6.49139139e-01
1436            	5.93722389e-02	4.01370556e-02	1.41708885e+00	7.67916662e-01	6.49172184e-01
1437            	5.93801361e-02	4.01344025e-02	1.41717064e+00	7.67965457e-01	6.49205185e-01
1438            	5.93880374e-02	4.01317492e-02	1.41725245e+00	7.68014264e-01	6.49238190e-01
1439            	5.93958579e-02	4.01290395e-02	1.41733394e+00	7.68062827e-01	6.49271111e-01
1440            	5.94037524e-02	4.01263836e-02	1.41741564e+00	7.68111570e-01	6.49304066e-01
1441            	5.94116249e-02	4.01237185e-02	1.41749715e+00	7.68160198e-01	6.49336948e-01
1442            	5.94194424e-02	4.01210043e-02	1.41757854e+00	7.68208712e-01	6.49369827e-01
1443            	5.94273094e-02	4.01183359e-02	1.41765995e+00	7.68257287e-01	6.49402668e-01
1444            	5.94351800e-02	4.01156658e-02	1.41774139e+00	7.68305873e-01	6.49435513e-01
1445            	5.94429717e-02	4.01129397e-02	1.41782251e+00	7.68354224e-01	6.49468281e-01
1446            	5.94508359e-02	4.01102661e-02	1.41790383e+00	7.68402752e-01	6.49501081e-01
1447            	5.94586785e-02	4.01075835e-02	1.41798498e+00	7.68451167e-01	6.49533810e-01
1448            	5.94664658e-02	4.01048525e-02	1.41806599e+00	7.68499461e-01	6.49566530e-01
1449            	5.94741446e-02	4.01020401e-02	1.41814664e+00	7.68547463e-01	6.49599174e-01
1450            	5.94818919e-02	4.00992775e-02	1.41822748e+00	7.68595633e-01	6.49631849e-01
1451            	5.94896379e-02	4.00965215e-02	1.41830820e+00	7.68643738e-01	6.49664462e-01
1452            	5.94973593e-02	4.00937418e-02	1.41838886e+00	7.68691789e-01	6.49697071e-01
1453            	5.95050045e-02	4.00909076e-02	1.41846923e+00	7.68739617e-01	6.49729608e-01
1454            	5.95127463e-02	4.00881476e-02	1.41854984e+00	7.68787667e-01	6.49762175e-01
1455            	5.95205046e-02	4.00854095e-02	1.41863037e+00	7.68835688e-01	6.49794679e-01
1456            	5.95282414e-02	4.00826520e-02	1.41871083e+00	7.68883655e-01	6.49827172e-01
1457            	5.95360567e-02	4.00799661e-02	1.41879137e+00	7.68931740e-01	6.49859627e-01
1458            	5.95438891e-02	4.00772923e-02	1.41887193e+00	7.68979853e-01	6.49892075e-01
1459            	5.95516462e-02	4.00745659e-02	1.41895219e+00	7.69027741e-01	6.49924449e-01
1460            	5.95594675e-02	4.00718871e-02	1.41903262e+00	7.69075780e-01	6.49956845e-01
1461            	5.95672553e-02	4.00691890e-02	1.41911287e+00	7.69123689e-01	6.49989178e-01
1462            	5.95749694e-02	4.00664288e-02	1.41919293e+00	7.69171435e-01	6.50021496e-01
1463            	5.95825618e-02	4.00635759e-02	1.41927262e+00	7.69218871e-01	6.50053747e-01
1464            	5.95902113e-02	4.00607646e-02	1.41935247e+00	7.69266447e-01	6.50086025e-01
1465            	5.95978555e-02	4.00579560e-02	1.41943221e+00	7.69313961e-01	6.50118250e-01
1466            	5.96054701e-02	4.00551217e-02	1.41951187e+00	7.69361406e-01	6.50150466e-01
1467            	5.96130105e-02	4.00522347e-02	1.41959125e+00	7.69408637e-01	6.50182616e-01
1468            	5.96206468e-02	4.00494239e-02	1.41967087e+00	7.69456080e-01	6.50214786e-01
1469            	5.96283032e-02	4.00466383e-02	1.41975040e+00	7.69503504e-01	6.50246898e-01
1470            	5.96359381e-02	4.00438353e-02	1.41982986e+00	7.69550866e-01	6.50278990e-01
1471            	5.96436544e-02	4.00411058e-02	1.41990941e+00	7.69598358e-01	6.50311049e-01
1472            	5.96513858e-02	4.00383883e-02	1.41998896e+00	7.69645866e-01	6.50343094e-01
1473            	5.96590411e-02	4.00356180e-02	1.42006822e+00	7.69693151e-01	6.50375069e-01
1474            	5.96665944e-02	4.00327632e-02	1.42014723e+00	7.69740212e-01	6.50407023e-01
1475            	5.96741794e-02	4.00299398e-02	1.42022626e+00	7.69787310e-01	6.50438951e-01
1476            	5.96817625e-02	4.00271126e-02	1.42030528e+00	7.69834403e-01	6.50470878e-01
1477            	5.96892815e-02	4.00242409e-02	1.42038406e+00	7.69881310e-01	6.50502748e-01
1478            	5.96967273e-02	4.00213083e-02	1.42046267e+00	7.69928060e-01	6.50534605e-01
1479            	5.97042401e-02	4.00184380e-02	1.42054135e+00	7.69974917e-01	6.50566436e-01
1480            	5.97117843e-02	4.00155935e-02	1.42062009e+00	7.70021828e-01	6.50598260e-01
1481            	5.97192876e-02	4.00127259e-02	1.42069861e+00	7.70068591e-01	6.50630015e-01
1482            	5.97267295e-02	4.00098086e-02	1.42077696e+00	7.70115208e-01	6.50661749e-01
1483            	5.97342402e-02	4.00069555e-02	1.42085538e+00	7.70161929e-01	6.50693449e-01
1484            	5.97417754e-02	4.00041214e-02	1.42093383e+00	7.70208690e-01	6.50725140e-01
1485            	5.97492559e-02	4.00012523e-02	1.42101204e+00	7.70255277e-01	6.50756765e-01
1486            	5.97566601e-02	3.99983204e-02	1.42109007e+00	7.70301696e-01	6.50788375e-01
1487            	5.97641210e-02	3.99954428e-02	1.42116815e+00	7.70348198e-01	6.50819956e-01
1488            	5.97715972e-02	3.99925769e-02	1.42124626e+00	7.70394729e-01	6.50851535e-01
1489            	5.97790132e-02	3.99896726e-02	1.42132413e+00	7.70441076e-01	6.50883049e-01
1490            	5.97863512e-02	3.99867050e-02	1.42140180e+00	7.70487251e-01	6.50914548e-01
1491            	5.97937475e-02	3.99837945e-02	1.42147952e+00	7.70533508e-01	6.50946013e-01
1492            	5.98011634e-02	3.99808995e-02	1.42155727e+00	7.70579797e-01	6.50977471e-01
1493            	5.98085240e-02	3.99779700e-02	1.42163477e+00	7.70625909e-01	6.51008861e-01
1494            	5.98158120e-02	3.99749815e-02	1.42171209e+00	7.70671858e-01	6.51040234e-01
1495            	5.98231654e-02	3.99720548e-02	1.42178948e+00	7.70717904e-01	6.51071574e-01
1496            	5.98305412e-02	3.99691463e-02	1.42186690e+00	7.70763989e-01	6.51102907e-01
1497            	5.98378622e-02	3.99662039e-02	1.42194407e+00	7.70809898e-01	6.51134173e-01
1498            	5.98451074e-02	3.99632003e-02	1.42202106e+00	7.70855637e-01	6.51165423e-01
1499            	5.98524153e-02	3.99602565e-02	1.42209811e+00	7.70901472e-01	6.51196641e-01
1500            	5.98597414e-02	3.99573277e-02	1.42217519e+00	7.70947336e-01	6.51227853e-01
1501            	5.98670101e-02	3.99543627e-02	1.42225202e+00	7.70993022e-01	6.51259002e-01
1502            	5.98742002e-02	3.99513342e-02	1.42232867e+00	7.71038533e-01	6.51290133e-01
1503            	5.98814532e-02	3.99483655e-02	1.42240537e+00	7.71084140e-01	6.51321233e-01
1504            	5.98887235e-02	3.99454117e-02	1.42248209e+00	7.71129770e-01	6.51352323e-01
1505            	5.98959365e-02	3.99424226e-02	1.42255857e+00	7.71175219e-01	6.51383346e-01
1506            	5.99030703e-02	3.99393709e-02	1.42263483e+00	7.71220487e-01	6.51414346e-01
1507            	5.99102685e-02	3.99363804e-02	1.42271117e+00	7.71265852e-01	6.51445315e-01
1508            	5.99174840e-02	3.99334055e-02	1.42278751e+00	7.71311239e-01	6.51476272e-01
1509            	5.99246451e-02	3.99303965e-02	1.42286362e+00	7.71356457e-01	6.51507167e-01
1510            	5.99317287e-02	3.99273254e-02	1.42293954e+00	7.71401500e-01	6.51538042e-01
1511            	5.99388802e-02	3.99243172e-02	1.42301554e+00	7.71446652e-01	6.51568892e-01
1512            	5.99460493e-02	3.99213254e-02	1.42309155e+00	7.71491826e-01	6.51599727e-01
1513            	5.99531642e-02	3.99182999e-02	1.42316733e+00	7.71536830e-01	6.51630502e-01
1514            	5.99601989e-02	3.99152119e-02	1.42324290e+00	7.71581647e-01	6.51661250e-01
1515            	5.99673012e-02	3.99121865e-02	1.42331854e+00	7.71626574e-01	6.51691971e-01
1516            	5.99744183e-02	3.99091765e-02	1.42339418e+00	7.71671510e-01	6.51722673e-01
1517            	5.99814810e-02	3.99061323e-02	1.42346959e+00	7.71716278e-01	6.51753316e-01
1518            	5.99884625e-02	3.99030252e-02	1.42354479e+00	7.71760856e-01	6.51783931e-01
1519            	5.99955138e-02	3.98999816e-02	1.42362008e+00	7.71805551e-01	6.51814524e-01
1520            	6.00025800e-02	3.98969540e-02	1.42369535e+00	7.71850257e-01	6.51845097e-01
1521            	6.00095938e-02	3.98938932e-02	1.42377042e+00	7.71894803e-01	6.51875616e-01
1522            	6.00165248e-02	3.98907692e-02	1.42384526e+00	7.71939152e-01	6.51906103e-01
1523            	6.00235242e-02	3.98877082e-02	1.42392018e+00	7.71983616e-01	6.51936568e-01
1524            	6.00305363e-02	3.98846619e-02	1.42399509e+00	7.72028081e-01	6.51967008e-01
1525            	6.00374964e-02	3.98815819e-02	1.42406979e+00	7.72072390e-01	6.51997397e-01
1526            	6.00443745e-02	3.98784389e-02	1.42414426e+00	7.72116503e-01	6.52027754e-01
1527            	6.00513249e-02	3.98753605e-02	1.42421884e+00	7.72160744e-01	6.52058094e-01
1528            	6.00582907e-02	3.98722987e-02	1.42429340e+00	7.72204993e-01	6.52088412e-01
1529            	6.00652054e-02	3.98692040e-02	1.42436777e+00	7.72249090e-01	6.52118679e-01
1530            	6.00720372e-02	3.98660465e-02	1.42444190e+00	7.72292986e-01	6.52148912e-01
1531            	6.00789396e-02	3.98629534e-02	1.42451613e+00	7.72337005e-01	6.52179125e-01
1532            	6.00858551e-02	3.98598763e-02	1.42459033e+00	7.72381021e-01	6.52209311e-01
1533            	6.00927198e-02	3.98567670e-02	1.42466433e+00	7.72424885e-01	6.52239446e-01
1534            	6.00995018e-02	3.98535952e-02	1.42473809e+00	7.72468548e-01	6.52269545e-01
1535            	6.01063551e-02	3.98504878e-02	1.42481196e+00	7.72512337e-01	6.52299627e-01
1536            	6.01132220e-02	3.98473968e-02	1.42488581e+00	7.72556125e-01	6.52329681e-01
1537            	6.01200388e-02	3.98442744e-02	1.42495945e+00	7.72599762e-01	6.52359685e-01
1538            	6.01267737e-02	3.98410905e-02	1.42503285e+00	7.72643199e-01	6.52389651e-01
1539            	6.01335796e-02	3.98379714e-02	1.42510636e+00	7.72686758e-01	6.52419599e-01
1540            	6.01403982e-02	3.98348682e-02	1.42517983e+00	7.72730314e-01	6.52449518e-01
1541            	6.01471670e-02	3.98317326e-02	1.42525311e+00	7.72773721e-01	6.52479387e-01
1542            	6.01538539e-02	3.98285348e-02	1.42532615e+00	7.72816931e-01	6.52509223e-01
1543            	6.01606115e-02	3.98254006e-02	1.42539931e+00	7.72860264e-01	6.52539041e-01
1544            	6.01673821e-02	3.98222822e-02	1.42547243e+00	7.72903596e-01	6.52568832e-01
1545            	6.01741043e-02	3.98191326e-02	1.42554536e+00	7.72946783e-01	6.52598575e-01
1546            	6.01807455e-02	3.98159224e-02	1.42561805e+00	7.72989771e-01	6.52628280e-01
1547            	6.01874576e-02	3.98127772e-02	1.42569085e+00	7.73032882e-01	6.52657966e-01
1548            	6.01941834e-02	3.98096490e-02	1.42576361e+00	7.73075989e-01	6.52687622e-01
1549            	6.02008625e-02	3.98064909e-02	1.42583619e+00	7.73118955e-01	6.52717230e-01
1550            	6.02074622e-02	3.98032733e-02	1.42590853e+00	7.73161725e-01	6.52746801e-01
1551            	6.02141340e-02	3.98001210e-02	1.42598097e+00	7.73204621e-01	6.52776353e-01
1552            	6.02208200e-02	3.97969859e-02	1.42605339e+00	7.73247515e-01	6.52805875e-01
1553            	6.02274600e-02	3.97938216e-02	1.42612562e+00	7.73290270e-01	6.52835350e-01
1554            	6.02340208e-02	3.97905982e-02	1.42619762e+00	7.73332829e-01	6.52864787e-01
1555            	6.02406531e-02	3.97874399e-02	1.42626972e+00	7.73375513e-01	6.52894206e-01
1556            	6.02472985e-02	3.97842983e-02	1.42634179e+00	7.73418191e-01	6.52923594e-01
1557            	6.02538975e-02	3.97811270e-02	1.42641367e+00	7.73460731e-01	6.52952936e-01
1558            	6.02604173e-02	3.97778965e-02	1.42648531e+00	7.73503073e-01	6.52982238e-01
1559            	6.02670082e-02	3.97747302e-02	1.42655706e+00	7.73545540e-01	6.53011524e-01
1560            	6.02736133e-02	3.97715809e-02	1.42662878e+00	7.73588006e-01	6.53040779e-01
1561            	6.02801747e-02	3.97684033e-02	1.42670033e+00	7.73630340e-01	6.53069990e-01
1562            	6.02866595e-02	3.97651681e-02	1.42677165e+00	7.73672483e-01	6.53099163e-01
1563            	6.02932160e-02	3.97619976e-02	1.42684307e+00	7.73714752e-01	6.53128320e-01
1564            	6.02997869e-02	3.97588449e-02	1.42691446e+00	7.73757019e-01	6.53157445e-01
1565            	6.03063147e-02	3.97556650e-02	1.42698568e+00	7.73799153e-01	6.53186524e-01
1566            	6.03127649e-02	3.97524279e-02	1.42705665e+00	7.73841091e-01	6.53215561e-01
1567            	6.03192852e-02	3.97492546e-02	1.42712773e+00	7.73883150e-01	6.53244579e-01
1568            	6.03258184e-02	3.97460982e-02	1.42719877e+00	7.73925202e-01	6.53273565e-01
1569            	6.03323075e-02	3.97429141e-02	1.42726962e+00	7.73967119e-01	6.53302504e-01
1570            	6.03387185e-02	3.97396728e-02	1.42734024e+00	7.74008837e-01	6.53331400e-01
1571            	6.03451992e-02	3.97364951e-02	1.42741096e+00	7.74050678e-01	6.53360280e-01
1572            	6.03516928e-02	3.97333340e-02	1.42748164e+00	7.74092514e-01	6.53389128e-01
1573            	6.03581434e-02	3.97301453e-02	1.42755215e+00	7.74134220e-01	6.53417933e-01
1574            	6.03645176e-02	3.97269001e-02	1.42762243e+00	7.74175734e-01	6.53446699e-01
1575            	6.03709637e-02	3.97237192e-02	1.42769283e+00	7.74217378e-01	6.53475451e-01
1576            	6.03774241e-02	3.97205559e-02	1.42776319e+00	7.74259020e-01	6.53504172e-01
1577            	6.03838423e-02	3.97173657e-02	1.42783338e+00	7.74300534e-01	6.53532850e-01
1578            	6.03901837e-02	3.97141194e-02	1.42790334e+00	7.74341853e-01	6.53561485e-01
1579            	6.03964347e-02	3.97108058e-02	1.42797302e+00	7.74382947e-01	6.53590077e-01
1580            	6.04027653e-02	3.97075636e-02	1.42804284e+00	7.74424186e-01	6.53618655e-01
1581            	6.04091294e-02	3.97043560e-02	1.42811266e+00	7.74465458e-01	6.53647199e-01
1582            	6.04154785e-02	3.97011433e-02	1.42818236e+00	7.74506661e-01	6.53675704e-01
1583            	6.04217740e-02	3.96978947e-02	1.42825188e+00	7.74547712e-01	6.53704164e-01
1584            	6.04279972e-02	3.96945939e-02	1.42832116e+00	7.74588578e-01	6.53732583e-01
1585            	6.04343085e-02	3.96913729e-02	1.42839059e+00	7.74629603e-01	6.53760986e-01
1586            	6.04406550e-02	3.96881877e-02	1.42846002e+00	7.74670666e-01	6.53789356e-01
1587            	6.04469793e-02	3.96849923e-02	1.42852933e+00	7.74711643e-01	6.53817684e-01
1588            	6.04532404e-02	3.96817526e-02	1.42859842e+00	7.74752451e-01	6.53845970e-01
1589            	6.04595802e-02	3.96785841e-02	1.42866764e+00	7.74793400e-01	6.53874239e-01
1590            	6.04659330e-02	3.96754326e-02	1.42873682e+00	7.74834341e-01	6.53902475e-01
1591            	6.04722372e-02	3.96722491e-02	1.42880581e+00	7.74875141e-01	6.53930667e-01
1592            	6.04784551e-02	3.96690016e-02	1.42887454e+00	7.74915727e-01	6.53958817e-01
1593            	6.04845733e-02	3.96656785e-02	1.42894300e+00	7.74956075e-01	6.53986929e-01
1594            	6.04907644e-02	3.96624210e-02	1.42901159e+00	7.74996558e-01	6.54015029e-01
1595            	6.04969851e-02	3.96591945e-02	1.42908017e+00	7.75037069e-01	6.54043099e-01
1596            	6.05031880e-02	3.96559616e-02	1.42914863e+00	7.75077505e-01	6.54071129e-01
1597            	6.05093367e-02	3.96526933e-02	1.42921690e+00	7.75117787e-01	6.54099114e-01
1598            	6.05154134e-02	3.96493742e-02	1.42928494e+00	7.75157881e-01	6.54127055e-01
1599            	6.05215818e-02	3.96461380e-02	1.42935312e+00	7.75198141e-01	6.54154978e-01
1600            	6.05277886e-02	3.96429405e-02	1.42942131e+00	7.75238444e-01	6.54182867e-01
1601            	6.05339760e-02	3.96397354e-02	1.42948938e+00	7.75278665e-01	6.54210713e-01
1602            	6.05401021e-02	3.96364880e-02	1.42955723e+00	7.75318719e-01	6.54238515e-01
1603            	6.05463103e-02	3.96333140e-02	1.42962522e+00	7.75358922e-01	6.54266302e-01
1604            	6.05525326e-02	3.96301580e-02	1.42969318e+00	7.75399121e-01	6.54294056e-01
1605            	6.05587057e-02	3.96269695e-02	1.42976095e+00	7.75439179e-01	6.54321767e-01
1606            	6.05647902e-02	3.96237158e-02	1.42982845e+00	7.75479017e-01	6.54349436e-01
1607            	6.05707723e-02	3.96203849e-02	1.42989567e+00	7.75518609e-01	6.54377065e-01
1608            	6.05768268e-02	3.96171193e-02	1.42996302e+00	7.75558336e-01	6.54404682e-01
1609            	6.05829100e-02	3.96138840e-02	1.43003036e+00	7.75598089e-01	6.54432269e-01
1610            	6.05889745e-02	3.96106416e-02	1.43009758e+00	7.75637765e-01	6.54459816e-01
1611            	6.05949843e-02	3.96073633e-02	1.43016461e+00	7.75677288e-01	6.54487319e-01
1612            	6.06009221e-02	3.96040343e-02	1.43023140e+00	7.75716623e-01	6.54514778e-01
1613            	6.06069545e-02	3.96007904e-02	1.43029835e+00	7.75756129e-01	6.54542220e-01
1614            	6.06130269e-02	3.95975866e-02	1.43036531e+00	7.75795682e-01	6.54569628e-01
1615            	6.06190807e-02	3.95943761e-02	1.43043215e+00	7.75835156e-01	6.54596994e-01
1616            	6.06250731e-02	3.95911233e-02	1.43049878e+00	7.75874463e-01	6.54624317e-01
1617            	6.06309822e-02	3.95878098e-02	1.43056516e+00	7.75913563e-01	6.54651598e-01
1618            	6.06369755e-02	3.95845718e-02	1.43063168e+00	7.75952818e-01	6.54678867e-01
1619            	6.06429988e-02	3.95813657e-02	1.43069821e+00	7.75992101e-01	6.54706104e-01
1620            	6.06489968e-02	3.95781473e-02	1.43076460e+00	7.76031294e-01	6.54733301e-01
1621            	6.06549296e-02	3.95748843e-02	1.43083077e+00	7.76070314e-01	6.54760454e-01
1622            	6.06607791e-02	3.95715609e-02	1.43089669e+00	7.76109125e-01	6.54787566e-01
1623            	6.06667156e-02	3.95683160e-02	1.43096276e+00	7.76148094e-01	6.54814663e-01
1624            	6.06726862e-02	3.95651064e-02	1.43102882e+00	7.76187099e-01	6.54841726e-01
1625            	6.06786357e-02	3.95618880e-02	1.43109477e+00	7.76226019e-01	6.54868747e-01
1626            	6.06845241e-02	3.95586280e-02	1.43116050e+00	7.76264773e-01	6.54895724e-01
1627            	6.06903314e-02	3.95553095e-02	1.43122598e+00	7.76303323e-01	6.54922660e-01
1628            	6.06962277e-02	3.95520704e-02	1.43129162e+00	7.76342037e-01	6.54949582e-01
1629            	6.07021577e-02	3.95488664e-02	1.43135726e+00	7.76380786e-01	6.54976471e-01
1630            	6.07080652e-02	3.95456528e-02	1.43142277e+00	7.76419449e-01	6.55003319e-01
1631            	6.07139095e-02	3.95423963e-02	1.43148806e+00	7.76457942e-01	6.55030123e-01
1632            	6.07198400e-02	3.95392169e-02	1.43155351e+00	7.76496593e-01	6.55056913e-01
1633            	6.07257870e-02	3.95360588e-02	1.43161891e+00	7.76535241e-01	6.55083667e-01
1634            	6.07316878e-02	3.95328717e-02	1.43168413e+00	7.76573753e-01	6.55110377e-01
1635            	6.07375022e-02	3.95296223e-02	1.43174909e+00	7.76612047e-01	6.55137043e-01
1636            	6.07432169e-02	3.95262984e-02	1.43181377e+00	7.76650103e-01	6.55163669e-01
1637            	6.07490088e-02	3.95230437e-02	1.43187858e+00	7.76688300e-01	6.55190283e-01
1638            	6.07548315e-02	3.95198218e-02	1.43194339e+00	7.76726528e-01	6.55216865e-01
1639            	6.07606361e-02	3.95165937e-02	1.43200809e+00	7.76764679e-01	6.55243407e-01
1640            	6.07663869e-02	3.95133305e-02	1.43207259e+00	7.76802680e-01	6.55269906e-01
1641            	6.07720659e-02	3.95100168e-02	1.43213686e+00	7.76840495e-01	6.55296363e-01
1642            	6.07778408e-02	3.95067891e-02	1.43220129e+00	7.76878485e-01	6.55322804e-01
1643            	6.07836543e-02	3.95036015e-02	1.43226572e+00	7.76916516e-01	6.55349208e-01
1644            	6.07894482e-02	3.95004069e-02	1.43233004e+00	7.76954466e-01	6.55375570e-01
1645            	6.07951798e-02	3.94971702e-02	1.43239413e+00	7.76992247e-01	6.55401887e-01
1646            	6.08009950e-02	3.94940087e-02	1.43245837e+00	7.77030179e-01	6.55428189e-01
1647            	6.08068232e-02	3.94908660e-02	1.43252256e+00	7.77068102e-01	6.55454455e-01
1648            	6.08126025e-02	3.94876921e-02	1.43258657e+00	7.77105885e-01	6.55480680e-01
1649            	6.08182940e-02	3.94844549e-02	1.43265031e+00	7.77143450e-01	6.55506862e-01
1650            	6.08238850e-02	3.94811430e-02	1.43271378e+00	7.77180774e-01	6.55533004e-01
1651            	6.08295507e-02	3.94778990e-02	1.43277737e+00	7.77218235e-01	6.55559134e-01
1652            	6.08352459e-02	3.94746872e-02	1.43284096e+00	7.77255724e-01	6.55585232e-01
1653            	6.08409234e-02	3.94714703e-02	1.43290443e+00	7.77293136e-01	6.55611289e-01
1654            	6.08465475e-02	3.94682195e-02	1.43296770e+00	7.77330398e-01	6.55637303e-01
1655            	6.08522656e-02	3.94650532e-02	1.43303113e+00	7.77367829e-01	6.55663298e-01
1656            	6.08580083e-02	3.94619161e-02	1.43309453e+00	7.77405272e-01	6.55689255e-01
1657            	6.08637128e-02	3.94587568e-02	1.43315776e+00	7.77442594e-01	6.55715168e-01
1658            	6.08693376e-02	3.94555406e-02	1.43322075e+00	7.77479712e-01	6.55741037e-01
1659            	6.08750289e-02	3.94523844e-02	1.43328384e+00	7.77516949e-01	6.55766892e-01
1660            	6.08807236e-02	3.94492386e-02	1.43334687e+00	7.77554160e-01	6.55792713e-01
1661            	6.08863683e-02	3.94460608e-02	1.43340972e+00	7.77591229e-01	6.55818493e-01
1662            	6.08919306e-02	3.94428245e-02	1.43347232e+00	7.77628091e-01	6.55844230e-01
1663            	6.08974016e-02	3.94395216e-02	1.43353466e+00	7.77664731e-01	6.55869927e-01
1664            	6.09029527e-02	3.94362915e-02	1.43359713e+00	7.77701516e-01	6.55895610e-01
1665            	6.09085390e-02	3.94330987e-02	1.43365960e+00	7.77738339e-01	6.55921261e-01
1666            	6.09141129e-02	3.94299055e-02	1.43372197e+00	7.77775096e-01	6.55946870e-01
1667            	6.09196382e-02	3.94266823e-02	1.43378415e+00	7.77811711e-01	6.55972434e-01
1668            	6.09250955e-02	3.94234126e-02	1.43384610e+00	7.77848147e-01	6.55997956e-01
1669            	6.09306433e-02	3.94202247e-02	1.43390821e+00	7.77884746e-01	6.56023460e-01
1670            	6.09362253e-02	3.94170735e-02	1.43397031e+00	7.77921379e-01	6.56048928e-01
1671            	6.09417862e-02	3.94139143e-02	1.43403228e+00	7.77957928e-01	6.56074356e-01
1672            	6.09472857e-02	3.94107140e-02	1.43409405e+00	7.77994312e-01	6.56099740e-01
1673            	6.09528630e-02	3.94075844e-02	1.43415594e+00	7.78030835e-01	6.56125109e-01
1674            	6.09584511e-02	3.94044723e-02	1.43421779e+00	7.78067345e-01	6.56150443e-01
1675            	6.09639927e-02	3.94013317e-02	1.43427945e+00	7.78103720e-01	6.56175735e-01
1676            	6.09694522e-02	3.93981326e-02	1.43434087e+00	7.78139887e-01	6.56200983e-01
1677            	6.09749739e-02	3.93949914e-02	1.43440238e+00	7.78176163e-01	6.56226215e-01
1678            	6.09805005e-02	3.93918622e-02	1.43446383e+00	7.78212415e-01	6.56251414e-01
1679            	6.09859827e-02	3.93887058e-02	1.43452511e+00	7.78248538e-01	6.56276572e-01
1680            	6.09913900e-02	3.93854972e-02	1.43458615e+00	7.78284467e-01	6.56301687e-01
1681            	6.09967128e-02	3.93822280e-02	1.43464695e+00	7.78320186e-01	6.56326761e-01
1682            	6.10021148e-02	3.93790313e-02	1.43470787e+00	7.78356047e-01	6.56351818e-01
1683            	6.10075509e-02	3.93758716e-02	1.43476879e+00	7.78391944e-01	6.56376842e-01
1684            	6.10129747e-02	3.93727116e-02	1.43482960e+00	7.78427774e-01	6.56401825e-01
1685            	6.10183505e-02	3.93695224e-02	1.43489023e+00	7.78463465e-01	6.56426764e-01
1686            	6.10236590e-02	3.93662871e-02	1.43495064e+00	7.78498978e-01	6.56451660e-01
1687            	6.10290525e-02	3.93631300e-02	1.43501118e+00	7.78534643e-01	6.56476538e-01
1688            	6.10344774e-02	3.93600076e-02	1.43507172e+00	7.78570337e-01	6.56501382e-01
1689            	6.10398814e-02	3.93568776e-02	1.43513213e+00	7.78605949e-01	6.56526186e-01
1690            	6.10452260e-02	3.93537082e-02	1.43519235e+00	7.78641400e-01	6.56550948e-01
1691            	6.10506461e-02	3.93506083e-02	1.43525268e+00	7.78676985e-01	6.56575693e-01
1692            	6.10560775e-02	3.93475261e-02	1.43531296e+00	7.78712560e-01	6.56600405e-01
1693            	6.10614643e-02	3.93444170e-02	1.43537308e+00	7.78748004e-01	6.56625075e-01
1694            	6.10667715e-02	3.93412518e-02	1.43543295e+00	7.78783247e-01	6.56649704e-01
1695            	6.10721384e-02	3.93381425e-02	1.43549291e+00	7.78818592e-01	6.56674316e-01
1696            	6.10775093e-02	3.93350448e-02	1.43555281e+00	7.78853913e-01	6.56698894e-01
1697            	6.10828366e-02	3.93319208e-02	1.43561254e+00	7.78889105e-01	6.56723431e-01
1698            	6.10880910e-02	3.93287465e-02	1.43567203e+00	7.78924107e-01	6.56747925e-01
1699            	6.10932635e-02	3.93255136e-02	1.43573128e+00	7.78958905e-01	6.56772378e-01
1700            	6.10985121e-02	3.93223510e-02	1.43579065e+00	7.78993838e-01	6.56796814e-01
1701            	6.11037935e-02	3.93192242e-02	1.43585002e+00	7.79028805e-01	6.56821218e-01
1702            	6.11090631e-02	3.93160978e-02	1.43590929e+00	7.79063709e-01	6.56845582e-01
1703            	6.11142865e-02	3.93129436e-02	1.43596838e+00	7.79098477e-01	6.56869904e-01
1704            	6.11194449e-02	3.93097456e-02	1.43602726e+00	7.79133073e-01	6.56894184e-01
1705            	6.11246855e-02	3.93066236e-02	1.43608626e+00	7.79167816e-01	6.56918445e-01
1706            	6.11299558e-02	3.93035349e-02	1.43614526e+00	7.79202585e-01	6.56942673e-01
1707            	6.11352053e-02	3.93004384e-02	1.43620414e+00	7.79237273e-01	6.56966863e-01
1708            	6.11403970e-02	3.92973041e-02	1.43626281e+00	7.79271804e-01	6.56991010e-01
1709            	6.11455126e-02	3.92941164e-02	1.43632126e+00	7.79306142e-01	6.57015117e-01
1710            	6.11507014e-02	3.92909970e-02	1.43637981e+00	7.79340609e-01	6.57039206e-01
1711            	6.11559150e-02	3.92879066e-02	1.43643836e+00	7.79375093e-01	6.57063263e-01
1712            	6.11611067e-02	3.92848078e-02	1.43649678e+00	7.79409495e-01	6.57087281e-01
1713            	6.11662427e-02	3.92816728e-02	1.43655500e+00	7.79443743e-01	6.57111258e-01
1714            	6.11713068e-02	3.92784878e-02	1.43661300e+00	7.79477807e-01	6.57135194e-01
1715            	6.11764484e-02	3.92753747e-02	1.43667112e+00	7.79512009e-01	6.57159112e-01
1716            	6.11816186e-02	3.92722940e-02	1.43672924e+00	7.79546236e-01	6.57182999e-01
1717            	6.11867698e-02	3.92692073e-02	1.43678723e+00	7.79580386e-01	6.57206846e-01
1718            	6.11918669e-02	3.92660859e-02	1.43684504e+00	7.79614385e-01	6.57230651e-01
1719            	6.11968923e-02	3.92629146e-02	1.43690262e+00	7.79648201e-01	6.57254416e-01
1720            	6.12019944e-02	3.92598146e-02	1.43696032e+00	7.79682153e-01	6.57278164e-01
1721            	6.12071236e-02	3.92567455e-02	1.43701801e+00	7.79716127e-01	6.57301880e-01
1722            	6.12122319e-02	3.92536691e-02	1.43707558e+00	7.79750020e-01	6.57325556e-01
1723            	6.12172842e-02	3.92505568e-02	1.43713295e+00	7.79783758e-01	6.57349190e-01
1724            	6.12222635e-02	3.92473937e-02	1.43719009e+00	7.79817309e-01	6.57372782e-01
1725            	6.12273183e-02	3.92443008e-02	1.43724735e+00	7.79850993e-01	6.57396356e-01
1726            	6.12323996e-02	3.92412385e-02	1.43730460e+00	7.79884697e-01	6.57419898e-01
1727            	6.12374604e-02	3.92381687e-02	1.43736172e+00	7.79918322e-01	6.57443401e-01
1728            	6.12424662e-02	3.92350635e-02	1.43741866e+00	7.79951794e-01	6.57466862e-01
1729            	6.12474004e-02	3.92319086e-02	1.43747537e+00	7.79985083e-01	6.57490282e-01
1730            	6.12524118e-02	3.92288249e-02	1.43753220e+00	7.80018510e-01	6.57513687e-01
1731            	6.12574512e-02	3.92257729e-02	1.43758902e+00	7.80051962e-01	6.57537060e-01
1732            	6.12624708e-02	3.92227142e-02	1.43764573e+00	7.80085335e-01	6.57560394e-01
1733            	6.12674356e-02	3.92196205e-02	1.43770224e+00	7.80118556e-01	6.57583685e-01
1734            	6.12723291e-02	3.92164772e-02	1.43775853e+00	7.80151594e-01	6.57606936e-01
1735            	6.12772987e-02	3.92134043e-02	1.43781494e+00	7.80184768e-01	6.57630170e-01
1736            	6.12822954e-02	3.92103621e-02	1.43787134e+00	7.80217964e-01	6.57653373e-01
1737            	6.12872722e-02	3.92073129e-02	1.43792762e+00	7.80251081e-01	6.57676537e-01
1738            	6.12921945e-02	3.92042287e-02	1.43798371e+00	7.80284047e-01	6.57699658e-01
1739            	6.12970456e-02	3.92010950e-02	1.43803957e+00	7.80316831e-01	6.57722739e-01
1740            	6.13019724e-02	3.91980312e-02	1.43809555e+00	7.80349749e-01	6.57745804e-01
1741            	6.13069260e-02	3.91949984e-02	1.43815152e+00	7.80382688e-01	6.57768836e-01
1742            	6.13118594e-02	3.91919590e-02	1.43820737e+00	7.80415546e-01	6.57791828e-01
1743            	6.13167384e-02	3.91888848e-02	1.43826303e+00	7.80448254e-01	6.57814777e-01
1744            	6.13215465e-02	3.91857613e-02	1.43831847e+00	7.80480779e-01	6.57837686e-01
1745            	6.13264305e-02	3.91827078e-02	1.43837402e+00	7.80513441e-01	6.57860580e-01
1746            	6.13313420e-02	3.91796853e-02	1.43842957e+00	7.80546126e-01	6.57883442e-01
1747            	6.13362341e-02	3.91766563e-02	1.43848500e+00	7.80578734e-01	6.57906265e-01
1748            	6.13410725e-02	3.91735927e-02	1.43854024e+00	7.80611192e-01	6.57929047e-01
1749            	6.13458404e-02	3.91704801e-02	1.43859526e+00	7.80643471e-01	6.57951790e-01
1750            	6.13506840e-02	3.91674372e-02	1.43865040e+00	7.80675883e-01	6.57974515e-01
1751            	6.13555547e-02	3.91644251e-02	1.43870553e+00	7.80708318e-01	6.57997209e-01
1752            	6.13604057e-02	3.91614065e-02	1.43876054e+00	7.80740674e-01	6.58019863e-01
1753            	6.13652033e-02	3.91583536e-02	1.43881536e+00	7.80772882e-01	6.58042476e-01
1754            	6.13699307e-02	3.91552518e-02	1.43886996e+00	7.80804910e-01	6.58065048e-01
1755            	6.13747338e-02	3.91522195e-02	1.43892468e+00	7.80837072e-01	6.58087604e-01
1756            	6.13795637e-02	3.91492182e-02	1.43897938e+00	7.80869255e-01	6.58110127e-01
1757            	6.13843739e-02	3.91462105e-02	1.43903397e+00	7.80901358e-01	6.58132610e-01
1758            	6.13891302e-02	3.91431685e-02	1.43908836e+00	7.80933311e-01	6.58155051e-01
1759            	6.13938157e-02	3.91400776e-02	1.43914253e+00	7.80965083e-01	6.58177452e-01
1760            	6.13985763e-02	3.91370558e-02	1.43919682e+00	7.80996989e-01	6.58199836e-01
1761            	6.14033639e-02	3.91340648e-02	1.43925111e+00	7.81028917e-01	6.58222189e-01
1762            	6.14081328e-02	3.91310682e-02	1.43930527e+00	7.81060769e-01	6.58244503e-01
1763            	6.14128492e-02	3.91280382e-02	1.43935925e+00	7.81092475e-01	6.58266776e-01
1764            	6.14174962e-02	3.91249603e-02	1.43941301e+00	7.81124003e-01	6.58289011e-01
1765            	6.14222184e-02	3.91219514e-02	1.43946690e+00	7.81155666e-01	6.58311229e-01
1766            	6.14269680e-02	3.91189736e-02	1.43952077e+00	7.81187353e-01	6.58333417e-01
1767            	6.14316983e-02	3.91159896e-02	1.43957453e+00	7.81218962e-01	6.58355566e-01
1768            	6.14363750e-02	3.91129713e-02	1.43962810e+00	7.81250423e-01	6.58377673e-01
1769            	6.14409810e-02	3.91099043e-02	1.43968144e+00	7.81281703e-01	6.58399741e-01
1770            	6.14456601e-02	3.91069051e-02	1.43973490e+00	7.81313111e-01	6.58421791e-01
1771            	6.14503651e-02	3.91039362e-02	1.43978835e+00	7.81344539e-01	6.58443809e-01
1772            	6.14550504e-02	3.91009609e-02	1.43984168e+00	7.81375888e-01	6.58465787e-01
1773            	6.14596824e-02	3.90979518e-02	1.43989481e+00	7.81407090e-01	6.58487725e-01
1774            	6.14642450e-02	3.90948948e-02	1.43994774e+00	7.81438113e-01	6.58509623e-01
1775            	6.14688811e-02	3.90919059e-02	1.44000077e+00	7.81469268e-01	6.58531506e-01
1776            	6.14735441e-02	3.90889480e-02	1.44005380e+00	7.81500445e-01	6.58553357e-01
1777            	6.14781886e-02	3.90859848e-02	1.44010672e+00	7.81531547e-01	6.58575170e-01
1778            	6.14827811e-02	3.90829889e-02	1.44015945e+00	7.81562504e-01	6.58596942e-01
1779            	6.14873052e-02	3.90799460e-02	1.44021196e+00	7.81593285e-01	6.58618675e-01
1780            	6.14919019e-02	3.90769707e-02	1.44026459e+00	7.81624195e-01	6.58640392e-01
1781            	6.14965246e-02	3.90740259e-02	1.44031720e+00	7.81655126e-01	6.58662076e-01
1782            	6.15011283e-02	3.90710753e-02	1.44036970e+00	7.81685980e-01	6.58683723e-01
1783            	6.15056797e-02	3.90680917e-02	1.44042202e+00	7.81716688e-01	6.58705329e-01
1784            	6.15101626e-02	3.90650611e-02	1.44047412e+00	7.81747221e-01	6.58726896e-01
1785            	6.15147170e-02	3.90620972e-02	1.44052633e+00	7.81777880e-01	6.58748446e-01
1786            	6.15192967e-02	3.90591632e-02	1.44057852e+00	7.81808558e-01	6.58769964e-01
1787            	6.15238573e-02	3.90562234e-02	1.44063060e+00	7.81839159e-01	6.58791444e-01
1788            	6.15283659e-02	3.90532510e-02	1.44068250e+00	7.81869616e-01	6.58812884e-01
1789            	6.15328067e-02	3.90502319e-02	1.44073419e+00	7.81899899e-01	6.58834286e-01
1790            	6.15373184e-02	3.90472791e-02	1.44078598e+00	7.81930308e-01	6.58855671e-01
1791            	6.15418553e-02	3.90443560e-02	1.44083776e+00	7.81960735e-01	6.58877025e-01
1792            	6.15463733e-02	3.90414273e-02	1.44088943e+00	7.81991087e-01	6.58898341e-01
1793            	6.15508400e-02	3.90384666e-02	1.44094091e+00	7.82021296e-01	6.58919616e-01
1794            	6.15552396e-02	3.90354599e-02	1.44099219e+00	7.82051332e-01	6.58940853e-01
1795            	6.15595719e-02	3.90324068e-02	1.44104325e+00	7.82081199e-01	6.58962055e-01
1796            	6.15639869e-02	3.90294304e-02	1.44109446e+00	7.82111214e-01	6.58983241e-01
1797            	6.15684461e-02	3.90264998e-02	1.44114569e+00	7.82141289e-01	6.59004396e-01
1798            	6.15729060e-02	3.90235801e-02	1.44119684e+00	7.82171327e-01	6.59025515e-01
1799            	6.15773300e-02	3.90206415e-02	1.44124785e+00	7.82201253e-01	6.59046593e-01
1800            	6.15816959e-02	3.90176651e-02	1.44129865e+00	7.82231023e-01	6.59067631e-01
1801            	6.15859968e-02	3.90146447e-02	1.44134926e+00	7.82260625e-01	6.59088631e-01
1802            	6.15903775e-02	3.90116986e-02	1.44139999e+00	7.82290370e-01	6.59109615e-01
1803            	6.15947963e-02	3.90087929e-02	1.44145073e+00	7.82320162e-01	6.59130570e-01
1804            	6.15992086e-02	3.90058920e-02	1.44150139e+00	7.82349905e-01	6.59151488e-01
1805            	6.16035785e-02	3.90029664e-02	1.44155189e+00	7.82379523e-01	6.59172366e-01
1806            	6.16078855e-02	3.89999986e-02	1.44160218e+00	7.82408978e-01	6.59193207e-01
1807            	6.16121247e-02	3.89969841e-02	1.44165227e+00	7.82438261e-01	6.59214011e-01
1808            	6.16164430e-02	3.89940433e-02	1.44170249e+00	7.82467687e-01	6.59234801e-01
1809            	6.16208005e-02	3.89911439e-02	1.44175272e+00	7.82497163e-01	6.59255562e-01
1810            	6.16251536e-02	3.89882513e-02	1.44180288e+00	7.82526593e-01	6.59276285e-01
1811            	6.16294665e-02	3.89853361e-02	1.44185287e+00	7.82555901e-01	6.59296968e-01
1812            	6.16337181e-02	3.89823806e-02	1.44190266e+00	7.82585048e-01	6.59317611e-01
1813            	6.16379029e-02	3.89793795e-02	1.44195224e+00	7.82614024e-01	6.59338218e-01
1814            	6.16421671e-02	3.89764526e-02	1.44200195e+00	7.82643142e-01	6.59358808e-01
1815            	6.16464708e-02	3.89735675e-02	1.44205168e+00	7.82672310e-01	6.59379368e-01
1816            	6.16507697e-02	3.89706888e-02	1.44210132e+00	7.82701431e-01	6.59399892e-01
1817            	6.16550276e-02	3.89677867e-02	1.44215081e+00	7.82730430e-01	6.59420375e-01
1818            	6.16592234e-02	3.89648432e-02	1.44220009e+00	7.82759267e-01	6.59440820e-01
1819            	6.16633517e-02	3.89618533e-02	1.44224916e+00	7.82787933e-01	6.59461230e-01
1820            	6.16675589e-02	3.89589366e-02	1.44229837e+00	7.82816743e-01	6.59481625e-01
1821            	6.16718058e-02	3.89560615e-02	1.44234760e+00	7.82845603e-01	6.59501992e-01
1822            	6.16760483e-02	3.89531927e-02	1.44239674e+00	7.82874419e-01	6.59522323e-01
1823            	6.16802505e-02	3.89503011e-02	1.44244573e+00	7.82903115e-01	6.59542614e-01
1824            	6.16843914e-02	3.89473687e-02	1.44249452e+00	7.82931650e-01	6.59562867e-01
1825            	6.16884659e-02	3.89443907e-02	1.44254310e+00	7.82960016e-01	6.59583085e-01
1826            	6.16926200e-02	3.89414864e-02	1.44259182e+00	7.82988528e-01	6.59603288e-01
1827            	6.16968141e-02	3.89386240e-02	1.44264055e+00	7.83017090e-01	6.59623462e-01
1828            	6.17010033e-02	3.89357679e-02	1.44268920e+00	7.83045606e-01	6.59643599e-01
1829            	6.17051514e-02	3.89328886e-02	1.44273769e+00	7.83073998e-01	6.59663695e-01
1830            	6.17092376e-02	3.89299680e-02	1.44278598e+00	7.83102228e-01	6.59683753e-01
1831            	6.17132567e-02	3.89270013e-02	1.44283406e+00	7.83130288e-01	6.59703774e-01
1832            	6.17173551e-02	3.89241081e-02	1.44288227e+00	7.83158492e-01	6.59723782e-01
1833            	6.17214935e-02	3.89212568e-02	1.44293051e+00	7.83186748e-01	6.59743761e-01
1834            	6.17256274e-02	3.89184119e-02	1.44297866e+00	7.83214960e-01	6.59763705e-01
1835            	6.17297208e-02	3.89155440e-02	1.44302666e+00	7.83243050e-01	6.59783608e-01
1836            	6.17337529e-02	3.89126352e-02	1.44307445e+00	7.83270979e-01	6.59803473e-01
1837            	6.17377186e-02	3.89096807e-02	1.44312204e+00	7.83298739e-01	6.59823302e-01
1838            	6.17417640e-02	3.89067997e-02	1.44316976e+00	7.83326644e-01	6.59843116e-01
1839            	6.17458499e-02	3.89039605e-02	1.44321751e+00	7.83354604e-01	6.59862904e-01
1840            	6.17499318e-02	3.89011278e-02	1.44326517e+00	7.83382519e-01	6.59882655e-01
1841            	6.17539736e-02	3.88982725e-02	1.44331268e+00	7.83410315e-01	6.59902367e-01
1842            	6.17579545e-02	3.88953764e-02	1.44335999e+00	7.83437950e-01	6.59922041e-01
1843            	6.17618696e-02	3.88924350e-02	1.44340710e+00	7.83465418e-01	6.59941679e-01
1844            	6.17658647e-02	3.88895673e-02	1.44345434e+00	7.83493033e-01	6.59961303e-01
1845            	6.17699004e-02	3.88867416e-02	1.44350160e+00	7.83520701e-01	6.59980900e-01
1846            	6.17739323e-02	3.88839228e-02	1.44354879e+00	7.83548326e-01	6.60000461e-01
1847            	6.17779241e-02	3.88810814e-02	1.44359581e+00	7.83575831e-01	6.60019982e-01
1848            	6.17818553e-02	3.88781996e-02	1.44364264e+00	7.83603175e-01	6.60039464e-01
1849            	6.17857207e-02	3.88752724e-02	1.44368926e+00	7.83630353e-01	6.60058911e-01
1850            	6.17896662e-02	3.88724190e-02	1.44373602e+00	7.83657676e-01	6.60078344e-01
1851            	6.17936523e-02	3.88696077e-02	1.44378280e+00	7.83685053e-01	6.60097749e-01
1852            	6.17976344e-02	3.88668030e-02	1.44382950e+00	7.83712386e-01	6.60117117e-01
1853            	6.18015765e-02	3.88639757e-02	1.44387604e+00	7.83739599e-01	6.60136446e-01
1854            	6.18054582e-02	3.88611081e-02	1.44392239e+00	7.83766653e-01	6.60155736e-01
1855            	6.18092749e-02	3.88581956e-02	1.44396853e+00	7.83793542e-01	6.60174992e-01
1856            	6.18131719e-02	3.88553569e-02	1.44401481e+00	7.83820579e-01	6.60194236e-01
1857            	6.18171099e-02	3.88525603e-02	1.44406112e+00	7.83847672e-01	6.60213452e-01
1858            	6.18210443e-02	3.88497705e-02	1.44410736e+00	7.83874722e-01	6.60232633e-01
1859            	6.18249392e-02	3.88469584e-02	1.44415343e+00	7.83901654e-01	6.60251776e-01
1860            	6.18287741e-02	3.88441063e-02	1.44419931e+00	7.83928428e-01	6.60270880e-01
1861            	6.18325443e-02	3.88412096e-02	1.44424499e+00	7.83955037e-01	6.60289949e-01
1862            	6.18363944e-02	3.88383862e-02	1.44429080e+00	7.83981794e-01	6.60309005e-01
1863            	6.18402854e-02	3.88356048e-02	1.44433664e+00	7.84008606e-01	6.60328035e-01
1864            	6.18441728e-02	3.88328305e-02	1.44438240e+00	7.84035374e-01	6.60347028e-01
1865            	6.18480213e-02	3.88300345e-02	1.44442801e+00	7.84062024e-01	6.60365981e-01
1866            	6.18518105e-02	3.88271992e-02	1.44447341e+00	7.84088517e-01	6.60384896e-01
1867            	6.18555357e-02	3.88243198e-02	1.44451863e+00	7.84114848e-01	6.60403777e-01
1868            	6.18593404e-02	3.88215129e-02	1.44456397e+00	7.84141326e-01	6.60422646e-01
1869            	6.18631854e-02	3.88187477e-02	1.44460935e+00	7.84167858e-01	6.60441488e-01
1870            	6.18670267e-02	3.88159896e-02	1.44465464e+00	7.84194347e-01	6.60460294e-01
1871            	6.18708292e-02	3.88132098e-02	1.44469978e+00	7.84220720e-01	6.60479061e-01
1872            	6.18745723e-02	3.88103905e-02	1.44474473e+00	7.84246935e-01	6.60497791e-01
1873            	6.18782515e-02	3.88075271e-02	1.44478947e+00	7.84272989e-01	6.60516486e-01
1874            	6.18818744e-02	3.88046258e-02	1.44483405e+00	7.84298899e-01	6.60535150e-01
1875            	6.18855927e-02	3.88018110e-02	1.44487879e+00	7.84324987e-01	6.60553802e-01
1876            	6.18893705e-02	3.87990537e-02	1.44492360e+00	7.84351170e-01	6.60572429e-01
1877            	6.18931614e-02	3.87963176e-02	1.44496836e+00	7.84377343e-01	6.60591020e-01
1878            	6.18969247e-02	3.87935694e-02	1.44501299e+00	7.84403421e-01	6.60609571e-01
1879            	6.19006336e-02	3.87907862e-02	1.44505743e+00	7.84429351e-01	6.60628084e-01
1880            	6.19042777e-02	3.87879585e-02	1.44510168e+00	7.84455116e-01	6.60646561e-01
1881            	6.19078608e-02	3.87850890e-02	1.44514573e+00	7.84480727e-01	6.60665006e-01
1882            	6.19115330e-02	3.87823008e-02	1.44518994e+00	7.84506505e-01	6.60683439e-01
1883            	6.19152585e-02	3.87795650e-02	1.44523421e+00	7.84532364e-01	6.60701847e-01
1884            	6.19189918e-02	3.87768460e-02	1.44527842e+00	7.84558203e-01	6.60720220e-01
1885            	6.19226942e-02	3.87741121e-02	1.44532250e+00	7.84583942e-01	6.60738553e-01
1886            	6.19263411e-02	3.87713422e-02	1.44536638e+00	7.84609532e-01	6.60756849e-01
1887            	6.19299241e-02	3.87685282e-02	1.44541007e+00	7.84634960e-01	6.60775111e-01
1888            	6.19334484e-02	3.87656740e-02	1.44545358e+00	7.84660240e-01	6.60793343e-01
1889            	6.19370649e-02	3.87629031e-02	1.44549726e+00	7.84685694e-01	6.60811564e-01
1890            	6.19407374e-02	3.87601868e-02	1.44554099e+00	7.84711234e-01	6.60829760e-01
1891            	6.19444198e-02	3.87574889e-02	1.44558468e+00	7.84736760e-01	6.60847921e-01
1892            	6.19480723e-02	3.87547771e-02	1.44562823e+00	7.84762186e-01	6.60866042e-01
1893            	6.19516695e-02	3.87520295e-02	1.44567159e+00	7.84787463e-01	6.60884124e-01
1894            	6.19552023e-02	3.87492374e-02	1.44571475e+00	7.84812577e-01	6.60902172e-01
1895            	6.19586757e-02	3.87464044e-02	1.44575773e+00	7.84837541e-01	6.60920190e-01
1896            	6.19622404e-02	3.87436537e-02	1.44580088e+00	7.84862679e-01	6.60938198e-01
1897            	6.19658608e-02	3.87409569e-02	1.44584409e+00	7.84887905e-01	6.60956183e-01
1898            	6.19694910e-02	3.87382782e-02	1.44588725e+00	7.84913116e-01	6.60974134e-01
1899            	6.19730913e-02	3.87355855e-02	1.44593027e+00	7.84938228e-01	6.60992046e-01
1900            	6.19766363e-02	3.87328572e-02	1.44597311e+00	7.84963191e-01	6.61009919e-01
1901            	6.19801168e-02	3.87300846e-02	1.44601575e+00	7.84987990e-01	6.61027757e-01
1902            	6.19835380e-02	3.87272712e-02	1.44605820e+00	7.85012639e-01	6.61045563e-01
1903            	6.19870511e-02	3.87245405e-02	1.44610082e+00	7.85037463e-01	6.61063361e-01
1904            	6.19906206e-02	3.87218642e-02	1.44614351e+00	7.85062376e-01	6.61081135e-01
1905            	6.19942004e-02	3.87192063e-02	1.44618615e+00	7.85087276e-01	6.61098875e-01
1906            	6.19977504e-02	3.87165345e-02	1.44622865e+00	7.85112078e-01	6.61116577e-01
1907            	6.20012453e-02	3.87138269e-02	1.44627097e+00	7.85136731e-01	6.61134240e-01
1908            	6.20046760e-02	3.87110751e-02	1.44631309e+00	7.85161221e-01	6.61151869e-01
1909            	6.20080477e-02	3.87082828e-02	1.44635503e+00	7.85185563e-01	6.61169468e-01
1910            	6.20115112e-02	3.87055730e-02	1.44639714e+00	7.85210080e-01	6.61187058e-01
1911            	6.20150313e-02	3.87029177e-02	1.44643931e+00	7.85234687e-01	6.61204624e-01
1912            	6.20185616e-02	3.87002807e-02	1.44648144e+00	7.85259280e-01	6.61222157e-01
1913            	6.20220622e-02	3.86976298e-02	1.44652343e+00	7.85283776e-01	6.61239651e-01
1914            	6.20255079e-02	3.86949433e-02	1.44656523e+00	7.85308124e-01	6.61257108e-01
1915            	6.20288899e-02	3.86922127e-02	1.44660684e+00	7.85332310e-01	6.61274531e-01
1916            	6.20322132e-02	3.86894417e-02	1.44664827e+00	7.85356350e-01	6.61291923e-01
1917            	6.20356281e-02	3.86867530e-02	1.44668987e+00	7.85380563e-01	6.61309307e-01
1918            	6.20390991e-02	3.86841186e-02	1.44673153e+00	7.85404866e-01	6.61326667e-01
1919            	6.20425800e-02	3.86815027e-02	1.44677315e+00	7.85429153e-01	6.61343993e-01
1920            	6.20460313e-02	3.86788731e-02	1.44681462e+00	7.85453342e-01	6.61361280e-01
1921            	6.20494280e-02	3.86762081e-02	1.44685591e+00	7.85477384e-01	6.61378528e-01
1922            	6.20527615e-02	3.86734992e-02	1.44689701e+00	7.85501267e-01	6.61395744e-01
1923            	6.20560370e-02	3.86707500e-02	1.44693794e+00	7.85525005e-01	6.61412931e-01
1924            	6.20594038e-02	3.86680827e-02	1.44697903e+00	7.85548918e-01	6.61430110e-01
1925            	6.20628271e-02	3.86654695e-02	1.44702019e+00	7.85572922e-01	6.61447268e-01
1926            	6.20662607e-02	3.86628747e-02	1.44706131e+00	7.85596914e-01	6.61464393e-01
1927            	6.20696651e-02	3.86602664e-02	1.44710229e+00	7.85620810e-01	6.61481479e-01
1928            	6.20730152e-02	3.86576230e-02	1.44714309e+00	7.85644558e-01	6.61498528e-01
1929            	6.20763021e-02	3.86549361e-02	1.44718369e+00	7.85668147e-01	6.61515543e-01
1930            	6.20795306e-02	3.86522090e-02	1.44722412e+00	7.85691588e-01	6.61532527e-01
1931            	6.20828498e-02	3.86495633e-02	1.44726471e+00	7.85715203e-01	6.61549503e-01
1932            	6.20862249e-02	3.86469714e-02	1.44730536e+00	7.85738907e-01	6.61566457e-01
1933            	6.20896103e-02	3.86443976e-02	1.44734598e+00	7.85762599e-01	6.61583378e-01
1934            	6.20929665e-02	3.86418103e-02	1.44738645e+00	7.85786193e-01	6.61600260e-01
1935            	6.20962687e-02	3.86391880e-02	1.44742675e+00	7.85809643e-01	6.61617106e-01
1936            	6.20995081e-02	3.86365222e-02	1.44746685e+00	7.85832934e-01	6.61633917e-01
1937            	6.21026896e-02	3.86338163e-02	1.44750678e+00	7.85856080e-01	6.61650700e-01
1938            	6.21058274e-02	3.86310823e-02	1.44754657e+00	7.85879112e-01	6.61667457e-01
1939            	6.21090745e-02	3.86284458e-02	1.44758656e+00	7.85902356e-01	6.61684207e-01
1940            	6.21123955e-02	3.86258785e-02	1.44762666e+00	7.85925726e-01	6.61700935e-01
1941            	6.21157398e-02	3.86233405e-02	1.44766674e+00	7.85949109e-01	6.61717630e-01
1942            	6.21190615e-02	3.86207948e-02	1.44770669e+00	7.85972407e-01	6.61734284e-01
1943            	6.21223298e-02	3.86182147e-02	1.44774646e+00	7.85995560e-01	6.61750900e-01
1944            	6.21255317e-02	3.86155879e-02	1.44778603e+00	7.86018545e-01	6.61767482e-01
1945            	6.21286701e-02	3.86129156e-02	1.44782541e+00	7.86041376e-01	6.61784036e-01
1946            	6.21317588e-02	3.86102091e-02	1.44786465e+00	7.86064085e-01	6.61800567e-01
1947            	6.21349535e-02	3.86075962e-02	1.44790410e+00	7.86087002e-01	6.61817095e-01
1948            	6.21382207e-02	3.86050499e-02	1.44794365e+00	7.86110046e-01	6.61833605e-01
1949            	6.21415115e-02	3.86025320e-02	1.44798320e+00	7.86133109e-01	6.61850086e-01
1950            	6.21447813e-02	3.86000062e-02	1.44802263e+00	7.86156095e-01	6.61866532e-01
1951            	6.21479910e-02	3.85974487e-02	1.44806181e+00	7.86178899e-01	6.61882916e-01
1952            	6.21511251e-02	3.85948475e-02	1.44810072e+00	7.86201485e-01	6.61899234e-01
1953            	6.21541900e-02	3.85922021e-02	1.44813938e+00	7.86223883e-01	6.61915502e-01
1954            	6.21572043e-02	3.85895227e-02	1.44817789e+00	7.86246148e-01	6.61931740e-01
1955            	6.21603289e-02	3.85869368e-02	1.44821662e+00	7.86268640e-01	6.61947982e-01
1956            	6.21635326e-02	3.85844174e-02	1.44825551e+00	7.86291290e-01	6.61964225e-01
1957            	6.21667670e-02	3.85819269e-02	1.44829446e+00	7.86313995e-01	6.61980461e-01
1958            	6.21699869e-02	3.85794301e-02	1.44833333e+00	7.86336654e-01	6.61996680e-01
1959            	6.21731599e-02	3.85769019e-02	1.44837207e+00	7.86359196e-01	6.62012876e-01
1960            	6.21762706e-02	3.85743300e-02	1.44841063e+00	7.86381585e-01	6.62029044e-01
1961            	6.21793187e-02	3.85717151e-02	1.44844899e+00	7.86403816e-01	6.62045179e-01
1962            	6.21823153e-02	3.85690673e-02	1.44848719e+00	7.86425909e-01	6.62061279e-01
1963            	6.21854151e-02	3.85665138e-02	1.44852555e+00	7.86448191e-01	6.62077360e-01
1964            	6.21885835e-02	3.85640261e-02	1.44856399e+00	7.86470577e-01	6.62093410e-01
1965            	6.21917711e-02	3.85615654e-02	1.44860238e+00	7.86492960e-01	6.62109418e-01
1966            	6.21949341e-02	3.85590955e-02	1.44864063e+00	7.86515250e-01	6.62125382e-01
1967            	6.21980434e-02	3.85565912e-02	1.44867870e+00	7.86537393e-01	6.62141306e-01
1968            	6.22010876e-02	3.85540410e-02	1.44871658e+00	7.86559375e-01	6.62157200e-01
1969            	6.22040709e-02	3.85514474e-02	1.44875428e+00	7.86581211e-01	6.62173069e-01
1970            	6.22070075e-02	3.85488224e-02	1.44879185e+00	7.86602934e-01	6.62188919e-01
1971            	6.22100542e-02	3.85462945e-02	1.44882964e+00	7.86624876e-01	6.62204767e-01
1972            	6.22131762e-02	3.85438359e-02	1.44886755e+00	7.86646952e-01	6.62220599e-01
1973            	6.22163228e-02	3.85414073e-02	1.44890545e+00	7.86669048e-01	6.62236402e-01
1974            	6.22194481e-02	3.85389715e-02	1.44894323e+00	7.86691063e-01	6.62252166e-01
1975            	6.22225211e-02	3.85365021e-02	1.44898083e+00	7.86712934e-01	6.62267892e-01
1976            	6.22255284e-02	3.85339867e-02	1.44901822e+00	7.86734639e-01	6.62283583e-01
1977            	6.22284729e-02	3.85314266e-02	1.44905543e+00	7.86756189e-01	6.62299243e-01
1978            	6.22313678e-02	3.85288330e-02	1.44909249e+00	7.86777612e-01	6.62314877e-01
1979            	6.22343700e-02	3.85263344e-02	1.44912975e+00	7.86799245e-01	6.62330505e-01
1980            	6.22374449e-02	3.85239029e-02	1.44916712e+00	7.86821003e-01	6.62346113e-01
1981            	6.22405428e-02	3.85215001e-02	1.44920447e+00	7.86842776e-01	6.62361691e-01
1982            	6.22436188e-02	3.85190897e-02	1.44924170e+00	7.86864468e-01	6.62377231e-01
1983            	6.22466430e-02	3.85166461e-02	1.44927875e+00	7.86886020e-01	6.62392734e-01
1984            	6.22496031e-02	3.85141575e-02	1.44931561e+00	7.86907410e-01	6.62408204e-01
1985            	6.22525020e-02	3.85116256e-02	1.44935230e+00	7.86928651e-01	6.62423647e-01
1986            	6.22553533e-02	3.85090616e-02	1.44938884e+00	7.86949773e-01	6.62439066e-01
1987            	6.22583130e-02	3.85065935e-02	1.44942559e+00	7.86971107e-01	6.62454481e-01
1988            	6.22613461e-02	3.85041932e-02	1.44946244e+00	7.86992568e-01	6.62469876e-01
1989            	6.22644022e-02	3.85018214e-02	1.44949929e+00	7.87014045e-01	6.62485241e-01
1990            	6.22674359e-02	3.84994416e-02	1.44953601e+00	7.87035440e-01	6.62500568e-01
1991            	6.22704171e-02	3.84970279e-02	1.44957255e+00	7.87056692e-01	6.62515858e-01
1992            	6.22733339e-02	3.84945688e-02	1.44960890e+00	7.87077783e-01	6.62531115e-01
1993            	6.22761898e-02	3.84920662e-02	1.44964507e+00	7.87098725e-01	6.62546346e-01
1994            	6.22789987e-02	3.84895320e-02	1.44968110e+00	7.87119550e-01	6.62561552e-01
1995            	6.22819161e-02	3.84870936e-02	1.44971734e+00	7.87140588e-01	6.62576756e-01
1996            	6.22849072e-02	3.84847233e-02	1.44975369e+00	7.87161754e-01	6.62591940e-01
1997            	6.22879218e-02	3.84823820e-02	1.44979003e+00	7.87182937e-01	6.62607093e-01
1998            	6.22909147e-02	3.84800333e-02	1.44982625e+00	7.87204039e-01	6.62622209e-01
1999            	6.22938557e-02	3.84776509e-02	1.44986229e+00	7.87225001e-01	6.62637289e-01
2000            	6.22967322e-02	3.84752227e-02	1.44989814e+00	7.87245801e-01	6.62652337e-01
2001            	6.22995468e-02	3.84727502e-02	1.44993381e+00	7.87266451e-01	6.62667358e-01
2002            	6.23023133e-02	3.84702448e-02	1.44996934e+00	7.87286982e-01	6.62682355e-01
2003            	6.23051874e-02	3.84678344e-02	1.45000507e+00	7.87307724e-01	6.62697349e-01
2004            	6.23081350e-02	3.84654918e-02	1.45004092e+00	7.87328594e-01	6.62712324e-01
2005            	6.23111062e-02	3.84631781e-02	1.45007675e+00	7.87349482e-01	6.62727269e-01
