# Canonical merged NACA4412 V9 SST forceCoeffs history
# Restart overlap is resolved by retaining the later segment at duplicate iteration indices.
# Force coefficients
# liftDir       : (-6.97564737e-02 9.97564050e-01 0.00000000e+00)
# dragDir       : (9.97564050e-01 6.97564737e-02 0.00000000e+00)
# pitchAxis     : (0.00000000e+00 0.00000000e+00 1.00000000e+00)
# magUInf       : 1.50000000e+01
# lRef          : 1.00000000e+00
# Aref          : 1.00000000e-02
# CofR          : (2.50000000e-01 0.00000000e+00 0.00000000e+00)
# Time          	Cm              	Cd              	Cl              	Cl(f)           	Cl(r)           
0               	1.15782650e-03	5.10063960e-01	1.19272002e-02	7.12142659e-03	4.80577358e-03
1               	2.28540166e+00	2.18144267e+00	5.41865249e+00	4.99472790e+00	4.23924587e-01
2               	3.01719006e+00	2.46892807e+00	7.32485916e+00	6.67961964e+00	6.45239516e-01
3               	2.65108736e+00	2.01376580e+00	6.56398185e+00	5.93307828e+00	6.30903568e-01
4               	1.61543428e+00	1.15461781e+00	4.14972275e+00	3.69029566e+00	4.59427088e-01
5               	4.37299507e-01	2.76456771e-01	1.34578437e+00	1.11019169e+00	2.35592676e-01
6               	-4.91261253e-01	-3.69836839e-01	-8.87181982e-01	-9.34852244e-01	4.76702615e-02
7               	-9.61527630e-01	-6.76569261e-01	-2.04377870e+00	-1.98341698e+00	-6.03617209e-02
8               	-9.89865568e-01	-6.73200326e-01	-2.14363261e+00	-2.06168187e+00	-8.19507342e-02
9               	-7.46585567e-01	-4.83553678e-01	-1.61205467e+00	-1.55261290e+00	-5.94417676e-02
10              	-3.44237506e-01	-1.97385701e-01	-6.86187770e-01	-6.87331391e-01	1.14362125e-03
11              	3.83456320e-02	5.86814094e-02	2.06026678e-01	1.41358971e-01	6.46677068e-02
12              	3.00197793e-01	2.23611436e-01	8.21492361e-01	7.10943973e-01	1.10548387e-01
13              	4.07896903e-01	2.84456248e-01	1.08440410e+00	9.50098951e-01	1.34305145e-01
14              	3.92524095e-01	2.64952726e-01	1.06599309e+00	9.25520639e-01	1.40472449e-01
15              	3.04589118e-01	2.02099655e-01	8.85702191e-01	7.47440214e-01	1.38261977e-01
16              	1.76750999e-01	1.21304227e-01	6.07978016e-01	4.80740006e-01	1.27238009e-01
17              	5.94279758e-02	5.05866930e-02	3.45435075e-01	2.32145513e-01	1.13289562e-01
18              	-2.01859095e-02	3.85739305e-03	1.61076931e-01	6.03525561e-02	1.00724375e-01
19              	-5.08575493e-02	-1.38930926e-02	8.37745665e-02	-8.97026606e-03	9.27448325e-02
20              	-4.40223830e-02	-1.12737018e-02	8.76326985e-02	-2.06033712e-04	8.78387322e-02
21              	-1.41126805e-02	4.27581679e-03	1.42938310e-01	5.73564745e-02	8.55818356e-02
22              	2.80425258e-02	2.29055565e-02	2.28547695e-01	1.42316373e-01	8.62313218e-02
23              	7.10381022e-02	4.14276887e-02	3.22629794e-01	2.32352999e-01	9.02767948e-02
24              	1.00857802e-01	5.38809525e-02	3.92744010e-01	2.97229807e-01	9.55142031e-02
25              	1.14940369e-01	5.93457265e-02	4.31720754e-01	3.30800746e-01	1.00920008e-01
26              	1.16416638e-01	6.01496579e-02	4.45668441e-01	3.39250859e-01	1.06417582e-01
27              	1.09434652e-01	5.77179269e-02	4.42404683e-01	3.30636993e-01	1.11767689e-01
28              	9.78399260e-02	5.33328296e-02	4.27766358e-01	3.11723105e-01	1.16043253e-01
29              	8.50132223e-02	4.81068591e-02	4.07391052e-01	2.88708748e-01	1.18682304e-01
30              	7.45470349e-02	4.34265212e-02	3.88466960e-01	2.68780515e-01	1.19686445e-01
31              	6.83535065e-02	4.01354912e-02	3.75641702e-01	2.56174358e-01	1.19467345e-01
32              	6.60103900e-02	3.82457605e-02	3.68646830e-01	2.50333805e-01	1.18313025e-01
33              	6.69080029e-02	3.75667109e-02	3.67689502e-01	2.50752754e-01	1.16936748e-01
34              	7.01529157e-02	3.77692091e-02	3.71305126e-01	2.55805479e-01	1.15499647e-01
35              	7.47245804e-02	3.85422898e-02	3.78915476e-01	2.64182318e-01	1.14733157e-01
36              	7.95392798e-02	3.95200826e-02	3.88988492e-01	2.74033526e-01	1.14954966e-01
37              	8.34078024e-02	4.03376661e-02	3.99143173e-01	2.82979389e-01	1.16163784e-01
38              	8.62367836e-02	4.08829224e-02	4.09011301e-01	2.90742434e-01	1.18268867e-01
39              	8.73573759e-02	4.09941731e-02	4.15834730e-01	2.95274741e-01	1.20559989e-01
40              	8.74722648e-02	4.07906369e-02	4.21280609e-01	2.98112569e-01	1.23168040e-01
41              	8.67881202e-02	4.03555923e-02	4.24434317e-01	2.99005279e-01	1.25429039e-01
42              	8.57136201e-02	3.98097623e-02	4.26110344e-01	2.98768792e-01	1.27341552e-01
43              	8.45536783e-02	3.92778509e-02	4.26809037e-01	2.97958197e-01	1.28850840e-01
44              	8.36582604e-02	3.88676189e-02	4.26963703e-01	2.97140112e-01	1.29823591e-01
45              	8.31799533e-02	3.86261230e-02	4.27103454e-01	2.96731680e-01	1.30371774e-01
46              	8.31413203e-02	3.85516614e-02	4.27602608e-01	2.96942624e-01	1.30659984e-01
47              	8.34644416e-02	3.85961974e-02	4.28622789e-01	2.97775836e-01	1.30846953e-01
48              	8.40856594e-02	3.87413888e-02	4.30381050e-01	2.99276185e-01	1.31104866e-01
49              	8.49411875e-02	3.89493106e-02	4.32991324e-01	3.01436850e-01	1.31554475e-01
50              	8.60257158e-02	3.91953594e-02	4.36708508e-01	3.04379970e-01	1.32328538e-01
51              	8.70005912e-02	3.93427493e-02	4.40671322e-01	3.07336252e-01	1.33335070e-01
52              	8.78712802e-02	3.93743777e-02	4.45016152e-01	3.10379356e-01	1.34636796e-01
53              	8.83650918e-02	3.92511452e-02	4.48652793e-01	3.12691488e-01	1.35961305e-01
54              	8.85071531e-02	3.90200445e-02	4.51364991e-01	3.14189649e-01	1.37175342e-01
55              	8.84222884e-02	3.87736918e-02	4.52957890e-01	3.14901233e-01	1.38056656e-01
56              	8.82536989e-02	3.85256873e-02	4.54087816e-01	3.15297607e-01	1.38790209e-01
57              	8.79888363e-02	3.82468805e-02	4.55353746e-01	3.15665710e-01	1.39688037e-01
58              	8.78398272e-02	3.80581771e-02	4.56302364e-01	3.15991009e-01	1.40311355e-01
59              	8.77842760e-02	3.79298983e-02	4.57240373e-01	3.16404463e-01	1.40835911e-01
60              	8.78494991e-02	3.78803968e-02	4.58565712e-01	3.17132355e-01	1.41433357e-01
61              	8.80057623e-02	3.78693018e-02	4.59866346e-01	3.17938935e-01	1.41927411e-01
62              	8.82326649e-02	3.78852101e-02	4.61233189e-01	3.18849259e-01	1.42383929e-01
63              	8.85813895e-02	3.79492894e-02	4.62959633e-01	3.20061206e-01	1.42898427e-01
64              	8.89263902e-02	3.79956609e-02	4.64628587e-01	3.21240684e-01	1.43387903e-01
65              	8.92361803e-02	3.80102096e-02	4.66179007e-01	3.22325684e-01	1.43853323e-01
66              	8.95867264e-02	3.80142845e-02	4.67951305e-01	3.23562379e-01	1.44388926e-01
67              	8.98377101e-02	3.79651156e-02	4.69423403e-01	3.24549412e-01	1.44873991e-01
68              	9.00758891e-02	3.78812087e-02	4.70987798e-01	3.25569788e-01	1.45418010e-01
69              	9.02268798e-02	3.77564946e-02	4.72301138e-01	3.26377449e-01	1.45923689e-01
70              	9.03049250e-02	3.76040603e-02	4.73377995e-01	3.26993922e-01	1.46384072e-01
71              	9.03515312e-02	3.74190462e-02	4.74494692e-01	3.27598877e-01	1.46895815e-01
72              	9.03559801e-02	3.72323736e-02	4.75430790e-01	3.28071375e-01	1.47359415e-01
73              	9.03419162e-02	3.70548893e-02	4.76259042e-01	3.28471437e-01	1.47787605e-01
74              	9.03266231e-02	3.68767505e-02	4.77165134e-01	3.28909190e-01	1.48255944e-01
75              	9.03214931e-02	3.67204861e-02	4.78051078e-01	3.29347032e-01	1.48704046e-01
76              	9.03389498e-02	3.65734622e-02	4.79123002e-01	3.29900451e-01	1.49222551e-01
77              	9.03788642e-02	3.64501470e-02	4.80233145e-01	3.30495436e-01	1.49737708e-01
78              	9.04374424e-02	3.63451781e-02	4.81377421e-01	3.31126153e-01	1.50251268e-01
79              	9.05333052e-02	3.62524144e-02	4.82819300e-01	3.31942955e-01	1.50876345e-01
80              	9.06171213e-02	3.61659451e-02	4.84124694e-01	3.32679468e-01	1.51445226e-01
81              	9.07133782e-02	3.60833505e-02	4.85609965e-01	3.33518361e-01	1.52091604e-01
82              	9.07921439e-02	3.59974521e-02	4.87041010e-01	3.34312649e-01	1.52728361e-01
83              	9.08474261e-02	3.59043987e-02	4.88383046e-01	3.35038949e-01	1.53344097e-01
84              	9.08950870e-02	3.57994344e-02	4.89911073e-01	3.35850624e-01	1.54060450e-01
85              	9.09087693e-02	3.56847568e-02	4.91249904e-01	3.36533721e-01	1.54716183e-01
86              	9.08979665e-02	3.55621242e-02	4.92468514e-01	3.37132224e-01	1.55336291e-01
87              	9.08698077e-02	3.54208157e-02	4.93826446e-01	3.37783031e-01	1.56043415e-01
88              	9.08247434e-02	3.52777366e-02	4.95053777e-01	3.38351632e-01	1.56702145e-01
89              	9.07682411e-02	3.51323646e-02	4.96236174e-01	3.38886328e-01	1.57349846e-01
90              	9.07054254e-02	3.49891400e-02	4.97375072e-01	3.39392962e-01	1.57982111e-01
91              	9.06401577e-02	3.48509004e-02	4.98488567e-01	3.39884441e-01	1.58604126e-01
92              	9.05761715e-02	3.47222739e-02	4.99563239e-01	3.40357791e-01	1.59205448e-01
93              	9.05152123e-02	3.46047602e-02	5.00586645e-01	3.40808535e-01	1.59778110e-01
94              	9.04479686e-02	3.44792489e-02	5.01829497e-01	3.41362717e-01	1.60466780e-01
95              	9.03805008e-02	3.43642551e-02	5.03023579e-01	3.41892290e-01	1.61131289e-01
96              	9.03093166e-02	3.42562824e-02	5.04174410e-01	3.42396522e-01	1.61777888e-01
97              	9.02371893e-02	3.41596392e-02	5.05163725e-01	3.42819052e-01	1.62344673e-01
98              	9.01540759e-02	3.40603120e-02	5.06208771e-01	3.43258461e-01	1.62950310e-01
99              	9.00656415e-02	3.39634936e-02	5.07197390e-01	3.43664336e-01	1.63533053e-01
100             	8.99501885e-02	3.38507998e-02	5.08377893e-01	3.44139135e-01	1.64238758e-01
101             	8.98320369e-02	3.37425419e-02	5.09433841e-01	3.44548957e-01	1.64884884e-01
102             	8.97087067e-02	3.36355658e-02	5.10407488e-01	3.44912451e-01	1.65495037e-01
103             	8.95832645e-02	3.35310519e-02	5.11300542e-01	3.45233535e-01	1.66067006e-01
104             	8.94206142e-02	3.34075766e-02	5.12342393e-01	3.45591811e-01	1.66750582e-01
105             	8.92583839e-02	3.32887566e-02	5.13308257e-01	3.45912512e-01	1.67395745e-01
106             	8.91072660e-02	3.31798801e-02	5.14162821e-01	3.46188677e-01	1.67974145e-01
107             	8.89631296e-02	3.30780560e-02	5.14949431e-01	3.46437845e-01	1.68511586e-01
108             	8.88018025e-02	3.29708984e-02	5.15807884e-01	3.46705745e-01	1.69102139e-01
109             	8.86493881e-02	3.28710509e-02	5.16619525e-01	3.46959150e-01	1.69660374e-01
110             	8.84682482e-02	3.27616336e-02	5.17570221e-01	3.47253359e-01	1.70316862e-01
111             	8.83122044e-02	3.26671087e-02	5.18412957e-01	3.47518683e-01	1.70894274e-01
112             	8.81470586e-02	3.25724318e-02	5.19300619e-01	3.47797368e-01	1.71503251e-01
113             	8.79925177e-02	3.24851519e-02	5.20134195e-01	3.48059615e-01	1.72074580e-01
114             	8.78088833e-02	3.23903461e-02	5.21089187e-01	3.48353477e-01	1.72735710e-01
115             	8.76380648e-02	3.23036426e-02	5.21971120e-01	3.48623625e-01	1.73347495e-01
116             	8.74865591e-02	3.22269148e-02	5.22757279e-01	3.48865199e-01	1.73892080e-01
117             	8.73407728e-02	3.21538121e-02	5.23516762e-01	3.49099154e-01	1.74417608e-01
118             	8.72001018e-02	3.20830792e-02	5.24266657e-01	3.49333431e-01	1.74933227e-01
119             	8.70605879e-02	3.20127305e-02	5.25040989e-01	3.49581082e-01	1.75459906e-01
120             	8.69215137e-02	3.19421744e-02	5.25854867e-01	3.49848947e-01	1.76005920e-01
121             	8.67834213e-02	3.18715404e-02	5.26709524e-01	3.50138183e-01	1.76571341e-01
122             	8.66475749e-02	3.18017895e-02	5.27595930e-01	3.50445540e-01	1.77150390e-01
123             	8.65158184e-02	3.17342395e-02	5.28501388e-01	3.50766513e-01	1.77734876e-01
124             	8.63977735e-02	3.16736804e-02	5.29375132e-01	3.51085339e-01	1.78289792e-01
125             	8.62815184e-02	3.16141903e-02	5.30294516e-01	3.51428776e-01	1.78865740e-01
126             	8.61620848e-02	3.15530834e-02	5.31285013e-01	3.51804591e-01	1.79480421e-01
127             	8.60686162e-02	3.15073715e-02	5.32167300e-01	3.52152266e-01	1.80015034e-01
128             	8.59757108e-02	3.14615977e-02	5.33108918e-01	3.52530170e-01	1.80578748e-01
129             	8.59059742e-02	3.14303490e-02	5.33961775e-01	3.52886862e-01	1.81074913e-01
130             	8.58461342e-02	3.14052157e-02	5.34822875e-01	3.53257572e-01	1.81565303e-01
131             	8.57960321e-02	3.13868530e-02	5.35698615e-01	3.53645340e-01	1.82053275e-01
132             	8.57553723e-02	3.13757935e-02	5.36580902e-01	3.54045823e-01	1.82535079e-01
133             	8.57205423e-02	3.13702035e-02	5.37505579e-01	3.54473332e-01	1.83032247e-01
134             	8.56910673e-02	3.13705666e-02	5.38453716e-01	3.54917925e-01	1.83535791e-01
135             	8.56651293e-02	3.13764978e-02	5.39432253e-01	3.55381256e-01	1.84050997e-01
136             	8.56413354e-02	3.13870248e-02	5.40435962e-01	3.55859317e-01	1.84576646e-01
137             	8.56194203e-02	3.14026010e-02	5.41445451e-01	3.56342146e-01	1.85103305e-01
138             	8.55984693e-02	3.14218067e-02	5.42462149e-01	3.56829544e-01	1.85632605e-01
139             	8.55791063e-02	3.14450335e-02	5.43472645e-01	3.57315429e-01	1.86157216e-01
140             	8.55628954e-02	3.14730863e-02	5.44436015e-01	3.57780903e-01	1.86655112e-01
141             	8.55487856e-02	3.15044160e-02	5.45361188e-01	3.58229380e-01	1.87131808e-01
142             	8.55359018e-02	3.15374310e-02	5.46287750e-01	3.58679777e-01	1.87607973e-01
143             	8.55240060e-02	3.15715231e-02	5.47233431e-01	3.59140722e-01	1.88092710e-01
144             	8.55130209e-02	3.16065583e-02	5.48204855e-01	3.59615449e-01	1.88589407e-01
145             	8.55031230e-02	3.16428443e-02	5.49201612e-01	3.60103929e-01	1.89097683e-01
146             	8.54940279e-02	3.16791071e-02	5.50269160e-01	3.60628608e-01	1.89640552e-01
147             	8.54869560e-02	3.17192683e-02	5.51316924e-01	3.61145418e-01	1.90171506e-01
148             	8.54810495e-02	3.17624616e-02	5.52343235e-01	3.61652667e-01	1.90690568e-01
149             	8.54756016e-02	3.18082679e-02	5.53339857e-01	3.62145530e-01	1.91194327e-01
150             	8.54698479e-02	3.18558686e-02	5.54309869e-01	3.62624782e-01	1.91685086e-01
151             	8.54630652e-02	3.19043349e-02	5.55260328e-01	3.63093229e-01	1.92167099e-01
152             	8.54547405e-02	3.19528471e-02	5.56197884e-01	3.63553682e-01	1.92644201e-01
153             	8.54445272e-02	3.20007508e-02	5.57130519e-01	3.64009787e-01	1.93120732e-01
154             	8.54322314e-02	3.20476291e-02	5.58063189e-01	3.64463826e-01	1.93599363e-01
155             	8.54179439e-02	3.20933028e-02	5.59000023e-01	3.64917955e-01	1.94082067e-01
156             	8.54020373e-02	3.21377953e-02	5.59942016e-01	3.65373045e-01	1.94568971e-01
157             	8.53850198e-02	3.21812297e-02	5.60889071e-01	3.65829555e-01	1.95059515e-01
158             	8.53676710e-02	3.22247305e-02	5.61786582e-01	3.66260962e-01	1.95525620e-01
159             	8.53495460e-02	3.22649702e-02	5.62788946e-01	3.66744019e-01	1.96044927e-01
160             	8.53319770e-02	3.23051668e-02	5.63776245e-01	3.67220099e-01	1.96556146e-01
161             	8.53156250e-02	3.23463965e-02	5.64691356e-01	3.67661303e-01	1.97030053e-01
162             	8.52998141e-02	3.23849556e-02	5.65691269e-01	3.68145448e-01	1.97545820e-01
163             	8.52854911e-02	3.24241277e-02	5.66651053e-01	3.68611018e-01	1.98040035e-01
164             	8.52729010e-02	3.24643683e-02	5.67534031e-01	3.69039916e-01	1.98494114e-01
165             	8.52612759e-02	3.25019822e-02	5.68490909e-01	3.69506731e-01	1.98984179e-01
166             	8.52513997e-02	3.25401125e-02	5.69387021e-01	3.69944910e-01	1.99442111e-01
167             	8.52426221e-02	3.25763450e-02	5.70330964e-01	3.70408104e-01	1.99922860e-01
168             	8.52355657e-02	3.26128100e-02	5.71225015e-01	3.70848073e-01	2.00376942e-01
169             	8.52297288e-02	3.26480542e-02	5.72124992e-01	3.71292225e-01	2.00832767e-01
170             	8.52251382e-02	3.26819624e-02	5.73037430e-01	3.71743853e-01	2.01293577e-01
171             	8.52221579e-02	3.27146357e-02	5.73968489e-01	3.72206402e-01	2.01762086e-01
172             	8.52213532e-02	3.27459043e-02	5.74960450e-01	3.72701578e-01	2.02258872e-01
173             	8.52231438e-02	3.27779180e-02	5.75913892e-01	3.73180090e-01	2.02733802e-01
174             	8.52279732e-02	3.28099563e-02	5.76879441e-01	3.73667694e-01	2.03211747e-01
175             	8.52359090e-02	3.28421911e-02	5.77850396e-01	3.74161107e-01	2.03689289e-01
176             	8.52469784e-02	3.28746539e-02	5.78823916e-01	3.74658937e-01	2.04164980e-01
177             	8.52595259e-02	3.29082885e-02	5.79741187e-01	3.75130120e-01	2.04611068e-01
178             	8.52757102e-02	3.29411901e-02	5.80688531e-01	3.75619976e-01	2.05068555e-01
179             	8.52959451e-02	3.29734813e-02	5.81672152e-01	3.76132021e-01	2.05540131e-01
180             	8.53203823e-02	3.30055758e-02	5.82687919e-01	3.76664342e-01	2.06023577e-01
181             	8.53479522e-02	3.30376574e-02	5.83711180e-01	3.77203542e-01	2.06507638e-01
182             	8.53770567e-02	3.30696592e-02	5.84713552e-01	3.77733833e-01	2.06979719e-01
183             	8.54068478e-02	3.31012869e-02	5.85684770e-01	3.78249233e-01	2.07435537e-01
184             	8.54376079e-02	3.31322819e-02	5.86636078e-01	3.78755647e-01	2.07880431e-01
185             	8.54700881e-02	3.31624829e-02	5.87586353e-01	3.79263264e-01	2.08323088e-01
186             	8.55047079e-02	3.31917404e-02	5.88548016e-01	3.79778716e-01	2.08769300e-01
187             	8.55412934e-02	3.32199178e-02	5.89522862e-01	3.80302724e-01	2.09220138e-01
188             	8.55795076e-02	3.32469451e-02	5.90509265e-01	3.80834140e-01	2.09675125e-01
189             	8.56188834e-02	3.32727994e-02	5.91503732e-01	3.81370749e-01	2.10132982e-01
190             	8.56591351e-02	3.32975262e-02	5.92504749e-01	3.81911510e-01	2.10593239e-01
191             	8.56996618e-02	3.33210817e-02	5.93506669e-01	3.82452996e-01	2.11053673e-01
192             	8.57398252e-02	3.33433279e-02	5.94503861e-01	3.82991756e-01	2.11512105e-01
193             	8.57787596e-02	3.33640425e-02	5.95488815e-01	3.83523167e-01	2.11965648e-01
194             	8.58159725e-02	3.33830024e-02	5.96461925e-01	3.84046935e-01	2.12414990e-01
195             	8.58511833e-02	3.33999859e-02	5.97426600e-01	3.84564483e-01	2.12862117e-01
196             	8.58839375e-02	3.34147549e-02	5.98382646e-01	3.85075261e-01	2.13307386e-01
197             	8.59137166e-02	3.34271428e-02	5.99326550e-01	3.85576992e-01	2.13749559e-01
198             	8.59404258e-02	3.34370861e-02	6.00259600e-01	3.86070226e-01	2.14189374e-01
199             	8.59642494e-02	3.34445499e-02	6.01185541e-01	3.86557020e-01	2.14628521e-01
200             	8.59852868e-02	3.34495533e-02	6.02103594e-01	3.87037084e-01	2.15066510e-01
201             	8.60038033e-02	3.34521909e-02	6.03013392e-01	3.87510499e-01	2.15502893e-01
202             	8.60202567e-02	3.34525185e-02	6.03919865e-01	3.87980189e-01	2.15939676e-01
203             	8.60349510e-02	3.34505819e-02	6.04825010e-01	3.88447456e-01	2.16377554e-01
204             	8.60480349e-02	3.34464478e-02	6.05726471e-01	3.88911271e-01	2.16815201e-01
205             	8.60596959e-02	3.34402039e-02	6.06621876e-01	3.89370634e-01	2.17251242e-01
206             	8.60700857e-02	3.34319694e-02	6.07508620e-01	3.89824396e-01	2.17684224e-01
207             	8.60792858e-02	3.34217925e-02	6.08385170e-01	3.90271871e-01	2.18113299e-01
208             	8.60875070e-02	3.34096758e-02	6.09251763e-01	3.90713389e-01	2.18538375e-01
209             	8.60949849e-02	3.33955834e-02	6.10110210e-01	3.91150090e-01	2.18960120e-01
210             	8.61019811e-02	3.33795481e-02	6.10962218e-01	3.91583090e-01	2.19379128e-01
211             	8.61089055e-02	3.33616578e-02	6.11811786e-01	3.92014799e-01	2.19796988e-01
212             	8.61159192e-02	3.33420019e-02	6.12658638e-01	3.92445238e-01	2.20213400e-01
213             	8.61232250e-02	3.33206589e-02	6.13503441e-01	3.92874946e-01	2.20628495e-01
214             	8.61309670e-02	3.32977389e-02	6.14345171e-01	3.93303552e-01	2.21041618e-01
215             	8.61393707e-02	3.32733418e-02	6.15184156e-01	3.93731449e-01	2.21452707e-01
216             	8.61486453e-02	3.32475220e-02	6.16021391e-01	3.94159341e-01	2.21862050e-01
217             	8.61589613e-02	3.32203343e-02	6.16857845e-01	3.94587884e-01	2.22269961e-01
218             	8.61704195e-02	3.31918342e-02	6.17693667e-01	3.95017253e-01	2.22676414e-01
219             	8.61829579e-02	3.31620879e-02	6.18527334e-01	3.95446625e-01	2.23080709e-01
220             	8.61964813e-02	3.31311619e-02	6.19357544e-01	3.95875253e-01	2.23482291e-01
221             	8.62089048e-02	3.31019543e-02	6.20129600e-01	3.96273705e-01	2.23855895e-01
222             	8.62257804e-02	3.30664826e-02	6.20990411e-01	3.96720986e-01	2.24269425e-01
223             	8.62439304e-02	3.30302663e-02	6.21848946e-01	3.97168403e-01	2.24680543e-01
224             	8.62632673e-02	3.29938967e-02	6.22698662e-01	3.97612599e-01	2.25086064e-01
225             	8.62836814e-02	3.29576720e-02	6.23535620e-01	3.98051491e-01	2.25484129e-01
226             	8.63051619e-02	3.29215601e-02	6.24360351e-01	3.98485338e-01	2.25875014e-01
227             	8.63276638e-02	3.28853446e-02	6.25175289e-01	3.98915308e-01	2.26259981e-01
228             	8.63512563e-02	3.28487216e-02	6.25985737e-01	3.99344125e-01	2.26641612e-01
229             	8.63759961e-02	3.28114497e-02	6.26796291e-01	3.99774141e-01	2.27022149e-01
230             	8.64019233e-02	3.27733955e-02	6.27610587e-01	4.00207217e-01	2.27403370e-01
231             	8.64290443e-02	3.27345449e-02	6.28430840e-01	4.00644464e-01	2.27786376e-01
232             	8.64573367e-02	3.26949913e-02	6.29257725e-01	4.01086199e-01	2.28171526e-01
233             	8.64867263e-02	3.26548981e-02	6.30090458e-01	4.01531955e-01	2.28558503e-01
234             	8.65170989e-02	3.26144416e-02	6.30927306e-01	4.01980752e-01	2.28946554e-01
235             	8.65482951e-02	3.25737837e-02	6.31765942e-01	4.02431266e-01	2.29334676e-01
236             	8.65801491e-02	3.25330558e-02	6.32603912e-01	4.02882105e-01	2.29721807e-01
237             	8.66125282e-02	3.24923206e-02	6.33439447e-01	4.03332252e-01	2.30107195e-01
238             	8.66453335e-02	3.24516887e-02	6.34270974e-01	4.03780821e-01	2.30490154e-01
239             	8.66784995e-02	3.24112001e-02	6.35097988e-01	4.04227494e-01	2.30870495e-01
240             	8.67119618e-02	3.23708612e-02	6.35920675e-01	4.04672299e-01	2.31248375e-01
241             	8.67456368e-02	3.23306030e-02	6.36739966e-01	4.05115620e-01	2.31624346e-01
242             	8.67794120e-02	3.22904396e-02	6.37556198e-01	4.05557511e-01	2.31998687e-01
243             	8.68132166e-02	3.22503430e-02	6.38370140e-01	4.05998287e-01	2.32371853e-01
244             	8.68469811e-02	3.22102777e-02	6.39182451e-01	4.06438206e-01	2.32744244e-01
245             	8.68806641e-02	3.21702277e-02	6.39993630e-01	4.06877479e-01	2.33116151e-01
246             	8.69142160e-02	3.21301813e-02	6.40803803e-01	4.07316118e-01	2.33487685e-01
247             	8.69476464e-02	3.20901364e-02	6.41613089e-01	4.07754191e-01	2.33858898e-01
248             	8.69809220e-02	3.20500741e-02	6.42421327e-01	4.08191586e-01	2.34229742e-01
249             	8.70139821e-02	3.20099808e-02	6.43228116e-01	4.08628040e-01	2.34600076e-01
250             	8.70467582e-02	3.19698448e-02	6.44032980e-01	4.09063248e-01	2.34969732e-01
251             	8.70791930e-02	3.19296580e-02	6.44835435e-01	4.09496910e-01	2.35338524e-01
252             	8.71112398e-02	3.18894182e-02	6.45635038e-01	4.09928759e-01	2.35706279e-01
253             	8.71428479e-02	3.18491263e-02	6.46431380e-01	4.10358538e-01	2.36072842e-01
254             	8.71739641e-02	3.18087820e-02	6.47224054e-01	4.10785991e-01	2.36438063e-01
255             	8.72045341e-02	3.17683704e-02	6.48012801e-01	4.11210934e-01	2.36801866e-01
256             	8.72344885e-02	3.17278639e-02	6.48797501e-01	4.11633239e-01	2.37164262e-01
257             	8.72637729e-02	3.16872354e-02	6.49578343e-01	4.12052944e-01	2.37525398e-01
258             	8.72922858e-02	3.16464536e-02	6.50354931e-01	4.12469751e-01	2.37885180e-01
259             	8.73199646e-02	3.16054724e-02	6.51127306e-01	4.12883617e-01	2.38243688e-01
260             	8.73467701e-02	3.15642428e-02	6.51895568e-01	4.13294554e-01	2.38601014e-01
261             	8.73726856e-02	3.15227195e-02	6.52659843e-01	4.13702607e-01	2.38957236e-01
262             	8.73977275e-02	3.14808695e-02	6.53420279e-01	4.14107867e-01	2.39312412e-01
263             	8.74219351e-02	3.14386610e-02	6.54177051e-01	4.14510461e-01	2.39666591e-01
264             	8.74453185e-02	3.13960697e-02	6.54930173e-01	4.14910405e-01	2.40019768e-01
265             	8.74678663e-02	3.13530768e-02	6.55679543e-01	4.15307638e-01	2.40371905e-01
266             	8.74895576e-02	3.13096718e-02	6.56424984e-01	4.15702050e-01	2.40722935e-01
267             	8.75103414e-02	3.12658408e-02	6.57166273e-01	4.16093478e-01	2.41072795e-01
268             	8.75301390e-02	3.12215760e-02	6.57902971e-01	4.16481625e-01	2.41421347e-01
269             	8.75489068e-02	3.11768531e-02	6.58635043e-01	4.16866428e-01	2.41768615e-01
270             	8.75666203e-02	3.11316434e-02	6.59362616e-01	4.17247928e-01	2.42114687e-01
271             	8.75832364e-02	3.10859388e-02	6.60085480e-01	4.17625976e-01	2.42459503e-01
272             	8.75986752e-02	3.10397411e-02	6.60802963e-01	4.18000157e-01	2.42802806e-01
273             	8.76130204e-02	3.09930511e-02	6.61515615e-01	4.18370828e-01	2.43144787e-01
274             	8.76262682e-02	3.09458779e-02	6.62223392e-01	4.18737964e-01	2.43485428e-01
275             	8.76383920e-02	3.08982252e-02	6.62926247e-01	4.19101516e-01	2.43824732e-01
276             	8.76493547e-02	3.08500909e-02	6.63624162e-01	4.19461436e-01	2.44162726e-01
277             	8.76591324e-02	3.08014731e-02	6.64317135e-01	4.19817700e-01	2.44499435e-01
278             	8.76676983e-02	3.07523652e-02	6.65005130e-01	4.20170263e-01	2.44834867e-01
279             	8.76750509e-02	3.07027695e-02	6.65688098e-01	4.20519100e-01	2.45168998e-01
280             	8.76821012e-02	3.06497903e-02	6.66393876e-01	4.20879039e-01	2.45514837e-01
281             	8.76881706e-02	3.05962646e-02	6.67096456e-01	4.21236398e-01	2.45860057e-01
282             	8.76930792e-02	3.05427916e-02	6.67788848e-01	4.21587503e-01	2.46201345e-01
283             	8.76963333e-02	3.04907164e-02	6.68456252e-01	4.21924459e-01	2.46531793e-01
284             	8.76977889e-02	3.04403691e-02	6.69095178e-01	4.22245378e-01	2.46849800e-01
285             	8.76976634e-02	3.03908893e-02	6.69714390e-01	4.22554859e-01	2.47159532e-01
286             	8.76964483e-02	3.03412270e-02	6.70326761e-01	4.22859829e-01	2.47466932e-01
287             	8.76945126e-02	3.02906557e-02	6.70941697e-01	4.23165361e-01	2.47776336e-01
288             	8.76921479e-02	3.02388083e-02	6.71565045e-01	4.23474670e-01	2.48090375e-01
289             	8.76895066e-02	3.01856509e-02	6.72198650e-01	4.23788832e-01	2.48409818e-01
290             	8.76866019e-02	3.01314208e-02	6.72840639e-01	4.24106921e-01	2.48733717e-01
291             	8.76833236e-02	3.00765029e-02	6.73486530e-01	4.24426589e-01	2.49059941e-01
292             	8.76795061e-02	3.00212886e-02	6.74130921e-01	4.24744966e-01	2.49385954e-01
293             	8.76749736e-02	2.99660600e-02	6.74769067e-01	4.25059507e-01	2.49709560e-01
294             	8.76696057e-02	2.99109471e-02	6.75397960e-01	4.25368586e-01	2.50029374e-01
295             	8.76633334e-02	2.98560413e-02	6.76015711e-01	4.25671189e-01	2.50344522e-01
296             	8.76561886e-02	2.98011818e-02	6.76623783e-01	4.25968080e-01	2.50655703e-01
297             	8.76482382e-02	2.97462662e-02	6.77223975e-01	4.26260226e-01	2.50963749e-01
298             	8.76395767e-02	2.96912108e-02	6.77818548e-01	4.26548851e-01	2.51269697e-01
299             	8.76303175e-02	2.96359796e-02	6.78409706e-01	4.26835170e-01	2.51574535e-01
300             	8.76205817e-02	2.95805950e-02	6.78999143e-01	4.27120153e-01	2.51878990e-01
301             	8.76104528e-02	2.95251284e-02	6.79587679e-01	4.27404292e-01	2.52183387e-01
302             	8.75999910e-02	2.94696685e-02	6.80175444e-01	4.27687713e-01	2.52487731e-01
303             	8.75892042e-02	2.94142986e-02	6.80761912e-01	4.27970160e-01	2.52791752e-01
304             	8.75780775e-02	2.93590929e-02	6.81346120e-01	4.28251137e-01	2.53094982e-01
305             	8.75666262e-02	2.93041009e-02	6.81927195e-01	4.28530224e-01	2.53396971e-01
306             	8.75548678e-02	2.92493379e-02	6.82504458e-01	4.28807097e-01	2.53697361e-01
307             	8.75428016e-02	2.91947856e-02	6.83077491e-01	4.29081547e-01	2.53995944e-01
308             	8.75304431e-02	2.91404074e-02	6.83646277e-01	4.29353581e-01	2.54292695e-01
309             	8.75177568e-02	2.90861513e-02	6.84210891e-01	4.29623202e-01	2.54587689e-01
310             	8.75047048e-02	2.90319711e-02	6.84771519e-01	4.29890464e-01	2.54881055e-01
311             	8.74912594e-02	2.89778365e-02	6.85328406e-01	4.30155462e-01	2.55172944e-01
312             	8.74774144e-02	2.89237343e-02	6.85881855e-01	4.30418342e-01	2.55463513e-01
313             	8.74631820e-02	2.88696841e-02	6.86432013e-01	4.30679189e-01	2.55752825e-01
314             	8.74485936e-02	2.88157128e-02	6.86979060e-01	4.30938124e-01	2.56040937e-01
315             	8.74336819e-02	2.87618362e-02	6.87523228e-01	4.31195296e-01	2.56327932e-01
316             	8.74184902e-02	2.87080843e-02	6.88064594e-01	4.31450787e-01	2.56613807e-01
317             	8.74030796e-02	2.86544983e-02	6.88603150e-01	4.31704655e-01	2.56898495e-01
318             	8.73875488e-02	2.86011189e-02	6.89139070e-01	4.31957084e-01	2.57181986e-01
319             	8.73719666e-02	2.85479597e-02	6.89672604e-01	4.32208268e-01	2.57464335e-01
320             	8.73563415e-02	2.84950211e-02	6.90203762e-01	4.32458222e-01	2.57745540e-01
321             	8.73406478e-02	2.84422947e-02	6.90732402e-01	4.32706849e-01	2.58025553e-01
322             	8.73248610e-02	2.83897688e-02	6.91258372e-01	4.32954047e-01	2.58304325e-01
323             	8.73089581e-02	2.83374369e-02	6.91781477e-01	4.33199697e-01	2.58581780e-01
324             	8.72929272e-02	2.82852928e-02	6.92301590e-01	4.33443722e-01	2.58857868e-01
325             	8.72767749e-02	2.82333246e-02	6.92818783e-01	4.33686167e-01	2.59132617e-01
326             	8.72605090e-02	2.81815319e-02	6.93333045e-01	4.33927031e-01	2.59406013e-01
327             	8.72441370e-02	2.81299173e-02	6.93844349e-01	4.34166311e-01	2.59678037e-01
328             	8.72276832e-02	2.80784937e-02	6.94352677e-01	4.34404022e-01	2.59948655e-01
329             	8.72111959e-02	2.80272784e-02	6.94858123e-01	4.34640257e-01	2.60217865e-01
330             	8.71946991e-02	2.79762630e-02	6.95360952e-01	4.34875175e-01	2.60485777e-01
331             	8.71782045e-02	2.79254413e-02	6.95861369e-01	4.35108889e-01	2.60752480e-01
332             	8.71617320e-02	2.78748196e-02	6.96359478e-01	4.35341471e-01	2.61018007e-01
333             	8.71452991e-02	2.78244018e-02	6.96855361e-01	4.35572980e-01	2.61282381e-01
334             	8.71289237e-02	2.77741931e-02	6.97349059e-01	4.35803453e-01	2.61545606e-01
335             	8.71126257e-02	2.77241990e-02	6.97840616e-01	4.36032933e-01	2.61807682e-01
336             	8.70964215e-02	2.76744241e-02	6.98330058e-01	4.36261451e-01	2.62068608e-01
337             	8.70803189e-02	2.76248677e-02	6.98817395e-01	4.36489017e-01	2.62328379e-01
338             	8.70643039e-02	2.75755197e-02	6.99302593e-01	4.36715600e-01	2.62586992e-01
339             	8.70483581e-02	2.75263753e-02	6.99785547e-01	4.36941132e-01	2.62844415e-01
340             	8.70324694e-02	2.74774306e-02	7.00266216e-01	4.37165577e-01	2.63100639e-01
341             	8.70166537e-02	2.74286852e-02	7.00744680e-01	4.37388994e-01	2.63355687e-01
342             	8.70009491e-02	2.73801423e-02	7.01221091e-01	4.37611495e-01	2.63609597e-01
343             	8.69853867e-02	2.73318067e-02	7.01695548e-01	4.37833161e-01	2.63862387e-01
344             	8.69699739e-02	2.72836788e-02	7.02168070e-01	4.38054009e-01	2.64114061e-01
345             	8.69546953e-02	2.72357534e-02	7.02638611e-01	4.38274001e-01	2.64364610e-01
346             	8.69395299e-02	2.71880263e-02	7.03107080e-01	4.38493070e-01	2.64614010e-01
347             	8.69244650e-02	2.71404946e-02	7.03573404e-01	4.38711167e-01	2.64862237e-01
348             	8.69094972e-02	2.70931525e-02	7.04037570e-01	4.38928282e-01	2.65109288e-01
349             	8.68946225e-02	2.70459844e-02	7.04499671e-01	4.39144458e-01	2.65355213e-01
350             	8.68798360e-02	2.69989826e-02	7.04959748e-01	4.39359710e-01	2.65600038e-01
351             	8.68651517e-02	2.69521520e-02	7.05417809e-01	4.39574056e-01	2.65843753e-01
352             	8.68506069e-02	2.69055031e-02	7.05873900e-01	4.39787557e-01	2.66086343e-01
353             	8.68362464e-02	2.68590427e-02	7.06328124e-01	4.40000309e-01	2.66327816e-01
354             	8.68220826e-02	2.68127707e-02	7.06780514e-01	4.40212340e-01	2.66568174e-01
355             	8.68081042e-02	2.67666776e-02	7.07231083e-01	4.40423646e-01	2.66807437e-01
356             	8.67942908e-02	2.67207540e-02	7.07679797e-01	4.40634189e-01	2.67045608e-01
357             	8.67806108e-02	2.66749861e-02	7.08126602e-01	4.40843912e-01	2.67282690e-01
358             	8.67670309e-02	2.66293576e-02	7.08571427e-01	4.41052744e-01	2.67518683e-01
359             	8.67535118e-02	2.65838516e-02	7.09014165e-01	4.41260594e-01	2.67753570e-01
360             	8.67400310e-02	2.65384549e-02	7.09454750e-01	4.41467406e-01	2.67987344e-01
361             	8.67265924e-02	2.64931608e-02	7.09893185e-01	4.41673185e-01	2.68220000e-01
362             	8.67132223e-02	2.64479691e-02	7.10329545e-01	4.41877995e-01	2.68451550e-01
363             	8.66999498e-02	2.64028807e-02	7.10763935e-01	4.42081917e-01	2.68682018e-01
364             	8.66867999e-02	2.63578996e-02	7.11196447e-01	4.42285024e-01	2.68911424e-01
365             	8.66737797e-02	2.63130300e-02	7.11627091e-01	4.42487325e-01	2.69139766e-01
366             	8.66608785e-02	2.62682700e-02	7.12055848e-01	4.42688803e-01	2.69367046e-01
367             	8.66480768e-02	2.62236160e-02	7.12482669e-01	4.42889411e-01	2.69593258e-01
368             	8.66353544e-02	2.61790624e-02	7.12907498e-01	4.43089103e-01	2.69818394e-01
369             	8.66227088e-02	2.61346037e-02	7.13330353e-01	4.43287885e-01	2.70042468e-01
370             	8.66101427e-02	2.60902375e-02	7.13751253e-01	4.43485769e-01	2.70265484e-01
371             	8.65976500e-02	2.60459603e-02	7.14170198e-01	4.43682749e-01	2.70487449e-01
372             	8.65852340e-02	2.60017740e-02	7.14587200e-01	4.43878834e-01	2.70708366e-01
373             	8.65728948e-02	2.59576827e-02	7.15002237e-01	4.44074014e-01	2.70928224e-01
374             	8.65606280e-02	2.59136894e-02	7.15415280e-01	4.44268268e-01	2.71147012e-01
375             	8.65484273e-02	2.58697947e-02	7.15826303e-01	4.44461579e-01	2.71364724e-01
376             	8.65362885e-02	2.58260000e-02	7.16235285e-01	4.44653931e-01	2.71581354e-01
377             	8.65242101e-02	2.57823050e-02	7.16642237e-01	4.44845329e-01	2.71796908e-01
378             	8.65121875e-02	2.57387077e-02	7.17047182e-01	4.45035778e-01	2.72011404e-01
379             	8.65002168e-02	2.56952094e-02	7.17450131e-01	4.45225282e-01	2.72224849e-01
380             	8.64882957e-02	2.56518130e-02	7.17851092e-01	4.45413842e-01	2.72437251e-01
381             	8.64764322e-02	2.56085228e-02	7.18250102e-01	4.45601483e-01	2.72648619e-01
382             	8.64646312e-02	2.55653446e-02	7.18647176e-01	4.45788219e-01	2.72858957e-01
383             	8.64528779e-02	2.55222798e-02	7.19042280e-01	4.45974018e-01	2.73068262e-01
384             	8.64411661e-02	2.54793313e-02	7.19435411e-01	4.46158872e-01	2.73276539e-01
385             	8.64294961e-02	2.54365030e-02	7.19826583e-01	4.46342787e-01	2.73483795e-01
386             	8.64178695e-02	2.53938002e-02	7.20215792e-01	4.46525766e-01	2.73690027e-01
387             	8.64062896e-02	2.53512263e-02	7.20603053e-01	4.46707816e-01	2.73895237e-01
388             	8.63947518e-02	2.53087841e-02	7.20988344e-01	4.46888924e-01	2.74099420e-01
389             	8.63832496e-02	2.52664774e-02	7.21371641e-01	4.47069070e-01	2.74302571e-01
390             	8.63717863e-02	2.52243128e-02	7.21752959e-01	4.47248266e-01	2.74504693e-01
391             	8.63603710e-02	2.51823005e-02	7.22132311e-01	4.47426527e-01	2.74705785e-01
392             	8.63490031e-02	2.51404473e-02	7.22509700e-01	4.47603853e-01	2.74905847e-01
393             	8.63376701e-02	2.50987546e-02	7.22885114e-01	4.47780227e-01	2.75104887e-01
394             	8.63263566e-02	2.50572213e-02	7.23258557e-01	4.47955635e-01	2.75302922e-01
395             	8.63150515e-02	2.50158449e-02	7.23630041e-01	4.48130072e-01	2.75499969e-01
396             	8.63037530e-02	2.49746234e-02	7.23999609e-01	4.48303557e-01	2.75696051e-01
397             	8.62924679e-02	2.49335626e-02	7.24367280e-01	4.48476108e-01	2.75891172e-01
398             	8.62812016e-02	2.48926691e-02	7.24733068e-01	4.48647736e-01	2.76085332e-01
399             	8.62699467e-02	2.48519450e-02	7.25096953e-01	4.48818423e-01	2.76278530e-01
400             	8.62586847e-02	2.48113919e-02	7.25458853e-01	4.48988111e-01	2.76470742e-01
401             	8.62474087e-02	2.47710073e-02	7.25818756e-01	4.49156787e-01	2.76661969e-01
402             	8.62361381e-02	2.47307962e-02	7.26176698e-01	4.49324487e-01	2.76852211e-01
403             	8.62248908e-02	2.46907670e-02	7.26532694e-01	4.49491238e-01	2.77041456e-01
404             	8.62136702e-02	2.46509242e-02	7.26886757e-01	4.49657048e-01	2.77229708e-01
405             	8.62024701e-02	2.46112651e-02	7.27238916e-01	4.49821928e-01	2.77416988e-01
406             	8.61912841e-02	2.45717835e-02	7.27589219e-01	4.49985894e-01	2.77603325e-01
407             	8.61801052e-02	2.45324766e-02	7.27937677e-01	4.50148944e-01	2.77788733e-01
408             	8.61689215e-02	2.44933398e-02	7.28284284e-01	4.50311063e-01	2.77973220e-01
409             	8.61577072e-02	2.44543654e-02	7.28628986e-01	4.50472200e-01	2.78156786e-01
410             	8.61464435e-02	2.44155458e-02	7.28971749e-01	4.50632318e-01	2.78339431e-01
411             	8.61351214e-02	2.43768814e-02	7.29312509e-01	4.50791376e-01	2.78521133e-01
412             	8.61237372e-02	2.43383736e-02	7.29651220e-01	4.50949347e-01	2.78701873e-01
413             	8.61122881e-02	2.43000198e-02	7.29987873e-01	4.51106224e-01	2.78881648e-01
414             	8.61007709e-02	2.42618183e-02	7.30322444e-01	4.51261993e-01	2.79060451e-01
415             	8.60891837e-02	2.42237675e-02	7.30654925e-01	4.51416646e-01	2.79238279e-01
416             	8.60775430e-02	2.41858715e-02	7.30985347e-01	4.51570216e-01	2.79415130e-01
417             	8.60658815e-02	2.41481367e-02	7.31313818e-01	4.51722791e-01	2.79591028e-01
418             	8.60542159e-02	2.41105575e-02	7.31640490e-01	4.51874461e-01	2.79766029e-01
419             	8.60425454e-02	2.40731255e-02	7.31965447e-01	4.52025269e-01	2.79940178e-01
420             	8.60308534e-02	2.40358333e-02	7.32288680e-01	4.52175194e-01	2.80113487e-01
421             	8.60191196e-02	2.39986759e-02	7.32610132e-01	4.52324186e-01	2.80285947e-01
422             	8.60073212e-02	2.39616497e-02	7.32929711e-01	4.52472176e-01	2.80457534e-01
423             	8.59954407e-02	2.39247551e-02	7.33247307e-01	4.52619094e-01	2.80628213e-01
424             	8.59834651e-02	2.38879923e-02	7.33562842e-01	4.52764886e-01	2.80797956e-01
425             	8.59713863e-02	2.38513614e-02	7.33876256e-01	4.52909514e-01	2.80966742e-01
426             	8.59592106e-02	2.38148649e-02	7.34187542e-01	4.53052982e-01	2.81134561e-01
427             	8.59469571e-02	2.37785070e-02	7.34496737e-01	4.53195326e-01	2.81301411e-01
428             	8.59346521e-02	2.37422913e-02	7.34803926e-01	4.53336615e-01	2.81467311e-01
429             	8.59223139e-02	2.37062205e-02	7.35109188e-01	4.53476908e-01	2.81632280e-01
430             	8.59099469e-02	2.36702941e-02	7.35412573e-01	4.53616233e-01	2.81796339e-01
431             	8.58975410e-02	2.36345065e-02	7.35714104e-01	4.53754593e-01	2.81959511e-01
432             	8.58850892e-02	2.35988522e-02	7.36013808e-01	4.53891993e-01	2.82121815e-01
433             	8.58725693e-02	2.35633208e-02	7.36311668e-01	4.54028403e-01	2.82283265e-01
434             	8.58599508e-02	2.35279032e-02	7.36607610e-01	4.54163756e-01	2.82443854e-01
435             	8.58472262e-02	2.34926013e-02	7.36901574e-01	4.54298013e-01	2.82603561e-01
436             	8.58343983e-02	2.34574199e-02	7.37193532e-01	4.54431164e-01	2.82762368e-01
437             	8.58214692e-02	2.34223608e-02	7.37483477e-01	4.54563208e-01	2.82920269e-01
438             	8.58084491e-02	2.33874278e-02	7.37771412e-01	4.54694155e-01	2.83077257e-01
439             	8.57953465e-02	2.33526216e-02	7.38057372e-01	4.54824033e-01	2.83233340e-01
440             	8.57821787e-02	2.33179449e-02	7.38341415e-01	4.54952886e-01	2.83388529e-01
441             	8.57689616e-02	2.32834027e-02	7.38623579e-01	4.55080751e-01	2.83542828e-01
442             	8.57557080e-02	2.32489999e-02	7.38903896e-01	4.55207656e-01	2.83696240e-01
443             	8.57424241e-02	2.32147393e-02	7.39182387e-01	4.55333618e-01	2.83848769e-01
444             	8.57291074e-02	2.31806212e-02	7.39459057e-01	4.55458636e-01	2.84000421e-01
445             	8.57157510e-02	2.31466429e-02	7.39733908e-01	4.55582705e-01	2.84151203e-01
446             	8.57023470e-02	2.31128017e-02	7.40006932e-01	4.55705813e-01	2.84301119e-01
447             	8.56888866e-02	2.30790947e-02	7.40278117e-01	4.55827945e-01	2.84450172e-01
448             	8.56753604e-02	2.30455213e-02	7.40547424e-01	4.55949072e-01	2.84598351e-01
449             	8.56617621e-02	2.30120821e-02	7.40814814e-01	4.56069169e-01	2.84745645e-01
450             	8.56480918e-02	2.29787772e-02	7.41080292e-01	4.56188238e-01	2.84892054e-01
451             	8.56343459e-02	2.29456048e-02	7.41343860e-01	4.56306276e-01	2.85037584e-01
452             	8.56205255e-02	2.29125670e-02	7.41605512e-01	4.56423281e-01	2.85182230e-01
453             	8.56066455e-02	2.28796698e-02	7.41865277e-01	4.56539284e-01	2.85325993e-01
454             	8.55927355e-02	2.28469205e-02	7.42123243e-01	4.56654357e-01	2.85468886e-01
455             	8.55788115e-02	2.28143194e-02	7.42379490e-01	4.56768556e-01	2.85610933e-01
456             	8.55648762e-02	2.27818644e-02	7.42634056e-01	4.56881904e-01	2.85752152e-01
457             	8.55509250e-02	2.27495528e-02	7.42886951e-01	4.56994400e-01	2.85892550e-01
458             	8.55369483e-02	2.27173833e-02	7.43138142e-01	4.57106019e-01	2.86032122e-01
459             	8.55229396e-02	2.26853579e-02	7.43387591e-01	4.57216735e-01	2.86170856e-01
460             	8.55088946e-02	2.26534772e-02	7.43635275e-01	4.57326532e-01	2.86308743e-01
461             	8.54948106e-02	2.26217397e-02	7.43881194e-01	4.57435408e-01	2.86445786e-01
462             	8.54806894e-02	2.25901456e-02	7.44125358e-01	4.57543368e-01	2.86581989e-01
463             	8.54665323e-02	2.25586964e-02	7.44367767e-01	4.57650416e-01	2.86717351e-01
464             	8.54523434e-02	2.25273928e-02	7.44608436e-01	4.57756561e-01	2.86851875e-01
465             	8.54381286e-02	2.24962368e-02	7.44847382e-01	4.57861820e-01	2.86985563e-01
466             	8.54239008e-02	2.24652338e-02	7.45084634e-01	4.57966218e-01	2.87118416e-01
467             	8.54096707e-02	2.24343876e-02	7.45320222e-01	4.58069782e-01	2.87250440e-01
468             	8.53954396e-02	2.24036974e-02	7.45554167e-01	4.58172523e-01	2.87381644e-01
469             	8.53812037e-02	2.23731622e-02	7.45786462e-01	4.58274434e-01	2.87512027e-01
470             	8.53669598e-02	2.23427831e-02	7.46017081e-01	4.58375500e-01	2.87641581e-01
471             	8.53527190e-02	2.23125645e-02	7.46246035e-01	4.58475737e-01	2.87770299e-01
472             	8.53385066e-02	2.22825116e-02	7.46473380e-01	4.58575197e-01	2.87898184e-01
473             	8.53243293e-02	2.22526235e-02	7.46699161e-01	4.58673910e-01	2.88025251e-01
474             	8.53101873e-02	2.22228973e-02	7.46923423e-01	4.58771899e-01	2.88151524e-01
475             	8.52960777e-02	2.21933315e-02	7.47146192e-01	4.58869174e-01	2.88277018e-01
476             	8.52819930e-02	2.21639238e-02	7.47367477e-01	4.58965731e-01	2.88401745e-01
477             	8.52679252e-02	2.21346728e-02	7.47587271e-01	4.59061560e-01	2.88525710e-01
478             	8.52538729e-02	2.21055792e-02	7.47805570e-01	4.59156658e-01	2.88648912e-01
479             	8.52398387e-02	2.20766454e-02	7.48022361e-01	4.59251019e-01	2.88771342e-01
480             	8.52258237e-02	2.20478728e-02	7.48237623e-01	4.59344635e-01	2.88892988e-01
481             	8.52118311e-02	2.20192614e-02	7.48451353e-01	4.59437508e-01	2.89013846e-01
482             	8.51978641e-02	2.19908112e-02	7.48663556e-01	4.59529642e-01	2.89133914e-01
483             	8.51839258e-02	2.19625218e-02	7.48874249e-01	4.59621050e-01	2.89253199e-01
484             	8.51700206e-02	2.19343919e-02	7.49083470e-01	4.59711756e-01	2.89371714e-01
485             	8.51561507e-02	2.19064237e-02	7.49291234e-01	4.59801768e-01	2.89489467e-01
486             	8.51423203e-02	2.18786213e-02	7.49497545e-01	4.59891093e-01	2.89606452e-01
487             	8.51285426e-02	2.18509897e-02	7.49702434e-01	4.59979759e-01	2.89722674e-01
488             	8.51148365e-02	2.18235381e-02	7.49905924e-01	4.60067798e-01	2.89838125e-01
489             	8.51012214e-02	2.17962651e-02	7.50108123e-01	4.60155283e-01	2.89952840e-01
490             	8.50877036e-02	2.17691697e-02	7.50309088e-01	4.60242248e-01	2.90066840e-01
491             	8.50742770e-02	2.17422467e-02	7.50508846e-01	4.60328700e-01	2.90180146e-01
492             	8.50609287e-02	2.17154948e-02	7.50707359e-01	4.60414608e-01	2.90292751e-01
493             	8.50476447e-02	2.16889152e-02	7.50904557e-01	4.60499923e-01	2.90404634e-01
494             	8.50344172e-02	2.16625023e-02	7.51100445e-01	4.60584640e-01	2.90515805e-01
495             	8.50212395e-02	2.16362590e-02	7.51294960e-01	4.60668719e-01	2.90626240e-01
496             	8.50081139e-02	2.16101830e-02	7.51488114e-01	4.60752171e-01	2.90735943e-01
497             	8.49950467e-02	2.15842724e-02	7.51679943e-01	4.60835018e-01	2.90844925e-01
498             	8.49820489e-02	2.15585297e-02	7.51870475e-01	4.60917286e-01	2.90953189e-01
499             	8.49691311e-02	2.15329634e-02	7.52059692e-01	4.60998977e-01	2.91060715e-01
500             	8.49563035e-02	2.15075722e-02	7.52247660e-01	4.61080133e-01	2.91167526e-01
501             	8.49435689e-02	2.14823571e-02	7.52434404e-01	4.61160771e-01	2.91273633e-01
502             	8.49309343e-02	2.14573235e-02	7.52619934e-01	4.61240901e-01	2.91379032e-01
503             	8.49184064e-02	2.14324727e-02	7.52804271e-01	4.61320542e-01	2.91483729e-01
504             	8.49059918e-02	2.14077990e-02	7.52987497e-01	4.61399740e-01	2.91587757e-01
505             	8.48936943e-02	2.13832985e-02	7.53169674e-01	4.61478531e-01	2.91691143e-01
506             	8.48815156e-02	2.13589732e-02	7.53350805e-01	4.61556918e-01	2.91793887e-01
507             	8.48694481e-02	2.13348216e-02	7.53530880e-01	4.61634888e-01	2.91895992e-01
508             	8.48574824e-02	2.13108418e-02	7.53709877e-01	4.61712421e-01	2.91997456e-01
509             	8.48456066e-02	2.12870365e-02	7.53887724e-01	4.61789469e-01	2.92098256e-01
510             	8.48338182e-02	2.12634040e-02	7.54064395e-01	4.61866016e-01	2.92198379e-01
511             	8.48221204e-02	2.12399634e-02	7.54239769e-01	4.61942005e-01	2.92297764e-01
512             	8.48105870e-02	2.12168508e-02	7.54412970e-01	4.62017072e-01	2.92395898e-01
513             	8.47994019e-02	2.11945018e-02	7.54581567e-01	4.62090186e-01	2.92491382e-01
514             	8.47882973e-02	2.11721944e-02	7.54749359e-01	4.62162977e-01	2.92586382e-01
515             	8.47770884e-02	2.11496337e-02	7.54918870e-01	4.62236524e-01	2.92682347e-01
516             	8.47658730e-02	2.11268686e-02	7.55089638e-01	4.62310692e-01	2.92778946e-01
517             	8.47546905e-02	2.11041112e-02	7.55261031e-01	4.62385206e-01	2.92875825e-01
518             	8.47435700e-02	2.10813098e-02	7.55432870e-01	4.62460005e-01	2.92972865e-01
519             	8.47325828e-02	2.10587558e-02	7.55603785e-01	4.62534475e-01	2.93069310e-01
520             	8.47217299e-02	2.10363453e-02	7.55773665e-01	4.62608562e-01	2.93165103e-01
521             	8.47110715e-02	2.10143333e-02	7.55941297e-01	4.62681720e-01	2.93259577e-01
522             	8.47005720e-02	2.09925300e-02	7.56107113e-01	4.62754128e-01	2.93352984e-01
523             	8.46902623e-02	2.09711308e-02	7.56270373e-01	4.62825449e-01	2.93444924e-01
524             	8.46800780e-02	2.09498891e-02	7.56432052e-01	4.62896104e-01	2.93535948e-01
525             	8.46700379e-02	2.09289726e-02	7.56591724e-01	4.62965900e-01	2.93625824e-01
526             	8.46600625e-02	2.09081237e-02	7.56750548e-01	4.63035336e-01	2.93715211e-01
527             	8.46501844e-02	2.08875143e-02	7.56908122e-01	4.63104245e-01	2.93803877e-01
528             	8.46403386e-02	2.08669110e-02	7.57065509e-01	4.63173093e-01	2.93892416e-01
529             	8.46305888e-02	2.08465123e-02	7.57222078e-01	4.63241628e-01	2.93980450e-01
530             	8.46208882e-02	2.08261147e-02	7.57378696e-01	4.63310236e-01	2.94068460e-01
531             	8.46113182e-02	2.08059303e-02	7.57534509e-01	4.63378573e-01	2.94155936e-01
532             	8.46018415e-02	2.07857761e-02	7.57690239e-01	4.63446961e-01	2.94243278e-01
533             	8.45925381e-02	2.07658694e-02	7.57844880e-01	4.63514978e-01	2.94329902e-01
534             	8.45833463e-02	2.07460255e-02	7.57999098e-01	4.63582895e-01	2.94416202e-01
535             	8.45743375e-02	2.07264520e-02	7.58151890e-01	4.63650282e-01	2.94501608e-01
536             	8.45654287e-02	2.07069509e-02	7.58304039e-01	4.63717448e-01	2.94586591e-01
537             	8.45566774e-02	2.06877139e-02	7.58454619e-01	4.63783987e-01	2.94670632e-01
538             	8.45479870e-02	2.06685357e-02	7.58604524e-01	4.63850249e-01	2.94754275e-01
539             	8.45394135e-02	2.06495989e-02	7.58752895e-01	4.63915861e-01	2.94837034e-01
540             	8.45308712e-02	2.06307059e-02	7.58900715e-01	4.63981229e-01	2.94919486e-01
541             	8.45224368e-02	2.06120398e-02	7.59047167e-01	4.64046020e-01	2.95001147e-01
542             	8.45140460e-02	2.05934170e-02	7.59193258e-01	4.64110675e-01	2.95082583e-01
543             	8.45057866e-02	2.05750189e-02	7.59338159e-01	4.64174866e-01	2.95163293e-01
544             	8.44975881e-02	2.05566718e-02	7.59482805e-01	4.64238991e-01	2.95243815e-01
545             	8.44895259e-02	2.05385466e-02	7.59626287e-01	4.64302669e-01	2.95323618e-01
546             	8.44815270e-02	2.05204766e-02	7.59769494e-01	4.64366274e-01	2.95403220e-01
547             	8.44736688e-02	2.05026275e-02	7.59911492e-01	4.64429415e-01	2.95482077e-01
548             	8.44658780e-02	2.04848413e-02	7.60053151e-01	4.64492453e-01	2.95560697e-01
549             	8.44582224e-02	2.04672697e-02	7.60193542e-01	4.64554993e-01	2.95638548e-01
550             	8.44506242e-02	2.04497561e-02	7.60333548e-01	4.64617398e-01	2.95716150e-01
551             	8.44431510e-02	2.04324469e-02	7.60472253e-01	4.64679277e-01	2.95792975e-01
552             	8.44357246e-02	2.04151901e-02	7.60610567e-01	4.64741008e-01	2.95869559e-01
553             	8.44280357e-02	2.03972936e-02	7.60752558e-01	4.64804315e-01	2.95948243e-01
554             	8.44208627e-02	2.03806577e-02	7.60886561e-01	4.64864143e-01	2.96022418e-01
555             	8.44135425e-02	2.03636671e-02	7.61021798e-01	4.64924441e-01	2.96097356e-01
556             	8.44064877e-02	2.03470696e-02	7.61156077e-01	4.64984526e-01	2.96171551e-01
557             	8.43996792e-02	2.03310101e-02	7.61286837e-01	4.65043098e-01	2.96243739e-01
558             	8.43926574e-02	2.03143862e-02	7.61420284e-01	4.65102799e-01	2.96317484e-01
559             	8.43857788e-02	2.02979142e-02	7.61554129e-01	4.65162843e-01	2.96391286e-01
560             	8.43791487e-02	2.02820331e-02	7.61684128e-01	4.65221213e-01	2.96462915e-01
561             	8.43723375e-02	2.02656718e-02	7.61816278e-01	4.65280476e-01	2.96535801e-01
562             	8.43656333e-02	2.02494346e-02	7.61948693e-01	4.65339980e-01	2.96608713e-01
563             	8.43591967e-02	2.02338830e-02	7.62076470e-01	4.65397432e-01	2.96679038e-01
564             	8.43525880e-02	2.02178930e-02	7.62205958e-01	4.65455567e-01	2.96750391e-01
565             	8.43460717e-02	2.02020297e-02	7.62335476e-01	4.65513810e-01	2.96821666e-01
566             	8.43395210e-02	2.01861077e-02	7.62464488e-01	4.65571765e-01	2.96892723e-01
567             	8.43322307e-02	2.01677864e-02	7.62608217e-01	4.65636339e-01	2.96971878e-01
568             	8.43257528e-02	2.01520372e-02	7.62737239e-01	4.65694372e-01	2.97042867e-01
569             	8.43199783e-02	2.01384897e-02	7.62852226e-01	4.65746091e-01	2.97106135e-01
570             	8.43144875e-02	2.01256828e-02	7.62961385e-01	4.65795180e-01	2.97166205e-01
571             	8.43088147e-02	2.01122925e-02	7.63072829e-01	4.65845229e-01	2.97227600e-01
572             	8.43025122e-02	2.00968091e-02	7.63197072e-01	4.65901048e-01	2.97296024e-01
573             	8.42965270e-02	2.00822271e-02	7.63316353e-01	4.65954704e-01	2.97361649e-01
574             	8.42903933e-02	2.00671000e-02	7.63439406e-01	4.66010096e-01	2.97429310e-01
575             	8.42842343e-02	2.00518335e-02	7.63564205e-01	4.66066337e-01	2.97497868e-01
576             	8.42781729e-02	2.00367981e-02	7.63687837e-01	4.66122091e-01	2.97565745e-01
577             	8.42721636e-02	2.00218207e-02	7.63811462e-01	4.66177895e-01	2.97633568e-01
578             	8.42662963e-02	2.00072164e-02	7.63932367e-01	4.66232480e-01	2.97699887e-01
579             	8.42605191e-02	1.99928339e-02	7.64051581e-01	4.66286310e-01	2.97765271e-01
580             	8.42548095e-02	1.99787048e-02	7.64168303e-01	4.66338961e-01	2.97829342e-01
581             	8.42491575e-02	1.99647459e-02	7.64283578e-01	4.66390946e-01	2.97892631e-01
582             	8.42435132e-02	1.99509329e-02	7.64397126e-01	4.66442076e-01	2.97955050e-01
583             	8.42377450e-02	1.99366901e-02	7.64513173e-01	4.66494332e-01	2.98018842e-01
584             	8.42322383e-02	1.99236143e-02	7.64621609e-01	4.66543043e-01	2.98078566e-01
585             	8.42262414e-02	1.99080995e-02	7.64745960e-01	4.66599222e-01	2.98146739e-01
586             	8.42204927e-02	1.98938779e-02	7.64862983e-01	4.66651984e-01	2.98210999e-01
587             	8.42150336e-02	1.98810961e-02	7.64970333e-01	4.66700200e-01	2.98270133e-01
588             	8.42096111e-02	1.98685012e-02	7.65075873e-01	4.66747548e-01	2.98328325e-01
589             	8.42042461e-02	1.98562255e-02	7.65178418e-01	4.66793455e-01	2.98384963e-01
590             	8.41988683e-02	1.98439052e-02	7.65280195e-01	4.66838966e-01	2.98441229e-01
591             	8.41934048e-02	1.98311855e-02	7.65384007e-01	4.66885408e-01	2.98498599e-01
592             	8.41878558e-02	1.98180015e-02	7.65490907e-01	4.66933309e-01	2.98557598e-01
593             	8.41822649e-02	1.98044640e-02	7.65600704e-01	4.66982617e-01	2.98618087e-01
594             	8.41766907e-02	1.97907705e-02	7.65712368e-01	4.67032875e-01	2.98679493e-01
595             	8.41711821e-02	1.97771277e-02	7.65824474e-01	4.67083419e-01	2.98741055e-01
596             	8.41657660e-02	1.97636964e-02	7.65935630e-01	4.67133581e-01	2.98802049e-01
597             	8.41604468e-02	1.97505646e-02	7.66044798e-01	4.67182846e-01	2.98861952e-01
598             	8.41552003e-02	1.97377451e-02	7.66151425e-01	4.67230913e-01	2.98920512e-01
599             	8.41499900e-02	1.97251964e-02	7.66255460e-01	4.67277720e-01	2.98977740e-01
600             	8.41447730e-02	1.97128459e-02	7.66357234e-01	4.67323390e-01	2.99033844e-01
601             	8.41395170e-02	1.97006152e-02	7.66457316e-01	4.67368175e-01	2.99089141e-01
602             	8.41341977e-02	1.96884365e-02	7.66556321e-01	4.67412358e-01	2.99143963e-01
603             	8.41288105e-02	1.96762671e-02	7.66654783e-01	4.67456202e-01	2.99198581e-01
604             	8.41233689e-02	1.96640912e-02	7.66753073e-01	4.67499905e-01	2.99253168e-01
605             	8.41178986e-02	1.96519150e-02	7.66851364e-01	4.67543581e-01	2.99307784e-01
606             	8.41124338e-02	1.96397602e-02	7.66949663e-01	4.67587265e-01	2.99362398e-01
607             	8.41070040e-02	1.96276521e-02	7.67047842e-01	4.67630925e-01	2.99416917e-01
608             	8.41016253e-02	1.96156110e-02	7.67145710e-01	4.67674480e-01	2.99471230e-01
609             	8.40962992e-02	1.96036507e-02	7.67243048e-01	4.67717823e-01	2.99525225e-01
610             	8.40910127e-02	1.95917767e-02	7.67339659e-01	4.67760842e-01	2.99578817e-01
611             	8.40857447e-02	1.95799869e-02	7.67435402e-01	4.67803446e-01	2.99631957e-01
612             	8.40805317e-02	1.95686881e-02	7.67526925e-01	4.67843994e-01	2.99682931e-01
613             	8.40752031e-02	1.95565178e-02	7.67625152e-01	4.67887779e-01	2.99737373e-01
614             	8.40699101e-02	1.95446479e-02	7.67720904e-01	4.67930362e-01	2.99790542e-01
615             	8.40646464e-02	1.95331114e-02	7.67813802e-01	4.67971547e-01	2.99842254e-01
616             	8.40594324e-02	1.95222100e-02	7.67901255e-01	4.68010060e-01	2.99891195e-01
617             	8.40540567e-02	1.95101063e-02	7.67997422e-01	4.68052768e-01	2.99944655e-01
618             	8.40487004e-02	1.94983218e-02	7.68091480e-01	4.68094440e-01	2.99997039e-01
619             	8.40433495e-02	1.94865515e-02	7.68185522e-01	4.68136111e-01	3.00049412e-01
620             	8.40380388e-02	1.94754953e-02	7.68274142e-01	4.68175110e-01	3.00099032e-01
621             	8.40327997e-02	1.94655590e-02	7.68353785e-01	4.68209692e-01	3.00144093e-01
622             	8.40274894e-02	1.94555447e-02	7.68432788e-01	4.68243883e-01	3.00188904e-01
623             	8.40221468e-02	1.94455425e-02	7.68510600e-01	4.68277447e-01	3.00233153e-01
624             	8.40165074e-02	1.94338461e-02	7.68600720e-01	4.68316867e-01	3.00283852e-01
625             	8.40109129e-02	1.94220794e-02	7.68692447e-01	4.68357136e-01	3.00335310e-01
626             	8.40054082e-02	1.94101088e-02	7.68786935e-01	4.68398876e-01	3.00388059e-01
627             	8.40000650e-02	1.93988269e-02	7.68877200e-01	4.68438665e-01	3.00438535e-01
628             	8.39948963e-02	1.93888061e-02	7.68958004e-01	4.68473898e-01	3.00484106e-01
629             	8.39897851e-02	1.93792624e-02	7.69033908e-01	4.68506739e-01	3.00527169e-01
630             	8.39844004e-02	1.93680471e-02	7.69121310e-01	4.68545055e-01	3.00576255e-01
631             	8.39790448e-02	1.93573871e-02	7.69204038e-01	4.68581064e-01	3.00622974e-01
632             	8.39736174e-02	1.93464596e-02	7.69288488e-01	4.68617862e-01	3.00670627e-01
633             	8.39683099e-02	1.93365610e-02	7.69365368e-01	4.68650994e-01	3.00714374e-01
634             	8.39630474e-02	1.93270431e-02	7.69439103e-01	4.68682599e-01	3.00756504e-01
635             	8.39574414e-02	1.93158142e-02	7.69524694e-01	4.68719788e-01	3.00804906e-01
636             	8.39519029e-02	1.93049082e-02	7.69608488e-01	4.68756147e-01	3.00852341e-01
637             	8.39464907e-02	1.92947110e-02	7.69687464e-01	4.68790223e-01	3.00897241e-01
638             	8.39410888e-02	1.92845905e-02	7.69765676e-01	4.68823927e-01	3.00941749e-01
639             	8.39357122e-02	1.92745374e-02	7.69843292e-01	4.68857358e-01	3.00985934e-01
640             	8.39303560e-02	1.92645659e-02	7.69919961e-01	4.68890336e-01	3.01029624e-01
641             	8.39250657e-02	1.92549904e-02	7.69993491e-01	4.68921811e-01	3.01071680e-01
642             	8.39199850e-02	1.92462648e-02	7.70060389e-01	4.68950179e-01	3.01110210e-01
643             	8.39148308e-02	1.92371875e-02	7.70129182e-01	4.68979422e-01	3.01149760e-01
644             	8.39095645e-02	1.92276042e-02	7.70201461e-01	4.69010295e-01	3.01191166e-01
645             	8.39041976e-02	1.92175594e-02	7.70277384e-01	4.69042890e-01	3.01234495e-01
646             	8.38987705e-02	1.92072153e-02	7.70356064e-01	4.69076803e-01	3.01279262e-01
647             	8.38932150e-02	1.91962794e-02	7.70439836e-01	4.69113133e-01	3.01326703e-01
648             	8.38876731e-02	1.91852934e-02	7.70524766e-01	4.69150056e-01	3.01374710e-01
649             	8.38821829e-02	1.91743573e-02	7.70609416e-01	4.69186891e-01	3.01422525e-01
650             	8.38771486e-02	1.91654774e-02	7.70678775e-01	4.69216536e-01	3.01462239e-01
651             	8.38721897e-02	1.91570432e-02	7.70743370e-01	4.69243875e-01	3.01499495e-01
652             	8.38671889e-02	1.91486346e-02	7.70806223e-01	4.69270300e-01	3.01535922e-01
653             	8.38620728e-02	1.91400017e-02	7.70869483e-01	4.69296814e-01	3.01572669e-01
654             	8.38568201e-02	1.91310441e-02	7.70934518e-01	4.69324079e-01	3.01610439e-01
655             	8.38514541e-02	1.91217827e-02	7.71001858e-01	4.69352383e-01	3.01649475e-01
656             	8.38460269e-02	1.91123185e-02	7.71071333e-01	4.69381693e-01	3.01689639e-01
657             	8.38406008e-02	1.91027837e-02	7.71142239e-01	4.69411720e-01	3.01730519e-01
658             	8.38352322e-02	1.90933039e-02	7.71213656e-01	4.69442060e-01	3.01771596e-01
659             	8.38299614e-02	1.90839689e-02	7.71284658e-01	4.69472291e-01	3.01812368e-01
660             	8.38248071e-02	1.90748220e-02	7.71354575e-01	4.69502095e-01	3.01852480e-01
661             	8.38197639e-02	1.90658628e-02	7.71423013e-01	4.69531270e-01	3.01891743e-01
662             	8.38148082e-02	1.90570626e-02	7.71489903e-01	4.69559759e-01	3.01930143e-01
663             	8.38099031e-02	1.90483767e-02	7.71555368e-01	4.69587587e-01	3.01967781e-01
664             	8.38050116e-02	1.90397607e-02	7.71619706e-01	4.69614864e-01	3.02004841e-01
665             	8.38001059e-02	1.90311805e-02	7.71683239e-01	4.69641725e-01	3.02041514e-01
666             	8.37951704e-02	1.90226166e-02	7.71746293e-01	4.69668317e-01	3.02077976e-01
667             	8.37902016e-02	1.90140597e-02	7.71809108e-01	4.69694756e-01	3.02114352e-01
668             	8.37852084e-02	1.90055131e-02	7.71871848e-01	4.69721132e-01	3.02150716e-01
669             	8.37802068e-02	1.89969872e-02	7.71934544e-01	4.69747479e-01	3.02187065e-01
670             	8.37752189e-02	1.89884967e-02	7.71997181e-01	4.69773809e-01	3.02223371e-01
671             	8.37702663e-02	1.89800545e-02	7.72059666e-01	4.69800100e-01	3.02259567e-01
672             	8.37653675e-02	1.89716728e-02	7.72121911e-01	4.69826323e-01	3.02295588e-01
673             	8.37605339e-02	1.89633579e-02	7.72183800e-01	4.69852434e-01	3.02331366e-01
674             	8.37557721e-02	1.89551137e-02	7.72245278e-01	4.69878411e-01	3.02366867e-01
675             	8.37510821e-02	1.89469385e-02	7.72306295e-01	4.69904230e-01	3.02402066e-01
676             	8.37464587e-02	1.89388303e-02	7.72366851e-01	4.69929884e-01	3.02436967e-01
677             	8.37418925e-02	1.89307834e-02	7.72426944e-01	4.69955365e-01	3.02471580e-01
678             	8.37373730e-02	1.89227929e-02	7.72486614e-01	4.69980680e-01	3.02505934e-01
679             	8.37328879e-02	1.89148521e-02	7.72545881e-01	4.70005829e-01	3.02540053e-01
680             	8.37284300e-02	1.89069582e-02	7.72604790e-01	4.70030825e-01	3.02573965e-01
681             	8.37239945e-02	1.88991081e-02	7.72663352e-01	4.70055670e-01	3.02607681e-01
682             	8.37195818e-02	1.88913019e-02	7.72721599e-01	4.70080381e-01	3.02641218e-01
683             	8.37151922e-02	1.88835386e-02	7.72779522e-01	4.70104953e-01	3.02674569e-01
684             	8.37108311e-02	1.88758211e-02	7.72837136e-01	4.70129399e-01	3.02707737e-01
685             	8.37065054e-02	1.88681501e-02	7.72894431e-01	4.70153721e-01	3.02740710e-01
686             	8.37022241e-02	1.88605291e-02	7.72951426e-01	4.70177937e-01	3.02773489e-01
687             	8.36979933e-02	1.88529592e-02	7.73008104e-01	4.70202045e-01	3.02806059e-01
688             	8.36938208e-02	1.88454447e-02	7.73064482e-01	4.70226062e-01	3.02838420e-01
689             	8.36897090e-02	1.88379851e-02	7.73120551e-01	4.70249984e-01	3.02870566e-01
690             	8.36856607e-02	1.88305823e-02	7.73176334e-01	4.70273828e-01	3.02902506e-01
691             	8.36816738e-02	1.88232344e-02	7.73231825e-01	4.70297586e-01	3.02934239e-01
692             	8.36775184e-02	1.88155208e-02	7.73289380e-01	4.70322208e-01	3.02967171e-01
693             	8.36735537e-02	1.88081824e-02	7.73345009e-01	4.70346058e-01	3.02998951e-01
694             	8.36697328e-02	1.88010707e-02	7.73399266e-01	4.70369366e-01	3.03029900e-01
695             	8.36660544e-02	1.87941501e-02	7.73452322e-01	4.70392215e-01	3.03060106e-01
696             	8.36624832e-02	1.87873299e-02	7.73504767e-01	4.70414867e-01	3.03089900e-01
697             	8.36589745e-02	1.87805232e-02	7.73557131e-01	4.70437540e-01	3.03119591e-01
698             	8.36552816e-02	1.87732863e-02	7.73611954e-01	4.70461258e-01	3.03150695e-01
699             	8.36517182e-02	1.87662754e-02	7.73665842e-01	4.70484639e-01	3.03181203e-01
700             	8.36482500e-02	1.87594000e-02	7.73719044e-01	4.70507772e-01	3.03211272e-01
701             	8.36448733e-02	1.87526482e-02	7.73771571e-01	4.70530659e-01	3.03240912e-01
702             	8.36415619e-02	1.87459678e-02	7.73823711e-01	4.70553418e-01	3.03270294e-01
703             	8.36380751e-02	1.87389274e-02	7.73877768e-01	4.70576959e-01	3.03300809e-01
704             	8.36347340e-02	1.87321419e-02	7.73930666e-01	4.70600067e-01	3.03330599e-01
705             	8.36315209e-02	1.87255455e-02	7.73982432e-01	4.70622737e-01	3.03359695e-01
706             	8.36284298e-02	1.87191002e-02	7.74033295e-01	4.70645077e-01	3.03388217e-01
707             	8.36254269e-02	1.87127243e-02	7.74083732e-01	4.70667293e-01	3.03416439e-01
708             	8.36222756e-02	1.87059879e-02	7.74136138e-01	4.70690345e-01	3.03445793e-01
709             	8.36192821e-02	1.86994802e-02	7.74187631e-01	4.70713097e-01	3.03474533e-01
710             	8.36164111e-02	1.86931337e-02	7.74238279e-01	4.70735550e-01	3.03502728e-01
711             	8.36136456e-02	1.86869117e-02	7.74288243e-01	4.70757767e-01	3.03530476e-01
712             	8.36109606e-02	1.86807500e-02	7.74337957e-01	4.70779939e-01	3.03558018e-01
713             	8.36083268e-02	1.86745950e-02	7.74387731e-01	4.70802192e-01	3.03585539e-01
714             	8.36055261e-02	1.86680579e-02	7.74439706e-01	4.70825379e-01	3.03614327e-01
715             	8.36028869e-02	1.86617753e-02	7.74490693e-01	4.70848233e-01	3.03642460e-01
716             	8.36003491e-02	1.86556578e-02	7.74540751e-01	4.70870724e-01	3.03670026e-01
717             	8.35979108e-02	1.86496861e-02	7.74589910e-01	4.70892866e-01	3.03697044e-01
718             	8.35955597e-02	1.86438027e-02	7.74638563e-01	4.70914841e-01	3.03723722e-01
719             	8.35932749e-02	1.86379500e-02	7.74687058e-01	4.70936804e-01	3.03750254e-01
720             	8.35910494e-02	1.86320989e-02	7.74735669e-01	4.70958884e-01	3.03776785e-01
721             	8.35888727e-02	1.86262352e-02	7.74784497e-01	4.70981121e-01	3.03803376e-01
722             	8.35867443e-02	1.86203676e-02	7.74833557e-01	4.71003523e-01	3.03830034e-01
723             	8.35844722e-02	1.86141483e-02	7.74884705e-01	4.71026825e-01	3.03857880e-01
724             	8.35823870e-02	1.86082440e-02	7.74934517e-01	4.71049646e-01	3.03884872e-01
725             	8.35804013e-02	1.86025316e-02	7.74983149e-01	4.71071976e-01	3.03911173e-01
726             	8.35785192e-02	1.85969930e-02	7.75030629e-01	4.71093834e-01	3.03936795e-01
727             	8.35767370e-02	1.85915647e-02	7.75077433e-01	4.71115454e-01	3.03961980e-01
728             	8.35750370e-02	1.85861777e-02	7.75124031e-01	4.71137052e-01	3.03986978e-01
729             	8.35734109e-02	1.85807911e-02	7.75170815e-01	4.71158819e-01	3.04011997e-01
730             	8.35718404e-02	1.85753792e-02	7.75217977e-01	4.71180829e-01	3.04037148e-01
731             	8.35703085e-02	1.85699387e-02	7.75265535e-01	4.71203076e-01	3.04062459e-01
732             	8.35688174e-02	1.85644902e-02	7.75313424e-01	4.71225529e-01	3.04087894e-01
733             	8.35673629e-02	1.85590563e-02	7.75361442e-01	4.71248084e-01	3.04113358e-01
734             	8.35659566e-02	1.85536660e-02	7.75409414e-01	4.71270664e-01	3.04138751e-01
735             	8.35646020e-02	1.85483356e-02	7.75457146e-01	4.71293175e-01	3.04163971e-01
736             	8.35633000e-02	1.85430711e-02	7.75504502e-01	4.71315551e-01	3.04188951e-01
737             	8.35620664e-02	1.85378799e-02	7.75551472e-01	4.71337802e-01	3.04213670e-01
738             	8.35609042e-02	1.85327548e-02	7.75598072e-01	4.71359940e-01	3.04238132e-01
739             	8.35598114e-02	1.85276845e-02	7.75644358e-01	4.71381990e-01	3.04262368e-01
740             	8.35587979e-02	1.85226664e-02	7.75690457e-01	4.71404026e-01	3.04286431e-01
741             	8.35578600e-02	1.85176901e-02	7.75736451e-01	4.71426086e-01	3.04310366e-01
742             	8.35570026e-02	1.85127560e-02	7.75782438e-01	4.71448222e-01	3.04334216e-01
743             	8.35562156e-02	1.85078575e-02	7.75828438e-01	4.71470435e-01	3.04358004e-01
744             	8.35554842e-02	1.85029884e-02	7.75874438e-01	4.71492703e-01	3.04381735e-01
745             	8.35548111e-02	1.84981548e-02	7.75920448e-01	4.71515035e-01	3.04405413e-01
746             	8.35541881e-02	1.84933544e-02	7.75966419e-01	4.71537398e-01	3.04429021e-01
747             	8.35536062e-02	1.84885849e-02	7.76012297e-01	4.71559755e-01	3.04452542e-01
748             	8.35530755e-02	1.84838546e-02	7.76058080e-01	4.71582116e-01	3.04475965e-01
749             	8.35525944e-02	1.84791622e-02	7.76103732e-01	4.71604460e-01	3.04499272e-01
750             	8.35521589e-02	1.84745049e-02	7.76149224e-01	4.71626771e-01	3.04522453e-01
751             	8.35517824e-02	1.84698900e-02	7.76194589e-01	4.71649077e-01	3.04545512e-01
752             	8.35514632e-02	1.84653150e-02	7.76239821e-01	4.71671374e-01	3.04568447e-01
753             	8.35511965e-02	1.84607748e-02	7.76284924e-01	4.71693658e-01	3.04591265e-01
754             	8.35509942e-02	1.84562762e-02	7.76329949e-01	4.71715969e-01	3.04613980e-01
755             	8.35508528e-02	1.84518156e-02	7.76374899e-01	4.71738302e-01	3.04636597e-01
756             	8.35507641e-02	1.84473885e-02	7.76419765e-01	4.71760647e-01	3.04659118e-01
757             	8.35507374e-02	1.84430017e-02	7.76464586e-01	4.71783030e-01	3.04681556e-01
758             	8.35507660e-02	1.84386513e-02	7.76509344e-01	4.71805438e-01	3.04703906e-01
759             	8.35508399e-02	1.84343323e-02	7.76554016e-01	4.71827848e-01	3.04726168e-01
760             	8.35509684e-02	1.84300515e-02	7.76598630e-01	4.71850283e-01	3.04748347e-01
761             	8.35511453e-02	1.84258049e-02	7.76643164e-01	4.71872727e-01	3.04770436e-01
762             	8.35513613e-02	1.84215873e-02	7.76687590e-01	4.71895156e-01	3.04792434e-01
763             	8.35516280e-02	1.84174059e-02	7.76731945e-01	4.71917600e-01	3.04814344e-01
764             	8.35519404e-02	1.84132568e-02	7.76776209e-01	4.71940045e-01	3.04836164e-01
765             	8.35522909e-02	1.84091353e-02	7.76820364e-01	4.71962473e-01	3.04857891e-01
766             	8.35526925e-02	1.84050489e-02	7.76864450e-01	4.71984917e-01	3.04879533e-01
767             	8.35531401e-02	1.84009941e-02	7.76908452e-01	4.72007366e-01	3.04901086e-01
768             	8.35536257e-02	1.83969661e-02	7.76952354e-01	4.72029803e-01	3.04922551e-01
769             	8.35541619e-02	1.83929727e-02	7.76996195e-01	4.72052260e-01	3.04943936e-01
770             	8.35547040e-02	1.83892448e-02	7.77037715e-01	4.72073561e-01	3.04964153e-01
771             	8.35553926e-02	1.83850454e-02	7.77083940e-01	4.72097362e-01	3.04986577e-01
772             	8.35561037e-02	1.83809726e-02	7.77129311e-01	4.72120759e-01	3.05008552e-01
773             	8.35568192e-02	1.83770514e-02	7.77173456e-01	4.72143547e-01	3.05029909e-01
774             	8.35574809e-02	1.83734654e-02	7.77214365e-01	4.72164663e-01	3.05049702e-01
775             	8.35583239e-02	1.83694588e-02	7.77259664e-01	4.72188156e-01	3.05071508e-01
776             	8.35591586e-02	1.83656115e-02	7.77303549e-01	4.72210933e-01	3.05092616e-01
777             	8.35599095e-02	1.83621049e-02	7.77343992e-01	4.72231905e-01	3.05112086e-01
778             	8.35609327e-02	1.83579823e-02	7.77390651e-01	4.72256258e-01	3.05134393e-01
779             	8.35619498e-02	1.83540565e-02	7.77435899e-01	4.72279900e-01	3.05156000e-01
780             	8.35629552e-02	1.83502698e-02	7.77479955e-01	4.72302933e-01	3.05177022e-01
781             	8.35639443e-02	1.83466652e-02	7.77522495e-01	4.72325192e-01	3.05197303e-01
782             	8.35649062e-02	1.83431859e-02	7.77563737e-01	4.72346775e-01	3.05216962e-01
783             	8.35657710e-02	1.83399341e-02	7.77602591e-01	4.72367067e-01	3.05235525e-01
784             	8.35666452e-02	1.83366831e-02	7.77641193e-01	4.72387242e-01	3.05253951e-01
785             	8.35675477e-02	1.83333884e-02	7.77680086e-01	4.72407591e-01	3.05272495e-01
786             	8.35684257e-02	1.83301868e-02	7.77718091e-01	4.72427471e-01	3.05290620e-01
787             	8.35697639e-02	1.83262488e-02	7.77764376e-01	4.72451952e-01	3.05312424e-01
788             	8.35711757e-02	1.83223519e-02	7.77811088e-01	4.72476720e-01	3.05334368e-01
789             	8.35726413e-02	1.83185465e-02	7.77857704e-01	4.72501493e-01	3.05356210e-01
790             	8.35741024e-02	1.83149134e-02	7.77903083e-01	4.72525644e-01	3.05377439e-01
791             	8.35755173e-02	1.83114497e-02	7.77946810e-01	4.72548922e-01	3.05397888e-01
792             	8.35767439e-02	1.83082628e-02	7.77987206e-01	4.72570347e-01	3.05416859e-01
793             	8.35779125e-02	1.83051427e-02	7.78026294e-01	4.72591060e-01	3.05435235e-01
794             	8.35789128e-02	1.83021945e-02	7.78062601e-01	4.72610213e-01	3.05452388e-01
795             	8.35803337e-02	1.82986507e-02	7.78105376e-01	4.72633021e-01	3.05472354e-01
796             	8.35818116e-02	1.82951167e-02	7.78148562e-01	4.72656092e-01	3.05492469e-01
797             	8.35833086e-02	1.82916492e-02	7.78191608e-01	4.72679112e-01	3.05512495e-01
798             	8.35846607e-02	1.82884198e-02	7.78232430e-01	4.72700876e-01	3.05531554e-01
799             	8.35860117e-02	1.82852580e-02	7.78272758e-01	4.72722391e-01	3.05550368e-01
800             	8.35873645e-02	1.82821290e-02	7.78312757e-01	4.72743743e-01	3.05569014e-01
801             	8.35887241e-02	1.82790045e-02	7.78352603e-01	4.72765026e-01	3.05587577e-01
802             	8.35899754e-02	1.82760398e-02	7.78390549e-01	4.72785250e-01	3.05605299e-01
803             	8.35918035e-02	1.82725195e-02	7.78435693e-01	4.72809650e-01	3.05626043e-01
804             	8.35936440e-02	1.82690565e-02	7.78480545e-01	4.72833916e-01	3.05646628e-01
805             	8.35954919e-02	1.82656961e-02	7.78524759e-01	4.72857872e-01	3.05666888e-01
806             	8.35971020e-02	1.82626076e-02	7.78565773e-01	4.72879989e-01	3.05685785e-01
807             	8.35986183e-02	1.82595933e-02	7.78605468e-01	4.72901352e-01	3.05704115e-01
808             	8.36000639e-02	1.82565997e-02	7.78644338e-01	4.72922233e-01	3.05722105e-01
809             	8.36014891e-02	1.82536062e-02	7.78682891e-01	4.72942935e-01	3.05739956e-01
810             	8.36028994e-02	1.82506069e-02	7.78721266e-01	4.72963532e-01	3.05757733e-01
811             	8.36041205e-02	1.82477462e-02	7.78757400e-01	4.72982820e-01	3.05774579e-01
812             	8.36059343e-02	1.82444095e-02	7.78800281e-01	4.73006075e-01	3.05794206e-01
813             	8.36077893e-02	1.82411371e-02	7.78843225e-01	4.73029402e-01	3.05813823e-01
814             	8.36096502e-02	1.82379496e-02	7.78885804e-01	4.73052552e-01	3.05833252e-01
815             	8.36112895e-02	1.82349904e-02	7.78925733e-01	4.73074156e-01	3.05851577e-01
816             	8.36128963e-02	1.82320943e-02	7.78964898e-01	4.73095345e-01	3.05869553e-01
817             	8.36144855e-02	1.82292140e-02	7.79003631e-01	4.73116301e-01	3.05887330e-01
818             	8.36160672e-02	1.82263165e-02	7.79042207e-01	4.73137171e-01	3.05905036e-01
819             	8.36176581e-02	1.82234133e-02	7.79080705e-01	4.73158011e-01	3.05922695e-01
820             	8.36192360e-02	1.82205142e-02	7.79118980e-01	4.73178726e-01	3.05940254e-01
821             	8.36206073e-02	1.82177642e-02	7.79154995e-01	4.73198105e-01	3.05956890e-01
822             	8.36225930e-02	1.82145628e-02	7.79197569e-01	4.73221378e-01	3.05976192e-01
823             	8.36245986e-02	1.82114273e-02	7.79239997e-01	4.73244597e-01	3.05995400e-01
824             	8.36265761e-02	1.82083819e-02	7.79281770e-01	4.73267461e-01	3.06014309e-01
825             	8.36282835e-02	1.82055494e-02	7.79320695e-01	4.73288631e-01	3.06032064e-01
826             	8.36298958e-02	1.82027631e-02	7.79358571e-01	4.73309181e-01	3.06049390e-01
827             	8.36314770e-02	1.81999892e-02	7.79395989e-01	4.73329472e-01	3.06066518e-01
828             	8.36330475e-02	1.81972008e-02	7.79433265e-01	4.73349680e-01	3.06083585e-01
829             	8.36346078e-02	1.81943951e-02	7.79470476e-01	4.73369846e-01	3.06100630e-01
830             	8.36361353e-02	1.81915921e-02	7.79507408e-01	4.73389839e-01	3.06117568e-01
831             	8.36374404e-02	1.81889413e-02	7.79541917e-01	4.73408399e-01	3.06133518e-01
832             	8.36394204e-02	1.81858732e-02	7.79583089e-01	4.73430965e-01	3.06152124e-01
833             	8.36414112e-02	1.81828669e-02	7.79624121e-01	4.73453472e-01	3.06170650e-01
834             	8.36433892e-02	1.81799311e-02	7.79664745e-01	4.73475762e-01	3.06188983e-01
835             	8.36453069e-02	1.81771036e-02	7.79704374e-01	4.73497494e-01	3.06206880e-01
836             	8.36469684e-02	1.81744512e-02	7.79741419e-01	4.73517678e-01	3.06223741e-01
837             	8.36485588e-02	1.81718102e-02	7.79777736e-01	4.73537427e-01	3.06240309e-01
838             	8.36500871e-02	1.81691523e-02	7.79813564e-01	4.73556869e-01	3.06256695e-01
839             	8.36513229e-02	1.81666324e-02	7.79846530e-01	4.73574588e-01	3.06271942e-01
840             	8.36532220e-02	1.81636904e-02	7.79885921e-01	4.73596182e-01	3.06289738e-01
841             	8.36551076e-02	1.81607776e-02	7.79925174e-01	4.73617695e-01	3.06307479e-01
842             	8.36569035e-02	1.81579434e-02	7.79963553e-01	4.73638680e-01	3.06324873e-01
843             	8.36586288e-02	1.81552006e-02	7.80001031e-01	4.73659144e-01	3.06341887e-01
844             	8.36601207e-02	1.81526119e-02	7.80036213e-01	4.73678227e-01	3.06357986e-01
845             	8.36613231e-02	1.81501885e-02	7.80068442e-01	4.73695544e-01	3.06372898e-01
846             	8.36631737e-02	1.81473468e-02	7.80106945e-01	4.73716646e-01	3.06390299e-01
847             	8.36650815e-02	1.81445241e-02	7.80145700e-01	4.73737932e-01	3.06407769e-01
848             	8.36667384e-02	1.81418669e-02	7.80182046e-01	4.73757761e-01	3.06424284e-01
849             	8.36680441e-02	1.81394092e-02	7.80214866e-01	4.73775477e-01	3.06439389e-01
850             	8.36700682e-02	1.81365269e-02	7.80254451e-01	4.73797294e-01	3.06457157e-01
851             	8.36720338e-02	1.81337188e-02	7.80293297e-01	4.73818682e-01	3.06474615e-01
852             	8.36738780e-02	1.81309996e-02	7.80330901e-01	4.73839329e-01	3.06491573e-01
853             	8.36755843e-02	1.81283587e-02	7.80367171e-01	4.73859170e-01	3.06508001e-01
854             	8.36770041e-02	1.81258511e-02	7.80400896e-01	4.73877452e-01	3.06523444e-01
855             	8.36783935e-02	1.81233484e-02	7.80434252e-01	4.73895520e-01	3.06538733e-01
856             	8.36795290e-02	1.81209776e-02	7.80465041e-01	4.73912050e-01	3.06552992e-01
857             	8.36813218e-02	1.81181809e-02	7.80502264e-01	4.73932454e-01	3.06569810e-01
858             	8.36831197e-02	1.81153955e-02	7.80539544e-01	4.73952892e-01	3.06586652e-01
859             	8.36847262e-02	1.81127660e-02	7.80574889e-01	4.73972171e-01	3.06602718e-01
860             	8.36860484e-02	1.81103549e-02	7.80607171e-01	4.73989634e-01	3.06617537e-01
861             	8.36880376e-02	1.81075672e-02	7.80645683e-01	4.74010879e-01	3.06634804e-01
862             	8.36899697e-02	1.81048366e-02	7.80683522e-01	4.74031731e-01	3.06651791e-01
863             	8.36917769e-02	1.81022118e-02	7.80719941e-01	4.74051747e-01	3.06668194e-01
864             	8.36933072e-02	1.80997418e-02	7.80753676e-01	4.74070145e-01	3.06683531e-01
865             	8.36945124e-02	1.80974563e-02	7.80784094e-01	4.74086559e-01	3.06697534e-01
866             	8.36962680e-02	1.80947670e-02	7.80820088e-01	4.74106312e-01	3.06713776e-01
867             	8.36980042e-02	1.80920976e-02	7.80855858e-01	4.74125933e-01	3.06729925e-01
868             	8.36995148e-02	1.80895671e-02	7.80889521e-01	4.74144275e-01	3.06745246e-01
869             	8.37007478e-02	1.80872165e-02	7.80920287e-01	4.74160891e-01	3.06759395e-01
870             	8.37025191e-02	1.80844985e-02	7.80956480e-01	4.74180759e-01	3.06775721e-01
871             	8.37042846e-02	1.80818280e-02	7.80992433e-01	4.74200501e-01	3.06791932e-01
872             	8.37059831e-02	1.80792349e-02	7.81027567e-01	4.74219767e-01	3.06807800e-01
873             	8.37074704e-02	1.80767881e-02	7.81060545e-01	4.74237743e-01	3.06822802e-01
874             	8.37086908e-02	1.80745189e-02	7.81090579e-01	4.74253980e-01	3.06836599e-01
875             	8.37104539e-02	1.80718893e-02	7.81125977e-01	4.74273442e-01	3.06852535e-01
876             	8.37122060e-02	1.80692824e-02	7.81161151e-01	4.74292782e-01	3.06868370e-01
877             	8.37139041e-02	1.80667161e-02	7.81195748e-01	4.74311778e-01	3.06883970e-01
878             	8.37155160e-02	1.80641990e-02	7.81229491e-01	4.74330262e-01	3.06899229e-01
879             	8.37169463e-02	1.80618132e-02	7.81261298e-01	4.74347595e-01	3.06913702e-01
880             	8.37183190e-02	1.80594621e-02	7.81292372e-01	4.74364505e-01	3.06927867e-01
881             	8.37195282e-02	1.80572388e-02	7.81321506e-01	4.74380281e-01	3.06941225e-01
882             	8.37213040e-02	1.80545680e-02	7.81356817e-01	4.74399713e-01	3.06957104e-01
883             	8.37229491e-02	1.80520257e-02	7.81390674e-01	4.74418286e-01	3.06972388e-01
884             	8.37243660e-02	1.80496891e-02	7.81421801e-01	4.74435267e-01	3.06986535e-01
885             	8.37262876e-02	1.80469938e-02	7.81458180e-01	4.74455378e-01	3.07002803e-01
886             	8.37281223e-02	1.80443779e-02	7.81493594e-01	4.74474919e-01	3.07018675e-01
887             	8.37298749e-02	1.80418621e-02	7.81527902e-01	4.74493826e-01	3.07034076e-01
888             	8.37315118e-02	1.80394413e-02	7.81560838e-01	4.74511931e-01	3.07048907e-01
889             	8.37329328e-02	1.80371579e-02	7.81591460e-01	4.74528663e-01	3.07062797e-01
890             	8.37342737e-02	1.80349019e-02	7.81621170e-01	4.74544859e-01	3.07076311e-01
891             	8.37354619e-02	1.80327776e-02	7.81648846e-01	4.74559885e-01	3.07088961e-01
892             	8.37371320e-02	1.80302202e-02	7.81682085e-01	4.74578174e-01	3.07103910e-01
893             	8.37387007e-02	1.80277506e-02	7.81714249e-01	4.74595825e-01	3.07118424e-01
894             	8.37401004e-02	1.80254695e-02	7.81744275e-01	4.74612238e-01	3.07132037e-01
895             	8.37419553e-02	1.80228547e-02	7.81779253e-01	4.74631582e-01	3.07147671e-01
896             	8.37437774e-02	1.80203193e-02	7.81813660e-01	4.74650607e-01	3.07163052e-01
897             	8.37455349e-02	1.80178674e-02	7.81847168e-01	4.74669119e-01	3.07178049e-01
898             	8.37471952e-02	1.80154963e-02	7.81879461e-01	4.74686926e-01	3.07192535e-01
899             	8.37486936e-02	1.80132709e-02	7.81909676e-01	4.74703532e-01	3.07206145e-01
900             	8.37501725e-02	1.80110539e-02	7.81939440e-01	4.74719893e-01	3.07219548e-01
901             	8.37516303e-02	1.80088302e-02	7.81968857e-01	4.74736059e-01	3.07232798e-01
902             	8.37529642e-02	1.80067277e-02	7.81996587e-01	4.74751258e-01	3.07245329e-01
903             	8.37547521e-02	1.80042128e-02	7.82029667e-01	4.74769586e-01	3.07260082e-01
904             	8.37564442e-02	1.80018146e-02	7.82061608e-01	4.74787248e-01	3.07274360e-01
905             	8.37579638e-02	1.79996129e-02	7.82091282e-01	4.74803605e-01	3.07287677e-01
906             	8.37598441e-02	1.79970789e-02	7.82125258e-01	4.74822473e-01	3.07302785e-01
907             	8.37616847e-02	1.79946336e-02	7.82158543e-01	4.74840956e-01	3.07317587e-01
908             	8.37633685e-02	1.79923519e-02	7.82189849e-01	4.74858293e-01	3.07331556e-01
909             	8.37650025e-02	1.79901262e-02	7.82220338e-01	4.74875172e-01	3.07345167e-01
910             	8.37665858e-02	1.79879366e-02	7.82250070e-01	4.74891621e-01	3.07358449e-01
911             	8.37680276e-02	1.79859170e-02	7.82277596e-01	4.74906826e-01	3.07370771e-01
912             	8.37697587e-02	1.79835999e-02	7.82308614e-01	4.74924066e-01	3.07384548e-01
913             	8.37714979e-02	1.79812916e-02	7.82339590e-01	4.74941293e-01	3.07398297e-01
914             	8.37730859e-02	1.79791593e-02	7.82368509e-01	4.74957341e-01	3.07411169e-01
915             	8.37749178e-02	1.79768038e-02	7.82400334e-01	4.74975085e-01	3.07425249e-01
916             	8.37767417e-02	1.79744926e-02	7.82431909e-01	4.74992696e-01	3.07439213e-01
917             	8.37785293e-02	1.79722349e-02	7.82462945e-01	4.75010002e-01	3.07452943e-01
918             	8.37801457e-02	1.79701805e-02	7.82491621e-01	4.75025956e-01	3.07465665e-01
919             	8.37819581e-02	1.79679335e-02	7.82522584e-01	4.75043250e-01	3.07479334e-01
920             	8.37837629e-02	1.79657200e-02	7.82553200e-01	4.75060363e-01	3.07492837e-01
921             	8.37855520e-02	1.79635352e-02	7.82583427e-01	4.75077265e-01	3.07506161e-01
922             	8.37871947e-02	1.79615211e-02	7.82611543e-01	4.75092966e-01	3.07518577e-01
923             	8.37890349e-02	1.79593106e-02	7.82641944e-01	4.75110007e-01	3.07531937e-01
924             	8.37907624e-02	1.79572686e-02	7.82670583e-01	4.75126054e-01	3.07544529e-01
925             	8.37926582e-02	1.79550402e-02	7.82701303e-01	4.75143310e-01	3.07557993e-01
926             	8.37944265e-02	1.79529821e-02	7.82730206e-01	4.75159530e-01	3.07570676e-01
927             	8.37963717e-02	1.79507572e-02	7.82761187e-01	4.75176965e-01	3.07584222e-01
928             	8.37981832e-02	1.79487249e-02	7.82790190e-01	4.75193278e-01	3.07596912e-01
929             	8.38000202e-02	1.79466761e-02	7.82819363e-01	4.75209702e-01	3.07609661e-01
930             	8.38018833e-02	1.79446055e-02	7.82848721e-01	4.75226244e-01	3.07622477e-01
931             	8.38037706e-02	1.79425115e-02	7.82878270e-01	4.75242906e-01	3.07635364e-01
932             	8.38056968e-02	1.79404214e-02	7.82907982e-01	4.75259688e-01	3.07648294e-01
933             	8.38076508e-02	1.79383387e-02	7.82937762e-01	4.75276532e-01	3.07661230e-01
934             	8.38096164e-02	1.79362645e-02	7.82967490e-01	4.75293361e-01	3.07674128e-01
935             	8.38115917e-02	1.79342050e-02	7.82997108e-01	4.75310146e-01	3.07686962e-01
936             	8.38135683e-02	1.79321599e-02	7.83026559e-01	4.75326848e-01	3.07699711e-01
937             	8.38155622e-02	1.79301457e-02	7.83055875e-01	4.75343500e-01	3.07712375e-01
938             	8.38175661e-02	1.79281548e-02	7.83085039e-01	4.75360086e-01	3.07724953e-01
939             	8.38195757e-02	1.79261797e-02	7.83114062e-01	4.75376606e-01	3.07737455e-01
940             	8.38215883e-02	1.79242134e-02	7.83142966e-01	4.75393071e-01	3.07749895e-01
941             	8.38236230e-02	1.79222682e-02	7.83171839e-01	4.75409542e-01	3.07762296e-01
942             	8.38256760e-02	1.79203374e-02	7.83200690e-01	4.75426021e-01	3.07774669e-01
943             	8.38277392e-02	1.79184099e-02	7.83229524e-01	4.75442501e-01	3.07787023e-01
944             	8.38298067e-02	1.79164775e-02	7.83258346e-01	4.75458980e-01	3.07799366e-01
945             	8.38319022e-02	1.79145603e-02	7.83287212e-01	4.75475508e-01	3.07811704e-01
946             	8.38340183e-02	1.79126528e-02	7.83316089e-01	4.75492063e-01	3.07824026e-01
947             	8.38361531e-02	1.79107520e-02	7.83344962e-01	4.75508634e-01	3.07836328e-01
948             	8.38383006e-02	1.79088547e-02	7.83373799e-01	4.75525200e-01	3.07848599e-01
949             	8.38404586e-02	1.79069605e-02	7.83402584e-01	4.75541751e-01	3.07860834e-01
950             	8.38426445e-02	1.79050873e-02	7.83431358e-01	4.75558323e-01	3.07873034e-01
951             	8.38448508e-02	1.79032307e-02	7.83460091e-01	4.75574896e-01	3.07885195e-01
952             	8.38470717e-02	1.79013864e-02	7.83488768e-01	4.75591456e-01	3.07897312e-01
953             	8.38493023e-02	1.78995504e-02	7.83517378e-01	4.75607991e-01	3.07909387e-01
954             	8.38515396e-02	1.78977206e-02	7.83545920e-01	4.75624500e-01	3.07921420e-01
955             	8.38538018e-02	1.78959129e-02	7.83574452e-01	4.75641028e-01	3.07933424e-01
956             	8.38560823e-02	1.78941212e-02	7.83602958e-01	4.75657561e-01	3.07945397e-01
957             	8.38583766e-02	1.78923400e-02	7.83631428e-01	4.75674091e-01	3.07957338e-01
958             	8.38606813e-02	1.78905650e-02	7.83659858e-01	4.75690611e-01	3.07969248e-01
959             	8.38629936e-02	1.78887940e-02	7.83688239e-01	4.75707113e-01	3.07981126e-01
960             	8.38653356e-02	1.78870436e-02	7.83716643e-01	4.75723657e-01	3.07992986e-01
961             	8.38676989e-02	1.78853081e-02	7.83745036e-01	4.75740217e-01	3.08004819e-01
962             	8.38700785e-02	1.78835828e-02	7.83773402e-01	4.75756780e-01	3.08016623e-01
963             	8.38724657e-02	1.78818636e-02	7.83801702e-01	4.75773316e-01	3.08028385e-01
964             	8.38748684e-02	1.78801490e-02	7.83829993e-01	4.75789865e-01	3.08040128e-01
965             	8.38772984e-02	1.78784556e-02	7.83858289e-01	4.75806443e-01	3.08051846e-01
966             	8.38797436e-02	1.78767774e-02	7.83886538e-01	4.75823013e-01	3.08063526e-01
967             	8.38822092e-02	1.78751098e-02	7.83914792e-01	4.75839605e-01	3.08075187e-01
968             	8.38846797e-02	1.78734484e-02	7.83942969e-01	4.75856164e-01	3.08086805e-01
969             	8.38871624e-02	1.78717919e-02	7.83971125e-01	4.75872725e-01	3.08098400e-01
970             	8.38896652e-02	1.78701564e-02	7.83999248e-01	4.75889289e-01	3.08109959e-01
971             	8.38921923e-02	1.78685364e-02	7.84027389e-01	4.75905887e-01	3.08121502e-01
972             	8.38947277e-02	1.78669260e-02	7.84055466e-01	4.75922460e-01	3.08133005e-01
973             	8.38972760e-02	1.78653212e-02	7.84083523e-01	4.75939037e-01	3.08144486e-01
974             	8.38998325e-02	1.78637204e-02	7.84111540e-01	4.75955603e-01	3.08155937e-01
975             	8.39024163e-02	1.78621405e-02	7.84139572e-01	4.75972202e-01	3.08167370e-01
976             	8.39050197e-02	1.78605757e-02	7.84167595e-01	4.75988817e-01	3.08178778e-01
977             	8.39076376e-02	1.78590209e-02	7.84195594e-01	4.76005435e-01	3.08190160e-01
978             	8.39102653e-02	1.78574722e-02	7.84223556e-01	4.76022043e-01	3.08201513e-01
979             	8.39129003e-02	1.78559274e-02	7.84251474e-01	4.76038638e-01	3.08212837e-01
980             	8.39155611e-02	1.78544033e-02	7.84279402e-01	4.76055262e-01	3.08224140e-01
981             	8.39182399e-02	1.78528938e-02	7.84307317e-01	4.76071899e-01	3.08235419e-01
982             	8.39209311e-02	1.78513937e-02	7.84335202e-01	4.76088532e-01	3.08246670e-01
983             	8.39236284e-02	1.78498995e-02	7.84363031e-01	4.76105144e-01	3.08257887e-01
984             	8.39263348e-02	1.78484077e-02	7.84390838e-01	4.76121754e-01	3.08269084e-01
985             	8.39290636e-02	1.78469365e-02	7.84418639e-01	4.76138383e-01	3.08280256e-01
986             	8.39318102e-02	1.78454791e-02	7.84446434e-01	4.76155027e-01	3.08291407e-01
987             	8.39345716e-02	1.78440300e-02	7.84474223e-01	4.76171683e-01	3.08302540e-01
988             	8.39373375e-02	1.78425865e-02	7.84501953e-01	4.76188314e-01	3.08313639e-01
989             	8.39401089e-02	1.78411460e-02	7.84529641e-01	4.76204929e-01	3.08324712e-01
990             	8.39429046e-02	1.78397256e-02	7.84557343e-01	4.76221576e-01	3.08335767e-01
991             	8.39457166e-02	1.78383189e-02	7.84585035e-01	4.76238234e-01	3.08346801e-01
992             	8.39485394e-02	1.78369211e-02	7.84612699e-01	4.76254889e-01	3.08357810e-01
993             	8.39513686e-02	1.78355282e-02	7.84640323e-01	4.76271530e-01	3.08368793e-01
994             	8.39542016e-02	1.78341381e-02	7.84667902e-01	4.76288152e-01	3.08379749e-01
995             	8.39570575e-02	1.78327678e-02	7.84695490e-01	4.76304802e-01	3.08390688e-01
996             	8.39599282e-02	1.78314107e-02	7.84723066e-01	4.76321461e-01	3.08401605e-01
997             	8.39628084e-02	1.78300618e-02	7.84750614e-01	4.76338115e-01	3.08412499e-01
998             	8.39656938e-02	1.78287172e-02	7.84778123e-01	4.76354755e-01	3.08423368e-01
999             	8.39685821e-02	1.78273746e-02	7.84805587e-01	4.76371376e-01	3.08434211e-01
1000            	8.39714922e-02	1.78260512e-02	7.84833062e-01	4.76388023e-01	3.08445039e-01
1001            	8.39744159e-02	1.78247405e-02	7.84860525e-01	4.76404678e-01	3.08455847e-01
1002            	8.39773476e-02	1.78234374e-02	7.84887957e-01	4.76421326e-01	3.08466631e-01
1003            	8.39802828e-02	1.78221381e-02	7.84915348e-01	4.76437957e-01	3.08477391e-01
1004            	8.39832195e-02	1.78208405e-02	7.84942692e-01	4.76454565e-01	3.08488126e-01
1005            	8.39861767e-02	1.78195615e-02	7.84970045e-01	4.76471199e-01	3.08498846e-01
1006            	8.39891463e-02	1.78182946e-02	7.84997387e-01	4.76487840e-01	3.08509547e-01
1007            	8.39921227e-02	1.78170347e-02	7.85024700e-01	4.76504473e-01	3.08520227e-01
1008            	8.39951017e-02	1.78157781e-02	7.85051970e-01	4.76521087e-01	3.08530883e-01
1009            	8.39980807e-02	1.78145226e-02	7.85079194e-01	4.76537678e-01	3.08541516e-01
1010            	8.40010786e-02	1.78132851e-02	7.85106424e-01	4.76554291e-01	3.08552133e-01
1011            	8.40040872e-02	1.78120594e-02	7.85133639e-01	4.76570906e-01	3.08562732e-01
1012            	8.40071006e-02	1.78108402e-02	7.85160819e-01	4.76587510e-01	3.08573309e-01
1013            	8.40101145e-02	1.78096238e-02	7.85187952e-01	4.76604090e-01	3.08583861e-01
1014            	8.40131269e-02	1.78084081e-02	7.85215035e-01	4.76620644e-01	3.08594390e-01
1015            	8.40161567e-02	1.78072098e-02	7.85242123e-01	4.76637218e-01	3.08604905e-01
1016            	8.40191959e-02	1.78060225e-02	7.85269195e-01	4.76653793e-01	3.08615401e-01
1017            	8.40222386e-02	1.78048412e-02	7.85296232e-01	4.76670355e-01	3.08625877e-01
1018            	8.40252807e-02	1.78036620e-02	7.85323223e-01	4.76686892e-01	3.08636331e-01
1019            	8.40283200e-02	1.78024830e-02	7.85350163e-01	4.76703402e-01	3.08646762e-01
1020            	8.40313752e-02	1.78013207e-02	7.85377107e-01	4.76719929e-01	3.08657178e-01
1021            	8.40344380e-02	1.78001688e-02	7.85404033e-01	4.76736454e-01	3.08667578e-01
1022            	8.40375030e-02	1.77990221e-02	7.85430922e-01	4.76752964e-01	3.08677958e-01
1023            	8.40405689e-02	1.77978789e-02	7.85457776e-01	4.76769457e-01	3.08688319e-01
1024            	8.40436280e-02	1.77967343e-02	7.85484566e-01	4.76785911e-01	3.08698655e-01
1025            	8.40467009e-02	1.77956053e-02	7.85511356e-01	4.76802379e-01	3.08708977e-01
1026            	8.40497785e-02	1.77944854e-02	7.85538119e-01	4.76818838e-01	3.08719281e-01
1027            	8.40528557e-02	1.77933697e-02	7.85564840e-01	4.76835276e-01	3.08729564e-01
1028            	8.40559287e-02	1.77922548e-02	7.85591507e-01	4.76851682e-01	3.08739825e-01
1029            	8.40589961e-02	1.77911388e-02	7.85618119e-01	4.76868056e-01	3.08750063e-01
1030            	8.40620761e-02	1.77900382e-02	7.85644729e-01	4.76884441e-01	3.08760289e-01
1031            	8.40651609e-02	1.77889466e-02	7.85671318e-01	4.76900820e-01	3.08770498e-01
1032            	8.40688125e-02	1.77877963e-02	7.85701051e-01	4.76919338e-01	3.08781713e-01
1033            	8.40716925e-02	1.77867529e-02	7.85726381e-01	4.76934883e-01	3.08791498e-01
1034            	8.40745357e-02	1.77857022e-02	7.85751493e-01	4.76950282e-01	3.08801211e-01
1035            	8.40773869e-02	1.77846330e-02	7.85776665e-01	4.76965720e-01	3.08810946e-01
1036            	8.40808399e-02	1.77835027e-02	7.85805184e-01	4.76983432e-01	3.08821752e-01
1037            	8.40836378e-02	1.77824659e-02	7.85829977e-01	4.76998626e-01	3.08831351e-01
1038            	8.40870134e-02	1.77813673e-02	7.85857990e-01	4.77016008e-01	3.08841982e-01
1039            	8.40897421e-02	1.77803489e-02	7.85882343e-01	4.77030914e-01	3.08851429e-01
1040            	8.40930510e-02	1.77792597e-02	7.85909942e-01	4.77048022e-01	3.08861920e-01
1041            	8.40962676e-02	1.77781859e-02	7.85937000e-01	4.77064767e-01	3.08872232e-01
1042            	8.40988706e-02	1.77772004e-02	7.85960530e-01	4.77079135e-01	3.08881394e-01
1043            	8.41020737e-02	1.77761471e-02	7.85987400e-01	4.77095774e-01	3.08891626e-01
1044            	8.41051990e-02	1.77751068e-02	7.86013818e-01	4.77112108e-01	3.08901710e-01
1045            	8.41080974e-02	1.77740827e-02	7.86038978e-01	4.77127586e-01	3.08911392e-01
1046            	8.41105630e-02	1.77731098e-02	7.86061608e-01	4.77141367e-01	3.08920241e-01
1047            	8.41138664e-02	1.77720248e-02	7.86089065e-01	4.77158399e-01	3.08930666e-01
1048            	8.41171976e-02	1.77709665e-02	7.86116609e-01	4.77175502e-01	3.08941107e-01
1049            	8.41230155e-02	1.77710262e-02	7.86148828e-01	4.77197429e-01	3.08951398e-01
1050            	8.41299692e-02	1.77716778e-02	7.86182540e-01	4.77221239e-01	3.08961301e-01
1051            	8.41369447e-02	1.77724001e-02	7.86215761e-01	4.77244825e-01	3.08970936e-01
1052            	8.41405983e-02	1.77717692e-02	7.86241881e-01	4.77261539e-01	3.08980342e-01
1053            	8.41436505e-02	1.77710960e-02	7.86265235e-01	4.77276268e-01	3.08988967e-01
1054            	8.41476238e-02	1.77702637e-02	7.86294186e-01	4.77294717e-01	3.08999469e-01
1055            	8.41509982e-02	1.77693104e-02	7.86321162e-01	4.77311579e-01	3.09009583e-01
1056            	8.41535872e-02	1.77683047e-02	7.86344785e-01	4.77325980e-01	3.09018805e-01
1057            	8.41568997e-02	1.77671005e-02	7.86373533e-01	4.77343666e-01	3.09029867e-01
1058            	8.41596844e-02	1.77658933e-02	7.86399894e-01	4.77359631e-01	3.09040263e-01
1059            	8.41618860e-02	1.77647690e-02	7.86422782e-01	4.77373277e-01	3.09049505e-01
1060            	8.41648290e-02	1.77635339e-02	7.86450086e-01	4.77389872e-01	3.09060214e-01
1061            	8.41677166e-02	1.77623578e-02	7.86476637e-01	4.77406035e-01	3.09070602e-01
1062            	8.41706325e-02	1.77612514e-02	7.86502746e-01	4.77422005e-01	3.09080740e-01
1063            	8.41734979e-02	1.77602119e-02	7.86527966e-01	4.77437481e-01	3.09090485e-01
1064            	8.41763316e-02	1.77592432e-02	7.86552446e-01	4.77452555e-01	3.09099891e-01
1065            	8.41791644e-02	1.77583035e-02	7.86576586e-01	4.77467458e-01	3.09109129e-01
1066            	8.41819889e-02	1.77573648e-02	7.86600565e-01	4.77482271e-01	3.09118293e-01
1067            	8.41848455e-02	1.77564021e-02	7.86624792e-01	4.77497241e-01	3.09127550e-01
1068            	8.41876996e-02	1.77554098e-02	7.86649198e-01	4.77512299e-01	3.09136899e-01
1069            	8.41905938e-02	1.77543850e-02	7.86674066e-01	4.77527627e-01	3.09146439e-01
1070            	8.41935118e-02	1.77533591e-02	7.86699226e-01	4.77543125e-01	3.09156101e-01
1071            	8.41964664e-02	1.77523297e-02	7.86724728e-01	4.77558830e-01	3.09165897e-01
1072            	8.41994149e-02	1.77513017e-02	7.86750267e-01	4.77574549e-01	3.09175719e-01
1073            	8.42023689e-02	1.77502753e-02	7.86775846e-01	4.77590292e-01	3.09185554e-01
1074            	8.42052924e-02	1.77492533e-02	7.86801207e-01	4.77605896e-01	3.09195311e-01
1075            	8.42082017e-02	1.77482346e-02	7.86826411e-01	4.77621407e-01	3.09205004e-01
1076            	8.42110885e-02	1.77472403e-02	7.86851338e-01	4.77636758e-01	3.09214581e-01
1077            	8.42139689e-02	1.77462575e-02	7.86876128e-01	4.77652033e-01	3.09224095e-01
1078            	8.42168150e-02	1.77452785e-02	7.86900662e-01	4.77667146e-01	3.09233516e-01
1079            	8.42196547e-02	1.77442951e-02	7.86925140e-01	4.77682225e-01	3.09242915e-01
1080            	8.42224653e-02	1.77433042e-02	7.86949465e-01	4.77697198e-01	3.09252267e-01
1081            	8.42254639e-02	1.77422855e-02	7.86974822e-01	4.77712875e-01	3.09261947e-01
1082            	8.42280859e-02	1.77413234e-02	7.86998092e-01	4.77727132e-01	3.09270960e-01
1083            	8.42312082e-02	1.77403240e-02	7.87024100e-01	4.77743258e-01	3.09280842e-01
1084            	8.42340646e-02	1.77393430e-02	7.87048728e-01	4.77758428e-01	3.09290299e-01
1085            	8.42369710e-02	1.77383597e-02	7.87073624e-01	4.77773783e-01	3.09299841e-01
1086            	8.42396201e-02	1.77373805e-02	7.87097159e-01	4.77788200e-01	3.09308959e-01
1087            	8.42423691e-02	1.77363819e-02	7.87121241e-01	4.77802990e-01	3.09318252e-01
1088            	8.42451028e-02	1.77353942e-02	7.87145203e-01	4.77817704e-01	3.09327499e-01
1089            	8.42478230e-02	1.77344091e-02	7.87169082e-01	4.77832364e-01	3.09336718e-01
1090            	8.42505383e-02	1.77334226e-02	7.87192932e-01	4.77847004e-01	3.09345928e-01
1091            	8.42532537e-02	1.77324317e-02	7.87216784e-01	4.77861646e-01	3.09355138e-01
1092            	8.42559746e-02	1.77314356e-02	7.87240666e-01	4.77876308e-01	3.09364359e-01
1093            	8.42585497e-02	1.77304414e-02	7.87263761e-01	4.77890430e-01	3.09373331e-01
1094            	8.42612985e-02	1.77294528e-02	7.87287734e-01	4.77905166e-01	3.09382569e-01
1095            	8.42640751e-02	1.77284705e-02	7.87311844e-01	4.77919997e-01	3.09391847e-01
1096            	8.42668533e-02	1.77274915e-02	7.87335960e-01	4.77934833e-01	3.09401127e-01
1097            	8.42696112e-02	1.77265120e-02	7.87359970e-01	4.77949596e-01	3.09410374e-01
1098            	8.42723366e-02	1.77255288e-02	7.87383816e-01	4.77964245e-01	3.09419572e-01
1099            	8.42750199e-02	1.77245395e-02	7.87407447e-01	4.77978744e-01	3.09428704e-01
1100            	8.42776779e-02	1.77235636e-02	7.87430906e-01	4.77993131e-01	3.09437775e-01
1101            	8.42803071e-02	1.77225896e-02	7.87454212e-01	4.78007413e-01	3.09446799e-01
1102            	8.42829113e-02	1.77216103e-02	7.87477398e-01	4.78021610e-01	3.09455788e-01
1103            	8.42854976e-02	1.77206219e-02	7.87500507e-01	4.78035751e-01	3.09464756e-01
1104            	8.42880702e-02	1.77196234e-02	7.87523560e-01	4.78049850e-01	3.09473710e-01
1105            	8.42906363e-02	1.77186168e-02	7.87546589e-01	4.78063931e-01	3.09482658e-01
1106            	8.42932111e-02	1.77176255e-02	7.87569619e-01	4.78078021e-01	3.09491599e-01
1107            	8.42957860e-02	1.77166416e-02	7.87592634e-01	4.78092103e-01	3.09500531e-01
1108            	8.42983550e-02	1.77156583e-02	7.87615607e-01	4.78106159e-01	3.09509449e-01
1109            	8.43009188e-02	1.77146719e-02	7.87638553e-01	4.78120195e-01	3.09518358e-01
1110            	8.43034672e-02	1.77136789e-02	7.87661415e-01	4.78134175e-01	3.09527240e-01
1111            	8.43060056e-02	1.77126794e-02	7.87684229e-01	4.78148120e-01	3.09536109e-01
1112            	8.43085380e-02	1.77116935e-02	7.87706968e-01	4.78162022e-01	3.09544946e-01
1113            	8.43110624e-02	1.77107123e-02	7.87729663e-01	4.78175894e-01	3.09553769e-01
1114            	8.43135654e-02	1.77097282e-02	7.87752244e-01	4.78189688e-01	3.09562557e-01
1115            	8.43160549e-02	1.77087380e-02	7.87774769e-01	4.78203439e-01	3.09571329e-01
1116            	8.43185205e-02	1.77077387e-02	7.87797172e-01	4.78217107e-01	3.09580066e-01
1117            	8.43209730e-02	1.77067316e-02	7.87819517e-01	4.78230732e-01	3.09588786e-01
1118            	8.43234193e-02	1.77057378e-02	7.87841786e-01	4.78244312e-01	3.09597474e-01
1119            	8.43258614e-02	1.77047492e-02	7.87864027e-01	4.78257875e-01	3.09606152e-01
1120            	8.43282876e-02	1.77037594e-02	7.87886175e-01	4.78271375e-01	3.09614800e-01
1121            	8.43307063e-02	1.77027653e-02	7.87908286e-01	4.78284849e-01	3.09623437e-01
1122            	8.43331074e-02	1.77017640e-02	7.87930297e-01	4.78298256e-01	3.09632041e-01
1123            	8.43355010e-02	1.77007566e-02	7.87952270e-01	4.78311636e-01	3.09640634e-01
1124            	8.43378902e-02	1.76997632e-02	7.87974170e-01	4.78324975e-01	3.09649195e-01
1125            	8.43402763e-02	1.76987754e-02	7.87996047e-01	4.78338300e-01	3.09657747e-01
1126            	8.43426450e-02	1.76977863e-02	7.88017820e-01	4.78351555e-01	3.09666265e-01
1127            	8.43450046e-02	1.76967925e-02	7.88039547e-01	4.78364778e-01	3.09674769e-01
1128            	8.43473446e-02	1.76957907e-02	7.88061166e-01	4.78377928e-01	3.09683238e-01
1129            	8.43496768e-02	1.76947821e-02	7.88082745e-01	4.78391050e-01	3.09691696e-01
1130            	8.43519923e-02	1.76937673e-02	7.88104224e-01	4.78404104e-01	3.09700120e-01
1131            	8.43543146e-02	1.76927693e-02	7.88125700e-01	4.78417165e-01	3.09708535e-01
1132            	8.43566238e-02	1.76917782e-02	7.88147086e-01	4.78430167e-01	3.09716919e-01
1133            	8.43589286e-02	1.76907887e-02	7.88168447e-01	4.78443152e-01	3.09725295e-01
1134            	8.43612159e-02	1.76897956e-02	7.88189705e-01	4.78456069e-01	3.09733637e-01
1135            	8.43634964e-02	1.76887968e-02	7.88210929e-01	4.78468961e-01	3.09741968e-01
1136            	8.43657595e-02	1.76877913e-02	7.88232047e-01	4.78481783e-01	3.09750264e-01
1137            	8.43680180e-02	1.76867809e-02	7.88253134e-01	4.78494585e-01	3.09758549e-01
1138            	8.43702720e-02	1.76857867e-02	7.88274143e-01	4.78507344e-01	3.09766800e-01
1139            	8.43725243e-02	1.76847999e-02	7.88295132e-01	4.78520091e-01	3.09775042e-01
1140            	8.43747612e-02	1.76838139e-02	7.88316021e-01	4.78532772e-01	3.09783249e-01
1141            	8.43769927e-02	1.76828247e-02	7.88336879e-01	4.78545432e-01	3.09791447e-01
1142            	8.43792069e-02	1.76818292e-02	7.88357629e-01	4.78558022e-01	3.09799608e-01
1143            	8.43814163e-02	1.76808275e-02	7.88378352e-01	4.78570592e-01	3.09807760e-01
1144            	8.43836109e-02	1.76798205e-02	7.88398973e-01	4.78583097e-01	3.09815875e-01
1145            	8.43858134e-02	1.76788302e-02	7.88419597e-01	4.78595612e-01	3.09823985e-01
1146            	8.43880033e-02	1.76778472e-02	7.88440128e-01	4.78608067e-01	3.09832061e-01
1147            	8.43901908e-02	1.76768658e-02	7.88460640e-01	4.78620511e-01	3.09840129e-01
1148            	8.43923622e-02	1.76758812e-02	7.88481047e-01	4.78632886e-01	3.09848161e-01
1149            	8.43945295e-02	1.76748912e-02	7.88501428e-01	4.78645244e-01	3.09856185e-01
1150            	8.43966813e-02	1.76738953e-02	7.88521703e-01	4.78657533e-01	3.09864170e-01
1151            	8.43988318e-02	1.76728947e-02	7.88541959e-01	4.78669811e-01	3.09872148e-01
1152            	8.44009784e-02	1.76719111e-02	7.88562136e-01	4.78682047e-01	3.09880090e-01
1153            	8.44030371e-02	1.76709536e-02	7.88581701e-01	4.78693887e-01	3.09887813e-01
1154            	8.44050711e-02	1.76700005e-02	7.88601068e-01	4.78705605e-01	3.09895463e-01
1155            	8.44070128e-02	1.76690740e-02	7.88619744e-01	4.78716885e-01	3.09902859e-01
1156            	8.44093346e-02	1.76680262e-02	7.88641125e-01	4.78729897e-01	3.09911228e-01
1157            	8.44116407e-02	1.76669848e-02	7.88662410e-01	4.78742846e-01	3.09919564e-01
1158            	8.44139092e-02	1.76659624e-02	7.88683419e-01	4.78755619e-01	3.09927800e-01
1159            	8.44161138e-02	1.76649830e-02	7.88703921e-01	4.78768074e-01	3.09935847e-01
1160            	8.44182430e-02	1.76640321e-02	7.88723868e-01	4.78780177e-01	3.09943691e-01
1161            	8.44202208e-02	1.76631144e-02	7.88742732e-01	4.78791587e-01	3.09951145e-01
1162            	8.44221433e-02	1.76621961e-02	7.88761170e-01	4.78802728e-01	3.09958442e-01
1163            	8.44239526e-02	1.76612939e-02	7.88778739e-01	4.78813322e-01	3.09965417e-01
1164            	8.44261105e-02	1.76602564e-02	7.88798896e-01	4.78825558e-01	3.09973337e-01
1165            	8.44282818e-02	1.76592171e-02	7.88819170e-01	4.78837867e-01	3.09981303e-01
1166            	8.44304513e-02	1.76582117e-02	7.88839388e-01	4.78850145e-01	3.09989243e-01
1167            	8.44325085e-02	1.76572606e-02	7.88858777e-01	4.78861897e-01	3.09996880e-01
1168            	8.44345189e-02	1.76563341e-02	7.88877766e-01	4.78873402e-01	3.10004364e-01
1169            	8.44364100e-02	1.76554512e-02	7.88895798e-01	4.78884309e-01	3.10011489e-01
1170            	8.44386090e-02	1.76544519e-02	7.88916077e-01	4.78896648e-01	3.10019430e-01
1171            	8.44407887e-02	1.76534543e-02	7.88936204e-01	4.78908891e-01	3.10027314e-01
1172            	8.44428506e-02	1.76524897e-02	7.88955464e-01	4.78920583e-01	3.10034882e-01
1173            	8.44448755e-02	1.76515545e-02	7.88974384e-01	4.78932067e-01	3.10042316e-01
1174            	8.44468652e-02	1.76506332e-02	7.88993024e-01	4.78943377e-01	3.10049647e-01
1175            	8.44487418e-02	1.76497528e-02	7.89010790e-01	4.78954137e-01	3.10056653e-01
1176            	8.44508898e-02	1.76487606e-02	7.89030613e-01	4.78966196e-01	3.10064417e-01
1177            	8.44530219e-02	1.76477721e-02	7.89050338e-01	4.78978191e-01	3.10072147e-01
1178            	8.44550424e-02	1.76468205e-02	7.89069238e-01	4.78989661e-01	3.10079577e-01
1179            	8.44570316e-02	1.76458813e-02	7.89087855e-01	4.79000959e-01	3.10086896e-01
1180            	8.44590126e-02	1.76449647e-02	7.89106326e-01	4.79012176e-01	3.10094151e-01
1181            	8.44609903e-02	1.76440550e-02	7.89124732e-01	4.79023356e-01	3.10101375e-01
1182            	8.44629681e-02	1.76431449e-02	7.89143105e-01	4.79034520e-01	3.10108584e-01
1183            	8.44648589e-02	1.76422702e-02	7.89160774e-01	4.79045246e-01	3.10115528e-01
1184            	8.44670181e-02	1.76412860e-02	7.89180465e-01	4.79057251e-01	3.10123215e-01
1185            	8.44690863e-02	1.76403343e-02	7.89199479e-01	4.79068826e-01	3.10130653e-01
1186            	8.44711278e-02	1.76393976e-02	7.89218249e-01	4.79080252e-01	3.10137997e-01
1187            	8.44731334e-02	1.76384765e-02	7.89236706e-01	4.79091487e-01	3.10145220e-01
1188            	8.44750164e-02	1.76376193e-02	7.89254152e-01	4.79102092e-01	3.10152060e-01
1189            	8.44770961e-02	1.76366906e-02	7.89273073e-01	4.79113633e-01	3.10159440e-01
1190            	8.44791593e-02	1.76357730e-02	7.89291858e-01	4.79125088e-01	3.10166769e-01
1191            	8.44811912e-02	1.76348673e-02	7.89310398e-01	4.79136390e-01	3.10174008e-01
1192            	8.44831816e-02	1.76339734e-02	7.89328616e-01	4.79147489e-01	3.10181126e-01
1193            	8.44850416e-02	1.76331215e-02	7.89345807e-01	4.79157945e-01	3.10187862e-01
1194            	8.44870947e-02	1.76321867e-02	7.89364445e-01	4.79169317e-01	3.10195128e-01
1195            	8.44891328e-02	1.76312595e-02	7.89382937e-01	4.79180601e-01	3.10202335e-01
1196            	8.44911484e-02	1.76303654e-02	7.89401198e-01	4.79191747e-01	3.10209451e-01
1197            	8.44930354e-02	1.76295305e-02	7.89418451e-01	4.79202261e-01	3.10216190e-01
1198            	8.44951002e-02	1.76286304e-02	7.89437019e-01	4.79213610e-01	3.10223409e-01
1199            	8.44971437e-02	1.76277412e-02	7.89455404e-01	4.79224846e-01	3.10230558e-01
1200            	8.44991609e-02	1.76268617e-02	7.89473564e-01	4.79235943e-01	3.10237621e-01
1201            	8.45011513e-02	1.76259891e-02	7.89491491e-01	4.79246897e-01	3.10244594e-01
1202            	8.45031158e-02	1.76251213e-02	7.89509188e-01	4.79257710e-01	3.10251478e-01
1203            	8.45049719e-02	1.76242950e-02	7.89526028e-01	4.79267986e-01	3.10258042e-01
1204            	8.45069992e-02	1.76234133e-02	7.89544099e-01	4.79279049e-01	3.10265050e-01
1205            	8.45090144e-02	1.76225472e-02	7.89562066e-01	4.79290047e-01	3.10272018e-01
1206            	8.45109103e-02	1.76217296e-02	7.89579132e-01	4.79300476e-01	3.10278655e-01
1207            	8.45129816e-02	1.76208469e-02	7.89597473e-01	4.79311718e-01	3.10285755e-01
1208            	8.45150299e-02	1.76199762e-02	7.89615624e-01	4.79322842e-01	3.10292782e-01
1209            	8.45170402e-02	1.76191204e-02	7.89633463e-01	4.79333772e-01	3.10299691e-01
1210            	8.45189158e-02	1.76183148e-02	7.89650275e-01	4.79344053e-01	3.10306222e-01
1211            	8.45209710e-02	1.76174406e-02	7.89668338e-01	4.79355140e-01	3.10313198e-01
1212            	8.45230028e-02	1.76165968e-02	7.89686169e-01	4.79366087e-01	3.10320082e-01
1213            	8.45248980e-02	1.76158080e-02	7.89702993e-01	4.79376395e-01	3.10326599e-01
1214            	8.45269456e-02	1.76149652e-02	7.89720892e-01	4.79387392e-01	3.10333500e-01
1215            	8.45288674e-02	1.76141677e-02	7.89737882e-01	4.79397808e-01	3.10340074e-01
1216            	8.45309191e-02	1.76133196e-02	7.89755778e-01	4.79408808e-01	3.10346970e-01
1217            	8.45328211e-02	1.76125187e-02	7.89772592e-01	4.79419117e-01	3.10353475e-01
1218            	8.45347872e-02	1.76116952e-02	7.89789830e-01	4.79429702e-01	3.10360128e-01
1219            	8.45367852e-02	1.76108600e-02	7.89807255e-01	4.79440413e-01	3.10366842e-01
1220            	8.45388061e-02	1.76100392e-02	7.89824791e-01	4.79451201e-01	3.10373589e-01
1221            	8.45407935e-02	1.76092374e-02	7.89842067e-01	4.79461827e-01	3.10380240e-01
1222            	8.45426832e-02	1.76084696e-02	7.89858631e-01	4.79471999e-01	3.10386632e-01
1223            	8.45444018e-02	1.76077571e-02	7.89873911e-01	4.79481358e-01	3.10392554e-01
1224            	8.45467139e-02	1.76068713e-02	7.89893266e-01	4.79493347e-01	3.10399919e-01
1225            	8.45487747e-02	1.76060566e-02	7.89910947e-01	4.79504248e-01	3.10406699e-01
1226            	8.45508761e-02	1.76052406e-02	7.89928851e-01	4.79515302e-01	3.10413549e-01
1227            	8.45529259e-02	1.76044391e-02	7.89946361e-01	4.79526106e-01	3.10420255e-01
1228            	8.45549175e-02	1.76036537e-02	7.89963430e-01	4.79536633e-01	3.10426798e-01
1229            	8.45568606e-02	1.76028942e-02	7.89980121e-01	4.79546921e-01	3.10433200e-01
1230            	8.45587906e-02	1.76021432e-02	7.89996706e-01	4.79557144e-01	3.10439563e-01
1231            	8.45606126e-02	1.76014168e-02	7.90012566e-01	4.79566896e-01	3.10445670e-01
1232            	8.45622578e-02	1.76007265e-02	7.90027184e-01	4.79575850e-01	3.10451334e-01
1233            	8.45645052e-02	1.75998682e-02	7.90045854e-01	4.79587432e-01	3.10458422e-01
1234            	8.45665628e-02	1.75990670e-02	7.90063321e-01	4.79598223e-01	3.10465098e-01
1235            	8.45686185e-02	1.75982747e-02	7.90080737e-01	4.79608987e-01	3.10471750e-01
1236            	8.45706571e-02	1.75974984e-02	7.90097977e-01	4.79619646e-01	3.10478331e-01
1237            	8.45726527e-02	1.75967384e-02	7.90114860e-01	4.79630083e-01	3.10484777e-01
1238            	8.45746348e-02	1.75960053e-02	7.90131575e-01	4.79640422e-01	3.10491153e-01
1239            	8.45764910e-02	1.75953069e-02	7.90147448e-01	4.79650215e-01	3.10497233e-01
1240            	8.45781430e-02	1.75946479e-02	7.90161932e-01	4.79659109e-01	3.10502823e-01
1241            	8.45804157e-02	1.75938388e-02	7.90180426e-01	4.79670629e-01	3.10509797e-01
1242            	8.45825950e-02	1.75930533e-02	7.90198361e-01	4.79681776e-01	3.10516586e-01
1243            	8.45845376e-02	1.75923249e-02	7.90214824e-01	4.79691949e-01	3.10522874e-01
1244            	8.45864996e-02	1.75915918e-02	7.90231375e-01	4.79702187e-01	3.10529188e-01
1245            	8.45884585e-02	1.75908579e-02	7.90247868e-01	4.79712392e-01	3.10535475e-01
1246            	8.45903963e-02	1.75901233e-02	7.90264188e-01	4.79722490e-01	3.10541698e-01
1247            	8.45923176e-02	1.75894072e-02	7.90280369e-01	4.79732502e-01	3.10547867e-01
1248            	8.45941212e-02	1.75887188e-02	7.90295813e-01	4.79742028e-01	3.10553785e-01
1249            	8.45957373e-02	1.75880640e-02	7.90310028e-01	4.79750751e-01	3.10559276e-01
1250            	8.45980337e-02	1.75872735e-02	7.90328477e-01	4.79762272e-01	3.10566205e-01
1251            	8.46002466e-02	1.75865106e-02	7.90346429e-01	4.79773461e-01	3.10572968e-01
1252            	8.46022184e-02	1.75858046e-02	7.90362911e-01	4.79783674e-01	3.10579237e-01
1253            	8.46041923e-02	1.75851014e-02	7.90379347e-01	4.79793866e-01	3.10585481e-01
1254            	8.46061547e-02	1.75844001e-02	7.90395657e-01	4.79803983e-01	3.10591674e-01
1255            	8.46080809e-02	1.75836981e-02	7.90411703e-01	4.79813932e-01	3.10597770e-01
1256            	8.46099866e-02	1.75830108e-02	7.90427600e-01	4.79823787e-01	3.10603813e-01
1257            	8.46117646e-02	1.75823443e-02	7.90442746e-01	4.79833137e-01	3.10609608e-01
1258            	8.46133424e-02	1.75817042e-02	7.90456647e-01	4.79841666e-01	3.10614981e-01
1259            	8.46156078e-02	1.75809408e-02	7.90474722e-01	4.79852969e-01	3.10621753e-01
1260            	8.46177877e-02	1.75802013e-02	7.90492316e-01	4.79863946e-01	3.10628370e-01
1261            	8.46197256e-02	1.75795127e-02	7.90508485e-01	4.79873968e-01	3.10634517e-01
1262            	8.46216752e-02	1.75788263e-02	7.90524669e-01	4.79884010e-01	3.10640660e-01
1263            	8.46237341e-02	1.75781253e-02	7.90541404e-01	4.79894436e-01	3.10646968e-01
1264            	8.46255385e-02	1.75774624e-02	7.90556632e-01	4.79903855e-01	3.10652778e-01
1265            	8.46273902e-02	1.75767997e-02	7.90572113e-01	4.79913447e-01	3.10658666e-01
1266            	8.46292667e-02	1.75761327e-02	7.90587753e-01	4.79923143e-01	3.10664610e-01
1267            	8.46311417e-02	1.75754589e-02	7.90603405e-01	4.79932844e-01	3.10670561e-01
1268            	8.46330058e-02	1.75747813e-02	7.90619016e-01	4.79942514e-01	3.10676502e-01
1269            	8.46347541e-02	1.75741141e-02	7.90633972e-01	4.79951740e-01	3.10682232e-01
1270            	8.46364493e-02	1.75734476e-02	7.90648597e-01	4.79960748e-01	3.10687849e-01
1271            	8.46380394e-02	1.75727893e-02	7.90662558e-01	4.79969318e-01	3.10693239e-01
1272            	8.46402460e-02	1.75720355e-02	7.90680196e-01	4.79980344e-01	3.10699852e-01
1273            	8.46424715e-02	1.75713053e-02	7.90697889e-01	4.79991416e-01	3.10706473e-01
1274            	8.46448674e-02	1.75705951e-02	7.90716382e-01	4.80003058e-01	3.10713324e-01
1275            	8.46468539e-02	1.75699667e-02	7.90732532e-01	4.80013120e-01	3.10719412e-01
1276            	8.46489436e-02	1.75693456e-02	7.90749178e-01	4.80023533e-01	3.10725645e-01
1277            	8.46506796e-02	1.75687562e-02	7.90763862e-01	4.80032611e-01	3.10731252e-01
1278            	8.46524841e-02	1.75681311e-02	7.90778957e-01	4.80041963e-01	3.10736995e-01
1279            	8.46540255e-02	1.75675027e-02	7.90792637e-01	4.80050344e-01	3.10742293e-01
1280            	8.46557599e-02	1.75668156e-02	7.90807490e-01	4.80059505e-01	3.10747985e-01
1281            	8.46574629e-02	1.75661156e-02	7.90822222e-01	4.80068574e-01	3.10753648e-01
1282            	8.46590479e-02	1.75654300e-02	7.90836313e-01	4.80077204e-01	3.10759109e-01
1283            	8.46610128e-02	1.75647053e-02	7.90852502e-01	4.80087264e-01	3.10765238e-01
1284            	8.46629028e-02	1.75640057e-02	7.90868261e-01	4.80097033e-01	3.10771228e-01
1285            	8.46647797e-02	1.75633451e-02	7.90883893e-01	4.80106726e-01	3.10777167e-01
1286            	8.46667500e-02	1.75627058e-02	7.90899969e-01	4.80116734e-01	3.10783234e-01
1287            	8.46685789e-02	1.75620849e-02	7.90915261e-01	4.80126209e-01	3.10789052e-01
1288            	8.46703654e-02	1.75614638e-02	7.90930302e-01	4.80135517e-01	3.10794786e-01
1289            	8.46722279e-02	1.75608280e-02	7.90945737e-01	4.80145097e-01	3.10800641e-01
1290            	8.46739587e-02	1.75601836e-02	7.90960491e-01	4.80154204e-01	3.10806287e-01
1291            	8.46757733e-02	1.75595210e-02	7.90975705e-01	4.80163626e-01	3.10812079e-01
1292            	8.46774696e-02	1.75588539e-02	7.90990318e-01	4.80172629e-01	3.10817689e-01
1293            	8.46791528e-02	1.75581804e-02	7.91004878e-01	4.80181592e-01	3.10823286e-01
1294            	8.46808289e-02	1.75575042e-02	7.91019411e-01	4.80190534e-01	3.10828877e-01
1295            	8.46823830e-02	1.75568527e-02	7.91033284e-01	4.80199025e-01	3.10834259e-01
1296            	8.46843396e-02	1.75561733e-02	7.91049393e-01	4.80209036e-01	3.10840357e-01
1297            	8.46862893e-02	1.75555138e-02	7.91065463e-01	4.80219021e-01	3.10846442e-01
1298            	8.46881993e-02	1.75548720e-02	7.91081285e-01	4.80228842e-01	3.10852443e-01
1299            	8.46899335e-02	1.75542430e-02	7.91096143e-01	4.80238005e-01	3.10858138e-01
1300            	8.46915631e-02	1.75536137e-02	7.91110402e-01	4.80246764e-01	3.10863638e-01
1301            	8.46930116e-02	1.75529865e-02	7.91123654e-01	4.80254839e-01	3.10868815e-01
1302            	8.46948111e-02	1.75523073e-02	7.91138828e-01	4.80264225e-01	3.10874603e-01
1303            	8.46965042e-02	1.75516261e-02	7.91153465e-01	4.80273237e-01	3.10880228e-01
1304            	8.46982654e-02	1.75509420e-02	7.91168459e-01	4.80282495e-01	3.10885964e-01
1305            	8.46999082e-02	1.75502677e-02	7.91182844e-01	4.80291330e-01	3.10891514e-01
1306            	8.47015075e-02	1.75496146e-02	7.91197015e-01	4.80300015e-01	3.10897000e-01
1307            	8.47030726e-02	1.75489714e-02	7.91211033e-01	4.80308589e-01	3.10902444e-01
1308            	8.47045186e-02	1.75483410e-02	7.91224418e-01	4.80316728e-01	3.10907691e-01
1309            	8.47063417e-02	1.75476716e-02	7.91239898e-01	4.80326291e-01	3.10913607e-01
