# Canonical merged NACA4412 V9 SST forceCoeffs history
# Restart overlap is resolved by retaining the later segment at duplicate iteration indices.
# Force coefficients
# liftDir       : (-1.73648178e-01 9.84807753e-01 0.00000000e+00)
# dragDir       : (9.84807753e-01 1.73648178e-01 0.00000000e+00)
# pitchAxis     : (0.00000000e+00 0.00000000e+00 1.00000000e+00)
# magUInf       : 1.50000000e+01
# lRef          : 1.00000000e+00
# Aref          : 1.00000000e-02
# CofR          : (2.50000000e-01 0.00000000e+00 0.00000000e+00)
# Time          	Cm              	Cd              	Cl              	Cl(f)           	Cl(r)           
0               	1.73157144e-02	5.14197453e-01	2.74003609e-02	3.10158949e-02	-3.61553402e-03
1               	4.38233666e+00	4.18127678e+00	1.24798615e+01	1.06222674e+01	1.85759409e+00
2               	5.76630897e+00	5.06298766e+00	1.67319871e+01	1.41323025e+01	2.59968456e+00
3               	5.04023101e+00	4.26481478e+00	1.49896596e+01	1.25350608e+01	2.45459878e+00
4               	3.03770293e+00	2.52154449e+00	9.53564382e+00	7.80552484e+00	1.73011898e+00
5               	7.42636939e-01	6.41785024e-01	3.10227375e+00	2.29377381e+00	8.08499936e-01
6               	-1.04483104e+00	-7.84776264e-01	-2.07408167e+00	-2.08187187e+00	7.79020397e-03
7               	-1.99035494e+00	-1.51136090e+00	-4.95003534e+00	-4.46537261e+00	-4.84662726e-01
8               	-2.04773232e+00	-1.53633545e+00	-5.35375608e+00	-4.72461036e+00	-6.29145725e-01
9               	-1.54654106e+00	-1.13277738e+00	-4.16577343e+00	-3.62942778e+00	-5.36345656e-01
10              	-7.26577869e-01	-4.96464268e-01	-2.00003493e+00	-1.72659533e+00	-2.73439597e-01
11              	4.24502996e-02	8.88373871e-02	1.39486012e-01	1.12193306e-01	2.72927064e-02
12              	5.46953539e-01	4.72065843e-01	1.64567240e+00	1.36978974e+00	2.75882662e-01
13              	7.45049406e-01	6.23008731e-01	2.33983969e+00	1.91496925e+00	4.24870437e-01
14              	6.96351216e-01	5.90722252e-01	2.34500292e+00	1.86885267e+00	4.76150243e-01
15              	4.94766234e-01	4.47703982e-01	1.90899683e+00	1.44926465e+00	4.59732181e-01
16              	2.25716070e-01	2.53535051e-01	1.23347783e+00	8.42454983e-01	3.91022842e-01
17              	-3.65071051e-03	8.45797535e-02	6.05218705e-01	2.98958642e-01	3.06260063e-01
18              	-1.50008948e-01	-2.73487985e-02	1.59099354e-01	-7.04592715e-02	2.29558625e-01
19              	-1.92733369e-01	-6.78546681e-02	-2.71550256e-02	-2.06310882e-01	1.79155856e-01
20              	-1.61173645e-01	-5.62623833e-02	-1.17338281e-02	-1.67040559e-01	1.55306731e-01
21              	-8.32497411e-02	-1.06931454e-02	1.42343914e-01	-1.20777839e-02	1.54421698e-01
22              	1.00514521e-02	4.77353468e-02	3.64828273e-01	1.92465588e-01	1.72362684e-01
23              	8.65565441e-02	9.75508180e-02	5.71675015e-01	3.72394051e-01	1.99280963e-01
24              	1.30921752e-01	1.28334611e-01	7.15657181e-01	4.88750342e-01	2.26906839e-01
25              	1.43419985e-01	1.39475154e-01	7.86878939e-01	5.36859454e-01	2.50019485e-01
26              	1.33118651e-01	1.36244718e-01	8.00035688e-01	5.33136495e-01	2.66899193e-01
27              	1.10661834e-01	1.24733517e-01	7.75214614e-01	4.98269141e-01	2.76945473e-01
28              	8.61896442e-02	1.10718244e-01	7.33913907e-01	4.53146598e-01	2.80767309e-01
29              	6.38252152e-02	9.65688330e-02	6.86800729e-01	4.07225580e-01	2.79575149e-01
30              	4.86258887e-02	8.55619522e-02	6.47971471e-01	3.72611624e-01	2.75359847e-01
31              	4.22828899e-02	7.91970099e-02	6.25149810e-01	3.54857795e-01	2.70292015e-01
32              	4.30178748e-02	7.69405395e-02	6.17794609e-01	3.51915179e-01	2.65879430e-01
33              	4.83483501e-02	7.75869939e-02	6.21959583e-01	3.59328142e-01	2.62631441e-01
34              	5.66481565e-02	8.04036301e-02	6.35906560e-01	3.74601437e-01	2.61305124e-01
35              	6.54042075e-02	8.41493611e-02	6.55550619e-01	3.93179517e-01	2.62371102e-01
36              	7.35795059e-02	8.81805898e-02	6.78559675e-01	4.12859343e-01	2.65700332e-01
37              	7.98651918e-02	9.16506656e-02	7.01256287e-01	4.30493335e-01	2.70762952e-01
38              	8.28398309e-02	9.35885772e-02	7.17947583e-01	4.41813623e-01	2.76133961e-01
39              	8.35046312e-02	9.43275050e-02	7.29603494e-01	4.48306378e-01	2.81297116e-01
40              	8.25678653e-02	9.41179265e-02	7.36852257e-01	4.50993994e-01	2.85858263e-01
41              	8.07424382e-02	9.32705847e-02	7.40660837e-01	4.51072857e-01	2.89587980e-01
42              	7.85623367e-02	9.20519587e-02	7.41850857e-01	4.49487765e-01	2.92363092e-01
43              	7.64539893e-02	9.07112015e-02	7.41296860e-01	4.47102419e-01	2.94194441e-01
44              	7.48710751e-02	8.95429058e-02	7.40158445e-01	4.44950298e-01	2.95208148e-01
45              	7.38571941e-02	8.86201000e-02	7.39115456e-01	4.43414922e-01	2.95700534e-01
46              	7.34993669e-02	8.80462534e-02	7.38889875e-01	4.42944304e-01	2.95945570e-01
47              	7.37819186e-02	8.78496784e-02	7.39986452e-01	4.43775144e-01	2.96211307e-01
48              	7.46489378e-02	8.80244434e-02	7.42713728e-01	4.46005802e-01	2.96707926e-01
49              	7.61322783e-02	8.86099750e-02	7.47590779e-01	4.49927668e-01	2.97663111e-01
50              	7.78521171e-02	8.94089380e-02	7.53835205e-01	4.54769720e-01	2.99065485e-01
51              	7.95758288e-02	9.02791945e-02	7.60860042e-01	4.60005850e-01	3.00854192e-01
52              	8.10932327e-02	9.10781013e-02	7.67955815e-01	4.65071140e-01	3.02884675e-01
53              	8.20742609e-02	9.15843419e-02	7.73686466e-01	4.68917494e-01	3.04768972e-01
54              	8.27597601e-02	9.19168082e-02	7.78771327e-01	4.72145424e-01	3.06625903e-01
55              	8.31600373e-02	9.20645227e-02	7.83037177e-01	4.74678626e-01	3.08358551e-01
56              	8.33204570e-02	9.20444549e-02	7.86447077e-01	4.76543995e-01	3.09903082e-01
57              	8.32987016e-02	9.18879423e-02	7.88924888e-01	4.77761146e-01	3.11163742e-01
58              	8.31760093e-02	9.16422701e-02	7.90801808e-01	4.78576913e-01	3.12224895e-01
59              	8.29775468e-02	9.13313537e-02	7.92318686e-01	4.79136890e-01	3.13181796e-01
60              	8.27337848e-02	9.09727059e-02	7.93565179e-01	4.79516374e-01	3.14048805e-01
61              	8.25364032e-02	9.06298996e-02	7.94527536e-01	4.79800171e-01	3.14727365e-01
62              	8.23799228e-02	9.03026678e-02	7.95432457e-01	4.80096151e-01	3.15336306e-01
63              	8.23351988e-02	9.00509694e-02	7.96293216e-01	4.80481807e-01	3.15811409e-01
64              	8.23681387e-02	8.98474345e-02	7.97238021e-01	4.80987149e-01	3.16250872e-01
65              	8.24838455e-02	8.96853430e-02	7.98427587e-01	4.81697639e-01	3.16729948e-01
66              	8.26810178e-02	8.95768540e-02	7.99901697e-01	4.82631866e-01	3.17269831e-01
67              	8.29780963e-02	8.95285859e-02	8.01782356e-01	4.83869274e-01	3.17913081e-01
68              	8.34939028e-02	8.95967348e-02	8.04593928e-01	4.85790867e-01	3.18803061e-01
69              	8.38854692e-02	8.96410423e-02	8.06995869e-01	4.87383404e-01	3.19612465e-01
70              	8.42752417e-02	8.96884015e-02	8.09514430e-01	4.89032457e-01	3.20481974e-01
71              	8.46435895e-02	8.97259821e-02	8.12105808e-01	4.90696494e-01	3.21409315e-01
72              	8.49112592e-02	8.97111129e-02	8.14419088e-01	4.92120803e-01	3.22298285e-01
73              	8.50854470e-02	8.96395798e-02	8.16484399e-01	4.93327646e-01	3.23156752e-01
74              	8.51751577e-02	8.95120530e-02	8.18332381e-01	4.94341348e-01	3.23991033e-01
75              	8.51926165e-02	8.93338566e-02	8.20002557e-01	4.95193895e-01	3.24808662e-01
76              	8.51515862e-02	8.91237811e-02	8.21460040e-01	4.95881606e-01	3.25578434e-01
77              	8.50695809e-02	8.88736145e-02	8.22930124e-01	4.96534643e-01	3.26395481e-01
78              	8.49622568e-02	8.86035959e-02	8.24366092e-01	4.97145303e-01	3.27220789e-01
79              	8.48432114e-02	8.83265028e-02	8.25779325e-01	4.97732874e-01	3.28046451e-01
80              	8.47154757e-02	8.80379718e-02	8.27312868e-01	4.98371909e-01	3.28940958e-01
81              	8.46188476e-02	8.77978214e-02	8.28752628e-01	4.98995161e-01	3.29757466e-01
82              	8.45379672e-02	8.75720734e-02	8.30315811e-01	4.99695873e-01	3.30619939e-01
83              	8.44833833e-02	8.73669613e-02	8.32004911e-01	5.00485839e-01	3.31519072e-01
84              	8.44570067e-02	8.71849544e-02	8.33866762e-01	5.01390388e-01	3.32476374e-01
85              	8.44756043e-02	8.70125800e-02	8.36294071e-01	5.02622640e-01	3.33671431e-01
86              	8.44922905e-02	8.68831001e-02	8.38207699e-01	5.03596140e-01	3.34611559e-01
87              	8.45183445e-02	8.67684337e-02	8.40131362e-01	5.04584025e-01	3.35547336e-01
88              	8.45542126e-02	8.66572634e-02	8.42257022e-01	5.05682723e-01	3.36574298e-01
89              	8.45818537e-02	8.65449467e-02	8.44451595e-01	5.06807651e-01	3.37643944e-01
90              	8.45946713e-02	8.64211348e-02	8.46738098e-01	5.07963720e-01	3.38774378e-01
91              	8.45921693e-02	8.62828054e-02	8.49371935e-01	5.09278137e-01	3.40093798e-01
92              	8.45398596e-02	8.61356854e-02	8.51389795e-01	5.10234757e-01	3.41155038e-01
93              	8.44570938e-02	8.59751659e-02	8.53189042e-01	5.11051615e-01	3.42137427e-01
94              	8.43462004e-02	8.57928641e-02	8.54993370e-01	5.11842885e-01	3.43150484e-01
95              	8.42164514e-02	8.56002507e-02	8.56768287e-01	5.12600595e-01	3.44167692e-01
96              	8.40709168e-02	8.53965705e-02	8.58561120e-01	5.13351477e-01	3.45209643e-01
97              	8.38892543e-02	8.51649503e-02	8.60712014e-01	5.14245261e-01	3.46466753e-01
98              	8.37459368e-02	8.49820746e-02	8.62360087e-01	5.14925981e-01	3.47434107e-01
99              	8.36177546e-02	8.48155952e-02	8.63855939e-01	5.15545724e-01	3.48310215e-01
100             	8.34990807e-02	8.46549401e-02	8.65330153e-01	5.16164157e-01	3.49165996e-01
101             	8.33829915e-02	8.44913442e-02	8.66956587e-01	5.16861285e-01	3.50095302e-01
102             	8.32778140e-02	8.43320660e-02	8.68671979e-01	5.17613803e-01	3.51058175e-01
103             	8.31834784e-02	8.41795578e-02	8.70453226e-01	5.18410091e-01	3.52043135e-01
104             	8.30920940e-02	8.40289799e-02	8.72387654e-01	5.19285921e-01	3.53101733e-01
105             	8.30036895e-02	8.38851470e-02	8.74356090e-01	5.20181734e-01	3.54174355e-01
106             	8.29154553e-02	8.37512792e-02	8.76250059e-01	5.21040485e-01	3.55209574e-01
107             	8.28168027e-02	8.36200883e-02	8.78157459e-01	5.21895532e-01	3.56261927e-01
108             	8.27007034e-02	8.34860870e-02	8.80063426e-01	5.22732416e-01	3.57331010e-01
109             	8.25737400e-02	8.33533076e-02	8.81742044e-01	5.23444762e-01	3.58297282e-01
110             	8.24339776e-02	8.32157325e-02	8.83250223e-01	5.24059089e-01	3.59191134e-01
111             	8.22791954e-02	8.30680762e-02	8.84680297e-01	5.24619344e-01	3.60060953e-01
112             	8.21000347e-02	8.29003468e-02	8.86157082e-01	5.25178576e-01	3.60978506e-01
113             	8.19130556e-02	8.27286310e-02	8.87633946e-01	5.25730028e-01	3.61903917e-01
114             	8.17205903e-02	8.25536390e-02	8.89118903e-01	5.26280042e-01	3.62838861e-01
115             	8.15162881e-02	8.23692072e-02	8.90671447e-01	5.26852012e-01	3.63819435e-01
116             	8.13157877e-02	8.21908082e-02	8.92234076e-01	5.27432826e-01	3.64801251e-01
117             	8.11263404e-02	8.20220251e-02	8.93740904e-01	5.27996792e-01	3.65744112e-01
118             	8.09376699e-02	8.18531686e-02	8.95280851e-01	5.28578095e-01	3.66702755e-01
119             	8.07604147e-02	8.16962854e-02	8.96834963e-01	5.29177896e-01	3.67657067e-01
120             	8.05997982e-02	8.15537519e-02	8.98333667e-01	5.29766632e-01	3.68567035e-01
121             	8.04506658e-02	8.14210484e-02	8.99820812e-01	5.30361072e-01	3.69459740e-01
122             	8.03013416e-02	8.12875934e-02	9.01374489e-01	5.30988586e-01	3.70385903e-01
123             	8.01600975e-02	8.11641321e-02	9.02938200e-01	5.31629198e-01	3.71309003e-01
124             	8.00251549e-02	8.10477312e-02	9.04469611e-01	5.32259961e-01	3.72209651e-01
125             	7.98935204e-02	8.09353164e-02	9.05982820e-01	5.32884930e-01	3.73097890e-01
126             	7.97629200e-02	8.08240736e-02	9.07497539e-01	5.33511690e-01	3.73985849e-01
127             	7.96322855e-02	8.07119336e-02	9.09020673e-01	5.34142622e-01	3.74878051e-01
128             	7.95016039e-02	8.05976588e-02	9.10550203e-01	5.34776705e-01	3.75773497e-01
129             	7.93721474e-02	8.04814476e-02	9.12091055e-01	5.35417675e-01	3.76673380e-01
130             	7.92464032e-02	8.03642141e-02	9.13653206e-01	5.36073006e-01	3.77580200e-01
131             	7.91250940e-02	8.02446510e-02	9.15246003e-01	5.36748096e-01	3.78497908e-01
132             	7.90148574e-02	8.01281606e-02	9.16765813e-01	5.37397764e-01	3.79368049e-01
133             	7.89004264e-02	7.99958763e-02	9.18370402e-01	5.38085627e-01	3.80284774e-01
134             	7.87578461e-02	7.98142904e-02	9.20265055e-01	5.38890374e-01	3.81374681e-01
135             	7.86237189e-02	7.96408613e-02	9.21984251e-01	5.39615844e-01	3.82368406e-01
136             	7.85006934e-02	7.94804431e-02	9.23495135e-01	5.40248261e-01	3.83246874e-01
137             	7.83967970e-02	7.93464226e-02	9.24776112e-01	5.40784853e-01	3.83991259e-01
138             	7.83177127e-02	7.92478896e-02	9.25820528e-01	5.41227977e-01	3.84592551e-01
139             	7.82421903e-02	7.91483047e-02	9.26886545e-01	5.41685463e-01	3.85201082e-01
140             	7.81667986e-02	7.90440161e-02	9.28069398e-01	5.42201498e-01	3.85867901e-01
141             	7.80912758e-02	7.89375058e-02	9.29427391e-01	5.42804971e-01	3.86622419e-01
142             	7.80182840e-02	7.88361873e-02	9.30965408e-01	5.43500988e-01	3.87464420e-01
143             	7.79510700e-02	7.87475695e-02	9.32656743e-01	5.44279441e-01	3.88377301e-01
144             	7.78882672e-02	7.86680277e-02	9.34535984e-01	5.45156259e-01	3.89379725e-01
145             	7.78393665e-02	7.86176978e-02	9.36413105e-01	5.46045919e-01	3.90367186e-01
146             	7.78035748e-02	7.85908533e-02	9.38224998e-01	5.46916074e-01	3.91308924e-01
147             	7.77797182e-02	7.85815694e-02	9.39927764e-01	5.47743600e-01	3.92184164e-01
148             	7.77653092e-02	7.85816776e-02	9.41525889e-01	5.48528254e-01	3.92997635e-01
149             	7.77574443e-02	7.85859269e-02	9.42930793e-01	5.49222841e-01	3.93707952e-01
150             	7.77510315e-02	7.85767403e-02	9.44490843e-01	5.49996453e-01	3.94494390e-01
151             	7.77452774e-02	7.85624397e-02	9.45982999e-01	5.50736777e-01	3.95246222e-01
152             	7.77380554e-02	7.85462106e-02	9.47327314e-01	5.51401712e-01	3.95925601e-01
153             	7.77263330e-02	7.85088109e-02	9.48862047e-01	5.52157356e-01	3.96704690e-01
154             	7.77108959e-02	7.84678469e-02	9.50363932e-01	5.52892862e-01	3.97471070e-01
155             	7.76922138e-02	7.84309874e-02	9.51742224e-01	5.53563326e-01	3.98178898e-01
156             	7.76670876e-02	7.83731903e-02	9.53335463e-01	5.54334819e-01	3.99000644e-01
157             	7.76382000e-02	7.83169001e-02	9.54897421e-01	5.55086910e-01	3.99810510e-01
158             	7.76066923e-02	7.82702569e-02	9.56315458e-01	5.55764421e-01	4.00551037e-01
159             	7.75680546e-02	7.82063013e-02	9.57915724e-01	5.56525916e-01	4.01389807e-01
160             	7.75257738e-02	7.81460972e-02	9.59468159e-01	5.57259853e-01	4.02208306e-01
161             	7.74801298e-02	7.80900684e-02	9.60961395e-01	5.57960827e-01	4.03000568e-01
162             	7.74331574e-02	7.80441039e-02	9.62294913e-01	5.58580614e-01	4.03714299e-01
163             	7.73799835e-02	7.79846076e-02	9.63776709e-01	5.59268338e-01	4.04508371e-01
164             	7.73248957e-02	7.79272218e-02	9.65232222e-01	5.59941007e-01	4.05291216e-01
165             	7.72687757e-02	7.78724011e-02	9.66659217e-01	5.60598384e-01	4.06060833e-01
166             	7.72135774e-02	7.78248079e-02	9.67966202e-01	5.61196678e-01	4.06769523e-01
167             	7.71558567e-02	7.77667084e-02	9.69408925e-01	5.61860319e-01	4.07548606e-01
168             	7.71000332e-02	7.77145632e-02	9.70746114e-01	5.62473090e-01	4.08273024e-01
169             	7.70445029e-02	7.76587079e-02	9.72107362e-01	5.63098184e-01	4.09009178e-01
170             	7.69894088e-02	7.75987839e-02	9.73496140e-01	5.63737479e-01	4.09758661e-01
171             	7.69349399e-02	7.75351973e-02	9.74910391e-01	5.64390135e-01	4.10520256e-01
172             	7.68811382e-02	7.74684754e-02	9.76345346e-01	5.65053811e-01	4.11291535e-01
173             	7.68280028e-02	7.73992438e-02	9.77794308e-01	5.65725157e-01	4.12069151e-01
174             	7.67755077e-02	7.73281713e-02	9.79248334e-01	5.66399675e-01	4.12848659e-01
175             	7.67236153e-02	7.72558989e-02	9.80696839e-01	5.67072035e-01	4.13624804e-01
176             	7.66724203e-02	7.71829148e-02	9.82131744e-01	5.67738292e-01	4.14393452e-01
177             	7.66220016e-02	7.71095546e-02	9.83545792e-01	5.68394897e-01	4.15150894e-01
178             	7.65723855e-02	7.70358142e-02	9.84937087e-01	5.69040929e-01	4.15896158e-01
179             	7.65236657e-02	7.69615486e-02	9.86306252e-01	5.69676792e-01	4.16629460e-01
180             	7.64759993e-02	7.68866499e-02	9.87661020e-01	5.70306509e-01	4.17354511e-01
181             	7.64292511e-02	7.68108597e-02	9.89010561e-01	5.70934531e-01	4.18076029e-01
182             	7.63831184e-02	7.67339886e-02	9.90360798e-01	5.71563517e-01	4.18797280e-01
183             	7.63374437e-02	7.66561558e-02	9.91716381e-01	5.72195634e-01	4.19520747e-01
184             	7.62920462e-02	7.65775999e-02	9.93078527e-01	5.72831310e-01	4.20247217e-01
185             	7.62501507e-02	7.65083552e-02	9.94345782e-01	5.73423042e-01	4.20922740e-01
186             	7.62063376e-02	7.64319493e-02	9.95678401e-01	5.74045538e-01	4.21632863e-01
187             	7.61572052e-02	7.63393975e-02	9.97185644e-01	5.74750027e-01	4.22435617e-01
188             	7.61127545e-02	7.62610143e-02	9.98558582e-01	5.75392045e-01	4.23166536e-01
189             	7.60672847e-02	7.61810948e-02	9.99935761e-01	5.76035165e-01	4.23900596e-01
190             	7.60202401e-02	7.60994103e-02	1.00130588e+00	5.76673179e-01	4.24632699e-01
191             	7.59663606e-02	7.60048077e-02	1.00276726e+00	5.77349991e-01	4.25417270e-01
192             	7.59171673e-02	7.59258774e-02	1.00403493e+00	5.77934631e-01	4.26100297e-01
193             	7.58576623e-02	7.58295031e-02	1.00539788e+00	5.78556603e-01	4.26841278e-01
194             	7.58017543e-02	7.57455869e-02	1.00660002e+00	5.79101765e-01	4.27498256e-01
195             	7.57380976e-02	7.56513889e-02	1.00782534e+00	5.79650769e-01	4.28174574e-01
196             	7.56642603e-02	7.55445919e-02	1.00908976e+00	5.80209142e-01	4.28880621e-01
197             	7.55795462e-02	7.54261067e-02	1.01038380e+00	5.80771445e-01	4.29612352e-01
198             	7.54846171e-02	7.52986046e-02	1.01168880e+00	5.81329015e-01	4.30359781e-01
199             	7.53810635e-02	7.51657195e-02	1.01297178e+00	5.81866955e-01	4.31104828e-01
200             	7.52703731e-02	7.50297230e-02	1.01421162e+00	5.82376182e-01	4.31835436e-01
201             	7.51535104e-02	7.48913583e-02	1.01539792e+00	5.82852472e-01	4.32545451e-01
202             	7.50302437e-02	7.47494834e-02	1.01653494e+00	5.83297712e-01	4.33237224e-01
203             	7.48989413e-02	7.46013546e-02	1.01764117e+00	5.83719529e-01	4.33921646e-01
204             	7.47580593e-02	7.44449120e-02	1.01873053e+00	5.84123327e-01	4.34607208e-01
205             	7.46075810e-02	7.42801644e-02	1.01980473e+00	5.84509944e-01	4.35294782e-01
206             	7.44483248e-02	7.41081465e-02	1.02086140e+00	5.84879026e-01	4.35982376e-01
207             	7.42808239e-02	7.39293565e-02	1.02190377e+00	5.85232708e-01	4.36671061e-01
208             	7.41063601e-02	7.37450121e-02	1.02293181e+00	5.85572265e-01	4.37359545e-01
209             	7.39257182e-02	7.35555451e-02	1.02394966e+00	5.85900547e-01	4.38049111e-01
210             	7.37397134e-02	7.33613058e-02	1.02496089e+00	5.86220158e-01	4.38740732e-01
211             	7.35500574e-02	7.31633626e-02	1.02596499e+00	5.86532550e-01	4.39432435e-01
212             	7.33585924e-02	7.29626728e-02	1.02696215e+00	5.86839665e-01	4.40122480e-01
213             	7.31673156e-02	7.27602492e-02	1.02795234e+00	5.87143487e-01	4.40808856e-01
214             	7.29785007e-02	7.25573294e-02	1.02893514e+00	5.87446068e-01	4.41489067e-01
215             	7.27940697e-02	7.23547171e-02	1.02991348e+00	5.87750811e-01	4.42162671e-01
216             	7.26156356e-02	7.21528810e-02	1.03089284e+00	5.88062055e-01	4.42830784e-01
217             	7.24454285e-02	7.19531400e-02	1.03187633e+00	5.88383593e-01	4.43492736e-01
218             	7.22857780e-02	7.17569525e-02	1.03286734e+00	5.88719447e-01	4.44147891e-01
219             	7.21385432e-02	7.15655363e-02	1.03386822e+00	5.89072651e-01	4.44795565e-01
220             	7.20046505e-02	7.13791273e-02	1.03488575e+00	5.89447526e-01	4.45438225e-01
221             	7.18850300e-02	7.11981772e-02	1.03592458e+00	5.89847322e-01	4.46077262e-01
222             	7.17804479e-02	7.10231695e-02	1.03698768e+00	5.90274290e-01	4.46713394e-01
223             	7.16914590e-02	7.08545565e-02	1.03807685e+00	5.90729883e-01	4.47346965e-01
224             	7.16182608e-02	7.06923275e-02	1.03919605e+00	5.91216284e-01	4.47979762e-01
225             	7.15610448e-02	7.05365599e-02	1.04034785e+00	5.91734972e-01	4.48612882e-01
226             	7.15201096e-02	7.03879521e-02	1.04152912e+00	5.92284668e-01	4.49244448e-01
227             	7.14956384e-02	7.02471461e-02	1.04273542e+00	5.92863346e-01	4.49872070e-01
228             	7.14872655e-02	7.01145591e-02	1.04395987e+00	5.93467201e-01	4.50492670e-01
229             	7.14941525e-02	6.99898063e-02	1.04519997e+00	5.94094138e-01	4.51105833e-01
230             	7.15153078e-02	6.98720932e-02	1.04645643e+00	5.94743523e-01	4.51712908e-01
231             	7.15496275e-02	6.97605589e-02	1.04773065e+00	5.95414952e-01	4.52315697e-01
232             	7.15959569e-02	6.96545134e-02	1.04902268e+00	5.96107296e-01	4.52915382e-01
233             	7.16530023e-02	6.95534256e-02	1.05033047e+00	5.96818239e-01	4.53512235e-01
234             	7.17195304e-02	6.94566604e-02	1.05165351e+00	5.97546287e-01	4.54107226e-01
235             	7.17939960e-02	6.93636735e-02	1.05298788e+00	5.98287937e-01	4.54699945e-01
236             	7.18752535e-02	6.92740376e-02	1.05433232e+00	5.99041414e-01	4.55290907e-01
237             	7.19620120e-02	6.91872794e-02	1.05568397e+00	5.99803996e-01	4.55879972e-01
238             	7.20530037e-02	6.91028522e-02	1.05703979e+00	6.00572898e-01	4.56466891e-01
239             	7.21471330e-02	6.90202648e-02	1.05839736e+00	6.01345811e-01	4.57051545e-01
240             	7.22434431e-02	6.89389575e-02	1.05975554e+00	6.02121215e-01	4.57634329e-01
241             	7.23530815e-02	6.88515890e-02	1.06123674e+00	6.02971450e-01	4.58265288e-01
242             	7.24589033e-02	6.87683914e-02	1.06266399e+00	6.03790900e-01	4.58873093e-01
243             	7.25589438e-02	6.86888699e-02	1.06402449e+00	6.04571189e-01	4.59453302e-01
244             	7.26533681e-02	6.86108007e-02	1.06533057e+00	6.05318655e-01	4.60011918e-01
245             	7.27430985e-02	6.85317611e-02	1.06660325e+00	6.06044723e-01	4.60558526e-01
246             	7.28289805e-02	6.84500203e-02	1.06786198e+00	6.06759973e-01	4.61102012e-01
247             	7.29116838e-02	6.83647563e-02	1.06912181e+00	6.07472590e-01	4.61649222e-01
248             	7.29914858e-02	6.82762089e-02	1.07038953e+00	6.08186249e-01	4.62203278e-01
249             	7.30685049e-02	6.81850653e-02	1.07166677e+00	6.08901891e-01	4.62764881e-01
250             	7.31426623e-02	6.80923366e-02	1.07294926e+00	6.09617290e-01	4.63331966e-01
251             	7.32139044e-02	6.79986831e-02	1.07423205e+00	6.10329928e-01	4.63902120e-01
252             	7.32821040e-02	6.79046039e-02	1.07550849e+00	6.11036348e-01	4.64472140e-01
253             	7.33471165e-02	6.78102538e-02	1.07677278e+00	6.11733505e-01	4.65039272e-01
254             	7.34088314e-02	6.77154806e-02	1.07802133e+00	6.12419497e-01	4.65601834e-01
255             	7.34671791e-02	6.76199426e-02	1.07925312e+00	6.13093741e-01	4.66159383e-01
256             	7.35221166e-02	6.75231509e-02	1.08046982e+00	6.13757026e-01	4.66712793e-01
257             	7.35733984e-02	6.74248231e-02	1.08167199e+00	6.14409393e-01	4.67262597e-01
258             	7.36209203e-02	6.73246996e-02	1.08286175e+00	6.15051795e-01	4.67809954e-01
259             	7.36679690e-02	6.72120205e-02	1.08413926e+00	6.15737597e-01	4.68401659e-01
260             	7.37064630e-02	6.71115254e-02	1.08528010e+00	6.16346513e-01	4.68933587e-01
261             	7.37407692e-02	6.70094389e-02	1.08640444e+00	6.16942987e-01	4.69461448e-01
262             	7.37730999e-02	6.68940178e-02	1.08761143e+00	6.17578817e-01	4.70032617e-01
263             	7.37991732e-02	6.67907470e-02	1.08869271e+00	6.18145529e-01	4.70547182e-01
264             	7.38231879e-02	6.66737117e-02	1.08985842e+00	6.18752400e-01	4.71106024e-01
265             	7.38428455e-02	6.65687090e-02	1.09090923e+00	6.19297462e-01	4.71611771e-01
266             	7.38610185e-02	6.64494010e-02	1.09205147e+00	6.19886753e-01	4.72164716e-01
267             	7.38769706e-02	6.63304965e-02	1.09317782e+00	6.20465881e-01	4.72711940e-01
268             	7.38907317e-02	6.62238953e-02	1.09419970e+00	6.20990583e-01	4.73209119e-01
269             	7.39039958e-02	6.61028940e-02	1.09531886e+00	6.21563424e-01	4.73755432e-01
270             	7.39162423e-02	6.59822172e-02	1.09642947e+00	6.22130978e-01	4.74298493e-01
271             	7.39274985e-02	6.58621667e-02	1.09752914e+00	6.22692067e-01	4.74837070e-01
272             	7.39376805e-02	6.57428347e-02	1.09861523e+00	6.23245293e-01	4.75369932e-01
273             	7.39460446e-02	6.56354336e-02	1.09959910e+00	6.23745594e-01	4.75853505e-01
274             	7.39538737e-02	6.55128349e-02	1.10068138e+00	6.24294565e-01	4.76386818e-01
275             	7.39603087e-02	6.53893543e-02	1.10175901e+00	6.24839814e-01	4.76919197e-01
276             	7.39652680e-02	6.52652400e-02	1.10283047e+00	6.25380504e-01	4.77449968e-01
277             	7.39687354e-02	6.51407456e-02	1.10389333e+00	6.25915402e-01	4.77977931e-01
278             	7.39707456e-02	6.50160490e-02	1.10494507e+00	6.26443281e-01	4.78501789e-01
279             	7.39713291e-02	6.48911835e-02	1.10598375e+00	6.26963203e-01	4.79020545e-01
280             	7.39704905e-02	6.47660079e-02	1.10700881e+00	6.27474895e-01	4.79533914e-01
281             	7.39682416e-02	6.46402659e-02	1.10802132e+00	6.27978901e-01	4.80042417e-01
282             	7.39654130e-02	6.45058653e-02	1.10907364e+00	6.28502232e-01	4.80571406e-01
283             	7.39603712e-02	6.43829147e-02	1.11004142e+00	6.28981080e-01	4.81060337e-01
284             	7.39549233e-02	6.42500934e-02	1.11105629e+00	6.29483070e-01	4.81573223e-01
285             	7.39482358e-02	6.41189154e-02	1.11205039e+00	6.29973430e-01	4.82076959e-01
286             	7.39403128e-02	6.39886493e-02	1.11302839e+00	6.30454508e-01	4.82573882e-01
287             	7.39311272e-02	6.38582532e-02	1.11399671e+00	6.30929484e-01	4.83067229e-01
288             	7.39206613e-02	6.37267623e-02	1.11496159e+00	6.31401457e-01	4.83560134e-01
289             	7.39089999e-02	6.35938360e-02	1.11592629e+00	6.31872144e-01	4.84054144e-01
290             	7.38950305e-02	6.34669424e-02	1.11684375e+00	6.32316908e-01	4.84526847e-01
291             	7.38801887e-02	6.33341246e-02	1.11778883e+00	6.32774604e-01	4.85014227e-01
292             	7.38621889e-02	6.32069875e-02	1.11867050e+00	6.33197438e-01	4.85473061e-01
293             	7.38438553e-02	6.30732521e-02	1.11958808e+00	6.33637896e-01	4.85950186e-01
294             	7.38304090e-02	6.29158086e-02	1.12067845e+00	6.34169635e-01	4.86508817e-01
295             	7.38167462e-02	6.27655110e-02	1.12173078e+00	6.34682136e-01	4.87048643e-01
296             	7.38006991e-02	6.26305493e-02	1.12268118e+00	6.35141291e-01	4.87539893e-01
297             	7.37808822e-02	6.25073340e-02	1.12351791e+00	6.35539837e-01	4.87978072e-01
298             	7.37598422e-02	6.23793343e-02	1.12436012e+00	6.35939900e-01	4.88420215e-01
299             	7.37400348e-02	6.22338102e-02	1.12530769e+00	6.36393878e-01	4.88913808e-01
300             	7.37164180e-02	6.20982370e-02	1.12616347e+00	6.36798151e-01	4.89365315e-01
301             	7.36916918e-02	6.19586750e-02	1.12703369e+00	6.37208535e-01	4.89825151e-01
302             	7.36695843e-02	6.17962216e-02	1.12805481e+00	6.37696992e-01	4.90357823e-01
303             	7.36435686e-02	6.16616796e-02	1.12889967e+00	6.38093405e-01	4.90806268e-01
304             	7.36168602e-02	6.15265118e-02	1.12974403e+00	6.38488876e-01	4.91255156e-01
305             	7.35895222e-02	6.13894379e-02	1.13059471e+00	6.38886875e-01	4.91707831e-01
306             	7.35632270e-02	6.12378537e-02	1.13154261e+00	6.39334534e-01	4.92208080e-01
307             	7.35354161e-02	6.11020192e-02	1.13238421e+00	6.39727522e-01	4.92656689e-01
308             	7.35074124e-02	6.09655712e-02	1.13322576e+00	6.40120290e-01	4.93105466e-01
309             	7.34792578e-02	6.08284217e-02	1.13406805e+00	6.40513283e-01	4.93554767e-01
310             	7.34521692e-02	6.06785473e-02	1.13499631e+00	6.40950322e-01	4.94045984e-01
311             	7.34253152e-02	6.05344283e-02	1.13589467e+00	6.41372652e-01	4.94522021e-01
312             	7.33975764e-02	6.04070409e-02	1.13668281e+00	6.41738984e-01	4.94943831e-01
313             	7.33700926e-02	6.02681716e-02	1.13754099e+00	6.42140590e-01	4.95400404e-01
314             	7.33415042e-02	6.01431540e-02	1.13830229e+00	6.42492650e-01	4.95809642e-01
315             	7.33122393e-02	6.00047539e-02	1.13913987e+00	6.42882176e-01	4.96257698e-01
316             	7.32821272e-02	5.98673679e-02	1.13996721e+00	6.43265733e-01	4.96701479e-01
317             	7.32511555e-02	5.97308858e-02	1.14078569e+00	6.43643999e-01	4.97141688e-01
318             	7.32193434e-02	5.95951995e-02	1.14159550e+00	6.44017094e-01	4.97578407e-01
319             	7.31867352e-02	5.94601234e-02	1.14239647e+00	6.44384971e-01	4.98011501e-01
320             	7.31533646e-02	5.93253999e-02	1.14318867e+00	6.44747699e-01	4.98440970e-01
321             	7.31192387e-02	5.91906782e-02	1.14397292e+00	6.45105701e-01	4.98867223e-01
322             	7.30843563e-02	5.90556326e-02	1.14475047e+00	6.45459592e-01	4.99290879e-01
323             	7.30483734e-02	5.89121036e-02	1.14556547e+00	6.45831111e-01	4.99734364e-01
324             	7.30122057e-02	5.87719555e-02	1.14635820e+00	6.46191303e-01	5.00166892e-01
325             	7.29758602e-02	5.86349166e-02	1.14712882e+00	6.46540271e-01	5.00588550e-01
326             	7.29390831e-02	5.84994382e-02	1.14788372e+00	6.46880943e-01	5.01002777e-01
327             	7.29015672e-02	5.83639425e-02	1.14862990e+00	6.47216517e-01	5.01413383e-01
328             	7.28631053e-02	5.82273757e-02	1.14937290e+00	6.47549554e-01	5.01823344e-01
329             	7.28236025e-02	5.80892934e-02	1.15011602e+00	6.47881614e-01	5.02234409e-01
330             	7.27830963e-02	5.79498081e-02	1.15086020e+00	6.48213194e-01	5.02647002e-01
331             	7.27417248e-02	5.78093968e-02	1.15160429e+00	6.48543869e-01	5.03060419e-01
332             	7.26996626e-02	5.76686414e-02	1.15234593e+00	6.48872625e-01	5.03473300e-01
333             	7.26570956e-02	5.75280481e-02	1.15308235e+00	6.49198270e-01	5.03884079e-01
334             	7.26141582e-02	5.73879005e-02	1.15381128e+00	6.49519796e-01	5.04291479e-01
335             	7.25708916e-02	5.72481865e-02	1.15453164e+00	6.49836711e-01	5.04694928e-01
336             	7.25272890e-02	5.71087579e-02	1.15524317e+00	6.50148873e-01	5.05094295e-01
337             	7.24832556e-02	5.69692683e-02	1.15594698e+00	6.50456746e-01	5.05490235e-01
338             	7.24386668e-02	5.68293750e-02	1.15664463e+00	6.50760984e-01	5.05883650e-01
339             	7.23934115e-02	5.66888627e-02	1.15733744e+00	6.51062132e-01	5.06275309e-01
340             	7.23474232e-02	5.65476513e-02	1.15802634e+00	6.51360591e-01	5.06665745e-01
341             	7.23007055e-02	5.64058028e-02	1.15871169e+00	6.51656551e-01	5.07055141e-01
342             	7.22533308e-02	5.62634643e-02	1.15939353e+00	6.51950094e-01	5.07443432e-01
343             	7.22054072e-02	5.61208078e-02	1.16007150e+00	6.52241159e-01	5.07830344e-01
344             	7.21570827e-02	5.59780398e-02	1.16074513e+00	6.52529647e-01	5.08215481e-01
345             	7.21084888e-02	5.58353254e-02	1.16141391e+00	6.52815443e-01	5.08598465e-01
346             	7.20597610e-02	5.56927962e-02	1.16207750e+00	6.53098511e-01	5.08978989e-01
347             	7.20110007e-02	5.55505253e-02	1.16273579e+00	6.53378898e-01	5.09356896e-01
348             	7.19622649e-02	5.54085441e-02	1.16338881e+00	6.53656668e-01	5.09732138e-01
349             	7.19135975e-02	5.52668695e-02	1.16403671e+00	6.53931953e-01	5.10104758e-01
350             	7.18650033e-02	5.51254783e-02	1.16467994e+00	6.54204972e-01	5.10474965e-01
351             	7.18164670e-02	5.49843599e-02	1.16531885e+00	6.54475892e-01	5.10842958e-01
352             	7.17679686e-02	5.48435063e-02	1.16595385e+00	6.54744894e-01	5.11208957e-01
353             	7.17194767e-02	5.47029155e-02	1.16658525e+00	6.55012102e-01	5.11573148e-01
354             	7.16709698e-02	5.45625973e-02	1.16721324e+00	6.55277588e-01	5.11935649e-01
355             	7.16224426e-02	5.44225715e-02	1.16783791e+00	6.55541398e-01	5.12296513e-01
356             	7.15739234e-02	5.42828848e-02	1.16845924e+00	6.55803544e-01	5.12655697e-01
357             	7.15254670e-02	5.41436011e-02	1.16907710e+00	6.56064017e-01	5.13013083e-01
358             	7.14771532e-02	5.40047858e-02	1.16969143e+00	6.56322868e-01	5.13368562e-01
359             	7.14290691e-02	5.38665059e-02	1.17030219e+00	6.56580162e-01	5.13722024e-01
360             	7.13812780e-02	5.37287919e-02	1.17090942e+00	6.56835989e-01	5.14073433e-01
361             	7.13338244e-02	5.35916552e-02	1.17151327e+00	6.57090461e-01	5.14422812e-01
362             	7.12867361e-02	5.34551171e-02	1.17211379e+00	6.57343630e-01	5.14770158e-01
363             	7.12400282e-02	5.33191839e-02	1.17271112e+00	6.57595588e-01	5.15115531e-01
364             	7.11937146e-02	5.31838540e-02	1.17330551e+00	6.57846469e-01	5.15459040e-01
365             	7.11478131e-02	5.30491443e-02	1.17389713e+00	6.58096377e-01	5.15800751e-01
366             	7.11023401e-02	5.29150693e-02	1.17448620e+00	6.58345440e-01	5.16140760e-01
367             	7.10573226e-02	5.27816545e-02	1.17507287e+00	6.58593756e-01	5.16479111e-01
368             	7.10127846e-02	5.26489367e-02	1.17565710e+00	6.58841335e-01	5.16815766e-01
369             	7.09687356e-02	5.25169518e-02	1.17623880e+00	6.59088137e-01	5.17150665e-01
370             	7.09251685e-02	5.23857229e-02	1.17681787e+00	6.59334106e-01	5.17483769e-01
371             	7.08820306e-02	5.22552266e-02	1.17739425e+00	6.59579153e-01	5.17815092e-01
372             	7.08392537e-02	5.21254304e-02	1.17796783e+00	6.59823167e-01	5.18144660e-01
373             	7.07967941e-02	5.19963164e-02	1.17853855e+00	6.60066068e-01	5.18472480e-01
374             	7.07546222e-02	5.18678803e-02	1.17910629e+00	6.60307769e-01	5.18798525e-01
375             	7.07127092e-02	5.17400978e-02	1.17967106e+00	6.60548239e-01	5.19122820e-01
376             	7.06710195e-02	5.16129413e-02	1.18023280e+00	6.60787419e-01	5.19445380e-01
377             	7.06295217e-02	5.14863805e-02	1.18079153e+00	6.61025287e-01	5.19766244e-01
378             	7.05881982e-02	5.13603860e-02	1.18134732e+00	6.61261856e-01	5.20085460e-01
379             	7.05470331e-02	5.12349290e-02	1.18190021e+00	6.61497138e-01	5.20403072e-01
380             	7.05060148e-02	5.11100095e-02	1.18245012e+00	6.61731073e-01	5.20719043e-01
381             	7.04651375e-02	5.09856275e-02	1.18299697e+00	6.61963624e-01	5.21033349e-01
382             	7.04243938e-02	5.08617854e-02	1.18354070e+00	6.62194742e-01	5.21345955e-01
383             	7.03837466e-02	5.07384701e-02	1.18408113e+00	6.62424312e-01	5.21656819e-01
384             	7.03431405e-02	5.06156489e-02	1.18461818e+00	6.62652229e-01	5.21965948e-01
385             	7.03025191e-02	5.04932820e-02	1.18515179e+00	6.62878412e-01	5.22273374e-01
386             	7.02618397e-02	5.03713284e-02	1.18568201e+00	6.63102844e-01	5.22579164e-01
387             	7.02210599e-02	5.02497341e-02	1.18620902e+00	6.63325572e-01	5.22883452e-01
388             	7.01801399e-02	5.01284933e-02	1.18673276e+00	6.63546519e-01	5.23186239e-01
389             	7.01434812e-02	5.00237336e-02	1.18719819e+00	6.63742576e-01	5.23455613e-01
390             	7.00997001e-02	4.98945366e-02	1.18774127e+00	6.63970334e-01	5.23770934e-01
391             	7.00557590e-02	4.97663243e-02	1.18828175e+00	6.64196636e-01	5.24085118e-01
392             	7.00168721e-02	4.96575263e-02	1.18875743e+00	6.64395585e-01	5.24361841e-01
393             	6.99762861e-02	4.95439269e-02	1.18924546e+00	6.64599015e-01	5.24646443e-01
394             	6.99339259e-02	4.94253497e-02	1.18974719e+00	6.64807522e-01	5.24939670e-01
395             	6.98901932e-02	4.93032041e-02	1.19025884e+00	6.65019614e-01	5.25239228e-01
396             	6.98455963e-02	4.91792694e-02	1.19077493e+00	6.65233063e-01	5.25541870e-01
397             	6.98006873e-02	4.90553386e-02	1.19128920e+00	6.65445289e-01	5.25843915e-01
398             	6.97559281e-02	4.89327769e-02	1.19179623e+00	6.65654042e-01	5.26142186e-01
399             	6.97116104e-02	4.88123164e-02	1.19229249e+00	6.65857854e-01	5.26434633e-01
400             	6.96678395e-02	4.86940736e-02	1.19277678e+00	6.66056232e-01	5.26720553e-01
401             	6.96245574e-02	4.85777385e-02	1.19324984e+00	6.66249476e-01	5.27000361e-01
402             	6.95815545e-02	4.84627414e-02	1.19371368e+00	6.66438392e-01	5.27275283e-01
403             	6.95385446e-02	4.83484294e-02	1.19417109e+00	6.66624087e-01	5.27546998e-01
404             	6.94952611e-02	4.82342496e-02	1.19462489e+00	6.66807708e-01	5.27817186e-01
405             	6.94515217e-02	4.81198731e-02	1.19507723e+00	6.66990134e-01	5.28087091e-01
406             	6.94072465e-02	4.80051706e-02	1.19552939e+00	6.67171941e-01	5.28357448e-01
407             	6.93624618e-02	4.78901972e-02	1.19598178e+00	6.67353353e-01	5.28628430e-01
408             	6.93172946e-02	4.77751561e-02	1.19643389e+00	6.67534240e-01	5.28899651e-01
409             	6.92719394e-02	4.76603047e-02	1.19688469e+00	6.67714286e-01	5.29170407e-01
410             	6.92266030e-02	4.75458759e-02	1.19733308e+00	6.67893145e-01	5.29439939e-01
411             	6.91814533e-02	4.74320317e-02	1.19777813e+00	6.68070518e-01	5.29707611e-01
412             	6.91365961e-02	4.73188500e-02	1.19821925e+00	6.68246222e-01	5.29973030e-01
413             	6.90920773e-02	4.72063498e-02	1.19865618e+00	6.68420166e-01	5.30236012e-01
414             	6.90478803e-02	4.70944721e-02	1.19908906e+00	6.68592413e-01	5.30496652e-01
415             	6.90039581e-02	4.69831335e-02	1.19951832e+00	6.68763119e-01	5.30755203e-01
416             	6.89603137e-02	4.68724044e-02	1.19994403e+00	6.68932331e-01	5.31011703e-01
417             	6.89168260e-02	4.67620754e-02	1.20036709e+00	6.69100369e-01	5.31266717e-01
418             	6.88734508e-02	4.66521180e-02	1.20078788e+00	6.69267393e-01	5.31520492e-01
419             	6.88301619e-02	4.65425106e-02	1.20120679e+00	6.69433556e-01	5.31773232e-01
420             	6.87869710e-02	4.64332990e-02	1.20162380e+00	6.69598872e-01	5.32024930e-01
421             	6.87439145e-02	4.63245465e-02	1.20203882e+00	6.69763325e-01	5.32275496e-01
422             	6.87010477e-02	4.62163365e-02	1.20245162e+00	6.69926855e-01	5.32524760e-01
423             	6.86584169e-02	4.61087300e-02	1.20286199e+00	6.70089411e-01	5.32772578e-01
424             	6.86160519e-02	4.60017601e-02	1.20326979e+00	6.70250948e-01	5.33018845e-01
425             	6.85739667e-02	4.58954309e-02	1.20367497e+00	6.70411453e-01	5.33263519e-01
426             	6.85321670e-02	4.57897338e-02	1.20407754e+00	6.70570939e-01	5.33506605e-01
427             	6.84906733e-02	4.56846936e-02	1.20447744e+00	6.70729393e-01	5.33748047e-01
428             	6.84495051e-02	4.55803197e-02	1.20487471e+00	6.70886859e-01	5.33987849e-01
429             	6.84086782e-02	4.54766130e-02	1.20526946e+00	6.71043410e-01	5.34226053e-01
430             	6.83682057e-02	4.53735778e-02	1.20566181e+00	6.71199112e-01	5.34462700e-01
431             	6.83280953e-02	4.52712217e-02	1.20605182e+00	6.71354007e-01	5.34697817e-01
432             	6.82883423e-02	4.51695397e-02	1.20643955e+00	6.71508116e-01	5.34931431e-01
433             	6.82489323e-02	4.50685129e-02	1.20682505e+00	6.71661456e-01	5.35163591e-01
434             	6.82098478e-02	4.49681177e-02	1.20720838e+00	6.71814040e-01	5.35394344e-01
435             	6.81657742e-02	4.48529692e-02	1.20763268e+00	6.71982115e-01	5.35650567e-01
436             	6.81296331e-02	4.47606883e-02	1.20799337e+00	6.72126319e-01	5.35867053e-01
437             	6.80939228e-02	4.46689718e-02	1.20835047e+00	6.72269157e-01	5.36081312e-01
438             	6.80530884e-02	4.45618173e-02	1.20874972e+00	6.72427947e-01	5.36321771e-01
439             	6.80189658e-02	4.44738528e-02	1.20909440e+00	6.72566166e-01	5.36528234e-01
440             	6.79813890e-02	4.43757342e-02	1.20946825e+00	6.72715513e-01	5.36752735e-01
441             	6.79468730e-02	4.42861453e-02	1.20981623e+00	6.72854988e-01	5.36961242e-01
442             	6.79117063e-02	4.41944681e-02	1.21016968e+00	6.72996544e-01	5.37173132e-01
443             	6.78710421e-02	4.40868518e-02	1.21056808e+00	6.73155082e-01	5.37412997e-01
444             	6.78321743e-02	4.39847317e-02	1.21095336e+00	6.73308855e-01	5.37644507e-01
445             	6.77972046e-02	4.38939603e-02	1.21130844e+00	6.73451427e-01	5.37857017e-01
446             	6.77627307e-02	4.38040869e-02	1.21165959e+00	6.73592528e-01	5.38067066e-01
447             	6.77309969e-02	4.37212462e-02	1.21198760e+00	6.73724795e-01	5.38262802e-01
448             	6.76961093e-02	4.36284573e-02	1.21234315e+00	6.73867686e-01	5.38475468e-01
449             	6.76638418e-02	4.35427273e-02	1.21267744e+00	6.74002563e-01	5.38674880e-01
450             	6.76268120e-02	4.34424979e-02	1.21305175e+00	6.74152689e-01	5.38899065e-01
451             	6.75913001e-02	4.33468604e-02	1.21341500e+00	6.74298802e-01	5.39116202e-01
452             	6.75573607e-02	4.32558504e-02	1.21376603e+00	6.74440376e-01	5.39325654e-01
453             	6.75246740e-02	4.31683106e-02	1.21410696e+00	6.74578152e-01	5.39528804e-01
454             	6.74927900e-02	4.30827482e-02	1.21444129e+00	6.74713433e-01	5.39727853e-01
455             	6.74612873e-02	4.29978826e-02	1.21477242e+00	6.74847495e-01	5.39924921e-01
456             	6.74298596e-02	4.29128884e-02	1.21510289e+00	6.74981307e-01	5.40121587e-01
457             	6.73983552e-02	4.28274408e-02	1.21543412e+00	6.75115417e-01	5.40318706e-01
458             	6.73667716e-02	4.27416393e-02	1.21576630e+00	6.75249922e-01	5.40516378e-01
459             	6.73368552e-02	4.26608393e-02	1.21608585e+00	6.75379782e-01	5.40706072e-01
460             	6.73057122e-02	4.25763836e-02	1.21641606e+00	6.75513743e-01	5.40902319e-01
461             	6.72760389e-02	4.24961551e-02	1.21673417e+00	6.75643124e-01	5.41091046e-01
462             	6.72458768e-02	4.24140461e-02	1.21705681e+00	6.75774280e-01	5.41282526e-01
463             	6.72116895e-02	4.23191552e-02	1.21741353e+00	6.75918454e-01	5.41495075e-01
464             	6.71793661e-02	4.22297220e-02	1.21775602e+00	6.76057374e-01	5.41698642e-01
465             	6.71489836e-02	4.21457183e-02	1.21808293e+00	6.76190449e-01	5.41892482e-01
466             	6.71201574e-02	4.20657623e-02	1.21839702e+00	6.76318667e-01	5.42078352e-01
467             	6.70938418e-02	4.19929353e-02	1.21869022e+00	6.76438954e-01	5.42251270e-01
468             	6.70666679e-02	4.19169715e-02	1.21899091e+00	6.76562125e-01	5.42428789e-01
469             	6.70404593e-02	4.18438603e-02	1.21928216e+00	6.76681538e-01	5.42600620e-01
470             	6.70133143e-02	4.17677160e-02	1.21958114e+00	6.76803884e-01	5.42777255e-01
471             	6.69818880e-02	4.16781650e-02	1.21991663e+00	6.76940204e-01	5.42976428e-01
472             	6.69516095e-02	4.15928208e-02	1.22024269e+00	6.77072953e-01	5.43169734e-01
473             	6.69227847e-02	4.15122881e-02	1.22055621e+00	6.77200891e-01	5.43355321e-01
474             	6.68952851e-02	4.14357111e-02	1.22085805e+00	6.77324308e-01	5.43533738e-01
475             	6.68701030e-02	4.13660278e-02	1.22114005e+00	6.77440128e-01	5.43699922e-01
476             	6.68442850e-02	4.12937711e-02	1.22142780e+00	6.77558187e-01	5.43869617e-01
477             	6.68196509e-02	4.12248202e-02	1.22170411e+00	6.77671704e-01	5.44032402e-01
478             	6.67912075e-02	4.11427288e-02	1.22201501e+00	6.77798712e-01	5.44216297e-01
479             	6.67636819e-02	4.10634822e-02	1.22231885e+00	6.77923107e-01	5.44395744e-01
480             	6.67372800e-02	4.09877624e-02	1.22261330e+00	6.78043930e-01	5.44569370e-01
481             	6.67118487e-02	4.09150143e-02	1.22289920e+00	6.78161450e-01	5.44737753e-01
482             	6.66870485e-02	4.08440991e-02	1.22317933e+00	6.78276713e-01	5.44902616e-01
483             	6.66625236e-02	4.07738889e-02	1.22345681e+00	6.78390926e-01	5.45065879e-01
484             	6.66380079e-02	4.07035993e-02	1.22373408e+00	6.78505047e-01	5.45229031e-01
485             	6.66133673e-02	4.06328876e-02	1.22401247e+00	6.78619602e-01	5.45392868e-01
486             	6.65886033e-02	4.05618169e-02	1.22429206e+00	6.78734632e-01	5.45557426e-01
487             	6.65638239e-02	4.04907129e-02	1.22457201e+00	6.78849827e-01	5.45722179e-01
488             	6.65391809e-02	4.04199828e-02	1.22485102e+00	6.78964689e-01	5.45886327e-01
489             	6.65148109e-02	4.03499659e-02	1.22512778e+00	6.79078699e-01	5.46049077e-01
490             	6.64908021e-02	4.02808455e-02	1.22540139e+00	6.79191498e-01	5.46209893e-01
491             	6.64671738e-02	4.02126260e-02	1.22567159e+00	6.79302970e-01	5.46368622e-01
492             	6.64438975e-02	4.01452082e-02	1.22593855e+00	6.79413171e-01	5.46525376e-01
493             	6.64209088e-02	4.00784326e-02	1.22620278e+00	6.79522299e-01	5.46680482e-01
494             	6.63981350e-02	4.00121551e-02	1.22646488e+00	6.79630576e-01	5.46834306e-01
495             	6.63755064e-02	3.99462597e-02	1.22672545e+00	6.79738233e-01	5.46987220e-01
496             	6.63529752e-02	3.98806944e-02	1.22698490e+00	6.79845425e-01	5.47139475e-01
497             	6.63305210e-02	3.98154579e-02	1.22724344e+00	6.79952240e-01	5.47291198e-01
498             	6.63081527e-02	3.97505976e-02	1.22750103e+00	6.80058666e-01	5.47442361e-01
499             	6.62858958e-02	3.96861721e-02	1.22775749e+00	6.80164640e-01	5.47592848e-01
500             	6.62637871e-02	3.96222513e-02	1.22801249e+00	6.80270030e-01	5.47742455e-01
501             	6.62427318e-02	3.95622012e-02	1.22825705e+00	6.80371257e-01	5.47885793e-01
502             	6.62212893e-02	3.95006507e-02	1.22850546e+00	6.80474020e-01	5.48031441e-01
503             	6.61995516e-02	3.94378605e-02	1.22875724e+00	6.80578173e-01	5.48179070e-01
504             	6.61790680e-02	3.93795401e-02	1.22899478e+00	6.80676456e-01	5.48318320e-01
505             	6.61563487e-02	3.93120674e-02	1.22925764e+00	6.80785170e-01	5.48472473e-01
506             	6.61345047e-02	3.92474976e-02	1.22951292e+00	6.80890963e-01	5.48621954e-01
507             	6.61135783e-02	3.91859579e-02	1.22975962e+00	6.80993387e-01	5.48766231e-01
508             	6.60933726e-02	3.91267574e-02	1.22999914e+00	6.81092944e-01	5.48906199e-01
509             	6.60743962e-02	3.90721304e-02	1.23022533e+00	6.81187060e-01	5.49038267e-01
510             	6.60543853e-02	3.90133494e-02	1.23046166e+00	6.81285218e-01	5.49176447e-01
511             	6.60351025e-02	3.89577458e-02	1.23068945e+00	6.81379826e-01	5.49309621e-01
512             	6.60154137e-02	3.89009260e-02	1.23092037e+00	6.81475601e-01	5.49444773e-01
513             	6.59953460e-02	3.88430810e-02	1.23115433e+00	6.81572512e-01	5.49581820e-01
514             	6.59751006e-02	3.87848789e-02	1.23138946e+00	6.81669832e-01	5.49719630e-01
515             	6.59559418e-02	3.87310862e-02	1.23161092e+00	6.81761401e-01	5.49849517e-01
516             	6.59356686e-02	3.86726222e-02	1.23184521e+00	6.81858271e-01	5.49986934e-01
517             	6.59157494e-02	3.86152215e-02	1.23207622e+00	6.81953861e-01	5.50122363e-01
518             	6.58962210e-02	3.85589547e-02	1.23230384e+00	6.82048141e-01	5.50255699e-01
519             	6.58770746e-02	3.85037479e-02	1.23252819e+00	6.82141168e-01	5.50387019e-01
520             	6.58582819e-02	3.84494890e-02	1.23274941e+00	6.82232988e-01	5.50516424e-01
521             	6.58397958e-02	3.83960511e-02	1.23296771e+00	6.82323651e-01	5.50644059e-01
522             	6.58215521e-02	3.83433118e-02	1.23318329e+00	6.82413197e-01	5.50770093e-01
523             	6.58034699e-02	3.82911313e-02	1.23339654e+00	6.82501738e-01	5.50894798e-01
524             	6.57854642e-02	3.82393704e-02	1.23360794e+00	6.82589435e-01	5.51018506e-01
525             	6.57674665e-02	3.81879176e-02	1.23381800e+00	6.82676465e-01	5.51141532e-01
526             	6.57494374e-02	3.81367082e-02	1.23402705e+00	6.82762964e-01	5.51264089e-01
527             	6.57313648e-02	3.80857140e-02	1.23423530e+00	6.82849015e-01	5.51386286e-01
528             	6.57132653e-02	3.80349402e-02	1.23444279e+00	6.82934659e-01	5.51508128e-01
529             	6.56951760e-02	3.79844123e-02	1.23464945e+00	6.83019900e-01	5.51629548e-01
530             	6.56781086e-02	3.79378193e-02	1.23484531e+00	6.83100766e-01	5.51744549e-01
531             	6.56589600e-02	3.78832427e-02	1.23506296e+00	6.83190441e-01	5.51872521e-01
532             	6.56401405e-02	3.78297681e-02	1.23527803e+00	6.83279155e-01	5.51998874e-01
533             	6.56220457e-02	3.77785879e-02	1.23548679e+00	6.83365440e-01	5.52121348e-01
534             	6.56053334e-02	3.77321147e-02	1.23568248e+00	6.83446572e-01	5.52235905e-01
535             	6.55888884e-02	3.76860943e-02	1.23587516e+00	6.83526470e-01	5.52348693e-01
536             	6.55724921e-02	3.76399786e-02	1.23606653e+00	6.83605757e-01	5.52460773e-01
537             	6.55560184e-02	3.75936303e-02	1.23625735e+00	6.83684694e-01	5.52572657e-01
538             	6.55394666e-02	3.75473147e-02	1.23644736e+00	6.83763145e-01	5.52684212e-01
539             	6.55228830e-02	3.75013536e-02	1.23663600e+00	6.83840882e-01	5.52795116e-01
540             	6.55071319e-02	3.74588745e-02	1.23681306e+00	6.83913660e-01	5.52899396e-01
541             	6.54892869e-02	3.74091092e-02	1.23701027e+00	6.83994421e-01	5.53015847e-01
542             	6.54716327e-02	3.73605167e-02	1.23720578e+00	6.84074522e-01	5.53131257e-01
543             	6.54543734e-02	3.73136419e-02	1.23739771e+00	6.84153231e-01	5.53244484e-01
544             	6.54375099e-02	3.72682098e-02	1.23758622e+00	6.84230622e-01	5.53355602e-01
545             	6.54215925e-02	3.72259399e-02	1.23776625e+00	6.84304719e-01	5.53461534e-01
546             	6.54050870e-02	3.71812901e-02	1.23795142e+00	6.84380795e-01	5.53570621e-01
547             	6.53892990e-02	3.71389001e-02	1.23813016e+00	6.84454379e-01	5.53675781e-01
548             	6.53735174e-02	3.70962539e-02	1.23830829e+00	6.84527664e-01	5.53780629e-01
549             	6.53571830e-02	3.70515202e-02	1.23849036e+00	6.84602361e-01	5.53887995e-01
550             	6.53411647e-02	3.70079011e-02	1.23866872e+00	6.84675523e-01	5.53993193e-01
551             	6.53255749e-02	3.69658063e-02	1.23884212e+00	6.84746636e-01	5.54095486e-01
552             	6.53103535e-02	3.69250452e-02	1.23901102e+00	6.84815865e-01	5.54195158e-01
553             	6.52952540e-02	3.68849020e-02	1.23917750e+00	6.84884003e-01	5.54293495e-01
554             	6.52800421e-02	3.68447246e-02	1.23934370e+00	6.84951893e-01	5.54391809e-01
555             	6.52645147e-02	3.68039983e-02	1.23951141e+00	6.85020220e-01	5.54491191e-01
556             	6.52487172e-02	3.67628295e-02	1.23968074e+00	6.85089087e-01	5.54591652e-01
557             	6.52327591e-02	3.67214961e-02	1.23985094e+00	6.85158228e-01	5.54692710e-01
558             	6.52168108e-02	3.66803666e-02	1.24002085e+00	6.85227235e-01	5.54793613e-01
559             	6.52010500e-02	3.66397944e-02	1.24018917e+00	6.85295635e-01	5.54893535e-01
560             	6.51856433e-02	3.66000943e-02	1.24035468e+00	6.85362985e-01	5.54991698e-01
561             	6.51705610e-02	3.65611280e-02	1.24051737e+00	6.85429246e-01	5.55088124e-01
562             	6.51558146e-02	3.65229174e-02	1.24067695e+00	6.85494292e-01	5.55182663e-01
563             	6.51412918e-02	3.64852122e-02	1.24083414e+00	6.85558361e-01	5.55275777e-01
564             	6.51268782e-02	3.64478109e-02	1.24098963e+00	6.85621692e-01	5.55367935e-01
565             	6.51124661e-02	3.64105494e-02	1.24114412e+00	6.85684525e-01	5.55459593e-01
566             	6.50979746e-02	3.63733273e-02	1.24129813e+00	6.85747040e-01	5.55551091e-01
567             	6.50833611e-02	3.63361106e-02	1.24145194e+00	6.85809331e-01	5.55642609e-01
568             	6.50686301e-02	3.62989351e-02	1.24160553e+00	6.85871395e-01	5.55734135e-01
569             	6.50538284e-02	3.62618880e-02	1.24175865e+00	6.85933154e-01	5.55825497e-01
570             	6.50390219e-02	3.62250713e-02	1.24191092e+00	6.85994483e-01	5.55916440e-01
571             	6.50242787e-02	3.61885746e-02	1.24206194e+00	6.86055251e-01	5.56006693e-01
572             	6.50096612e-02	3.61524659e-02	1.24221139e+00	6.86115355e-01	5.56096032e-01
573             	6.49952330e-02	3.61168209e-02	1.24235898e+00	6.86174721e-01	5.56184255e-01
574             	6.49809964e-02	3.60816160e-02	1.24250467e+00	6.86233331e-01	5.56271339e-01
575             	6.49669268e-02	3.60467739e-02	1.24264877e+00	6.86291313e-01	5.56357460e-01
576             	6.49529890e-02	3.60122360e-02	1.24279154e+00	6.86348760e-01	5.56442782e-01
577             	6.49391428e-02	3.59779525e-02	1.24293322e+00	6.86405753e-01	5.56527468e-01
578             	6.49253518e-02	3.59438899e-02	1.24307400e+00	6.86462351e-01	5.56611647e-01
579             	6.49115889e-02	3.59100326e-02	1.24321397e+00	6.86518574e-01	5.56695396e-01
580             	6.48978391e-02	3.58763785e-02	1.24335315e+00	6.86574413e-01	5.56778735e-01
581             	6.48841011e-02	3.58429382e-02	1.24349147e+00	6.86629837e-01	5.56861634e-01
582             	6.48703849e-02	3.58097281e-02	1.24362884e+00	6.86684804e-01	5.56944034e-01
583             	6.48567115e-02	3.57767704e-02	1.24376514e+00	6.86739280e-01	5.57025857e-01
584             	6.48431018e-02	3.57440807e-02	1.24390028e+00	6.86793243e-01	5.57107039e-01
585             	6.48295743e-02	3.57116722e-02	1.24403420e+00	6.86846673e-01	5.57187524e-01
586             	6.48161451e-02	3.56795526e-02	1.24416686e+00	6.86899574e-01	5.57267284e-01
587             	6.48028273e-02	3.56477284e-02	1.24429828e+00	6.86951968e-01	5.57346313e-01
588             	6.47896227e-02	3.56161916e-02	1.24442854e+00	6.87003892e-01	5.57424646e-01
589             	6.47765241e-02	3.55849244e-02	1.24455774e+00	6.87055394e-01	5.57502346e-01
590             	6.47635202e-02	3.55539102e-02	1.24468599e+00	6.87106514e-01	5.57579474e-01
591             	6.47506007e-02	3.55231399e-02	1.24481334e+00	6.87157272e-01	5.57656071e-01
592             	6.47377548e-02	3.54926049e-02	1.24493985e+00	6.87207678e-01	5.57732169e-01
593             	6.47249739e-02	3.54623003e-02	1.24506551e+00	6.87257728e-01	5.57807780e-01
594             	6.47122546e-02	3.54322280e-02	1.24519030e+00	6.87307404e-01	5.57882895e-01
595             	6.46995992e-02	3.54023969e-02	1.24531416e+00	6.87356681e-01	5.57957482e-01
596             	6.46870133e-02	3.53728168e-02	1.24543704e+00	6.87405532e-01	5.58031506e-01
597             	6.46745017e-02	3.53434920e-02	1.24555889e+00	6.87453947e-01	5.58104944e-01
598             	6.46620565e-02	3.53143992e-02	1.24567976e+00	6.87501938e-01	5.58177825e-01
599             	6.46497049e-02	3.52855786e-02	1.24579959e+00	6.87549500e-01	5.58250090e-01
600             	6.46374528e-02	3.52570308e-02	1.24591840e+00	6.87596652e-01	5.58321746e-01
601             	6.46259448e-02	3.52301909e-02	1.24603342e+00	6.87642655e-01	5.58390765e-01
602             	6.46134223e-02	3.52010668e-02	1.24615306e+00	6.87689954e-01	5.58463109e-01
603             	6.46016293e-02	3.51736926e-02	1.24626900e+00	6.87736131e-01	5.58532873e-01
604             	6.45896117e-02	3.51458713e-02	1.24638569e+00	6.87782458e-01	5.58603235e-01
605             	6.45775371e-02	3.51179883e-02	1.24650212e+00	6.87828599e-01	5.58673525e-01
606             	6.45667832e-02	3.50930149e-02	1.24661107e+00	6.87872319e-01	5.58738752e-01
607             	6.45547610e-02	3.50652778e-02	1.24672591e+00	6.87917714e-01	5.58808192e-01
608             	6.45429362e-02	3.50380601e-02	1.24683927e+00	6.87962570e-01	5.58876698e-01
609             	6.45312531e-02	3.50112677e-02	1.24695127e+00	6.88006887e-01	5.58944381e-01
610             	6.45197237e-02	3.49849098e-02	1.24706184e+00	6.88050643e-01	5.59011196e-01
611             	6.45094885e-02	3.49614009e-02	1.24716537e+00	6.88092172e-01	5.59073195e-01
612             	6.44980676e-02	3.49352690e-02	1.24727479e+00	6.88135463e-01	5.59139328e-01
613             	6.44866575e-02	3.49092234e-02	1.24738412e+00	6.88178719e-01	5.59205404e-01
614             	6.44752810e-02	3.48833439e-02	1.24749312e+00	6.88221841e-01	5.59271279e-01
615             	6.44651504e-02	3.48602537e-02	1.24759553e+00	6.88262917e-01	5.59332616e-01
616             	6.44532688e-02	3.48333285e-02	1.24770671e+00	6.88306623e-01	5.59400086e-01
617             	6.44424050e-02	3.48088053e-02	1.24781248e+00	6.88348644e-01	5.59463834e-01
618             	6.44315737e-02	3.47843611e-02	1.24791778e+00	6.88390463e-01	5.59527315e-01
619             	6.44219131e-02	3.47624476e-02	1.24801625e+00	6.88430039e-01	5.59586213e-01
620             	6.44121446e-02	3.47401763e-02	1.24811500e+00	6.88469645e-01	5.59645356e-01
621             	6.44006164e-02	3.47139250e-02	1.24822319e+00	6.88512210e-01	5.59710977e-01
622             	6.43900563e-02	3.46900592e-02	1.24832619e+00	6.88553150e-01	5.59773037e-01
623             	6.43805786e-02	3.46686941e-02	1.24842251e+00	6.88591835e-01	5.59830678e-01
624             	6.43709846e-02	3.46470391e-02	1.24851931e+00	6.88630640e-01	5.59888671e-01
625             	6.43612204e-02	3.46249960e-02	1.24861699e+00	6.88669718e-01	5.59947277e-01
626             	6.43496680e-02	3.45989634e-02	1.24872487e+00	6.88712104e-01	5.60012768e-01
627             	6.43402153e-02	3.45779175e-02	1.24882020e+00	6.88750316e-01	5.60069885e-01
628             	6.43292036e-02	3.45533015e-02	1.24892466e+00	6.88791535e-01	5.60133128e-01
629             	6.43202760e-02	3.45335215e-02	1.24901617e+00	6.88828362e-01	5.60187810e-01
630             	6.43113302e-02	3.45135214e-02	1.24910782e+00	6.88865240e-01	5.60242580e-01
631             	6.43022561e-02	3.44930600e-02	1.24920052e+00	6.88902514e-01	5.60298001e-01
632             	6.42930141e-02	3.44721266e-02	1.24929456e+00	6.88940292e-01	5.60354264e-01
633             	6.42836257e-02	3.44508707e-02	1.24938971e+00	6.88978482e-01	5.60411231e-01
634             	6.42741540e-02	3.44295155e-02	1.24948540e+00	6.89016853e-01	5.60468545e-01
635             	6.42646817e-02	3.44082827e-02	1.24958088e+00	6.89055123e-01	5.60525760e-01
636             	6.42552898e-02	3.43873423e-02	1.24967550e+00	6.89093040e-01	5.60582461e-01
637             	6.42460413e-02	3.43667911e-02	1.24976878e+00	6.89130429e-01	5.60638346e-01
638             	6.42369719e-02	3.43466512e-02	1.24986051e+00	6.89167225e-01	5.60693281e-01
639             	6.42280910e-02	3.43268900e-02	1.24995075e+00	6.89203466e-01	5.60747284e-01
640             	6.42193858e-02	3.43074442e-02	1.25003976e+00	6.89239266e-01	5.60800494e-01
641             	6.42108293e-02	3.42882427e-02	1.25012789e+00	6.89274774e-01	5.60853115e-01
642             	6.42023888e-02	3.42692253e-02	1.25021549e+00	6.89310132e-01	5.60905354e-01
643             	6.41940337e-02	3.42503514e-02	1.25030282e+00	6.89345443e-01	5.60957376e-01
644             	6.41857410e-02	3.42316033e-02	1.25039004e+00	6.89380760e-01	5.61009278e-01
645             	6.41774984e-02	3.42129820e-02	1.25047717e+00	6.89416084e-01	5.61061087e-01
646             	6.41693024e-02	3.41944994e-02	1.25056414e+00	6.89451374e-01	5.61112769e-01
647             	6.41611572e-02	3.41761717e-02	1.25065081e+00	6.89486565e-01	5.61164250e-01
648             	6.41530716e-02	3.41580140e-02	1.25073703e+00	6.89521587e-01	5.61215444e-01
649             	6.41450570e-02	3.41400364e-02	1.25082266e+00	6.89556388e-01	5.61266274e-01
650             	6.41371238e-02	3.41222435e-02	1.25090762e+00	6.89590933e-01	5.61316686e-01
651             	6.41292800e-02	3.41046341e-02	1.25099188e+00	6.89625218e-01	5.61366658e-01
652             	6.41205342e-02	3.40843203e-02	1.25108470e+00	6.89662885e-01	5.61421817e-01
653             	6.41133097e-02	3.40683772e-02	1.25116355e+00	6.89695082e-01	5.61468463e-01
654             	6.41062094e-02	3.40525886e-02	1.25124148e+00	6.89726951e-01	5.61514532e-01
655             	6.40991281e-02	3.40366553e-02	1.25131970e+00	6.89758977e-01	5.61560721e-01
656             	6.40920003e-02	3.40204418e-02	1.25139894e+00	6.89791472e-01	5.61607471e-01
657             	6.40839459e-02	3.40012653e-02	1.25148856e+00	6.89828224e-01	5.61660332e-01
658             	6.40770637e-02	3.39858374e-02	1.25156615e+00	6.89860138e-01	5.61706011e-01
659             	6.40701850e-02	3.39703733e-02	1.25164397e+00	6.89892169e-01	5.61751799e-01
660             	6.40624847e-02	3.39521852e-02	1.25173145e+00	6.89928208e-01	5.61803238e-01
661             	6.40558680e-02	3.39375198e-02	1.25180677e+00	6.89959254e-01	5.61847518e-01
662             	6.40485170e-02	3.39202818e-02	1.25189109e+00	6.89994064e-01	5.61897030e-01
663             	6.40421683e-02	3.39062947e-02	1.25196371e+00	6.90024024e-01	5.61939687e-01
664             	6.40357808e-02	3.38920004e-02	1.25203711e+00	6.90054338e-01	5.61982777e-01
665             	6.40286269e-02	3.38748709e-02	1.25212086e+00	6.90089059e-01	5.62031805e-01
666             	6.40217089e-02	3.38584891e-02	1.25220249e+00	6.90122951e-01	5.62079534e-01
667             	6.40156801e-02	3.38451747e-02	1.25227290e+00	6.90152129e-01	5.62120769e-01
668             	6.40090006e-02	3.38293131e-02	1.25235284e+00	6.90185422e-01	5.62167421e-01
669             	6.40025214e-02	3.38140434e-02	1.25243090e+00	6.90217971e-01	5.62212928e-01
670             	6.39967945e-02	3.38014357e-02	1.25249877e+00	6.90246178e-01	5.62252589e-01
671             	6.39904206e-02	3.37861796e-02	1.25257681e+00	6.90278827e-01	5.62297986e-01
672             	6.39841703e-02	3.37712857e-02	1.25265388e+00	6.90311109e-01	5.62342768e-01
673             	6.39780618e-02	3.37568275e-02	1.25272958e+00	6.90342851e-01	5.62386728e-01
674             	6.39720920e-02	3.37427802e-02	1.25280385e+00	6.90374017e-01	5.62429833e-01
675             	6.39662431e-02	3.37290550e-02	1.25287690e+00	6.90404692e-01	5.62472205e-01
676             	6.39604921e-02	3.37155464e-02	1.25294909e+00	6.90435037e-01	5.62514053e-01
677             	6.39548141e-02	3.37021591e-02	1.25302084e+00	6.90465235e-01	5.62555607e-01
678             	6.39491988e-02	3.36888490e-02	1.25309245e+00	6.90495424e-01	5.62597027e-01
679             	6.39436279e-02	3.36755771e-02	1.25316413e+00	6.90525692e-01	5.62638436e-01
680             	6.39381007e-02	3.36623457e-02	1.25323595e+00	6.90556077e-01	5.62679876e-01
681             	6.39326248e-02	3.36491818e-02	1.25330786e+00	6.90586554e-01	5.62721304e-01
682             	6.39272078e-02	3.36361177e-02	1.25337967e+00	6.90617045e-01	5.62762629e-01
683             	6.39218555e-02	3.36231641e-02	1.25345131e+00	6.90647509e-01	5.62803798e-01
684             	6.39165750e-02	3.36103374e-02	1.25352262e+00	6.90677883e-01	5.62844733e-01
685             	6.39113722e-02	3.35976479e-02	1.25359349e+00	6.90708116e-01	5.62885372e-01
686             	6.39062508e-02	3.35851009e-02	1.25366386e+00	6.90738181e-01	5.62925680e-01
687             	6.39012118e-02	3.35726968e-02	1.25373371e+00	6.90768068e-01	5.62965644e-01
688             	6.38962540e-02	3.35604328e-02	1.25380307e+00	6.90797788e-01	5.63005280e-01
689             	6.38913742e-02	3.35483093e-02	1.25387194e+00	6.90827342e-01	5.63044594e-01
690             	6.38865674e-02	3.35363103e-02	1.25394045e+00	6.90856791e-01	5.63083656e-01
691             	6.38818284e-02	3.35244292e-02	1.25400867e+00	6.90886164e-01	5.63122507e-01
692             	6.38771535e-02	3.35126612e-02	1.25407666e+00	6.90915483e-01	5.63161176e-01
693             	6.38726623e-02	3.35015789e-02	1.25414237e+00	6.90943845e-01	5.63198521e-01
694             	6.38679713e-02	3.34894824e-02	1.25421223e+00	6.90974085e-01	5.63238142e-01
695             	6.38633806e-02	3.34776467e-02	1.25428137e+00	6.91004064e-01	5.63277302e-01
696             	6.38590416e-02	3.34667466e-02	1.25434711e+00	6.91032595e-01	5.63314512e-01
697             	6.38549023e-02	3.34566763e-02	1.25440879e+00	6.91059296e-01	5.63349491e-01
698             	6.38504805e-02	3.34448043e-02	1.25447841e+00	6.91089686e-01	5.63388724e-01
699             	6.38461890e-02	3.34333017e-02	1.25454687e+00	6.91119625e-01	5.63427247e-01
700             	6.38421509e-02	3.34227878e-02	1.25461175e+00	6.91148025e-01	5.63463723e-01
701             	6.38380958e-02	3.34120927e-02	1.25467760e+00	6.91176895e-01	5.63500703e-01
702             	6.38340382e-02	3.34012655e-02	1.25474419e+00	6.91206136e-01	5.63538059e-01
703             	6.38300009e-02	3.33903932e-02	1.25481110e+00	6.91235552e-01	5.63575550e-01
704             	6.38260276e-02	3.33796365e-02	1.25487753e+00	6.91264795e-01	5.63612740e-01
705             	6.38221630e-02	3.33691433e-02	1.25494280e+00	6.91293562e-01	5.63649236e-01
706             	6.38184316e-02	3.33589795e-02	1.25500659e+00	6.91321728e-01	5.63684865e-01
707             	6.38148260e-02	3.33491030e-02	1.25506912e+00	6.91349387e-01	5.63719735e-01
708             	6.38113238e-02	3.33394337e-02	1.25513081e+00	6.91376727e-01	5.63754079e-01
709             	6.38078904e-02	3.33298363e-02	1.25519246e+00	6.91404119e-01	5.63788339e-01
710             	6.38044919e-02	3.33202166e-02	1.25525466e+00	6.91431820e-01	5.63822836e-01
711             	6.38011106e-02	3.33105421e-02	1.25531767e+00	6.91459946e-01	5.63857724e-01
712             	6.37977422e-02	3.33008244e-02	1.25538148e+00	6.91488483e-01	5.63892999e-01
713             	6.37943921e-02	3.32911009e-02	1.25544586e+00	6.91517321e-01	5.63928537e-01
714             	6.37910741e-02	3.32814221e-02	1.25551043e+00	6.91546288e-01	5.63964140e-01
715             	6.37878057e-02	3.32718364e-02	1.25557479e+00	6.91575201e-01	5.63999590e-01
716             	6.37846044e-02	3.32623796e-02	1.25563861e+00	6.91603911e-01	5.64034702e-01
717             	6.37814843e-02	3.32530711e-02	1.25570169e+00	6.91632327e-01	5.64069359e-01
718             	6.37784548e-02	3.32439142e-02	1.25576395e+00	6.91660430e-01	5.64103521e-01
719             	6.37755192e-02	3.32348999e-02	1.25582548e+00	6.91688261e-01	5.64137223e-01
720             	6.37726751e-02	3.32260119e-02	1.25588646e+00	6.91715905e-01	5.64170555e-01
721             	6.37699160e-02	3.32172323e-02	1.25594709e+00	6.91743463e-01	5.64203631e-01
722             	6.37672328e-02	3.32085452e-02	1.25600759e+00	6.91771027e-01	5.64236562e-01
723             	6.37646153e-02	3.31999402e-02	1.25606810e+00	6.91798666e-01	5.64269435e-01
724             	6.37620555e-02	3.31914123e-02	1.25612871e+00	6.91826412e-01	5.64302301e-01
725             	6.37595472e-02	3.31829605e-02	1.25618944e+00	6.91854266e-01	5.64335172e-01
726             	6.37570862e-02	3.31745857e-02	1.25625024e+00	6.91882204e-01	5.64368031e-01
727             	6.37546713e-02	3.31662892e-02	1.25631103e+00	6.91910185e-01	5.64400842e-01
728             	6.37523043e-02	3.31580733e-02	1.25637172e+00	6.91938167e-01	5.64433558e-01
729             	6.37499893e-02	3.31499392e-02	1.25643225e+00	6.91966113e-01	5.64466134e-01
730             	6.37477323e-02	3.31418882e-02	1.25649254e+00	6.91994000e-01	5.64498536e-01
731             	6.37455387e-02	3.31339191e-02	1.25655257e+00	6.92021825e-01	5.64530748e-01
732             	6.37434137e-02	3.31260307e-02	1.25661237e+00	6.92049598e-01	5.64562771e-01
733             	6.37413607e-02	3.31182222e-02	1.25667195e+00	6.92077336e-01	5.64594615e-01
734             	6.37393813e-02	3.31104932e-02	1.25673136e+00	6.92105059e-01	5.64626297e-01
735             	6.37374742e-02	3.31028428e-02	1.25679063e+00	6.92132788e-01	5.64657840e-01
736             	6.37356381e-02	3.30952718e-02	1.25684979e+00	6.92160536e-01	5.64689259e-01
737             	6.37338698e-02	3.30877803e-02	1.25690888e+00	6.92188309e-01	5.64720569e-01
738             	6.37321657e-02	3.30803684e-02	1.25696789e+00	6.92216109e-01	5.64751778e-01
739             	6.37305201e-02	3.30730417e-02	1.25702673e+00	6.92243886e-01	5.64782846e-01
740             	6.37289338e-02	3.30657900e-02	1.25708552e+00	6.92271696e-01	5.64813829e-01
741             	6.37274057e-02	3.30586128e-02	1.25714426e+00	6.92299537e-01	5.64844726e-01
742             	6.37259357e-02	3.30515095e-02	1.25720294e+00	6.92327404e-01	5.64875532e-01
743             	6.37245248e-02	3.30444800e-02	1.25726154e+00	6.92355292e-01	5.64906243e-01
744             	6.37231744e-02	3.30375243e-02	1.25732005e+00	6.92383199e-01	5.64936850e-01
745             	6.37218866e-02	3.30306429e-02	1.25737846e+00	6.92411119e-01	5.64967345e-01
746             	6.37206629e-02	3.30238359e-02	1.25743677e+00	6.92439048e-01	5.64997722e-01
747             	6.37195051e-02	3.30171029e-02	1.25749497e+00	6.92466989e-01	5.65027979e-01
748             	6.37184136e-02	3.30104428e-02	1.25755306e+00	6.92494944e-01	5.65058116e-01
749             	6.37173888e-02	3.30038546e-02	1.25761106e+00	6.92522917e-01	5.65088140e-01
750             	6.37164301e-02	3.29973371e-02	1.25766897e+00	6.92550915e-01	5.65118054e-01
751             	6.37155371e-02	3.29908887e-02	1.25772681e+00	6.92578944e-01	5.65147869e-01
752             	6.37147088e-02	3.29845084e-02	1.25778460e+00	6.92607008e-01	5.65177591e-01
753             	6.37139442e-02	3.29781954e-02	1.25784233e+00	6.92635110e-01	5.65207222e-01
754             	6.37131212e-02	3.29715180e-02	1.25790216e+00	6.92664202e-01	5.65237960e-01
755             	6.37123703e-02	3.29650405e-02	1.25796112e+00	6.92692932e-01	5.65268192e-01
756             	6.37117118e-02	3.29587854e-02	1.25801903e+00	6.92721228e-01	5.65297805e-01
757             	6.37111642e-02	3.29527426e-02	1.25807596e+00	6.92749144e-01	5.65326816e-01
758             	6.37107288e-02	3.29468524e-02	1.25813230e+00	6.92776878e-01	5.65355420e-01
759             	6.37103950e-02	3.29410526e-02	1.25818851e+00	6.92804651e-01	5.65383861e-01
760             	6.37102636e-02	3.29357724e-02	1.25824292e+00	6.92831722e-01	5.65411194e-01
761             	6.37100602e-02	3.29298972e-02	1.25830053e+00	6.92860327e-01	5.65440207e-01
762             	6.37098985e-02	3.29240635e-02	1.25835860e+00	6.92889200e-01	5.65469403e-01
763             	6.37097715e-02	3.29183263e-02	1.25841671e+00	6.92918126e-01	5.65498583e-01
764             	6.37096815e-02	3.29127071e-02	1.25847457e+00	6.92946966e-01	5.65527603e-01
765             	6.37097435e-02	3.29076410e-02	1.25853007e+00	6.92974779e-01	5.65555292e-01
766             	6.37097353e-02	3.29020727e-02	1.25858791e+00	6.93003688e-01	5.65584218e-01
767             	6.37097900e-02	3.28965549e-02	1.25864569e+00	6.93032636e-01	5.65613056e-01
768             	6.37099173e-02	3.28911115e-02	1.25870327e+00	6.93061551e-01	5.65641716e-01
769             	6.37101241e-02	3.28857485e-02	1.25876061e+00	6.93090429e-01	5.65670181e-01
770             	6.37104140e-02	3.28804626e-02	1.25881778e+00	6.93119303e-01	5.65698475e-01
771             	6.37107861e-02	3.28752479e-02	1.25887485e+00	6.93148213e-01	5.65726641e-01
772             	6.37112360e-02	3.28700989e-02	1.25893192e+00	6.93177194e-01	5.65754722e-01
773             	6.37117565e-02	3.28650133e-02	1.25898900e+00	6.93206258e-01	5.65782745e-01
774             	6.37124087e-02	3.28603998e-02	1.25904415e+00	6.93234485e-01	5.65809668e-01
775             	6.37130265e-02	3.28553286e-02	1.25910166e+00	6.93263859e-01	5.65837806e-01
776             	6.37136958e-02	3.28503055e-02	1.25915943e+00	6.93293409e-01	5.65866018e-01
777             	6.37144134e-02	3.28453724e-02	1.25921711e+00	6.93322969e-01	5.65894142e-01
778             	6.37151818e-02	3.28405447e-02	1.25927453e+00	6.93352449e-01	5.65922085e-01
779             	6.37160056e-02	3.28358147e-02	1.25933166e+00	6.93381835e-01	5.65949824e-01
780             	6.37168960e-02	3.28311640e-02	1.25938860e+00	6.93411195e-01	5.65977403e-01
781             	6.37178972e-02	3.28269503e-02	1.25944347e+00	6.93439634e-01	5.66003840e-01
782             	6.37189219e-02	3.28222903e-02	1.25950086e+00	6.93469350e-01	5.66031506e-01
783             	6.37200272e-02	3.28176518e-02	1.25955867e+00	6.93499361e-01	5.66059307e-01
784             	6.37212035e-02	3.28130758e-02	1.25961660e+00	6.93529505e-01	5.66087098e-01
785             	6.37224418e-02	3.28085848e-02	1.25967442e+00	6.93559653e-01	5.66114769e-01
786             	6.37237472e-02	3.28045406e-02	1.25972996e+00	6.93588729e-01	5.66141234e-01
787             	6.37250893e-02	3.28001045e-02	1.25978779e+00	6.93618983e-01	5.66168804e-01
788             	6.37264930e-02	3.27957216e-02	1.25984570e+00	6.93649345e-01	5.66196359e-01
789             	6.37279508e-02	3.27914174e-02	1.25990348e+00	6.93679690e-01	5.66223788e-01
790             	6.37294506e-02	3.27875405e-02	1.25995894e+00	6.93708923e-01	5.66250022e-01
791             	6.37310173e-02	3.27832821e-02	1.26001686e+00	6.93739447e-01	5.66277412e-01
792             	6.37326462e-02	3.27790834e-02	1.26007485e+00	6.93770071e-01	5.66304778e-01
793             	6.37343045e-02	3.27752994e-02	1.26013060e+00	6.93799604e-01	5.66330995e-01
794             	6.37360553e-02	3.27711500e-02	1.26018892e+00	6.93830515e-01	5.66358404e-01
795             	6.37378266e-02	3.27674027e-02	1.26024507e+00	6.93860360e-01	5.66384707e-01
796             	6.37397085e-02	3.27632986e-02	1.26030390e+00	6.93891658e-01	5.66412241e-01
797             	6.37415887e-02	3.27596125e-02	1.26036031e+00	6.93921745e-01	5.66438568e-01
798             	6.37435336e-02	3.27559069e-02	1.26041715e+00	6.93952106e-01	5.66465039e-01
799             	6.37456120e-02	3.27518572e-02	1.26047676e+00	6.93983994e-01	5.66492770e-01
800             	6.37476488e-02	3.27482510e-02	1.26053352e+00	6.94014409e-01	5.66519111e-01
801             	6.37497442e-02	3.27446473e-02	1.26059050e+00	6.94044993e-01	5.66545505e-01
802             	6.37519101e-02	3.27410290e-02	1.26064793e+00	6.94075876e-01	5.66572056e-01
803             	6.37541467e-02	3.27374024e-02	1.26070582e+00	6.94107057e-01	5.66598764e-01
804             	6.37564468e-02	3.27337869e-02	1.26076402e+00	6.94138455e-01	5.66625561e-01
805             	6.37588003e-02	3.27302031e-02	1.26082232e+00	6.94169958e-01	5.66652358e-01
806             	6.37611990e-02	3.27266660e-02	1.26088055e+00	6.94201474e-01	5.66679076e-01
807             	6.37636346e-02	3.27231845e-02	1.26093857e+00	6.94232918e-01	5.66705649e-01
808             	6.37661075e-02	3.27197565e-02	1.26099637e+00	6.94264292e-01	5.66732077e-01
809             	6.37686218e-02	3.27163766e-02	1.26105402e+00	6.94295634e-01	5.66758390e-01
810             	6.37711816e-02	3.27130381e-02	1.26111162e+00	6.94326992e-01	5.66784629e-01
811             	6.37735673e-02	3.27100764e-02	1.26116537e+00	6.94356253e-01	5.66809118e-01
812             	6.37762481e-02	3.27067195e-02	1.26122352e+00	6.94388010e-01	5.66835513e-01
813             	6.37790230e-02	3.27033721e-02	1.26128247e+00	6.94420256e-01	5.66862210e-01
814             	6.37818983e-02	3.27000495e-02	1.26134225e+00	6.94453025e-01	5.66889229e-01
815             	6.37848568e-02	3.26967721e-02	1.26140258e+00	6.94486146e-01	5.66916432e-01
816             	6.37875877e-02	3.26938768e-02	1.26145885e+00	6.94517012e-01	5.66941836e-01
817             	6.37906297e-02	3.26906545e-02	1.26151900e+00	6.94550132e-01	5.66968872e-01
818             	6.37934006e-02	3.26877955e-02	1.26157470e+00	6.94580751e-01	5.66993949e-01
819             	6.37965148e-02	3.26845948e-02	1.26163460e+00	6.94613816e-01	5.67020786e-01
820             	6.37996792e-02	3.26814328e-02	1.26169462e+00	6.94646988e-01	5.67047630e-01
821             	6.38025774e-02	3.26786145e-02	1.26175062e+00	6.94677886e-01	5.67072731e-01
822             	6.38055162e-02	3.26757794e-02	1.26180665e+00	6.94708840e-01	5.67097807e-01
823             	6.38088646e-02	3.26726226e-02	1.26186741e+00	6.94742569e-01	5.67124839e-01
824             	6.38119332e-02	3.26698130e-02	1.26192426e+00	6.94774063e-01	5.67150197e-01
825             	6.38150823e-02	3.26669951e-02	1.26198166e+00	6.94805914e-01	5.67175749e-01
826             	6.38186999e-02	3.26638867e-02	1.26204422e+00	6.94840807e-01	5.67203408e-01
827             	6.38219843e-02	3.26611432e-02	1.26210247e+00	6.94873220e-01	5.67229252e-01
828             	6.38253182e-02	3.26584149e-02	1.26216083e+00	6.94905732e-01	5.67255095e-01
829             	6.38286886e-02	3.26556986e-02	1.26221910e+00	6.94938240e-01	5.67280863e-01
830             	6.38321026e-02	3.26529871e-02	1.26227740e+00	6.94970803e-01	5.67306598e-01
831             	6.38355741e-02	3.26502754e-02	1.26233592e+00	6.95003536e-01	5.67332388e-01
832             	6.38391171e-02	3.26475637e-02	1.26239487e+00	6.95036554e-01	5.67358320e-01
833             	6.38427365e-02	3.26448581e-02	1.26245433e+00	6.95069902e-01	5.67384429e-01
834             	6.38464246e-02	3.26421696e-02	1.26251420e+00	6.95103527e-01	5.67410677e-01
835             	6.38501634e-02	3.26395087e-02	1.26257429e+00	6.95137306e-01	5.67436979e-01
836             	6.38539299e-02	3.26368831e-02	1.26263431e+00	6.95171084e-01	5.67463224e-01
837             	6.38577018e-02	3.26342956e-02	1.26269402e+00	6.95204713e-01	5.67489309e-01
838             	6.38614648e-02	3.26317435e-02	1.26275328e+00	6.95238105e-01	5.67515176e-01
839             	6.38652161e-02	3.26292206e-02	1.26281208e+00	6.95271256e-01	5.67540824e-01
840             	6.38689625e-02	3.26267203e-02	1.26287052e+00	6.95304224e-01	5.67566299e-01
841             	6.38727191e-02	3.26242376e-02	1.26292879e+00	6.95337115e-01	5.67591677e-01
842             	6.38765042e-02	3.26217698e-02	1.26298710e+00	6.95370056e-01	5.67617048e-01
843             	6.38803352e-02	3.26193174e-02	1.26304565e+00	6.95403159e-01	5.67642489e-01
844             	6.38842270e-02	3.26168826e-02	1.26310457e+00	6.95436511e-01	5.67668057e-01
845             	6.38881887e-02	3.26144690e-02	1.26316394e+00	6.95470156e-01	5.67693779e-01
846             	6.38922209e-02	3.26120802e-02	1.26322372e+00	6.95504081e-01	5.67719639e-01
847             	6.38963162e-02	3.26097178e-02	1.26328382e+00	6.95538226e-01	5.67745593e-01
848             	6.39004613e-02	3.26073807e-02	1.26334408e+00	6.95572502e-01	5.67771579e-01
849             	6.39046417e-02	3.26050654e-02	1.26340437e+00	6.95606825e-01	5.67797542e-01
850             	6.39088436e-02	3.26027672e-02	1.26346455e+00	6.95641119e-01	5.67823432e-01
851             	6.39130578e-02	3.26004811e-02	1.26352456e+00	6.95675340e-01	5.67849225e-01
852             	6.39172803e-02	3.25982033e-02	1.26358440e+00	6.95709481e-01	5.67874920e-01
853             	6.39215120e-02	3.25959318e-02	1.26364410e+00	6.95743561e-01	5.67900537e-01
854             	6.39257581e-02	3.25936677e-02	1.26370373e+00	6.95777621e-01	5.67926104e-01
855             	6.39300263e-02	3.25914144e-02	1.26376336e+00	6.95811706e-01	5.67951653e-01
856             	6.39343232e-02	3.25891760e-02	1.26382306e+00	6.95845855e-01	5.67977208e-01
857             	6.39386545e-02	3.25869559e-02	1.26388289e+00	6.95880097e-01	5.68002788e-01
858             	6.39430252e-02	3.25847566e-02	1.26394287e+00	6.95914458e-01	5.68028408e-01
859             	6.39474373e-02	3.25825794e-02	1.26400301e+00	6.95948942e-01	5.68054067e-01
860             	6.39518897e-02	3.25804247e-02	1.26406329e+00	6.95983536e-01	5.68079757e-01
861             	6.39563796e-02	3.25782915e-02	1.26412368e+00	6.96018219e-01	5.68105460e-01
862             	6.39609026e-02	3.25761775e-02	1.26418413e+00	6.96052966e-01	5.68131161e-01
863             	6.39654536e-02	3.25740796e-02	1.26424459e+00	6.96087749e-01	5.68156842e-01
864             	6.39700310e-02	3.25719950e-02	1.26430507e+00	6.96122564e-01	5.68182502e-01
865             	6.39746104e-02	3.25699057e-02	1.26436547e+00	6.96157346e-01	5.68208125e-01
866             	6.39791964e-02	3.25678138e-02	1.26442585e+00	6.96192121e-01	5.68233728e-01
867             	6.39838023e-02	3.25657278e-02	1.26448625e+00	6.96226927e-01	5.68259322e-01
868             	6.39884409e-02	3.25636561e-02	1.26454672e+00	6.96261801e-01	5.68284920e-01
869             	6.39931211e-02	3.25616058e-02	1.26460730e+00	6.96296770e-01	5.68310528e-01
870             	6.39978481e-02	3.25595816e-02	1.26466799e+00	6.96331845e-01	5.68336149e-01
871             	6.40025970e-02	3.25575680e-02	1.26472872e+00	6.96366957e-01	5.68361763e-01
872             	6.40073696e-02	3.25555670e-02	1.26478949e+00	6.96402117e-01	5.68387377e-01
873             	6.40121746e-02	3.25535834e-02	1.26485035e+00	6.96437349e-01	5.68413000e-01
874             	6.40170185e-02	3.25516211e-02	1.26491130e+00	6.96472670e-01	5.68438633e-01
875             	6.40219025e-02	3.25496824e-02	1.26497235e+00	6.96508075e-01	5.68464270e-01
876             	6.40267983e-02	3.25477487e-02	1.26503337e+00	6.96543483e-01	5.68489886e-01
877             	6.40317073e-02	3.25458215e-02	1.26509439e+00	6.96578902e-01	5.68515487e-01
878             	6.40366392e-02	3.25439069e-02	1.26515543e+00	6.96614356e-01	5.68541078e-01
879             	6.40416032e-02	3.25420105e-02	1.26521653e+00	6.96649870e-01	5.68566663e-01
880             	6.40465780e-02	3.25401167e-02	1.26527762e+00	6.96685387e-01	5.68592231e-01
881             	6.40515716e-02	3.25382300e-02	1.26533874e+00	6.96720942e-01	5.68617799e-01
882             	6.40565972e-02	3.25363592e-02	1.26539994e+00	6.96756569e-01	5.68643374e-01
883             	6.40616658e-02	3.25345112e-02	1.26546126e+00	6.96792295e-01	5.68668963e-01
884             	6.40667538e-02	3.25326702e-02	1.26552260e+00	6.96828056e-01	5.68694549e-01
885             	6.40718684e-02	3.25308412e-02	1.26558402e+00	6.96863878e-01	5.68720141e-01
886             	6.40770203e-02	3.25290320e-02	1.26564552e+00	6.96899782e-01	5.68745741e-01
887             	6.40822143e-02	3.25272477e-02	1.26570712e+00	6.96935772e-01	5.68771343e-01
888             	6.40874228e-02	3.25254683e-02	1.26576870e+00	6.96971774e-01	5.68796928e-01
889             	6.40926514e-02	3.25236974e-02	1.26583032e+00	6.97007811e-01	5.68822508e-01
890             	6.40979116e-02	3.25219418e-02	1.26589200e+00	6.97043913e-01	5.68848090e-01
891             	6.41031799e-02	3.25201846e-02	1.26595368e+00	6.97080021e-01	5.68873662e-01
892             	6.41084695e-02	3.25184343e-02	1.26601542e+00	6.97116179e-01	5.68899240e-01
893             	6.41137979e-02	3.25167030e-02	1.26607726e+00	6.97152429e-01	5.68924833e-01
894             	6.41191418e-02	3.25149758e-02	1.26613912e+00	6.97188704e-01	5.68950421e-01
895             	6.41245134e-02	3.25132615e-02	1.26620106e+00	6.97225042e-01	5.68976015e-01
896             	6.41299276e-02	3.25115709e-02	1.26626309e+00	6.97261474e-01	5.69001619e-01
897             	6.41353590e-02	3.25098867e-02	1.26632514e+00	6.97297931e-01	5.69027213e-01
898             	6.41408190e-02	3.25082166e-02	1.26638726e+00	6.97334448e-01	5.69052810e-01
899             	6.41463211e-02	3.25065698e-02	1.26644947e+00	6.97371057e-01	5.69078415e-01
900             	6.41518368e-02	3.25049266e-02	1.26651169e+00	6.97407681e-01	5.69104008e-01
901             	6.41573779e-02	3.25032949e-02	1.26657396e+00	6.97444359e-01	5.69129604e-01
902             	6.41629602e-02	3.25016849e-02	1.26663634e+00	6.97481130e-01	5.69155209e-01
903             	6.41685580e-02	3.25000773e-02	1.26669874e+00	6.97517929e-01	5.69180813e-01
904             	6.41741838e-02	3.24984809e-02	1.26676123e+00	6.97554798e-01	5.69206430e-01
905             	6.41798509e-02	3.24969065e-02	1.26682382e+00	6.97591762e-01	5.69232060e-01
906             	6.41855288e-02	3.24953340e-02	1.26688642e+00	6.97628737e-01	5.69257680e-01
907             	6.41912306e-02	3.24937726e-02	1.26694906e+00	6.97665763e-01	5.69283302e-01
908             	6.41969723e-02	3.24922334e-02	1.26701180e+00	6.97702875e-01	5.69308930e-01
909             	6.42027253e-02	3.24906961e-02	1.26707454e+00	6.97739997e-01	5.69334547e-01
910             	6.42085059e-02	3.24891712e-02	1.26713735e+00	6.97777180e-01	5.69360168e-01
911             	6.42142906e-02	3.24876425e-02	1.26720014e+00	6.97814361e-01	5.69385780e-01
912             	6.42201026e-02	3.24861252e-02	1.26726301e+00	6.97851605e-01	5.69411400e-01
913             	6.42259651e-02	3.24846356e-02	1.26732600e+00	6.97888967e-01	5.69437037e-01
914             	6.42318501e-02	3.24831548e-02	1.26738904e+00	6.97926372e-01	5.69462672e-01
915             	6.42377738e-02	3.24816943e-02	1.26745218e+00	6.97963866e-01	5.69488318e-01
916             	6.42437080e-02	3.24802347e-02	1.26751533e+00	6.98001374e-01	5.69513958e-01
917             	6.42496733e-02	3.24787897e-02	1.26757856e+00	6.98038956e-01	5.69539609e-01
918             	6.42556901e-02	3.24773737e-02	1.26764193e+00	6.98076656e-01	5.69565276e-01
919             	6.42617255e-02	3.24759642e-02	1.26770533e+00	6.98114389e-01	5.69590938e-01
920             	6.42677959e-02	3.24745722e-02	1.26776881e+00	6.98152202e-01	5.69616610e-01
921             	6.42738705e-02	3.24731769e-02	1.26783229e+00	6.98190015e-01	5.69642274e-01
922             	6.42799712e-02	3.24717926e-02	1.26789584e+00	6.98227890e-01	5.69667947e-01
923             	6.42861191e-02	3.24704340e-02	1.26795951e+00	6.98265874e-01	5.69693636e-01
924             	6.42922805e-02	3.24690778e-02	1.26802320e+00	6.98303881e-01	5.69719320e-01
925             	6.42984730e-02	3.24677355e-02	1.26808698e+00	6.98341962e-01	5.69745016e-01
926             	6.43046660e-02	3.24663861e-02	1.26815074e+00	6.98380036e-01	5.69770704e-01
927             	6.43108848e-02	3.24650468e-02	1.26821458e+00	6.98418175e-01	5.69796405e-01
928             	6.43171066e-02	3.24637027e-02	1.26827841e+00	6.98456312e-01	5.69822099e-01
929             	6.43233627e-02	3.24623749e-02	1.26834234e+00	6.98494532e-01	5.69847807e-01
930             	6.43296795e-02	3.24610827e-02	1.26840643e+00	6.98532893e-01	5.69873534e-01
931             	6.43360211e-02	3.24598019e-02	1.26847056e+00	6.98571300e-01	5.69899258e-01
932             	6.43424061e-02	3.24585454e-02	1.26853480e+00	6.98609807e-01	5.69924995e-01
933             	6.43487989e-02	3.24572884e-02	1.26859905e+00	6.98648322e-01	5.69950725e-01
934             	6.43552230e-02	3.24560466e-02	1.26866338e+00	6.98686912e-01	5.69976466e-01
935             	6.43616471e-02	3.24547985e-02	1.26872769e+00	6.98725494e-01	5.70002200e-01
936             	6.43681004e-02	3.24535637e-02	1.26879209e+00	6.98764147e-01	5.70027947e-01
937             	6.43745546e-02	3.24523232e-02	1.26885648e+00	6.98802794e-01	5.70053685e-01
938             	6.43810432e-02	3.24510992e-02	1.26892096e+00	6.98841524e-01	5.70079438e-01
939             	6.43875386e-02	3.24498733e-02	1.26898545e+00	6.98880263e-01	5.70105186e-01
940             	6.43940758e-02	3.24486684e-02	1.26905006e+00	6.98919105e-01	5.70130953e-01
941             	6.44006240e-02	3.24474648e-02	1.26911468e+00	6.98957966e-01	5.70156718e-01
942             	6.44072159e-02	3.24462849e-02	1.26917943e+00	6.98996932e-01	5.70182500e-01
943             	6.44138190e-02	3.24451072e-02	1.26924420e+00	6.99035917e-01	5.70208279e-01
944             	6.44204657e-02	3.24439539e-02	1.26930908e+00	6.99075004e-01	5.70234073e-01
945             	6.44271209e-02	3.24428020e-02	1.26937396e+00	6.99114099e-01	5.70259858e-01
946             	6.44338189e-02	3.24416736e-02	1.26943896e+00	6.99153297e-01	5.70285659e-01
947             	6.44405245e-02	3.24405451e-02	1.26950396e+00	6.99192504e-01	5.70311455e-01
948             	6.44472718e-02	3.24394390e-02	1.26956908e+00	6.99231812e-01	5.70337269e-01
949             	6.44540251e-02	3.24383310e-02	1.26963421e+00	6.99271128e-01	5.70363078e-01
950             	6.44608196e-02	3.24372445e-02	1.26969946e+00	6.99310547e-01	5.70388908e-01
951             	6.44676190e-02	3.24361551e-02	1.26976471e+00	6.99349973e-01	5.70414735e-01
952             	6.44744575e-02	3.24350858e-02	1.26983008e+00	6.99389497e-01	5.70440582e-01
953             	6.44812977e-02	3.24340115e-02	1.26989545e+00	6.99429020e-01	5.70466425e-01
954             	6.44881768e-02	3.24329573e-02	1.26996093e+00	6.99468641e-01	5.70492287e-01
955             	6.44950577e-02	3.24318983e-02	1.27002641e+00	6.99508262e-01	5.70518146e-01
956             	6.45019780e-02	3.24308600e-02	1.27009200e+00	6.99547979e-01	5.70544023e-01
957             	6.45088995e-02	3.24298173e-02	1.27015759e+00	6.99587692e-01	5.70569893e-01
958             	6.45158609e-02	3.24287959e-02	1.27022328e+00	6.99627502e-01	5.70595780e-01
959             	6.45228238e-02	3.24277698e-02	1.27028897e+00	6.99667309e-01	5.70621661e-01
960             	6.45298272e-02	3.24267652e-02	1.27035477e+00	6.99707213e-01	5.70647559e-01
961             	6.45368317e-02	3.24257556e-02	1.27042056e+00	6.99747114e-01	5.70673450e-01
962             	6.45438776e-02	3.24247679e-02	1.27048647e+00	6.99787115e-01	5.70699360e-01
963             	6.45509258e-02	3.24237760e-02	1.27055238e+00	6.99827116e-01	5.70725264e-01
964             	6.45580165e-02	3.24228066e-02	1.27061841e+00	6.99867220e-01	5.70751187e-01
965             	6.45651082e-02	3.24218321e-02	1.27068443e+00	6.99907321e-01	5.70777104e-01
966             	6.45722415e-02	3.24208800e-02	1.27075056e+00	6.99947523e-01	5.70803040e-01
967             	6.45793742e-02	3.24199220e-02	1.27081669e+00	6.99987718e-01	5.70828970e-01
968             	6.45865478e-02	3.24189854e-02	1.27088293e+00	7.00028014e-01	5.70854919e-01
969             	6.45937194e-02	3.24180413e-02	1.27094917e+00	7.00068303e-01	5.70880864e-01
970             	6.46009304e-02	3.24171176e-02	1.27101552e+00	7.00108689e-01	5.70906828e-01
971             	6.46081372e-02	3.24161849e-02	1.27108185e+00	7.00149062e-01	5.70932788e-01
972             	6.46154069e-02	3.24152700e-02	1.27114849e+00	7.00189650e-01	5.70958836e-01
973             	6.46226331e-02	3.24143486e-02	1.27121481e+00	7.00230038e-01	5.70984772e-01
974             	6.46299220e-02	3.24134447e-02	1.27128143e+00	7.00270637e-01	5.71010793e-01
975             	6.46371956e-02	3.24125322e-02	1.27134795e+00	7.00311172e-01	5.71036781e-01
976             	6.46445008e-02	3.24116404e-02	1.27141453e+00	7.00351766e-01	5.71062764e-01
977             	6.46517710e-02	3.24107404e-02	1.27148086e+00	7.00392202e-01	5.71088661e-01
978             	6.46591164e-02	3.24098582e-02	1.27154758e+00	7.00432905e-01	5.71114672e-01
979             	6.46664585e-02	3.24089675e-02	1.27161428e+00	7.00473601e-01	5.71140684e-01
980             	6.46738425e-02	3.24080994e-02	1.27168112e+00	7.00514405e-01	5.71166720e-01
981             	6.46811981e-02	3.24072245e-02	1.27174777e+00	7.00555083e-01	5.71192687e-01
982             	6.46886318e-02	3.24063702e-02	1.27181481e+00	7.00596037e-01	5.71218774e-01
983             	6.46960348e-02	3.24055085e-02	1.27188165e+00	7.00636858e-01	5.71244788e-01
984             	6.47035109e-02	3.24046671e-02	1.27194884e+00	7.00677930e-01	5.71270909e-01
985             	6.47109499e-02	3.24038166e-02	1.27201579e+00	7.00718844e-01	5.71296944e-01
986             	6.47184558e-02	3.24029851e-02	1.27208305e+00	7.00759983e-01	5.71323072e-01
987             	6.47259194e-02	3.24021422e-02	1.27215005e+00	7.00800945e-01	5.71349106e-01
988             	6.47334224e-02	3.24013170e-02	1.27221717e+00	7.00842008e-01	5.71375163e-01
989             	6.47409417e-02	3.24004778e-02	1.27228445e+00	7.00883167e-01	5.71401284e-01
990             	6.47496868e-02	3.23995800e-02	1.27235980e+00	7.00929587e-01	5.71430214e-01
991             	6.47566557e-02	3.23988486e-02	1.27242323e+00	7.00968270e-01	5.71454958e-01
992             	6.47636722e-02	3.23980863e-02	1.27248684e+00	7.01007093e-01	5.71479748e-01
993             	6.47707834e-02	3.23972495e-02	1.27255116e+00	7.01046363e-01	5.71504796e-01
994             	6.47781052e-02	3.23963877e-02	1.27261680e+00	7.01086507e-01	5.71530297e-01
995             	6.47868633e-02	3.23954291e-02	1.27269210e+00	7.01132911e-01	5.71559185e-01
996             	6.47939781e-02	3.23946825e-02	1.27275629e+00	7.01172124e-01	5.71584168e-01
997             	6.48011986e-02	3.23939099e-02	1.27282121e+00	7.01211805e-01	5.71609408e-01
998             	6.48098649e-02	3.23930798e-02	1.27289552e+00	7.01257626e-01	5.71637896e-01
999             	6.48168525e-02	3.23923685e-02	1.27295871e+00	7.01296208e-01	5.71662503e-01
1000            	6.48252506e-02	3.23915718e-02	1.27303108e+00	7.01340789e-01	5.71690288e-01
1001            	6.48320876e-02	3.23908554e-02	1.27309312e+00	7.01378646e-01	5.71714471e-01
1002            	6.48403627e-02	3.23900278e-02	1.27316455e+00	7.01422639e-01	5.71741914e-01
1003            	6.48471855e-02	3.23892764e-02	1.27322643e+00	7.01460402e-01	5.71766031e-01
1004            	6.48555395e-02	3.23884246e-02	1.27329833e+00	7.01504703e-01	5.71793624e-01
1005            	6.48624580e-02	3.23876666e-02	1.27336084e+00	7.01542877e-01	5.71817961e-01
1006            	6.48709615e-02	3.23868357e-02	1.27343365e+00	7.01587785e-01	5.71845862e-01
1007            	6.48791821e-02	3.23860589e-02	1.27350470e+00	7.01631532e-01	5.71873168e-01
1008            	6.48859611e-02	3.23853931e-02	1.27356607e+00	7.01668996e-01	5.71897073e-01
1009            	6.48942441e-02	3.23845940e-02	1.27363735e+00	7.01712918e-01	5.71924430e-01
1010            	6.49023644e-02	3.23838469e-02	1.27370741e+00	7.01756072e-01	5.71951343e-01
1011            	6.49090740e-02	3.23831451e-02	1.27376824e+00	7.01793193e-01	5.71975044e-01
1012            	6.49174275e-02	3.23823385e-02	1.27383969e+00	7.01837271e-01	5.72002415e-01
1013            	6.49256168e-02	3.23815526e-02	1.27391018e+00	7.01880706e-01	5.72029472e-01
1014            	6.49336376e-02	3.23808243e-02	1.27397945e+00	7.01923361e-01	5.72056085e-01
1015            	6.49414409e-02	3.23800921e-02	1.27404737e+00	7.01965125e-01	5.72082243e-01
1016            	6.49480018e-02	3.23794129e-02	1.27410695e+00	7.02001479e-01	5.72105476e-01
1017            	6.49562613e-02	3.23785818e-02	1.27417769e+00	7.02045109e-01	5.72132586e-01
1018            	6.49645423e-02	3.23778101e-02	1.27424846e+00	7.02088771e-01	5.72159687e-01
1019            	6.49726842e-02	3.23770667e-02	1.27431841e+00	7.02131889e-01	5.72186520e-01
1020            	6.49806113e-02	3.23763099e-02	1.27438718e+00	7.02174203e-01	5.72212980e-01
1021            	6.49884284e-02	3.23755760e-02	1.27445510e+00	7.02215979e-01	5.72239123e-01
1022            	6.49961435e-02	3.23748175e-02	1.27452235e+00	7.02257320e-01	5.72265033e-01
1023            	6.50038916e-02	3.23740771e-02	1.27458953e+00	7.02298657e-01	5.72290874e-01
1024            	6.50116642e-02	3.23733184e-02	1.27465681e+00	7.02340072e-01	5.72316743e-01
1025            	6.50195519e-02	3.23725925e-02	1.27472459e+00	7.02381845e-01	5.72342741e-01
1026            	6.50274928e-02	3.23718635e-02	1.27479272e+00	7.02423854e-01	5.72368869e-01
1027            	6.50355312e-02	3.23711761e-02	1.27486132e+00	7.02466194e-01	5.72395131e-01
1028            	6.50435760e-02	3.23704843e-02	1.27493007e+00	7.02508611e-01	5.72421459e-01
1029            	6.50516039e-02	3.23697604e-02	1.27499897e+00	7.02551088e-01	5.72447880e-01
1030            	6.50596224e-02	3.23690507e-02	1.27506774e+00	7.02593493e-01	5.72474248e-01
1031            	6.50675810e-02	3.23683181e-02	1.27513621e+00	7.02635684e-01	5.72500522e-01
1032            	6.50755653e-02	3.23676128e-02	1.27520459e+00	7.02677863e-01	5.72526732e-01
1033            	6.50835270e-02	3.23668927e-02	1.27527281e+00	7.02719933e-01	5.72552879e-01
1034            	6.50915455e-02	3.23662046e-02	1.27534113e+00	7.02762109e-01	5.72579018e-01
1035            	6.50995634e-02	3.23655045e-02	1.27540944e+00	7.02804281e-01	5.72605155e-01
1036            	6.51075447e-02	3.23647645e-02	1.27547771e+00	7.02846397e-01	5.72631308e-01
1037            	6.51155806e-02	3.23640498e-02	1.27554619e+00	7.02888675e-01	5.72657513e-01
1038            	6.51236172e-02	3.23633288e-02	1.27561472e+00	7.02930978e-01	5.72683744e-01
1039            	6.51317250e-02	3.23626547e-02	1.27568347e+00	7.02973459e-01	5.72710009e-01
1040            	6.51398315e-02	3.23619812e-02	1.27575220e+00	7.03015932e-01	5.72736269e-01
1041            	6.51479949e-02	3.23613490e-02	1.27582106e+00	7.03058523e-01	5.72762533e-01
1042            	6.51561373e-02	3.23607036e-02	1.27588982e+00	7.03101045e-01	5.72788770e-01
1043            	6.51642125e-02	3.23600088e-02	1.27595838e+00	7.03143401e-01	5.72814976e-01
1044            	6.51723140e-02	3.23593267e-02	1.27602699e+00	7.03185811e-01	5.72841183e-01
1045            	6.51803938e-02	3.23586242e-02	1.27609554e+00	7.03228163e-01	5.72867375e-01
1046            	6.51885357e-02	3.23579591e-02	1.27616423e+00	7.03270653e-01	5.72893581e-01
1047            	6.51966770e-02	3.23572891e-02	1.27623292e+00	7.03313136e-01	5.72919781e-01
1048            	6.52047775e-02	3.23565845e-02	1.27630150e+00	7.03355529e-01	5.72945974e-01
1049            	6.52129311e-02	3.23559112e-02	1.27637024e+00	7.03398050e-01	5.72972187e-01
1050            	6.52210819e-02	3.23552322e-02	1.27643896e+00	7.03440561e-01	5.72998397e-01
1051            	6.52293054e-02	3.23546012e-02	1.27650786e+00	7.03483234e-01	5.73024623e-01
1052            	6.52375285e-02	3.23539686e-02	1.27657673e+00	7.03525896e-01	5.73050839e-01
1053            	6.52457043e-02	3.23532993e-02	1.27664549e+00	7.03568447e-01	5.73077038e-01
1054            	6.52539248e-02	3.23526576e-02	1.27671434e+00	7.03611097e-01	5.73103247e-01
1055            	6.52621324e-02	3.23520042e-02	1.27678315e+00	7.03653708e-01	5.73129443e-01
1056            	6.52704055e-02	3.23513942e-02	1.27685211e+00	7.03696460e-01	5.73155649e-01
1057            	6.52786723e-02	3.23507781e-02	1.27692103e+00	7.03739186e-01	5.73181841e-01
1058            	6.52868885e-02	3.23501220e-02	1.27698981e+00	7.03781795e-01	5.73208018e-01
1059            	6.52951497e-02	3.23494931e-02	1.27705871e+00	7.03824505e-01	5.73234205e-01
1060            	6.53034103e-02	3.23488563e-02	1.27712762e+00	7.03867222e-01	5.73260402e-01
1061            	6.53117343e-02	3.23482640e-02	1.27719667e+00	7.03910068e-01	5.73286599e-01
1062            	6.53200508e-02	3.23476658e-02	1.27726566e+00	7.03952880e-01	5.73312778e-01
1063            	6.53283143e-02	3.23470264e-02	1.27733450e+00	7.03995566e-01	5.73338938e-01
1064            	6.53366211e-02	3.23464128e-02	1.27740345e+00	7.04038346e-01	5.73365104e-01
1065            	6.53449162e-02	3.23457865e-02	1.27747235e+00	7.04081093e-01	5.73391260e-01
1066            	6.53531693e-02	3.23451234e-02	1.27754116e+00	7.04123750e-01	5.73417411e-01
1067            	6.53614879e-02	3.23445006e-02	1.27761014e+00	7.04166557e-01	5.73443582e-01
1068            	6.53698165e-02	3.23438816e-02	1.27767913e+00	7.04209383e-01	5.73469750e-01
1069            	6.53782335e-02	3.23433236e-02	1.27774833e+00	7.04252398e-01	5.73495931e-01
1070            	6.53866572e-02	3.23427707e-02	1.27781752e+00	7.04295416e-01	5.73522101e-01
1071            	6.53950339e-02	3.23421819e-02	1.27788658e+00	7.04338324e-01	5.73548257e-01
1072            	6.54034547e-02	3.23416210e-02	1.27795575e+00	7.04381328e-01	5.73574419e-01
1073            	6.54118552e-02	3.23410437e-02	1.27802485e+00	7.04424278e-01	5.73600568e-01
1074            	6.54202010e-02	3.23404225e-02	1.27809381e+00	7.04467106e-01	5.73626704e-01
1075            	6.54285980e-02	3.23398338e-02	1.27816289e+00	7.04510044e-01	5.73652848e-01
1076            	6.54369908e-02	3.23392398e-02	1.27823194e+00	7.04552961e-01	5.73678979e-01
1077            	6.54454689e-02	3.23387031e-02	1.27830119e+00	7.04596062e-01	5.73705124e-01
1078            	6.54539492e-02	3.23381672e-02	1.27837040e+00	7.04639151e-01	5.73731253e-01
1079            	6.54623835e-02	3.23375943e-02	1.27843950e+00	7.04682133e-01	5.73757366e-01
1080            	6.54708690e-02	3.23370530e-02	1.27850872e+00	7.04725227e-01	5.73783489e-01
1081            	6.54805032e-02	3.23365682e-02	1.27858467e+00	7.04772838e-01	5.73811832e-01
1082            	6.54884457e-02	3.23360076e-02	1.27865098e+00	7.04813937e-01	5.73837046e-01
1083            	6.54964162e-02	3.23354378e-02	1.27871721e+00	7.04855022e-01	5.73862190e-01
1084            	6.55044660e-02	3.23348206e-02	1.27878385e+00	7.04896389e-01	5.73887457e-01
1085            	6.55127399e-02	3.23342384e-02	1.27885146e+00	7.04938470e-01	5.73912990e-01
1086            	6.55223277e-02	3.23337283e-02	1.27892671e+00	7.04985685e-01	5.73941030e-01
1087            	6.55304008e-02	3.23331774e-02	1.27899337e+00	7.05027085e-01	5.73966283e-01
1088            	6.55386111e-02	3.23326578e-02	1.27906061e+00	7.05068915e-01	5.73991693e-01
1089            	6.55480757e-02	3.23321900e-02	1.27913520e+00	7.05115678e-01	5.74019527e-01
1090            	6.55560341e-02	3.23316427e-02	1.27920120e+00	7.05156632e-01	5.74044564e-01
1091            	6.55652464e-02	3.23311693e-02	1.27927431e+00	7.05202402e-01	5.74071909e-01
1092            	6.55730609e-02	3.23306280e-02	1.27933919e+00	7.05242658e-01	5.74096537e-01
1093            	6.55821464e-02	3.23301667e-02	1.27941122e+00	7.05287754e-01	5.74123461e-01
1094            	6.55900013e-02	3.23296351e-02	1.27947596e+00	7.05327983e-01	5.74147980e-01
1095            	6.55990541e-02	3.23291022e-02	1.27954795e+00	7.05373031e-01	5.74174923e-01
1096            	6.56070513e-02	3.23285640e-02	1.27961354e+00	7.05413823e-01	5.74199721e-01
1097            	6.56162852e-02	3.23280760e-02	1.27968648e+00	7.05459523e-01	5.74226953e-01
1098            	6.56251815e-02	3.23275399e-02	1.27975768e+00	7.05504020e-01	5.74253658e-01
1099            	6.56331516e-02	3.23270643e-02	1.27982318e+00	7.05544743e-01	5.74278440e-01
1100            	6.56422954e-02	3.23265805e-02	1.27989556e+00	7.05590073e-01	5.74305482e-01
1101            	6.56511292e-02	3.23261007e-02	1.27996629e+00	7.05634272e-01	5.74332014e-01
1102            	6.56598388e-02	3.23256241e-02	1.28003599e+00	7.05677836e-01	5.74358158e-01
1103            	6.56676033e-02	3.23251269e-02	1.28010003e+00	7.05717619e-01	5.74382413e-01
1104            	6.56766920e-02	3.23246620e-02	1.28017152e+00	7.05762450e-01	5.74409066e-01
1105            	6.56855823e-02	3.23242285e-02	1.28024188e+00	7.05806523e-01	5.74435358e-01
1106            	6.56943167e-02	3.23237203e-02	1.28031157e+00	7.05850101e-01	5.74461468e-01
1107            	6.57030709e-02	3.23232934e-02	1.28038123e+00	7.05893687e-01	5.74487545e-01
1108            	6.57117201e-02	3.23228105e-02	1.28045035e+00	7.05936893e-01	5.74513453e-01
1109            	6.57203038e-02	3.23223138e-02	1.28051930e+00	7.05979953e-01	5.74539346e-01
1110            	6.57289098e-02	3.23218128e-02	1.28058813e+00	7.06022975e-01	5.74565155e-01
1111            	6.57375465e-02	3.23213394e-02	1.28065713e+00	7.06066113e-01	5.74591020e-01
1112            	6.57461350e-02	3.23207925e-02	1.28072598e+00	7.06109125e-01	5.74616855e-01
1113            	6.57548471e-02	3.23203386e-02	1.28079527e+00	7.06152480e-01	5.74642786e-01
1114            	6.57635657e-02	3.23198563e-02	1.28086454e+00	7.06195834e-01	5.74668703e-01
1115            	6.57724178e-02	3.23194851e-02	1.28093425e+00	7.06239543e-01	5.74694708e-01
1116            	6.57812575e-02	3.23190790e-02	1.28100388e+00	7.06283196e-01	5.74720681e-01
1117            	6.57900543e-02	3.23186626e-02	1.28107350e+00	7.06326803e-01	5.74746695e-01
1118            	6.57988754e-02	3.23182381e-02	1.28114309e+00	7.06370421e-01	5.74772670e-01
1119            	6.58076785e-02	3.23178256e-02	1.28121268e+00	7.06414021e-01	5.74798664e-01
1120            	6.58163891e-02	3.23173200e-02	1.28128196e+00	7.06457370e-01	5.74824592e-01
1121            	6.58251686e-02	3.23168877e-02	1.28135144e+00	7.06500886e-01	5.74850549e-01
1122            	6.58339198e-02	3.23164095e-02	1.28142073e+00	7.06544284e-01	5.74876445e-01
1123            	6.58426395e-02	3.23159312e-02	1.28149000e+00	7.06587638e-01	5.74902359e-01
1124            	6.58514197e-02	3.23154703e-02	1.28155931e+00	7.06631073e-01	5.74928234e-01
1125            	6.58602186e-02	3.23150488e-02	1.28162870e+00	7.06674568e-01	5.74954131e-01
1126            	6.58689604e-02	3.23145582e-02	1.28169788e+00	7.06717902e-01	5.74979981e-01
1127            	6.58777936e-02	3.23141576e-02	1.28176733e+00	7.06761461e-01	5.75005873e-01
1128            	6.58866103e-02	3.23137188e-02	1.28183667e+00	7.06804944e-01	5.75031723e-01
1129            	6.58953922e-02	3.23132779e-02	1.28190599e+00	7.06848385e-01	5.75057601e-01
1130            	6.59042306e-02	3.23128487e-02	1.28197537e+00	7.06891915e-01	5.75083454e-01
1131            	6.59130745e-02	3.23124493e-02	1.28204481e+00	7.06935479e-01	5.75109330e-01
1132            	6.59218515e-02	3.23119716e-02	1.28211403e+00	7.06978868e-01	5.75135165e-01
1133            	6.59307080e-02	3.23115760e-02	1.28218349e+00	7.07022452e-01	5.75161036e-01
1134            	6.59395429e-02	3.23111371e-02	1.28225281e+00	7.07065949e-01	5.75186864e-01
1135            	6.59483336e-02	3.23106920e-02	1.28232208e+00	7.07109373e-01	5.75212706e-01
1136            	6.59571796e-02	3.23102575e-02	1.28239140e+00	7.07152880e-01	5.75238521e-01
1137            	6.59660260e-02	3.23098520e-02	1.28246075e+00	7.07196399e-01	5.75264347e-01
1138            	6.59748098e-02	3.23093698e-02	1.28252989e+00	7.07239757e-01	5.75290137e-01
1139            	6.59836722e-02	3.23089707e-02	1.28259926e+00	7.07283301e-01	5.75315956e-01
1140            	6.59925206e-02	3.23085309e-02	1.28266853e+00	7.07326786e-01	5.75341744e-01
1141            	6.60013253e-02	3.23080860e-02	1.28273774e+00	7.07370196e-01	5.75367545e-01
1142            	6.60101912e-02	3.23076542e-02	1.28280704e+00	7.07413711e-01	5.75393329e-01
1143            	6.60190562e-02	3.23072514e-02	1.28287635e+00	7.07457233e-01	5.75419121e-01
1144            	6.60278596e-02	3.23067726e-02	1.28294548e+00	7.07500599e-01	5.75444880e-01
1145            	6.60367379e-02	3.23063752e-02	1.28301480e+00	7.07544139e-01	5.75470663e-01
1146            	6.60455984e-02	3.23059359e-02	1.28308402e+00	7.07587608e-01	5.75496412e-01
1147            	6.60544097e-02	3.23054881e-02	1.28315315e+00	7.07630986e-01	5.75522167e-01
1148            	6.60632785e-02	3.23050517e-02	1.28322236e+00	7.07674458e-01	5.75547901e-01
1149            	6.60721430e-02	3.23046411e-02	1.28329157e+00	7.07717927e-01	5.75573641e-01
1150            	6.60809365e-02	3.23041506e-02	1.28336054e+00	7.07761209e-01	5.75599336e-01
1151            	6.60898136e-02	3.23037433e-02	1.28342977e+00	7.07804697e-01	5.75625070e-01
1152            	6.60986675e-02	3.23032927e-02	1.28349886e+00	7.07848096e-01	5.75650761e-01
1153            	6.61074807e-02	3.23028363e-02	1.28356791e+00	7.07891434e-01	5.75676472e-01
1154            	6.61163475e-02	3.23023911e-02	1.28363700e+00	7.07934850e-01	5.75702155e-01
1155            	6.61252188e-02	3.23019749e-02	1.28370615e+00	7.07978294e-01	5.75727856e-01
1156            	6.61340200e-02	3.23014802e-02	1.28377507e+00	7.08021555e-01	5.75753515e-01
1157            	6.61429048e-02	3.23010682e-02	1.28384423e+00	7.08065021e-01	5.75779211e-01
1158            	6.61517649e-02	3.23006127e-02	1.28391326e+00	7.08108393e-01	5.75804863e-01
1159            	6.61605821e-02	3.23001492e-02	1.28398223e+00	7.08151698e-01	5.75830534e-01
1160            	6.61694498e-02	3.22996959e-02	1.28405124e+00	7.08195070e-01	5.75856170e-01
1161            	6.61783193e-02	3.22992689e-02	1.28412029e+00	7.08238462e-01	5.75881824e-01
1162            	6.61871153e-02	3.22987619e-02	1.28418909e+00	7.08281660e-01	5.75907429e-01
1163            	6.61959931e-02	3.22983356e-02	1.28425813e+00	7.08325056e-01	5.75933070e-01
1164            	6.62048438e-02	3.22978655e-02	1.28432702e+00	7.08368352e-01	5.75958665e-01
1165            	6.62136461e-02	3.22973834e-02	1.28439583e+00	7.08411563e-01	5.75984271e-01
1166            	6.62225071e-02	3.22969156e-02	1.28446473e+00	7.08454872e-01	5.76009858e-01
1167            	6.62313665e-02	3.22964716e-02	1.28453365e+00	7.08498191e-01	5.76035458e-01
1168            	6.62401585e-02	3.22959522e-02	1.28460236e+00	7.08541339e-01	5.76061021e-01
1169            	6.62490265e-02	3.22955106e-02	1.28467128e+00	7.08584664e-01	5.76086611e-01
1170            	6.62578734e-02	3.22950293e-02	1.28474007e+00	7.08627910e-01	5.76112163e-01
1171            	6.62666695e-02	3.22945346e-02	1.28480878e+00	7.08671061e-01	5.76137722e-01
1172            	6.62755216e-02	3.22940542e-02	1.28487756e+00	7.08714301e-01	5.76163258e-01
1173            	6.62843699e-02	3.22935953e-02	1.28494634e+00	7.08757542e-01	5.76188802e-01
1174            	6.62931495e-02	3.22930608e-02	1.28501491e+00	7.08800606e-01	5.76214307e-01
1175            	6.63020037e-02	3.22926014e-02	1.28508368e+00	7.08843845e-01	5.76239837e-01
1176            	6.63108367e-02	3.22921025e-02	1.28515234e+00	7.08887004e-01	5.76265331e-01
1177            	6.63196197e-02	3.22915889e-02	1.28522091e+00	7.08930073e-01	5.76290833e-01
1178            	6.63284593e-02	3.22910905e-02	1.28528955e+00	7.08973232e-01	5.76316314e-01
1179            	6.63372965e-02	3.22906129e-02	1.28535820e+00	7.09016398e-01	5.76341805e-01
1180            	6.63460662e-02	3.22900615e-02	1.28542665e+00	7.09059392e-01	5.76367259e-01
1181            	6.63549115e-02	3.22895846e-02	1.28549530e+00	7.09102563e-01	5.76392740e-01
1182            	6.63637343e-02	3.22890692e-02	1.28556383e+00	7.09145651e-01	5.76418183e-01
1183            	6.63725063e-02	3.22885376e-02	1.28563228e+00	7.09188647e-01	5.76443634e-01
1184            	6.63813311e-02	3.22880211e-02	1.28570078e+00	7.09231721e-01	5.76469059e-01
1185            	6.63901518e-02	3.22875232e-02	1.28576929e+00	7.09274798e-01	5.76494494e-01
1186            	6.63988998e-02	3.22869508e-02	1.28583757e+00	7.09317686e-01	5.76519886e-01
1187            	6.64077216e-02	3.22864508e-02	1.28590605e+00	7.09360746e-01	5.76545303e-01
1188            	6.64165165e-02	3.22859118e-02	1.28597438e+00	7.09403708e-01	5.76570675e-01
1189            	6.64252617e-02	3.22853554e-02	1.28604264e+00	7.09446582e-01	5.76596058e-01
1190            	6.64340580e-02	3.22848144e-02	1.28611094e+00	7.09489527e-01	5.76621412e-01
1191            	6.64428531e-02	3.22842915e-02	1.28617927e+00	7.09532487e-01	5.76646781e-01
1192            	6.64515752e-02	3.22836954e-02	1.28624736e+00	7.09575255e-01	5.76672104e-01
1193            	6.64603750e-02	3.22831719e-02	1.28631567e+00	7.09618208e-01	5.76697458e-01
1194            	6.64691479e-02	3.22826106e-02	1.28638383e+00	7.09661062e-01	5.76722766e-01
1195            	6.64778738e-02	3.22820320e-02	1.28645193e+00	7.09703838e-01	5.76748091e-01
1196            	6.64866492e-02	3.22814699e-02	1.28652006e+00	7.09746679e-01	5.76773381e-01
1197            	6.64954241e-02	3.22809250e-02	1.28658822e+00	7.09789537e-01	5.76798688e-01
1198            	6.65041219e-02	3.22803069e-02	1.28665613e+00	7.09832188e-01	5.76823945e-01
1199            	6.65128968e-02	3.22797596e-02	1.28672426e+00	7.09875026e-01	5.76849232e-01
1200            	6.65216411e-02	3.22791742e-02	1.28679222e+00	7.09917753e-01	5.76874470e-01
1201            	6.65303383e-02	3.22785698e-02	1.28686013e+00	7.09960402e-01	5.76899726e-01
1202            	6.65390820e-02	3.22779821e-02	1.28692805e+00	7.10003107e-01	5.76924943e-01
1203            	6.65478257e-02	3.22774101e-02	1.28699601e+00	7.10045830e-01	5.76950179e-01
1204            	6.65564926e-02	3.22767661e-02	1.28706371e+00	7.10088349e-01	5.76975364e-01
1205            	6.65652390e-02	3.22761920e-02	1.28713165e+00	7.10131063e-01	5.77000585e-01
1206            	6.65739563e-02	3.22755814e-02	1.28719943e+00	7.10173671e-01	5.77025758e-01
1207            	6.65826282e-02	3.22749513e-02	1.28726716e+00	7.10216208e-01	5.77050952e-01
1208            	6.65913467e-02	3.22743390e-02	1.28733491e+00	7.10258800e-01	5.77076107e-01
1209            	6.66000657e-02	3.22737418e-02	1.28740270e+00	7.10301414e-01	5.77101282e-01
1210            	6.66087057e-02	3.22730734e-02	1.28747022e+00	7.10343814e-01	5.77126403e-01
1211            	6.66174235e-02	3.22724733e-02	1.28753796e+00	7.10386403e-01	5.77151556e-01
1212            	6.66260986e-02	3.22718341e-02	1.28760547e+00	7.10428835e-01	5.77176637e-01
1213            	6.66347454e-02	3.22711782e-02	1.28767303e+00	7.10471259e-01	5.77201768e-01
1214            	6.66434240e-02	3.22705378e-02	1.28774052e+00	7.10513682e-01	5.77226834e-01
1215            	6.66521196e-02	3.22699155e-02	1.28780814e+00	7.10556188e-01	5.77251949e-01
1216            	6.66607225e-02	3.22692204e-02	1.28787541e+00	7.10598428e-01	5.77276983e-01
1217            	6.66694186e-02	3.22685966e-02	1.28794299e+00	7.10640914e-01	5.77302077e-01
1218            	6.66780679e-02	3.22679347e-02	1.28801032e+00	7.10683228e-01	5.77327092e-01
1219            	6.66866881e-02	3.22672552e-02	1.28807768e+00	7.10725530e-01	5.77352154e-01
1220            	6.66953373e-02	3.22665916e-02	1.28814497e+00	7.10767822e-01	5.77377147e-01
1221            	6.67040041e-02	3.22659446e-02	1.28821239e+00	7.10810198e-01	5.77402189e-01
1222            	6.67125770e-02	3.22652256e-02	1.28827945e+00	7.10852303e-01	5.77427149e-01
1223            	6.67212438e-02	3.22645762e-02	1.28834683e+00	7.10894657e-01	5.77452170e-01
1224            	6.67298625e-02	3.22638893e-02	1.28841394e+00	7.10936834e-01	5.77477109e-01
1225            	6.67384443e-02	3.22631807e-02	1.28848105e+00	7.10978970e-01	5.77502082e-01
1226            	6.67470679e-02	3.22624929e-02	1.28854815e+00	7.11021144e-01	5.77527009e-01
1227            	6.67556981e-02	3.22618173e-02	1.28861533e+00	7.11063363e-01	5.77551967e-01
1228            	6.67642470e-02	3.22610751e-02	1.28868222e+00	7.11105358e-01	5.77576864e-01
1229            	6.67728764e-02	3.22603974e-02	1.28874935e+00	7.11147554e-01	5.77601801e-01
1230            	6.67814689e-02	3.22596870e-02	1.28881629e+00	7.11189614e-01	5.77626676e-01
1231            	6.67900199e-02	3.22589533e-02	1.28888319e+00	7.11231616e-01	5.77651576e-01
1232            	6.67986080e-02	3.22582397e-02	1.28895006e+00	7.11273638e-01	5.77676422e-01
1233            	6.68072006e-02	3.22575365e-02	1.28901699e+00	7.11315696e-01	5.77701295e-01
1234            	6.68157094e-02	3.22567668e-02	1.28908362e+00	7.11357519e-01	5.77726100e-01
1235            	6.68242998e-02	3.22560607e-02	1.28915049e+00	7.11399545e-01	5.77750946e-01
1236            	6.68328531e-02	3.22553228e-02	1.28921716e+00	7.11441434e-01	5.77775728e-01
1237            	6.68413695e-02	3.22545624e-02	1.28928382e+00	7.11483280e-01	5.77800541e-01
1238            	6.68499241e-02	3.22538238e-02	1.28935045e+00	7.11525149e-01	5.77825301e-01
1239            	6.68584875e-02	3.22530961e-02	1.28941716e+00	7.11567070e-01	5.77850095e-01
1240            	6.68669684e-02	3.22523038e-02	1.28948359e+00	7.11608762e-01	5.77874825e-01
1241            	6.68753941e-02	3.22514724e-02	1.28954997e+00	7.11650380e-01	5.77899592e-01
1242            	6.68838587e-02	3.22506655e-02	1.28961632e+00	7.11692018e-01	5.77924301e-01
1243            	6.68923500e-02	3.22498825e-02	1.28968279e+00	7.11733744e-01	5.77949044e-01
1244            	6.69007790e-02	3.22490525e-02	1.28974899e+00	7.11775275e-01	5.77973717e-01
1245            	6.69091748e-02	3.22481996e-02	1.28981520e+00	7.11816777e-01	5.77998427e-01
1246            	6.69176230e-02	3.22473850e-02	1.28988138e+00	7.11858315e-01	5.78023069e-01
1247            	6.69261073e-02	3.22466007e-02	1.28994771e+00	7.11899960e-01	5.78047746e-01
1248            	6.69345256e-02	3.22457695e-02	1.29001374e+00	7.11941395e-01	5.78072344e-01
1249            	6.69430514e-02	3.22450173e-02	1.29008008e+00	7.11983093e-01	5.78096990e-01
1250            	6.69515410e-02	3.22442412e-02	1.29014620e+00	7.12024641e-01	5.78121559e-01
1251            	6.69599958e-02	3.22434402e-02	1.29021233e+00	7.12066160e-01	5.78146168e-01
1252            	6.69684766e-02	3.22426581e-02	1.29027837e+00	7.12107664e-01	5.78170710e-01
1253            	6.69769617e-02	3.22418783e-02	1.29034452e+00	7.12149223e-01	5.78195299e-01
1254            	6.69853437e-02	3.22410254e-02	1.29041031e+00	7.12190496e-01	5.78219809e-01
1255            	6.69936646e-02	3.22401245e-02	1.29047606e+00	7.12231696e-01	5.78244367e-01
1256            	6.70020159e-02	3.22392462e-02	1.29054175e+00	7.12272889e-01	5.78268857e-01
1257            	6.70104006e-02	3.22383902e-02	1.29060760e+00	7.12314200e-01	5.78293398e-01
1258            	6.70187180e-02	3.22374887e-02	1.29067315e+00	7.12355293e-01	5.78317857e-01
1259            	6.70270098e-02	3.22365652e-02	1.29073875e+00	7.12396383e-01	5.78342364e-01
1260            	6.70353542e-02	3.22356850e-02	1.29080429e+00	7.12437499e-01	5.78366790e-01
1261            	6.70437450e-02	3.22348374e-02	1.29087001e+00	7.12478752e-01	5.78391262e-01
1262            	6.70520656e-02	3.22339456e-02	1.29093542e+00	7.12519773e-01	5.78415642e-01
1263            	6.70605007e-02	3.22331335e-02	1.29100116e+00	7.12561079e-01	5.78440078e-01
1264            	6.70688947e-02	3.22322983e-02	1.29106664e+00	7.12602216e-01	5.78464427e-01
1265            	6.70772555e-02	3.22314355e-02	1.29113216e+00	7.12643334e-01	5.78488823e-01
1266            	6.70854886e-02	3.22304848e-02	1.29119724e+00	7.12684109e-01	5.78513132e-01
1267            	6.70938105e-02	3.22295915e-02	1.29126263e+00	7.12725127e-01	5.78537506e-01
1268            	6.71020926e-02	3.22286747e-02	1.29132779e+00	7.12765987e-01	5.78561802e-01
1269            	6.71103628e-02	3.22277437e-02	1.29139303e+00	7.12806878e-01	5.78586152e-01
1270            	6.71185329e-02	3.22267462e-02	1.29145790e+00	7.12847482e-01	5.78610416e-01
1271            	6.71268204e-02	3.22258281e-02	1.29152312e+00	7.12888382e-01	5.78634742e-01
1272            	6.71350875e-02	3.22249038e-02	1.29158813e+00	7.12929153e-01	5.78658978e-01
1273            	6.71433535e-02	3.22239738e-02	1.29165323e+00	7.12969969e-01	5.78683262e-01
1274            	6.71515183e-02	3.22229791e-02	1.29171794e+00	7.13010487e-01	5.78707450e-01
1275            	6.71597957e-02	3.22220600e-02	1.29178298e+00	7.13051288e-01	5.78731696e-01
1276            	6.71680433e-02	3.22211284e-02	1.29184779e+00	7.13091939e-01	5.78755852e-01
1277            	6.71762801e-02	3.22201831e-02	1.29191268e+00	7.13132618e-01	5.78780058e-01
1278            	6.71844083e-02	3.22191672e-02	1.29197716e+00	7.13172990e-01	5.78804173e-01
1279            	6.71926467e-02	3.22182234e-02	1.29204200e+00	7.13213646e-01	5.78828353e-01
1280            	6.72008552e-02	3.22172670e-02	1.29210661e+00	7.13254159e-01	5.78852449e-01
1281            	6.72090544e-02	3.22162969e-02	1.29217130e+00	7.13294707e-01	5.78876598e-01
1282            	6.72171467e-02	3.22152586e-02	1.29223561e+00	7.13334950e-01	5.78900657e-01
1283            	6.72253524e-02	3.22142944e-02	1.29230026e+00	7.13375484e-01	5.78924780e-01
1284            	6.72335293e-02	3.22133198e-02	1.29236469e+00	7.13415872e-01	5.78948814e-01
1285            	6.72416974e-02	3.22123320e-02	1.29242919e+00	7.13456292e-01	5.78972898e-01
1286            	6.72497573e-02	3.22112762e-02	1.29249329e+00	7.13496400e-01	5.78996886e-01
1287            	6.72579306e-02	3.22102943e-02	1.29255773e+00	7.13536796e-01	5.79020935e-01
1288            	6.72660738e-02	3.22093018e-02	1.29262193e+00	7.13577041e-01	5.79044894e-01
1289            	6.72742071e-02	3.22082947e-02	1.29268622e+00	7.13617316e-01	5.79068902e-01
1290            	6.72822319e-02	3.22072195e-02	1.29275010e+00	7.13657282e-01	5.79092818e-01
1291            	6.72903706e-02	3.22062178e-02	1.29281433e+00	7.13697537e-01	5.79116796e-01
1292            	6.72984796e-02	3.22052061e-02	1.29287833e+00	7.13737646e-01	5.79140686e-01
1293            	6.73065792e-02	3.22041795e-02	1.29294241e+00	7.13777786e-01	5.79164628e-01
1294            	6.73145702e-02	3.22030856e-02	1.29300609e+00	7.13817615e-01	5.79188475e-01
1295            	6.73226757e-02	3.22020651e-02	1.29307012e+00	7.13857737e-01	5.79212386e-01
1296            	6.73307513e-02	3.22010352e-02	1.29313392e+00	7.13897710e-01	5.79236208e-01
1297            	6.73388169e-02	3.21999894e-02	1.29319779e+00	7.13937714e-01	5.79260080e-01
1298            	6.73467732e-02	3.21988763e-02	1.29326127e+00	7.13977406e-01	5.79283859e-01
1299            	6.73548437e-02	3.21978359e-02	1.29332509e+00	7.14017389e-01	5.79307702e-01
1300            	6.73628840e-02	3.21967863e-02	1.29338868e+00	7.14057223e-01	5.79331455e-01
1301            	6.73709140e-02	3.21957203e-02	1.29345235e+00	7.14097088e-01	5.79355260e-01
1302            	6.73788342e-02	3.21945873e-02	1.29351561e+00	7.14136639e-01	5.79378971e-01
1303            	6.73868685e-02	3.21935267e-02	1.29357923e+00	7.14176481e-01	5.79402744e-01
1304            	6.73948715e-02	3.21924573e-02	1.29364260e+00	7.14216170e-01	5.79426427e-01
1305            	6.74028627e-02	3.21913708e-02	1.29370604e+00	7.14255883e-01	5.79450158e-01
1306            	6.74107428e-02	3.21902172e-02	1.29376907e+00	7.14295279e-01	5.79473794e-01
1307            	6.74187364e-02	3.21891353e-02	1.29383245e+00	7.14334964e-01	5.79497491e-01
1308            	6.74266988e-02	3.21880445e-02	1.29389560e+00	7.14374498e-01	5.79521100e-01
1309            	6.74346500e-02	3.21869357e-02	1.29395882e+00	7.14414060e-01	5.79544760e-01
1310            	6.74424903e-02	3.21857601e-02	1.29402163e+00	7.14453308e-01	5.79568327e-01
1311            	6.74504441e-02	3.21846561e-02	1.29408480e+00	7.14492843e-01	5.79591955e-01
1312            	6.74583666e-02	3.21835440e-02	1.29414772e+00	7.14532227e-01	5.79615494e-01
1313            	6.74662764e-02	3.21824134e-02	1.29421071e+00	7.14571634e-01	5.79639081e-01
1314            	6.74740749e-02	3.21812163e-02	1.29427330e+00	7.14610724e-01	5.79662574e-01
1315            	6.74819869e-02	3.21800903e-02	1.29433623e+00	7.14650101e-01	5.79686127e-01
1316            	6.74898685e-02	3.21789569e-02	1.29439892e+00	7.14689330e-01	5.79709593e-01
1317            	6.74977377e-02	3.21778045e-02	1.29446169e+00	7.14728583e-01	5.79733108e-01
1318            	6.75054965e-02	3.21765861e-02	1.29452405e+00	7.14767523e-01	5.79756530e-01
1319            	6.75133684e-02	3.21754387e-02	1.29458676e+00	7.14806749e-01	5.79780012e-01
1320            	6.75212101e-02	3.21742845e-02	1.29464923e+00	7.14845826e-01	5.79803406e-01
1321            	6.75290382e-02	3.21731108e-02	1.29471177e+00	7.14884923e-01	5.79826847e-01
1322            	6.75367555e-02	3.21718716e-02	1.29477390e+00	7.14923705e-01	5.79850194e-01
1323            	6.75445852e-02	3.21707028e-02	1.29483637e+00	7.14962770e-01	5.79873600e-01
1324            	6.75523853e-02	3.21695276e-02	1.29489861e+00	7.15001690e-01	5.79896920e-01
1325            	6.75601704e-02	3.21683321e-02	1.29496091e+00	7.15040625e-01	5.79920284e-01
1326            	6.75678451e-02	3.21670715e-02	1.29502281e+00	7.15079248e-01	5.79943558e-01
1327            	6.75756311e-02	3.21658808e-02	1.29508504e+00	7.15118149e-01	5.79966887e-01
1328            	6.75833882e-02	3.21646842e-02	1.29514704e+00	7.15156909e-01	5.79990133e-01
1329            	6.75911298e-02	3.21634668e-02	1.29520910e+00	7.15195682e-01	5.80013422e-01
1330            	6.75987619e-02	3.21621849e-02	1.29527077e+00	7.15234147e-01	5.80036623e-01
1331            	6.76065049e-02	3.21609725e-02	1.29533277e+00	7.15272888e-01	5.80059878e-01
1332            	6.76142194e-02	3.21597548e-02	1.29539454e+00	7.15311489e-01	5.80083050e-01
1333            	6.76219173e-02	3.21585159e-02	1.29545636e+00	7.15350097e-01	5.80106263e-01
1334            	6.76295066e-02	3.21572130e-02	1.29551779e+00	7.15388401e-01	5.80129388e-01
1335            	6.76372059e-02	3.21559791e-02	1.29557954e+00	7.15426977e-01	5.80152566e-01
1336            	6.76448782e-02	3.21547404e-02	1.29564108e+00	7.15465419e-01	5.80175663e-01
1337            	6.76525342e-02	3.21534800e-02	1.29570267e+00	7.15503871e-01	5.80198803e-01
1338            	6.76600834e-02	3.21521565e-02	1.29576388e+00	7.15542024e-01	5.80221858e-01
1339            	6.76677418e-02	3.21509016e-02	1.29582541e+00	7.15580447e-01	5.80244964e-01
1340            	6.76753728e-02	3.21496424e-02	1.29588672e+00	7.15618735e-01	5.80267989e-01
1341            	6.76829852e-02	3.21483612e-02	1.29594807e+00	7.15657022e-01	5.80291052e-01
1342            	6.76904663e-02	3.21470164e-02	1.29600889e+00	7.15694911e-01	5.80313979e-01
1343            	6.76980982e-02	3.21457396e-02	1.29607028e+00	7.15733237e-01	5.80337040e-01
1344            	6.77056977e-02	3.21444607e-02	1.29613142e+00	7.15771407e-01	5.80360012e-01
1345            	6.77132708e-02	3.21431604e-02	1.29619255e+00	7.15809546e-01	5.80383004e-01
1346            	6.77207091e-02	3.21417969e-02	1.29625313e+00	7.15847272e-01	5.80405854e-01
1347            	6.77282945e-02	3.21405004e-02	1.29631425e+00	7.15885420e-01	5.80428831e-01
1348            	6.77358476e-02	3.21392011e-02	1.29637513e+00	7.15923413e-01	5.80451718e-01
1349            	6.77433740e-02	3.21378795e-02	1.29643600e+00	7.15961373e-01	5.80474625e-01
1350            	6.77507667e-02	3.21364952e-02	1.29649632e+00	7.15998925e-01	5.80497391e-01
1351            	6.77583065e-02	3.21351771e-02	1.29655718e+00	7.16036898e-01	5.80520285e-01
1352            	6.77658165e-02	3.21338573e-02	1.29661782e+00	7.16074726e-01	5.80543093e-01
1353            	6.77733004e-02	3.21325155e-02	1.29667845e+00	7.16112523e-01	5.80565922e-01
1354            	6.77806534e-02	3.21311125e-02	1.29673854e+00	7.16149921e-01	5.80588614e-01
1355            	6.77881529e-02	3.21297758e-02	1.29679917e+00	7.16187738e-01	5.80611432e-01
1356            	6.77956241e-02	3.21284383e-02	1.29685958e+00	7.16225416e-01	5.80634168e-01
1357            	6.78030684e-02	3.21270786e-02	1.29691998e+00	7.16263058e-01	5.80656921e-01
1358            	6.78103575e-02	3.21256546e-02	1.29697969e+00	7.16300205e-01	5.80679490e-01
1359            	6.78176729e-02	3.21241842e-02	1.29703984e+00	7.16337595e-01	5.80702249e-01
1360            	6.78250450e-02	3.21227774e-02	1.29709994e+00	7.16375017e-01	5.80724927e-01
1361            	6.78324548e-02	3.21214015e-02	1.29716013e+00	7.16412522e-01	5.80747612e-01
1362            	6.78397549e-02	3.21199994e-02	1.29721972e+00	7.16449614e-01	5.80770104e-01
1363            	6.78471013e-02	3.21185685e-02	1.29727975e+00	7.16486978e-01	5.80792775e-01
1364            	6.78545025e-02	3.21172000e-02	1.29733973e+00	7.16524367e-01	5.80815363e-01
1365            	6.78619201e-02	3.21158473e-02	1.29739974e+00	7.16561792e-01	5.80837951e-01
1366            	6.78692016e-02	3.21144488e-02	1.29745910e+00	7.16598749e-01	5.80860346e-01
1367            	6.78765032e-02	3.21130015e-02	1.29751885e+00	7.16635926e-01	5.80882920e-01
1368            	6.78838440e-02	3.21116028e-02	1.29757853e+00	7.16673108e-01	5.80905420e-01
1369            	6.78911929e-02	3.21102122e-02	1.29763824e+00	7.16710313e-01	5.80927927e-01
1370            	6.78984592e-02	3.21087808e-02	1.29769762e+00	7.16747267e-01	5.80950349e-01
1371            	6.79056663e-02	3.21073016e-02	1.29775690e+00	7.16784117e-01	5.80972785e-01
1372            	6.79127184e-02	3.21057546e-02	1.29781553e+00	7.16820486e-01	5.80995049e-01
1373            	6.79199709e-02	3.21042853e-02	1.29787497e+00	7.16857455e-01	5.81017513e-01
1374            	6.79272267e-02	3.21028379e-02	1.29793427e+00	7.16894363e-01	5.81039910e-01
1375            	6.79344741e-02	3.21013875e-02	1.29799356e+00	7.16931256e-01	5.81062308e-01
1376            	6.79416366e-02	3.20998960e-02	1.29805251e+00	7.16967893e-01	5.81084620e-01
1377            	6.79487425e-02	3.20983618e-02	1.29811135e+00	7.17004418e-01	5.81106933e-01
1378            	6.79559186e-02	3.20968925e-02	1.29817020e+00	7.17041017e-01	5.81129180e-01
1379            	6.79631340e-02	3.20954468e-02	1.29822915e+00	7.17077711e-01	5.81151443e-01
1380            	6.79702696e-02	3.20939711e-02	1.29828772e+00	7.17114127e-01	5.81173588e-01
1381            	6.79773728e-02	3.20924542e-02	1.29834630e+00	7.17150524e-01	5.81195779e-01
1382            	6.79845848e-02	3.20910011e-02	1.29840518e+00	7.17187174e-01	5.81218005e-01
1383            	6.79917812e-02	3.20895569e-02	1.29846393e+00	7.17223744e-01	5.81240182e-01
1384            	6.79989159e-02	3.20880758e-02	1.29852247e+00	7.17260149e-01	5.81262318e-01
1385            	6.80060166e-02	3.20865471e-02	1.29858108e+00	7.17296558e-01	5.81284525e-01
1386            	6.80129713e-02	3.20849508e-02	1.29863913e+00	7.17332536e-01	5.81306593e-01
1387            	6.80200316e-02	3.20834239e-02	1.29869743e+00	7.17368746e-01	5.81328683e-01
1388            	6.80271025e-02	3.20819130e-02	1.29875566e+00	7.17404931e-01	5.81350726e-01
1389            	6.80341662e-02	3.20803920e-02	1.29881389e+00	7.17441110e-01	5.81372778e-01
1390            	6.80411611e-02	3.20788305e-02	1.29887188e+00	7.17477099e-01	5.81394777e-01
1391            	6.80481017e-02	3.20772260e-02	1.29892976e+00	7.17512984e-01	5.81416781e-01
1392            	6.80551276e-02	3.20756934e-02	1.29898774e+00	7.17548996e-01	5.81438741e-01
1393            	6.80621911e-02	3.20741871e-02	1.29904580e+00	7.17585089e-01	5.81460707e-01
1394            	6.80692109e-02	3.20726606e-02	1.29910366e+00	7.17621043e-01	5.81482621e-01
1395            	6.80761773e-02	3.20710937e-02	1.29916142e+00	7.17656888e-01	5.81504533e-01
1396            	6.80830514e-02	3.20694696e-02	1.29921889e+00	7.17692496e-01	5.81526394e-01
1397            	6.80900288e-02	3.20679178e-02	1.29927659e+00	7.17728322e-01	5.81548264e-01
1398            	6.80970138e-02	3.20663819e-02	1.29933421e+00	7.17764118e-01	5.81570090e-01
1399            	6.81039791e-02	3.20648305e-02	1.29939179e+00	7.17799875e-01	5.81591917e-01
1400            	6.81108683e-02	3.20632334e-02	1.29944912e+00	7.17835430e-01	5.81613694e-01
1401            	6.81176916e-02	3.20615866e-02	1.29950632e+00	7.17870852e-01	5.81635468e-01
1402            	6.81245995e-02	3.20600097e-02	1.29956361e+00	7.17906405e-01	5.81657206e-01
1403            	6.81315410e-02	3.20584570e-02	1.29962097e+00	7.17942027e-01	5.81678945e-01
1404            	6.81384425e-02	3.20568854e-02	1.29967816e+00	7.17977522e-01	5.81700637e-01
1405            	6.81452900e-02	3.20552743e-02	1.29973522e+00	7.18012901e-01	5.81722321e-01
1406            	6.81520511e-02	3.20536089e-02	1.29979202e+00	7.18048062e-01	5.81743960e-01
1407            	6.81589172e-02	3.20520184e-02	1.29984904e+00	7.18083437e-01	5.81765603e-01
1408            	6.81657962e-02	3.20504468e-02	1.29990600e+00	7.18118798e-01	5.81787206e-01
1409            	6.81726538e-02	3.20488602e-02	1.29996291e+00	7.18154110e-01	5.81808802e-01
1410            	6.81794380e-02	3.20472290e-02	1.30001958e+00	7.18189230e-01	5.81830354e-01
1411            	6.81861533e-02	3.20455472e-02	1.30007610e+00	7.18224205e-01	5.81851898e-01
1412            	6.81929561e-02	3.20439363e-02	1.30013273e+00	7.18259323e-01	5.81873411e-01
1413            	6.81997890e-02	3.20423485e-02	1.30018941e+00	7.18294496e-01	5.81894918e-01
1414            	6.82065840e-02	3.20407420e-02	1.30024594e+00	7.18329553e-01	5.81916385e-01
1415            	6.82133217e-02	3.20390950e-02	1.30030232e+00	7.18364482e-01	5.81937839e-01
1416            	6.82199753e-02	3.20373943e-02	1.30035845e+00	7.18399202e-01	5.81959251e-01
1417            	6.82267319e-02	3.20357684e-02	1.30041479e+00	7.18434126e-01	5.81980663e-01
1418            	6.82335042e-02	3.20341628e-02	1.30047109e+00	7.18469047e-01	5.82002038e-01
1419            	6.82402522e-02	3.20325418e-02	1.30052730e+00	7.18503904e-01	5.82023400e-01
1420            	6.82469297e-02	3.20308774e-02	1.30058330e+00	7.18538581e-01	5.82044722e-01
1421            	6.82535354e-02	3.20291621e-02	1.30063913e+00	7.18573099e-01	5.82066028e-01
1422            	6.82602326e-02	3.20275191e-02	1.30069508e+00	7.18607774e-01	5.82087309e-01
1423            	6.82669570e-02	3.20258988e-02	1.30075107e+00	7.18642492e-01	5.82108578e-01
1424            	6.82736465e-02	3.20242607e-02	1.30080692e+00	7.18677106e-01	5.82129813e-01
1425            	6.82802754e-02	3.20225812e-02	1.30086261e+00	7.18711579e-01	5.82151028e-01
1426            	6.82868233e-02	3.20208488e-02	1.30091807e+00	7.18745856e-01	5.82172210e-01
1427            	6.82934710e-02	3.20191905e-02	1.30097371e+00	7.18780325e-01	5.82193383e-01
1428            	6.83001375e-02	3.20175532e-02	1.30102933e+00	7.18814803e-01	5.82214528e-01
1429            	6.83067762e-02	3.20158997e-02	1.30108486e+00	7.18849204e-01	5.82235652e-01
1430            	6.83133470e-02	3.20142034e-02	1.30114018e+00	7.18883436e-01	5.82256742e-01
1431            	6.83198430e-02	3.20124556e-02	1.30119531e+00	7.18917496e-01	5.82277810e-01
1432            	6.83264331e-02	3.20107810e-02	1.30125058e+00	7.18951725e-01	5.82298859e-01
1433            	6.83330477e-02	3.20091284e-02	1.30130588e+00	7.18985985e-01	5.82319890e-01
1434            	6.83396302e-02	3.20074589e-02	1.30136104e+00	7.19020152e-01	5.82340892e-01
1435            	6.83461499e-02	3.20057478e-02	1.30141604e+00	7.19054170e-01	5.82361870e-01
1436            	6.83525909e-02	3.20039845e-02	1.30147082e+00	7.19088000e-01	5.82382818e-01
1437            	6.83591295e-02	3.20022951e-02	1.30152577e+00	7.19122013e-01	5.82403754e-01
1438            	6.83656887e-02	3.20006272e-02	1.30158071e+00	7.19156042e-01	5.82424665e-01
1439            	6.83722184e-02	3.19989429e-02	1.30163554e+00	7.19189988e-01	5.82445551e-01
1440            	6.83786823e-02	3.19972165e-02	1.30169018e+00	7.19223772e-01	5.82466407e-01
1441            	6.83850700e-02	3.19954385e-02	1.30174462e+00	7.19257378e-01	5.82487238e-01
1442            	6.83915527e-02	3.19937337e-02	1.30179921e+00	7.19291156e-01	5.82508051e-01
1443            	6.83980579e-02	3.19920508e-02	1.30185380e+00	7.19324959e-01	5.82528844e-01
1444            	6.84045321e-02	3.19903513e-02	1.30190828e+00	7.19358673e-01	5.82549608e-01
1445            	6.84109425e-02	3.19886104e-02	1.30196258e+00	7.19392232e-01	5.82570347e-01
1446            	6.84172755e-02	3.19868178e-02	1.30201666e+00	7.19425607e-01	5.82591056e-01
1447            	6.84237040e-02	3.19850988e-02	1.30207091e+00	7.19459159e-01	5.82611750e-01
1448            	6.84301537e-02	3.19834013e-02	1.30212515e+00	7.19492729e-01	5.82632421e-01
1449            	6.84365731e-02	3.19816878e-02	1.30217928e+00	7.19526212e-01	5.82653066e-01
1450            	6.84429280e-02	3.19799327e-02	1.30223322e+00	7.19559538e-01	5.82673682e-01
1451            	6.84492067e-02	3.19781265e-02	1.30228696e+00	7.19592686e-01	5.82694272e-01
1452            	6.84555799e-02	3.19763933e-02	1.30234085e+00	7.19626005e-01	5.82714845e-01
1453            	6.84619747e-02	3.19746818e-02	1.30239474e+00	7.19659346e-01	5.82735396e-01
1454            	6.84683390e-02	3.19729543e-02	1.30244852e+00	7.19692599e-01	5.82755921e-01
1455            	6.84746397e-02	3.19711856e-02	1.30250212e+00	7.19725697e-01	5.82776418e-01
1456            	6.84808644e-02	3.19693662e-02	1.30255550e+00	7.19758617e-01	5.82796888e-01
1457            	6.84871831e-02	3.19676198e-02	1.30260905e+00	7.19791707e-01	5.82817341e-01
1458            	6.84935223e-02	3.19658948e-02	1.30266259e+00	7.19824816e-01	5.82837771e-01
1459            	6.84998310e-02	3.19641539e-02	1.30271601e+00	7.19857836e-01	5.82858175e-01
1460            	6.85060758e-02	3.19623721e-02	1.30276925e+00	7.19890701e-01	5.82878549e-01
1461            	6.85122452e-02	3.19605399e-02	1.30282228e+00	7.19923387e-01	5.82898897e-01
1462            	6.85185077e-02	3.19587804e-02	1.30287547e+00	7.19956243e-01	5.82919228e-01
1463            	6.85247909e-02	3.19570424e-02	1.30292865e+00	7.19989117e-01	5.82939535e-01
1464            	6.85310437e-02	3.19552887e-02	1.30298172e+00	7.20021904e-01	5.82959816e-01
1465            	6.85372332e-02	3.19534944e-02	1.30303460e+00	7.20054535e-01	5.82980069e-01
1466            	6.85433472e-02	3.19516500e-02	1.30308728e+00	7.20086988e-01	5.83000294e-01
1467            	6.85495536e-02	3.19498778e-02	1.30314011e+00	7.20119609e-01	5.83020501e-01
1468            	6.85557801e-02	3.19481268e-02	1.30319293e+00	7.20152246e-01	5.83040686e-01
1469            	6.85619761e-02	3.19463601e-02	1.30324564e+00	7.20184796e-01	5.83060844e-01
1470            	6.85681088e-02	3.19445529e-02	1.30329816e+00	7.20217191e-01	5.83080974e-01
1471            	6.85741662e-02	3.19426958e-02	1.30335048e+00	7.20249408e-01	5.83101076e-01
1472            	6.85803155e-02	3.19409105e-02	1.30340295e+00	7.20281792e-01	5.83121161e-01
1473            	6.85864849e-02	3.19391466e-02	1.30345542e+00	7.20314194e-01	5.83141224e-01
1474            	6.85926241e-02	3.19373673e-02	1.30350777e+00	7.20346508e-01	5.83161260e-01
1475            	6.85987005e-02	3.19355481e-02	1.30355994e+00	7.20378668e-01	5.83181267e-01
1476            	6.86047021e-02	3.19336797e-02	1.30361190e+00	7.20410651e-01	5.83201247e-01
1477            	6.86107950e-02	3.19318830e-02	1.30366401e+00	7.20442799e-01	5.83221209e-01
1478            	6.86169078e-02	3.19301077e-02	1.30371611e+00	7.20474963e-01	5.83241147e-01
1479            	6.86229908e-02	3.19283174e-02	1.30376810e+00	7.20507040e-01	5.83261059e-01
1480            	6.86290115e-02	3.19264876e-02	1.30381991e+00	7.20538965e-01	5.83280942e-01
1481            	6.86349581e-02	3.19246089e-02	1.30387151e+00	7.20570714e-01	5.83300798e-01
1482            	6.86409954e-02	3.19228017e-02	1.30392326e+00	7.20602627e-01	5.83320636e-01
1483            	6.86470522e-02	3.19210157e-02	1.30397501e+00	7.20634556e-01	5.83340451e-01
1484            	6.86530791e-02	3.19192147e-02	1.30402664e+00	7.20666397e-01	5.83360239e-01
1485            	6.86590436e-02	3.19173743e-02	1.30407808e+00	7.20698086e-01	5.83379998e-01
1486            	6.86649340e-02	3.19154852e-02	1.30412933e+00	7.20729598e-01	5.83399730e-01
1487            	6.86709141e-02	3.19136669e-02	1.30418072e+00	7.20761272e-01	5.83419443e-01
1488            	6.86769132e-02	3.19118697e-02	1.30423209e+00	7.20792960e-01	5.83439133e-01
1489            	6.86828822e-02	3.19100572e-02	1.30428336e+00	7.20824560e-01	5.83458796e-01
1490            	6.86887891e-02	3.19082056e-02	1.30433444e+00	7.20856008e-01	5.83478430e-01
1491            	6.86946220e-02	3.19063056e-02	1.30438532e+00	7.20887280e-01	5.83498036e-01
1492            	6.87005443e-02	3.19044762e-02	1.30443634e+00	7.20918713e-01	5.83517624e-01
1493            	6.87064859e-02	3.19026680e-02	1.30448735e+00	7.20950160e-01	5.83537189e-01
1494            	6.87123978e-02	3.19008450e-02	1.30453825e+00	7.20981522e-01	5.83556726e-01
1495            	6.87182482e-02	3.18989834e-02	1.30458897e+00	7.21012731e-01	5.83576235e-01
1496            	6.87240253e-02	3.18970739e-02	1.30463948e+00	7.21043767e-01	5.83595716e-01
1497            	6.87297347e-02	3.18951201e-02	1.30468981e+00	7.21074641e-01	5.83615171e-01
1498            	6.87355510e-02	3.18932502e-02	1.30474032e+00	7.21105711e-01	5.83634609e-01
1499            	6.87414073e-02	3.18914172e-02	1.30479086e+00	7.21136838e-01	5.83654024e-01
1500            	6.87472516e-02	3.18895834e-02	1.30484132e+00	7.21167914e-01	5.83673410e-01
1501            	6.87530457e-02	3.18877202e-02	1.30489163e+00	7.21198858e-01	5.83692767e-01
1502            	6.87587705e-02	3.18858130e-02	1.30494173e+00	7.21229634e-01	5.83712093e-01
1503            	6.87645825e-02	3.18839758e-02	1.30499196e+00	7.21260564e-01	5.83731399e-01
1504            	6.87704080e-02	3.18821559e-02	1.30504218e+00	7.21291496e-01	5.83750680e-01
1505            	6.87761969e-02	3.18803161e-02	1.30509226e+00	7.21322328e-01	5.83769934e-01
1506            	6.87819181e-02	3.18784330e-02	1.30514216e+00	7.21352996e-01	5.83789160e-01
1507            	6.87875617e-02	3.18764985e-02	1.30519184e+00	7.21383483e-01	5.83808359e-01
1508            	6.87932914e-02	3.18746325e-02	1.30524167e+00	7.21414124e-01	5.83827541e-01
1509            	6.87990402e-02	3.18727876e-02	1.30529148e+00	7.21444781e-01	5.83846700e-01
1510            	6.88047611e-02	3.18709296e-02	1.30534119e+00	7.21475355e-01	5.83865833e-01
1511            	6.88104233e-02	3.18690353e-02	1.30539072e+00	7.21505783e-01	5.83884936e-01
1512            	6.88160152e-02	3.18670955e-02	1.30544005e+00	7.21536041e-01	5.83904011e-01
1513            	6.88216963e-02	3.18652270e-02	1.30548952e+00	7.21566459e-01	5.83923066e-01
1514            	6.88273971e-02	3.18633804e-02	1.30553899e+00	7.21596891e-01	5.83942097e-01
1515            	6.88330690e-02	3.18615200e-02	1.30558834e+00	7.21627237e-01	5.83961099e-01
1516            	6.88386799e-02	3.18596217e-02	1.30563750e+00	7.21657432e-01	5.83980073e-01
1517            	6.88442180e-02	3.18576761e-02	1.30568647e+00	7.21687453e-01	5.83999017e-01
1518            	6.88498418e-02	3.18557991e-02	1.30573557e+00	7.21717626e-01	5.84017943e-01
1519            	6.88554833e-02	3.18539426e-02	1.30578466e+00	7.21747811e-01	5.84036845e-01
1520            	6.88610952e-02	3.18520717e-02	1.30583363e+00	7.21777910e-01	5.84055719e-01
1521            	6.88666470e-02	3.18501634e-02	1.30588242e+00	7.21807859e-01	5.84074565e-01
1522            	6.88721275e-02	3.18482090e-02	1.30593102e+00	7.21837638e-01	5.84093383e-01
1523            	6.88776938e-02	3.18463234e-02	1.30597975e+00	7.21867569e-01	5.84112182e-01
1524            	6.88832786e-02	3.18444587e-02	1.30602847e+00	7.21897514e-01	5.84130956e-01
1525            	6.88888348e-02	3.18425806e-02	1.30607708e+00	7.21927373e-01	5.84149703e-01
1526            	6.88943317e-02	3.18406659e-02	1.30612550e+00	7.21957084e-01	5.84168421e-01
1527            	6.88997580e-02	3.18387058e-02	1.30617373e+00	7.21986625e-01	5.84187109e-01
1528            	6.89052690e-02	3.18368139e-02	1.30622209e+00	7.22016316e-01	5.84205778e-01
1529            	6.89107977e-02	3.18349426e-02	1.30627044e+00	7.22046017e-01	5.84224422e-01
1530            	6.89162975e-02	3.18330577e-02	1.30631867e+00	7.22075633e-01	5.84243038e-01
1531            	6.89217381e-02	3.18311363e-02	1.30636673e+00	7.22105102e-01	5.84261626e-01
1532            	6.89271084e-02	3.18291697e-02	1.30641459e+00	7.22134401e-01	5.84280185e-01
1533            	6.89325623e-02	3.18272707e-02	1.30646257e+00	7.22163848e-01	5.84298723e-01
1534            	6.89380335e-02	3.18253922e-02	1.30651054e+00	7.22193305e-01	5.84317238e-01
1535            	6.89434761e-02	3.18235001e-02	1.30655840e+00	7.22222676e-01	5.84335724e-01
1536            	6.89488600e-02	3.18215720e-02	1.30660608e+00	7.22251902e-01	5.84354182e-01
1537            	6.89541741e-02	3.18195990e-02	1.30665357e+00	7.22280959e-01	5.84372611e-01
1538            	6.89595716e-02	3.18176933e-02	1.30670118e+00	7.22310163e-01	5.84391020e-01
1539            	6.89649865e-02	3.18158081e-02	1.30674878e+00	7.22339379e-01	5.84409406e-01
1540            	6.89703729e-02	3.18139097e-02	1.30679627e+00	7.22368509e-01	5.84427763e-01
1541            	6.89757013e-02	3.18119758e-02	1.30684359e+00	7.22397495e-01	5.84446092e-01
1542            	6.89809604e-02	3.18099977e-02	1.30689071e+00	7.22426313e-01	5.84464392e-01
1543            	6.89863020e-02	3.18080864e-02	1.30693795e+00	7.22455276e-01	5.84482672e-01
1544            	6.89916605e-02	3.18061955e-02	1.30698517e+00	7.22484248e-01	5.84500927e-01
1545            	6.89969906e-02	3.18042915e-02	1.30703229e+00	7.22513135e-01	5.84519154e-01
1546            	6.90022630e-02	3.18023523e-02	1.30707923e+00	7.22541878e-01	5.84537352e-01
1547            	6.90074665e-02	3.18003692e-02	1.30712597e+00	7.22570454e-01	5.84555521e-01
1548            	6.90127514e-02	3.17984523e-02	1.30717284e+00	7.22599171e-01	5.84573669e-01
1549            	6.90180528e-02	3.17965555e-02	1.30721969e+00	7.22627897e-01	5.84591792e-01
1550            	6.90233262e-02	3.17946458e-02	1.30726643e+00	7.22656540e-01	5.84609888e-01
1551            	6.90285425e-02	3.17927013e-02	1.30731299e+00	7.22685039e-01	5.84627954e-01
1552            	6.90336907e-02	3.17907134e-02	1.30735937e+00	7.22713374e-01	5.84645992e-01
1553            	6.90389196e-02	3.17887914e-02	1.30740586e+00	7.22741849e-01	5.84664010e-01
1554            	6.90441653e-02	3.17868896e-02	1.30745234e+00	7.22770333e-01	5.84682003e-01
1555            	6.90493834e-02	3.17849753e-02	1.30749870e+00	7.22798735e-01	5.84699969e-01
1556            	6.90545449e-02	3.17830268e-02	1.30754490e+00	7.22826995e-01	5.84717905e-01
1557            	6.90596391e-02	3.17810353e-02	1.30759091e+00	7.22855092e-01	5.84735814e-01
1558            	6.90648130e-02	3.17791093e-02	1.30763703e+00	7.22883326e-01	5.84753701e-01
1559            	6.90700029e-02	3.17772033e-02	1.30768313e+00	7.22911568e-01	5.84771562e-01
1560            	6.90751651e-02	3.17752849e-02	1.30772912e+00	7.22939726e-01	5.84789396e-01
1561            	6.90802712e-02	3.17733325e-02	1.30777494e+00	7.22967743e-01	5.84807201e-01
1562            	6.90853104e-02	3.17713376e-02	1.30782058e+00	7.22995598e-01	5.84824977e-01
1563            	6.90904288e-02	3.17694074e-02	1.30786632e+00	7.23023590e-01	5.84842733e-01
1564            	6.90955633e-02	3.17674970e-02	1.30791206e+00	7.23051591e-01	5.84860464e-01
1565            	6.91006706e-02	3.17655744e-02	1.30795768e+00	7.23079510e-01	5.84878168e-01
1566            	6.91057221e-02	3.17636182e-02	1.30800313e+00	7.23107287e-01	5.84895843e-01
1567            	6.91107071e-02	3.17616201e-02	1.30804839e+00	7.23134903e-01	5.84913489e-01
1568            	6.91157702e-02	3.17596861e-02	1.30809377e+00	7.23162654e-01	5.84931114e-01
1569            	6.91208490e-02	3.17577718e-02	1.30813912e+00	7.23190411e-01	5.84948713e-01
1570            	6.91259007e-02	3.17558456e-02	1.30818437e+00	7.23218087e-01	5.84966285e-01
1571            	6.91308972e-02	3.17538863e-02	1.30822945e+00	7.23245622e-01	5.84983828e-01
1572            	6.91358279e-02	3.17518856e-02	1.30827434e+00	7.23272997e-01	5.85001341e-01
1573            	6.91408357e-02	3.17499486e-02	1.30831934e+00	7.23300505e-01	5.85018833e-01
1574            	6.91458591e-02	3.17480311e-02	1.30836432e+00	7.23328019e-01	5.85036301e-01
1575            	6.91508555e-02	3.17461019e-02	1.30840919e+00	7.23355452e-01	5.85053741e-01
1576            	6.91557971e-02	3.17441399e-02	1.30845390e+00	7.23382746e-01	5.85071152e-01
1577            	6.91606735e-02	3.17421369e-02	1.30849842e+00	7.23409881e-01	5.85088534e-01
1578            	6.91656263e-02	3.17401970e-02	1.30854304e+00	7.23437148e-01	5.85105895e-01
1579            	6.91705942e-02	3.17382764e-02	1.30858765e+00	7.23464421e-01	5.85123232e-01
1580            	6.91755353e-02	3.17363442e-02	1.30863215e+00	7.23491612e-01	5.85140541e-01
1581            	6.91804220e-02	3.17343795e-02	1.30867649e+00	7.23518665e-01	5.85157821e-01
1582            	6.91852437e-02	3.17323741e-02	1.30872063e+00	7.23545559e-01	5.85175072e-01
1583            	6.91901403e-02	3.17304309e-02	1.30876488e+00	7.23572581e-01	5.85192301e-01
1584            	6.91950514e-02	3.17285069e-02	1.30880911e+00	7.23599607e-01	5.85209504e-01
1585            	6.91999359e-02	3.17265714e-02	1.30885323e+00	7.23626552e-01	5.85226680e-01
1586            	6.92047666e-02	3.17246039e-02	1.30889719e+00	7.23653360e-01	5.85243827e-01
1587            	6.92095335e-02	3.17225963e-02	1.30894096e+00	7.23680012e-01	5.85260945e-01
1588            	6.92143753e-02	3.17206508e-02	1.30898484e+00	7.23706793e-01	5.85278042e-01
1589            	6.92192321e-02	3.17187248e-02	1.30902869e+00	7.23733579e-01	5.85295115e-01
1590            	6.92240627e-02	3.17167878e-02	1.30907245e+00	7.23760286e-01	5.85312160e-01
1591            	6.92288397e-02	3.17148190e-02	1.30911603e+00	7.23786855e-01	5.85329176e-01
1592            	6.92335527e-02	3.17128104e-02	1.30915943e+00	7.23813268e-01	5.85346163e-01
1593            	6.92383389e-02	3.17108630e-02	1.30920293e+00	7.23839805e-01	5.85363127e-01
1594            	6.92431391e-02	3.17089343e-02	1.30924641e+00	7.23866345e-01	5.85380067e-01
1595            	6.92479125e-02	3.17069941e-02	1.30928978e+00	7.23892804e-01	5.85396979e-01
1596            	6.92526324e-02	3.17050222e-02	1.30933299e+00	7.23919127e-01	5.85413862e-01
1597            	6.92572888e-02	3.17030108e-02	1.30937601e+00	7.23945294e-01	5.85430716e-01
1598            	6.92620179e-02	3.17010600e-02	1.30941913e+00	7.23971584e-01	5.85447548e-01
1599            	6.92667611e-02	3.16991281e-02	1.30946224e+00	7.23997879e-01	5.85464357e-01
1600            	6.92714781e-02	3.16971851e-02	1.30950523e+00	7.24024094e-01	5.85481137e-01
1601            	6.92761427e-02	3.16952111e-02	1.30954806e+00	7.24050174e-01	5.85497889e-01
1602            	6.92807448e-02	3.16931983e-02	1.30959071e+00	7.24076102e-01	5.85514612e-01
1603            	6.92854189e-02	3.16912458e-02	1.30963347e+00	7.24102152e-01	5.85531314e-01
1604            	6.92901069e-02	3.16893123e-02	1.30967620e+00	7.24128205e-01	5.85547991e-01
1605            	6.92947691e-02	3.16873680e-02	1.30971882e+00	7.24154178e-01	5.85564640e-01
1606            	6.92993792e-02	3.16853932e-02	1.30976128e+00	7.24180017e-01	5.85581259e-01
1607            	6.93039269e-02	3.16833799e-02	1.30980355e+00	7.24205703e-01	5.85597850e-01
1608            	6.93085455e-02	3.16814262e-02	1.30984593e+00	7.24231509e-01	5.85614418e-01
1609            	6.93131776e-02	3.16794911e-02	1.30988828e+00	7.24257317e-01	5.85630962e-01
1610            	6.93177837e-02	3.16775451e-02	1.30993052e+00	7.24283045e-01	5.85647478e-01
1611            	6.93223380e-02	3.16755686e-02	1.30997261e+00	7.24308641e-01	5.85663965e-01
1612            	6.93268303e-02	3.16735537e-02	1.31001451e+00	7.24334084e-01	5.85680423e-01
1613            	6.93313926e-02	3.16715981e-02	1.31005650e+00	7.24359645e-01	5.85696859e-01
1614            	6.93359684e-02	3.16696608e-02	1.31009848e+00	7.24385208e-01	5.85713271e-01
1615            	6.93405185e-02	3.16677130e-02	1.31014035e+00	7.24410692e-01	5.85729655e-01
1616            	6.93450172e-02	3.16657352e-02	1.31018206e+00	7.24436045e-01	5.85746010e-01
1617            	6.93494546e-02	3.16637196e-02	1.31022358e+00	7.24461246e-01	5.85762336e-01
1618            	6.93539614e-02	3.16617626e-02	1.31026520e+00	7.24486563e-01	5.85778640e-01
1619            	6.93584812e-02	3.16598240e-02	1.31030680e+00	7.24511882e-01	5.85794920e-01
1620            	6.93629756e-02	3.16578749e-02	1.31034829e+00	7.24537122e-01	5.85811171e-01
1621            	6.93674189e-02	3.16558961e-02	1.31038962e+00	7.24562231e-01	5.85827394e-01
1622            	6.93718015e-02	3.16538798e-02	1.31043078e+00	7.24587190e-01	5.85843587e-01
1623            	6.93762525e-02	3.16519216e-02	1.31047202e+00	7.24612264e-01	5.85859759e-01
1624            	6.93807164e-02	3.16499815e-02	1.31051324e+00	7.24637339e-01	5.85875906e-01
1625            	6.93851550e-02	3.16480312e-02	1.31055436e+00	7.24662335e-01	5.85892025e-01
1626            	6.93895432e-02	3.16460514e-02	1.31059532e+00	7.24687203e-01	5.85908116e-01
1627            	6.93938713e-02	3.16440345e-02	1.31063610e+00	7.24711921e-01	5.85924179e-01
1628            	6.93982670e-02	3.16420752e-02	1.31067697e+00	7.24736753e-01	5.85940219e-01
1629            	6.94026755e-02	3.16401340e-02	1.31071782e+00	7.24761585e-01	5.85956234e-01
1630            	6.94070588e-02	3.16381827e-02	1.31075856e+00	7.24786339e-01	5.85972222e-01
1631            	6.94113919e-02	3.16362023e-02	1.31079914e+00	7.24810964e-01	5.85988180e-01
1632            	6.94156653e-02	3.16341851e-02	1.31083955e+00	7.24835441e-01	5.86004110e-01
1633            	6.94200055e-02	3.16322250e-02	1.31088005e+00	7.24860029e-01	5.86020018e-01
1634            	6.94243584e-02	3.16302829e-02	1.31092052e+00	7.24884618e-01	5.86035902e-01
1635            	6.94286865e-02	3.16283308e-02	1.31096089e+00	7.24909131e-01	5.86051758e-01
1636            	6.94329650e-02	3.16263500e-02	1.31100110e+00	7.24933515e-01	5.86067585e-01
1637            	6.94371842e-02	3.16243330e-02	1.31104113e+00	7.24957752e-01	5.86083383e-01
1638            	6.94414695e-02	3.16223725e-02	1.31108126e+00	7.24982098e-01	5.86099159e-01
1639            	6.94457670e-02	3.16204297e-02	1.31112136e+00	7.25006445e-01	5.86114911e-01
1640            	6.94500395e-02	3.16184771e-02	1.31116135e+00	7.25030714e-01	5.86130635e-01
1641            	6.94542626e-02	3.16164959e-02	1.31120118e+00	7.25054854e-01	5.86146329e-01
1642            	6.94584268e-02	3.16144788e-02	1.31124084e+00	7.25078848e-01	5.86161995e-01
1643            	6.94626562e-02	3.16125175e-02	1.31128059e+00	7.25102950e-01	5.86177638e-01
1644            	6.94668977e-02	3.16105739e-02	1.31132031e+00	7.25127052e-01	5.86193257e-01
1645            	6.94711148e-02	3.16086206e-02	1.31135993e+00	7.25151078e-01	5.86208848e-01
1646            	6.94752831e-02	3.16066392e-02	1.31139939e+00	7.25174977e-01	5.86224411e-01
1647            	6.94793932e-02	3.16046224e-02	1.31143868e+00	7.25198732e-01	5.86239945e-01
1648            	6.94835679e-02	3.16026611e-02	1.31147805e+00	7.25222593e-01	5.86255457e-01
1649            	6.94877547e-02	3.16007174e-02	1.31151740e+00	7.25246454e-01	5.86270945e-01
1650            	6.94919174e-02	3.15987643e-02	1.31155665e+00	7.25270240e-01	5.86286405e-01
1651            	6.94960321e-02	3.15967836e-02	1.31159574e+00	7.25293901e-01	5.86301837e-01
1652            	6.95000893e-02	3.15947679e-02	1.31163466e+00	7.25317419e-01	5.86317240e-01
1653            	6.95040925e-02	3.15927194e-02	1.31167342e+00	7.25340801e-01	5.86332617e-01
1654            	6.95081724e-02	3.15907357e-02	1.31171229e+00	7.25364316e-01	5.86347972e-01
1655            	6.95122795e-02	3.15887812e-02	1.31175116e+00	7.25387862e-01	5.86363303e-01
1656            	6.95163759e-02	3.15868278e-02	1.31178996e+00	7.25411358e-01	5.86378606e-01
1657            	6.95204329e-02	3.15848542e-02	1.31182863e+00	7.25434746e-01	5.86393880e-01
1658            	6.95244359e-02	3.15828488e-02	1.31186712e+00	7.25457996e-01	5.86409124e-01
1659            	6.95283838e-02	3.15808103e-02	1.31190545e+00	7.25481107e-01	5.86424339e-01
1660            	6.95324042e-02	3.15788336e-02	1.31194387e+00	7.25504340e-01	5.86439532e-01
1661            	6.95364467e-02	3.15768823e-02	1.31198229e+00	7.25527594e-01	5.86454701e-01
1662            	6.95404739e-02	3.15749284e-02	1.31202063e+00	7.25550790e-01	5.86469842e-01
1663            	6.95444587e-02	3.15729515e-02	1.31205883e+00	7.25573872e-01	5.86484955e-01
1664            	6.95483881e-02	3.15709416e-02	1.31209685e+00	7.25596815e-01	5.86500039e-01
1665            	6.95522626e-02	3.15688986e-02	1.31213472e+00	7.25619621e-01	5.86515096e-01
1666            	6.95562109e-02	3.15669182e-02	1.31217268e+00	7.25642552e-01	5.86530131e-01
1667            	6.95601833e-02	3.15649648e-02	1.31221065e+00	7.25665509e-01	5.86545142e-01
1668            	6.95641424e-02	3.15630104e-02	1.31224854e+00	7.25688411e-01	5.86560126e-01
1669            	6.95680607e-02	3.15610343e-02	1.31228628e+00	7.25711203e-01	5.86575082e-01
1670            	6.95719246e-02	3.15590260e-02	1.31232386e+00	7.25733857e-01	5.86590008e-01
1671            	6.95757340e-02	3.15569850e-02	1.31236128e+00	7.25756373e-01	5.86604905e-01
1672            	6.95796168e-02	3.15550064e-02	1.31239880e+00	7.25779015e-01	5.86619782e-01
1673            	6.95835232e-02	3.15530542e-02	1.31243631e+00	7.25801680e-01	5.86634634e-01
1674            	6.95874158e-02	3.15511006e-02	1.31247375e+00	7.25824291e-01	5.86649460e-01
1675            	6.95912671e-02	3.15491249e-02	1.31251105e+00	7.25846791e-01	5.86664256e-01
1676            	6.95950639e-02	3.15471169e-02	1.31254818e+00	7.25869152e-01	5.86679024e-01
1677            	6.95988062e-02	3.15450762e-02	1.31258514e+00	7.25891376e-01	5.86693763e-01
1678            	6.96026217e-02	3.15430977e-02	1.31262221e+00	7.25913725e-01	5.86708481e-01
1679            	6.96064610e-02	3.15411458e-02	1.31265927e+00	7.25936098e-01	5.86723176e-01
1680            	6.96102871e-02	3.15391928e-02	1.31269626e+00	7.25958417e-01	5.86737843e-01
1681            	6.96140725e-02	3.15372181e-02	1.31273311e+00	7.25980627e-01	5.86752482e-01
1682            	6.96178040e-02	3.15352116e-02	1.31276979e+00	7.26002699e-01	5.86767091e-01
1683            	6.96214816e-02	3.15331726e-02	1.31280631e+00	7.26024636e-01	5.86781673e-01
1684            	6.96252320e-02	3.15311957e-02	1.31284293e+00	7.26046697e-01	5.86796233e-01
1685            	6.96290061e-02	3.15292453e-02	1.31287955e+00	7.26068781e-01	5.86810768e-01
1686            	6.96327668e-02	3.15272940e-02	1.31291609e+00	7.26090811e-01	5.86825277e-01
1687            	6.96364871e-02	3.15253211e-02	1.31295249e+00	7.26112731e-01	5.86839757e-01
1688            	6.96401538e-02	3.15233165e-02	1.31298872e+00	7.26134516e-01	5.86854208e-01
1689            	6.96437672e-02	3.15212796e-02	1.31302480e+00	7.26156166e-01	5.86868632e-01
1690            	6.96474532e-02	3.15193045e-02	1.31306097e+00	7.26177941e-01	5.86883034e-01
1691            	6.96511632e-02	3.15173560e-02	1.31309715e+00	7.26199740e-01	5.86897413e-01
1692            	6.96548601e-02	3.15154067e-02	1.31313325e+00	7.26221486e-01	5.86911766e-01
1693            	6.96585171e-02	3.15134361e-02	1.31316921e+00	7.26243124e-01	5.86926090e-01
1694            	6.96621209e-02	3.15114341e-02	1.31320501e+00	7.26264626e-01	5.86940384e-01
1695            	6.96656715e-02	3.15094001e-02	1.31324065e+00	7.26285994e-01	5.86954652e-01
1696            	6.96692940e-02	3.15074276e-02	1.31327638e+00	7.26307485e-01	5.86968897e-01
1697            	6.96729403e-02	3.15054816e-02	1.31331212e+00	7.26329000e-01	5.86983119e-01
1698            	6.96765737e-02	3.15035348e-02	1.31334778e+00	7.26350462e-01	5.86997314e-01
1699            	6.96801675e-02	3.15015669e-02	1.31338330e+00	7.26371816e-01	5.87011481e-01
1700            	6.96837086e-02	3.14995678e-02	1.31341866e+00	7.26393036e-01	5.87025619e-01
1701            	6.96871969e-02	3.14975369e-02	1.31345385e+00	7.26414123e-01	5.87039730e-01
1702            	6.96907569e-02	3.14955672e-02	1.31348915e+00	7.26435333e-01	5.87053819e-01
1703            	6.96943407e-02	3.14936240e-02	1.31352445e+00	7.26456566e-01	5.87067885e-01
1704            	6.96979120e-02	3.14916803e-02	1.31355967e+00	7.26477748e-01	5.87081924e-01
1705            	6.97014441e-02	3.14897158e-02	1.31359476e+00	7.26498823e-01	5.87095935e-01
1706            	6.97049240e-02	3.14877205e-02	1.31362968e+00	7.26519766e-01	5.87109918e-01
1707            	6.97083517e-02	3.14856937e-02	1.31366445e+00	7.26540576e-01	5.87123873e-01
1708            	6.97118507e-02	3.14837278e-02	1.31369932e+00	7.26561508e-01	5.87137807e-01
1709            	6.97153737e-02	3.14817885e-02	1.31373418e+00	7.26582465e-01	5.87151718e-01
1710            	6.97188844e-02	3.14798488e-02	1.31376897e+00	7.26603371e-01	5.87165602e-01
1711            	6.97223562e-02	3.14778887e-02	1.31380363e+00	7.26624171e-01	5.87179458e-01
1712            	6.97257763e-02	3.14758979e-02	1.31383812e+00	7.26644838e-01	5.87193286e-01
1713            	6.97291444e-02	3.14738760e-02	1.31387246e+00	7.26665375e-01	5.87207086e-01
1714            	6.97325833e-02	3.14719146e-02	1.31390690e+00	7.26686032e-01	5.87220865e-01
1715            	6.97360462e-02	3.14699798e-02	1.31394133e+00	7.26706713e-01	5.87234620e-01
1716            	6.97394970e-02	3.14680447e-02	1.31397569e+00	7.26727343e-01	5.87248349e-01
1717            	6.97429095e-02	3.14660894e-02	1.31400992e+00	7.26747869e-01	5.87262050e-01
1718            	6.97462709e-02	3.14641038e-02	1.31404399e+00	7.26768265e-01	5.87275723e-01
1719            	6.97495810e-02	3.14620874e-02	1.31407790e+00	7.26788531e-01	5.87289369e-01
1720            	6.97529615e-02	3.14601312e-02	1.31411191e+00	7.26808917e-01	5.87302994e-01
1721            	6.97563662e-02	3.14582016e-02	1.31414592e+00	7.26829328e-01	5.87316596e-01
1722            	6.97597591e-02	3.14562718e-02	1.31417986e+00	7.26849690e-01	5.87330172e-01
1723            	6.97631141e-02	3.14543222e-02	1.31421367e+00	7.26869948e-01	5.87343720e-01
1724            	6.97664183e-02	3.14523427e-02	1.31424732e+00	7.26890076e-01	5.87357239e-01
1725            	6.97696716e-02	3.14503327e-02	1.31428081e+00	7.26910075e-01	5.87370732e-01
1726            	6.97729945e-02	3.14483825e-02	1.31431439e+00	7.26930192e-01	5.87384203e-01
1727            	6.97763414e-02	3.14464587e-02	1.31434798e+00	7.26950334e-01	5.87397651e-01
1728            	6.97796768e-02	3.14445350e-02	1.31438150e+00	7.26970426e-01	5.87411073e-01
1729            	6.97829747e-02	3.14425917e-02	1.31441488e+00	7.26990416e-01	5.87424467e-01
1730            	6.97862224e-02	3.14406187e-02	1.31444811e+00	7.27010278e-01	5.87437833e-01
1731            	6.97894197e-02	3.14386157e-02	1.31448118e+00	7.27030011e-01	5.87451172e-01
1732            	6.97926863e-02	3.14366720e-02	1.31451435e+00	7.27049863e-01	5.87464490e-01
1733            	6.97959766e-02	3.14347546e-02	1.31454752e+00	7.27069739e-01	5.87477785e-01
1734            	6.97992556e-02	3.14328375e-02	1.31458062e+00	7.27089566e-01	5.87491055e-01
1735            	6.98024978e-02	3.14309010e-02	1.31461359e+00	7.27109292e-01	5.87504296e-01
1736            	6.98056904e-02	3.14289354e-02	1.31464640e+00	7.27128891e-01	5.87517510e-01
1737            	6.98088332e-02	3.14269400e-02	1.31467906e+00	7.27148363e-01	5.87530697e-01
1738            	6.98120448e-02	3.14250035e-02	1.31471182e+00	7.27167953e-01	5.87543863e-01
1739            	6.98152800e-02	3.14230934e-02	1.31474457e+00	7.27187567e-01	5.87557007e-01
1740            	6.98185044e-02	3.14211837e-02	1.31477726e+00	7.27207133e-01	5.87570124e-01
1741            	6.98216925e-02	3.14192551e-02	1.31480981e+00	7.27226599e-01	5.87583214e-01
1742            	6.98248318e-02	3.14172978e-02	1.31484222e+00	7.27245941e-01	5.87596277e-01
1743            	6.98279221e-02	3.14153110e-02	1.31487447e+00	7.27265158e-01	5.87609314e-01
1744            	6.98310808e-02	3.14133828e-02	1.31490682e+00	7.27284492e-01	5.87622330e-01
1745            	6.98342631e-02	3.14114810e-02	1.31493917e+00	7.27303850e-01	5.87635324e-01
1746            	6.98374345e-02	3.14095799e-02	1.31497145e+00	7.27323160e-01	5.87648291e-01
1747            	6.98405696e-02	3.14076601e-02	1.31500360e+00	7.27342369e-01	5.87661230e-01
1748            	6.98436559e-02	3.14057118e-02	1.31503559e+00	7.27361452e-01	5.87674141e-01
1749            	6.98466934e-02	3.14037343e-02	1.31506744e+00	7.27380411e-01	5.87687025e-01
1750            	6.98496904e-02	3.14017338e-02	1.31509915e+00	7.27399265e-01	5.87699884e-01
1751            	6.98527689e-02	3.13998018e-02	1.31513099e+00	7.27418262e-01	5.87712724e-01
1752            	6.98558842e-02	3.13979061e-02	1.31516285e+00	7.27437311e-01	5.87725543e-01
1753            	6.98589989e-02	3.13960188e-02	1.31519467e+00	7.27456334e-01	5.87738336e-01
1754            	6.98620831e-02	3.13941173e-02	1.31522637e+00	7.27475268e-01	5.87751102e-01
1755            	6.98651199e-02	3.13921884e-02	1.31525792e+00	7.27494079e-01	5.87763839e-01
1756            	6.98681056e-02	3.13902289e-02	1.31528931e+00	7.27512760e-01	5.87776549e-01
1757            	6.98710469e-02	3.13882435e-02	1.31532056e+00	7.27531327e-01	5.87789234e-01
1758            	6.98740650e-02	3.13863232e-02	1.31535193e+00	7.27550029e-01	5.87801899e-01
1759            	6.98771163e-02	3.13844363e-02	1.31538332e+00	7.27568774e-01	5.87814542e-01
1760            	6.98801648e-02	3.13825561e-02	1.31541465e+00	7.27587489e-01	5.87827160e-01
1761            	6.98831821e-02	3.13806610e-02	1.31544586e+00	7.27606115e-01	5.87839750e-01
1762            	6.98861528e-02	3.13787391e-02	1.31547693e+00	7.27624619e-01	5.87852313e-01
1763            	6.98890739e-02	3.13767876e-02	1.31550785e+00	7.27642997e-01	5.87864849e-01
1764            	6.98919524e-02	3.13748115e-02	1.31553862e+00	7.27661264e-01	5.87877359e-01
1765            	6.98949090e-02	3.13729017e-02	1.31556952e+00	7.27679668e-01	5.87889850e-01
1766            	6.98979000e-02	3.13710262e-02	1.31560044e+00	7.27698120e-01	5.87902320e-01
1767            	6.99008891e-02	3.13691579e-02	1.31563131e+00	7.27716542e-01	5.87914764e-01
1768            	6.99038476e-02	3.13672751e-02	1.31566206e+00	7.27734876e-01	5.87927181e-01
1769            	6.99067596e-02	3.13653653e-02	1.31569266e+00	7.27753089e-01	5.87939570e-01
1770            	6.99096221e-02	3.13634259e-02	1.31572311e+00	7.27771177e-01	5.87951933e-01
1771            	6.99124421e-02	3.13614615e-02	1.31575343e+00	7.27789155e-01	5.87964271e-01
1772            	6.99153398e-02	3.13595629e-02	1.31578386e+00	7.27807270e-01	5.87976590e-01
1773            	6.99182718e-02	3.13576985e-02	1.31581432e+00	7.27825431e-01	5.87988887e-01
1774            	6.99212021e-02	3.13558414e-02	1.31584472e+00	7.27843564e-01	5.88001160e-01
