face,surface,x,y,z,wss_x,wss_y,wss_z,tangent_x,tangent_y,tau_t_attached
0,lower,0.19887,-0.0573073,0.0,-0.25158822,0.014645436,3.2728713e-17,0.998299870760104,-0.05828694571136372,0.25201412524381583
1,lower,0.19661,-0.05717315,0.0,-0.25250159,0.015065343,3.3014298e-17,0.998191881987288,-0.060107958996092184,0.25295058434618867
2,lower,0.19435049999999998,-0.05703515,0.0,-0.253297,0.015770092,-1.6646889e-17,0.9980864694461176,-0.06183364382425112,0.2537874307030969
3,lower,0.19209199999999998,-0.05689325,0.0,-0.25407456,0.016153336,3.3585426e-17,0.9979766222541371,-0.06358192694644804,0.25458753141899954
4,lower,0.189834,-0.056747399999999996,0.0,-0.25493536,0.016686014,-8.9327875e-24,0.9978624698900068,-0.06534899528696057,0.2554808422421422
5,lower,0.1875775,-0.0565976,0.0,-0.25568075,0.017149459,3.4228099e-17,0.9977436161421473,-0.06713923180668198,0.25625523758609653
6,lower,0.18532300000000002,-0.056443850000000004,0.0,-0.25642879,0.017951496,1.7250576e-17,0.9976206273901266,-0.06894261240865754,0.25705627339157455
7,lower,0.18307,-0.0562861,0.0,-0.25728118,0.01818806,2.1167882e-21,0.9974918674469443,-0.07078117247691963,0.257923256909034
8,lower,0.180819,-0.05612425,0.0,-0.25804456,0.019010661,1.7588502e-17,0.9973575739157579,-0.07264894873894501,0.2587438008602416
9,lower,0.1785705,-0.055958350000000004,0.0,-0.2587814,0.019306229,5.4543763e-23,0.997218925713215,-0.07452794240673447,0.259500563225565
10,lower,0.1763245,-0.05578835,0.0,-0.25963168,0.019779498,0.0,0.9970741164401249,-0.07644086816058608,0.2603839899347658
11,lower,0.1740815,-0.0556142,0.0,-0.2603895,0.020678457,-1.8131733e-17,0.9969223952585987,-0.0783947564053767,0.26120920663954295
12,lower,0.1718425,-0.055435899999999996,0.0,-0.26113217,0.021063012,1.9946872e-23,0.9967647898253805,-0.08037383756151664,0.2619802676517398
13,lower,0.169607,-0.055253399999999994,0.0,-0.26181095,0.02198305,-1.8483434e-17,0.9966026001612309,-0.08236053273184678,0.2627320092297528
14,lower,0.167375,-0.055066699999999996,0.0,-0.26250832,0.022149361,1.8680236e-17,0.9964343886177613,-0.08437125802041891,0.26344108679819406
15,lower,0.1651475,-0.0548758,0.0,-0.26322171,0.023059002,1.8907121e-17,0.9962589192846191,-0.08641854977863755,0.2642297018490321
16,lower,0.1629245,-0.05468065,0.0,-0.26386936,0.023378134,1.9122641e-17,0.9960774734038006,-0.08848540544915386,0.2649029490831125
17,lower,0.1607055,-0.0544812,0.0,-0.26458901,0.024409666,-2.3482746e-21,0.9958882325687555,-0.09059044227224233,0.26571236396467446
18,lower,0.158492,-0.054277450000000005,0.0,-0.26517101,0.025030607,-1.9528235e-17,0.9956908738562507,-0.09273447966843863,0.2663495549841748
19,lower,0.156284,-0.054069400000000004,0.0,-0.26582555,0.025278513,0.0,0.9954879128535966,-0.09488843639975225,0.2670247605257402
20,lower,0.15408100000000002,-0.053856999999999995,0.0,-0.26646372,0.026122448,-6.2204285e-23,0.9952761535226902,-0.09708438715405514,0.2677410681499908
21,lower,0.1518845,-0.05364025,0.0,-0.26694493,0.0268197,0.0,0.9950562606529046,-0.09931282966192567,0.26828876414373537
22,lower,0.149694,-0.05341915,0.0,-0.26749767,0.027714848,-5.0176466e-21,0.9948302051096927,-0.10155226733759729,0.2689292675657818
23,lower,0.14750950000000002,-0.05319365,0.0,-0.26813153,0.028040283,-8.283005e-17,0.9945931206901506,-0.10384856414908933,0.26959371830600887
24,lower,0.14533200000000002,-0.0529637,0.0,-0.26852275,0.028898065,4.7280685e-23,0.9943468125659055,-0.10618105452491922,0.2700731675793611
25,lower,0.1431615,-0.05272935,0.0,-0.26898263,0.029577148,-5.1627697e-21,0.9940934051491188,-0.10852788507581637,0.27060380390167993
26,lower,0.1409985,-0.0524906,0.0,-0.26938914,0.03061803,-4.2982554e-17,0.9938301543289045,-0.11091268794229872,0.2711229785875288
27,lower,0.138843,-0.0522474,0.0,-0.2697627,0.031096937,-4.3478245e-17,0.9935568349185826,-0.11333497159556852,0.2715489448626953
28,lower,0.136695,-0.0519997,0.0,-0.27006373,0.031763472,-8.8121323e-17,0.9932742436154872,-0.1157854782348871,0.2719250959396476
29,lower,0.13455499999999998,-0.05174755,0.0,-0.27040628,0.032536218,4.4652561e-17,0.9929817755805145,-0.1182674653696815,0.27235648407809715
30,lower,0.1324235,-0.051490949999999994,0.0,-0.2706746,0.033139775,-3.4813495e-22,0.9926761438221815,-0.1208059331586151,0.272695699602153
31,lower,0.130301,-0.05122985,0.0,-0.27081246,0.034231217,-5.6252683e-21,0.9923601818421786,-0.12337450909389026,0.2729667616437891
32,lower,0.128187,-0.05096425,0.0,-0.27100989,0.034631389,5.6479989e-21,0.992033612614483,-0.1259734553112595,0.273213555965512
33,lower,0.126082,-0.050694100000000006,0.0,-0.271068,0.036006757,4.7060881e-17,0.9916933062938516,-0.1286249830008511,0.2734476896575025
34,lower,0.12398700000000001,-0.050419500000000006,0.0,-0.27109237,0.035955269,-4.7718097e-17,0.9913424689285885,-0.13130159670990627,0.27346636361333665
35,lower,0.1219015,-0.0501404,0.0,-0.27098082,0.037375763,0.0,0.9909802550109111,-0.13400796311603733,0.2735452919762036
36,lower,0.1198255,-0.049856750000000005,0.0,-0.27100617,0.0377515,0.0,0.9906030348302634,-0.1367685175216571,0.2736227511489451
37,lower,0.11776,-0.049568600000000004,0.0,-0.27084915,0.038466334,-6.1099649e-21,0.9902092935497706,-0.13959066934313427,0.2735668867902924
38,lower,0.1157055,-0.04927595,0.0,-0.27053369,0.03970283,5.0534765e-17,0.989801882715346,-0.1424508089592914,0.273430455951403
39,lower,0.1136615,-0.048978749999999995,0.0,-0.27014908,0.040470182,0.0,0.9893829550820233,-0.14533192420512056,0.27316250450608137
40,lower,0.111628,-0.048677,0.0,-0.26978888,0.041223474,0.0,0.988947976099284,-0.14826294401882797,0.2729190804680162
41,lower,0.10960600000000001,-0.048370750000000004,0.0,-0.26935079,0.041641702,-5.2647227e-17,0.9884932526394519,-0.15126496450360447,0.2725503690830056
42,lower,0.107596,-0.048060000000000005,0.0,-0.26868863,0.042360234,7.1904165e-21,0.98802436646105,-0.15429793024937377,0.2720070098621166
43,lower,0.10559749999999998,-0.04774475,0.0,-0.26797416,0.043453549,-5.4287095e-17,0.9875409496660158,-0.15736223413749525,0.271473404004196
44,lower,0.10361100000000001,-0.04742500000000001,0.0,-0.26722438,0.044464826,5.5044442e-17,0.9870342329247747,-0.1605098845386218,0.2708966550193884
45,lower,0.101637,-0.047100699999999995,0.0,-0.26622973,0.045154828,-1.3557627e-20,0.9865081794119902,-0.16371197864921355,0.27003019248509064
46,lower,0.0996755,-0.0467719,0.0,-0.26526562,0.045258656,-5.6707389e-17,0.9859670964915813,-0.16693976349558168,0.269098642479207
47,lower,0.09772685,-0.04643865,0.0,-0.26407579,0.046351613,-5.7636344e-17,0.9854055048532806,-0.1702233562260218,0.26811186429582856
48,lower,0.09579114999999999,-0.0461009,0.0,-0.26274374,0.047096818,5.8544619e-17,0.9848198994814303,-0.17357927752293836,0.2669302952582444
49,lower,0.0938688,-0.04575865,0.0,-0.26121419,0.048096561,5.9415123e-17,0.984212737647008,-0.17698951113945052,0.2656029198710245
50,lower,0.09195999999999999,-0.04541195,0.0,-0.25970608,0.048156563,2.9475223e-20,0.9835842290423767,-0.18044961728724518,0.2641326378376369
51,lower,0.090065,-0.0450608,0.0,-0.25787478,0.049252306,6.132942e-17,0.9829306342758368,-0.183976542532197,0.26253429003875967
52,lower,0.08818405,-0.0447052,0.0,-0.2559352,0.049826722,1.5141733e-20,0.9822511700336122,-0.18757035737983782,0.26073866570539234
53,lower,0.08631734999999999,-0.04434515,0.0,-0.25372592,0.050634615,6.3235539e-17,0.9815470570561198,-0.1912207488335671,0.25872631907205584
54,lower,0.08446514999999999,-0.043980700000000005,0.0,-0.2515128,0.050591018,1.5759938e-20,0.9808161466926762,-0.19493508249396901,0.2565497796071696
55,lower,0.08262775,-0.043611849999999994,0.0,-0.24882538,0.051770496,-6.5341831e-17,0.980055010674615,-0.19872638489033173,0.2541507239660745
56,lower,0.08080535,-0.0432386,0.0,-0.24614505,0.051696285,0.0,0.9792664179710618,-0.20257660929664478,0.2515140395433409
57,lower,0.07899809999999999,-0.042860999999999996,0.0,-0.24310726,0.052249959,-6.7478842e-17,0.9784474080348472,-0.2064961735962419,0.2486570850255142
58,lower,0.07720635,-0.04247905,0.0,-0.23976683,0.052844942,-1.371782e-16,0.9775958356304612,-0.21049081252629653,0.24551842930980172
59,lower,0.0754303,-0.0420928,0.0,-0.23635959,0.052724701,0.0,0.9767096252028203,-0.21456539337965522,0.242167582772882
60,lower,0.0736701,-0.0417022,0.0,-0.23251291,0.053165286,0.0,0.9757827628987734,-0.21874185614471697,0.23851156307153856
61,lower,0.07192604999999999,-0.041307250000000004,0.0,-0.2283637,0.05338277,-1.7678128e-20,0.97482076340115,-0.22298986354092284,0.23451749296484767
62,lower,0.0701984,-0.04090805,0.0,-0.22387938,0.053435876,3.5788109e-20,0.9738239737527902,-0.22730347147442564,0.23016526758898787
63,lower,0.0684873,-0.0405046,0.0,-0.21906324,0.053383484,-7.4457262e-17,0.9727875148668429,-0.23169905247797548,0.22547088749905195
64,lower,0.06679299999999999,-0.04009695,0.0,-0.213988,0.052960388,1.5141401e-16,0.9717085532854355,-0.23618316508999126,0.22044232196267777
65,lower,0.0651157,-0.0396851,0.0,-0.20838041,0.052977558,-1.8865705e-20,0.9705788575851712,-0.24078347370337558,0.21500574072449163
66,lower,0.0634556,-0.039269,0.0,-0.20245348,0.052382062,-7.8250325e-17,0.9694007707471144,-0.24548349369132855,0.20911749113895128
67,lower,0.06181300000000001,-0.03884875,0.0,-0.19607808,0.051661703,1.9367215e-20,0.9681760686229203,-0.25027005443293954,0.2027674818594388
68,lower,0.06018805,-0.038424349999999996,0.0,-0.18908292,0.051296213,-8.0915719e-17,0.9669014859062018,-0.25514998834485403,0.19591278445656862
69,lower,0.058580900000000005,-0.03799585,0.0,-0.18177883,0.050005149,-8.2179293e-17,0.9655762247945195,-0.260120268551998,0.18852866920582745
70,lower,0.0569918,-0.037563299999999994,0.0,-0.17392056,0.048736199,-1.6727532e-16,0.9641876429705091,-0.2652210194214896,0.18061791919201958
71,lower,0.055421,-0.03712665,0.0,-0.16534188,0.047699739,-8.4989763e-17,0.9627341241688309,-0.27044963701375957,0.172080647128429
72,lower,0.053868650000000004,-0.036685949999999995,0.0,-0.15630903,0.045836264,-2.1028351e-20,0.9612212963372729,-0.27577820702095496,0.16288821114828084
73,lower,0.052334950000000005,-0.03624125,0.0,-0.1465282,0.044064093,-2.1484739e-20,0.9596434850267945,-0.28121945460019043,0.15300651270361523
74,lower,0.05082015,-0.0357926,0.0,-0.1361496,0.041651152,2.1711954e-20,0.9579938403485371,-0.28678877567691113,0.1423755610535301
75,lower,0.049324400000000004,-0.035339999999999996,0.0,-0.12496328,0.039187949,1.8116866e-16,0.9562663649837156,-0.2924972464841867,0.13096054869990498
76,lower,0.04784785,-0.034883449999999996,0.0,-0.11306001,0.036055741,9.5591897e-23,0.9544628984924094,-0.2983296421770196,0.11866808115913809
77,lower,0.04639075,-0.03442305,0.0,-0.10027046,0.032728554,-9.3559605e-17,0.9525774442617099,-0.3042962580838439,0.10547455503644104
78,lower,0.0449533,-0.0339588,0.0,-0.086571824,0.02898914,-2.3154563e-20,0.9505950304190406,-0.31043370973949214,0.09129395194106935
79,lower,0.043535599999999994,-0.03349065,0.0,-0.071936717,0.024636297,-9.6341495e-17,0.9485231465619004,-0.3167078155592497,0.07603614896851185
80,lower,0.0421379,-0.03301875,0.0,-0.056328475,0.019621527,-2.3883311e-20,0.9463599021173293,-0.32311443122286987,0.05964700862374762
81,lower,0.04076035,-0.032543100000000005,0.0,-0.039593634,0.014108756,2.4184326e-20,0.9440873994217068,-0.3296952869744403,0.042031441314987227
82,lower,0.039403099999999996,-0.0320637,0.0,-0.021743818,0.0078560381,2.430967e-20,0.9417003841411519,-0.3364526512132234,0.023119346610072387
83,lower,0.0380664,-0.0315806,0.0,-0.0026538254,0.00087619785,-2.4860001e-20,0.939191377429476,-0.3433941708330582,0.002793331167069788
84,lower,0.0367504,-0.031093799999999998,0.0,0.017767503,-0.0069441045,2.5176889e-20,0.9365626024704375,-0.3505003447270791,-0.019074289870152167
85,lower,0.03545525,-0.0306034,0.0,0.039548566,-0.015800102,-2.5506411e-20,0.9338066375181235,-0.35777809285518863,-0.04258364379560104
86,lower,0.0341811,-0.0301094,0.0,0.062907583,-0.02547525,-1.0557889e-16,0.9309092331005305,-0.3652505985322711,-0.06786610015699722
87,lower,0.0329281,-0.029611850000000002,0.0,0.087808571,-0.036403196,-1.0676186e-16,0.9278650574325706,-0.37291612353939907,-0.09504984351075192
88,lower,0.03169645,-0.0291108,0.0,0.11438678,-0.048657217,0.0,0.9246510398524181,-0.3808155124201767,-0.12429727809716451
89,lower,0.0304863,-0.0286062,0.0,0.14259994,-0.062651137,0.0,0.9212651587491915,-0.38893509391005987,-0.1557395822143922
90,lower,0.0292978,-0.028098150000000002,0.0,0.17322268,-0.077054096,1.0936884e-16,0.9177100320316396,-0.397250924616277,-0.18957800209287784
91,lower,0.0281311,-0.0275867,0.0,0.20533192,-0.094418671,-1.1007331e-16,0.9139525339091954,-0.4058211006847239,-0.225980717566849
92,lower,0.02698635,-0.0270718,0.0,0.23979038,-0.11315701,0.0,0.9099936340707947,-0.41462222076322525,-0.2651251300925433
93,lower,0.0258637,-0.0265536,0.0,0.27683359,-0.13335539,-1.3418409e-20,0.905830980563437,-0.423639274208001,-0.30725902291392143
94,lower,0.02476325,-0.0260321,0.0,0.31594776,-0.15682612,2.1904159e-22,0.9014148767337496,-0.4329563719395739,-0.3526988790752646
95,lower,0.023685200000000003,-0.02550725,0.0,0.35776658,-0.18214302,7.4920793e-21,0.8967435075220155,-0.44255065440818514,-0.4014323705202389
96,lower,0.02262965,-0.024979150000000002,0.0,0.40185949,-0.21123759,-1.1018921e-16,0.8918201263881038,-0.4523901658625073,-0.45394818953855526
97,lower,0.021596749999999998,-0.02444785,0.0,0.44959946,-0.24198818,-2.1865428e-16,0.8866138621619617,-0.4625103884479246,-0.5105431607881387
98,lower,0.020586649999999998,-0.0239134,0.0,0.49957034,-0.27751699,-8.244285e-21,0.8810999676140636,-0.4729300657290632,-0.5714175387165785
99,lower,0.019599449999999997,-0.0233758,0.0,0.5524566,-0.31723614,-7.9309773e-21,0.8752510297275392,-0.48366893115113574,-0.6369754727860872
100,lower,0.018635350000000002,-0.022835099999999997,0.0,0.60963114,-0.35899354,0.0,0.8690574897189738,-0.4947111071760529,-0.7074025998253669
101,lower,0.0176944,-0.02229135,0.0,0.66955309,-0.40699006,1.0125611e-16,0.862491959733731,-0.5060707652044999,-0.7834499278347005
102,lower,0.01677665,-0.0217445,0.0,0.73271115,-0.45983226,0.0,0.855514113235915,-0.517779491728058,-0.8649364436132817
103,lower,0.01588235,-0.021194650000000002,0.0,0.80040971,-0.51695569,0.0,0.8481251524962085,-0.5297959283566485,-0.9527286270559978
104,lower,0.015011549999999999,-0.020641899999999998,0.0,0.87224514,-0.58010791,0.0,0.8402826324397534,-0.5421485936716225,-1.0474371299562655
105,lower,0.01416435,-0.0200862,0.0,0.94428405,-0.65485585,9.634968e-21,0.8319085372796643,-0.5549127729663548,-1.1489458384287567
106,lower,0.01334095,-0.01952755,0.0,1.021477,-0.73387206,-9.7923119e-21,0.823025591754891,-0.5680042916356456,-1.2575441919805028
107,lower,0.01254135,-0.0189661,0.0,1.1070738,-0.81566848,3.39823e-17,0.8136148028785003,-0.5814042935316003,-1.3749647879293465
108,lower,0.011765649999999999,-0.018401849999999997,0.0,1.1890049,-0.91626611,-2.9280108e-17,0.803552999225174,-0.5952332126454535,-1.5008204737818804
109,lower,0.011014050000000001,-0.01783475,0.0,1.2762533,-1.0224797,-2.3847974e-17,0.7928291914301852,-0.6094439048970454,-1.634994892945065
110,lower,0.010286585,-0.0172649,0.0,1.3702018,-1.1346102,5.1100338e-21,0.7814535525483072,-0.6239634165635276,-1.7787043211779126
111,lower,0.009583305,-0.01669235,0.0,1.4643126,-1.26245,0.0,0.7693298797442475,-0.6388517325113094,-1.933057806174889
112,lower,0.00890436,-0.016117100000000002,0.0,1.5610673,-1.4009564,-2.3504056e-18,0.7563868375670905,-0.6541245691420372,-2.097170759813176
113,lower,0.008249820000000001,-0.015539150000000002,0.0,1.6551462,-1.5563654,6.8239714e-18,0.7426140893052944,-0.669719578902445,-2.271463268286454
114,lower,0.0076197650000000006,-0.014958599999999999,0.0,1.7559965,-1.7192943,3.4449182e-17,0.7279693786304532,-0.6856096438764494,-2.45707643372406
115,lower,0.007014275,-0.0143755,0.0,1.8551699,-1.8996655,-2.8949067e-17,0.712351753246641,-0.7018226126639385,-2.6547617352329427
116,lower,0.00643343,-0.0137898,0.0,1.9487234,-2.0967534,-4.2050456e-17,0.6957160984349944,-0.7183168593165478,-2.86189155782627
117,lower,0.00587731,-0.0132016,0.0,2.0468484,-2.3030105,-5.6705726e-17,0.6780223951970473,-0.735041244836818,-3.0806167595655065
118,lower,0.00534598,-0.012610900000000001,0.0,2.1318054,-2.5345108,9.9006788e-21,0.659200896159698,-0.7519668732745154,-3.3111561916745744
119,lower,0.004839505,-0.01201775,0.0,2.2172906,-2.7724036,9.1017911e-17,0.6391911861448292,-0.769047870782285,-3.5493836941709214
120,lower,0.004357955,-0.011422149999999999,0.0,2.2869533,-3.0355548,1.1078558e-16,0.6179381997975438,-0.7862266729327941,-3.7998299561322253
121,lower,0.0039013900000000002,-0.010824150000000001,0.0,2.349955,-3.3049255,-2.1128166e-20,0.5954124021428766,-0.8034202333613769,-4.054436367929629
122,lower,0.003469865,-0.010223804999999999,0.0,2.4017319,-3.5904431,-1.5614571e-16,0.5715377142647111,-0.8205757985543256,-4.3189110743490104
123,lower,0.003063435,-0.009621069999999999,0.0,2.4339071,-3.8890076,0.0,0.5462874544705185,-0.837597765689547,-4.587036990586389
124,lower,0.0026821550000000003,-0.009016045,0.0,2.4487359,-4.1955066,1.0475703e-16,0.5196445316910807,-0.8543825610834749,-4.857039893941259
125,lower,0.0023260800000000003,-0.008408735,0.0,2.441916,-4.5079743,0.0,0.4915708221861317,-0.8708376006898476,-5.126088179212966
126,lower,0.00199525,-0.007799165,0.0,2.4100835,-4.8239028,0.0,0.46207857267459623,-0.8868389891491059,-5.391673026612136
127,lower,0.0016897,-0.00718737,0.0,2.3546576,-5.1368895,-1.516819e-16,0.4311724904214019,-0.902269518217149,-5.650122395781413
128,lower,0.0014094749999999999,-0.006573374999999999,0.0,2.2720639,-5.4437044,1.6898482e-16,0.3988724785737734,-0.9170064044685919,-5.898175558104847
129,lower,0.00115461,-0.0059572,0.0,2.1591786,-5.73815,-4.5637554e-20,0.3652295806948368,-0.930917479364027,-6.130340028935957
130,lower,0.0009251400000000001,-0.005338875,0.0,2.0179191,-6.0149763,-2.0521185e-16,0.3303115638221206,-0.9438719567851273,-6.343909463884691
131,lower,0.0007210960000000001,-0.004718425,0.0,1.8488557,-6.2670501,-1.1192519e-16,0.29421260217517414,-0.9557399984940008,-6.53362709967923
132,lower,0.000542498,-0.004095875,0.0,1.654174,-6.4902057,1.2131026e-16,0.25704370563994833,-0.9663997792791985,-6.697328370689852
133,lower,0.00038937149999999996,-0.00347125,0.0,1.4339563,-6.6792306,1.3058095e-16,0.21893249285385086,-0.9757400081849665,-6.831132147715763
134,lower,0.0002617365,-0.0028445750000000002,0.0,1.1942014,-6.8293611,-5.0626142e-20,0.18003252565033567,-0.9836606578022532,-6.932768926172286
135,lower,0.000159609,-0.002215875,0.0,0.9379495,-6.9380966,-7.4273475e-17,0.14051122417147133,-0.9900790856703492,-7.001056770476578
136,lower,8.300205e-05,-0.001585165,0.0,0.66979949,-7.0045101,7.8517844e-17,0.10055103980044541,-0.9949319013857426,-7.036359587245946
137,lower,3.192525e-05,-0.0009524705,0.0,0.3956924,-7.0295845,0.0,0.06034422666596445,-0.9981776266316966,-7.0406517242925615
138,lower,6.3852e-06,-0.0003178155,0.0,0.11975933,-7.0189577,0.0,0.04020986936545401,-0.9991912561695149,-7.018096668278283
139,upper,6.3852e-06,0.0003178155,0.0,-0.15395963,-6.9806639,0.0,0.04020986936545401,0.9991912561695149,6.981209027748038
140,upper,3.192525e-05,0.0009524705000000001,0.0,-0.42392049,-6.9033481,4.6755911e-17,0.060344226665964444,0.9981776266316966,6.916348776407339
141,upper,8.300204999999999e-05,0.001585165,0.0,-0.68421345,-6.7703186,-9.6784315e-17,0.10055103980044541,0.9949319013857426,6.80480433152821
142,upper,0.000159609,0.002215875,0.0,-0.92877724,-6.5807251,9.9698916e-17,0.14051122417147133,0.9900790856703492,6.645941917030918
143,upper,0.0002617365,0.0028445750000000002,0.0,-1.1511811,-6.3400318,-2.0430219e-16,0.18003252565033567,0.9836606578022532,6.443689891789136
144,upper,0.00038937149999999996,0.00347125,0.0,-1.3473772,-6.058309,-2.0810213e-16,0.21893249285385086,0.9757400081849665,6.206319122457498
145,upper,0.000542498,0.004095875,0.0,-1.514131,-5.7412647,-2.1091633e-16,0.25704370563994833,0.9663997792791985,5.937554781927775
146,upper,0.0007210960000000001,0.004718425,0.0,-1.6468595,-5.3920372,2.1281154e-16,0.29421260217517414,0.9557399984940008,5.637912444319502
147,upper,0.0009251400000000001,0.005338875,0.0,-1.7450677,-5.0190141,4.2739912e-16,0.33031156382212085,0.9438719567851273,5.313722700661616
148,upper,0.00115461,0.005957199999999999,0.0,-1.809145,-4.6327763,-1.0420181e-19,0.36522958069483696,0.930917479364027,4.973485705419565
149,upper,0.001409475,0.006573374999999999,0.0,-1.8396057,-4.2399484,-4.2499584e-16,0.39887247857377306,0.917006404468592,4.621827922573801
150,upper,0.0016896999999999997,0.00718737,0.0,-1.8383145,-3.8468311,4.2132011e-16,0.4311724904214017,0.902269518217149,4.26350908440252
151,upper,0.00199525,0.007799165,0.0,-1.8087588,-3.4592461,0.0,0.46207857267459634,0.8868389891491059,3.9035829991586026
152,upper,0.0023260800000000003,0.008408735,0.0,-1.7527358,-3.0837252,0.0,0.4915708221861317,0.8708376006898476,3.5470176326358875
153,upper,0.0026821550000000003,0.009016045,0.0,-1.6750117,-2.7244003,-4.0212813e-16,0.5196445316910804,0.8543825610834749,3.1980907761541677
154,upper,0.0030634349999999998,0.009621069999999999,0.0,-1.5795423,-2.3851592,0.0,0.5462874544705185,0.837597765689547,2.860688159029375
155,upper,0.003469865,0.010223804999999999,0.0,-1.471435,-2.0718051,7.6864502e-16,0.5715377142647113,0.8205757985543255,2.54105372097052
156,upper,0.0039013900000000002,0.010824150000000001,0.0,-1.3563012,-1.7836226,2.0531964e-19,0.5954124021428766,0.8034202333613769,2.240557041041892
157,upper,0.004357955,0.011422149999999999,0.0,-1.2390145,-1.5262635,-7.2975233e-16,0.6179381997975438,0.7862266729327941,1.9656234632768155
158,upper,0.004839505,0.01201775,0.0,-1.1265846,-1.3094141,-7.0943123e-16,0.6391911861448292,0.769047870782285,1.7271050723437997
159,upper,0.00534598,0.012610900000000001,0.0,-1.0245621,-1.1185241,8.457405e-20,0.659200896159698,0.7519668732745154,1.5164853246504535
160,upper,0.00587731,0.0132016,0.0,-0.9070464,-0.9331265,6.6856497e-16,0.6780223951970468,0.7350412448368185,1.3008842368330822
161,upper,0.00643343,0.013789800000000001,0.0,-0.83887559,-0.78916352,6.4647463e-16,0.6957160984349944,0.7183168593165478,1.1504887137207456
162,upper,0.007014275,0.0143755,0.0,-0.94791977,-0.8428732,6.2071601e-16,0.7123517532466416,0.701822612663938,1.266799781465067
163,upper,0.0076197650000000006,0.014958599999999999,0.0,-1.2037789,-1.0393731,-1.1862598e-15,0.7279693786304537,0.6856096438764488,1.5889183987872117
164,upper,0.008249820000000001,0.01553915,0.0,-1.4943652,-1.2559834,-1.4040233e-19,0.7426140893052944,0.669719578902445,1.9508933258439853
165,upper,0.00890436,0.016117100000000002,0.0,-1.7309897,-1.4235422,-5.452027e-16,0.75638683756709,0.6541245691420379,2.240471753274715
166,upper,0.009583305,0.01669235,0.0,-1.9131358,-1.5195526,0.0,0.7693298797442475,0.6388517325113094,2.4426013461004796
167,upper,0.010286585,0.0172649,0.0,-2.0403236,-1.5660999,-1.2146469e-19,0.7814535525483072,0.6239634165635276,2.57160716985195
168,upper,0.011014050000000001,0.01783475,0.0,-2.1293214,-1.5683562,-4.8349541e-16,0.7928291914301852,0.6094439048970454,2.644013290654481
169,upper,0.011765649999999999,0.018401849999999997,0.0,-2.1815717,-1.55332,-4.6592983e-16,0.803552999225174,0.5952332126454535,2.6775961364261973
170,upper,0.01254135,0.0189661,0.0,-2.196895,-1.5236353,4.4788334e-16,0.8136148028785003,0.5814042935316003,2.673274397566071
171,upper,0.01334095,0.01952755,0.0,-2.2099524,-1.4660774,-4.3043347e-16,0.823025591754891,0.5680042916356456,2.6515856368301707
172,upper,0.01416435,0.0200862,0.0,-2.2050517,-1.4160178,-1.023535e-19,0.8319085372796643,0.5549127729663548,2.6201676983407545
173,upper,0.015011549999999999,0.020641899999999998,0.0,-2.1786882,-1.3646536,0.0,0.8402826324397534,0.5421485936716225,2.5705588860503448
174,upper,0.01588235,0.021194650000000002,0.0,-2.1541889,-1.3020402,0.0,0.8481251524962085,0.5297959283566485,2.516837385834816
175,upper,0.01677665,0.0217445,0.0,-2.1291438,-1.2430357,0.0,0.855514113235915,0.517779491728058,2.4651309629545772
176,upper,0.0176944,0.02229135,0.0,-2.0934765,-1.1854447,7.1225951e-16,0.8624919597337304,0.5060707652045011,2.405525555578131
177,upper,0.018635350000000002,0.0228351,0.0,-2.0570909,-1.1315786,-6.8651244e-16,0.8690574897189731,0.49471110717605404,2.3475347557404724
178,upper,0.019599449999999997,0.023375800000000002,0.0,-2.0237692,-1.0751819,2.8183457e-20,0.8752510297275405,0.48366893115113335,2.2913381565969253
179,upper,0.020586649999999998,0.023913399999999998,0.0,-1.9837945,-1.0277193,3.2485771e-20,0.8810999676140643,0.47293006572906204,2.2339606258029843
180,upper,0.021596749999999998,0.02444785,0.0,-1.9439028,-0.98216619,-1.2334465e-15,0.8866138621619617,0.4625103884479246,2.1777532352327698
181,upper,0.02262965,0.02497915,0.0,-1.9097147,-0.93322476,-5.9527577e-16,0.8918201263881033,0.4523901658625078,2.125303709082618
182,upper,0.0236852,0.02550725,0.0,-1.8706686,-0.89411512,5.7474745e-16,0.8967435075220148,0.44255065440818625,2.0732011532475507
183,upper,0.02476325,0.0260321,0.0,-1.8358586,-0.85187079,1.2921356e-21,0.9014148767337496,0.4329563719395739,2.023693140219293
184,upper,0.025863699999999996,0.0265536,0.0,-1.7986703,-0.81580826,6.6032778e-20,0.905830980563437,0.423639274208001,1.9748997007186238
185,upper,0.02698635,0.0270718,0.0,-1.7653632,-0.77531539,0.0,0.9099936340707949,0.41462222076322475,1.9279322626165531
186,upper,0.0281311,0.0275867,0.0,-1.7323554,-0.74137104,-5.0143656e-16,0.9139525339091954,0.4058211006847239,1.8841546189298564
187,upper,0.0292978,0.028098150000000002,0.0,-1.69561,-0.71416869,4.8484859e-16,0.9177100320316391,0.39725092461627814,1.8397824798476639
188,upper,0.0304863,0.028606200000000002,0.0,-1.6680356,-0.67514586,4.6944005e-16,0.9212651587491915,0.38893509391005987,1.799291000295391
189,upper,0.03169645,0.0291108,0.0,-1.6345701,-0.65168764,0.0,0.9246510398524186,0.3808155124201756,1.7595797052411668
190,upper,0.0329281,0.029611850000000002,0.0,-1.6028323,-0.62493655,-4.4096233e-16,0.9278650574325706,0.37291612353939907,1.720260999778365
191,upper,0.0341811,0.0301094,0.0,-1.5727102,-0.5993463,-4.2665533e-16,0.9309092331005305,0.3652505985322711,1.682962040974484
192,upper,0.03545525,0.0306034,0.0,-1.5471437,-0.57069566,1.0021578e-19,0.9338066375181235,0.35777809285518863,1.6489154610898815
193,upper,0.0367504,0.031093799999999998,0.0,-1.5179583,-0.55275,-9.8927492e-20,0.9365626024704375,0.3505003447270791,1.6154020414374943
194,upper,0.0380664,0.0315806,0.0,-1.4927377,-0.52709753,9.4368245e-20,0.939191377429476,0.3433941708330582,1.5829685958664108
195,upper,0.039403099999999996,0.0320637,0.0,-1.4655247,-0.5081561,-1.0668086e-19,0.9417003841411519,0.3364526512132234,1.5510556400335183
196,upper,0.04076035,0.032543100000000005,0.0,-1.4407123,-0.48722172,-8.9034251e-20,0.9440873994217066,0.32969528697444106,1.5207930334174462
197,upper,0.04213789999999999,0.03301875,0.0,-1.4168858,-0.46985414,8.7935113e-20,0.9463599021173297,0.32311443122286915,1.4927005602032446
198,upper,0.0435356,0.03349065,0.0,-1.3938867,-0.44996562,-6.9476596e-16,0.9485231465619005,0.31670781555924893,1.464641427221747
199,upper,0.0449533,0.0339588,0.0,-1.3713267,-0.43340978,8.1926364e-20,0.9505950304190406,0.31043370973949214,1.4381213519437197
200,upper,0.04639075000000001,0.03442305,0.0,-1.3481803,-0.41876674,-1.265819e-21,0.9525774442617099,0.3042962580838439,1.4116752965699553
201,upper,0.04784785,0.034883449999999996,0.0,-1.3261582,-0.40403697,-1.2149406e-21,0.9544628984924092,0.29832964217702024,1.3863050041178635
202,upper,0.049324400000000004,0.035339999999999996,0.0,-1.3069645,-0.38743763,6.2282481e-16,0.9562663649837154,0.2924972464841873,1.3631306315371186
203,upper,0.050820149999999994,0.0357926,0.0,-1.2865955,-0.37493734,-3.0353191e-16,0.9579938403485371,0.28678877567691113,1.3400783847143038
204,upper,0.052334950000000005,0.03624125,0.0,-1.2677889,-0.3598459,7.277006e-20,0.9596434850267945,0.2812194546001898,1.3178210260124008
205,upper,0.053868650000000004,0.036685949999999995,0.0,-1.2482109,-0.3486876,6.9911717e-20,0.9612212963372729,0.27577820702095496,1.2959673405387542
206,upper,0.055421,0.03712665,0.0,-1.2301343,-0.33451452,-2.814568e-16,0.9627341241688309,0.27044963701375957,1.27476159843037
207,upper,0.0569918,0.037563299999999994,0.0,-1.211482,-0.32576803,-5.4896574e-16,0.9641876429705091,0.2652210194214896,1.2544965030927286
208,upper,0.058580900000000005,0.03799585,0.0,-1.1943745,-0.313658,-2.6775409e-16,0.9655762247945193,0.26012026855199855,1.2348484238943243
209,upper,0.06018804999999999,0.038424349999999996,0.0,-1.1788434,-0.30085182,0.0,0.9669014859062016,0.25514998834485453,1.2165877734772472
210,upper,0.061813,0.03884875,0.0,-1.1619703,-0.29359821,-6.1950849e-20,0.9681760686229203,0.25027005443293904,1.1984706769087086
211,upper,0.0634556,0.039269,0.0,-1.1461303,-0.28285441,-2.4945966e-16,0.9694007707471146,0.24548349369132808,1.180495684969421
212,upper,0.0651157,0.0396851,0.0,-1.1308351,-0.27241514,5.9954014e-20,0.9705788575851712,0.24078347370337558,1.163157703173804
213,upper,0.06679299999999999,0.04009695,0.0,-1.1148929,-0.26516299,4.7681756e-16,0.9717085532854355,0.23618316508999126,1.1459780011701293
214,upper,0.0684873,0.0405046,0.0,-1.1006019,-0.25508371,-2.3305302e-16,0.9727875148668429,0.23169905247797548,1.1297544410682923
215,upper,0.0701984,0.04090805,0.0,-1.0867473,-0.2469826,-1.1141924e-19,0.9738239737527902,0.22730347147442564,1.114440576524895
216,upper,0.07192604999999999,0.041307250000000004,0.0,-1.073315,-0.23931507,5.48918e-20,0.97482076340115,0.22298986354092284,1.0996545824724917
217,upper,0.0736701,0.0417022,0.0,-1.0601294,-0.2321614,0.0,0.9757827628987734,0.21874185614471697,1.0852394105233751
218,upper,0.0754303,0.0420928,0.0,-1.0463063,-0.22572126,0.0,0.9767096252028203,0.21456539337965522,1.070369405066401
219,upper,0.07720635,0.04247905,0.0,-1.03362,-0.21644803,-4.188017e-16,0.9775958356304612,0.21049081252629653,1.0560229293287735
220,upper,0.07899809999999999,0.042860999999999996,0.0,-1.0209914,-0.21086654,-2.0529646e-16,0.9784474080348472,0.2064961735962419,1.0425295226053488
221,upper,0.08080535,0.0432386,0.0,-1.0087042,-0.20500468,0.0,0.9792664179710615,0.2025766092966466,1.0293193016907092
222,upper,0.08262775,0.04361185,0.0,-0.99766535,-0.19621203,4.7827203e-20,0.9800550106746153,0.19872638489032993,1.0167594326378369
223,upper,0.08446514999999999,0.0439807,0.0,-0.98560973,-0.1931904,-4.7469733e-20,0.9808161466926766,0.19493508249396724,1.004361524082452
224,upper,0.08631734999999999,0.04434515,0.0,-0.97514349,-0.18466093,-1.3474708e-21,0.9815470570561197,0.1912207488335682,0.9924602241318369
225,upper,0.08818405000000001,0.0447052,0.0,-0.96403515,-0.17997123,-1.8612107e-16,0.9822511700336118,0.18757035737983957,0.9806819219702178
226,upper,0.090065,0.045060800000000005,0.0,-0.95301286,-0.17418236,1.8280898e-16,0.9829306342758372,0.18397654253219525,0.9687910033157277
227,upper,0.09196,0.04541194999999999,0.0,-0.94195449,-0.17071529,-8.7526838e-20,0.9835842290423771,0.18044961728724346,0.9572970895852362
228,upper,0.0938688,0.04575865,0.0,-0.93213188,-0.16298739,2.1859622e-20,0.9842127376470077,0.17698951113945288,0.9462631279408474
229,upper,0.09579114999999999,0.0461009,0.0,-0.92195067,-0.15936083,1.7300195e-16,0.9848198994814303,0.17357927752293836,0.935617103893093
230,upper,0.09772685,0.04643865,0.0,-0.91207127,-0.15459193,-1.6990655e-16,0.9854055048532806,0.1702233562260218,0.9250752074465811
231,upper,0.0996755,0.0467719,0.0,-0.90223832,-0.15145668,-1.6665917e-16,0.9859670964915813,0.16693976349558168,0.9148614390528682
232,upper,0.101637,0.047100699999999995,0.0,-0.89361631,-0.1445422,3.9729504e-20,0.9865081794119904,0.16371197864921183,0.9052230886312709
233,upper,0.10361100000000001,0.047425,0.0,-0.88501719,-0.1400971,-3.9555074e-20,0.9870342329247747,0.16050988453862125,0.8960292326020852
234,upper,0.1055975,0.04774475,0.0,-0.87520346,-0.13661601,-1.5863075e-16,0.9875409496660154,0.1573622341374969,0.8857974565919331
235,upper,0.107596,0.048060000000000005,0.0,-0.86577047,-0.13377159,-1.6567196e-20,0.9880243664610499,0.1542979302493743,0.8760429995856033
236,upper,0.10960600000000001,0.048370750000000004,0.0,-0.85749349,-0.12966328,-1.532645e-16,0.9884932526394519,0.15126496450360447,0.8672400404938762
237,upper,0.111628,0.048677,0.0,-0.84925651,-0.12449564,0.0,0.9889479760992839,0.14826294401882964,0.8583285968575497
238,upper,0.1136615,0.04897875,0.0,-0.84066175,-0.1206794,0.0,0.9893829550820233,0.14533192420512006,0.8492749758533445
239,upper,0.11570550000000002,0.04927595,0.0,-0.83262348,-0.117123,-1.7165559e-20,0.9898018827153462,0.14245080895928977,0.8408165541947422
240,upper,0.11776,0.049568600000000004,0.0,-0.82442127,-0.11527411,1.7700888e-20,0.9902092935497705,0.13959066934313474,0.8324407935269387
241,upper,0.1198255,0.049856750000000005,0.0,-0.81679962,-0.11161286,0.0,0.9906030348302634,0.1367685175216571,0.8243893078187581
242,upper,0.1219015,0.0501404,0.0,-0.80929421,-0.10688341,0.0,0.9909802550109116,0.13400796311603616,0.8163178106696505
243,upper,0.123987,0.0504195,0.0,-0.80115944,-0.10603287,-1.6723073e-20,0.9913424689285885,0.13130159670990627,0.8081456623897793
244,upper,0.126082,0.050694100000000006,0.0,-0.79463663,-0.10013555,1.3568666e-16,0.9916933062938513,0.1286249830008523,0.8009157603234348
245,upper,0.128187,0.05096425,0.0,-0.78673225,-0.09923977,-1.3389514e-16,0.992033612614483,0.1259734553112595,0.7929664128590153
246,upper,0.130301,0.05122985,0.0,-0.77955978,-0.094988525,1.619456e-20,0.9923601818421786,0.12337450909389026,0.7853232476790765
247,upper,0.1324235,0.051490949999999994,0.0,-0.77247688,-0.093420421,-1.0940807e-21,0.9926761438221815,0.1208059331586151,0.7781051115651658
248,upper,0.13455499999999998,0.05174755,0.0,-0.76572356,-0.090073279,1.2830246e-16,0.9929817755805145,0.1182674653696815,0.7710022786174987
249,upper,0.136695,0.0519997,0.0,-0.75858716,-0.087557706,-2.5303316e-16,0.9932742436154872,0.1157854782348871,0.7636229984277803
250,upper,0.138843,0.0522474,0.0,-0.75219061,-0.084749547,-1.2476914e-16,0.9935568349185826,0.11333497159556852,0.7569492092290603
251,upper,0.1409985,0.0524906,0.0,-0.74586894,-0.081448195,-1.2328043e-16,0.9938301543289045,0.11091268794229872,0.750300681984835
252,upper,0.1431615,0.05272935,0.0,-0.73919603,-0.080039954,1.4797631e-20,0.9940934051491188,0.10852788507581637,0.7435164654645958
253,upper,0.14533200000000002,0.0529637,0.0,-0.73272861,-0.0775559,-1.4182686e-22,0.9943468125659055,0.10618105452491922,0.7368213250759756
254,upper,0.14750950000000002,0.05319365,0.0,-0.72669445,-0.07577422,-2.3732711e-16,0.9945931206901506,0.10384856414908933,0.7306343447602298
255,upper,0.149694,0.05341915,0.0,-0.72035299,-0.072203145,1.437076e-20,0.9948302051096927,0.10155226733759729,0.7239613058767357
256,upper,0.1518845,0.05364025,0.0,-0.71402273,-0.070746788,0.0,0.9950562606529044,0.09931282966192723,0.717518851440751
257,upper,0.15408100000000002,0.053857,0.0,-0.70831601,-0.068677282,-1.7605882e-22,0.9952761535226904,0.09708438715405358,0.7116375257457156
258,upper,0.156284,0.0540694,0.0,-0.70210199,-0.067147761,0.0,0.9954879128535968,0.0948884363997507,0.705305590684491
259,upper,0.158492,0.054277450000000005,0.0,-0.69643654,-0.063836257,-5.5859435e-17,0.9956908738562504,0.09273447966844017,0.6993553291748993
260,upper,0.1607055,0.0544812,0.0,-0.6910358,-0.061777935,6.7151995e-21,0.9958882325687555,0.09059044227224233,0.6937909119580519
261,upper,0.1629245,0.05468065,0.0,-0.68487048,-0.061081516,5.4655454e-17,0.9960774734038006,0.08848540544915386,0.6875888800359571
262,upper,0.1651475,0.0548758,0.0,-0.67968918,-0.058239438,5.4056169e-17,0.9962589192846191,0.08641854977863755,0.6821793756881318
263,upper,0.167375,0.055066699999999996,0.0,-0.67413115,-0.057367835,5.3418948e-17,0.9964343886177613,0.08437125802041891,0.6765676567072961
264,upper,0.169607,0.055253399999999994,0.0,-0.66901176,-0.054191007,-5.2823312e-17,0.9966026001612309,0.08236053273184678,0.6712020597602366
265,upper,0.1718425,0.055435899999999996,0.0,-0.66358992,-0.053553808,-5.7178041e-23,0.9967647898253805,0.08037383756151664,0.6657473922040338
266,upper,0.1740815,0.0556142,0.0,-0.65839853,-0.051130316,-6.3563019e-21,0.9969223952585987,0.0783947564053767,0.6603805882300903
267,upper,0.1763245,0.05578835,0.0,-0.6529806,-0.050478607,0.0,0.9970741164401249,0.07644086816058608,0.6549286833401597
268,upper,0.1785705,0.055958350000000004,0.0,-0.64778929,-0.048544878,1.6431524e-22,0.997218925713215,0.07452794240673447,0.6496056897340522
269,upper,0.180819,0.05612425,0.0,-0.64293909,-0.046148051,0.0,0.9973575739157579,0.07264894873894348,0.6445927783695062
270,upper,0.18307,0.05628609999999999,0.0,-0.63795774,-0.045545034,4.9781964e-17,0.9974918674469443,0.07078117247691963,0.6395813883318534
271,upper,0.18532300000000002,0.056443850000000004,0.0,-0.63304365,-0.042994656,4.9323721e-17,0.9976206273901264,0.06894261240865907,0.6345015671825871
272,upper,0.1875775,0.0565976,0.0,-0.62819095,-0.04250969,9.785808e-17,0.9977436161421472,0.0671392318066835,0.6296275780117111
273,upper,0.189834,0.0567474,0.0,-0.62365049,-0.040845415,2.5278817e-23,0.9978624698900068,0.06534899528696057,0.6249866251318419
274,upper,0.19209199999999998,0.05689325,0.0,-0.61885776,-0.039583426,9.6041825e-17,0.9979766222541371,0.0635819269464465,0.6201223674807835
275,upper,0.19435049999999998,0.05703515,0.0,-0.61434866,-0.03780205,-4.7604981e-17,0.9980864694461176,0.06183364382425112,0.6155105235638797
276,upper,0.19661,0.05717315,0.0,-0.60975496,-0.037174793,9.443058e-17,0.998191881987288,0.060107958996092184,0.6108869520068158
277,upper,0.19887,0.0573073,0.0,-0.60504136,-0.035614547,9.363165e-17,0.9982998707601042,0.058286945711363385,0.6060885746600415
278,upper,0.20133800000000002,0.0574492,0.0,-0.59993821,-0.034632235,-7.8329603e-17,0.9984044897151652,0.05646658229962972,0.6009365663635272
279,upper,0.2040135,0.0575982,0.0,-0.5953094,-0.032999721,0.0,0.9985062829825724,0.05463700984064666,0.5962231822996009
280,upper,0.206689,0.057742,0.0,-0.59010474,-0.031348442,7.6729329e-17,0.9986093100455609,0.052720450399526775,0.5909367912475786
281,upper,0.2093645,0.0578807,0.0,-0.58511661,-0.029434693,7.6094601e-17,0.9987072573433905,0.05083123183282943,0.5858564065029734
282,upper,0.21204,0.05801435,0.0,-0.58021638,-0.028614974,0.0,0.9988009594402978,0.04895552492968005,0.5809215380999956
283,upper,0.21471600000000002,0.05814299999999999,0.0,-0.57511676,-0.027298172,0.0,0.9988896143884404,0.047111975833249525,0.5757642294442851
284,upper,0.21739150000000002,0.05826674999999999,0.0,-0.57051271,-0.026036358,7.4033727e-17,0.9989734229811844,0.04530011233159944,0.5711064847050775
285,upper,0.220067,0.05838565,0.0,-0.5657212,-0.024792072,0.0,0.9990529323189383,0.04351135972284478,0.5662641604980553
286,upper,0.22274249999999998,0.058499800000000005,0.0,-0.56100864,-0.023597088,-3.6330361e-17,0.9991276929933349,0.041759467116046604,0.5615046700528987
287,upper,0.225418,0.0586093,0.0,-0.55640804,-0.022422128,0.0,0.9991986452823317,0.04002583248294936,0.5568596241314366
288,upper,0.2280935,0.05871415,0.0,-0.55181782,-0.021763937,3.5629414e-17,0.9992658839717858,0.038310483292245616,0.5522465086384958
289,upper,0.230769,0.05881445,0.0,-0.54735505,-0.0197029,3.5289769e-17,0.9993289448013487,0.036628678412180385,0.5477094357360768
290,upper,0.233445,0.0589103,0.0,-0.54285142,-0.019113384,0.0,0.9993884048443872,0.03496878983595591,0.5431877866094604
291,upper,0.2361205,0.059001700000000004,0.0,-0.53852797,-0.018071562,-3.4694886e-17,0.9994446996599368,0.033321049228057384,0.5388310886421553
292,upper,0.238796,0.0590887,0.0,-0.53413837,-0.017034196,3.4369086e-17,0.9994974996815011,0.03169776223060113,0.53440991119355
293,upper,0.24147149999999998,0.0591714,0.0,-0.529827,-0.016065435,1.7034913e-17,0.9995465444734238,0.030111549798003425,0.5300705021647498
294,upper,0.244147,0.0592499,0.0,-0.5257789,-0.015266719,-1.6868823e-17,0.999592619529365,0.028541110392242823,0.5260004370565745
295,upper,0.24682300000000001,0.0593242,0.0,-0.52159721,-0.014157152,0.0,0.9996361551289724,0.026973271195109217,0.5217892942306456
296,upper,0.24949849999999998,0.059394300000000004,0.0,-0.51744091,-0.013570002,1.6558717e-17,0.9996764625277117,0.025435610236057313,0.5176186597576946
297,upper,0.252174,0.059460349999999995,0.0,-0.51343865,-0.012048854,3.281051e-17,0.9997135744596021,0.023932593699920304,0.5135799483845442
298,upper,0.2548495,0.0595224,0.0,-0.50949233,-0.011344411,0.0,0.9997482195109414,0.022438751852601215,0.5096186041953239
299,upper,0.257525,0.05958045,0.0,-0.50543948,-0.010862876,0.0,0.9997804387935068,0.020954097591233463,0.5055561268617874
300,upper,0.2602005,0.05963455,0.0,-0.5015451,-0.009633676,0.0,0.999810091243076,0.019487982155981038,0.5016375930995022
301,upper,0.262876,0.05968475,0.0,-0.49752703,-0.0090342074,1.585608e-17,0.9998371202549403,0.018048073589950923,0.49760904296417535
302,upper,0.265552,0.05973115,0.0,-0.49367484,-0.0087092479,0.0,0.9998615807113506,0.01663789101417282,0.4937514093971987
303,upper,0.2682275,0.0597738,0.0,-0.49002687,-0.0070655135,-1.5570086e-17,0.9998838892611467,0.015238372485375868,0.4900776395445798
304,upper,0.270903,0.059812699999999996,0.0,-0.48631807,-0.0067786759,0.0,0.9999041319127673,0.013846551331476312,0.48636530890065116
305,upper,0.2735785,0.059847899999999996,0.0,-0.48247724,-0.0060619456,-1.531473e-17,0.9999220883736294,0.012482675294966222,0.48251531871212533
306,upper,0.276254,0.0598795,0.0,-0.47900693,-0.0055527054,0.0,0.9999380926597041,0.011127032312041617,0.4790390610873855
307,upper,0.27893,0.05990745,0.0,-0.47533848,-0.0044869775,0.0,0.999952156697654,0.00978183600917776,0.4753596291154666
308,upper,0.2816055,0.059931849999999995,0.0,-0.47170937,-0.0042064145,-7.456878e-18,0.9999641678255884,0.008465403999719177,0.47172807662571536
309,upper,0.284281,0.05995275,0.0,-0.46825036,-0.0031857823,0.0,0.9999743857901112,0.007157357311860642,0.46826116791923733
310,upper,0.2869565,0.05997015,0.0,-0.46464116,-0.0027505219,0.0,0.9999827833685497,0.005867961016216289,0.4646493003996751
311,upper,0.289632,0.05998415,0.0,-0.46125838,-0.0022659801,0.0,0.9999894327147064,0.004597222957350294,0.46126392296684116
312,upper,0.2923075,0.05999475,0.0,-0.45776908,-0.0014013723,0.0,0.999994436181954,0.0033358065195006,0.4577712077629864
313,upper,0.294983,0.060002,0.0,-0.45441929,-0.0011289364,0.0,0.9999978294626393,0.0020835234604334946,0.4544206558314283
314,upper,0.297659,0.0600059,0.0,-0.45097731,-0.00060905928,0.0,0.9999996385555981,0.0008502286004721972,0.4509776648363952
315,upper,0.3003345,0.06000655,0.0,-0.44761698,0.00036572424,0.0,0.9999999369612979,-0.00035507379559439215,0.44761708164190056
316,upper,0.30301,0.060004,0.0,-0.4444465,0.00072913171,0.0,0.9999987824907758,-0.0015604540896645926,0.44444709665884535
317,upper,0.3056855,0.0599982,0.0,-0.44105966,0.0013340596,0.0,0.9999962008917517,-0.0027564836410305035,0.44106166168007127
318,upper,0.308361,0.05998925,0.0,-0.43786119,0.0015518554,0.0,0.9999922639707071,-0.003933446165857231,0.43786390683268106
319,upper,0.311037,0.05997715,0.0,-0.43469485,0.0023805193,0.0,0.9999869882484416,-0.005101307068893459,0.43470133761854085
320,upper,0.3137125,0.05996195,0.0,-0.43137909,0.0027018319,0.0,0.9999804620218943,-0.006251045870796069,0.43138755099992643
321,upper,0.316388,0.0599437,0.0,-0.42834365,0.0031749395,0.0,0.9999727556440811,-0.007381596682477875,0.4283554161760241
322,upper,0.3190635,0.05992245,0.0,-0.42522097,0.003461423,6.6128585e-18,0.9999638507454391,-0.008502776155657147,0.4252350302838599
323,upper,0.321739,0.0598982,0.0,-0.42214901,0.004233144,0.0,0.999953697628112,-0.009623024465634622,0.4221701991478254
324,upper,0.324415,0.059870950000000006,0.0,-0.41902871,0.0045091086,0.0,0.9999424818037067,-0.010725347744655675,0.41905296998215913
325,upper,0.3270905,0.059840800000000006,0.0,-0.41601767,0.0048096761,1.2892453e-17,0.9999302588948963,-0.01181005276811005,0.41604545899649004
326,upper,0.329766,0.05980775000000001,0.0,-0.41299571,0.0053436216,0.0,0.999916872613125,-0.012893714111439403,0.4130302778750673
327,upper,0.3324415,0.0597718,0.0,-0.40997418,0.0058658481,-1.267516e-17,0.999902442886955,-0.013967988713475113,0.41001611820263195
328,upper,0.335117,0.059733,0.0,-0.40690039,0.0057812517,0.0,0.9998872806619539,-0.015014192300725286,0.4069413252821512
329,upper,0.3377925,0.05969145000000001,0.0,-0.40404826,0.0067427473,1.244953e-17,0.9998711743028643,-0.01605100614326593,0.40410443607956387
330,upper,0.340468,0.0596471,0.0,-0.40112449,0.006653447,1.2339629e-17,0.9998540207058676,-0.017086172137448986,0.40117961607083996
331,upper,0.343144,0.0596,0.0,-0.39821636,0.0074642964,-1.2235202e-17,0.9998361072576625,-0.018104105165518313,0.39828622963572813
332,upper,0.3458195,0.0595502,0.0,-0.39539411,0.0076986021,0.0,0.9998171240266582,-0.019123768014227178,0.3954690281978744
333,upper,0.348495,0.05949765,0.0,-0.39244476,0.0079347064,0.0,0.9997973238654776,-0.02013234192609026,0.39252496503535755
334,upper,0.3511705,0.059442449999999994,0.0,-0.38958391,0.0082628576,1.1948512e-17,0.9997770991300132,-0.02111284100199843,0.3896715238062591
335,upper,0.353846,0.05938465,0.0,-0.38682863,0.0085820347,2.3685807e-17,0.999756165568676,-0.02208187961696893,0.38692381531809816
336,upper,0.356522,0.05932425,0.0,-0.3841269,0.0087834129,-1.1737663e-17,0.9997342482606979,-0.023052827475542492,0.3842273001104424
337,upper,0.3591975,0.05926125,0.0,-0.38132077,0.0092046054,1.163754e-17,0.9997113351131779,-0.02402595359662761,0.3814318455053007
338,upper,0.361873,0.05919565,0.0,-0.37855129,0.0096087472,-2.307897e-17,0.9996877630884224,-0.024987523512068503,0.37867319111091824
339,upper,0.3645485,0.0591275,0.0,-0.37575396,0.0094666821,1.1440382e-17,0.9996639939055367,-0.02592102021199781,0.3758730904374759
340,upper,0.367224,0.059056899999999996,0.0,-0.37314755,0.010274104,1.1333569e-17,0.9996396049536748,-0.026845115161995853,0.37328887897649793
341,upper,0.3698995,0.0589838,0.0,-0.37042286,0.010126099,0.0,0.9996143630379565,-0.02776914129425877,0.3705612043274888
342,upper,0.372575,0.05890825000000001,0.0,-0.36770575,0.010800185,0.0,0.9995888807428499,-0.02867175431075924,0.3678642393360409
343,upper,0.375251,0.0588303,0.0,-0.36516969,0.010854512,-1.1053031e-17,0.9995622319659214,-0.029586220226742337,0.36533097436518946
344,upper,0.3779265,0.05874985,0.0,-0.36235815,0.010934926,0.0,0.9995349459354425,-0.03049412818612686,0.3625230849046667
345,upper,0.380602,0.05866705,0.0,-0.35971684,0.011601682,0.0,0.9995078025167766,-0.031371208266249256,0.35990374705893974
346,upper,0.3832775,0.05858189999999999,0.0,-0.35714979,0.011305093,1.07761e-17,0.9994798910295333,-0.03224821588231088,0.3573286022700543
347,upper,0.385953,0.0584944,0.0,-0.35450485,0.01205975,2.1359075e-17,0.9994516232085592,-0.03311272966362115,0.3547097790093676
348,upper,0.388629,0.0584046,0.0,-0.35202832,0.011747261,-2.1176975e-17,0.9994228240588215,-0.03397085148020145,0.3522242021818127
349,upper,0.3913045,0.0583125,0.0,-0.34937697,0.012490106,0.0,0.9993935016277897,-0.03482282159942054,0.34960001416940306
350,upper,0.39398,0.05821815,0.0,-0.34689839,0.012435623,2.0834878e-17,0.9993635678879306,-0.035671545779591037,0.3471212106201211
351,upper,0.3966555,0.058121500000000006,0.0,-0.34435321,0.01237804,4.12888e-17,0.9993332560064465,-0.036510867417167206,0.34457554754289604
352,upper,0.399331,0.05802265,0.0,-0.34180278,0.013075536,2.0458615e-17,0.999302937995846,-0.037331462774317446,0.34205265115458605
353,upper,0.4020065,0.057921600000000004,0.0,-0.33940386,0.01302306,-4.0619213e-17,0.9992715920629128,-0.03816130626762389,0.33965361251569964
354,upper,0.404682,0.0578183,0.0,-0.33679864,0.012939293,0.0,0.9992400646625008,-0.03897811146375862,0.3370470440166585
355,upper,0.407358,0.057712849999999996,0.0,-0.33438976,0.013368807,1.9914167e-17,0.9992088432801552,-0.03977043513382744,0.3346568885659389
356,upper,0.4100335,0.0576053,0.0,-0.33194291,0.013788077,0.0,0.9991768420525978,-0.04056646775106134,0.33222900213651935
357,upper,0.412709,0.057495599999999994,0.0,-0.32949231,0.013444689,3.9177671e-17,0.9991443623484307,-0.04135871356011533,0.3297664390149173
358,upper,0.4153845,0.0573838,0.0,-0.3270529,0.014104437,0.0,0.9991116497844289,-0.042141562204511526,0.32735674549497695
359,upper,0.41806,0.0572699,0.0,-0.32464424,0.013761236,0.0,0.9990784980477578,-0.042920330131960054,0.3249357164911996
360,upper,0.420736,0.057153899999999994,0.0,-0.32222394,0.014153064,-3.8125956e-17,0.9990453845986709,-0.04368431654603134,0.3225346069920713
361,upper,0.4234115,0.0570359,0.0,-0.31980275,0.014532653,-1.8921165e-17,0.999011919278719,-0.0444430550148176,0.3201326345649026
362,upper,0.426087,0.056915850000000004,0.0,-0.3174488,0.014458431,-1.8765495e-17,0.9989776428336992,-0.045206958738960384,0.3177778756380335
363,upper,0.4287625,0.056793750000000004,0.0,-0.3149791,0.014377481,1.859841e-17,0.9989436418132341,-0.045952154257583325,0.31530704547380234
364,upper,0.431438,0.0566697,0.0,-0.31264616,0.014859113,0.0,0.998909726073341,-0.046683606930943713,0.31299896703411645
365,upper,0.434114,0.05654365,0.0,-0.31034865,0.014624353,-1.8264188e-17,0.9988750737835127,-0.04741926796126444,0.3106930067810307
366,upper,0.4367895,0.05641565,0.0,-0.30795491,0.015065284,0.0,0.9988401146650686,-0.04815002944830153,0.30832311148431796
367,upper,0.439465,0.056285699999999994,0.0,-0.30565978,0.014880947,6.061477e-23,0.9988048397557988,-0.048876293644188044,0.3060217931179683
368,upper,0.4421405,0.056153800000000004,0.0,-0.30329041,0.015038795,0.0,0.9987699638633304,-0.04958386112881448,0.3036630333586194
369,upper,0.444816,0.05602005,0.0,-0.30104417,0.015479658,1.7613779e-17,0.9987350579190818,-0.05028204533795625,0.3014417154265239
370,upper,0.4474915,0.0558844,0.0,-0.29874803,0.015324447,-1.7479958e-17,0.9986991912556062,-0.050989463474310055,0.2991408012807761
371,upper,0.450167,0.05574685,0.0,-0.29641616,0.015417174,0.0,0.9986630755227627,-0.0516919876520236,0.29681681834828444
372,upper,0.452843,0.0556074,0.0,-0.29418317,0.015333754,1.7150914e-17,0.9986271953202536,-0.052380576235894524,0.29458250483790077
373,upper,0.4555185,0.055466150000000006,0.0,-0.29186144,0.015751537,-3.4004423e-17,0.9985915690614208,-0.0530554257305482,0.2922860778195712
374,upper,0.458194,0.0553231,0.0,-0.28966166,0.015658464,0.0,0.9985552513259838,-0.05373462616694568,0.2900845734101902
375,upper,0.4608695,0.0551782,0.0,-0.28739217,0.015738897,0.0,0.9985184743358233,-0.05441375203071002,0.2878228035630565
376,upper,0.463545,0.0550315,0.0,-0.28514486,0.015806312,0.0,0.9984820344743245,-0.055078369910644784,0.2855826058319555
377,upper,0.466221,0.054883,0.0,-0.28293533,0.015701023,0.0,0.9984453912195608,-0.05573868272948458,0.28337063059121087
378,upper,0.4688965,0.054732750000000004,0.0,-0.28065451,0.016177785,1.6246417e-17,0.9984085426066022,-0.056394876098458176,0.2811202044856925
379,upper,0.471572,0.05458075,0.0,-0.27848777,0.015766681,1.6089934e-17,0.9983715621336385,-0.05704580547979083,0.2789336929874014
380,upper,0.4742475,0.054427,0.0,-0.27624713,0.016045999,1.5931972e-17,0.9983346973614677,-0.057687364684014523,0.2767127463215564
381,upper,0.476923,0.05427155,0.0,-0.27406499,0.016085993,0.0,0.9982979662335446,-0.05831955601655943,0.27453665010266226
382,upper,0.4795985,0.0541144,0.0,-0.27188339,0.016137549,1.5636256e-17,0.9982608375350118,-0.05895167719324629,0.27236187619259644
383,upper,0.482274,0.053955550000000005,0.0,-0.26966744,0.016172771,1.5483182e-17,0.9982236424982213,-0.05957818021375983,0.2701519584851644
384,upper,0.48495,0.053794999999999996,0.0,-0.26755848,0.016217045,0.0,0.9981862865800942,-0.06020080799658572,0.26804948480653135
385,upper,0.4876255,0.0536328,0.0,-0.26532552,0.016247578,0.0,0.9981487663469377,-0.06081973561342063,0.26582251386667816
386,upper,0.490301,0.05346895,0.0,-0.26318302,0.016278651,0.0,0.9981112101341758,-0.06143298954544762,0.26368596877566397
387,upper,0.4929765,0.05330345,0.0,-0.26100049,0.016304368,0.0,0.9980738575141266,-0.062036883761764375,0.26150923804980225
388,upper,0.495652,0.05313635,0.0,-0.25887558,0.016456881,0.0,0.9980365082423612,-0.06263488018185463,0.2593980547020181
389,upper,0.498328,0.052967600000000004,0.0,-0.25676918,0.01621814,0.0,0.9979984377633078,-0.06323858175194404,0.25728085267802003
390,upper,0.5010035,0.052797250000000004,0.0,-0.25453015,0.016597882,-1.4498404e-17,0.9979602191092242,-0.06383886806224845,0.25507055426301445
391,upper,0.503679,0.0526253,0.0,-0.25245117,0.016147211,1.4351812e-17,0.9979220223069213,-0.06443320102916224,0.2529669985925717
392,upper,0.5063545,0.05245175,0.0,-0.25025953,0.016493394,0.0,0.9978846844586579,-0.06500889572085325,0.250802369457451
393,upper,0.5090300000000001,0.052276699999999995,0.0,-0.2481973,0.016287905,-1.4065519e-17,0.9978476274858825,-0.06557524167546365,0.24873117026016384
394,upper,0.5117055,0.0521001,0.0,-0.24610714,0.016402399,0.0,0.9978096365168542,-0.06615080705557141,0.24665310783910005
395,upper,0.514381,0.051921949999999994,0.0,-0.24394976,0.016619564,0.0,0.9977717315505039,-0.06672009981039771,0.24451503341541514
396,upper,0.5170570000000001,0.051742250000000004,0.0,-0.24195553,0.016175651,2.0731255e-22,0.9977330897758055,-0.06729547953930011,0.242495586726148
397,upper,0.5197325,0.051561,0.0,-0.23970722,0.016493141,0.0,0.9976949522672827,-0.067858545669536,0.24027388397780564
398,upper,0.522408,0.0513783,0.0,-0.23769035,0.01627874,0.0,0.9976575653822626,-0.06840601022962978,0.23824713955082336
399,upper,0.5250835,0.051194100000000006,0.0,-0.23564275,0.016402923,-2.6489266e-17,0.9976192396511091,-0.0689626904778442,0.23621293078607733
400,upper,0.5277590000000001,0.051008399999999995,0.0,-0.2334683,0.01632508,0.0,0.9975817030177749,-0.06950356684484509,0.23403835560369224
401,upper,0.530435,0.05082125,0.0,-0.23154449,0.016344002,5.1884815e-17,0.9975434258127535,-0.07005079312724126,0.23212059408564006
402,upper,0.5331105,0.0506326,0.0,-0.22933493,0.016418205,2.5698255e-17,0.9975043868353318,-0.07060451999885473,0.22992179821284153
403,upper,0.5357860000000001,0.0504425,0.0,-0.22726764,0.016290702,0.0,0.9974668309133357,-0.0711331232809802,0.22785074115365253
404,upper,0.5384615,0.050251000000000004,0.0,-0.22525861,0.016200392,-2.5169196e-17,0.9974289977410027,-0.07166166663829907,0.22584041669574517
405,upper,0.541137,0.05005805,0.0,-0.22315464,0.016310871,0.0,0.9973907020816578,-0.07219271016562347,0.22374988904503146
406,upper,0.5438130000000001,0.049863649999999995,0.0,-0.22115661,0.016209335,0.0,0.9973529927626528,-0.0727118135338397,0.22174981699677035
407,upper,0.5464885,0.0496679,0.0,-0.21906581,0.016080365,0.0,0.9973151970094397,-0.07322839486171034,0.2196552007759229
408,upper,0.549164,0.04947075,0.0,-0.21706451,0.016160541,-4.8210364e-17,0.9972762655082712,-0.07375669633244235,0.21766523202228777
409,upper,0.5518395,0.04927215,0.0,-0.21496104,0.016172791,0.0,0.9972377474855786,-0.07427566889560343,0.21556850819619114
410,upper,0.5545150000000001,0.049072199999999996,0.0,-0.21292821,0.015980493,4.7203544e-17,0.9972003521904823,-0.07477604958258964,0.2135270441402112
411,upper,0.5571905,0.048870899999999995,0.0,-0.21094739,0.016015737,0.0,0.9971620092204216,-0.07528563852084727,0.21155447823863086
412,upper,0.559866,0.0486682,0.0,-0.20883916,0.01603278,0.0,0.9971239440172495,-0.07578812748369779,0.2094536212590075
413,upper,0.5625420000000001,0.04846415,0.0,-0.20688942,0.015844515,-2.2840164e-17,0.9970858021618481,-0.07628828958145613,0.20749525424809723
414,upper,0.5652175,0.04825875,0.0,-0.20478327,0.015934799,0.0,0.9970468630129068,-0.07679552692782256,0.20540223823671905
415,upper,0.567893,0.048052,0.0,-0.2027673,0.015824192,0.0,0.9970089361290928,-0.0772863589434414,0.20338380423767052
416,upper,0.5705685,0.047843949999999996,0.0,-0.20075337,0.015751558,4.4212871e-17,0.9969714928522767,-0.07776787537217911,0.20137035218348712
417,upper,0.5732440000000001,0.0476346,0.0,-0.19871405,0.015662991,4.3697036e-17,0.9969343901676314,-0.0782420711707756,0.19933037511105944
418,upper,0.57592,0.04742395,0.0,-0.19681769,0.015635779,-2.1601503e-17,0.9968957635628627,-0.07873269073527875,0.19743776830764095
419,upper,0.5785955,0.04721195,0.0,-0.19472759,0.015389641,2.1343677e-17,0.9968563138947718,-0.0792306092878779,0.19533475821416416
420,upper,0.5812710000000001,0.04699865,0.0,-0.19272733,0.015497439,0.0,0.9968186834996968,-0.07970264880122335,0.193349390302947
421,upper,0.5839465,0.0467841,0.0,-0.19074184,0.015433583,0.0,0.9967815767530533,-0.08016538059347576,0.1913651910830946
422,upper,0.586622,0.0465683,0.0,-0.18873173,0.015530641,-2.060199e-17,0.9967435094597831,-0.08063731363205895,0.18936947607584015
423,upper,0.5892975,0.046351199999999995,0.0,-0.18678025,0.015117903,0.0,0.9967044687236711,-0.08111844442705075,0.18739105061868352
424,upper,0.5919730000000001,0.0461328,0.0,-0.18469578,0.015271804,-4.021883e-17,0.996667333185853,-0.08157344519020861,0.1853260241698306
425,upper,0.594649,0.0459132,0.0,-0.18280784,0.015263917,0.0,0.9966301344283433,-0.08202667340165869,0.18344385048834408
426,upper,0.5973245,0.04569234999999999,0.0,-0.18076521,0.015057097,3.9336487e-17,0.9965913332788201,-0.08249675407883428,0.18139120327267605
427,upper,0.6000000000000001,0.045470250000000004,0.0,-0.17878875,0.014971803,0.0,0.9965529470995952,-0.08295916843309815,0.17941450404757692
428,upper,0.6026755,0.0452469,0.0,-0.17681728,0.014766881,0.0,0.9965151233799145,-0.08341228251950561,0.1774328328448048
429,upper,0.605351,0.04502235,0.0,-0.1747896,0.014925118,0.0,0.99647852928158,-0.08384831948715141,0.17542552960416308
430,upper,0.6080270000000001,0.0447966,0.0,-0.17293073,0.014719823,0.0,0.9964403106021271,-0.08430128947493401,0.17355605037359537
431,upper,0.6107025,0.0445696,0.0,-0.17086869,0.01462803,3.6978228e-17,0.9964012201547746,-0.08476206978405143,0.17149367330191115
432,upper,0.613378,0.0443414,0.0,-0.1689143,0.014533647,1.8248459e-17,0.9963633789472309,-0.08520573392006275,0.16953837275967634
433,upper,0.6160535,0.044112,0.0,-0.16694799,0.014446087,-3.6049514e-17,0.996325343095112,-0.08564934737875995,0.1675718113395161
434,upper,0.6187290000000001,0.0438814,0.0,-0.16497877,0.014345489,3.5572429e-17,0.9962871126659462,-0.08609290990408067,0.1656012673064862
435,upper,0.6214045,0.0436496,0.0,-0.16301273,0.014148729,0.0,0.9962494902306119,-0.08652718194443783,0.16362559881206593
436,upper,0.62408,0.04341665,0.0,-0.16104188,0.014251021,0.0,0.9962123852190232,-0.08695334114468807,0.16167108928562882
437,upper,0.6267560000000001,0.0431825,0.0,-0.15915912,0.013947943,1.7092514e-17,0.9961743970165854,-0.08738747466680997,0.15976911591125695
438,upper,0.6294315,0.0429472,0.0,-0.15713086,0.014051817,0.0,0.9961363189438901,-0.08782046504611912,0.15775779357657072
439,upper,0.632107,0.042710750000000006,0.0,-0.15522283,0.013738769,1.6640253e-17,0.9960979551571953,-0.08825453943936179,0.15582965228727175
440,upper,0.6347825,0.0424731,0.0,-0.15326504,0.013740113,0.0,0.9960602273528677,-0.08867932952922793,0.15387967459614216
441,upper,0.6374580000000001,0.042234350000000004,0.0,-0.15126871,0.013803009,0.0,0.9960238858883983,-0.08908658002064526,0.1518969112133294
442,upper,0.640134,0.04199445,0.0,-0.14944371,0.013519961,0.0,0.9959858125132239,-0.08951123545328356,0.15005400334173083
443,upper,0.6428095,0.041753399999999996,0.0,-0.14743232,0.013409422,-1.5777752e-17,0.9959468082636,-0.08994417774124083,0.148040847974673
444,upper,0.6454850000000001,0.0415112,0.0,-0.14552815,0.013117232,-1.5535582e-17,0.995908371628628,-0.09036877403182247,0.1461180910671577
445,upper,0.6481605,0.041267849999999995,0.0,-0.14358248,0.013185649,0.0,0.9958705983141637,-0.09078409229259132,0.14418661744078518
446,upper,0.650836,0.0410234,0.0,-0.14166808,0.013061547,3.0167021e-17,0.9958334997347617,-0.09119013546440499,0.1422689041474089
447,upper,0.6535115,0.04077785,0.0,-0.13976071,0.013127922,1.4887096e-17,0.9957953896493179,-0.09160535984953593,0.140375658691002
448,upper,0.6561870000000001,0.04053115,0.0,-0.1378237,0.012665868,-1.4664753e-17,0.9957578971413147,-0.09201201161102238,0.13840444968171506
449,upper,0.658863,0.040283349999999996,0.0,-0.13596229,0.01286929,-1.4449722e-17,0.9957203099731952,-0.09241787871880651,0.1365697660258826
450,upper,0.6615385,0.04003445,0.0,-0.134042,0.012434298,1.4241511e-17,0.9956808985756826,-0.09284152202286022,0.13461747815848746
451,upper,0.6642140000000001,0.0397844,0.0,-0.13211262,0.012524628,0.0,0.995642975642144,-0.0932473326935264,0.13270489025065849
452,upper,0.6668895,0.0395333,0.0,-0.13023993,0.012283724,0.0,0.9956057576075092,-0.09364387550062951,0.13081791969933906
453,upper,0.669565,0.0392811,0.0,-0.12833108,0.012272803,0.0,0.9955683361896386,-0.09404088460129968,0.12891650504767688
454,upper,0.6722410000000001,0.0390278,0.0,-0.12650979,0.012034028,-2.676645e-17,0.995530811265286,-0.09443730100697276,0.12708085499626331
455,upper,0.6749165,0.03877345,0.0,-0.12459216,0.011964453,0.0,0.9954922947472991,-0.0948424540949708,0.12516527335034658
456,upper,0.677592,0.038518,0.0,-0.1227323,0.01183334,0.0,0.9954535710292673,-0.09524803370715455,0.12330140868282356
457,upper,0.6802675,0.03826145,0.0,-0.1208647,0.011707004,2.552029e-17,0.9954146851098342,-0.0956535658911355,0.12143031396989638
458,upper,0.6829430000000001,0.0380038,0.0,-0.11894859,0.011642165,2.5109698e-17,0.9953773842399372,-0.09604094410021391,0.11951686089119923
459,upper,0.685619,0.037745100000000004,0.0,-0.11717183,0.011423812,0.0,0.9953399702969703,-0.09642791882658422,0.11772738020806782
460,upper,0.6882945,0.03748535,0.0,-0.1152605,0.011307645,0.0,0.9953006407041292,-0.09683302439741401,0.11581380296204058
461,upper,0.6909700000000001,0.0372245,0.0,-0.11343367,0.011187892,0.0,0.9952620212477756,-0.09722915746725427,0.11398401299474781
462,upper,0.6936455,0.0369626,0.0,-0.11158179,0.011037846,0.0,0.9952241506296206,-0.09761603353727476,0.11212636292379796
463,upper,0.6963210000000001,0.03669965,0.0,-0.1097643,0.010735531,0.0,0.9951861325306879,-0.09800286535919356,0.11028802200609063
464,upper,0.6989965,0.03643565,0.0,-0.10792467,0.010925531,-1.1345651e-17,0.99514796700234,-0.09838965276445368,0.1084759751412557
465,upper,0.7016720000000001,0.0361706,0.0,-0.1061125,0.010459855,1.1143662e-17,0.9951105611896554,-0.09876725676462379,0.10662676060874303
466,upper,0.704348,0.035904500000000006,0.0,-0.10433109,0.010645865,1.0947712e-17,0.9950721080382285,-0.09915391976294291,0.10487253690424328
467,upper,0.7070235,0.03563735,0.0,-0.10247818,0.01034368,-2.1534738e-17,0.9950325863572592,-0.09954974679617867,0.10299883921552545
468,upper,0.7096990000000001,0.03536915,0.0,-0.10070065,0.010202876,0.0,0.9949938316286456,-0.09993635485120744,0.10121616382743405
469,upper,0.7123745,0.0350999,0.0,-0.098920428,0.0099815059,1.0375529e-17,0.9949549297302545,-0.10032291764828447,0.09942274128403826
470,upper,0.71505,0.0348296,0.0,-0.097098389,0.0099166441,0.0,0.9949177547516741,-0.10069091955031363,0.09760342718716683
471,upper,0.7177260000000001,0.0345583,0.0,-0.095402351,0.009864629,0.0,0.9948795040771723,-0.10106815703850412,0.0959108435235749
472,upper,0.7204015,0.034285949999999996,0.0,-0.093593091,0.0096368534,1.9619621e-17,0.9948392183556587,-0.10146393261401797,0.09408787053791881
473,upper,0.723077,0.03401255,0.0,-0.091848974,0.0094913484,0.0,0.9947997353017729,-0.10185031489162258,0.09233803184622552
474,upper,0.7257525,0.0337381,0.0,-0.090105606,0.0092657521,-9.4308971e-18,0.9947610506172754,-0.10222745313669124,0.09058076152964523
475,upper,0.7284280000000001,0.03346265,0.0,-0.088362964,0.0092854998,-9.2414611e-18,0.9947231745936653,-0.10259535041267902,0.08884933717232363
476,upper,0.7311035,0.0331862,0.0,-0.086672418,0.0090621967,0.0,0.9946832614602578,-0.1029815972433157,0.08714484290558586
477,upper,0.7337790000000001,0.03290865,0.0,-0.084922835,0.0088303901,-8.8755427e-18,0.9946441944922174,-0.10335824283978555,0.08538069841689633
478,upper,0.7364550000000001,0.0326301,0.0,-0.083264086,0.0088658835,-8.6945004e-18,0.9946059128748743,-0.10372597589002414,0.0837345746838868
479,upper,0.7391305,0.032350550000000006,0.0,-0.081539725,0.0086744348,1.7052475e-17,0.994565529005105,-0.10411248011067538,0.08199971665014213
480,upper,0.741806,0.03206995,0.0,-0.079872698,0.0084776598,0.0,0.9945260053961179,-0.10448935156675458,0.08032130045745604
481,upper,0.7444815,0.03178835,0.0,-0.078217897,0.0082876677,0.0,0.994486342142862,-0.10486617801422184,0.07865572631398805
482,upper,0.7471570000000001,0.0315057,0.0,-0.076543746,0.0080917318,9.2326367e-23,0.9944465959943691,-0.10524242355253967,0.07697026111972677
483,upper,0.749833,0.031222,0.0,-0.07493303,0.0080594247,-7.8054634e-18,0.9944076333102463,-0.10560993710022959,0.07536513235469673
484,upper,0.7525085,0.030937350000000002,0.0,-0.073254441,0.0080202959,7.6427792e-18,0.9943674942930915,-0.1059871987236132,0.0736918836383866
485,upper,0.7551840000000001,0.03065165,0.0,-0.071679393,0.0076277769,7.468092e-18,0.9943262937071072,-0.10637303061719981,0.07208409492259003
486,upper,0.7578595,0.0303649,0.0,-0.070037779,0.0076050359,0.0,0.994286919064453,-0.10674044489938107,0.07044941241546882
487,upper,0.760535,0.0300772,0.0,-0.068448885,0.0075802254,0.0,0.9942474117980918,-0.10710781546085027,0.06886702813501008
488,upper,0.7632105,0.02978845,0.0,-0.066895656,0.0071967608,-6.9652004e-18,0.9942057864848546,-0.10749350733896437,0.06728165334577185
489,upper,0.7658860000000001,0.02949865,0.0,-0.065279843,0.0072115303,6.7927871e-18,0.9941660920912132,-0.10786000804786545,0.06567684212383337
490,upper,0.7685620000000001,0.02920785,0.0,-0.063771722,0.0070244805,-1.3263464e-17,0.9941261846370666,-0.10822721015968655,0.06415737860693181
491,upper,0.7712375,0.02891605,0.0,-0.062195067,0.0068795992,1.2943086e-17,0.9940850493281231,-0.10860439540968399,0.06257434095843786
492,upper,0.7739130000000001,0.028623250000000003,0.0,-0.06068788,0.0066893656,-1.2609445e-17,0.9940448697421399,-0.10897154187829117,0.061055426253146215
493,upper,0.7765885,0.028329450000000003,0.0,-0.059164303,0.0067227313,-6.1508588e-18,0.9940035483344934,-0.10934782073016545,0.05954464313374659
494,upper,0.779264,0.0280346,0.0,-0.057662248,0.0063605729,-5.9925514e-18,0.9939621931901413,-0.10972309924826187,0.05801199625793635
495,upper,0.7819400000000001,0.027738699999999998,0.0,-0.056199818,0.0063200003,0.0,0.9939205981305662,-0.1100992489155919,0.056553984007565276
496,upper,0.7846155,0.027441800000000002,0.0,-0.054694086,0.0061616687,-1.1360324e-17,0.9938787504736039,-0.11047637465552457,0.05504000867178025
497,upper,0.787291,0.0271439,0.0,-0.053252611,0.0060176727,0.0,0.9938378965257713,-0.11084329221576945,0.0535914815542901
498,upper,0.7899665,0.026845,0.0,-0.051817858,0.0058678016,5.374574e-18,0.9937958841586653,-0.11121933568088263,0.052148987002177384
499,upper,0.7926420000000001,0.02654505,0.0,-0.050363263,0.0057456988,0.0,0.9937548893160891,-0.11158503466131824,0.05068987284791358
500,upper,0.795318,0.0262441,0.0,-0.049003718,0.005546313,5.0708363e-18,0.9937136402544072,-0.11195178056795053,0.04931658261571759
501,upper,0.7979935,0.02594215,0.0,-0.047563193,0.0055078969,-4.9255798e-18,0.9936700515015982,-0.11233801114854791,0.0478808666212477
502,upper,0.8006690000000001,0.02563915,0.0,-0.046204396,0.0052775574,0.0,0.9936264481339915,-0.11272303033820621,0.046504812148568234
503,upper,0.8033445,0.0253351,0.0,-0.044820853,0.0052195891,-9.2717796e-18,0.9935837427592472,-0.11309883343574209,0.04512360031562595
504,upper,0.8060200000000001,0.02503005,0.0,-0.043470523,0.00504023,-8.9865257e-18,0.9935419455635724,-0.11346542383365654,0.04376167982925513
505,upper,0.8086955,0.024724000000000003,0.0,-0.04215429,0.0049075419,0.0,0.9934989667407474,-0.11384113090209179,0.042438923678535224
506,upper,0.8113710000000001,0.0244169,0.0,-0.040813676,0.0047658088,0.0,0.9934560072456414,-0.11421541781890888,0.0410909204433143
507,upper,0.814047,0.024108749999999998,0.0,-0.039548857,0.0046477923,0.0,0.9934116997433182,-0.11460015188947745,0.03982093495880617
508,upper,0.8167225,0.023799550000000003,0.0,-0.038234037,0.0044285636,-3.9394638e-18,0.9933670802113905,-0.11498627723470731,0.03848965774124541
509,upper,0.8193980000000001,0.023489350000000003,0.0,-0.036974967,0.0043670058,0.0,0.9933246052181839,-0.1153526274869335,0.03723189009151106
510,upper,0.8220735,0.02317815,0.0,-0.035719603,0.0043411825,3.6740829e-18,0.9932809319266679,-0.11572808764898068,0.035981997304750823
511,upper,0.824749,0.0228659,0.0,-0.034491255,0.0039983393,-3.5414075e-18,0.9932373013734358,-0.11610195157883729,0.034722216032987384
512,upper,0.8274250000000001,0.0225526,0.0,-0.033295632,0.0039761877,6.8178251e-18,0.9931933567138012,-0.11647727752472635,0.03353213602821075
513,upper,0.8301005,0.022238300000000003,0.0,-0.032057396,0.0039467846,0.0,0.9931480069381274,-0.1168633232234357,0.03229897330942937
514,upper,0.832776,0.02192295,0.0,-0.030907797,0.0036160861,3.1580829e-18,0.9931026979431109,-0.11724773489545157,0.031118594492589916
515,upper,0.8354515,0.021606550000000002,0.0,-0.029712559,0.0036903492,0.0,0.9930572443173775,-0.11763209387227791,0.02994037546567338
516,upper,0.8381270000000001,0.0212891,0.0,-0.028579717,0.0033659538,0.0,0.9930116461216347,-0.11801639999085356,0.028777229573872003
517,upper,0.8408025,0.0209706,0.0,-0.02742995,0.003436485,0.0,0.9929659034167702,-0.11840065308822126,0.027643887150754713
518,upper,0.8434780000000001,0.020651049999999997,0.0,-0.026313201,0.0031295386,-2.6702608e-18,0.9929213251788317,-0.11877391129836877,0.026498645946698183
519,upper,0.8461540000000001,0.02033045,0.0,-0.025227969,0.0030944685,2.5499626e-18,0.992875302057707,-0.11915802349744274,0.025416958091412565
520,upper,0.8488295,0.0200088,0.0,-0.02411891,0.0029698848,0.0,0.9928278088589745,-0.11955309262535899,0.024300983479947857
521,upper,0.851505,0.019686099999999998,0.0,-0.02305305,0.0028500022,0.0,0.9927814887300404,-0.11993713201075219,0.02322846238886039
522,upper,0.8541805,0.01936235,0.0,-0.022002316,0.0027323814,0.0,0.9927339163484308,-0.1203302594176002,0.022171233494105567
523,upper,0.8568560000000001,0.0190375,0.0,-0.020939094,0.0026412749,0.0,0.9926875445490139,-0.12071221519485657,0.02110481195205856
524,upper,0.859532,0.018711600000000002,0.0,-0.019947945,0.0024664978,-3.9721803e-18,0.9926407936863668,-0.12109605571487372,0.020099827112221406
525,upper,0.8622075,0.018384650000000002,0.0,-0.018910694,0.0024070941,0.0,0.9925925300535221,-0.12149102552019114,0.019063053933260563
526,upper,0.8648830000000001,0.01805665,0.0,-0.017923523,0.0023188824,1.0718718e-24,0.9925443607528918,-0.12188392813506384,0.018072526174270017
527,upper,0.8675585,0.01772755,0.0,-0.016953492,0.0021033272,0.0,0.9924949151152744,-0.12228590871528988,0.017083461881425073
528,upper,0.870234,0.01739735,0.0,-0.015983751,0.0020277186,0.0,0.9924464407384109,-0.12267869523947365,0.01611177466175983
529,upper,0.8729095,0.0170661,0.0,-0.015043113,0.0019345872,0.0,0.9923978156788889,-0.12307142412343448,0.015166844884005664
530,upper,0.8755850000000001,0.01673375,0.0,-0.014099469,0.0018135134,-2.7220079e-18,0.9923493173587247,-0.1234618659249616,0.014215498185514422
531,upper,0.8782610000000001,0.0164003,0.0,-0.013207098,0.0017063923,0.0,0.9923003965703382,-0.12385444265891127,0.013316752850217278
532,upper,0.8809365,0.016065799999999998,0.0,-0.012286266,0.0016400484,-2.3316751e-18,0.9922498939751547,-0.12425839169365571,0.012394835912334302
533,upper,0.8836120000000001,0.0157302,0.0,-0.011421869,0.0014495362,0.0,0.9921983699130384,-0.12466914109718352,0.01151347223620354
534,upper,0.8862875,0.015393450000000001,0.0,-0.010550442,0.0013871788,-1.949866e-18,0.9921466812040904,-0.12507982641380955,0.010641094099045163
535,upper,0.888963,0.015055599999999999,0.0,-0.0096857844,0.0012873742,0.0,0.9920974414521355,-0.12546978386897112,0.009770768484329498
536,upper,0.8916390000000001,0.01471665,0.0,-0.0088796931,0.0011094157,0.0,0.9920465942740764,-0.12587118331534874,0.008948712765001643
537,upper,0.8943145,0.0143766,0.0,-0.0080309642,0.0011023868,0.0,0.9919941119110937,-0.12628413175740077,0.008105883159267607
538,upper,0.89699,0.01403545,0.0,-0.0072268237,0.0010227331,-6.1107783e-19,0.9919429411556696,-0.12668544309209231,0.007298162152129948
539,upper,0.8996655,0.013693199999999999,0.0,-0.0064436893,0.00087187929,-5.2454678e-19,0.9918904449968653,-0.12709581080397808,0.006502246052484287
540,upper,0.9023410000000001,0.0133498,0.0,-0.0056516407,0.00078633389,-4.3846079e-19,0.9918381193107633,-0.12750351007751942,0.005705773013976075
541,upper,0.905017,0.01300525,0.0,-0.0049000802,0.00070592177,0.0,0.991785300861469,-0.12791370917585576,0.004950124587391013
542,upper,0.9076925,0.0126596,0.0,-0.0041406191,0.00056521633,0.0,0.9917307923940317,-0.12833563580512697,0.0041789168581228536
543,upper,0.9103680000000001,0.012312799999999999,0.0,-0.0034035736,0.00051447767,0.0,0.9916764532594814,-0.12875485253261565,0.0034414852925877784
544,upper,0.9130435,0.011964849999999999,0.0,-0.0026805145,0.00037745597,0.0,0.9916219429101839,-0.12917400024398096,0.0027068144940497925
545,upper,0.9157190000000001,0.011615750000000001,0.0,-0.0019722693,0.00026613461,-2.9860072e-20,0.9915672614327977,-0.12959307872977494,0.0019901268720754293
546,upper,0.9183945,0.011265500000000001,0.0,-0.0012637202,0.00027681179,0.0,0.9915124089142285,-0.1300120877807271,0.0012889831384357907
547,upper,0.92107,0.0109141,0.0,-0.00058589159,6.8519162e-05,0.0,0.9914589612779349,-0.13041904807840982,0.0005898236711260479
548,upper,0.923746,0.01056155,0.0,8.0766855e-05,6.5071421e-05,1.9955413e-19,0.9914025754329331,-0.1308469847759108,-7.155806882368439e-05
549,upper,0.9264215,0.0102078,0.0,0.00074134857,-8.5960681e-05,2.7368945e-19,0.9913438121191261,-0.13129145506512926,-0.0007462172203797422
550,upper,0.9290970000000001,0.009852875,0.0,0.0013885672,-0.00011193772,0.0,0.9912879042250595,-0.13171291104933172,-0.0013912135125210838
551,upper,0.9317725,0.009496810000000001,0.0,0.0020123147,-0.00023037128,0.0,0.9912309743024529,-0.13214066589589366,-0.002025110075026638
552,upper,0.934448,0.009139535,0.0,0.0026370346,-0.00030822943,-1.954778e-18,0.9911743987248449,-0.13256436667687946,-0.0026546214232507376
553,upper,0.9371240000000001,0.008781075,0.0,0.003228691,-0.00039095954,-1.1161274e-18,0.9911163875418552,-0.13299739225256704,-0.0032520051597051632
554,upper,0.9397995,0.008421419999999999,0.0,0.0038314621,-0.00047611947,0.0,0.9910560553502633,-0.1334462257000016,-0.003860730061303821
555,upper,0.942475,0.008060560000000001,0.0,0.0044027281,-0.00055354781,-2.773699e-18,0.9909969302794607,-0.13388459275318226,-0.004437201555066389
556,upper,0.9451505,0.0076984950000000005,0.0,0.0049790929,-0.00063216006,0.0,0.9909374951615316,-0.13432379045794293,-0.005018883981937887
557,upper,0.9478260000000001,0.00733522,0.0,0.0055256347,-0.00071175471,0.0,0.9908775016598872,-0.13476563621435592,-0.0055711471829428955
558,upper,0.9505015,0.006970724999999999,0.0,0.0060824101,-0.00079318285,0.0,0.9908169463665984,-0.13521012829211113,-0.00613380135673896
559,upper,0.953177,0.006605005,0.0,0.0065955767,-0.00086270935,1.9026288e-18,0.9907576537041287,-0.1356439148162935,-0.006651639369700241
560,upper,0.9558530000000001,0.006238054999999999,0.0,0.0071465322,-0.00094538501,-2.0256689e-18,0.9906961009379841,-0.13609274626619744,-0.00720870162805755
561,upper,0.9585285,0.005869865,0.0,0.0075934107,-0.0010072587,0.0,0.9906323762792216,-0.13655583131958418,-0.007659825534937451
562,upper,0.961204,0.005500435,0.0,0.0081824907,-0.0010933752,0.0,0.9905699178556729,-0.13700816705366534,-0.008255130472607742
563,upper,0.9638795,0.005129755,0.0,0.0084967871,-0.0011452164,0.0,0.9905068827635999,-0.137463141234064,-0.008573551147663734
564,upper,0.966555,0.004757819999999999,0.0,0.0092034474,-0.0012393146,2.4998703e-18,0.9904450277199498,-0.13790811094648425,-0.009286420250566496
565,upper,0.969231,0.0043846200000000005,0.0,0.0092544996,-0.0012597194,0.0,0.990380840450879,-0.13836831598241878,-0.009339784343788708
566,upper,0.9719065,0.0040101500000000005,0.0,0.010248922,-0.0013995816,-2.7246609e-18,0.990314409708099,-0.13884296858141415,-0.010343977204690274
567,upper,0.9745820000000001,0.0036344050000000003,0.0,0.0097338551,-0.0013356351,-5.7025402e-18,0.9902491609078338,-0.13930757094045898,-0.009825005926617255
568,upper,0.9772575,0.003257375,0.0,0.0114543,-0.0015784334,0.0,0.9901834466901361,-0.139773895634494,-0.011562482038740426
569,upper,0.9799329999999999,0.00287906,0.0,0.0096053877,-0.0013290168,0.0,0.9901171362569273,-0.140242848268214,-0.009696844063589822
570,upper,0.9826085,0.0024994450000000003,0.0,0.013096974,-0.0018216862,-3.1311719e-18,0.9900500971473226,-0.14071533370097633,-0.013222999562567422
571,upper,0.985284,0.002118525,0.0,0.0080162213,-0.0011160101,-2.6568621e-23,0.9899844268859781,-0.14117660756386535,-0.00809348876939668
572,upper,0.9879600000000001,0.001736295,0.0,0.015819584,-0.0022080155,0.0,0.989916318190076,-0.14165339029124605,-0.015972837229969256
573,upper,0.9906355,0.0013527449999999998,0.0,0.0026563866,-0.00037143411,-7.2431536e-18,0.9898457043622699,-0.14214598677261867,-0.0026822107332224545
574,upper,0.993311,0.0009678689999999999,0.0,0.021771737,-0.0030319744,0.0,0.989776371375252,-0.14262795892544805,-0.021981595166582525
575,upper,0.9959865,0.0005816595,0.0,-0.026027334,0.0037424519,0.0,0.9897064598267783,-0.14311227542438698,0.026295011398944457
576,upper,0.9986619999999999,0.0001941105,0.0,0.01227068,0.0194635,-3.0345666e-18,0.9896713401830995,-0.14335493859713264,-0.009353751473172666
577,lower,0.201338,-0.0574492,0.0,-0.2506867,0.01399824,-2.7379376e-17,0.9984044897151652,-0.05646658229962941,0.2510771595628887
578,lower,0.20401350000000001,-0.0575982,0.0,-0.24987292,0.013537633,0.0,0.9985062829825725,-0.05463700984064537,0.25023933635464174
579,lower,0.20668899999999998,-0.057741999999999995,0.0,-0.24888671,0.013073311,2.6807499e-17,0.9986093100455609,-0.05272045039952705,0.24922981659674268
580,lower,0.2093645,-0.0578807,0.0,-0.24797617,0.012744701,2.6583267e-17,0.9987072573433903,-0.05083123183283045,0.24830342947838938
581,lower,0.21204,-0.05801435,0.0,-0.24710858,0.012053195,0.0,0.9988009594402978,-0.048955524929681596,0.2474023572782344
582,lower,0.214716,-0.058143,0.0,-0.24614361,0.011555791,0.0,0.9988896143884404,-0.04711197583325082,0.24641471182340477
583,lower,0.21739150000000002,-0.05826675,0.0,-0.2453862,0.011077352,2.5847247e-17,0.9989734229811844,-0.04530011233159815,0.24563609745628218
584,lower,0.22006699999999998,-0.05838565,0.0,-0.2445778,0.010598718,0.0,0.9990529323189384,-0.043511359722843264,0.24480733290161386
585,lower,0.2227425,-0.058499800000000005,0.0,-0.24389336,0.010148267,-1.2678491e-17,0.9991276929933351,-0.0417594671160451,0.24410439633526432
586,lower,0.225418,-0.058609299999999996,0.0,-0.24336218,0.0097054567,0.0,0.9991986452823317,-0.040025832482949567,0.24355562955299967
587,lower,0.2280935,-0.05871415,0.0,-0.24298329,0.0091075567,1.242752e-17,0.9992658839717856,-0.038310483292248204,0.2431538269710113
588,lower,0.230769,-0.058814450000000004,0.0,-0.24284862,0.0090176166,1.2305561e-17,0.9993289448013487,-0.03662867841218057,0.24301595854954944
589,lower,0.23344499999999999,-0.0589103,0.0,-0.24302252,0.0084641659,0.0,0.9993884048443873,-0.03496878983595332,0.24316987024255693
590,lower,0.2361205,-0.0590017,0.0,-0.24373626,0.0080895302,-1.2093075e-17,0.9994446996599368,-0.033321049228057384,0.24387046480596233
591,lower,0.23879599999999998,-0.0590887,0.0,-0.24506089,0.0077280911,1.1976949e-17,0.9994974996815009,-0.03169776223060226,0.24518271001890757
592,lower,0.2414715,-0.0591714,0.0,-0.24728762,0.0074122826,1.1873751e-17,0.9995465444734238,-0.03011154979800327,0.2473986813786839
593,lower,0.244147,-0.0592499,0.0,-0.25082194,0.0070683983,-5.879512e-18,0.999592619529365,-0.028541110392243118,0.2509214999762139
594,lower,0.246823,-0.0593242,0.0,-0.2557796,0.0068557413,0.0,0.9996361551289726,-0.026973271195107788,0.25587145767375497
595,lower,0.2494985,-0.0593943,0.0,-0.26245124,0.0065359287,0.0,0.9996764625277117,-0.02543561023605848,0.2625325725241553
596,lower,0.252174,-0.05946035,0.0,-0.27079476,0.0065236568,5.7294497e-18,0.9997135744596021,-0.023932593699921723,0.27087332549216225
597,lower,0.2548495,-0.0595224,0.0,-0.28065654,0.0062926725,0.0,0.9997482195109414,-0.02243875185259992,0.28072707587581847
598,lower,0.257525,-0.05958045,0.0,-0.29140999,0.0059979959,0.0,0.9997804387935068,-0.020954097591233463,0.29147169026245184
599,lower,0.2602005,-0.05963455,0.0,-0.30223526,0.0058963642,0.0,0.999810091243076,-0.019487982155981038,0.30229277111778957
600,lower,0.262876,-0.05968475,0.0,-0.31215998,0.00558599,5.5577827e-18,0.9998371202549403,-0.018048073589950923,0.3122099518206325
601,lower,0.265552,-0.05973115,0.0,-0.32084806,0.0051581496,0.0,0.9998615807113506,-0.016637891014171527,0.3208894691706498
602,lower,0.2682275,-0.059773799999999995,0.0,-0.32825631,0.0051074428,-5.4610691e-18,0.9998838892611467,-0.015238372485377164,0.3282960250331468
603,lower,0.270903,-0.0598127,0.0,-0.33449954,0.004596459,0.0,0.9999041319127673,-0.01384655133147761,0.3345311172744065
604,lower,0.2735785,-0.059847899999999996,0.0,-0.3397402,0.0042162434,-5.3725694e-18,0.9999220883736294,-0.012482675294964926,0.33976636028580126
605,lower,0.276254,-0.0598795,0.0,-0.34450484,0.0037497228,0.0,0.9999380926597041,-0.011127032312041617,0.3445252359083933
606,lower,0.27893,-0.05990745,0.0,-0.34858555,0.0034377351,0.0,0.999952156697654,-0.009781836009179055,0.34860249987712916
607,lower,0.2816055,-0.05993185,0.0,-0.35231929,0.0029112589,-2.6168537e-18,0.9999641678255884,-0.008465403999719177,0.3523313106164884
608,lower,0.284281,-0.05995275,0.0,-0.35583382,0.002581523,0.0,0.9999743857901113,-0.007157357311859346,0.35584318248036884
609,lower,0.2869565,-0.05997015,0.0,-0.35897161,0.0020923097,0.0,0.9999827833685497,-0.005867961016216289,0.35897770730984296
610,lower,0.289632,-0.05998415,0.0,-0.36197725,0.0016043765,0.0,0.9999894327147064,-0.004597222957351591,0.36198080055960746
611,lower,0.2923075,-0.059994750000000006,0.0,-0.36466005,0.0012455592,0.0,0.999994436181954,-0.0033358065195006,0.364662176042333
612,lower,0.294983,-0.060002,0.0,-0.36720442,0.00069551805,0.0,0.9999978294626393,-0.002083523460432198,0.36720507209726166
613,lower,0.297659,-0.0600059,0.0,-0.36945386,0.00023419556,0.0,0.9999996385555981,-0.0008502286004721972,0.3694539255827338
614,lower,0.3003345,-0.06000655,0.0,-0.37154435,-7.1396387e-05,0.0,0.9999999369612979,0.00035507379559439215,0.37154435192931257
615,lower,0.30301,-0.060004,0.0,-0.3735942,-0.00057526318,0.0,0.9999987824907758,0.0015604540896645926,0.37359464281739724
616,lower,0.3056855,-0.0599982,0.0,-0.37534841,-0.00099822924,0.0,0.9999962008917517,0.0027564836410305035,0.3753497356133297
617,lower,0.308361,-0.05998925,0.0,-0.37708765,-0.0015348072,0.0,0.9999922639707071,0.003933446165857231,0.37709076992038976
618,lower,0.311037,-0.05997715,0.0,-0.37865777,-0.001886702,0.0,0.9999869882484416,0.005101307068893459,0.37866246764542055
619,lower,0.3137125,-0.05996195,0.0,-0.379954,-0.0023708767,0.0,0.9999804620218943,0.006251045870796069,0.3799613969260725
620,lower,0.316388,-0.0599437,0.0,-0.38133156,-0.002822359,0.0,0.9999727556440811,0.007381596682477875,0.3813420043830874
621,lower,0.3190635,-0.05992245,0.0,-0.38250563,-0.0032927128,2.332083e-18,0.9999638507454391,0.008502776155655851,0.38251979990649343
622,lower,0.321739,-0.059898200000000006,0.0,-0.38358345,-0.0036441896,0.0,0.999953697628112,0.009623024465634622,0.3836007573021262
623,lower,0.324415,-0.059870950000000006,0.0,-0.38450994,-0.0041199127,0.0,0.9999424818037066,0.010725347744658267,0.3845320111781794
624,lower,0.3270905,-0.0598408,0.0,-0.38545296,-0.0045860283,4.5549805e-18,0.9999302588948963,0.011810052768111347,0.38548023932082315
625,lower,0.329766,-0.05980775,0.0,-0.38631508,-0.0049754354,0.0,0.999916872613125,0.012893714111438108,0.38634711847851666
626,lower,0.3324415,-0.0597718,0.0,-0.38712418,-0.0053728268,-4.4843136e-18,0.999902442886955,0.01396798871347252,0.38716146086671105
627,lower,0.335117,-0.05973300000000001,0.0,-0.38776808,-0.0059124784,0.0,0.9998872806619539,0.015014192300726582,0.38781314212637846
628,lower,0.3377925,-0.05969145,0.0,-0.38851962,-0.0061683763,2.2055324e-18,0.9998711743028643,0.01605100614326593,0.3885685773349879
629,lower,0.340468,-0.05964710000000001,0.0,-0.38914125,-0.0067054276,4.3756163e-18,0.9998540207058676,0.01708617213744769,0.389199013525236
630,lower,0.343144,-0.0596,0.0,-0.38970902,-0.0069817875,-4.3420948e-18,0.9998361072576624,0.018104105165519607,0.38977154853514184
631,lower,0.3458195,-0.0595502,0.0,-0.39027706,-0.0074212517,0.0,0.9998171240266582,0.019123768014227178,0.3903476099986655
632,lower,0.348495,-0.05949765,0.0,-0.39065402,-0.0078595546,0.0,0.9997973238654778,0.02013234192608897,0.39073307499388477
633,lower,0.3511705,-0.05944245,0.0,-0.39107188,-0.0082497253,0.0,0.9997770991300132,0.02111284100199843,0.39115888487628964
634,lower,0.353846,-0.05938465,0.0,-0.39156267,-0.0086359669,8.4373039e-18,0.9997561655686759,0.022081879616970224,0.39165789192049477
635,lower,0.356522,-0.05932425,0.0,-0.39206249,-0.0090610083,-4.1851166e-18,0.9997342482606979,0.023052827475542492,0.39216718057246175
636,lower,0.3591975,-0.05926125,0.0,-0.39243436,-0.0094211737,4.1535048e-18,0.9997113351131779,0.02402595359662761,0.39254743066202746
637,lower,0.361873,-0.05919565,0.0,-0.39277351,-0.0097787884,-8.2464397e-18,0.9996877630884224,0.024987523512068503,0.39289521931735266
638,lower,0.3645485,-0.0591275,0.0,-0.39303861,-0.010264778,4.0920766e-18,0.9996639939055367,0.02592102021199781,0.3931726201496903
639,lower,0.367224,-0.059056899999999996,0.0,-0.39347323,-0.010498751,4.0589392e-18,0.9996396049536748,0.026845115161995853,0.3936132643766985
640,lower,0.3698995,-0.0589838,0.0,-0.39373812,-0.010982757,0.0,0.9996143630379565,0.02776914129426007,0.39389126175849604
641,lower,0.372575,-0.05890825,0.0,-0.39401367,-0.011230805,0.0,0.9995888807428499,0.02867175431075924,0.39417369027435467
642,lower,0.375251,-0.0588303,0.0,-0.39438417,-0.011657647,-3.9725628e-18,0.9995622319659216,0.02958622022673975,0.3945564269286951
643,lower,0.3779265,-0.058749850000000006,0.0,-0.39446718,-0.012071346,3.9432624e-18,0.9995349459354425,0.03049412818612686,0.3946518366069095
644,lower,0.380602,-0.05866705,0.0,-0.39471379,-0.012295214,0.0,0.9995078025167766,0.031371208266249256,0.3949052285850405
645,lower,0.3832775,-0.0585819,0.0,-0.39497287,-0.012803843,0.0,0.9994798910295333,0.03224821588231088,0.3951803421604092
646,lower,0.385953,-0.0584944,0.0,-0.39518449,-0.013005341,7.7196934e-18,0.9994516232085592,0.03311272966362245,0.3953984223380628
647,lower,0.388629,-0.0584046,0.0,-0.39548508,-0.013493893,-7.6642622e-18,0.9994228240588215,0.03397085148020145,0.3957152145617217
648,lower,0.3913045,-0.0583125,0.0,-0.39562932,-0.013702423,0.0,0.9993935016277897,0.034822821599421835,0.39586652849303017
649,lower,0.39398,-0.058218149999999996,0.0,-0.39587192,-0.014111407,7.5633984e-18,0.9993635678879306,0.035671545779592334,0.39612335009866034
650,lower,0.3966555,-0.0581215,0.0,-0.39601557,-0.014523661,7.5053543e-18,0.9993332560064465,0.036510867417167206,0.39628180045853173
651,lower,0.399331,-0.058022649999999995,0.0,-0.39616556,-0.014709736,1.4900287e-17,0.999302937995846,0.037331462774317446,0.3964385440026737
652,lower,0.4020065,-0.0579216,0.0,-0.39641466,-0.015128705,-1.4815303e-17,0.9992715920629128,0.03816130626762259,0.3967032395602158
653,lower,0.404682,-0.0578183,0.0,-0.3964247,-0.015511389,0.0,0.999240064662501,0.03897811146375603,0.39672804751121227
654,lower,0.407358,-0.05771285,0.0,-0.39662886,-0.015767741,0.0,0.9992088432801552,0.03977043513382744,0.39694215433277413
655,lower,0.4100335,-0.0576053,0.0,-0.3967922,-0.016031384,7.2475393e-18,0.9991768420525978,0.04056646775106264,0.3971159139691437
656,lower,0.412709,-0.057495599999999994,0.0,-0.39689162,-0.016469113,1.439132e-17,0.9991443623484307,0.04135871356011533,0.3972331659134919
657,lower,0.4153845,-0.0573838,0.0,-0.39703425,-0.016669273,0.0,0.9991116497844289,0.042141562204511526,0.39738401374345683
658,lower,0.41806,-0.0572699,0.0,-0.39715967,-0.017105389,0.0,0.9990784980477578,0.042920330131960054,0.39752785553165876
659,lower,0.420736,-0.057153899999999994,0.0,-0.39727742,-0.017351259,-1.4083885e-17,0.9990453845986709,0.04368431654603134,0.39765615074689586
660,lower,0.4234115,-0.0570359,0.0,-0.39740115,-0.017600112,-7.0031369e-18,0.999011919278719,0.0444430550148176,0.39779068833095305
661,lower,0.426087,-0.056915850000000004,0.0,-0.39755693,-0.017966209,-6.9602689e-18,0.9989776428336992,0.045206958738960384,0.39796268249256045
662,lower,0.4287625,-0.056793750000000004,0.0,-0.39753957,-0.018310475,6.9116481e-18,0.9989436418132341,0.045952154257583325,0.39796103159239676
663,lower,0.431438,-0.0566697,0.0,-0.39771598,-0.01852835,0.0,0.998909726073341,0.046683606930943713,0.3981473308452694
664,lower,0.434114,-0.05654365,0.0,-0.39784137,-0.01890771,-6.816559e-18,0.9988750737835127,0.04741926796126444,0.3982904175799077
665,lower,0.4367895,-0.05641565,0.0,-0.39789709,-0.019131248,6.7733329e-18,0.9988401146650686,0.04815002944830153,0.3983567451550799
666,lower,0.439465,-0.056285699999999994,0.0,-0.39798768,-0.019490313,1.5119324e-23,0.9988048397557988,0.048876293644188044,0.39846463520858727
667,lower,0.4421405,-0.056153800000000004,0.0,-0.39800061,-0.019762229,0.0,0.9987699638633304,0.04958386112881448,0.3984909424856153
668,lower,0.444816,-0.05602005,0.0,-0.39817561,-0.019962335,6.6342156e-18,0.9987350579190818,0.05028204533795625,0.3986756879488372
669,lower,0.4474915,-0.0558844,0.0,-0.39821728,-0.02031117,0.0,0.9986991912556062,0.050989463474310055,0.39873493114084285
670,lower,0.450167,-0.05574685,0.0,-0.39823531,-0.020595827,-6.5529829e-18,0.9986630755227627,0.0516919876520236,0.39876753870132803
671,lower,0.452843,-0.0556074,0.0,-0.39832972,-0.020910881,6.5065573e-18,0.9986271953202533,0.05238057623589581,0.39887821509268206
672,lower,0.4555185,-0.05546615,0.0,-0.3983635,-0.021110486,-1.2931885e-17,0.9985915690614208,0.0530554257305482,0.39892245834390805
673,lower,0.458194,-0.0553231,0.0,-0.3984841,-0.021418968,0.0,0.9985552513259838,0.05373462616694439,0.3990593308632702
674,lower,0.4608695,-0.0551782,0.0,-0.39851299,-0.021700714,0.0,0.9985184743358233,0.05441375203071002,0.3991034000482926
675,lower,0.463545,-0.0550315,0.0,-0.39857336,-0.021968251,0.0,0.9984820344743245,0.055078369910644784,0.3991783148349352
676,lower,0.466221,-0.054883,0.0,-0.39863578,-0.022265991,0.0,0.9984453912195608,0.05573868272948588,0.39925713432422133
677,lower,0.4688965,-0.05473275,0.0,-0.39865906,-0.022452029,1.3700338e-23,0.9984085426066023,0.05639487609845689,0.399290790485132
678,lower,0.471572,-0.054580750000000004,0.0,-0.39872596,-0.022805009,0.0,0.9983715621336386,0.057045805479789546,0.39937758965581355
679,lower,0.4742475,-0.054427,0.0,-0.39875723,-0.023029112,6.1745337e-18,0.9983346973614677,0.05768736468401582,0.39942166731504025
680,lower,0.476923,-0.05427155,0.0,-0.39883007,-0.023274433,0.0,0.9982979662335447,0.058319556016558145,0.3995086023528794
681,lower,0.4795985,-0.05411440000000001,0.0,-0.39888562,-0.023539557,6.0953809e-18,0.9982608375350117,0.05895167719324758,0.39957958946740846
682,lower,0.482274,-0.05395555,0.0,-0.39889415,-0.023785009,0.0,0.9982236424982213,0.05957818021376112,0.39960263893681974
683,lower,0.48495,-0.053794999999999996,0.0,-0.39901891,-0.024045497,0.0,0.9981862865800945,0.060200807996584435,0.39974276239621637
684,lower,0.4876255,-0.0536328,0.0,-0.3989782,-0.02429075,0.0,0.9981487663469377,0.06081973561342063,0.3997169551221735
685,lower,0.490301,-0.05346895,0.0,-0.39902326,-0.024537899,0.0,0.9981112101341758,0.06143298954544762,0.3997770254030181
686,lower,0.4929765,-0.05330345,0.0,-0.39901373,-0.02478124,0.0,0.9980738575141266,0.062036883761764375,0.39978252360755256
687,lower,0.495652,-0.05313635,0.0,-0.39911796,-0.02500147,0.0,0.9980365082423612,0.06263488018185463,0.39990025925303463
688,lower,0.498328,-0.052967600000000004,0.0,-0.39916601,-0.025293571,0.0,0.9979984377633075,0.06323858175194533,0.39996658394569495
689,lower,0.5010035,-0.05279725,0.0,-0.39908722,-0.025465312,-5.7978318e-18,0.9979602191092242,0.06383886806224845,0.3998988462078232
690,lower,0.503679,-0.0526253,0.0,-0.39913012,-0.025796593,5.7601169e-18,0.9979220223069213,0.06443320102916224,0.39996289357664067
691,lower,0.5063545,-0.05245174999999999,0.0,-0.3990948,-0.025963457,-5.7227611e-18,0.9978846844586581,0.06500889572085196,0.3999384442357571
692,lower,0.5090300000000001,-0.0522767,0.0,-0.39919319,-0.026228186,-5.6852968e-18,0.9978476274858825,0.06557524167546365,0.40005389718568013
693,lower,0.5117055,-0.052100099999999996,0.0,-0.39925551,-0.026452721,0.0,0.9978096365168542,0.06615080705557141,0.4001308641534171
694,lower,0.514381,-0.05192195,0.0,-0.39924383,-0.026627616,1.1233977e-17,0.9977717315505037,0.06672009981039909,0.40013080476718793
695,lower,0.517057,-0.05174225,0.0,-0.39936712,-0.026958949,4.4540489e-23,0.9977330897758055,0.06729547953930011,0.4002760059932955
696,lower,0.5197325,-0.05156100000000001,0.0,-0.39920031,-0.027120722,-2.2182024e-17,0.9976949522672828,0.06785854566953332,0.4001205069829622
697,lower,0.522408,-0.0513783,0.0,-0.39928681,-0.027366626,0.0,0.9976575653822625,0.06840601022963234,0.4002235484519565
698,lower,0.5250835,-0.0511941,0.0,-0.39939446,-0.027595958,-1.0948565e-17,0.9976192396511091,0.0689626904778442,0.4003466890160589
699,lower,0.5277590000000001,-0.051008399999999995,0.0,-0.39926058,-0.027794917,0.0,0.997581703017775,0.06950356684484252,0.4002268952159209
700,lower,0.530435,-0.050821250000000005,0.0,-0.39950653,-0.028030776,2.1620176e-17,0.9975434258127535,0.07005079312724126,0.40048869066153764
701,lower,0.5331105,-0.0506326,0.0,-0.3993363,-0.028231315,1.0750166e-17,0.9975043868353316,0.07060451999885746,0.40033296951710157
702,lower,0.535786,-0.0504425,0.0,-0.39931577,-0.028450058,0.0,0.9974668309133357,0.0711331232809802,0.4003279771186835
703,lower,0.5384615,-0.050251000000000004,0.0,-0.39939575,-0.028692277,-1.0618149e-17,0.9974289977410027,0.07166166663829887,0.4004250390139838
704,lower,0.541137,-0.05005804999999999,0.0,-0.39937881,-0.028871321,0.0,0.9973907020816579,0.07219271016562219,0.4004210106114887
705,lower,0.5438130000000001,-0.04986365,0.0,-0.39944567,-0.029101652,0.0,0.9973529927626529,0.0727118135338384,0.40050436831433367
706,lower,0.5464885,-0.0496679,0.0,-0.39940263,-0.029323469,0.0,0.9973151970094395,0.07322839486171162,0.40047762319118546
707,lower,0.549164,-0.04947075,0.0,-0.3994991,-0.029519343,-2.0704669e-17,0.9972762655082712,0.07375669633244235,0.4005882197394996
708,lower,0.5518395,-0.04927215,0.0,-0.39940368,-0.029719165,0.0,0.9972377474855786,0.07427566889560497,0.40050783704004467
709,lower,0.554515,-0.049072199999999996,0.0,-0.39941208,-0.029936342,2.0460735e-17,0.9972003521904824,0.07477604958258836,0.40053238823884646
710,lower,0.5571905,-0.0488709,0.0,-0.39952287,-0.030148572,0.0,0.9971620092204215,0.075285638520847,0.400658782272221
711,lower,0.559866,-0.048668199999999995,0.0,-0.39943441,-0.030323133,0.0,0.9971239440172495,0.07578812748369779,0.40058374774491223
712,lower,0.5625420000000001,-0.048464150000000004,0.0,-0.39954464,-0.03055829,-1.0041854e-17,0.9970858021618481,0.07628828958145484,0.4007115275505009
713,lower,0.5652175,-0.04825875,0.0,-0.39944479,-0.030738806,0.0,0.9970468630129066,0.07679552692782383,0.40062577762025137
714,lower,0.567893,-0.048052,0.0,-0.39945212,-0.030933867,0.0,0.9970089361290928,0.0772863589434414,0.40064809914418137
715,lower,0.5705685,-0.047843949999999996,0.0,-0.39946876,-0.031144573,1.9731099e-17,0.9969714928522765,0.0777678753721807,0.4006810132766315
716,lower,0.573244,-0.0476346,0.0,-0.39944781,-0.031330495,1.9606704e-17,0.9969343901676314,0.0782420711707756,0.4006746216857515
717,lower,0.57592,-0.04742395,0.0,-0.3996416,-0.031537613,-9.7421125e-18,0.9968957635628627,0.07873269073527842,0.40088405911434205
718,lower,0.5785955,-0.047211949999999996,0.0,-0.39949832,-0.031777638,9.6755408e-18,0.9968563138947718,0.0792306092878779,0.4007601843028236
719,lower,0.5812710000000001,-0.04699865,0.0,-0.39950501,-0.031916067,0.0,0.9968186834996969,0.07970264880122208,0.4007778531989505
720,lower,0.5839465,-0.0467841,0.0,-0.39954983,-0.03211808,0.0,0.9967815767530533,0.08016538059347576,0.4008386676459461
721,lower,0.586622,-0.0465683,0.0,-0.39958255,-0.032263382,-9.4980165e-18,0.9967435094597831,0.08063731363205895,0.40088294565905414
722,lower,0.5892975,-0.046351199999999995,0.0,-0.39958082,-0.032541179,9.4408262e-18,0.9967044687236709,0.08111844442705242,0.40090367873057103
723,lower,0.591973,-0.0461328,0.0,-0.39946616,-0.032655831,-1.8755017e-17,0.996667333185853,0.08157344519020861,0.40079872102541253
724,lower,0.594649,-0.0459132,0.0,-0.39966139,-0.032843644,0.0,0.9966301344283436,0.08202667340165572,0.4010086397012269
725,lower,0.5973245,-0.04569235,0.0,-0.39955519,-0.033059201,0.0,0.9965913332788201,0.08249675407883428,0.40092051629551206
726,lower,0.6000000000000001,-0.045470250000000004,0.0,-0.39955128,-0.033234223,0.0,0.9965529470995952,0.08295916843309944,0.40093108910501574
727,lower,0.6026755,-0.0452469,0.0,-0.39953777,-0.033451582,0.0,0.9965151233799145,0.08341228251950561,0.40093570297499437
728,lower,0.605351,-0.04502235,0.0,-0.3995196,-0.033569965,0.0,0.9964785292815797,0.0838483194871544,0.4009274885776576
729,lower,0.608027,-0.04479659999999999,0.0,-0.3997119,-0.033791243,0.0,0.9964403106021269,0.08430128947493529,0.4011376951452272
730,lower,0.6107025,-0.044569599999999994,0.0,-0.39956322,-0.033975682,1.7992746e-17,0.9964012201547748,0.08476206978404839,0.40100512906561536
731,lower,0.613378,-0.0443414,0.0,-0.39957564,-0.034142866,8.9401675e-18,0.9963633789472311,0.08520573392006019,0.4010317027710667
732,lower,0.6160535,-0.044112000000000005,0.0,-0.39958567,-0.034335652,-1.777236e-17,0.996325343095112,0.08564934737875995,0.4010581559442644
733,lower,0.6187290000000001,-0.0438814,0.0,-0.3996018,-0.034507795,1.7661636e-17,0.996287112665946,0.08609290990408196,0.40108900002403836
734,lower,0.6214045,-0.0436496,0.0,-0.39953032,-0.034700376,0.0,0.9962494902306119,0.08652718194443783,0.40103440337936563
735,lower,0.62408,-0.04341665,0.0,-0.39959212,-0.034839616,0.0,0.9962123852190231,0.08695334114468986,0.4011080399953241
736,lower,0.626756,-0.0431825,0.0,-0.39969253,-0.035056804,8.6632349e-18,0.9961743970165855,0.0873874746668087,0.4012269906362328
737,lower,0.6294315,-0.042947200000000005,0.0,-0.39959135,-0.035195104,0.0,0.99613631894389,0.08782046504611858,0.4011383068714461
738,lower,0.632107,-0.04271075,0.0,-0.39963255,-0.035398851,2.1708756e-23,0.9960979551571953,0.08825453943936308,0.4011972751609433
739,lower,0.6347825,-0.0424731,0.0,-0.39961742,-0.03556289,0.0,0.9960602273528679,0.08867932952922665,0.40119671146068814
740,lower,0.6374580000000001,-0.042234350000000004,0.0,-0.39958153,-0.035679818,0.0,0.9960238858883983,0.08908658002064655,0.40117134120121073
741,lower,0.640134,-0.041994449999999996,0.0,-0.39978868,-0.035904734,0.0,0.9959858125132239,0.08951123545328356,0.4013977303823508
742,lower,0.6428095,-0.041753399999999996,0.0,-0.39964657,-0.036077832,1.2667592e-23,0.9959468082635999,0.0899441777412414,0.40127171675892204
743,lower,0.645485,-0.0415112,0.0,-0.39963594,-0.036270156,-8.2988976e-18,0.995908371628628,0.09036877403182247,0.4012784677813391
744,lower,0.6481605,-0.041267849999999995,0.0,-0.39964801,-0.036421821,0.0,0.9958705983141638,0.09078409229259074,0.4013042247928931
745,lower,0.650836,-0.041023399999999995,0.0,-0.39967564,-0.036567021,1.6377805e-17,0.9958334997347617,0.09119013546440499,0.40134494293845047
746,lower,0.6535115,-0.04077785,0.0,-0.39974542,-0.036727655,8.1455953e-18,0.9957953896493181,0.09160535984953465,0.4014290963221349
747,lower,0.6561870000000001,-0.04053115,0.0,-0.39963639,-0.036930834,-8.0940769e-18,0.9957578971413148,0.0920120116110211,0.40133917165435906
748,lower,0.658863,-0.04028335,0.0,-0.39978433,-0.037052474,-8.0419969e-18,0.9957203099731952,0.09241787871880651,0.40149768803838987
749,lower,0.6615385,-0.04003445,0.0,-0.39973312,-0.037285865,7.9936973e-18,0.9956808985756822,0.0928415220228634,0.4014683085686
750,lower,0.664214,-0.0397844,0.0,-0.39967193,-0.037397278,0.0,0.995642975642144,0.0932473326935264,0.401417746089337
751,lower,0.6668895,-0.0395333,0.0,-0.39970192,-0.037586667,0.0,0.9956057576075096,0.0936438755006276,0.4014652940438077
752,lower,0.669565,-0.0392811,0.0,-0.39972258,-0.037727661,0.0,0.9955683361896386,0.09404088460129968,0.4014990865224077
753,lower,0.6722410000000001,-0.0390278,0.0,-0.39983022,-0.037912639,-1.5576853e-17,0.995530811265286,0.09443730100697276,0.4016236705861895
754,lower,0.6749165,-0.03877345,0.0,-0.39978605,-0.038074114,0.0,0.9954922947472992,0.09484245409496952,0.40159497473171013
755,lower,0.677592,-0.038518000000000004,0.0,-0.39981649,-0.038227334,0.0,0.9954535710292673,0.09524803370715455,0.40163983112425405
756,lower,0.6802675,-0.03826145,0.0,-0.39981615,-0.038405907,1.5278039e-17,0.9954146851098338,0.09565356589113873,0.4016565290099095
757,lower,0.682943,-0.0380038,0.0,-0.39973563,-0.038533383,1.5187482e-17,0.9953773842399373,0.09604094410021323,0.40158858825959853
758,lower,0.6856190000000001,-0.0377451,0.0,-0.39990659,-0.038716885,0.0,0.9953399702969705,0.09642791882658225,0.4017764020561609
759,lower,0.6882945,-0.03748535,0.0,-0.39979528,-0.038882388,0.0,0.995300640704129,0.09683302439741472,0.4016815975603204
760,lower,0.6909700000000001,-0.0372245,0.0,-0.39984513,-0.039033917,0.0,0.9952620212477756,0.09722915746725427,0.40174590713243635
761,lower,0.6936455,-0.0369626,0.0,-0.39981971,-0.039201846,0.0,0.9952241506296203,0.09761603353727676,0.40173696000359027
762,lower,0.696321,-0.03669965,0.0,-0.39982642,-0.039373509,0.0,0.9951861325306879,0.09800286535919356,0.40176042530463646
763,lower,0.6989965,-0.03643565,0.0,-0.39989092,-0.03949921,-7.30226e-18,0.99514796700234,0.09838965276445238,0.40183694961706556
764,lower,0.701672,-0.036170600000000004,0.0,-0.39986367,-0.039686479,7.2549871e-18,0.9951105611896554,0.09876725676462379,0.401828285714532
765,lower,0.704348,-0.035904500000000006,0.0,-0.40005007,-0.039808228,7.2058517e-18,0.9950721080382287,0.09915391976294215,0.40202580832075785
766,lower,0.7070235,-0.03563735,0.0,-0.39989692,-0.039994657,-1.4334117e-17,0.9950325863572592,0.09954974679617867,0.40189192456145195
767,lower,0.7096990000000001,-0.03536915,0.0,-0.39995036,-0.040142259,0.0,0.9949938316286454,0.09993635485120872,0.4019598121976093
768,lower,0.7123745,-0.035099899999999996,0.0,-0.39993833,-0.040327856,7.0697328e-18,0.9949549297302545,0.10032291764828447,0.4019664211980052
769,lower,0.71505,-0.0348296,0.0,-0.39988057,-0.040445634,0.0,0.994917754751674,0.10069091955031442,0.4019207869524751
770,lower,0.717726,-0.0345583,0.0,-0.40016958,-0.040610723,0.0,0.9948795040771723,0.10106815703850412,0.40222496422678156
771,lower,0.7204015,-0.034285949999999996,0.0,-0.40002323,-0.040784523,1.3868006e-17,0.9948392183556592,0.10146393261401382,0.4020969555506728
772,lower,0.7230770000000001,-0.03401255,0.0,-0.40003405,-0.040927941,0.0,0.9947997353017729,0.10185031489162258,0.4021222907304119
773,lower,0.7257525,-0.0337381,0.0,-0.40001264,-0.04110956,-6.8390581e-18,0.9947610506172753,0.10222745313669335,0.40211951964495996
774,lower,0.7284280000000001,-0.03346265,0.0,-0.40005284,-0.041216878,-6.7935494e-18,0.9947231745936653,0.10259535041267902,0.40217049105133834
775,lower,0.7311035,-0.0331862,0.0,-0.4001776,-0.041417621,0.0,0.9946832614602577,0.10298159724331653,0.40231521309593676
776,lower,0.733779,-0.032908650000000005,0.0,-0.40002015,-0.041557741,-6.7024321e-18,0.9946441944922172,0.10335824283978766,0.4021730549635569
777,lower,0.736455,-0.0326301,0.0,-0.4002157,-0.041693648,-6.6559538e-18,0.9946059128748744,0.10372597589002329,0.402381615972572
778,lower,0.7391305,-0.032350550000000006,0.0,-0.40014534,-0.041862131,1.3236221e-17,0.9945655290051051,0.10411248011067324,0.40232913203715553
779,lower,0.741806,-0.03206995,0.0,-0.4001524,-0.042012651,0.0,0.9945260053961179,0.10448935156675458,0.4023518425822599
780,lower,0.7444815,-0.03178835,0.0,-0.40020178,-0.042198896,0.0,0.9944863421428621,0.10486617801422056,0.402420441251202
781,lower,0.7471570000000001,-0.031505700000000005,0.0,-0.4001608,-0.042341867,2.0432702e-23,0.9944465959943691,0.10524242355253967,0.4023947061112028
782,lower,0.749833,-0.031222,0.0,-0.40029054,-0.042487417,-6.4284347e-18,0.9944076333102462,0.10560993710023152,0.4025390619548017
783,lower,0.7525085,-0.03093735,0.0,-0.40024359,-0.042617411,6.3917042e-18,0.9943674942930912,0.10598719872361473,0.40250611570391426
784,lower,0.755184,-0.030651650000000003,0.0,-0.40030583,-0.042825942,6.3473269e-18,0.9943262937071072,0.10637303061719916,0.40259013753282374
785,lower,0.7578595,-0.0303649,0.0,-0.40021716,-0.042947542,0.0,0.9942869190644535,0.1067404448993767,0.4025149267135401
786,lower,0.7605350000000001,-0.030077200000000002,0.0,-0.40036126,-0.043077949,0.0,0.9942474117980918,0.10710781546085027,0.4026721315511468
787,lower,0.7632105,-0.02978845,0.0,-0.40035767,-0.04329553,-6.2151038e-18,0.9942057864848541,0.1074935073389672,0.4026919005493932
788,lower,0.7658860000000001,-0.02949865,0.0,-0.40028227,-0.043395628,1.2338134e-17,0.9941660920912129,0.10786000804786766,0.402627712884622
789,lower,0.768562,-0.02920785,0.0,-0.40047615,-0.043572574,-6.1265823e-18,0.9941261846370667,0.10822721015968592,0.40283956516113806
790,lower,0.7712375,-0.028916050000000002,0.0,-0.40034442,-0.043724405,1.2168164e-17,0.9940850493281231,0.10860439540968399,0.402725065073612
791,lower,0.773913,-0.028623250000000003,0.0,-0.40043826,-0.043875642,-1.2077347e-17,0.9940448697421397,0.10897154187829243,0.402834794361109
792,lower,0.7765885,-0.02832945,0.0,-0.40048942,-0.044017952,-5.9973147e-18,0.9940035483344937,0.1093478207301632,0.40290117167462824
793,lower,0.779264,-0.0280346,0.0,-0.40045717,-0.044194158,-5.9577122e-18,0.9939621931901416,0.1097230992482606,0.40288840695634465
794,lower,0.7819400000000001,-0.0277387,0.0,-0.40055919,-0.044345571,0.0,0.9939205981305662,0.11009924891559254,0.4030064437713282
795,lower,0.7846155,-0.0274418,0.0,-0.40046322,-0.04450096,-1.1736796e-17,0.9938787504736039,0.1104763746555252,0.4029281894337265
796,lower,0.787291,-0.0271439,0.0,-0.40054228,-0.044643262,0.0,0.9938378965257713,0.11084329221576882,0.40302250316016763
797,lower,0.7899665,-0.026845,0.0,-0.40056676,-0.044813866,0.0,0.9937958841586649,0.1112193356808849,0.4030657658245839
798,lower,0.792642,-0.02654505,0.0,-0.40053236,-0.044954828,5.7407908e-18,0.9937548893160895,0.11158503466131596,0.4030472771198855
799,lower,0.7953180000000001,-0.0262441,0.0,-0.40074245,-0.045126964,0.0,0.9937136402544073,0.11195178056794887,0.40327528276539554
800,lower,0.7979935,-0.025942149999999997,0.0,-0.40066101,-0.045273241,-5.6520291e-18,0.9936700515015978,0.1123380111485502,0.4032107522935712
801,lower,0.8006690000000001,-0.02563915,0.0,-0.40068111,-0.045433001,0.0,0.9936264481339917,0.11272303033820495,0.40324869371376393
802,lower,0.8033445,-0.025335100000000003,0.0,-0.40067864,-0.045592168,-1.1135034e-17,0.9935837427592471,0.11309883343574442,0.40326420378949146
803,lower,0.80602,-0.02503005,0.0,-0.40069518,-0.04572287,-1.1059448e-17,0.9935419455635723,0.11346542383365717,0.403295433538587
804,lower,0.8086955,-0.024724000000000003,0.0,-0.40079598,-0.045915776,0.0,0.9934989667407474,0.11384113090209179,0.40341749586993236
805,lower,0.811371,-0.0244169,0.0,-0.40074518,-0.046043383,0.0,0.9934560072456416,0.11421541781890825,0.40338157067287694
806,lower,0.814047,-0.02410875,0.0,-0.40096219,-0.046233309,0.0,0.9934116997433186,0.1146001518894751,0.4036188749344565
807,lower,0.8167225,-0.023799550000000003,0.0,-0.40071419,-0.046383034,-5.3578582e-18,0.9933670802113903,0.11498627723470858,0.40338969732608326
808,lower,0.8193980000000001,-0.02348935,0.0,-0.40084574,-0.046519236,0.0,0.9933246052181838,0.11535262748693413,0.40353605254017555
809,lower,0.8220735,-0.023178149999999998,0.0,-0.40093492,-0.046676192,5.2769986e-18,0.9932809319266679,0.11572808764898004,0.40364275741844063
810,lower,0.824749,-0.0228659,0.0,-0.40086818,-0.046855502,-5.2366217e-18,0.9932373013734357,0.11610195157883839,0.40359724453408685
811,lower,0.827425,-0.022552600000000003,0.0,-0.40109672,-0.047011527,1.0377722e-17,0.9931933567138012,0.116477277524727,0.40384237238093584
812,lower,0.8301005,-0.0222383,0.0,-0.40101234,-0.047151052,0.0,0.993148006938128,0.11686332322343093,0.40377483485879573
813,lower,0.8327760000000001,-0.021922950000000004,0.0,-0.40109731,-0.047343146,0.0,0.9931026979431109,0.11724773489545157,0.4038816973300489
814,lower,0.8354515,-0.02160655,0.0,-0.40108892,-0.047477929,0.0,0.9930572443173772,0.11763209387228031,0.4038891858224224
815,lower,0.8381270000000001,-0.021289100000000002,0.0,-0.40110166,-0.047657621,0.0,0.993011646121635,0.11801639999085294,0.40392300052126884
816,lower,0.8408025,-0.0209706,0.0,-0.40118002,-0.047803873,0.0,0.9929659034167698,0.11840065308822433,0.40401809077540435
817,lower,0.843478,-0.020651049999999997,0.0,-0.40115459,-0.047979679,-4.9479073e-18,0.9929213251788314,0.1187739112983712,0.40401368124204107
818,lower,0.846154,-0.02033045,0.0,-0.40137659,-0.04814255,4.9002366e-18,0.9928753020577072,0.11915802349744031,0.40425347413926915
819,lower,0.8488295,-0.0200088,0.0,-0.40128165,-0.048312171,0.0,0.9928278088589747,0.11955309262535654,0.404179450759309
820,lower,0.851505,-0.019686099999999998,0.0,-0.40133658,-0.048449861,0.0,0.9927814887300404,0.11993713201075219,0.40425046474888254
821,lower,0.8541805,-0.01936235,0.0,-0.40142628,-0.048643693,0.0,0.9927339163484308,0.1203302594176002,0.4043627912673019
822,lower,0.8568560000000001,-0.0190375,0.0,-0.4013636,-0.048773022,0.0,0.9926875445490139,0.12071221519485657,0.40431614608272004
823,lower,0.859532,-0.018711600000000002,0.0,-0.40163934,-0.048977285,-9.3964076e-18,0.9926407936863666,0.12109605571487435,0.40461454926639173
824,lower,0.8622075,-0.01838465,0.0,-0.40150897,-0.04911905,0.0,0.9925925300535218,0.12149102552019363,0.40450232812856124
825,lower,0.864883,-0.01805665,0.0,-0.40164911,-0.049274516,4.391261e-24,0.9925443607528918,0.12188392813506319,0.4046603306989519
826,lower,0.8675585,-0.01772755,0.0,-0.4016572,-0.049488023,0.0,0.992494915115275,0.12228590871528489,0.4046944164825169
827,lower,0.8702340000000001,-0.01739735,0.0,-0.40167887,-0.049623076,0.0,0.9924464407384109,0.12267869523947365,0.40473245906877614
828,lower,0.8729095,-0.0170661,0.0,-0.40178608,-0.049810591,0.0,0.9923978156788883,0.12307142412343698,0.4048618885329831
829,lower,0.8755850000000001,-0.01673375,0.0,-0.40177116,-0.049958534,-8.9112858e-18,0.9923493173587243,0.12346186592496412,0.40486531018693855
830,lower,0.878261,-0.0164003,0.0,-0.40206873,-0.05015545,0.0,0.9923003965703382,0.12385444265891063,0.4051849355335891
831,lower,0.8809365,-0.0160658,0.0,-0.40198064,-0.050312882,-8.7469636e-18,0.9922498939751547,0.12425839169365571,0.40511704521885755
832,lower,0.883612,-0.0157302,0.0,-0.4021114,-0.050501839,0.0,0.9921983699130382,0.12466914109718447,0.40527029649540797
833,lower,0.8862875,-0.01539345,0.0,-0.40213435,-0.050686212,-8.5765865e-18,0.992146681204091,0.1250798264138067,0.4053160833491977
834,lower,0.888963,-0.0150556,0.0,-0.40217139,-0.050836769,-4.2500747e-18,0.9920974414521357,0.1254697838689708,0.40537168546327584
835,lower,0.8916390000000001,-0.01471665,0.0,-0.40246433,-0.051059786,-4.2021128e-18,0.9920465942740764,0.12587118331534905,0.40569032357694645
836,lower,0.8943145,-0.0143766,0.0,-0.40239037,-0.051200379,-4.1584925e-18,0.9919941119110937,0.12628413175740077,0.4056346731373912
837,lower,0.89699,-0.01403545,0.0,-0.40258275,-0.051369852,-8.2451329e-18,0.9919429411556696,0.12668544309209231,0.40584692955573287
838,lower,0.8996655,-0.013693199999999999,0.0,-0.40269309,-0.051578454,1.0727857e-23,0.991890444996865,0.12709581080398036,0.40598283366840837
839,lower,0.902341,-0.013349800000000002,0.0,-0.4027769,-0.051750814,0.0,0.9918381193107637,0.1275035100775165,0.40608789343218826
840,lower,0.9050170000000001,-0.013005250000000001,0.0,-0.40304061,-0.051939025,0.0,0.9917853008614693,0.12791370917585346,0.4063734659869675
841,lower,0.9076925,-0.0126596,0.0,-0.40301745,-0.052144941,0.0,0.9917307923940312,0.12833563580512988,0.4063768691943778
842,lower,0.9103680000000001,-0.012312799999999999,0.0,-0.40323168,-0.052311411,0.0,0.9916764532594814,0.12875485253261565,0.40661071027334017
843,lower,0.9130435,-0.011964849999999999,0.0,-0.40336485,-0.052540709,0.0,0.9916219429101836,0.1291740002439836,0.40677232981585987
844,lower,0.915719,-0.011615750000000001,0.0,-0.40353453,-0.052717871,-3.8228003e-18,0.9915672614327977,0.12959307872977527,0.4069635000126403
845,lower,0.9183945,-0.0112655,0.0,-0.4037348,-0.052901926,0.0,0.9915124089142285,0.1300120877807271,0.4071859539573858
846,lower,0.9210699999999999,-0.0109141,0.0,-0.40389713,-0.053117297,0.0,0.9914589612779349,0.13041904807840948,0.40737493628417715
847,lower,0.923746,-0.01056155,0.0,-0.40434685,-0.053321111,-3.6853155e-18,0.9914025754329334,0.13084698477590814,0.4078474150574455
848,lower,0.9264215,-0.0102078,0.0,-0.40438833,-0.05355414,-3.6406575e-18,0.9913438121191261,0.13129145506512926,0.40791906960404883
849,lower,0.9290970000000001,-0.009852875,0.0,-0.40464017,-0.053709932,0.0,0.9912879042250595,0.13171291104933172,0.4081891975805535
850,lower,0.9317725,-0.009496810000000001,0.0,-0.40496881,-0.053969521,0.0,0.9912309743024529,0.13214066589589366,0.40854919654142735
851,lower,0.934448,-0.009139535,0.0,-0.40520891,-0.054160715,1.4007149e-17,0.9911743987248446,0.13256436667688215,0.40881247860994174
852,lower,0.937124,-0.008781075,0.0,-0.40576306,-0.054412261,6.9016579e-18,0.9911163875418552,0.13299739225256704,0.4093951070446951
853,lower,0.9397995,-0.008421419999999999,0.0,-0.40594241,-0.054641105,0.0,0.9910560553502641,0.13344622569999615,0.4096033327843068
854,lower,0.9424750000000001,-0.008060560000000001,0.0,-0.40639047,-0.054862388,1.3405468e-17,0.9909969302794609,0.13388459275318212,0.41007693673967444
855,lower,0.9451505,-0.007698495000000001,0.0,-0.4068343,-0.055123464,0.0,0.9909374951615313,0.13432379045794565,0.4105517548154471
856,lower,0.9478260000000001,-0.00733522,0.0,-0.40733843,-0.055357283,0.0,0.9908775016598872,0.13476563621435592,0.411082745311054
857,lower,0.9505015,-0.006970725,0.0,-0.40790019,-0.05564128,0.0,0.9908169463665981,0.13521012829211404,0.4116776852852926
858,lower,0.9531769999999999,-0.006605004999999999,0.0,-0.40845354,-0.055880086,-6.2611774e-18,0.9907576537041283,0.13564391481629626,0.41225826456285664
859,lower,0.955853,-0.006238055,0.0,-0.40937491,-0.056194613,6.136651e-18,0.9906961009379844,0.13609274626619466,0.41321380636737426
860,lower,0.9585285,-0.005869864999999999,0.0,-0.40995839,-0.056482548,0.0,0.990632376279222,0.13655583131958154,0.4138310753584922
861,lower,0.961204,-0.005500435,0.0,-0.41087695,-0.056778164,0.0,0.9905699178556732,0.1370081670536652,0.414781418788602
862,lower,0.9638795,-0.005129755,0.0,-0.41189041,-0.057132752,0.0,0.9905068827635999,0.137463141234064,0.4158339336065878
863,lower,0.966555,-0.004757819999999999,0.0,-0.41297136,-0.057446663,-5.5983495e-18,0.9904450277199498,0.13790811094648425,0.4169477908772547
864,lower,0.969231,-0.0043846200000000005,0.0,-0.41453474,-0.057864338,0.0,0.990380840450879,0.13836831598241878,0.4185538552017841
865,lower,0.9719065,-0.0040101500000000005,0.0,-0.41587351,-0.058264995,5.2680173e-18,0.9903144097080985,0.13884296858141704,0.4199352144390664
866,lower,0.974582,-0.003634405,0.0,-0.41775365,-0.058703577,1.0186247e-17,0.9902491609078338,0.13930757094045898,0.421858054096071
867,lower,0.9772575,-0.003257375,0.0,-0.41990541,-0.059223499,0.0,0.9901834466901369,0.13977389563448822,0.42406128532597026
868,lower,0.979933,-0.00287906,0.0,-0.42262745,-0.059783481,0.0,0.9901171362569273,0.140242848268214,0.4268348861523964
869,lower,0.9826085,-0.0024994450000000003,0.0,-0.42580781,-0.06046124,4.4182365e-18,0.9900500971473222,0.14071533370097916,0.43007888721916354
870,lower,0.985284,-0.002118525,0.0,-0.43039157,-0.061276999,-1.0516994e-22,0.9899844268859775,0.14117660756386818,0.4347318306035206
871,lower,0.98796,-0.0017362950000000001,0.0,-0.43541186,-0.062201538,-3.7896124e-18,0.989916318190076,0.141653390291246,0.43983236408652254
872,lower,0.9906355,-0.001352745,0.0,-0.44633606,-0.063983725,6.8721174e-18,0.9898457043622699,0.14214598677261867,0.45089886142049324
873,lower,0.9933109999999999,-0.000967869,0.0,-0.45318449,-0.065188507,0.0,0.989776371375252,0.14262795892544808,0.45784900377455146
874,lower,0.9959865,-0.0005816595,0.0,-0.49893494,-0.072367811,0.0,0.9897064598267786,0.1431122754243841,0.504155855250978
875,lower,0.9986619999999999,-0.0001941105,0.0,-0.50889029,-0.098037747,-3.6134672e-20,0.9896713401830995,0.14335493859713264,0.5176883305118524
