face,surface,x,y,z,wss_x,wss_y,wss_z,tangent_x,tangent_y,tau_t_attached
0,lower,0.19887,-0.0573073,0.0,-0.24795798,0.014431943,3.4476097e-17,0.998299870760104,-0.05828694571136372,0.24837761326608693
1,lower,0.19661,-0.05717315,0.0,-0.24877637,0.01483887,3.476561e-17,0.998191881987288,-0.060107958996092184,0.24921848715377423
2,lower,0.19435049999999998,-0.05703515,0.0,-0.24947818,0.015534409,-1.7524239e-17,0.9980864694461176,-0.06183364382425112,0.24996134499316924
3,lower,0.19209199999999998,-0.05689325,0.0,-0.25015756,0.015902896,3.5343896e-17,0.9979766222541371,-0.06358192694644804,0.2506625335318456
4,lower,0.189834,-0.056747399999999996,0.0,-0.25091387,0.01642243,-9.0361118e-24,0.9978624698900068,-0.06534899528696057,0.2514507233485305
5,lower,0.1875775,-0.0565976,0.0,-0.25155401,0.016870586,3.599629e-17,0.9977436161421473,-0.06713923180668198,0.25211908577662645
6,lower,0.18532300000000002,-0.056443850000000004,0.0,-0.25219291,0.017661236,1.8135666e-17,0.9976206273901266,-0.06894261240865754,0.25281046084574754
7,lower,0.18307,-0.0562861,0.0,-0.25292881,0.017877896,2.2250184e-21,0.9974918674469443,-0.07078117247691963,0.25355984945833376
8,lower,0.180819,-0.05612425,0.0,-0.25357421,0.018687001,1.8478381e-17,0.9973575739157579,-0.07264894873894501,0.2542617498709386
9,lower,0.1785705,-0.055958350000000004,0.0,-0.25419059,0.018962363,5.5148128e-23,0.997218925713215,-0.07452794240673447,0.2548968929837679
10,lower,0.1763245,-0.05578835,0.0,-0.25491239,0.019416147,0.0,0.9970741164401249,-0.07644086816058608,0.25565073316190406
11,lower,0.1740815,-0.0556142,0.0,-0.25553971,0.020298537,-1.9029332e-17,0.9969223952585987,-0.0783947564053767,0.2563445586403882
12,lower,0.1718425,-0.055435899999999996,0.0,-0.25614933,0.020660637,2.0094207e-23,0.9967647898253805,-0.08037383756151664,0.2569812077635175
13,lower,0.169607,-0.055253399999999994,0.0,-0.25669163,0.02156219,-1.9384661e-17,0.9966026001612309,-0.08236053273184678,0.25759541935288993
14,lower,0.167375,-0.055066699999999996,0.0,-0.25725044,0.021703041,1.9584067e-17,0.9964343886177613,-0.08437125802041891,0.25816429777508887
15,lower,0.1651475,-0.0548758,0.0,-0.25781637,0.02259114,1.9814721e-17,0.9962589192846191,-0.08641854977863755,0.25880415170672966
16,lower,0.1629245,-0.05468065,0.0,-0.25831692,0.0228839,2.0033285e-17,0.9960774734038006,-0.08848540544915386,0.2593285561808096
17,lower,0.1607055,-0.0544812,0.0,-0.25887844,0.023891478,-2.4596448e-21,0.9958882325687555,-0.09059044227224233,0.25997833162031414
18,lower,0.158492,-0.054277450000000005,0.0,-0.25930475,0.024484996,-2.0443028e-17,0.9956908738562507,-0.09273447966843863,0.2604579764863204
19,lower,0.156284,-0.054069400000000004,0.0,-0.25979566,0.024702968,0.0,0.9954879128535966,-0.09488843639975225,0.2609674653497757
20,lower,0.15408100000000002,-0.053856999999999995,0.0,-0.26026396,0.025517614,-6.2421432e-23,0.9952761535226902,-0.09708438715405514,0.26151187492620703
21,lower,0.1518845,-0.05364025,0.0,-0.26057559,0.026183652,0.0,0.9950562606529046,-0.09931282966192567,0.2618877447738276
22,lower,0.149694,-0.05341915,0.0,-0.26094846,0.027046294,-5.2436414e-21,0.9948302051096927,-0.10155226733759729,0.2623460224636377
23,lower,0.14750950000000002,-0.05319365,0.0,-0.26139512,0.02733631,-8.654377e-17,0.9945931206901506,-0.10384856414908933,0.26282062467661077
24,lower,0.14533200000000002,-0.0529637,0.0,-0.26160151,0.028158202,4.7251011e-23,0.9943468125659055,-0.10618105452491922,0.26311249521281355
25,lower,0.1431615,-0.05272935,0.0,-0.2618655,0.028799237,-5.3910207e-21,0.9940934051491188,-0.10852788507581637,0.26344428686948373
26,lower,0.1409985,-0.0524906,0.0,-0.26207093,0.029799484,-4.4855747e-17,0.9938301543289045,-0.11091268794229872,0.2637591336767531
27,lower,0.138843,-0.0522474,0.0,-0.26223934,0.030237116,-4.5354464e-17,0.9935568349185826,-0.11333497159556852,0.26397661132452993
28,lower,0.136695,-0.0519997,0.0,-0.26232954,0.030860009,-9.1886039e-17,0.9932742436154872,-0.1157854782348871,0.2641383163218966
29,lower,0.13455499999999998,-0.05174755,0.0,-0.26244895,0.031586456,4.6540729e-17,0.9929817755805145,-0.1182674653696815,0.26434267446137266
30,lower,0.1324235,-0.051490949999999994,0.0,-0.26249139,0.032141703,-3.4651893e-22,0.9926761438221815,-0.1208059331586151,0.2644518492359464
31,lower,0.130301,-0.05122985,0.0,-0.26239682,0.033180705,-5.8568684e-21,0.9923601818421786,-0.12337450909389026,0.2644858092007736
32,lower,0.128187,-0.05096425,0.0,-0.26235238,0.033529367,5.8805313e-21,0.992033612614483,-0.1259734553112595,0.26448618952479697
33,lower,0.126082,-0.050694100000000006,0.0,-0.26215978,0.034843464,4.8966295e-17,0.9916933062938516,-0.1286249830008511,0.2644638389701595
34,lower,0.12398700000000001,-0.050419500000000006,0.0,-0.26193462,0.034740603,-4.9628067e-17,0.9913424689285885,-0.13130159670990627,0.26422840953323656
35,lower,0.1219015,-0.0501404,0.0,-0.26155683,0.036092877,0.0,0.9909802550109111,-0.13400796311603733,0.26403438702301324
36,lower,0.1198255,-0.049856750000000005,0.0,-0.26130435,0.036407078,0.0,0.9906030348302634,-0.1367685175216571,0.2638282242097047
37,lower,0.11776,-0.049568600000000004,0.0,-0.2608637,0.037053878,-6.344333e-21,0.9902092935497706,-0.13959066934313427,0.26348203572155815
38,lower,0.1157055,-0.04927595,0.0,-0.26025815,0.038211896,5.2460925e-17,0.989801882715346,-0.1424508089592914,0.2630473223590813
39,lower,0.1136615,-0.048978749999999995,0.0,-0.25957627,0.038903962,0.0,0.9893829550820233,-0.14533192420512056,0.2624743247384321
40,lower,0.111628,-0.048677,0.0,-0.25890412,0.039577393,0.0,0.988947976099284,-0.14826294401882797,0.26191056628053627
41,lower,0.10960600000000001,-0.048370750000000004,0.0,-0.25814317,0.039917999,-5.4574904e-17,0.9884932526394519,-0.15126496450360447,0.26121097646174884
42,lower,0.107596,-0.048060000000000005,0.0,-0.25715471,0.040549844,7.4137739e-21,0.98802436646105,-0.15429793024937377,0.26033187643136
43,lower,0.10559749999999998,-0.04774475,0.0,-0.25609046,0.041542805,-5.6218557e-17,0.9875409496660158,-0.15736223413749525,0.2594370846759452
44,lower,0.10361100000000001,-0.04742500000000001,0.0,-0.25497992,0.042449169,5.6973556e-17,0.9870342329247747,-0.1605098845386218,0.25848742096337085
45,lower,0.101637,-0.047100699999999995,0.0,-0.25362238,0.043037848,-1.4029108e-20,0.9865081794119902,-0.16371197864921355,0.25724636360482006
46,lower,0.0996755,-0.0467719,0.0,-0.25226421,0.043046508,-5.8633216e-17,0.9859670964915813,-0.16693976349558168,0.25591038454727316
47,lower,0.09772685,-0.04643865,0.0,-0.25066674,0.044013085,-5.9561489e-17,0.9854055048532806,-0.1702233562260218,0.2545004405261872
48,lower,0.09579114999999999,-0.0461009,0.0,-0.24894478,0.044639182,6.0466569e-17,0.9848198994814303,-0.17357927752293836,0.2529142101768017
49,lower,0.0938688,-0.04575865,0.0,-0.24700959,0.045505234,6.1331503e-17,0.984212737647008,-0.17698951113945052,0.2511639339189113
50,lower,0.09195999999999999,-0.04541195,0.0,-0.24505229,0.045448863,3.0408495e-20,0.9835842290423767,-0.18044961728724518,0.24923079766920936
51,lower,0.090065,-0.0450608,0.0,-0.24275291,0.046384043,6.3234943e-17,0.9829306342758368,-0.183976542532197,0.24714284765840985
52,lower,0.08818405,-0.0447052,0.0,-0.2403381,0.046808928,1.5607532e-20,0.9822511700336122,-0.18757035737983782,0.2448523472821824
53,lower,0.08631734999999999,-0.04434515,0.0,-0.23764539,0.047450205,6.5122149e-17,0.9815470570561198,-0.1912207488335671,0.24233359690986012
54,lower,0.08446514999999999,-0.043980700000000005,0.0,-0.23492434,0.047265102,1.6214982e-20,0.9808161466926762,-0.19493508249396901,0.23963121248057603
55,lower,0.08262775,-0.043611849999999994,0.0,-0.23170916,0.048235552,-6.7207409e-17,0.980055010674615,-0.19872638489033173,0.23667340014935567
56,lower,0.08080535,-0.0432386,0.0,-0.2284749,0.047998841,0.0,0.9792664179710618,-0.20257660929664478,0.23346123937924534
57,lower,0.07899809999999999,-0.042860999999999996,0.0,-0.22486897,0.048347919,-6.9314723e-17,0.9784474080348472,-0.2064961735962419,0.23000612111880686
58,lower,0.07720635,-0.04247905,0.0,-0.22094286,0.048719033,-1.4081492e-16,0.9775958356304612,-0.21049081252629653,0.22624772868994944
59,lower,0.0754303,-0.0420928,0.0,-0.21690875,0.048399558,0.0,0.9767096252028203,-0.21456539337965522,0.2222417341173837
60,lower,0.0736701,-0.0417022,0.0,-0.21242302,0.048589665,0.0,0.9757827628987734,-0.21874185614471697,0.21790731487045137
61,lower,0.07192604999999999,-0.041307250000000004,0.0,-0.20760831,0.04855142,-1.8101206e-20,0.97482076340115,-0.22298986354092284,0.21320736576314062
62,lower,0.0701984,-0.04090805,0.0,-0.20243869,0.048338555,3.6630579e-20,0.9738239737527902,-0.22730347147442564,0.20812717089466667
63,lower,0.0684873,-0.0405046,0.0,-0.19690305,0.048003615,-7.6151768e-17,0.9727875148668429,-0.23169905247797548,0.20266722079021923
64,lower,0.06679299999999999,-0.04009695,0.0,-0.19107154,0.047302674,1.5473672e-16,0.9717085532854355,-0.23618316508999126,0.19683794496996027
65,lower,0.0651157,-0.0396851,0.0,-0.18468397,0.046974037,-1.9255717e-20,0.9705788575851712,-0.24078347370337558,0.19056092841962494
66,lower,0.0634556,-0.039269,0.0,-0.17794177,0.04605614,-7.9834227e-17,0.9694007707471144,-0.24548349369132855,0.18380291113924271
67,lower,0.06181300000000001,-0.03884875,0.0,-0.1707139,0.044991498,1.9750582e-20,0.9681760686229203,-0.25027005443293954,0.17654113721476586
68,lower,0.06018805,-0.038424349999999996,0.0,-0.16285254,0.04419976,-8.2406914e-17,0.9669014859062018,-0.25514998834485403,0.16873993115844452
69,lower,0.058580900000000005,-0.03799585,0.0,-0.154618,0.042545786,-8.3615464e-17,0.9655762247945195,-0.260120268551998,0.16036248600535485
70,lower,0.0569918,-0.037563299999999994,0.0,-0.14579077,0.040861031,-1.7003364e-16,0.9641876429705091,-0.2652210194214896,0.15140686318958868
71,lower,0.055421,-0.03712665,0.0,-0.1362233,0.039312062,-8.6304156e-17,0.9627341241688309,-0.27044963701375957,0.1417787523150503
72,lower,0.053868650000000004,-0.036685949999999995,0.0,-0.12613844,0.036994531,-2.1342356e-20,0.9612212963372729,-0.27577820702095496,0.13144924024352245
73,lower,0.052334950000000005,-0.03624125,0.0,-0.11527297,0.034671523,-2.1758057e-20,0.9596434850267945,-0.28121945460019043,0.1203712614484071
74,lower,0.05082015,-0.0357926,0.0,-0.10374721,0.031737064,2.1988157e-20,0.9579938403485371,-0.28678877567691113,0.10849102186148593
75,lower,0.049324400000000004,-0.035339999999999996,0.0,-0.091375822,0.028651361,1.8315192e-16,0.9562663649837156,-0.2924972464841867,0.09576006935186344
76,lower,0.04784785,-0.034883449999999996,0.0,-0.078219485,0.024932331,6.7700183e-23,0.9544628984924094,-0.2983296421770196,0.08209564975755256
77,lower,0.04639075,-0.03442305,0.0,-0.064130042,0.020912433,-9.4343877e-17,0.9525774442617099,-0.3042962580838439,0.0674524066180852
78,lower,0.0449533,-0.0339588,0.0,-0.04907593,0.016404968,-2.3332656e-20,0.9505950304190406,-0.31043370973949214,0.05174399024559036
79,lower,0.043535599999999994,-0.03349065,0.0,-0.033030621,0.011268409,-9.6876936e-17,0.9485231465619004,-0.3167078155592497,0.03489910176303178
80,lower,0.0421379,-0.03301875,0.0,-0.015942279,0.0054842105,-2.3960592e-20,0.9463599021173293,-0.32311443122286987,0.016859161150381146
81,lower,0.04076035,-0.032543100000000005,0.0,0.0023128288,-0.00093760825,2.4262143e-20,0.9440873994217068,-0.3296952869744403,-0.0024926375481529794
82,lower,0.039403099999999996,-0.0320637,0.0,0.021809039,-0.0081145102,2.4682614e-20,0.9417003841411519,-0.3364526512132234,-0.023267728874136105
83,lower,0.0380664,-0.0315806,0.0,0.042595206,-0.01618274,-2.485327e-20,0.939191377429476,-0.3433941708330582,-0.04556210877913924
84,lower,0.0367504,-0.031093799999999998,0.0,0.064829934,-0.024996881,2.5073309e-20,0.9365626024704375,-0.3505003447270791,-0.06947870711262849
85,lower,0.03545525,-0.0306034,0.0,0.08841766,-0.035166736,-2.5401288e-20,0.9338066375181235,-0.35777809285518863,-0.0951468855198426
86,lower,0.0341811,-0.0301094,0.0,0.11378398,-0.045976138,-1.0480693e-16,0.9309092331005305,-0.3652505985322711,-0.1227153694836284
87,lower,0.0329281,-0.029611850000000002,0.0,0.14072315,-0.058269654,-1.0573154e-16,0.9278650574325706,-0.37291612353939907,-0.15230178714650427
88,lower,0.03169645,-0.0291108,0.0,0.16942659,-0.072020179,0.0,0.9246510398524181,-0.3808155124201767,-0.18408687399262716
89,lower,0.0304863,-0.0286062,0.0,0.19978584,-0.087755403,0.0,0.9212651587491915,-0.38893509391005987,-0.2181868895103607
90,lower,0.0292978,-0.028098150000000002,0.0,0.23286613,-0.10355954,1.0742384e-16,0.9177100320316396,-0.397250924616277,-0.25484270663922026
91,lower,0.0281311,-0.0275867,0.0,0.2673333,-0.12293194,-1.0776421e-16,0.9139525339091954,-0.4058211006847239,-0.29421832213341553
92,lower,0.02698635,-0.0270718,0.0,0.3043224,-0.1436267,0.0,0.9099936340707947,-0.41462222076322525,-0.33648226802003955
93,lower,0.0258637,-0.0265536,0.0,0.34410199,-0.16577711,-1.3011163e-20,0.905830980563437,-0.423639274208001,-0.38192793757622995
94,lower,0.02476325,-0.0260321,0.0,0.38597434,-0.19162594,2.7175076e-22,0.9014148767337496,-0.4329563719395739,-0.4308886838654009
95,lower,0.023685200000000003,-0.02550725,0.0,0.43070306,-0.21932525,5.6144225e-21,0.8967435075220155,-0.44255065440818514,-0.4832927056406039
96,lower,0.02262965,-0.024979150000000002,0.0,0.47773569,-0.25120313,-1.0551846e-16,0.8918201263881038,-0.4523901658625073,-0.539696129081789
97,lower,0.021596749999999998,-0.02444785,0.0,0.52873373,-0.28466424,-2.080995e-16,0.8866138621619617,-0.4625103884479246,-0.6004428226302332
98,lower,0.020586649999999998,-0.0239134,0.0,0.58191154,-0.3233728,-9.7902595e-21,0.8810999676140636,-0.4729300657290632,-0.6656549586072411
99,lower,0.019599449999999997,-0.0233758,0.0,0.63813163,-0.36659653,-9.3371143e-21,0.8752510297275392,-0.48366893115113574,-0.7358367180880283
100,lower,0.018635350000000002,-0.022835099999999997,0.0,0.69891845,-0.41172423,0.0,0.8690574897189738,-0.4947111071760529,-0.8110848633497839
101,lower,0.0176944,-0.02229135,0.0,0.76252545,-0.46369728,9.2964954e-17,0.862491959733731,-0.5060707652044999,-0.8923357070301904
102,lower,0.01677665,-0.0217445,0.0,0.82940008,-0.52073704,0.0,0.855514113235915,-0.517779491728058,-0.9791904338541704
103,lower,0.01588235,-0.021194650000000002,0.0,0.90110832,-0.58222752,0.0,0.8481251524962085,-0.5297959283566485,-1.0727144007887912
104,lower,0.015011549999999999,-0.020641899999999998,0.0,0.97710747,-0.65007672,0.0,0.8402826324397534,-0.5421485936716225,-1.1734846165948085
105,lower,0.01416435,-0.0200862,0.0,1.0529897,-0.73060256,8.0323789e-21,0.8319085372796643,-0.5549127729663548,-1.2814118136034702
106,lower,0.01334095,-0.01952755,0.0,1.1342468,-0.8153049,-8.1625112e-21,0.823025591754891,-0.5680042916356456,-1.3966108259576624
107,lower,0.01254135,-0.0189661,0.0,1.2246393,-0.90262772,2.6314153e-17,0.8136148028785003,-0.5814042935316003,-1.5211762945354037
108,lower,0.011765649999999999,-0.018401849999999997,0.0,1.3104906,-1.0103877,-2.0819724e-17,0.803552999225174,-0.5952332126454535,-1.6544649687748485
109,lower,0.011014050000000001,-0.01783475,0.0,1.4019825,-1.1238069,-1.4546178e-17,0.7928291914301852,-0.6094439048970454,-1.7964299173605127
110,lower,0.010286585,-0.0172649,0.0,1.5005146,-1.2430796,2.7072059e-21,0.7814535525483072,-0.6239634165635276,-1.9482186590970256
111,lower,0.009583305,-0.01669235,0.0,1.5989306,-1.3791597,0.0,0.7693298797442475,-0.6388517325113094,-2.1111836499721752
112,lower,0.00890436,-0.016117100000000002,0.0,1.6999544,-1.5263062,9.9729366e-18,0.7563868375670905,-0.6541245691420372,-2.284217518078081
113,lower,0.008249820000000001,-0.015539150000000002,0.0,1.7976723,-1.6912656,2.0313618e-17,0.7426140893052944,-0.669719578902445,-2.467650463378045
114,lower,0.0076197650000000006,-0.014958599999999999,0.0,1.9026557,-1.8637933,6.3970442e-17,0.7279693786304532,-0.6856096438764494,-2.6629097483490023
115,lower,0.007014275,-0.0143755,0.0,2.0054917,-2.0545646,-4.5083483e-17,0.712351753246641,-0.7018226126639385,-2.8705554240754263
116,lower,0.00643343,-0.0137898,0.0,2.1020119,-2.2628315,-5.9655268e-17,0.6957160984349944,-0.7183168593165478,-3.0878335341744823
117,lower,0.00587731,-0.0132016,0.0,2.2032568,-2.4801014,-7.5897109e-17,0.6780223951970473,-0.735041244836818,-3.316834273147717
118,lower,0.00534598,-0.012610900000000001,0.0,2.2901656,-2.7241454,1.2535883e-20,0.659200896159698,-0.7519668732745154,-3.5581463146572663
119,lower,0.004839505,-0.01201775,0.0,2.3774373,-2.9739968,1.1371195e-16,0.6391911861448292,-0.769047870782285,-3.806782874525289
120,lower,0.004357955,-0.011422149999999999,0.0,2.447674,-3.2505025,1.3538669e-16,0.6179381997975438,-0.7862266729327941,-4.068143031185983
121,lower,0.0039013900000000002,-0.010824150000000001,0.0,2.5105082,-3.5324061,-1.8741356e-20,0.5954124021428766,-0.8034202333613769,-4.332794251150541
122,lower,0.003469865,-0.010223804999999999,0.0,2.5616783,-3.8313529,-1.8487433e-16,0.5715377142647111,-0.8205757985543256,-4.608011225724442
123,lower,0.003063435,-0.009621069999999999,0.0,2.5916261,-4.1429242,0.0,0.5462874544705185,-0.837597765689547,-4.885876878449512
124,lower,0.0026821550000000003,-0.009016045,0.0,2.603129,-4.4620784,1.2138281e-16,0.5196445316910807,-0.8543825610834749,-5.165023721283726
125,lower,0.0023260800000000003,-0.008408735,0.0,2.5918954,-4.7870185,0.0,0.4915708221861317,-0.8708376006898476,-5.442815857796366
126,lower,0.00199525,-0.007799165,0.0,2.5541532,-5.114557,0.0,0.46207857267459623,-0.8868389891491059,-5.7160080248737355
127,lower,0.0016897,-0.00718737,0.0,2.4916513,-5.4381679,-1.7192888e-16,0.4311724904214019,-0.902269518217149,-5.981024627399687
128,lower,0.0014094749999999999,-0.006573374999999999,0.0,2.4006362,-5.7542283,1.904701e-16,0.3988724785737734,-0.9170064044685919,-6.2342119151223425
129,lower,0.00115461,-0.0059572,0.0,2.2779885,-6.0565211,-5.1180973e-20,0.3652295806948368,-0.930917479364027,-6.470110140809704
130,lower,0.0009251400000000001,-0.005338875,0.0,2.1258038,-6.3392671,-2.2912688e-16,0.3303115638221206,-0.9438719567851273,-6.685634019817585
131,lower,0.0007210960000000001,-0.004718425,0.0,1.9448449,-6.5953027,-1.2446847e-16,0.29421260217517414,-0.9557399984940008,-6.875592471421596
132,lower,0.000542498,-0.004095875,0.0,1.7374672,-6.8200074,1.3441648e-16,0.25704370563994833,-0.9663997792791985,-7.037458653558366
133,lower,0.00038937149999999996,-0.00347125,0.0,1.5039065,-7.0083597,1.4421109e-16,0.21893249285385086,-0.9757400081849665,-7.1675909501053
134,lower,0.0002617365,-0.0028445750000000002,0.0,1.2505369,-7.1551616,-5.5767755e-20,0.18003252565033567,-0.9836606578022532,-7.263388282663364
135,lower,0.000159609,-0.002215875,0.0,0.98064069,-7.2582915,-8.1552907e-17,0.14051122417147133,-0.9900790856703492,-7.324073635673124
136,lower,8.300205e-05,-0.001585165,0.0,0.69909457,-7.3166152,8.5993712e-17,0.10055103980044541,-0.9949319013857426,-7.349828558576171
137,lower,3.192525e-05,-0.0009524705,0.0,0.41215738,-7.33167,0.0,0.06034422666596445,-0.9981776266316966,-7.343180278207581
138,lower,6.3852e-06,-0.0003178155,0.0,0.12419076,-7.3093621,0.0,0.04020986936545401,-0.9991912561695149,-7.30844439273284
139,upper,6.3852e-06,0.0003178155,0.0,-0.16063911,-7.258542,0.0,0.04020986936545401,0.9991912561695149,7.259130976567266
140,upper,3.192525e-05,0.0009524705000000001,0.0,-0.44069517,-7.1670354,5.0770425e-17,0.060344226665964444,0.9981776266316966,7.180567794786428
141,upper,8.300204999999999e-05,0.001585165,0.0,-0.70983491,-7.0174352,-1.0490666e-16,0.10055103980044541,0.9949319013857426,7.053244784674394
142,upper,0.000159609,0.002215875,0.0,-0.961709,-6.8088728,1.0788556e-16,0.14051122417147133,0.9900790856703492,6.876453465156431
143,upper,0.0002617365,0.0028445750000000002,0.0,-1.1897846,-6.5479398,-2.2073591e-16,0.18003252565033567,0.9836606578022532,6.655150697435429
144,upper,0.00038937149999999996,0.00347125,0.0,-1.3897875,-6.2445956,-2.2451973e-16,0.21893249285385086,0.9757400081849665,6.397371403767927
145,upper,0.000542498,0.004095875,0.0,-1.558147,-5.9037642,-2.2724989e-16,0.25704370563994833,0.9663997792791985,6.1059082986082025
146,upper,0.0007210960000000001,0.004718425,0.0,-1.6906043,-5.5306098,2.2899531e-16,0.29421260217517414,0.9557399984940008,5.783222092274445
147,upper,0.0009251400000000001,0.005338875,0.0,-1.7867935,-5.1343157,4.5935216e-16,0.33031156382212085,0.9438719567851273,5.436335161723801
148,upper,0.00115461,0.005957199999999999,0.0,-1.8470552,-4.7249918,-1.1186735e-19,0.36522958069483696,0.930917479364027,5.0731766526879145
149,upper,0.001409475,0.006573374999999999,0.0,-1.8721034,-4.3097687,-4.5577121e-16,0.39887247857377306,0.917006404468592,4.698816022982665
150,upper,0.0016896999999999997,0.00718737,0.0,-1.8643791,-3.8952983,4.5137809e-16,0.4311724904214017,0.902269518217149,4.3184779000896905
151,upper,0.00199525,0.007799165,0.0,-1.8269721,-3.4880364,0.0,0.46207857267459634,0.8868389891491059,3.937531335375596
152,upper,0.0023260800000000003,0.008408735,0.0,-1.762498,-3.09486,0.0,0.4915708221861317,0.8708376006898476,3.5615130478323946
153,upper,0.0026821550000000003,0.009016045,0.0,-1.6761872,-2.7201184,-4.2970505e-16,0.5196445316910804,0.8543825610834749,3.1950432376128672
154,upper,0.0030634349999999998,0.009621069999999999,0.0,-1.5725491,-2.3683367,0.0,0.5462874544705185,0.837597765689547,2.8427773731894597
155,upper,0.003469865,0.010223804999999999,0.0,-1.4574358,-2.0460321,8.2027119e-16,0.5715377142647113,0.8205757985543255,2.511903950144845
156,upper,0.0039013900000000002,0.010824150000000001,0.0,-1.3372369,-1.7524582,2.2001695e-19,0.5954124021428766,0.8034202333613769,2.204167810863152
157,upper,0.004357955,0.011422149999999999,0.0,-1.2191368,-1.4961184,-7.7808681e-16,0.6179381997975438,0.7862266729327941,1.9296393914444736
158,upper,0.004839505,0.01201775,0.0,-1.1083082,-1.2837495,-7.5629178e-16,0.6391911861448292,0.769047870782285,1.6956856525648636
159,upper,0.00534598,0.012610900000000001,0.0,-0.99011548,-1.0702934,9.0155107e-20,0.659200896159698,0.7519668732745154,1.4575101932019399
160,upper,0.00587731,0.0132016,0.0,-0.88737353,-0.89176297,7.1096661e-16,0.6780223951970468,0.7350412448368185,1.257141689813237
161,upper,0.00643343,0.013789800000000001,0.0,-0.97555731,-0.90364439,6.8323505e-16,0.6957160984349944,0.7183168593165478,1.327813925676756
162,upper,0.007014275,0.0143755,0.0,-1.2220644,-1.1011112,6.5345006e-16,0.7123517532466416,0.701822612663938,1.6433244571378292
163,upper,0.0076197650000000006,0.014958599999999999,0.0,-1.5194241,-1.3358576,-1.2499781e-15,0.7279693786304537,0.6856096438764488,2.021971071358784
164,upper,0.008249820000000001,0.01553915,0.0,-1.7810829,-1.5139439,-1.4807733e-19,0.7426140893052944,0.669719578902445,2.336575126950658
165,upper,0.00890436,0.016117100000000002,0.0,-1.9721162,-1.6294214,-5.75837e-16,0.75638683756709,0.6541245691420379,2.557527307058643
166,upper,0.009583305,0.01669235,0.0,-2.1126598,-1.6815767,0.0,0.7693298797442475,0.6388517325113094,2.6996104980201565
167,upper,0.010286585,0.0172649,0.0,-2.2039284,-1.6925804,-1.2828657e-19,0.7814535525483072,0.6239634165635276,2.7783759269345687
168,upper,0.011014050000000001,0.01783475,0.0,-2.2659626,-1.6685603,-5.1055532e-16,0.7928291914301852,0.6094439048970454,2.8134152007572255
169,upper,0.011765649999999999,0.018401849999999997,0.0,-2.2947824,-1.6325966,-4.9192331e-16,0.803552999225174,0.5952332126454535,2.815754999261187
170,upper,0.01254135,0.0189661,0.0,-2.2898884,-1.5864808,4.7263135e-16,0.8136148028785003,0.5814042935316003,2.7854738479052124
171,upper,0.01334095,0.01952755,0.0,-2.2892502,-1.5162549,-4.5405196e-16,0.823025591754891,0.5680042916356456,2.7453507909435793
172,upper,0.01416435,0.0200862,0.0,-2.2723246,-1.4564586,-1.0794433e-19,0.8319085372796643,0.5549127729663548,2.6985737146472935
173,upper,0.015011549999999999,0.020641899999999998,0.0,-2.2367641,-1.3988992,0.0,0.8402826324397534,0.5421485936716225,2.637925260063094
174,upper,0.01588235,0.021194650000000002,0.0,-2.2054747,-1.3306722,0.0,0.8481251524962085,0.5297959283566485,2.5755032798014135
175,upper,0.01677665,0.0217445,0.0,-2.1742526,-1.2667945,0.0,0.855514113235915,0.517779491728058,2.516023997373782
176,upper,0.0176944,0.02229135,0.0,-2.1337842,-1.2058207,7.4949945e-16,0.8624919597337304,0.5060707652045011,2.4506023206552974
177,upper,0.018635350000000002,0.0228351,0.0,-2.0930972,-1.1491445,-7.2210177e-16,0.8690574897189731,0.49471110717605404,2.3875163462700844
178,upper,0.019599449999999997,0.023375800000000002,0.0,-2.0557879,-1.0896408,3.0318475e-20,0.8752510297275405,0.48366893115113335,2.3263558774510837
179,upper,0.020586649999999998,0.023913399999999998,0.0,-2.0122122,-1.0402581,3.4890003e-20,0.8810999676140643,0.47293006572906204,2.264929435860814
180,upper,0.021596749999999998,0.02444785,0.0,-1.9695213,-0.99322407,-1.2957059e-15,0.8866138621619617,0.4625103884479246,2.205581336834776
181,upper,0.02262965,0.02497915,0.0,-1.9325769,-0.94226638,-6.2506905e-16,0.8918201263881033,0.4523901658625078,2.1497830191475935
182,upper,0.0236852,0.02550725,0.0,-1.8909362,-0.90203094,6.0325953e-16,0.8967435075220148,0.44255065440818625,2.0948791432817817
183,upper,0.02476325,0.0260321,0.0,-1.8545665,-0.85877833,1.3824095e-21,0.9014148767337496,0.4329563719395739,2.0435473830491677
184,upper,0.025863699999999996,0.0265536,0.0,-1.8155192,-0.82193941,6.9269242e-20,0.905830980563437,0.423639274208001,1.9927593522630993
185,upper,0.02698635,0.0270718,0.0,-1.7801932,-0.78004203,0.0,0.9099936340707949,0.41462222076322475,1.9433872381833714
186,upper,0.0281311,0.0275867,0.0,-1.7457152,-0.74539488,-5.2551408e-16,0.9139525339091954,0.4058211006847239,1.8979978011701555
187,upper,0.0292978,0.028098150000000002,0.0,-1.7077945,-0.71811465,5.0795667e-16,0.9177100320316391,0.39725092461627814,1.8525318539914524
188,upper,0.0304863,0.028606200000000002,0.0,-1.6791386,-0.67788862,4.9164948e-16,0.9212651587491915,0.38893509391005987,1.8105865629711557
189,upper,0.03169645,0.0291108,0.0,-1.6440058,-0.6541133,0.0,0.9246510398524186,0.3808155124201756,1.7692281640137593
190,upper,0.0329281,0.029611850000000002,0.0,-1.6111825,-0.6270111,-4.6149352e-16,0.9278650574325706,0.37291612353939907,1.7287824917250272
191,upper,0.0341811,0.0301094,0.0,-1.5805444,-0.60127362,-4.4637624e-16,0.9309092331005305,0.3652505985322711,1.6909589248720036
192,upper,0.03545525,0.0306034,0.0,-1.5542411,-0.57200184,1.0480073e-19,0.9338066375181235,0.35777809285518863,1.6560103829083284
193,upper,0.0367504,0.031093799999999998,0.0,-1.5236251,-0.5538628,-1.0345357e-19,0.9365626024704375,0.3505003447270791,1.621099391176786
194,upper,0.0380664,0.0315806,0.0,-1.4975022,-0.52761743,9.8620794e-20,0.939191377429476,0.3433941708330582,1.5876219038135897
195,upper,0.039403099999999996,0.0320637,0.0,-1.4698588,-0.50872842,-1.1172831e-19,0.9417003841411519,0.3364526512132234,1.5553296222497666
196,upper,0.04076035,0.032543100000000005,0.0,-1.4446586,-0.4876206,-9.2993938e-20,0.9440873994217066,0.32969528697444106,1.5246501943778525
197,upper,0.04213789999999999,0.03301875,0.0,-1.4199798,-0.47004555,9.1845911e-20,0.9463599021173297,0.32311443122286915,1.4956904450736759
198,upper,0.0435356,0.03349065,0.0,-1.3959446,-0.44966877,-7.2534986e-16,0.9485231465619005,0.31670781555924893,1.466499378290008
199,upper,0.0449533,0.0339588,0.0,-1.3726375,-0.43292749,8.5494134e-20,0.9505950304190406,0.31043370973949214,1.4392176728357227
200,upper,0.04639075000000001,0.03442305,0.0,-1.3491068,-0.41833521,-1.3434708e-21,0.9525774442617099,0.3042962580838439,1.4124265466078127
201,upper,0.04784785,0.034883449999999996,0.0,-1.326864,-0.40363059,-1.2876233e-21,0.9544628984924092,0.29832964217702024,1.3868574288316318
202,upper,0.049324400000000004,0.035339999999999996,0.0,-1.3072168,-0.38678059,6.4953067e-16,0.9562663649837154,0.2924972464841873,1.3631797151501739
203,upper,0.050820149999999994,0.0357926,0.0,-1.2860536,-0.37414762,-3.1646378e-16,0.9579938403485371,0.28678877567691113,1.3393327650202917
204,upper,0.052334950000000005,0.03624125,0.0,-1.2664881,-0.35874764,7.5859916e-20,0.9596434850267945,0.2812194546001898,1.3162638696888687
205,upper,0.053868650000000004,0.036685949999999995,0.0,-1.2464303,-0.34760234,7.2840284e-20,0.9612212963372729,0.27577820702095496,1.2939564988415444
206,upper,0.055421,0.03712665,0.0,-1.2281693,-0.33331327,-2.9320905e-16,0.9627341241688309,0.27044963701375957,1.2725449482499154
207,upper,0.0569918,0.037563299999999994,0.0,-1.2093986,-0.32476039,-5.7175505e-16,0.9641876429705091,0.2652210194214896,1.2522204672493542
208,upper,0.058580900000000005,0.03799585,0.0,-1.1919481,-0.31253906,-2.7880814e-16,0.9655762247945193,0.26012026855199855,1.2322144907691894
209,upper,0.06018804999999999,0.038424349999999996,0.0,-1.1758819,-0.29946887,0.0,0.9669014859062016,0.25514998834485453,1.2133714350503544
210,upper,0.061813,0.03884875,0.0,-1.1583106,-0.29224919,-6.446842e-20,0.9681760686229203,0.25027005443293904,1.1945898236415384
211,upper,0.0634556,0.039269,0.0,-1.1421298,-0.28140132,-2.5956321e-16,0.9694007707471146,0.24548349369132808,1.1762608875761993
212,upper,0.0651157,0.0396851,0.0,-1.126672,-0.270915,6.2374763e-20,0.9705788575851712,0.24078347370337558,1.1587558774115498
213,upper,0.06679299999999999,0.04009695,0.0,-1.1106439,-0.26380171,4.9590026e-16,0.9717085532854355,0.23618316508999126,1.1415277001082458
214,upper,0.0684873,0.0405046,0.0,-1.0962743,-0.2536632,-2.4232965e-16,0.9727875148668429,0.23169905247797548,1.1252154749979189
215,upper,0.0701984,0.04090805,0.0,-1.0821961,-0.24554612,-1.1583073e-19,0.9738239737527902,0.22730347147442564,1.1096819919648477
216,upper,0.07192604999999999,0.041307250000000004,0.0,-1.0682782,-0.23780891,5.7059122e-20,0.97482076340115,0.22298986354092284,1.094408746838522
217,upper,0.0736701,0.0417022,0.0,-1.0546455,-0.23061382,0.0,0.9757827628987734,0.21874185614471697,1.0795497949081818
218,upper,0.0754303,0.0420928,0.0,-1.040506,-0.22421145,0.0,0.9767096252028203,0.21456539337965522,1.0643802432507585
219,upper,0.07720635,0.04247905,0.0,-1.0277898,-0.2148504,-4.3498697e-16,0.9775958356304612,0.21049081252629653,1.0499870636510644
220,upper,0.07899809999999999,0.042860999999999996,0.0,-1.0150555,-0.20936155,-2.131863e-16,0.9784474080348472,0.2064961735962419,1.0364107819596942
221,upper,0.08080535,0.0432386,0.0,-1.0027597,-0.20357459,0.0,0.9792664179710615,0.2025766092966466,1.0232083496858912
222,upper,0.08262775,0.04361185,0.0,-0.99171686,-0.19468413,4.9641724e-20,0.9800550106746153,0.19872638489032993,1.010625951163915
223,upper,0.08446514999999999,0.0439807,0.0,-0.97941235,-0.19181034,-4.9270678e-20,0.9808161466926766,0.19493508249396724,0.9980140116013151
224,upper,0.08631734999999999,0.04434515,0.0,-0.96856774,-0.18308442,-1.4247649e-21,0.9815470570561197,0.1912207488335682,0.9857043546486564
225,upper,0.08818405000000001,0.0447052,0.0,-0.95715696,-0.17842643,-1.9308117e-16,0.9822511700336118,0.18757035737983957,0.9736360531069239
226,upper,0.090065,0.045060800000000005,0.0,-0.94598092,-0.17263599,1.8960421e-16,0.9829306342758372,0.18397654253219525,0.9615945982652626
227,upper,0.09196,0.04541194999999999,0.0,-0.93489851,-0.16930534,-9.0762648e-20,0.9835842290423771,0.18044961728724346,0.9501025139989038
228,upper,0.0938688,0.04575865,0.0,-0.92504011,-0.16146727,2.2669677e-20,0.9842127376470077,0.17698951113945288,0.9390142722787111
229,upper,0.09579114999999999,0.0461009,0.0,-0.91484542,-0.15794218,1.7933009e-16,0.9848198994814303,0.17357927752293836,0.9283734640602448
230,upper,0.09772685,0.04643865,0.0,-0.90501379,-0.15322294,-1.7609053e-16,0.9854055048532806,0.1702233562260218,0.9178876937317493
231,upper,0.0996755,0.0467719,0.0,-0.89513303,-0.15018345,-1.726973e-16,0.9859670964915813,0.16693976349558168,0.9076433041867621
232,upper,0.101637,0.047100699999999995,0.0,-0.88625852,-0.14312247,4.1157347e-20,0.9865081794119904,0.16371197864921183,0.8977321418064276
233,upper,0.10361100000000001,0.047425,0.0,-0.87738522,-0.1386495,-4.0976643e-20,0.9870342329247747,0.16050988453862125,0.8882638628385722
234,upper,0.1055975,0.04774475,0.0,-0.8673704,-0.13521603,-1.6428214e-16,0.9875409496660154,0.1573622341374969,0.8778416851001944
235,upper,0.107596,0.048060000000000005,0.0,-0.8578929,-0.13246318,-1.7111375e-20,0.9880243664610499,0.1542979302493743,0.868057883522183
236,upper,0.10960600000000001,0.048370750000000004,0.0,-0.84960034,-0.12837538,-1.586654e-16,0.9884932526394519,0.15126496450360447,0.8592429008290209
237,upper,0.111628,0.048677,0.0,-0.84136368,-0.12316653,0.0,0.9889479760992839,0.14826294401882964,0.850325940841829
238,upper,0.1136615,0.04897875,0.0,-0.83275808,-0.11937738,0.0,0.9893829550820233,0.14533192420512006,0.8412659944007977
239,upper,0.11570550000000002,0.04927595,0.0,-0.82478633,-0.11586041,-1.7750382e-20,0.9898018827153462,0.14245080895928977,0.8328794714027358
240,upper,0.11776,0.049568600000000004,0.0,-0.81657582,-0.11412027,1.8314042e-20,0.9902092935497705,0.13959066934313474,0.8245110907269438
241,upper,0.1198255,0.049856750000000005,0.0,-0.80881127,-0.11045153,0.0,0.9906030348302634,0.1367685175216571,0.8163171906830183
242,upper,0.1219015,0.0501404,0.0,-0.80110321,-0.10564485,0.0,0.9909802550109116,0.13400796311603616,0.808034714498059
243,upper,0.123987,0.0504195,0.0,-0.792788,-0.10491733,-1.7290464e-20,0.9913424689285885,0.13130159670990627,0.799700226208498
244,upper,0.126082,0.050694100000000006,0.0,-0.78620792,-0.098893348,1.4027744e-16,0.9916933062938513,0.1286249830008523,0.7923972868246091
245,upper,0.128187,0.05096425,0.0,-0.77829454,-0.09813326,-1.3840159e-16,0.992033612614483,0.1259734553112595,0.7844565300374854
246,upper,0.130301,0.05122985,0.0,-0.77112622,-0.093845623,1.6738276e-20,0.9923601818421786,0.12337450909389026,0.7768131135707071
247,upper,0.1324235,0.051490949999999994,0.0,-0.76401922,-0.092359782,-1.1474342e-21,0.9926761438221815,0.1208059331586151,0.7695812627664672
248,upper,0.13455499999999998,0.05174755,0.0,-0.75729278,-0.089015357,1.3255768e-16,0.9929817755805145,0.1182674653696815,0.7625055499700713
249,upper,0.136695,0.0519997,0.0,-0.75021254,-0.086538878,-2.6138681e-16,0.9932742436154872,0.1157854782348871,0.755186738594494
250,upper,0.138843,0.0522474,0.0,-0.74381344,-0.083743046,-1.2887009e-16,0.9935568349185826,0.11333497159556852,0.7485119429560395
251,upper,0.1409985,0.0524906,0.0,-0.73739135,-0.080415512,-1.2731354e-16,0.9938301543289045,0.11091268794229872,0.7417608597594754
252,upper,0.1431615,0.05272935,0.0,-0.7305615,-0.079064316,1.5278022e-20,0.9940934051491188,0.10852788507581637,0.734827052206294
253,upper,0.14533200000000002,0.0529637,0.0,-0.72396441,-0.076585284,-1.4894501e-22,0.9943468125659055,0.10618105452491922,0.7280036097108668
254,upper,0.14750950000000002,0.05319365,0.0,-0.71785973,-0.074845996,-2.4497034e-16,0.9945931206901506,0.10384856414908933,0.7217509982953975
255,upper,0.149694,0.05341915,0.0,-0.71151813,-0.071237558,1.4832411e-20,0.9948302051096927,0.10155226733759729,0.7150740627416585
256,upper,0.1518845,0.05364025,0.0,-0.705182,-0.069838672,0.0,0.9950562606529044,0.09931282966192723,0.7086316401358876
257,upper,0.15408100000000002,0.053857,0.0,-0.69945215,-0.067793413,-1.8462423e-22,0.9952761535226904,0.09708438715405358,0.7027297273793626
258,upper,0.156284,0.0540694,0.0,-0.69323944,-0.066312274,0.0,0.9954879128535968,0.0948884363997507,0.6964037512273682
259,upper,0.158492,0.054277450000000005,0.0,-0.68760867,-0.062965862,-5.7615827e-17,0.9956908738562504,0.09273447966844017,0.690484783952879
260,upper,0.1607055,0.0544812,0.0,-0.68222157,-0.060926945,6.9249605e-21,0.9958882325687555,0.09059044227224233,0.6849358324614281
261,upper,0.1629245,0.05468065,0.0,-0.67603108,-0.060306376,5.6358884e-17,0.9960774734038006,0.08848540544915386,0.6787155642403717
262,upper,0.1651475,0.0548758,0.0,-0.67076812,-0.05743242,5.5733238e-17,0.9962589192846191,0.08641854977863755,0.6732219487684532
263,upper,0.167375,0.055066699999999996,0.0,-0.66509528,-0.056615679,5.5068071e-17,0.9964343886177613,0.08437125802041891,0.667500544760269
264,upper,0.169607,0.055253399999999994,0.0,-0.65989172,-0.053385787,-5.4445816e-17,0.9966026001612309,0.08236053273184678,0.6620466858344958
265,upper,0.1718425,0.055435899999999996,0.0,-0.65442803,-0.0528158,-5.9889253e-23,0.9967647898253805,0.08037383756151664,0.6565558263086694
266,upper,0.1740815,0.0556142,0.0,-0.64922737,-0.050379855,-6.5500867e-21,0.9969223952585987,0.0783947564053767,0.6511788212283036
267,upper,0.1763245,0.05578835,0.0,-0.64379297,-0.049792871,0.0,0.9970741164401249,0.07644086816058608,0.645715517020562
268,upper,0.1785705,0.055958350000000004,0.0,-0.63859006,-0.047862565,1.7164755e-22,0.997218925713215,0.07452794240673447,0.6403811920920961
269,upper,0.180819,0.05612425,0.0,-0.63373529,-0.045447664,0.0,0.9973575739157579,0.07264894873894348,0.6353624163514399
270,upper,0.18307,0.05628609999999999,0.0,-0.62875502,-0.044902436,5.1268679e-17,0.9974918674469443,0.07078117247691963,0.6303562661335907
271,upper,0.18532300000000002,0.056443850000000004,0.0,-0.62384566,-0.042326893,5.0790323e-17,0.9976206273901264,0.06894261240865907,0.6252794253023692
272,upper,0.1875775,0.0565976,0.0,-0.61896779,-0.041898109,1.0075528e-16,0.9977436161421472,0.0671392318066835,0.6203841679225259
273,upper,0.189834,0.0567474,0.0,-0.61436828,-0.04023873,2.6422555e-23,0.9978624698900068,0.06534899528696057,0.6156846098799985
274,upper,0.19209199999999998,0.05689325,0.0,-0.60949521,-0.038992858,9.8859309e-17,0.9979766222541371,0.0635819269464465,0.610741212004665
275,upper,0.19435049999999998,0.05703515,0.0,-0.60490605,-0.03720621,-4.8994687e-17,0.9980864694461176,0.06183364382425112,0.606049139328287
276,upper,0.19661,0.05717315,0.0,-0.60027132,-0.0366237,9.7173849e-17,0.998191881987288,0.060107958996092184,0.6013873344716788
277,upper,0.19887,0.0573073,0.0,-0.59553735,-0.035068613,9.6338853e-17,0.9982998707601042,0.058286945711363385,0.5965689018799186
278,upper,0.20133800000000002,0.0574492,0.0,-0.59040814,-0.034119841,-8.0583138e-17,0.9984044897151652,0.05646658229962972,0.5913927685502566
279,upper,0.2040135,0.0575982,0.0,-0.58575313,-0.032495359,0.0,0.9985062829825724,0.05463700984064666,0.5866536298311659
280,upper,0.206689,0.057742,0.0,-0.58053085,-0.030851654,7.8913455e-17,0.9986093100455609,0.052720450399526775,0.5813500246731134
281,upper,0.2093645,0.0578807,0.0,-0.5755384,-0.028931698,7.824981e-17,0.9987072573433905,0.05083123183282943,0.5762650108081586
282,upper,0.21204,0.05801435,0.0,-0.57063092,-0.028152681,0.0,0.9988009594402978,0.04895552492968005,0.5713249396588327
283,upper,0.21471600000000002,0.05814299999999999,0.0,-0.56550944,-0.026852225,0.0,0.9988896143884404,0.047111975833249525,0.5661465678298918
284,upper,0.21739150000000002,0.05826674999999999,0.0,-0.56084107,-0.025604724,7.6099474e-17,0.9989734229811844,0.04530011233159944,0.5614252203197496
285,upper,0.220067,0.05838565,0.0,-0.55595611,-0.024373908,0.0,0.9990529323189383,0.04351135972284478,0.5564901238149698
286,upper,0.22274249999999998,0.058499800000000005,0.0,-0.55116444,-0.023191986,-3.7333024e-17,0.9991276929933349,0.041759467116046604,0.5516521403738862
287,upper,0.225418,0.0586093,0.0,-0.54652465,-0.022031953,0.0,0.9991986452823317,0.04002583248294936,0.5469685371534507
288,upper,0.2280935,0.05871415,0.0,-0.54191575,-0.021409708,3.6602025e-17,0.9992658839717858,0.038310483292245616,0.5423381372226093
289,upper,0.230769,0.05881445,0.0,-0.53743251,-0.019324283,3.6248093e-17,0.9993289448013487,0.036628678412180385,0.5377796860677934
290,upper,0.233445,0.0589103,0.0,-0.5329034,-0.018770024,0.0,0.9993884048443872,0.03496878983595591,0.5332338438866223
291,upper,0.2361205,0.059001700000000004,0.0,-0.52855925,-0.017743531,-3.5627536e-17,0.9994446996599368,0.033321049228057384,0.528856973938662
292,upper,0.238796,0.0590887,0.0,-0.52414659,-0.016721643,3.5288355e-17,0.9994974996815011,0.03169776223060113,0.5244132448355039
293,upper,0.24147149999999998,0.0591714,0.0,-0.51980086,-0.015767209,1.7488323e-17,0.9995465444734238,0.030111549798003425,0.520039928526293
294,upper,0.244147,0.0592499,0.0,-0.51570947,-0.014989543,-1.731552e-17,0.999592619529365,0.028541110392242823,0.5159271982348927
295,upper,0.24682300000000001,0.0593242,0.0,-0.51148085,-0.013887769,0.0,0.9996361551289724,0.026973271195109217,0.5116693488756306
296,upper,0.24949849999999998,0.059394300000000004,0.0,-0.5072673,-0.01332756,1.6992693e-17,0.9996764625277117,0.025435610236057313,0.5074421746415411
297,upper,0.252174,0.059460349999999995,0.0,-0.50319547,-0.011793742,3.3665755e-17,0.9997135744596021,0.023932593699920304,0.5033335968010672
298,upper,0.2548495,0.0595224,0.0,-0.49919451,-0.011109276,0.0,0.9997482195109414,0.022438751852601215,0.49931810084956285
299,upper,0.257525,0.05958045,0.0,-0.49511885,-0.010657254,0.0,0.9997804387935068,0.020954097591233463,0.495233454248307
300,upper,0.2602005,0.05963455,0.0,-0.49121,-0.0094265929,0.0,0.999810091243076,0.019487982155981038,0.4913004201937382
301,upper,0.262876,0.05968475,0.0,-0.48717628,-0.0088495714,1.6260558e-17,0.9998371202549403,0.018048073589950923,0.4872566465675812
302,upper,0.265552,0.05973115,0.0,-0.48330193,-0.0085555689,0.0,0.9998615807113506,0.01663789101417282,0.4833773783135689
303,upper,0.2682275,0.0597738,0.0,-0.47962878,-0.0068912168,-1.5963256e-17,0.9998838892611467,0.015238372485375868,0.47967810087645474
304,upper,0.270903,0.059812699999999996,0.0,-0.47588886,-0.0066360805,0.0,0.9999041319127673,0.013846551331476312,0.47593512427453954
305,upper,0.2735785,0.059847899999999996,0.0,-0.47201177,-0.005932532,-1.5697569e-17,0.9999220883736294,0.012482675294966222,0.4720490486659662
306,upper,0.276254,0.0598795,0.0,-0.46849152,-0.005444055,0.0,0.9999380926597041,0.011127032312041617,0.4685230931119392
307,upper,0.27893,0.05990745,0.0,-0.46477493,-0.0043778184,0.0,0.999952156697654,0.00978183600917776,0.4647955167341679
308,upper,0.2816055,0.059931849999999995,0.0,-0.46110103,-0.0041242629,-7.6403707e-18,0.9999641678255884,0.008465403999719177,0.4611194212991212
309,upper,0.284281,0.05995275,0.0,-0.45758685,-0.0031032471,0.0,0.9999743857901112,0.007157357311860642,0.45759734032270344
310,upper,0.2869565,0.05997015,0.0,-0.45392695,-0.0026883674,0.0,0.9999827833685497,0.005867961016216289,0.45393491014209697
311,upper,0.289632,0.05998415,0.0,-0.45050139,-0.0022222002,0.0,0.9999894327147064,0.004597222957350294,0.450506845373062
312,upper,0.2923075,0.05999475,0.0,-0.44698937,-0.0013603892,0.0,0.999994436181954,0.0033358065195006,0.4469914210276393
313,upper,0.294983,0.060002,0.0,-0.44362542,-0.0011133298,0.0,0.9999978294626393,0.0020835234604334946,0.4436267767432092
314,upper,0.297659,0.0600059,0.0,-0.44017175,-0.00060829657,0.0,0.9999996385555981,0.0008502286004721972,0.4401721080935264
315,upper,0.3003345,0.06000655,0.0,-0.43679523,0.00036980706,0.0,0.9999999369612979,-0.00035507379559439215,0.43679533377379204
316,upper,0.30301,0.060004,0.0,-0.43359957,0.00071375673,0.0,0.9999987824907758,-0.0015604540896645926,0.4336001558731323
317,upper,0.3056855,0.0599982,0.0,-0.43018858,0.001308626,0.0,0.9999962008917517,-0.0027564836410305035,0.4301905528731786
318,upper,0.308361,0.05998925,0.0,-0.42695421,0.0015029639,0.0,0.9999922639707071,-0.003933446165857231,0.42695681889731457
319,upper,0.311037,0.05997715,0.0,-0.4237422,0.002330555,0.0,0.9999869882484416,-0.005101307068893459,0.42374857524846476
320,upper,0.3137125,0.05996195,0.0,-0.42038527,0.0026337765,0.0,0.9999804620218943,-0.006251045870796069,0.42039352037951366
321,upper,0.316388,0.0599437,0.0,-0.41730201,0.0030935851,0.0,0.9999727556440811,-0.007381596682477875,0.417313476473025
322,upper,0.3190635,0.05992245,0.0,-0.4141335,0.0033619289,6.7636261e-18,0.9999638507454391,-0.008502776155657147,0.4141471151115742
323,upper,0.321739,0.0598982,0.0,-0.41100832,0.0041321226,0.0,0.999953697628112,-0.009623024465634622,0.4110290528567931
324,upper,0.324415,0.059870950000000006,0.0,-0.40783959,0.0043898596,0.0,0.9999424818037067,-0.010725347744655675,0.4078632145731664
325,upper,0.3270905,0.059840800000000006,0.0,-0.40478357,0.0046730832,1.3181265e-17,0.9999302588948963,-0.01181005276811005,0.4048105293056821
326,upper,0.329766,0.05980775000000001,0.0,-0.40173116,0.0051993283,0.0,0.999916872613125,-0.012893714111439403,0.4017648037911146
327,upper,0.3324415,0.0597718,0.0,-0.39869162,0.0057131092,-1.2955747e-17,0.999902442886955,-0.013967988713475113,0.398732525441382
328,upper,0.335117,0.059733,0.0,-0.39560824,0.0056003213,0.0,0.9998872806619539,-0.015014192300725286,0.3956477316020056
329,upper,0.3377925,0.05969145000000001,0.0,-0.39273851,0.0065701543,1.2721967e-17,0.9998711743028643,-0.01605100614326593,0.39279337277468873
330,upper,0.340468,0.0596471,0.0,-0.38979877,0.0064531352,1.2608125e-17,0.9998540207058676,-0.017086172137448986,0.38985212682955517
331,upper,0.343144,0.0596,0.0,-0.38687003,0.0072679785,-1.2499909e-17,0.9998361072576625,-0.018104105165518313,0.3869382050569598
332,upper,0.3458195,0.0595502,0.0,-0.38401881,0.0074861147,0.0,0.9998171240266582,-0.019123768014227178,0.3840917449071904
333,upper,0.348495,0.05949765,0.0,-0.381038,0.007706196,0.0,0.9997973238654776,-0.02013234192609026,0.38111591646387527
334,upper,0.3511705,0.059442449999999994,0.0,-0.37813828,0.0080225199,1.2202553e-17,0.9997770991300132,-0.02111284100199843,0.3782233708354968
335,upper,0.353846,0.05938465,0.0,-0.3753394,0.0083298731,2.4186387e-17,0.999756165568676,-0.02208187961696893,0.3754318185858663
336,upper,0.356522,0.05932425,0.0,-0.37259442,0.008514971,-1.1984211e-17,0.9997342482606979,-0.023052827475542492,0.3726916965422529
337,upper,0.3591975,0.05926125,0.0,-0.36974864,0.0089280056,1.1880477e-17,0.9997113351131779,-0.02402595359662761,0.36985641039893785
338,upper,0.361873,0.05919565,0.0,-0.36693684,0.0093235587,-2.3557791e-17,0.9996877630884224,-0.024987523512068503,0.36705524141656676
339,upper,0.3645485,0.0591275,0.0,-0.36409673,0.0091549277,1.167623e-17,0.9996639939055367,-0.02592102021199781,0.36421169634569694
340,upper,0.367224,0.059056899999999996,0.0,-0.36143815,0.0099685385,1.1565726e-17,0.9996396049536748,-0.026845115161995853,0.3615754960452164
341,upper,0.3698995,0.0589838,0.0,-0.35867187,0.0097940349,0.0,0.9996143630379565,-0.02776914129425877,0.35880552480866174
342,upper,0.372575,0.05890825000000001,0.0,-0.35592079,0.01047117,0.0,0.9995888807428499,-0.02867175431075924,0.35607469092279714
343,upper,0.375251,0.0588303,0.0,-0.35335685,0.010506743,-1.1274973e-17,0.9995622319659214,-0.029586220226742337,0.3535130164787111
344,upper,0.3779265,0.05874985,0.0,-0.35053287,0.010569993,0.0,0.9995349459354425,-0.03049412818612686,0.35069217598551394
345,upper,0.380602,0.05866705,0.0,-0.34787768,0.011241024,0.0,0.9995078025167766,-0.031371208266249256,0.34805909998646434
346,upper,0.3832775,0.05858189999999999,0.0,-0.34529398,0.010915243,1.0988314e-17,0.9994798910295333,-0.03224821588231088,0.3454663866162257
347,upper,0.385953,0.0584944,0.0,-0.34262873,0.0116769,2.1777041e-17,0.9994516232085592,-0.03311272966362115,0.3428274943893963
348,upper,0.388629,0.0584046,0.0,-0.34012488,0.011335773,-2.1588653e-17,0.9994228240588215,-0.03397085148020145,0.3403136539632641
349,upper,0.3913045,0.0583125,0.0,-0.33744595,0.012084829,0.0,0.9993935016277897,-0.03482282159942054,0.33766211742494256
350,upper,0.39398,0.05821815,0.0,-0.33493242,0.012010644,2.1234535e-17,0.9993635678879306,-0.035671545779591037,0.3351476964898273
351,upper,0.3966555,0.058121500000000006,0.0,-0.33235308,0.011932829,4.2075339e-17,0.9993332560064465,-0.036510867417167206,0.33256716351770177
352,upper,0.399331,0.05802265,0.0,-0.3297672,0.012636559,2.0845655e-17,0.999302937995846,-0.037331462774317446,0.3300090730465677
353,upper,0.4020065,0.057921600000000004,0.0,-0.32733049,0.012563861,-4.1382217e-17,0.9992715920629128,-0.03816130626762389,0.3275715132205582
354,upper,0.404682,0.0578183,0.0,-0.32469445,0.012460822,0.0,0.9992400646625008,-0.03897811146375862,0.3249334025224012
355,upper,0.407358,0.057712849999999996,0.0,-0.32224626,0.012887717,2.0282953e-17,0.9992088432801552,-0.03977043513382744,0.3225038628189278
356,upper,0.4100335,0.0576053,0.0,-0.31975814,0.013303503,0.0,0.9991768420525978,-0.04056646775106134,0.3200346046712381
357,upper,0.412709,0.057495599999999994,0.0,-0.31726915,0.012932819,3.9892588e-17,0.9991443623484307,-0.04135871356011533,0.31753256732612445
358,upper,0.4153845,0.0573838,0.0,-0.31478986,0.013597252,0.0,0.9991116497844289,-0.042141562204511526,0.3150832258009778
359,upper,0.41806,0.0572699,0.0,-0.31234484,0.013226994,0.0,0.9990784980477578,-0.042920330131960054,0.3126247205693007
360,upper,0.420736,0.057153899999999994,0.0,-0.3098925,0.013616227,-3.8805871e-17,0.9990453845986709,-0.04368431654603134,0.3101914874171742
361,upper,0.4234115,0.0570359,0.0,-0.30744379,0.013992767,-1.9255971e-17,0.999011919278719,-0.0444430550148176,0.307761892031814
362,upper,0.426087,0.056915850000000004,0.0,-0.30506667,0.013901196,-1.9095013e-17,0.9989776428336992,-0.045206958738960384,0.30538321369772015
363,upper,0.4287625,0.056793750000000004,0.0,-0.302583,0.013804059,1.8922447e-17,0.9989436418132341,-0.045952154257583325,0.30289769021932256
364,upper,0.431438,0.0566697,0.0,-0.30022734,0.014286459,0.0,0.998909726073341,-0.046683606930943713,0.3005669533955189
365,upper,0.434114,0.05654365,0.0,-0.29790865,0.014030807,-1.8577517e-17,0.9988750737835127,-0.04741926796126444,0.2982388553463424
366,upper,0.4367895,0.05641565,0.0,-0.29549083,0.014471201,0.0,0.9988401146650686,-0.04815002944830153,0.29584488327397856
367,upper,0.439465,0.056285699999999994,0.0,-0.29316864,0.014267609,6.2471504e-23,0.9988048397557988,-0.048876293644188044,0.29351560434370993
368,upper,0.4421405,0.056153800000000004,0.0,-0.29077282,0.014416904,0.0,0.9987699638633304,-0.04958386112881448,0.29113000468968214
369,upper,0.444816,0.05602005,0.0,-0.28849354,0.014858142,1.7906347e-17,0.9987350579190818,-0.05028204533795625,0.2888757101508627
370,upper,0.4474915,0.0558844,0.0,-0.28617087,0.014684785,-1.776781e-17,0.9986991912556062,-0.050989463474310055,0.28654738573829885
371,upper,0.450167,0.05574685,0.0,-0.28381318,0.014767224,0.0,0.9986630755227627,-0.0516919876520236,0.2841970903733581
372,upper,0.452843,0.0556074,0.0,-0.28155192,0.014668656,1.7428563e-17,0.9986271953202536,-0.052380576235894524,0.2819337568605185
373,upper,0.4555185,0.055466150000000006,0.0,-0.2792014,0.015086304,-3.4550082e-17,0.9985915690614208,-0.0530554257305482,0.27960857439156583
374,upper,0.458194,0.0553231,0.0,-0.27696972,0.014978101,0.0,0.9985552513259838,-0.05373462616694568,0.27737441102221305
375,upper,0.4608695,0.0551782,0.0,-0.27466955,0.015047933,0.0,0.9985184743358233,-0.05441375203071002,0.27508143450734385
376,upper,0.463545,0.0550315,0.0,-0.27238977,0.01510513,0.0,0.9984820344743245,-0.055078369910644784,0.27280825765728167
377,upper,0.466221,0.054883,0.0,-0.27014884,0.014984969,0.0,0.9984453912195608,-0.05573868272948458,0.2705641066741127
378,upper,0.4688965,0.054732750000000004,0.0,-0.26783874,0.015463165,1.6495518e-17,0.9984085426066022,-0.056394876098458176,0.26828452933125363
379,upper,0.471572,0.05458075,0.0,-0.26564479,0.015029112,1.6334353e-17,0.9983715621336385,-0.05704580547979083,0.26606955176464836
380,upper,0.4742475,0.054427,0.0,-0.26337876,0.015304662,1.6171663e-17,0.9983346973614677,-0.057687364684014523,0.26382304027419823
381,upper,0.476923,0.05427155,0.0,-0.26117183,0.015335413,0.0,0.9982979662335446,-0.05831955601655943,0.2616216612039836
382,upper,0.4795985,0.0541144,0.0,-0.25896668,0.015377102,1.5867005e-17,0.9982608375350118,-0.05895167719324629,0.25942280082373304
383,upper,0.482274,0.053955550000000005,0.0,-0.25672866,0.01540307,1.5709486e-17,0.9982236424982213,-0.05957818021375983,0.25719030499919254
384,upper,0.48495,0.053794999999999996,0.0,-0.25459426,0.015437608,0.0,0.9981862865800942,-0.06020080799658572,0.25506185544914156
385,upper,0.4876255,0.0536328,0.0,-0.25234101,0.015458872,0.0,0.9981487663469377,-0.06081973561342063,0.25281407233816194
386,upper,0.490301,0.05346895,0.0,-0.25017612,0.015480632,0.0,0.9981112101341758,-0.06143298954544762,0.2506546113836857
387,upper,0.4929765,0.05330345,0.0,-0.24797428,0.015497206,0.0,0.9980738575141266,-0.062036883761764375,0.24845804457114223
388,upper,0.495652,0.05313635,0.0,-0.24582725,0.015643967,0.0,0.9980365082423612,-0.06263488018185463,0.24632442821943587
389,upper,0.498328,0.052967600000000004,0.0,-0.24370236,0.015389347,0.0,0.9979984377633078,-0.06323858175194404,0.24418777503759978
390,upper,0.5010035,0.052797250000000004,0.0,-0.24144926,0.015769624,-1.4695526e-17,0.9979602191092242,-0.06383886806224845,0.2419634713592873
391,upper,0.503679,0.0526253,0.0,-0.23935312,0.01529779,1.4544886e-17,0.9979220223069213,-0.06443320102916224,0.23984143513424314
392,upper,0.5063545,0.05245175,0.0,-0.23714559,0.015644128,0.0,0.9978846844586579,-0.06500889572085325,0.2376609597337079
393,upper,0.5090300000000001,0.052276699999999995,0.0,-0.23506287,0.015424701,-1.4250626e-17,0.9978476274858825,-0.06557524167546365,0.2355684056353692
394,upper,0.5117055,0.0521001,0.0,-0.23295251,0.015532631,0.0,0.9978096365168542,-0.06615080705557141,0.23346975540513523
395,upper,0.514381,0.051921949999999994,0.0,-0.23077588,0.015746966,0.0,0.9977717315505039,-0.06672009981039771,0.23131228853092223
396,upper,0.5170570000000001,0.051742250000000004,0.0,-0.22875837,0.015282215,2.1265882e-22,0.9977330897758055,-0.06729547953930011,0.2292682192990246
397,upper,0.5197325,0.051561,0.0,-0.22649599,0.015599218,0.0,0.9976949522672827,-0.067858545669536,0.227032446178843
398,upper,0.522408,0.0513783,0.0,-0.22445806,0.015371694,0.0,0.9976575653822626,-0.06840601022962978,0.22498379792703654
399,upper,0.5250835,0.051194100000000006,0.0,-0.22238862,0.015489219,-2.6814347e-17,0.9976192396511091,-0.0689626904778442,0.22292734420709998
400,upper,0.5277590000000001,0.051008399999999995,0.0,-0.22020266,0.01540286,0.0,0.9975817030177749,-0.06950356684484509,0.22074069828145584
401,upper,0.530435,0.05082125,0.0,-0.21825517,0.015413261,5.2506459e-17,0.9975434258127535,-0.07005079312724126,0.21879872114087207
402,upper,0.5331105,0.0506326,0.0,-0.21603586,0.015481382,2.6002333e-17,0.9975043868353318,-0.07060451999885473,0.21658977360877252
403,upper,0.5357860000000001,0.0504425,0.0,-0.21395424,0.015343819,0.0,0.9974668309133357,-0.0711331232809802,0.21450371150179925
404,upper,0.5384615,0.050251000000000004,0.0,-0.21192674,0.015243019,-2.5459722e-17,0.9974289977410027,-0.07166166663829907,0.21247421601885733
405,upper,0.541137,0.05005805,0.0,-0.20980724,0.015348876,0.0,0.9973907020816578,-0.07219271016562347,0.21036786736185098
406,upper,0.5438130000000001,0.049863649999999995,0.0,-0.20779254,0.015237293,0.0,0.9973529927626528,-0.0727118135338397,0.2083504428501297
407,upper,0.5464885,0.0496679,0.0,-0.20569119,0.015098495,0.0,0.9973151970094397,-0.07322839486171034,0.20624458823163366
408,upper,0.549164,0.04947075,0.0,-0.20367725,0.015173264,-4.8738962e-17,0.9972762655082712,-0.07375669633244235,0.2042416170742145
409,upper,0.5518395,0.04927215,0.0,-0.20156996,0.015179125,0.0,0.9972377474855786,-0.07427566889560343,0.20214061253378313
410,upper,0.5545150000000001,0.049072199999999996,0.0,-0.19953158,0.01497684,4.770759e-17,0.9972003521904823,-0.07477604958258964,0.2000928707795539
411,upper,0.5571905,0.048870899999999995,0.0,-0.19754317,0.015005764,0.0,0.9971620092204216,-0.07528563852084727,0.19811226282920444
412,upper,0.559866,0.0486682,0.0,-0.19543552,0.015017876,0.0,0.9971239440172495,-0.07578812748369779,0.1960116132042844
413,upper,0.5625420000000001,0.04846415,0.0,-0.19348098,0.014819407,-2.3074356e-17,0.9970858021618481,-0.07628828958145613,0.19404768535900194
414,upper,0.5652175,0.04825875,0.0,-0.19137755,0.014905675,0.0,0.9970468630129068,-0.07679552692782256,0.1919570750444356
415,upper,0.567893,0.048052,0.0,-0.18936042,0.014787659,0.0,0.9970089361290928,-0.0772863589434414,0.1899369152105654
416,upper,0.5705685,0.047843949999999996,0.0,-0.18734573,0.014707646,4.4647883e-17,0.9969714928522767,-0.07776787537217911,0.18792213449874567
417,upper,0.5732440000000001,0.0476346,0.0,-0.18530779,0.014612584,4.4121224e-17,0.9969343901676314,-0.0782420711707756,0.18588302745427845
418,upper,0.57592,0.04742395,0.0,-0.18340574,0.014578787,-2.1808256e-17,0.9968957635628627,-0.07873269073527875,0.18398423234727837
419,upper,0.5785955,0.04721195,0.0,-0.18132254,0.014322288,2.1545081e-17,0.9968563138947718,-0.0792306092878779,0.1818872824550738
420,upper,0.5812710000000001,0.04699865,0.0,-0.17932444,0.014428,0.0,0.9968186834996968,-0.07970264880122335,0.17990390201702444
421,upper,0.5839465,0.0467841,0.0,-0.17734028,0.014357559,0.0,0.9967815767530533,-0.08016538059347576,0.17792050310185625
422,upper,0.586622,0.0465683,0.0,-0.17533243,0.014452025,-2.0788599e-17,0.9967435094597831,-0.08063731363205895,0.17592683407285511
423,upper,0.5892975,0.046351199999999995,0.0,-0.17338511,0.014026181,0.0,0.9967044687236711,-0.08111844442705075,0.17395149593111753
424,upper,0.5919730000000001,0.0461328,0.0,-0.17130818,0.01417933,-4.0573315e-17,0.996667333185853,-0.08157344519020861,0.17189392371211096
425,upper,0.594649,0.0459132,0.0,-0.16941742,0.014166043,0.0,0.9966301344283433,-0.08202667340165869,0.17000849945165794
426,upper,0.5973245,0.04569234999999999,0.0,-0.16738393,0.013951065,3.9673752e-17,0.9965913332788201,-0.08249675407883428,0.1679642915465915
427,upper,0.6000000000000001,0.045470250000000004,0.0,-0.16541387,0.013860398,0.0,0.9965529470995952,-0.08295916843309815,0.16599352673188109
428,upper,0.6026755,0.0452469,0.0,-0.16345092,0.013647655,0.0,0.9965151233799145,-0.08341228251950561,0.1640196957649493
429,upper,0.605351,0.04502235,0.0,-0.16143314,0.013805019,0.0,0.99647852928158,-0.08384831948715141,0.1620221855681456
430,upper,0.6080270000000001,0.0447966,0.0,-0.15957921,0.013592116,0.0,0.9964403106021271,-0.08430128947493401,0.16015699048353496
431,upper,0.6107025,0.0445696,0.0,-0.1575356,0.013495222,3.7275391e-17,0.9964012201547746,-0.08476206978405143,0.15811254700672978
432,upper,0.613378,0.0443414,0.0,-0.15559625,0.013396572,1.8393426e-17,0.9963633789472309,-0.08520573392006275,0.15617187015079104
433,upper,0.6160535,0.044112,0.0,-0.15364721,0.013304042,-3.6332327e-17,0.996325343095112,-0.08564934737875995,0.15422209173365634
434,upper,0.6187290000000001,0.0438814,0.0,-0.15169761,0.013199424,3.5848552e-17,0.9962871126659462,-0.08609290990408067,0.15227075068644252
435,upper,0.6214045,0.0436496,0.0,-0.14975571,0.012997446,0.0,0.9962494902306119,-0.08652718194443783,0.15031868212147834
436,upper,0.62408,0.04341665,0.0,-0.14780629,0.013098423,0.0,0.9962123852190232,-0.08695334114468807,0.14838540835485112
437,upper,0.6267560000000001,0.0431825,0.0,-0.14594554,0.012789106,1.7221051e-17,0.9961743970165854,-0.08738747466680997,0.1465048179833461
438,upper,0.6294315,0.0429472,0.0,-0.14394879,0.01289198,0.0,0.9961363189438901,-0.08782046504611912,0.1445247974659923
439,upper,0.632107,0.042710750000000006,0.0,-0.14206988,0.012573829,1.6763191e-17,0.9960979551571953,-0.08825453943936179,0.14262521444481244
440,upper,0.6347825,0.0424731,0.0,-0.14014494,0.01257311,0.0,0.9960602273528677,-0.08867932952922793,0.14070777576365123
441,upper,0.6374580000000001,0.042234350000000004,0.0,-0.13818439,0.012635794,0.0,0.9960238858883983,-0.08908658002064526,0.13876063277022332
442,upper,0.640134,0.04199445,0.0,-0.13638785,0.012347904,0.0,0.9959858125132239,-0.08951123545328356,0.13694563974148027
443,upper,0.6428095,0.041753399999999996,0.0,-0.13441824,0.012235003,-1.5891114e-17,0.9959468082636,-0.08994417774124083,0.13497388438490718
444,upper,0.6454850000000001,0.0415112,0.0,-0.13255269,0.011939641,-1.564682e-17,0.995908371628628,-0.09036877403182247,0.1330893043724444
445,upper,0.6481605,0.041267849999999995,0.0,-0.1306451,0.012006931,0.0,0.9958705983141637,-0.09078409229259132,0.13119565223586852
446,upper,0.650836,0.0410234,0.0,-0.12876941,0.01188172,3.0381934e-17,0.9958334997347617,-0.09119013546440499,0.12931638787543054
447,upper,0.6535115,0.04077785,0.0,-0.12689996,0.011946573,1.4992948e-17,0.9957953896493179,-0.09160535984953593,0.12746076523331662
448,upper,0.6561870000000001,0.04053115,0.0,-0.12500807,0.011481798,-1.4769157e-17,0.9957578971413147,-0.09201201161102238,0.12553423623978568
449,upper,0.658863,0.040283349999999996,0.0,-0.12318299,0.011684811,-1.4552728e-17,0.9957203099731952,-0.09241787871880651,0.12373569043207519
450,upper,0.6615385,0.04003445,0.0,-0.12130791,0.01124682,1.4343315e-17,0.9956808985756826,-0.09284152202286022,0.12182814071985519
451,upper,0.6642140000000001,0.0397844,0.0,-0.11942382,0.011337229,0.0,0.995642975642144,-0.0932473326935264,0.11996065387173749
452,upper,0.6668895,0.0395333,0.0,-0.11759508,0.011094763,0.0,0.9956057576075092,-0.09364387550062951,0.11811729531939666
453,upper,0.669565,0.0392811,0.0,-0.11573102,0.011083261,0.0,0.9955683361896386,-0.09404088460129968,0.11626041869563687
454,upper,0.6722410000000001,0.0390278,0.0,-0.1139528,0.010843423,-2.6963063e-17,0.995530811265286,-0.09443730100697276,0.11446754703174782
455,upper,0.6749165,0.03877345,0.0,-0.11208497,0.010773083,0.0,0.9954922947472991,-0.0948424540949708,0.112601469621871
456,upper,0.677592,0.038518,0.0,-0.11027383,0.010641906,0.0,0.9954535710292673,-0.09524803370715455,0.11078609848597072
457,upper,0.6802675,0.03826145,0.0,-0.10845738,0.010514815,2.5714366e-17,0.9954146851098342,-0.0956535658911355,0.10896584830997325
458,upper,0.6829430000000001,0.0380038,0.0,-0.10659824,0.010450799,2.53037e-17,0.9953773842399372,-0.09604094410021391,0.10710918189834262
459,upper,0.685619,0.037745100000000004,0.0,-0.10487205,0.010232649,0.0,0.9953399702969703,-0.09642791882658422,0.10537005617913531
460,upper,0.6882945,0.03748535,0.0,-0.10302546,0.010117227,0.0,0.9953006407041292,-0.09683302439741401,0.1035209880357628
461,upper,0.6909700000000001,0.0372245,0.0,-0.10125927,0.0099986754,0.0,0.9952620212477756,-0.09722915746725427,0.10175166851520481
462,upper,0.6936455,0.0369626,0.0,-0.099474145,0.0098501161,0.0,0.9952241506296206,-0.09761603353727476,0.09996060073079636
463,upper,0.6963210000000001,0.03669965,0.0,-0.09772461,0.0095507333,0.0,0.9951861325306879,-0.09800286535919356,0.09819017590865126
464,upper,0.6989965,0.03643565,0.0,-0.095955018,0.0097409037,-1.1444612e-17,0.99514796700234,-0.09838965276445368,0.09644784521902793
465,upper,0.7016720000000001,0.0361706,0.0,-0.094216533,0.0092800977,1.1243499e-17,0.9951105611896554,-0.09876725676462379,0.09467243681931038
466,upper,0.704348,0.035904500000000006,0.0,-0.092505805,0.0094664961,1.1048481e-17,0.9950721080382285,-0.09915391976294291,0.0929885865818589
467,upper,0.7070235,0.03563735,0.0,-0.090735218,0.0091683125,-2.1738686e-17,0.9950325863572592,-0.09954974679617867,0.09119720182815298
468,upper,0.7096990000000001,0.03536915,0.0,-0.08903536,0.0090311203,0.0,0.9949938316286456,-0.09993635485120744,0.08949217123984059
469,upper,0.7123745,0.0350999,0.0,-0.087334986,0.0088134067,1.0480108e-17,0.9949549297302545,-0.10032291764828447,0.08777856153318771
470,upper,0.71505,0.0348296,0.0,-0.085596813,0.0087522602,0.0,0.9949177547516741,-0.10069091955031363,0.08604306213154052
471,upper,0.7177260000000001,0.0345583,0.0,-0.08397323,0.0087022832,0.0,0.9948795040771723,-0.10106815703850412,0.08442276914320947
472,upper,0.7204015,0.034285949999999996,0.0,-0.082250666,0.0084792422,1.9838951e-17,0.9948392183556587,-0.10146393261401797,0.08268652553187109
473,upper,0.723077,0.03401255,0.0,-0.080587175,0.0083378137,0.0,0.9947997353017729,-0.10185031489162258,0.08101730930957032
474,upper,0.7257525,0.0337381,0.0,-0.078926364,0.0081169908,-9.544505e-18,0.9947610506172754,-0.10222745313669124,0.07934265207065945
475,upper,0.7284280000000001,0.03346265,0.0,-0.077264105,0.0081390058,-9.3572872e-18,0.9947231745936653,-0.10259535041267902,0.07769141995980011
476,upper,0.7311035,0.0331862,0.0,-0.075653287,0.0079202947,0.0,0.9946832614602578,-0.1029815972433157,0.07606670285219269
477,upper,0.7337790000000001,0.03290865,0.0,-0.073989907,0.0076945468,-8.9960654e-18,0.9946441944922174,-0.10335824283978555,0.07438892628526557
478,upper,0.7364550000000001,0.0326301,0.0,-0.072409339,0.0077315403,-8.8175334e-18,0.9946059128748743,-0.10372597589002414,0.07282071827951178
479,upper,0.7391305,0.032350550000000006,0.0,-0.070771082,0.007545094,1.7304057e-17,0.994565529005105,-0.10411248011067538,0.07117201705660184
480,upper,0.741806,0.03206995,0.0,-0.069189179,0.0073542449,0.0,0.9945260053961179,-0.10448935156675458,0.06957887808837107
481,upper,0.7444815,0.03178835,0.0,-0.067618663,0.007169228,0.0,0.994486342142862,-0.10486617801422184,0.06799764636713343
482,upper,0.7471570000000001,0.0315057,0.0,-0.066033748,0.0069799425,9.0662334e-23,0.9944465959943691,-0.10524242355253967,0.06640162198430735
483,upper,0.749833,0.031222,0.0,-0.064507155,0.0069504554,-7.942698e-18,0.9944076333102463,-0.10560993710022959,0.06488044449273916
484,upper,0.7525085,0.030937350000000002,0.0,-0.062922149,0.0069151469,7.7833527e-18,0.9943674942930915,-0.1059871987236132,0.06330065668535982
485,upper,0.7551840000000001,0.03065165,0.0,-0.061436477,0.0065329404,7.6119298e-18,0.9943262937071072,-0.10637303061719981,0.061782833143021486
486,upper,0.7578595,0.0303649,0.0,-0.059891342,0.0065141471,0.0,0.994286919064453,-0.10674044489938107,0.06024450087540949
487,upper,0.760535,0.0300772,0.0,-0.058393948,0.0064929507,0.0,0.9942474117980918,-0.10710781546085027,0.05875347742904436
488,upper,0.7632105,0.02978845,0.0,-0.056936992,0.0061208618,-7.1193918e-18,0.9942057864848546,-0.10749350733896437,0.05726503981426096
489,upper,0.7658860000000001,0.02949865,0.0,-0.055420543,0.0061391205,6.9505349e-18,0.9941660920912132,-0.10786000804786545,0.05575939024241986
490,upper,0.7685620000000001,0.02920785,0.0,-0.054006435,0.0059597393,-1.3586438e-17,0.9941261846370666,-0.10822721015968655,0.054334217130117775
491,upper,0.7712375,0.02891605,0.0,-0.052532054,0.0058217943,1.3273656e-17,0.9940850493281231,-0.10860439540968399,0.052853601942048675
492,upper,0.7739130000000001,0.028623250000000003,0.0,-0.051123064,0.0056402452,-1.2947578e-17,0.9940448697421399,-0.10897154187829117,0.05143324571071471
493,upper,0.7765885,0.028329450000000003,0.0,-0.049698408,0.0056759531,-6.3239007e-18,0.9940035483344934,-0.10934782073016545,0.050021047000627004
494,upper,0.779264,0.0280346,0.0,-0.048299151,0.005327379,-6.169662e-18,0.9939621931901413,-0.10972309924826187,0.048592066591931916
495,upper,0.7819400000000001,0.027738699999999998,0.0,-0.046934357,0.0052912033,0.0,0.9939205981305662,-0.1100992489155919,0.04723158169150323
496,upper,0.7846155,0.027441800000000002,0.0,-0.045533924,0.005141194,-1.173069e-17,0.9938787504736039,-0.11047637465552457,0.04582317996380078
497,upper,0.787291,0.0271439,0.0,-0.04419167,0.0050051048,0.0,0.9938378965257713,-0.11084329221576945,0.04447413865067798
498,upper,0.7899665,0.026845,0.0,-0.042858321,0.0048631966,5.5681237e-18,0.9937958841586653,-0.11121933568088263,0.04313330450688842
499,upper,0.7926420000000001,0.02654505,0.0,-0.041507266,0.0047485991,0.0,0.9937548893160891,-0.11158503466131824,0.04177792112480967
500,upper,0.795318,0.0262441,0.0,-0.040244424,0.0045590018,5.2728582e-18,0.9937136402544072,-0.11195178056795053,0.040501821442104326
501,upper,0.7979935,0.02594215,0.0,-0.038909092,0.0045254443,-5.1320038e-18,0.9936700515015982,-0.11233801114854791,0.03917117886374596
502,upper,0.8006690000000001,0.02563915,0.0,-0.037650801,0.0043063251,0.0,0.9936264481339915,-0.11272303033820621,0.03789625368192322
503,upper,0.8033445,0.0253351,0.0,-0.036369106,0.0042536435,-9.7023378e-18,0.9935837427592472,-0.11309883343574209,0.036616834577989324
504,upper,0.8060200000000001,0.02503005,0.0,-0.035120266,0.0040845384,-9.4262599e-18,0.9935419455635724,-0.11346542383365654,0.035356911291071026
505,upper,0.8086955,0.024724000000000003,0.0,-0.033901607,0.003959149,0.0,0.9934989667407474,-0.11384113090209179,0.034131925524920774
506,upper,0.8113710000000001,0.0244169,0.0,-0.032663334,0.0038265246,0.0,0.9934560072456414,-0.11421541781890888,0.032886633484954145
507,upper,0.814047,0.024108749999999998,0.0,-0.031492797,0.0037154606,0.0,0.9934116997433182,-0.11460015188947745,0.03171110534654065
508,upper,0.8167225,0.023799550000000003,0.0,-0.030283084,0.003508025,-4.1773932e-18,0.9933670802113905,-0.11498627723470731,0.030485593468072558
509,upper,0.8193980000000001,0.023489350000000003,0.0,-0.029120365,0.0034523833,0.0,0.9933246052181839,-0.1153526274869335,0.02932421655218143
510,upper,0.8220735,0.02317815,0.0,-0.027963905,0.0034311943,3.9212641e-18,0.9932809319266679,-0.11572808764898068,0.02817309917339989
511,upper,0.824749,0.0228659,0.0,-0.026835127,0.0031044737,-3.7931218e-18,0.9932373013734358,-0.11610195157883729,0.027014084578688598
512,upper,0.8274250000000001,0.0225526,0.0,-0.025735036,0.0030870142,7.3298941e-18,0.9931933567138012,-0.11647727752472635,0.025919433799686687
513,upper,0.8301005,0.022238300000000003,0.0,-0.024598603,0.0030625869,0.0,0.9931480069381274,-0.1168633232234357,0.0247879576257068
514,upper,0.832776,0.02192295,0.0,-0.023546039,0.0027482441,3.4235113e-18,0.9931026979431109,-0.11724773489545157,0.0237058602524385
515,upper,0.8354515,0.021606550000000002,0.0,-0.022450441,0.002823538,0.0,0.9930572443173775,-0.11763209387227791,0.022626711760237814
516,upper,0.8381270000000001,0.0212891,0.0,-0.021416055,0.0025158239,0.0,0.9930116461216347,-0.11801639999085356,0.021563300508670415
517,upper,0.8408025,0.0209706,0.0,-0.02036388,0.0025874207,0.0,0.9929659034167702,-0.11840065308822126,0.02052699080196468
518,upper,0.8434780000000001,0.020651049999999997,0.0,-0.019346345,0.0022968411,-2.95379e-18,0.9929213251788317,-0.11877391129836877,0.019482203315844715
519,upper,0.8461540000000001,0.02033045,0.0,-0.018354828,0.0022669778,2.8376862e-18,0.992875302057707,-0.11915802349744274,0.01849418398867784
520,upper,0.8488295,0.0200088,0.0,-0.017345918,0.0021514983,0.0,0.9928278088589745,-0.11955309262535899,0.017478728036130646
521,upper,0.851505,0.019686099999999998,0.0,-0.01637498,0.0020407235,0.0,0.9927814887300404,-0.11993713201075219,0.01650153554614158
522,upper,0.8541805,0.01936235,0.0,-0.015419289,0.001931663,0.0,0.9927339163484308,-0.1203302594176002,0.015539688666175657
523,upper,0.8568560000000001,0.0190375,0.0,-0.014453302,0.0018487272,0.0,0.9926875445490139,-0.12071221519485657,0.014570776828608335
524,upper,0.859532,0.018711600000000002,0.0,-0.013552578,0.0016849224,-4.5920718e-18,0.9926407936863668,-0.12109605571487372,0.013656879239242031
525,upper,0.8622075,0.018384650000000002,0.0,-0.012612163,0.0016322182,0.0,0.9925925300535221,-0.12149102552019114,0.01271703864460814
526,upper,0.8648830000000001,0.01805665,0.0,-0.01171737,0.001552036,1.0265912e-24,0.9925443607528918,-0.12188392813506384,0.011819177760642143
527,upper,0.8675585,0.01772755,0.0,-0.010840456,0.0013492204,0.0,0.9924949151152744,-0.12228590871528988,0.010924088100202074
528,upper,0.870234,0.01739735,0.0,-0.0099646,0.0012815512,0.0,0.9924464407384109,-0.12267869523947365,0.010046550832480551
529,upper,0.8729095,0.0170661,0.0,-0.0091153012,0.0011963269,0.0,0.9923978156788889,-0.12307142412343448,0.009193238655435329
530,upper,0.8755850000000001,0.01673375,0.0,-0.0082653014,0.001085167,-3.3930727e-18,0.9923493173587247,-0.1234618659249616,0.008336042944714303
531,upper,0.8782610000000001,0.0164003,0.0,-0.0074600788,0.00098656562,0.0,0.9923003965703382,-0.12385444265891127,0.007524829686697515
532,upper,0.8809365,0.016065799999999998,0.0,-0.0066321602,0.00092754598,-3.0195865e-18,0.9922498939751547,-0.12425839169365571,0.006696015626972957
533,upper,0.8836120000000001,0.0157302,0.0,-0.005854581,0.00074942501,0.0,0.9921983699130384,-0.12466914109718352,0.005902335897037295
534,upper,0.8862875,0.015393450000000001,0.0,-0.0050709743,0.0006937562,-2.653405e-18,0.9921466812040904,-0.12507982641380955,0.00511792522728574
535,upper,0.888963,0.015055599999999999,0.0,-0.0042938364,0.00060268666,0.0,0.9920974414521355,-0.12546978386897112,0.00433552307142496
536,upper,0.8916390000000001,0.01471665,0.0,-0.0035687086,0.00043627985,0.0,0.9920465942740764,-0.12587118331534874,0.00359524027356275
537,upper,0.8943145,0.0143766,0.0,-0.0028062116,0.00043370175,0.0,0.9919941119110937,-0.12628413175740077,0.002838515032917025
538,upper,0.89699,0.01403545,0.0,-0.0020831444,0.00036161579,-9.7802141e-19,0.9919429411556696,-0.12668544309209231,0.0021121718395732095
539,upper,0.8996655,0.013693199999999999,0.0,-0.0013798612,0.0002210238,-8.9551815e-19,0.9918904449968653,-0.12709581080397808,0.001396762338769885
540,upper,0.9023410000000001,0.0133498,0.0,-0.00066969142,0.00014253586,-8.1302646e-19,0.9918381193107633,-0.12750351007751942,0.0006823993009932724
541,upper,0.905017,0.01300525,0.0,5.0832632e-06,6.3746322e-05,0.0,0.991785300861469,-0.12791370917585576,3.1125227711684215e-06
542,upper,0.9076925,0.0126596,0.0,0.00068529189,-6.2742903e-05,0.0,0.9917307923940317,-0.12833563580512697,-0.0006876772194396681
543,upper,0.9103680000000001,0.012312799999999999,0.0,0.0013453273,-0.00011288081,0.0,0.9916764532594814,-0.12875485253261565,-0.0013486633573824664
544,upper,0.9130435,0.011964849999999999,0.0,0.0019922105,-0.00023401904,0.0,0.9916219429101839,-0.12917400024398096,-0.002005748822226125
545,upper,0.9157190000000001,0.011615750000000001,0.0,0.002624854,-0.00033764009,-4.2200081e-19,0.9915672614327977,-0.12959307872977494,-0.002646475111206623
546,upper,0.9183945,0.011265500000000001,0.0,0.0032569419,-0.00032721033,0.0,0.9915124089142285,-0.1300120877807271,-0.003271839607109405
547,upper,0.92107,0.0109141,0.0,0.0038611609,-0.00051439755,0.0,0.9914589612779349,-0.13041904807840982,-0.0038952698140458423
548,upper,0.923746,0.01056155,0.0,0.0044569437,-0.00051526471,-2.0259842e-19,0.9914025754329331,-0.1308469847759108,-0.00448604629640452
549,upper,0.9264215,0.0102078,0.0,0.005043781,-0.0006569534,-1.3186831e-19,0.9913438121191261,-0.13129145506512926,-0.005086373451830002
550,upper,0.9290970000000001,0.009852875,0.0,0.0056215033,-0.00067743011,0.0,0.9912879042250595,-0.13171291104933172,-0.005661754516671825
551,upper,0.9317725,0.009496810000000001,0.0,0.0061777173,-0.00078769269,0.0,0.9912309743024529,-0.13214066589589366,-0.0062276309748220465
552,upper,0.934448,0.009139535,0.0,0.0067346777,-0.00085837437,-2.9445962e-19,0.9911743987248449,-0.13256436667687946,-0.006789029974633837
553,upper,0.9371240000000001,0.008781075,0.0,0.007264264,-0.00093451489,-2.798005e-19,0.9911163875418552,-0.13299739225256704,-0.007324019137221542
554,upper,0.9397995,0.008421419999999999,0.0,0.0078016968,-0.0010127615,0.0,0.9910560553502633,-0.1334462257000016,-0.007867068055356044
555,upper,0.942475,0.008060560000000001,0.0,0.0083121977,-0.0010836614,-1.0770265e-18,0.9909969302794607,-0.13388459275318226,-0.008382447969797336
556,upper,0.9451505,0.0076984950000000005,0.0,0.0088273228,-0.0011559709,0.0,0.9909374951615316,-0.13432379045794293,-0.008902599537361357
557,upper,0.9478260000000001,0.00733522,0.0,0.0093146189,-0.0012289369,0.0,0.9908775016598872,-0.13476563621435592,-0.009395264767741765
558,upper,0.9505015,0.006970724999999999,0.0,0.009812211,-0.0013040648,0.0,0.9908169463665984,-0.13521012829211113,-0.009898427709033973
559,upper,0.953177,0.006605005,0.0,0.010268407,-0.0013674677,1.0315103e-18,0.9907576537041287,-0.1356439148162935,-0.010358991498811886
560,upper,0.9558530000000001,0.006238054999999999,0.0,0.010760555,-0.0014435591,-1.1491933e-18,0.9906961009379841,-0.13609274626619744,-0.01085689780474529
561,upper,0.9585285,0.005869865,0.0,0.011158991,-0.001500759,0.0,0.9906323762792216,-0.13655583131958418,-0.011259395164063796
562,upper,0.961204,0.005500435,0.0,0.011680737,-0.0015789695,0.0,0.9905699178556729,-0.13700816705366534,-0.011786918407612363
563,upper,0.9638795,0.005129755,0.0,0.011967678,-0.0016286112,0.0,0.9905068827635999,-0.137463141234064,-0.012077941441099492
564,upper,0.966555,0.004757819999999999,0.0,0.012585772,-0.0017121759,1.6031061e-18,0.9904450277199498,-0.13790811094648425,-0.012701638241394064
565,upper,0.969231,0.0043846200000000005,0.0,0.012649697,-0.0017355258,0.0,0.990380840450879,-0.13836831598241878,-0.012768159328599002
566,upper,0.9719065,0.0040101500000000005,0.0,0.013510372,-0.0018586174,-1.8185122e-18,0.990314409708099,-0.13884296858141415,-0.013637572029389899
567,upper,0.9745820000000001,0.0036344050000000003,0.0,0.013075549,-0.0018070886,-3.8799567e-18,0.9902491609078338,-0.13930757094045898,-0.01319979254899946
568,upper,0.9772575,0.003257375,0.0,0.014591442,-0.0020228641,0.0,0.9901834466901361,-0.139773895634494,-0.014730947927335378
569,upper,0.9799329999999999,0.00287906,0.0,0.012922736,-0.0018001342,0.0,0.9901171362569273,-0.140242848268214,-0.013047478308397323
570,upper,0.9826085,0.0024994450000000003,0.0,0.016104593,-0.0022503061,-2.2095454e-18,0.9900500971473226,-0.14071533370097633,-0.016261006437958934
571,upper,0.985284,0.002118525,0.0,0.011374513,-0.0015966111,-2.5723714e-23,0.9899844268859781,-0.14117660756386535,-0.011485994872108917
572,upper,0.9879600000000001,0.001736295,0.0,0.018942053,-0.0026545667,0.0,0.989916318190076,-0.14165339029124605,-0.01912707573753053
573,upper,0.9906355,0.0013527449999999998,0.0,0.0062250817,-0.00088539591,-5.4078505e-18,0.9898457043622699,-0.14214598677261867,-0.006287725855360567
574,upper,0.993311,0.0009678689999999999,0.0,0.025269766,-0.0035339793,0.0,0.989776371375252,-0.14262795892544805,-0.0255154615514255
575,upper,0.9959865,0.0005816595,0.0,-0.024361876,0.0034965107,0.0,0.9897064598267783,-0.14311227542438698,0.024611499653021673
576,upper,0.9986619999999999,0.0001941105,0.0,0.016711265,0.019286745,-2.1117314e-18,0.9896713401830995,-0.14335493859713264,-0.013773809883491368
577,lower,0.201338,-0.0574492,0.0,-0.24715186,0.013794802,-2.8851089e-17,0.9984044897151652,-0.05646658229962941,0.24753647198789405
578,lower,0.20401350000000001,-0.0575982,0.0,-0.24642838,0.013347072,0.0,0.9985062829825725,-0.05463700984064537,0.2467895298394247
579,lower,0.20668899999999998,-0.057741999999999995,0.0,-0.24552462,0.01289483,2.8269956e-17,0.9986093100455609,-0.05272045039952705,0.24586299262282385
580,lower,0.2093645,-0.0578807,0.0,-0.24467452,0.012578309,2.8044007e-17,0.9987072573433903,-0.05083123183283045,0.24499758975185448
581,lower,0.21204,-0.05801435,0.0,-0.24385099,0.011892733,0.0,0.9988009594402978,-0.048955524929681596,0.24414081775933
582,lower,0.214716,-0.058143,0.0,-0.24291311,0.01140273,0.0,0.9988896143884404,-0.04711197583325082,0.24318058791798988
583,lower,0.21739150000000002,-0.05826675,0.0,-0.24214718,0.010929925,2.7298838e-17,0.9989734229811844,-0.04530011233159815,0.24239372410011692
584,lower,0.22006699999999998,-0.05838565,0.0,-0.24129154,0.010455278,0.0,0.9990529323189384,-0.043511359722843264,0.24151794394281276
585,lower,0.2227425,-0.058499800000000005,0.0,-0.24050028,0.010006368,-1.3400947e-17,0.9991276929933351,-0.0417594671160451,0.2407083505160982
586,lower,0.225418,-0.058609299999999996,0.0,-0.23977943,0.0095622592,0.0,0.9991986452823317,-0.040025832482949567,0.23997001900746742
587,lower,0.2280935,-0.05871415,0.0,-0.23909758,0.0089566943,1.3146086e-17,0.9992658839717856,-0.038310483292248204,0.23926518992154866
588,lower,0.230769,-0.058814450000000004,0.0,-0.23849792,0.0088620857,1.3022173e-17,0.9993289448013487,-0.03662867841218057,0.23866248121808295
589,lower,0.23344499999999999,-0.0589103,0.0,-0.23798381,0.0082898628,0.0,0.9993884048443873,-0.03496878983595332,0.23812814672471183
590,lower,0.2361205,-0.0590017,0.0,-0.23768884,0.0078908869,-1.280624e-17,0.9994446996599368,-0.033321049228057384,0.2378197839371667
591,lower,0.23879599999999998,-0.0590887,0.0,-0.2375666,0.0074948712,1.2686517e-17,0.9994974996815009,-0.03169776223060226,0.23768479335308185
592,lower,0.2414715,-0.0591714,0.0,-0.23774524,0.0071308429,1.2578809e-17,0.9995465444734238,-0.03011154979800327,0.2378521538380899
593,lower,0.244147,-0.0592499,0.0,-0.2384489,0.0067183888,-6.2284878e-18,0.999592619529365,-0.028541110392243118,0.23854351085129438
594,lower,0.246823,-0.0593242,0.0,-0.23966008,0.0064318973,0.0,0.9996361551289726,-0.026973271195107788,0.23974637021927395
595,lower,0.2494985,-0.0593943,0.0,-0.24170563,0.0060102689,0.0,0.9996764625277117,-0.02543561023605848,0.24178030402858627
596,lower,0.252174,-0.05946035,0.0,-0.24487056,0.0059283282,6.0636732e-18,0.9997135744596021,-0.023932593699921723,0.24494230308765486
597,lower,0.2548495,-0.0595224,0.0,-0.24946952,0.0056112329,0.0,0.9997482195109414,-0.02243875185259992,0.24953261750487943
598,lower,0.257525,-0.05958045,0.0,-0.25558523,0.0052556554,0.0,0.9997804387935068,-0.020954097591233463,0.2556392409146968
599,lower,0.2602005,-0.05963455,0.0,-0.26326194,0.0051439762,0.0,0.999810091243076,-0.019487982155981038,0.2633121899686256
600,lower,0.262876,-0.05968475,0.0,-0.27232789,0.004867573,5.8844708e-18,0.9998371202549403,-0.018048073589950923,0.2723713836184126
601,lower,0.265552,-0.05973115,0.0,-0.28250496,0.0045237023,0.0,0.9998615807113506,-0.016637891014171527,0.28254112073024484
602,lower,0.2682275,-0.059773799999999995,0.0,-0.29300331,0.004553122,-5.79357e-18,0.9998838892611467,-0.015238372485377164,0.29303867133819683
603,lower,0.270903,-0.0598127,0.0,-0.30288873,0.0041484125,0.0,0.9999041319127673,-0.01384655133147761,0.30291713384343594
604,lower,0.2735785,-0.059847899999999996,0.0,-0.31153842,0.0038545087,-5.7084049e-18,0.9999220883736294,-0.012482675294964926,0.3115622621155446
605,lower,0.276254,-0.0598795,0.0,-0.31908971,0.0034590362,0.0,0.9999380926597041,-0.011127032312041617,0.31910844481230405
606,lower,0.27893,-0.05990745,0.0,-0.32534268,0.0032063069,0.0,0.999952156697654,-0.009781836009179055,0.3253584781000856
607,lower,0.2816055,-0.05993185,0.0,-0.3307193,0.0027219803,-2.7836454e-18,0.9999641678255884,-0.008465403999719177,0.33073049227127993
608,lower,0.284281,-0.05995275,0.0,-0.33544993,0.002434348,0.0,0.9999743857901113,-0.007157357311859346,0.33545876121354323
609,lower,0.2869565,-0.05997015,0.0,-0.33955615,0.0019754567,0.0,0.9999827833685497,-0.005867961016216289,0.3395618958898136
610,lower,0.289632,-0.05998415,0.0,-0.34341449,0.0015153571,0.0,0.9999894327147064,-0.004597222957351591,0.34341782747555893
611,lower,0.2923075,-0.059994750000000006,0.0,-0.34688061,0.0011854701,0.0,0.999994436181954,-0.0033358065195006,0.3468826345182905
612,lower,0.294983,-0.060002,0.0,-0.35012475,0.00065609535,0.0,0.9999978294626393,-0.002083523460432198,0.3501253570312032
613,lower,0.297659,-0.0600059,0.0,-0.3530321,0.00021585857,0.0,0.9999996385555981,-0.0008502286004721972,0.3530321559276537
614,lower,0.3003345,-0.06000655,0.0,-0.35576367,-6.4945114e-05,0.0,0.9999999369612979,0.00035507379559439215,0.35576367063342806
615,lower,0.30301,-0.060004,0.0,-0.35840078,-0.00055243225,0.0,0.9999987824907758,0.0015604540896645926,0.3584012056889081
616,lower,0.3056855,-0.0599982,0.0,-0.36065382,-0.00095731915,0.0,0.9999962008917517,0.0027564836410305035,0.3606550886716739
617,lower,0.308361,-0.05998925,0.0,-0.36282978,-0.001481605,0.0,0.9999922639707071,0.003933446165857231,0.3628328009517001
618,lower,0.311037,-0.05997715,0.0,-0.36485106,-0.0018155608,0.0,0.9999869882484416,0.005101307068893459,0.3648555743817945
619,lower,0.3137125,-0.05996195,0.0,-0.36664569,-0.0022889437,0.0,0.9999804620218943,0.006251045870796069,0.36665283477660066
620,lower,0.316388,-0.0599437,0.0,-0.36849728,-0.0027285608,0.0,0.9999727556440811,0.007381596682477875,0.3685073816642977
621,lower,0.3190635,-0.05992245,0.0,-0.3701021,-0.003190258,2.4896226e-18,0.9999638507454391,0.008502776155655851,0.37011584713462636
622,lower,0.321739,-0.059898200000000006,0.0,-0.37158886,-0.0035273819,0.0,0.999953697628112,0.009623024465634622,0.3716055986367382
623,lower,0.324415,-0.059870950000000006,0.0,-0.37290646,-0.0039962468,0.0,0.9999424818037066,0.010725347744658267,0.3729278722296381
624,lower,0.3270905,-0.0598408,0.0,-0.3741789,-0.0044547646,4.8658417e-18,0.9999302588948963,0.011810052768111347,0.374205415355003
625,lower,0.329766,-0.05980775,0.0,-0.37529633,-0.0048337361,0.0,0.999916872613125,0.012893714111438108,0.3753274574081469
626,lower,0.3324415,-0.0597718,0.0,-0.37633039,-0.005220858,-4.7926539e-18,0.999902442886955,0.01396798871347252,0.37636660117921916
627,lower,0.335117,-0.05973300000000001,0.0,-0.37722248,-0.0057584313,0.0,0.9998872806619539,0.015014192300726582,0.37726641792664706
628,lower,0.3377925,-0.05969145,0.0,-0.37823729,-0.0060006317,2.3583611e-18,0.9998711743028643,0.01605100614326593,0.37828487949371326
629,lower,0.340468,-0.05964710000000001,0.0,-0.37911254,-0.0065372511,4.6798104e-18,0.9998540207058676,0.01708617213744769,0.37916889401661436
630,lower,0.343144,-0.0596,0.0,-0.37989876,-0.0068012341,-4.6449273e-18,0.9998361072576624,0.018104105165519607,0.37995962760781465
631,lower,0.3458195,-0.0595502,0.0,-0.38066841,-0.0072360323,0.0,0.9998171240266582,0.019123768014227178,0.3807371750970494
632,lower,0.348495,-0.05949765,0.0,-0.38124645,-0.0076700847,0.0,0.9997973238654778,0.02013234192608897,0.3813235972109961
633,lower,0.3511705,-0.05944245,0.0,-0.38183891,-0.0080545748,0.0,0.9997770991300132,0.02111284100199843,0.3819238527318573
634,lower,0.353846,-0.05938465,0.0,-0.38246042,-0.0084346477,9.0326945e-18,0.9997561655686759,0.022081879616970224,0.3825534158561083
635,lower,0.356522,-0.05932425,0.0,-0.38305586,-0.0088542777,-4.4814013e-18,0.9997342482606979,0.023052827475542492,0.38315817837519384
636,lower,0.3591975,-0.05926125,0.0,-0.38352431,-0.0092067439,4.4485855e-18,0.9997113351131779,0.02402595359662761,0.38363480080017776
637,lower,0.361873,-0.05919565,0.0,-0.38398211,-0.0095574091,-8.8342586e-18,0.9996877630884224,0.024987523512068503,0.3841010325964732
638,lower,0.3645485,-0.0591275,0.0,-0.38438408,-0.01004414,4.3847129e-18,0.9996639939055367,0.02592102021199781,0.38451527896245746
639,lower,0.367224,-0.059056899999999996,0.0,-0.38495117,-0.010266672,4.3500279e-18,0.9996396049536748,0.026845115161995853,0.3850880454974253
640,lower,0.3698995,-0.0589838,0.0,-0.38533629,-0.010751803,0.0,0.9996143630379565,0.02776914129426007,0.3854862584204344
641,lower,0.372575,-0.05890825,0.0,-0.38571946,-0.010989613,0.0,0.9995888807428499,0.02867175431075924,0.38587597478604285
642,lower,0.375251,-0.0588303,0.0,-0.3862001,-0.011415002,-4.2598394e-18,0.9995622319659216,0.02958622022673975,0.38636876070452275
643,lower,0.3779265,-0.058749850000000006,0.0,-0.38639887,-0.011827048,4.2291331e-18,0.9995349459354425,0.03049412818612686,0.3865798291527415
644,lower,0.380602,-0.05866705,0.0,-0.38673509,-0.012040318,0.0,0.9995078025167766,0.031371208266249256,0.3869224592855977
645,lower,0.3832775,-0.0585819,0.0,-0.38705652,-0.012551304,0.0,0.9994798910295333,0.03224821588231088,0.3872599655928669
646,lower,0.385953,-0.0584944,0.0,-0.38732351,-0.012740653,8.283612e-18,0.9994516232085592,0.03311272966362245,0.3875329885748636
647,lower,0.388629,-0.0584046,0.0,-0.38767971,-0.013231402,-8.2257886e-18,0.9994228240588215,0.03397085148020145,0.3879054325907218
648,lower,0.3913045,-0.0583125,0.0,-0.38789212,-0.01342864,0.0,0.9993935016277897,0.034822821599421835,0.38812448719566967
649,lower,0.39398,-0.058218149999999996,0.0,-0.38821079,-0.013837414,8.120687e-18,0.9993635678879306,0.035671545779592334,0.38845732213396433
650,lower,0.3966555,-0.0581215,0.0,-0.3884425,-0.014249806,8.0598677e-18,0.9993332560064465,0.036510867417167206,0.3887037810738705
651,lower,0.399331,-0.058022649999999995,0.0,-0.38868036,-0.014425769,1.6003787e-17,0.999302937995846,0.037331462774317446,0.3889479607476975
652,lower,0.4020065,-0.0579216,0.0,-0.38900265,-0.014844844,-1.5915143e-17,0.9992715920629128,0.03816130626762259,0.3892857960205712
653,lower,0.404682,-0.0578183,0.0,-0.38908647,-0.015227987,0.0,0.999240064662501,0.03897811146375603,0.3893843476167589
654,lower,0.407358,-0.05771285,0.0,-0.38936791,-0.015478017,0.0,0.9992088432801552,0.03977043513382744,0.38967542643261033
655,lower,0.4100335,-0.0576053,0.0,-0.38961004,-0.015735085,7.7892292e-18,0.9991768420525978,0.04056646775106264,0.38992764621739906
656,lower,0.412709,-0.057495599999999994,0.0,-0.38977639,-0.016177438,1.5469025e-17,0.9991443623484307,0.04135871356011533,0.3901119606694018
657,lower,0.4153845,-0.0573838,0.0,-0.38996864,-0.016366659,0.0,0.9991116497844289,0.042141562204511526,0.3903119278529185
658,lower,0.41806,-0.0572699,0.0,-0.39013619,-0.016806188,0.0,0.9990784980477578,0.042920330131960054,0.39049800587649447
659,lower,0.420736,-0.057153899999999994,0.0,-0.39030195,-0.017045424,-1.5145806e-17,0.9990453845986709,0.04368431654603134,0.3906739794450385
660,lower,0.4234115,-0.0570359,0.0,-0.39047566,-0.017287668,-7.532418e-18,0.999011919278719,0.0444430550148176,0.39085815530822643
661,lower,0.426087,-0.056915850000000004,0.0,-0.39068048,-0.017653763,-7.4874833e-18,0.9989776428336992,0.045206958738960384,0.3910791379470665
662,lower,0.4287625,-0.056793750000000004,0.0,-0.39072098,-0.017998492,7.4364547e-18,0.9989436418132341,0.045952154257583325,0.39113530817482367
663,lower,0.431438,-0.0566697,0.0,-0.39095796,-0.018209025,0.0,0.998909726073341,0.046683606930943713,0.39138177169548793
664,lower,0.434114,-0.05654365,0.0,-0.39114972,-0.018591773,-7.3363607e-18,0.9988750737835127,0.04741926796126444,0.3915913136911623
665,lower,0.4367895,-0.05641565,0.0,-0.39127028,-0.018808581,7.2908582e-18,0.9988401146650686,0.04815002944830153,0.39172208506926426
666,lower,0.439465,-0.056285699999999994,0.0,-0.39141746,-0.019170012,1.605681e-23,0.9988048397557988,0.048876293644188044,0.39188661254859636
667,lower,0.4421405,-0.056153800000000004,0.0,-0.39148835,-0.019439188,0.0,0.9987699638633304,0.04958386112881448,0.39197067518066375
668,lower,0.444816,-0.05602005,0.0,-0.39172392,-0.019632576,7.1439335e-18,0.9987350579190818,0.05028204533795625,0.39221557800602264
669,lower,0.4474915,-0.0558844,0.0,-0.39182957,-0.019984017,0.0,0.9986991912556062,0.050989463474310055,0.39233884897392346
670,lower,0.450167,-0.05574685,0.0,-0.39190224,-0.020266903,-7.0581771e-18,0.9986630755227627,0.0516919876520236,0.3924259328022806
671,lower,0.452843,-0.0556074,0.0,-0.3920386,-0.02058241,7.009036e-18,0.9986271953202533,0.05238057623589581,0.39257852607140215
672,lower,0.4555185,-0.05546615,0.0,-0.39211131,-0.020774655,-1.393247e-17,0.9985915690614208,0.0530554257305482,0.39266125646505945
673,lower,0.458194,-0.0553231,0.0,-0.39227398,-0.021083803,0.0,0.9985552513259838,0.05373462616694439,0.39284017295992646
674,lower,0.4608695,-0.0551782,0.0,-0.3923507,-0.021363773,0.0,0.9985184743358233,0.05441375203071002,0.3929319054150547
675,lower,0.463545,-0.0550315,0.0,-0.39245727,-0.021629754,0.0,0.9984820344743245,0.055078369910644784,0.3930528649857275
676,lower,0.466221,-0.054883,0.0,-0.39256233,-0.021928414,0.0,0.9984453912195608,0.05573868272948588,0.39317431006561915
677,lower,0.4688965,-0.05473275,0.0,-0.39263076,-0.022106613,1.4742472e-23,0.9984085426066023,0.05639487609845689,0.3932526045752142
678,lower,0.471572,-0.054580750000000004,0.0,-0.39274648,-0.022465558,0.0,0.9983715621336386,0.057045805479789546,0.3933884826117508
679,lower,0.4742475,-0.054427,0.0,-0.39283198,-0.022685495,6.6582941e-18,0.9983346973614677,0.05768736468401582,0.3934864622903086
680,lower,0.476923,-0.05427155,0.0,-0.39295925,-0.022930379,0.0,0.9982979662335447,0.058319556016558145,0.3936277096102304
681,lower,0.4795985,-0.05411440000000001,0.0,-0.39306652,-0.023194684,6.5744052e-18,0.9982608375350117,0.05895167719324758,0.3937502789859398
682,lower,0.482274,-0.05395555,0.0,-0.39312416,-0.023439472,0.0,0.9982236424982213,0.05957818021376112,0.39382231203618495
683,lower,0.48495,-0.053794999999999996,0.0,-0.39329676,-0.023699184,0.0,0.9981862865800945,0.060200807996584435,0.3940101424140424
684,lower,0.4876255,-0.0536328,0.0,-0.39331046,-0.023944181,0.0,0.9981487663469377,0.06081973561342063,0.39403862919824645
685,lower,0.490301,-0.05346895,0.0,-0.39340976,-0.024191168,0.0,0.9981112101341758,0.06143298954544762,0.39415282740303187
686,lower,0.4929765,-0.05330345,0.0,-0.39344932,-0.024434094,0.0,0.9980738575141266,0.062036883761764375,0.39420729559801204
687,lower,0.495652,-0.05313635,0.0,-0.39359271,-0.024651369,0.0,0.9980365082423612,0.06263488018185463,0.394363929501682
688,lower,0.498328,-0.052967600000000004,0.0,-0.39367626,-0.024946577,0.0,0.9979984377633075,0.06323858175194533,0.39446587861354737
689,lower,0.5010035,-0.05279725,0.0,-0.39363826,-0.025111755,-6.2584208e-18,0.9979602191092242,0.06383886806224845,0.3944384302136303
690,lower,0.503679,-0.0526253,0.0,-0.39372318,-0.025449893,6.2182412e-18,0.9979220223069213,0.06443320102916224,0.39454485008655166
691,lower,0.5063545,-0.05245174999999999,0.0,-0.39373442,-0.02561131,-6.1785476e-18,0.9978846844586581,0.06500889572085196,0.3945665104432771
692,lower,0.5090300000000001,-0.0522767,0.0,-0.39387475,-0.025879048,-6.1386194e-18,0.9978476274858825,0.06557524167546365,0.394724009641026
693,lower,0.5117055,-0.052100099999999996,0.0,-0.39397808,-0.026101496,0.0,0.9978096365168542,0.06615080705557141,0.3948417598261659
694,lower,0.514381,-0.05192195,0.0,-0.39400746,-0.026272578,1.2132015e-17,0.9977717315505037,0.06672009981039909,0.3948824146344523
695,lower,0.517057,-0.05174225,0.0,-0.39416947,-0.026610662,4.7922837e-23,0.9977330897758055,0.06729547953930011,0.39506670045854
696,lower,0.5197325,-0.05156100000000001,0.0,-0.39404934,-0.026767407,-2.3959966e-17,0.9976949522672828,0.06785854566953332,0.3949574347726188
697,lower,0.522408,-0.0513783,0.0,-0.39418181,-0.027016938,0.0,0.9976575653822625,0.06840601022963234,0.3951065858197749
698,lower,0.5250835,-0.0511941,0.0,-0.39433528,-0.027244362,-1.1828071e-17,0.9976192396511091,0.0689626904778442,0.39527530670507954
699,lower,0.5277590000000001,-0.051008399999999995,0.0,-0.39425045,-0.027444969,0.0,0.997581703017775,0.06950356684484252,0.3952045585639703
700,lower,0.530435,-0.050821250000000005,0.0,-0.39453773,-0.027680505,2.3360171e-17,0.9975434258127535,0.07005079312724126,0.3955075601259997
701,lower,0.5331105,-0.0506326,0.0,-0.39441337,-0.027879848,1.1616329e-17,0.9975043868353316,0.07060451999885746,0.3953975100871879
702,lower,0.535786,-0.0504425,0.0,-0.39443912,-0.028100956,0.0,0.9974668309133357,0.0711331232809802,0.3954388477821063
703,lower,0.5384615,-0.050251000000000004,0.0,-0.39456562,-0.028344948,-1.1475137e-17,0.9974289977410027,0.07166166663829887,0.3955824371141133
704,lower,0.541137,-0.05005804999999999,0.0,-0.39459522,-0.028522482,0.0,0.9973907020816579,0.07219271016562219,0.3956247187900964
705,lower,0.5438130000000001,-0.04986365,0.0,-0.3947037,-0.028754502,0.0,0.9973529927626529,0.0727118135338384,0.39574970843717466
706,lower,0.5464885,-0.0496679,0.0,-0.39469788,-0.028978072,0.0,0.9973151970094395,0.07322839486171162,0.3957602116501552
707,lower,0.549164,-0.04947075,0.0,-0.39482715,-0.029172019,-2.238058e-17,0.9972762655082712,0.07375669633244235,0.39590337742006126
708,lower,0.5518395,-0.04927215,0.0,-0.39476985,-0.02937141,0.0,0.9972377474855786,0.07427566889560497,0.39586097711337676
709,lower,0.554515,-0.049072199999999996,0.0,-0.39481773,-0.029591583,2.2119655e-17,0.9972003521904824,0.07477604958258836,0.3959251210846821
710,lower,0.5571905,-0.0488709,0.0,-0.3949687,-0.029803252,0.0,0.9971620092204215,0.075285638520847,0.3960915393279956
711,lower,0.559866,-0.048668199999999995,0.0,-0.39492334,-0.02997766,0.0,0.9971239440172495,0.07578812748369779,0.39605946908300815
712,lower,0.5625420000000001,-0.048464150000000004,0.0,-0.39507293,-0.030215871,-1.085798e-17,0.9970858021618481,0.07628828958145484,0.3962267264382855
713,lower,0.5652175,-0.04825875,0.0,-0.39501481,-0.030394912,0.0,0.9970468630129066,0.07679552692782383,0.3961824704371042
714,lower,0.567893,-0.048052,0.0,-0.39506031,-0.030591623,0.0,0.9970089361290928,0.0772863589434414,0.39624297453577007
715,lower,0.5705685,-0.047843949999999996,0.0,-0.39511378,-0.030803308,2.1338091e-17,0.9969714928522765,0.0777678753721807,0.3963126829107009
716,lower,0.573244,-0.0476346,0.0,-0.39513157,-0.030990651,2.1204253e-17,0.9969343901676314,0.0782420711707756,0.39634502349509937
717,lower,0.57592,-0.04742395,0.0,-0.39536339,-0.031198203,-1.0536506e-17,0.9968957635628627,0.07873269073527842,0.39659240702714726
718,lower,0.5785955,-0.047211949999999996,0.0,-0.39526282,-0.031442466,1.0465078e-17,0.9968563138947718,0.0792306092878779,0.39651144350354606
719,lower,0.5812710000000001,-0.04699865,0.0,-0.39531236,-0.031579354,0.0,0.9968186834996969,0.07970264880122208,0.3965717044275897
720,lower,0.5839465,-0.0467841,0.0,-0.39539923,-0.031782648,0.0,0.9967815767530533,0.08016538059347576,0.3966745359995317
721,lower,0.586622,-0.0465683,0.0,-0.3954726,-0.031926316,-1.0273858e-17,0.9967435094597831,0.08063731363205895,0.39675919957559325
722,lower,0.5892975,-0.046351199999999995,0.0,-0.39551089,-0.032211387,1.0212543e-17,0.9967044687236709,0.08111844442705242,0.396820409098154
723,lower,0.591973,-0.0461328,0.0,-0.39543912,-0.032323567,-2.0288115e-17,0.996667333185853,0.08157344519020861,0.396757997888787
724,lower,0.594649,-0.0459132,0.0,-0.3956749,-0.032511632,0.0,0.9966301344283436,0.08202667340165572,0.3970083497967402
725,lower,0.5973245,-0.04569235,0.0,-0.3956137,-0.032731256,0.0,0.9965913332788201,0.08249675407883428,0.39696540712329054
726,lower,0.6000000000000001,-0.045470250000000004,0.0,-0.39565194,-0.032908039,0.0,0.9965529470995952,0.08295916843309944,0.3970181303828762
727,lower,0.6026755,-0.0452469,0.0,-0.3956768,-0.033129046,0.0,0.9965151233799145,0.08341228251950561,0.39706128451512346
728,lower,0.605351,-0.04502235,0.0,-0.39569425,-0.03324412,0.0,0.9964785292815797,0.0838483194871544,0.397088287880007
729,lower,0.608027,-0.04479659999999999,0.0,-0.39591869,-0.033468729,0.0,0.9964403106021269,0.08430128947493529,0.39733079944857436
730,lower,0.6107025,-0.044569599999999994,0.0,-0.39580657,-0.033654435,1.9466215e-17,0.9964012201547748,0.08476206978404839,0.39723476886128906
731,lower,0.613378,-0.0443414,0.0,-0.39585597,-0.033823196,9.672225e-18,0.9963633789472311,0.08520573392006019,0.3972983220843358
732,lower,0.6160535,-0.044112000000000005,0.0,-0.39590466,-0.034017506,-1.9228321e-17,0.996325343095112,0.08564934737875995,0.3973634233958067
733,lower,0.6187290000000001,-0.0438814,0.0,-0.39595973,-0.034191463,1.9108198e-17,0.996287112665946,0.08609290990408196,0.3974332186772353
734,lower,0.6214045,-0.0436496,0.0,-0.39592861,-0.034387762,0.0,0.9962494902306119,0.08652718194443783,0.3974191520194508
735,lower,0.62408,-0.04341665,0.0,-0.39602996,-0.034525086,0.0,0.9962123852190231,0.08695334114468986,0.39753202265080206
736,lower,0.626756,-0.0431825,0.0,-0.3961682,-0.034747931,9.3729479e-18,0.9961743970165855,0.0873874746668087,0.3976891516921326
737,lower,0.6294315,-0.042947200000000005,0.0,-0.3961065,-0.034884145,0.0,0.99613631894389,0.08782046504611858,0.39763961265638414
738,lower,0.632107,-0.04271075,0.0,-0.39618436,-0.035093628,2.3847241e-23,0.9960979551571953,0.08825453943936308,0.3977356028376585
739,lower,0.6347825,-0.0424731,0.0,-0.39620594,-0.035257382,0.0,0.9960602273528679,0.08867932952922665,0.39777157967167254
740,lower,0.6374580000000001,-0.042234350000000004,0.0,-0.39620696,-0.035372883,0.0,0.9960238858883983,0.08908658002064655,0.39778284508716966
741,lower,0.640134,-0.041994449999999996,0.0,-0.39645036,-0.035603044,0.0,0.9959858125132239,0.08951123545328356,0.3980458063800978
742,lower,0.6428095,-0.041753399999999996,0.0,-0.3963489,-0.03577822,1.3579192e-23,0.9959468082635999,0.0899441777412414,0.397960464492734
743,lower,0.645485,-0.0415112,0.0,-0.39637779,-0.035976209,-8.9781268e-18,0.995908371628628,0.09036877403182247,0.3980070852902969
744,lower,0.6481605,-0.041267849999999995,0.0,-0.3964303,-0.036126623,0.0,0.9958705983141638,0.09078409229259074,0.39807300272751506
745,lower,0.650836,-0.041023399999999995,0.0,-0.3964983,-0.036274355,1.7717213e-17,0.9958334997347617,0.09119013546440499,0.3981541530742174
746,lower,0.6535115,-0.04077785,0.0,-0.3966075,-0.036433678,8.811752e-18,0.9957953896493181,0.09160535984953465,0.39827744018417405
747,lower,0.6561870000000001,-0.04053115,0.0,-0.39653803,-0.036645877,-8.7555027e-18,0.9957578971413148,0.0920120116110211,0.39822773574937964
748,lower,0.658863,-0.04028335,0.0,-0.39672502,-0.036763603,-8.6989748e-18,0.9957203099731952,0.09241787871880651,0.3984247740918424
749,lower,0.6615385,-0.04003445,0.0,-0.39671254,-0.037005457,8.6464545e-18,0.9956808985756822,0.0928415220228634,0.39843474125447287
750,lower,0.664214,-0.0397844,0.0,-0.39669182,-0.037115193,0.0,0.995642975642144,0.0932473326935264,0.3984243168273532
751,lower,0.6668895,-0.0395333,0.0,-0.39676144,-0.037309354,0.0,0.9956057576075096,0.0936438755006276,0.39851176656163134
752,lower,0.669565,-0.0392811,0.0,-0.39682264,-0.037450719,0.0,0.9955683361896386,0.09404088460129968,0.39858595421089466
753,lower,0.6722410000000001,-0.0390278,0.0,-0.39696911,-0.037640494,-1.6845276e-17,0.995530811265286,0.09443730100697276,0.3987496467874877
754,lower,0.6749165,-0.03877345,0.0,-0.3969633,-0.037803237,0.0,0.9954922947472992,0.09484245409496952,0.3987592582172743
755,lower,0.677592,-0.038518000000000004,0.0,-0.39702897,-0.037958754,0.0,0.9954535710292673,0.09524803370715455,0.3988394026690454
756,lower,0.6802675,-0.03826145,0.0,-0.39706416,-0.038139536,1.6519504e-17,0.9954146851098338,0.09565356589113873,0.39889167841463413
757,lower,0.682943,-0.0380038,0.0,-0.39702162,-0.038268109,1.6420066e-17,0.9953773842399373,0.09604094410021323,0.39886164691959225
758,lower,0.6856190000000001,-0.0377451,0.0,-0.39722944,-0.038456044,0.0,0.9953399702969705,0.09642791882658225,0.39908657529990565
759,lower,0.6882945,-0.03748535,0.0,-0.39715754,-0.038623775,0.0,0.995300640704129,0.09683302439741472,0.399031210969371
760,lower,0.6909700000000001,-0.0372245,0.0,-0.39724609,-0.038777733,0.0,0.9952620212477756,0.09722915746725427,0.39913427277425595
761,lower,0.6936455,-0.0369626,0.0,-0.39726049,-0.038948823,0.0,0.9952241506296203,0.09761603353727676,0.39916526335116226
762,lower,0.696321,-0.03669965,0.0,-0.3973071,-0.039127,0.0,0.9951861325306879,0.09800286535919356,0.39922907438889244
763,lower,0.6989965,-0.03643565,0.0,-0.39741169,-0.039248525,-7.8915432e-18,0.99514796700234,0.09838965276445238,0.39934508411273106
764,lower,0.701672,-0.036170600000000004,0.0,-0.39742407,-0.039445922,7.8394924e-18,0.9951105611896554,0.09876725676462379,0.3993768548344682
765,lower,0.704348,-0.035904500000000006,0.0,-0.39764936,-0.039563478,7.7858203e-18,0.9950721080382287,0.09915391976294215,0.3996126608384074
766,lower,0.7070235,-0.03563735,0.0,-0.39753571,-0.039756383,-1.5486481e-17,0.9950325863572592,0.09954974679617867,0.39951872355185125
767,lower,0.7096990000000001,-0.03536915,0.0,-0.39762756,-0.039906957,0.0,0.9949938316286454,0.09993635485120872,0.39962512530133304
768,lower,0.7123745,-0.035099899999999996,0.0,-0.39765399,-0.040097377,7.6365011e-18,0.9949549297302545,0.10032291764828447,0.39967048352808854
769,lower,0.71505,-0.0348296,0.0,-0.39763568,-0.040216381,0.0,0.994917754751674,0.10069091955031442,0.3996642223386309
770,lower,0.717726,-0.0345583,0.0,-0.39796269,-0.040382527,0.0,0.9948795040771723,0.10106815703850412,0.4000063112488651
771,lower,0.7204015,-0.034285949999999996,0.0,-0.39785817,-0.040561576,1.4974618e-17,0.9948392183556592,0.10146393261401382,0.3999204478731952
772,lower,0.7230770000000001,-0.03401255,0.0,-0.39791026,-0.040708438,0.0,0.9947997353017729,0.10185031489162258,0.39998718855090576
773,lower,0.7257525,-0.0337381,0.0,-0.39793076,-0.040895489,-7.3828134e-18,0.9947610506172753,0.10222745313669335,0.4000266625757805
774,lower,0.7284280000000001,-0.03346265,0.0,-0.39801351,-0.041002374,-7.3324049e-18,0.9947231745936653,0.10259535041267902,0.4001199151266493
775,lower,0.7311035,-0.0331862,0.0,-0.3981774,-0.041208364,0.0,0.9946832614602577,0.10298159724331653,0.4003040980162696
776,lower,0.733779,-0.032908650000000005,0.0,-0.39806052,-0.041353979,-7.2319191e-18,0.9946441944922172,0.10335824283978766,0.4002028598784266
777,lower,0.736455,-0.0326301,0.0,-0.39829526,-0.0414888,-7.1807677e-18,0.9946059128748744,0.10372597589002329,0.40045028693454143
778,lower,0.7391305,-0.032350550000000006,0.0,-0.39826643,-0.041662038,1.4277853e-17,0.9945655290051051,0.10411248011067324,0.4004396007405697
779,lower,0.741806,-0.03206995,0.0,-0.39831625,-0.041817554,0.0,0.9945260053961179,0.10448935156675458,0.4005053580984292
780,lower,0.7444815,-0.03178835,0.0,-0.39841053,-0.042008945,0.0,0.9944863421428621,0.10486617801422056,0.4006191481554586
781,lower,0.7471570000000001,-0.031505700000000005,0.0,-0.39841563,-0.042157458,2.2987462e-23,0.9944465959943691,0.10524242355253967,0.40063982009518645
782,lower,0.749833,-0.031222,0.0,-0.39859059,-0.042304175,-6.929206e-18,0.9944076333102462,0.10560993710023152,0.40082926652246187
783,lower,0.7525085,-0.03093735,0.0,-0.39858861,-0.042435362,6.8882915e-18,0.9943674942930912,0.10598719872361473,0.4008411625246687
784,lower,0.755184,-0.030651650000000003,0.0,-0.39869327,-0.04265448,6.8388628e-18,0.9943262937071072,0.10637303061719916,0.40096848779206773
785,lower,0.7578595,-0.0303649,0.0,-0.39864833,-0.042776775,0.0,0.9942869190644535,0.1067404448993767,0.4009368318207501
786,lower,0.7605350000000001,-0.030077200000000002,0.0,-0.39883539,-0.042907947,0.0,0.9942474117980918,0.10710781546085027,0.4011368307100625
787,lower,0.7632105,-0.02978845,0.0,-0.3988757,-0.043136267,-6.6923067e-18,0.9942057864848541,0.1074935073389672,0.4012013976615369
788,lower,0.7658860000000001,-0.02949865,0.0,-0.39884805,-0.043236464,1.3281931e-17,0.9941660920912129,0.10786000804786766,0.401184692561702
789,lower,0.768562,-0.02920785,0.0,-0.39908839,-0.043419162,-6.5938021e-18,0.9941261846370667,0.10822721015968592,0.4014433532543812
790,lower,0.7712375,-0.028916050000000002,0.0,-0.39900622,-0.043575782,1.3093128e-17,0.9940850493281231,0.10860439540968399,0.40137863934954215
791,lower,0.773913,-0.028623250000000003,0.0,-0.39914859,-0.04373313,-1.2991641e-17,0.9940448697421397,0.10897154187829243,0.4015372747615725
792,lower,0.7765885,-0.02832945,0.0,-0.39925014,-0.043875288,-6.4499087e-18,0.9940035483344937,0.1093478207301632,0.4016537229597516
793,lower,0.779264,-0.0280346,0.0,-0.39926709,-0.04406297,-6.405316e-18,0.9939621931901416,0.1097230992482606,0.40169111807552876
794,lower,0.7819400000000001,-0.0277387,0.0,-0.39941906,-0.044216366,0.0,0.9939205981305662,0.11009924891559254,0.4018590197063255
795,lower,0.7846155,-0.0274418,0.0,-0.39937352,-0.04437729,-1.2611748e-17,0.9938787504736039,0.1104763746555252,0.4018314971460817
796,lower,0.787291,-0.0271439,0.0,-0.39950302,-0.044524875,0.0,0.9938378965257713,0.11084329221576882,0.4019765247829887
797,lower,0.7899665,-0.026845,0.0,-0.39957823,-0.044701062,0.0,0.9937958841586649,0.1112193356808849,0.4020708227932744
798,lower,0.792642,-0.02654505,0.0,-0.39959524,-0.044846615,6.1627338e-18,0.9937548893160895,0.11158503466131596,0.4021039345866539
799,lower,0.7953180000000001,-0.0262441,0.0,-0.39985484,-0.045026066,0.0,0.9937136402544073,0.11195178056794887,0.40238195689041356
800,lower,0.7979935,-0.025942149999999997,0.0,-0.39982456,-0.04517431,-6.0635646e-18,0.9936700515015978,0.1123380111485502,0.40236848326721175
801,lower,0.8006690000000001,-0.02563915,0.0,-0.39989502,-0.045342502,0.0,0.9936264481339917,0.11272303033820495,0.4024574125776277
802,lower,0.8033445,-0.025335100000000003,0.0,-0.39994405,-0.04550454,-1.1937099e-17,0.9935837427592471,0.11309883343574442,0.4025244164833216
803,lower,0.80602,-0.02503005,0.0,-0.40001144,-0.045642047,-1.1850939e-17,0.9935419455635723,0.11346542383365717,0.40260693855277685
804,lower,0.8086955,-0.024724000000000003,0.0,-0.40016361,-0.045840553,0.0,0.9934989667407474,0.11384113090209179,0.4027806734569447
805,lower,0.811371,-0.0244169,0.0,-0.40016557,-0.045974005,0.0,0.9934560072456416,0.11421541781890825,0.4027978295992599
806,lower,0.814047,-0.02410875,0.0,-0.40043514,-0.04616927,0.0,0.9934116997433186,0.1146001518894751,0.40308795841897993
807,lower,0.8167225,-0.023799550000000003,0.0,-0.40024054,-0.046328164,-5.7319692e-18,0.9933670802113903,0.11498627723470858,0.4029128797115092
808,lower,0.8193980000000001,-0.02348935,0.0,-0.40042579,-0.046467587,0.0,0.9933246052181838,0.11535262748693413,0.4031129480243571
809,lower,0.8220735,-0.023178149999999998,0.0,-0.40056864,-0.046626369,5.6402221e-18,0.9932809319266679,0.11572808764898004,0.4032731725581836
810,lower,0.824749,-0.0228659,0.0,-0.40055479,-0.046820206,-5.5941161e-18,0.9932373013734357,0.11610195157883839,0.4032818759617265
811,lower,0.827425,-0.022552600000000003,0.0,-0.40083642,-0.046978016,1.1080838e-17,0.9931933567138012,0.116477277524727,0.4035799408801361
812,lower,0.8301005,-0.0222383,0.0,-0.40080727,-0.047119571,0.0,0.993148006938128,0.11686332322343093,0.40356749102273454
813,lower,0.8327760000000001,-0.021922950000000004,0.0,-0.40094678,-0.047326745,0.0,0.9931026979431109,0.11724773489545157,0.4037302826008276
814,lower,0.8354515,-0.02160655,0.0,-0.40099756,-0.047459599,0.0,0.9930572443173772,0.11763209387228031,0.4037963039163009
815,lower,0.8381270000000001,-0.021289100000000002,0.0,-0.40106901,-0.047655085,0.0,0.993011646121635,0.11801639999085294,0.4038902794014326
816,lower,0.8408025,-0.0209706,0.0,-0.40120885,-0.04779965,0.0,0.9929659034167698,0.11840065308822433,0.40404621797644186
817,lower,0.843478,-0.020651049999999997,0.0,-0.40124362,-0.047991141,-5.2649725e-18,0.9929213251788314,0.1187739112983712,0.40410344241419305
818,lower,0.846154,-0.02033045,0.0,-0.40152707,-0.048157351,5.2109774e-18,0.9928753020577072,0.11915802349744031,0.4044046456726286
819,lower,0.8488295,-0.0200088,0.0,-0.40149429,-0.048334537,0.0,0.9928278088589747,0.11955309262535654,0.40439323958905443
820,lower,0.851505,-0.019686099999999998,0.0,-0.40161208,-0.048479795,0.0,0.9927814887300404,0.11993713201075219,0.4045275662471372
821,lower,0.8541805,-0.01936235,0.0,-0.4017641,-0.048681254,0.0,0.9927339163484308,0.1203302594176002,0.4047026763637967
822,lower,0.8568560000000001,-0.0190375,0.0,-0.40176527,-0.048816862,0.0,0.9926875445490139,0.12071221519485657,0.4047201709122532
823,lower,0.859532,-0.018711600000000002,0.0,-0.40210429,-0.049032107,-9.9563072e-18,0.9926407936863666,0.12109605571487435,0.4050827163313826
824,lower,0.8622075,-0.01838465,0.0,-0.40204091,-0.049179096,0.0,0.9925925300535218,0.12149102552019363,0.40503762284911626
825,lower,0.864883,-0.01805665,0.0,-0.40224974,-0.049341377,4.5806677e-24,0.9925443607528918,0.12188392813506319,0.40526463189967
826,lower,0.8675585,-0.01772755,0.0,-0.40232699,-0.049569791,0.0,0.992494915115275,0.12228590871528489,0.4053691787258958
827,lower,0.8702340000000001,-0.01739735,0.0,-0.40241983,-0.049711519,0.0,0.9924464407384109,0.12267869523947365,0.40547867225534867
828,lower,0.8729095,-0.0170661,0.0,-0.40260039,-0.049907289,0.0,0.9923978156788883,0.12307142412343698,0.40568190875883847
829,lower,0.8755850000000001,-0.01673375,0.0,-0.40265928,-0.050065198,-9.3928724e-18,0.9923493173587243,0.12346186592496412,0.4057598043991382
830,lower,0.878261,-0.0164003,0.0,-0.40303229,-0.050271881,0.0,0.9923003965703382,0.12385444265891063,0.40615549700032166
831,lower,0.8809365,-0.0160658,0.0,-0.4030216,-0.050436323,-9.2013278e-18,0.9922498939751547,0.12425839169365571,0.4061652762486189
832,lower,0.883612,-0.0157302,0.0,-0.40322963,-0.050641351,0.0,0.9921983699130382,0.12466914109718447,0.4063971953198086
833,lower,0.8862875,-0.01539345,0.0,-0.40333159,-0.050833086,-9.0023213e-18,0.992146681204091,0.1250798264138067,0.40652229201622725
834,lower,0.888963,-0.0150556,0.0,-0.40345005,-0.050993812,-4.4556146e-18,0.9920974414521357,0.1254697838689708,0.4066599449290312
835,lower,0.8916390000000001,-0.01471665,0.0,-0.40382405,-0.051233635,-4.4001035e-18,0.9920465942740764,0.12587118331534905,0.40706111175146104
836,lower,0.8943145,-0.0143766,0.0,-0.40383548,-0.051378159,-4.348981e-18,0.9919941119110937,0.12628413175740077,0.4070906645413989
837,lower,0.89699,-0.01403545,0.0,-0.40411426,-0.051557151,-8.6111511e-18,0.9919429411556696,0.12668544309209231,0.4073898281463479
838,lower,0.8996655,-0.013693199999999999,0.0,-0.40431291,-0.051782191,1.3158678e-23,0.991890444996865,0.12709581080398036,0.407615411768229
839,lower,0.902341,-0.013349800000000002,0.0,-0.40448753,-0.051965454,0.0,0.9918381193107637,0.1275035100775165,0.40781192882762785
840,lower,0.9050170000000001,-0.013005250000000001,0.0,-0.40484468,-0.052165076,0.0,0.9917853008614693,0.12791370917585346,0.4081916311165656
841,lower,0.9076925,-0.0126596,0.0,-0.4049156,-0.052387818,0.0,0.9917307923940312,0.12833563580512988,0.408290492772178
842,lower,0.9103680000000001,-0.012312799999999999,0.0,-0.40522873,-0.052563739,0.0,0.9916764532594814,0.12875485253261565,0.4086236261887519
843,lower,0.9130435,-0.011964849999999999,0.0,-0.40546141,-0.052810998,0.0,0.9916219429101836,0.1291740002439836,0.4088862390278396
844,lower,0.915719,-0.011615750000000001,0.0,-0.40573492,-0.053004704,-3.9486997e-18,0.9915672614327977,0.12959307872977527,0.40918250627057573
845,lower,0.9183945,-0.0112655,0.0,-0.4060434,-0.053192724,0.0,0.9915124089142285,0.1300120877807271,0.40951276675970766
846,lower,0.9210699999999999,-0.0109141,0.0,-0.4063157,-0.053436146,0.0,0.9914589612779349,0.13041904807840948,0.4098144331672159
847,lower,0.923746,-0.01056155,0.0,-0.40688213,-0.053646219,-3.7842128e-18,0.9914025754329334,0.13084698477590814,0.41040343758041564
848,lower,0.9264215,-0.0102078,0.0,-0.40704206,-0.053904127,-3.7301635e-18,0.9913438121191261,0.13129145506512926,0.41059577872106756
849,lower,0.9290970000000001,-0.009852875,0.0,-0.40741842,-0.054069235,0.0,0.9912879042250595,0.13171291104933172,0.4109905680445455
850,lower,0.9317725,-0.009496810000000001,0.0,-0.40787595,-0.054351877,0.0,0.9912309743024529,0.13214066589589366,0.41148136853251027
851,lower,0.934448,-0.009139535,0.0,-0.40824951,-0.054560871,1.4246484e-17,0.9911743987248446,0.13256436667688215,0.4118792899134165
852,lower,0.937124,-0.008781075,0.0,-0.40894399,-0.054832669,7.0004277e-18,0.9911163875418552,0.13299739225256704,0.4126036920630007
853,lower,0.9397995,-0.008421419999999999,0.0,-0.40926719,-0.055082526,0.0,0.9910560553502641,0.13344622569999615,0.41295728210240895
854,lower,0.9424750000000001,-0.008060560000000001,0.0,-0.40986765,-0.055325276,1.3515945e-17,0.9909969302794609,0.13388459275318212,0.41358478501707385
855,lower,0.9451505,-0.007698495000000001,0.0,-0.41047025,-0.055608932,0.0,0.9909374951615313,0.13432379045794565,0.4142199639028857
856,lower,0.9478260000000001,-0.00733522,0.0,-0.41114272,-0.055867399,0.0,0.9908775016598872,0.13476563621435592,0.4149210767891268
857,lower,0.9505015,-0.006970725,0.0,-0.4118808,-0.056177486,0.0,0.9908169463665981,0.13521012829211404,0.41569424161221996
858,lower,0.9531769999999999,-0.006605004999999999,0.0,-0.41262248,-0.056442722,-6.2204781e-18,0.9907576537041283,0.13564391481629626,0.4164649919253465
859,lower,0.955853,-0.006238055,0.0,-0.41374376,-0.056786979,6.0696803e-18,0.9906961009379844,0.13609274626619466,0.4176226257436919
860,lower,0.9585285,-0.005869864999999999,0.0,-0.41453946,-0.057105247,0.0,0.990632376279222,0.13655583131958154,0.41845426479810055
861,lower,0.961204,-0.005500435,0.0,-0.41568538,-0.057434043,0.0,0.9905699178556732,0.1370081670536652,0.4196343656783157
862,lower,0.9638795,-0.005129755,0.0,-0.41694428,-0.057825603,0.0,0.9905068827635999,0.137463141234064,0.42093506810104747
863,lower,0.966555,-0.004757819999999999,0.0,-0.41828982,-0.058175904,-5.4143476e-18,0.9904450277199498,0.13790811094648425,0.4223160013881168
864,lower,0.969231,-0.0043846200000000005,0.0,-0.42014357,-0.058638252,0.0,0.990380840450879,0.13836831598241878,0.42421581814802545
865,lower,0.9719065,-0.0040101500000000005,0.0,-0.42179583,-0.059084253,5.0158262e-18,0.9903144097080985,0.13884296858141704,0.4259139214867229
866,lower,0.974582,-0.003634405,0.0,-0.42402555,-0.059574225,9.6078897e-18,0.9902491609078338,0.13930757094045898,0.42819008566639305
867,lower,0.9772575,-0.003257375,0.0,-0.42656473,-0.06015089,0.0,0.9901834466901369,0.13977389563448822,0.4307848588090292
868,lower,0.979933,-0.00287906,0.0,-0.42972604,-0.060775225,0.0,0.9901171362569273,0.140242848268214,0.43400240675797136
869,lower,0.9826085,-0.0024994450000000003,0.0,-0.43340755,-0.061527575,3.9999028e-18,0.9900500971473222,0.14071533370097916,0.4377530602298199
870,lower,0.985284,-0.002118525,0.0,-0.43857692,-0.062427047,-1.2258079e-22,0.9899844268859775,0.14117660756386818,0.4429975595073074
871,lower,0.98796,-0.0017362950000000001,0.0,-0.44430116,-0.063454327,-3.2637931e-18,0.989916318190076,0.141653390291246,0.4488094890229792
872,lower,0.9906355,-0.001352745,0.0,-0.4561073,-0.065368806,5.6917391e-18,0.9898457043622699,0.14214598677261867,0.460767765066291
873,lower,0.9933109999999999,-0.000967869,0.0,-0.46407033,-0.066731943,0.0,0.989776371375252,0.14262795892544808,0.46884368811553506
874,lower,0.9959865,-0.0005816595,0.0,-0.51171435,-0.074205771,0.0,0.9897064598267786,0.1431122754243841,0.5170667545184919
875,lower,0.9986619999999999,-0.0001941105,0.0,-0.52593067,-0.10097439,-9.2428747e-19,0.9896713401830995,0.14335493859713264,0.5349736885006284
