# Force coefficients
# liftDir       : (-2.67238376e-01 9.63630453e-01 0.00000000e+00)
# dragDir       : (9.63630453e-01 2.67238376e-01 0.00000000e+00)
# pitchAxis     : (0.00000000e+00 0.00000000e+00 1.00000000e+00)
# magUInf       : 1.50000000e+01
# lRef          : 1.00000000e+00
# Aref          : 1.00000000e-02
# CofR          : (2.50000000e-01 0.00000000e+00 0.00000000e+00)
# Time          	Cm              	Cd              	Cl              	Cl(f)           	Cl(r)           
0               	3.19647430e-02	5.20740114e-01	4.05477769e-02	5.22386315e-02	-1.16908546e-02
1               	6.37230020e+00	7.34636082e+00	1.87328311e+01	1.57387158e+01	2.99411537e+00
2               	8.27257954e+00	9.10230978e+00	2.47517617e+01	2.06484604e+01	4.10330129e+00
3               	7.19815080e+00	7.76767053e+00	2.20649310e+01	1.82306163e+01	3.83431472e+00
4               	4.32012029e+00	4.66222945e+00	1.39821974e+01	1.13112190e+01	2.67097842e+00
5               	9.90111569e-01	1.19919161e+00	4.41366805e+00	3.19694559e+00	1.21672245e+00
6               	-1.64202427e+00	-1.49714921e+00	-3.34581060e+00	-3.31492957e+00	-3.08810278e-02
7               	-3.02106126e+00	-2.90063994e+00	-7.63776758e+00	-6.83994505e+00	-7.97822527e-01
8               	-3.08778607e+00	-2.95656230e+00	-8.20280916e+00	-7.18919065e+00	-1.01361851e+00
9               	-2.31504695e+00	-2.18495878e+00	-6.35458101e+00	-5.49233746e+00	-8.62243551e-01
10              	-1.09726508e+00	-9.89374045e-01	-3.12241936e+00	-2.65847476e+00	-4.63944599e-01
11              	5.81787599e-02	1.33979367e-01	1.21338092e-01	1.18847806e-01	2.49028613e-03
12              	8.10478130e-01	8.74909341e-01	2.40948483e+00	2.01522055e+00	3.94264284e-01
13              	1.09680987e+00	1.16687062e+00	3.46260890e+00	2.82811432e+00	6.34494578e-01
14              	1.00988882e+00	1.10740457e+00	3.46770609e+00	2.74374186e+00	7.23964225e-01
15              	6.86073031e-01	8.26323682e-01	2.78422955e+00	2.07818781e+00	7.06041745e-01
16              	2.70868495e-01	4.49655173e-01	1.75118748e+00	1.14646224e+00	6.04725245e-01
17              	-7.62670213e-02	1.23261691e-01	7.97369663e-01	3.22417810e-01	4.74951853e-01
18              	-2.82042127e-01	-8.38281104e-02	1.43527956e-01	-2.10278149e-01	3.53806104e-01
19              	-3.38317797e-01	-1.58561727e-01	-1.39306536e-01	-4.07971065e-01	2.68664529e-01
20              	-2.93705366e-01	-1.38834138e-01	-1.41013993e-01	-3.64212362e-01	2.23198369e-01
21              	-1.84347962e-01	-6.06430710e-02	5.15512183e-02	-1.58572353e-01	2.10123571e-01
22              	-5.34685333e-02	4.34261731e-02	3.49032688e-01	1.21047811e-01	2.27984877e-01
23              	6.63206781e-02	1.45081872e-01	6.66745919e-01	3.99693637e-01	2.67052281e-01
24              	1.47045907e-01	2.18665625e-01	9.22639531e-01	6.08365673e-01	3.14273858e-01
25              	1.76209708e-01	2.51120420e-01	1.06125725e+00	7.06838334e-01	3.54418918e-01
26              	1.68388960e-01	2.52774281e-01	1.10220487e+00	7.19491393e-01	3.82713474e-01
27              	1.40235044e-01	2.37114768e-01	1.08610220e+00	6.83286146e-01	4.02816058e-01
28              	1.01626314e-01	2.10504018e-01	1.02884370e+00	6.16048164e-01	4.12795535e-01
29              	6.41967231e-02	1.81292706e-01	9.54620906e-01	5.41507176e-01	4.13113730e-01
30              	3.55172169e-02	1.55907246e-01	8.84054322e-01	4.77544378e-01	4.06509944e-01
31              	1.90856896e-02	1.37927484e-01	8.30440244e-01	4.34305811e-01	3.96134432e-01
32              	1.72380463e-02	1.31230432e-01	8.09643572e-01	4.22059832e-01	3.87583740e-01
33              	2.32069308e-02	1.30479627e-01	8.07812781e-01	4.27113321e-01	3.80699460e-01
34              	3.44273239e-02	1.34305242e-01	8.22580573e-01	4.45717610e-01	3.76862962e-01
35              	4.75977520e-02	1.41010921e-01	8.49367048e-01	4.72281276e-01	3.77085772e-01
36              	6.10484441e-02	1.49522865e-01	8.84953418e-01	5.03525153e-01	3.81428265e-01
37              	7.19554508e-02	1.57700466e-01	9.21893409e-01	5.32902155e-01	3.88991253e-01
38              	7.95748395e-02	1.64635383e-01	9.56750870e-01	5.57950275e-01	3.98800595e-01
39              	8.22562418e-02	1.68272479e-01	9.80392688e-01	5.72452586e-01	4.07940102e-01
40              	8.15711589e-02	1.69321026e-01	9.94331028e-01	5.78736673e-01	4.15594355e-01
41              	7.90577711e-02	1.68689520e-01	1.00251089e+00	5.80313214e-01	4.22197672e-01
42              	7.56279702e-02	1.66843071e-01	1.00537214e+00	5.78314039e-01	4.27058098e-01
43              	7.21087147e-02	1.64367246e-01	1.00490677e+00	5.74562098e-01	4.30344669e-01
44              	6.88008225e-02	1.61541946e-01	1.00230714e+00	5.69954392e-01	4.32352747e-01
45              	6.64382074e-02	1.59045700e-01	9.99564595e-01	5.66220505e-01	4.33344090e-01
46              	6.48740382e-02	1.56848789e-01	9.97089467e-01	5.63418772e-01	4.33670696e-01
47              	6.43617048e-02	1.55395399e-01	9.96252013e-01	5.62487711e-01	4.33764301e-01
48              	6.47270479e-02	1.54569907e-01	9.97193174e-01	5.63323635e-01	4.33869539e-01
49              	6.59065377e-02	1.54534533e-01	1.00045925e+00	5.66136160e-01	4.34323085e-01
50              	6.77536926e-02	1.55246754e-01	1.00610383e+00	5.70805607e-01	4.35298222e-01
51              	7.00739935e-02	1.56611860e-01	1.01392973e+00	5.77038859e-01	4.36890872e-01
52              	7.26800101e-02	1.58494555e-01	1.02366905e+00	5.84514535e-01	4.39154515e-01
53              	7.48821421e-02	1.60300407e-01	1.03309929e+00	5.91431787e-01	4.41667503e-01
54              	7.69565068e-02	1.62236412e-01	1.04333431e+00	5.98623659e-01	4.44710646e-01
55              	7.80884981e-02	1.63430518e-01	1.05074696e+00	6.03461977e-01	4.47284981e-01
56              	7.86804127e-02	1.64148538e-01	1.05643601e+00	6.06898416e-01	4.49537591e-01
57              	7.88519773e-02	1.64440979e-01	1.06061989e+00	6.09161922e-01	4.51457967e-01
58              	7.87638539e-02	1.64412027e-01	1.06369401e+00	6.10610860e-01	4.53083152e-01
59              	7.85495691e-02	1.64162730e-01	1.06600605e+00	6.11552593e-01	4.54453455e-01
60              	7.82846470e-02	1.63767527e-01	1.06796997e+00	6.12269631e-01	4.55700337e-01
61              	7.80238818e-02	1.63266229e-01	1.06946498e+00	6.12756369e-01	4.56708606e-01
62              	7.78085699e-02	1.62707694e-01	1.07074684e+00	6.13181991e-01	4.57564851e-01
63              	7.76746539e-02	1.62136200e-01	1.07185680e+00	6.13603052e-01	4.58253744e-01
64              	7.76792690e-02	1.61644776e-01	1.07294611e+00	6.14152325e-01	4.58793787e-01
65              	7.77944865e-02	1.61213523e-01	1.07415327e+00	6.14871120e-01	4.59282147e-01
66              	7.80228662e-02	1.60866371e-01	1.07554303e+00	6.15794381e-01	4.59748649e-01
67              	7.83322956e-02	1.60616706e-01	1.07711345e+00	6.16889022e-01	4.60224431e-01
68              	7.86831645e-02	1.60432361e-01	1.07885151e+00	6.18108919e-01	4.60742590e-01
69              	7.90266947e-02	1.60270922e-01	1.08070640e+00	6.19379896e-01	4.61326506e-01
70              	7.93945425e-02	1.60138127e-01	1.08285930e+00	6.20824194e-01	4.62035109e-01
71              	7.97482963e-02	1.60023690e-01	1.08512071e+00	6.22308652e-01	4.62812060e-01
72              	8.00722555e-02	1.59917802e-01	1.08742479e+00	6.23784649e-01	4.63640138e-01
73              	8.03979118e-02	1.59826887e-01	1.08993115e+00	6.25363489e-01	4.64567665e-01
74              	8.06864299e-02	1.59715916e-01	1.09240493e+00	6.26888892e-01	4.65516033e-01
75              	8.08979500e-02	1.59573371e-01	1.09464382e+00	6.28219862e-01	4.66423962e-01
76              	8.10870109e-02	1.59416144e-01	1.09691238e+00	6.29543199e-01	4.67369177e-01
77              	8.12391973e-02	1.59220615e-01	1.09909348e+00	6.30785935e-01	4.68307540e-01
78              	8.13281378e-02	1.58990127e-01	1.10103156e+00	6.31843918e-01	4.69187643e-01
79              	8.13867476e-02	1.58735763e-01	1.10286168e+00	6.32817590e-01	4.70044094e-01
80              	8.14474709e-02	1.58464547e-01	1.10483683e+00	6.33865886e-01	4.70970944e-01
81              	8.14802424e-02	1.58163210e-01	1.10677530e+00	6.34867893e-01	4.71907408e-01
82              	8.14896787e-02	1.57853832e-01	1.10865341e+00	6.35816382e-01	4.72837024e-01
83              	8.14727280e-02	1.57520111e-01	1.11060763e+00	6.36776541e-01	4.73831085e-01
84              	8.14335364e-02	1.57168171e-01	1.11255673e+00	6.37711903e-01	4.74844831e-01
85              	8.13716237e-02	1.56821143e-01	1.11440322e+00	6.38573236e-01	4.75829989e-01
86              	8.12740480e-02	1.56446980e-01	1.11628879e+00	6.39418442e-01	4.76870346e-01
87              	8.11478012e-02	1.56053355e-01	1.11817959e+00	6.40237597e-01	4.77941994e-01
88              	8.10196421e-02	1.55682581e-01	1.12000883e+00	6.41024059e-01	4.78984775e-01
89              	8.08856157e-02	1.55325037e-01	1.12183475e+00	6.41802992e-01	4.80031761e-01
90              	8.07503431e-02	1.54980502e-01	1.12373276e+00	6.42616721e-01	4.81116034e-01
91              	8.06154803e-02	1.54644494e-01	1.12591687e+00	6.43573916e-01	4.82342955e-01
92              	8.05055353e-02	1.54349463e-01	1.12824422e+00	6.44627643e-01	4.83616573e-01
93              	8.04351806e-02	1.54109098e-01	1.13071366e+00	6.45792008e-01	4.84921647e-01
94              	8.04140591e-02	1.53926149e-01	1.13350202e+00	6.47165070e-01	4.86336952e-01
95              	8.04326850e-02	1.53790520e-01	1.13640713e+00	6.48636250e-01	4.87770880e-01
96              	8.04719827e-02	1.53688008e-01	1.13922251e+00	6.50083235e-01	4.89139270e-01
97              	8.05203530e-02	1.53602250e-01	1.14194687e+00	6.51493788e-01	4.90453082e-01
98              	8.05763661e-02	1.53529729e-01	1.14480684e+00	6.52979787e-01	4.91827055e-01
99              	8.06164318e-02	1.53448185e-01	1.14757435e+00	6.54403608e-01	4.93170744e-01
100             	8.06218250e-02	1.53340228e-01	1.15012076e+00	6.55682206e-01	4.94438556e-01
101             	8.05842950e-02	1.53194201e-01	1.15246495e+00	6.56816772e-01	4.95648182e-01
102             	8.04944151e-02	1.53001576e-01	1.15478886e+00	6.57888847e-01	4.96900017e-01
103             	8.03670872e-02	1.52771853e-01	1.15695727e+00	6.58845723e-01	4.98111548e-01
104             	8.02120400e-02	1.52513211e-01	1.15896155e+00	6.59692815e-01	4.99268735e-01
105             	8.00445899e-02	1.52238056e-01	1.16086934e+00	6.60479258e-01	5.00390078e-01
106             	7.98714506e-02	1.51954242e-01	1.16287593e+00	6.61309415e-01	5.01566514e-01
107             	7.97188111e-02	1.51689324e-01	1.16488614e+00	6.62161880e-01	5.02724258e-01
108             	7.96042910e-02	1.51462772e-01	1.16692107e+00	6.63064826e-01	5.03856244e-01
109             	7.95373207e-02	1.51283193e-01	1.16901986e+00	6.64047248e-01	5.04972607e-01
110             	7.95195938e-02	1.51152373e-01	1.17121702e+00	6.65128103e-01	5.06088915e-01
111             	7.95529086e-02	1.51074564e-01	1.17366860e+00	6.66387207e-01	5.07281390e-01
112             	7.96115113e-02	1.51032914e-01	1.17614376e+00	6.67683392e-01	5.08460370e-01
113             	7.96745451e-02	1.51007413e-01	1.17858888e+00	6.68968983e-01	5.09619893e-01
114             	7.97168703e-02	1.50973429e-01	1.18095594e+00	6.70194842e-01	5.10761101e-01
115             	7.97169575e-02	1.50909163e-01	1.18322053e+00	6.71327221e-01	5.11893306e-01
116             	7.96596697e-02	1.50797082e-01	1.18536380e+00	6.72341572e-01	5.13022233e-01
117             	7.95374435e-02	1.50627741e-01	1.18737574e+00	6.73225314e-01	5.14150427e-01
118             	7.93517858e-02	1.50399191e-01	1.18924989e+00	6.73976731e-01	5.15273159e-01
119             	7.91130351e-02	1.50117630e-01	1.19099579e+00	6.74610929e-01	5.16384858e-01
120             	7.88370941e-02	1.49795503e-01	1.19263703e+00	6.75155611e-01	5.17481423e-01
121             	7.85436398e-02	1.49449197e-01	1.19421118e+00	6.75649231e-01	5.18561952e-01
122             	7.82523592e-02	1.49096847e-01	1.19576715e+00	6.76135933e-01	5.19631215e-01
123             	7.79808191e-02	1.48755616e-01	1.19734904e+00	6.76655341e-01	5.20693703e-01
124             	7.77422150e-02	1.48438622e-01	1.19900113e+00	6.77242779e-01	5.21758349e-01
125             	7.75545841e-02	1.48173859e-01	1.20065381e+00	6.77881491e-01	5.22772322e-01
126             	7.74023334e-02	1.47930850e-01	1.20252897e+00	6.78666816e-01	5.23862150e-01
127             	7.73111699e-02	1.47703575e-01	1.20514522e+00	6.79883781e-01	5.25261441e-01
128             	7.72549401e-02	1.47557177e-01	1.20709230e+00	6.80801092e-01	5.26291212e-01
129             	7.72546585e-02	1.47437122e-01	1.20938451e+00	6.81946914e-01	5.27437597e-01
130             	7.72579579e-02	1.47337929e-01	1.21130269e+00	6.82909305e-01	5.28393389e-01
131             	7.72669422e-02	1.47235015e-01	1.21321097e+00	6.83872428e-01	5.29338543e-01
132             	7.72661527e-02	1.47101836e-01	1.21517930e+00	6.84855805e-01	5.30323499e-01
133             	7.72414564e-02	1.46941294e-01	1.21711812e+00	6.85800516e-01	5.31317603e-01
134             	7.71779596e-02	1.46729998e-01	1.21908084e+00	6.86718379e-01	5.32362460e-01
135             	7.70731964e-02	1.46480194e-01	1.22098020e+00	6.87563295e-01	5.33416902e-01
136             	7.69212902e-02	1.46184783e-01	1.22278711e+00	6.88314845e-01	5.34472264e-01
137             	7.67234374e-02	1.45846588e-01	1.22450146e+00	6.88974167e-01	5.35527292e-01
138             	7.64938439e-02	1.45484143e-01	1.22608024e+00	6.89533964e-01	5.36546276e-01
139             	7.62362072e-02	1.45098216e-01	1.22757401e+00	6.90023213e-01	5.37550799e-01
140             	7.59694739e-02	1.44710330e-01	1.22897906e+00	6.90459006e-01	5.38520058e-01
141             	7.57061271e-02	1.44333639e-01	1.23034989e+00	6.90881072e-01	5.39468818e-01
142             	7.54535351e-02	1.43972270e-01	1.23171562e+00	6.91311344e-01	5.40404274e-01
143             	7.52264757e-02	1.43645887e-01	1.23311066e+00	6.91781806e-01	5.41328855e-01
144             	7.50238891e-02	1.43348823e-01	1.23456318e+00	6.92305477e-01	5.42257698e-01
145             	7.48556829e-02	1.43096092e-01	1.23607876e+00	6.92895062e-01	5.43183696e-01
146             	7.47167161e-02	1.42877946e-01	1.23766511e+00	6.93549273e-01	5.44115841e-01
147             	7.46078740e-02	1.42696361e-01	1.23931279e+00	6.94264271e-01	5.45048523e-01
148             	7.45212093e-02	1.42538262e-01	1.24100088e+00	6.95021647e-01	5.45979229e-01
149             	7.44529416e-02	1.42398930e-01	1.24270877e+00	6.95807324e-01	5.46901441e-01
150             	7.43944052e-02	1.42264538e-01	1.24441336e+00	6.96601086e-01	5.47812275e-01
151             	7.43415998e-02	1.42128730e-01	1.24609707e+00	6.97390134e-01	5.48706935e-01
152             	7.42869914e-02	1.41980740e-01	1.24774968e+00	6.98161831e-01	5.49587848e-01
153             	7.42277581e-02	1.41815785e-01	1.24936217e+00	6.98908845e-01	5.50453329e-01
154             	7.41613406e-02	1.41629046e-01	1.25094499e+00	6.99633835e-01	5.51311154e-01
155             	7.40906047e-02	1.41422725e-01	1.25249533e+00	7.00338269e-01	5.52157060e-01
156             	7.40168667e-02	1.41199284e-01	1.25401738e+00	7.01025557e-01	5.52991823e-01
157             	7.39454627e-02	1.40966604e-01	1.25550962e+00	7.01700274e-01	5.53809348e-01
158             	7.38767504e-02	1.40725082e-01	1.25698993e+00	7.02371716e-01	5.54618215e-01
159             	7.38159198e-02	1.40481530e-01	1.25847295e+00	7.03052395e-01	5.55420555e-01
160             	7.37644862e-02	1.40239885e-01	1.25995162e+00	7.03740296e-01	5.56211323e-01
161             	7.37257870e-02	1.39988358e-01	1.26148294e+00	7.04467257e-01	5.57015683e-01
162             	7.37020584e-02	1.39791032e-01	1.26283111e+00	7.05117613e-01	5.57713497e-01
163             	7.36969287e-02	1.39554966e-01	1.26443761e+00	7.05915731e-01	5.58521874e-01
164             	7.36976624e-02	1.39370725e-01	1.26581795e+00	7.06606636e-01	5.59211311e-01
165             	7.37179482e-02	1.39167018e-01	1.26736540e+00	7.07400648e-01	5.59964752e-01
166             	7.37372897e-02	1.39000791e-01	1.26871769e+00	7.08096133e-01	5.60621553e-01
167             	7.37619031e-02	1.38834748e-01	1.27006126e+00	7.08792535e-01	5.61268729e-01
168             	7.37887235e-02	1.38661021e-01	1.27138776e+00	7.09482603e-01	5.61905156e-01
169             	7.38224947e-02	1.38489596e-01	1.27273846e+00	7.10191727e-01	5.62546737e-01
170             	7.38618203e-02	1.38318025e-01	1.27411898e+00	7.10921309e-01	5.63197669e-01
171             	7.39101918e-02	1.38158704e-01	1.27555747e+00	7.11688927e-01	5.63868543e-01
172             	7.39752517e-02	1.38009439e-01	1.27712097e+00	7.12535736e-01	5.64585233e-01
173             	7.40277269e-02	1.37876361e-01	1.27851740e+00	7.13286426e-01	5.65230972e-01
174             	7.41195335e-02	1.37733272e-01	1.28021374e+00	7.14226403e-01	5.65987336e-01
175             	7.41960219e-02	1.37606300e-01	1.28171423e+00	7.15053139e-01	5.66661095e-01
176             	7.42561607e-02	1.37487827e-01	1.28304557e+00	7.15778948e-01	5.67266626e-01
177             	7.43436654e-02	1.37338357e-01	1.28460898e+00	7.16648153e-01	5.67960822e-01
178             	7.44060885e-02	1.37187908e-01	1.28598271e+00	7.17397445e-01	5.68585268e-01
179             	7.44393292e-02	1.37020430e-01	1.28716290e+00	7.18020778e-01	5.69142119e-01
180             	7.44768505e-02	1.36806497e-01	1.28851566e+00	7.18734683e-01	5.69780982e-01
181             	7.44927509e-02	1.36585940e-01	1.28975616e+00	7.19370832e-01	5.70385330e-01
182             	7.44881850e-02	1.36349747e-01	1.29092847e+00	7.19952418e-01	5.70976048e-01
183             	7.44693899e-02	1.36099303e-01	1.29206412e+00	7.20501451e-01	5.71562671e-01
184             	7.44423322e-02	1.35838837e-01	1.29318002e+00	7.21032342e-01	5.72147677e-01
185             	7.44162363e-02	1.35576659e-01	1.29428640e+00	7.21559436e-01	5.72726964e-01
186             	7.44000056e-02	1.35299079e-01	1.29541050e+00	7.22105256e-01	5.73305245e-01
187             	7.43962632e-02	1.35046330e-01	1.29651684e+00	7.22654683e-01	5.73862157e-01
188             	7.44072467e-02	1.34814301e-01	1.29758569e+00	7.23200093e-01	5.74385599e-01
189             	7.44298105e-02	1.34597998e-01	1.29861251e+00	7.23736067e-01	5.74876446e-01
190             	7.44619451e-02	1.34368907e-01	1.29961306e+00	7.24268473e-01	5.75344583e-01
191             	7.45050811e-02	1.34160898e-01	1.30059578e+00	7.24802973e-01	5.75792810e-01
192             	7.45540444e-02	1.33961312e-01	1.30155003e+00	7.25329060e-01	5.76220971e-01
193             	7.46283923e-02	1.33783451e-01	1.30253294e+00	7.25894860e-01	5.76638075e-01
194             	7.47245950e-02	1.33620146e-01	1.30355735e+00	7.26503271e-01	5.77054081e-01
195             	7.48266513e-02	1.33466129e-01	1.30456147e+00	7.27107387e-01	5.77454085e-01
196             	7.49625353e-02	1.33316951e-01	1.30571072e+00	7.27817897e-01	5.77892827e-01
197             	7.51848861e-02	1.33195327e-01	1.30721187e+00	7.28790819e-01	5.78421047e-01
198             	7.54332997e-02	1.33138086e-01	1.30873031e+00	7.29798452e-01	5.78931853e-01
199             	7.56481386e-02	1.33108062e-01	1.31008892e+00	7.30692598e-01	5.79396321e-01
200             	7.58445541e-02	1.33102494e-01	1.31135772e+00	7.31523416e-01	5.79834308e-01
201             	7.61086581e-02	1.33118697e-01	1.31296570e+00	7.32591507e-01	5.80374191e-01
202             	7.63108486e-02	1.33110465e-01	1.31435859e+00	7.33490145e-01	5.80868448e-01
203             	7.64895987e-02	1.33085991e-01	1.31564850e+00	7.34313847e-01	5.81334649e-01
204             	7.66881746e-02	1.33033428e-01	1.31713127e+00	7.35253809e-01	5.81877459e-01
205             	7.68641389e-02	1.32963239e-01	1.31851231e+00	7.36120295e-01	5.82392017e-01
206             	7.70617623e-02	1.32905106e-01	1.31989037e+00	7.37006946e-01	5.82883422e-01
207             	7.72666202e-02	1.32841446e-01	1.32122815e+00	7.37880693e-01	5.83347453e-01
208             	7.74826158e-02	1.32774937e-01	1.32253010e+00	7.38747666e-01	5.83782434e-01
209             	7.77386594e-02	1.32732245e-01	1.32385992e+00	7.39668619e-01	5.84191300e-01
210             	7.80203990e-02	1.32703016e-01	1.32518944e+00	7.40615120e-01	5.84574322e-01
211             	7.83022637e-02	1.32668054e-01	1.32646795e+00	7.41536239e-01	5.84931711e-01
212             	7.85767141e-02	1.32623884e-01	1.32768302e+00	7.42418222e-01	5.85264794e-01
213             	7.88912988e-02	1.32616841e-01	1.32894778e+00	7.43365189e-01	5.85582591e-01
214             	7.92173964e-02	1.32626164e-01	1.33022377e+00	7.44329281e-01	5.85894489e-01
215             	7.95444356e-02	1.32642899e-01	1.33149608e+00	7.45292476e-01	5.86203604e-01
216             	7.98646270e-02	1.32659525e-01	1.33275817e+00	7.46243714e-01	5.86514460e-01
217             	8.01964263e-02	1.32692674e-01	1.33406126e+00	7.47227055e-01	5.86834202e-01
218             	8.05246326e-02	1.32732588e-01	1.33540338e+00	7.48226321e-01	5.87177055e-01
219             	8.08396839e-02	1.32771512e-01	1.33677623e+00	7.49227798e-01	5.87548430e-01
220             	8.11459817e-02	1.32810456e-01	1.33818184e+00	7.50236903e-01	5.87944940e-01
221             	8.14540483e-02	1.32854734e-01	1.33962987e+00	7.51268985e-01	5.88360889e-01
222             	8.17652845e-02	1.32904096e-01	1.34111816e+00	7.52324366e-01	5.88793797e-01
223             	8.20782261e-02	1.32956282e-01	1.34264053e+00	7.53398489e-01	5.89242037e-01
224             	8.23881987e-02	1.33007642e-01	1.34418676e+00	7.54481580e-01	5.89705182e-01
225             	8.26948084e-02	1.33057869e-01	1.34575137e+00	7.55570494e-01	5.90180877e-01
226             	8.29927863e-02	1.33102053e-01	1.34731598e+00	7.56650776e-01	5.90665203e-01
227             	8.32705062e-02	1.33129686e-01	1.34884859e+00	7.57694804e-01	5.91153791e-01
228             	8.35238380e-02	1.33136795e-01	1.35033401e+00	7.58690843e-01	5.91643167e-01
229             	8.37487470e-02	1.33119629e-01	1.35175800e+00	7.59627746e-01	5.92130252e-01
230             	8.39469403e-02	1.33079524e-01	1.35311937e+00	7.60506624e-01	5.92612743e-01
231             	8.41142865e-02	1.33012530e-01	1.35440624e+00	7.61317408e-01	5.93088835e-01
232             	8.42487430e-02	1.32916794e-01	1.35561282e+00	7.62055151e-01	5.93557665e-01
233             	8.43505206e-02	1.32792337e-01	1.35673896e+00	7.62720001e-01	5.94018960e-01
234             	8.44207136e-02	1.32639853e-01	1.35778727e+00	7.63314347e-01	5.94472920e-01
235             	8.44622366e-02	1.32461398e-01	1.35876426e+00	7.63844365e-01	5.94919892e-01
236             	8.44806303e-02	1.32261068e-01	1.35968123e+00	7.64321244e-01	5.95359983e-01
237             	8.44854673e-02	1.32046521e-01	1.36055769e+00	7.64764311e-01	5.95793376e-01
238             	8.44867596e-02	1.31825786e-01	1.36141387e+00	7.65193696e-01	5.96220177e-01
239             	8.44903540e-02	1.31580454e-01	1.36227933e+00	7.65630017e-01	5.96649309e-01
240             	8.45094546e-02	1.31363303e-01	1.36315165e+00	7.66085279e-01	5.97066369e-01
241             	8.45462171e-02	1.31164624e-01	1.36402988e+00	7.66561158e-01	5.97468723e-01
242             	8.46077352e-02	1.30989883e-01	1.36493157e+00	7.67073519e-01	5.97858049e-01
243             	8.46997613e-02	1.30840564e-01	1.36587707e+00	7.67638299e-01	5.98238776e-01
244             	8.48345082e-02	1.30698327e-01	1.36690147e+00	7.68285244e-01	5.98616227e-01
245             	8.50074630e-02	1.30599867e-01	1.36800934e+00	7.69012132e-01	5.98997206e-01
246             	8.52115254e-02	1.30530754e-01	1.36917059e+00	7.69796820e-01	5.99373770e-01
247             	8.54428320e-02	1.30486779e-01	1.37038111e+00	7.70633386e-01	5.99747722e-01
248             	8.57206560e-02	1.30454333e-01	1.37167767e+00	7.71559491e-01	6.00118179e-01
249             	8.60216294e-02	1.30453439e-01	1.37303663e+00	7.72539945e-01	6.00496687e-01
250             	8.63338990e-02	1.30469385e-01	1.37440758e+00	7.73537689e-01	6.00869891e-01
251             	8.66608466e-02	1.30503974e-01	1.37580279e+00	7.74562239e-01	6.01240546e-01
252             	8.70089792e-02	1.30559689e-01	1.37724493e+00	7.75631446e-01	6.01613487e-01
253             	8.74186062e-02	1.30641803e-01	1.37882043e+00	7.76828822e-01	6.01991609e-01
254             	8.78513702e-02	1.30761868e-01	1.38048130e+00	7.78092023e-01	6.02389282e-01
255             	8.83034110e-02	1.30910993e-01	1.38219746e+00	7.79402142e-01	6.02795319e-01
256             	8.87682612e-02	1.31083137e-01	1.38395975e+00	7.80748134e-01	6.03211612e-01
257             	8.92408936e-02	1.31270739e-01	1.38576437e+00	7.82123080e-01	6.03641293e-01
258             	8.97137990e-02	1.31463967e-01	1.38760071e+00	7.83514153e-01	6.04086555e-01
259             	9.01786680e-02	1.31653315e-01	1.38945438e+00	7.84905858e-01	6.04548522e-01
260             	9.06574393e-02	1.31832178e-01	1.39138713e+00	7.86351004e-01	6.05036125e-01
261             	9.10858837e-02	1.31988807e-01	1.39325149e+00	7.87711630e-01	6.05539863e-01
262             	9.14623823e-02	1.32111288e-01	1.39502198e+00	7.88973373e-01	6.06048609e-01
263             	9.17810782e-02	1.32194092e-01	1.39668263e+00	7.90122395e-01	6.06560239e-01
264             	9.20386387e-02	1.32231609e-01	1.39823010e+00	7.91153690e-01	6.07076412e-01
265             	9.22379840e-02	1.32201793e-01	1.39970791e+00	7.92091940e-01	6.07615972e-01
266             	9.23661612e-02	1.32129199e-01	1.40105648e+00	7.92894403e-01	6.08162081e-01
267             	9.24255126e-02	1.32006229e-01	1.40225764e+00	7.93554334e-01	6.08703309e-01
268             	9.24189323e-02	1.31833035e-01	1.40331514e+00	7.94076501e-01	6.09238636e-01
269             	9.23254680e-02	1.31567875e-01	1.40423236e+00	7.94441647e-01	6.09790711e-01
270             	9.21735619e-02	1.31267405e-01	1.40503186e+00	7.94689491e-01	6.10342367e-01
271             	9.19764783e-02	1.30936439e-01	1.40570738e+00	7.94830169e-01	6.10877212e-01
272             	9.16990126e-02	1.30523960e-01	1.40623605e+00	7.94817037e-01	6.11419012e-01
273             	9.13306389e-02	1.30031299e-01	1.40662270e+00	7.94641989e-01	6.11980712e-01
274             	9.09247911e-02	1.29530036e-01	1.40691527e+00	7.94382427e-01	6.12532845e-01
275             	9.04206289e-02	1.28941268e-01	1.40702389e+00	7.93932573e-01	6.13091315e-01
276             	9.00647737e-02	1.28523426e-01	1.40723300e+00	7.93681272e-01	6.13551724e-01
277             	8.96995173e-02	1.28103822e-01	1.40739991e+00	7.93399471e-01	6.14000436e-01
278             	8.92974791e-02	1.27652547e-01	1.40751356e+00	7.93054261e-01	6.14459303e-01
279             	8.87705093e-02	1.27077059e-01	1.40746795e+00	7.92504484e-01	6.14963465e-01
280             	8.81181194e-02	1.26391909e-01	1.40726466e+00	7.91750451e-01	6.15514212e-01
281             	8.72657560e-02	1.25538081e-01	1.40678095e+00	7.90656230e-01	6.16124718e-01
282             	8.65482991e-02	1.24836977e-01	1.40641575e+00	7.89756174e-01	6.16659576e-01
283             	8.55629979e-02	1.23898278e-01	1.40563697e+00	7.88381482e-01	6.17255486e-01
284             	8.48065186e-02	1.23178745e-01	1.40508367e+00	7.87348356e-01	6.17735319e-01
285             	8.39349594e-02	1.22361984e-01	1.40433879e+00	7.86104352e-01	6.18234433e-01
286             	8.32447807e-02	1.21712684e-01	1.40378032e+00	7.85134943e-01	6.18645381e-01
287             	8.25270152e-02	1.21037837e-01	1.40317352e+00	7.84113774e-01	6.19059743e-01
288             	8.17431378e-02	1.20304565e-01	1.40248115e+00	7.82983711e-01	6.19497436e-01
289             	8.08065012e-02	1.19444307e-01	1.40161451e+00	7.81613758e-01	6.20000756e-01
290             	7.97267699e-02	1.18465595e-01	1.40054358e+00	7.79998562e-01	6.20545022e-01
291             	7.84347070e-02	1.17308930e-01	1.39914306e+00	7.78006237e-01	6.21136823e-01
292             	7.73481667e-02	1.16343254e-01	1.39790263e+00	7.76299482e-01	6.21603149e-01
293             	7.62492306e-02	1.15372785e-01	1.39658147e+00	7.74539966e-01	6.22041505e-01
294             	7.51158608e-02	1.14377071e-01	1.39516866e+00	7.72700192e-01	6.22468470e-01
295             	7.39395303e-02	1.13348577e-01	1.39366582e+00	7.70772440e-01	6.22893380e-01
296             	7.27177385e-02	1.12285851e-01	1.39207550e+00	7.68755489e-01	6.23320012e-01
297             	7.14519821e-02	1.11191423e-01	1.39040033e+00	7.66652149e-01	6.23748185e-01
298             	7.01486836e-02	1.10071733e-01	1.38864614e+00	7.64471754e-01	6.24174387e-01
299             	6.88148423e-02	1.08932841e-01	1.38681643e+00	7.62223060e-01	6.24593375e-01
300             	6.74576227e-02	1.07779953e-01	1.38491462e+00	7.59914935e-01	6.24999689e-01
301             	6.60851248e-02	1.06618479e-01	1.38294778e+00	7.57559017e-01	6.25388767e-01
302             	6.47036946e-02	1.05452069e-01	1.38092271e+00	7.55165048e-01	6.25757659e-01
303             	6.33183948e-02	1.04283346e-01	1.37884725e+00	7.52742020e-01	6.26105230e-01
304             	6.19338503e-02	1.03114960e-01	1.37673129e+00	7.50299495e-01	6.26431794e-01
305             	6.05528683e-02	1.01948573e-01	1.37458322e+00	7.47844481e-01	6.26738744e-01
306             	5.91776690e-02	1.00785900e-01	1.37241132e+00	7.45383327e-01	6.27027989e-01
307             	5.78099726e-02	9.96286479e-02	1.37022298e+00	7.42921460e-01	6.27301515e-01
308             	5.64524290e-02	9.84795416e-02	1.36802682e+00	7.40465839e-01	6.27560981e-01
309             	5.51071991e-02	9.73408738e-02	1.36582939e+00	7.38021896e-01	6.27807498e-01
310             	5.37772406e-02	9.62153831e-02	1.36363742e+00	7.35595953e-01	6.28041472e-01
311             	5.24667504e-02	9.51065332e-02	1.36145838e+00	7.33195940e-01	6.28262439e-01
312             	5.11808412e-02	9.40182870e-02	1.35930058e+00	7.30831133e-01	6.28469450e-01
313             	4.99246201e-02	9.29540651e-02	1.35717126e+00	7.28510250e-01	6.28661010e-01
314             	4.87032729e-02	9.19172168e-02	1.35507805e+00	7.26242296e-01	6.28835751e-01
315             	4.75217052e-02	9.09107976e-02	1.35302899e+00	7.24036199e-01	6.28992789e-01
316             	4.63854870e-02	8.99382890e-02	1.35103412e+00	7.21902546e-01	6.29131572e-01
317             	4.53007614e-02	8.90037561e-02	1.34910535e+00	7.19853435e-01	6.29251912e-01
318             	4.42736707e-02	8.81115087e-02	1.34725588e+00	7.17901612e-01	6.29354271e-01
319             	4.33113623e-02	8.72668579e-02	1.34550093e+00	7.16061826e-01	6.29439102e-01
320             	4.24196561e-02	8.64742338e-02	1.34385397e+00	7.14346641e-01	6.29507329e-01
321             	4.16027223e-02	8.57370290e-02	1.34232579e+00	7.12765617e-01	6.29560172e-01
322             	4.08634793e-02	8.50578609e-02	1.34092516e+00	7.11326058e-01	6.29599099e-01
323             	4.02033595e-02	8.44382071e-02	1.33965819e+00	7.10032455e-01	6.29625736e-01
324             	3.96231602e-02	8.38789548e-02	1.33852961e+00	7.08887963e-01	6.29641642e-01
325             	3.91232480e-02	8.33805057e-02	1.33754255e+00	7.07894521e-01	6.29648025e-01
326             	3.87043444e-02	8.29433590e-02	1.33670040e+00	7.07054543e-01	6.29645854e-01
327             	3.83652892e-02	8.25665373e-02	1.33600262e+00	7.06366602e-01	6.29636023e-01
328             	3.81047658e-02	8.22487366e-02	1.33544749e+00	7.05828508e-01	6.29618977e-01
329             	3.79208310e-02	8.19875957e-02	1.33503132e+00	7.05436492e-01	6.29594830e-01
330             	3.78127118e-02	8.17817397e-02	1.33475260e+00	7.05189010e-01	6.29563586e-01
331             	3.77809357e-02	8.16313942e-02	1.33461286e+00	7.05087365e-01	6.29525494e-01
332             	3.78246586e-02	8.15358347e-02	1.33461192e+00	7.05130618e-01	6.29481301e-01
333             	3.79410438e-02	8.14929474e-02	1.33474610e+00	7.05314094e-01	6.29432006e-01
334             	3.81272113e-02	8.15003532e-02	1.33501107e+00	7.05632749e-01	6.29378326e-01
335             	3.83818578e-02	8.15576592e-02	1.33540539e+00	7.06084552e-01	6.29320837e-01
336             	3.87029634e-02	8.16648903e-02	1.33592720e+00	7.06666563e-01	6.29260636e-01
337             	3.90892464e-02	8.18224324e-02	1.33657527e+00	7.07376884e-01	6.29198391e-01
338             	3.95386484e-02	8.20284794e-02	1.33734629e+00	7.08211794e-01	6.29134497e-01
339             	4.00508721e-02	8.22817444e-02	1.33823965e+00	7.09170696e-01	6.29068952e-01
340             	4.06252855e-02	8.25803386e-02	1.33925448e+00	7.10252525e-01	6.29001954e-01
341             	4.12558992e-02	8.29184039e-02	1.34038127e+00	7.11446536e-01	6.28934738e-01
342             	4.19307688e-02	8.32853969e-02	1.34160054e+00	7.12731039e-01	6.28869502e-01
343             	4.26357626e-02	8.36694830e-02	1.34288911e+00	7.14080320e-01	6.28808795e-01
344             	4.33564122e-02	8.40587908e-02	1.34422308e+00	7.15467951e-01	6.28755126e-01
345             	4.40812835e-02	8.44445765e-02	1.34558374e+00	7.16873151e-01	6.28710584e-01
346             	4.47995091e-02	8.48188098e-02	1.34695253e+00	7.18275772e-01	6.28676754e-01
347             	4.55018336e-02	8.51745572e-02	1.34831255e+00	7.19658106e-01	6.28654439e-01
348             	4.61863422e-02	8.55099966e-02	1.34965808e+00	7.21015384e-01	6.28642700e-01
349             	4.68607091e-02	8.58310586e-02	1.35099972e+00	7.22360571e-01	6.28639153e-01
350             	4.75399939e-02	8.61490372e-02	1.35236092e+00	7.23720452e-01	6.28640464e-01
351             	4.82381249e-02	8.64736789e-02	1.35376359e+00	7.25119919e-01	6.28643669e-01
352             	4.89646418e-02	8.68113011e-02	1.35522320e+00	7.26576244e-01	6.28646961e-01
353             	4.97260227e-02	8.71663889e-02	1.35675150e+00	7.28101774e-01	6.28649729e-01
354             	5.05255358e-02	8.75415736e-02	1.35835529e+00	7.29703179e-01	6.28652107e-01
355             	5.13606658e-02	8.79356971e-02	1.36003186e+00	7.31376598e-01	6.28655267e-01
356             	5.22255054e-02	8.83461229e-02	1.36177416e+00	7.33112585e-01	6.28661574e-01
357             	5.31162423e-02	8.87723343e-02	1.36357854e+00	7.34905513e-01	6.28673029e-01
358             	5.40331373e-02	8.92167094e-02	1.36544714e+00	7.36756709e-01	6.28690434e-01
359             	5.49786754e-02	8.96822510e-02	1.36738427e+00	7.38670809e-01	6.28713458e-01
360             	5.59560335e-02	9.01715580e-02	1.36939397e+00	7.40653017e-01	6.28740951e-01
361             	5.69706300e-02	9.06886398e-02	1.37148377e+00	7.42712514e-01	6.28771254e-01
362             	5.80277274e-02	9.12370684e-02	1.37366065e+00	7.44858050e-01	6.28802595e-01
363             	5.91294940e-02	9.18181279e-02	1.37592631e+00	7.47092648e-01	6.28833660e-01
364             	6.02739119e-02	9.24302086e-02	1.37827553e+00	7.49411677e-01	6.28863853e-01
365             	6.14592337e-02	9.30718642e-02	1.38070353e+00	7.51811000e-01	6.28892533e-01
366             	6.26830721e-02	9.37411812e-02	1.38320428e+00	7.54285212e-01	6.28919067e-01
367             	6.39438996e-02	9.44369260e-02	1.38577342e+00	7.56830612e-01	6.28942813e-01
368             	6.52433387e-02	9.51608803e-02	1.38841312e+00	7.59449898e-01	6.28963220e-01
369             	6.65824730e-02	9.59148504e-02	1.39112522e+00	7.62145084e-01	6.28980138e-01
370             	6.79616704e-02	9.67006217e-02	1.39391106e+00	7.64917201e-01	6.28993860e-01
371             	6.93782811e-02	9.75181414e-02	1.39676720e+00	7.67761883e-01	6.29005321e-01
372             	7.08277771e-02	9.83656476e-02	1.39968680e+00	7.70671176e-01	6.29015622e-01
373             	7.23049575e-02	9.92405932e-02	1.40266122e+00	7.73635567e-01	6.29025651e-01
374             	7.38050825e-02	1.00140446e-01	1.40568255e+00	7.76646356e-01	6.29036191e-01
375             	7.53241423e-02	1.01063142e-01	1.40874384e+00	7.79696062e-01	6.29047778e-01
376             	7.68583065e-02	1.02006425e-01	1.41183833e+00	7.82777474e-01	6.29060861e-01
377             	7.84014053e-02	1.02965914e-01	1.41495473e+00	7.85878772e-01	6.29075962e-01
378             	7.99456232e-02	1.03935420e-01	1.41807857e+00	7.88984910e-01	6.29093664e-01
379             	8.14839087e-02	1.04909289e-01	1.42119638e+00	7.92082100e-01	6.29114283e-01
380             	8.30108387e-02	1.05882947e-01	1.42429828e+00	7.95159980e-01	6.29138302e-01
381             	8.45223719e-02	1.06852549e-01	1.42737731e+00	7.98211027e-01	6.29166283e-01
382             	8.60147829e-02	1.07814766e-01	1.43042747e+00	8.01228520e-01	6.29198954e-01
383             	8.74853512e-02	1.08767242e-01	1.43344484e+00	8.04207771e-01	6.29237068e-01
384             	8.89314362e-02	1.09707717e-01	1.43642599e+00	8.07144431e-01	6.29281558e-01
385             	9.03507920e-02	1.10634277e-01	1.43936833e+00	8.10034955e-01	6.29333371e-01
386             	9.17430373e-02	1.11546497e-01	1.44227248e+00	8.12879279e-01	6.29393204e-01
387             	9.31084348e-02	1.12444472e-01	1.44514015e+00	8.15678508e-01	6.29461638e-01
388             	9.44486280e-02	1.13329241e-01	1.44797554e+00	8.18436398e-01	6.29539142e-01
389             	9.57645310e-02	1.14201386e-01	1.45078141e+00	8.21155234e-01	6.29626172e-01
390             	9.70561383e-02	1.15060977e-01	1.45355848e+00	8.23835381e-01	6.29723104e-01
391             	9.83223499e-02	1.15907247e-01	1.45630530e+00	8.26475001e-01	6.29830301e-01
392             	9.95621183e-02	1.16739277e-01	1.45902015e+00	8.29072196e-01	6.29947959e-01
393             	1.00773852e-01	1.17555645e-01	1.46170003e+00	8.31623867e-01	6.30076162e-01
394             	1.01955002e-01	1.18353949e-01	1.46433962e+00	8.34124810e-01	6.30214806e-01
395             	1.03102625e-01	1.19131373e-01	1.46693263e+00	8.36568939e-01	6.30363689e-01
396             	1.04214770e-01	1.19885980e-01	1.46947439e+00	8.38951965e-01	6.30522426e-01
397             	1.05290689e-01	1.20616856e-01	1.47196231e+00	8.41271846e-01	6.30690467e-01
398             	1.06330487e-01	1.21323727e-01	1.47439579e+00	8.43528383e-01	6.30867409e-01
399             	1.07335124e-01	1.22007238e-01	1.47677596e+00	8.45723102e-01	6.31052855e-01
400             	1.08305651e-01	1.22668217e-01	1.47910446e+00	8.47857882e-01	6.31246579e-01
401             	1.09243128e-01	1.23307381e-01	1.48138324e+00	8.49934749e-01	6.31448492e-01
402             	1.10148475e-01	1.23925241e-01	1.48361394e+00	8.51955445e-01	6.31658495e-01
403             	1.11021551e-01	1.24521462e-01	1.48579600e+00	8.53919553e-01	6.31876450e-01
404             	1.11862415e-01	1.25095888e-01	1.48792924e+00	8.55827034e-01	6.32102203e-01
405             	1.12671431e-01	1.25648816e-01	1.49001428e+00	8.57678570e-01	6.32335707e-01
406             	1.13449305e-01	1.26180798e-01	1.49205229e+00	8.59475448e-01	6.32576838e-01
407             	1.14196488e-01	1.26692100e-01	1.49404352e+00	8.61218250e-01	6.32825274e-01
408             	1.14912793e-01	1.27182424e-01	1.49598726e+00	8.62906425e-01	6.33080840e-01
409             	1.15597638e-01	1.27651244e-01	1.49788192e+00	8.64538597e-01	6.33343320e-01
410             	1.16250206e-01	1.28097937e-01	1.49972551e+00	8.66112962e-01	6.33612551e-01
411             	1.16870035e-01	1.28522083e-01	1.50151671e+00	8.67628388e-01	6.33888318e-01
412             	1.17456949e-01	1.28923422e-01	1.50325463e+00	8.69084265e-01	6.34170367e-01
413             	1.18051905e-01	1.29329091e-01	1.50505603e+00	8.70579919e-01	6.34476109e-01
414             	1.18580973e-01	1.29689631e-01	1.50671214e+00	8.71937043e-01	6.34775098e-01
415             	1.19063139e-01	1.30016982e-01	1.50827373e+00	8.73200001e-01	6.35073724e-01
416             	1.19500155e-01	1.30311811e-01	1.50974412e+00	8.74372213e-01	6.35371903e-01
417             	1.19928018e-01	1.30597739e-01	1.51123607e+00	8.75546054e-01	6.35690019e-01
418             	1.20329150e-01	1.30863571e-01	1.51269855e+00	8.76678425e-01	6.36020126e-01
419             	1.20462651e-01	1.30893602e-01	1.51373121e+00	8.77328254e-01	6.36402953e-01
420             	1.20605979e-01	1.30943832e-01	1.51471345e+00	8.77962703e-01	6.36750746e-01
421             	1.20754661e-01	1.31013918e-01	1.51559740e+00	8.78553362e-01	6.37044041e-01
422             	1.20975162e-01	1.31145620e-01	1.51666883e+00	8.79309577e-01	6.37359253e-01
423             	1.20951808e-01	1.31068912e-01	1.51719584e+00	8.79549727e-01	6.37646111e-01
424             	1.21033292e-01	1.31079539e-01	1.51798926e+00	8.80027920e-01	6.37961336e-01
425             	1.21180746e-01	1.31156553e-01	1.51886739e+00	8.80614443e-01	6.38252951e-01
426             	1.21422309e-01	1.31316692e-01	1.52002219e+00	8.81433405e-01	6.38588787e-01
427             	1.21416312e-01	1.31263446e-01	1.52065095e+00	8.81741789e-01	6.38909164e-01
428             	1.21504938e-01	1.31293376e-01	1.52162297e+00	8.82316422e-01	6.39306546e-01
429             	1.21635228e-01	1.31372993e-01	1.52267194e+00	8.82971198e-01	6.39700742e-01
430             	1.21768461e-01	1.31468402e-01	1.52370502e+00	8.83620969e-01	6.40084047e-01
431             	1.21855159e-01	1.31533358e-01	1.52457733e+00	8.84143824e-01	6.40433507e-01
432             	1.21875696e-01	1.31544325e-01	1.52524748e+00	8.84499437e-01	6.40748044e-01
433             	1.21853028e-01	1.31519455e-01	1.52592184e+00	8.84813946e-01	6.41107890e-01
434             	1.21756434e-01	1.31431647e-01	1.52639499e+00	8.84953927e-01	6.41441060e-01
435             	1.21596550e-01	1.31287816e-01	1.52684399e+00	8.85018547e-01	6.41825447e-01
436             	1.21379448e-01	1.31093655e-01	1.52711124e+00	8.84935069e-01	6.42176172e-01
437             	1.21100024e-01	1.30844222e-01	1.52732619e+00	8.84763118e-01	6.42563070e-01
438             	1.20794241e-01	1.30573802e-01	1.52741028e+00	8.84499382e-01	6.42910899e-01
439             	1.20425048e-01	1.30245148e-01	1.52746826e+00	8.84159176e-01	6.43309079e-01
440             	1.20041195e-01	1.29905950e-01	1.52745255e+00	8.83767470e-01	6.43685080e-01
441             	1.19665338e-01	1.29576845e-01	1.52737128e+00	8.83350980e-01	6.44020304e-01
442             	1.19306594e-01	1.29262981e-01	1.52724263e+00	8.82927907e-01	6.44314720e-01
443             	1.18895552e-01	1.28901534e-01	1.52711654e+00	8.82453823e-01	6.44662719e-01
444             	1.18498462e-01	1.28555876e-01	1.52697530e+00	8.81986113e-01	6.44989189e-01
445             	1.18101035e-01	1.28212261e-01	1.52682274e+00	8.81512408e-01	6.45310337e-01
446             	1.17718201e-01	1.27882612e-01	1.52665180e+00	8.81044102e-01	6.45607701e-01
447             	1.17267704e-01	1.27494985e-01	1.52646347e+00	8.80499440e-01	6.45964033e-01
448             	1.16820079e-01	1.27113422e-01	1.52624534e+00	8.79942749e-01	6.46302591e-01
449             	1.16362017e-01	1.26724292e-01	1.52598585e+00	8.79354944e-01	6.46630909e-01
450             	1.15912489e-01	1.26341667e-01	1.52568661e+00	8.78755793e-01	6.46930815e-01
451             	1.15359262e-01	1.25867790e-01	1.52529287e+00	8.78005697e-01	6.47287173e-01
452             	1.14794712e-01	1.25384322e-01	1.52484527e+00	8.77217348e-01	6.47627924e-01
453             	1.14246595e-01	1.24915378e-01	1.52436606e+00	8.76429624e-01	6.47936434e-01
454             	1.13664782e-01	1.24465448e-01	1.52378258e+00	8.75556071e-01	6.48226506e-01
455             	1.13075545e-01	1.24028028e-01	1.52312799e+00	8.74639541e-01	6.48488451e-01
456             	1.12379322e-01	1.23455250e-01	1.52236705e+00	8.73562847e-01	6.48804204e-01
457             	1.11696306e-01	1.22850783e-01	1.52163658e+00	8.72514598e-01	6.49121986e-01
458             	1.10958613e-01	1.22229857e-01	1.52078458e+00	8.71350901e-01	6.49433675e-01
459             	1.10163449e-01	1.21578226e-01	1.51980076e+00	8.70063827e-01	6.49736929e-01
460             	1.09323770e-01	1.20897542e-01	1.51870825e+00	8.68677895e-01	6.50030355e-01
461             	1.08479675e-01	1.20211573e-01	1.51756980e+00	8.67264575e-01	6.50305224e-01
462             	1.07664884e-01	1.19541063e-01	1.51644344e+00	8.65886603e-01	6.50556836e-01
463             	1.06671685e-01	1.18711043e-01	1.51503344e+00	8.64188407e-01	6.50845038e-01
464             	1.05713660e-01	1.17904186e-01	1.51365842e+00	8.62542870e-01	6.51115551e-01
465             	1.04770057e-01	1.17104219e-01	1.51228753e+00	8.60913822e-01	6.51373708e-01
466             	1.03948194e-01	1.16406742e-01	1.51109231e+00	8.59494350e-01	6.51597961e-01
467             	1.03100776e-01	1.15686843e-01	1.50984821e+00	8.58024880e-01	6.51823328e-01
468             	1.02205306e-01	1.14927460e-01	1.50851870e+00	8.56464655e-01	6.52054044e-01
469             	1.01252176e-01	1.14121972e-01	1.50708402e+00	8.54794185e-01	6.52289834e-01
470             	1.00242508e-01	1.13272081e-01	1.50553951e+00	8.53012263e-01	6.52527246e-01
471             	9.91853879e-02	1.12385251e-01	1.50389347e+00	8.51132125e-01	6.52761349e-01
472             	9.80953244e-02	1.11472557e-01	1.50216468e+00	8.49177663e-01	6.52987014e-01
473             	9.69868818e-02	1.10544773e-01	1.50037545e+00	8.47174607e-01	6.53200843e-01
474             	9.58734727e-02	1.09611700e-01	1.49854952e+00	8.45148232e-01	6.53401287e-01
475             	9.48285704e-02	1.08732758e-01	1.49681678e+00	8.43236962e-01	6.53579821e-01
476             	9.36663151e-02	1.07753365e-01	1.49486306e+00	8.41097845e-01	6.53765214e-01
477             	9.26125919e-02	1.06861822e-01	1.49308504e+00	8.39155111e-01	6.53929927e-01
478             	9.13798397e-02	1.05812352e-01	1.49096064e+00	8.36860159e-01	6.54100480e-01
479             	9.02188985e-02	1.04824117e-01	1.48895074e+00	8.34694270e-01	6.54256473e-01
480             	8.91679726e-02	1.03932902e-01	1.48713365e+00	8.32734797e-01	6.54398852e-01
481             	8.81971978e-02	1.03112157e-01	1.48546075e+00	8.30927573e-01	6.54533178e-01
482             	8.72003865e-02	1.02272295e-01	1.48373842e+00	8.29069595e-01	6.54668822e-01
483             	8.61650726e-02	1.01403429e-01	1.48194293e+00	8.27136540e-01	6.54806394e-01
484             	8.50898695e-02	1.00504619e-01	1.48006852e+00	8.25124129e-01	6.54944390e-01
485             	8.38412215e-02	9.94050188e-02	1.47771150e+00	8.22696972e-01	6.55014529e-01
486             	8.23827799e-02	9.80885707e-02	1.47485673e+00	8.19811142e-01	6.55045583e-01
487             	8.10229581e-02	9.69058206e-02	1.47232145e+00	8.17183683e-01	6.55137767e-01
488             	7.96598248e-02	9.57068679e-02	1.46972667e+00	8.14523158e-01	6.55203508e-01
489             	7.85058711e-02	9.46910588e-02	1.46753340e+00	8.12272573e-01	6.55260831e-01
490             	7.73748646e-02	9.36999140e-02	1.46538885e+00	8.10069289e-01	6.55319560e-01
491             	7.61805651e-02	9.26636449e-02	1.46312510e+00	8.07743113e-01	6.55381983e-01
492             	7.50612757e-02	9.17061006e-02	1.46102367e+00	8.05573112e-01	6.55450561e-01
493             	7.38238143e-02	9.06593775e-02	1.45866245e+00	8.03155040e-01	6.55507412e-01
494             	7.27169614e-02	8.97365457e-02	1.45655131e+00	8.00992616e-01	6.55558693e-01
495             	7.18433313e-02	8.90162469e-02	1.45490921e+00	7.99297935e-01	6.55611273e-01
496             	7.13208906e-02	8.85342525e-02	1.45391599e+00	7.98278888e-01	6.55637107e-01
497             	7.06555658e-02	8.79532782e-02	1.45266957e+00	7.96990350e-01	6.55679218e-01
498             	7.01795401e-02	8.74963889e-02	1.45178092e+00	7.96070001e-01	6.55710921e-01
499             	6.94269444e-02	8.68446754e-02	1.45039490e+00	7.94624396e-01	6.55770507e-01
500             	6.87809449e-02	8.62601098e-02	1.44919656e+00	7.93379224e-01	6.55817335e-01
501             	6.81740464e-02	8.56981712e-02	1.44806176e+00	7.92204927e-01	6.55856835e-01
502             	6.75573376e-02	8.51295363e-02	1.44689875e+00	7.91006711e-01	6.55892036e-01
503             	6.68955180e-02	8.45325469e-02	1.44564312e+00	7.89717078e-01	6.55926042e-01
504             	6.61221828e-02	8.38549958e-02	1.44415442e+00	7.88199395e-01	6.55955029e-01
505             	6.53848391e-02	8.32222786e-02	1.44273167e+00	7.86750673e-01	6.55980995e-01
506             	6.43846439e-02	8.23802644e-02	1.44073273e+00	7.84751009e-01	6.55981721e-01
507             	6.34031790e-02	8.15621438e-02	1.43874341e+00	7.82774885e-01	6.55968527e-01
508             	6.24688598e-02	8.07867620e-02	1.43682446e+00	7.80881092e-01	6.55943372e-01
509             	6.15929150e-02	8.00575576e-02	1.43500112e+00	7.79093474e-01	6.55907644e-01
510             	6.07799352e-02	7.93762064e-02	1.43329267e+00	7.77426270e-01	6.55866400e-01
511             	6.00278453e-02	7.87383550e-02	1.43170019e+00	7.75877942e-01	6.55822251e-01
512             	5.93298520e-02	7.81392888e-02	1.43021942e+00	7.74439562e-01	6.55779858e-01
513             	5.87142791e-02	7.76034075e-02	1.42892412e+00	7.73176341e-01	6.55747783e-01
514             	5.81134696e-02	7.70767715e-02	1.42766666e+00	7.71946800e-01	6.55719861e-01
515             	5.75348033e-02	7.65677012e-02	1.42646558e+00	7.70767593e-01	6.55697987e-01
516             	5.69693371e-02	7.60695744e-02	1.42529760e+00	7.69618137e-01	6.55679462e-01
517             	5.64086583e-02	7.56123313e-02	1.42427416e+00	7.68545739e-01	6.55728422e-01
518             	5.58442635e-02	7.51431908e-02	1.42316605e+00	7.67427289e-01	6.55738762e-01
519             	5.52680068e-02	7.46537656e-02	1.42195744e+00	7.66246725e-01	6.55710711e-01
520             	5.46744041e-02	7.41394587e-02	1.42065131e+00	7.65000060e-01	6.55651252e-01
521             	5.40626335e-02	7.35999632e-02	1.41926420e+00	7.63694731e-01	6.55569464e-01
522             	5.34463017e-02	7.30791256e-02	1.41796920e+00	7.62430900e-01	6.55538297e-01
523             	5.28499111e-02	7.25603300e-02	1.41664341e+00	7.61171616e-01	6.55471794e-01
524             	5.22749416e-02	7.20461696e-02	1.41530796e+00	7.59928923e-01	6.55379040e-01
525             	5.17226806e-02	7.15695371e-02	1.41410934e+00	7.58777350e-01	6.55331989e-01
526             	5.12113690e-02	7.11426592e-02	1.41304818e+00	7.57735460e-01	6.55312722e-01
527             	5.07359836e-02	7.07268012e-02	1.41195124e+00	7.56711606e-01	6.55239639e-01
528             	5.02860458e-02	7.03425419e-02	1.41094597e+00	7.55759029e-01	6.55186938e-01
529             	4.98560066e-02	6.99546476e-02	1.40988739e+00	7.54799701e-01	6.55087688e-01
530             	4.94276255e-02	6.95754986e-02	1.40888293e+00	7.53869088e-01	6.55013837e-01
531             	4.90112805e-02	6.92119694e-02	1.40793988e+00	7.52981220e-01	6.54958659e-01
532             	4.86052405e-02	6.88350829e-02	1.40692546e+00	7.52067969e-01	6.54857488e-01
533             	4.82022435e-02	6.84641982e-02	1.40596067e+00	7.51182581e-01	6.54778094e-01
534             	4.78156204e-02	6.81098027e-02	1.40505797e+00	7.50344607e-01	6.54713366e-01
535             	4.74674275e-02	6.77680480e-02	1.40415812e+00	7.49546485e-01	6.54611630e-01
536             	4.70793011e-02	6.73917307e-02	1.40317741e+00	7.48668005e-01	6.54509403e-01
537             	4.67218464e-02	6.70457511e-02	1.40228626e+00	7.47864974e-01	6.54421282e-01
538             	4.64060526e-02	6.67395585e-02	1.40149343e+00	7.47152767e-01	6.54340662e-01
539             	4.61131041e-02	6.64355907e-02	1.40065266e+00	7.46439434e-01	6.54213226e-01
540             	4.58404579e-02	6.61528941e-02	1.39988216e+00	7.45781538e-01	6.54100622e-01
541             	4.55892673e-02	6.58924743e-02	1.39917855e+00	7.45178543e-01	6.54000009e-01
542             	4.53612165e-02	6.56550667e-02	1.39853519e+00	7.44628810e-01	6.53906377e-01
543             	4.51560463e-02	6.54394744e-02	1.39794046e+00	7.44126278e-01	6.53814186e-01
544             	4.49708386e-02	6.52421374e-02	1.39737946e+00	7.43660571e-01	6.53718894e-01
545             	4.48006869e-02	6.50577715e-02	1.39683686e+00	7.43219115e-01	6.53617741e-01
546             	4.46379968e-02	6.48791070e-02	1.39629612e+00	7.42786055e-01	6.53510061e-01
547             	4.44738044e-02	6.46981616e-02	1.39574119e+00	7.42344402e-01	6.53396793e-01
548             	4.43019102e-02	6.45090134e-02	1.39516211e+00	7.41882963e-01	6.53279142e-01
549             	4.41318170e-02	6.43202519e-02	1.39460451e+00	7.41434074e-01	6.53170440e-01
550             	4.39251726e-02	6.40929475e-02	1.39392007e+00	7.40885210e-01	6.53034864e-01
551             	4.37119967e-02	6.38575727e-02	1.39322176e+00	7.40322875e-01	6.52898882e-01
552             	4.34991306e-02	6.36204052e-02	1.39252707e+00	7.39762664e-01	6.52764403e-01
553             	4.32929273e-02	6.33867648e-02	1.39184833e+00	7.39217091e-01	6.52631236e-01
554             	4.30993508e-02	6.31613648e-02	1.39119557e+00	7.38697138e-01	6.52498437e-01
555             	4.29235737e-02	6.29484196e-02	1.39057705e+00	7.38212100e-01	6.52364953e-01
556             	4.27691639e-02	6.27511461e-02	1.38999807e+00	7.37768201e-01	6.52229874e-01
557             	4.26065158e-02	6.25349505e-02	1.38941590e+00	7.37314468e-01	6.52101436e-01
558             	4.24752598e-02	6.23482218e-02	1.38887722e+00	7.36913867e-01	6.51963348e-01
559             	4.23762086e-02	6.21921786e-02	1.38838408e+00	7.36568248e-01	6.51815831e-01
560             	4.23085545e-02	6.20658989e-02	1.38793867e+00	7.36277892e-01	6.51660783e-01
561             	4.22630254e-02	6.19488032e-02	1.38754109e+00	7.36033570e-01	6.51507519e-01
562             	4.22435639e-02	6.18475451e-02	1.38719405e+00	7.35840589e-01	6.51353461e-01
563             	4.22490925e-02	6.17779136e-02	1.38687962e+00	7.35688900e-01	6.51190715e-01
564             	4.22744823e-02	6.17347792e-02	1.38659502e+00	7.35571990e-01	6.51023025e-01
565             	4.23244031e-02	6.17070354e-02	1.38636826e+00	7.35508533e-01	6.50859727e-01
566             	4.23972250e-02	6.16948598e-02	1.38619476e+00	7.35494607e-01	6.50700157e-01
567             	4.24742311e-02	6.16980493e-02	1.38602606e+00	7.35487259e-01	6.50538797e-01
568             	4.25709896e-02	6.17137405e-02	1.38590704e+00	7.35524512e-01	6.50382532e-01
569             	4.26637471e-02	6.17366146e-02	1.38577982e+00	7.35553657e-01	6.50226163e-01
570             	4.27759472e-02	6.17696413e-02	1.38570312e+00	7.35627508e-01	6.50075614e-01
571             	4.29052000e-02	6.18119027e-02	1.38566836e+00	7.35739381e-01	6.49928981e-01
572             	4.30170754e-02	6.18501659e-02	1.38559426e+00	7.35814205e-01	6.49780054e-01
573             	4.31009501e-02	6.18760239e-02	1.38548865e+00	7.35845273e-01	6.49643373e-01
574             	4.32179122e-02	6.19155942e-02	1.38542095e+00	7.35928388e-01	6.49492563e-01
575             	4.33943248e-02	6.19825363e-02	1.38539515e+00	7.36091901e-01	6.49303251e-01
576             	4.35202931e-02	6.20311922e-02	1.38532900e+00	7.36184793e-01	6.49144207e-01
577             	4.36315239e-02	6.20742500e-02	1.38521983e+00	7.36241439e-01	6.48978391e-01
578             	4.37306855e-02	6.21154807e-02	1.38509084e+00	7.36276105e-01	6.48814734e-01
579             	4.38230195e-02	6.21565974e-02	1.38496020e+00	7.36303121e-01	6.48657082e-01
580             	4.39740426e-02	6.22337006e-02	1.38495823e+00	7.36453158e-01	6.48505073e-01
581             	4.41028551e-02	6.23043753e-02	1.38495324e+00	7.36579477e-01	6.48373767e-01
582             	4.42245110e-02	6.23751487e-02	1.38494533e+00	7.36697178e-01	6.48248156e-01
583             	4.43477897e-02	6.24499328e-02	1.38493260e+00	7.36814089e-01	6.48118510e-01
584             	4.44759945e-02	6.25296081e-02	1.38491368e+00	7.36932837e-01	6.47980848e-01
585             	4.46105130e-02	6.26139418e-02	1.38488761e+00	7.37054316e-01	6.47833290e-01
586             	4.47829506e-02	6.27196198e-02	1.38483906e+00	7.37202479e-01	6.47636578e-01
587             	4.49556556e-02	6.28243170e-02	1.38478809e+00	7.37349700e-01	6.47438389e-01
588             	4.51268419e-02	6.29278942e-02	1.38474331e+00	7.37498499e-01	6.47244815e-01
589             	4.52961317e-02	6.30320599e-02	1.38471349e+00	7.37652879e-01	6.47060616e-01
590             	4.54318077e-02	6.31199678e-02	1.38471199e+00	7.37787804e-01	6.46924188e-01
591             	4.56090243e-02	6.32393161e-02	1.38472522e+00	7.37971636e-01	6.46753588e-01
592             	4.57882353e-02	6.33658028e-02	1.38475955e+00	7.38168010e-01	6.46591539e-01
593             	4.59311764e-02	6.34729697e-02	1.38480334e+00	7.38332846e-01	6.46470493e-01
594             	4.61206189e-02	6.36182851e-02	1.38487074e+00	7.38555988e-01	6.46314750e-01
595             	4.63096903e-02	6.37670513e-02	1.38494447e+00	7.38781927e-01	6.46162546e-01
596             	4.64948434e-02	6.39153557e-02	1.38501757e+00	7.39003628e-01	6.46013941e-01
597             	4.66569524e-02	6.40460180e-02	1.38507334e+00	7.39193623e-01	6.45879718e-01
598             	4.68466233e-02	6.42001857e-02	1.38513504e+00	7.39414144e-01	6.45720897e-01
599             	4.70209030e-02	6.43429055e-02	1.38517998e+00	7.39610894e-01	6.45569088e-01
600             	4.71779205e-02	6.44726971e-02	1.38520648e+00	7.39781161e-01	6.45425320e-01
601             	4.73072512e-02	6.45803535e-02	1.38521010e+00	7.39912301e-01	6.45297799e-01
602             	4.74558577e-02	6.47054905e-02	1.38520696e+00	7.40059340e-01	6.45147624e-01
603             	4.75924763e-02	6.48221269e-02	1.38519191e+00	7.40188432e-01	6.45003479e-01
604             	4.77189236e-02	6.49320714e-02	1.38516886e+00	7.40303353e-01	6.44865506e-01
605             	4.78384680e-02	6.50382424e-02	1.38514022e+00	7.40408579e-01	6.44731643e-01
606             	4.79430102e-02	6.51329999e-02	1.38510410e+00	7.40495060e-01	6.44609040e-01
607             	4.80691648e-02	6.52493399e-02	1.38506480e+00	7.40601566e-01	6.44463236e-01
608             	4.81912208e-02	6.53642619e-02	1.38502124e+00	7.40701839e-01	6.44319398e-01
609             	4.83073375e-02	6.54762115e-02	1.38497365e+00	7.40794161e-01	6.44179486e-01
610             	4.84162608e-02	6.55843253e-02	1.38492102e+00	7.40876773e-01	6.44044251e-01
611             	4.85078293e-02	6.56783444e-02	1.38486058e+00	7.40938117e-01	6.43922459e-01
612             	4.86103157e-02	6.57876082e-02	1.38478730e+00	7.41003966e-01	6.43783335e-01
613             	4.87033619e-02	6.58913790e-02	1.38470190e+00	7.41054311e-01	6.43647587e-01
614             	4.87855400e-02	6.59882469e-02	1.38460342e+00	7.41087251e-01	6.43516171e-01
615             	4.88562055e-02	6.60775291e-02	1.38449112e+00	7.41101768e-01	6.43389357e-01
616             	4.89089629e-02	6.61507316e-02	1.38436954e+00	7.41093733e-01	6.43275807e-01
617             	4.89628000e-02	6.62319556e-02	1.38421913e+00	7.41072367e-01	6.43146767e-01
618             	4.90071584e-02	6.63067199e-02	1.38405251e+00	7.41033412e-01	6.43019095e-01
619             	4.90422789e-02	6.63747584e-02	1.38387101e+00	7.40977783e-01	6.42893225e-01
620             	4.90685293e-02	6.64361444e-02	1.38367560e+00	7.40906331e-01	6.42769272e-01
621             	4.90861795e-02	6.64910225e-02	1.38346727e+00	7.40819813e-01	6.42647454e-01
622             	4.90932408e-02	6.65341503e-02	1.38326029e+00	7.40723387e-01	6.42536906e-01
623             	4.90943240e-02	6.65759089e-02	1.38303096e+00	7.40609802e-01	6.42421154e-01
624             	4.90893211e-02	6.66154825e-02	1.38278223e+00	7.40480434e-01	6.42301792e-01
625             	4.90781861e-02	6.66522186e-02	1.38251391e+00	7.40335140e-01	6.42178768e-01
626             	4.90608723e-02	6.66855256e-02	1.38222786e+00	7.40174801e-01	6.42053057e-01
627             	4.90371917e-02	6.67147374e-02	1.38192653e+00	7.40000456e-01	6.41926072e-01
628             	4.90067207e-02	6.67390837e-02	1.38161196e+00	7.39812700e-01	6.41799258e-01
629             	4.89690390e-02	6.67579581e-02	1.38128584e+00	7.39611960e-01	6.41673882e-01
630             	4.89236355e-02	6.67709176e-02	1.38094900e+00	7.39398134e-01	6.41550863e-01
631             	4.88703308e-02	6.67779279e-02	1.38060186e+00	7.39171261e-01	6.41430599e-01
632             	4.88092224e-02	6.67792707e-02	1.38024438e+00	7.38931411e-01	6.41312966e-01
633             	4.87406177e-02	6.67754187e-02	1.37987607e+00	7.38678655e-01	6.41197420e-01
634             	4.86650619e-02	6.67669787e-02	1.37949656e+00	7.38413342e-01	6.41083218e-01
635             	4.85831543e-02	6.67545893e-02	1.37910524e+00	7.38135777e-01	6.40969468e-01
636             	4.84953819e-02	6.67387178e-02	1.37870160e+00	7.37846183e-01	6.40855419e-01
637             	4.84022080e-02	6.67196917e-02	1.37828539e+00	7.37544901e-01	6.40740485e-01
638             	4.83041807e-02	6.66977761e-02	1.37785712e+00	7.37232740e-01	6.40624378e-01
639             	4.82019441e-02	6.66731657e-02	1.37741824e+00	7.36911062e-01	6.40507174e-01
640             	4.80959982e-02	6.66459516e-02	1.37697017e+00	7.36581083e-01	6.40389087e-01
641             	4.79865905e-02	6.66160843e-02	1.37651390e+00	7.36243538e-01	6.40270357e-01
642             	4.78646105e-02	6.65802437e-02	1.37601344e+00	7.35871329e-01	6.40142108e-01
643             	4.77440542e-02	6.65426513e-02	1.37552580e+00	7.35506952e-01	6.40018843e-01
644             	4.76245412e-02	6.65036503e-02	1.37504947e+00	7.35149278e-01	6.39900196e-01
645             	4.75052294e-02	6.64634751e-02	1.37458061e+00	7.34795537e-01	6.39785078e-01
646             	4.73850880e-02	6.64222388e-02	1.37411418e+00	7.34442179e-01	6.39672003e-01
647             	4.72634087e-02	6.63801619e-02	1.37364573e+00	7.34086273e-01	6.39559455e-01
648             	4.71398955e-02	6.63375207e-02	1.37317219e+00	7.33725990e-01	6.39446199e-01
649             	4.70147161e-02	6.62945796e-02	1.37269258e+00	7.33361005e-01	6.39331573e-01
650             	4.68789678e-02	6.62460799e-02	1.37216995e+00	7.32963943e-01	6.39206007e-01
651             	4.67517992e-02	6.62016087e-02	1.37168068e+00	7.32592140e-01	6.39088541e-01
652             	4.66149594e-02	6.61528005e-02	1.37115264e+00	7.32191278e-01	6.38961359e-01
653             	4.64894870e-02	6.61085586e-02	1.37066737e+00	7.31823171e-01	6.38844197e-01
654             	4.63549376e-02	6.60593923e-02	1.37014359e+00	7.31426731e-01	6.38716856e-01
655             	4.62326493e-02	6.60156473e-02	1.36966689e+00	7.31066095e-01	6.38600796e-01
656             	4.61117296e-02	6.59723933e-02	1.36919297e+00	7.30708216e-01	6.38484757e-01
657             	4.59927820e-02	6.59300954e-02	1.36872337e+00	7.30354468e-01	6.38368904e-01
658             	4.58770530e-02	6.58897311e-02	1.36826245e+00	7.30008278e-01	6.38254172e-01
659             	4.57637863e-02	6.58514055e-02	1.36780673e+00	7.29667153e-01	6.38139581e-01
660             	4.56512300e-02	6.58143531e-02	1.36734859e+00	7.29325524e-01	6.38023064e-01
661             	4.55383679e-02	6.57779288e-02	1.36688338e+00	7.28980060e-01	6.37903324e-01
662             	4.54251529e-02	6.57418495e-02	1.36641050e+00	7.28630403e-01	6.37780097e-01
663             	4.53122034e-02	6.57060957e-02	1.36593219e+00	7.28278300e-01	6.37653893e-01
664             	4.52005494e-02	6.56708436e-02	1.36545249e+00	7.27926796e-01	6.37525698e-01
665             	4.50912061e-02	6.56363137e-02	1.36497567e+00	7.27579043e-01	6.37396631e-01
666             	4.49852190e-02	6.56029032e-02	1.36450588e+00	7.27238161e-01	6.37267723e-01
667             	4.48836494e-02	6.55712298e-02	1.36404676e+00	7.26907031e-01	6.37139732e-01
668             	4.47873831e-02	6.55419489e-02	1.36360094e+00	7.26587853e-01	6.37013087e-01
669             	4.46973235e-02	6.55158796e-02	1.36317044e+00	7.26282543e-01	6.36887896e-01
670             	4.46143104e-02	6.54938788e-02	1.36275665e+00	7.25992633e-01	6.36764012e-01
671             	4.45393503e-02	6.54769776e-02	1.36236099e+00	7.25719845e-01	6.36641144e-01
672             	4.44734755e-02	6.54662342e-02	1.36198489e+00	7.25465921e-01	6.36518970e-01
673             	4.44174384e-02	6.54625048e-02	1.36162931e+00	7.25232092e-01	6.36397215e-01
674             	4.43715243e-02	6.54662532e-02	1.36129450e+00	7.25018777e-01	6.36275728e-01
675             	4.43356321e-02	6.54775670e-02	1.36098021e+00	7.24825738e-01	6.36154474e-01
676             	4.43092432e-02	6.54961719e-02	1.36068550e+00	7.24651992e-01	6.36033505e-01
677             	4.42915204e-02	6.55214633e-02	1.36040896e+00	7.24496000e-01	6.35912959e-01
678             	4.42813741e-02	6.55525611e-02	1.36014865e+00	7.24355701e-01	6.35792953e-01
679             	4.42776241e-02	6.55884647e-02	1.35990244e+00	7.24228842e-01	6.35673594e-01
680             	4.42791436e-02	6.56281546e-02	1.35966812e+00	7.24113203e-01	6.35554916e-01
681             	4.42850133e-02	6.56707316e-02	1.35944384e+00	7.24006936e-01	6.35436909e-01
682             	4.42945252e-02	6.57154229e-02	1.35922795e+00	7.23908502e-01	6.35319452e-01
683             	4.43074775e-02	6.57618796e-02	1.35901991e+00	7.23817434e-01	6.35202479e-01
684             	4.43240268e-02	6.58100637e-02	1.35881985e+00	7.23733952e-01	6.35085899e-01
685             	4.43444947e-02	6.58601060e-02	1.35862812e+00	7.23658552e-01	6.34969563e-01
686             	4.43693249e-02	6.59123087e-02	1.35844542e+00	7.23592037e-01	6.34853387e-01
687             	4.43988891e-02	6.59669763e-02	1.35827247e+00	7.23535122e-01	6.34737344e-01
688             	4.44335173e-02	6.60244718e-02	1.35811000e+00	7.23488517e-01	6.34621483e-01
689             	4.44734583e-02	6.60851317e-02	1.35795867e+00	7.23452792e-01	6.34505875e-01
690             	4.45188025e-02	6.61492316e-02	1.35781903e+00	7.23428315e-01	6.34390710e-01
691             	4.45693780e-02	6.62168173e-02	1.35769107e+00	7.23414911e-01	6.34276155e-01
692             	4.46249720e-02	6.62878974e-02	1.35757483e+00	7.23412389e-01	6.34162445e-01
693             	4.46852069e-02	6.63623207e-02	1.35746999e+00	7.23420201e-01	6.34049787e-01
694             	4.47495299e-02	6.64397382e-02	1.35737563e+00	7.23437346e-01	6.33938286e-01
695             	4.48173361e-02	6.65197266e-02	1.35729071e+00	7.23462690e-01	6.33828018e-01
696             	4.48879136e-02	6.66017163e-02	1.35721370e+00	7.23494763e-01	6.33718936e-01
697             	4.49606053e-02	6.66851662e-02	1.35714314e+00	7.23532178e-01	6.33610967e-01
698             	4.50350307e-02	6.67697586e-02	1.35707819e+00	7.23574125e-01	6.33504063e-01
699             	4.51108421e-02	6.68551885e-02	1.35701798e+00	7.23619831e-01	6.33398147e-01
700             	4.51878334e-02	6.69412879e-02	1.35696194e+00	7.23668802e-01	6.33293135e-01
701             	4.52659303e-02	6.70280092e-02	1.35690983e+00	7.23720845e-01	6.33188984e-01
702             	4.53452534e-02	6.71154839e-02	1.35686174e+00	7.23776124e-01	6.33085618e-01
703             	4.54261104e-02	6.72040220e-02	1.35681817e+00	7.23835195e-01	6.32982974e-01
704             	4.55089159e-02	6.72940307e-02	1.35677986e+00	7.23898844e-01	6.32881012e-01
705             	4.55940385e-02	6.73859038e-02	1.35674756e+00	7.23967817e-01	6.32779740e-01
706             	4.56817445e-02	6.74799256e-02	1.35672193e+00	7.24042708e-01	6.32679219e-01
707             	4.57721160e-02	6.75762331e-02	1.35670329e+00	7.24123759e-01	6.32579527e-01
708             	4.58650148e-02	6.76747826e-02	1.35669158e+00	7.24210803e-01	6.32480773e-01
709             	4.59601361e-02	6.77753730e-02	1.35668642e+00	7.24303347e-01	6.32383075e-01
710             	4.60570131e-02	6.78776643e-02	1.35668715e+00	7.24400589e-01	6.32286563e-01
711             	4.61550432e-02	6.79811958e-02	1.35669283e+00	7.24501458e-01	6.32191372e-01
712             	4.62537448e-02	6.80855829e-02	1.35670276e+00	7.24605123e-01	6.32097633e-01
713             	4.63432371e-02	6.81823006e-02	1.35671419e+00	7.24700333e-01	6.32013859e-01
714             	4.64504417e-02	6.82961009e-02	1.35673246e+00	7.24816672e-01	6.31915789e-01
715             	4.65555761e-02	6.84075530e-02	1.35675367e+00	7.24932410e-01	6.31821258e-01
716             	4.66472842e-02	6.85066099e-02	1.35677279e+00	7.25033681e-01	6.31739113e-01
717             	4.67563334e-02	6.86221483e-02	1.35680530e+00	7.25158985e-01	6.31646318e-01
718             	4.68604087e-02	6.87329331e-02	1.35683977e+00	7.25280294e-01	6.31559477e-01
719             	4.69584486e-02	6.88384638e-02	1.35687471e+00	7.25395805e-01	6.31478908e-01
720             	4.70925071e-02	6.89634044e-02	1.35699729e+00	7.25591152e-01	6.31406138e-01
721             	4.72447173e-02	6.91106827e-02	1.35714356e+00	7.25816498e-01	6.31327063e-01
722             	4.73782721e-02	6.92478302e-02	1.35726093e+00	7.26008735e-01	6.31252191e-01
723             	4.75456205e-02	6.94073194e-02	1.35744683e+00	7.26269034e-01	6.31177793e-01
724             	4.76641913e-02	6.95318387e-02	1.35755411e+00	7.26441245e-01	6.31112862e-01
725             	4.78268412e-02	6.96931466e-02	1.35773127e+00	7.26692474e-01	6.31038792e-01
726             	4.79991200e-02	6.98612878e-02	1.35792937e+00	7.26963805e-01	6.30965565e-01
727             	4.81696295e-02	7.00285123e-02	1.35812887e+00	7.27234063e-01	6.30894804e-01
728             	4.82658007e-02	7.01408316e-02	1.35820025e+00	7.27365926e-01	6.30834324e-01
729             	4.83564472e-02	7.02498214e-02	1.35825727e+00	7.27485084e-01	6.30772189e-01
730             	4.84401054e-02	7.03545244e-02	1.35829761e+00	7.27588910e-01	6.30708699e-01
731             	4.85170757e-02	7.04554038e-02	1.35832286e+00	7.27678508e-01	6.30644357e-01
732             	4.85878478e-02	7.05527753e-02	1.35833556e+00	7.27755630e-01	6.30579935e-01
733             	4.86524797e-02	7.06464008e-02	1.35833772e+00	7.27821339e-01	6.30516379e-01
734             	4.87106253e-02	7.07356582e-02	1.35833049e+00	7.27875870e-01	6.30454620e-01
735             	4.87616315e-02	7.08197201e-02	1.35831395e+00	7.27918608e-01	6.30395345e-01
736             	4.88047397e-02	7.08977511e-02	1.35828724e+00	7.27948359e-01	6.30338880e-01
737             	4.88392773e-02	7.09690842e-02	1.35824890e+00	7.27963729e-01	6.30285175e-01
738             	4.88649099e-02	7.10334449e-02	1.35819750e+00	7.27963661e-01	6.30233841e-01
739             	4.88817234e-02	7.10909924e-02	1.35813197e+00	7.27947708e-01	6.30184261e-01
740             	4.88902276e-02	7.11422928e-02	1.35805197e+00	7.27916212e-01	6.30135757e-01
741             	4.88912404e-02	7.11881885e-02	1.35795791e+00	7.27870194e-01	6.30087714e-01
742             	4.88856741e-02	7.12295861e-02	1.35785071e+00	7.27811028e-01	6.30039680e-01
743             	4.88744350e-02	7.12673624e-02	1.35773176e+00	7.27740316e-01	6.29991446e-01
744             	4.88582811e-02	7.13021946e-02	1.35760269e+00	7.27659625e-01	6.29943063e-01
745             	4.88377788e-02	7.13345750e-02	1.35746512e+00	7.27570337e-01	6.29894780e-01
746             	4.88133085e-02	7.13647850e-02	1.35732055e+00	7.27473584e-01	6.29846967e-01
747             	4.87849088e-02	7.13927793e-02	1.35716988e+00	7.27369847e-01	6.29800029e-01
748             	4.87523388e-02	7.14182453e-02	1.35701334e+00	7.27259009e-01	6.29754331e-01
749             	4.87152091e-02	7.14407091e-02	1.35685064e+00	7.27140528e-01	6.29710109e-01
750             	4.86730318e-02	7.14596278e-02	1.35668094e+00	7.27013501e-01	6.29667438e-01
751             	4.86252537e-02	7.14744190e-02	1.35650299e+00	7.26876751e-01	6.29626244e-01
752             	4.85772530e-02	7.14933900e-02	1.35637820e+00	7.26766352e-01	6.29611846e-01
753             	4.85183755e-02	7.15017876e-02	1.35622041e+00	7.26628582e-01	6.29591831e-01
754             	4.84481211e-02	7.14991215e-02	1.35602460e+00	7.26460419e-01	6.29564177e-01
755             	4.83677362e-02	7.14862549e-02	1.35579194e+00	7.26263705e-01	6.29528233e-01
756             	4.82795559e-02	7.14652823e-02	1.35552867e+00	7.26043893e-01	6.29484781e-01
757             	4.81866628e-02	7.14393428e-02	1.35524497e+00	7.25809147e-01	6.29435821e-01
758             	4.81062138e-02	7.14270113e-02	1.35502970e+00	7.25621064e-01	6.29408637e-01
759             	4.80190806e-02	7.14080409e-02	1.35478819e+00	7.25413174e-01	6.29375013e-01
760             	4.79256905e-02	7.13833931e-02	1.35452225e+00	7.25186818e-01	6.29335437e-01
761             	4.78274453e-02	7.13547604e-02	1.35423741e+00	7.24946152e-01	6.29291262e-01
762             	4.77263769e-02	7.13243243e-02	1.35394147e+00	7.24697111e-01	6.29244358e-01
763             	4.76544041e-02	7.13162545e-02	1.35374977e+00	7.24529290e-01	6.29220482e-01
764             	4.75632766e-02	7.12988104e-02	1.35350934e+00	7.24317946e-01	6.29191393e-01
765             	4.74624581e-02	7.12734876e-02	1.35323941e+00	7.24082165e-01	6.29157249e-01
766             	4.73531075e-02	7.12410300e-02	1.35294340e+00	7.23824810e-01	6.29118594e-01
767             	4.72730306e-02	7.12297025e-02	1.35274368e+00	7.23644870e-01	6.29098809e-01
768             	4.71697215e-02	7.12035476e-02	1.35248472e+00	7.23412080e-01	6.29072637e-01
769             	4.70533144e-02	7.11651957e-02	1.35218553e+00	7.23146080e-01	6.29039451e-01
770             	4.69280048e-02	7.11183777e-02	1.35185735e+00	7.22856679e-01	6.29000669e-01
771             	4.68495443e-02	7.11037441e-02	1.35164679e+00	7.22672938e-01	6.28973850e-01
772             	4.67649986e-02	7.10786106e-02	1.35141668e+00	7.22473337e-01	6.28943340e-01
773             	4.66709847e-02	7.10444493e-02	1.35115949e+00	7.22250731e-01	6.28908762e-01
774             	4.65921683e-02	7.10277734e-02	1.35095664e+00	7.22070486e-01	6.28886150e-01
775             	4.64877496e-02	7.09947806e-02	1.35067255e+00	7.21824027e-01	6.28848528e-01
776             	4.63524505e-02	7.09409977e-02	1.35031371e+00	7.21509303e-01	6.28804402e-01
777             	4.62472411e-02	7.09153152e-02	1.35003422e+00	7.21264350e-01	6.28769867e-01
778             	4.61288698e-02	7.08744807e-02	1.34973002e+00	7.20993878e-01	6.28736139e-01
779             	4.59658440e-02	7.08066627e-02	1.34932401e+00	7.20627850e-01	6.28696162e-01
780             	4.58934286e-02	7.07965603e-02	1.34913130e+00	7.20459079e-01	6.28672221e-01
781             	4.58078299e-02	7.07742937e-02	1.34891169e+00	7.20263673e-01	6.28648013e-01
782             	4.57582809e-02	7.07837446e-02	1.34877581e+00	7.20146185e-01	6.28629623e-01
783             	4.56738805e-02	7.07669410e-02	1.34856183e+00	7.19954793e-01	6.28607032e-01
784             	4.55804621e-02	7.07329485e-02	1.34832020e+00	7.19740562e-01	6.28579638e-01
785             	4.55404514e-02	7.07384277e-02	1.34819586e+00	7.19638380e-01	6.28557477e-01
786             	4.54737583e-02	7.07254899e-02	1.34798363e+00	7.19465574e-01	6.28518058e-01
787             	4.53735080e-02	7.06815077e-02	1.34769344e+00	7.19220227e-01	6.28473211e-01
788             	4.53192621e-02	7.06761956e-02	1.34754557e+00	7.19092045e-01	6.28453520e-01
789             	4.53056965e-02	7.07037199e-02	1.34749232e+00	7.19051858e-01	6.28440465e-01
790             	4.52478762e-02	7.06963252e-02	1.34733988e+00	7.18917819e-01	6.28422066e-01
791             	4.51616941e-02	7.06599896e-02	1.34711665e+00	7.18720018e-01	6.28396630e-01
792             	4.51259398e-02	7.06648423e-02	1.34700168e+00	7.18626778e-01	6.28374898e-01
793             	4.50597738e-02	7.06476123e-02	1.34678854e+00	7.18454043e-01	6.28334495e-01
794             	4.49490634e-02	7.05926652e-02	1.34646895e+00	7.18183537e-01	6.28285411e-01
795             	4.49036302e-02	7.05889973e-02	1.34633525e+00	7.18071254e-01	6.28263993e-01
796             	4.48919874e-02	7.06155626e-02	1.34630034e+00	7.18042159e-01	6.28258184e-01
797             	4.49114664e-02	7.06662391e-02	1.34632561e+00	7.18074270e-01	6.28251337e-01
798             	4.49001281e-02	7.06914389e-02	1.34625305e+00	7.18026653e-01	6.28226397e-01
799             	4.48403714e-02	7.06673113e-02	1.34605879e+00	7.17869766e-01	6.28189024e-01
800             	4.48078182e-02	7.06677635e-02	1.34595191e+00	7.17783773e-01	6.28168136e-01
801             	4.48122791e-02	7.06990762e-02	1.34592537e+00	7.17774962e-01	6.28150404e-01
802             	4.48286976e-02	7.07394722e-02	1.34594429e+00	7.17800841e-01	6.28143446e-01
803             	4.47970155e-02	7.07291575e-02	1.34583431e+00	7.17714171e-01	6.28120140e-01
804             	4.47978278e-02	7.07495074e-02	1.34579141e+00	7.17693533e-01	6.28097877e-01
805             	4.48180037e-02	7.07885018e-02	1.34578801e+00	7.17712009e-01	6.28076002e-01
806             	4.47905530e-02	7.07761230e-02	1.34566344e+00	7.17622272e-01	6.28041166e-01
807             	4.47822190e-02	7.07820023e-02	1.34560237e+00	7.17583404e-01	6.28018966e-01
808             	4.47985650e-02	7.08133510e-02	1.34559787e+00	7.17597502e-01	6.28000372e-01
809             	4.48303526e-02	7.08641136e-02	1.34562070e+00	7.17640705e-01	6.27980000e-01
810             	4.48653200e-02	7.09154419e-02	1.34567013e+00	7.17700384e-01	6.27969744e-01
811             	4.49015553e-02	7.09648652e-02	1.34573667e+00	7.17769891e-01	6.27966780e-01
812             	4.49406623e-02	7.10165316e-02	1.34580301e+00	7.17842170e-01	6.27960845e-01
813             	4.49843487e-02	7.10738501e-02	1.34586762e+00	7.17918157e-01	6.27949460e-01
814             	4.50206972e-02	7.11182116e-02	1.34592499e+00	7.17983191e-01	6.27941796e-01
815             	4.50534026e-02	7.11578242e-02	1.34596490e+00	7.18035852e-01	6.27929046e-01
816             	4.50792439e-02	7.11863587e-02	1.34599857e+00	7.18078527e-01	6.27920039e-01
817             	4.51083662e-02	7.12182713e-02	1.34602250e+00	7.18119615e-01	6.27902883e-01
818             	4.51353558e-02	7.12483483e-02	1.34603449e+00	7.18152599e-01	6.27881888e-01
819             	4.51614602e-02	7.12731058e-02	1.34605339e+00	7.18188155e-01	6.27865235e-01
820             	4.51877580e-02	7.13008451e-02	1.34607273e+00	7.18224125e-01	6.27848609e-01
821             	4.52190666e-02	7.13345213e-02	1.34609164e+00	7.18264888e-01	6.27826755e-01
822             	4.52550168e-02	7.13684475e-02	1.34613285e+00	7.18321443e-01	6.27811409e-01
823             	4.52913614e-02	7.14058830e-02	1.34617911e+00	7.18380914e-01	6.27798191e-01
824             	4.53373058e-02	7.14537703e-02	1.34624046e+00	7.18457536e-01	6.27782924e-01
825             	4.53844418e-02	7.15035383e-02	1.34630788e+00	7.18538384e-01	6.27769500e-01
826             	4.54391839e-02	7.15547763e-02	1.34640661e+00	7.18642491e-01	6.27764123e-01
827             	4.54950759e-02	7.16084971e-02	1.34651005e+00	7.18750100e-01	6.27759948e-01
828             	4.55455847e-02	7.16589560e-02	1.34660533e+00	7.18848250e-01	6.27757081e-01
829             	4.55991858e-02	7.17125607e-02	1.34670586e+00	7.18952115e-01	6.27753743e-01
830             	4.56525143e-02	7.17662411e-02	1.34680613e+00	7.19055579e-01	6.27750550e-01
831             	4.57148504e-02	7.18224274e-02	1.34693356e+00	7.19181628e-01	6.27751927e-01
832             	4.57699133e-02	7.18737769e-02	1.34704516e+00	7.19292491e-01	6.27752664e-01
833             	4.58308064e-02	7.19301182e-02	1.34716649e+00	7.19414049e-01	6.27752436e-01
834             	4.58831881e-02	7.19800480e-02	1.34726949e+00	7.19517933e-01	6.27751556e-01
835             	4.59391445e-02	7.20330641e-02	1.34737870e+00	7.19628497e-01	6.27750208e-01
836             	4.59859634e-02	7.20784895e-02	1.34747000e+00	7.19720962e-01	6.27749036e-01
837             	4.60293002e-02	7.21209690e-02	1.34755534e+00	7.19806969e-01	6.27748369e-01
838             	4.60703333e-02	7.21615002e-02	1.34763743e+00	7.19889049e-01	6.27748382e-01
839             	4.61116306e-02	7.22023120e-02	1.34772172e+00	7.19972493e-01	6.27749231e-01
840             	4.61185825e-02	7.22055347e-02	1.34769023e+00	7.19963700e-01	6.27726535e-01
841             	4.61408826e-02	7.22239562e-02	1.34770585e+00	7.19993809e-01	6.27712044e-01
842             	4.61863639e-02	7.22625203e-02	1.34778283e+00	7.20077780e-01	6.27705052e-01
843             	4.62481893e-02	7.23176341e-02	1.34791490e+00	7.20205640e-01	6.27709261e-01
844             	4.62826688e-02	7.23427676e-02	1.34795685e+00	7.20261093e-01	6.27695755e-01
845             	4.62992855e-02	7.23460808e-02	1.34793325e+00	7.20265912e-01	6.27667341e-01
846             	4.63472616e-02	7.23839941e-02	1.34802044e+00	7.20357480e-01	6.27662957e-01
847             	4.63753482e-02	7.24038403e-02	1.34805316e+00	7.20401927e-01	6.27651231e-01
848             	4.64316415e-02	7.24575520e-02	1.34818831e+00	7.20525797e-01	6.27662514e-01
849             	4.64722735e-02	7.24977706e-02	1.34827678e+00	7.20610663e-01	6.27666116e-01
850             	4.65027766e-02	7.25299066e-02	1.34833403e+00	7.20669790e-01	6.27664237e-01
851             	4.65278846e-02	7.25582448e-02	1.34837443e+00	7.20715101e-01	6.27659332e-01
852             	4.65866509e-02	7.26238280e-02	1.34852885e+00	7.20851074e-01	6.27677772e-01
853             	4.66739343e-02	7.27202620e-02	1.34877711e+00	7.21062491e-01	6.27714622e-01
854             	4.67502168e-02	7.28042252e-02	1.34898432e+00	7.21242379e-01	6.27741946e-01
855             	4.68116790e-02	7.28713992e-02	1.34914190e+00	7.21382629e-01	6.27759271e-01
856             	4.68640827e-02	7.29256860e-02	1.34926651e+00	7.21497339e-01	6.27769173e-01
857             	4.69343381e-02	7.29994746e-02	1.34946815e+00	7.21668411e-01	6.27799734e-01
858             	4.69827058e-02	7.30494249e-02	1.34960620e+00	7.21785805e-01	6.27820394e-01
859             	4.70463256e-02	7.31166837e-02	1.34980786e+00	7.21950255e-01	6.27857604e-01
860             	4.70865606e-02	7.31597172e-02	1.34993837e+00	7.22055746e-01	6.27882625e-01
861             	4.71060360e-02	7.31820114e-02	1.35000677e+00	7.22109419e-01	6.27897347e-01
862             	4.71426760e-02	7.32248706e-02	1.35014216e+00	7.22213754e-01	6.27928402e-01
863             	4.71943082e-02	7.32854892e-02	1.35033247e+00	7.22360545e-01	6.27971929e-01
864             	4.72572694e-02	7.33595191e-02	1.35056273e+00	7.22538633e-01	6.28024094e-01
865             	4.72935727e-02	7.34053867e-02	1.35070195e+00	7.22644546e-01	6.28057401e-01
866             	4.73362287e-02	7.34594381e-02	1.35086759e+00	7.22770023e-01	6.28097566e-01
867             	4.73894723e-02	7.35244036e-02	1.35107406e+00	7.22926504e-01	6.28147559e-01
868             	4.74454885e-02	7.35923331e-02	1.35129739e+00	7.23094185e-01	6.28203208e-01
869             	4.75049495e-02	7.36641371e-02	1.35154561e+00	7.23277754e-01	6.28267855e-01
870             	4.75371119e-02	7.37074706e-02	1.35169928e+00	7.23386750e-01	6.28312526e-01
871             	4.75578886e-02	7.37397228e-02	1.35181988e+00	7.23467828e-01	6.28352051e-01
872             	4.75685905e-02	7.37626278e-02	1.35191156e+00	7.23524372e-01	6.28387191e-01
873             	4.75711552e-02	7.37783660e-02	1.35198054e+00	7.23561427e-01	6.28419116e-01
874             	4.75678136e-02	7.37892670e-02	1.35203394e+00	7.23584783e-01	6.28449156e-01
875             	4.75607821e-02	7.37975661e-02	1.35207884e+00	7.23600200e-01	6.28478636e-01
876             	4.75520055e-02	7.38051846e-02	1.35212143e+00	7.23612721e-01	6.28508710e-01
877             	4.75430022e-02	7.38135959e-02	1.35216658e+00	7.23626295e-01	6.28540290e-01
878             	4.75347822e-02	7.38237365e-02	1.35221755e+00	7.23643556e-01	6.28573991e-01
879             	4.75278053e-02	7.38359680e-02	1.35227585e+00	7.23665733e-01	6.28610122e-01
880             	4.75220287e-02	7.38501500e-02	1.35234155e+00	7.23692803e-01	6.28648745e-01
881             	4.75170188e-02	7.38657500e-02	1.35241354e+00	7.23723788e-01	6.28689750e-01
882             	4.75121248e-02	7.38820176e-02	1.35249004e+00	7.23757145e-01	6.28732896e-01
883             	4.75066247e-02	7.38981442e-02	1.35256903e+00	7.23791142e-01	6.28777892e-01
884             	4.74998334e-02	7.39133906e-02	1.35264858e+00	7.23824125e-01	6.28824458e-01
885             	4.74911719e-02	7.39271756e-02	1.35272702e+00	7.23854682e-01	6.28872338e-01
886             	4.74801919e-02	7.39390857e-02	1.35280297e+00	7.23881678e-01	6.28921294e-01
887             	4.74648672e-02	7.39502993e-02	1.35288797e+00	7.23908853e-01	6.28979119e-01
888             	4.74486388e-02	7.39572389e-02	1.35295332e+00	7.23925298e-01	6.29028021e-01
889             	4.74296219e-02	7.39618011e-02	1.35301273e+00	7.23935987e-01	6.29076743e-01
890             	4.74077248e-02	7.39641473e-02	1.35306627e+00	7.23940861e-01	6.29125412e-01
891             	4.73830144e-02	7.39644781e-02	1.35311424e+00	7.23940137e-01	6.29174108e-01
892             	4.73063560e-02	7.39159740e-02	1.35302578e+00	7.23819247e-01	6.29206535e-01
893             	4.72397230e-02	7.38783136e-02	1.35296696e+00	7.23723201e-01	6.29243755e-01
894             	4.71938975e-02	7.38584579e-02	1.35294943e+00	7.23668615e-01	6.29280820e-01
895             	4.71076392e-02	7.38018720e-02	1.35282889e+00	7.23522082e-01	6.29306804e-01
896             	4.70552498e-02	7.37762961e-02	1.35278838e+00	7.23449437e-01	6.29338938e-01
897             	4.69709568e-02	7.37229277e-02	1.35267081e+00	7.23306360e-01	6.29364447e-01
898             	4.68711240e-02	7.36543752e-02	1.35250667e+00	7.23124459e-01	6.29382211e-01
899             	4.68245410e-02	7.36356259e-02	1.35247913e+00	7.23064105e-01	6.29415023e-01
900             	4.67681165e-02	7.36075728e-02	1.35242598e+00	7.22981107e-01	6.29444874e-01
901             	4.66966973e-02	7.35686371e-02	1.35234802e+00	7.22870707e-01	6.29477312e-01
902             	4.66227918e-02	7.35270287e-02	1.35226522e+00	7.22755403e-01	6.29509819e-01
903             	4.66069283e-02	7.35392893e-02	1.35233458e+00	7.22774219e-01	6.29560362e-01
904             	4.65833532e-02	7.35435218e-02	1.35238733e+00	7.22777020e-01	6.29610313e-01
905             	4.65455915e-02	7.35365170e-02	1.35242102e+00	7.22756103e-01	6.29664920e-01
906             	4.64972049e-02	7.35178962e-02	1.35242829e+00	7.22711350e-01	6.29716940e-01
907             	4.64394083e-02	7.34888202e-02	1.35241177e+00	7.22645295e-01	6.29766478e-01
908             	4.63821354e-02	7.34563126e-02	1.35238228e+00	7.22573277e-01	6.29809007e-01
909             	4.62984053e-02	7.34050417e-02	1.35231439e+00	7.22455600e-01	6.29858790e-01
910             	4.62260635e-02	7.33605182e-02	1.35225821e+00	7.22355169e-01	6.29903042e-01
911             	4.61586666e-02	7.33197053e-02	1.35221194e+00	7.22264635e-01	6.29947302e-01
912             	4.60979700e-02	7.32844796e-02	1.35218052e+00	7.22188230e-01	6.29992290e-01
913             	4.60320829e-02	7.32473387e-02	1.35214424e+00	7.22104203e-01	6.30040038e-01
914             	4.59624237e-02	7.32093237e-02	1.35210606e+00	7.22015452e-01	6.30090605e-01
915             	4.59035477e-02	7.31799898e-02	1.35209098e+00	7.21949036e-01	6.30141941e-01
916             	4.58546414e-02	7.31582716e-02	1.35209688e+00	7.21903081e-01	6.30193799e-01
917             	4.58015034e-02	7.31335724e-02	1.35209450e+00	7.21848752e-01	6.30245745e-01
918             	4.57437894e-02	7.31052024e-02	1.35208256e+00	7.21785069e-01	6.30297490e-01
919             	4.56946738e-02	7.30820935e-02	1.35208617e+00	7.21737761e-01	6.30348413e-01
920             	4.56591173e-02	7.30672242e-02	1.35210435e+00	7.21711295e-01	6.30393060e-01
921             	4.56033650e-02	7.30372765e-02	1.35209812e+00	7.21652426e-01	6.30445696e-01
922             	4.55395039e-02	7.30000919e-02	1.35207249e+00	7.21575749e-01	6.30496741e-01
923             	4.55452855e-02	7.30223544e-02	1.35218997e+00	7.21640271e-01	6.30549700e-01
924             	4.55258721e-02	7.30282437e-02	1.35229135e+00	7.21671549e-01	6.30619804e-01
925             	4.55522663e-02	7.30705646e-02	1.35247109e+00	7.21787813e-01	6.30683280e-01
926             	4.55435702e-02	7.30862563e-02	1.35260598e+00	7.21846559e-01	6.30759418e-01
927             	4.55684187e-02	7.31325185e-02	1.35282891e+00	7.21982873e-01	6.30846036e-01
928             	4.56034099e-02	7.31817272e-02	1.35303495e+00	7.22120884e-01	6.30914065e-01
929             	4.56319113e-02	7.32299094e-02	1.35325906e+00	7.22261440e-01	6.30997617e-01
930             	4.56649398e-02	7.32874617e-02	1.35353902e+00	7.22434450e-01	6.31104570e-01
931             	4.56844234e-02	7.33291693e-02	1.35377442e+00	7.22571631e-01	6.31202784e-01
932             	4.56863207e-02	7.33461407e-02	1.35390603e+00	7.22639336e-01	6.31266694e-01
933             	4.56443329e-02	7.33281520e-02	1.35397426e+00	7.22631464e-01	6.31342798e-01
934             	4.55850704e-02	7.32910358e-02	1.35399057e+00	7.22580356e-01	6.31410215e-01
935             	4.55105848e-02	7.32370098e-02	1.35396039e+00	7.22490781e-01	6.31469611e-01
936             	4.54338274e-02	7.31770128e-02	1.35390176e+00	7.22384706e-01	6.31517051e-01
937             	4.53354651e-02	7.30980124e-02	1.35380596e+00	7.22238447e-01	6.31567516e-01
938             	4.52683294e-02	7.30447469e-02	1.35374230e+00	7.22139482e-01	6.31602823e-01
939             	4.52033296e-02	7.29939063e-02	1.35368375e+00	7.22045202e-01	6.31638543e-01
940             	4.51418237e-02	7.29473546e-02	1.35363681e+00	7.21960226e-01	6.31676579e-01
941             	4.50693373e-02	7.28935291e-02	1.35359051e+00	7.21864592e-01	6.31725917e-01
942             	4.50179074e-02	7.28588287e-02	1.35357857e+00	7.21807195e-01	6.31771380e-01
943             	4.49514114e-02	7.28156564e-02	1.35357850e+00	7.21740663e-01	6.31837840e-01
944             	4.49133930e-02	7.27945651e-02	1.35360545e+00	7.21716119e-01	6.31889333e-01
945             	4.48804381e-02	7.27785886e-02	1.35365070e+00	7.21705790e-01	6.31944914e-01
946             	4.48380701e-02	7.27583988e-02	1.35372605e+00	7.21701095e-01	6.32024955e-01
947             	4.48130845e-02	7.27487280e-02	1.35379451e+00	7.21710339e-01	6.32084170e-01
948             	4.47896252e-02	7.27397177e-02	1.35387036e+00	7.21724806e-01	6.32145555e-01
949             	4.47557881e-02	7.27234057e-02	1.35397292e+00	7.21742250e-01	6.32230674e-01
950             	4.47261090e-02	7.27071596e-02	1.35405930e+00	7.21755760e-01	6.32303543e-01
951             	4.46952497e-02	7.26880797e-02	1.35413748e+00	7.21763990e-01	6.32373491e-01
952             	4.46627766e-02	7.26658788e-02	1.35420465e+00	7.21765103e-01	6.32439550e-01
953             	4.46278798e-02	7.26402310e-02	1.35426069e+00	7.21758224e-01	6.32502465e-01
954             	4.45898862e-02	7.26109616e-02	1.35430642e+00	7.21743098e-01	6.32563326e-01
955             	4.45485106e-02	7.25781803e-02	1.35434314e+00	7.21720083e-01	6.32623062e-01
956             	4.45040953e-02	7.25424884e-02	1.35437252e+00	7.21690356e-01	6.32682166e-01
957             	4.44574327e-02	7.25048313e-02	1.35439670e+00	7.21655781e-01	6.32740915e-01
958             	4.44181870e-02	7.24742316e-02	1.35441862e+00	7.21627497e-01	6.32791123e-01
959             	4.43780637e-02	7.24431902e-02	1.35444193e+00	7.21599027e-01	6.32842899e-01
960             	4.43288506e-02	7.24045660e-02	1.35447002e+00	7.21563862e-01	6.32906161e-01
961             	4.42898835e-02	7.23752773e-02	1.35450150e+00	7.21540633e-01	6.32960867e-01
962             	4.42391303e-02	7.23364053e-02	1.35454528e+00	7.21511769e-01	6.33033508e-01
963             	4.41383649e-02	7.22440207e-02	1.35443730e+00	7.21357016e-01	6.33080287e-01
964             	4.39867860e-02	7.20970108e-02	1.35418741e+00	7.21080490e-01	6.33106918e-01
965             	4.38319691e-02	7.19446093e-02	1.35389963e+00	7.20781782e-01	6.33117844e-01
966             	4.36780468e-02	7.17914310e-02	1.35360123e+00	7.20478663e-01	6.33122569e-01
967             	4.35405443e-02	7.16542139e-02	1.35333924e+00	7.20210165e-01	6.33129076e-01
968             	4.34583569e-02	7.15734991e-02	1.35320107e+00	7.20058893e-01	6.33142179e-01
969             	4.33980152e-02	7.15157517e-02	1.35312498e+00	7.19960505e-01	6.33164475e-01
970             	4.33590053e-02	7.14807723e-02	1.35311176e+00	7.19914884e-01	6.33196873e-01
971             	4.33385886e-02	7.14659839e-02	1.35315664e+00	7.19916907e-01	6.33239730e-01
972             	4.33336456e-02	7.14682620e-02	1.35325287e+00	7.19960082e-01	6.33292790e-01
973             	4.33413848e-02	7.14849226e-02	1.35341136e+00	7.20047066e-01	6.33364297e-01
974             	4.33570759e-02	7.15106986e-02	1.35359191e+00	7.20153031e-01	6.33438879e-01
975             	4.33760995e-02	7.15403800e-02	1.35379122e+00	7.20271710e-01	6.33519512e-01
976             	4.33933938e-02	7.15683706e-02	1.35399431e+00	7.20390548e-01	6.33603760e-01
977             	4.34041345e-02	7.15892029e-02	1.35418507e+00	7.20496672e-01	6.33688403e-01
978             	4.34044690e-02	7.15984050e-02	1.35434816e+00	7.20578548e-01	6.33769610e-01
979             	4.33926695e-02	7.15938946e-02	1.35447290e+00	7.20629117e-01	6.33843778e-01
980             	4.33691927e-02	7.15762239e-02	1.35455866e+00	7.20648524e-01	6.33910139e-01
981             	4.33358166e-02	7.15474640e-02	1.35461078e+00	7.20641205e-01	6.33969572e-01
982             	4.32797924e-02	7.14954824e-02	1.35463859e+00	7.20599089e-01	6.34039504e-01
983             	4.32367400e-02	7.14556397e-02	1.35464337e+00	7.20558424e-01	6.34084944e-01
984             	4.31755488e-02	7.13978616e-02	1.35462886e+00	7.20489979e-01	6.34138882e-01
985             	4.31336743e-02	7.13592868e-02	1.35462008e+00	7.20443715e-01	6.34176366e-01
986             	4.30781080e-02	7.13083023e-02	1.35460598e+00	7.20381099e-01	6.34224883e-01
987             	4.30282964e-02	7.12639164e-02	1.35460197e+00	7.20329282e-01	6.34272690e-01
988             	4.29852380e-02	7.12271190e-02	1.35461223e+00	7.20291353e-01	6.34320877e-01
989             	4.29492880e-02	7.11981620e-02	1.35463937e+00	7.20268972e-01	6.34370396e-01
990             	4.29202013e-02	7.11766495e-02	1.35468453e+00	7.20262468e-01	6.34422066e-01
991             	4.28972120e-02	7.11616561e-02	1.35474742e+00	7.20270924e-01	6.34476500e-01
992             	4.28791566e-02	7.11518637e-02	1.35482637e+00	7.20292340e-01	6.34534027e-01
993             	4.28646281e-02	7.11457078e-02	1.35491852e+00	7.20323890e-01	6.34594633e-01
994             	4.28521021e-02	7.11414925e-02	1.35501975e+00	7.20361977e-01	6.34657773e-01
995             	4.28399476e-02	7.11375113e-02	1.35512603e+00	7.20402965e-01	6.34723069e-01
996             	4.28267210e-02	7.11322560e-02	1.35523305e+00	7.20443246e-01	6.34789804e-01
997             	4.28131503e-02	7.11263640e-02	1.35532968e+00	7.20477988e-01	6.34851687e-01
998             	4.27935268e-02	7.11146851e-02	1.35543355e+00	7.20510300e-01	6.34923246e-01
999             	4.27703319e-02	7.10991717e-02	1.35552839e+00	7.20534526e-01	6.34993863e-01
1000            	4.27527006e-02	7.10869488e-02	1.35559213e+00	7.20548767e-01	6.35043365e-01
1001            	4.27216861e-02	7.10635510e-02	1.35567292e+00	7.20558147e-01	6.35114775e-01
1002            	4.26881152e-02	7.10375398e-02	1.35574470e+00	7.20560465e-01	6.35184235e-01
1003            	4.26648190e-02	7.10196418e-02	1.35579458e+00	7.20562108e-01	6.35232470e-01
1004            	4.26270724e-02	7.09899309e-02	1.35585703e+00	7.20555589e-01	6.35301444e-01
1005            	4.25940407e-02	7.09647991e-02	1.35591256e+00	7.20550319e-01	6.35362238e-01
1006            	4.25607861e-02	7.09395646e-02	1.35596709e+00	7.20544331e-01	6.35422758e-01
1007            	4.25288560e-02	7.09154955e-02	1.35602164e+00	7.20539677e-01	6.35481965e-01
1008            	4.24987116e-02	7.08930019e-02	1.35607825e+00	7.20537837e-01	6.35540414e-01
1009            	4.24704448e-02	7.08721977e-02	1.35613901e+00	7.20539949e-01	6.35599059e-01
1010            	4.24441134e-02	7.08531926e-02	1.35620558e+00	7.20546904e-01	6.35658677e-01
1011            	4.24197468e-02	7.08360922e-02	1.35627892e+00	7.20559208e-01	6.35719715e-01
1012            	4.23973148e-02	7.08209372e-02	1.35635918e+00	7.20576907e-01	6.35782277e-01
1013            	4.23767117e-02	7.08076627e-02	1.35644579e+00	7.20599609e-01	6.35846186e-01
1014            	4.23577365e-02	7.07960762e-02	1.35653765e+00	7.20626561e-01	6.35911088e-01
1015            	4.23400862e-02	7.07858515e-02	1.35663331e+00	7.20656743e-01	6.35976571e-01
1016            	4.23233690e-02	7.07765614e-02	1.35673126e+00	7.20689001e-01	6.36042263e-01
1017            	4.23071492e-02	7.07677431e-02	1.35683014e+00	7.20722221e-01	6.36107923e-01
1018            	4.22944578e-02	7.07609197e-02	1.35691383e+00	7.20751371e-01	6.36162455e-01
1019            	4.22777730e-02	7.07517433e-02	1.35701586e+00	7.20785702e-01	6.36230156e-01
1020            	4.22604586e-02	7.07420415e-02	1.35711842e+00	7.20819667e-01	6.36298750e-01
1021            	4.22425607e-02	7.07317818e-02	1.35722010e+00	7.20852612e-01	6.36367491e-01
1022            	4.22241838e-02	7.07209737e-02	1.35731997e+00	7.20884170e-01	6.36435802e-01
1023            	4.22054866e-02	7.07096759e-02	1.35741759e+00	7.20914283e-01	6.36503310e-01
1024            	4.21866617e-02	7.06979950e-02	1.35751309e+00	7.20943208e-01	6.36569884e-01
1025            	4.21679629e-02	7.06861110e-02	1.35760704e+00	7.20971480e-01	6.36635555e-01
1026            	4.21532533e-02	7.06765209e-02	1.35768724e+00	7.20996873e-01	6.36690366e-01
1027            	4.21355146e-02	7.06648654e-02	1.35778320e+00	7.21027114e-01	6.36756084e-01
1028            	4.21184117e-02	7.06536074e-02	1.35788286e+00	7.21059844e-01	6.36823020e-01
1029            	4.21023361e-02	7.06430674e-02	1.35798583e+00	7.21095253e-01	6.36890580e-01
1030            	4.20875643e-02	7.06334616e-02	1.35809148e+00	7.21133306e-01	6.36958178e-01
1031            	4.20770699e-02	7.06267056e-02	1.35818380e+00	7.21168971e-01	6.37014832e-01
1032            	4.20653491e-02	7.06193847e-02	1.35829713e+00	7.21213913e-01	6.37083215e-01
1033            	4.20548245e-02	7.06130601e-02	1.35841531e+00	7.21262478e-01	6.37152829e-01
1034            	4.20438523e-02	7.06064727e-02	1.35854932e+00	7.21318511e-01	6.37230807e-01
1035            	4.20381748e-02	7.06035202e-02	1.35864553e+00	7.21360938e-01	6.37284589e-01
1036            	4.20299126e-02	7.05990565e-02	1.35877987e+00	7.21419847e-01	6.37360022e-01
1037            	4.20226594e-02	7.05953233e-02	1.35890982e+00	7.21477569e-01	6.37432251e-01
1038            	4.20162776e-02	7.05921253e-02	1.35903427e+00	7.21533414e-01	6.37500858e-01
1039            	4.20106261e-02	7.05892951e-02	1.35915379e+00	7.21587520e-01	6.37566268e-01
1040            	4.20055955e-02	7.05867432e-02	1.35927029e+00	7.21640741e-01	6.37629550e-01
1041            	4.20011092e-02	7.05844326e-02	1.35938600e+00	7.21694109e-01	6.37691891e-01
1042            	4.19971150e-02	7.05823550e-02	1.35950298e+00	7.21748607e-01	6.37754377e-01
1043            	4.19935969e-02	7.05805505e-02	1.35962290e+00	7.21805045e-01	6.37817851e-01
1044            	4.19905413e-02	7.05790534e-02	1.35974676e+00	7.21863919e-01	6.37882837e-01
1045            	4.19879525e-02	7.05778962e-02	1.35987498e+00	7.21925443e-01	6.37949538e-01
1046            	4.19858383e-02	7.05770911e-02	1.36000750e+00	7.21989590e-01	6.38017914e-01
1047            	4.19841757e-02	7.05765890e-02	1.36014378e+00	7.22056064e-01	6.38087713e-01
1048            	4.19829658e-02	7.05763476e-02	1.36028321e+00	7.22124570e-01	6.38158638e-01
1049            	4.19822071e-02	7.05763086e-02	1.36042520e+00	7.22194805e-01	6.38230391e-01
1050            	4.19819137e-02	7.05764225e-02	1.36056908e+00	7.22266453e-01	6.38302626e-01
1051            	4.19820967e-02	7.05766449e-02	1.36071423e+00	7.22339213e-01	6.38375020e-01
1052            	4.19828158e-02	7.05769839e-02	1.36086022e+00	7.22412925e-01	6.38447293e-01
1053            	4.19841445e-02	7.05774785e-02	1.36100684e+00	7.22487567e-01	6.38519278e-01
1054            	4.19861563e-02	7.05781925e-02	1.36115412e+00	7.22563217e-01	6.38590904e-01
1055            	4.19889237e-02	7.05792028e-02	1.36130210e+00	7.22639973e-01	6.38662126e-01
1056            	4.19924840e-02	7.05805721e-02	1.36145090e+00	7.22717934e-01	6.38732966e-01
1057            	4.19968517e-02	7.05823547e-02	1.36160068e+00	7.22797191e-01	6.38803487e-01
1058            	4.20011114e-02	7.05844401e-02	1.36173377e+00	7.22867996e-01	6.38865774e-01
1059            	4.20074909e-02	7.05873949e-02	1.36189674e+00	7.22955861e-01	6.38940879e-01
1060            	4.20145143e-02	7.05907639e-02	1.36206061e+00	7.23044817e-01	6.39015789e-01
1061            	4.20206510e-02	7.05938247e-02	1.36220312e+00	7.23122211e-01	6.39080909e-01
1062            	4.20252059e-02	7.05959415e-02	1.36231658e+00	7.23183495e-01	6.39133083e-01
1063            	4.20344652e-02	7.06005059e-02	1.36250039e+00	7.23284662e-01	6.39215732e-01
1064            	4.20440881e-02	7.06053857e-02	1.36268548e+00	7.23386827e-01	6.39298650e-01
1065            	4.20495000e-02	7.06079601e-02	1.36280764e+00	7.23453321e-01	6.39354321e-01
1066            	4.20602701e-02	7.06136103e-02	1.36300156e+00	7.23561051e-01	6.39440511e-01
1067            	4.20664062e-02	7.06166605e-02	1.36312966e+00	7.23631237e-01	6.39498425e-01
1068            	4.20784961e-02	7.06232272e-02	1.36333121e+00	7.23744100e-01	6.39587107e-01
1069            	4.20854138e-02	7.06268199e-02	1.36346366e+00	7.23817244e-01	6.39646416e-01
1070            	4.20930128e-02	7.06307619e-02	1.36360304e+00	7.23894532e-01	6.39708506e-01
1071            	4.21076928e-02	7.06387344e-02	1.36382085e+00	7.24018119e-01	6.39802733e-01
1072            	4.21160615e-02	7.06430660e-02	1.36396378e+00	7.24097952e-01	6.39865829e-01
1073            	4.21250272e-02	7.06475704e-02	1.36411158e+00	7.24180819e-01	6.39930764e-01
1074            	4.21389501e-02	7.06546198e-02	1.36430929e+00	7.24293594e-01	6.40015694e-01
1075            	4.21532102e-02	7.06617863e-02	1.36450500e+00	7.24405712e-01	6.40099292e-01
1076            	4.21674510e-02	7.06688401e-02	1.36469513e+00	7.24515016e-01	6.40180114e-01
1077            	4.21774352e-02	7.06736843e-02	1.36483996e+00	7.24597413e-01	6.40242543e-01
1078            	4.21919243e-02	7.06802955e-02	1.36502671e+00	7.24705281e-01	6.40321432e-01
1079            	4.22063139e-02	7.06866795e-02	1.36521023e+00	7.24811431e-01	6.40398803e-01
1080            	4.22163513e-02	7.06909428e-02	1.36535252e+00	7.24892612e-01	6.40459909e-01
1081            	4.22310439e-02	7.06971569e-02	1.36553707e+00	7.24999579e-01	6.40537491e-01
1082            	4.22457551e-02	7.07035055e-02	1.36572030e+00	7.25105906e-01	6.40614396e-01
1083            	4.22603184e-02	7.07099835e-02	1.36590078e+00	7.25210709e-01	6.40690072e-01
1084            	4.22746260e-02	7.07165446e-02	1.36607792e+00	7.25313587e-01	6.40764335e-01
1085            	4.22886584e-02	7.07231338e-02	1.36625197e+00	7.25414645e-01	6.40837328e-01
1086            	4.23024712e-02	7.07297136e-02	1.36642386e+00	7.25514400e-01	6.40909458e-01
1087            	4.23161592e-02	7.07362651e-02	1.36659478e+00	7.25613549e-01	6.40981231e-01
1088            	4.23298300e-02	7.07427915e-02	1.36676591e+00	7.25712783e-01	6.41053123e-01
1089            	4.23435768e-02	7.07493112e-02	1.36693819e+00	7.25812672e-01	6.41125518e-01
1090            	4.23574714e-02	7.07558508e-02	1.36711228e+00	7.25913609e-01	6.41198667e-01
1091            	4.23715749e-02	7.07624543e-02	1.36728852e+00	7.26015836e-01	6.41272687e-01
1092            	4.23859121e-02	7.07691494e-02	1.36746691e+00	7.26119365e-01	6.41347541e-01
1093            	4.24005083e-02	7.07759649e-02	1.36764722e+00	7.26224119e-01	6.41423102e-01
1094            	4.24153970e-02	7.07829351e-02	1.36782927e+00	7.26330032e-01	6.41499238e-01
1095            	4.24306420e-02	7.07901192e-02	1.36801298e+00	7.26437133e-01	6.41575849e-01
1096            	4.24462860e-02	7.07975638e-02	1.36819833e+00	7.26545451e-01	6.41652879e-01
1097            	4.24623151e-02	7.08052687e-02	1.36838521e+00	7.26654922e-01	6.41730292e-01
1098            	4.24786929e-02	7.08131937e-02	1.36857336e+00	7.26765371e-01	6.41807985e-01
1099            	4.24953297e-02	7.08212456e-02	1.36876219e+00	7.26876425e-01	6.41885766e-01
1100            	4.25120976e-02	7.08293222e-02	1.36895113e+00	7.26987664e-01	6.41963469e-01
1101            	4.25288504e-02	7.08373250e-02	1.36913963e+00	7.27098666e-01	6.42040965e-01
1102            	4.25454994e-02	7.08452023e-02	1.36932739e+00	7.27209197e-01	6.42118198e-01
1103            	4.25620110e-02	7.08529490e-02	1.36951444e+00	7.27319231e-01	6.42195209e-01
1104            	4.25740404e-02	7.08583253e-02	1.36966974e+00	7.27408911e-01	6.42260830e-01
1105            	4.25905406e-02	7.08658750e-02	1.36985721e+00	7.27519146e-01	6.42338065e-01
1106            	4.26077177e-02	7.08739035e-02	1.37005041e+00	7.27632924e-01	6.42417489e-01
1107            	4.26207217e-02	7.08798734e-02	1.37021496e+00	7.27728201e-01	6.42486758e-01
1108            	4.26391055e-02	7.08888359e-02	1.37041599e+00	7.27847099e-01	6.42568888e-01
1109            	4.26533948e-02	7.08957921e-02	1.37058938e+00	7.27948084e-01	6.42641294e-01
1110            	4.26735842e-02	7.09061421e-02	1.37080123e+00	7.28074197e-01	6.42727029e-01
1111            	4.26894821e-02	7.09143240e-02	1.37098477e+00	7.28181867e-01	6.42802903e-01
1112            	4.27056807e-02	7.09226754e-02	1.37116824e+00	7.28289799e-01	6.42878438e-01
1113            	4.27285001e-02	7.09347967e-02	1.37139322e+00	7.28425110e-01	6.42968110e-01
1114            	4.27465793e-02	7.09443416e-02	1.37158868e+00	7.28540918e-01	6.43047760e-01
1115            	4.27645621e-02	7.09536985e-02	1.37178120e+00	7.28655160e-01	6.43126036e-01
1116            	4.27826042e-02	7.09629024e-02	1.37197256e+00	7.28768882e-01	6.43203674e-01
1117            	4.28006739e-02	7.09719407e-02	1.37216310e+00	7.28882222e-01	6.43280874e-01
1118            	4.28296618e-02	7.09874470e-02	1.37241875e+00	7.29039035e-01	6.43379711e-01
1119            	4.28457183e-02	7.09953012e-02	1.37259573e+00	7.29143583e-01	6.43452147e-01
1120            	4.28716955e-02	7.10090482e-02	1.37283247e+00	7.29287930e-01	6.43544539e-01
1121            	4.28840821e-02	7.10145873e-02	1.37298531e+00	7.29376738e-01	6.43608574e-01
1122            	4.28953565e-02	7.10191719e-02	1.37313155e+00	7.29461133e-01	6.43670420e-01
1123            	4.29116754e-02	7.10262641e-02	1.37331208e+00	7.29567717e-01	6.43744366e-01
1124            	4.29348423e-02	7.10377682e-02	1.37354128e+00	7.29705481e-01	6.43835797e-01
1125            	4.29520220e-02	7.10466260e-02	1.37373087e+00	7.29817455e-01	6.43913411e-01
1126            	4.29731205e-02	7.10577399e-02	1.37394597e+00	7.29946107e-01	6.43999866e-01
1127            	4.29922331e-02	7.10680243e-02	1.37414542e+00	7.30064943e-01	6.44080477e-01
1128            	4.30073280e-02	7.10758498e-02	1.37431609e+00	7.30165375e-01	6.44150719e-01
1129            	4.30740584e-02	7.11377153e-02	1.37466722e+00	7.30407669e-01	6.44259552e-01
1130            	4.31903906e-02	7.12521617e-02	1.37517676e+00	7.30778770e-01	6.44397989e-01
1131            	4.33274450e-02	7.13894563e-02	1.37574070e+00	7.31197796e-01	6.44542906e-01
1132            	4.33953348e-02	7.14529047e-02	1.37606639e+00	7.31428527e-01	6.44637858e-01
1133            	4.34200079e-02	7.14691567e-02	1.37625713e+00	7.31548575e-01	6.44708559e-01
1134            	4.34487327e-02	7.14902328e-02	1.37647100e+00	7.31684234e-01	6.44786768e-01
1135            	4.34800753e-02	7.15144213e-02	1.37670511e+00	7.31832629e-01	6.44872479e-01
1136            	4.35126292e-02	7.15400985e-02	1.37695446e+00	7.31989858e-01	6.44964599e-01
1137            	4.35450890e-02	7.15657445e-02	1.37721290e+00	7.32151538e-01	6.45061360e-01
1138            	4.35827546e-02	7.15951618e-02	1.37751185e+00	7.32338679e-01	6.45173169e-01
1139            	4.35738256e-02	7.15755211e-02	1.37765339e+00	7.32400521e-01	6.45252870e-01
1140            	4.35704012e-02	7.15604786e-02	1.37783364e+00	7.32487223e-01	6.45346420e-01
1141            	4.35728767e-02	7.15535987e-02	1.37800707e+00	7.32576413e-01	6.45430660e-01
1142            	4.35442050e-02	7.15107278e-02	1.37810452e+00	7.32596464e-01	6.45508053e-01
1143            	4.35350228e-02	7.14903986e-02	1.37823331e+00	7.32651677e-01	6.45581632e-01
1144            	4.35041994e-02	7.14440105e-02	1.37831219e+00	7.32660293e-01	6.45651894e-01
1145            	4.35024887e-02	7.14304492e-02	1.37845200e+00	7.32728487e-01	6.45723509e-01
1146            	4.34890428e-02	7.14014252e-02	1.37856925e+00	7.32773670e-01	6.45795584e-01
1147            	4.34677637e-02	7.13635715e-02	1.37865965e+00	7.32797587e-01	6.45862060e-01
1148            	4.34447600e-02	7.13238473e-02	1.37874139e+00	7.32815455e-01	6.45925935e-01
1149            	4.34270836e-02	7.12918403e-02	1.37882139e+00	7.32837779e-01	6.45983612e-01
1150            	4.34170459e-02	7.12662549e-02	1.37893764e+00	7.32885865e-01	6.46051773e-01
1151            	4.34173914e-02	7.12537256e-02	1.37907087e+00	7.32952825e-01	6.46118043e-01
1152            	4.34324033e-02	7.12551328e-02	1.37926377e+00	7.33064289e-01	6.46199482e-01
1153            	4.34606902e-02	7.12709935e-02	1.37949788e+00	7.33209632e-01	6.46288251e-01
1154            	4.35005602e-02	7.12996741e-02	1.37976696e+00	7.33384042e-01	6.46382921e-01
1155            	4.35487470e-02	7.13377546e-02	1.38005996e+00	7.33578729e-01	6.46481235e-01
1156            	4.36010356e-02	7.13806671e-02	1.38036342e+00	7.33782745e-01	6.46580674e-01
1157            	4.36531185e-02	7.14236491e-02	1.38066447e+00	7.33985355e-01	6.46679118e-01
1158            	4.37012963e-02	7.14625437e-02	1.38095293e+00	7.34177764e-01	6.46775171e-01
1159            	4.37429855e-02	7.14943952e-02	1.38122257e+00	7.34354271e-01	6.46868300e-01
1160            	4.37767817e-02	7.15175580e-02	1.38147063e+00	7.34512094e-01	6.46958531e-01
1161            	4.38024479e-02	7.15317066e-02	1.38169731e+00	7.34651102e-01	6.47046206e-01
1162            	4.38208578e-02	7.15377639e-02	1.38190542e+00	7.34773569e-01	6.47131853e-01
1163            	4.38337806e-02	7.15376440e-02	1.38209972e+00	7.34883640e-01	6.47216079e-01
1164            	4.38435292e-02	7.15338473e-02	1.38228617e+00	7.34986614e-01	6.47299556e-01
1165            	4.38525442e-02	7.15290026e-02	1.38247099e+00	7.35088040e-01	6.47382952e-01
1166            	4.38630114e-02	7.15254660e-02	1.38265970e+00	7.35192862e-01	6.47466839e-01
1167            	4.38765973e-02	7.15250365e-02	1.38285660e+00	7.35304899e-01	6.47551705e-01
1168            	4.38971132e-02	7.15299774e-02	1.38308441e+00	7.35439319e-01	6.47645092e-01
1169            	4.39209975e-02	7.15394249e-02	1.38331421e+00	7.35578103e-01	6.47736108e-01
1170            	4.39477461e-02	7.15526581e-02	1.38354578e+00	7.35720636e-01	6.47825144e-01
1171            	4.39764414e-02	7.15685418e-02	1.38377783e+00	7.35865355e-01	6.47912473e-01
1172            	4.40062068e-02	7.15859134e-02	1.38401034e+00	7.36011379e-01	6.47998965e-01
1173            	4.40361697e-02	7.16036535e-02	1.38424345e+00	7.36157894e-01	6.48085555e-01
1174            	4.40653109e-02	7.16206549e-02	1.38447560e+00	7.36303113e-01	6.48172491e-01
1175            	4.40922476e-02	7.16356702e-02	1.38470169e+00	7.36443094e-01	6.48258598e-01
1176            	4.41134678e-02	7.16460670e-02	1.38490089e+00	7.36563912e-01	6.48336976e-01
1177            	4.41428747e-02	7.16608559e-02	1.38516209e+00	7.36723918e-01	6.48438168e-01
1178            	4.41704403e-02	7.16739699e-02	1.38541958e+00	7.36880232e-01	6.48539352e-01
1179            	4.41954587e-02	7.16851136e-02	1.38566564e+00	7.37028278e-01	6.48637361e-01
1180            	4.42175912e-02	7.16941375e-02	1.38589480e+00	7.37164990e-01	6.48729808e-01
1181            	4.42345588e-02	7.16995347e-02	1.38608851e+00	7.37278813e-01	6.48809696e-01
1182            	4.42581941e-02	7.17080689e-02	1.38633086e+00	7.37423625e-01	6.48907237e-01
1183            	4.42812539e-02	7.17161835e-02	1.38656734e+00	7.37564923e-01	6.49002415e-01
1184            	4.43037449e-02	7.17240551e-02	1.38679721e+00	7.37702351e-01	6.49094861e-01
1185            	4.43254927e-02	7.17316389e-02	1.38701948e+00	7.37835231e-01	6.49184246e-01
1186            	4.43431741e-02	7.17368179e-02	1.38721170e+00	7.37949023e-01	6.49262675e-01
1187            	4.43674690e-02	7.17455622e-02	1.38745169e+00	7.38093313e-01	6.49358375e-01
1188            	4.43916344e-02	7.17545049e-02	1.38769092e+00	7.38237092e-01	6.49453824e-01
1189            	4.44153959e-02	7.17635157e-02	1.38792764e+00	7.38379216e-01	6.49548424e-01
1190            	4.44386023e-02	7.17724355e-02	1.38816100e+00	7.38519104e-01	6.49641899e-01
1191            	4.44611300e-02	7.17810649e-02	1.38839041e+00	7.38656337e-01	6.49734077e-01
1192            	4.44828026e-02	7.17891600e-02	1.38861494e+00	7.38790270e-01	6.49824665e-01
1193            	4.45002843e-02	7.17944279e-02	1.38881082e+00	7.38905692e-01	6.49905123e-01
1194            	4.45266550e-02	7.18041112e-02	1.38907375e+00	7.39063531e-01	6.50010221e-01
1195            	4.45519696e-02	7.18134105e-02	1.38933113e+00	7.39217536e-01	6.50113597e-01
1196            	4.45734038e-02	7.18208263e-02	1.38956217e+00	7.39354491e-01	6.50207684e-01
1197            	4.45935268e-02	7.18272871e-02	1.38978474e+00	7.39485895e-01	6.50298841e-01
1198            	4.46126373e-02	7.18328025e-02	1.39000155e+00	7.39613411e-01	6.50388137e-01
1199            	4.46309624e-02	7.18374419e-02	1.39021487e+00	7.39738396e-01	6.50476472e-01
1200            	4.46485627e-02	7.18412865e-02	1.39042542e+00	7.39861274e-01	6.50564148e-01
1201            	4.46629454e-02	7.18429887e-02	1.39061202e+00	7.39968953e-01	6.50643062e-01
1202            	4.46848314e-02	7.18476031e-02	1.39086667e+00	7.40118165e-01	6.50748502e-01
1203            	4.47062454e-02	7.18524416e-02	1.39111992e+00	7.40266208e-01	6.50853717e-01
1204            	4.47270082e-02	7.18574241e-02	1.39136860e+00	7.40411308e-01	6.50957292e-01
1205            	4.47446989e-02	7.18614176e-02	1.39159142e+00	7.40540408e-01	6.51051010e-01
1206            	4.47614853e-02	7.18648278e-02	1.39180553e+00	7.40664249e-01	6.51141278e-01
1207            	4.47795541e-02	7.18683592e-02	1.39203008e+00	7.40794592e-01	6.51235484e-01
1208            	4.47955206e-02	7.18708341e-02	1.39223808e+00	7.40914561e-01	6.51323520e-01
1209            	4.48111532e-02	7.18727971e-02	1.39244487e+00	7.41033589e-01	6.51411283e-01
1210            	4.48263914e-02	7.18743008e-02	1.39265063e+00	7.41151707e-01	6.51498924e-01
1211            	4.48390635e-02	7.18742315e-02	1.39283577e+00	7.41256950e-01	6.51578823e-01
1212            	4.48592703e-02	7.18768456e-02	1.39309360e+00	7.41406071e-01	6.51687530e-01
1213            	4.48793181e-02	7.18800588e-02	1.39335141e+00	7.41555023e-01	6.51796387e-01
1214            	4.48990941e-02	7.18837512e-02	1.39360726e+00	7.41702726e-01	6.51904538e-01
1215            	4.49175726e-02	7.18872719e-02	1.39385131e+00	7.41843230e-01	6.52008084e-01
1216            	4.49329863e-02	7.18896185e-02	1.39406744e+00	7.41966706e-01	6.52100733e-01
1217            	4.49445915e-02	7.18896631e-02	1.39424752e+00	7.42068349e-01	6.52179166e-01
1218            	4.49581675e-02	7.18891951e-02	1.39445669e+00	7.42186511e-01	6.52270176e-01
1219            	4.49688728e-02	7.18874030e-02	1.39463882e+00	7.42288284e-01	6.52350538e-01
1220            	4.49836168e-02	7.18855101e-02	1.39487921e+00	7.42423224e-01	6.52455990e-01
1221            	4.49979908e-02	7.18838018e-02	1.39511965e+00	7.42557817e-01	6.52561835e-01
1222            	4.50106161e-02	7.18824455e-02	1.39533857e+00	7.42679903e-01	6.52658671e-01
1223            	4.50208674e-02	7.18806352e-02	1.39552430e+00	7.42783018e-01	6.52741283e-01
1224            	4.50348191e-02	7.18786871e-02	1.39576742e+00	7.42918530e-01	6.52848892e-01
1225            	4.50475947e-02	7.18770557e-02	1.39599397e+00	7.43044582e-01	6.52949393e-01
1226            	4.50580406e-02	7.18749329e-02	1.39618659e+00	7.43151336e-01	6.53035255e-01
1227            	4.50689526e-02	7.18725826e-02	1.39638888e+00	7.43263392e-01	6.53125487e-01
1228            	4.50803606e-02	7.18697985e-02	1.39660186e+00	7.43381289e-01	6.53220568e-01
1229            	4.50918931e-02	7.18672180e-02	1.39681905e+00	7.43501419e-01	6.53317632e-01
1230            	4.51034660e-02	7.18641026e-02	1.39704199e+00	7.43624460e-01	6.53417528e-01
1231            	4.51146765e-02	7.18609898e-02	1.39726586e+00	7.43747605e-01	6.53518252e-01
1232            	4.51254126e-02	7.18571406e-02	1.39748805e+00	7.43869436e-01	6.53618611e-01
1233            	4.51356886e-02	7.18532959e-02	1.39770823e+00	7.43989801e-01	6.53718424e-01
1234            	4.51454991e-02	7.18486719e-02	1.39792406e+00	7.44107530e-01	6.53816532e-01
1235            	4.51549248e-02	7.18440867e-02	1.39813712e+00	7.44223487e-01	6.53913637e-01
1236            	4.51639317e-02	7.18386843e-02	1.39834659e+00	7.44337224e-01	6.54009361e-01
1237            	4.51725831e-02	7.18333740e-02	1.39855455e+00	7.44449857e-01	6.54104691e-01
1238            	4.51809124e-02	7.18273481e-02	1.39876066e+00	7.44561243e-01	6.54199418e-01
1239            	4.51890064e-02	7.18215431e-02	1.39896710e+00	7.44672556e-01	6.54294543e-01
1240            	4.51968256e-02	7.18151495e-02	1.39917180e+00	7.44782726e-01	6.54389074e-01
1241            	4.52044866e-02	7.18090623e-02	1.39937799e+00	7.44893481e-01	6.54484508e-01
1242            	4.52117055e-02	7.18022991e-02	1.39958258e+00	7.45002994e-01	6.54579583e-01
1243            	4.52184976e-02	7.17956180e-02	1.39978881e+00	7.45112902e-01	6.54675907e-01
1244            	4.52246184e-02	7.17880607e-02	1.39999345e+00	7.45221343e-01	6.54772107e-01
1245            	4.52301910e-02	7.17804553e-02	1.40019951e+00	7.45329945e-01	6.54869563e-01
1246            	4.52351219e-02	7.17719316e-02	1.40040378e+00	7.45437010e-01	6.54966766e-01
1247            	4.52396550e-02	7.17634419e-02	1.40060901e+00	7.45544161e-01	6.55064851e-01
1248            	4.52433178e-02	7.17531671e-02	1.40082215e+00	7.45654392e-01	6.55167757e-01
1249            	4.52470158e-02	7.17445503e-02	1.40100653e+00	7.45750283e-01	6.55256251e-01
1250            	4.52498357e-02	7.17322120e-02	1.40123795e+00	7.45868812e-01	6.55369141e-01
1251            	4.52525069e-02	7.17205153e-02	1.40146037e+00	7.45982693e-01	6.55477679e-01
1252            	4.52555680e-02	7.17107340e-02	1.40165767e+00	7.46084404e-01	6.55573268e-01
1253            	4.52587290e-02	7.17017581e-02	1.40183730e+00	7.46177378e-01	6.55659920e-01
1254            	4.52623497e-02	7.16939417e-02	1.40199725e+00	7.46260976e-01	6.55736276e-01
1255            	4.52645691e-02	7.16816368e-02	1.40219937e+00	7.46364256e-01	6.55835118e-01
1256            	4.52664878e-02	7.16690386e-02	1.40240424e+00	7.46468606e-01	6.55935630e-01
1257            	4.52681232e-02	7.16568007e-02	1.40260858e+00	7.46572412e-01	6.56036166e-01
1258            	4.52700868e-02	7.16462981e-02	1.40279762e+00	7.46668895e-01	6.56128721e-01
1259            	4.52724593e-02	7.16374059e-02	1.40296711e+00	7.46756012e-01	6.56211093e-01
1260            	4.52727656e-02	7.16236996e-02	1.40318192e+00	7.46863725e-01	6.56318194e-01
1261            	4.52725859e-02	7.16097791e-02	1.40339611e+00	7.46970640e-01	6.56425468e-01
1262            	4.52721718e-02	7.15963168e-02	1.40360345e+00	7.47073896e-01	6.56529552e-01
1263            	4.52725032e-02	7.15848239e-02	1.40378948e+00	7.47167246e-01	6.56622239e-01
1264            	4.52738293e-02	7.15751058e-02	1.40395323e+00	7.47250443e-01	6.56702784e-01
1265            	4.52722991e-02	7.15582761e-02	1.40417127e+00	7.47357935e-01	6.56813336e-01
1266            	4.52718075e-02	7.15445803e-02	1.40436762e+00	7.47455616e-01	6.56912001e-01
1267            	4.52706919e-02	7.15303394e-02	1.40456138e+00	7.47551379e-01	6.57009996e-01
1268            	4.52689227e-02	7.15158135e-02	1.40475190e+00	7.47644872e-01	6.57107026e-01
1269            	4.52665449e-02	7.15008788e-02	1.40493595e+00	7.47734520e-01	6.57201430e-01
1270            	4.52644618e-02	7.14869665e-02	1.40510898e+00	7.47818953e-01	6.57290030e-01
1271            	4.52636387e-02	7.14755798e-02	1.40526482e+00	7.47896047e-01	6.57368769e-01
1272            	4.52567654e-02	7.14534384e-02	1.40548119e+00	7.47997362e-01	6.57483831e-01
1273            	4.52503970e-02	7.14335338e-02	1.40568475e+00	7.48092770e-01	6.57591976e-01
1274            	4.52460804e-02	7.14178985e-02	1.40586639e+00	7.48179274e-01	6.57687113e-01
1275            	4.52417295e-02	7.14023519e-02	1.40603990e+00	7.48261680e-01	6.57778221e-01
1276            	4.52371312e-02	7.13864109e-02	1.40621315e+00	7.48343706e-01	6.57869444e-01
1277            	4.52323180e-02	7.13698767e-02	1.40638612e+00	7.48425379e-01	6.57960743e-01
1278            	4.52270890e-02	7.13527531e-02	1.40656156e+00	7.48507871e-01	6.58053693e-01
1279            	4.52213196e-02	7.13348179e-02	1.40673966e+00	7.48591149e-01	6.58148510e-01
1280            	4.52150603e-02	7.13165368e-02	1.40691934e+00	7.48674732e-01	6.58244612e-01
1281            	4.52081738e-02	7.12976117e-02	1.40710038e+00	7.48758363e-01	6.58342016e-01
1282            	4.52008775e-02	7.12785696e-02	1.40728112e+00	7.48841437e-01	6.58439682e-01
1283            	4.51930736e-02	7.12590941e-02	1.40746059e+00	7.48923370e-01	6.58537222e-01
1284            	4.51849203e-02	7.12394824e-02	1.40763842e+00	7.49004130e-01	6.58634289e-01
1285            	4.51763684e-02	7.12194863e-02	1.40781360e+00	7.49083168e-01	6.58730432e-01
1286            	4.51675680e-02	7.11993357e-02	1.40798674e+00	7.49160936e-01	6.58825800e-01
1287            	4.51584746e-02	7.11788001e-02	1.40815758e+00	7.49237263e-01	6.58920314e-01
1288            	4.51493158e-02	7.11582366e-02	1.40832713e+00	7.49312880e-01	6.59014248e-01
1289            	4.51399405e-02	7.11373254e-02	1.40849566e+00	7.49387770e-01	6.59107889e-01
1290            	4.51305498e-02	7.11165176e-02	1.40866368e+00	7.49462391e-01	6.59201291e-01
1291            	4.51208275e-02	7.10952962e-02	1.40883138e+00	7.49536518e-01	6.59294863e-01
1292            	4.51109509e-02	7.10741758e-02	1.40899876e+00	7.49610332e-01	6.59388430e-01
1293            	4.50994113e-02	7.10508514e-02	1.40917357e+00	7.49686195e-01	6.59487372e-01
1294            	4.50913561e-02	7.10333392e-02	1.40932220e+00	7.49752456e-01	6.59569744e-01
1295            	4.50828421e-02	7.10151536e-02	1.40947223e+00	7.49818957e-01	6.59653273e-01
1296            	4.50717809e-02	7.09929601e-02	1.40963683e+00	7.49890198e-01	6.59746636e-01
1297            	4.50585741e-02	7.09678739e-02	1.40981438e+00	7.49965765e-01	6.59848617e-01
1298            	4.50410876e-02	7.09369202e-02	1.41001356e+00	7.50047867e-01	6.59965692e-01
1299            	4.50215789e-02	7.09039632e-02	1.41021377e+00	7.50128466e-01	6.60085308e-01
1300            	4.50081877e-02	7.08814821e-02	1.41036815e+00	7.50192265e-01	6.60175889e-01
1301            	4.49983352e-02	7.08638773e-02	1.41049715e+00	7.50246911e-01	6.60250241e-01
1302            	4.49835724e-02	7.08379402e-02	1.41065210e+00	7.50309625e-01	6.60342480e-01
1303            	4.49711288e-02	7.08151673e-02	1.41079419e+00	7.50368222e-01	6.60425964e-01
1304            	4.49602308e-02	7.07944829e-02	1.41092988e+00	7.50425170e-01	6.60504708e-01
1305            	4.49507946e-02	7.07755855e-02	1.41105981e+00	7.50480697e-01	6.60579108e-01
1306            	4.49343082e-02	7.07455823e-02	1.41123509e+00	7.50551852e-01	6.60683236e-01
1307            	4.49199693e-02	7.07205548e-02	1.41139681e+00	7.50618373e-01	6.60778434e-01
1308            	4.49051594e-02	7.06957191e-02	1.41155782e+00	7.50684068e-01	6.60873749e-01
1309            	4.48901158e-02	7.06712646e-02	1.41171637e+00	7.50748303e-01	6.60968072e-01
1310            	4.48743121e-02	7.06460148e-02	1.41187387e+00	7.50811249e-01	6.61062625e-01
1311            	4.48586073e-02	7.06209891e-02	1.41202704e+00	7.50872127e-01	6.61154913e-01
1312            	4.48436695e-02	7.05970208e-02	1.41217338e+00	7.50930358e-01	6.61243019e-01
1313            	4.48308538e-02	7.05754799e-02	1.41230652e+00	7.50984114e-01	6.61322407e-01
1314            	4.48116928e-02	7.05431211e-02	1.41248036e+00	7.51051871e-01	6.61428486e-01
1315            	4.47935087e-02	7.05128205e-02	1.41264656e+00	7.51116788e-01	6.61529771e-01
1316            	4.47783424e-02	7.04878483e-02	1.41279217e+00	7.51174426e-01	6.61617741e-01
1317            	4.47648819e-02	7.04654249e-02	1.41292643e+00	7.51228095e-01	6.61698332e-01
1318            	4.47530891e-02	7.04453327e-02	1.41305114e+00	7.51278660e-01	6.61772482e-01
1319            	4.47346890e-02	7.04142203e-02	1.41321677e+00	7.51343075e-01	6.61873697e-01
1320            	4.47185565e-02	7.03877098e-02	1.41336645e+00	7.51401780e-01	6.61964667e-01
1321            	4.47027658e-02	7.03620380e-02	1.41351364e+00	7.51459586e-01	6.62054054e-01
1322            	4.46877392e-02	7.03378645e-02	1.41365527e+00	7.51515375e-01	6.62139896e-01
1323            	4.46743359e-02	7.03159334e-02	1.41378567e+00	7.51567169e-01	6.62218497e-01
1324            	4.46557865e-02	7.02843658e-02	1.41395918e+00	7.51635377e-01	6.62323804e-01
1325            	4.46390284e-02	7.02565058e-02	1.41411846e+00	7.51698259e-01	6.62420202e-01
1326            	4.46253184e-02	7.02340249e-02	1.41425326e+00	7.51751947e-01	6.62501310e-01
1327            	4.46130147e-02	7.02135807e-02	1.41437906e+00	7.51802543e-01	6.62576514e-01
1328            	4.45974596e-02	7.01867684e-02	1.41453448e+00	7.51864701e-01	6.62669782e-01
1329            	4.45828192e-02	7.01618298e-02	1.41468184e+00	7.51923738e-01	6.62758099e-01
1330            	4.45686807e-02	7.01376199e-02	1.41482533e+00	7.51981345e-01	6.62843984e-01
1331            	4.45545566e-02	7.01132126e-02	1.41496970e+00	7.52039409e-01	6.62930295e-01
1332            	4.45404296e-02	7.00884623e-02	1.41511653e+00	7.52098697e-01	6.63017838e-01
1333            	4.45264679e-02	7.00635375e-02	1.41526623e+00	7.52159582e-01	6.63106646e-01
1334            	4.45128780e-02	7.00387137e-02	1.41541841e+00	7.52222081e-01	6.63196325e-01
1335            	4.44997923e-02	7.00142231e-02	1.41557207e+00	7.52285829e-01	6.63286244e-01
1336            	4.44871558e-02	6.99901172e-02	1.41572579e+00	7.52350052e-01	6.63375741e-01
1337            	4.44747898e-02	6.99662997e-02	1.41587820e+00	7.52413892e-01	6.63464312e-01
1338            	4.44624963e-02	6.99426131e-02	1.41602845e+00	7.52476722e-01	6.63551729e-01
1339            	4.44501301e-02	6.99189078e-02	1.41617628e+00	7.52538268e-01	6.63638008e-01
1340            	4.44376408e-02	6.98950957e-02	1.41632189e+00	7.52598585e-01	6.63723304e-01
1341            	4.44251918e-02	6.98712691e-02	1.41646611e+00	7.52658245e-01	6.63807861e-01
1342            	4.44135785e-02	6.98489049e-02	1.41660098e+00	7.52714070e-01	6.63886913e-01
1343            	4.44020113e-02	6.98253768e-02	1.41674697e+00	7.52775495e-01	6.63971473e-01
1344            	4.43905473e-02	6.97977246e-02	1.41693266e+00	7.52856877e-01	6.64075783e-01
1345            	4.43814440e-02	6.97779406e-02	1.41707437e+00	7.52918627e-01	6.64155739e-01
1346            	4.43734867e-02	6.97555292e-02	1.41724943e+00	7.52998202e-01	6.64251229e-01
1347            	4.43666139e-02	6.97375038e-02	1.41739373e+00	7.53063478e-01	6.64330250e-01
1348            	4.43605206e-02	6.97215361e-02	1.41752248e+00	7.53121759e-01	6.64400718e-01
1349            	4.43555550e-02	6.97018888e-02	1.41769169e+00	7.53201398e-01	6.64490288e-01
1350            	4.43504252e-02	6.96836729e-02	1.41784595e+00	7.53273401e-01	6.64572550e-01
1351            	4.43452964e-02	6.96656828e-02	1.41799955e+00	7.53345073e-01	6.64654480e-01
1352            	4.43399022e-02	6.96483361e-02	1.41814616e+00	7.53412981e-01	6.64733176e-01
1353            	4.43343260e-02	6.96328223e-02	1.41827332e+00	7.53470985e-01	6.64802333e-01
1354            	4.43290692e-02	6.96165849e-02	1.41840995e+00	7.53534046e-01	6.64875908e-01
1355            	4.43242168e-02	6.95981022e-02	1.41857098e+00	7.53609706e-01	6.64961272e-01
1356            	4.43198251e-02	6.95773509e-02	1.41876342e+00	7.53701534e-01	6.65061884e-01
1357            	4.43152912e-02	6.95584245e-02	1.41893939e+00	7.53784986e-01	6.65154404e-01
1358            	4.43129288e-02	6.95365234e-02	1.41916185e+00	7.53893853e-01	6.65267995e-01
1359            	4.43101893e-02	6.95181437e-02	1.41935152e+00	7.53985951e-01	6.65365573e-01
1360            	4.43061841e-02	6.95035860e-02	1.41948552e+00	7.54048943e-01	6.65436575e-01
1361            	4.43034418e-02	6.94884150e-02	1.41962578e+00	7.54116332e-01	6.65509448e-01
1362            	4.43008013e-02	6.94743305e-02	1.41974982e+00	7.54175710e-01	6.65574108e-01
1363            	4.43007784e-02	6.94577502e-02	1.41991118e+00	7.54256371e-01	6.65654814e-01
1364            	4.43013283e-02	6.94416565e-02	1.42007696e+00	7.54339807e-01	6.65737150e-01
1365            	4.43021944e-02	6.94264255e-02	1.42024541e+00	7.54424899e-01	6.65820510e-01
1366            	4.43022601e-02	6.94125423e-02	1.42040333e+00	7.54503927e-01	6.65899407e-01
1367            	4.43007106e-02	6.94000480e-02	1.42053705e+00	7.54569238e-01	6.65967816e-01
1368            	4.42998315e-02	6.93874053e-02	1.42067981e+00	7.54639735e-01	6.66040072e-01
1369            	4.42999431e-02	6.93744887e-02	1.42083665e+00	7.54718270e-01	6.66118384e-01
1370            	4.43023285e-02	6.93608868e-02	1.42102254e+00	7.54813597e-01	6.66208940e-01
1371            	4.43063111e-02	6.93472329e-02	1.42122812e+00	7.54920371e-01	6.66307749e-01
1372            	4.43139180e-02	6.93343441e-02	1.42146452e+00	7.55046179e-01	6.66418343e-01
1373            	4.43234057e-02	6.93226996e-02	1.42170495e+00	7.55175879e-01	6.66529067e-01
1374            	4.43279865e-02	6.93121951e-02	1.42188665e+00	7.55271311e-01	6.66615338e-01
1375            	4.43286539e-02	6.93014293e-02	1.42202066e+00	7.55338986e-01	6.66681678e-01
1376            	4.43288879e-02	6.92896516e-02	1.42214742e+00	7.55402597e-01	6.66744821e-01
1377            	4.43290664e-02	6.92764355e-02	1.42227528e+00	7.55466707e-01	6.66808574e-01
1378            	4.43309195e-02	6.92620625e-02	1.42242436e+00	7.55543102e-01	6.66881263e-01
1379            	4.43318398e-02	6.92484253e-02	1.42256625e+00	7.55614964e-01	6.66951284e-01
1380            	4.43372574e-02	6.92343599e-02	1.42275758e+00	7.55716047e-01	6.67041532e-01
1381            	4.43431307e-02	6.92220238e-02	1.42295295e+00	7.55819607e-01	6.67133346e-01
1382            	4.43478085e-02	6.92113900e-02	1.42313462e+00	7.55915116e-01	6.67219499e-01
1383            	4.43506651e-02	6.92014316e-02	1.42329372e+00	7.55997525e-01	6.67296194e-01
1384            	4.43576342e-02	6.91922178e-02	1.42348718e+00	7.56101222e-01	6.67385954e-01
1385            	4.43645375e-02	6.91832034e-02	1.42367593e+00	7.56202502e-01	6.67473427e-01
1386            	4.43696655e-02	6.91740074e-02	1.42384603e+00	7.56292680e-01	6.67553349e-01
1387            	4.43727477e-02	6.91644268e-02	1.42399491e+00	7.56370205e-01	6.67624709e-01
1388            	4.43802441e-02	6.91543651e-02	1.42418366e+00	7.56472074e-01	6.67711585e-01
1389            	4.43872759e-02	6.91440878e-02	1.42436885e+00	7.56571702e-01	6.67797150e-01
1390            	4.43935888e-02	6.91337383e-02	1.42454831e+00	7.56667745e-01	6.67880568e-01
1391            	4.43979282e-02	6.91233167e-02	1.42471162e+00	7.56753736e-01	6.67957880e-01
1392            	4.44000973e-02	6.91124685e-02	1.42485498e+00	7.56827588e-01	6.68027393e-01
1393            	4.44063293e-02	6.91015027e-02	1.42503689e+00	7.56924776e-01	6.68112117e-01
1394            	4.44126241e-02	6.90908379e-02	1.42521946e+00	7.57022355e-01	6.68197107e-01
1395            	4.44186170e-02	6.90807482e-02	1.42539819e+00	7.57117710e-01	6.68280476e-01
1396            	4.44234912e-02	6.90710853e-02	1.42556582e+00	7.57206402e-01	6.68359420e-01
1397            	4.44266187e-02	6.90612956e-02	1.42571520e+00	7.57284219e-01	6.68430981e-01
1398            	4.44354864e-02	6.90520839e-02	1.42591436e+00	7.57392669e-01	6.68521696e-01
1399            	4.44409816e-02	6.90429536e-02	1.42608326e+00	7.57482610e-01	6.68600646e-01
1400            	4.44448839e-02	6.90338782e-02	1.42623648e+00	7.57563122e-01	6.68673354e-01
1401            	4.44546436e-02	6.90252939e-02	1.42644154e+00	7.57675413e-01	6.68766125e-01
1402            	4.44635173e-02	6.90170288e-02	1.42663764e+00	7.57782338e-01	6.68855304e-01
1403            	4.44699157e-02	6.90086006e-02	1.42681167e+00	7.57875749e-01	6.68935918e-01
1404            	4.44757521e-02	6.89997465e-02	1.42698111e+00	7.57966306e-01	6.69014802e-01
1405            	4.44811871e-02	6.89905050e-02	1.42714793e+00	7.58055154e-01	6.69092779e-01
1406            	4.44863178e-02	6.89807905e-02	1.42731343e+00	7.58143035e-01	6.69170399e-01
1407            	4.44913639e-02	6.89708839e-02	1.42747930e+00	7.58231015e-01	6.69248288e-01
1408            	4.44965313e-02	6.89609110e-02	1.42764686e+00	7.58319961e-01	6.69326899e-01
1409            	4.45019448e-02	6.89512432e-02	1.42781631e+00	7.58410101e-01	6.69406211e-01
1410            	4.45067806e-02	6.89419730e-02	1.42797982e+00	7.58496692e-01	6.69483131e-01
1411            	4.45105067e-02	6.89327070e-02	1.42813077e+00	7.58575890e-01	6.69554876e-01
1412            	4.45186315e-02	6.89241306e-02	1.42832195e+00	7.58679608e-01	6.69642345e-01
1413            	4.45271846e-02	6.89161788e-02	1.42851515e+00	7.58784761e-01	6.69730392e-01
1414            	4.45355788e-02	6.89087976e-02	1.42870454e+00	7.58887848e-01	6.69816690e-01
1415            	4.45435313e-02	6.89015234e-02	1.42888802e+00	7.58987541e-01	6.69900478e-01
1416            	4.45509032e-02	6.88941868e-02	1.42906497e+00	7.59083389e-01	6.69981583e-01
1417            	4.45577229e-02	6.88863970e-02	1.42923677e+00	7.59176110e-01	6.70060664e-01
1418            	4.45641022e-02	6.88782352e-02	1.42940511e+00	7.59266658e-01	6.70138454e-01
1419            	4.45694134e-02	6.88697868e-02	1.42956417e+00	7.59351497e-01	6.70212670e-01
1420            	4.45734944e-02	6.88609435e-02	1.42971015e+00	7.59428568e-01	6.70281579e-01
1421            	4.45805961e-02	6.88515879e-02	1.42989274e+00	7.59526965e-01	6.70365772e-01
1422            	4.45878610e-02	6.88425450e-02	1.43007822e+00	7.59626970e-01	6.70451248e-01
1423            	4.45950138e-02	6.88340847e-02	1.43026208e+00	7.59726053e-01	6.70536025e-01
1424            	4.46019637e-02	6.88260135e-02	1.43044240e+00	7.59823164e-01	6.70619237e-01
1425            	4.46087124e-02	6.88183171e-02	1.43061816e+00	7.59917792e-01	6.70700368e-01
1426            	4.46153515e-02	6.88106488e-02	1.43079029e+00	7.60010495e-01	6.70779792e-01
1427            	4.46220401e-02	6.88030759e-02	1.43096009e+00	7.60102087e-01	6.70858007e-01
1428            	4.46282354e-02	6.87956388e-02	1.43112160e+00	7.60189037e-01	6.70932566e-01
1429            	4.46336392e-02	6.87880502e-02	1.43127075e+00	7.60269014e-01	6.71001736e-01
1430            	4.46421299e-02	6.87801164e-02	1.43145620e+00	7.60370230e-01	6.71085970e-01
1431            	4.46510178e-02	6.87725948e-02	1.43164479e+00	7.60473413e-01	6.71171378e-01
1432            	4.46598956e-02	6.87656380e-02	1.43183180e+00	7.60575795e-01	6.71256003e-01
1433            	4.46685152e-02	6.87589454e-02	1.43201506e+00	7.60676045e-01	6.71339014e-01
1434            	4.46767756e-02	6.87524380e-02	1.43219338e+00	7.60773467e-01	6.71419916e-01
1435            	4.46846662e-02	6.87457246e-02	1.43236751e+00	7.60868423e-01	6.71499090e-01
1436            	4.46922967e-02	6.87388484e-02	1.43253866e+00	7.60961628e-01	6.71577035e-01
1437            	4.46997591e-02	6.87316133e-02	1.43270848e+00	7.61054001e-01	6.71654483e-01
1438            	4.47072784e-02	6.87243206e-02	1.43287856e+00	7.61146561e-01	6.71732004e-01
1439            	4.47149982e-02	6.87169696e-02	1.43305019e+00	7.61240093e-01	6.71810096e-01
1440            	4.47229974e-02	6.87098564e-02	1.43322373e+00	7.61334863e-01	6.71888869e-01
1441            	4.47312221e-02	6.87028423e-02	1.43339933e+00	7.61430885e-01	6.71968441e-01
1442            	4.47396387e-02	6.86961193e-02	1.43357631e+00	7.61527791e-01	6.72048514e-01
1443            	4.47481422e-02	6.86894481e-02	1.43375429e+00	7.61625286e-01	6.72129002e-01
1444            	4.47567240e-02	6.86829782e-02	1.43393246e+00	7.61722952e-01	6.72209504e-01
1445            	4.47653348e-02	6.86764726e-02	1.43411057e+00	7.61820619e-01	6.72289949e-01
1446            	4.47740365e-02	6.86701082e-02	1.43428824e+00	7.61918157e-01	6.72370084e-01
1447            	4.47828590e-02	6.86637164e-02	1.43446568e+00	7.62015697e-01	6.72449979e-01
1448            	4.47918940e-02	6.86575127e-02	1.43464288e+00	7.62113335e-01	6.72529547e-01
1449            	4.48010996e-02	6.86512999e-02	1.43482012e+00	7.62211158e-01	6.72608959e-01
1450            	4.48104929e-02	6.86452614e-02	1.43499738e+00	7.62309184e-01	6.72688198e-01
1451            	4.48199941e-02	6.86391913e-02	1.43517492e+00	7.62407456e-01	6.72767468e-01
1452            	4.48295962e-02	6.86332649e-02	1.43535265e+00	7.62505922e-01	6.72846729e-01
1453            	4.48391954e-02	6.86272522e-02	1.43553069e+00	7.62604540e-01	6.72926149e-01
1454            	4.48488014e-02	6.86213307e-02	1.43570885e+00	7.62703226e-01	6.73005624e-01
1455            	4.48583549e-02	6.86152929e-02	1.43588722e+00	7.62801965e-01	6.73085256e-01
1456            	4.48679176e-02	6.86093549e-02	1.43606560e+00	7.62900720e-01	6.73164885e-01
1457            	4.48774729e-02	6.86033323e-02	1.43624416e+00	7.62999554e-01	6.73244609e-01
1458            	4.48870654e-02	6.85974313e-02	1.43642267e+00	7.63098399e-01	6.73324268e-01
1459            	4.48966386e-02	6.85914342e-02	1.43660126e+00	7.63197267e-01	6.73403990e-01
1460            	4.49062613e-02	6.85855533e-02	1.43677975e+00	7.63296138e-01	6.73483615e-01
1461            	4.49158997e-02	6.85795857e-02	1.43695833e+00	7.63395064e-01	6.73563265e-01
1462            	4.49256037e-02	6.85737313e-02	1.43713678e+00	7.63493994e-01	6.73642787e-01
1463            	4.49352943e-02	6.85677615e-02	1.43731527e+00	7.63592929e-01	6.73722340e-01
1464            	4.49449873e-02	6.85618540e-02	1.43749358e+00	7.63691776e-01	6.73801801e-01
1465            	4.49545540e-02	6.85557391e-02	1.43767182e+00	7.63790465e-01	6.73881357e-01
1466            	4.49639893e-02	6.85495783e-02	1.43784973e+00	7.63888853e-01	6.73960874e-01
1467            	4.49731804e-02	6.85431195e-02	1.43802739e+00	7.63986874e-01	6.74040513e-01
1468            	4.49821729e-02	6.85365658e-02	1.43820459e+00	7.64084466e-01	6.74120120e-01
1469            	4.49909315e-02	6.85297340e-02	1.43838152e+00	7.64181691e-01	6.74199828e-01
1470            	4.49996428e-02	6.85229500e-02	1.43855818e+00	7.64278732e-01	6.74279446e-01
1471            	4.50083201e-02	6.85160708e-02	1.43873483e+00	7.64375737e-01	6.74359097e-01
1472            	4.50170499e-02	6.85093299e-02	1.43891134e+00	7.64472719e-01	6.74438619e-01
1473            	4.50257486e-02	6.85025000e-02	1.43908784e+00	7.64569669e-01	6.74518172e-01
1474            	4.50344419e-02	6.84957535e-02	1.43926413e+00	7.64666508e-01	6.74597624e-01
1475            	4.50430088e-02	6.84888325e-02	1.43944031e+00	7.64763164e-01	6.74677146e-01
1476            	4.50514823e-02	6.84819137e-02	1.43961615e+00	7.64859556e-01	6.74756592e-01
1477            	4.50597590e-02	6.84747655e-02	1.43979173e+00	7.64955624e-01	6.74836106e-01
1478            	4.50678888e-02	6.84675788e-02	1.43996684e+00	7.65051307e-01	6.74915529e-01
1479            	4.50757648e-02	6.84601235e-02	1.44014155e+00	7.65146540e-01	6.74995010e-01
1480            	4.50834376e-02	6.84525915e-02	1.44031568e+00	7.65241275e-01	6.75074400e-01
1481            	4.50907922e-02	6.84447464e-02	1.44048930e+00	7.65335443e-01	6.75153858e-01
1482            	4.50978725e-02	6.84367732e-02	1.44066221e+00	7.65428978e-01	6.75233233e-01
1483            	4.51045662e-02	6.84284395e-02	1.44083448e+00	7.65521804e-01	6.75312672e-01
1484            	4.51109213e-02	6.84199328e-02	1.44100590e+00	7.65613870e-01	6.75392027e-01
1485            	4.51168271e-02	6.84110191e-02	1.44117657e+00	7.65705111e-01	6.75471457e-01
1486            	4.51223680e-02	6.84019071e-02	1.44134634e+00	7.65795536e-01	6.75550800e-01
1487            	4.51274809e-02	6.83924069e-02	1.44151534e+00	7.65885150e-01	6.75630188e-01
1488            	4.51322925e-02	6.83827619e-02	1.44168348e+00	7.65974032e-01	6.75709447e-01
1489            	4.51367421e-02	6.83727898e-02	1.44185089e+00	7.66062189e-01	6.75788705e-01
1490            	4.51409322e-02	6.83627072e-02	1.44201748e+00	7.66149670e-01	6.75867805e-01
1491            	4.51447621e-02	6.83523041e-02	1.44218332e+00	7.66236423e-01	6.75946898e-01
1492            	4.51482976e-02	6.83417641e-02	1.44234831e+00	7.66322455e-01	6.76025860e-01
1493            	4.51513814e-02	6.83308333e-02	1.44251248e+00	7.66407621e-01	6.76104859e-01
1494            	4.51540866e-02	6.83196972e-02	1.44267569e+00	7.66491934e-01	6.76183761e-01
1495            	4.51563754e-02	6.83082019e-02	1.44283808e+00	7.66575417e-01	6.76262666e-01
1496            	4.51584247e-02	6.82966133e-02	1.44299969e+00	7.66658271e-01	6.76341422e-01
1497            	4.51602146e-02	6.82847907e-02	1.44316070e+00	7.66740563e-01	6.76420134e-01
1498            	4.51618659e-02	6.82729598e-02	1.44332112e+00	7.66822424e-01	6.76498692e-01
1499            	4.51632050e-02	6.82608494e-02	1.44348098e+00	7.66903694e-01	6.76577284e-01
1500            	4.51641948e-02	6.82485627e-02	1.44364008e+00	7.66984235e-01	6.76655846e-01
1501            	4.51646128e-02	6.82357999e-02	1.44379825e+00	7.67063737e-01	6.76734511e-01
1502            	4.51644448e-02	6.82226814e-02	1.44395512e+00	7.67142003e-01	6.76813113e-01
1503            	4.51635590e-02	6.82089916e-02	1.44411052e+00	7.67218819e-01	6.76891701e-01
1504            	4.51620743e-02	6.81949366e-02	1.44426431e+00	7.67294230e-01	6.76970082e-01
1505            	4.51599908e-02	6.81804055e-02	1.44441665e+00	7.67368314e-01	6.77048332e-01
1506            	4.51575160e-02	6.81656599e-02	1.44456771e+00	7.67441372e-01	6.77126340e-01
1507            	4.51546463e-02	6.81505864e-02	1.44471779e+00	7.67513539e-01	6.77204246e-01
1508            	4.51515006e-02	6.81353797e-02	1.44486697e+00	7.67584986e-01	6.77281985e-01
1509            	4.51479678e-02	6.81198509e-02	1.44501534e+00	7.67655638e-01	6.77359703e-01
1510            	4.51440926e-02	6.81041374e-02	1.44516282e+00	7.67725501e-01	6.77437315e-01
1511            	4.51398593e-02	6.80881383e-02	1.44530958e+00	7.67794648e-01	6.77514930e-01
1512            	4.51354691e-02	6.80721182e-02	1.44545578e+00	7.67863360e-01	6.77592422e-01
1513            	4.51308586e-02	6.80559450e-02	1.44560141e+00	7.67931565e-01	6.77669848e-01
1514            	4.51260580e-02	6.80397407e-02	1.44574631e+00	7.67999213e-01	6.77747096e-01
1515            	4.51208127e-02	6.80231924e-02	1.44589016e+00	7.68065890e-01	6.77824265e-01
1516            	4.51150015e-02	6.80062934e-02	1.44603262e+00	7.68131310e-01	6.77901307e-01
1517            	4.51083499e-02	6.79886938e-02	1.44617335e+00	7.68195027e-01	6.77978327e-01
1518            	4.51009717e-02	6.79705798e-02	1.44631232e+00	7.68257133e-01	6.78055189e-01
1519            	4.50929883e-02	6.79519587e-02	1.44644977e+00	7.68317873e-01	6.78131897e-01
1520            	4.50847432e-02	6.79331978e-02	1.44658618e+00	7.68377831e-01	6.78208345e-01
1521            	4.50763748e-02	6.79143356e-02	1.44672194e+00	7.68437347e-01	6.78284597e-01
1522            	4.50680647e-02	6.78956056e-02	1.44685744e+00	7.68496783e-01	6.78360654e-01
1523            	4.50597502e-02	6.78768872e-02	1.44699269e+00	7.68556095e-01	6.78436594e-01
1524            	4.50514505e-02	6.78582785e-02	1.44712779e+00	7.68615344e-01	6.78512443e-01
1525            	4.50430241e-02	6.78395948e-02	1.44726252e+00	7.68674286e-01	6.78588237e-01
1526            	4.50345273e-02	6.78209592e-02	1.44739705e+00	7.68733051e-01	6.78663996e-01
1527            	4.50258329e-02	6.78021997e-02	1.44753101e+00	7.68791339e-01	6.78739673e-01
1528            	4.50168938e-02	6.77833426e-02	1.44766423e+00	7.68849007e-01	6.78815220e-01
1529            	4.50075200e-02	6.77641413e-02	1.44779615e+00	7.68905597e-01	6.78890557e-01
1530            	4.49976294e-02	6.77445839e-02	1.44792663e+00	7.68960946e-01	6.78965687e-01
1531            	4.49873167e-02	6.77253977e-02	1.44805028e+00	7.69012457e-01	6.79037824e-01
1532            	4.49771014e-02	6.77072322e-02	1.44816029e+00	7.69057248e-01	6.79103046e-01
1533            	4.49653281e-02	6.76827813e-02	1.44831525e+00	7.69122952e-01	6.79192296e-01
1534            	4.49537401e-02	6.76598507e-02	1.44846202e+00	7.69184750e-01	6.79277270e-01
1535            	4.49425628e-02	6.76399643e-02	1.44858515e+00	7.69235137e-01	6.79350011e-01
1536            	4.49318438e-02	6.76214829e-02	1.44869530e+00	7.69279493e-01	6.79415806e-01
1537            	4.49216734e-02	6.76042708e-02	1.44879445e+00	7.69318896e-01	6.79475550e-01
1538            	4.49112632e-02	6.75824007e-02	1.44893566e+00	7.69379092e-01	6.79556566e-01
1539            	4.49011160e-02	6.75613825e-02	1.44907356e+00	7.69437898e-01	6.79635666e-01
1540            	4.48910087e-02	6.75421572e-02	1.44919620e+00	7.69489107e-01	6.79707090e-01
1541            	4.48808798e-02	6.75235206e-02	1.44931408e+00	7.69537922e-01	6.79776162e-01
1542            	4.48707763e-02	6.75056588e-02	1.44941994e+00	7.69580747e-01	6.79839194e-01
1543            	4.48617625e-02	6.74839403e-02	1.44957599e+00	7.69649755e-01	6.79926230e-01
1544            	4.48521380e-02	6.74642614e-02	1.44971034e+00	7.69707308e-01	6.80003032e-01
1545            	4.48423929e-02	6.74457214e-02	1.44983232e+00	7.69758555e-01	6.80073769e-01
1546            	4.48326024e-02	6.74280557e-02	1.44993854e+00	7.69801872e-01	6.80136667e-01
1547            	4.48243615e-02	6.74076744e-02	1.45008599e+00	7.69867356e-01	6.80218633e-01
1548            	4.48153562e-02	6.73892403e-02	1.45020562e+00	7.69918167e-01	6.80287455e-01
1549            	4.48063388e-02	6.73718446e-02	1.45031350e+00	7.69963088e-01	6.80350410e-01
1550            	4.47988478e-02	6.73525195e-02	1.45045614e+00	7.70026918e-01	6.80429222e-01
1551            	4.47911952e-02	6.73345621e-02	1.45058554e+00	7.70083966e-01	6.80501576e-01
1552            	4.47834269e-02	6.73175994e-02	1.45070028e+00	7.70133569e-01	6.80566715e-01
1553            	4.47778768e-02	6.72993772e-02	1.45084983e+00	7.70202790e-01	6.80647036e-01
1554            	4.47720093e-02	6.72824324e-02	1.45098363e+00	7.70263824e-01	6.80719805e-01
1555            	4.47658493e-02	6.72668013e-02	1.45110065e+00	7.70316174e-01	6.80784475e-01
1556            	4.47623432e-02	6.72503979e-02	1.45125067e+00	7.70387679e-01	6.80862993e-01
1557            	4.47574891e-02	6.72350781e-02	1.45137469e+00	7.70444836e-01	6.80929858e-01
1558            	4.47544486e-02	6.72197932e-02	1.45151446e+00	7.70511676e-01	6.81002779e-01
1559            	4.47506628e-02	6.72055612e-02	1.45163520e+00	7.70568265e-01	6.81066940e-01
1560            	4.47504774e-02	6.71910656e-02	1.45179183e+00	7.70646392e-01	6.81145437e-01
1561            	4.47506018e-02	6.71775257e-02	1.45194330e+00	7.70722253e-01	6.81221050e-01
1562            	4.47507320e-02	6.71647567e-02	1.45208639e+00	7.70793928e-01	6.81292464e-01
1563            	4.47497927e-02	6.71524835e-02	1.45221184e+00	7.70855715e-01	6.81356130e-01
1564            	4.47480656e-02	6.71406025e-02	1.45232269e+00	7.70909410e-01	6.81413279e-01
1565            	4.47506694e-02	6.71285551e-02	1.45247241e+00	7.70986872e-01	6.81485534e-01
1566            	4.47540150e-02	6.71172786e-02	1.45262389e+00	7.71065961e-01	6.81557931e-01
1567            	4.47565432e-02	6.71066936e-02	1.45276351e+00	7.71138298e-01	6.81625211e-01
1568            	4.47581886e-02	6.70964328e-02	1.45288935e+00	7.71202862e-01	6.81686484e-01
1569            	4.47652734e-02	6.70872390e-02	1.45305722e+00	7.71293883e-01	6.81763337e-01
1570            	4.47730212e-02	6.70789889e-02	1.45322431e+00	7.71385177e-01	6.81839134e-01
1571            	4.47794357e-02	6.70712058e-02	1.45337501e+00	7.71466938e-01	6.81908067e-01
1572            	4.47844705e-02	6.70636941e-02	1.45350849e+00	7.71538716e-01	6.81969775e-01
1573            	4.47952927e-02	6.70572531e-02	1.45368231e+00	7.71636449e-01	6.82045864e-01
1574            	4.48062284e-02	6.70512703e-02	1.45385208e+00	7.71732269e-01	6.82119812e-01
1575            	4.48155720e-02	6.70453011e-02	1.45400618e+00	7.71818661e-01	6.82187517e-01
1576            	4.48230327e-02	6.70391645e-02	1.45414216e+00	7.71894111e-01	6.82248045e-01
1577            	4.48341852e-02	6.70335646e-02	1.45430367e+00	7.71986018e-01	6.82317648e-01
1578            	4.48434590e-02	6.70276606e-02	1.45444843e+00	7.72067675e-01	6.82380757e-01
1579            	4.48583516e-02	6.70230836e-02	1.45463170e+00	7.72174204e-01	6.82457501e-01
1580            	4.48733159e-02	6.70191934e-02	1.45481227e+00	7.72279453e-01	6.82532821e-01
1581            	4.48863979e-02	6.70155680e-02	1.45497620e+00	7.72374497e-01	6.82601701e-01
1582            	4.48973594e-02	6.70119229e-02	1.45512101e+00	7.72457865e-01	6.82663146e-01
1583            	4.49136772e-02	6.70092839e-02	1.45530177e+00	7.72564561e-01	6.82737207e-01
1584            	4.49299215e-02	6.70069845e-02	1.45547940e+00	7.72669624e-01	6.82809781e-01
1585            	4.49445469e-02	6.70046497e-02	1.45564359e+00	7.72766340e-01	6.82877247e-01
1586            	4.49589577e-02	6.70022741e-02	1.45580404e+00	7.72860978e-01	6.82943063e-01
1587            	4.49716227e-02	6.69993431e-02	1.45595007e+00	7.72946659e-01	6.83003414e-01
1588            	4.49888251e-02	6.69970253e-02	1.45612914e+00	7.73053397e-01	6.83075747e-01
1589            	4.50062784e-02	6.69949836e-02	1.45630941e+00	7.73160986e-01	6.83148429e-01
1590            	4.50234940e-02	6.69933568e-02	1.45648693e+00	7.73266957e-01	6.83219969e-01
1591            	4.50394219e-02	6.69919028e-02	1.45665374e+00	7.73366292e-01	6.83287448e-01
1592            	4.50535004e-02	6.69900876e-02	1.45680476e+00	7.73455883e-01	6.83348882e-01
1593            	4.50717109e-02	6.69886364e-02	1.45698835e+00	7.73565884e-01	6.83422462e-01
1594            	4.50898270e-02	6.69872943e-02	1.45717105e+00	7.73675351e-01	6.83495697e-01
1595            	4.51074356e-02	6.69861195e-02	1.45734943e+00	7.73782152e-01	6.83567281e-01
1596            	4.51235623e-02	6.69849462e-02	1.45751560e+00	7.73881360e-01	6.83634236e-01
1597            	4.51378104e-02	6.69833079e-02	1.45766562e+00	7.73970620e-01	6.83694999e-01
1598            	4.51554805e-02	6.69815079e-02	1.45784647e+00	7.74078714e-01	6.83767753e-01
1599            	4.51729302e-02	6.69796743e-02	1.45802669e+00	7.74186276e-01	6.83840416e-01
1600            	4.51898289e-02	6.69779555e-02	1.45820316e+00	7.74291410e-01	6.83911752e-01
1601            	4.52061499e-02	6.69761514e-02	1.45837563e+00	7.74393967e-01	6.83981667e-01
1602            	4.52219557e-02	6.69743438e-02	1.45854448e+00	7.74494198e-01	6.84050286e-01
1603            	4.52366892e-02	6.69725252e-02	1.45870418e+00	7.74588780e-01	6.84115402e-01
1604            	4.52508155e-02	6.69703932e-02	1.45885973e+00	7.74680682e-01	6.84179051e-01
1605            	4.52639591e-02	6.69679414e-02	1.45900641e+00	7.74767166e-01	6.84239248e-01
1606            	4.52811675e-02	6.69646724e-02	1.45920026e+00	7.74881300e-01	6.84318965e-01
1607            	4.52966606e-02	6.69617938e-02	1.45937847e+00	7.74985895e-01	6.84392574e-01
1608            	4.53118790e-02	6.69591158e-02	1.45955624e+00	7.75089998e-01	6.84466240e-01
1609            	4.53270865e-02	6.69562661e-02	1.45973831e+00	7.75196241e-01	6.84542068e-01
1610            	4.53397985e-02	6.69538153e-02	1.45989260e+00	7.75286097e-01	6.84606500e-01
1611            	4.53516821e-02	6.69508235e-02	1.46004097e+00	7.75372165e-01	6.84668801e-01
1612            	4.53626631e-02	6.69473360e-02	1.46018035e+00	7.75452838e-01	6.84727511e-01
1613            	4.53754433e-02	6.69419837e-02	1.46035472e+00	7.75552804e-01	6.84801918e-01
1614            	4.53878166e-02	6.69366607e-02	1.46052920e+00	7.75652419e-01	6.84876786e-01
1615            	4.54001727e-02	6.69309414e-02	1.46071248e+00	7.75756411e-01	6.84956066e-01
1616            	4.54110228e-02	6.69259768e-02	1.46087545e+00	7.75848745e-01	6.85026700e-01
1617            	4.54212338e-02	6.69209358e-02	1.46103378e+00	7.75938125e-01	6.85095658e-01
1618            	4.54307705e-02	6.69154598e-02	1.46118812e+00	7.76024831e-01	6.85163290e-01
1619            	4.54397347e-02	6.69096087e-02	1.46133942e+00	7.76109447e-01	6.85229977e-01
1620            	4.54481583e-02	6.69032225e-02	1.46148911e+00	7.76192713e-01	6.85296396e-01
1621            	4.54561841e-02	6.68964868e-02	1.46163892e+00	7.76275644e-01	6.85363276e-01
1622            	4.54637987e-02	6.68893303e-02	1.46178964e+00	7.76358619e-01	6.85431022e-01
1623            	4.54710971e-02	6.68820163e-02	1.46194166e+00	7.76441925e-01	6.85499731e-01
1624            	4.54780102e-02	6.68744185e-02	1.46209493e+00	7.76525475e-01	6.85569455e-01
1625            	4.54845843e-02	6.68667624e-02	1.46224859e+00	7.76608880e-01	6.85639711e-01
1626            	4.54907031e-02	6.68588207e-02	1.46240217e+00	7.76691790e-01	6.85710384e-01
1627            	4.54964031e-02	6.68507457e-02	1.46255470e+00	7.76773751e-01	6.85780945e-01
1628            	4.55015540e-02	6.68422708e-02	1.46270574e+00	7.76854425e-01	6.85851317e-01
1629            	4.55062066e-02	6.68335241e-02	1.46285490e+00	7.76933658e-01	6.85921245e-01
1630            	4.55102591e-02	6.68242870e-02	1.46300209e+00	7.77011303e-01	6.85990785e-01
1631            	4.55138053e-02	6.68147314e-02	1.46314747e+00	7.77087539e-01	6.86059928e-01
1632            	4.55167713e-02	6.68046986e-02	1.46329118e+00	7.77162364e-01	6.86128821e-01
1633            	4.55192752e-02	6.67944011e-02	1.46343361e+00	7.77236081e-01	6.86197531e-01
1634            	4.55212461e-02	6.67836978e-02	1.46357492e+00	7.77308705e-01	6.86266212e-01
1635            	4.55228165e-02	6.67728233e-02	1.46371540e+00	7.77380515e-01	6.86334882e-01
1636            	4.55239269e-02	6.67616369e-02	1.46385515e+00	7.77451501e-01	6.86403647e-01
1637            	4.55247212e-02	6.67503743e-02	1.46399432e+00	7.77521880e-01	6.86472437e-01
1638            	4.55251172e-02	6.67388528e-02	1.46413287e+00	7.77591551e-01	6.86541317e-01
1639            	4.55252361e-02	6.67272775e-02	1.46427080e+00	7.77660639e-01	6.86610166e-01
1640            	4.55249612e-02	6.67154221e-02	1.46440800e+00	7.77728960e-01	6.86679037e-01
1641            	4.55244024e-02	6.67034764e-02	1.46454441e+00	7.77796606e-01	6.86747801e-01
1642            	4.55234353e-02	6.66912073e-02	1.46467991e+00	7.77863393e-01	6.86816522e-01
1643            	4.55221655e-02	6.66788048e-02	1.46481450e+00	7.77929417e-01	6.86885086e-01
1644            	4.55204647e-02	6.66660389e-02	1.46494808e+00	7.77994506e-01	6.86953576e-01
1645            	4.55184538e-02	6.66531206e-02	1.46508070e+00	7.78058804e-01	6.87021897e-01
1646            	4.55160250e-02	6.66398442e-02	1.46521235e+00	7.78122200e-01	6.87090150e-01
1647            	4.55133238e-02	6.66264468e-02	1.46534315e+00	7.78184898e-01	6.87158251e-01
1648            	4.55102549e-02	6.66127389e-02	1.46547311e+00	7.78246812e-01	6.87226302e-01
1649            	4.55069884e-02	6.65989776e-02	1.46560241e+00	7.78308191e-01	6.87294214e-01
1650            	4.55034522e-02	6.65849935e-02	1.46573107e+00	7.78368989e-01	6.87362085e-01
1651            	4.54998116e-02	6.65710365e-02	1.46585928e+00	7.78429453e-01	6.87429830e-01
1652            	4.54959808e-02	6.65569234e-02	1.46598704e+00	7.78489502e-01	6.87497541e-01
1653            	4.54921010e-02	6.65428829e-02	1.46611447e+00	7.78549336e-01	6.87565134e-01
1654            	4.54886376e-02	6.65298073e-02	1.46623742e+00	7.78607346e-01	6.87630071e-01
1655            	4.54860005e-02	6.65181838e-02	1.46635024e+00	7.78661122e-01	6.87689121e-01
1656            	4.54802146e-02	6.65007448e-02	1.46649374e+00	7.78727086e-01	6.87766657e-01
1657            	4.54755205e-02	6.64859839e-02	1.46662385e+00	7.78787446e-01	6.87836405e-01
1658            	4.54704646e-02	6.64709325e-02	1.46675411e+00	7.78847521e-01	6.87906591e-01
1659            	4.54654982e-02	6.64563613e-02	1.46688068e+00	7.78905837e-01	6.87974840e-01
1660            	4.54605246e-02	6.64419068e-02	1.46700393e+00	7.78962488e-01	6.88041439e-01
1661            	4.54556219e-02	6.64275539e-02	1.46712543e+00	7.79018338e-01	6.88107094e-01
1662            	4.54511560e-02	6.64141086e-02	1.46724145e+00	7.79071881e-01	6.88169569e-01
1663            	4.54473900e-02	6.64019512e-02	1.46734739e+00	7.79121087e-01	6.88226307e-01
1664            	4.54414183e-02	6.63843431e-02	1.46748649e+00	7.79184665e-01	6.88301829e-01
1665            	4.54362859e-02	6.63692718e-02	1.46761309e+00	7.79242829e-01	6.88370258e-01
1666            	4.54311513e-02	6.63543872e-02	1.46773983e+00	7.79301067e-01	6.88438764e-01
1667            	4.54262313e-02	6.63401323e-02	1.46786457e+00	7.79358514e-01	6.88506051e-01
1668            	4.54216289e-02	6.63269449e-02	1.46798307e+00	7.79413164e-01	6.88569906e-01
1669            	4.54174708e-02	6.63150063e-02	1.46808944e+00	7.79462192e-01	6.88627250e-01
1670            	4.54123003e-02	6.62985958e-02	1.46823046e+00	7.79527530e-01	6.88702929e-01
1671            	4.54075871e-02	6.62848996e-02	1.46835048e+00	7.79582828e-01	6.88767654e-01
1672            	4.54031854e-02	6.62726908e-02	1.46845883e+00	7.79632600e-01	6.88826229e-01
1673            	4.53983194e-02	6.62564510e-02	1.46860330e+00	7.79699968e-01	6.88903329e-01
1674            	4.53936791e-02	6.62414052e-02	1.46874048e+00	7.79763919e-01	6.88976561e-01
1675            	4.53890951e-02	6.62287664e-02	1.46885381e+00	7.79815999e-01	6.89037809e-01
1676            	4.53846245e-02	6.62172286e-02	1.46895498e+00	7.79862115e-01	6.89092866e-01
1677            	4.53805989e-02	6.62022660e-02	1.46909255e+00	7.79926875e-01	6.89165677e-01
1678            	4.53763625e-02	6.61885445e-02	1.46921595e+00	7.79984337e-01	6.89231612e-01
1679            	4.53722579e-02	6.61751854e-02	1.46933783e+00	7.80041171e-01	6.89296656e-01
1680            	4.53679975e-02	6.61625094e-02	1.46945244e+00	7.80094217e-01	6.89358222e-01
1681            	4.53634434e-02	6.61504323e-02	1.46955524e+00	7.80141066e-01	6.89414179e-01
1682            	4.53605126e-02	6.61358570e-02	1.46969913e+00	7.80210076e-01	6.89489051e-01
1683            	4.53564263e-02	6.61228507e-02	1.46981932e+00	7.80266085e-01	6.89553233e-01
1684            	4.53518729e-02	6.61108384e-02	1.46992623e+00	7.80314989e-01	6.89611244e-01
1685            	4.53496350e-02	6.60971175e-02	1.47007476e+00	7.80387015e-01	6.89687745e-01
1686            	4.53464084e-02	6.60843434e-02	1.47020523e+00	7.80449022e-01	6.89756205e-01
1687            	4.53425008e-02	6.60721556e-02	1.47032207e+00	7.80503537e-01	6.89818536e-01
1688            	4.53378540e-02	6.60604974e-02	1.47042385e+00	7.80549777e-01	6.89874069e-01
1689            	4.53352571e-02	6.60474749e-02	1.47055661e+00	7.80613562e-01	6.89943048e-01
1690            	4.53325886e-02	6.60347889e-02	1.47068597e+00	7.80675576e-01	6.90010399e-01
1691            	4.53289526e-02	6.60225384e-02	1.47080176e+00	7.80729834e-01	6.90071929e-01
1692            	4.53243808e-02	6.60103515e-02	1.47090374e+00	7.80776252e-01	6.90127490e-01
1693            	4.53236732e-02	6.59975594e-02	1.47105113e+00	7.80849237e-01	6.90201890e-01
1694            	4.53213447e-02	6.59851078e-02	1.47118056e+00	7.80911626e-01	6.90268937e-01
1695            	4.53176450e-02	6.59729241e-02	1.47129327e+00	7.80964280e-01	6.90328990e-01
1696            	4.53128963e-02	6.59610013e-02	1.47139208e+00	7.81008935e-01	6.90383143e-01
1697            	4.53123196e-02	6.59488803e-02	1.47153552e+00	7.81080081e-01	6.90455442e-01
1698            	4.53102580e-02	6.59369665e-02	1.47166323e+00	7.81141873e-01	6.90521357e-01
1699            	4.53068544e-02	6.59251731e-02	1.47177542e+00	7.81194562e-01	6.90580854e-01
1700            	4.53023434e-02	6.59131510e-02	1.47187320e+00	7.81238944e-01	6.90634257e-01
1701            	4.53026050e-02	6.59015320e-02	1.47201670e+00	7.81310956e-01	6.90705746e-01
1702            	4.53000045e-02	6.58896850e-02	1.47213232e+00	7.81366162e-01	6.90766153e-01
1703            	4.52963913e-02	6.58780198e-02	1.47223496e+00	7.81413873e-01	6.90821090e-01
1704            	4.52980716e-02	6.58673008e-02	1.47238483e+00	7.81490488e-01	6.90894345e-01
1705            	4.52991734e-02	6.58570854e-02	1.47252580e+00	7.81562076e-01	6.90963729e-01
1706            	4.52970709e-02	6.58463957e-02	1.47263545e+00	7.81614798e-01	6.91020656e-01
1707            	4.52939044e-02	6.58352312e-02	1.47273179e+00	7.81659798e-01	6.91071989e-01
1708            	4.52959596e-02	6.58249321e-02	1.47287373e+00	7.81732825e-01	6.91140906e-01
1709            	4.52962902e-02	6.58143140e-02	1.47299889e+00	7.81795737e-01	6.91203156e-01
1710            	4.52956352e-02	6.58036683e-02	1.47311228e+00	7.81851774e-01	6.91260503e-01
1711            	4.52942254e-02	6.57931950e-02	1.47321496e+00	7.81901703e-01	6.91313252e-01
1712            	4.52986931e-02	6.57841121e-02	1.47336503e+00	7.81981208e-01	6.91383822e-01
1713            	4.53015884e-02	6.57753201e-02	1.47349755e+00	7.82050362e-01	6.91447185e-01
1714            	4.53037625e-02	6.57668154e-02	1.47361846e+00	7.82112993e-01	6.91505468e-01
1715            	4.53052208e-02	6.57582536e-02	1.47372711e+00	7.82168775e-01	6.91558333e-01
1716            	4.53135635e-02	6.57520355e-02	1.47388472e+00	7.82255923e-01	6.91628796e-01
1717            	4.53190453e-02	6.57454389e-02	1.47401557e+00	7.82326831e-01	6.91688741e-01
1718            	4.53233520e-02	6.57385923e-02	1.47413101e+00	7.82388855e-01	6.91742151e-01
1719            	4.53327635e-02	6.57336104e-02	1.47427956e+00	7.82472545e-01	6.91807018e-01
1720            	4.53414878e-02	6.57288741e-02	1.47441799e+00	7.82550482e-01	6.91867507e-01
1721            	4.53488956e-02	6.57238765e-02	1.47454119e+00	7.82619490e-01	6.91921699e-01
1722            	4.53621469e-02	6.57212613e-02	1.47470065e+00	7.82712472e-01	6.91988178e-01
1723            	4.53740603e-02	6.57186780e-02	1.47484614e+00	7.82797132e-01	6.92049011e-01
1724            	4.53843358e-02	6.57156883e-02	1.47497519e+00	7.82871930e-01	6.92103259e-01
1725            	4.54008488e-02	6.57152876e-02	1.47514161e+00	7.82971653e-01	6.92169955e-01
1726            	4.54154671e-02	6.57145781e-02	1.47529149e+00	7.83061212e-01	6.92230278e-01
1727            	4.54281346e-02	6.57132129e-02	1.47542412e+00	7.83140193e-01	6.92283924e-01
1728            	4.54454560e-02	6.57135509e-02	1.47558427e+00	7.83237593e-01	6.92346681e-01
1729            	4.54602260e-02	6.57133354e-02	1.47572457e+00	7.83322512e-01	6.92402060e-01
1730            	4.54793606e-02	6.57146499e-02	1.47589062e+00	7.83424672e-01	6.92465951e-01
1731            	4.54958109e-02	6.57151417e-02	1.47603616e+00	7.83513890e-01	6.92522269e-01
1732            	4.55166767e-02	6.57173464e-02	1.47620794e+00	7.83620645e-01	6.92587291e-01
1733            	4.55346029e-02	6.57189914e-02	1.47635807e+00	7.83713637e-01	6.92644431e-01
1734            	4.55566220e-02	6.57220370e-02	1.47653262e+00	7.83822932e-01	6.92709688e-01
1735            	4.55739199e-02	6.57237965e-02	1.47667365e+00	7.83910746e-01	6.92762906e-01
1736            	4.55915199e-02	6.57254869e-02	1.47681516e+00	7.83999099e-01	6.92816059e-01
1737            	4.56102325e-02	6.57273037e-02	1.47696327e+00	7.84091867e-01	6.92871402e-01
1738            	4.56320095e-02	6.57295545e-02	1.47713192e+00	7.84197971e-01	6.92933952e-01
1739            	4.56545265e-02	6.57324491e-02	1.47730423e+00	7.84306640e-01	6.92997587e-01
1740            	4.56774002e-02	6.57358279e-02	1.47747764e+00	7.84416222e-01	6.93061422e-01
1741            	4.57004476e-02	6.57396623e-02	1.47765073e+00	7.84525813e-01	6.93124918e-01
1742            	4.57253140e-02	6.57439885e-02	1.47783551e+00	7.84643071e-01	6.93192443e-01
1743            	4.57495702e-02	6.57486682e-02	1.47801373e+00	7.84756436e-01	6.93257296e-01
1744            	4.57727705e-02	6.57531507e-02	1.47818378e+00	7.84864659e-01	6.93319118e-01
1745            	4.57950110e-02	6.57572303e-02	1.47834713e+00	7.84968574e-01	6.93378552e-01
1746            	4.58165838e-02	6.57607790e-02	1.47850679e+00	7.85069977e-01	6.93436810e-01
1747            	4.58376715e-02	6.57636809e-02	1.47866513e+00	7.85170235e-01	6.93494892e-01
1748            	4.58583797e-02	6.57658991e-02	1.47882382e+00	7.85270288e-01	6.93553528e-01
1749            	4.58787525e-02	6.57674712e-02	1.47898381e+00	7.85370658e-01	6.93613153e-01
1750            	4.58987785e-02	6.57684750e-02	1.47914536e+00	7.85471458e-01	6.93673901e-01
1751            	4.59184178e-02	6.57690149e-02	1.47930819e+00	7.85572515e-01	6.93735679e-01
1752            	4.59376302e-02	6.57692103e-02	1.47947173e+00	7.85673494e-01	6.93798234e-01
1753            	4.59563763e-02	6.57691598e-02	1.47963520e+00	7.85773974e-01	6.93861222e-01
1754            	4.59746255e-02	6.57689284e-02	1.47979785e+00	7.85873548e-01	6.93924297e-01
1755            	4.59923530e-02	6.57685381e-02	1.47995907e+00	7.85971886e-01	6.93987180e-01
1756            	4.60095326e-02	6.57679685e-02	1.48011845e+00	7.86068760e-01	6.94049695e-01
1757            	4.60261362e-02	6.57671677e-02	1.48027582e+00	7.86164048e-01	6.94111775e-01
1758            	4.60421294e-02	6.57660629e-02	1.48043119e+00	7.86257724e-01	6.94173465e-01
1759            	4.60574691e-02	6.57645731e-02	1.48058470e+00	7.86349817e-01	6.94234879e-01
1760            	4.60721040e-02	6.57626185e-02	1.48073653e+00	7.86440371e-01	6.94296163e-01
1761            	4.60859791e-02	6.57601298e-02	1.48088689e+00	7.86529426e-01	6.94357467e-01
1762            	4.60990362e-02	6.57570464e-02	1.48103590e+00	7.86616987e-01	6.94418915e-01
1763            	4.61112236e-02	6.57533248e-02	1.48118363e+00	7.86703038e-01	6.94480591e-01
1764            	4.61225032e-02	6.57489453e-02	1.48133005e+00	7.86787530e-01	6.94542524e-01
1765            	4.61328491e-02	6.57439028e-02	1.48147510e+00	7.86870398e-01	6.94604700e-01
1766            	4.61422507e-02	6.57382060e-02	1.48161865e+00	7.86951577e-01	6.94667076e-01
1767            	4.61547492e-02	6.57358236e-02	1.48176083e+00	7.87035164e-01	6.94725665e-01
1768            	4.61656738e-02	6.57315574e-02	1.48190413e+00	7.87117737e-01	6.94786389e-01
1769            	4.61745653e-02	6.57253402e-02	1.48204733e+00	7.87198229e-01	6.94849098e-01
1770            	4.61812027e-02	6.57173362e-02	1.48218898e+00	7.87275692e-01	6.94913286e-01
1771            	4.61856218e-02	6.57078475e-02	1.48232788e+00	7.87349560e-01	6.94978316e-01
1772            	4.61880539e-02	6.56972088e-02	1.48246321e+00	7.87419660e-01	6.95043552e-01
1773            	4.61910211e-02	6.56886331e-02	1.48259150e+00	7.87486770e-01	6.95104728e-01
1774            	4.62098373e-02	6.56957354e-02	1.48275579e+00	7.87587731e-01	6.95168057e-01
1775            	4.62246948e-02	6.56981073e-02	1.48292287e+00	7.87686128e-01	6.95236738e-01
1776            	4.62353889e-02	6.56961852e-02	1.48310392e+00	7.87787349e-01	6.95316572e-01
1777            	4.62563149e-02	6.57062082e-02	1.48328416e+00	7.87898394e-01	6.95385764e-01
1778            	4.62922256e-02	6.57292394e-02	1.48354297e+00	7.88063709e-01	6.95479258e-01
1779            	4.63005979e-02	6.57298367e-02	1.48367890e+00	7.88140049e-01	6.95538853e-01
1780            	4.62905443e-02	6.57112894e-02	1.48377742e+00	7.88179255e-01	6.95598166e-01
1781            	4.62877480e-02	6.56997937e-02	1.48387914e+00	7.88227316e-01	6.95651820e-01
1782            	4.62879289e-02	6.56885538e-02	1.48402065e+00	7.88298254e-01	6.95722396e-01
1783            	4.62691756e-02	6.56621799e-02	1.48409361e+00	7.88315978e-01	6.95777627e-01
1784            	4.62576185e-02	6.56439890e-02	1.48417091e+00	7.88343071e-01	6.95827834e-01
1785            	4.62490782e-02	6.56237386e-02	1.48430580e+00	7.88401980e-01	6.95903824e-01
1786            	4.62285891e-02	6.55926384e-02	1.48438925e+00	7.88423215e-01	6.95966036e-01
1787            	4.62207006e-02	6.55745132e-02	1.48448899e+00	7.88465198e-01	6.96023797e-01
1788            	4.61922229e-02	6.55377709e-02	1.48456255e+00	7.88473498e-01	6.96089052e-01
1789            	4.61817376e-02	6.55186355e-02	1.48466152e+00	7.88512499e-01	6.96149024e-01
1790            	4.61540170e-02	6.54844738e-02	1.48473466e+00	7.88521347e-01	6.96213313e-01
1791            	4.61455277e-02	6.54676360e-02	1.48484404e+00	7.88567547e-01	6.96276492e-01
1792            	4.61308332e-02	6.54442968e-02	1.48493397e+00	7.88597819e-01	6.96336153e-01
1793            	4.61114384e-02	6.54161373e-02	1.48501078e+00	7.88616830e-01	6.96393953e-01
1794            	4.60833694e-02	6.53826828e-02	1.48506416e+00	7.88615448e-01	6.96448709e-01
1795            	4.60754640e-02	6.53666804e-02	1.48516849e+00	7.88659707e-01	6.96508779e-01
1796            	4.60584734e-02	6.53444380e-02	1.48525200e+00	7.88684476e-01	6.96567529e-01
1797            	4.60412652e-02	6.53203250e-02	1.48533821e+00	7.88710369e-01	6.96627838e-01
1798            	4.60245189e-02	6.52955386e-02	1.48542774e+00	7.88738389e-01	6.96689351e-01
1799            	4.60087753e-02	6.52712138e-02	1.48552058e+00	7.88769063e-01	6.96751512e-01
1800            	4.59869155e-02	6.52443522e-02	1.48559803e+00	7.88785931e-01	6.96812100e-01
1801            	4.59885303e-02	6.52382214e-02	1.48573086e+00	7.88853960e-01	6.96876899e-01
1802            	4.59809333e-02	6.52261289e-02	1.48584039e+00	7.88901126e-01	6.96939260e-01
1803            	4.59733759e-02	6.52124595e-02	1.48594913e+00	7.88947941e-01	6.97001189e-01
1804            	4.59653300e-02	6.51970848e-02	1.48605590e+00	7.88993279e-01	6.97062619e-01
1805            	4.59478290e-02	6.51752730e-02	1.48614007e+00	7.89017863e-01	6.97122205e-01
1806            	4.59303895e-02	6.51509152e-02	1.48623286e+00	7.89046821e-01	6.97186042e-01
1807            	4.59160170e-02	6.51288397e-02	1.48632608e+00	7.89079055e-01	6.97247021e-01
1808            	4.58948612e-02	6.51033031e-02	1.48639874e+00	7.89094229e-01	6.97304507e-01
1809            	4.58906181e-02	6.50950787e-02	1.48650668e+00	7.89143959e-01	6.97362723e-01
1810            	4.58886413e-02	6.50866783e-02	1.48661772e+00	7.89197502e-01	6.97420219e-01
1811            	4.58779556e-02	6.50715584e-02	1.48670885e+00	7.89232382e-01	6.97476470e-01
1812            	4.58699306e-02	6.50564313e-02	1.48680679e+00	7.89273327e-01	6.97533466e-01
1813            	4.58525237e-02	6.50329903e-02	1.48689444e+00	7.89299743e-01	6.97594695e-01
1814            	4.58522675e-02	6.50269286e-02	1.48701881e+00	7.89361672e-01	6.97657137e-01
1815            	4.58432320e-02	6.50133305e-02	1.48712174e+00	7.89404100e-01	6.97717636e-01
1816            	4.58596568e-02	6.50204804e-02	1.48728242e+00	7.89500868e-01	6.97781555e-01
1817            	4.58621055e-02	6.50149557e-02	1.48741847e+00	7.89571342e-01	6.97847131e-01
1818            	4.58510154e-02	6.49982760e-02	1.48751829e+00	7.89610161e-01	6.97908130e-01
1819            	4.58286779e-02	6.49706326e-02	1.48759663e+00	7.89626992e-01	6.97969636e-01
1820            	4.58246884e-02	6.49596127e-02	1.48772025e+00	7.89684814e-01	6.98035438e-01
1821            	4.58374220e-02	6.49646653e-02	1.48787623e+00	7.89775538e-01	6.98100694e-01
1822            	4.58360725e-02	6.49554579e-02	1.48800440e+00	7.89838274e-01	6.98166129e-01
1823            	4.58223393e-02	6.49359853e-02	1.48807982e+00	7.89862249e-01	6.98217571e-01
1824            	4.58275247e-02	6.49322976e-02	1.48821069e+00	7.89932870e-01	6.98277820e-01
1825            	4.58450035e-02	6.49416103e-02	1.48835421e+00	7.90022106e-01	6.98332099e-01
1826            	4.58453736e-02	6.49338827e-02	1.48846020e+00	7.90075474e-01	6.98384727e-01
1827            	4.58596041e-02	6.49380579e-02	1.48860957e+00	7.90164391e-01	6.98445183e-01
1828            	4.58533308e-02	6.49243637e-02	1.48870104e+00	7.90203852e-01	6.98497191e-01
1829            	4.58617890e-02	6.49224757e-02	1.48884923e+00	7.90286402e-01	6.98562824e-01
1830            	4.58508961e-02	6.49031494e-02	1.48894650e+00	7.90324148e-01	6.98622356e-01
1831            	4.58535143e-02	6.48983336e-02	1.48906356e+00	7.90385297e-01	6.98678268e-01
1832            	4.58746412e-02	6.49087995e-02	1.48924875e+00	7.90499014e-01	6.98749732e-01
1833            	4.58715730e-02	6.48975996e-02	1.48936168e+00	7.90552415e-01	6.98809269e-01
1834            	4.58782769e-02	6.48971447e-02	1.48948409e+00	7.90620322e-01	6.98863769e-01
1835            	4.58700389e-02	6.48799274e-02	1.48958423e+00	7.90662154e-01	6.98922077e-01
1836            	4.58739698e-02	6.48760770e-02	1.48970053e+00	7.90724232e-01	6.98976293e-01
1837            	4.58963477e-02	6.48870513e-02	1.48988176e+00	7.90837228e-01	6.99044532e-01
1838            	4.58946560e-02	6.48756847e-02	1.48999229e+00	7.90890802e-01	6.99101490e-01
1839            	4.59015802e-02	6.48743736e-02	1.49011278e+00	7.90957972e-01	6.99154812e-01
1840            	4.59254452e-02	6.48864049e-02	1.49029616e+00	7.91073526e-01	6.99222636e-01
1841            	4.59228593e-02	6.48736398e-02	1.49040255e+00	7.91124133e-01	6.99278414e-01
1842            	4.59269203e-02	6.48691778e-02	1.49051486e+00	7.91184350e-01	6.99330510e-01
1843            	4.59455032e-02	6.48760406e-02	1.49068347e+00	7.91287239e-01	6.99396233e-01
1844            	4.59658420e-02	6.48860842e-02	1.49084787e+00	7.91389777e-01	6.99458093e-01
1845            	4.59863573e-02	6.48969079e-02	1.49100748e+00	7.91490099e-01	6.99517385e-01
1846            	4.60060325e-02	6.49068259e-02	1.49116401e+00	7.91588040e-01	6.99575974e-01
1847            	4.60236136e-02	6.49142896e-02	1.49131648e+00	7.91681851e-01	6.99634624e-01
1848            	4.60381844e-02	6.49182868e-02	1.49146368e+00	7.91770023e-01	6.99693654e-01
1849            	4.60493749e-02	6.49184486e-02	1.49160502e+00	7.91851884e-01	6.99753135e-01
1850            	4.60573591e-02	6.49149827e-02	1.49174058e+00	7.91927649e-01	6.99812931e-01
1851            	4.60628005e-02	6.49085686e-02	1.49187109e+00	7.91998347e-01	6.99872746e-01
1852            	4.60667371e-02	6.49002148e-02	1.49199785e+00	7.92065662e-01	6.99932188e-01
1853            	4.60704157e-02	6.48910933e-02	1.49212259e+00	7.92131711e-01	6.99990879e-01
1854            	4.60751109e-02	6.48823758e-02	1.49224732e+00	7.92198769e-01	7.00048548e-01
1855            	4.60819557e-02	6.48750967e-02	1.49237411e+00	7.92269008e-01	7.00105097e-01
1856            	4.60918166e-02	6.48700464e-02	1.49250488e+00	7.92344256e-01	7.00160623e-01
1857            	4.61052113e-02	6.48677130e-02	1.49264120e+00	7.92425811e-01	7.00215389e-01
1858            	4.61222967e-02	6.48682793e-02	1.49278413e+00	7.92514362e-01	7.00269768e-01
1859            	4.61428863e-02	6.48716385e-02	1.49293412e+00	7.92609944e-01	7.00324172e-01
1860            	4.61665127e-02	6.48774418e-02	1.49309097e+00	7.92711999e-01	7.00378973e-01
1861            	4.61925185e-02	6.48851721e-02	1.49325394e+00	7.92819488e-01	7.00434451e-01
1862            	4.62201702e-02	6.48942328e-02	1.49342185e+00	7.92931096e-01	7.00490756e-01
1863            	4.62459598e-02	6.49026671e-02	1.49358062e+00	7.93036271e-01	7.00544351e-01
1864            	4.62745705e-02	6.49124604e-02	1.49375321e+00	7.93151175e-01	7.00602033e-01
1865            	4.63132842e-02	6.49276340e-02	1.49397430e+00	7.93300432e-01	7.00673864e-01
1866            	4.63486032e-02	6.49412594e-02	1.49418117e+00	7.93439188e-01	7.00741982e-01
1867            	4.63736411e-02	6.49490123e-02	1.49433925e+00	7.93543266e-01	7.00795983e-01
1868            	4.63970165e-02	6.49552252e-02	1.49449068e+00	7.93642357e-01	7.00848324e-01
1869            	4.64198024e-02	6.49597958e-02	1.49464076e+00	7.93740183e-01	7.00900578e-01
1870            	4.64422765e-02	6.49635499e-02	1.49479082e+00	7.93837687e-01	7.00953134e-01
1871            	4.64657085e-02	6.49667364e-02	1.49494690e+00	7.93939159e-01	7.01007742e-01
1872            	4.64899107e-02	6.49703997e-02	1.49510742e+00	7.94043619e-01	7.01063797e-01
1873            	4.65138441e-02	6.49742896e-02	1.49526453e+00	7.94146111e-01	7.01118423e-01
1874            	4.65376987e-02	6.49786437e-02	1.49541968e+00	7.94247539e-01	7.01172141e-01
1875            	4.65644926e-02	6.49839042e-02	1.49559199e+00	7.94360487e-01	7.01231502e-01
1876            	4.65946949e-02	6.49906507e-02	1.49578384e+00	7.94486613e-01	7.01297223e-01
1877            	4.66255619e-02	6.49985908e-02	1.49597971e+00	7.94615416e-01	7.01364292e-01
1878            	4.66567346e-02	6.50067975e-02	1.49617828e+00	7.94745873e-01	7.01432404e-01
1879            	4.66835253e-02	6.50141366e-02	1.49634988e+00	7.94858464e-01	7.01491413e-01
1880            	4.67075369e-02	6.50201802e-02	1.49650721e+00	7.94961140e-01	7.01546067e-01
1881            	4.67299746e-02	6.50247870e-02	1.49665969e+00	7.95059821e-01	7.01599872e-01
1882            	4.67524124e-02	6.50279378e-02	1.49682331e+00	7.95164067e-01	7.01659242e-01
1883            	4.67734730e-02	6.50295247e-02	1.49698468e+00	7.95265813e-01	7.01718867e-01
1884            	4.67925207e-02	6.50294970e-02	1.49714187e+00	7.95363453e-01	7.01778412e-01
1885            	4.68096925e-02	6.50279552e-02	1.49729584e+00	7.95457613e-01	7.01838228e-01
1886            	4.68255328e-02	6.50244997e-02	1.49745805e+00	7.95554557e-01	7.01903491e-01
1887            	4.68396967e-02	6.50202130e-02	1.49761394e+00	7.95646666e-01	7.01967272e-01
1888            	4.68517885e-02	6.50150184e-02	1.49776150e+00	7.95732538e-01	7.02028961e-01
1889            	4.68621234e-02	6.50089232e-02	1.49790255e+00	7.95813399e-01	7.02089152e-01
1890            	4.68708950e-02	6.50018374e-02	1.49803920e+00	7.95890494e-01	7.02148704e-01
1891            	4.68782179e-02	6.49937469e-02	1.49817286e+00	7.95964649e-01	7.02208213e-01
1892            	4.68835759e-02	6.49835531e-02	1.49831269e+00	7.96039919e-01	7.02272768e-01
1893            	4.68878472e-02	6.49732254e-02	1.49844432e+00	7.96110008e-01	7.02334314e-01
1894            	4.68905528e-02	6.49620210e-02	1.49857067e+00	7.96175889e-01	7.02394783e-01
1895            	4.68917376e-02	6.49498592e-02	1.49869228e+00	7.96237878e-01	7.02454403e-01
1896            	4.68914528e-02	6.49366739e-02	1.49881037e+00	7.96296636e-01	7.02513731e-01
1897            	4.68897584e-02	6.49224765e-02	1.49892597e+00	7.96352744e-01	7.02573228e-01
1898            	4.68866579e-02	6.49072840e-02	1.49903971e+00	7.96406513e-01	7.02633197e-01
1899            	4.68821193e-02	6.48911086e-02	1.49915183e+00	7.96458033e-01	7.02693794e-01
1900            	4.68761363e-02	6.48739905e-02	1.49926234e+00	7.96507308e-01	7.02755036e-01
1901            	4.68687595e-02	6.48560042e-02	1.49937118e+00	7.96554349e-01	7.02816830e-01
1902            	4.68600479e-02	6.48372083e-02	1.49947806e+00	7.96599075e-01	7.02878980e-01
1903            	4.68501124e-02	6.48176845e-02	1.49958273e+00	7.96641480e-01	7.02941255e-01
1904            	4.68390729e-02	6.47975061e-02	1.49968500e+00	7.96681572e-01	7.03003426e-01
1905            	4.68270339e-02	6.47767316e-02	1.49978468e+00	7.96719374e-01	7.03065307e-01
1906            	4.68140810e-02	6.47554014e-02	1.49988167e+00	7.96754918e-01	7.03126756e-01
1907            	4.68002709e-02	6.47335407e-02	1.49997598e+00	7.96788260e-01	7.03187719e-01
1908            	4.67856593e-02	6.47111829e-02	1.50006773e+00	7.96819522e-01	7.03248204e-01
1909            	4.67703326e-02	6.46883945e-02	1.50015721e+00	7.96848937e-01	7.03308271e-01
1910            	4.67543573e-02	6.46652281e-02	1.50024473e+00	7.96876724e-01	7.03368010e-01
1911            	4.67378147e-02	6.46417503e-02	1.50033066e+00	7.96903147e-01	7.03427518e-01
1912            	4.67208262e-02	6.46180576e-02	1.50041543e+00	7.96928540e-01	7.03486887e-01
1913            	4.67060279e-02	6.45972895e-02	1.50049402e+00	7.96953039e-01	7.03540983e-01
1914            	4.66888851e-02	6.45740692e-02	1.50057909e+00	7.96978428e-01	7.03600658e-01
1915            	4.66653805e-02	6.45436400e-02	1.50068272e+00	7.97006739e-01	7.03675978e-01
1916            	4.66484106e-02	6.45206606e-02	1.50076485e+00	7.97030835e-01	7.03734014e-01
1917            	4.66237173e-02	6.44893451e-02	1.50086485e+00	7.97056142e-01	7.03808707e-01
1918            	4.66052986e-02	6.44650858e-02	1.50094722e+00	7.97078909e-01	7.03868311e-01
1919            	4.65927406e-02	6.44475078e-02	1.50101410e+00	7.97099790e-01	7.03914309e-01
1920            	4.65763417e-02	6.44252507e-02	1.50109154e+00	7.97122110e-01	7.03969427e-01
1921            	4.65642921e-02	6.44076612e-02	1.50115829e+00	7.97143436e-01	7.04014852e-01
1922            	4.65504758e-02	6.43883402e-02	1.50123483e+00	7.97167891e-01	7.04066939e-01
1923            	4.65368766e-02	6.43691411e-02	1.50131304e+00	7.97193396e-01	7.04119643e-01
1924            	4.65224089e-02	6.43496080e-02	1.50139877e+00	7.97221796e-01	7.04176978e-01
1925            	4.65076262e-02	6.43297613e-02	1.50148881e+00	7.97252031e-01	7.04236778e-01
1926            	4.64927314e-02	6.43104866e-02	1.50158340e+00	7.97284429e-01	7.04298967e-01
1927            	4.64778365e-02	6.42910628e-02	1.50168061e+00	7.97318143e-01	7.04362471e-01
1928            	4.64637095e-02	6.42728767e-02	1.50177825e+00	7.97352837e-01	7.04425418e-01
1929            	4.64499237e-02	6.42545407e-02	1.50187614e+00	7.97387993e-01	7.04488146e-01
1930            	4.64373609e-02	6.42375880e-02	1.50197218e+00	7.97423450e-01	7.04548728e-01
1931            	4.64254628e-02	6.42205396e-02	1.50206729e+00	7.97459109e-01	7.04608183e-01
1932            	4.64149198e-02	6.42048434e-02	1.50216099e+00	7.97495414e-01	7.04665574e-01
1933            	4.64052821e-02	6.41892612e-02	1.50225451e+00	7.97532536e-01	7.04721972e-01
1934            	4.63971034e-02	6.41751842e-02	1.50234857e+00	7.97571386e-01	7.04777179e-01
1935            	4.63899769e-02	6.41615164e-02	1.50244427e+00	7.97612113e-01	7.04832159e-01
1936            	4.63841448e-02	6.41494230e-02	1.50254206e+00	7.97655173e-01	7.04886883e-01
1937            	4.63791685e-02	6.41377735e-02	1.50264250e+00	7.97700417e-01	7.04942080e-01
1938            	4.63752887e-02	6.41276810e-02	1.50274568e+00	7.97748127e-01	7.04997550e-01
1939            	4.63723910e-02	6.41182179e-02	1.50285232e+00	7.97798551e-01	7.05053769e-01
1940            	4.63708601e-02	6.41105643e-02	1.50296250e+00	7.97852110e-01	7.05110390e-01
1941            	4.63704983e-02	6.41032178e-02	1.50308391e+00	7.97912455e-01	7.05171459e-01
1942            	4.63713756e-02	6.40979007e-02	1.50319881e+00	7.97970782e-01	7.05228031e-01
1943            	4.63730338e-02	6.40936375e-02	1.50331168e+00	7.98028875e-01	7.05282807e-01
1944            	4.63753320e-02	6.40899381e-02	1.50342519e+00	7.98087927e-01	7.05337263e-01
1945            	4.63782325e-02	6.40865762e-02	1.50354087e+00	7.98148668e-01	7.05392203e-01
1946            	4.63817259e-02	6.40834622e-02	1.50365950e+00	7.98211476e-01	7.05448024e-01
1947            	4.63857155e-02	6.40805263e-02	1.50378109e+00	7.98276260e-01	7.05504828e-01
1948            	4.63902230e-02	6.40778466e-02	1.50390546e+00	7.98342952e-01	7.05562506e-01
1949            	4.63966214e-02	6.40753761e-02	1.50404346e+00	7.98418351e-01	7.05625108e-01
1950            	4.64029147e-02	6.40738126e-02	1.50417506e+00	7.98490445e-01	7.05684616e-01
1951            	4.64097818e-02	6.40730463e-02	1.50430483e+00	7.98562196e-01	7.05742633e-01
1952            	4.64170561e-02	6.40729020e-02	1.50443233e+00	7.98633223e-01	7.05799110e-01
1953            	4.64266592e-02	6.40735838e-02	1.50457060e+00	7.98711957e-01	7.05858639e-01
1954            	4.64353129e-02	6.40743067e-02	1.50470027e+00	7.98785449e-01	7.05914823e-01
1955            	4.64436107e-02	6.40750486e-02	1.50482519e+00	7.98856204e-01	7.05968983e-01
1956            	4.64538205e-02	6.40763890e-02	1.50495954e+00	7.98933591e-01	7.06025950e-01
1957            	4.64623895e-02	6.40770381e-02	1.50508649e+00	7.99005636e-01	7.06080857e-01
1958            	4.64721849e-02	6.40781206e-02	1.50522006e+00	7.99082214e-01	7.06137844e-01
1959            	4.64864512e-02	6.40820856e-02	1.50537889e+00	7.99175897e-01	7.06202995e-01
1960            	4.64936444e-02	6.40821189e-02	1.50550261e+00	7.99244952e-01	7.06257663e-01
1961            	4.64993875e-02	6.40815758e-02	1.50562237e+00	7.99310572e-01	7.06311797e-01
1962            	4.65031767e-02	6.40791088e-02	1.50573514e+00	7.99370747e-01	7.06364393e-01
1963            	4.65049592e-02	6.40752517e-02	1.50584193e+00	7.99425923e-01	7.06416005e-01
1964            	4.65053992e-02	6.40694941e-02	1.50594577e+00	7.99478283e-01	7.06467485e-01
1965            	4.65048906e-02	6.40628318e-02	1.50604886e+00	7.99529323e-01	7.06519542e-01
1966            	4.65036472e-02	6.40547549e-02	1.50615105e+00	7.99579172e-01	7.06571877e-01
1967            	4.65021898e-02	6.40464667e-02	1.50625455e+00	7.99629464e-01	7.06625084e-01
1968            	4.65006790e-02	6.40374521e-02	1.50635867e+00	7.99680014e-01	7.06678656e-01
1969            	4.64993218e-02	6.40287339e-02	1.50646373e+00	7.99731189e-01	7.06732546e-01
1970            	4.64983520e-02	6.40197282e-02	1.50656962e+00	7.99783162e-01	7.06786458e-01
1971            	4.64977616e-02	6.40112693e-02	1.50667583e+00	7.99835676e-01	7.06840153e-01
1972            	4.64977392e-02	6.40026631e-02	1.50678216e+00	7.99888821e-01	7.06893343e-01
1973            	4.64984377e-02	6.39947935e-02	1.50688908e+00	7.99942978e-01	7.06946103e-01
1974            	4.65000282e-02	6.39869541e-02	1.50699611e+00	7.99998085e-01	7.06998028e-01
1975            	4.65029255e-02	6.39801925e-02	1.50710496e+00	8.00055404e-01	7.07049553e-01
1976            	4.65073724e-02	6.39738929e-02	1.50721525e+00	8.00114997e-01	7.07100253e-01
1977            	4.65139451e-02	6.39692449e-02	1.50732933e+00	8.00178610e-01	7.07150719e-01
1978            	4.65229753e-02	6.39657355e-02	1.50744716e+00	8.00246555e-01	7.07200605e-01
1979            	4.65350163e-02	6.39645779e-02	1.50757103e+00	8.00320531e-01	7.07250498e-01
1980            	4.65479730e-02	6.39640906e-02	1.50769049e+00	8.00393217e-01	7.07297272e-01
1981            	4.65628266e-02	6.39650018e-02	1.50781026e+00	8.00467958e-01	7.07342304e-01
1982            	4.65840178e-02	6.39694645e-02	1.50795021e+00	8.00559123e-01	7.07391088e-01
1983            	4.66132666e-02	6.39789694e-02	1.50811756e+00	8.00672045e-01	7.07445512e-01
1984            	4.66458532e-02	6.39917053e-02	1.50829236e+00	8.00792031e-01	7.07500325e-01
1985            	4.66836075e-02	6.40079083e-02	1.50848118e+00	8.00924199e-01	7.07556984e-01
1986            	4.67211913e-02	6.40252714e-02	1.50866422e+00	8.01053301e-01	7.07610918e-01
1987            	4.67571081e-02	6.40417014e-02	1.50883620e+00	8.01175209e-01	7.07660993e-01
1988            	4.67911164e-02	6.40569888e-02	1.50899797e+00	8.01290101e-01	7.07707868e-01
1989            	4.68288295e-02	6.40735679e-02	1.50917294e+00	8.01415298e-01	7.07757639e-01
1990            	4.68717839e-02	6.40923470e-02	1.50936869e+00	8.01556129e-01	7.07812562e-01
1991            	4.69143206e-02	6.41110382e-02	1.50956456e+00	8.01696600e-01	7.07867959e-01
1992            	4.69576694e-02	6.41293745e-02	1.50976531e+00	8.01840326e-01	7.07924988e-01
1993            	4.69945898e-02	6.41444327e-02	1.50994167e+00	8.01965424e-01	7.07976245e-01
1994            	4.70311440e-02	6.41592034e-02	1.51012006e+00	8.02091173e-01	7.08028885e-01
1995            	4.70736819e-02	6.41756632e-02	1.51032807e+00	8.02237716e-01	7.08090352e-01
1996            	4.71089829e-02	6.41888421e-02	1.51050569e+00	8.02361828e-01	7.08143863e-01
1997            	4.71408835e-02	6.41999683e-02	1.51066874e+00	8.02475252e-01	7.08193485e-01
1998            	4.71707686e-02	6.42096418e-02	1.51082374e+00	8.02582639e-01	7.08241102e-01
1999            	4.72023904e-02	6.42185229e-02	1.51099039e+00	8.02697583e-01	7.08292802e-01
2000            	4.72353880e-02	6.42276506e-02	1.51116570e+00	8.02818239e-01	7.08347463e-01
2001            	4.72691065e-02	6.42361372e-02	1.51134910e+00	8.02943656e-01	7.08405443e-01
2002            	4.73074236e-02	6.42455597e-02	1.51156531e+00	8.03090078e-01	7.08475231e-01
2003            	4.73390674e-02	6.42545476e-02	1.51174515e+00	8.03211640e-01	7.08533505e-01
2004            	4.73690225e-02	6.42622591e-02	1.51192204e+00	8.03330041e-01	7.08591996e-01
2005            	4.73949930e-02	6.42690206e-02	1.51207889e+00	8.03434437e-01	7.08644451e-01
2006            	4.74177984e-02	6.42740757e-02	1.51222392e+00	8.03529760e-01	7.08694163e-01
2007            	4.74387486e-02	6.42766795e-02	1.51237394e+00	8.03625720e-01	7.08748223e-01
2008            	4.74576760e-02	6.42762644e-02	1.51252535e+00	8.03720351e-01	7.08804999e-01
2009            	4.74736124e-02	6.42738218e-02	1.51266842e+00	8.03807820e-01	7.08860595e-01
2010            	4.74865417e-02	6.42682744e-02	1.51281385e+00	8.03893467e-01	7.08920384e-01
2011            	4.74960539e-02	6.42581915e-02	1.51296601e+00	8.03979059e-01	7.08986952e-01
2012            	4.75035601e-02	6.42488332e-02	1.51309823e+00	8.04052674e-01	7.09045554e-01
2013            	4.75088963e-02	6.42391402e-02	1.51321726e+00	8.04117525e-01	7.09099732e-01
2014            	4.75121947e-02	6.42282478e-02	1.51333027e+00	8.04177328e-01	7.09152939e-01
2015            	4.75122240e-02	6.42134659e-02	1.51344580e+00	8.04235125e-01	7.09210677e-01
2016            	4.75109283e-02	6.41982203e-02	1.51355882e+00	8.04290338e-01	7.09268481e-01
2017            	4.75082020e-02	6.41825474e-02	1.51366691e+00	8.04341655e-01	7.09325251e-01
2018            	4.75025658e-02	6.41640396e-02	1.51377616e+00	8.04390648e-01	7.09385516e-01
2019            	4.74957035e-02	6.41450841e-02	1.51388547e+00	8.04438441e-01	7.09447034e-01
2020            	4.74887510e-02	6.41274010e-02	1.51398596e+00	8.04481729e-01	7.09504227e-01
2021            	4.74814743e-02	6.41103351e-02	1.51408064e+00	8.04521796e-01	7.09558847e-01
2022            	4.74734091e-02	6.40929852e-02	1.51417274e+00	8.04559781e-01	7.09612962e-01
2023            	4.74624198e-02	6.40724030e-02	1.51426800e+00	8.04596419e-01	7.09671579e-01
2024            	4.74511623e-02	6.40520355e-02	1.51436076e+00	8.04631542e-01	7.09729217e-01
2025            	4.74389712e-02	6.40311849e-02	1.51444996e+00	8.04663949e-01	7.09786006e-01
2026            	4.74256965e-02	6.40096807e-02	1.51453625e+00	8.04693821e-01	7.09842428e-01
2027            	4.74112188e-02	6.39873564e-02	1.51462036e+00	8.04721397e-01	7.09898960e-01
2028            	4.73932501e-02	6.39614003e-02	1.51470615e+00	8.04746325e-01	7.09959825e-01
2029            	4.73755489e-02	6.39362837e-02	1.51478808e+00	8.04769590e-01	7.10018492e-01
2030            	4.73574725e-02	6.39112466e-02	1.51486600e+00	8.04790474e-01	7.10075529e-01
2031            	4.73391481e-02	6.38863443e-02	1.51494070e+00	8.04809498e-01	7.10131202e-01
2032            	4.73205240e-02	6.38614344e-02	1.51501327e+00	8.04827160e-01	7.10186112e-01
2033            	4.73015537e-02	6.38364060e-02	1.51508458e+00	8.04843845e-01	7.10240737e-01
2034            	4.72822765e-02	6.38112278e-02	1.51515539e+00	8.04859970e-01	7.10295418e-01
2035            	4.72627939e-02	6.37859425e-02	1.51522630e+00	8.04875943e-01	7.10350355e-01
2036            	4.72408271e-02	6.37578016e-02	1.51530077e+00	8.04891212e-01	7.10409558e-01
2037            	4.72207918e-02	6.37319750e-02	1.51537384e+00	8.04907711e-01	7.10466127e-01
2038            	4.72017664e-02	6.37072996e-02	1.51544656e+00	8.04925048e-01	7.10521515e-01
2039            	4.71839214e-02	6.36839160e-02	1.51551931e+00	8.04943578e-01	7.10575735e-01
2040            	4.71671481e-02	6.36616604e-02	1.51559271e+00	8.04963502e-01	7.10629206e-01
2041            	4.71512886e-02	6.36403227e-02	1.51566731e+00	8.04984943e-01	7.10682366e-01
2042            	4.71362022e-02	6.36197144e-02	1.51574357e+00	8.05007985e-01	7.10735581e-01
2043            	4.71217972e-02	6.35997148e-02	1.51582180e+00	8.05032695e-01	7.10789101e-01
2044            	4.71080354e-02	6.35802937e-02	1.51590216e+00	8.05059116e-01	7.10843045e-01
2045            	4.70949702e-02	6.35615157e-02	1.51598476e+00	8.05087350e-01	7.10897410e-01
2046            	4.70827087e-02	6.35435074e-02	1.51606958e+00	8.05117501e-01	7.10952083e-01
2047            	4.70713660e-02	6.35264062e-02	1.51615650e+00	8.05149615e-01	7.11006883e-01
2048            	4.70609891e-02	6.35102996e-02	1.51624521e+00	8.05183597e-01	7.11061618e-01
2049            	4.70516032e-02	6.34952248e-02	1.51633544e+00	8.05219323e-01	7.11116116e-01
2050            	4.70431791e-02	6.34811431e-02	1.51642688e+00	8.05256617e-01	7.11170259e-01
2051            	4.70356577e-02	6.34679735e-02	1.51651931e+00	8.05295314e-01	7.11223999e-01
2052            	4.70290409e-02	6.34556755e-02	1.51661275e+00	8.05335416e-01	7.11277334e-01
2053            	4.70234052e-02	6.34442628e-02	1.51670741e+00	8.05377111e-01	7.11330300e-01
2054            	4.70188836e-02	6.34337983e-02	1.51680370e+00	8.05420735e-01	7.11382968e-01
2055            	4.70156624e-02	6.34243998e-02	1.51690218e+00	8.05466752e-01	7.11435427e-01
2056            	4.70138401e-02	6.34161309e-02	1.51700323e+00	8.05515456e-01	7.11487776e-01
2057            	4.70133802e-02	6.34089606e-02	1.51710699e+00	8.05566876e-01	7.11540116e-01
2058            	4.70142133e-02	6.34028387e-02	1.51721349e+00	8.05620956e-01	7.11592529e-01
2059            	4.70162695e-02	6.33977162e-02	1.51732268e+00	8.05677609e-01	7.11645070e-01
2060            	4.70195926e-02	6.33936309e-02	1.51743472e+00	8.05736951e-01	7.11697766e-01
2061            	4.70243527e-02	6.33907136e-02	1.51754998e+00	8.05799344e-01	7.11750639e-01
2062            	4.70305699e-02	6.33878169e-02	1.51767633e+00	8.05868733e-01	7.11807593e-01
2063            	4.70382918e-02	6.33871212e-02	1.51780030e+00	8.05938444e-01	7.11861860e-01
2064            	4.70470736e-02	6.33875775e-02	1.51792419e+00	8.06009168e-01	7.11915021e-01
2065            	4.70567647e-02	6.33890504e-02	1.51804773e+00	8.06080629e-01	7.11967100e-01
2066            	4.70675017e-02	6.33915140e-02	1.51817225e+00	8.06153628e-01	7.12018624e-01
2067            	4.70793209e-02	6.33948462e-02	1.51829892e+00	8.06228782e-01	7.12070141e-01
2068            	4.70932028e-02	6.33983352e-02	1.51843830e+00	8.06312353e-01	7.12125947e-01
2069            	4.71071627e-02	6.34026708e-02	1.51857552e+00	8.06394922e-01	7.12180597e-01
2070            	4.71211518e-02	6.34073388e-02	1.51871078e+00	8.06476542e-01	7.12234238e-01
2071            	4.71350717e-02	6.34122917e-02	1.51884392e+00	8.06557032e-01	7.12286888e-01
2072            	4.71490129e-02	6.34174853e-02	1.51897612e+00	8.06637074e-01	7.12339048e-01
2073            	4.71651474e-02	6.34230116e-02	1.51912044e+00	8.06725370e-01	7.12395075e-01
2074            	4.71804357e-02	6.34287956e-02	1.51926107e+00	8.06810973e-01	7.12450101e-01
2075            	4.71952143e-02	6.34347574e-02	1.51939743e+00	8.06893930e-01	7.12503502e-01
2076            	4.72094680e-02	6.34408256e-02	1.51952982e+00	8.06974377e-01	7.12555441e-01
2077            	4.72262311e-02	6.34477809e-02	1.51967345e+00	8.07062957e-01	7.12610494e-01
2078            	4.72416922e-02	6.34546344e-02	1.51981224e+00	8.07147812e-01	7.12664428e-01
2079            	4.72560024e-02	6.34612300e-02	1.51994499e+00	8.07228498e-01	7.12716494e-01
2080            	4.72724465e-02	6.34687759e-02	1.52008701e+00	8.07315951e-01	7.12771058e-01
2081            	4.72869662e-02	6.34756254e-02	1.52022289e+00	8.07398413e-01	7.12824480e-01
2082            	4.72991669e-02	6.34812980e-02	1.52034965e+00	8.07473990e-01	7.12875656e-01
2083            	4.73128217e-02	6.34874365e-02	1.52048420e+00	8.07554922e-01	7.12929278e-01
2084            	4.73279165e-02	6.34943683e-02	1.52062807e+00	8.07641950e-01	7.12986117e-01
2085            	4.73409796e-02	6.35006222e-02	1.52076669e+00	8.07724323e-01	7.13042364e-01
2086            	4.73517618e-02	6.35048122e-02	1.52089792e+00	8.07800723e-01	7.13097200e-01
2087            	4.73583846e-02	6.35064543e-02	1.52101521e+00	8.07865990e-01	7.13149220e-01
2088            	4.73617362e-02	6.35048491e-02	1.52112183e+00	8.07922653e-01	7.13199181e-01
2089            	4.73624582e-02	6.35010731e-02	1.52122181e+00	8.07973361e-01	7.13248445e-01
2090            	4.73602172e-02	6.34939746e-02	1.52131282e+00	8.08016627e-01	7.13296193e-01
2091            	4.73562240e-02	6.34851840e-02	1.52140134e+00	8.08056895e-01	7.13344447e-01
2092            	4.73499535e-02	6.34736549e-02	1.52148416e+00	8.08092034e-01	7.13392127e-01
2093            	4.73421552e-02	6.34609096e-02	1.52156545e+00	8.08124878e-01	7.13440568e-01
2094            	4.73325391e-02	6.34460462e-02	1.52164286e+00	8.08153972e-01	7.13488893e-01
2095            	4.73214198e-02	6.34303141e-02	1.52171801e+00	8.08180427e-01	7.13537587e-01
2096            	4.73088076e-02	6.34128779e-02	1.52178933e+00	8.08203475e-01	7.13585859e-01
2097            	4.72951831e-02	6.33950091e-02	1.52185825e+00	8.08224306e-01	7.13633940e-01
2098            	4.72809585e-02	6.33760717e-02	1.52192395e+00	8.08242931e-01	7.13681014e-01
2099            	4.72671938e-02	6.33576676e-02	1.52198943e+00	8.08261908e-01	7.13727520e-01
2100            	4.72548670e-02	6.33395758e-02	1.52205516e+00	8.08282448e-01	7.13772714e-01
2101            	4.72455604e-02	6.33237908e-02	1.52212565e+00	8.08308385e-01	7.13817264e-01
2102            	4.72404994e-02	6.33103342e-02	1.52220222e+00	8.08341611e-01	7.13860612e-01
2103            	4.72412307e-02	6.33012420e-02	1.52228962e+00	8.08386043e-01	7.13903581e-01
2104            	4.72486637e-02	6.32963640e-02	1.52238895e+00	8.08443137e-01	7.13945809e-01
2105            	4.72636865e-02	6.32973003e-02	1.52250384e+00	8.08515604e-01	7.13988231e-01
2106            	4.72864659e-02	6.33033698e-02	1.52263405e+00	8.08603492e-01	7.14030560e-01
2107            	4.73170215e-02	6.33155720e-02	1.52278159e+00	8.08707819e-01	7.14073776e-01
2108            	4.73546168e-02	6.33325409e-02	1.52294421e+00	8.08826720e-01	7.14117486e-01
2109            	4.73984512e-02	6.33546521e-02	1.52312220e+00	8.08959549e-01	7.14162647e-01
2110            	4.74469720e-02	6.33798645e-02	1.52331122e+00	8.09102582e-01	7.14208638e-01
2111            	4.74988987e-02	6.34081407e-02	1.52351042e+00	8.09254108e-01	7.14256311e-01
2112            	4.75522994e-02	6.34370444e-02	1.52371406e+00	8.09409328e-01	7.14304729e-01
2113            	4.76059321e-02	6.34665007e-02	1.52392105e+00	8.09566459e-01	7.14354595e-01
2114            	4.76582362e-02	6.34942506e-02	1.52412597e+00	8.09721222e-01	7.14404750e-01
2115            	4.77087845e-02	6.35208064e-02	1.52432922e+00	8.09873392e-01	7.14455823e-01
2116            	4.77568548e-02	6.35445316e-02	1.52452693e+00	8.10020319e-01	7.14506610e-01
2117            	4.78027071e-02	6.35665137e-02	1.52472097e+00	8.10163192e-01	7.14557778e-01
2118            	4.78462429e-02	6.35856772e-02	1.52490909e+00	8.10300788e-01	7.14608302e-01
2119            	4.78881657e-02	6.36034974e-02	1.52509437e+00	8.10435350e-01	7.14659018e-01
2120            	4.79266143e-02	6.36188804e-02	1.52526680e+00	8.10560012e-01	7.14706784e-01
2121            	4.79653417e-02	6.36328940e-02	1.52544232e+00	8.10686501e-01	7.14755817e-01
2122            	4.80097900e-02	6.36485124e-02	1.52564719e+00	8.10833386e-01	7.14813806e-01
2123            	4.80480123e-02	6.36617161e-02	1.52582456e+00	8.10960291e-01	7.14864266e-01
2124            	4.80850747e-02	6.36745393e-02	1.52600102e+00	8.11085584e-01	7.14915435e-01
2125            	4.81192193e-02	6.36859828e-02	1.52616749e+00	8.11202965e-01	7.14964526e-01
2126            	4.81503717e-02	6.36955848e-02	1.52632594e+00	8.11313342e-01	7.15012598e-01
2127            	4.81802861e-02	6.37018217e-02	1.52649633e+00	8.11428451e-01	7.15067879e-01
2128            	4.82064884e-02	6.37053547e-02	1.52666038e+00	8.11536680e-01	7.15123703e-01
2129            	4.82286300e-02	6.37058576e-02	1.52681754e+00	8.11637401e-01	7.15180141e-01
2130            	4.82463569e-02	6.37030521e-02	1.52696689e+00	8.11729801e-01	7.15237087e-01
2131            	4.82593715e-02	6.36967299e-02	1.52710730e+00	8.11813023e-01	7.15294280e-01
2132            	4.82675835e-02	6.36868691e-02	1.52723788e+00	8.11886525e-01	7.15351358e-01
2133            	4.82711587e-02	6.36736500e-02	1.52735825e+00	8.11950284e-01	7.15407967e-01
2134            	4.82705132e-02	6.36574387e-02	1.52746865e+00	8.12004838e-01	7.15463811e-01
2135            	4.82663727e-02	6.36388220e-02	1.52757022e+00	8.12051485e-01	7.15518739e-01
2136            	4.82594624e-02	6.36183713e-02	1.52766442e+00	8.12091672e-01	7.15572747e-01
2137            	4.82504322e-02	6.35966081e-02	1.52775279e+00	8.12126826e-01	7.15625961e-01
2138            	4.82398411e-02	6.35739983e-02	1.52783688e+00	8.12158283e-01	7.15678601e-01
2139            	4.82281428e-02	6.35509236e-02	1.52791812e+00	8.12187201e-01	7.15730915e-01
2140            	4.82156833e-02	6.35276905e-02	1.52799770e+00	8.12214531e-01	7.15783165e-01
2141            	4.82026943e-02	6.35045062e-02	1.52807656e+00	8.12240975e-01	7.15835586e-01
2142            	4.81893120e-02	6.34814964e-02	1.52815536e+00	8.12266993e-01	7.15888369e-01
2143            	4.81754917e-02	6.34586264e-02	1.52823420e+00	8.12292594e-01	7.15941610e-01
2144            	4.81611149e-02	6.34357565e-02	1.52831288e+00	8.12317555e-01	7.15995325e-01
2145            	4.81459757e-02	6.34126540e-02	1.52839087e+00	8.12341412e-01	7.16049461e-01
2146            	4.81298877e-02	6.33890824e-02	1.52846758e+00	8.12363676e-01	7.16103901e-01
2147            	4.81127006e-02	6.33648460e-02	1.52854239e+00	8.12383894e-01	7.16158493e-01
2148            	4.80941649e-02	6.33396975e-02	1.52861448e+00	8.12401407e-01	7.16213077e-01
2149            	4.80741010e-02	6.33134431e-02	1.52868316e+00	8.12415682e-01	7.16267480e-01
2150            	4.80524620e-02	6.32859824e-02	1.52874800e+00	8.12426460e-01	7.16321536e-01
2151            	4.80293753e-02	6.32573533e-02	1.52880897e+00	8.12433862e-01	7.16375111e-01
2152            	4.80073783e-02	6.32294872e-02	1.52886344e+00	8.12439097e-01	7.16424340e-01
2153            	4.79819802e-02	6.31982850e-02	1.52891794e+00	8.12440952e-01	7.16476991e-01
2154            	4.79527923e-02	6.31637491e-02	1.52897509e+00	8.12440338e-01	7.16534753e-01
2155            	4.79294312e-02	6.31351051e-02	1.52902610e+00	8.12442482e-01	7.16583620e-01
2156            	4.79055799e-02	6.31065165e-02	1.52907902e+00	8.12445091e-01	7.16633931e-01
2157            	4.78817487e-02	6.30773852e-02	1.52913211e+00	8.12447801e-01	7.16684304e-01
2158            	4.78606573e-02	6.30508528e-02	1.52918550e+00	8.12453405e-01	7.16732090e-01
2159            	4.78392848e-02	6.30242728e-02	1.52924378e+00	8.12461174e-01	7.16782604e-01
2160            	4.78177053e-02	6.29966573e-02	1.52930541e+00	8.12470409e-01	7.16834999e-01
2161            	4.77998707e-02	6.29726517e-02	1.52936727e+00	8.12483507e-01	7.16883766e-01
2162            	4.77847871e-02	6.29511425e-02	1.52943045e+00	8.12500014e-01	7.16930440e-01
2163            	4.77697703e-02	6.29296917e-02	1.52950092e+00	8.12520229e-01	7.16980688e-01
2164            	4.77559823e-02	6.29089502e-02	1.52957431e+00	8.12543139e-01	7.17031174e-01
2165            	4.77446321e-02	6.28907068e-02	1.52964865e+00	8.12568955e-01	7.17079691e-01
2166            	4.77351431e-02	6.28742869e-02	1.52972485e+00	8.12597567e-01	7.17127281e-01
2167            	4.77256299e-02	6.28580667e-02	1.52980878e+00	8.12630022e-01	7.17178762e-01
2168            	4.77174093e-02	6.28429165e-02	1.52989407e+00	8.12664446e-01	7.17229628e-01
2169            	4.77111264e-02	6.28298220e-02	1.52997947e+00	8.12700862e-01	7.17278609e-01
2170            	4.77065638e-02	6.28183892e-02	1.53006567e+00	8.12739398e-01	7.17326270e-01
2171            	4.77034583e-02	6.28081979e-02	1.53015391e+00	8.12780413e-01	7.17373497e-01
2172            	4.77006075e-02	6.27982044e-02	1.53025047e+00	8.12825840e-01	7.17424625e-01
2173            	4.76994571e-02	6.27895488e-02	1.53034753e+00	8.12873224e-01	7.17474310e-01
2174            	4.77002911e-02	6.27827981e-02	1.53044561e+00	8.12923094e-01	7.17522512e-01
2175            	4.77029367e-02	6.27777084e-02	1.53054480e+00	8.12975335e-01	7.17569462e-01
2176            	4.77070680e-02	6.27738889e-02	1.53064589e+00	8.13030014e-01	7.17615877e-01
2177            	4.77117286e-02	6.27704074e-02	1.53075575e+00	8.13089603e-01	7.17666146e-01
2178            	4.77178566e-02	6.27680216e-02	1.53086644e+00	8.13151079e-01	7.17715366e-01
2179            	4.77258302e-02	6.27674308e-02	1.53097777e+00	8.13214714e-01	7.17763053e-01
2180            	4.77355937e-02	6.27684508e-02	1.53109013e+00	8.13280658e-01	7.17809471e-01
2181            	4.77469270e-02	6.27707096e-02	1.53120482e+00	8.13349335e-01	7.17855481e-01
2182            	4.77595085e-02	6.27735203e-02	1.53133045e+00	8.13424734e-01	7.17905717e-01
2183            	4.77733081e-02	6.27769588e-02	1.53145788e+00	8.13502249e-01	7.17955633e-01
2184            	4.77882514e-02	6.27814902e-02	1.53158549e+00	8.13580998e-01	7.18004495e-01
2185            	4.78040972e-02	6.27868253e-02	1.53171300e+00	8.13660596e-01	7.18052402e-01
2186            	4.78208048e-02	6.27927587e-02	1.53184169e+00	8.13741652e-01	7.18100042e-01
2187            	4.78395075e-02	6.27994634e-02	1.53198346e+00	8.13831239e-01	7.18152224e-01
2188            	4.78588949e-02	6.28064484e-02	1.53212533e+00	8.13921561e-01	7.18203771e-01
2189            	4.78784217e-02	6.28138240e-02	1.53226542e+00	8.14011134e-01	7.18254290e-01
2190            	4.78977621e-02	6.28213197e-02	1.53240308e+00	8.14099304e-01	7.18303780e-01
2191            	4.79170506e-02	6.28289367e-02	1.53253971e+00	8.14186906e-01	7.18352805e-01
2192            	4.79364955e-02	6.28367864e-02	1.53267683e+00	8.14274911e-01	7.18401920e-01
2193            	4.79583975e-02	6.28458028e-02	1.53282864e+00	8.14372716e-01	7.18455921e-01
2194            	4.79791536e-02	6.28543046e-02	1.53297497e+00	8.14466636e-01	7.18508329e-01
2195            	4.79991992e-02	6.28629628e-02	1.53311774e+00	8.14558070e-01	7.18559672e-01
2196            	4.80184563e-02	6.28717277e-02	1.53325661e+00	8.14646759e-01	7.18609847e-01
2197            	4.80371631e-02	6.28806566e-02	1.53339276e+00	8.14733542e-01	7.18659215e-01
2198            	4.80587419e-02	6.28915559e-02	1.53354299e+00	8.14830235e-01	7.18712752e-01
2199            	4.80782018e-02	6.29013548e-02	1.53368409e+00	8.14920249e-01	7.18763846e-01
2200            	4.80966056e-02	6.29111696e-02	1.53382037e+00	8.15006792e-01	7.18813581e-01
2201            	4.81137207e-02	6.29206501e-02	1.53395172e+00	8.15089580e-01	7.18862139e-01
2202            	4.81332470e-02	6.29319435e-02	1.53409577e+00	8.15181132e-01	7.18914638e-01
2203            	4.81496620e-02	6.29410118e-02	1.53422792e+00	8.15263624e-01	7.18964300e-01
2204            	4.81640697e-02	6.29490159e-02	1.53435355e+00	8.15340843e-01	7.19012704e-01
2205            	4.81803008e-02	6.29584208e-02	1.53449030e+00	8.15425449e-01	7.19064848e-01
2206            	4.81968492e-02	6.29676675e-02	1.53463081e+00	8.15512254e-01	7.19118556e-01
2207            	4.82126054e-02	6.29758856e-02	1.53476989e+00	8.15597550e-01	7.19172339e-01
2208            	4.82255353e-02	6.29825816e-02	1.53489981e+00	8.15675441e-01	7.19224370e-01
2209            	4.82306998e-02	6.29838535e-02	1.53500076e+00	8.15731082e-01	7.19269682e-01
2210            	4.82314447e-02	6.29814435e-02	1.53508690e+00	8.15774895e-01	7.19312006e-01
2211            	4.82300541e-02	6.29764804e-02	1.53516792e+00	8.15814014e-01	7.19353906e-01
2212            	4.82315319e-02	6.29716658e-02	1.53526299e+00	8.15863025e-01	7.19399962e-01
2213            	4.82354752e-02	6.29676729e-02	1.53537001e+00	8.15920482e-01	7.19449532e-01
2214            	4.82408008e-02	6.29648121e-02	1.53548475e+00	8.15983176e-01	7.19501574e-01
2215            	4.82448420e-02	6.29607359e-02	1.53559515e+00	8.16042416e-01	7.19552732e-01
2216            	4.82448489e-02	6.29544967e-02	1.53569194e+00	8.16090821e-01	7.19601123e-01
2217            	4.82426458e-02	6.29464223e-02	1.53578193e+00	8.16133611e-01	7.19648320e-01
2218            	4.82362140e-02	6.29356970e-02	1.53585974e+00	8.16166083e-01	7.19693655e-01
2219            	4.82254540e-02	6.29213756e-02	1.53592509e+00	8.16187999e-01	7.19737090e-01
2220            	4.82107003e-02	6.29043514e-02	1.53598169e+00	8.16201544e-01	7.19780144e-01
2221            	4.81912478e-02	6.28833784e-02	1.53602566e+00	8.16204077e-01	7.19821582e-01
2222            	4.81683020e-02	6.28600506e-02	1.53606237e+00	8.16199487e-01	7.19862883e-01
2223            	4.81424520e-02	6.28340493e-02	1.53609103e+00	8.16187966e-01	7.19903062e-01
2224            	4.81154868e-02	6.28073618e-02	1.53611635e+00	8.16173660e-01	7.19942686e-01
2225            	4.80892524e-02	6.27804934e-02	1.53614091e+00	8.16159705e-01	7.19981201e-01
2226            	4.80663267e-02	6.27560305e-02	1.53617046e+00	8.16151557e-01	7.20018904e-01
2227            	4.80490154e-02	6.27347847e-02	1.53620888e+00	8.16153456e-01	7.20055425e-01
2228            	4.80397295e-02	6.27192709e-02	1.53626236e+00	8.16170911e-01	7.20091452e-01
2229            	4.80401220e-02	6.27099381e-02	1.53633367e+00	8.16206956e-01	7.20126712e-01
2230            	4.80514792e-02	6.27085808e-02	1.53642764e+00	8.16265299e-01	7.20162340e-01
2231            	4.80740711e-02	6.27148211e-02	1.53654436e+00	8.16346251e-01	7.20198109e-01
2232            	4.81076855e-02	6.27294470e-02	1.53668601e+00	8.16450689e-01	7.20235318e-01
2233            	4.81511165e-02	6.27511119e-02	1.53684948e+00	8.16575857e-01	7.20273624e-01
2234            	4.82026945e-02	6.27794645e-02	1.53703380e+00	8.16719594e-01	7.20314205e-01
2235            	4.82599212e-02	6.28120759e-02	1.53723252e+00	8.16876181e-01	7.20356339e-01
2236            	4.83203113e-02	6.28477312e-02	1.53744239e+00	8.17041507e-01	7.20400885e-01
2237            	4.83809415e-02	6.28834664e-02	1.53765519e+00	8.17208538e-01	7.20446655e-01
2238            	4.84398854e-02	6.29182707e-02	1.53786828e+00	8.17374024e-01	7.20494253e-01
2239            	4.84952025e-02	6.29497833e-02	1.53807478e+00	8.17532591e-01	7.20542187e-01
2240            	4.85463919e-02	6.29780473e-02	1.53827480e+00	8.17683790e-01	7.20591006e-01
2241            	4.85929439e-02	6.30018015e-02	1.53846434e+00	8.17825114e-01	7.20639226e-01
2242            	4.86357649e-02	6.30223035e-02	1.53864663e+00	8.17959078e-01	7.20687548e-01
2243            	4.86754799e-02	6.30392452e-02	1.53882053e+00	8.18085745e-01	7.20734785e-01
2244            	4.87135487e-02	6.30545215e-02	1.53899098e+00	8.18209038e-01	7.20781941e-01
2245            	4.87505340e-02	6.30679021e-02	1.53915757e+00	8.18329318e-01	7.20828250e-01
2246            	4.87870873e-02	6.30807617e-02	1.53932421e+00	8.18449192e-01	7.20875017e-01
2247            	4.88227332e-02	6.30921111e-02	1.53948897e+00	8.18567218e-01	7.20921752e-01
2248            	4.88570037e-02	6.31024639e-02	1.53965356e+00	8.18683786e-01	7.20969779e-01
2249            	4.88886411e-02	6.31102389e-02	1.53981438e+00	8.18795832e-01	7.21018550e-01
2250            	4.89168058e-02	6.31155972e-02	1.53997187e+00	8.18902740e-01	7.21069129e-01
2251            	4.89401114e-02	6.31168331e-02	1.54012152e+00	8.19000869e-01	7.21120646e-01
2252            	4.89577839e-02	6.31140732e-02	1.54026319e+00	8.19089380e-01	7.21173812e-01
2253            	4.89688307e-02	6.31058459e-02	1.54039242e+00	8.19165043e-01	7.21227382e-01
2254            	4.89731231e-02	6.30927309e-02	1.54050990e+00	8.19228071e-01	7.21281825e-01
2255            	4.89706479e-02	6.30739676e-02	1.54061267e+00	8.19276985e-01	7.21335689e-01
2256            	4.89622530e-02	6.30510152e-02	1.54070339e+00	8.19313948e-01	7.21389442e-01
2257            	4.89516092e-02	6.30276311e-02	1.54078231e+00	8.19342762e-01	7.21439544e-01
2258            	4.89340580e-02	6.29969819e-02	1.54085194e+00	8.19360027e-01	7.21491911e-01
2259            	4.89157230e-02	6.29666333e-02	1.54091431e+00	8.19372877e-01	7.21541431e-01
2260            	4.88967174e-02	6.29364176e-02	1.54097221e+00	8.19382824e-01	7.21589389e-01
2261            	4.88743498e-02	6.29026995e-02	1.54102679e+00	8.19387746e-01	7.21639046e-01
2262            	4.88514840e-02	6.28698416e-02	1.54108257e+00	8.19392767e-01	7.21689799e-01
2263            	4.88300707e-02	6.28394940e-02	1.54113766e+00	8.19398902e-01	7.21738761e-01
2264            	4.88102602e-02	6.28117395e-02	1.54119289e+00	8.19406706e-01	7.21786186e-01
2265            	4.87914703e-02	6.27858480e-02	1.54124910e+00	8.19416023e-01	7.21833082e-01
2266            	4.87730023e-02	6.27609640e-02	1.54130678e+00	8.19426393e-01	7.21880389e-01
2267            	4.87542322e-02	6.27362912e-02	1.54136585e+00	8.19437158e-01	7.21928694e-01
2268            	4.87328480e-02	6.27090006e-02	1.54142695e+00	8.19446323e-01	7.21980627e-01
2269            	4.87111025e-02	6.26819504e-02	1.54148827e+00	8.19455237e-01	7.22033032e-01
2270            	4.86889122e-02	6.26546972e-02	1.54154678e+00	8.19462300e-01	7.22084475e-01
2271            	4.86658723e-02	6.26268649e-02	1.54160122e+00	8.19466480e-01	7.22134736e-01
2272            	4.86413706e-02	6.25978639e-02	1.54165103e+00	8.19466887e-01	7.22184146e-01
2273            	4.86149877e-02	6.25672389e-02	1.54169595e+00	8.19462960e-01	7.22232985e-01
2274            	4.85866677e-02	6.25348270e-02	1.54173611e+00	8.19454722e-01	7.22281387e-01
2275            	4.85566930e-02	6.25007757e-02	1.54177215e+00	8.19442770e-01	7.22329384e-01
2276            	4.85256429e-02	6.24655478e-02	1.54180517e+00	8.19428228e-01	7.22376942e-01
2277            	4.84942607e-02	6.24297933e-02	1.54183649e+00	8.19412507e-01	7.22423986e-01
2278            	4.84634126e-02	6.23942864e-02	1.54186767e+00	8.19397250e-01	7.22470424e-01
2279            	4.84339606e-02	6.23598220e-02	1.54190029e+00	8.19384107e-01	7.22516185e-01
2280            	4.84066867e-02	6.23271101e-02	1.54193587e+00	8.19374624e-01	7.22561250e-01
2281            	4.83820779e-02	6.22966372e-02	1.54197554e+00	8.19369845e-01	7.22605690e-01
2282            	4.83603712e-02	6.22686873e-02	1.54202001e+00	8.19370378e-01	7.22649636e-01
2283            	4.83416296e-02	6.22433743e-02	1.54206975e+00	8.19376507e-01	7.22693248e-01
2284            	4.83258572e-02	6.22207130e-02	1.54212508e+00	8.19388396e-01	7.22736682e-01
2285            	4.83129503e-02	6.22005892e-02	1.54218604e+00	8.19405969e-01	7.22780068e-01
2286            	4.83027142e-02	6.21828105e-02	1.54225244e+00	8.19428936e-01	7.22823508e-01
2287            	4.82949592e-02	6.21671825e-02	1.54232402e+00	8.19456968e-01	7.22867049e-01
2288            	4.82903850e-02	6.21540629e-02	1.54239620e+00	8.19488485e-01	7.22907715e-01
2289            	4.82865563e-02	6.21410417e-02	1.54247651e+00	8.19524809e-01	7.22951696e-01
2290            	4.82832975e-02	6.21284873e-02	1.54256773e+00	8.19567165e-01	7.23000570e-01
2291            	4.82839049e-02	6.21204544e-02	1.54265313e+00	8.19610470e-01	7.23042660e-01
2292            	4.82865618e-02	6.21146965e-02	1.54273843e+00	8.19655775e-01	7.23082651e-01
2293            	4.82899040e-02	6.21098911e-02	1.54283127e+00	8.19705537e-01	7.23125729e-01
2294            	4.82941691e-02	6.21052257e-02	1.54292590e+00	8.19757120e-01	7.23168782e-01
2295            	4.83002625e-02	6.21021648e-02	1.54302238e+00	8.19811454e-01	7.23210929e-01
2296            	4.83082385e-02	6.21005765e-02	1.54312121e+00	8.19868841e-01	7.23252364e-01
2297            	4.83174931e-02	6.20998437e-02	1.54322909e+00	8.19932040e-01	7.23297054e-01
2298            	4.83284444e-02	6.20997755e-02	1.54334088e+00	8.19998885e-01	7.23341996e-01
2299            	4.83415373e-02	6.21019518e-02	1.54345301e+00	8.20068044e-01	7.23384969e-01
2300            	4.83564687e-02	6.21060382e-02	1.54356536e+00	8.20139151e-01	7.23426213e-01
2301            	4.83727197e-02	6.21112880e-02	1.54368550e+00	8.20215470e-01	7.23470031e-01
2302            	4.83905171e-02	6.21173935e-02	1.54380859e+00	8.20294814e-01	7.23513780e-01
2303            	4.84097377e-02	6.21251719e-02	1.54393104e+00	8.20375259e-01	7.23555784e-01
2304            	4.84302038e-02	6.21342180e-02	1.54405359e+00	8.20456997e-01	7.23596590e-01
2305            	4.84518378e-02	6.21441616e-02	1.54417819e+00	8.20540935e-01	7.23637259e-01
2306            	4.84750297e-02	6.21547205e-02	1.54431450e+00	8.20632279e-01	7.23682219e-01
2307            	4.84992660e-02	6.21653931e-02	1.54445404e+00	8.20726285e-01	7.23727753e-01
2308            	4.85239642e-02	6.21764432e-02	1.54459386e+00	8.20820897e-01	7.23772968e-01
2309            	4.85488515e-02	6.21876006e-02	1.54473344e+00	8.20915572e-01	7.23817869e-01
2310            	4.85755276e-02	6.21992729e-02	1.54488443e+00	8.21017745e-01	7.23866689e-01
2311            	4.86024476e-02	6.22107703e-02	1.54503392e+00	8.21119408e-01	7.23914512e-01
2312            	4.86291347e-02	6.22223901e-02	1.54518066e+00	8.21219466e-01	7.23961197e-01
2313            	4.86548991e-02	6.22335423e-02	1.54532372e+00	8.21316762e-01	7.24006963e-01
2314            	4.86795163e-02	6.22439747e-02	1.54546370e+00	8.21411367e-01	7.24052334e-01
2315            	4.87031182e-02	6.22537869e-02	1.54560179e+00	8.21504014e-01	7.24097778e-01
2316            	4.87288878e-02	6.22645728e-02	1.54575342e+00	8.21605599e-01	7.24147824e-01
2317            	4.87528147e-02	6.22746123e-02	1.54589749e+00	8.21701561e-01	7.24195932e-01
2318            	4.87759943e-02	6.22849831e-02	1.54603845e+00	8.21795222e-01	7.24243233e-01
2319            	4.87982391e-02	6.22955641e-02	1.54617582e+00	8.21886148e-01	7.24289670e-01
2320            	4.88194553e-02	6.23061918e-02	1.54630993e+00	8.21974422e-01	7.24335511e-01
2321            	4.88431503e-02	6.23187731e-02	1.54645721e+00	8.22071757e-01	7.24385457e-01
2322            	4.88640038e-02	6.23301118e-02	1.54659321e+00	8.22160609e-01	7.24432601e-01
2323            	4.88836827e-02	6.23416090e-02	1.54672453e+00	8.22245950e-01	7.24478584e-01
2324            	4.89018698e-02	6.23527812e-02	1.54685096e+00	8.22327349e-01	7.24523610e-01
2325            	4.89219285e-02	6.23655099e-02	1.54698902e+00	8.22416440e-01	7.24572583e-01
2326            	4.89379083e-02	6.23754048e-02	1.54711256e+00	8.22494189e-01	7.24618373e-01
2327            	4.89513769e-02	6.23838153e-02	1.54722878e+00	8.22565765e-01	7.24663011e-01
2328            	4.89623524e-02	6.23903963e-02	1.54733862e+00	8.22631665e-01	7.24706960e-01
2329            	4.89747339e-02	6.23976206e-02	1.54746000e+00	8.22704732e-01	7.24755264e-01
2330            	4.89829695e-02	6.24011073e-02	1.54756711e+00	8.22766523e-01	7.24800584e-01
2331            	4.89887342e-02	6.24023972e-02	1.54766738e+00	8.22822427e-01	7.24844958e-01
2332            	4.89961835e-02	6.24042815e-02	1.54777884e+00	8.22885603e-01	7.24893236e-01
2333            	4.90037263e-02	6.24050976e-02	1.54789294e+00	8.22950197e-01	7.24942745e-01
2334            	4.90110100e-02	6.24044993e-02	1.54800709e+00	8.23014554e-01	7.24992534e-01
2335            	4.90157728e-02	6.24018781e-02	1.54811231e+00	8.23071926e-01	7.25040380e-01
2336            	4.90162774e-02	6.23955384e-02	1.54820069e+00	8.23116621e-01	7.25084066e-01
2337            	4.90143832e-02	6.23871213e-02	1.54828039e+00	8.23154578e-01	7.25125812e-01
2338            	4.90102462e-02	6.23763415e-02	1.54835147e+00	8.23185979e-01	7.25165487e-01
2339            	4.90035293e-02	6.23636642e-02	1.54841425e+00	8.23210654e-01	7.25203595e-01
2340            	4.89956809e-02	6.23498150e-02	1.54847385e+00	8.23232606e-01	7.25241244e-01
2341            	4.89857909e-02	6.23349811e-02	1.54852900e+00	8.23250290e-01	7.25278708e-01
2342            	4.89743471e-02	6.23191926e-02	1.54858155e+00	8.23265123e-01	7.25316429e-01
2343            	4.89608028e-02	6.23028107e-02	1.54863141e+00	8.23276508e-01	7.25354902e-01
2344            	4.89443983e-02	6.22847343e-02	1.54867573e+00	8.23282262e-01	7.25393465e-01
2345            	4.89248685e-02	6.22652800e-02	1.54871491e+00	8.23282322e-01	7.25432585e-01
2346            	4.89016717e-02	6.22433005e-02	1.54874551e+00	8.23274429e-01	7.25471086e-01
2347            	4.88752723e-02	6.22194925e-02	1.54876905e+00	8.23259795e-01	7.25509251e-01
2348            	4.88464017e-02	6.21935756e-02	1.54878472e+00	8.23238763e-01	7.25545960e-01
2349            	4.88167263e-02	6.21670554e-02	1.54879650e+00	8.23214978e-01	7.25581526e-01
2350            	4.87882316e-02	6.21406177e-02	1.54880672e+00	8.23191594e-01	7.25615131e-01
2351            	4.87634282e-02	6.21164717e-02	1.54882180e+00	8.23174328e-01	7.25647472e-01
2352            	4.87445564e-02	6.20956252e-02	1.54884527e+00	8.23167193e-01	7.25678080e-01
2353            	4.87339473e-02	6.20803193e-02	1.54888413e+00	8.23176010e-01	7.25708116e-01
2354            	4.87331128e-02	6.20712149e-02	1.54894094e+00	8.23203585e-01	7.25737359e-01
2355            	4.87431220e-02	6.20698094e-02	1.54902077e+00	8.23253506e-01	7.25767263e-01
2356            	4.87641004e-02	6.20759351e-02	1.54912345e+00	8.23325826e-01	7.25797625e-01
2357            	4.87957490e-02	6.20901887e-02	1.54925131e+00	8.23421406e-01	7.25829908e-01
2358            	4.88365128e-02	6.21111639e-02	1.54940036e+00	8.23536691e-01	7.25863665e-01
2359            	4.88844365e-02	6.21380580e-02	1.54956906e+00	8.23668968e-01	7.25900095e-01
2360            	4.89365964e-02	6.21682713e-02	1.54974980e+00	8.23811497e-01	7.25938304e-01
2361            	4.89904297e-02	6.22002827e-02	1.54993906e+00	8.23959960e-01	7.25979100e-01
2362            	4.90430844e-02	6.22313444e-02	1.55012844e+00	8.24107306e-01	7.26021138e-01
2363            	4.90929202e-02	6.22604558e-02	1.55031572e+00	8.24250779e-01	7.26064939e-01
2364            	4.91384754e-02	6.22857984e-02	1.55049485e+00	8.24385901e-01	7.26108950e-01
2365            	4.91796900e-02	6.23076238e-02	1.55066680e+00	8.24513092e-01	7.26153712e-01
2366            	4.92165178e-02	6.23251486e-02	1.55082859e+00	8.24630813e-01	7.26197778e-01
2367            	4.92501227e-02	6.23397368e-02	1.55098415e+00	8.24742198e-01	7.26241952e-01
2368            	4.92812806e-02	6.23513137e-02	1.55113279e+00	8.24847676e-01	7.26285115e-01
2369            	4.93112730e-02	6.23615772e-02	1.55127933e+00	8.24950937e-01	7.26328391e-01
2370            	4.93403673e-02	6.23701510e-02	1.55142278e+00	8.25051756e-01	7.26371021e-01
2371            	4.93689428e-02	6.23781558e-02	1.55156659e+00	8.25152238e-01	7.26414352e-01
2372            	4.93961570e-02	6.23843436e-02	1.55170799e+00	8.25250155e-01	7.26457840e-01
2373            	4.94211590e-02	6.23888064e-02	1.55184793e+00	8.25345124e-01	7.26502806e-01
2374            	4.94421219e-02	6.23894515e-02	1.55198138e+00	8.25432810e-01	7.26548566e-01
2375            	4.94577977e-02	6.23860111e-02	1.55210776e+00	8.25511678e-01	7.26596082e-01
2376            	4.94666052e-02	6.23766353e-02	1.55222187e+00	8.25577542e-01	7.26644332e-01
2377            	4.94679598e-02	6.23614825e-02	1.55232363e+00	8.25629774e-01	7.26693854e-01
2378            	4.94614898e-02	6.23396946e-02	1.55240964e+00	8.25666309e-01	7.26743329e-01
2379            	4.94478915e-02	6.23125150e-02	1.55248193e+00	8.25688854e-01	7.26793071e-01
2380            	4.94281208e-02	6.22801628e-02	1.55253974e+00	8.25697990e-01	7.26841749e-01
2381            	4.94037255e-02	6.22447232e-02	1.55258711e+00	8.25697278e-01	7.26889827e-01
2382            	4.93795249e-02	6.22109568e-02	1.55262791e+00	8.25693481e-01	7.26934431e-01
2383            	4.93497766e-02	6.21714650e-02	1.55266087e+00	8.25680214e-01	7.26980660e-01
2384            	4.93214778e-02	6.21342966e-02	1.55269165e+00	8.25667304e-01	7.27024348e-01
2385            	4.92942658e-02	6.20989525e-02	1.55272197e+00	8.25655253e-01	7.27066721e-01
2386            	4.92652210e-02	6.20618026e-02	1.55275156e+00	8.25640999e-01	7.27110557e-01
2387            	4.92371004e-02	6.20269057e-02	1.55278549e+00	8.25629847e-01	7.27155646e-01
2388            	4.92117530e-02	6.19955078e-02	1.55282212e+00	8.25622815e-01	7.27199309e-01
2389            	4.91888425e-02	6.19672147e-02	1.55286115e+00	8.25619418e-01	7.27241733e-01
2390            	4.91673954e-02	6.19409368e-02	1.55290231e+00	8.25618548e-01	7.27283757e-01
2391            	4.91464586e-02	6.19155472e-02	1.55294522e+00	8.25619070e-01	7.27326153e-01
2392            	4.91252475e-02	6.18901091e-02	1.55298929e+00	8.25619895e-01	7.27369400e-01
2393            	4.91012078e-02	6.18617274e-02	1.55303381e+00	8.25618111e-01	7.27415695e-01
2394            	4.90761185e-02	6.18327788e-02	1.55307713e+00	8.25614682e-01	7.27462445e-01
2395            	4.90497068e-02	6.18027256e-02	1.55311577e+00	8.25607593e-01	7.27508180e-01
2396            	4.90217048e-02	6.17713513e-02	1.55314862e+00	8.25596017e-01	7.27552607e-01
2397            	4.89918852e-02	6.17383780e-02	1.55317562e+00	8.25579697e-01	7.27595927e-01
2398            	4.89604156e-02	6.17038066e-02	1.55319748e+00	8.25559157e-01	7.27638326e-01
2399            	4.89277863e-02	6.16679318e-02	1.55321542e+00	8.25535497e-01	7.27679925e-01
2400            	4.88948254e-02	6.16313748e-02	1.55323121e+00	8.25510432e-01	7.27720781e-01
2401            	4.88625593e-02	6.15949833e-02	1.55324696e+00	8.25486038e-01	7.27760920e-01
2402            	4.88320571e-02	6.15597025e-02	1.55326482e+00	8.25464465e-01	7.27800351e-01
2403            	4.88042594e-02	6.15264167e-02	1.55328673e+00	8.25447622e-01	7.27839103e-01
2404            	4.87797326e-02	6.14957719e-02	1.55331399e+00	8.25436726e-01	7.27877261e-01
2405            	4.87587620e-02	6.14681460e-02	1.55334741e+00	8.25432466e-01	7.27914941e-01
2406            	4.87414848e-02	6.14437253e-02	1.55338751e+00	8.25435241e-01	7.27952271e-01
2407            	4.87279382e-02	6.14225655e-02	1.55343462e+00	8.25445249e-01	7.27989373e-01
2408            	4.87180087e-02	6.14045694e-02	1.55348875e+00	8.25462386e-01	7.28026368e-01
2409            	4.87115007e-02	6.13895655e-02	1.55354972e+00	8.25486362e-01	7.28063360e-01
2410            	4.87081422e-02	6.13773113e-02	1.55361711e+00	8.25516699e-01	7.28100414e-01
2411            	4.87076383e-02	6.13675391e-02	1.55369039e+00	8.25552835e-01	7.28137558e-01
2412            	4.87096270e-02	6.13599322e-02	1.55376885e+00	8.25594054e-01	7.28174800e-01
2413            	4.87142039e-02	6.13543137e-02	1.55384756e+00	8.25637983e-01	7.28209575e-01
2414            	4.87204653e-02	6.13504104e-02	1.55393188e+00	8.25686406e-01	7.28245475e-01
2415            	4.87273351e-02	6.13462925e-02	1.55402195e+00	8.25738312e-01	7.28283641e-01
2416            	4.87356763e-02	6.13439470e-02	1.55412011e+00	8.25795730e-01	7.28324377e-01
2417            	4.87460720e-02	6.13441679e-02	1.55421680e+00	8.25854474e-01	7.28362330e-01
2418            	4.87584809e-02	6.13466828e-02	1.55431347e+00	8.25915217e-01	7.28398255e-01
2419            	4.87722215e-02	6.13495444e-02	1.55441470e+00	8.25979573e-01	7.28435130e-01
2420            	4.87881306e-02	6.13543738e-02	1.55452246e+00	8.26049361e-01	7.28473100e-01
2421            	4.88058916e-02	6.13608564e-02	1.55463024e+00	8.26121012e-01	7.28509229e-01
2422            	4.88250945e-02	6.13685911e-02	1.55473820e+00	8.26194194e-01	7.28544005e-01
2423            	4.88451715e-02	6.13757531e-02	1.55485093e+00	8.26270636e-01	7.28580293e-01
2424            	4.88669672e-02	6.13845884e-02	1.55497035e+00	8.26352142e-01	7.28618207e-01
2425            	4.88897513e-02	6.13945755e-02	1.55508916e+00	8.26434331e-01	7.28654828e-01
2426            	4.89133690e-02	6.14055740e-02	1.55520767e+00	8.26517206e-01	7.28690468e-01
2427            	4.89381823e-02	6.14163038e-02	1.55533235e+00	8.26604357e-01	7.28727992e-01
2428            	4.89647669e-02	6.14291416e-02	1.55546311e+00	8.26696320e-01	7.28766787e-01
2429            	4.89920479e-02	6.14427900e-02	1.55559397e+00	8.26789035e-01	7.28804939e-01
2430            	4.90196715e-02	6.14568399e-02	1.55572491e+00	8.26882128e-01	7.28842785e-01
2431            	4.90484929e-02	6.14701623e-02	1.55586347e+00	8.26980230e-01	7.28883244e-01
2432            	4.90777718e-02	6.14845470e-02	1.55600458e+00	8.27080063e-01	7.28924519e-01
2433            	4.91067311e-02	6.14987203e-02	1.55614415e+00	8.27178806e-01	7.28965344e-01
2434            	4.91354165e-02	6.15126503e-02	1.55628254e+00	8.27276686e-01	7.29005853e-01
2435            	4.91657123e-02	6.15258434e-02	1.55642942e+00	8.27380421e-01	7.29048997e-01
2436            	4.91947302e-02	6.15391663e-02	1.55657320e+00	8.27481331e-01	7.29091871e-01
2437            	4.92218076e-02	6.15512837e-02	1.55671123e+00	8.27577423e-01	7.29133807e-01
2438            	4.92470253e-02	6.15622909e-02	1.55684407e+00	8.27669059e-01	7.29175009e-01
2439            	4.92709755e-02	6.15726537e-02	1.55697371e+00	8.27757829e-01	7.29215878e-01
2440            	4.92942090e-02	6.15828239e-02	1.55710194e+00	8.27845180e-01	7.29256762e-01
2441            	4.93197509e-02	6.15932375e-02	1.55724113e+00	8.27940316e-01	7.29300815e-01
2442            	4.93430707e-02	6.16040891e-02	1.55737396e+00	8.28030050e-01	7.29343909e-01
2443            	4.93649793e-02	6.16150571e-02	1.55750228e+00	8.28116119e-01	7.29386161e-01
2444            	4.93853228e-02	6.16260847e-02	1.55762568e+00	8.28198164e-01	7.29427519e-01
2445            	4.94043445e-02	6.16372298e-02	1.55774520e+00	8.28276943e-01	7.29468254e-01
2446            	4.94253150e-02	6.16492331e-02	1.55787437e+00	8.28362502e-01	7.29511873e-01
2447            	4.94431270e-02	6.16608900e-02	1.55799352e+00	8.28439888e-01	7.29553634e-01
2448            	4.94589225e-02	6.16718430e-02	1.55810653e+00	8.28512188e-01	7.29594343e-01
2449            	4.94724575e-02	6.16815719e-02	1.55821342e+00	8.28579167e-01	7.29634252e-01
2450            	4.94870348e-02	6.16910134e-02	1.55832825e+00	8.28651160e-01	7.29677091e-01
2451            	4.94975965e-02	6.16983106e-02	1.55843084e+00	8.28713016e-01	7.29717823e-01
2452            	4.95054240e-02	6.17033817e-02	1.55852599e+00	8.28768417e-01	7.29757569e-01
2453            	4.95107443e-02	6.17060830e-02	1.55861487e+00	8.28818179e-01	7.29796690e-01
2454            	4.95139255e-02	6.17064099e-02	1.55869903e+00	8.28863439e-01	7.29835588e-01
2455            	4.95187149e-02	6.17057682e-02	1.55879317e+00	8.28915302e-01	7.29877872e-01
2456            	4.95198479e-02	6.17023523e-02	1.55887611e+00	8.28957904e-01	7.29918208e-01
2457            	4.95188784e-02	6.16966160e-02	1.55895309e+00	8.28995425e-01	7.29957668e-01
2458            	4.95198066e-02	6.16904342e-02	1.55903854e+00	8.29039077e-01	7.29999464e-01
2459            	4.95210282e-02	6.16837794e-02	1.55912586e+00	8.29083960e-01	7.30041903e-01
2460            	4.95235495e-02	6.16778635e-02	1.55921910e+00	8.29133098e-01	7.30085999e-01
2461            	4.95220467e-02	6.16690392e-02	1.55929656e+00	8.29170325e-01	7.30126232e-01
2462            	4.95160075e-02	6.16574642e-02	1.55935762e+00	8.29194819e-01	7.30162804e-01
2463            	4.95068154e-02	6.16435638e-02	1.55940688e+00	8.29210254e-01	7.30196624e-01
2464            	4.94950464e-02	6.16282114e-02	1.55944835e+00	8.29219220e-01	7.30229127e-01
2465            	4.94797586e-02	6.16104375e-02	1.55947892e+00	8.29219221e-01	7.30259704e-01
2466            	4.94625009e-02	6.15919604e-02	1.55950639e+00	8.29215698e-01	7.30290696e-01
2467            	4.94418077e-02	6.15713694e-02	1.55952572e+00	8.29204669e-01	7.30321054e-01
2468            	4.94182060e-02	6.15495953e-02	1.55954089e+00	8.29188651e-01	7.30352239e-01
2469            	4.93910212e-02	6.15255736e-02	1.55954856e+00	8.29165303e-01	7.30383261e-01
2470            	4.93606131e-02	6.14998562e-02	1.55955038e+00	8.29135805e-01	7.30414579e-01
2471            	4.93275726e-02	6.14721530e-02	1.55954555e+00	8.29100349e-01	7.30445204e-01
2472            	4.92932906e-02	6.14436731e-02	1.55953745e+00	8.29062013e-01	7.30475432e-01
2473            	4.92594364e-02	6.14148754e-02	1.55952737e+00	8.29023123e-01	7.30504250e-01
2474            	4.92282399e-02	6.13876349e-02	1.55952118e+00	8.28988830e-01	7.30532351e-01
2475            	4.92018080e-02	6.13628665e-02	1.55952136e+00	8.28962487e-01	7.30558871e-01
2476            	4.91824047e-02	6.13425961e-02	1.55953472e+00	8.28949765e-01	7.30584956e-01
2477            	4.91715980e-02	6.13276283e-02	1.55956326e+00	8.28953228e-01	7.30610032e-01
2478            	4.91708191e-02	6.13195623e-02	1.55961271e+00	8.28977174e-01	7.30635535e-01
2479            	4.91803212e-02	6.13185023e-02	1.55968278e+00	8.29021712e-01	7.30661069e-01
2480            	4.92002091e-02	6.13251871e-02	1.55977675e+00	8.29088583e-01	7.30688164e-01
2481            	4.92290048e-02	6.13384950e-02	1.55989064e+00	8.29174323e-01	7.30716314e-01
2482            	4.92653369e-02	6.13579085e-02	1.56002443e+00	8.29277552e-01	7.30746879e-01
2483            	4.93062515e-02	6.13810413e-02	1.56017033e+00	8.29391418e-01	7.30778915e-01
2484            	4.93497361e-02	6.14066193e-02	1.56032637e+00	8.29512923e-01	7.30813451e-01
2485            	4.93926887e-02	6.14319190e-02	1.56048356e+00	8.29634471e-01	7.30849093e-01
2486            	4.94337361e-02	6.14559665e-02	1.56064073e+00	8.29754099e-01	7.30886627e-01
2487            	4.94710670e-02	6.14768114e-02	1.56079103e+00	8.29866581e-01	7.30924447e-01
2488            	4.95047202e-02	6.14946284e-02	1.56093601e+00	8.29972726e-01	7.30963285e-01
2489            	4.95343820e-02	6.15085673e-02	1.56107197e+00	8.30070365e-01	7.31001601e-01
2490            	4.95611263e-02	6.15198070e-02	1.56120282e+00	8.30162536e-01	7.31040284e-01
2491            	4.95854914e-02	6.15281510e-02	1.56132716e+00	8.30249070e-01	7.31078087e-01
2492            	4.96087411e-02	6.15351495e-02	1.56144977e+00	8.30333625e-01	7.31116142e-01
2493            	4.96312085e-02	6.15405068e-02	1.56156954e+00	8.30415978e-01	7.31153561e-01
2494            	4.96535316e-02	6.15454721e-02	1.56169041e+00	8.30498738e-01	7.31191675e-01
2495            	4.96751499e-02	6.15490668e-02	1.56180997e+00	8.30580133e-01	7.31229834e-01
2496            	4.96953871e-02	6.15515408e-02	1.56192946e+00	8.30660115e-01	7.31269341e-01
2497            	4.97123899e-02	6.15507982e-02	1.56204381e+00	8.30734293e-01	7.31309513e-01
2498            	4.97247103e-02	6.15463653e-02	1.56215213e+00	8.30800774e-01	7.31351353e-01
2499            	4.97305287e-02	6.15361627e-02	1.56224881e+00	8.30854936e-01	7.31393878e-01
2500            	4.97289864e-02	6.15201152e-02	1.56233328e+00	8.30895624e-01	7.31437651e-01
2501            	4.97194616e-02	6.14971821e-02	1.56240174e+00	8.30920330e-01	7.31481407e-01
2502            	4.97025860e-02	6.14685206e-02	1.56245605e+00	8.30930610e-01	7.31525438e-01
2503            	4.96792657e-02	6.14343866e-02	1.56249548e+00	8.30927007e-01	7.31568476e-01
2504            	4.96510264e-02	6.13968289e-02	1.56252384e+00	8.30912946e-01	7.31610893e-01
2505            	4.96229274e-02	6.13608085e-02	1.56254614e+00	8.30895997e-01	7.31650142e-01
2506            	4.95890894e-02	6.13189859e-02	1.56255921e+00	8.30868693e-01	7.31690514e-01
2507            	4.95570088e-02	6.12796394e-02	1.56257087e+00	8.30842444e-01	7.31728427e-01
2508            	4.95264500e-02	6.12423932e-02	1.56258285e+00	8.30817874e-01	7.31764974e-01
2509            	4.94945919e-02	6.12038276e-02	1.56259421e+00	8.30791695e-01	7.31802511e-01
2510            	4.94644628e-02	6.11681629e-02	1.56261099e+00	8.30769959e-01	7.31841033e-01
2511            	4.94380006e-02	6.11366721e-02	1.56263258e+00	8.30754293e-01	7.31878291e-01
2512            	4.94148120e-02	6.11089054e-02	1.56265860e+00	8.30744113e-01	7.31914489e-01
2513            	4.93937760e-02	6.10836497e-02	1.56268829e+00	8.30737921e-01	7.31950369e-01
2514            	4.93736928e-02	6.10596201e-02	1.56272064e+00	8.30734015e-01	7.31986629e-01
2515            	4.93535580e-02	6.10357547e-02	1.56275456e+00	8.30730836e-01	7.32023720e-01
2516            	4.93306114e-02	6.10090761e-02	1.56278810e+00	8.30724660e-01	7.32063437e-01
2517            	4.93064561e-02	6.09816950e-02	1.56282035e+00	8.30716631e-01	7.32103719e-01
2518            	4.92808875e-02	6.09530743e-02	1.56284805e+00	8.30704911e-01	7.32143136e-01
2519            	4.92537495e-02	6.09230646e-02	1.56287023e+00	8.30688862e-01	7.32181363e-01
2520            	4.92248889e-02	6.08914610e-02	1.56288681e+00	8.30668293e-01	7.32218516e-01
2521            	4.91945307e-02	6.08583292e-02	1.56289849e+00	8.30643773e-01	7.32254712e-01
2522            	4.91632755e-02	6.08240633e-02	1.56290657e+00	8.30616561e-01	7.32290010e-01
2523            	4.91319703e-02	6.07892985e-02	1.56291284e+00	8.30588391e-01	7.32324450e-01
2524            	4.91016181e-02	6.07548513e-02	1.56291938e+00	8.30561309e-01	7.32358073e-01
2525            	4.90731433e-02	6.07215953e-02	1.56292817e+00	8.30537228e-01	7.32390942e-01
2526            	4.90473459e-02	6.06903508e-02	1.56294095e+00	8.30517823e-01	7.32423131e-01
2527            	4.90249102e-02	6.06618221e-02	1.56295928e+00	8.30504551e-01	7.32454731e-01
2528            	4.90064153e-02	6.06365893e-02	1.56298453e+00	8.30498680e-01	7.32485850e-01
2529            	4.89921411e-02	6.06149765e-02	1.56301750e+00	8.30500893e-01	7.32516611e-01
2530            	4.89821129e-02	6.05970646e-02	1.56305854e+00	8.30511382e-01	7.32547156e-01
2531            	4.89761527e-02	6.05827279e-02	1.56310756e+00	8.30529930e-01	7.32577625e-01
2532            	4.89738791e-02	6.05716580e-02	1.56316404e+00	8.30555899e-01	7.32608141e-01
2533            	4.89748351e-02	6.05634725e-02	1.56322727e+00	8.30588470e-01	7.32638799e-01
2534            	4.89784813e-02	6.05577124e-02	1.56329629e+00	8.30626626e-01	7.32669663e-01
2535            	4.89842637e-02	6.05538752e-02	1.56337002e+00	8.30669274e-01	7.32700747e-01
2536            	4.89921126e-02	6.05515929e-02	1.56344400e+00	8.30714114e-01	7.32729889e-01
2537            	4.90012748e-02	6.05506968e-02	1.56352300e+00	8.30762773e-01	7.32760223e-01
2538            	4.90107080e-02	6.05493118e-02	1.56360618e+00	8.30813799e-01	7.32792383e-01
2539            	4.90214111e-02	6.05494544e-02	1.56369624e+00	8.30869530e-01	7.32826708e-01
2540            	4.90340272e-02	6.05518760e-02	1.56378531e+00	8.30926681e-01	7.32858627e-01
2541            	4.90485932e-02	6.05564198e-02	1.56387469e+00	8.30985937e-01	7.32888751e-01
2542            	4.90643795e-02	6.05612017e-02	1.56396768e+00	8.31048218e-01	7.32919459e-01
2543            	4.90823175e-02	6.05679086e-02	1.56406686e+00	8.31115750e-01	7.32951115e-01
2544            	4.91019106e-02	6.05761102e-02	1.56416621e+00	8.31185018e-01	7.32981196e-01
2545            	4.91228102e-02	6.05854730e-02	1.56426589e+00	8.31255754e-01	7.33010133e-01
2546            	4.91446278e-02	6.05943177e-02	1.56436968e+00	8.31329470e-01	7.33040214e-01
2547            	4.91683217e-02	6.06050037e-02	1.56448000e+00	8.31408323e-01	7.33071680e-01
2548            	4.91930555e-02	6.06168534e-02	1.56459064e+00	8.31488375e-01	7.33102264e-01
2549            	4.92188160e-02	6.06298795e-02	1.56470216e+00	8.31569896e-01	7.33132264e-01
2550            	4.92461280e-02	6.06430083e-02	1.56482022e+00	8.31656238e-01	7.33163982e-01
2551            	4.92749969e-02	6.06582025e-02	1.56494388e+00	8.31746936e-01	7.33196942e-01
2552            	4.93040779e-02	6.06739035e-02	1.56506734e+00	8.31837747e-01	7.33229591e-01
2553            	4.93330245e-02	6.06897187e-02	1.56519034e+00	8.31928194e-01	7.33262145e-01
2554            	4.93632302e-02	6.07050075e-02	1.56532041e+00	8.32023435e-01	7.33296975e-01
2555            	4.93936954e-02	6.07212783e-02	1.56545252e+00	8.32119954e-01	7.33332564e-01
2556            	4.94237767e-02	6.07373141e-02	1.56558323e+00	8.32215391e-01	7.33367838e-01
2557            	4.94531707e-02	6.07527939e-02	1.56571215e+00	8.32309244e-01	7.33402902e-01
2558            	4.94834915e-02	6.07670740e-02	1.56584734e+00	8.32407163e-01	7.33440180e-01
2559            	4.95117124e-02	6.07807878e-02	1.56597775e+00	8.32500586e-01	7.33477161e-01
2560            	4.95378789e-02	6.07932005e-02	1.56610238e+00	8.32589070e-01	7.33513312e-01
2561            	4.95625396e-02	6.08047964e-02	1.56622269e+00	8.32673886e-01	7.33548807e-01
2562            	4.95862564e-02	6.08160357e-02	1.56634042e+00	8.32756468e-01	7.33583955e-01
2563            	4.96119776e-02	6.08273655e-02	1.56646683e+00	8.32845394e-01	7.33621439e-01
2564            	4.96353165e-02	6.08388236e-02	1.56658673e+00	8.32928683e-01	7.33658051e-01
2565            	4.96570496e-02	6.08501247e-02	1.56670183e+00	8.33007964e-01	7.33693865e-01
2566            	4.96771394e-02	6.08612997e-02	1.56681220e+00	8.33083241e-01	7.33728962e-01
2567            	4.96989047e-02	6.08732907e-02	1.56693028e+00	8.33164043e-01	7.33766234e-01
2568            	4.97178081e-02	6.08853673e-02	1.56703994e+00	8.33237779e-01	7.33802163e-01
2569            	4.97349291e-02	6.08972877e-02	1.56714401e+00	8.33306934e-01	7.33837076e-01
2570            	4.97532296e-02	6.09097994e-02	1.56725442e+00	8.33380442e-01	7.33873982e-01
2571            	4.97681375e-02	6.09213056e-02	1.56735512e+00	8.33445699e-01	7.33909424e-01
2572            	4.97800875e-02	6.09311889e-02	1.56744708e+00	8.33503628e-01	7.33943453e-01
2573            	4.97926463e-02	6.09406717e-02	1.56754435e+00	8.33564820e-01	7.33979527e-01
2574            	4.98047801e-02	6.09495316e-02	1.56764331e+00	8.33626437e-01	7.34016877e-01
2575            	4.98166377e-02	6.09581404e-02	1.56774504e+00	8.33689160e-01	7.34055884e-01
2576            	4.98249196e-02	6.09636247e-02	1.56783525e+00	8.33742546e-01	7.34092707e-01
2577            	4.98290504e-02	6.09659334e-02	1.56791311e+00	8.33785603e-01	7.34127502e-01
2578            	4.98273678e-02	6.09634661e-02	1.56797209e+00	8.33813413e-01	7.34158677e-01
2579            	4.98205454e-02	6.09564176e-02	1.56801440e+00	8.33827746e-01	7.34186655e-01
2580            	4.98117168e-02	6.09464726e-02	1.56805206e+00	8.33837745e-01	7.34214311e-01
2581            	4.98055649e-02	6.09359707e-02	1.56810133e+00	8.33856230e-01	7.34245101e-01
2582            	4.98017065e-02	6.09258530e-02	1.56816019e+00	8.33881800e-01	7.34278387e-01
2583            	4.98010470e-02	6.09175568e-02	1.56823208e+00	8.33917089e-01	7.34314995e-01
2584            	4.97984273e-02	6.09079922e-02	1.56829713e+00	8.33946991e-01	7.34350137e-01
2585            	4.97928626e-02	6.08972660e-02	1.56835257e+00	8.33969146e-01	7.34383420e-01
2586            	4.97856461e-02	6.08859658e-02	1.56840222e+00	8.33986755e-01	7.34415463e-01
2587            	4.97751866e-02	6.08733839e-02	1.56844233e+00	8.33996352e-01	7.34445979e-01
2588            	4.97609625e-02	6.08587355e-02	1.56847109e+00	8.33996510e-01	7.34474585e-01
2589            	4.97433600e-02	6.08426342e-02	1.56849245e+00	8.33989587e-01	7.34502867e-01
2590            	4.97208163e-02	6.08233775e-02	1.56850075e+00	8.33971190e-01	7.34529558e-01
2591            	4.96939083e-02	6.08016877e-02	1.56850024e+00	8.33944028e-01	7.34556211e-01
2592            	4.96622482e-02	6.07765647e-02	1.56848791e+00	8.33906202e-01	7.34581705e-01
2593            	4.96268885e-02	6.07489226e-02	1.56846728e+00	8.33860528e-01	7.34606751e-01
2594            	4.95888939e-02	6.07188278e-02	1.56843888e+00	8.33808335e-01	7.34630547e-01
2595            	4.95505172e-02	6.06880602e-02	1.56840814e+00	8.33754590e-01	7.34653555e-01
2596            	4.95137207e-02	6.06574285e-02	1.56837769e+00	8.33702566e-01	7.34675125e-01
2597            	4.94811778e-02	6.06291519e-02	1.56835446e+00	8.33658409e-01	7.34696053e-01
2598            	4.94549359e-02	6.06043152e-02	1.56834157e+00	8.33625720e-01	7.34715848e-01
2599            	4.94371105e-02	6.05849223e-02	1.56834566e+00	8.33609939e-01	7.34735719e-01
2600            	4.94289366e-02	6.05717922e-02	1.56836851e+00	8.33613191e-01	7.34755317e-01
2601            	4.94313191e-02	6.05662453e-02	1.56841476e+00	8.33638700e-01	7.34776062e-01
2602            	4.94438632e-02	6.05680753e-02	1.56848296e+00	8.33685344e-01	7.34797618e-01
2603            	4.94658872e-02	6.05774074e-02	1.56857445e+00	8.33753113e-01	7.34821338e-01
2604            	4.94952865e-02	6.05926372e-02	1.56868380e+00	8.33837188e-01	7.34846615e-01
2605            	4.95299989e-02	6.06125813e-02	1.56880893e+00	8.33934463e-01	7.34874465e-01
2606            	4.95669368e-02	6.06346272e-02	1.56894148e+00	8.34037679e-01	7.34903805e-01
2607            	4.96040364e-02	6.06573007e-02	1.56907866e+00	8.34143368e-01	7.34935295e-01
2608            	4.96388180e-02	6.06782048e-02	1.56921262e+00	8.34245126e-01	7.34967490e-01
2609            	4.96704513e-02	6.06967012e-02	1.56934273e+00	8.34341819e-01	7.35000916e-01
2610            	4.96979662e-02	6.07114244e-02	1.56946403e+00	8.34429983e-01	7.35034051e-01
2611            	4.97218935e-02	6.07229735e-02	1.56957890e+00	8.34511342e-01	7.35067555e-01
2612            	4.97425273e-02	6.07309441e-02	1.56968530e+00	8.34585177e-01	7.35100122e-01
2613            	4.97611857e-02	6.07368127e-02	1.56978772e+00	8.34655047e-01	7.35132675e-01
2614            	4.97785077e-02	6.07404929e-02	1.56988559e+00	8.34721305e-01	7.35164290e-01
2615            	4.97956187e-02	6.07435454e-02	1.56998359e+00	8.34787413e-01	7.35196175e-01
2616            	4.98125726e-02	6.07454677e-02	1.57008063e+00	8.34852889e-01	7.35227744e-01
2617            	4.98294501e-02	6.07471441e-02	1.57017952e+00	8.34919208e-01	7.35260308e-01
2618            	4.98451565e-02	6.07471959e-02	1.57027697e+00	8.34983640e-01	7.35293327e-01
2619            	4.98586713e-02	6.07455750e-02	1.57037317e+00	8.35045256e-01	7.35327914e-01
2620            	4.98681381e-02	6.07402534e-02	1.57046297e+00	8.35099621e-01	7.35363345e-01
2621            	4.98721355e-02	6.07306862e-02	1.57054501e+00	8.35144640e-01	7.35400369e-01
2622            	4.98692318e-02	6.07151164e-02	1.57061438e+00	8.35176422e-01	7.35437958e-01
2623            	4.98591516e-02	6.06938849e-02	1.57067124e+00	8.35194770e-01	7.35476466e-01
2624            	4.98419452e-02	6.06665121e-02	1.57071317e+00	8.35198531e-01	7.35514640e-01
2625            	4.98184717e-02	6.06343473e-02	1.57074229e+00	8.35189618e-01	7.35552674e-01
2626            	4.97933207e-02	6.06019749e-02	1.57076269e+00	8.35174665e-01	7.35588023e-01
2627            	4.97607980e-02	6.05621982e-02	1.57077028e+00	8.35145936e-01	7.35624340e-01
2628            	4.97286103e-02	6.05234625e-02	1.57077352e+00	8.35115369e-01	7.35658148e-01
2629            	4.96968750e-02	6.04857219e-02	1.57077436e+00	8.35084054e-01	7.35690304e-01
2630            	4.96627089e-02	6.04455237e-02	1.57077090e+00	8.35048157e-01	7.35722739e-01
2631            	4.96298905e-02	6.04077589e-02	1.57077072e+00	8.35015251e-01	7.35755470e-01
2632            	4.96009130e-02	6.03742474e-02	1.57077517e+00	8.34988498e-01	7.35786672e-01
2633            	4.95758440e-02	6.03450147e-02	1.57078503e+00	8.34968361e-01	7.35816672e-01
2634            	4.95538264e-02	6.03191625e-02	1.57080014e+00	8.34953898e-01	7.35846245e-01
2635            	4.95337564e-02	6.02955431e-02	1.57081972e+00	8.34943619e-01	7.35876106e-01
2636            	4.95146210e-02	6.02730926e-02	1.57084273e+00	8.34935985e-01	7.35906743e-01
2637            	4.94937796e-02	6.02489685e-02	1.57086687e+00	8.34927214e-01	7.35939655e-01
2638            	4.94726042e-02	6.02249691e-02	1.57089199e+00	8.34918601e-01	7.35973393e-01
2639            	4.94507013e-02	6.02003489e-02	1.57091476e+00	8.34908083e-01	7.36006681e-01
2640            	4.94275862e-02	6.01746484e-02	1.57093366e+00	8.34894417e-01	7.36039244e-01
2641            	4.94027658e-02	6.01473747e-02	1.57094782e+00	8.34876673e-01	7.36071142e-01
2642            	4.93761193e-02	6.01183050e-02	1.57095703e+00	8.34854635e-01	7.36102397e-01
2643            	4.93478820e-02	6.00875252e-02	1.57096171e+00	8.34828739e-01	7.36132975e-01
2644            	4.93187079e-02	6.00554844e-02	1.57096302e+00	8.34800219e-01	7.36162803e-01
2645            	4.92894241e-02	6.00228848e-02	1.57096249e+00	8.34770671e-01	7.36191823e-01
2646            	4.92609892e-02	5.99906203e-02	1.57096198e+00	8.34741980e-01	7.36220002e-01
2647            	4.92343896e-02	5.99596431e-02	1.57096346e+00	8.34716122e-01	7.36247343e-01
2648            	4.92105983e-02	5.99308778e-02	1.57096896e+00	8.34695076e-01	7.36273879e-01
2649            	4.91904396e-02	5.99050928e-02	1.57098027e+00	8.34680575e-01	7.36299696e-01
2650            	4.91744343e-02	5.98828155e-02	1.57099873e+00	8.34673797e-01	7.36324928e-01
2651            	4.91627842e-02	5.98642770e-02	1.57102507e+00	8.34675320e-01	7.36349752e-01
2652            	4.91554210e-02	5.98494643e-02	1.57105958e+00	8.34685209e-01	7.36374367e-01
2653            	4.91520041e-02	5.98381220e-02	1.57110195e+00	8.34702980e-01	7.36398971e-01
2654            	4.91519952e-02	5.98298256e-02	1.57115147e+00	8.34727730e-01	7.36423739e-01
2655            	4.91547885e-02	5.98240730e-02	1.57120715e+00	8.34758365e-01	7.36448788e-01
2656            	4.91597672e-02	5.98203307e-02	1.57126787e+00	8.34793702e-01	7.36474168e-01
2657            	4.91664554e-02	5.98181660e-02	1.57133264e+00	8.34832778e-01	7.36499867e-01
2658            	4.91745439e-02	5.98172786e-02	1.57140073e+00	8.34874909e-01	7.36525821e-01
2659            	4.91843089e-02	5.98176120e-02	1.57146893e+00	8.34918773e-01	7.36550155e-01
2660            	4.91953892e-02	5.98192434e-02	1.57154175e+00	8.34966266e-01	7.36575488e-01
2661            	4.92070355e-02	5.98205939e-02	1.57161818e+00	8.35016128e-01	7.36602057e-01
2662            	4.92202817e-02	5.98236843e-02	1.57170095e+00	8.35070757e-01	7.36630194e-01
2663            	4.92354996e-02	5.98289841e-02	1.57178355e+00	8.35127276e-01	7.36656277e-01
2664            	4.92524814e-02	5.98362112e-02	1.57186673e+00	8.35185845e-01	7.36680883e-01
2665            	4.92706213e-02	5.98436629e-02	1.57195298e+00	8.35247112e-01	7.36705869e-01
2666            	4.92907043e-02	5.98529235e-02	1.57204480e+00	8.35313104e-01	7.36731695e-01
2667            	4.93121564e-02	5.98634539e-02	1.57213709e+00	8.35380699e-01	7.36756387e-01
2668            	4.93347844e-02	5.98750579e-02	1.57223025e+00	8.35449908e-01	7.36780339e-01
2669            	4.93587795e-02	5.98865977e-02	1.57232834e+00	8.35522952e-01	7.36805393e-01
2670            	4.93848548e-02	5.99002764e-02	1.57243314e+00	8.35601426e-01	7.36831716e-01
2671            	4.94118270e-02	5.99149850e-02	1.57253894e+00	8.35681298e-01	7.36857644e-01
2672            	4.94392359e-02	5.99303948e-02	1.57264515e+00	8.35761811e-01	7.36883339e-01
2673            	4.94677883e-02	5.99456395e-02	1.57275681e+00	8.35846191e-01	7.36910615e-01
2674            	4.94970636e-02	5.99622895e-02	1.57287195e+00	8.35933040e-01	7.36938912e-01
2675            	4.95261124e-02	5.99790506e-02	1.57298622e+00	8.36019224e-01	7.36966999e-01
2676            	4.95550402e-02	5.99959137e-02	1.57310012e+00	8.36105098e-01	7.36995018e-01
2677            	4.95857888e-02	6.00127465e-02	1.57322151e+00	8.36196541e-01	7.37024964e-01
2678            	4.96160582e-02	6.00300192e-02	1.57334287e+00	8.36287495e-01	7.37055379e-01
2679            	4.96448834e-02	6.00462401e-02	1.57346070e+00	8.36375234e-01	7.37085467e-01
2680            	4.96721800e-02	6.00612904e-02	1.57357497e+00	8.36459667e-01	7.37115307e-01
2681            	4.97007998e-02	6.00756723e-02	1.57369554e+00	8.36548570e-01	7.37146971e-01
2682            	4.97276613e-02	6.00899016e-02	1.57381192e+00	8.36633621e-01	7.37178299e-01
2683            	4.97532354e-02	6.01035981e-02	1.57392430e+00	8.36715383e-01	7.37208913e-01
2684            	4.97775368e-02	6.01168247e-02	1.57403290e+00	8.36793989e-01	7.37238916e-01
2685            	4.98033101e-02	6.01300640e-02	1.57414770e+00	8.36877159e-01	7.37270539e-01
2686            	4.98262954e-02	6.01430323e-02	1.57425524e+00	8.36953917e-01	7.37301326e-01
2687            	4.98474859e-02	6.01557111e-02	1.57435744e+00	8.37026207e-01	7.37331235e-01
2688            	4.98703162e-02	6.01692938e-02	1.57446584e+00	8.37103237e-01	7.37362605e-01
2689            	4.98906897e-02	6.01830650e-02	1.57456749e+00	8.37174437e-01	7.37393057e-01
2690            	4.99086366e-02	6.01962826e-02	1.57466177e+00	8.37239520e-01	7.37422247e-01
2691            	4.99276557e-02	6.02101516e-02	1.57476133e+00	8.37308321e-01	7.37453010e-01
2692            	4.99468221e-02	6.02247680e-02	1.57486367e+00	8.37378659e-01	7.37485015e-01
2693            	4.99662003e-02	6.02404630e-02	1.57496963e+00	8.37451016e-01	7.37518615e-01
2694            	4.99822523e-02	6.02542937e-02	1.57506525e+00	8.37514880e-01	7.37550375e-01
2695            	4.99944949e-02	6.02660779e-02	1.57515005e+00	8.37569521e-01	7.37580531e-01
2696            	5.00009463e-02	6.02736921e-02	1.57521685e+00	8.37609373e-01	7.37607480e-01
2697            	5.00017917e-02	6.02766902e-02	1.57526666e+00	8.37635122e-01	7.37631538e-01
2698            	5.00030506e-02	6.02781612e-02	1.57532087e+00	8.37663483e-01	7.37657382e-01
2699            	5.00056539e-02	6.02791077e-02	1.57538250e+00	8.37696902e-01	7.37685595e-01
2700            	5.00087212e-02	6.02794076e-02	1.57544852e+00	8.37732980e-01	7.37715537e-01
2701            	5.00112451e-02	6.02781995e-02	1.57551398e+00	8.37768233e-01	7.37745743e-01
2702            	5.00115003e-02	6.02750734e-02	1.57557338e+00	8.37798192e-01	7.37775191e-01
2703            	5.00107687e-02	6.02706753e-02	1.57562969e+00	8.37825614e-01	7.37804076e-01
2704            	5.00081611e-02	6.02648668e-02	1.57568071e+00	8.37848518e-01	7.37832196e-01
2705            	5.00033970e-02	6.02572813e-02	1.57572467e+00	8.37865732e-01	7.37858938e-01
2706            	4.99972208e-02	6.02489007e-02	1.57576522e+00	8.37879831e-01	7.37885389e-01
2707            	4.99882564e-02	6.02386163e-02	1.57579774e+00	8.37887127e-01	7.37910615e-01
2708            	4.99771423e-02	6.02273817e-02	1.57582606e+00	8.37890175e-01	7.37935890e-01
2709            	4.99626948e-02	6.02141414e-02	1.57584622e+00	8.37885805e-01	7.37960416e-01
2710            	4.99446577e-02	6.01990530e-02	1.57585917e+00	8.37874244e-01	7.37984928e-01
2711            	4.99222988e-02	6.01811748e-02	1.57586197e+00	8.37853286e-01	7.38008688e-01
2712            	4.98952764e-02	6.01603467e-02	1.57585471e+00	8.37822632e-01	7.38032079e-01
2713            	4.98635690e-02	6.01359214e-02	1.57583561e+00	8.37781373e-01	7.38054234e-01
2714            	4.98280189e-02	6.01085511e-02	1.57580718e+00	8.37731610e-01	7.38075572e-01
2715            	4.97898882e-02	6.00785411e-02	1.57577024e+00	8.37675006e-01	7.38095230e-01
2716            	4.97513206e-02	6.00476315e-02	1.57573046e+00	8.37616551e-01	7.38113909e-01
2717            	4.97144856e-02	6.00169703e-02	1.57569093e+00	8.37559948e-01	7.38130977e-01
2718            	4.96819279e-02	5.99887514e-02	1.57565871e+00	8.37511281e-01	7.38147425e-01
2719            	4.96557815e-02	5.99643399e-02	1.57563733e+00	8.37474444e-01	7.38162881e-01
2720            	4.96380127e-02	5.99456596e-02	1.57563312e+00	8.37454570e-01	7.38178545e-01
2721            	4.96296958e-02	5.99334716e-02	1.57564773e+00	8.37453562e-01	7.38194170e-01
2722            	4.96314291e-02	5.99287883e-02	1.57568492e+00	8.37473889e-01	7.38211030e-01
2723            	4.96426216e-02	5.99311592e-02	1.57574283e+00	8.37514036e-01	7.38228793e-01
2724            	4.96623785e-02	5.99404103e-02	1.57582209e+00	8.37573423e-01	7.38248666e-01
2725            	4.96885608e-02	5.99547877e-02	1.57591716e+00	8.37647142e-01	7.38270020e-01
2726            	4.97192175e-02	5.99730946e-02	1.57602601e+00	8.37732225e-01	7.38293790e-01
2727            	4.97514960e-02	5.99928370e-02	1.57614083e+00	8.37821913e-01	7.38318921e-01
2728            	4.97835315e-02	6.00126963e-02	1.57625912e+00	8.37913091e-01	7.38346028e-01
2729            	4.98131551e-02	6.00305335e-02	1.57637386e+00	8.38000083e-01	7.38373773e-01
2730            	4.98397062e-02	6.00459158e-02	1.57648465e+00	8.38082032e-01	7.38402620e-01
2731            	4.98624925e-02	6.00577633e-02	1.57658736e+00	8.38156171e-01	7.38431186e-01
2732            	4.98820782e-02	6.00667534e-02	1.57668425e+00	8.38224202e-01	7.38460045e-01
2733            	4.98988130e-02	6.00726014e-02	1.57677373e+00	8.38285678e-01	7.38488052e-01
2734            	4.99138793e-02	6.00766911e-02	1.57685984e+00	8.38343798e-01	7.38516039e-01
2735            	4.99278491e-02	6.00789288e-02	1.57694209e+00	8.38398895e-01	7.38543197e-01
2736            	4.99416453e-02	6.00806857e-02	1.57702456e+00	8.38453926e-01	7.38570635e-01
2737            	4.99551868e-02	6.00813718e-02	1.57710605e+00	8.38508210e-01	7.38597837e-01
2738            	4.99683245e-02	6.00815850e-02	1.57718861e+00	8.38562629e-01	7.38625980e-01
2739            	4.99799114e-02	6.00798990e-02	1.57726895e+00	8.38614385e-01	7.38654562e-01
2740            	4.99890148e-02	6.00762896e-02	1.57734715e+00	8.38662590e-01	7.38684560e-01
2741            	4.99940933e-02	6.00690117e-02	1.57741876e+00	8.38703475e-01	7.38715289e-01
2742            	4.99941342e-02	6.00578492e-02	1.57748305e+00	8.38735660e-01	7.38747392e-01
2743            	4.99879818e-02	6.00412947e-02	1.57753583e+00	8.38755896e-01	7.38779932e-01
2744            	4.99754165e-02	6.00197092e-02	1.57757730e+00	8.38764068e-01	7.38813236e-01
2745            	4.99564979e-02	5.99926140e-02	1.57760534e+00	8.38759166e-01	7.38846171e-01
2746            	4.99321035e-02	5.99613641e-02	1.57762209e+00	8.38743150e-01	7.38878943e-01
2747            	4.99067263e-02	5.99302771e-02	1.57763212e+00	8.38722788e-01	7.38909335e-01
2748            	4.98747982e-02	5.98926577e-02	1.57763055e+00	8.38690075e-01	7.38940479e-01
2749            	4.98435710e-02	5.98562512e-02	1.57762601e+00	8.38656574e-01	7.38969432e-01
2750            	4.98130279e-02	5.98209383e-02	1.57761992e+00	8.38622988e-01	7.38996932e-01
2751            	4.97804102e-02	5.97835350e-02	1.57760997e+00	8.38585393e-01	7.39024572e-01
2752            	4.97493129e-02	5.97485611e-02	1.57760344e+00	8.38551035e-01	7.39052409e-01
2753            	4.97219251e-02	5.97175543e-02	1.57760161e+00	8.38522731e-01	7.39078881e-01
2754            	4.96982062e-02	5.96904706e-02	1.57760502e+00	8.38500716e-01	7.39104304e-01
2755            	4.96772384e-02	5.96664270e-02	1.57761323e+00	8.38483852e-01	7.39129375e-01
2756            	4.96579820e-02	5.96443896e-02	1.57762540e+00	8.38470684e-01	7.39154720e-01
2757            	4.96395077e-02	5.96233877e-02	1.57764050e+00	8.38459759e-01	7.39180743e-01
2758            	4.96208775e-02	5.96024271e-02	1.57765694e+00	8.38449350e-01	7.39207595e-01
2759            	4.95994914e-02	5.95788009e-02	1.57767157e+00	8.38435276e-01	7.39236293e-01
2760            	4.95774974e-02	5.95548622e-02	1.57768544e+00	8.38420216e-01	7.39265222e-01
2761            	4.95544092e-02	5.95298466e-02	1.57769578e+00	8.38402298e-01	7.39293480e-01
2762            	4.95301791e-02	5.95036575e-02	1.57770184e+00	8.38381100e-01	7.39320742e-01
2763            	4.95047206e-02	5.94761418e-02	1.57770346e+00	8.38356453e-01	7.39347011e-01
2764            	4.94782949e-02	5.94474117e-02	1.57770126e+00	8.38328923e-01	7.39372333e-01
2765            	4.94514013e-02	5.94178523e-02	1.57769636e+00	8.38299579e-01	7.39396777e-01
2766            	4.94247761e-02	5.93881248e-02	1.57769039e+00	8.38269972e-01	7.39420420e-01
2767            	4.93993205e-02	5.93590742e-02	1.57768531e+00	8.38241977e-01	7.39443336e-01
2768            	4.93759736e-02	5.93315765e-02	1.57768310e+00	8.38217524e-01	7.39465576e-01
2769            	4.93556309e-02	5.93064823e-02	1.57768572e+00	8.38198492e-01	7.39487230e-01
2770            	4.93389167e-02	5.92844296e-02	1.57769460e+00	8.38186219e-01	7.39508385e-01
2771            	4.93262409e-02	5.92658561e-02	1.57771079e+00	8.38181638e-01	7.39529156e-01
2772            	4.93176584e-02	5.92508588e-02	1.57773461e+00	8.38184964e-01	7.39549647e-01
2773            	4.93129152e-02	5.92392460e-02	1.57776583e+00	8.38195830e-01	7.39570000e-01
2774            	4.93115415e-02	5.92306378e-02	1.57780383e+00	8.38213455e-01	7.39590372e-01
2775            	4.93130170e-02	5.92245963e-02	1.57784781e+00	8.38236922e-01	7.39610888e-01
2776            	4.93168058e-02	5.92206436e-02	1.57789688e+00	8.38265244e-01	7.39631633e-01
2777            	4.93225162e-02	5.92184242e-02	1.57795033e+00	8.38297681e-01	7.39652649e-01
2778            	4.93298756e-02	5.92176758e-02	1.57800760e+00	8.38333677e-01	7.39673925e-01
2779            	4.93391375e-02	5.92183170e-02	1.57806614e+00	8.38372209e-01	7.39693934e-01
2780            	4.93498684e-02	5.92203819e-02	1.57812956e+00	8.38414647e-01	7.39714911e-01
2781            	4.93613919e-02	5.92224510e-02	1.57819658e+00	8.38459684e-01	7.39736900e-01
2782            	4.93745960e-02	5.92263343e-02	1.57826983e+00	8.38509511e-01	7.39760319e-01
2783            	4.93897170e-02	5.92323440e-02	1.57834364e+00	8.38561535e-01	7.39782101e-01
2784            	4.94065005e-02	5.92401836e-02	1.57841839e+00	8.38615695e-01	7.39802695e-01
2785            	4.94243736e-02	5.92483033e-02	1.57849590e+00	8.38672325e-01	7.39823578e-01
2786            	4.94439818e-02	5.92580815e-02	1.57857835e+00	8.38733155e-01	7.39845192e-01
2787            	4.94648161e-02	5.92690094e-02	1.57866133e+00	8.38795483e-01	7.39865851e-01
2788            	4.94867048e-02	5.92809104e-02	1.57874515e+00	8.38859279e-01	7.39885870e-01
2789            	4.95099421e-02	5.92928765e-02	1.57883329e+00	8.38926585e-01	7.39906701e-01
2790            	4.95351281e-02	5.93068607e-02	1.57892744e+00	8.38998848e-01	7.39928592e-01
2791            	4.95611652e-02	5.93218211e-02	1.57902254e+00	8.39072437e-01	7.39950107e-01
2792            	4.95876825e-02	5.93375057e-02	1.57911817e+00	8.39146766e-01	7.39971401e-01
2793            	4.96154497e-02	5.93532447e-02	1.57921872e+00	8.39224810e-01	7.39993910e-01
2794            	4.96440927e-02	5.93704758e-02	1.57932285e+00	8.39305520e-01	7.40017334e-01
2795            	4.96727222e-02	5.93879808e-02	1.57942667e+00	8.39386059e-01	7.40040615e-01
2796            	4.97014647e-02	5.94057812e-02	1.57953076e+00	8.39466846e-01	7.40063916e-01
2797            	4.97320905e-02	5.94237794e-02	1.57964189e+00	8.39553038e-01	7.40088857e-01
2798            	4.97622233e-02	5.94421647e-02	1.57975317e+00	8.39638810e-01	7.40114364e-01
2799            	4.97910995e-02	5.94596611e-02	1.57986164e+00	8.39721921e-01	7.40139722e-01
2800            	4.98187745e-02	5.94762718e-02	1.57996755e+00	8.39802548e-01	7.40164999e-01
2801            	4.98482049e-02	5.94927304e-02	1.58008018e+00	8.39888295e-01	7.40191885e-01
2802            	4.98761421e-02	5.95091223e-02	1.58018958e+00	8.39970932e-01	7.40218647e-01
2803            	4.99027828e-02	5.95249019e-02	1.58029526e+00	8.40050414e-01	7.40244848e-01
2804            	4.99280012e-02	5.95400059e-02	1.58039708e+00	8.40126543e-01	7.40270540e-01
2805            	4.99546813e-02	5.95551559e-02	1.58050451e+00	8.40206935e-01	7.40297573e-01
2806            	4.99786357e-02	5.95698709e-02	1.58060515e+00	8.40281211e-01	7.40323940e-01
2807            	5.00009473e-02	5.95842728e-02	1.58070092e+00	8.40351407e-01	7.40349513e-01
2808            	5.00251187e-02	5.95997325e-02	1.58080279e+00	8.40426514e-01	7.40376277e-01
2809            	5.00468708e-02	5.96152245e-02	1.58089836e+00	8.40496051e-01	7.40402309e-01
2810            	5.00691995e-02	5.96313510e-02	1.58099639e+00	8.40567394e-01	7.40428995e-01
2811            	5.00931870e-02	5.96494225e-02	1.58110159e+00	8.40643984e-01	7.40457610e-01
2812            	5.01134312e-02	5.96664691e-02	1.58119652e+00	8.40711689e-01	7.40484827e-01
2813            	5.01328413e-02	5.96835593e-02	1.58129000e+00	8.40777843e-01	7.40512161e-01
2814            	5.01447451e-02	5.96958989e-02	1.58136080e+00	8.40825143e-01	7.40535653e-01
2815            	5.01509631e-02	5.97041782e-02	1.58141479e+00	8.40858359e-01	7.40556433e-01
2816            	5.01576765e-02	5.97127741e-02	1.58147376e+00	8.40894554e-01	7.40579201e-01
2817            	5.01657347e-02	5.97215353e-02	1.58153951e+00	8.40935491e-01	7.40604021e-01
2818            	5.01733140e-02	5.97288771e-02	1.58160512e+00	8.40975876e-01	7.40629248e-01
2819            	5.01813588e-02	5.97358810e-02	1.58167433e+00	8.41018524e-01	7.40655806e-01
2820            	5.01858511e-02	5.97392789e-02	1.58173297e+00	8.41052337e-01	7.40680635e-01
2821            	5.01899342e-02	5.97416819e-02	1.58179179e+00	8.41085831e-01	7.40705962e-01
2822            	5.01888588e-02	5.97398572e-02	1.58183522e+00	8.41106469e-01	7.40728752e-01
2823            	5.01860011e-02	5.97357846e-02	1.58187350e+00	8.41122753e-01	7.40750751e-01
2824            	5.01879990e-02	5.97349288e-02	1.58192837e+00	8.41152184e-01	7.40776186e-01
2825            	5.01847217e-02	5.97302932e-02	1.58196825e+00	8.41168845e-01	7.40799401e-01
2826            	5.01805847e-02	5.97251184e-02	1.58200685e+00	8.41184010e-01	7.40822841e-01
2827            	5.01725403e-02	5.97175156e-02	1.58203599e+00	8.41190535e-01	7.40845454e-01
2828            	5.01611915e-02	5.97077566e-02	1.58205718e+00	8.41189781e-01	7.40867398e-01
2829            	5.01459347e-02	5.96956823e-02	1.58207017e+00	8.41181021e-01	7.40889152e-01
2830            	5.01258224e-02	5.96801529e-02	1.58207127e+00	8.41161458e-01	7.40909813e-01
2831            	5.01010795e-02	5.96615716e-02	1.58206267e+00	8.41132416e-01	7.40930257e-01
2832            	5.00711416e-02	5.96389094e-02	1.58204103e+00	8.41091657e-01	7.40949374e-01
2833            	5.00368636e-02	5.96129487e-02	1.58200948e+00	8.41041601e-01	7.40967874e-01
2834            	4.99991628e-02	5.95838363e-02	1.58196802e+00	8.40983173e-01	7.40984848e-01
2835            	4.99600077e-02	5.95532248e-02	1.58192175e+00	8.40920883e-01	7.41000868e-01
2836            	4.99213257e-02	5.95221304e-02	1.58187327e+00	8.40857958e-01	7.41015307e-01
2837            	4.98856200e-02	5.94926779e-02	1.58182914e+00	8.40800190e-01	7.41028950e-01
2838            	4.98550134e-02	5.94661682e-02	1.58179288e+00	8.40751451e-01	7.41041425e-01
2839            	4.98316362e-02	5.94445743e-02	1.58177088e+00	8.40717078e-01	7.41053806e-01
2840            	4.98167811e-02	5.94287235e-02	1.58176532e+00	8.40699441e-01	7.41065879e-01
2841            	4.98113587e-02	5.94197688e-02	1.58178047e+00	8.40701592e-01	7.41078875e-01
2842            	4.98151619e-02	5.94175119e-02	1.58181542e+00	8.40722872e-01	7.41092548e-01
2843            	4.98276437e-02	5.94220347e-02	1.58187145e+00	8.40763370e-01	7.41108082e-01
2844            	4.98471591e-02	5.94319844e-02	1.58194433e+00	8.40819324e-01	7.41125006e-01
2845            	4.98720822e-02	5.94464895e-02	1.58203267e+00	8.40888415e-01	7.41144250e-01
2846            	4.98999058e-02	5.94633665e-02	1.58212975e+00	8.40964782e-01	7.41164971e-01
2847            	4.99286920e-02	5.94813216e-02	1.58223293e+00	8.41045157e-01	7.41187773e-01
2848            	4.99561366e-02	5.94981787e-02	1.58233526e+00	8.41123764e-01	7.41211491e-01
2849            	4.99811873e-02	5.95132262e-02	1.58243539e+00	8.41198881e-01	7.41236507e-01
2850            	5.00027928e-02	5.95251529e-02	1.58252862e+00	8.41267103e-01	7.41261518e-01
2851            	5.00211647e-02	5.95343193e-02	1.58261622e+00	8.41329275e-01	7.41286946e-01
2852            	5.00364009e-02	5.95402895e-02	1.58269607e+00	8.41384437e-01	7.41311636e-01
2853            	5.00495175e-02	5.95442383e-02	1.58277155e+00	8.41435291e-01	7.41336256e-01
2854            	5.00610750e-02	5.95460718e-02	1.58284211e+00	8.41482128e-01	7.41359978e-01
2855            	5.00720638e-02	5.95471389e-02	1.58291164e+00	8.41527882e-01	7.41383754e-01
2856            	5.00827283e-02	5.95471178e-02	1.58297960e+00	8.41572529e-01	7.41407073e-01
2857            	5.00932968e-02	5.95468465e-02	1.58304870e+00	8.41617647e-01	7.41431054e-01
2858            	5.01029673e-02	5.95451649e-02	1.58311651e+00	8.41661223e-01	7.41455288e-01
2859            	5.01109954e-02	5.95421504e-02	1.58318352e+00	8.41702756e-01	7.41480765e-01
2860            	5.01159952e-02	5.95361902e-02	1.58324585e+00	8.41738919e-01	7.41506929e-01
2861            	5.01170663e-02	5.95271953e-02	1.58330306e+00	8.41768598e-01	7.41534466e-01
2862            	5.01131117e-02	5.95137786e-02	1.58335137e+00	8.41788798e-01	7.41562575e-01
2863            	5.01036194e-02	5.94960593e-02	1.58339047e+00	8.41798854e-01	7.41591615e-01
2864            	5.00883109e-02	5.94732980e-02	1.58341779e+00	8.41797206e-01	7.41620584e-01
2865            	5.00676171e-02	5.94463988e-02	1.58343459e+00	8.41784911e-01	7.41649677e-01
2866            	5.00453336e-02	5.94190325e-02	1.58344428e+00	8.41767475e-01	7.41676808e-01
2867            	5.00160436e-02	5.93847522e-02	1.58344160e+00	8.41736846e-01	7.41704758e-01
2868            	4.99865570e-02	5.93507871e-02	1.58343462e+00	8.41703866e-01	7.41730752e-01
2869            	4.99569839e-02	5.93171468e-02	1.58342469e+00	8.41669331e-01	7.41755364e-01
2870            	4.99246063e-02	5.92807401e-02	1.58340904e+00	8.41629124e-01	7.41779911e-01
2871            	4.98932433e-02	5.92462166e-02	1.58339532e+00	8.41590903e-01	7.41804416e-01
2872            	4.98652868e-02	5.92152850e-02	1.58338547e+00	8.41558021e-01	7.41827447e-01
2873            	4.98409787e-02	5.91881576e-02	1.58338058e+00	8.41531270e-01	7.41849312e-01
2874            	4.98195919e-02	5.91641493e-02	1.58338054e+00	8.41509859e-01	7.41870676e-01
2875            	4.98002132e-02	5.91423848e-02	1.58338473e+00	8.41492576e-01	7.41892150e-01
2876            	4.97820041e-02	5.91220161e-02	1.58339232e+00	8.41478163e-01	7.41914155e-01
2877            	4.97641995e-02	5.91022333e-02	1.58340219e+00	8.41465293e-01	7.41936894e-01
2878            	4.97441997e-02	5.90803869e-02	1.58341088e+00	8.41449638e-01	7.41961239e-01
2879            	4.97239912e-02	5.90586118e-02	1.58341991e+00	8.41433945e-01	7.41985963e-01
2880            	4.97029808e-02	5.90360372e-02	1.58342645e+00	8.41416208e-01	7.42010246e-01
2881            	4.96809823e-02	5.90124312e-02	1.58342954e+00	8.41395755e-01	7.42033790e-01
2882            	4.96578087e-02	5.89875538e-02	1.58342875e+00	8.41372182e-01	7.42056565e-01
2883            	4.96335894e-02	5.89614096e-02	1.58342432e+00	8.41345747e-01	7.42078569e-01
2884            	4.96087486e-02	5.89343108e-02	1.58341711e+00	8.41317304e-01	7.42099806e-01
2885            	4.95839235e-02	5.89068352e-02	1.58340844e+00	8.41288144e-01	7.42120297e-01
2886            	4.95599372e-02	5.88797672e-02	1.58340002e+00	8.41259946e-01	7.42140071e-01
2887            	4.95377077e-02	5.88539614e-02	1.58339371e+00	8.41234563e-01	7.42159147e-01
2888            	4.95181045e-02	5.88302438e-02	1.58339138e+00	8.41213793e-01	7.42177584e-01
2889            	4.95018100e-02	5.88092959e-02	1.58339454e+00	8.41199081e-01	7.42195461e-01
2890            	4.94892263e-02	5.87915269e-02	1.58340424e+00	8.41191346e-01	7.42212893e-01
2891            	4.94804591e-02	5.87770556e-02	1.58342089e+00	8.41190906e-01	7.42229988e-01
2892            	4.94753520e-02	5.87657621e-02	1.58344449e+00	8.41197595e-01	7.42246891e-01
2893            	4.94735547e-02	5.87573727e-02	1.58347463e+00	8.41210868e-01	7.42263759e-01
2894            	4.94746559e-02	5.87515466e-02	1.58351078e+00	8.41230048e-01	7.42280736e-01
2895            	4.94781982e-02	5.87478952e-02	1.58355224e+00	8.41254317e-01	7.42297921e-01
2896            	4.94838068e-02	5.87460958e-02	1.58359837e+00	8.41282991e-01	7.42315377e-01
2897            	4.94915606e-02	5.87459330e-02	1.58364692e+00	8.41315023e-01	7.42331901e-01
2898            	4.95008491e-02	5.87473493e-02	1.58370057e+00	8.41351133e-01	7.42349434e-01
2899            	4.95110348e-02	5.87490052e-02	1.58375784e+00	8.41389954e-01	7.42367884e-01
2900            	4.95229234e-02	5.87524857e-02	1.58382124e+00	8.41433544e-01	7.42387697e-01
2901            	4.95368085e-02	5.87580868e-02	1.58388611e+00	8.41479862e-01	7.42406245e-01
2902            	4.95525015e-02	5.87655774e-02	1.58395275e+00	8.41528875e-01	7.42423872e-01
2903            	4.95694186e-02	5.87735400e-02	1.58402228e+00	8.41580560e-01	7.42441722e-01
2904            	4.95880203e-02	5.87830831e-02	1.58409648e+00	8.41636259e-01	7.42460219e-01
2905            	4.96077476e-02	5.87936567e-02	1.58417123e+00	8.41693362e-01	7.42477867e-01
2906            	4.96284268e-02	5.88051011e-02	1.58424662e+00	8.41751739e-01	7.42494886e-01
2907            	4.96501330e-02	5.88164610e-02	1.58432508e+00	8.41812673e-01	7.42512407e-01
2908            	4.96735340e-02	5.88295730e-02	1.58440865e+00	8.41877857e-01	7.42530789e-01
2909            	4.96979223e-02	5.88437636e-02	1.58449330e+00	8.41944572e-01	7.42548727e-01
2910            	4.97230681e-02	5.88589052e-02	1.58457889e+00	8.42012511e-01	7.42566375e-01
2911            	4.97496047e-02	5.88743902e-02	1.58466895e+00	8.42084080e-01	7.42584870e-01
2912            	4.97771584e-02	5.88914754e-02	1.58476276e+00	8.42158538e-01	7.42604221e-01
2913            	4.98048049e-02	5.89089629e-02	1.58485652e+00	8.42233065e-01	7.42623455e-01
2914            	4.98325736e-02	5.89267951e-02	1.58495060e+00	8.42307872e-01	7.42642725e-01
2915            	4.98623642e-02	5.89451584e-02	1.58505142e+00	8.42388073e-01	7.42663345e-01
2916            	4.98925357e-02	5.89645516e-02	1.58515441e+00	8.42469740e-01	7.42684669e-01
2917            	4.99220475e-02	5.89835222e-02	1.58525618e+00	8.42550139e-01	7.42706044e-01
2918            	4.99506082e-02	5.90017806e-02	1.58535620e+00	8.42628708e-01	7.42727492e-01
2919            	4.99807309e-02	5.90198640e-02	1.58546223e+00	8.42711845e-01	7.42750384e-01
2920            	5.00095741e-02	5.90378502e-02	1.58556595e+00	8.42792547e-01	7.42773399e-01
2921            	5.00373109e-02	5.90552292e-02	1.58566678e+00	8.42870700e-01	7.42796078e-01
2922            	5.00639950e-02	5.90720626e-02	1.58576488e+00	8.42946437e-01	7.42818447e-01
2923            	5.00923517e-02	5.90890333e-02	1.58586872e+00	8.43026711e-01	7.42842008e-01
2924            	5.01180199e-02	5.91053312e-02	1.58596627e+00	8.43101153e-01	7.42865114e-01
2925            	5.01417675e-02	5.91208941e-02	1.58605862e+00	8.43171079e-01	7.42887544e-01
2926            	5.01671694e-02	5.91372118e-02	1.58615617e+00	8.43245256e-01	7.42910917e-01
2927            	5.01903624e-02	5.91535577e-02	1.58624813e+00	8.43314425e-01	7.42933700e-01
2928            	5.02111901e-02	5.91692366e-02	1.58633324e+00	8.43377808e-01	7.42955428e-01
2929            	5.02332804e-02	5.91857325e-02	1.58642298e+00	8.43444771e-01	7.42978210e-01
2930            	5.02527688e-02	5.92017336e-02	1.58650660e+00	8.43506071e-01	7.43000534e-01
2931            	5.02723370e-02	5.92179428e-02	1.58659148e+00	8.43568078e-01	7.43023404e-01
2932            	5.02939217e-02	5.92361384e-02	1.58668457e+00	8.43636207e-01	7.43048364e-01
2933            	5.03111776e-02	5.92523532e-02	1.58676623e+00	8.43694292e-01	7.43071937e-01
2934            	5.03278871e-02	5.92684960e-02	1.58684728e+00	8.43751528e-01	7.43095754e-01
2935            	5.03369110e-02	5.92791477e-02	1.58690591e+00	8.43789868e-01	7.43116046e-01
2936            	5.03430571e-02	5.92878492e-02	1.58695779e+00	8.43821953e-01	7.43135839e-01
2937            	5.03524357e-02	5.92984712e-02	1.58702134e+00	8.43863108e-01	7.43158236e-01
2938            	5.03535947e-02	5.93023048e-02	1.58706087e+00	8.43884030e-01	7.43176841e-01
2939            	5.03538385e-02	5.93041415e-02	1.58709874e+00	8.43903207e-01	7.43195530e-01
2940            	5.03574704e-02	5.93075060e-02	1.58714835e+00	8.43931645e-01	7.43216704e-01
2941            	5.03590446e-02	5.93086921e-02	1.58719340e+00	8.43955745e-01	7.43237656e-01
2942            	5.03615587e-02	5.93098552e-02	1.58724230e+00	8.43982708e-01	7.43259590e-01
2943            	5.03606489e-02	5.93082501e-02	1.58728250e+00	8.44001899e-01	7.43280601e-01
2944            	5.03582822e-02	5.93052823e-02	1.58731914e+00	8.44017853e-01	7.43301289e-01
2945            	5.03530485e-02	5.93003130e-02	1.58734921e+00	8.44027652e-01	7.43321555e-01
2946            	5.03445941e-02	5.92929598e-02	1.58737119e+00	8.44030188e-01	7.43341000e-01
2947            	5.03329094e-02	5.92836540e-02	1.58738660e+00	8.44026211e-01	7.43360392e-01
2948            	5.03167155e-02	5.92711869e-02	1.58739119e+00	8.44012311e-01	7.43378880e-01
2949            	5.02961773e-02	5.92560527e-02	1.58738697e+00	8.43989662e-01	7.43397308e-01
2950            	5.02704746e-02	5.92372027e-02	1.58737043e+00	8.43955689e-01	7.43414740e-01
2951            	5.02398811e-02	5.92149899e-02	1.58734318e+00	8.43911470e-01	7.43431708e-01
2952            	5.02048022e-02	5.91891352e-02	1.58730431e+00	8.43856956e-01	7.43447351e-01
2953            	5.01665452e-02	5.91606454e-02	1.58725726e+00	8.43795177e-01	7.43462087e-01
2954            	5.01267969e-02	5.91302646e-02	1.58720397e+00	8.43728783e-01	7.43475189e-01
2955            	5.00877579e-02	5.90997566e-02	1.58715008e+00	8.43662797e-01	7.43487281e-01
2956            	5.00516347e-02	5.90703937e-02	1.58709904e+00	8.43601155e-01	7.43497886e-01
2957            	5.00206739e-02	5.90441412e-02	1.58705726e+00	8.43549305e-01	7.43507957e-01
2958            	4.99976576e-02	5.90234332e-02	1.58703018e+00	8.43512750e-01	7.43517435e-01
2959            	4.99826616e-02	5.90077539e-02	1.58701841e+00	8.43491869e-01	7.43526546e-01
2960            	4.99758619e-02	5.89973627e-02	1.58702643e+00	8.43489075e-01	7.43537351e-01
2961            	4.99779289e-02	5.89942639e-02	1.58705377e+00	8.43504816e-01	7.43548958e-01
2962            	4.99886525e-02	5.89974739e-02	1.58710172e+00	8.43539510e-01	7.43562205e-01
2963            	5.00056739e-02	5.90063040e-02	1.58716547e+00	8.43588410e-01	7.43577062e-01
2964            	5.00276612e-02	5.90191895e-02	1.58724202e+00	8.43648672e-01	7.43593349e-01
2965            	5.00525945e-02	5.90348488e-02	1.58732860e+00	8.43716897e-01	7.43611708e-01
2966            	5.00778494e-02	5.90508726e-02	1.58741791e+00	8.43786807e-01	7.43631108e-01
2967            	5.01022028e-02	5.90663239e-02	1.58750892e+00	8.43856664e-01	7.43652258e-01
2968            	5.01237948e-02	5.90793253e-02	1.58759529e+00	8.43921442e-01	7.43673852e-01
2969            	5.01423868e-02	5.90897800e-02	1.58767752e+00	8.43981145e-01	7.43696372e-01
2970            	5.01575803e-02	5.90969039e-02	1.58775241e+00	8.44033787e-01	7.43718626e-01
2971            	5.01699779e-02	5.91015078e-02	1.58782198e+00	8.44080967e-01	7.43741011e-01
2972            	5.01800937e-02	5.91035014e-02	1.58788542e+00	8.44122804e-01	7.43762617e-01
2973            	5.01889400e-02	5.91042021e-02	1.58794603e+00	8.44161957e-01	7.43784077e-01
2974            	5.01969721e-02	5.91034605e-02	1.58800349e+00	8.44198715e-01	7.43804771e-01
2975            	5.02048598e-02	5.91024132e-02	1.58806102e+00	8.44235372e-01	7.43825652e-01
2976            	5.02124133e-02	5.91003969e-02	1.58811746e+00	8.44271142e-01	7.43846315e-01
2977            	5.02193545e-02	5.90978130e-02	1.58817429e+00	8.44306499e-01	7.43867790e-01
2978            	5.02253430e-02	5.90947878e-02	1.58822834e+00	8.44339516e-01	7.43888829e-01
2979            	5.02275228e-02	5.90874098e-02	1.58828015e+00	8.44367596e-01	7.43912550e-01
2980            	5.02264568e-02	5.90773503e-02	1.58832601e+00	8.44389460e-01	7.43936547e-01
2981            	5.02214131e-02	5.90640103e-02	1.58836462e+00	8.44403723e-01	7.43960896e-01
2982            	5.02096724e-02	5.90440983e-02	1.58839276e+00	8.44406052e-01	7.43986707e-01
2983            	5.01927398e-02	5.90205891e-02	1.58841222e+00	8.44398850e-01	7.44013370e-01
2984            	5.01720672e-02	5.89944877e-02	1.58842220e+00	8.44383167e-01	7.44039033e-01
2985            	5.01486998e-02	5.89667348e-02	1.58842411e+00	8.44360753e-01	7.44063353e-01
2986            	5.01232323e-02	5.89377053e-02	1.58841949e+00	8.44332978e-01	7.44086514e-01
2987            	5.00961744e-02	5.89076603e-02	1.58840996e+00	8.44301156e-01	7.44108807e-01
2988            	5.00650903e-02	5.88737112e-02	1.58839271e+00	8.44261448e-01	7.44131267e-01
2989            	5.00343438e-02	5.88407368e-02	1.58837561e+00	8.44222147e-01	7.44153459e-01
2990            	5.00060186e-02	5.88101258e-02	1.58836063e+00	8.44186336e-01	7.44174299e-01
2991            	4.99806740e-02	5.87823581e-02	1.58834928e+00	8.44155316e-01	7.44193967e-01
2992            	4.99580156e-02	5.87571901e-02	1.58834194e+00	8.44128986e-01	7.44212955e-01
2993            	4.99374566e-02	5.87341238e-02	1.58833839e+00	8.44106650e-01	7.44231737e-01
2994            	4.99183826e-02	5.87126259e-02	1.58833810e+00	8.44087432e-01	7.44250667e-01
2995            	4.99001889e-02	5.86921564e-02	1.58834031e+00	8.44070345e-01	7.44269967e-01
2996            	4.98823219e-02	5.86721979e-02	1.58834410e+00	8.44054373e-01	7.44289729e-01
2997            	4.98641268e-02	5.86521450e-02	1.58834810e+00	8.44038176e-01	7.44309922e-01
2998            	4.98451222e-02	5.86315205e-02	1.58835107e+00	8.44020658e-01	7.44330413e-01
2999            	4.98249963e-02	5.86099684e-02	1.58835195e+00	8.44000973e-01	7.44350980e-01
3000            	4.98036944e-02	5.85873249e-02	1.58835012e+00	8.43978753e-01	7.44371364e-01
3001            	4.97813878e-02	5.85636138e-02	1.58834539e+00	8.43954084e-01	7.44391308e-01
3002            	4.97584996e-02	5.85390996e-02	1.58833818e+00	8.43927591e-01	7.44410592e-01
3003            	4.97355528e-02	5.85142176e-02	1.58832925e+00	8.43900180e-01	7.44429075e-01
3004            	4.97132077e-02	5.84895479e-02	1.58831979e+00	8.43873103e-01	7.44446688e-01
3005            	4.96922356e-02	5.84657749e-02	1.58831132e+00	8.43847896e-01	7.44463425e-01
3006            	4.96734131e-02	5.84435735e-02	1.58830550e+00	8.43826162e-01	7.44479336e-01
3007            	4.96573512e-02	5.84235013e-02	1.58830376e+00	8.43809233e-01	7.44494531e-01
3008            	4.96444781e-02	5.84059790e-02	1.58830729e+00	8.43798121e-01	7.44509165e-01
3009            	4.96350285e-02	5.83912632e-02	1.58831689e+00	8.43793473e-01	7.44523416e-01
3010            	4.96290341e-02	5.83794397e-02	1.58833300e+00	8.43795533e-01	7.44537465e-01
3011            	4.96263151e-02	5.83704269e-02	1.58835559e+00	8.43804112e-01	7.44551482e-01
3012            	4.96265663e-02	5.83640367e-02	1.58838436e+00	8.43818746e-01	7.44565614e-01
3013            	4.96294412e-02	5.83600108e-02	1.58841880e+00	8.43838839e-01	7.44579957e-01
3014            	4.96350175e-02	5.83581665e-02	1.58845719e+00	8.43863611e-01	7.44593576e-01
3015            	4.96423766e-02	5.83582438e-02	1.58850110e+00	8.43892925e-01	7.44608171e-01
3016            	4.96507036e-02	5.83588207e-02	1.58854853e+00	8.43924967e-01	7.44623560e-01
3017            	4.96606742e-02	5.83612675e-02	1.58860186e+00	8.43961604e-01	7.44640256e-01
3018            	4.96727888e-02	5.83659066e-02	1.58865760e+00	8.44001588e-01	7.44656010e-01
3019            	4.96868736e-02	5.83724760e-02	1.58871594e+00	8.44044843e-01	7.44671095e-01
3020            	4.97023559e-02	5.83796765e-02	1.58877752e+00	8.44091115e-01	7.44686403e-01
3021            	4.97196151e-02	5.83884453e-02	1.58884392e+00	8.44141577e-01	7.44702346e-01
3022            	4.97381761e-02	5.83983246e-02	1.58891153e+00	8.44193941e-01	7.44717589e-01
3023            	4.97577197e-02	5.84090496e-02	1.58898002e+00	8.44247731e-01	7.44732291e-01
3024            	4.97781354e-02	5.84196494e-02	1.58905092e+00	8.44303596e-01	7.44747325e-01
3025            	4.97999914e-02	5.84317255e-02	1.58912616e+00	8.44363071e-01	7.44763088e-01
3026            	4.98227344e-02	5.84448062e-02	1.58920216e+00	8.44423812e-01	7.44778343e-01
3027            	4.98463904e-02	5.84589844e-02	1.58927924e+00	8.44486009e-01	7.44793229e-01
3028            	4.98715146e-02	5.84737273e-02	1.58936033e+00	8.44551679e-01	7.44808650e-01
3029            	4.98979814e-02	5.84903318e-02	1.58944558e+00	8.44620770e-01	7.44824807e-01
3030            	4.99247255e-02	5.85075414e-02	1.58953107e+00	8.44690261e-01	7.44840810e-01
3031            	4.99515128e-02	5.85251099e-02	1.58961663e+00	8.44759828e-01	7.44856803e-01
3032            	4.99798865e-02	5.85430852e-02	1.58970738e+00	8.44833578e-01	7.44873805e-01
3033            	5.00089267e-02	5.85622801e-02	1.58980095e+00	8.44909403e-01	7.44891550e-01
3034            	5.00381221e-02	5.85817165e-02	1.58989509e+00	8.44985668e-01	7.44909424e-01
3035            	5.00669687e-02	5.86009139e-02	1.58998890e+00	8.45061418e-01	7.44927481e-01
3036            	5.00973680e-02	5.86200579e-02	1.59008837e+00	8.45141553e-01	7.44946817e-01
3037            	5.01266271e-02	5.86390331e-02	1.59018622e+00	8.45219738e-01	7.44966483e-01
3038            	5.01548075e-02	5.86572880e-02	1.59028166e+00	8.45295637e-01	7.44986022e-01
3039            	5.01821868e-02	5.86750501e-02	1.59037528e+00	8.45369829e-01	7.45005455e-01
3040            	5.02115831e-02	5.86931707e-02	1.59047522e+00	8.45449195e-01	7.45026029e-01
3041            	5.02389395e-02	5.87108728e-02	1.59057070e+00	8.45524290e-01	7.45046411e-01
3042            	5.02643552e-02	5.87275995e-02	1.59066130e+00	8.45595008e-01	7.45066297e-01
3043            	5.02879906e-02	5.87435018e-02	1.59074750e+00	8.45661740e-01	7.45085758e-01
3044            	5.03133404e-02	5.87600189e-02	1.59083917e+00	8.45732925e-01	7.45106245e-01
3045            	5.03362911e-02	5.87762721e-02	1.59092506e+00	8.45798820e-01	7.45126238e-01
3046            	5.03576434e-02	5.87921880e-02	1.59100657e+00	8.45860930e-01	7.45145644e-01
3047            	5.03805267e-02	5.88090557e-02	1.59109317e+00	8.45927111e-01	7.45166058e-01
3048            	5.04007015e-02	5.88253989e-02	1.59117330e+00	8.45987352e-01	7.45185949e-01
3049            	5.04211497e-02	5.88421360e-02	1.59125509e+00	8.46048697e-01	7.45206397e-01
3050            	5.04432899e-02	5.88607776e-02	1.59134372e+00	8.46115148e-01	7.45228568e-01
3051            	5.04583654e-02	5.88752252e-02	1.59141236e+00	8.46164548e-01	7.45247817e-01
3052            	5.04713798e-02	5.88891230e-02	1.59147686e+00	8.46209811e-01	7.45267052e-01
3053            	5.04855831e-02	5.89041953e-02	1.59154668e+00	8.46258922e-01	7.45287756e-01
3054            	5.04929354e-02	5.89142832e-02	1.59159706e+00	8.46291464e-01	7.45305593e-01
3055            	5.04986150e-02	5.89224351e-02	1.59164339e+00	8.46320309e-01	7.45323079e-01
3056            	5.05063023e-02	5.89315404e-02	1.59169705e+00	8.46354828e-01	7.45342223e-01
3057            	5.05118389e-02	5.89385467e-02	1.59174593e+00	8.46384802e-01	7.45361124e-01
3058            	5.05169864e-02	5.89444615e-02	1.59179450e+00	8.46414235e-01	7.45380262e-01
3059            	5.05189074e-02	5.89474805e-02	1.59183516e+00	8.46436490e-01	7.45398675e-01
3060            	5.05191775e-02	5.89485512e-02	1.59187174e+00	8.46455048e-01	7.45416693e-01
3061            	5.05169586e-02	5.89473729e-02	1.59190272e+00	8.46468320e-01	7.45434403e-01
3062            	5.05124871e-02	5.89439688e-02	1.59192797e+00	8.46476472e-01	7.45451498e-01
3063            	5.05059440e-02	5.89388656e-02	1.59194916e+00	8.46480526e-01	7.45468638e-01
3064            	5.04965098e-02	5.89313442e-02	1.59196339e+00	8.46478203e-01	7.45485183e-01
3065            	5.04844893e-02	5.89221075e-02	1.59197296e+00	8.46470970e-01	7.45501991e-01
3066            	5.04688202e-02	5.89102036e-02	1.59197426e+00	8.46455951e-01	7.45518311e-01
3067            	5.04493620e-02	5.88959210e-02	1.59196821e+00	8.46433466e-01	7.45534742e-01
3068            	5.04253768e-02	5.88784141e-02	1.59195171e+00	8.46401230e-01	7.45550476e-01
3069            	5.03967762e-02	5.88577940e-02	1.59192529e+00	8.46359423e-01	7.45565870e-01
3070            	5.03635846e-02	5.88335964e-02	1.59188732e+00	8.46307242e-01	7.45580073e-01
3071            	5.03266863e-02	5.88065252e-02	1.59184028e+00	8.46246827e-01	7.45593454e-01
3072            	5.02874195e-02	5.87770613e-02	1.59178533e+00	8.46180086e-01	7.45605247e-01
3073            	5.02476779e-02	5.87467251e-02	1.59172740e+00	8.46111376e-01	7.45616020e-01
3074            	5.02095909e-02	5.87167147e-02	1.59166968e+00	8.46044431e-01	7.45625249e-01
3075            	5.01753792e-02	5.86889295e-02	1.59161830e+00	8.45984528e-01	7.45633769e-01
3076            	5.01470996e-02	5.86647197e-02	1.59157688e+00	8.45935539e-01	7.45641340e-01
3077            	5.01264298e-02	5.86457308e-02	1.59155091e+00	8.45901886e-01	7.45649027e-01
3078            	5.01147887e-02	5.86334985e-02	1.59154337e+00	8.45886475e-01	7.45656898e-01
3079            	5.01114234e-02	5.86268845e-02	1.59155311e+00	8.45887979e-01	7.45665132e-01
3080            	5.01169619e-02	5.86264157e-02	1.59158513e+00	8.45909525e-01	7.45675601e-01
3081            	5.01286428e-02	5.86315089e-02	1.59163190e+00	8.45944592e-01	7.45687306e-01
3082            	5.01466330e-02	5.86413562e-02	1.59169525e+00	8.45994257e-01	7.45700991e-01
3083            	5.01674351e-02	5.86541647e-02	1.59176755e+00	8.46051211e-01	7.45716340e-01
3084            	5.01896091e-02	5.86681905e-02	1.59184519e+00	8.46112202e-01	7.45732984e-01
3085            	5.02113656e-02	5.86822350e-02	1.59192535e+00	8.46174042e-01	7.45751311e-01
3086            	5.02307988e-02	5.86943096e-02	1.59200191e+00	8.46231756e-01	7.45770158e-01
3087            	5.02475482e-02	5.87041626e-02	1.59207523e+00	8.46285161e-01	7.45790065e-01
3088            	5.02609113e-02	5.87107623e-02	1.59214135e+00	8.46331585e-01	7.45809762e-01
3089            	5.02714192e-02	5.87147593e-02	1.59220230e+00	8.46372568e-01	7.45829730e-01
3090            	5.02794184e-02	5.87159654e-02	1.59225684e+00	8.46407837e-01	7.45849000e-01
3091            	5.02859154e-02	5.87156559e-02	1.59230805e+00	8.46439940e-01	7.45868109e-01
3092            	5.02914246e-02	5.87137579e-02	1.59235575e+00	8.46469298e-01	7.45886449e-01
3093            	5.02967149e-02	5.87114834e-02	1.59240303e+00	8.46498229e-01	7.45904799e-01
3094            	5.03018582e-02	5.87084001e-02	1.59244928e+00	8.46526496e-01	7.45922780e-01
3095            	5.03068709e-02	5.87051380e-02	1.59249641e+00	8.46555074e-01	7.45941333e-01
3096            	5.03115965e-02	5.87019244e-02	1.59254201e+00	8.46582603e-01	7.45959410e-01
3097            	5.03142311e-02	5.86959450e-02	1.59258531e+00	8.46606885e-01	7.45978423e-01
3098            	5.03117404e-02	5.86846162e-02	1.59262552e+00	8.46624501e-01	7.46001020e-01
3099            	5.03072874e-02	5.86729159e-02	1.59265970e+00	8.46637138e-01	7.46022563e-01
3100            	5.02988097e-02	5.86582619e-02	1.59268691e+00	8.46642266e-01	7.46044646e-01
3101            	5.02840042e-02	5.86375713e-02	1.59270372e+00	8.46635864e-01	7.46067856e-01
3102            	5.02662258e-02	5.86147515e-02	1.59271282e+00	8.46622637e-01	7.46090186e-01
3103            	5.02456820e-02	5.85899046e-02	1.59271479e+00	8.46603078e-01	7.46111714e-01
3104            	5.02225760e-02	5.85630985e-02	1.59271032e+00	8.46577735e-01	7.46132583e-01
3105            	5.01943687e-02	5.85313799e-02	1.59269603e+00	8.46542383e-01	7.46153646e-01
3106            	5.01650267e-02	5.84994685e-02	1.59267899e+00	8.46504520e-01	7.46174467e-01
3107            	5.01367344e-02	5.84689083e-02	1.59266113e+00	8.46467298e-01	7.46193829e-01
3108            	5.01104149e-02	5.84404815e-02	1.59264442e+00	8.46432626e-01	7.46211796e-01
3109            	5.00862113e-02	5.84142547e-02	1.59262999e+00	8.46401204e-01	7.46228782e-01
3110            	5.00639412e-02	5.83900257e-02	1.59261837e+00	8.46373128e-01	7.46245245e-01
3111            	5.00432852e-02	5.83674618e-02	1.59260971e+00	8.46348141e-01	7.46261570e-01
3112            	5.00238833e-02	5.83461864e-02	1.59260384e+00	8.46325805e-01	7.46278038e-01
3113            	5.00053978e-02	5.83258554e-02	1.59260042e+00	8.46305610e-01	7.46294814e-01
3114            	4.99875366e-02	5.83061780e-02	1.59259899e+00	8.46287031e-01	7.46311958e-01
3115            	4.99698328e-02	5.82867364e-02	1.59259852e+00	8.46269095e-01	7.46329429e-01
3116            	4.99518519e-02	5.82671344e-02	1.59259792e+00	8.46250810e-01	7.46347106e-01
3117            	4.99333267e-02	5.82470778e-02	1.59259626e+00	8.46231457e-01	7.46364804e-01
3118            	4.99141169e-02	5.82263636e-02	1.59259284e+00	8.46210537e-01	7.46382304e-01
3119            	4.98943360e-02	5.82050024e-02	1.59258747e+00	8.46188070e-01	7.46399398e-01
3120            	4.98741693e-02	5.81831263e-02	1.59258021e+00	8.46164272e-01	7.46415934e-01
3121            	4.98539327e-02	5.81610068e-02	1.59257149e+00	8.46139680e-01	7.46431814e-01
3122            	4.98341071e-02	5.81390464e-02	1.59256217e+00	8.46115193e-01	7.46446979e-01
3123            	4.98153138e-02	5.81177482e-02	1.59255344e+00	8.46092034e-01	7.46461406e-01
3124            	4.97982508e-02	5.80976737e-02	1.59254674e+00	8.46071619e-01	7.46475117e-01
3125            	4.97835075e-02	5.80793249e-02	1.59254339e+00	8.46055202e-01	7.46488187e-01
3126            	4.97715355e-02	5.80631065e-02	1.59254453e+00	8.46043800e-01	7.46500729e-01
3127            	4.97626153e-02	5.80492954e-02	1.59255099e+00	8.46038108e-01	7.46512877e-01
3128            	4.97568524e-02	5.80380427e-02	1.59256327e+00	8.46038485e-01	7.46524781e-01
3129            	4.97541775e-02	5.80293772e-02	1.59258154e+00	8.46044947e-01	7.46536592e-01
3130            	4.97551331e-02	5.80235684e-02	1.59260554e+00	8.46057905e-01	7.46547639e-01
3131            	4.97575897e-02	5.80189242e-02	1.59263461e+00	8.46074896e-01	7.46559717e-01
3132            	4.97617081e-02	5.80159679e-02	1.59266929e+00	8.46096352e-01	7.46572936e-01
3133            	4.97693235e-02	5.80166459e-02	1.59270870e+00	8.46123672e-01	7.46585025e-01
3134            	4.97788248e-02	5.80196706e-02	1.59275347e+00	8.46155558e-01	7.46597908e-01
3135            	4.97898728e-02	5.80236610e-02	1.59280147e+00	8.46190607e-01	7.46610861e-01
3136            	4.98030640e-02	5.80295565e-02	1.59285307e+00	8.46229598e-01	7.46623470e-01
3137            	4.98179915e-02	5.80368743e-02	1.59290787e+00	8.46271926e-01	7.46635943e-01
3138            	4.98342094e-02	5.80452449e-02	1.59296750e+00	8.46317958e-01	7.46649539e-01
3139            	4.98515959e-02	5.80537994e-02	1.59302953e+00	8.46366361e-01	7.46663170e-01
3140            	4.98700513e-02	5.80633470e-02	1.59309284e+00	8.46416473e-01	7.46676370e-01
3141            	4.98893728e-02	5.80737498e-02	1.59315707e+00	8.46467909e-01	7.46689163e-01
3142            	4.99097369e-02	5.80850975e-02	1.59322505e+00	8.46522261e-01	7.46702787e-01
3143            	4.99312806e-02	5.80970938e-02	1.59329484e+00	8.46578700e-01	7.46716138e-01
3144            	4.99538295e-02	5.81103642e-02	1.59336566e+00	8.46636659e-01	7.46729000e-01
3145            	4.99773596e-02	5.81248352e-02	1.59343779e+00	8.46696257e-01	7.46741538e-01
3146            	5.00024906e-02	5.81407779e-02	1.59351519e+00	8.46760088e-01	7.46755107e-01
3147            	5.00286378e-02	5.81573958e-02	1.59359442e+00	8.46825848e-01	7.46768573e-01
3148            	5.00550164e-02	5.81745771e-02	1.59367404e+00	8.46892038e-01	7.46782005e-01
3149            	5.00815150e-02	5.81921231e-02	1.59375413e+00	8.46958578e-01	7.46795548e-01
3150            	5.01098973e-02	5.82110563e-02	1.59384110e+00	8.47030447e-01	7.46810653e-01
3151            	5.01388277e-02	5.82302178e-02	1.59392921e+00	8.47103434e-01	7.46825779e-01
3152            	5.01677844e-02	5.82496221e-02	1.59401780e+00	8.47176685e-01	7.46841116e-01
3153            	5.01962641e-02	5.82687601e-02	1.59410596e+00	8.47249242e-01	7.46856714e-01
3154            	5.02264393e-02	5.82888294e-02	1.59420108e+00	8.47326978e-01	7.46874100e-01
3155            	5.02553546e-02	5.83078162e-02	1.59429299e+00	8.47401852e-01	7.46891143e-01
3156            	5.02832917e-02	5.83263160e-02	1.59438282e+00	8.47474700e-01	7.46908116e-01
3157            	5.03105360e-02	5.83444934e-02	1.59447121e+00	8.47546142e-01	7.46925070e-01
3158            	5.03399438e-02	5.83640101e-02	1.59456732e+00	8.47623603e-01	7.46943715e-01
3159            	5.03668844e-02	5.83818352e-02	1.59465667e+00	8.47695221e-01	7.46961452e-01
3160            	5.03917693e-02	5.83986045e-02	1.59474103e+00	8.47762285e-01	7.46978747e-01
3161            	5.04149093e-02	5.84145372e-02	1.59482123e+00	8.47825524e-01	7.46995705e-01
3162            	5.04400287e-02	5.84320275e-02	1.59490856e+00	8.47894308e-01	7.47014250e-01
3163            	5.04624955e-02	5.84479996e-02	1.59498814e+00	8.47956563e-01	7.47031572e-01
3164            	5.04832501e-02	5.84634860e-02	1.59506323e+00	8.48014864e-01	7.47048364e-01
3165            	5.05057345e-02	5.84807850e-02	1.59514489e+00	8.48078179e-01	7.47066710e-01
3166            	5.05254492e-02	5.84965146e-02	1.59521876e+00	8.48134829e-01	7.47083930e-01
3167            	5.05455524e-02	5.85134598e-02	1.59529558e+00	8.48193344e-01	7.47102239e-01
3168            	5.05678214e-02	5.85324556e-02	1.59538013e+00	8.48257884e-01	7.47122241e-01
3169            	5.05820422e-02	5.85467875e-02	1.59544233e+00	8.48303210e-01	7.47139125e-01
3170            	5.05941857e-02	5.85597617e-02	1.59549955e+00	8.48343961e-01	7.47155590e-01
3171            	5.06073481e-02	5.85737481e-02	1.59556140e+00	8.48388051e-01	7.47173354e-01
3172            	5.06143393e-02	5.85830231e-02	1.59560625e+00	8.48417463e-01	7.47188784e-01
3173            	5.06196783e-02	5.85914432e-02	1.59564842e+00	8.48443888e-01	7.47204531e-01
3174            	5.06270208e-02	5.86012596e-02	1.59569761e+00	8.48475827e-01	7.47221786e-01
3175            	5.06319408e-02	5.86086868e-02	1.59574023e+00	8.48502057e-01	7.47238175e-01
3176            	5.06367256e-02	5.86157295e-02	1.59578402e+00	8.48528738e-01	7.47255286e-01
3177            	5.06355039e-02	5.86174737e-02	1.59581132e+00	8.48541165e-01	7.47270157e-01
3178            	5.06323807e-02	5.86167097e-02	1.59583404e+00	8.48549402e-01	7.47284640e-01
3179            	5.06323638e-02	5.86178518e-02	1.59586731e+00	8.48566018e-01	7.47301290e-01
3180            	5.06280042e-02	5.86152211e-02	1.59588980e+00	8.48572906e-01	7.47316898e-01
3181            	5.06234622e-02	5.86121923e-02	1.59591346e+00	8.48580192e-01	7.47333268e-01
3182            	5.06141802e-02	5.86055101e-02	1.59592566e+00	8.48577011e-01	7.47348650e-01
3183            	5.06018495e-02	5.85965454e-02	1.59593116e+00	8.48567431e-01	7.47363732e-01
3184            	5.05851484e-02	5.85845655e-02	1.59592715e+00	8.48548724e-01	7.47378427e-01
3185            	5.05637880e-02	5.85691654e-02	1.59591225e+00	8.48519912e-01	7.47392336e-01
3186            	5.05376589e-02	5.85505120e-02	1.59588714e+00	8.48481229e-01	7.47405911e-01
3187            	5.05065762e-02	5.85280673e-02	1.59584997e+00	8.48431561e-01	7.47418409e-01
3188            	5.04711921e-02	5.85024478e-02	1.59580296e+00	8.48372671e-01	7.47430286e-01
3189            	5.04323926e-02	5.84738460e-02	1.59574654e+00	8.48305661e-01	7.47440876e-01
3190            	5.03920020e-02	5.84436992e-02	1.59568513e+00	8.48234569e-01	7.47450565e-01
3191            	5.03516103e-02	5.84128057e-02	1.59562100e+00	8.48162112e-01	7.47458892e-01
3192            	5.03136867e-02	5.83831612e-02	1.59556018e+00	8.48093779e-01	7.47466405e-01
3193            	5.02800246e-02	5.83558535e-02	1.59550574e+00	8.48032893e-01	7.47472844e-01
3194            	5.02527516e-02	5.83327940e-02	1.59546358e+00	8.47984542e-01	7.47479038e-01
3195            	5.02339124e-02	5.83158656e-02	1.59543806e+00	8.47952941e-01	7.47485117e-01
3196            	5.02230784e-02	5.83042240e-02	1.59542856e+00	8.47937357e-01	7.47491200e-01
3197            	5.02200682e-02	5.82978806e-02	1.59543781e+00	8.47938972e-01	7.47498836e-01
3198            	5.02244707e-02	5.82977998e-02	1.59546404e+00	8.47956490e-01	7.47507549e-01
3199            	5.02357554e-02	5.83028350e-02	1.59550733e+00	8.47989420e-01	7.47517909e-01
3200            	5.02512750e-02	5.83118629e-02	1.59556231e+00	8.48032429e-01	7.47529879e-01
3201            	5.02695826e-02	5.83232237e-02	1.59562557e+00	8.48082370e-01	7.47543205e-01
3202            	5.02888152e-02	5.83357278e-02	1.59569426e+00	8.48135945e-01	7.47558315e-01
3203            	5.03069748e-02	5.83473643e-02	1.59576243e+00	8.48188189e-01	7.47574240e-01
3204            	5.03232389e-02	5.83575693e-02	1.59582939e+00	8.48237936e-01	7.47591458e-01
3205            	5.03365475e-02	5.83650012e-02	1.59589070e+00	8.48281899e-01	7.47608804e-01
3206            	5.03470308e-02	5.83699511e-02	1.59594735e+00	8.48320706e-01	7.47626644e-01
3207            	5.03547071e-02	5.83719392e-02	1.59599738e+00	8.48353399e-01	7.47643985e-01
3208            	5.03603354e-02	5.83719841e-02	1.59604313e+00	8.48381899e-01	7.47661228e-01
3209            	5.03643860e-02	5.83699863e-02	1.59608408e+00	8.48406428e-01	7.47677656e-01
3210            	5.03677534e-02	5.83671942e-02	1.59612329e+00	8.48429397e-01	7.47693890e-01
3211            	5.03707997e-02	5.83634231e-02	1.59616060e+00	8.48451101e-01	7.47709502e-01
3212            	5.03739793e-02	5.83596156e-02	1.59619867e+00	8.48473315e-01	7.47725357e-01
3213            	5.03775255e-02	5.83562354e-02	1.59623627e+00	8.48495659e-01	7.47740608e-01
3214            	5.03801306e-02	5.83510844e-02	1.59627333e+00	8.48516796e-01	7.47756534e-01
3215            	5.03794230e-02	5.83422207e-02	1.59630960e+00	8.48534225e-01	7.47775379e-01
3216            	5.03775025e-02	5.83333779e-02	1.59634223e+00	8.48548616e-01	7.47793611e-01
3217            	5.03723373e-02	5.83221356e-02	1.59636981e+00	8.48557240e-01	7.47812566e-01
3218            	5.03631506e-02	5.83068995e-02	1.59638937e+00	8.48557833e-01	7.47831532e-01
3219            	5.03403708e-02	5.82785977e-02	1.59639272e+00	8.48536731e-01	7.47855989e-01
3220            	5.03230390e-02	5.82572841e-02	1.59639705e+00	8.48521564e-01	7.47875486e-01
3221            	5.03060298e-02	5.82372528e-02	1.59639826e+00	8.48505160e-01	7.47893100e-01
3222            	5.02856835e-02	5.82135783e-02	1.59639163e+00	8.48481497e-01	7.47910130e-01
3223            	5.02556125e-02	5.81812738e-02	1.59637018e+00	8.48440702e-01	7.47929477e-01
3224            	5.02333800e-02	5.81564470e-02	1.59635713e+00	8.48411943e-01	7.47945183e-01
3225            	5.02104589e-02	5.81316512e-02	1.59634298e+00	8.48381948e-01	7.47961030e-01
3226            	5.01813689e-02	5.81011894e-02	1.59631957e+00	8.48341156e-01	7.47978419e-01
3227            	5.01596343e-02	5.80774254e-02	1.59630571e+00	8.48312491e-01	7.47993223e-01
3228            	5.01375851e-02	5.80534147e-02	1.59629147e+00	8.48283318e-01	7.48008148e-01
3229            	5.01185087e-02	5.80321438e-02	1.59628146e+00	8.48259239e-01	7.48022221e-01
3230            	5.01011207e-02	5.80125171e-02	1.59627435e+00	8.48238295e-01	7.48036054e-01
3231            	5.00845558e-02	5.79938381e-02	1.59626929e+00	8.48219202e-01	7.48050091e-01
3232            	5.00681603e-02	5.79756048e-02	1.59626548e+00	8.48200901e-01	7.48064580e-01
3233            	5.00513837e-02	5.79573574e-02	1.59626189e+00	8.48182326e-01	7.48079559e-01
3234            	5.00339970e-02	5.79388114e-02	1.59625780e+00	8.48162896e-01	7.48094902e-01
3235            	5.00159427e-02	5.79197695e-02	1.59625264e+00	8.48142261e-01	7.48110376e-01
3236            	4.99973533e-02	5.79001809e-02	1.59624612e+00	8.48120413e-01	7.48125707e-01
3237            	4.99783812e-02	5.78800686e-02	1.59623808e+00	8.48097423e-01	7.48140660e-01
3238            	4.99592817e-02	5.78595738e-02	1.59622865e+00	8.48073608e-01	7.48155045e-01
3239            	4.99404454e-02	5.78389749e-02	1.59621831e+00	8.48049601e-01	7.48168710e-01
3240            	4.99224049e-02	5.78186945e-02	1.59620796e+00	8.48026383e-01	7.48181573e-01
3241            	4.99057732e-02	5.77992546e-02	1.59619878e+00	8.48005163e-01	7.48193616e-01
3242            	4.98911108e-02	5.77811719e-02	1.59619201e+00	8.47987116e-01	7.48204894e-01
3243            	4.98788497e-02	5.77648786e-02	1.59618874e+00	8.47973219e-01	7.48215520e-01
3244            	4.98692721e-02	5.77506966e-02	1.59618984e+00	8.47964191e-01	7.48225647e-01
3245            	4.98625381e-02	5.77388585e-02	1.59619599e+00	8.47960533e-01	7.48235457e-01
3246            	4.98586553e-02	5.77294729e-02	1.59620758e+00	8.47962446e-01	7.48245135e-01
3247            	4.98585334e-02	5.77238255e-02	1.59622667e+00	8.47971871e-01	7.48254804e-01
3248            	4.98596203e-02	5.77192298e-02	1.59624938e+00	8.47984310e-01	7.48265070e-01
3249            	4.98624692e-02	5.77158377e-02	1.59627712e+00	8.48001031e-01	7.48276092e-01
3250            	4.98689350e-02	5.77158153e-02	1.59631066e+00	8.48024266e-01	7.48286396e-01
3251            	4.98770719e-02	5.77166889e-02	1.59634734e+00	8.48050740e-01	7.48296596e-01
3252            	4.98871508e-02	5.77195026e-02	1.59638976e+00	8.48082029e-01	7.48307728e-01
3253            	4.98993427e-02	5.77242371e-02	1.59643577e+00	8.48117225e-01	7.48318540e-01
3254            	4.99132115e-02	5.77305754e-02	1.59648448e+00	8.48155453e-01	7.48329030e-01
3255            	4.99280724e-02	5.77373506e-02	1.59653539e+00	8.48195769e-01	7.48339624e-01
3256            	4.99443375e-02	5.77457584e-02	1.59659084e+00	8.48239758e-01	7.48351083e-01
3257            	4.99616949e-02	5.77553689e-02	1.59664759e+00	8.48285490e-01	7.48362100e-01
3258            	4.99799722e-02	5.77659979e-02	1.59670542e+00	8.48332681e-01	7.48372737e-01
3259            	4.99991760e-02	5.77768521e-02	1.59676545e+00	8.48381902e-01	7.48383550e-01
3260            	5.00199078e-02	5.77892940e-02	1.59682991e+00	8.48434865e-01	7.48395049e-01
3261            	5.00417943e-02	5.78028154e-02	1.59689614e+00	8.48489864e-01	7.48406275e-01
3262            	5.00647825e-02	5.78173827e-02	1.59696422e+00	8.48546891e-01	7.48417327e-01
3263            	5.00892538e-02	5.78324559e-02	1.59703603e+00	8.48607268e-01	7.48428760e-01
3264            	5.01149546e-02	5.78490439e-02	1.59711152e+00	8.48670713e-01	7.48440803e-01
3265            	5.01409028e-02	5.78660705e-02	1.59718723e+00	8.48734516e-01	7.48452710e-01
3266            	5.01669673e-02	5.78834506e-02	1.59726301e+00	8.48798471e-01	7.48464536e-01
3267            	5.01933133e-02	5.79012445e-02	1.59733954e+00	8.48863086e-01	7.48476459e-01
3268            	5.02218282e-02	5.79199006e-02	1.59742203e+00	8.48932842e-01	7.48489186e-01
3269            	5.02508434e-02	5.79396111e-02	1.59750680e+00	8.49004244e-01	7.48502557e-01
3270            	5.02793688e-02	5.79591446e-02	1.59759083e+00	8.49074785e-01	7.48516047e-01
3271            	5.03070985e-02	5.79782477e-02	1.59767350e+00	8.49143849e-01	7.48529652e-01
3272            	5.03365366e-02	5.79977745e-02	1.59776144e+00	8.49217256e-01	7.48544183e-01
3273            	5.03651576e-02	5.80174933e-02	1.59784836e+00	8.49289338e-01	7.48559023e-01
3274            	5.03930130e-02	5.80368868e-02	1.59793369e+00	8.49359859e-01	7.48573833e-01
3275            	5.04199676e-02	5.80558028e-02	1.59801719e+00	8.49428565e-01	7.48588630e-01
3276            	5.04457481e-02	5.80739663e-02	1.59809841e+00	8.49494952e-01	7.48603456e-01
3277            	5.04731443e-02	5.80923141e-02	1.59818488e+00	8.49565586e-01	7.48619297e-01
3278            	5.04980851e-02	5.81097193e-02	1.59826630e+00	8.49631236e-01	7.48635066e-01
3279            	5.05215172e-02	5.81263940e-02	1.59834413e+00	8.49693582e-01	7.48650548e-01
3280            	5.05436423e-02	5.81425766e-02	1.59841867e+00	8.49752978e-01	7.48665694e-01
3281            	5.05676774e-02	5.81597367e-02	1.59849871e+00	8.49817030e-01	7.48681675e-01
3282            	5.05890153e-02	5.81761950e-02	1.59857237e+00	8.49875202e-01	7.48697171e-01
3283            	5.06083038e-02	5.81919180e-02	1.59864097e+00	8.49928788e-01	7.48712181e-01
3284            	5.06288989e-02	5.82086616e-02	1.59871390e+00	8.49985847e-01	7.48728049e-01
3285            	5.06464876e-02	5.82244006e-02	1.59877982e+00	8.50036399e-01	7.48743423e-01
3286            	5.06641782e-02	5.82405476e-02	1.59884696e+00	8.50087659e-01	7.48759303e-01
3287            	5.06835950e-02	5.82587471e-02	1.59892058e+00	8.50143885e-01	7.48776695e-01
3288            	5.06952305e-02	5.82717663e-02	1.59897334e+00	8.50181901e-01	7.48791440e-01
3289            	5.07047690e-02	5.82840507e-02	1.59902204e+00	8.50215789e-01	7.48806251e-01
3290            	5.07154384e-02	5.82975542e-02	1.59907522e+00	8.50253047e-01	7.48822170e-01
3291            	5.07194934e-02	5.83058115e-02	1.59911037e+00	8.50274679e-01	7.48835692e-01
3292            	5.07220137e-02	5.83121979e-02	1.59914181e+00	8.50292917e-01	7.48848890e-01
3293            	5.07264828e-02	5.83196860e-02	1.59917972e+00	8.50316342e-01	7.48863377e-01
3294            	5.07284000e-02	5.83246594e-02	1.59921198e+00	8.50334389e-01	7.48877589e-01
3295            	5.07295388e-02	5.83283218e-02	1.59924300e+00	8.50351037e-01	7.48891959e-01
3296            	5.07270609e-02	5.83286791e-02	1.59926562e+00	8.50359871e-01	7.48905750e-01
3297            	5.07223372e-02	5.83266887e-02	1.59928303e+00	8.50363853e-01	7.48919179e-01
3298            	5.07147365e-02	5.83221926e-02	1.59929433e+00	8.50361899e-01	7.48932426e-01
3299            	5.07041240e-02	5.83149861e-02	1.59929856e+00	8.50353403e-01	7.48945155e-01
3300            	5.06906198e-02	5.83056045e-02	1.59929723e+00	8.50339237e-01	7.48957997e-01
3301            	5.06733488e-02	5.82932356e-02	1.59928730e+00	8.50317001e-01	7.48970303e-01
3302            	5.06524295e-02	5.82783898e-02	1.59927036e+00	8.50287609e-01	7.48982750e-01
3303            	5.06272066e-02	5.82603180e-02	1.59924350e+00	8.50248958e-01	7.48994545e-01
3304            	5.05977525e-02	5.82393176e-02	1.59920775e+00	8.50201626e-01	7.49006121e-01
3305            	5.05641731e-02	5.82150759e-02	1.59916172e+00	8.50145031e-01	7.49016685e-01
3306            	5.05273383e-02	5.81883197e-02	1.59910779e+00	8.50081233e-01	7.49026557e-01
3307            	5.04884731e-02	5.81595209e-02	1.59904703e+00	8.50011989e-01	7.49035043e-01
3308            	5.04493271e-02	5.81300763e-02	1.59898387e+00	8.49941264e-01	7.49042609e-01
3309            	5.04118472e-02	5.81010833e-02	1.59892126e+00	8.49872476e-01	7.49048782e-01
3310            	5.03780181e-02	5.80742378e-02	1.59886460e+00	8.49810317e-01	7.49054281e-01
3311            	5.03497365e-02	5.80507844e-02	1.59881724e+00	8.49758358e-01	7.49058885e-01
3312            	5.03284399e-02	5.80321527e-02	1.59878395e+00	8.49720414e-01	7.49063534e-01
3313            	5.03149819e-02	5.80189441e-02	1.59876630e+00	8.49698132e-01	7.49068169e-01
3314            	5.03095986e-02	5.80117899e-02	1.59876682e+00	8.49693006e-01	7.49073809e-01
3315            	5.03116225e-02	5.80101665e-02	1.59878390e+00	8.49703571e-01	7.49080326e-01
3316            	5.03200447e-02	5.80137425e-02	1.59881731e+00	8.49728702e-01	7.49088613e-01
3317            	5.03330855e-02	5.80210218e-02	1.59886268e+00	8.49764428e-01	7.49098257e-01
3318            	5.03491165e-02	5.80310575e-02	1.59891800e+00	8.49808114e-01	7.49109881e-01
3319            	5.03660659e-02	5.80419179e-02	1.59897759e+00	8.49854859e-01	7.49122727e-01
3320            	5.03825603e-02	5.80527361e-02	1.59903944e+00	8.49902279e-01	7.49137158e-01
3321            	5.03970930e-02	5.80618479e-02	1.59909854e+00	8.49946363e-01	7.49152178e-01
3322            	5.04091309e-02	5.80690054e-02	1.59915430e+00	8.49986281e-01	7.49168019e-01
3323            	5.04182002e-02	5.80732719e-02	1.59920369e+00	8.50020046e-01	7.49183645e-01
3324            	5.04246545e-02	5.80752017e-02	1.59924805e+00	8.50048678e-01	7.49199369e-01
3325            	5.04287426e-02	5.80744856e-02	1.59928613e+00	8.50071807e-01	7.49214322e-01
3326            	5.04312764e-02	5.80721816e-02	1.59932059e+00	8.50091573e-01	7.49229021e-01
3327            	5.04327687e-02	5.80682475e-02	1.59935133e+00	8.50108435e-01	7.49242898e-01
3328            	5.04340433e-02	5.80638548e-02	1.59938147e+00	8.50124779e-01	7.49256692e-01
3329            	5.04358647e-02	5.80598463e-02	1.59941107e+00	8.50141399e-01	7.49269670e-01
3330            	5.04375688e-02	5.80547357e-02	1.59944102e+00	8.50158079e-01	7.49282941e-01
3331            	5.04376136e-02	5.80473456e-02	1.59947200e+00	8.50173614e-01	7.49298386e-01
3332            	5.04375894e-02	5.80407215e-02	1.59950203e+00	8.50188607e-01	7.49313428e-01
3333            	5.04357125e-02	5.80327894e-02	1.59952981e+00	8.50200618e-01	7.49329193e-01
3334            	5.04309681e-02	5.80219531e-02	1.59955247e+00	8.50207201e-01	7.49345265e-01
3335            	5.04155701e-02	5.80007688e-02	1.59956373e+00	8.50197435e-01	7.49366295e-01
3336            	5.04034713e-02	5.79844159e-02	1.59957422e+00	8.50190579e-01	7.49383637e-01
3337            	5.03907406e-02	5.79684491e-02	1.59958083e+00	8.50181155e-01	7.49399674e-01
3338            	5.03740514e-02	5.79483116e-02	1.59957915e+00	8.50163628e-01	7.49415525e-01
3339            	5.03476520e-02	5.79194965e-02	1.59956264e+00	8.50128972e-01	7.49433668e-01
3340            	5.03272485e-02	5.78965373e-02	1.59955157e+00	8.50103035e-01	7.49448538e-01
3341            	5.03051442e-02	5.78726441e-02	1.59953740e+00	8.50073846e-01	7.49463557e-01
3342            	5.02750696e-02	5.78413578e-02	1.59951021e+00	8.50030177e-01	7.49480038e-01
3343            	5.02466719e-02	5.78116801e-02	1.59948371e+00	8.49988525e-01	7.49495182e-01
3344            	5.02240919e-02	5.77871967e-02	1.59946470e+00	8.49956444e-01	7.49508260e-01
3345            	5.02058609e-02	5.77666360e-02	1.59945166e+00	8.49931689e-01	7.49519967e-01
3346            	5.01901858e-02	5.77485262e-02	1.59944254e+00	8.49911458e-01	7.49531086e-01
3347            	5.01756859e-02	5.77317365e-02	1.59943588e+00	8.49893625e-01	7.49542253e-01
3348            	5.01614104e-02	5.77155003e-02	1.59943062e+00	8.49876723e-01	7.49553902e-01
3349            	5.01466854e-02	5.76992646e-02	1.59942587e+00	8.49859622e-01	7.49566251e-01
3350            	5.01310946e-02	5.76826045e-02	1.59942076e+00	8.49841473e-01	7.49579284e-01
3351            	5.01145198e-02	5.76652793e-02	1.59941467e+00	8.49821854e-01	7.49592814e-01
3352            	5.00970711e-02	5.76471867e-02	1.59940724e+00	8.49800692e-01	7.49606550e-01
3353            	5.00788794e-02	5.76282986e-02	1.59939817e+00	8.49777965e-01	7.49620206e-01
3354            	5.00601962e-02	5.76087213e-02	1.59938741e+00	8.49753899e-01	7.49633507e-01
3355            	5.00413910e-02	5.75886878e-02	1.59937522e+00	8.49729003e-01	7.49646221e-01
3356            	5.00229915e-02	5.75686034e-02	1.59936233e+00	8.49704155e-01	7.49658172e-01
3357            	5.00056005e-02	5.75489760e-02	1.59934973e+00	8.49680466e-01	7.49669265e-01
3358            	4.99898184e-02	5.75303563e-02	1.59933861e+00	8.49659124e-01	7.49679488e-01
3359            	4.99761595e-02	5.75132465e-02	1.59933012e+00	8.49641221e-01	7.49688902e-01
3360            	4.99649779e-02	5.74980364e-02	1.59932523e+00	8.49627592e-01	7.49697636e-01
3361            	4.99564830e-02	5.74850105e-02	1.59932470e+00	8.49618833e-01	7.49705867e-01
3362            	4.99507324e-02	5.74743327e-02	1.59932907e+00	8.49615267e-01	7.49713802e-01
3363            	4.99476729e-02	5.74660371e-02	1.59933862e+00	8.49616985e-01	7.49721640e-01
3364            	4.99480973e-02	5.74612493e-02	1.59935539e+00	8.49625792e-01	7.49729598e-01
3365            	4.99495336e-02	5.74573855e-02	1.59937522e+00	8.49637141e-01	7.49738074e-01
3366            	4.99526060e-02	5.74546748e-02	1.59939962e+00	8.49652415e-01	7.49747203e-01
3367            	4.99591119e-02	5.74550920e-02	1.59942996e+00	8.49674092e-01	7.49755868e-01
3368            	4.99672236e-02	5.74563456e-02	1.59946335e+00	8.49698898e-01	7.49764451e-01
3369            	4.99771953e-02	5.74594424e-02	1.59950219e+00	8.49728289e-01	7.49773899e-01
3370            	4.99891504e-02	5.74643420e-02	1.59954455e+00	8.49761427e-01	7.49783126e-01
3371            	5.00026935e-02	5.74707549e-02	1.59958956e+00	8.49797473e-01	7.49792086e-01
3372            	5.00171239e-02	5.74775492e-02	1.59963637e+00	8.49835308e-01	7.49801060e-01
3373            	5.00328443e-02	5.74858716e-02	1.59968725e+00	8.49876469e-01	7.49810780e-01
3374            	5.00496578e-02	5.74953704e-02	1.59973950e+00	8.49919408e-01	7.49820093e-01
3375            	5.00674559e-02	5.75059152e-02	1.59979301e+00	8.49963961e-01	7.49829049e-01
3376            	5.00861914e-02	5.75173399e-02	1.59984816e+00	8.50010272e-01	7.49837890e-01
3377            	5.01061975e-02	5.75290968e-02	1.59990643e+00	8.50059414e-01	7.49847019e-01
3378            	5.01279394e-02	5.75425462e-02	1.59996955e+00	8.50112713e-01	7.49856835e-01
3379            	5.01507561e-02	5.75570247e-02	1.60003460e+00	8.50168058e-01	7.49866546e-01
3380            	5.01743539e-02	5.75723500e-02	1.60010104e+00	8.50224873e-01	7.49876166e-01
3381            	5.01994041e-02	5.75882391e-02	1.60017099e+00	8.50284900e-01	7.49886091e-01
3382            	5.02254752e-02	5.76055764e-02	1.60024400e+00	8.50347477e-01	7.49896527e-01
3383            	5.02518644e-02	5.76235150e-02	1.60031741e+00	8.50410571e-01	7.49906843e-01
3384            	5.02786260e-02	5.76420779e-02	1.60039150e+00	8.50474378e-01	7.49917126e-01
3385            	5.03057694e-02	5.76611685e-02	1.60046667e+00	8.50539106e-01	7.49927567e-01
3386            	5.03347413e-02	5.76808970e-02	1.60054698e+00	8.50608233e-01	7.49938751e-01
3387            	5.03632837e-02	5.77008978e-02	1.60062758e+00	8.50677074e-01	7.49950506e-01
3388            	5.03911043e-02	5.77204810e-02	1.60070711e+00	8.50744659e-01	7.49962451e-01
3389            	5.04184682e-02	5.77398595e-02	1.60078610e+00	8.50811517e-01	7.49974580e-01
3390            	5.04480858e-02	5.77601060e-02	1.60087135e+00	8.50883760e-01	7.49987588e-01
3391            	5.04766190e-02	5.77802980e-02	1.60095499e+00	8.50954114e-01	7.50000876e-01
3392            	5.05037657e-02	5.77996934e-02	1.60103571e+00	8.51021622e-01	7.50014090e-01
3393            	5.05293163e-02	5.78181063e-02	1.60111302e+00	8.51085826e-01	7.50027193e-01
3394            	5.05534232e-02	5.78356099e-02	1.60118728e+00	8.51147061e-01	7.50040214e-01
3395            	5.05794452e-02	5.78537025e-02	1.60126700e+00	8.51212948e-01	7.50054057e-01
3396            	5.06033169e-02	5.78711125e-02	1.60134222e+00	8.51274426e-01	7.50067792e-01
3397            	5.06257926e-02	5.78879499e-02	1.60141403e+00	8.51332806e-01	7.50081220e-01
3398            	5.06467798e-02	5.79042133e-02	1.60148221e+00	8.51387883e-01	7.50094324e-01
3399            	5.06696758e-02	5.79216552e-02	1.60155577e+00	8.51447563e-01	7.50108212e-01
3400            	5.06898258e-02	5.79382897e-02	1.60162304e+00	8.51501347e-01	7.50121695e-01
3401            	5.07077798e-02	5.79540246e-02	1.60168516e+00	8.51550362e-01	7.50134803e-01
3402            	5.07270425e-02	5.79708834e-02	1.60175161e+00	8.51602846e-01	7.50148761e-01
3403            	5.07431807e-02	5.79864872e-02	1.60181094e+00	8.51648649e-01	7.50162287e-01
3404            	5.07592946e-02	5.80024077e-02	1.60187127e+00	8.51694930e-01	7.50176341e-01
3405            	5.07771528e-02	5.80204393e-02	1.60193793e+00	8.51746119e-01	7.50191814e-01
3406            	5.07868747e-02	5.80326316e-02	1.60198331e+00	8.51778529e-01	7.50204780e-01
3407            	5.07944075e-02	5.80438611e-02	1.60202445e+00	8.51806632e-01	7.50217817e-01
3408            	5.08030824e-02	5.80563128e-02	1.60206985e+00	8.51838009e-01	7.50231845e-01
3409            	5.08048723e-02	5.80630033e-02	1.60209692e+00	8.51853331e-01	7.50243586e-01
3410            	5.08049673e-02	5.80676310e-02	1.60211998e+00	8.51864956e-01	7.50255021e-01
3411            	5.08065559e-02	5.80730686e-02	1.60214820e+00	8.51880654e-01	7.50267542e-01
3412            	5.08052098e-02	5.80756155e-02	1.60216994e+00	8.51890180e-01	7.50279760e-01
3413            	5.08025870e-02	5.80764898e-02	1.60218929e+00	8.51897232e-01	7.50292059e-01
3414            	5.07962170e-02	5.80739322e-02	1.60220006e+00	8.51896245e-01	7.50303810e-01
3415            	5.07872307e-02	5.80687834e-02	1.60220485e+00	8.51889656e-01	7.50315194e-01
3416            	5.07749685e-02	5.80608939e-02	1.60220277e+00	8.51876354e-01	7.50326417e-01
3417            	5.07592419e-02	5.80500382e-02	1.60219276e+00	8.51855620e-01	7.50337136e-01
3418            	5.07399928e-02	5.80365850e-02	1.60217582e+00	8.51827905e-01	7.50347919e-01
3419            	5.07166766e-02	5.80199418e-02	1.60214955e+00	8.51791453e-01	7.50358100e-01
3420            	5.06893575e-02	5.80004892e-02	1.60211520e+00	8.51746957e-01	7.50368242e-01
3421            	5.06579983e-02	5.79778923e-02	1.60207111e+00	8.51693552e-01	7.50377555e-01
3422            	5.06231971e-02	5.79527665e-02	1.60201923e+00	8.51632814e-01	7.50386420e-01
3423            	5.05859322e-02	5.79254405e-02	1.60196011e+00	8.51565990e-01	7.50394125e-01
3424            	5.05477350e-02	5.78971467e-02	1.60189755e+00	8.51496511e-01	7.50401041e-01
3425            	5.05102839e-02	5.78687728e-02	1.60183387e+00	8.51427220e-01	7.50406652e-01
3426            	5.04754772e-02	5.78418901e-02	1.60177403e+00	8.51362491e-01	7.50411536e-01
3427            	5.04451549e-02	5.78176354e-02	1.60172112e+00	8.51305717e-01	7.50415407e-01
3428            	5.04207903e-02	5.77973939e-02	1.60167973e+00	8.51260657e-01	7.50419077e-01
3429            	5.04035149e-02	5.77819256e-02	1.60165195e+00	8.51229492e-01	7.50422462e-01
3430            	5.03938191e-02	5.77720123e-02	1.60164069e+00	8.51214162e-01	7.50426524e-01
3431            	5.03914212e-02	5.77674149e-02	1.60164521e+00	8.51214025e-01	7.50431183e-01
3432            	5.03956088e-02	5.77680273e-02	1.60166589e+00	8.51228555e-01	7.50437338e-01
3433            	5.04049198e-02	5.77726448e-02	1.60169924e+00	8.51254539e-01	7.50444699e-01
3434            	5.04179304e-02	5.77805211e-02	1.60174372e+00	8.51289791e-01	7.50453930e-01
3435            	5.04326619e-02	5.77898607e-02	1.60179414e+00	8.51329732e-01	7.50464408e-01
3436            	5.04477087e-02	5.77998081e-02	1.60184846e+00	8.51371939e-01	7.50476522e-01
3437            	5.04614946e-02	5.78086916e-02	1.60190176e+00	8.51412377e-01	7.50489387e-01
3438            	5.04732534e-02	5.78160955e-02	1.60195299e+00	8.51449749e-01	7.50503242e-01
3439            	5.04822642e-02	5.78209034e-02	1.60199873e+00	8.51481631e-01	7.50517103e-01
3440            	5.04886637e-02	5.78234528e-02	1.60203977e+00	8.51508547e-01	7.50531220e-01
3441            	5.04925062e-02	5.78232567e-02	1.60207444e+00	8.51529727e-01	7.50544715e-01
3442            	5.04945182e-02	5.78212575e-02	1.60210505e+00	8.51547042e-01	7.50558006e-01
3443            	5.04951450e-02	5.78173530e-02	1.60213124e+00	8.51560764e-01	7.50570474e-01
3444            	5.04951877e-02	5.78126553e-02	1.60215589e+00	8.51573133e-01	7.50582757e-01
3445            	5.04956101e-02	5.78081178e-02	1.60217955e+00	8.51585383e-01	7.50594162e-01
3446            	5.04959838e-02	5.78025511e-02	1.60220328e+00	8.51597626e-01	7.50605659e-01
3447            	5.04951415e-02	5.77951283e-02	1.60222799e+00	8.51609137e-01	7.50618854e-01
3448            	5.04947713e-02	5.77887708e-02	1.60225292e+00	8.51621231e-01	7.50631688e-01
3449            	5.04932676e-02	5.77816486e-02	1.60227683e+00	8.51631682e-01	7.50645147e-01
3450            	5.04896466e-02	5.77723084e-02	1.60229716e+00	8.51638227e-01	7.50658934e-01
3451            	5.04771072e-02	5.77542683e-02	1.60230833e+00	8.51631274e-01	7.50677060e-01
3452            	5.04673759e-02	5.77404085e-02	1.60231926e+00	8.51627006e-01	7.50692255e-01
3453            	5.04569180e-02	5.77267721e-02	1.60232688e+00	8.51620357e-01	7.50706521e-01
3454            	5.04426296e-02	5.77091505e-02	1.60232690e+00	8.51606077e-01	7.50720818e-01
3455            	5.04192710e-02	5.76834466e-02	1.60231308e+00	8.51575812e-01	7.50737270e-01
3456            	5.04007905e-02	5.76625509e-02	1.60230335e+00	8.51552464e-01	7.50750883e-01
3457            	5.03801320e-02	5.76402304e-02	1.60228967e+00	8.51524967e-01	7.50764703e-01
3458            	5.03508548e-02	5.76099727e-02	1.60226156e+00	8.51481635e-01	7.50779925e-01
3459            	5.03258524e-02	5.75834658e-02	1.60223760e+00	8.51444650e-01	7.50792945e-01
3460            	5.03061626e-02	5.75617464e-02	1.60222048e+00	8.51416404e-01	7.50804079e-01
3461            	5.02894922e-02	5.75428752e-02	1.60220743e+00	8.51393207e-01	7.50814223e-01
3462            	5.02706645e-02	5.75224989e-02	1.60219146e+00	8.51366396e-01	7.50825067e-01
3463            	5.02531353e-02	5.75035135e-02	1.60217786e+00	8.51342064e-01	7.50835794e-01
3464            	5.02363905e-02	5.74854732e-02	1.60216597e+00	8.51319374e-01	7.50846593e-01
3465            	5.02201384e-02	5.74680913e-02	1.60215540e+00	8.51297841e-01	7.50857564e-01
3466            	5.02040999e-02	5.74510394e-02	1.60214560e+00	8.51276900e-01	7.50868700e-01
3467            	5.01881161e-02	5.74340732e-02	1.60213612e+00	8.51256178e-01	7.50879946e-01
3468            	5.01720983e-02	5.74170028e-02	1.60212659e+00	8.51235391e-01	7.50891195e-01
3469            	5.01558987e-02	5.73996676e-02	1.60211651e+00	8.51214156e-01	7.50902358e-01
3470            	5.01394730e-02	5.73820080e-02	1.60210560e+00	8.51192271e-01	7.50913325e-01
3471            	5.01229568e-02	5.73641177e-02	1.60209385e+00	8.51169883e-01	7.50923970e-01
3472            	5.01066566e-02	5.73462294e-02	1.60208165e+00	8.51147483e-01	7.50934170e-01
3473            	5.00910093e-02	5.73286826e-02	1.60206967e+00	8.51125846e-01	7.50943828e-01
3474            	5.00764734e-02	5.73118472e-02	1.60205871e+00	8.51105830e-01	7.50952883e-01
3475            	5.00635112e-02	5.72961094e-02	1.60204968e+00	8.51088352e-01	7.50961329e-01
3476            	5.00524920e-02	5.72817992e-02	1.60204340e+00	8.51074189e-01	7.50969206e-01
3477            	5.00436805e-02	5.72691877e-02	1.60204057e+00	8.51063966e-01	7.50976605e-01
3478            	5.00372191e-02	5.72584653e-02	1.60204175e+00	8.51058093e-01	7.50983655e-01
3479            	5.00331439e-02	5.72497218e-02	1.60204727e+00	8.51056777e-01	7.50990489e-01
3480            	5.00324254e-02	5.72442370e-02	1.60205956e+00	8.51062203e-01	7.50997352e-01
3481            	5.00325743e-02	5.72395030e-02	1.60207408e+00	8.51069615e-01	7.51004466e-01
3482            	5.00340592e-02	5.72355021e-02	1.60209200e+00	8.51080058e-01	7.51011940e-01
3483            	5.00393461e-02	5.72349292e-02	1.60211670e+00	8.51097694e-01	7.51019002e-01
3484            	5.00464652e-02	5.72354176e-02	1.60214464e+00	8.51118785e-01	7.51025855e-01
3485            	5.00555674e-02	5.72378334e-02	1.60217796e+00	8.51144550e-01	7.51033415e-01
3486            	5.00668395e-02	5.72422881e-02	1.60221538e+00	8.51174531e-01	7.51040852e-01
3487            	5.00798103e-02	5.72484111e-02	1.60225588e+00	8.51207751e-01	7.51048131e-01
3488            	5.00937364e-02	5.72550822e-02	1.60229833e+00	8.51242902e-01	7.51055429e-01
3489            	5.01089413e-02	5.72632991e-02	1.60234480e+00	8.51281343e-01	7.51063460e-01
3490            	5.01252364e-02	5.72727155e-02	1.60239299e+00	8.51321732e-01	7.51071259e-01
3491            	5.01424945e-02	5.72831595e-02	1.60244269e+00	8.51363839e-01	7.51078850e-01
3492            	5.01607573e-02	5.72939780e-02	1.60249457e+00	8.51408040e-01	7.51086525e-01
3493            	5.01805871e-02	5.73063604e-02	1.60255076e+00	8.51455966e-01	7.51094792e-01
3494            	5.02016130e-02	5.73198412e-02	1.60260904e+00	8.51506132e-01	7.51102906e-01
3495            	5.02235657e-02	5.73342198e-02	1.60266896e+00	8.51558046e-01	7.51110914e-01
3496            	5.02462480e-02	5.73492839e-02	1.60273038e+00	8.51611440e-01	7.51118944e-01
3497            	5.02703663e-02	5.73647951e-02	1.60279531e+00	8.51668020e-01	7.51127287e-01
3498            	5.02955402e-02	5.73815850e-02	1.60286345e+00	8.51727266e-01	7.51136185e-01
3499            	5.03211593e-02	5.73989898e-02	1.60293240e+00	8.51787357e-01	7.51145039e-01
3500            	5.03472486e-02	5.74170810e-02	1.60300224e+00	8.51848371e-01	7.51153873e-01
3501            	5.03753587e-02	5.74362333e-02	1.60307696e+00	8.51913838e-01	7.51163121e-01
3502            	5.04035664e-02	5.74562049e-02	1.60315273e+00	8.51979932e-01	7.51172799e-01
3503            	5.04310901e-02	5.74759617e-02	1.60322724e+00	8.52044708e-01	7.51182528e-01
3504            	5.04579649e-02	5.74954672e-02	1.60330070e+00	8.52108313e-01	7.51192383e-01
3505            	5.04846669e-02	5.75149788e-02	1.60337430e+00	8.52171817e-01	7.51202483e-01
3506            	5.05139051e-02	5.75355774e-02	1.60345469e+00	8.52241250e-01	7.51213439e-01
3507            	5.05423498e-02	5.75561807e-02	1.60353439e+00	8.52309545e-01	7.51224846e-01
3508            	5.05697235e-02	5.75760993e-02	1.60361218e+00	8.52375811e-01	7.51236364e-01
3509            	5.05956621e-02	5.75950892e-02	1.60368710e+00	8.52439214e-01	7.51247890e-01
3510            	5.06231770e-02	5.76144842e-02	1.60376658e+00	8.52506465e-01	7.51260111e-01
3511            	5.06484670e-02	5.76330550e-02	1.60384154e+00	8.52569237e-01	7.51272303e-01
3512            	5.06720954e-02	5.76508007e-02	1.60391259e+00	8.52628388e-01	7.51284198e-01
3513            	5.06941354e-02	5.76677924e-02	1.60397984e+00	8.52684056e-01	7.51295785e-01
3514            	5.07178748e-02	5.76856827e-02	1.60405174e+00	8.52743743e-01	7.51307993e-01
3515            	5.07390262e-02	5.77027365e-02	1.60411787e+00	8.52797961e-01	7.51319909e-01
3516            	5.07581545e-02	5.77189348e-02	1.60417925e+00	8.52847779e-01	7.51331470e-01
3517            	5.07786892e-02	5.77362260e-02	1.60424484e+00	8.52901111e-01	7.51343733e-01
3518            	5.07964983e-02	5.77525632e-02	1.60430437e+00	8.52948685e-01	7.51355688e-01
3519            	5.08111251e-02	5.77671792e-02	1.60435641e+00	8.52989328e-01	7.51367077e-01
3520            	5.08266791e-02	5.77827068e-02	1.60441182e+00	8.53032591e-01	7.51379232e-01
3521            	5.08393638e-02	5.77968514e-02	1.60446087e+00	8.53069799e-01	7.51391072e-01
3522            	5.08517509e-02	5.78109811e-02	1.60451002e+00	8.53106761e-01	7.51403259e-01
3523            	5.08665570e-02	5.78276427e-02	1.60456699e+00	8.53150052e-01	7.51416938e-01
3524            	5.08755046e-02	5.78401267e-02	1.60460970e+00	8.53180352e-01	7.51429343e-01
3525            	5.08837458e-02	5.78522067e-02	1.60465129e+00	8.53209392e-01	7.51441900e-01
3526            	5.08839973e-02	5.78573336e-02	1.60467216e+00	8.53220079e-01	7.51452084e-01
3527            	5.08809515e-02	5.78598110e-02	1.60468582e+00	8.53223860e-01	7.51461957e-01
3528            	5.08801570e-02	5.78640702e-02	1.60470711e+00	8.53233713e-01	7.51473398e-01
3529            	5.08713472e-02	5.78608566e-02	1.60470718e+00	8.53224939e-01	7.51482244e-01
3530            	5.08612243e-02	5.78557077e-02	1.60470465e+00	8.53213551e-01	7.51491102e-01
3531            	5.08520229e-02	5.78510136e-02	1.60470634e+00	8.53205195e-01	7.51501149e-01
3532            	5.08398593e-02	5.78435925e-02	1.60470177e+00	8.53190747e-01	7.51511028e-01
3533            	5.08259301e-02	5.78346082e-02	1.60469449e+00	8.53173176e-01	7.51521316e-01
3534            	5.08078262e-02	5.78222829e-02	1.60467783e+00	8.53146743e-01	7.51531090e-01
3535            	5.07859866e-02	5.78070291e-02	1.60465297e+00	8.53112471e-01	7.51540498e-01
3536            	5.07599120e-02	5.77886368e-02	1.60461884e+00	8.53069330e-01	7.51549506e-01
3537            	5.07296736e-02	5.77669259e-02	1.60457450e+00	8.53016922e-01	7.51557575e-01
3538            	5.06957823e-02	5.77424762e-02	1.60452180e+00	8.52956681e-01	7.51565116e-01
3539            	5.06594864e-02	5.77158471e-02	1.60446183e+00	8.52890400e-01	7.51571427e-01
3540            	5.06219925e-02	5.76881101e-02	1.60439809e+00	8.52821037e-01	7.51577053e-01
3541            	5.05852486e-02	5.76603994e-02	1.60433348e+00	8.52751987e-01	7.51581490e-01
3542            	5.05510720e-02	5.76342515e-02	1.60427279e+00	8.52687468e-01	7.51585324e-01
3543            	5.05211476e-02	5.76106910e-02	1.60421886e+00	8.52630580e-01	7.51588285e-01
3544            	5.04970353e-02	5.75911405e-02	1.60417625e+00	8.52585163e-01	7.51591092e-01
3545            	5.04796712e-02	5.75761456e-02	1.60414661e+00	8.52552976e-01	7.51593634e-01
3546            	5.04695600e-02	5.75664528e-02	1.60413267e+00	8.52535894e-01	7.51596773e-01
3547            	5.04664235e-02	5.75617672e-02	1.60413368e+00	8.52533264e-01	7.51600417e-01
3548            	5.04695607e-02	5.75619557e-02	1.60414994e+00	8.52544529e-01	7.51605408e-01
3549            	5.04775799e-02	5.75658580e-02	1.60417814e+00	8.52566650e-01	7.51611490e-01
3550            	5.04891254e-02	5.75727835e-02	1.60421688e+00	8.52597567e-01	7.51619316e-01
3551            	5.05023272e-02	5.75810585e-02	1.60426131e+00	8.52632983e-01	7.51628328e-01
3552            	5.05158462e-02	5.75899083e-02	1.60430953e+00	8.52670609e-01	7.51638916e-01
3553            	5.05281834e-02	5.75977759e-02	1.60435691e+00	8.52706638e-01	7.51650271e-01
3554            	5.05385955e-02	5.76042919e-02	1.60440242e+00	8.52739806e-01	7.51662615e-01
3555            	5.05463808e-02	5.76083909e-02	1.60444282e+00	8.52767793e-01	7.51675031e-01
3556            	5.05516146e-02	5.76103541e-02	1.60447868e+00	8.52790955e-01	7.51687726e-01
3557            	5.05543732e-02	5.76097160e-02	1.60450849e+00	8.52808616e-01	7.51699870e-01
3558            	5.05553231e-02	5.76073253e-02	1.60453428e+00	8.52822462e-01	7.51711815e-01
3559            	5.05553076e-02	5.76038420e-02	1.60455588e+00	8.52833246e-01	7.51722631e-01
3560            	5.05544541e-02	5.75986162e-02	1.60457502e+00	8.52841965e-01	7.51733057e-01
3561            	5.05526172e-02	5.75916892e-02	1.60459392e+00	8.52849578e-01	7.51744344e-01
3562            	5.05517363e-02	5.75858375e-02	1.60461328e+00	8.52858376e-01	7.51754903e-01
3563            	5.05510548e-02	5.75800352e-02	1.60463332e+00	8.52867713e-01	7.51765604e-01
3564            	5.05499397e-02	5.75733170e-02	1.60465263e+00	8.52876254e-01	7.51776374e-01
3565            	5.05436748e-02	5.75611484e-02	1.60466858e+00	8.52877966e-01	7.51790616e-01
3566            	5.05374635e-02	5.75495797e-02	1.60468272e+00	8.52878823e-01	7.51803896e-01
3567            	5.05318270e-02	5.75397032e-02	1.60469612e+00	8.52879888e-01	7.51816234e-01
3568            	5.05233468e-02	5.75276933e-02	1.60470403e+00	8.52875361e-01	7.51828667e-01
3569            	5.05139200e-02	5.75151237e-02	1.60470913e+00	8.52868484e-01	7.51840644e-01
3570            	5.05006734e-02	5.74994921e-02	1.60470901e+00	8.52855179e-01	7.51853832e-01
3571            	5.04783057e-02	5.74751226e-02	1.60469473e+00	8.52825673e-01	7.51869061e-01
3572            	5.04607072e-02	5.74555522e-02	1.60468556e+00	8.52803489e-01	7.51882074e-01
3573            	5.04388876e-02	5.74318948e-02	1.60466860e+00	8.52773186e-01	7.51895411e-01
3574            	5.04172532e-02	5.74084502e-02	1.60465002e+00	8.52742266e-01	7.51907759e-01
3575            	5.03956846e-02	5.73851757e-02	1.60462999e+00	8.52710680e-01	7.51919311e-01
3576            	5.03743627e-02	5.73623005e-02	1.60460910e+00	8.52678912e-01	7.51930187e-01
3577            	5.03535592e-02	5.73401174e-02	1.60458810e+00	8.52647607e-01	7.51940489e-01
3578            	5.03335178e-02	5.73188744e-02	1.60456768e+00	8.52617359e-01	7.51950324e-01
3579            	5.03144232e-02	5.72987380e-02	1.60454846e+00	8.52588652e-01	7.51959806e-01
3580            	5.02964037e-02	5.72797931e-02	1.60453091e+00	8.52561860e-01	7.51969053e-01
3581            	5.02795804e-02	5.72620746e-02	1.60451552e+00	8.52537341e-01	7.51978180e-01
3582            	5.02638318e-02	5.72453978e-02	1.60450220e+00	8.52514934e-01	7.51987270e-01
3583            	5.02489814e-02	5.72295163e-02	1.60449070e+00	8.52494332e-01	7.51996369e-01
3584            	5.02347381e-02	5.72141158e-02	1.60448046e+00	8.52474968e-01	7.52005492e-01
3585            	5.02207251e-02	5.71988560e-02	1.60447072e+00	8.52456087e-01	7.52014637e-01
3586            	5.02067002e-02	5.71835053e-02	1.60446090e+00	8.52437152e-01	7.52023752e-01
3587            	5.01926236e-02	5.71679896e-02	1.60445074e+00	8.52417994e-01	7.52032747e-01
3588            	5.01786311e-02	5.71523793e-02	1.60444029e+00	8.52398774e-01	7.52041512e-01
3589            	5.01650236e-02	5.71368882e-02	1.60442992e+00	8.52379985e-01	7.52049937e-01
3590            	5.01521687e-02	5.71218038e-02	1.60442021e+00	8.52362272e-01	7.52057935e-01
3591            	5.01404945e-02	5.71074841e-02	1.60441189e+00	8.52346439e-01	7.52065450e-01
3592            	5.01303719e-02	5.70942667e-02	1.60440568e+00	8.52333212e-01	7.52072468e-01
3593            	5.01221019e-02	5.70824545e-02	1.60440225e+00	8.52323228e-01	7.52079024e-01
3594            	5.01158828e-02	5.70722783e-02	1.60440213e+00	8.52316950e-01	7.52085184e-01
3595            	5.01118327e-02	5.70638924e-02	1.60440574e+00	8.52314703e-01	7.52091038e-01
3596            	5.01099749e-02	5.70573673e-02	1.60441333e+00	8.52316639e-01	7.52096689e-01
3597            	5.01103347e-02	5.70527552e-02	1.60442516e+00	8.52322913e-01	7.52102243e-01
3598            	5.01135871e-02	5.70504230e-02	1.60444205e+00	8.52334611e-01	7.52107437e-01
3599            	5.01188838e-02	5.70500943e-02	1.60446415e+00	8.52350958e-01	7.52113190e-01
3600            	5.01255917e-02	5.70506723e-02	1.60448910e+00	8.52370144e-01	7.52118961e-01
3601            	5.01342142e-02	5.70532514e-02	1.60451924e+00	8.52393832e-01	7.52125404e-01
3602            	5.01453111e-02	5.70582140e-02	1.60455389e+00	8.52422258e-01	7.52131636e-01
3603            	5.01583844e-02	5.70650896e-02	1.60459237e+00	8.52454570e-01	7.52137801e-01
3604            	5.01726896e-02	5.70726950e-02	1.60463341e+00	8.52489394e-01	7.52144015e-01
3605            	5.01884065e-02	5.70816637e-02	1.60467836e+00	8.52527589e-01	7.52150776e-01
3606            	5.02052233e-02	5.70916098e-02	1.60472531e+00	8.52567878e-01	7.52157432e-01
3607            	5.02229353e-02	5.71023553e-02	1.60477385e+00	8.52609861e-01	7.52163991e-01
3608            	5.02416578e-02	5.71133755e-02	1.60482452e+00	8.52653918e-01	7.52170602e-01
3609            	5.02617948e-02	5.71258184e-02	1.60487901e+00	8.52701300e-01	7.52177710e-01
3610            	5.02828312e-02	5.71392271e-02	1.60493494e+00	8.52750303e-01	7.52184641e-01
3611            	5.03045150e-02	5.71534596e-02	1.60499185e+00	8.52800438e-01	7.52191407e-01
3612            	5.03273947e-02	5.71682711e-02	1.60505120e+00	8.52852994e-01	7.52198205e-01
3613            	5.03512662e-02	5.71844729e-02	1.60511340e+00	8.52907967e-01	7.52205435e-01
3614            	5.03755192e-02	5.72013230e-02	1.60517620e+00	8.52963619e-01	7.52212581e-01
3615            	5.04001966e-02	5.72188188e-02	1.60523985e+00	8.53020122e-01	7.52219729e-01
3616            	5.04268750e-02	5.72373977e-02	1.60530819e+00	8.53080971e-01	7.52227221e-01
3617            	5.04541053e-02	5.72569930e-02	1.60537874e+00	8.53143473e-01	7.52235262e-01
3618            	5.04810009e-02	5.72765175e-02	1.60544893e+00	8.53205464e-01	7.52243462e-01
3619            	5.05073887e-02	5.72957936e-02	1.60551848e+00	8.53266627e-01	7.52251849e-01
3620            	5.05357973e-02	5.73158981e-02	1.60559330e+00	8.53332449e-01	7.52260855e-01
3621            	5.05639923e-02	5.73364242e-02	1.60566870e+00	8.53398344e-01	7.52270360e-01
3622            	5.05917623e-02	5.73567970e-02	1.60574355e+00	8.53463540e-01	7.52280015e-01
3623            	5.06187770e-02	5.73767524e-02	1.60581709e+00	8.53527321e-01	7.52289767e-01
3624            	5.06474220e-02	5.73971722e-02	1.60589511e+00	8.53594975e-01	7.52300131e-01
3625            	5.06740190e-02	5.74167784e-02	1.60596936e+00	8.53658699e-01	7.52310662e-01
3626            	5.06989055e-02	5.74353939e-02	1.60603990e+00	8.53718857e-01	7.52321046e-01
3627            	5.07223293e-02	5.74532264e-02	1.60610716e+00	8.53775912e-01	7.52331253e-01
3628            	5.07475182e-02	5.74718524e-02	1.60617902e+00	8.53837028e-01	7.52341992e-01
3629            	5.07703481e-02	5.74896745e-02	1.60624593e+00	8.53893315e-01	7.52352619e-01
3630            	5.07912791e-02	5.75066085e-02	1.60630844e+00	8.53945502e-01	7.52362943e-01
3631            	5.08105062e-02	5.75227940e-02	1.60636703e+00	8.53994024e-01	7.52373011e-01
3632            	5.08315017e-02	5.75401714e-02	1.60643048e+00	8.54046744e-01	7.52383740e-01
3633            	5.08498838e-02	5.75566229e-02	1.60648825e+00	8.54094009e-01	7.52394241e-01
3634            	5.08693577e-02	5.75740697e-02	1.60654949e+00	8.54144103e-01	7.52405388e-01
3635            	5.08871405e-02	5.75912478e-02	1.60660776e+00	8.54191021e-01	7.52416740e-01
3636            	5.08994878e-02	5.76049644e-02	1.60665273e+00	8.54225851e-01	7.52426875e-01
3637            	5.09120577e-02	5.76191063e-02	1.60669916e+00	8.54261638e-01	7.52437523e-01
3638            	5.09219683e-02	5.76318544e-02	1.60673992e+00	8.54291929e-01	7.52447993e-01
3639            	5.09307990e-02	5.76438326e-02	1.60677863e+00	8.54320113e-01	7.52458515e-01
3640            	5.09422006e-02	5.76583978e-02	1.60682552e+00	8.54354959e-01	7.52470558e-01
3641            	5.09470691e-02	5.76678274e-02	1.60685651e+00	8.54375324e-01	7.52481186e-01
3642            	5.09508278e-02	5.76763270e-02	1.60688542e+00	8.54393537e-01	7.52491881e-01
3643            	5.09474728e-02	5.76783129e-02	1.60689611e+00	8.54395525e-01	7.52500580e-01
3644            	5.09409409e-02	5.76776401e-02	1.60690000e+00	8.54390939e-01	7.52509057e-01
3645            	5.09360474e-02	5.76782857e-02	1.60690994e+00	8.54391019e-01	7.52518924e-01
3646            	5.09257215e-02	5.76734784e-02	1.60690558e+00	8.54378512e-01	7.52527069e-01
3647            	5.09144520e-02	5.76677113e-02	1.60690074e+00	8.54364820e-01	7.52535916e-01
3648            	5.08993973e-02	5.76582165e-02	1.60688657e+00	8.54342681e-01	7.52543887e-01
3649            	5.08818183e-02	5.76465931e-02	1.60686787e+00	8.54315753e-01	7.52552116e-01
3650            	5.08609533e-02	5.76321341e-02	1.60684178e+00	8.54281841e-01	7.52559935e-01
3651            	5.08367400e-02	5.76151393e-02	1.60680883e+00	8.54241154e-01	7.52567674e-01
3652            	5.08089652e-02	5.75953347e-02	1.60676767e+00	8.54192802e-01	7.52574872e-01
3653            	5.07779892e-02	5.75731745e-02	1.60671936e+00	8.54137668e-01	7.52581690e-01
3654            	5.07442793e-02	5.75487606e-02	1.60666376e+00	8.54076161e-01	7.52587603e-01
3655            	5.07089121e-02	5.75230068e-02	1.60660366e+00	8.54010741e-01	7.52592917e-01
3656            	5.06733070e-02	5.74966338e-02	1.60654087e+00	8.53943742e-01	7.52597128e-01
3657            	5.06389225e-02	5.74708664e-02	1.60647931e+00	8.53878577e-01	7.52600732e-01
3658            	5.06075496e-02	5.74467753e-02	1.60642189e+00	8.53818495e-01	7.52603396e-01
3659            	5.05806350e-02	5.74256528e-02	1.60637280e+00	8.53767033e-01	7.52605763e-01
3660            	5.05594072e-02	5.74082540e-02	1.60633417e+00	8.53726493e-01	7.52607679e-01
3661            	5.05447039e-02	5.73955350e-02	1.60630925e+00	8.53699328e-01	7.52609920e-01
3662            	5.05370367e-02	5.73881483e-02	1.60629936e+00	8.53686715e-01	7.52612642e-01
3663            	5.05352626e-02	5.73847714e-02	1.60630225e+00	8.53686386e-01	7.52615861e-01
3664            	5.05391900e-02	5.73855203e-02	1.60631939e+00	8.53698884e-01	7.52620504e-01
3665            	5.05467766e-02	5.73896060e-02	1.60634622e+00	8.53719889e-01	7.52626336e-01
3666            	5.05574998e-02	5.73960562e-02	1.60638198e+00	8.53748491e-01	7.52633492e-01
3667            	5.05691011e-02	5.74036741e-02	1.60642197e+00	8.53780087e-01	7.52641885e-01
3668            	5.05804835e-02	5.74111127e-02	1.60646319e+00	8.53812080e-01	7.52651113e-01
3669            	5.05906809e-02	5.74178209e-02	1.60650419e+00	8.53842774e-01	7.52661412e-01
3670            	5.05987184e-02	5.74225520e-02	1.60654135e+00	8.53869391e-01	7.52671954e-01
3671            	5.06044432e-02	5.74253487e-02	1.60657502e+00	8.53891953e-01	7.52683066e-01
3672            	5.06077056e-02	5.74256002e-02	1.60660320e+00	8.53909304e-01	7.52693893e-01
3673            	5.06089714e-02	5.74239528e-02	1.60662749e+00	8.53922715e-01	7.52704772e-01
3674            	5.06089327e-02	5.74209261e-02	1.60664738e+00	8.53932621e-01	7.52714755e-01
3675            	5.06077369e-02	5.74159668e-02	1.60666431e+00	8.53939892e-01	7.52724419e-01
3676            	5.06052727e-02	5.74091720e-02	1.60668019e+00	8.53945365e-01	7.52734820e-01
3677            	5.06035689e-02	5.74032516e-02	1.60669594e+00	8.53951537e-01	7.52744399e-01
3678            	5.06021176e-02	5.73974059e-02	1.60671211e+00	8.53958171e-01	7.52753936e-01
3679            	5.06005700e-02	5.73909343e-02	1.60672781e+00	8.53964477e-01	7.52763337e-01
3680            	5.05949206e-02	5.73800286e-02	1.60674094e+00	8.53965392e-01	7.52775551e-01
3681            	5.05895188e-02	5.73697300e-02	1.60675315e+00	8.53966094e-01	7.52787056e-01
3682            	5.05835794e-02	5.73594068e-02	1.60676373e+00	8.53965444e-01	7.52798286e-01
3683            	5.05765647e-02	5.73487282e-02	1.60677171e+00	8.53962422e-01	7.52809292e-01
3684            	5.05678531e-02	5.73369873e-02	1.60677617e+00	8.53955936e-01	7.52820230e-01
3685            	5.05569329e-02	5.73234943e-02	1.60677651e+00	8.53945186e-01	7.52831320e-01
3686            	5.05434544e-02	5.73077675e-02	1.60677224e+00	8.53929574e-01	7.52842665e-01
3687            	5.05252363e-02	5.72874581e-02	1.60675976e+00	8.53905117e-01	7.52854644e-01
3688            	5.05042573e-02	5.72648830e-02	1.60674238e+00	8.53875448e-01	7.52866934e-01
3689            	5.04826279e-02	5.72417644e-02	1.60672254e+00	8.53843897e-01	7.52878641e-01
3690            	5.04612499e-02	5.72189696e-02	1.60670165e+00	8.53812074e-01	7.52889574e-01
3691            	5.04404551e-02	5.71968571e-02	1.60668046e+00	8.53780686e-01	7.52899776e-01
3692            	5.04204022e-02	5.71756102e-02	1.60665951e+00	8.53750156e-01	7.52909352e-01
3693            	5.04011994e-02	5.71553328e-02	1.60663919e+00	8.53720795e-01	7.52918396e-01
3694            	5.03829043e-02	5.71360703e-02	1.60661983e+00	8.53692817e-01	7.52927008e-01
3695            	5.03655386e-02	5.71178156e-02	1.60660165e+00	8.53666362e-01	7.52935284e-01
3696            	5.03491805e-02	5.71005731e-02	1.60658501e+00	8.53641688e-01	7.52943327e-01
3697            	5.03338186e-02	5.70842674e-02	1.60657010e+00	8.53618867e-01	7.52951230e-01
3698            	5.03192648e-02	5.70686689e-02	1.60655664e+00	8.53597587e-01	7.52959057e-01
3699            	5.03052823e-02	5.70535338e-02	1.60654428e+00	8.53577424e-01	7.52966859e-01
3700            	5.02915501e-02	5.70385918e-02	1.60653243e+00	8.53557767e-01	7.52974667e-01
3701            	5.02778353e-02	5.70236339e-02	1.60652061e+00	8.53538139e-01	7.52982468e-01
3702            	5.02640824e-02	5.70085802e-02	1.60650857e+00	8.53518367e-01	7.52990202e-01
3703            	5.02504083e-02	5.69934872e-02	1.60649639e+00	8.53498602e-01	7.52997785e-01
3704            	5.02370802e-02	5.69785385e-02	1.60648441e+00	8.53479284e-01	7.53005123e-01
3705            	5.02244344e-02	5.69639800e-02	1.60647312e+00	8.53460993e-01	7.53012124e-01
3706            	5.02128779e-02	5.69501378e-02	1.60646319e+00	8.53444475e-01	7.53018719e-01
3707            	5.02027692e-02	5.69373184e-02	1.60645529e+00	8.53430412e-01	7.53024874e-01
3708            	5.01943955e-02	5.69257973e-02	1.60644999e+00	8.53419389e-01	7.53030598e-01
3709            	5.01879544e-02	5.69157878e-02	1.60644778e+00	8.53411843e-01	7.53035934e-01
3710            	5.01835499e-02	5.69074245e-02	1.60644899e+00	8.53408046e-01	7.53040946e-01
3711            	5.01812116e-02	5.69007727e-02	1.60645386e+00	8.53408143e-01	7.53045719e-01
3712            	5.01809502e-02	5.68958763e-02	1.60646258e+00	8.53412243e-01	7.53050342e-01
3713            	5.01828119e-02	5.68927894e-02	1.60647543e+00	8.53420527e-01	7.53054903e-01
3714            	5.01868720e-02	5.68915752e-02	1.60649271e+00	8.53433226e-01	7.53059482e-01
3715            	5.01935834e-02	5.68924258e-02	1.60651483e+00	8.53450999e-01	7.53063832e-01
3716            	5.02021576e-02	5.68951029e-02	1.60654182e+00	8.53473067e-01	7.53068752e-01
3717            	5.02120120e-02	5.68986247e-02	1.60657143e+00	8.53497725e-01	7.53073701e-01
3718            	5.02235189e-02	5.69039420e-02	1.60660557e+00	8.53526305e-01	7.53079267e-01
3719            	5.02368157e-02	5.69110752e-02	1.60664295e+00	8.53558293e-01	7.53084661e-01
3720            	5.02515014e-02	5.69196249e-02	1.60668299e+00	8.53592994e-01	7.53089991e-01
3721            	5.02671965e-02	5.69287079e-02	1.60672499e+00	8.53629694e-01	7.53095301e-01
3722            	5.02842035e-02	5.69390757e-02	1.60677053e+00	8.53669468e-01	7.53101061e-01
3723            	5.03022597e-02	5.69503619e-02	1.60681796e+00	8.53711238e-01	7.53106719e-01
3724            	5.03213368e-02	5.69625494e-02	1.60686726e+00	8.53754967e-01	7.53112294e-01
3725            	5.03417176e-02	5.69752578e-02	1.60691918e+00	8.53801305e-01	7.53117870e-01
3726            	5.03633804e-02	5.69893345e-02	1.60697457e+00	8.53850664e-01	7.53123903e-01
3727            	5.03855959e-02	5.70041034e-02	1.60703084e+00	8.53901013e-01	7.53129822e-01
3728            	5.04081633e-02	5.70194621e-02	1.60708760e+00	8.53951965e-01	7.53135639e-01
3729            	5.04321553e-02	5.70355664e-02	1.60714732e+00	8.54005818e-01	7.53141507e-01
3730            	5.04571977e-02	5.70531169e-02	1.60721007e+00	8.54062233e-01	7.53147838e-01
3731            	5.04827259e-02	5.70713958e-02	1.60727390e+00	8.54119675e-01	7.53154223e-01
3732            	5.05084095e-02	5.70901022e-02	1.60733824e+00	8.54177531e-01	7.53160712e-01
3733            	5.05356398e-02	5.71095038e-02	1.60740641e+00	8.54238847e-01	7.53167567e-01
3734            	5.05626701e-02	5.71293430e-02	1.60747523e+00	8.54300287e-01	7.53174947e-01
3735            	5.05893051e-02	5.71490735e-02	1.60754368e+00	8.54361147e-01	7.53182537e-01
3736            	5.06157980e-02	5.71688532e-02	1.60761230e+00	8.54421950e-01	7.53190354e-01
3737            	5.06446410e-02	5.71897304e-02	1.60768683e+00	8.54488058e-01	7.53198776e-01
3738            	5.06726858e-02	5.72106021e-02	1.60776060e+00	8.54552985e-01	7.53207614e-01
3739            	5.06994796e-02	5.72306846e-02	1.60783197e+00	8.54615467e-01	7.53216507e-01
3740            	5.07248171e-02	5.72498290e-02	1.60790042e+00	8.54675025e-01	7.53225391e-01
3741            	5.07516986e-02	5.72694438e-02	1.60797293e+00	8.54738162e-01	7.53234765e-01
3742            	5.07766029e-02	5.72883242e-02	1.60804165e+00	8.54797425e-01	7.53244220e-01
3743            	5.07998730e-02	5.73063222e-02	1.60810668e+00	8.54853213e-01	7.53253467e-01
3744            	5.08214896e-02	5.73234359e-02	1.60816796e+00	8.54905469e-01	7.53262490e-01
3745            	5.08447127e-02	5.73413949e-02	1.60823342e+00	8.54961422e-01	7.53271997e-01
3746            	5.08654993e-02	5.73585258e-02	1.60829376e+00	8.55012379e-01	7.53281380e-01
3747            	5.08843214e-02	5.73747604e-02	1.60834964e+00	8.55059144e-01	7.53290501e-01
3748            	5.09045747e-02	5.73921135e-02	1.60840952e+00	8.55109333e-01	7.53300184e-01
3749            	5.09221605e-02	5.74084913e-02	1.60846369e+00	8.55154006e-01	7.53309685e-01
3750            	5.09366005e-02	5.74230918e-02	1.60851070e+00	8.55191951e-01	7.53318751e-01
3751            	5.09519361e-02	5.74385979e-02	1.60856078e+00	8.55232325e-01	7.53328453e-01
3752            	5.09643359e-02	5.74526577e-02	1.60860456e+00	8.55266615e-01	7.53337943e-01
3753            	5.09763768e-02	5.74666756e-02	1.60864824e+00	8.55300497e-01	7.53347743e-01
3754            	5.09904790e-02	5.74830279e-02	1.60869857e+00	8.55339764e-01	7.53358806e-01
3755            	5.09987601e-02	5.74952219e-02	1.60873525e+00	8.55366385e-01	7.53368864e-01
3756            	5.10034157e-02	5.75047855e-02	1.60876338e+00	8.55385107e-01	7.53378276e-01
3757            	5.10031494e-02	5.75099442e-02	1.60877922e+00	8.55392757e-01	7.53386459e-01
3758            	5.10053703e-02	5.75174875e-02	1.60880319e+00	8.55406967e-01	7.53396226e-01
3759            	5.09998950e-02	5.75177031e-02	1.60880728e+00	8.55403533e-01	7.53403743e-01
3760            	5.09908456e-02	5.75148210e-02	1.60880357e+00	8.55392632e-01	7.53410940e-01
3761            	5.09854904e-02	5.75153934e-02	1.60881226e+00	8.55391618e-01	7.53420637e-01
3762            	5.09719006e-02	5.75077080e-02	1.60879821e+00	8.55371006e-01	7.53427205e-01
3763            	5.09562074e-02	5.74980798e-02	1.60878006e+00	8.55346236e-01	7.53433822e-01
3764            	5.09381211e-02	5.74860956e-02	1.60875657e+00	8.55316408e-01	7.53440166e-01
3765            	5.09176780e-02	5.74722196e-02	1.60872880e+00	8.55282078e-01	7.53446722e-01
3766            	5.08945386e-02	5.74560989e-02	1.60869531e+00	8.55242193e-01	7.53453115e-01
3767            	5.08685531e-02	5.74379084e-02	1.60865630e+00	8.55196703e-01	7.53459596e-01
3768            	5.08395887e-02	5.74173738e-02	1.60861041e+00	8.55144795e-01	7.53465618e-01
3769            	5.08080838e-02	5.73949678e-02	1.60855883e+00	8.55087498e-01	7.53471330e-01
3770            	5.07746646e-02	5.73708696e-02	1.60850162e+00	8.55025474e-01	7.53476145e-01
3771            	5.07404862e-02	5.73460154e-02	1.60844162e+00	8.54961294e-01	7.53480322e-01
3772            	5.07069837e-02	5.73211721e-02	1.60838079e+00	8.54897378e-01	7.53483410e-01
3773            	5.06756594e-02	5.72976078e-02	1.60832311e+00	8.54837213e-01	7.53485894e-01
3774            	5.06480463e-02	5.72762347e-02	1.60827116e+00	8.54783624e-01	7.53487532e-01
3775            	5.06253476e-02	5.72582096e-02	1.60822869e+00	8.54739693e-01	7.53488998e-01
3776            	5.06084917e-02	5.72440894e-02	1.60819741e+00	8.54707195e-01	7.53490212e-01
3777            	5.05979316e-02	5.72345820e-02	1.60817977e+00	8.54687818e-01	7.53491955e-01
3778            	5.05934544e-02	5.72294318e-02	1.60817520e+00	8.54681053e-01	7.53494144e-01
3779            	5.05944692e-02	5.72285798e-02	1.60818395e+00	8.54686444e-01	7.53497505e-01
3780            	5.05998054e-02	5.72309990e-02	1.60820322e+00	8.54701414e-01	7.53501803e-01
3781            	5.06082996e-02	5.72361328e-02	1.60823178e+00	8.54724191e-01	7.53507592e-01
3782            	5.06183507e-02	5.72424930e-02	1.60826547e+00	8.54751084e-01	7.53514383e-01
3783            	5.06287650e-02	5.72494124e-02	1.60830258e+00	8.54780053e-01	7.53522523e-01
3784            	5.06382216e-02	5.72554778e-02	1.60833906e+00	8.54807754e-01	7.53531311e-01
3785            	5.06460175e-02	5.72603656e-02	1.60837397e+00	8.54833003e-01	7.53540968e-01
3786            	5.06514720e-02	5.72630564e-02	1.60840436e+00	8.54853654e-01	7.53550710e-01
3787            	5.06546420e-02	5.72638227e-02	1.60843076e+00	8.54870020e-01	7.53560736e-01
3788            	5.06556047e-02	5.72622259e-02	1.60845187e+00	8.54881539e-01	7.53570329e-01
3789            	5.06549124e-02	5.72590150e-02	1.60846945e+00	8.54889637e-01	7.53579812e-01
3790            	5.06534289e-02	5.72548535e-02	1.60848369e+00	8.54895272e-01	7.53588414e-01
3791            	5.06511169e-02	5.72490757e-02	1.60849567e+00	8.54898951e-01	7.53596717e-01
3792            	5.06476808e-02	5.72416161e-02	1.60850673e+00	8.54901048e-01	7.53605686e-01
3793            	5.06458623e-02	5.72356760e-02	1.60851852e+00	8.54905125e-01	7.53613400e-01
3794            	5.06437301e-02	5.72294058e-02	1.60853123e+00	8.54909347e-01	7.53621887e-01
3795            	5.06408921e-02	5.72220261e-02	1.60854338e+00	8.54912584e-01	7.53630800e-01
3796            	5.06368967e-02	5.72138222e-02	1.60855474e+00	8.54914266e-01	7.53640472e-01
3797            	5.06310530e-02	5.72041737e-02	1.60856417e+00	8.54913137e-01	7.53651031e-01
3798            	5.06236097e-02	5.71927876e-02	1.60857004e+00	8.54908630e-01	7.53661411e-01
3799            	5.06104159e-02	5.71762443e-02	1.60856825e+00	8.54894539e-01	7.53673707e-01
3800            	5.05997749e-02	5.71629287e-02	1.60856821e+00	8.54883880e-01	7.53684330e-01
3801            	5.05865614e-02	5.71470862e-02	1.60856285e+00	8.54867988e-01	7.53694865e-01
3802            	5.05684694e-02	5.71271515e-02	1.60854908e+00	8.54843008e-01	7.53706069e-01
3803            	5.05522179e-02	5.71092923e-02	1.60853678e+00	8.54820608e-01	7.53716173e-01
3804            	5.05319569e-02	5.70879603e-02	1.60851679e+00	8.54790353e-01	7.53726439e-01
3805            	5.05120807e-02	5.70671075e-02	1.60849576e+00	8.54759960e-01	7.53735798e-01
3806            	5.04925016e-02	5.70466015e-02	1.60847389e+00	8.54729447e-01	7.53744444e-01
3807            	5.04733196e-02	5.70264987e-02	1.60845171e+00	8.54699176e-01	7.53752537e-01
3808            	5.04547009e-02	5.70069243e-02	1.60842982e+00	8.54669613e-01	7.53760211e-01
3809            	5.04367739e-02	5.69880047e-02	1.60840871e+00	8.54641129e-01	7.53767581e-01
3810            	5.04196423e-02	5.69698587e-02	1.60838877e+00	8.54614030e-01	7.53774745e-01
3811            	5.04034638e-02	5.69526294e-02	1.60837048e+00	8.54588704e-01	7.53781776e-01
3812            	5.03883032e-02	5.69363794e-02	1.60835409e+00	8.54565347e-01	7.53788741e-01
3813            	5.03740197e-02	5.69209880e-02	1.60833938e+00	8.54543710e-01	7.53795670e-01
3814            	5.03603714e-02	5.69062626e-02	1.60832593e+00	8.54523336e-01	7.53802594e-01
3815            	5.03470636e-02	5.68919498e-02	1.60831315e+00	8.54503640e-01	7.53809513e-01
3816            	5.03339000e-02	5.68778388e-02	1.60830059e+00	8.54484193e-01	7.53816393e-01
3817            	5.03208239e-02	5.68637968e-02	1.60828798e+00	8.54464815e-01	7.53823167e-01
3818            	5.03079259e-02	5.68498044e-02	1.60827536e+00	8.54445608e-01	7.53829756e-01
3819            	5.02954286e-02	5.68359625e-02	1.60826302e+00	8.54426939e-01	7.53836082e-01
3820            	5.02836023e-02	5.68224348e-02	1.60825134e+00	8.54409274e-01	7.53842070e-01
3821            	5.02727830e-02	5.68094758e-02	1.60824090e+00	8.54393232e-01	7.53847666e-01
3822            	5.02632691e-02	5.67973527e-02	1.60823224e+00	8.54379388e-01	7.53852849e-01
3823            	5.02553018e-02	5.67863202e-02	1.60822587e+00	8.54368237e-01	7.53857634e-01
3824            	5.02490587e-02	5.67765921e-02	1.60822224e+00	8.54360177e-01	7.53862059e-01
3825            	5.02446517e-02	5.67683320e-02	1.60822168e+00	8.54355490e-01	7.53866186e-01
3826            	5.02421466e-02	5.67616506e-02	1.60822446e+00	8.54354379e-01	7.53870085e-01
3827            	5.02416045e-02	5.67566476e-02	1.60823088e+00	8.54357046e-01	7.53873837e-01
3828            	5.02431300e-02	5.67534281e-02	1.60824129e+00	8.54363777e-01	7.53877518e-01
3829            	5.02468175e-02	5.67520786e-02	1.60825603e+00	8.54374831e-01	7.53881196e-01
3830            	5.02526808e-02	5.67526118e-02	1.60827523e+00	8.54390294e-01	7.53884932e-01
3831            	5.02609931e-02	5.67550990e-02	1.60829905e+00	8.54410517e-01	7.53888530e-01
3832            	5.02710335e-02	5.67593277e-02	1.60832744e+00	8.54434752e-01	7.53892685e-01
3833            	5.02821972e-02	5.67643004e-02	1.60835806e+00	8.54461229e-01	7.53896834e-01
3834            	5.02947923e-02	5.67708668e-02	1.60839263e+00	8.54491109e-01	7.53901525e-01
3835            	5.03088937e-02	5.67789733e-02	1.60842993e+00	8.54523858e-01	7.53906070e-01
3836            	5.03242326e-02	5.67883291e-02	1.60846958e+00	8.54559023e-01	7.53910558e-01
3837            	5.03406489e-02	5.67982462e-02	1.60851124e+00	8.54596267e-01	7.53914969e-01
3838            	5.03584632e-02	5.68095064e-02	1.60855648e+00	8.54636703e-01	7.53919777e-01
3839            	5.03774037e-02	5.68217459e-02	1.60860384e+00	8.54679323e-01	7.53924516e-01
3840            	5.03972552e-02	5.68348111e-02	1.60865293e+00	8.54723721e-01	7.53929210e-01
3841            	5.04183012e-02	5.68483386e-02	1.60870436e+00	8.54770480e-01	7.53933877e-01
3842            	5.04403973e-02	5.68630752e-02	1.60875872e+00	8.54819757e-01	7.53938963e-01
3843            	5.04628837e-02	5.68783827e-02	1.60881373e+00	8.54869748e-01	7.53943981e-01
3844            	5.04857513e-02	5.68943000e-02	1.60886943e+00	8.54920466e-01	7.53948963e-01
3845            	5.05103519e-02	5.69112135e-02	1.60892874e+00	8.54974723e-01	7.53954019e-01
3846            	5.05359971e-02	5.69295743e-02	1.60899109e+00	8.55031542e-01	7.53959548e-01
3847            	5.05617003e-02	5.69483077e-02	1.60905375e+00	8.55088573e-01	7.53965172e-01
3848            	5.05870696e-02	5.69670601e-02	1.60911599e+00	8.55145066e-01	7.53970927e-01
3849            	5.06140037e-02	5.69865341e-02	1.60918209e+00	8.55205047e-01	7.53977040e-01
3850            	5.06408936e-02	5.70065671e-02	1.60924914e+00	8.55265464e-01	7.53983677e-01
3851            	5.06676169e-02	5.70266804e-02	1.60931634e+00	8.55325788e-01	7.53990554e-01
3852            	5.06941236e-02	5.70467920e-02	1.60938355e+00	8.55385901e-01	7.53997654e-01
3853            	5.07226154e-02	5.70677537e-02	1.60945579e+00	8.55450513e-01	7.54005282e-01
3854            	5.07497420e-02	5.70882532e-02	1.60952600e+00	8.55512740e-01	7.54013256e-01
3855            	5.07753144e-02	5.71077564e-02	1.60959311e+00	8.55571872e-01	7.54021243e-01
3856            	5.07994618e-02	5.71263740e-02	1.60965728e+00	8.55628103e-01	7.54029180e-01
3857            	5.08253175e-02	5.71456743e-02	1.60972570e+00	8.55688170e-01	7.54037535e-01
3858            	5.08491686e-02	5.71642130e-02	1.60979022e+00	8.55744278e-01	7.54045941e-01
3859            	5.08711525e-02	5.71817146e-02	1.60985057e+00	8.55796440e-01	7.54054135e-01
3860            	5.08944075e-02	5.71999142e-02	1.60991422e+00	8.55851519e-01	7.54062704e-01
3861            	5.09153219e-02	5.72173363e-02	1.60997301e+00	8.55901828e-01	7.54071184e-01
3862            	5.09335732e-02	5.72333800e-02	1.61002566e+00	8.55946403e-01	7.54079256e-01
3863            	5.09529202e-02	5.72503156e-02	1.61008139e+00	8.55993614e-01	7.54087773e-01
3864            	5.09697808e-02	5.72663115e-02	1.61013195e+00	8.56035754e-01	7.54096192e-01
3865            	5.09863937e-02	5.72823732e-02	1.61018254e+00	8.56077663e-01	7.54104875e-01
3866            	5.10025943e-02	5.72989888e-02	1.61023347e+00	8.56119328e-01	7.54114139e-01
3867            	5.10149583e-02	5.73130176e-02	1.61027532e+00	8.56152616e-01	7.54122700e-01
3868            	5.10303059e-02	5.73303318e-02	1.61032659e+00	8.56193599e-01	7.54132987e-01
3869            	5.10369987e-02	5.73411807e-02	1.61035631e+00	8.56215154e-01	7.54141157e-01
3870            	5.10371235e-02	5.73467108e-02	1.61036984e+00	8.56222042e-01	7.54147795e-01
3871            	5.10374010e-02	5.73520924e-02	1.61038424e+00	8.56229522e-01	7.54154720e-01
3872            	5.10361346e-02	5.73562700e-02	1.61039539e+00	8.56233830e-01	7.54161561e-01
3873            	5.10345761e-02	5.73597469e-02	1.61040650e+00	8.56237825e-01	7.54168673e-01
3874            	5.10358902e-02	5.73658090e-02	1.61042646e+00	8.56249121e-01	7.54177341e-01
3875            	5.10315931e-02	5.73668930e-02	1.61043321e+00	8.56248199e-01	7.54185013e-01
3876            	5.10251499e-02	5.73659432e-02	1.61043529e+00	8.56242794e-01	7.54192494e-01
3877            	5.10150473e-02	5.73618151e-02	1.61042937e+00	8.56229731e-01	7.54199636e-01
3878            	5.10007988e-02	5.73539918e-02	1.61041343e+00	8.56207516e-01	7.54205918e-01
3879            	5.09835608e-02	5.73432562e-02	1.61039072e+00	8.56178923e-01	7.54211801e-01
3880            	5.09646730e-02	5.73315519e-02	1.61036660e+00	8.56147971e-01	7.54218625e-01
3881            	5.09419419e-02	5.73165174e-02	1.61033346e+00	8.56108673e-01	7.54224789e-01
3882            	5.09155965e-02	5.72986386e-02	1.61029282e+00	8.56062005e-01	7.54230812e-01
3883            	5.08860780e-02	5.72781243e-02	1.61024447e+00	8.56008313e-01	7.54236157e-01
3884            	5.08535656e-02	5.72550151e-02	1.61018833e+00	8.55947729e-01	7.54240597e-01
3885            	5.08192947e-02	5.72302996e-02	1.61012713e+00	8.55882860e-01	7.54244271e-01
3886            	5.07844915e-02	5.72046262e-02	1.61006252e+00	8.55815753e-01	7.54246770e-01
3887            	5.07506263e-02	5.71792519e-02	1.60999835e+00	8.55749803e-01	7.54248550e-01
3888            	5.07194596e-02	5.71553092e-02	1.60993771e+00	8.55688317e-01	7.54249398e-01
3889            	5.06922939e-02	5.71340256e-02	1.60988450e+00	8.55634543e-01	7.54249955e-01
3890            	5.06703019e-02	5.71161799e-02	1.60984093e+00	8.55590769e-01	7.54250165e-01
3891            	5.06543033e-02	5.71027395e-02	1.60981014e+00	8.55559373e-01	7.54250767e-01
3892            	5.06444673e-02	5.70937518e-02	1.60979235e+00	8.55540644e-01	7.54251710e-01
3893            	5.06405794e-02	5.70894391e-02	1.60978855e+00	8.55534855e-01	7.54253696e-01
3894            	5.06417731e-02	5.70890076e-02	1.60979662e+00	8.55540084e-01	7.54256538e-01
3895            	5.06470534e-02	5.70920293e-02	1.60981568e+00	8.55554895e-01	7.54260788e-01
3896            	5.06549915e-02	5.70971633e-02	1.60984207e+00	8.55576024e-01	7.54266041e-01
3897            	5.06643371e-02	5.71036846e-02	1.60987399e+00	8.55601332e-01	7.54272657e-01
3898            	5.06736123e-02	5.71100878e-02	1.60990724e+00	8.55627231e-01	7.54280006e-01
3899            	5.06819052e-02	5.71158598e-02	1.60994042e+00	8.55652115e-01	7.54288304e-01
3900            	5.06882688e-02	5.71198031e-02	1.60997016e+00	8.55673349e-01	7.54296811e-01
3901            	5.06924440e-02	5.71219260e-02	1.60999631e+00	8.55690597e-01	7.54305709e-01
3902            	5.06942462e-02	5.71215909e-02	1.61001707e+00	8.55702780e-01	7.54314287e-01
3903            	5.06940753e-02	5.71193886e-02	1.61003378e+00	8.55710965e-01	7.54322815e-01
3904            	5.06926615e-02	5.71158242e-02	1.61004640e+00	8.55715861e-01	7.54330538e-01
3905            	5.06900127e-02	5.71103177e-02	1.61005588e+00	8.55717951e-01	7.54337926e-01
3906            	5.06859333e-02	5.71029123e-02	1.61006342e+00	8.55717644e-01	7.54345778e-01
3907            	5.06832184e-02	5.70966924e-02	1.61007133e+00	8.55718882e-01	7.54352446e-01
3908            	5.06803696e-02	5.70902638e-02	1.61008015e+00	8.55720446e-01	7.54359707e-01
3909            	5.06773327e-02	5.70831496e-02	1.61008911e+00	8.55721888e-01	7.54367223e-01
3910            	5.06738060e-02	5.70757111e-02	1.61009837e+00	8.55722991e-01	7.54375379e-01
3911            	5.06682191e-02	5.70660938e-02	1.61010547e+00	8.55720953e-01	7.54384515e-01
3912            	5.06633876e-02	5.70575323e-02	1.61011293e+00	8.55719853e-01	7.54393077e-01
3913            	5.06565415e-02	5.70475799e-02	1.61011828e+00	8.55715679e-01	7.54402596e-01
3914            	5.06415267e-02	5.70295233e-02	1.61011147e+00	8.55697260e-01	7.54414207e-01
3915            	5.06291648e-02	5.70147992e-02	1.61010742e+00	8.55682876e-01	7.54424547e-01
3916            	5.06179243e-02	5.70016459e-02	1.61010340e+00	8.55669625e-01	7.54433776e-01
3917            	5.06065869e-02	5.69884019e-02	1.61009801e+00	8.55655593e-01	7.54442419e-01
3918            	5.05919906e-02	5.69718446e-02	1.61008588e+00	8.55634931e-01	7.54450950e-01
3919            	5.05734598e-02	5.69523601e-02	1.61006704e+00	8.55606979e-01	7.54460059e-01
3920            	5.05551126e-02	5.69330286e-02	1.61004738e+00	8.55578805e-01	7.54468579e-01
3921            	5.05330911e-02	5.69104214e-02	1.61002021e+00	8.55543195e-01	7.54477013e-01
3922            	5.05122352e-02	5.68889262e-02	1.60999367e+00	8.55509069e-01	7.54484598e-01
3923            	5.04926429e-02	5.68686307e-02	1.60996827e+00	8.55476777e-01	7.54491492e-01
3924            	5.04743672e-02	5.68495839e-02	1.60994447e+00	8.55446602e-01	7.54497867e-01
3925            	5.04574802e-02	5.68318319e-02	1.60992274e+00	8.55418852e-01	7.54503891e-01
3926            	5.04420107e-02	5.68153884e-02	1.60990346e+00	8.55393740e-01	7.54509718e-01
3927            	5.04278761e-02	5.68001767e-02	1.60988671e+00	8.55371232e-01	7.54515479e-01
3928            	5.04147736e-02	5.67859607e-02	1.60987208e+00	8.55350812e-01	7.54521265e-01
3929            	5.04023265e-02	5.67724498e-02	1.60985891e+00	8.55331782e-01	7.54527129e-01
3930            	5.03902108e-02	5.67593467e-02	1.60984654e+00	8.55313481e-01	7.54533059e-01
3931            	5.03782179e-02	5.67464147e-02	1.60983443e+00	8.55295433e-01	7.54538997e-01
3932            	5.03662726e-02	5.67334974e-02	1.60982225e+00	8.55277399e-01	7.54544854e-01
3933            	5.03544393e-02	5.67205525e-02	1.60980995e+00	8.55259415e-01	7.54550536e-01
3934            	5.03429003e-02	5.67076490e-02	1.60979772e+00	8.55241758e-01	7.54555957e-01
3935            	5.03319223e-02	5.66949560e-02	1.60978593e+00	8.55224888e-01	7.54561043e-01
3936            	5.03217980e-02	5.66827102e-02	1.60977509e+00	8.55209344e-01	7.54565748e-01
3937            	5.03128156e-02	5.66711862e-02	1.60976576e+00	8.55195694e-01	7.54570063e-01
3938            	5.03052272e-02	5.66606502e-02	1.60975847e+00	8.55184460e-01	7.54574005e-01
3939            	5.02992450e-02	5.66513461e-02	1.60975372e+00	8.55176106e-01	7.54577616e-01
3940            	5.02950361e-02	5.66434718e-02	1.60975196e+00	8.55171017e-01	7.54580944e-01
3941            	5.02927323e-02	5.66371869e-02	1.60975357e+00	8.55169516e-01	7.54584051e-01
3942            	5.02924597e-02	5.66326323e-02	1.60975893e+00	8.55171925e-01	7.54587006e-01
3943            	5.02943523e-02	5.66299339e-02	1.60976846e+00	8.55178582e-01	7.54589877e-01
3944            	5.02984695e-02	5.66291483e-02	1.60978240e+00	8.55189668e-01	7.54592729e-01
3945            	5.03047490e-02	5.66302415e-02	1.60980076e+00	8.55205129e-01	7.54595631e-01
3946            	5.03130641e-02	5.66331239e-02	1.60982341e+00	8.55224767e-01	7.54598639e-01
3947            	5.03234824e-02	5.66376900e-02	1.60985012e+00	8.55248544e-01	7.54601579e-01
3948            	5.03352827e-02	5.66436935e-02	1.60988067e+00	8.55275620e-01	7.54605055e-01
3949            	5.03479646e-02	5.66502157e-02	1.60991289e+00	8.55304412e-01	7.54608482e-01
3950            	5.03618806e-02	5.66581402e-02	1.60994855e+00	8.55336155e-01	7.54612394e-01
3951            	5.03770311e-02	5.66673466e-02	1.60998645e+00	8.55370256e-01	7.54616194e-01
3952            	5.03933085e-02	5.66776886e-02	1.61002654e+00	8.55406578e-01	7.54619961e-01
3953            	5.04108514e-02	5.66887353e-02	1.61006896e+00	8.55445329e-01	7.54623627e-01
3954            	5.04298420e-02	5.67012105e-02	1.61011505e+00	8.55487368e-01	7.54627684e-01
3955            	5.04497020e-02	5.67144853e-02	1.61016283e+00	8.55531118e-01	7.54631714e-01
3956            	5.04701475e-02	5.67283543e-02	1.61021174e+00	8.55576018e-01	7.54635723e-01
3957            	5.04917182e-02	5.67426608e-02	1.61026276e+00	8.55623098e-01	7.54639662e-01
3958            	5.05143102e-02	5.67581860e-02	1.61031660e+00	8.55672612e-01	7.54643992e-01
3959            	5.05374225e-02	5.67743862e-02	1.61037147e+00	8.55723157e-01	7.54648312e-01
3960            	5.05611411e-02	5.67913661e-02	1.61042760e+00	8.55774943e-01	7.54652661e-01
3961            	5.05866545e-02	5.68093906e-02	1.61048748e+00	8.55830396e-01	7.54657087e-01
3962            	5.06125188e-02	5.68282928e-02	1.61054894e+00	8.55886991e-01	7.54661953e-01
3963            	5.06379502e-02	5.68471484e-02	1.61060979e+00	8.55942844e-01	7.54666943e-01
3964            	5.06630812e-02	5.68660445e-02	1.61067038e+00	8.55998269e-01	7.54672106e-01
3965            	5.06903179e-02	5.68860981e-02	1.61073595e+00	8.56058292e-01	7.54677656e-01
3966            	5.07175471e-02	5.69067382e-02	1.61080258e+00	8.56118836e-01	7.54683742e-01
3967            	5.07442840e-02	5.69272008e-02	1.61086871e+00	8.56178637e-01	7.54690069e-01
3968            	5.07700977e-02	5.69471186e-02	1.61093333e+00	8.56236764e-01	7.54696569e-01
3969            	5.07974196e-02	5.69675560e-02	1.61100189e+00	8.56298363e-01	7.54703524e-01
3970            	5.08231254e-02	5.69873534e-02	1.61106781e+00	8.56357030e-01	7.54710780e-01
3971            	5.08473603e-02	5.70062515e-02	1.61113073e+00	8.56412726e-01	7.54718006e-01
3972            	5.08730308e-02	5.70257539e-02	1.61119720e+00	8.56471630e-01	7.54725569e-01
3973            	5.08966732e-02	5.70444749e-02	1.61125970e+00	8.56526525e-01	7.54733178e-01
3974            	5.09177555e-02	5.70617119e-02	1.61131642e+00	8.56575964e-01	7.54740453e-01
3975            	5.09398420e-02	5.70795067e-02	1.61137573e+00	8.56627706e-01	7.54748022e-01
3976            	5.09598149e-02	5.70965830e-02	1.61143072e+00	8.56675174e-01	7.54755544e-01
3977            	5.09768887e-02	5.71120369e-02	1.61147900e+00	8.56716387e-01	7.54762609e-01
3978            	5.09949694e-02	5.71282764e-02	1.61153005e+00	8.56759995e-01	7.54770056e-01
3979            	5.10107988e-02	5.71436383e-02	1.61157652e+00	8.56799057e-01	7.54777460e-01
3980            	5.10264035e-02	5.71590674e-02	1.61162298e+00	8.56837892e-01	7.54785085e-01
3981            	5.10420932e-02	5.71753689e-02	1.61167094e+00	8.56877562e-01	7.54793376e-01
3982            	5.10536678e-02	5.71888528e-02	1.61170923e+00	8.56908282e-01	7.54800946e-01
3983            	5.10672701e-02	5.72048651e-02	1.61175436e+00	8.56944451e-01	7.54809911e-01
3984            	5.10727427e-02	5.72147211e-02	1.61177953e+00	8.56962507e-01	7.54817022e-01
3985            	5.10723850e-02	5.72198253e-02	1.61179060e+00	8.56967686e-01	7.54822916e-01
3986            	5.10722969e-02	5.72249598e-02	1.61180290e+00	8.56973745e-01	7.54829152e-01
3987            	5.10728018e-02	5.72306373e-02	1.61181743e+00	8.56981517e-01	7.54835914e-01
3988            	5.10721253e-02	5.72353847e-02	1.61183031e+00	8.56987283e-01	7.54843032e-01
3989            	5.10695051e-02	5.72383032e-02	1.61183904e+00	8.56989024e-01	7.54850014e-01
3990            	5.10634169e-02	5.72381991e-02	1.61184028e+00	8.56983556e-01	7.54856722e-01
3991            	5.10546431e-02	5.72355289e-02	1.61183534e+00	8.56972315e-01	7.54863029e-01
3992            	5.10429837e-02	5.72303081e-02	1.61182442e+00	8.56955194e-01	7.54869226e-01
3993            	5.10281100e-02	5.72220349e-02	1.61180591e+00	8.56931065e-01	7.54874845e-01
3994            	5.10103930e-02	5.72113693e-02	1.61178176e+00	8.56901275e-01	7.54880489e-01
3995            	5.09893594e-02	5.71977078e-02	1.61174987e+00	8.56864293e-01	7.54885575e-01
3996            	5.09651990e-02	5.71815492e-02	1.61171158e+00	8.56820987e-01	7.54890589e-01
3997            	5.09379012e-02	5.71626919e-02	1.61166577e+00	8.56770787e-01	7.54894984e-01
3998            	5.09079343e-02	5.71417025e-02	1.61161392e+00	8.56714893e-01	7.54899024e-01
3999            	5.08758460e-02	5.71187793e-02	1.61155615e+00	8.56653923e-01	7.54902231e-01
4000            	5.08427602e-02	5.70948771e-02	1.61149523e+00	8.56590377e-01	7.54904856e-01
4001            	5.08097773e-02	5.70705809e-02	1.61143262e+00	8.56526088e-01	7.54906534e-01
4002            	5.07783736e-02	5.70471531e-02	1.61137211e+00	8.56464428e-01	7.54907681e-01
4003            	5.07499060e-02	5.70254191e-02	1.61131599e+00	8.56407901e-01	7.54908089e-01
4004            	5.07255735e-02	5.70065124e-02	1.61126782e+00	8.56359486e-01	7.54908339e-01
4005            	5.07063204e-02	5.69910179e-02	1.61122934e+00	8.56320989e-01	7.54908348e-01
4006            	5.06927366e-02	5.69797008e-02	1.61120305e+00	8.56294263e-01	7.54908790e-01
4007            	5.06848403e-02	5.69724768e-02	1.61118886e+00	8.56279268e-01	7.54909588e-01
4008            	5.06822712e-02	5.69694311e-02	1.61118730e+00	8.56275923e-01	7.54911380e-01
4009            	5.06841227e-02	5.69697325e-02	1.61119617e+00	8.56282209e-01	7.54913964e-01
4010            	5.06894086e-02	5.69729404e-02	1.61121451e+00	8.56296663e-01	7.54917846e-01
4011            	5.06967422e-02	5.69777441e-02	1.61123874e+00	8.56316111e-01	7.54922626e-01
4012            	5.07049722e-02	5.69835079e-02	1.61126721e+00	8.56338577e-01	7.54928633e-01
4013            	5.07127870e-02	5.69888530e-02	1.61129610e+00	8.56360839e-01	7.54935265e-01
4014            	5.07194241e-02	5.69933924e-02	1.61132429e+00	8.56381570e-01	7.54942722e-01
4015            	5.07241398e-02	5.69960928e-02	1.61134889e+00	8.56398585e-01	7.54950306e-01
4016            	5.07267985e-02	5.69970611e-02	1.61136999e+00	8.56411792e-01	7.54958195e-01
4017            	5.07273105e-02	5.69957544e-02	1.61138611e+00	8.56420366e-01	7.54965745e-01
4018            	5.07261127e-02	5.69927946e-02	1.61139869e+00	8.56425459e-01	7.54973234e-01
4019            	5.07239839e-02	5.69887345e-02	1.61140799e+00	8.56427979e-01	7.54980012e-01
4020            	5.07207757e-02	5.69829091e-02	1.61141455e+00	8.56428053e-01	7.54986501e-01
4021            	5.07161930e-02	5.69752707e-02	1.61141924e+00	8.56425813e-01	7.54993427e-01
4022            	5.07131195e-02	5.69689350e-02	1.61142496e+00	8.56425598e-01	7.54999359e-01
4023            	5.07098561e-02	5.69623502e-02	1.61143148e+00	8.56425598e-01	7.55005885e-01
4024            	5.07062953e-02	5.69550357e-02	1.61143795e+00	8.56425270e-01	7.55012679e-01
4025            	5.07021143e-02	5.69472926e-02	1.61144443e+00	8.56424327e-01	7.55020098e-01
4026            	5.06967596e-02	5.69386315e-02	1.61145006e+00	8.56421792e-01	7.55028273e-01
4027            	5.06904601e-02	5.69288533e-02	1.61145362e+00	8.56417271e-01	7.55036350e-01
4028            	5.06797859e-02	5.69151726e-02	1.61145142e+00	8.56405495e-01	7.55045924e-01
4029            	5.06712587e-02	5.69041629e-02	1.61145132e+00	8.56396920e-01	7.55054402e-01
4030            	5.06604270e-02	5.68908703e-02	1.61144677e+00	8.56383814e-01	7.55062960e-01
4031            	5.06454167e-02	5.68741510e-02	1.61143509e+00	8.56362961e-01	7.55072127e-01
4032            	5.06315888e-02	5.68588548e-02	1.61142425e+00	8.56343713e-01	7.55080536e-01
4033            	5.06135444e-02	5.68398689e-02	1.61140539e+00	8.56316240e-01	7.55089151e-01
4034            	5.05953122e-02	5.68208260e-02	1.61138468e+00	8.56287651e-01	7.55097026e-01
4035            	5.05768929e-02	5.68016761e-02	1.61136230e+00	8.56258043e-01	7.55104257e-01
4036            	5.05585011e-02	5.67825785e-02	1.61133885e+00	8.56227928e-01	7.55110926e-01
4037            	5.05404128e-02	5.67637668e-02	1.61131506e+00	8.56197943e-01	7.55117117e-01
4038            	5.05228675e-02	5.67454650e-02	1.61129157e+00	8.56168651e-01	7.55122916e-01
4039            	5.05061061e-02	5.67278992e-02	1.61126902e+00	8.56140614e-01	7.55128402e-01
4040            	5.04903110e-02	5.67112378e-02	1.61124791e+00	8.56114266e-01	7.55133644e-01
4041            	5.04756193e-02	5.66956069e-02	1.61122869e+00	8.56089963e-01	7.55138724e-01
4042            	5.04619445e-02	5.66809596e-02	1.61121134e+00	8.56067614e-01	7.55143725e-01
4043            	5.04490067e-02	5.66670991e-02	1.61119545e+00	8.56046734e-01	7.55148721e-01
4044            	5.04365716e-02	5.66538110e-02	1.61118062e+00	8.56026882e-01	7.55153739e-01
4045            	5.04244659e-02	5.66408932e-02	1.61116647e+00	8.56007700e-01	7.55158769e-01
4046            	5.04125881e-02	5.66281798e-02	1.61115271e+00	8.55988943e-01	7.55163767e-01
4047            	5.04009577e-02	5.66155973e-02	1.61113926e+00	8.55970585e-01	7.55168670e-01
4048            	5.03896893e-02	5.66031571e-02	1.61112618e+00	8.55952780e-01	7.55173402e-01
4049            	5.03789932e-02	5.65909729e-02	1.61111375e+00	8.55935870e-01	7.55177883e-01
4050            	5.03690892e-02	5.65792087e-02	1.61110227e+00	8.55920224e-01	7.55182046e-01
4051            	5.03602142e-02	5.65680846e-02	1.61109214e+00	8.55906286e-01	7.55185857e-01
4052            	5.03525708e-02	5.65578142e-02	1.61108376e+00	8.55894452e-01	7.55189311e-01
4053            	5.03463395e-02	5.65486007e-02	1.61107753e+00	8.55885103e-01	7.55192424e-01
4054            	5.03416676e-02	5.65406161e-02	1.61107380e+00	8.55878569e-01	7.55195234e-01
4055            	5.03386955e-02	5.65340165e-02	1.61107297e+00	8.55875178e-01	7.55197787e-01
4056            	5.03375514e-02	5.65289450e-02	1.61107539e+00	8.55875248e-01	7.55200145e-01
4057            	5.03383851e-02	5.65255411e-02	1.61108153e+00	8.55879148e-01	7.55202378e-01
4058            	5.03412988e-02	5.65239039e-02	1.61109171e+00	8.55887152e-01	7.55204554e-01
4059            	5.03462830e-02	5.65240457e-02	1.61110605e+00	8.55899308e-01	7.55206742e-01
4060            	5.03532557e-02	5.65259261e-02	1.61112452e+00	8.55915517e-01	7.55209006e-01
4061            	5.03620744e-02	5.65294348e-02	1.61114693e+00	8.55935540e-01	7.55211392e-01
4062            	5.03727541e-02	5.65344358e-02	1.61117301e+00	8.55959259e-01	7.55213751e-01
4063            	5.03846686e-02	5.65407379e-02	1.61120255e+00	8.55985944e-01	7.55216607e-01
4064            	5.03974266e-02	5.65475285e-02	1.61123356e+00	8.56014206e-01	7.55219353e-01
4065            	5.04114592e-02	5.65557289e-02	1.61126794e+00	8.56045432e-01	7.55222513e-01
4066            	5.04267694e-02	5.65652393e-02	1.61130473e+00	8.56079133e-01	7.55225594e-01
4067            	5.04433288e-02	5.65759846e-02	1.61134397e+00	8.56115313e-01	7.55228656e-01
4068            	5.04612431e-02	5.65875339e-02	1.61138568e+00	8.56154084e-01	7.55231598e-01
4069            	5.04804844e-02	5.66004285e-02	1.61143078e+00	8.56195874e-01	7.55234905e-01
4070            	5.05004420e-02	5.66140177e-02	1.61147730e+00	8.56239092e-01	7.55238208e-01
4071            	5.05208530e-02	5.66281089e-02	1.61152472e+00	8.56283215e-01	7.55241509e-01
4072            	5.05425123e-02	5.66427565e-02	1.61157447e+00	8.56329746e-01	7.55244722e-01
4073            	5.05652594e-02	5.66586743e-02	1.61162717e+00	8.56378846e-01	7.55248327e-01
4074            	5.05886590e-02	5.66753713e-02	1.61168128e+00	8.56429301e-01	7.55251983e-01
4075            	5.06125011e-02	5.66927121e-02	1.61173641e+00	8.56480705e-01	7.55255703e-01
4076            	5.06378608e-02	5.67108846e-02	1.61179469e+00	8.56535204e-01	7.55259482e-01
4077            	5.06633414e-02	5.67297295e-02	1.61185407e+00	8.56590377e-01	7.55263695e-01
4078            	5.06884739e-02	5.67485954e-02	1.61191307e+00	8.56645011e-01	7.55268063e-01
4079            	5.07135050e-02	5.67676631e-02	1.61197227e+00	8.56699642e-01	7.55272632e-01
4080            	5.07407638e-02	5.67880093e-02	1.61203665e+00	8.56759091e-01	7.55277563e-01
4081            	5.07677957e-02	5.68087528e-02	1.61210160e+00	8.56818597e-01	7.55283006e-01
4082            	5.07939515e-02	5.68290192e-02	1.61216522e+00	8.56876560e-01	7.55288657e-01
4083            	5.08213588e-02	5.68497418e-02	1.61223211e+00	8.56937414e-01	7.55294696e-01
4084            	5.08472503e-02	5.68699134e-02	1.61229662e+00	8.56995559e-01	7.55301058e-01
4085            	5.08711804e-02	5.68888776e-02	1.61235708e+00	8.57049718e-01	7.55307358e-01
4086            	5.08936721e-02	5.69069608e-02	1.61241451e+00	8.57100928e-01	7.55313584e-01
4087            	5.09176432e-02	5.69256391e-02	1.61247550e+00	8.57155395e-01	7.55320109e-01
4088            	5.09395801e-02	5.69434220e-02	1.61253256e+00	8.57205859e-01	7.55326699e-01
4089            	5.09596536e-02	5.69601112e-02	1.61258552e+00	8.57252412e-01	7.55333105e-01
4090            	5.09810543e-02	5.69775880e-02	1.61264174e+00	8.57301923e-01	7.55339815e-01
4091            	5.10004442e-02	5.69944160e-02	1.61269386e+00	8.57347376e-01	7.55346488e-01
4092            	5.10171924e-02	5.70097947e-02	1.61274002e+00	8.57387202e-01	7.55352818e-01
4093            	5.10349218e-02	5.70260395e-02	1.61278894e+00	8.57429390e-01	7.55359547e-01
4094            	5.10502403e-02	5.70413272e-02	1.61283299e+00	8.57466736e-01	7.55366255e-01
4095            	5.10651956e-02	5.70566469e-02	1.61287684e+00	8.57503616e-01	7.55373225e-01
4096            	5.10798319e-02	5.70725824e-02	1.61292127e+00	8.57540466e-01	7.55380802e-01
4097            	5.10902212e-02	5.70855311e-02	1.61295589e+00	8.57568164e-01	7.55387721e-01
4098            	5.11026113e-02	5.71010548e-02	1.61299736e+00	8.57601290e-01	7.55396068e-01
4099            	5.11065289e-02	5.71099530e-02	1.61301814e+00	8.57615597e-01	7.55402539e-01
4100            	5.11044497e-02	5.71138318e-02	1.61302448e+00	8.57616691e-01	7.55407791e-01
4101            	5.11023304e-02	5.71174661e-02	1.61303117e+00	8.57617917e-01	7.55413256e-01
4102            	5.11004984e-02	5.71213561e-02	1.61303919e+00	8.57620093e-01	7.55419096e-01
4103            	5.10971864e-02	5.71239754e-02	1.61304462e+00	8.57619494e-01	7.55425121e-01
4104            	5.10919968e-02	5.71247606e-02	1.61304590e+00	8.57614947e-01	7.55430953e-01
4105            	5.10835821e-02	5.71226521e-02	1.61304018e+00	8.57603671e-01	7.55436507e-01
4106            	5.10727345e-02	5.71181622e-02	1.61302882e+00	8.57587146e-01	7.55441677e-01
4107            	5.10592316e-02	5.71113232e-02	1.61301201e+00	8.57565237e-01	7.55446774e-01
4108            	5.10427434e-02	5.71016597e-02	1.61298823e+00	8.57536858e-01	7.55451372e-01
4109            	5.10235152e-02	5.70897307e-02	1.61295909e+00	8.57503059e-01	7.55456028e-01
4110            	5.10011699e-02	5.70750133e-02	1.61292272e+00	8.57462530e-01	7.55460190e-01
4111            	5.09759305e-02	5.70580013e-02	1.61288041e+00	8.57416136e-01	7.55464275e-01
4112            	5.09479191e-02	5.70385922e-02	1.61283136e+00	8.57363597e-01	7.55467759e-01
4113            	5.09177530e-02	5.70174264e-02	1.61277725e+00	8.57306377e-01	7.55470871e-01
4114            	5.08860975e-02	5.69947830e-02	1.61271851e+00	8.57245353e-01	7.55473158e-01
4115            	5.08541998e-02	5.69717086e-02	1.61265817e+00	8.57183284e-01	7.55474885e-01
4116            	5.08231936e-02	5.69488291e-02	1.61259784e+00	8.57122114e-01	7.55475727e-01
4117            	5.07945000e-02	5.69273789e-02	1.61254124e+00	8.57065119e-01	7.55476119e-01
4118            	5.07693187e-02	5.69080835e-02	1.61249043e+00	8.57014532e-01	7.55475895e-01
4119            	5.07486701e-02	5.68919613e-02	1.61244863e+00	8.56972984e-01	7.55475644e-01
4120            	5.07332172e-02	5.68793950e-02	1.61241705e+00	8.56941743e-01	7.55475308e-01
4121            	5.07232395e-02	5.68709222e-02	1.61239756e+00	8.56922018e-01	7.55475539e-01
4122            	5.07184413e-02	5.68662187e-02	1.61238938e+00	8.56913132e-01	7.55476249e-01
4123            	5.07182626e-02	5.68652035e-02	1.61239257e+00	8.56914548e-01	7.55478023e-01
4124            	5.07216539e-02	5.68669066e-02	1.61240457e+00	8.56923937e-01	7.55480629e-01
4125            	5.07275820e-02	5.68708328e-02	1.61242417e+00	8.56939666e-01	7.55484502e-01
4126            	5.07346878e-02	5.68756639e-02	1.61244779e+00	8.56958582e-01	7.55489206e-01
4127            	5.07419455e-02	5.68808412e-02	1.61247390e+00	8.56978897e-01	7.55495006e-01
4128            	5.07482527e-02	5.68851222e-02	1.61249908e+00	8.56997793e-01	7.55501287e-01
4129            	5.07530719e-02	5.68882883e-02	1.61252257e+00	8.57014358e-01	7.55508215e-01
4130            	5.07558836e-02	5.68894783e-02	1.61254201e+00	8.57026888e-01	7.55515121e-01
4131            	5.07567188e-02	5.68889338e-02	1.61255781e+00	8.57035624e-01	7.55522186e-01
4132            	5.07560040e-02	5.68868334e-02	1.61256937e+00	8.57040688e-01	7.55528680e-01
4133            	5.07537312e-02	5.68826451e-02	1.61257726e+00	8.57042363e-01	7.55534901e-01
4134            	5.07496091e-02	5.68763104e-02	1.61258206e+00	8.57040638e-01	7.55541420e-01
4135            	5.07461570e-02	5.68703876e-02	1.61258602e+00	8.57039167e-01	7.55546853e-01
4136            	5.07421851e-02	5.68638605e-02	1.61258961e+00	8.57036989e-01	7.55552619e-01
4137            	5.07380692e-02	5.68566430e-02	1.61259286e+00	8.57034501e-01	7.55558363e-01
4138            	5.07337826e-02	5.68492401e-02	1.61259655e+00	8.57032056e-01	7.55564491e-01
4139            	5.07281467e-02	5.68401858e-02	1.61259876e+00	8.57027525e-01	7.55571232e-01
4140            	5.07238394e-02	5.68325381e-02	1.61260276e+00	8.57025218e-01	7.55577539e-01
4141            	5.07183259e-02	5.68240721e-02	1.61260596e+00	8.57021306e-01	7.55584655e-01
4142            	5.07081512e-02	5.68110463e-02	1.61260262e+00	8.57009460e-01	7.55593157e-01
4143            	5.07004429e-02	5.68009652e-02	1.61260235e+00	8.57001618e-01	7.55600732e-01
4144            	5.06923775e-02	5.67906059e-02	1.61260096e+00	8.56992855e-01	7.55608100e-01
4145            	5.06797636e-02	5.67760246e-02	1.61259205e+00	8.56975790e-01	7.55616263e-01
4146            	5.06656076e-02	5.67602153e-02	1.61257964e+00	8.56955426e-01	7.55624211e-01
4147            	5.06498750e-02	5.67431522e-02	1.61256348e+00	8.56931614e-01	7.55631864e-01
4148            	5.06327408e-02	5.67250025e-02	1.61254378e+00	8.56904631e-01	7.55639150e-01
4149            	5.06145820e-02	5.67061085e-02	1.61252117e+00	8.56875168e-01	7.55646004e-01
4150            	5.05959392e-02	5.66869469e-02	1.61249665e+00	8.56844264e-01	7.55652386e-01
4151            	5.05773429e-02	5.66679740e-02	1.61247126e+00	8.56812973e-01	7.55658287e-01
4152            	5.05592585e-02	5.66495728e-02	1.61244596e+00	8.56782239e-01	7.55663722e-01
4153            	5.05420646e-02	5.66320282e-02	1.61242159e+00	8.56752857e-01	7.55668728e-01
4154            	5.05260293e-02	5.66155248e-02	1.61239879e+00	8.56725423e-01	7.55673364e-01
4155            	5.05113269e-02	5.66001725e-02	1.61237808e+00	8.56700368e-01	7.55677714e-01
4156            	5.04979025e-02	5.65859288e-02	1.61235958e+00	8.56677694e-01	7.55681889e-01
4157            	5.04854403e-02	5.65725580e-02	1.61234288e+00	8.56656879e-01	7.55685999e-01
4158            	5.04736753e-02	5.65598382e-02	1.61232757e+00	8.56637461e-01	7.55690111e-01
4159            	5.04623661e-02	5.65475443e-02	1.61231323e+00	8.56618982e-01	7.55694250e-01
4160            	5.04513218e-02	5.65354785e-02	1.61229946e+00	8.56601050e-01	7.55698407e-01
4161            	5.04404641e-02	5.65235240e-02	1.61228601e+00	8.56583468e-01	7.55702540e-01
4162            	5.04298357e-02	5.65116610e-02	1.61227284e+00	8.56566256e-01	7.55706585e-01
4163            	5.04196049e-02	5.64999815e-02	1.61226014e+00	8.56549672e-01	7.55710463e-01
4164            	5.04099452e-02	5.64886139e-02	1.61224809e+00	8.56533989e-01	7.55714099e-01
4165            	5.04010804e-02	5.64777583e-02	1.61223705e+00	8.56519606e-01	7.55717445e-01
4166            	5.03932429e-02	5.64676355e-02	1.61222744e+00	8.56506961e-01	7.55720476e-01
4167            	5.03866543e-02	5.64584565e-02	1.61221967e+00	8.56496491e-01	7.55723182e-01
4168            	5.03815104e-02	5.64504078e-02	1.61221418e+00	8.56488602e-01	7.55725581e-01
4169            	5.03779973e-02	5.64436624e-02	1.61221139e+00	8.56483693e-01	7.55727698e-01
4170            	5.03762959e-02	5.64383893e-02	1.61221174e+00	8.56482168e-01	7.55729576e-01
4171            	5.03765686e-02	5.64347359e-02	1.61221569e+00	8.56484411e-01	7.55731274e-01
4172            	5.03789321e-02	5.64328123e-02	1.61222358e+00	8.56490724e-01	7.55732860e-01
4173            	5.03833697e-02	5.64326342e-02	1.61223555e+00	8.56501147e-01	7.55734407e-01
4174            	5.03897893e-02	5.64341626e-02	1.61225156e+00	8.56515569e-01	7.55735990e-01
4175            	5.03980405e-02	5.64372899e-02	1.61227141e+00	8.56533745e-01	7.55737664e-01
4176            	5.04081600e-02	5.64419129e-02	1.61229501e+00	8.56555667e-01	7.55739347e-01
4177            	5.04194956e-02	5.64478235e-02	1.61232201e+00	8.56580500e-01	7.55741508e-01
4178            	5.04316481e-02	5.64542250e-02	1.61235035e+00	8.56606822e-01	7.55743526e-01
4179            	5.04450352e-02	5.64620110e-02	1.61238196e+00	8.56636014e-01	7.55745944e-01
4180            	5.04597210e-02	5.64711261e-02	1.61241615e+00	8.56667794e-01	7.55748352e-01
4181            	5.04756766e-02	5.64814999e-02	1.61245295e+00	8.56702150e-01	7.55750797e-01
4182            	5.04929742e-02	5.64926989e-02	1.61249218e+00	8.56739066e-01	7.55753118e-01
4183            	5.05115920e-02	5.65052390e-02	1.61253481e+00	8.56778995e-01	7.55755811e-01
4184            	5.05309432e-02	5.65184864e-02	1.61257894e+00	8.56820412e-01	7.55758526e-01
4185            	5.05513432e-02	5.65322319e-02	1.61262490e+00	8.56863794e-01	7.55761107e-01
4186            	5.05727400e-02	5.65471711e-02	1.61267350e+00	8.56909492e-01	7.55764012e-01
4187            	5.05945477e-02	5.65626753e-02	1.61272292e+00	8.56956006e-01	7.55766910e-01
4188            	5.06169643e-02	5.65789098e-02	1.61277362e+00	8.57003772e-01	7.55769844e-01
4189            	5.06411153e-02	5.65961586e-02	1.61282773e+00	8.57054979e-01	7.55772749e-01
4190            	5.06657511e-02	5.66142986e-02	1.61288359e+00	8.57107545e-01	7.55776042e-01
4191            	5.06900214e-02	5.66324058e-02	1.61293893e+00	8.57159487e-01	7.55779444e-01
4192            	5.07140118e-02	5.66505389e-02	1.61299400e+00	8.57211012e-01	7.55782989e-01
4193            	5.07400285e-02	5.66698315e-02	1.61305358e+00	8.57266818e-01	7.55786761e-01
4194            	5.07663240e-02	5.66899101e-02	1.61311476e+00	8.57323704e-01	7.55791056e-01
4195            	5.07922888e-02	5.67099809e-02	1.61317578e+00	8.57380178e-01	7.55795600e-01
4196            	5.08197579e-02	5.67307838e-02	1.61324051e+00	8.57440013e-01	7.55800497e-01
4197            	5.08460734e-02	5.67513093e-02	1.61330375e+00	8.57497948e-01	7.55805801e-01
4198            	5.08705006e-02	5.67706962e-02	1.61336330e+00	8.57552153e-01	7.55811152e-01
4199            	5.08935782e-02	5.67892758e-02	1.61342022e+00	8.57603689e-01	7.55816533e-01
4200            	5.09182411e-02	5.68085611e-02	1.61348091e+00	8.57658694e-01	7.55822212e-01
4201            	5.09412110e-02	5.68271235e-02	1.61353853e+00	8.57710475e-01	7.55828053e-01
4202            	5.09624141e-02	5.68445853e-02	1.61359238e+00	8.57758605e-01	7.55833777e-01
4203            	5.09848361e-02	5.68626581e-02	1.61364920e+00	8.57809438e-01	7.55839765e-01
4204            	5.10053058e-02	5.68800078e-02	1.61370216e+00	8.57856388e-01	7.55845777e-01
4205            	5.10232502e-02	5.68959311e-02	1.61374946e+00	8.57897979e-01	7.55851479e-01
4206            	5.10422392e-02	5.69126578e-02	1.61379945e+00	8.57941964e-01	7.55857485e-01
4207            	5.10590147e-02	5.69285276e-02	1.61384500e+00	8.57981513e-01	7.55863483e-01
4208            	5.10755030e-02	5.69444393e-02	1.61389038e+00	8.58020694e-01	7.55869688e-01
4209            	5.10919485e-02	5.69611561e-02	1.61393698e+00	8.58060438e-01	7.55876541e-01
4210            	5.11040448e-02	5.69749014e-02	1.61397356e+00	8.58090827e-01	7.55882738e-01
4211            	5.11181351e-02	5.69911865e-02	1.61401685e+00	8.58126562e-01	7.55890292e-01
4212            	5.11239141e-02	5.70012396e-02	1.61404014e+00	8.58143983e-01	7.55896155e-01
4213            	5.11238177e-02	5.70065638e-02	1.61404943e+00	8.58148531e-01	7.55900896e-01
4214            	5.11237518e-02	5.70118071e-02	1.61405920e+00	8.58153352e-01	7.55905849e-01
4215            	5.11241810e-02	5.70175861e-02	1.61407072e+00	8.58159540e-01	7.55911178e-01
4216            	5.11233702e-02	5.70224112e-02	1.61408015e+00	8.58163444e-01	7.55916703e-01
4217            	5.11208562e-02	5.70256681e-02	1.61408583e+00	8.58163770e-01	7.55922057e-01
4218            	5.11151566e-02	5.70261507e-02	1.61408465e+00	8.58157479e-01	7.55927166e-01
4219            	5.11057914e-02	5.70232594e-02	1.61407470e+00	8.58143141e-01	7.55931558e-01
4220            	5.10941350e-02	5.70179328e-02	1.61405944e+00	8.58123856e-01	7.55935586e-01
4221            	5.10824178e-02	5.70128187e-02	1.61404572e+00	8.58105278e-01	7.55940442e-01
4222            	5.10669836e-02	5.70042546e-02	1.61402343e+00	8.58078696e-01	7.55944729e-01
4223            	5.10491956e-02	5.69937305e-02	1.61399651e+00	8.58047450e-01	7.55949059e-01
4224            	5.10282053e-02	5.69805005e-02	1.61396265e+00	8.58009528e-01	7.55953118e-01
4225            	5.10041189e-02	5.69646213e-02	1.61392162e+00	8.57964928e-01	7.55956690e-01
4226            	5.09771847e-02	5.69464325e-02	1.61387426e+00	8.57914316e-01	7.55959946e-01
4227            	5.09478865e-02	5.69260619e-02	1.61382058e+00	8.57858177e-01	7.55962404e-01
4228            	5.09170130e-02	5.69042434e-02	1.61376267e+00	8.57798350e-01	7.55964324e-01
4229            	5.08857136e-02	5.68815974e-02	1.61370207e+00	8.57736750e-01	7.55965322e-01
4230            	5.08552322e-02	5.68592201e-02	1.61364202e+00	8.57676240e-01	7.55965776e-01
4231            	5.08268496e-02	5.68379108e-02	1.61358465e+00	8.57619174e-01	7.55965474e-01
4232            	5.08018552e-02	5.68188754e-02	1.61353357e+00	8.57568642e-01	7.55964931e-01
4233            	5.07811479e-02	5.68026689e-02	1.61349041e+00	8.57526353e-01	7.55964058e-01
4234            	5.07654611e-02	5.67901480e-02	1.61345785e+00	8.57494384e-01	7.55963461e-01
4235            	5.07549958e-02	5.67813610e-02	1.61343616e+00	8.57473077e-01	7.55963085e-01
4236            	5.07496095e-02	5.67765340e-02	1.61342627e+00	8.57462742e-01	7.55963523e-01
4237            	5.07486491e-02	5.67750286e-02	1.61342654e+00	8.57461921e-01	7.55964622e-01
4238            	5.07512956e-02	5.67765212e-02	1.61343633e+00	8.57469462e-01	7.55966871e-01
4239            	5.07563497e-02	5.67798650e-02	1.61345260e+00	8.57482652e-01	7.55969953e-01
4240            	5.07627492e-02	5.67844932e-02	1.61347390e+00	8.57499702e-01	7.55974203e-01
4241            	5.07692445e-02	5.67891094e-02	1.61349672e+00	8.57517606e-01	7.55979117e-01
4242            	5.07750253e-02	5.67932903e-02	1.61351983e+00	8.57534938e-01	7.55984888e-01
4243            	5.07793069e-02	5.67960128e-02	1.61354040e+00	8.57549507e-01	7.55990893e-01
4244            	5.07818055e-02	5.67972582e-02	1.61355817e+00	8.57560893e-01	7.55997282e-01
4245            	5.07824895e-02	5.67968065e-02	1.61357159e+00	8.57568285e-01	7.56003307e-01
4246            	5.07813891e-02	5.67941928e-02	1.61358110e+00	8.57571939e-01	7.56009161e-01
4247            	5.07782774e-02	5.67894080e-02	1.61358717e+00	8.57571865e-01	7.56015310e-01
4248            	5.07746647e-02	5.67841116e-02	1.61359110e+00	8.57570213e-01	7.56020884e-01
4249            	5.07704785e-02	5.67780180e-02	1.61359327e+00	8.57567116e-01	7.56026159e-01
4250            	5.07659936e-02	5.67710532e-02	1.61359405e+00	8.57563019e-01	7.56031031e-01
4251            	5.07588656e-02	5.67611327e-02	1.61359157e+00	8.57554650e-01	7.56036918e-01
4252            	5.07532036e-02	5.67523520e-02	1.61359096e+00	8.57548686e-01	7.56042279e-01
4253            	5.07495998e-02	5.67457340e-02	1.61359393e+00	8.57546565e-01	7.56047366e-01
4254            	5.07465161e-02	5.67399442e-02	1.61359815e+00	8.57545589e-01	7.56052556e-01
4255            	5.07433344e-02	5.67339899e-02	1.61360264e+00	8.57544657e-01	7.56057988e-01
4256            	5.07379348e-02	5.67255131e-02	1.61360413e+00	8.57540001e-01	7.56064131e-01
4257            	5.07299575e-02	5.67150484e-02	1.61360268e+00	8.57531299e-01	7.56071384e-01
4258            	5.07191401e-02	5.67017109e-02	1.61359645e+00	8.57517363e-01	7.56079083e-01
4259            	5.07038696e-02	5.66847404e-02	1.61358296e+00	8.57495350e-01	7.56087611e-01
4260            	5.06900314e-02	5.66696070e-02	1.61357080e+00	8.57475430e-01	7.56095367e-01
4261            	5.06743717e-02	5.66527626e-02	1.61355397e+00	8.57451356e-01	7.56102612e-01
4262            	5.06579803e-02	5.66357034e-02	1.61353489e+00	8.57425427e-01	7.56109466e-01
4263            	5.06400812e-02	5.66174516e-02	1.61351175e+00	8.57395957e-01	7.56115795e-01
4264            	5.06218478e-02	5.65991715e-02	1.61348697e+00	8.57365335e-01	7.56121639e-01
4265            	5.06074043e-02	5.65841713e-02	1.61346803e+00	8.57341419e-01	7.56126610e-01
4266            	5.05897949e-02	5.65665332e-02	1.61344240e+00	8.57310993e-01	7.56131403e-01
4267            	5.05722114e-02	5.65485877e-02	1.61341552e+00	8.57279971e-01	7.56135549e-01
4268            	5.05559864e-02	5.65318654e-02	1.61339082e+00	8.57251399e-01	7.56139426e-01
4269            	5.05422602e-02	5.65170339e-02	1.61337022e+00	8.57227371e-01	7.56142850e-01
4270            	5.05274114e-02	5.65013721e-02	1.61334707e+00	8.57200945e-01	7.56146122e-01
4271            	5.05145069e-02	5.64874181e-02	1.61332762e+00	8.57178315e-01	7.56149301e-01
4272            	5.05029470e-02	5.64747386e-02	1.61331095e+00	8.57158420e-01	7.56152526e-01
4273            	5.04922349e-02	5.64629392e-02	1.61329624e+00	8.57140353e-01	7.56155883e-01
4274            	5.04819947e-02	5.64516799e-02	1.61328278e+00	8.57123387e-01	7.56159397e-01
4275            	5.04720178e-02	5.64407188e-02	1.61327011e+00	8.57107073e-01	7.56163038e-01
4276            	5.04622619e-02	5.64299316e-02	1.61325797e+00	8.57091248e-01	7.56166724e-01
4277            	5.04528383e-02	5.64193201e-02	1.61324636e+00	8.57076017e-01	7.56170340e-01
4278            	5.04438801e-02	5.64089394e-02	1.61323528e+00	8.57061521e-01	7.56173760e-01
4279            	5.04355868e-02	5.63989348e-02	1.61322494e+00	8.57048058e-01	7.56176885e-01
4280            	5.04281733e-02	5.63894877e-02	1.61321563e+00	8.57035986e-01	7.56179640e-01
4281            	5.04218551e-02	5.63807862e-02	1.61320768e+00	8.57025697e-01	7.56181986e-01
4282            	5.04168263e-02	5.63730101e-02	1.61320150e+00	8.57017578e-01	7.56183925e-01
4283            	5.04132810e-02	5.63663493e-02	1.61319753e+00	8.57012046e-01	7.56185484e-01
4284            	5.04114223e-02	5.63610028e-02	1.61319629e+00	8.57009570e-01	7.56186725e-01
4285            	5.04114322e-02	5.63571572e-02	1.61319833e+00	8.57010598e-01	7.56187734e-01
4286            	5.04134470e-02	5.63549603e-02	1.61320411e+00	8.57015502e-01	7.56188608e-01
4287            	5.04174623e-02	5.63544635e-02	1.61321384e+00	8.57024380e-01	7.56189456e-01
4288            	5.04234266e-02	5.63556701e-02	1.61322759e+00	8.57037224e-01	7.56190371e-01
4289            	5.04312143e-02	5.63584996e-02	1.61324527e+00	8.57053850e-01	7.56191422e-01
4290            	5.04406276e-02	5.63627985e-02	1.61326656e+00	8.57073906e-01	7.56192650e-01
4291            	5.04517818e-02	5.63689591e-02	1.61329225e+00	8.57097907e-01	7.56194344e-01
4292            	5.04639555e-02	5.63758411e-02	1.61331990e+00	8.57123904e-01	7.56195993e-01
4293            	5.04772100e-02	5.63837570e-02	1.61335024e+00	8.57152330e-01	7.56197910e-01
4294            	5.04918073e-02	5.63924788e-02	1.61338322e+00	8.57183418e-01	7.56199803e-01
4295            	5.05077431e-02	5.64025195e-02	1.61341902e+00	8.57217255e-01	7.56201768e-01
4296            	5.05248171e-02	5.64136478e-02	1.61345711e+00	8.57253372e-01	7.56203738e-01
4297            	5.05431595e-02	5.64259604e-02	1.61349809e+00	8.57292206e-01	7.56205887e-01
4298            	5.05624347e-02	5.64389516e-02	1.61354068e+00	8.57332775e-01	7.56207906e-01
4299            	5.05821459e-02	5.64525990e-02	1.61358412e+00	8.57374204e-01	7.56209912e-01
4300            	5.06031006e-02	5.64674776e-02	1.61363044e+00	8.57418318e-01	7.56212117e-01
4301            	5.06250054e-02	5.64830791e-02	1.61367846e+00	8.57464234e-01	7.56214223e-01
4302            	5.06474228e-02	5.64994311e-02	1.61372774e+00	8.57511294e-01	7.56216448e-01
4303            	5.06702019e-02	5.65163156e-02	1.61377805e+00	8.57559227e-01	7.56218823e-01
4304            	5.06944769e-02	5.65344678e-02	1.61383227e+00	8.57610613e-01	7.56221659e-01
4305            	5.07187952e-02	5.65525939e-02	1.61388660e+00	8.57662097e-01	7.56224506e-01
4306            	5.07429512e-02	5.65708295e-02	1.61394107e+00	8.57713488e-01	7.56227585e-01
4307            	5.07691465e-02	5.65907288e-02	1.61400090e+00	8.57769596e-01	7.56231303e-01
4308            	5.07955138e-02	5.66107677e-02	1.61406122e+00	8.57826122e-01	7.56235094e-01
4309            	5.08209420e-02	5.66304389e-02	1.61412000e+00	8.57880940e-01	7.56239056e-01
4310            	5.08454866e-02	5.66496665e-02	1.61417733e+00	8.57934153e-01	7.56243180e-01
4311            	5.08715643e-02	5.66700954e-02	1.61423910e+00	8.57991117e-01	7.56247988e-01
4312            	5.08961956e-02	5.66894317e-02	1.61429762e+00	8.58045007e-01	7.56252616e-01
4313            	5.09195811e-02	5.67080905e-02	1.61435374e+00	8.58096449e-01	7.56257287e-01
4314            	5.09445940e-02	5.67280773e-02	1.61441445e+00	8.58151818e-01	7.56262630e-01
4315            	5.09677977e-02	5.67466951e-02	1.61447090e+00	8.58203249e-01	7.56267654e-01
4316            	5.09886064e-02	5.67638914e-02	1.61452225e+00	8.58249732e-01	7.56272520e-01
4317            	5.10105808e-02	5.67822365e-02	1.61457732e+00	8.58299243e-01	7.56278082e-01
4318            	5.10305491e-02	5.67991811e-02	1.61462757e+00	8.58344336e-01	7.56283238e-01
4319            	5.10506468e-02	5.68167831e-02	1.61467916e+00	8.58390229e-01	7.56288935e-01
4320            	5.10718354e-02	5.68354671e-02	1.61473374e+00	8.58438706e-01	7.56295035e-01
4321            	5.10885077e-02	5.68515221e-02	1.61477848e+00	8.58477750e-01	7.56300735e-01
4322            	5.11035793e-02	5.68670743e-02	1.61482034e+00	8.58513748e-01	7.56306589e-01
4323            	5.11118883e-02	5.68778893e-02	1.61484652e+00	8.58535147e-01	7.56311371e-01
4324            	5.11202652e-02	5.68887843e-02	1.61487326e+00	8.58556894e-01	7.56316364e-01
4325            	5.11268337e-02	5.68986362e-02	1.61489604e+00	8.58574855e-01	7.56321187e-01
4326            	5.11332354e-02	5.69084045e-02	1.61491892e+00	8.58592696e-01	7.56326225e-01
4327            	5.11432634e-02	5.69216993e-02	1.61495156e+00	8.58619041e-01	7.56332514e-01
4328            	5.11472129e-02	5.69302303e-02	1.61497030e+00	8.58632365e-01	7.56337939e-01
4329            	5.11472522e-02	5.69356801e-02	1.61497986e+00	8.58637182e-01	7.56342678e-01
4330            	5.11440697e-02	5.69381827e-02	1.61498176e+00	8.58634950e-01	7.56346811e-01
4331            	5.11426644e-02	5.69427519e-02	1.61498971e+00	8.58637519e-01	7.56352190e-01
4332            	5.11370786e-02	5.69435389e-02	1.61498799e+00	8.58631072e-01	7.56356915e-01
4333            	5.11273634e-02	5.69403186e-02	1.61497636e+00	8.58615546e-01	7.56360819e-01
4334            	5.11154834e-02	5.69352208e-02	1.61496066e+00	8.58595813e-01	7.56364846e-01
4335            	5.11009851e-02	5.69276364e-02	1.61493901e+00	8.58570493e-01	7.56368522e-01
4336            	5.10841763e-02	5.69181114e-02	1.61491283e+00	8.58540590e-01	7.56372237e-01
4337            	5.10649994e-02	5.69064858e-02	1.61488129e+00	8.58505647e-01	7.56375648e-01
4338            	5.10434359e-02	5.68928964e-02	1.61484470e+00	8.58465785e-01	7.56378913e-01
4339            	5.10194179e-02	5.68771491e-02	1.61480221e+00	8.58420522e-01	7.56381686e-01
4340            	5.09932238e-02	5.68595537e-02	1.61475467e+00	8.58370559e-01	7.56384112e-01
4341            	5.09650638e-02	5.68400761e-02	1.61470179e+00	8.58315958e-01	7.56385831e-01
4342            	5.09357821e-02	5.68194596e-02	1.61464571e+00	8.58258639e-01	7.56387075e-01
4343            	5.09061411e-02	5.67980829e-02	1.61458738e+00	8.58199831e-01	7.56387549e-01
4344            	5.08774302e-02	5.67770800e-02	1.61453009e+00	8.58142473e-01	7.56387613e-01
4345            	5.08506678e-02	5.67570879e-02	1.61447549e+00	8.58088415e-01	7.56387079e-01
4346            	5.08271255e-02	5.67392989e-02	1.61442709e+00	8.58040671e-01	7.56386420e-01
4347            	5.08075511e-02	5.67241672e-02	1.61438615e+00	8.58000626e-01	7.56385524e-01
4348            	5.07927000e-02	5.67125473e-02	1.61435527e+00	8.57970335e-01	7.56384935e-01
4349            	5.07826736e-02	5.67043958e-02	1.61433446e+00	8.57949901e-01	7.56384554e-01
4350            	5.07773860e-02	5.66999487e-02	1.61432459e+00	8.57939683e-01	7.56384911e-01
4351            	5.07761828e-02	5.66985333e-02	1.61432402e+00	8.57938192e-01	7.56385826e-01
4352            	5.07782875e-02	5.66998368e-02	1.61433207e+00	8.57944324e-01	7.56387749e-01
4353            	5.07825858e-02	5.67027584e-02	1.61434593e+00	8.57955551e-01	7.56390379e-01
4354            	5.07880733e-02	5.67067696e-02	1.61436422e+00	8.57970184e-01	7.56394037e-01
4355            	5.07936088e-02	5.67106644e-02	1.61438376e+00	8.57985487e-01	7.56398270e-01
4356            	5.07984524e-02	5.67140875e-02	1.61440346e+00	8.58000183e-01	7.56403278e-01
4357            	5.08019032e-02	5.67161082e-02	1.61442082e+00	8.58012312e-01	7.56408506e-01
4358            	5.08037186e-02	5.67167577e-02	1.61443566e+00	8.58021550e-01	7.56414113e-01
4359            	5.08039357e-02	5.67159011e-02	1.61444676e+00	8.58027315e-01	7.56419444e-01
4360            	5.08024978e-02	5.67130444e-02	1.61445431e+00	8.58029652e-01	7.56424656e-01
4361            	5.07991355e-02	5.67081458e-02	1.61445862e+00	8.58028444e-01	7.56430173e-01
4362            	5.07953656e-02	5.67028498e-02	1.61446116e+00	8.58025947e-01	7.56435215e-01
4363            	5.07910438e-02	5.66968187e-02	1.61446213e+00	8.58022111e-01	7.56440023e-01
4364            	5.07864058e-02	5.66899497e-02	1.61446177e+00	8.58017292e-01	7.56444480e-01
4365            	5.07790747e-02	5.66801394e-02	1.61445786e+00	8.58008007e-01	7.56449857e-01
4366            	5.07741746e-02	5.66726105e-02	1.61445758e+00	8.58002962e-01	7.56454613e-01
4367            	5.07707578e-02	5.66666391e-02	1.61445986e+00	8.58000686e-01	7.56459170e-01
4368            	5.07676853e-02	5.66608345e-02	1.61446318e+00	8.57999277e-01	7.56463906e-01
4369            	5.07629695e-02	5.66529574e-02	1.61446423e+00	8.57995082e-01	7.56469143e-01
4370            	5.07562683e-02	5.66436246e-02	1.61446315e+00	8.57987842e-01	7.56475305e-01
4371            	5.07486686e-02	5.66335676e-02	1.61446088e+00	8.57979108e-01	7.56481770e-01
4372            	5.07382552e-02	5.66207122e-02	1.61445353e+00	8.57965021e-01	7.56488511e-01
4373            	5.07223058e-02	5.66032526e-02	1.61443671e+00	8.57940663e-01	7.56496051e-01
4374            	5.07084151e-02	5.65880798e-02	1.61442223e+00	8.57919531e-01	7.56502701e-01
4375            	5.06929712e-02	5.65721159e-02	1.61440453e+00	8.57895235e-01	7.56509293e-01
4376            	5.06725120e-02	5.65519192e-02	1.61437668e+00	8.57860852e-01	7.56515828e-01
4377            	5.06520889e-02	5.65316851e-02	1.61434696e+00	8.57825571e-01	7.56521393e-01
4378            	5.06336167e-02	5.65132326e-02	1.61431972e+00	8.57793478e-01	7.56526244e-01
4379            	5.06201339e-02	5.64990590e-02	1.61430075e+00	8.57770511e-01	7.56530243e-01
4380            	5.06076126e-02	5.64856603e-02	1.61428304e+00	8.57749135e-01	7.56533909e-01
4381            	5.05948316e-02	5.64720428e-02	1.61426423e+00	8.57726946e-01	7.56537282e-01
4382            	5.05843268e-02	5.64602372e-02	1.61424974e+00	8.57709198e-01	7.56540545e-01
4383            	5.05732462e-02	5.64476673e-02	1.61423356e+00	8.57690026e-01	7.56543534e-01
4384            	5.05569583e-02	5.64314316e-02	1.61420732e+00	8.57660619e-01	7.56546702e-01
4385            	5.05422479e-02	5.64165265e-02	1.61418415e+00	8.57634320e-01	7.56549825e-01
4386            	5.05293379e-02	5.64030403e-02	1.61416455e+00	8.57611611e-01	7.56552935e-01
4387            	5.05179215e-02	5.63906775e-02	1.61414795e+00	8.57591894e-01	7.56556051e-01
4388            	5.05075753e-02	5.63791069e-02	1.61413356e+00	8.57574355e-01	7.56559205e-01
4389            	5.04979849e-02	5.63681036e-02	1.61412074e+00	8.57558357e-01	7.56562387e-01
4390            	5.04889916e-02	5.63575766e-02	1.61410908e+00	8.57543533e-01	7.56565550e-01
4391            	5.04805235e-02	5.63475073e-02	1.61409826e+00	8.57529652e-01	7.56568605e-01
4392            	5.04725479e-02	5.63379055e-02	1.61408799e+00	8.57516543e-01	7.56571448e-01
4393            	5.04651474e-02	5.63288471e-02	1.61407828e+00	8.57504289e-01	7.56573995e-01
4394            	5.04584616e-02	5.63204174e-02	1.61406929e+00	8.57493106e-01	7.56576183e-01
4395            	5.04526808e-02	5.63127113e-02	1.61406132e+00	8.57483341e-01	7.56577980e-01
4396            	5.04480095e-02	5.63058262e-02	1.61405480e+00	8.57475409e-01	7.56579390e-01
4397            	5.04446758e-02	5.62998935e-02	1.61405025e+00	8.57469800e-01	7.56580448e-01
4398            	5.04429232e-02	5.62950761e-02	1.61404828e+00	8.57467065e-01	7.56581219e-01
4399            	5.04429603e-02	5.62915472e-02	1.61404951e+00	8.57467713e-01	7.56581792e-01
4400            	5.04449208e-02	5.62894487e-02	1.61405437e+00	8.57472106e-01	7.56582264e-01
4401            	5.04494077e-02	5.62891714e-02	1.61406421e+00	8.57481515e-01	7.56582699e-01
4402            	5.04548308e-02	5.62895461e-02	1.61407599e+00	8.57492826e-01	7.56583164e-01
4403            	5.04605953e-02	5.62903598e-02	1.61408802e+00	8.57504604e-01	7.56583413e-01
4404            	5.04698362e-02	5.62946057e-02	1.61410821e+00	8.57523939e-01	7.56584267e-01
4405            	5.04809124e-02	5.63006465e-02	1.61413263e+00	8.57547229e-01	7.56585404e-01
4406            	5.04937210e-02	5.63083386e-02	1.61416084e+00	8.57574140e-01	7.56586698e-01
4407            	5.05078023e-02	5.63172181e-02	1.61419194e+00	8.57603774e-01	7.56588169e-01
4408            	5.05230073e-02	5.63266827e-02	1.61422508e+00	8.57635548e-01	7.56589533e-01
4409            	5.05394822e-02	5.63373876e-02	1.61426161e+00	8.57670288e-01	7.56591323e-01
4410            	5.05568438e-02	5.63489346e-02	1.61430010e+00	8.57706894e-01	7.56593206e-01
4411            	5.05751560e-02	5.63610008e-02	1.61434006e+00	8.57745187e-01	7.56594875e-01
4412            	5.05944299e-02	5.63743418e-02	1.61438256e+00	8.57785710e-01	7.56596850e-01
4413            	5.06140210e-02	5.63882484e-02	1.61442553e+00	8.57826788e-01	7.56598746e-01
4414            	5.06340031e-02	5.64027643e-02	1.61446910e+00	8.57868551e-01	7.56600544e-01
4415            	5.06554790e-02	5.64181968e-02	1.61451507e+00	8.57913015e-01	7.56602057e-01
4416            	5.06780607e-02	5.64349796e-02	1.61456389e+00	8.57960004e-01	7.56603882e-01
4417            	5.07008661e-02	5.64521153e-02	1.61461326e+00	8.58007496e-01	7.56605764e-01
4418            	5.07235052e-02	5.64692694e-02	1.61466247e+00	8.58054738e-01	7.56607728e-01
4419            	5.07475781e-02	5.64870658e-02	1.61471455e+00	8.58104853e-01	7.56609697e-01
4420            	5.07721209e-02	5.65056477e-02	1.61476865e+00	8.58156444e-01	7.56612202e-01
4421            	5.07967799e-02	5.65245018e-02	1.61482359e+00	8.58208574e-01	7.56615014e-01
4422            	5.08234190e-02	5.65444941e-02	1.61488309e+00	8.58264962e-01	7.56618124e-01
4423            	5.08497672e-02	5.65648631e-02	1.61494312e+00	8.58321329e-01	7.56621795e-01
4424            	5.08746479e-02	5.65844223e-02	1.61500064e+00	8.58374969e-01	7.56625674e-01
4425            	5.08982607e-02	5.66032753e-02	1.61505596e+00	8.58426239e-01	7.56629718e-01
4426            	5.09233470e-02	5.66228437e-02	1.61511478e+00	8.58480735e-01	7.56634041e-01
4427            	5.09472245e-02	5.66420858e-02	1.61517178e+00	8.58533115e-01	7.56638666e-01
4428            	5.09696804e-02	5.66605034e-02	1.61522590e+00	8.58582633e-01	7.56643272e-01
4429            	5.09933333e-02	5.66795101e-02	1.61528280e+00	8.58634734e-01	7.56648068e-01
4430            	5.10152028e-02	5.66978425e-02	1.61533636e+00	8.58683381e-01	7.56652975e-01
4431            	5.10345176e-02	5.67146142e-02	1.61538429e+00	8.58726661e-01	7.56657625e-01
4432            	5.10548141e-02	5.67320066e-02	1.61543452e+00	8.58772073e-01	7.56662445e-01
4433            	5.10732313e-02	5.67486816e-02	1.61548103e+00	8.58813748e-01	7.56667285e-01
4434            	5.10885564e-02	5.67634001e-02	1.61552065e+00	8.58848884e-01	7.56671771e-01
4435            	5.11046315e-02	5.67787366e-02	1.61556234e+00	8.58885801e-01	7.56676538e-01
4436            	5.11184854e-02	5.67930534e-02	1.61559963e+00	8.58918302e-01	7.56681331e-01
4437            	5.11318899e-02	5.68072346e-02	1.61563644e+00	8.58950108e-01	7.56686328e-01
4438            	5.11455617e-02	5.68223832e-02	1.61567509e+00	8.58983108e-01	7.56691984e-01
4439            	5.11545339e-02	5.68341030e-02	1.61570307e+00	8.59006070e-01	7.56697002e-01
4440            	5.11642279e-02	5.68472846e-02	1.61573447e+00	8.59031465e-01	7.56703009e-01
4441            	5.11666576e-02	5.68547741e-02	1.61574860e+00	8.59040958e-01	7.56707643e-01
4442            	5.11660640e-02	5.68597004e-02	1.61575579e+00	8.59043957e-01	7.56711829e-01
4443            	5.11669197e-02	5.68663114e-02	1.61576747e+00	8.59050656e-01	7.56716817e-01
4444            	5.11608234e-02	5.68664133e-02	1.61576204e+00	8.59041844e-01	7.56720197e-01
4445            	5.11532777e-02	5.68656064e-02	1.61575413e+00	8.59030342e-01	7.56723786e-01
4446            	5.11463250e-02	5.68654900e-02	1.61574861e+00	8.59020629e-01	7.56727979e-01
4447            	5.11360700e-02	5.68619605e-02	1.61573469e+00	8.59003416e-01	7.56731277e-01
4448            	5.11248975e-02	5.68576656e-02	1.61571959e+00	8.58984691e-01	7.56734896e-01
4449            	5.11108428e-02	5.68503894e-02	1.61569748e+00	8.58959585e-01	7.56737899e-01
4450            	5.10947905e-02	5.68413567e-02	1.61567157e+00	8.58930578e-01	7.56740997e-01
4451            	5.10762117e-02	5.68299542e-02	1.61563988e+00	8.58896153e-01	7.56743730e-01
4452            	5.10551718e-02	5.68165127e-02	1.61560314e+00	8.58856740e-01	7.56746397e-01
4453            	5.10315715e-02	5.68008602e-02	1.61556042e+00	8.58811784e-01	7.56748641e-01
4454            	5.10057491e-02	5.67834117e-02	1.61551276e+00	8.58762131e-01	7.56750633e-01
4455            	5.09780217e-02	5.67642374e-02	1.61546004e+00	8.58708043e-01	7.56751999e-01
4456            	5.09492161e-02	5.67440856e-02	1.61540436e+00	8.58651397e-01	7.56752965e-01
4457            	5.09203466e-02	5.67234772e-02	1.61534707e+00	8.58593883e-01	7.56753189e-01
4458            	5.08924671e-02	5.67033605e-02	1.61529096e+00	8.58537949e-01	7.56753015e-01
4459            	5.08668509e-02	5.66844920e-02	1.61523816e+00	8.58485928e-01	7.56752227e-01
4460            	5.08444773e-02	5.66678152e-02	1.61519151e+00	8.58440232e-01	7.56751278e-01
4461            	5.08261998e-02	5.66538267e-02	1.61515253e+00	8.58402464e-01	7.56750064e-01
4462            	5.08125438e-02	5.66431999e-02	1.61512334e+00	8.58374215e-01	7.56749127e-01
4463            	5.08035942e-02	5.66358826e-02	1.61510397e+00	8.58355581e-01	7.56748392e-01
4464            	5.07991348e-02	5.66320258e-02	1.61509505e+00	8.58346660e-01	7.56748390e-01
4465            	5.07984726e-02	5.66309544e-02	1.61509488e+00	8.58345913e-01	7.56748967e-01
4466            	5.08008044e-02	5.66323619e-02	1.61510276e+00	8.58352182e-01	7.56750573e-01
4467            	5.08050177e-02	5.66351744e-02	1.61511586e+00	8.58362950e-01	7.56752914e-01
4468            	5.08101590e-02	5.66389142e-02	1.61513291e+00	8.58376615e-01	7.56756297e-01
4469            	5.08151359e-02	5.66424208e-02	1.61515079e+00	8.58390530e-01	7.56760258e-01
4470            	5.08193142e-02	5.66454140e-02	1.61516858e+00	8.58403602e-01	7.56764974e-01
4471            	5.08220201e-02	5.66471658e-02	1.61518363e+00	8.58413834e-01	7.56769794e-01
4472            	5.08231491e-02	5.66471567e-02	1.61519581e+00	8.58421056e-01	7.56774758e-01
4473            	5.08224255e-02	5.66453479e-02	1.61520522e+00	8.58425038e-01	7.56780187e-01
4474            	5.08204871e-02	5.66424773e-02	1.61521143e+00	8.58426201e-01	7.56785227e-01
4475            	5.08173778e-02	5.66383335e-02	1.61521471e+00	8.58424731e-01	7.56789976e-01
4476            	5.08132561e-02	5.66327255e-02	1.61521501e+00	8.58420762e-01	7.56794250e-01
4477            	5.08061936e-02	5.66240800e-02	1.61521071e+00	8.58411547e-01	7.56799159e-01
4478            	5.08000289e-02	5.66159694e-02	1.61520691e+00	8.58403486e-01	7.56803428e-01
4479            	5.07957179e-02	5.66093788e-02	1.61520559e+00	8.58398513e-01	7.56807077e-01
4480            	5.07914376e-02	5.66026410e-02	1.61520480e+00	8.58393838e-01	7.56810962e-01
4481            	5.07879700e-02	5.65966270e-02	1.61520586e+00	8.58390902e-01	7.56814962e-01
4482            	5.07845934e-02	5.65905064e-02	1.61520774e+00	8.58388461e-01	7.56819274e-01
4483            	5.07784242e-02	5.65814487e-02	1.61520610e+00	8.58381474e-01	7.56824625e-01
4484            	5.07710197e-02	5.65713131e-02	1.61520287e+00	8.58372453e-01	7.56830414e-01
4485            	5.07620534e-02	5.65599278e-02	1.61519725e+00	8.58360676e-01	7.56836569e-01
4486            	5.07513727e-02	5.65472575e-02	1.61518869e+00	8.58345715e-01	7.56842970e-01
4487            	5.07389104e-02	5.65333042e-02	1.61517670e+00	8.58327259e-01	7.56849439e-01
4488            	5.07247874e-02	5.65181922e-02	1.61516115e+00	8.58305360e-01	7.56855785e-01
4489            	5.07092726e-02	5.65021313e-02	1.61514222e+00	8.58280381e-01	7.56861836e-01
4490            	5.06927356e-02	5.64853927e-02	1.61512037e+00	8.58252920e-01	7.56867449e-01
4491            	5.06756333e-02	5.64683015e-02	1.61509632e+00	8.58223795e-01	7.56872528e-01
4492            	5.06584730e-02	5.64512209e-02	1.61507100e+00	8.58193975e-01	7.56877029e-01
4493            	5.06417084e-02	5.64344715e-02	1.61504533e+00	8.58164372e-01	7.56880955e-01
4494            	5.06257038e-02	5.64182973e-02	1.61502011e+00	8.58135758e-01	7.56884351e-01
4495            	5.06107036e-02	5.64028741e-02	1.61499601e+00	8.58108709e-01	7.56887302e-01
4496            	5.05968114e-02	5.63883055e-02	1.61497349e+00	8.58083555e-01	7.56889932e-01
4497            	5.05839782e-02	5.63746129e-02	1.61495273e+00	8.58060344e-01	7.56892387e-01
4498            	5.05720460e-02	5.63617275e-02	1.61493370e+00	8.58038896e-01	7.56894804e-01
4499            	5.05607861e-02	5.63494976e-02	1.61491612e+00	8.58018845e-01	7.56897273e-01
4500            	5.05499983e-02	5.63377702e-02	1.61489968e+00	8.57999838e-01	7.56899841e-01
4501            	5.05395302e-02	5.63264077e-02	1.61488408e+00	8.57981569e-01	7.56902509e-01
4502            	5.05293075e-02	5.63153081e-02	1.61486908e+00	8.57963847e-01	7.56905232e-01
4503            	5.05193538e-02	5.63044303e-02	1.61485458e+00	8.57946644e-01	7.56907937e-01
4504            	5.05097777e-02	5.62937997e-02	1.61484062e+00	8.57930090e-01	7.56910534e-01
4505            	5.05007031e-02	5.62834816e-02	1.61482728e+00	8.57914344e-01	7.56912938e-01
4506            	5.04922856e-02	5.62735928e-02	1.61481473e+00	8.57899649e-01	7.56915078e-01
4507            	5.04847271e-02	5.62643024e-02	1.61480328e+00	8.57886368e-01	7.56916913e-01
4508            	5.04782405e-02	5.62557823e-02	1.61479332e+00	8.57874898e-01	7.56918417e-01
4509            	5.04730208e-02	5.62481974e-02	1.61478523e+00	8.57865634e-01	7.56919593e-01
4510            	5.04692517e-02	5.62417131e-02	1.61477943e+00	8.57858968e-01	7.56920464e-01
4511            	5.04671178e-02	5.62364979e-02	1.61477638e+00	8.57855308e-01	7.56921072e-01
4512            	5.04667721e-02	5.62327044e-02	1.61477650e+00	8.57855021e-01	7.56921477e-01
4513            	5.04683160e-02	5.62304514e-02	1.61478013e+00	8.57858382e-01	7.56921750e-01
4514            	5.04717295e-02	5.62297733e-02	1.61478741e+00	8.57865434e-01	7.56921975e-01
4515            	5.04769375e-02	5.62306490e-02	1.61479832e+00	8.57876100e-01	7.56922225e-01
4516            	5.04838001e-02	5.62329839e-02	1.61481270e+00	8.57890151e-01	7.56922551e-01
4517            	5.04921248e-02	5.62366276e-02	1.61483022e+00	8.57907237e-01	7.56922987e-01
4518            	5.05017687e-02	5.62414595e-02	1.61485064e+00	8.57927089e-01	7.56923552e-01
4519            	5.05128114e-02	5.62474134e-02	1.61487401e+00	8.57949814e-01	7.56924191e-01
4520            	5.05249192e-02	5.62545033e-02	1.61490029e+00	8.57975066e-01	7.56925227e-01
4521            	5.05380368e-02	5.62622310e-02	1.61492816e+00	8.58002115e-01	7.56926042e-01
4522            	5.05526499e-02	5.62715189e-02	1.61495961e+00	8.58032453e-01	7.56927153e-01
4523            	5.05685347e-02	5.62820826e-02	1.61499368e+00	8.58065373e-01	7.56928303e-01
4524            	5.05854478e-02	5.62937022e-02	1.61502992e+00	8.58100407e-01	7.56929511e-01
4525            	5.06035378e-02	5.63060305e-02	1.61506811e+00	8.58137591e-01	7.56930515e-01
4526            	5.06226680e-02	5.63194893e-02	1.61510896e+00	8.58177149e-01	7.56931813e-01
4527            	5.06423734e-02	5.63335428e-02	1.61515107e+00	8.58217911e-01	7.56933164e-01
4528            	5.06634935e-02	5.63484126e-02	1.61519572e+00	8.58261354e-01	7.56934367e-01
4529            	5.06858376e-02	5.63646684e-02	1.61524351e+00	8.58307591e-01	7.56935915e-01
4530            	5.07084731e-02	5.63814107e-02	1.61529210e+00	8.58354524e-01	7.56937578e-01
4531            	5.07310235e-02	5.63983325e-02	1.61534073e+00	8.58401387e-01	7.56939340e-01
4532            	5.07548016e-02	5.64158952e-02	1.61539170e+00	8.58450653e-01	7.56941049e-01
4533            	5.07788035e-02	5.64341278e-02	1.61544393e+00	8.58500767e-01	7.56943160e-01
4534            	5.08027506e-02	5.64525805e-02	1.61549645e+00	8.58550973e-01	7.56945472e-01
4535            	5.08285764e-02	5.64722045e-02	1.61555307e+00	8.58605112e-01	7.56947959e-01
4536            	5.08543797e-02	5.64923923e-02	1.61561058e+00	8.58659670e-01	7.56950911e-01
4537            	5.08788805e-02	5.65118817e-02	1.61566588e+00	8.58711819e-01	7.56954058e-01
4538            	5.09044388e-02	5.65318488e-02	1.61572378e+00	8.58766331e-01	7.56957453e-01
4539            	5.09289949e-02	5.65515839e-02	1.61578045e+00	8.58819218e-01	7.56961228e-01
4540            	5.09516326e-02	5.65701245e-02	1.61583334e+00	8.58868302e-01	7.56965037e-01
4541            	5.09755040e-02	5.65892275e-02	1.61588911e+00	8.58920057e-01	7.56969049e-01
4542            	5.09981132e-02	5.66078812e-02	1.61594279e+00	8.58969510e-01	7.56973284e-01
4543            	5.10182749e-02	5.66249464e-02	1.61599125e+00	8.59013898e-01	7.56977348e-01
4544            	5.10394288e-02	5.66424693e-02	1.61604199e+00	8.59060426e-01	7.56981568e-01
4545            	5.10591512e-02	5.66595125e-02	1.61609012e+00	8.59104213e-01	7.56985911e-01
4546            	5.10761561e-02	5.66748675e-02	1.61613223e+00	8.59142270e-01	7.56989957e-01
4547            	5.10941766e-02	5.66909265e-02	1.61617677e+00	8.59182560e-01	7.56994207e-01
4548            	5.11104969e-02	5.67063933e-02	1.61621807e+00	8.59219532e-01	7.56998538e-01
4549            	5.11265160e-02	5.67218245e-02	1.61625906e+00	8.59256044e-01	7.57003012e-01
4550            	5.11433529e-02	5.67386636e-02	1.61630320e+00	8.59294952e-01	7.57008246e-01
4551            	5.11553317e-02	5.67521290e-02	1.61633636e+00	8.59323512e-01	7.57012848e-01
4552            	5.11682907e-02	5.67672617e-02	1.61637352e+00	8.59355052e-01	7.57018471e-01
4553            	5.11738576e-02	5.67768988e-02	1.61639338e+00	8.59370549e-01	7.57022834e-01
4554            	5.11764005e-02	5.67841332e-02	1.61640642e+00	8.59379612e-01	7.57026811e-01
4555            	5.11806210e-02	5.67932926e-02	1.61642445e+00	8.59392845e-01	7.57031603e-01
4556            	5.11776047e-02	5.67959786e-02	1.61642495e+00	8.59390082e-01	7.57034872e-01
4557            	5.11732207e-02	5.67978998e-02	1.61642309e+00	8.59384764e-01	7.57038322e-01
4558            	5.11698724e-02	5.68009598e-02	1.61642453e+00	8.59382140e-01	7.57042395e-01
4559            	5.11630303e-02	5.68005477e-02	1.61641718e+00	8.59371619e-01	7.57045558e-01
4560            	5.11555546e-02	5.67996430e-02	1.61640919e+00	8.59360149e-01	7.57049040e-01
4561            	5.11450613e-02	5.67956449e-02	1.61639391e+00	8.59342016e-01	7.57051893e-01
4562            	5.11328908e-02	5.67901140e-02	1.61637547e+00	8.59320627e-01	7.57054845e-01
4563            	5.11183728e-02	5.67823149e-02	1.61635168e+00	8.59294214e-01	7.57057468e-01
4564            	5.11016008e-02	5.67726211e-02	1.61632341e+00	8.59263308e-01	7.57060106e-01
4565            	5.10824028e-02	5.67608233e-02	1.61628971e+00	8.59227257e-01	7.57062451e-01
4566            	5.10607547e-02	5.67470848e-02	1.61625090e+00	8.59186204e-01	7.57064695e-01
4567            	5.10366755e-02	5.67312720e-02	1.61620630e+00	8.59139826e-01	7.57066475e-01
4568            	5.10105389e-02	5.67137915e-02	1.61615704e+00	8.59089059e-01	7.57067981e-01
4569            	5.09828991e-02	5.66948138e-02	1.61610342e+00	8.59034611e-01	7.57068813e-01
4570            	5.09545570e-02	5.66750531e-02	1.61604756e+00	8.58978336e-01	7.57069222e-01
4571            	5.09266220e-02	5.66550984e-02	1.61599104e+00	8.58922144e-01	7.57068900e-01
4572            	5.09001641e-02	5.66359200e-02	1.61593673e+00	8.58868530e-01	7.57068201e-01
4573            	5.08762933e-02	5.66181917e-02	1.61588650e+00	8.58819543e-01	7.57066956e-01
4574            	5.08559698e-02	5.66028753e-02	1.61584320e+00	8.58777572e-01	7.57065632e-01
4575            	5.08398209e-02	5.65903424e-02	1.61580795e+00	8.58743796e-01	7.57064155e-01
4576            	5.08282399e-02	5.65812001e-02	1.61578260e+00	8.58719540e-01	7.57063060e-01
4577            	5.08211310e-02	5.65752752e-02	1.61576681e+00	8.58704535e-01	7.57062273e-01
4578            	5.08181417e-02	5.65726171e-02	1.61576086e+00	8.58698573e-01	7.57062289e-01
4579            	5.08184752e-02	5.65724588e-02	1.61576282e+00	8.58699887e-01	7.57062937e-01
4580            	5.08212990e-02	5.65744469e-02	1.61577183e+00	8.58707213e-01	7.57064615e-01
4581            	5.08255066e-02	5.65774751e-02	1.61578501e+00	8.58718010e-01	7.57066996e-01
4582            	5.08302016e-02	5.65810781e-02	1.61580108e+00	8.58730743e-01	7.57070339e-01
4583            	5.08344229e-02	5.65841632e-02	1.61581717e+00	8.58743007e-01	7.57074161e-01
4584            	5.08376472e-02	5.65865162e-02	1.61583252e+00	8.58753908e-01	7.57078614e-01
4585            	5.08394029e-02	5.65875476e-02	1.61584496e+00	8.58761883e-01	7.57083077e-01
4586            	5.08395786e-02	5.65867664e-02	1.61585434e+00	8.58766750e-01	7.57087593e-01
4587            	5.08378577e-02	5.65840983e-02	1.61586062e+00	8.58768169e-01	7.57092453e-01
4588            	5.08351468e-02	5.65805065e-02	1.61586414e+00	8.58767216e-01	7.57096922e-01
4589            	5.08314084e-02	5.65757478e-02	1.61586503e+00	8.58763924e-01	7.57101107e-01
4590            	5.08267819e-02	5.65696390e-02	1.61586327e+00	8.58758416e-01	7.57104852e-01
4591            	5.08191945e-02	5.65604528e-02	1.61585669e+00	8.58747542e-01	7.57109153e-01
4592            	5.08124800e-02	5.65517328e-02	1.61585084e+00	8.58737901e-01	7.57112941e-01
4593            	5.08068125e-02	5.65436909e-02	1.61584666e+00	8.58730144e-01	7.57116519e-01
4594            	5.08021372e-02	5.65364928e-02	1.61584457e+00	8.58724420e-01	7.57120145e-01
4595            	5.07979888e-02	5.65298356e-02	1.61584390e+00	8.58719941e-01	7.57123963e-01
4596            	5.07936788e-02	5.65230901e-02	1.61584359e+00	8.58715471e-01	7.57128114e-01
4597            	5.07885399e-02	5.65156243e-02	1.61584250e+00	8.58709789e-01	7.57132709e-01
4598            	5.07819715e-02	5.65069030e-02	1.61583952e+00	8.58701730e-01	7.57137787e-01
4599            	5.07736197e-02	5.64966352e-02	1.61583385e+00	8.58690545e-01	7.57143306e-01
4600            	5.07632535e-02	5.64846543e-02	1.61582478e+00	8.58675646e-01	7.57149139e-01
4601            	5.07508254e-02	5.64709635e-02	1.61581185e+00	8.58656753e-01	7.57155102e-01
4602            	5.07365281e-02	5.64557665e-02	1.61579504e+00	8.58634046e-01	7.57160990e-01
4603            	5.07207089e-02	5.64393923e-02	1.61577463e+00	8.58608024e-01	7.57166607e-01
4604            	5.07038414e-02	5.64222567e-02	1.61575126e+00	8.58579470e-01	7.57171787e-01
4605            	5.06865000e-02	5.64048418e-02	1.61572584e+00	8.58549419e-01	7.57176419e-01
4606            	5.06692430e-02	5.63875973e-02	1.61569938e+00	8.58518931e-01	7.57180445e-01
4607            	5.06525759e-02	5.63708982e-02	1.61567287e+00	8.58489010e-01	7.57183858e-01
4608            	5.06368635e-02	5.63550019e-02	1.61564715e+00	8.58460438e-01	7.57186711e-01
4609            	5.06223213e-02	5.63400696e-02	1.61562286e+00	8.58433753e-01	7.57189110e-01
4610            	5.06089644e-02	5.63261333e-02	1.61560033e+00	8.58409128e-01	7.57191199e-01
4611            	5.05967216e-02	5.63131693e-02	1.61557973e+00	8.58386587e-01	7.57193144e-01
4612            	5.05853978e-02	5.63010325e-02	1.61556094e+00	8.58365868e-01	7.57195073e-01
4613            	5.05747649e-02	5.62895404e-02	1.61554369e+00	8.58346608e-01	7.57197078e-01
4614            	5.05646040e-02	5.62785025e-02	1.61552760e+00	8.58328406e-01	7.57199198e-01
4615            	5.05547624e-02	5.62677655e-02	1.61551238e+00	8.58310951e-01	7.57201427e-01
4616            	5.05451790e-02	5.62572378e-02	1.61549778e+00	8.58294069e-01	7.57203711e-01
4617            	5.05358859e-02	5.62468982e-02	1.61548372e+00	8.58277746e-01	7.57205974e-01
4618            	5.05269607e-02	5.62367811e-02	1.61547018e+00	8.58262049e-01	7.57208127e-01
4619            	5.05185108e-02	5.62269699e-02	1.61545720e+00	8.58247113e-01	7.57210091e-01
4620            	5.05107013e-02	5.62176060e-02	1.61544500e+00	8.58233202e-01	7.57211800e-01
4621            	5.05037623e-02	5.62088745e-02	1.61543394e+00	8.58220730e-01	7.57213205e-01
4622            	5.04979208e-02	5.62009582e-02	1.61542441e+00	8.58210126e-01	7.57214285e-01
4623            	5.04933891e-02	5.61940355e-02	1.61541686e+00	8.58201821e-01	7.57215043e-01
4624            	5.04903713e-02	5.61882826e-02	1.61541175e+00	8.58196249e-01	7.57215506e-01
4625            	5.04890637e-02	5.61838706e-02	1.61540956e+00	8.58193845e-01	7.57215717e-01
4626            	5.04895923e-02	5.61809310e-02	1.61541067e+00	8.58194928e-01	7.57215743e-01
4627            	5.04919913e-02	5.61795314e-02	1.61541530e+00	8.58199642e-01	7.57215660e-01
4628            	5.04962121e-02	5.61796782e-02	1.61542353e+00	8.58207976e-01	7.57215552e-01
4629            	5.05021390e-02	5.61813009e-02	1.61543524e+00	8.58219759e-01	7.57215482e-01
4630            	5.05095872e-02	5.61842625e-02	1.61545016e+00	8.58234667e-01	7.57215493e-01
4631            	5.05183902e-02	5.61884314e-02	1.61546801e+00	8.58252397e-01	7.57215617e-01
4632            	5.05284595e-02	5.61937325e-02	1.61548866e+00	8.58272787e-01	7.57215868e-01
4633            	5.05398799e-02	5.62001178e-02	1.61551219e+00	8.58295974e-01	7.57216214e-01
4634            	5.05524055e-02	5.62076634e-02	1.61553870e+00	8.58321753e-01	7.57216942e-01
4635            	5.05660452e-02	5.62159357e-02	1.61556698e+00	8.58349536e-01	7.57217446e-01
4636            	5.05811860e-02	5.62257765e-02	1.61559885e+00	8.58380611e-01	7.57218239e-01
4637            	5.05974259e-02	5.62367661e-02	1.61563304e+00	8.58413947e-01	7.57219095e-01
4638            	5.06148550e-02	5.62486002e-02	1.61566924e+00	8.58449474e-01	7.57219764e-01
4639            	5.06334482e-02	5.62617484e-02	1.61570836e+00	8.58487628e-01	7.57220732e-01
4640            	5.06524861e-02	5.62754486e-02	1.61574845e+00	8.58526713e-01	7.57221741e-01
4641            	5.06720898e-02	5.62897414e-02	1.61578982e+00	8.58567000e-01	7.57222820e-01
4642            	5.06933106e-02	5.63049573e-02	1.61583410e+00	8.58610363e-01	7.57223742e-01
4643            	5.07156238e-02	5.63213661e-02	1.61588126e+00	8.58656251e-01	7.57225004e-01
4644            	5.07380914e-02	5.63380663e-02	1.61592893e+00	8.58702558e-01	7.57226376e-01
4645            	5.07616773e-02	5.63553451e-02	1.61597870e+00	8.58751028e-01	7.57227673e-01
4646            	5.07855039e-02	5.63733303e-02	1.61602968e+00	8.58800343e-01	7.57229335e-01
4647            	5.08088730e-02	5.63913041e-02	1.61608010e+00	8.58848924e-01	7.57231178e-01
4648            	5.08339904e-02	5.64104285e-02	1.61613427e+00	8.58901124e-01	7.57233143e-01
4649            	5.08593577e-02	5.64303362e-02	1.61618985e+00	8.58954281e-01	7.57235565e-01
4650            	5.08834141e-02	5.64495837e-02	1.61624320e+00	8.59005015e-01	7.57238187e-01
4651            	5.09085594e-02	5.64693536e-02	1.61629914e+00	8.59058132e-01	7.57241013e-01
4652            	5.09328739e-02	5.64889748e-02	1.61635421e+00	8.59109978e-01	7.57244230e-01
4653            	5.09553396e-02	5.65074319e-02	1.61640572e+00	8.59158199e-01	7.57247520e-01
4654            	5.09790888e-02	5.65264765e-02	1.61646017e+00	8.59209174e-01	7.57250996e-01
4655            	5.10018461e-02	5.65452304e-02	1.61651316e+00	8.59258424e-01	7.57254732e-01
4656            	5.10222682e-02	5.65624516e-02	1.61656122e+00	8.59302880e-01	7.57258343e-01
4657            	5.10436973e-02	5.65801192e-02	1.61661159e+00	8.59349493e-01	7.57262098e-01
4658            	5.10637714e-02	5.65973339e-02	1.61665957e+00	8.59393555e-01	7.57266013e-01
4659            	5.10838602e-02	5.66145220e-02	1.61670769e+00	8.59437706e-01	7.57269986e-01
4660            	5.11055884e-02	5.66334925e-02	1.61676062e+00	8.59485900e-01	7.57274724e-01
4661            	5.11225695e-02	5.66493124e-02	1.61680271e+00	8.59523923e-01	7.57278784e-01
4662            	5.11389852e-02	5.66652264e-02	1.61684441e+00	8.59561192e-01	7.57283221e-01
4663            	5.11482833e-02	5.66761241e-02	1.61686961e+00	8.59583086e-01	7.57286519e-01
4664            	5.11576902e-02	5.66878362e-02	1.61689605e+00	8.59605715e-01	7.57290334e-01
4665            	5.11677641e-02	5.67005296e-02	1.61692477e+00	8.59630147e-01	7.57294619e-01
4666            	5.11735859e-02	5.67101201e-02	1.61694366e+00	8.59645414e-01	7.57298242e-01
4667            	5.11784375e-02	5.67188658e-02	1.61696054e+00	8.59658707e-01	7.57301832e-01
4668            	5.11844397e-02	5.67288313e-02	1.61698087e+00	8.59674875e-01	7.57305995e-01
4669            	5.11873376e-02	5.67363390e-02	1.61699470e+00	8.59684688e-01	7.57310012e-01
4670            	5.11873090e-02	5.67415335e-02	1.61700203e+00	8.59688322e-01	7.57313704e-01
4671            	5.11841144e-02	5.67438544e-02	1.61700222e+00	8.59685224e-01	7.57316995e-01
4672            	5.11847244e-02	5.67504345e-02	1.61701377e+00	8.59691607e-01	7.57322159e-01
4673            	5.11772114e-02	5.67492812e-02	1.61700499e+00	8.59679705e-01	7.57325282e-01
4674            	5.11662501e-02	5.67451331e-02	1.61698847e+00	8.59660483e-01	7.57327983e-01
4675            	5.11529551e-02	5.67388346e-02	1.61696646e+00	8.59636187e-01	7.57330276e-01
4676            	5.11375682e-02	5.67308256e-02	1.61694017e+00	8.59607652e-01	7.57332515e-01
4677            	5.11201146e-02	5.67208837e-02	1.61690901e+00	8.59574617e-01	7.57334388e-01
4678            	5.11008441e-02	5.67094852e-02	1.61687427e+00	8.59537980e-01	7.57336292e-01
4679            	5.10796271e-02	5.66962505e-02	1.61683490e+00	8.59497076e-01	7.57337822e-01
4680            	5.10565928e-02	5.66814831e-02	1.61679173e+00	8.59452459e-01	7.57339273e-01
4681            	5.10318624e-02	5.66650312e-02	1.61674420e+00	8.59403963e-01	7.57340239e-01
4682            	5.10058400e-02	5.66473419e-02	1.61669357e+00	8.59352623e-01	7.57340943e-01
4683            	5.09790463e-02	5.66286165e-02	1.61664017e+00	8.59299132e-01	7.57341039e-01
4684            	5.09523556e-02	5.66096632e-02	1.61658631e+00	8.59245512e-01	7.57340801e-01
4685            	5.09266128e-02	5.65909690e-02	1.61653319e+00	8.59193207e-01	7.57339981e-01
4686            	5.09028495e-02	5.65735403e-02	1.61648361e+00	8.59144655e-01	7.57338956e-01
4687            	5.08819175e-02	5.65578943e-02	1.61643898e+00	8.59101409e-01	7.57337574e-01
4688            	5.08645878e-02	5.65448851e-02	1.61640176e+00	8.59065469e-01	7.57336293e-01
4689            	5.08512917e-02	5.65347131e-02	1.61637262e+00	8.59037599e-01	7.57335016e-01
4690            	5.08422319e-02	5.65278112e-02	1.61635291e+00	8.59018685e-01	7.57334221e-01
4691            	5.08371453e-02	5.65238131e-02	1.61634184e+00	8.59008065e-01	7.57333774e-01
4692            	5.08355765e-02	5.65226314e-02	1.61633937e+00	8.59005261e-01	7.57334108e-01
4693            	5.08366756e-02	5.65233926e-02	1.61634335e+00	8.59008350e-01	7.57334999e-01
4694            	5.08396293e-02	5.65257102e-02	1.61635284e+00	8.59016050e-01	7.57336792e-01
4695            	5.08434086e-02	5.65285022e-02	1.61636510e+00	8.59025958e-01	7.57339141e-01
4696            	5.08472522e-02	5.65314026e-02	1.61637907e+00	8.59036786e-01	7.57342281e-01
4697            	5.08502771e-02	5.65335610e-02	1.61639203e+00	8.59046291e-01	7.57345737e-01
4698            	5.08522372e-02	5.65344257e-02	1.61640344e+00	8.59053956e-01	7.57349482e-01
4699            	5.08528104e-02	5.65339445e-02	1.61641318e+00	8.59059400e-01	7.57353780e-01
4700            	5.08520425e-02	5.65323624e-02	1.61642002e+00	8.59062053e-01	7.57357968e-01
4701            	5.08499480e-02	5.65294755e-02	1.61642396e+00	8.59061929e-01	7.57362032e-01
4702            	5.08466248e-02	5.65250687e-02	1.61642476e+00	8.59059004e-01	7.57365754e-01
4703            	5.08403542e-02	5.65178336e-02	1.61642081e+00	8.59050761e-01	7.57370053e-01
4704            	5.08343755e-02	5.65106215e-02	1.61641626e+00	8.59042505e-01	7.57373754e-01
4705            	5.08297090e-02	5.65043666e-02	1.61641306e+00	8.59036239e-01	7.57376821e-01
4706            	5.08248638e-02	5.64977186e-02	1.61640977e+00	8.59029751e-01	7.57380023e-01
4707            	5.08209338e-02	5.64917660e-02	1.61640832e+00	8.59025094e-01	7.57383227e-01
4708            	5.08173813e-02	5.64858692e-02	1.61640801e+00	8.59021384e-01	7.57386621e-01
4709            	5.08125307e-02	5.64782206e-02	1.61640592e+00	8.59015493e-01	7.57390432e-01
4710            	5.08064140e-02	5.64696008e-02	1.61640281e+00	8.59007818e-01	7.57394990e-01
4711            	5.07982486e-02	5.64588781e-02	1.61639641e+00	8.58996452e-01	7.57399955e-01
4712            	5.07860258e-02	5.64447834e-02	1.61638348e+00	8.58977764e-01	7.57405712e-01
4713            	5.07755183e-02	5.64328467e-02	1.61637321e+00	8.58962123e-01	7.57411086e-01
4714            	5.07653872e-02	5.64215038e-02	1.61636296e+00	8.58946866e-01	7.57416091e-01
4715            	5.07530661e-02	5.64082290e-02	1.61634806e+00	8.58927096e-01	7.57420964e-01
4716            	5.07386904e-02	5.63936361e-02	1.61632937e+00	8.58903376e-01	7.57425996e-01
4717            	5.07245414e-02	5.63792834e-02	1.61631021e+00	8.58879645e-01	7.57430563e-01
4718            	5.07070983e-02	5.63620726e-02	1.61628399e+00	8.58849093e-01	7.57434897e-01
4719            	5.06903643e-02	5.63453983e-02	1.61625797e+00	8.58819351e-01	7.57438622e-01
4720            	5.06744509e-02	5.63293161e-02	1.61623247e+00	8.58790686e-01	7.57441784e-01
4721            	5.06594819e-02	5.63139150e-02	1.61620786e+00	8.58763413e-01	7.57444450e-01
4722            	5.06455144e-02	5.62992709e-02	1.61618447e+00	8.58737748e-01	7.57446719e-01
4723            	5.06324770e-02	5.62854033e-02	1.61616240e+00	8.58713678e-01	7.57448724e-01
4724            	5.06202533e-02	5.62723089e-02	1.61614169e+00	8.58691098e-01	7.57450591e-01
4725            	5.06087277e-02	5.62599517e-02	1.61612231e+00	8.58669884e-01	7.57452429e-01
4726            	5.05977222e-02	5.62482095e-02	1.61610405e+00	8.58649749e-01	7.57454304e-01
4727            	5.05871072e-02	5.62369629e-02	1.61608670e+00	8.58630459e-01	7.57456245e-01
4728            	5.05768113e-02	5.62261006e-02	1.61607010e+00	8.58611861e-01	7.57458238e-01
4729            	5.05668307e-02	5.62155413e-02	1.61605414e+00	8.58593900e-01	7.57460238e-01
4730            	5.05572332e-02	5.62052525e-02	1.61603883e+00	8.58576646e-01	7.57462180e-01
4731            	5.05481046e-02	5.61952363e-02	1.61602419e+00	8.58560201e-01	7.57463992e-01
4732            	5.05395363e-02	5.61855347e-02	1.61601029e+00	8.58544684e-01	7.57465611e-01
4733            	5.05316457e-02	5.61762404e-02	1.61599727e+00	8.58530280e-01	7.57466989e-01
4734            	5.05246201e-02	5.61675077e-02	1.61598542e+00	8.58517328e-01	7.57468088e-01
4735            	5.05186554e-02	5.61595086e-02	1.61597509e+00	8.58506200e-01	7.57468889e-01
4736            	5.05139283e-02	5.61524125e-02	1.61596665e+00	8.58497253e-01	7.57469396e-01
4737            	5.05106123e-02	5.61463964e-02	1.61596049e+00	8.58490860e-01	7.57469635e-01
4738            	5.05088898e-02	5.61416407e-02	1.61595706e+00	8.58487422e-01	7.57469643e-01
4739            	5.05088914e-02	5.61382917e-02	1.61595673e+00	8.58487256e-01	7.57469473e-01
4740            	5.05106591e-02	5.61364303e-02	1.61595971e+00	8.58490514e-01	7.57469195e-01
4741            	5.05141644e-02	5.61360826e-02	1.61596610e+00	8.58497216e-01	7.57468887e-01
4742            	5.05193282e-02	5.61372015e-02	1.61597586e+00	8.58507260e-01	7.57468604e-01
4743            	5.05259945e-02	5.61396625e-02	1.61598876e+00	8.58520373e-01	7.57468384e-01
4744            	5.05340108e-02	5.61433316e-02	1.61600452e+00	8.58536273e-01	7.57468252e-01
4745            	5.05432960e-02	5.61481275e-02	1.61602303e+00	8.58554811e-01	7.57468219e-01
4746            	5.05538410e-02	5.61540232e-02	1.61604426e+00	8.58575969e-01	7.57468287e-01
4747            	5.05657279e-02	5.61609727e-02	1.61606832e+00	8.58599888e-01	7.57468432e-01
4748            	5.05788200e-02	5.61691339e-02	1.61609547e+00	8.58626557e-01	7.57468917e-01
4749            	5.05931396e-02	5.61780918e-02	1.61612457e+00	8.58655424e-01	7.57469145e-01
4750            	5.06089197e-02	5.61885639e-02	1.61615708e+00	8.58687460e-01	7.57469621e-01
4751            	5.06256070e-02	5.62000304e-02	1.61619154e+00	8.58721376e-01	7.57470162e-01
4752            	5.06434184e-02	5.62122871e-02	1.61622785e+00	8.58757344e-01	7.57470507e-01
4753            	5.06623758e-02	5.62258344e-02	1.61626704e+00	8.58795895e-01	7.57471143e-01
4754            	5.06817484e-02	5.62399349e-02	1.61630722e+00	8.58835356e-01	7.57471859e-01
4755            	5.07025848e-02	5.62549603e-02	1.61635008e+00	8.58877625e-01	7.57472455e-01
4756            	5.07246243e-02	5.62712913e-02	1.61639608e+00	8.58922666e-01	7.57473418e-01
4757            	5.07465489e-02	5.62877531e-02	1.61644209e+00	8.58967591e-01	7.57474494e-01
4758            	5.07695019e-02	5.63047427e-02	1.61649001e+00	8.59014509e-01	7.57475505e-01
4759            	5.07928540e-02	5.63224443e-02	1.61653947e+00	8.59062588e-01	7.57476880e-01
4760            	5.08154480e-02	5.63398686e-02	1.61658767e+00	8.59109285e-01	7.57478389e-01
4761            	5.08397266e-02	5.63583553e-02	1.61663940e+00	8.59159424e-01	7.57479971e-01
4762            	5.08646426e-02	5.63778055e-02	1.61669329e+00	8.59211286e-01	7.57482001e-01
4763            	5.08900844e-02	5.63975478e-02	1.61674849e+00	8.59264327e-01	7.57484158e-01
4764            	5.09203687e-02	5.64207478e-02	1.61681525e+00	8.59327995e-01	7.57487258e-01
4765            	5.09436735e-02	5.64396257e-02	1.61686723e+00	8.59377288e-01	7.57489941e-01
4766            	5.09634790e-02	5.64563677e-02	1.61691210e+00	8.59419529e-01	7.57492571e-01
4767            	5.09845330e-02	5.64741752e-02	1.61696046e+00	8.59464763e-01	7.57495697e-01
4768            	5.10048798e-02	5.64913686e-02	1.61700709e+00	8.59508424e-01	7.57498665e-01
4769            	5.10263296e-02	5.65094045e-02	1.61705682e+00	8.59554739e-01	7.57502080e-01
4770            	5.10525371e-02	5.65306245e-02	1.61711789e+00	8.59611480e-01	7.57506406e-01
4771            	5.10739900e-02	5.65487969e-02	1.61716845e+00	8.59658217e-01	7.57510237e-01
4772            	5.10912707e-02	5.65641411e-02	1.61720947e+00	8.59696005e-01	7.57513464e-01
4773            	5.11124701e-02	5.65827367e-02	1.61726057e+00	8.59742755e-01	7.57517814e-01
4774            	5.11314370e-02	5.66001395e-02	1.61730692e+00	8.59784899e-01	7.57522025e-01
4775            	5.11439631e-02	5.66130800e-02	1.61733814e+00	8.59813033e-01	7.57525107e-01
4776            	5.11528477e-02	5.66235475e-02	1.61736112e+00	8.59833405e-01	7.57527710e-01
4777            	5.11624619e-02	5.66348932e-02	1.61738636e+00	8.59855640e-01	7.57530716e-01
4778            	5.11691314e-02	5.66444846e-02	1.61740563e+00	8.59871947e-01	7.57533685e-01
4779            	5.11786480e-02	5.66566133e-02	1.61743185e+00	8.59894575e-01	7.57537279e-01
4780            	5.11856301e-02	5.66670796e-02	1.61745293e+00	8.59912097e-01	7.57540837e-01
4781            	5.11895701e-02	5.66750838e-02	1.61746724e+00	8.59923192e-01	7.57544051e-01
4782            	5.11904111e-02	5.66804117e-02	1.61747457e+00	8.59927697e-01	7.57546875e-01
4783            	5.11895037e-02	5.66846093e-02	1.61747895e+00	8.59928977e-01	7.57549969e-01
4784            	5.11911499e-02	5.66914103e-02	1.61749059e+00	8.59936447e-01	7.57554147e-01
4785            	5.11877384e-02	5.66936152e-02	1.61749033e+00	8.59932901e-01	7.57557424e-01
4786            	5.11835262e-02	5.66954379e-02	1.61748934e+00	8.59928195e-01	7.57561142e-01
4787            	5.11758836e-02	5.66941681e-02	1.61748036e+00	8.59916064e-01	7.57564297e-01
4788            	5.11658805e-02	5.66909650e-02	1.61746652e+00	8.59899143e-01	7.57567382e-01
4789            	5.11532072e-02	5.66853560e-02	1.61744635e+00	8.59876383e-01	7.57569969e-01
4790            	5.11379936e-02	5.66776223e-02	1.61742064e+00	8.59848315e-01	7.57572328e-01
4791            	5.11202324e-02	5.66675948e-02	1.61738877e+00	8.59814617e-01	7.57574152e-01
4792            	5.11000559e-02	5.66555342e-02	1.61735153e+00	8.59775823e-01	7.57575711e-01
4793            	5.10775465e-02	5.66413049e-02	1.61730848e+00	8.59731785e-01	7.57576692e-01
4794            	5.10530239e-02	5.66252993e-02	1.61726080e+00	8.59683422e-01	7.57577374e-01
4795            	5.10269085e-02	5.66076235e-02	1.61720871e+00	8.59631263e-01	7.57577446e-01
4796            	5.09998768e-02	5.65889412e-02	1.61715414e+00	8.59576948e-01	7.57577194e-01
4797            	5.09727464e-02	5.65696856e-02	1.61709822e+00	8.59521855e-01	7.57576362e-01
4798            	5.09465436e-02	5.65508117e-02	1.61704366e+00	8.59468373e-01	7.57575286e-01
4799            	5.09221636e-02	5.65328756e-02	1.61699190e+00	8.59418113e-01	7.57573786e-01
4800            	5.09006260e-02	5.65168845e-02	1.61694578e+00	8.59373518e-01	7.57572266e-01
4801            	5.08825571e-02	5.65032145e-02	1.61690632e+00	8.59335719e-01	7.57570605e-01
4802            	5.08685317e-02	5.64925780e-02	1.61687557e+00	8.59306318e-01	7.57569254e-01
4803            	5.08586364e-02	5.64849250e-02	1.61685348e+00	8.59285376e-01	7.57568103e-01
4804            	5.08527664e-02	5.64804503e-02	1.61684071e+00	8.59273121e-01	7.57567588e-01
4805            	5.08503756e-02	5.64785646e-02	1.61683582e+00	8.59268286e-01	7.57567534e-01
4806            	5.08508122e-02	5.64790211e-02	1.61683825e+00	8.59269939e-01	7.57568314e-01
4807            	5.08531297e-02	5.64808482e-02	1.61684557e+00	8.59275917e-01	7.57569657e-01
4808            	5.08565053e-02	5.64836312e-02	1.61685669e+00	8.59284848e-01	7.57571838e-01
4809            	5.08599971e-02	5.64863259e-02	1.61686892e+00	8.59294455e-01	7.57574461e-01
4810            	5.08629961e-02	5.64886655e-02	1.61688142e+00	8.59303706e-01	7.57577714e-01
4811            	5.08649020e-02	5.64899837e-02	1.61689202e+00	8.59310910e-01	7.57581106e-01
4812            	5.08655169e-02	5.64897849e-02	1.61690029e+00	8.59315661e-01	7.57584627e-01
4813            	5.08645077e-02	5.64879959e-02	1.61690605e+00	8.59317532e-01	7.57588516e-01
4814            	5.08627366e-02	5.64853346e-02	1.61690916e+00	8.59317316e-01	7.57591843e-01
4815            	5.08595970e-02	5.64814683e-02	1.61690998e+00	8.59314585e-01	7.57595391e-01
4816            	5.08548370e-02	5.64758375e-02	1.61690763e+00	8.59308651e-01	7.57598977e-01
4817            	5.08503072e-02	5.64702623e-02	1.61690489e+00	8.59302754e-01	7.57602139e-01
4818            	5.08449269e-02	5.64633478e-02	1.61690020e+00	8.59295029e-01	7.57605175e-01
4819            	5.08393813e-02	5.64561590e-02	1.61689551e+00	8.59287136e-01	7.57608373e-01
4820            	5.08344909e-02	5.64493266e-02	1.61689210e+00	8.59280539e-01	7.57611557e-01
4821            	5.08289422e-02	5.64413714e-02	1.61688766e+00	8.59272774e-01	7.57614889e-01
4822            	5.08229995e-02	5.64331583e-02	1.61688329e+00	8.59264643e-01	7.57618644e-01
4823            	5.08172640e-02	5.64251707e-02	1.61687962e+00	8.59257072e-01	7.57622544e-01
4824            	5.08099902e-02	5.64155940e-02	1.61687338e+00	8.59246679e-01	7.57626698e-01
4825            	5.08011335e-02	5.64050287e-02	1.61686501e+00	8.59233638e-01	7.57631371e-01
4826            	5.07922147e-02	5.63945998e-02	1.61685650e+00	8.59220464e-01	7.57636035e-01
4827            	5.07811975e-02	5.63822343e-02	1.61684390e+00	8.59203148e-01	7.57640753e-01
4828            	5.07680735e-02	5.63684485e-02	1.61682768e+00	8.59181915e-01	7.57645768e-01
4829            	5.07552777e-02	5.63550308e-02	1.61681141e+00	8.59160981e-01	7.57650426e-01
4830            	5.07406535e-02	5.63398964e-02	1.61679081e+00	8.59136056e-01	7.57654749e-01
4831            	5.07242615e-02	5.63235316e-02	1.61676654e+00	8.59107530e-01	7.57659007e-01
4832            	5.07093006e-02	5.63083722e-02	1.61674395e+00	8.59081278e-01	7.57662677e-01
4833            	5.06937111e-02	5.62925096e-02	1.61671890e+00	8.59053161e-01	7.57665738e-01
4834            	5.06772776e-02	5.62760904e-02	1.61669158e+00	8.59023067e-01	7.57668512e-01
4835            	5.06634534e-02	5.62618049e-02	1.61666847e+00	8.58997690e-01	7.57670783e-01
4836            	5.06500186e-02	5.62477557e-02	1.61664508e+00	8.58972559e-01	7.57672522e-01
4837            	5.06357127e-02	5.62331062e-02	1.61661935e+00	8.58945385e-01	7.57673960e-01
4838            	5.06222282e-02	5.62192388e-02	1.61659481e+00	8.58919635e-01	7.57675179e-01
4839            	5.06121942e-02	5.62083178e-02	1.61657747e+00	8.58900927e-01	7.57676539e-01
4840            	5.06029742e-02	5.61983510e-02	1.61656198e+00	8.58883966e-01	7.57678017e-01
4841            	5.05929223e-02	5.61877568e-02	1.61654488e+00	8.58865361e-01	7.57679516e-01
4842            	5.05846918e-02	5.61785280e-02	1.61653169e+00	8.58850535e-01	7.57681151e-01
4843            	5.05764414e-02	5.61694188e-02	1.61651867e+00	8.58835778e-01	7.57682895e-01
4844            	5.05674914e-02	5.61596310e-02	1.61650410e+00	8.58819540e-01	7.57684558e-01
4845            	5.05599382e-02	5.61507995e-02	1.61649218e+00	8.58806029e-01	7.57686152e-01
4846            	5.05522248e-02	5.61415401e-02	1.61647906e+00	8.58791755e-01	7.57687305e-01
4847            	5.05447179e-02	5.61325667e-02	1.61646623e+00	8.58777831e-01	7.57688396e-01
4848            	5.05388425e-02	5.61247784e-02	1.61645613e+00	8.58766905e-01	7.57689220e-01
4849            	5.05334477e-02	5.61174695e-02	1.61644630e+00	8.58756598e-01	7.57689702e-01
4850            	5.05290015e-02	5.61108007e-02	1.61643762e+00	8.58747812e-01	7.57689809e-01
4851            	5.05268598e-02	5.61059668e-02	1.61643322e+00	8.58743470e-01	7.57689750e-01
4852            	5.05259306e-02	5.61018653e-02	1.61643016e+00	8.58741012e-01	7.57689151e-01
4853            	5.05264077e-02	5.60990315e-02	1.61642984e+00	8.58741329e-01	7.57688513e-01
4854            	5.05291013e-02	5.60980282e-02	1.61643396e+00	8.58746083e-01	7.57687881e-01
4855            	5.05339249e-02	5.60988341e-02	1.61644253e+00	8.58755191e-01	7.57687341e-01
4856            	5.05400301e-02	5.61008894e-02	1.61645366e+00	8.58766860e-01	7.57686799e-01
4857            	5.05476144e-02	5.61042022e-02	1.61646795e+00	8.58781592e-01	7.57686363e-01
4858            	5.05567691e-02	5.61089639e-02	1.61648584e+00	8.58799688e-01	7.57686150e-01
4859            	5.05670025e-02	5.61144675e-02	1.61650554e+00	8.58819774e-01	7.57685769e-01
4860            	5.05784821e-02	5.61211276e-02	1.61652815e+00	8.58842556e-01	7.57685592e-01
4861            	5.05913698e-02	5.61290539e-02	1.61655389e+00	8.58868313e-01	7.57685573e-01
4862            	5.06056001e-02	5.61382276e-02	1.61658262e+00	8.58896910e-01	7.57685710e-01
4863            	5.06209161e-02	5.61484652e-02	1.61661378e+00	8.58927808e-01	7.57685976e-01
4864            	5.06373483e-02	5.61598024e-02	1.61664737e+00	8.58961034e-01	7.57686337e-01
4865            	5.06547353e-02	5.61718988e-02	1.61668281e+00	8.58996143e-01	7.57686672e-01
4866            	5.06728814e-02	5.61847592e-02	1.61671990e+00	8.59032829e-01	7.57687066e-01
4867            	5.06917522e-02	5.61983369e-02	1.61675854e+00	8.59071020e-01	7.57687515e-01
4868            	5.07113749e-02	5.62126432e-02	1.61679879e+00	8.59110771e-01	7.57688021e-01
4869            	5.07327870e-02	5.62283839e-02	1.61684283e+00	8.59154204e-01	7.57688630e-01
4870            	5.07549537e-02	5.62448378e-02	1.61688854e+00	8.59199225e-01	7.57689317e-01
4871            	5.07773798e-02	5.62617259e-02	1.61693509e+00	8.59244923e-01	7.57690164e-01
4872            	5.07997032e-02	5.62788017e-02	1.61698176e+00	8.59290584e-01	7.57691178e-01
4873            	5.08219388e-02	5.62960574e-02	1.61702860e+00	8.59336240e-01	7.57692362e-01
4874            	5.08460316e-02	5.63144057e-02	1.61707924e+00	8.59385652e-01	7.57693589e-01
4875            	5.08707329e-02	5.63334946e-02	1.61713174e+00	8.59436604e-01	7.57695138e-01
4876            	5.08952168e-02	5.63527346e-02	1.61718439e+00	8.59487413e-01	7.57696980e-01
4877            	5.09187328e-02	5.63715809e-02	1.61723558e+00	8.59536523e-01	7.57699057e-01
4878            	5.09432604e-02	5.63909200e-02	1.61728912e+00	8.59587818e-01	7.57701297e-01
4879            	5.09672958e-02	5.64102339e-02	1.61734224e+00	8.59638416e-01	7.57703824e-01
4880            	5.09900737e-02	5.64289761e-02	1.61739326e+00	8.59686703e-01	7.57706555e-01
4881            	5.10112424e-02	5.64468217e-02	1.61744119e+00	8.59731838e-01	7.57709353e-01
4882            	5.10333190e-02	5.64650295e-02	1.61749117e+00	8.59778904e-01	7.57712266e-01
4883            	5.10544937e-02	5.64829346e-02	1.61753979e+00	8.59824386e-01	7.57715399e-01
4884            	5.10735794e-02	5.64996105e-02	1.61758419e+00	8.59865677e-01	7.57718518e-01
4885            	5.10933526e-02	5.65166582e-02	1.61763024e+00	8.59908473e-01	7.57721768e-01
4886            	5.11122641e-02	5.65335169e-02	1.61767491e+00	8.59949718e-01	7.57725190e-01
4887            	5.11285303e-02	5.65488865e-02	1.61771409e+00	8.59985578e-01	7.57728517e-01
4888            	5.11449432e-02	5.65644968e-02	1.61775385e+00	8.60021868e-01	7.57731982e-01
4889            	5.11591963e-02	5.65788560e-02	1.61778902e+00	8.60053706e-01	7.57735313e-01
4890            	5.11706949e-02	5.65915126e-02	1.61781837e+00	8.60079879e-01	7.57738489e-01
4891            	5.11825981e-02	5.66050544e-02	1.61784963e+00	8.60107413e-01	7.57742216e-01
4892            	5.11904137e-02	5.66157741e-02	1.61787191e+00	8.60126370e-01	7.57745542e-01
4893            	5.11950406e-02	5.66242730e-02	1.61788732e+00	8.60138701e-01	7.57748620e-01
4894            	5.11995425e-02	5.66328137e-02	1.61790284e+00	8.60150963e-01	7.57751878e-01
4895            	5.12021116e-02	5.66400102e-02	1.61791441e+00	8.60159317e-01	7.57755094e-01
4896            	5.12022148e-02	5.66452904e-02	1.61792073e+00	8.60162580e-01	7.57758150e-01
4897            	5.11999498e-02	5.66486828e-02	1.61792195e+00	8.60160924e-01	7.57761025e-01
4898            	5.11990664e-02	5.66537731e-02	1.61792767e+00	8.60162900e-01	7.57764768e-01
4899            	5.11947029e-02	5.66557561e-02	1.61792539e+00	8.60157398e-01	7.57767992e-01
4900            	5.11870685e-02	5.66547342e-02	1.61791557e+00	8.60144854e-01	7.57770717e-01
4901            	5.11765345e-02	5.66509917e-02	1.61789905e+00	8.60126058e-01	7.57772989e-01
4902            	5.11634712e-02	5.66448680e-02	1.61787669e+00	8.60101814e-01	7.57774872e-01
4903            	5.11481556e-02	5.66366649e-02	1.61784918e+00	8.60072745e-01	7.57776434e-01
4904            	5.11307972e-02	5.66266358e-02	1.61781707e+00	8.60039334e-01	7.57777740e-01
4905            	5.11115099e-02	5.66149415e-02	1.61778067e+00	8.60001845e-01	7.57778825e-01
4906            	5.10903728e-02	5.66016811e-02	1.61774013e+00	8.59960437e-01	7.57779691e-01
4907            	5.10675192e-02	5.65869511e-02	1.61769567e+00	8.59915354e-01	7.57780316e-01
4908            	5.10431904e-02	5.65708988e-02	1.61764768e+00	8.59867033e-01	7.57780652e-01
4909            	5.10177980e-02	5.65537795e-02	1.61759689e+00	8.59816245e-01	7.57780649e-01
4910            	5.09919583e-02	5.65359952e-02	1.61754446e+00	8.59764186e-01	7.57780270e-01
4911            	5.09664302e-02	5.65180675e-02	1.61749187e+00	8.59712366e-01	7.57779506e-01
4912            	5.09420740e-02	5.65006303e-02	1.61744092e+00	8.59662532e-01	7.57778384e-01
4913            	5.09197756e-02	5.64843685e-02	1.61739349e+00	8.59616522e-01	7.57776971e-01
4914            	5.09003364e-02	5.64699364e-02	1.61735142e+00	8.59576048e-01	7.57775376e-01
4915            	5.08843871e-02	5.64578827e-02	1.61731625e+00	8.59542511e-01	7.57773736e-01
4916            	5.08723147e-02	5.64485890e-02	1.61728906e+00	8.59516846e-01	7.57772217e-01
4917            	5.08642075e-02	5.64422110e-02	1.61727039e+00	8.59499403e-01	7.57770988e-01
4918            	5.08598496e-02	5.64386647e-02	1.61726012e+00	8.59489912e-01	7.57770212e-01
4919            	5.08587352e-02	5.64376284e-02	1.61725753e+00	8.59487499e-01	7.57770029e-01
4920            	5.08601277e-02	5.64385745e-02	1.61726133e+00	8.59490790e-01	7.57770535e-01
4921            	5.08631818e-02	5.64408598e-02	1.61726991e+00	8.59498138e-01	7.57771775e-01
4922            	5.08670233e-02	5.64437883e-02	1.61728151e+00	8.59507779e-01	7.57773732e-01
4923            	5.08708393e-02	5.64466859e-02	1.61729435e+00	8.59518013e-01	7.57776334e-01
4924            	5.08739691e-02	5.64489732e-02	1.61730686e+00	8.59527400e-01	7.57779462e-01
4925            	5.08759319e-02	5.64502013e-02	1.61731780e+00	8.59534832e-01	7.57782969e-01
4926            	5.08764268e-02	5.64500603e-02	1.61732624e+00	8.59539547e-01	7.57786693e-01
4927            	5.08753368e-02	5.64483886e-02	1.61733163e+00	8.59541153e-01	7.57790480e-01
4928            	5.08727188e-02	5.64451751e-02	1.61733383e+00	8.59539635e-01	7.57794198e-01
4929            	5.08687435e-02	5.64405139e-02	1.61733299e+00	8.59535241e-01	7.57797754e-01
4930            	5.08636511e-02	5.64345695e-02	1.61732950e+00	8.59528403e-01	7.57801101e-01
4931            	5.08577646e-02	5.64275965e-02	1.61732401e+00	8.59519770e-01	7.57804241e-01
4932            	5.08514808e-02	5.64199404e-02	1.61731740e+00	8.59510181e-01	7.57807219e-01
4933            	5.08451163e-02	5.64119002e-02	1.61731046e+00	8.59500346e-01	7.57810114e-01
4934            	5.08388004e-02	5.64036385e-02	1.61730364e+00	8.59490622e-01	7.57813021e-01
4935            	5.08324634e-02	5.63951659e-02	1.61729701e+00	8.59480967e-01	7.57816041e-01
4936            	5.08258966e-02	5.63863881e-02	1.61729032e+00	8.59471058e-01	7.57819265e-01
4937            	5.08188209e-02	5.63771550e-02	1.61728317e+00	8.59460407e-01	7.57822766e-01
4938            	5.08109236e-02	5.63672836e-02	1.61727501e+00	8.59448426e-01	7.57826579e-01
4939            	5.08020175e-02	5.63566669e-02	1.61726541e+00	8.59434723e-01	7.57830688e-01
4940            	5.07919290e-02	5.63451862e-02	1.61725390e+00	8.59418881e-01	7.57835023e-01
4941            	5.07805473e-02	5.63327582e-02	1.61724004e+00	8.59400567e-01	7.57839472e-01
4942            	5.07679047e-02	5.63194027e-02	1.61722362e+00	8.59379716e-01	7.57843907e-01
4943            	5.07541436e-02	5.63052200e-02	1.61720467e+00	8.59356477e-01	7.57848190e-01
4944            	5.07395114e-02	5.62903953e-02	1.61718342e+00	8.59331220e-01	7.57852198e-01
4945            	5.07243506e-02	5.62751907e-02	1.61716036e+00	8.59304533e-01	7.57855832e-01
4946            	5.07090705e-02	5.62599135e-02	1.61713618e+00	8.59277160e-01	7.57859019e-01
4947            	5.06940767e-02	5.62448624e-02	1.61711160e+00	8.59249877e-01	7.57861724e-01
4948            	5.06796709e-02	5.62302701e-02	1.61708725e+00	8.59223298e-01	7.57863956e-01
4949            	5.06659918e-02	5.62162746e-02	1.61706354e+00	8.59197764e-01	7.57865781e-01
4950            	5.06530614e-02	5.62029374e-02	1.61704070e+00	8.59173413e-01	7.57867290e-01
4951            	5.06409280e-02	5.61903199e-02	1.61701903e+00	8.59150445e-01	7.57868589e-01
4952            	5.06295294e-02	5.61783771e-02	1.61699860e+00	8.59128830e-01	7.57869771e-01
4953            	5.06187647e-02	5.61670227e-02	1.61697935e+00	8.59108441e-01	7.57870912e-01
4954            	5.06085424e-02	5.61561571e-02	1.61696120e+00	8.59089140e-01	7.57872055e-01
4955            	5.05988175e-02	5.61457033e-02	1.61694406e+00	8.59070849e-01	7.57873214e-01
4956            	5.05895855e-02	5.61356143e-02	1.61692791e+00	8.59053542e-01	7.57874371e-01
4957            	5.05808729e-02	5.61258850e-02	1.61691274e+00	8.59037242e-01	7.57875496e-01
4958            	5.05727030e-02	5.61165336e-02	1.61689851e+00	8.59021958e-01	7.57876552e-01
4959            	5.05651283e-02	5.61076111e-02	1.61688525e+00	8.59007752e-01	7.57877496e-01
4960            	5.05582768e-02	5.60992189e-02	1.61687311e+00	8.58994830e-01	7.57878276e-01
4961            	5.05523243e-02	5.60914963e-02	1.61686235e+00	8.58983498e-01	7.57878850e-01
4962            	5.05474401e-02	5.60845832e-02	1.61685326e+00	8.58974069e-01	7.57879188e-01
4963            	5.05437871e-02	5.60786200e-02	1.61684614e+00	8.58966859e-01	7.57879285e-01
4964            	5.05415456e-02	5.60737594e-02	1.61684137e+00	8.58962231e-01	7.57879140e-01
4965            	5.05408730e-02	5.60701443e-02	1.61683930e+00	8.58960524e-01	7.57878778e-01
4966            	5.05418310e-02	5.60678580e-02	1.61684015e+00	8.58961905e-01	7.57878243e-01
4967            	5.05444236e-02	5.60669487e-02	1.61684404e+00	8.58966445e-01	7.57877597e-01
4968            	5.05486215e-02	5.60674118e-02	1.61685104e+00	8.58974139e-01	7.57876896e-01
4969            	5.05543039e-02	5.60691590e-02	1.61686097e+00	8.58984791e-01	7.57876183e-01
4970            	5.05613397e-02	5.60720858e-02	1.61687367e+00	8.58998173e-01	7.57875494e-01
4971            	5.05696565e-02	5.60761315e-02	1.61688903e+00	8.59014172e-01	7.57874859e-01
4972            	5.05792505e-02	5.60812884e-02	1.61690710e+00	8.59032801e-01	7.57874300e-01
4973            	5.05901605e-02	5.60875875e-02	1.61692799e+00	8.59054156e-01	7.57873836e-01
4974            	5.06024294e-02	5.60950710e-02	1.61695182e+00	8.59078340e-01	7.57873481e-01
4975            	5.06160149e-02	5.61036320e-02	1.61697851e+00	8.59105268e-01	7.57873239e-01
4976            	5.06308072e-02	5.61134375e-02	1.61700828e+00	8.59134949e-01	7.57873335e-01
4977            	5.06467405e-02	5.61239887e-02	1.61703983e+00	8.59166656e-01	7.57873175e-01
4978            	5.06638787e-02	5.61358953e-02	1.61707429e+00	8.59201025e-01	7.57873268e-01
4979            	5.06815502e-02	5.61485123e-02	1.61711001e+00	8.59236554e-01	7.57873454e-01
4980            	5.07004594e-02	5.61620036e-02	1.61714785e+00	8.59274385e-01	7.57873466e-01
4981            	5.07206385e-02	5.61769135e-02	1.61718888e+00	8.59315079e-01	7.57873802e-01
4982            	5.07412556e-02	5.61923992e-02	1.61723105e+00	8.59356781e-01	7.57874270e-01
4983            	5.07632133e-02	5.62086990e-02	1.61727571e+00	8.59401067e-01	7.57874640e-01
4984            	5.07856354e-02	5.62257311e-02	1.61732197e+00	8.59446622e-01	7.57875352e-01
4985            	5.08073743e-02	5.62424260e-02	1.61736710e+00	8.59490926e-01	7.57876178e-01
4986            	5.08304281e-02	5.62598578e-02	1.61741479e+00	8.59537824e-01	7.57876968e-01
4987            	5.08541786e-02	5.62782637e-02	1.61746465e+00	8.59586503e-01	7.57878145e-01
4988            	5.08772546e-02	5.62964506e-02	1.61751351e+00	8.59634008e-01	7.57879499e-01
4989            	5.09017736e-02	5.63154848e-02	1.61756540e+00	8.59684474e-01	7.57880927e-01
4990            	5.09261001e-02	5.63348547e-02	1.61761766e+00	8.59734931e-01	7.57882730e-01
4991            	5.09485866e-02	5.63531209e-02	1.61766651e+00	8.59781840e-01	7.57884666e-01
4992            	5.09721919e-02	5.63719531e-02	1.61771783e+00	8.59831108e-01	7.57886724e-01
4993            	5.09952281e-02	5.63908487e-02	1.61776873e+00	8.59879592e-01	7.57889135e-01
4994            	5.10163799e-02	5.64085875e-02	1.61781592e+00	8.59924340e-01	7.57891580e-01
4995            	5.10386016e-02	5.64268564e-02	1.61786554e+00	8.59971370e-01	7.57894167e-01
4996            	5.10596793e-02	5.64447662e-02	1.61791340e+00	8.60016381e-01	7.57897022e-01
4997            	5.10808489e-02	5.64626390e-02	1.61796169e+00	8.60061693e-01	7.57899995e-01
4998            	5.11040032e-02	5.64824274e-02	1.61801551e+00	8.60111756e-01	7.57903750e-01
4999            	5.11224226e-02	5.64989963e-02	1.61805874e+00	8.60151791e-01	7.57906945e-01
5000            	5.11404821e-02	5.65156806e-02	1.61810196e+00	8.60191460e-01	7.57910496e-01
5001            	5.11518163e-02	5.65276504e-02	1.61812975e+00	8.60216693e-01	7.57913060e-01
5002            	5.11633867e-02	5.65403692e-02	1.61815882e+00	8.60242799e-01	7.57916026e-01
5003            	5.11758235e-02	5.65540980e-02	1.61819039e+00	8.60271017e-01	7.57919370e-01
5004            	5.11842468e-02	5.65650441e-02	1.61821289e+00	8.60290690e-01	7.57922196e-01
5005            	5.11917989e-02	5.65752513e-02	1.61823350e+00	8.60308546e-01	7.57924949e-01
5006            	5.11985267e-02	5.65851531e-02	1.61825271e+00	8.60324882e-01	7.57927829e-01
5007            	5.12036823e-02	5.65937658e-02	1.61826878e+00	8.60338072e-01	7.57930707e-01
5008            	5.12119501e-02	5.66055474e-02	1.61829330e+00	8.60358598e-01	7.57934698e-01
5009            	5.12150048e-02	5.66131686e-02	1.61830630e+00	8.60368157e-01	7.57938147e-01
5010            	5.12130918e-02	5.66167796e-02	1.61830816e+00	8.60367173e-01	7.57940989e-01
5011            	5.12075611e-02	5.66174811e-02	1.61830175e+00	8.60358434e-01	7.57943312e-01
5012            	5.11993455e-02	5.66157493e-02	1.61828906e+00	8.60343877e-01	7.57945186e-01
5013            	5.11916997e-02	5.66150587e-02	1.61827875e+00	8.60331074e-01	7.57947674e-01
5014            	5.11802618e-02	5.66107611e-02	1.61825950e+00	8.60310010e-01	7.57949486e-01
5015            	5.11675311e-02	5.66052945e-02	1.61823739e+00	8.60286224e-01	7.57951162e-01
5016            	5.11528004e-02	5.65979773e-02	1.61821101e+00	8.60258307e-01	7.57952706e-01
5017            	5.11362399e-02	5.65888498e-02	1.61818030e+00	8.60226389e-01	7.57953909e-01
5018            	5.11179459e-02	5.65781961e-02	1.61814602e+00	8.60190956e-01	7.57955064e-01
5019            	5.10977932e-02	5.65657271e-02	1.61810724e+00	8.60151413e-01	7.57955827e-01
5020            	5.10759204e-02	5.65517345e-02	1.61806472e+00	8.60108280e-01	7.57956439e-01
5021            	5.10524614e-02	5.65361508e-02	1.61801806e+00	8.60061490e-01	7.57956567e-01
5022            	5.10278601e-02	5.65194759e-02	1.61796860e+00	8.60012158e-01	7.57956438e-01
5023            	5.10026754e-02	5.65019695e-02	1.61791688e+00	8.59961113e-01	7.57955762e-01
5024            	5.09777443e-02	5.64844259e-02	1.61786513e+00	8.59910307e-01	7.57954818e-01
5025            	5.09538954e-02	5.64673207e-02	1.61781457e+00	8.59861182e-01	7.57953391e-01
5026            	5.09320895e-02	5.64515830e-02	1.61776785e+00	8.59816012e-01	7.57951833e-01
5027            	5.09130968e-02	5.64376536e-02	1.61772620e+00	8.59776197e-01	7.57950004e-01
5028            	5.08975879e-02	5.64262739e-02	1.61769181e+00	8.59743493e-01	7.57948318e-01
5029            	5.08858618e-02	5.64175289e-02	1.61766507e+00	8.59718397e-01	7.57946673e-01
5030            	5.08780098e-02	5.64117418e-02	1.61764703e+00	8.59701523e-01	7.57945503e-01
5031            	5.08736884e-02	5.64084826e-02	1.61763673e+00	8.59692052e-01	7.57944675e-01
5032            	5.08724098e-02	5.64076358e-02	1.61763398e+00	8.59689400e-01	7.57944581e-01
5033            	5.08732782e-02	5.64084474e-02	1.61763687e+00	8.59691711e-01	7.57945154e-01
5034            	5.08755253e-02	5.64100733e-02	1.61764355e+00	8.59697299e-01	7.57946248e-01
5035            	5.08787729e-02	5.64124684e-02	1.61765375e+00	8.59705648e-01	7.57948103e-01
5036            	5.08816321e-02	5.64146603e-02	1.61766431e+00	8.59713789e-01	7.57950525e-01
5037            	5.08837604e-02	5.64160472e-02	1.61767415e+00	8.59720837e-01	7.57953316e-01
5038            	5.08847387e-02	5.64163542e-02	1.61768175e+00	8.59725613e-01	7.57956135e-01
5039            	5.08844099e-02	5.64156786e-02	1.61768759e+00	8.59728205e-01	7.57959385e-01
5040            	5.08823621e-02	5.64132938e-02	1.61769054e+00	8.59727632e-01	7.57962908e-01
5041            	5.08798114e-02	5.64102992e-02	1.61769159e+00	8.59725606e-01	7.57965983e-01
5042            	5.08758882e-02	5.64055673e-02	1.61768965e+00	8.59720711e-01	7.57968935e-01
5043            	5.08711203e-02	5.63999258e-02	1.61768604e+00	8.59714139e-01	7.57971898e-01
5044            	5.08661962e-02	5.63938416e-02	1.61768175e+00	8.59707073e-01	7.57974681e-01
5045            	5.08603014e-02	5.63863142e-02	1.61767535e+00	8.59697977e-01	7.57977374e-01
5046            	5.08542285e-02	5.63785659e-02	1.61766886e+00	8.59688660e-01	7.57980203e-01
5047            	5.08487239e-02	5.63712027e-02	1.61766346e+00	8.59680454e-01	7.57983006e-01
5048            	5.08424520e-02	5.63627837e-02	1.61765667e+00	8.59670789e-01	7.57985885e-01
5049            	5.08357063e-02	5.63541378e-02	1.61764966e+00	8.59660536e-01	7.57989123e-01
5050            	5.08292466e-02	5.63458292e-02	1.61764343e+00	8.59650959e-01	7.57992466e-01
5051            	5.08212591e-02	5.63359990e-02	1.61763457e+00	8.59638544e-01	7.57996026e-01
5052            	5.08118739e-02	5.63252834e-02	1.61762388e+00	8.59623813e-01	7.58000065e-01
5053            	5.08025258e-02	5.63147120e-02	1.61761328e+00	8.59609167e-01	7.58004116e-01
5054            	5.07912033e-02	5.63022940e-02	1.61759881e+00	8.59590610e-01	7.58008203e-01
5055            	5.07778587e-02	5.62884390e-02	1.61758078e+00	8.59568248e-01	7.58012531e-01
5056            	5.07650163e-02	5.62750802e-02	1.61756309e+00	8.59546563e-01	7.58016530e-01
5057            	5.07506089e-02	5.62602610e-02	1.61754154e+00	8.59521381e-01	7.58020163e-01
5058            	5.07344878e-02	5.62441998e-02	1.61751626e+00	8.59492618e-01	7.58023643e-01
5059            	5.07200998e-02	5.62296227e-02	1.61749337e+00	8.59466787e-01	7.58026588e-01
5060            	5.07054098e-02	5.62146658e-02	1.61746868e+00	8.59439751e-01	7.58028931e-01
5061            	5.06896523e-02	5.61988765e-02	1.61744102e+00	8.59410162e-01	7.58030857e-01
5062            	5.06765994e-02	5.61853575e-02	1.61741807e+00	8.59385633e-01	7.58032435e-01
5063            	5.06640753e-02	5.61723542e-02	1.61739539e+00	8.59361773e-01	7.58033622e-01
5064            	5.06491552e-02	5.61575693e-02	1.61736692e+00	8.59332616e-01	7.58034305e-01
5065            	5.06363205e-02	5.61445396e-02	1.61734236e+00	8.59307499e-01	7.58034858e-01
5066            	5.06276346e-02	5.61349459e-02	1.61732712e+00	8.59291193e-01	7.58035923e-01
5067            	5.06197340e-02	5.61259509e-02	1.61731337e+00	8.59276420e-01	7.58036952e-01
5068            	5.06117301e-02	5.61168951e-02	1.61729959e+00	8.59261526e-01	7.58038065e-01
5069            	5.06052590e-02	5.61090092e-02	1.61728914e+00	8.59249829e-01	7.58039311e-01
5070            	5.05981886e-02	5.61009867e-02	1.61727775e+00	8.59237062e-01	7.58040685e-01
5071            	5.05898970e-02	5.60919080e-02	1.61726359e+00	8.59221693e-01	7.58041898e-01
5072            	5.05825095e-02	5.60834130e-02	1.61725088e+00	8.59207949e-01	7.58042930e-01
5073            	5.05749321e-02	5.60749171e-02	1.61723734e+00	8.59193604e-01	7.58043740e-01
5074            	5.05677146e-02	5.60665339e-02	1.61722409e+00	8.59179758e-01	7.58044329e-01
5075            	5.05610471e-02	5.60582650e-02	1.61721063e+00	8.59166361e-01	7.58044267e-01
5076            	5.05567522e-02	5.60517196e-02	1.61720174e+00	8.59157622e-01	7.58044117e-01
5077            	5.05548849e-02	5.60469785e-02	1.61719733e+00	8.59153549e-01	7.58043779e-01
5078            	5.05540126e-02	5.60431381e-02	1.61719436e+00	8.59151194e-01	7.58043169e-01
5079            	5.05541494e-02	5.60399253e-02	1.61719266e+00	8.59150479e-01	7.58042180e-01
5080            	5.05565123e-02	5.60386484e-02	1.61719543e+00	8.59154228e-01	7.58041204e-01
5081            	5.05602062e-02	5.60387503e-02	1.61720077e+00	8.59160590e-01	7.58040177e-01
5082            	5.05650398e-02	5.60396722e-02	1.61720797e+00	8.59169027e-01	7.58038947e-01
5083            	5.05719141e-02	5.60424454e-02	1.61721976e+00	8.59181792e-01	7.58037964e-01
5084            	5.05801302e-02	5.60465818e-02	1.61723448e+00	8.59197368e-01	7.58037107e-01
5085            	5.05895594e-02	5.60515647e-02	1.61725150e+00	8.59215308e-01	7.58036189e-01
5086            	5.06006599e-02	5.60580812e-02	1.61727249e+00	8.59236903e-01	7.58035583e-01
5087            	5.06131782e-02	5.60659128e-02	1.61729682e+00	8.59261590e-01	7.58035233e-01
5088            	5.06270035e-02	5.60750136e-02	1.61732410e+00	8.59289052e-01	7.58035045e-01
5089            	5.06419791e-02	5.60849478e-02	1.61735360e+00	8.59318781e-01	7.58034822e-01
5090            	5.06578123e-02	5.60957727e-02	1.61738513e+00	8.59350375e-01	7.58034751e-01
5091            	5.06746663e-02	5.61076261e-02	1.61741891e+00	8.59384123e-01	7.58034790e-01
5092            	5.06925240e-02	5.61201982e-02	1.61745455e+00	8.59419798e-01	7.58034750e-01
5093            	5.07108827e-02	5.61334040e-02	1.61749137e+00	8.59456570e-01	7.58034805e-01
5094            	5.07298031e-02	5.61472773e-02	1.61752951e+00	8.59494557e-01	7.58034951e-01
5095            	5.07503446e-02	5.61625820e-02	1.61757111e+00	8.59535901e-01	7.58035212e-01
5096            	5.07717695e-02	5.61785545e-02	1.61761436e+00	8.59578948e-01	7.58035409e-01
5097            	5.07930823e-02	5.61946675e-02	1.61765756e+00	8.59621863e-01	7.58035698e-01
5098            	5.08155281e-02	5.62117840e-02	1.61770340e+00	8.59667228e-01	7.58036172e-01
5099            	5.08387035e-02	5.62294961e-02	1.61775085e+00	8.59714127e-01	7.58036720e-01
5100            	5.08615500e-02	5.62472479e-02	1.61779804e+00	8.59760570e-01	7.58037470e-01
5101            	5.08859935e-02	5.62663607e-02	1.61784919e+00	8.59810588e-01	7.58038601e-01
5102            	5.09110436e-02	5.62860440e-02	1.61790207e+00	8.59862077e-01	7.58039990e-01
5103            	5.09348921e-02	5.63051055e-02	1.61795294e+00	8.59911362e-01	7.58041577e-01
5104            	5.09571146e-02	5.63231751e-02	1.61800082e+00	8.59957523e-01	7.58043294e-01
5105            	5.09803095e-02	5.63420170e-02	1.61805147e+00	8.60006043e-01	7.58045424e-01
5106            	5.10032222e-02	5.63607856e-02	1.61810193e+00	8.60054185e-01	7.58047741e-01
5107            	5.10252027e-02	5.63790665e-02	1.61815075e+00	8.60100576e-01	7.58050171e-01
5108            	5.10483167e-02	5.63981511e-02	1.61820248e+00	8.60149559e-01	7.58052926e-01
5109            	5.10681658e-02	5.64152514e-02	1.61824750e+00	8.60191917e-01	7.58055586e-01
5110            	5.10855802e-02	5.64308546e-02	1.61828739e+00	8.60229276e-01	7.58058116e-01
5111            	5.11037705e-02	5.64468210e-02	1.61832886e+00	8.60268203e-01	7.58060662e-01
5112            	5.11211971e-02	5.64625682e-02	1.61836893e+00	8.60305663e-01	7.58063269e-01
5113            	5.11364535e-02	5.64770455e-02	1.61840437e+00	8.60338636e-01	7.58065729e-01
5114            	5.11524608e-02	5.64921263e-02	1.61844159e+00	8.60373256e-01	7.58068334e-01
5115            	5.11639153e-02	5.65040619e-02	1.61846852e+00	8.60398174e-01	7.58070343e-01
5116            	5.11791922e-02	5.65193468e-02	1.61850520e+00	8.60431793e-01	7.58073409e-01
5117            	5.11916297e-02	5.65331595e-02	1.61853653e+00	8.60459893e-01	7.58076634e-01
5118            	5.12013364e-02	5.65451656e-02	1.61856193e+00	8.60482301e-01	7.58079628e-01
5119            	5.12076206e-02	5.65548279e-02	1.61858012e+00	8.60497682e-01	7.58082441e-01
5120            	5.12138278e-02	5.65648939e-02	1.61859918e+00	8.60513419e-01	7.58085763e-01
5121            	5.12158500e-02	5.65716215e-02	1.61860882e+00	8.60520261e-01	7.58088561e-01
5122            	5.12153331e-02	5.65763540e-02	1.61861307e+00	8.60521868e-01	7.58091202e-01
5123            	5.12164388e-02	5.65830689e-02	1.61862253e+00	8.60527703e-01	7.58094825e-01
5124            	5.12139772e-02	5.65867353e-02	1.61862388e+00	8.60525916e-01	7.58097961e-01
5125            	5.12082373e-02	5.65875296e-02	1.61861765e+00	8.60517064e-01	7.58100589e-01
5126            	5.11995996e-02	5.65857213e-02	1.61860464e+00	8.60501917e-01	7.58102718e-01
5127            	5.11884870e-02	5.65816230e-02	1.61858573e+00	8.60481354e-01	7.58104380e-01
5128            	5.11752921e-02	5.65755498e-02	1.61856185e+00	8.60456218e-01	7.58105633e-01
5129            	5.11602745e-02	5.65677427e-02	1.61853367e+00	8.60427107e-01	7.58106558e-01
5130            	5.11436038e-02	5.65583798e-02	1.61850168e+00	8.60394446e-01	7.58107238e-01
5131            	5.11253500e-02	5.65475580e-02	1.61846618e+00	8.60358439e-01	7.58107739e-01
5132            	5.11055270e-02	5.65353211e-02	1.61842723e+00	8.60319144e-01	7.58108090e-01
5133            	5.10841985e-02	5.65217280e-02	1.61838497e+00	8.60276682e-01	7.58108285e-01
5134            	5.10614934e-02	5.65068713e-02	1.61833956e+00	8.60231276e-01	7.58108289e-01
5135            	5.10377106e-02	5.64909567e-02	1.61829151e+00	8.60183467e-01	7.58108046e-01
5136            	5.10133474e-02	5.64743302e-02	1.61824171e+00	8.60134201e-01	7.58107506e-01
5137            	5.09890375e-02	5.64574353e-02	1.61819134e+00	8.60084709e-01	7.58106634e-01
5138            	5.09655495e-02	5.64408383e-02	1.61814196e+00	8.60036529e-01	7.58105430e-01
5139            	5.09436971e-02	5.64251571e-02	1.61809525e+00	8.59991324e-01	7.58103930e-01
5140            	5.09242775e-02	5.64110219e-02	1.61805299e+00	8.59950774e-01	7.58102219e-01
5141            	5.09079416e-02	5.63989652e-02	1.61801671e+00	8.59916297e-01	7.58100414e-01
5142            	5.08951406e-02	5.63893902e-02	1.61798760e+00	8.59888942e-01	7.58098661e-01
5143            	5.08860606e-02	5.63825039e-02	1.61796637e+00	8.59869247e-01	7.58097125e-01
5144            	5.08805950e-02	5.63782915e-02	1.61795313e+00	8.59857158e-01	7.58095968e-01
5145            	5.08783518e-02	5.63765101e-02	1.61794736e+00	8.59852033e-01	7.58095329e-01
5146            	5.08787043e-02	5.63767202e-02	1.61794804e+00	8.59852726e-01	7.58095317e-01
5147            	5.08808903e-02	5.63783553e-02	1.61795376e+00	8.59857770e-01	7.58095990e-01
5148            	5.08840912e-02	5.63807819e-02	1.61796288e+00	8.59865530e-01	7.58097348e-01
5149            	5.08875015e-02	5.63833545e-02	1.61797369e+00	8.59874344e-01	7.58099342e-01
5150            	5.08904335e-02	5.63854943e-02	1.61798461e+00	8.59882740e-01	7.58101873e-01
5151            	5.08923676e-02	5.63867407e-02	1.61799436e+00	8.59889548e-01	7.58104812e-01
5152            	5.08929472e-02	5.63867495e-02	1.61800192e+00	8.59893906e-01	7.58108012e-01
5153            	5.08919986e-02	5.63853179e-02	1.61800664e+00	8.59895318e-01	7.58111321e-01
5154            	5.08895308e-02	5.63823933e-02	1.61800828e+00	8.59893670e-01	7.58114608e-01
5155            	5.08856779e-02	5.63780357e-02	1.61800690e+00	8.59889127e-01	7.58117771e-01
5156            	5.08806539e-02	5.63723810e-02	1.61800280e+00	8.59882055e-01	7.58120748e-01
5157            	5.08747412e-02	5.63656362e-02	1.61799653e+00	8.59873005e-01	7.58123523e-01
5158            	5.08683208e-02	5.63581175e-02	1.61798889e+00	8.59862766e-01	7.58126124e-01
5159            	5.08617502e-02	5.63501455e-02	1.61798073e+00	8.59852114e-01	7.58128614e-01
5160            	5.08552214e-02	5.63419242e-02	1.61797259e+00	8.59841518e-01	7.58131075e-01
5161            	5.08487239e-02	5.63335088e-02	1.61796466e+00	8.59831052e-01	7.58133604e-01
5162            	5.08420855e-02	5.63248381e-02	1.61795676e+00	8.59820465e-01	7.58136294e-01
5163            	5.08350495e-02	5.63157852e-02	1.61794854e+00	8.59809322e-01	7.58139223e-01
5164            	5.08273408e-02	5.63061984e-02	1.61793956e+00	8.59797118e-01	7.58142437e-01
5165            	5.08187529e-02	5.62959594e-02	1.61792938e+00	8.59783441e-01	7.58145936e-01
5166            	5.08091364e-02	5.62849787e-02	1.61791762e+00	8.59767945e-01	7.58149672e-01
5167            	5.07983498e-02	5.62731552e-02	1.61790382e+00	8.59750258e-01	7.58153559e-01
5168            	5.07863802e-02	5.62604788e-02	1.61788772e+00	8.59730241e-01	7.58157480e-01
5169            	5.07733237e-02	5.62470159e-02	1.61786926e+00	8.59707952e-01	7.58161305e-01
5170            	5.07593792e-02	5.62329082e-02	1.61784857e+00	8.59683663e-01	7.58164905e-01
5171            	5.07448401e-02	5.62183683e-02	1.61782602e+00	8.59657852e-01	7.58168172e-01
5172            	5.07301055e-02	5.62036862e-02	1.61780226e+00	8.59631237e-01	7.58171026e-01
5173            	5.07155685e-02	5.61891473e-02	1.61777798e+00	8.59604557e-01	7.58173420e-01
5174            	5.07015155e-02	5.61749724e-02	1.61775374e+00	8.59578385e-01	7.58175354e-01
5175            	5.06880708e-02	5.61612895e-02	1.61772991e+00	8.59553028e-01	7.58176886e-01
5176            	5.06752733e-02	5.61481651e-02	1.61770673e+00	8.59528637e-01	7.58178090e-01
5177            	5.06631985e-02	5.61356819e-02	1.61768451e+00	8.59505454e-01	7.58179057e-01
5178            	5.06518319e-02	5.61238369e-02	1.61766340e+00	8.59483533e-01	7.58179869e-01
5179            	5.06411023e-02	5.61125729e-02	1.61764342e+00	8.59462812e-01	7.58180607e-01
5180            	5.06309475e-02	5.61018207e-02	1.61762454e+00	8.59443216e-01	7.58181321e-01
5181            	5.06213439e-02	5.60915236e-02	1.61760675e+00	8.59424717e-01	7.58182029e-01
5182            	5.06122933e-02	5.60816478e-02	1.61759005e+00	8.59407319e-01	7.58182732e-01
5183            	5.06037989e-02	5.60721799e-02	1.61757442e+00	8.59391010e-01	7.58183412e-01
5184            	5.05958609e-02	5.60631257e-02	1.61755982e+00	8.59375769e-01	7.58184047e-01
5185            	5.05885290e-02	5.60545286e-02	1.61754627e+00	8.59361664e-01	7.58184605e-01
5186            	5.05819106e-02	5.60464643e-02	1.61753389e+00	8.59348854e-01	7.58185033e-01
5187            	5.05761612e-02	5.60390491e-02	1.61752289e+00	8.59337604e-01	7.58185281e-01
5188            	5.05714327e-02	5.60324082e-02	1.61751350e+00	8.59328185e-01	7.58185320e-01
5189            	5.05678824e-02	5.60266742e-02	1.61750603e+00	8.59320896e-01	7.58185131e-01
5190            	5.05656774e-02	5.60219880e-02	1.61750078e+00	8.59316065e-01	7.58184710e-01
5191            	5.05649648e-02	5.60184820e-02	1.61749807e+00	8.59314001e-01	7.58184071e-01
5192            	5.05657875e-02	5.60162292e-02	1.61749809e+00	8.59314831e-01	7.58183256e-01
5193            	5.05681580e-02	5.60152792e-02	1.61750095e+00	8.59318635e-01	7.58182319e-01
5194            	5.05720560e-02	5.60156312e-02	1.61750673e+00	8.59325423e-01	7.58181311e-01
5195            	5.05773742e-02	5.60172064e-02	1.61751530e+00	8.59335023e-01	7.58180275e-01
5196            	5.05840054e-02	5.60199203e-02	1.61752651e+00	8.59347259e-01	7.58179248e-01
5197            	5.05918994e-02	5.60237306e-02	1.61754032e+00	8.59362059e-01	7.58178260e-01
5198            	5.06010746e-02	5.60286482e-02	1.61755682e+00	8.59379486e-01	7.58177337e-01
5199            	5.06115845e-02	5.60347190e-02	1.61757617e+00	8.59399669e-01	7.58176500e-01
5200            	5.06234810e-02	5.60419939e-02	1.61759850e+00	8.59422731e-01	7.58175769e-01
5201            	5.06367834e-02	5.60507801e-02	1.61762453e+00	8.59449047e-01	7.58175480e-01
5202            	5.06511591e-02	5.60603388e-02	1.61765247e+00	8.59477393e-01	7.58175074e-01
5203            	5.06667635e-02	5.60710103e-02	1.61768300e+00	8.59508262e-01	7.58174735e-01
5204            	5.06834796e-02	5.60823763e-02	1.61771550e+00	8.59541229e-01	7.58174270e-01
5205            	5.07007705e-02	5.60944651e-02	1.61774954e+00	8.59575540e-01	7.58173999e-01
5206            	5.07193865e-02	5.61077971e-02	1.61778645e+00	8.59612611e-01	7.58173838e-01
5207            	5.07391675e-02	5.61220028e-02	1.61782546e+00	8.59651897e-01	7.58173562e-01
5208            	5.07593584e-02	5.61369342e-02	1.61786574e+00	8.59692227e-01	7.58173510e-01
5209            	5.07808895e-02	5.61531911e-02	1.61790906e+00	8.59735422e-01	7.58173642e-01
5210            	5.08027369e-02	5.61697208e-02	1.61795285e+00	8.59779163e-01	7.58173689e-01
5211            	5.08239548e-02	5.61861244e-02	1.61799583e+00	8.59821868e-01	7.58173958e-01
5212            	5.08466405e-02	5.62038701e-02	1.61804237e+00	8.59867826e-01	7.58174545e-01
5213            	5.08699453e-02	5.62220564e-02	1.61809022e+00	8.59915057e-01	7.58175166e-01
5214            	5.08926438e-02	5.62401021e-02	1.61813746e+00	8.59961373e-01	7.58176085e-01
5215            	5.09168903e-02	5.62594525e-02	1.61818870e+00	8.60011240e-01	7.58177460e-01
5216            	5.09408304e-02	5.62784891e-02	1.61823938e+00	8.60060520e-01	7.58178860e-01
5217            	5.09629819e-02	5.62964585e-02	1.61828683e+00	8.60106395e-01	7.58180432e-01
5218            	5.09864635e-02	5.63155505e-02	1.61833788e+00	8.60155402e-01	7.58182475e-01
5219            	5.10092249e-02	5.63340562e-02	1.61838731e+00	8.60202881e-01	7.58184431e-01
5220            	5.10325058e-02	5.63532018e-02	1.61843861e+00	8.60251813e-01	7.58186802e-01
5221            	5.10585648e-02	5.63742944e-02	1.61849630e+00	8.60306715e-01	7.58189585e-01
5222            	5.10796976e-02	5.63922816e-02	1.61854376e+00	8.60351579e-01	7.58192184e-01
5223            	5.10989064e-02	5.64093088e-02	1.61858746e+00	8.60392635e-01	7.58194822e-01
5224            	5.11132212e-02	5.64230765e-02	1.61862060e+00	8.60423520e-01	7.58197078e-01
5225            	5.11281952e-02	5.64371369e-02	1.61865507e+00	8.60455731e-01	7.58199340e-01
5226            	5.11421905e-02	5.64508226e-02	1.61868749e+00	8.60485938e-01	7.58201557e-01
5227            	5.11566146e-02	5.64647822e-02	1.61872096e+00	8.60517094e-01	7.58203864e-01
5228            	5.11762649e-02	5.64831313e-02	1.61876707e+00	8.60559801e-01	7.58207271e-01
5229            	5.11860612e-02	5.64941465e-02	1.61879069e+00	8.60581405e-01	7.58209283e-01
5230            	5.11950974e-02	5.65052248e-02	1.61881346e+00	8.60601828e-01	7.58211633e-01
5231            	5.12052022e-02	5.65176774e-02	1.61883959e+00	8.60624997e-01	7.58214593e-01
5232            	5.12100905e-02	5.65262246e-02	1.61885396e+00	8.60637069e-01	7.58216888e-01
5233            	5.12138795e-02	5.65339370e-02	1.61886625e+00	8.60647005e-01	7.58219246e-01
5234            	5.12165560e-02	5.65411294e-02	1.61887675e+00	8.60654931e-01	7.58221819e-01
5235            	5.12174312e-02	5.65468196e-02	1.61888373e+00	8.60659295e-01	7.58224432e-01
5236            	5.12233693e-02	5.65577630e-02	1.61890454e+00	8.60675638e-01	7.58228900e-01
5237            	5.12208358e-02	5.65612566e-02	1.61890558e+00	8.60673625e-01	7.58231953e-01
5238            	5.12144788e-02	5.65613300e-02	1.61889744e+00	8.60663201e-01	7.58234243e-01
5239            	5.12042649e-02	5.65580105e-02	1.61888041e+00	8.60644468e-01	7.58235938e-01
5240            	5.11920857e-02	5.65529280e-02	1.61885851e+00	8.60621342e-01	7.58237170e-01
5241            	5.11778243e-02	5.65459680e-02	1.61883185e+00	8.60593748e-01	7.58238099e-01
5242            	5.11620600e-02	5.65375320e-02	1.61880138e+00	8.60562752e-01	7.58238632e-01
5243            	5.11449463e-02	5.65278949e-02	1.61876808e+00	8.60528988e-01	7.58239096e-01
5244            	5.11264680e-02	5.65168881e-02	1.61873147e+00	8.60492204e-01	7.58239269e-01
5245            	5.11066985e-02	5.65047702e-02	1.61869231e+00	8.60452855e-01	7.58239458e-01
5246            	5.10856003e-02	5.64913426e-02	1.61864996e+00	8.60410578e-01	7.58239378e-01
5247            	5.10633611e-02	5.64768922e-02	1.61860521e+00	8.60365968e-01	7.58239245e-01
5248            	5.10401440e-02	5.64613808e-02	1.61855779e+00	8.60319040e-01	7.58238752e-01
5249            	5.10165824e-02	5.64454050e-02	1.61850937e+00	8.60271267e-01	7.58238102e-01
5250            	5.09931377e-02	5.64291406e-02	1.61846031e+00	8.60223293e-01	7.58237018e-01
5251            	5.09707139e-02	5.64134249e-02	1.61841296e+00	8.60177193e-01	7.58235765e-01
5252            	5.09499689e-02	5.63986021e-02	1.61836822e+00	8.60134077e-01	7.58234139e-01
5253            	5.09317536e-02	5.63855238e-02	1.61832847e+00	8.60095991e-01	7.58232484e-01
5254            	5.09165630e-02	5.63744263e-02	1.61829445e+00	8.60063788e-01	7.58230662e-01
5255            	5.09048429e-02	5.63658988e-02	1.61826784e+00	8.60038764e-01	7.58229078e-01
5256            	5.08966056e-02	5.63598071e-02	1.61824845e+00	8.60020830e-01	7.58227619e-01
5257            	5.08917166e-02	5.63563069e-02	1.61823680e+00	8.60010118e-01	7.58226684e-01
5258            	5.08897307e-02	5.63550132e-02	1.61823210e+00	8.60005780e-01	7.58226318e-01
5259            	5.08897935e-02	5.63550520e-02	1.61823228e+00	8.60005933e-01	7.58226346e-01
5260            	5.08915606e-02	5.63564208e-02	1.61823711e+00	8.60010114e-01	7.58226993e-01
5261            	5.08938474e-02	5.63582822e-02	1.61824433e+00	8.60016010e-01	7.58228315e-01
5262            	5.08961613e-02	5.63599714e-02	1.61825246e+00	8.60022392e-01	7.58230069e-01
5263            	5.08977624e-02	5.63609487e-02	1.61825968e+00	8.60027602e-01	7.58232077e-01
5264            	5.08984706e-02	5.63613241e-02	1.61826624e+00	8.60031591e-01	7.58234650e-01
5265            	5.08978452e-02	5.63603810e-02	1.61827093e+00	8.60033312e-01	7.58237622e-01
5266            	5.08964245e-02	5.63586081e-02	1.61827356e+00	8.60033205e-01	7.58240356e-01
5267            	5.08935920e-02	5.63551462e-02	1.61827334e+00	8.60030261e-01	7.58243077e-01
5268            	5.08897561e-02	5.63506951e-02	1.61827125e+00	8.60025383e-01	7.58245871e-01
5269            	5.08854599e-02	5.63455783e-02	1.61826793e+00	8.60019424e-01	7.58248504e-01
5270            	5.08798992e-02	5.63388231e-02	1.61826183e+00	8.60010816e-01	7.58251018e-01
5271            	5.08738794e-02	5.63315965e-02	1.61825492e+00	8.60001338e-01	7.58253580e-01
5272            	5.08682300e-02	5.63245371e-02	1.61824853e+00	8.59992495e-01	7.58256035e-01
5273            	5.08618853e-02	5.63164482e-02	1.61824068e+00	8.59982223e-01	7.58258453e-01
5274            	5.08553569e-02	5.63082847e-02	1.61823290e+00	8.59971807e-01	7.58261093e-01
5275            	5.08493048e-02	5.63005226e-02	1.61822616e+00	8.59962386e-01	7.58263777e-01
5276            	5.08420618e-02	5.62914523e-02	1.61821734e+00	8.59950732e-01	7.58266609e-01
5277            	5.08338192e-02	5.62817530e-02	1.61820737e+00	8.59937503e-01	7.58269864e-01
5278            	5.08256619e-02	5.62721960e-02	1.61819774e+00	8.59924534e-01	7.58273210e-01
5279            	5.08157578e-02	5.62609528e-02	1.61818487e+00	8.59908194e-01	7.58276678e-01
5280            	5.08040786e-02	5.62484660e-02	1.61816912e+00	8.59888639e-01	7.58280481e-01
5281            	5.07926643e-02	5.62362969e-02	1.61815358e+00	8.59869455e-01	7.58284126e-01
5282            	5.07795129e-02	5.62225373e-02	1.61813415e+00	8.59846590e-01	7.58287564e-01
5283            	5.07645188e-02	5.62074559e-02	1.61811099e+00	8.59820012e-01	7.58290974e-01
5284            	5.07507532e-02	5.61934803e-02	1.61808941e+00	8.59795457e-01	7.58293951e-01
5285            	5.07362467e-02	5.61787838e-02	1.61806531e+00	8.59768901e-01	7.58296408e-01
5286            	5.07205534e-02	5.61631930e-02	1.61803813e+00	8.59739617e-01	7.58298510e-01
5287            	5.07073116e-02	5.61496617e-02	1.61801505e+00	8.59714837e-01	7.58300214e-01
5288            	5.06943276e-02	5.61363464e-02	1.61799153e+00	8.59690091e-01	7.58301436e-01
5289            	5.06783032e-02	5.61206379e-02	1.61796062e+00	8.59658614e-01	7.58302008e-01
5290            	5.06674013e-02	5.61092084e-02	1.61794038e+00	8.59637590e-01	7.58302787e-01
5291            	5.06577369e-02	5.60988886e-02	1.61792250e+00	8.59618987e-01	7.58303514e-01
5292            	5.06444895e-02	5.60857432e-02	1.61789602e+00	8.59592498e-01	7.58303519e-01
5293            	5.06339535e-02	5.60747086e-02	1.61787539e+00	8.59571649e-01	7.58303742e-01
5294            	5.06257151e-02	5.60654157e-02	1.61785995e+00	8.59555691e-01	7.58304260e-01
5295            	5.06199566e-02	5.60577975e-02	1.61784994e+00	8.59544926e-01	7.58305013e-01
5296            	5.06130666e-02	5.60497110e-02	1.61783821e+00	8.59532174e-01	7.58306041e-01
5297            	5.06083348e-02	5.60434308e-02	1.61783152e+00	8.59524095e-01	7.58307425e-01
5298            	5.06031379e-02	5.60368248e-02	1.61782319e+00	8.59514733e-01	7.58308457e-01
5299            	5.05941644e-02	5.60274287e-02	1.61780556e+00	8.59496946e-01	7.58308617e-01
5300            	5.05878815e-02	5.60199927e-02	1.61779330e+00	8.59484529e-01	7.58308766e-01
5301            	5.05840872e-02	5.60144504e-02	1.61778604e+00	8.59477109e-01	7.58308934e-01
5302            	5.05809647e-02	5.60094512e-02	1.61777947e+00	8.59470699e-01	7.58308770e-01
5303            	5.05758614e-02	5.60025100e-02	1.61776667e+00	8.59459194e-01	7.58307471e-01
5304            	5.05745262e-02	5.59984413e-02	1.61776209e+00	8.59455573e-01	7.58306520e-01
5305            	5.05759839e-02	5.59965914e-02	1.61776360e+00	8.59457786e-01	7.58305818e-01
5306            	5.05787089e-02	5.59955360e-02	1.61776687e+00	8.59462142e-01	7.58304724e-01
5307            	5.05815978e-02	5.59946748e-02	1.61776950e+00	8.59466348e-01	7.58303152e-01
5308            	5.05873498e-02	5.59963935e-02	1.61777895e+00	8.59476825e-01	7.58302125e-01
5309            	5.05942122e-02	5.59993429e-02	1.61779058e+00	8.59489501e-01	7.58301077e-01
5310            	5.06019216e-02	5.60029318e-02	1.61780351e+00	8.59503678e-01	7.58299835e-01
5311            	5.06111988e-02	5.60080149e-02	1.61782000e+00	8.59521198e-01	7.58298801e-01
5312            	5.06216874e-02	5.60143521e-02	1.61783911e+00	8.59541242e-01	7.58297867e-01
5313            	5.06334386e-02	5.60215945e-02	1.61786065e+00	8.59563765e-01	7.58296888e-01
5314            	5.06466407e-02	5.60301715e-02	1.61788564e+00	8.59589459e-01	7.58296178e-01
5315            	5.06611883e-02	5.60400130e-02	1.61791362e+00	8.59617996e-01	7.58295620e-01
5316            	5.06769925e-02	5.60508193e-02	1.61794420e+00	8.59649093e-01	7.58295108e-01
5317            	5.06937051e-02	5.60625395e-02	1.61797690e+00	8.59682154e-01	7.58294744e-01
5318            	5.07111852e-02	5.60750564e-02	1.61801132e+00	8.59716847e-01	7.58294476e-01
5319            	5.07301989e-02	5.60886706e-02	1.61804844e+00	8.59754419e-01	7.58294022e-01
5320            	5.07495468e-02	5.61029046e-02	1.61808686e+00	8.59792979e-01	7.58293885e-01
5321            	5.07696318e-02	5.61179469e-02	1.61812700e+00	8.59833132e-01	7.58293869e-01
5322            	5.07900062e-02	5.61334500e-02	1.61816794e+00	8.59873974e-01	7.58293962e-01
5323            	5.08102915e-02	5.61490763e-02	1.61820885e+00	8.59914715e-01	7.58294132e-01
5324            	5.08318172e-02	5.61653335e-02	1.61825185e+00	8.59957740e-01	7.58294105e-01
5325            	5.08540545e-02	5.61824086e-02	1.61829683e+00	8.60002470e-01	7.58294361e-01
5326            	5.08767623e-02	5.62000894e-02	1.61834323e+00	8.60048379e-01	7.58294854e-01
5327            	5.08995855e-02	5.62181533e-02	1.61839037e+00	8.60094769e-01	7.58295598e-01
5328            	5.09239982e-02	5.62372001e-02	1.61844082e+00	8.60144408e-01	7.58296411e-01
5329            	5.09482108e-02	5.62564680e-02	1.61849164e+00	8.60194031e-01	7.58297609e-01
5330            	5.09715816e-02	5.62754129e-02	1.61854131e+00	8.60242237e-01	7.58299074e-01
5331            	5.09937893e-02	5.62938125e-02	1.61858907e+00	8.60288325e-01	7.58300746e-01
5332            	5.10171563e-02	5.63128890e-02	1.61863943e+00	8.60336871e-01	7.58302558e-01
5333            	5.10397463e-02	5.63317108e-02	1.61868876e+00	8.60384127e-01	7.58304634e-01
5334            	5.10608250e-02	5.63496767e-02	1.61873530e+00	8.60428477e-01	7.58306827e-01
5335            	5.10799246e-02	5.63664394e-02	1.61877792e+00	8.60468886e-01	7.58309037e-01
5336            	5.10997710e-02	5.63835797e-02	1.61882223e+00	8.60510886e-01	7.58311344e-01
5337            	5.11155180e-02	5.63979793e-02	1.61885747e+00	8.60544254e-01	7.58313218e-01
5338            	5.11345717e-02	5.64148513e-02	1.61890066e+00	8.60584900e-01	7.58315757e-01
5339            	5.11518165e-02	5.64309552e-02	1.61894063e+00	8.60622131e-01	7.58318498e-01
5340            	5.11675191e-02	5.64460724e-02	1.61897711e+00	8.60656073e-01	7.58321035e-01
5341            	5.11799470e-02	5.64590699e-02	1.61900655e+00	8.60683222e-01	7.58323328e-01
5342            	5.11897598e-02	5.64703873e-02	1.61903046e+00	8.60704991e-01	7.58325472e-01
5343            	5.12025755e-02	5.64846084e-02	1.61906236e+00	8.60733756e-01	7.58328605e-01
5344            	5.12123543e-02	5.64968032e-02	1.61908790e+00	8.60756305e-01	7.58331596e-01
5345            	5.12192474e-02	5.65070187e-02	1.61910736e+00	8.60772928e-01	7.58334433e-01
5346            	5.12234055e-02	5.65153036e-02	1.61912101e+00	8.60783912e-01	7.58337101e-01
5347            	5.12250140e-02	5.65217334e-02	1.61912919e+00	8.60789609e-01	7.58339581e-01
5348            	5.12242694e-02	5.65263831e-02	1.61913225e+00	8.60790393e-01	7.58341854e-01
5349            	5.12213539e-02	5.65293141e-02	1.61913052e+00	8.60786614e-01	7.58343906e-01
5350            	5.12164239e-02	5.65305742e-02	1.61912431e+00	8.60778580e-01	7.58345733e-01
5351            	5.12096235e-02	5.65302123e-02	1.61911393e+00	8.60766587e-01	7.58347340e-01
5352            	5.12010592e-02	5.65282575e-02	1.61909960e+00	8.60750860e-01	7.58348741e-01
5353            	5.11908293e-02	5.65247500e-02	1.61908157e+00	8.60731616e-01	7.58349957e-01
5354            	5.11790003e-02	5.65197379e-02	1.61906002e+00	8.60709011e-01	7.58351011e-01
5355            	5.11655542e-02	5.65132363e-02	1.61903497e+00	8.60683038e-01	7.58351930e-01
5356            	5.11504380e-02	5.65052369e-02	1.61900633e+00	8.60653601e-01	7.58352725e-01
5357            	5.11335640e-02	5.64956968e-02	1.61897391e+00	8.60620517e-01	7.58353389e-01
5358            	5.11148609e-02	5.64845719e-02	1.61893750e+00	8.60583609e-01	7.58353887e-01
5359            	5.10943620e-02	5.64718741e-02	1.61889706e+00	8.60542890e-01	7.58354166e-01
5360            	5.10722093e-02	5.64576796e-02	1.61885273e+00	8.60498574e-01	7.58354155e-01
5361            	5.10487562e-02	5.64422139e-02	1.61880509e+00	8.60451302e-01	7.58353789e-01
5362            	5.10245750e-02	5.64258646e-02	1.61875519e+00	8.60402169e-01	7.58353019e-01
5363            	5.10003776e-02	5.64091279e-02	1.61870441e+00	8.60352580e-01	7.58351825e-01
5364            	5.09770077e-02	5.63926254e-02	1.61865447e+00	8.60304243e-01	7.58350228e-01
5365            	5.09553378e-02	5.63770287e-02	1.61860726e+00	8.60258970e-01	7.58348295e-01
5366            	5.09361801e-02	5.63629911e-02	1.61856462e+00	8.60218492e-01	7.58346132e-01
5367            	5.09201815e-02	5.63510648e-02	1.61852813e+00	8.60184247e-01	7.58343884e-01
5368            	5.09077682e-02	5.63416568e-02	1.61849898e+00	8.60157260e-01	7.58341723e-01
5369            	5.08990821e-02	5.63349625e-02	1.61847783e+00	8.60137995e-01	7.58339831e-01
5370            	5.08939714e-02	5.63309479e-02	1.61846469e+00	8.60126318e-01	7.58338375e-01
5371            	5.08920096e-02	5.63293550e-02	1.61845902e+00	8.60121519e-01	7.58337500e-01
5372            	5.08925449e-02	5.63297306e-02	1.61845970e+00	8.60122396e-01	7.58337306e-01
5373            	5.08948049e-02	5.63314993e-02	1.61846529e+00	8.60127449e-01	7.58337839e-01
5374            	5.08979657e-02	5.63340179e-02	1.61847410e+00	8.60135015e-01	7.58339084e-01
5375            	5.09012250e-02	5.63366301e-02	1.61848439e+00	8.60143420e-01	7.58340970e-01
5376            	5.09039134e-02	5.63387591e-02	1.61849459e+00	8.60151206e-01	7.58343379e-01
5377            	5.09055214e-02	5.63399347e-02	1.61850337e+00	8.60157208e-01	7.58346165e-01
5378            	5.09057172e-02	5.63398170e-02	1.61850976e+00	8.60160599e-01	7.58349165e-01
5379            	5.09043551e-02	5.63382110e-02	1.61851315e+00	8.60160930e-01	7.58352220e-01
5380            	5.09014687e-02	5.63350756e-02	1.61851333e+00	8.60158134e-01	7.58355196e-01
5381            	5.08972118e-02	5.63304833e-02	1.61851041e+00	8.60152419e-01	7.58357995e-01
5382            	5.08918217e-02	5.63245893e-02	1.61850477e+00	8.60144206e-01	7.58360563e-01
5383            	5.08855885e-02	5.63176113e-02	1.61849697e+00	8.60134073e-01	7.58362896e-01
5384            	5.08788970e-02	5.63098770e-02	1.61848787e+00	8.60122833e-01	7.58365039e-01
5385            	5.08721131e-02	5.63017268e-02	1.61847836e+00	8.60111294e-01	7.58367068e-01
5386            	5.08654112e-02	5.62933647e-02	1.61846898e+00	8.60099902e-01	7.58369079e-01
5387            	5.08587781e-02	5.62848565e-02	1.61845992e+00	8.60088737e-01	7.58371181e-01
5388            	5.08520463e-02	5.62761559e-02	1.61845104e+00	8.60077566e-01	7.58373474e-01
5389            	5.08449613e-02	5.62671420e-02	1.61844200e+00	8.60065960e-01	7.58376037e-01
5390            	5.08372636e-02	5.62576724e-02	1.61843235e+00	8.60053439e-01	7.58378912e-01
5391            	5.08287629e-02	5.62476376e-02	1.61842170e+00	8.60039615e-01	7.58382089e-01
5392            	5.08193005e-02	5.62369363e-02	1.61840963e+00	8.60024117e-01	7.58385516e-01
5393            	5.08087309e-02	5.62254565e-02	1.61839565e+00	8.60006556e-01	7.58389094e-01
5394            	5.07970325e-02	5.62131728e-02	1.61837947e+00	8.59986767e-01	7.58392702e-01
5395            	5.07842916e-02	5.62001345e-02	1.61836098e+00	8.59964784e-01	7.58396201e-01
5396            	5.07706918e-02	5.61864620e-02	1.61834030e+00	8.59940841e-01	7.58399458e-01
5397            	5.07565367e-02	5.61723676e-02	1.61831780e+00	8.59915437e-01	7.58402364e-01
5398            	5.07422177e-02	5.61581318e-02	1.61829412e+00	8.59889277e-01	7.58404841e-01
5399            	5.07280972e-02	5.61440207e-02	1.61826990e+00	8.59863046e-01	7.58406852e-01
5400            	5.07144046e-02	5.61302226e-02	1.61824563e+00	8.59837218e-01	7.58408409e-01
5401            	5.07012387e-02	5.61168525e-02	1.61822163e+00	8.59812055e-01	7.58409578e-01
5402            	5.06886659e-02	5.61039910e-02	1.61819819e+00	8.59787760e-01	7.58410428e-01
5403            	5.06767842e-02	5.60917373e-02	1.61817567e+00	8.59764619e-01	7.58411050e-01
5404            	5.06655867e-02	5.60800966e-02	1.61815423e+00	8.59742701e-01	7.58411527e-01
5405            	5.06550360e-02	5.60690379e-02	1.61813394e+00	8.59722008e-01	7.58411936e-01
5406            	5.06450934e-02	5.60585078e-02	1.61811484e+00	8.59702511e-01	7.58412324e-01
5407            	5.06357512e-02	5.60484672e-02	1.61809692e+00	8.59684212e-01	7.58412710e-01
5408            	5.06270065e-02	5.60388891e-02	1.61808020e+00	8.59667108e-01	7.58413095e-01
5409            	5.06188397e-02	5.60297531e-02	1.61806462e+00	8.59651150e-01	7.58413470e-01
5410            	5.06112475e-02	5.60210644e-02	1.61805012e+00	8.59636307e-01	7.58413812e-01
5411            	5.06042833e-02	5.60128590e-02	1.61803674e+00	8.59622651e-01	7.58414085e-01
5412            	5.05980532e-02	5.60052062e-02	1.61802457e+00	8.59610338e-01	7.58414232e-01
5413            	5.05927020e-02	5.59982123e-02	1.61801381e+00	8.59599608e-01	7.58414204e-01
5414            	5.05883632e-02	5.59919887e-02	1.61800467e+00	8.59590700e-01	7.58413973e-01
5415            	5.05851947e-02	5.59866626e-02	1.61799743e+00	8.59583908e-01	7.58413518e-01
5416            	5.05833524e-02	5.59823672e-02	1.61799237e+00	8.59579539e-01	7.58412834e-01
5417            	5.05829590e-02	5.59792206e-02	1.61798979e+00	8.59577854e-01	7.58411936e-01
5418            	5.05840262e-02	5.59772771e-02	1.61798979e+00	8.59578924e-01	7.58410871e-01
5419            	5.05865780e-02	5.59765843e-02	1.61799253e+00	8.59582843e-01	7.58409687e-01
5420            	5.05905778e-02	5.59771256e-02	1.61799801e+00	8.59589585e-01	7.58408429e-01
5421            	5.05959261e-02	5.59788293e-02	1.61800613e+00	8.59598993e-01	7.58407141e-01
5422            	5.06025491e-02	5.59816371e-02	1.61801681e+00	8.59610956e-01	7.58405857e-01
5423            	5.06104317e-02	5.59855351e-02	1.61803009e+00	8.59625474e-01	7.58404611e-01
5424            	5.06196222e-02	5.59905588e-02	1.61804610e+00	8.59642673e-01	7.58403429e-01
5425            	5.06301673e-02	5.59967528e-02	1.61806501e+00	8.59662670e-01	7.58402335e-01
5426            	5.06421297e-02	5.60041770e-02	1.61808696e+00	8.59685611e-01	7.58401352e-01
5427            	5.06554797e-02	5.60128223e-02	1.61811194e+00	8.59711451e-01	7.58400491e-01
5428            	5.06699556e-02	5.60227745e-02	1.61814005e+00	8.59739980e-01	7.58400069e-01
5429            	5.06852881e-02	5.60333353e-02	1.61816960e+00	8.59770090e-01	7.58399513e-01
5430            	5.07018008e-02	5.60449621e-02	1.61820160e+00	8.59802603e-01	7.58399002e-01
5431            	5.07194314e-02	5.60572976e-02	1.61823556e+00	8.59837213e-01	7.58398350e-01
5432            	5.07375968e-02	5.60703334e-02	1.61827101e+00	8.59873103e-01	7.58397909e-01
5433            	5.07573427e-02	5.60848045e-02	1.61830988e+00	8.59912281e-01	7.58397595e-01
5434            	5.07781126e-02	5.61000596e-02	1.61835058e+00	8.59953404e-01	7.58397179e-01
5435            	5.07987250e-02	5.61155872e-02	1.61839143e+00	8.59994441e-01	7.58396991e-01
5436            	5.08203830e-02	5.61321881e-02	1.61843473e+00	8.60037750e-01	7.58396984e-01
5437            	5.08422586e-02	5.61489926e-02	1.61847833e+00	8.60081425e-01	7.58396908e-01
5438            	5.08637223e-02	5.61658564e-02	1.61852164e+00	8.60124540e-01	7.58397096e-01
5439            	5.08869721e-02	5.61843063e-02	1.61856924e+00	8.60171593e-01	7.58397648e-01
5440            	5.09106415e-02	5.62030515e-02	1.61861777e+00	8.60219529e-01	7.58398246e-01
5441            	5.09331008e-02	5.62211769e-02	1.61866443e+00	8.60265314e-01	7.58399112e-01
5442            	5.09567717e-02	5.62403359e-02	1.61871439e+00	8.60313966e-01	7.58400423e-01
5443            	5.09798968e-02	5.62589889e-02	1.61876327e+00	8.60361531e-01	7.58401737e-01
5444            	5.10034640e-02	5.62781851e-02	1.61881395e+00	8.60410440e-01	7.58403512e-01
5445            	5.10323697e-02	5.63010604e-02	1.61887683e+00	8.60470786e-01	7.58406046e-01
5446            	5.10525440e-02	5.63183092e-02	1.61892120e+00	8.60513145e-01	7.58408057e-01
5447            	5.10715978e-02	5.63347342e-02	1.61896326e+00	8.60553228e-01	7.58410032e-01
5448            	5.10911909e-02	5.63517676e-02	1.61900698e+00	8.60594680e-01	7.58412298e-01
5449            	5.11085038e-02	5.63672486e-02	1.61904562e+00	8.60631315e-01	7.58414308e-01
5450            	5.11234748e-02	5.63814695e-02	1.61907950e+00	8.60663225e-01	7.58416276e-01
5451            	5.11396002e-02	5.63967883e-02	1.61911604e+00	8.60697618e-01	7.58418418e-01
5452            	5.11521389e-02	5.64095711e-02	1.61914461e+00	8.60724444e-01	7.58420166e-01
5453            	5.11658596e-02	5.64229688e-02	1.61917562e+00	8.60753672e-01	7.58421952e-01
5454            	5.11819457e-02	5.64383945e-02	1.61921233e+00	8.60788112e-01	7.58424220e-01
5455            	5.11932594e-02	5.64502285e-02	1.61923834e+00	8.60812429e-01	7.58425910e-01
5456            	5.12035346e-02	5.64620347e-02	1.61926336e+00	8.60835213e-01	7.58428144e-01
5457            	5.12165936e-02	5.64768658e-02	1.61929626e+00	8.60864722e-01	7.58431535e-01
5458            	5.12219940e-02	5.64859274e-02	1.61931175e+00	8.60877868e-01	7.58433880e-01
5459            	5.12252254e-02	5.64933462e-02	1.61932277e+00	8.60886611e-01	7.58436161e-01
5460            	5.12276380e-02	5.65006575e-02	1.61933279e+00	8.60894035e-01	7.58438759e-01
5461            	5.12271157e-02	5.65054911e-02	1.61933656e+00	8.60895395e-01	7.58441163e-01
5462            	5.12262422e-02	5.65103667e-02	1.61934022e+00	8.60896352e-01	7.58443868e-01
5463            	5.12215714e-02	5.65118917e-02	1.61933521e+00	8.60889179e-01	7.58446036e-01
5464            	5.12144202e-02	5.65114063e-02	1.61932487e+00	8.60876857e-01	7.58448017e-01
5465            	5.12052380e-02	5.65090964e-02	1.61930957e+00	8.60860022e-01	7.58449546e-01
5466            	5.11938179e-02	5.65047827e-02	1.61928911e+00	8.60838372e-01	7.58450736e-01
5467            	5.11806393e-02	5.64987143e-02	1.61926409e+00	8.60812686e-01	7.58451407e-01
5468            	5.11658430e-02	5.64911658e-02	1.61923547e+00	8.60783577e-01	7.58451891e-01
5469            	5.11493827e-02	5.64819216e-02	1.61920271e+00	8.60750739e-01	7.58451974e-01
5470            	5.11314171e-02	5.64713525e-02	1.61916687e+00	8.60714854e-01	7.58452020e-01
5471            	5.11118705e-02	5.64592550e-02	1.61912733e+00	8.60675537e-01	7.58451796e-01
5472            	5.10909281e-02	5.64459504e-02	1.61908497e+00	8.60633413e-01	7.58451557e-01
5473            	5.10686668e-02	5.64313653e-02	1.61903938e+00	8.60588356e-01	7.58451022e-01
5474            	5.10456176e-02	5.64160213e-02	1.61899200e+00	8.60541616e-01	7.58450381e-01
5475            	5.10221728e-02	5.64000527e-02	1.61894302e+00	8.60493685e-01	7.58449339e-01
5476            	5.09991862e-02	5.63842230e-02	1.61889461e+00	8.60446489e-01	7.58448117e-01
5477            	5.09772939e-02	5.63688408e-02	1.61884754e+00	8.60401063e-01	7.58446475e-01
5478            	5.09573811e-02	5.63547483e-02	1.61880420e+00	8.60359480e-01	7.58444718e-01
5479            	5.09400500e-02	5.63422512e-02	1.61876548e+00	8.60322790e-01	7.58442690e-01
5480            	5.09258811e-02	5.63320183e-02	1.61873331e+00	8.60292534e-01	7.58440771e-01
5481            	5.09155913e-02	5.63246036e-02	1.61870947e+00	8.60270328e-01	7.58439145e-01
5482            	5.09083398e-02	5.63191870e-02	1.61869188e+00	8.60254279e-01	7.58437599e-01
5483            	5.09038133e-02	5.63158662e-02	1.61868027e+00	8.60243951e-01	7.58436324e-01
5484            	5.09020924e-02	5.63147637e-02	1.61867575e+00	8.60239967e-01	7.58435783e-01
5485            	5.09023153e-02	5.63150408e-02	1.61867597e+00	8.60240302e-01	7.58435671e-01
5486            	5.09037699e-02	5.63163936e-02	1.61868013e+00	8.60243834e-01	7.58436294e-01
5487            	5.09056587e-02	5.63180531e-02	1.61868623e+00	8.60248771e-01	7.58437454e-01
5488            	5.09074607e-02	5.63193575e-02	1.61869292e+00	8.60253923e-01	7.58439002e-01
5489            	5.09088147e-02	5.63202178e-02	1.61869987e+00	8.60258748e-01	7.58441119e-01
5490            	5.09092393e-02	5.63201202e-02	1.61870498e+00	8.60261730e-01	7.58443252e-01
5491            	5.09084814e-02	5.63191108e-02	1.61870866e+00	8.60262811e-01	7.58445848e-01
5492            	5.09061761e-02	5.63165624e-02	1.61870963e+00	8.60260989e-01	7.58448637e-01
5493            	5.09033112e-02	5.63133782e-02	1.61870893e+00	8.60257774e-01	7.58451151e-01
5494            	5.08991101e-02	5.63085764e-02	1.61870526e+00	8.60251742e-01	7.58453522e-01
5495            	5.08940783e-02	5.63029345e-02	1.61869995e+00	8.60244053e-01	7.58455897e-01
5496            	5.08889222e-02	5.62969081e-02	1.61869402e+00	8.60235934e-01	7.58458090e-01
5497            	5.08827845e-02	5.62894731e-02	1.61868589e+00	8.60225729e-01	7.58460160e-01
5498            	5.08764828e-02	5.62818171e-02	1.61867763e+00	8.60215298e-01	7.58462333e-01
5499            	5.08707042e-02	5.62744634e-02	1.61867038e+00	8.60205893e-01	7.58464485e-01
5500            	5.08641053e-02	5.62660050e-02	1.61866155e+00	8.60194880e-01	7.58466669e-01
5501            	5.08570288e-02	5.62572877e-02	1.61865240e+00	8.60183228e-01	7.58469170e-01
5502            	5.08502452e-02	5.62488788e-02	1.61864406e+00	8.60172277e-01	7.58471786e-01
5503            	5.08420106e-02	5.62390193e-02	1.61863314e+00	8.60158582e-01	7.58474561e-01
5504            	5.08325567e-02	5.62284067e-02	1.61862062e+00	8.60142868e-01	7.58477755e-01
5505            	5.08232656e-02	5.62180407e-02	1.61860851e+00	8.60127522e-01	7.58480991e-01
5506            	5.08121828e-02	5.62060198e-02	1.61859284e+00	8.60108604e-01	7.58484239e-01
5507            	5.07993581e-02	5.61928100e-02	1.61857409e+00	8.60086404e-01	7.58487687e-01
5508            	5.07870763e-02	5.61801407e-02	1.61855593e+00	8.60065039e-01	7.58490887e-01
5509            	5.07733645e-02	5.61661529e-02	1.61853419e+00	8.60040461e-01	7.58493732e-01
5510            	5.07582230e-02	5.61511578e-02	1.61850926e+00	8.60012855e-01	7.58496409e-01
5511            	5.07447338e-02	5.61375464e-02	1.61848674e+00	8.59988104e-01	7.58498636e-01
5512            	5.07309680e-02	5.61235733e-02	1.61846253e+00	8.59962231e-01	7.58500295e-01
5513            	5.07162418e-02	5.61088807e-02	1.61843560e+00	8.59934042e-01	7.58501558e-01
5514            	5.07037828e-02	5.60960751e-02	1.61841265e+00	8.59910109e-01	7.58502544e-01
5515            	5.06917095e-02	5.60836533e-02	1.61838975e+00	8.59886583e-01	7.58503164e-01
5516            	5.06794544e-02	5.60710650e-02	1.61836574e+00	8.59862323e-01	7.58503414e-01
5517            	5.06695479e-02	5.60603662e-02	1.61834645e+00	8.59842773e-01	7.58503677e-01
5518            	5.06612375e-02	5.60510928e-02	1.61833066e+00	8.59826567e-01	7.58504092e-01
5519            	5.06523939e-02	5.60418831e-02	1.61831423e+00	8.59809508e-01	7.58504720e-01
5520            	5.06429272e-02	5.60320547e-02	1.61829618e+00	8.59791019e-01	7.58505164e-01
5521            	5.06346847e-02	5.60231135e-02	1.61828067e+00	8.59775019e-01	7.58505649e-01
5522            	5.06262286e-02	5.60142499e-02	1.61826487e+00	8.59758666e-01	7.58506209e-01
5523            	5.06171867e-02	5.60045957e-02	1.61824724e+00	8.59740806e-01	7.58506432e-01
5524            	5.06082363e-02	5.59948964e-02	1.61822919e+00	8.59722833e-01	7.58506361e-01
5525            	5.06021625e-02	5.59873696e-02	1.61821729e+00	8.59710806e-01	7.58506481e-01
5526            	5.05983259e-02	5.59813941e-02	1.61820963e+00	8.59703139e-01	7.58506488e-01
5527            	5.05949917e-02	5.59755138e-02	1.61820181e+00	8.59695895e-01	7.58505912e-01
5528            	5.05909468e-02	5.59691268e-02	1.61819149e+00	8.59686693e-01	7.58504800e-01
5529            	5.05902200e-02	5.59654959e-02	1.61818830e+00	8.59684372e-01	7.58503932e-01
5530            	5.05906963e-02	5.59631449e-02	1.61818715e+00	8.59684273e-01	7.58502880e-01
5531            	5.05918442e-02	5.59613144e-02	1.61818665e+00	8.59685169e-01	7.58501481e-01
5532            	5.05950321e-02	5.59612851e-02	1.61819041e+00	8.59690239e-01	7.58500175e-01
5533            	5.05993488e-02	5.59624870e-02	1.61819645e+00	8.59697575e-01	7.58498877e-01
5534            	5.06044797e-02	5.59642982e-02	1.61820401e+00	8.59706485e-01	7.58497526e-01
5535            	5.06112087e-02	5.59674432e-02	1.61821521e+00	8.59718812e-01	7.58496395e-01
5536            	5.06190789e-02	5.59713668e-02	1.61822834e+00	8.59733247e-01	7.58495090e-01
5537            	5.06284861e-02	5.59765581e-02	1.61824506e+00	8.59751019e-01	7.58494046e-01
5538            	5.06393674e-02	5.59829963e-02	1.61826507e+00	8.59771903e-01	7.58493168e-01
5539            	5.06515312e-02	5.59906437e-02	1.61828767e+00	8.59795364e-01	7.58492301e-01
5540            	5.06649136e-02	5.59992080e-02	1.61831250e+00	8.59821163e-01	7.58491336e-01
5541            	5.06793812e-02	5.60088349e-02	1.61833967e+00	8.59849217e-01	7.58490455e-01
5542            	5.06946467e-02	5.60193227e-02	1.61836865e+00	8.59878970e-01	7.58489676e-01
5543            	5.07109987e-02	5.60308909e-02	1.61839982e+00	8.59910911e-01	7.58488913e-01
5544            	5.07284329e-02	5.60432956e-02	1.61843305e+00	8.59944959e-01	7.58488093e-01
5545            	5.07466757e-02	5.60565579e-02	1.61846819e+00	8.59980772e-01	7.58487420e-01
5546            	5.07665834e-02	5.60713141e-02	1.61850693e+00	8.60020051e-01	7.58486884e-01
5547            	5.07875689e-02	5.60870474e-02	1.61854820e+00	8.60061668e-01	7.58486530e-01
5548            	5.08087646e-02	5.61032225e-02	1.61859033e+00	8.60103930e-01	7.58486401e-01
5549            	5.08297013e-02	5.61194597e-02	1.61863234e+00	8.60145871e-01	7.58486468e-01
5550            	5.08517914e-02	5.61363821e-02	1.61867654e+00	8.60190060e-01	7.58486478e-01
5551            	5.08727920e-02	5.61529159e-02	1.61871904e+00	8.60232312e-01	7.58486728e-01
5552            	5.08975202e-02	5.61719684e-02	1.61876927e+00	8.60282154e-01	7.58487113e-01
5553            	5.09197520e-02	5.61897022e-02	1.61881496e+00	8.60327231e-01	7.58487727e-01
5554            	5.09429760e-02	5.62084890e-02	1.61886339e+00	8.60374671e-01	7.58488719e-01
5555            	5.09656915e-02	5.62268782e-02	1.61891070e+00	8.60421040e-01	7.58489657e-01
5556            	5.09872197e-02	5.62445997e-02	1.61895588e+00	8.60465158e-01	7.58490719e-01
5557            	5.10100907e-02	5.62634881e-02	1.61900468e+00	8.60512429e-01	7.58492247e-01
5558            	5.10299620e-02	5.62803717e-02	1.61904715e+00	8.60553537e-01	7.58493613e-01
5559            	5.10531197e-02	5.62995692e-02	1.61909709e+00	8.60601664e-01	7.58495425e-01
5560            	5.10726054e-02	5.63162942e-02	1.61913959e+00	8.60642398e-01	7.58497187e-01
5561            	5.10928630e-02	5.63332793e-02	1.61918377e+00	8.60684748e-01	7.58499022e-01
5562            	5.11120827e-02	5.63499466e-02	1.61922629e+00	8.60725230e-01	7.58501064e-01
5563            	5.11316841e-02	5.63668943e-02	1.61926981e+00	8.60766588e-01	7.58503219e-01
5564            	5.11471100e-02	5.63812249e-02	1.61930415e+00	8.60799185e-01	7.58504965e-01
5565            	5.11668124e-02	5.63991479e-02	1.61934897e+00	8.60841298e-01	7.58507673e-01
5566            	5.11797770e-02	5.64125081e-02	1.61937906e+00	8.60869305e-01	7.58509751e-01
5567            	5.11924268e-02	5.64264378e-02	1.61940960e+00	8.60897227e-01	7.58512373e-01
5568            	5.12020970e-02	5.64381131e-02	1.61943292e+00	8.60918557e-01	7.58514363e-01
5569            	5.12094468e-02	5.64482342e-02	1.61945140e+00	8.60935148e-01	7.58516254e-01
5570            	5.12147831e-02	5.64569181e-02	1.61946575e+00	8.60947657e-01	7.58518091e-01
5571            	5.12236807e-02	5.64690388e-02	1.61948966e+00	8.60968509e-01	7.58521148e-01
5572            	5.12296632e-02	5.64789311e-02	1.61950749e+00	8.60983406e-01	7.58524080e-01
5573            	5.12325795e-02	5.64864267e-02	1.61951877e+00	8.60991967e-01	7.58526808e-01
5574            	5.12324201e-02	5.64914716e-02	1.61952333e+00	8.60994083e-01	7.58529243e-01
5575            	5.12292904e-02	5.64941012e-02	1.61952120e+00	8.60989888e-01	7.58531307e-01
5576            	5.12234146e-02	5.64944470e-02	1.61951274e+00	8.60979785e-01	7.58532955e-01
5577            	5.12151050e-02	5.64927140e-02	1.61949857e+00	8.60964390e-01	7.58534180e-01
5578            	5.12047124e-02	5.64891437e-02	1.61947947e+00	8.60944446e-01	7.58535021e-01
5579            	5.11925919e-02	5.64839901e-02	1.61945628e+00	8.60920734e-01	7.58535550e-01
5580            	5.11790180e-02	5.64774702e-02	1.61942976e+00	8.60893900e-01	7.58535864e-01
5581            	5.11641438e-02	5.64697232e-02	1.61940040e+00	8.60864344e-01	7.58536057e-01
5582            	5.11480126e-02	5.64608070e-02	1.61936841e+00	8.60832219e-01	7.58536194e-01
5583            	5.11305929e-02	5.64507099e-02	1.61933378e+00	8.60797485e-01	7.58536299e-01
5584            	5.11118437e-02	5.64394070e-02	1.61929639e+00	8.60760041e-01	7.58536353e-01
5585            	5.10917645e-02	5.64268888e-02	1.61925613e+00	8.60719828e-01	7.58536299e-01
5586            	5.10704703e-02	5.64132215e-02	1.61921305e+00	8.60676996e-01	7.58536055e-01
5587            	5.10482380e-02	5.63985865e-02	1.61916756e+00	8.60632017e-01	7.58535541e-01
5588            	5.10255450e-02	5.63833120e-02	1.61912046e+00	8.60585777e-01	7.58534687e-01
5589            	5.10030054e-02	5.63678331e-02	1.61907293e+00	8.60539469e-01	7.58533458e-01
5590            	5.09813447e-02	5.63526869e-02	1.61902641e+00	8.60494550e-01	7.58531861e-01
5591            	5.09613358e-02	5.63384661e-02	1.61898256e+00	8.60452616e-01	7.58529945e-01
5592            	5.09436917e-02	5.63257411e-02	1.61894300e+00	8.60415194e-01	7.58527810e-01
5593            	5.09289887e-02	5.63149937e-02	1.61890916e+00	8.60383567e-01	7.58525589e-01
5594            	5.09175986e-02	5.63065683e-02	1.61888209e+00	8.60358641e-01	7.58523444e-01
5595            	5.09096338e-02	5.63006116e-02	1.61886236e+00	8.60340813e-01	7.58521545e-01
5596            	5.09049379e-02	5.62970633e-02	1.61884998e+00	8.60329929e-01	7.58520053e-01
5597            	5.09031040e-02	5.62956627e-02	1.61884441e+00	8.60325311e-01	7.58519103e-01
5598            	5.09035192e-02	5.62959745e-02	1.61884462e+00	8.60325828e-01	7.58518790e-01
5599            	5.09054670e-02	5.62974656e-02	1.61884925e+00	8.60330092e-01	7.58519158e-01
5600            	5.09081749e-02	5.62995380e-02	1.61885674e+00	8.60336545e-01	7.58520195e-01
5601            	5.09109007e-02	5.63015978e-02	1.61886548e+00	8.60343642e-01	7.58521840e-01
5602            	5.09130330e-02	5.63031330e-02	1.61887404e+00	8.60350053e-01	7.58523987e-01
5603            	5.09141030e-02	5.63037252e-02	1.61888120e+00	8.60354705e-01	7.58526499e-01
5604            	5.09138112e-02	5.63030775e-02	1.61888608e+00	8.60356849e-01	7.58529226e-01
5605            	5.09120385e-02	5.63010324e-02	1.61888812e+00	8.60356099e-01	7.58532022e-01
5606            	5.09088313e-02	5.62975706e-02	1.61888717e+00	8.60352418e-01	7.58534755e-01
5607            	5.09043346e-02	5.62927618e-02	1.61888333e+00	8.60346002e-01	7.58537333e-01
5608            	5.08987755e-02	5.62867495e-02	1.61887695e+00	8.60337251e-01	7.58539700e-01
5609            	5.08924423e-02	5.62797456e-02	1.61886859e+00	8.60326736e-01	7.58541851e-01
5610            	5.08857129e-02	5.62720645e-02	1.61885907e+00	8.60315250e-01	7.58543824e-01
5611            	5.08789001e-02	5.62639950e-02	1.61884918e+00	8.60303488e-01	7.58545688e-01
5612            	5.08721270e-02	5.62556896e-02	1.61883931e+00	8.60291783e-01	7.58547529e-01
5613            	5.08653477e-02	5.62471819e-02	1.61882959e+00	8.60280143e-01	7.58549447e-01
5614            	5.08583797e-02	5.62384087e-02	1.61881983e+00	8.60268297e-01	7.58551537e-01
5615            	5.08509988e-02	5.62292641e-02	1.61880974e+00	8.60255868e-01	7.58553870e-01
5616            	5.08429714e-02	5.62196208e-02	1.61879890e+00	8.60242421e-01	7.58556478e-01
5617            	5.08341759e-02	5.62094260e-02	1.61878706e+00	8.60227707e-01	7.58559355e-01
5618            	5.08244519e-02	5.61985800e-02	1.61877380e+00	8.60211353e-01	7.58562449e-01
5619            	5.08136848e-02	5.61870015e-02	1.61875870e+00	8.60193037e-01	7.58565668e-01
5620            	5.08018867e-02	5.61746976e-02	1.61874157e+00	8.60172672e-01	7.58568898e-01
5621            	5.07891537e-02	5.61617269e-02	1.61872233e+00	8.60150317e-01	7.58572010e-01
5622            	5.07756820e-02	5.61482200e-02	1.61870112e+00	8.60126244e-01	7.58574880e-01
5623            	5.07618093e-02	5.61344151e-02	1.61867843e+00	8.60101026e-01	7.58577408e-01
5624            	5.07478943e-02	5.61205685e-02	1.61865484e+00	8.60075315e-01	7.58579526e-01
5625            	5.07342344e-02	5.61069033e-02	1.61863089e+00	8.60049679e-01	7.58581210e-01
5626            	5.07209763e-02	5.60935528e-02	1.61860691e+00	8.60024433e-01	7.58582480e-01
5627            	5.07082101e-02	5.60806154e-02	1.61858321e+00	8.59999815e-01	7.58583395e-01
5628            	5.06960197e-02	5.60681742e-02	1.61856007e+00	8.59976054e-01	7.58584015e-01
5629            	5.06844838e-02	5.60563059e-02	1.61853780e+00	8.59953383e-01	7.58584416e-01
5630            	5.06735992e-02	5.60450121e-02	1.61851656e+00	8.59931877e-01	7.58584678e-01
5631            	5.06633421e-02	5.60342640e-02	1.61849641e+00	8.59911548e-01	7.58584864e-01
5632            	5.06537047e-02	5.60240285e-02	1.61847743e+00	8.59892418e-01	7.58585009e-01
5633            	5.06446880e-02	5.60142828e-02	1.61845965e+00	8.59874511e-01	7.58585135e-01
5634            	5.06362790e-02	5.60050070e-02	1.61844305e+00	8.59857804e-01	7.58585246e-01
5635            	5.06284461e-02	5.59961846e-02	1.61842757e+00	8.59842232e-01	7.58585340e-01
5636            	5.06212166e-02	5.59878397e-02	1.61841323e+00	8.59827832e-01	7.58585398e-01
5637            	5.06146610e-02	5.59800145e-02	1.61840008e+00	8.59814701e-01	7.58585379e-01
5638            	5.06089044e-02	5.59727946e-02	1.61838827e+00	8.59803041e-01	7.58585233e-01
5639            	5.06040693e-02	5.59662746e-02	1.61837798e+00	8.59793061e-01	7.58584922e-01
5640            	5.06002897e-02	5.59605646e-02	1.61836943e+00	8.59785003e-01	7.58584423e-01
5641            	5.05977145e-02	5.59557828e-02	1.61836286e+00	8.59779144e-01	7.58583715e-01
5642            	5.05964914e-02	5.59520590e-02	1.61835858e+00	8.59775781e-01	7.58582798e-01
5643            	5.05966791e-02	5.59494707e-02	1.61835675e+00	8.59775052e-01	7.58581694e-01
5644            	5.05982854e-02	5.59480653e-02	1.61835746e+00	8.59777017e-01	7.58580446e-01
5645            	5.06013206e-02	5.59478659e-02	1.61836083e+00	8.59781735e-01	7.58579094e-01
5646            	5.06057205e-02	5.59488317e-02	1.61836679e+00	8.59789117e-01	7.58577676e-01
5647            	5.06113966e-02	5.59508979e-02	1.61837525e+00	8.59799020e-01	7.58576226e-01
5648            	5.06183159e-02	5.59540391e-02	1.61838619e+00	8.59811411e-01	7.58574779e-01
5649            	5.06265019e-02	5.59582713e-02	1.61839973e+00	8.59826368e-01	7.58573365e-01
5650            	5.06360220e-02	5.59636490e-02	1.61841606e+00	8.59844054e-01	7.58572010e-01
5651            	5.06469365e-02	5.59702297e-02	1.61843536e+00	8.59864616e-01	7.58570743e-01
5652            	5.06592674e-02	5.59780448e-02	1.61845771e+00	8.59888121e-01	7.58569586e-01
5653            	5.06729321e-02	5.59870431e-02	1.61848296e+00	8.59914413e-01	7.58568549e-01
5654            	5.06877439e-02	5.59970866e-02	1.61851075e+00	8.59943117e-01	7.58567630e-01
5655            	5.07035235e-02	5.60080447e-02	1.61854068e+00	8.59973864e-01	7.58566817e-01
5656            	5.07198220e-02	5.60198616e-02	1.61857244e+00	8.60006041e-01	7.58566397e-01
5657            	5.07369606e-02	5.60322654e-02	1.61860554e+00	8.60039732e-01	7.58565811e-01
5658            	5.07557313e-02	5.60460652e-02	1.61864201e+00	8.60076736e-01	7.58565274e-01
5659            	5.07758674e-02	5.60607840e-02	1.61868096e+00	8.60116346e-01	7.58564611e-01
5660            	5.07960881e-02	5.60758737e-02	1.61872055e+00	8.60156363e-01	7.58564187e-01
5661            	5.08174210e-02	5.60920025e-02	1.61876267e+00	8.60198758e-01	7.58563916e-01
5662            	5.08390137e-02	5.61083159e-02	1.61880511e+00	8.60241568e-01	7.58563541e-01
5663            	5.08600481e-02	5.61245994e-02	1.61884695e+00	8.60283521e-01	7.58563425e-01
5664            	5.08827155e-02	5.61424111e-02	1.61889263e+00	8.60329031e-01	7.58563600e-01
5665            	5.09058232e-02	5.61606313e-02	1.61893921e+00	8.60375428e-01	7.58563782e-01
5666            	5.09280854e-02	5.61785824e-02	1.61898466e+00	8.60420416e-01	7.58564245e-01
5667            	5.09516040e-02	5.61976838e-02	1.61903343e+00	8.60468319e-01	7.58565111e-01
5668            	5.09746298e-02	5.62163614e-02	1.61908122e+00	8.60515238e-01	7.58565979e-01
5669            	5.09980589e-02	5.62355633e-02	1.61913078e+00	8.60563447e-01	7.58567329e-01
5670            	5.10268777e-02	5.62584438e-02	1.61919255e+00	8.60623154e-01	7.58569398e-01
5671            	5.10486823e-02	5.62767938e-02	1.61923990e+00	8.60668634e-01	7.58571270e-01
5672            	5.10679829e-02	5.62934146e-02	1.61928207e+00	8.60709020e-01	7.58573054e-01
5673            	5.10919656e-02	5.63136727e-02	1.61933597e+00	8.60759949e-01	7.58576018e-01
5674            	5.11080910e-02	5.63283919e-02	1.61937163e+00	8.60793907e-01	7.58577725e-01
5675            	5.11222495e-02	5.63418239e-02	1.61940306e+00	8.60823778e-01	7.58579279e-01
5676            	5.11402295e-02	5.63581477e-02	1.61944326e+00	8.60861861e-01	7.58581402e-01
5677            	5.11519429e-02	5.63700437e-02	1.61946913e+00	8.60886506e-01	7.58582620e-01
5678            	5.11633034e-02	5.63816651e-02	1.61949412e+00	8.60910362e-01	7.58583755e-01
5679            	5.11758778e-02	5.63944722e-02	1.61952217e+00	8.60936965e-01	7.58585209e-01
5680            	5.11872206e-02	5.64064819e-02	1.61954763e+00	8.60961036e-01	7.58586595e-01
5681            	5.12025873e-02	5.64223394e-02	1.61958378e+00	8.60994479e-01	7.58589305e-01
5682            	5.12155328e-02	5.64366115e-02	1.61961481e+00	8.61022939e-01	7.58591874e-01
5683            	5.12213556e-02	5.64451506e-02	1.61962960e+00	8.61036158e-01	7.58593447e-01
5684            	5.12252119e-02	5.64527547e-02	1.61964116e+00	8.61045793e-01	7.58595369e-01
5685            	5.12314609e-02	5.64630473e-02	1.61965962e+00	8.61061271e-01	7.58598349e-01
5686            	5.12306054e-02	5.64674578e-02	1.61966167e+00	8.61061441e-01	7.58600230e-01
5687            	5.12281816e-02	5.64705421e-02	1.61966056e+00	8.61058461e-01	7.58602098e-01
5688            	5.12267037e-02	5.64748585e-02	1.61966240e+00	8.61057901e-01	7.58604494e-01
5689            	5.12213690e-02	5.64757961e-02	1.61965561e+00	8.61049176e-01	7.58606438e-01
5690            	5.12144406e-02	5.64753845e-02	1.61964510e+00	8.61036991e-01	7.58608110e-01
5691            	5.12048589e-02	5.64726387e-02	1.61962862e+00	8.61019170e-01	7.58609453e-01
5692            	5.11935097e-02	5.64682433e-02	1.61960773e+00	8.60997373e-01	7.58610354e-01
5693            	5.11802578e-02	5.64621414e-02	1.61958252e+00	8.60971520e-01	7.58611004e-01
5694            	5.11652079e-02	5.64542686e-02	1.61955281e+00	8.60941611e-01	7.58611195e-01
5695            	5.11485147e-02	5.64449626e-02	1.61951956e+00	8.60908294e-01	7.58611264e-01
5696            	5.11301203e-02	5.64339918e-02	1.61948219e+00	8.60871215e-01	7.58610974e-01
5697            	5.11102021e-02	5.64217059e-02	1.61944164e+00	8.60831021e-01	7.58610617e-01
5698            	5.10888414e-02	5.64080106e-02	1.61939755e+00	8.60787618e-01	7.58609935e-01
5699            	5.10664479e-02	5.63933599e-02	1.61935119e+00	8.60742044e-01	7.58609149e-01
5700            	5.10433599e-02	5.63778525e-02	1.61930269e+00	8.60694703e-01	7.58607983e-01
5701            	5.10203684e-02	5.63622059e-02	1.61925406e+00	8.60647396e-01	7.58606659e-01
5702            	5.09980575e-02	5.63466905e-02	1.61920599e+00	8.60601053e-01	7.58604938e-01
5703            	5.09773031e-02	5.63321288e-02	1.61916081e+00	8.60557710e-01	7.58603104e-01
5704            	5.09587383e-02	5.63188498e-02	1.61911945e+00	8.60518463e-01	7.58600987e-01
5705            	5.09430094e-02	5.63075591e-02	1.61908389e+00	8.60484956e-01	7.58598937e-01
5706            	5.09310350e-02	5.62989606e-02	1.61905633e+00	8.60459201e-01	7.58597131e-01
5707            	5.09220108e-02	5.62922757e-02	1.61903470e+00	8.60439363e-01	7.58595341e-01
5708            	5.09156192e-02	5.62876091e-02	1.61901870e+00	8.60424967e-01	7.58593729e-01
5709            	5.09123591e-02	5.62853870e-02	1.61901033e+00	8.60417522e-01	7.58592804e-01
5710            	5.09113103e-02	5.62847555e-02	1.61900711e+00	8.60414865e-01	7.58592244e-01
5711            	5.09118972e-02	5.62855088e-02	1.61900858e+00	8.60416189e-01	7.58592394e-01
5712            	5.09133257e-02	5.62868969e-02	1.61901284e+00	8.60419748e-01	7.58593096e-01
5713            	5.09150230e-02	5.62882374e-02	1.61901842e+00	8.60424233e-01	7.58594187e-01
5714            	5.09166024e-02	5.62894316e-02	1.61902488e+00	8.60429042e-01	7.58595837e-01
5715            	5.09173756e-02	5.62897740e-02	1.61902995e+00	8.60432353e-01	7.58597602e-01
5716            	5.09171190e-02	5.62893575e-02	1.61903395e+00	8.60434096e-01	7.58599858e-01
5717            	5.09154470e-02	5.62875479e-02	1.61903558e+00	8.60433238e-01	7.58602344e-01
5718            	5.09130798e-02	5.62849805e-02	1.61903541e+00	8.60430785e-01	7.58604625e-01
5719            	5.09093474e-02	5.62807968e-02	1.61903228e+00	8.60425486e-01	7.58606791e-01
5720            	5.09047041e-02	5.62757142e-02	1.61902736e+00	8.60418385e-01	7.58608977e-01
5721            	5.08997928e-02	5.62701224e-02	1.61902156e+00	8.60410574e-01	7.58610988e-01
5722            	5.08937520e-02	5.62630088e-02	1.61901322e+00	8.60400362e-01	7.58612858e-01
5723            	5.08874412e-02	5.62555635e-02	1.61900448e+00	8.60389681e-01	7.58614798e-01
5724            	5.08815999e-02	5.62483454e-02	1.61899660e+00	8.60379898e-01	7.58616698e-01
5725            	5.08750236e-02	5.62400732e-02	1.61898723e+00	8.60368641e-01	7.58618594e-01
5726            	5.08681653e-02	5.62316613e-02	1.61897785e+00	8.60357091e-01	7.58620760e-01
5727            	5.08617005e-02	5.62236062e-02	1.61896947e+00	8.60346437e-01	7.58623036e-01
5728            	5.08539629e-02	5.62142275e-02	1.61895885e+00	8.60333389e-01	7.58625464e-01
5729            	5.08451760e-02	5.62042125e-02	1.61894695e+00	8.60318649e-01	7.58628297e-01
5730            	5.08365821e-02	5.61944556e-02	1.61893561e+00	8.60304385e-01	7.58631221e-01
5731            	5.08262984e-02	5.61831197e-02	1.61892100e+00	8.60286801e-01	7.58634204e-01
5732            	5.08143732e-02	5.61706772e-02	1.61890361e+00	8.60266178e-01	7.58637432e-01
5733            	5.08028466e-02	5.61586657e-02	1.61888666e+00	8.60246178e-01	7.58640485e-01
5734            	5.07897744e-02	5.61452433e-02	1.61886605e+00	8.60222798e-01	7.58643249e-01
5735            	5.07751590e-02	5.61307324e-02	1.61884211e+00	8.60196214e-01	7.58645896e-01
5736            	5.07619216e-02	5.61173925e-02	1.61882009e+00	8.60171969e-01	7.58648126e-01
5737            	5.07481766e-02	5.61035003e-02	1.61879597e+00	8.60146161e-01	7.58649808e-01
5738            	5.07334580e-02	5.60888857e-02	1.61876915e+00	8.60118035e-01	7.58651119e-01
5739            	5.07209165e-02	5.60760817e-02	1.61874609e+00	8.60093959e-01	7.58652126e-01
5740            	5.07085917e-02	5.60634774e-02	1.61872261e+00	8.60069895e-01	7.58652712e-01
5741            	5.06956591e-02	5.60503487e-02	1.61869701e+00	8.60044164e-01	7.58652846e-01
5742            	5.06849581e-02	5.60389525e-02	1.61867569e+00	8.60022805e-01	7.58652889e-01
5743            	5.06746474e-02	5.60283001e-02	1.61865536e+00	8.60002326e-01	7.58653031e-01
5744            	5.06649885e-02	5.60184009e-02	1.61863675e+00	8.59983362e-01	7.58653385e-01
5745            	5.06570098e-02	5.60098139e-02	1.61862178e+00	8.59967898e-01	7.58653879e-01
5746            	5.06490081e-02	5.60011212e-02	1.61860642e+00	8.59952217e-01	7.58654201e-01
5747            	5.06406679e-02	5.59920463e-02	1.61859010e+00	8.59935718e-01	7.58654383e-01
5748            	5.06336594e-02	5.59838309e-02	1.61857642e+00	8.59921867e-01	7.58654548e-01
5749            	5.06266079e-02	5.59757904e-02	1.61856259e+00	8.59907902e-01	7.58654686e-01
5750            	5.06197337e-02	5.59678101e-02	1.61854881e+00	8.59894139e-01	7.58654672e-01
5751            	5.06143242e-02	5.59609140e-02	1.61853777e+00	8.59883207e-01	7.58654559e-01
5752            	5.06092741e-02	5.59541528e-02	1.61852649e+00	8.59872518e-01	7.58653970e-01
5753            	5.06051875e-02	5.59480780e-02	1.61851664e+00	8.59863505e-01	7.58653130e-01
5754            	5.06031410e-02	5.59435543e-02	1.61851065e+00	8.59858464e-01	7.58652182e-01
5755            	5.06020443e-02	5.59399919e-02	1.61850612e+00	8.59855105e-01	7.58651017e-01
5756            	5.06017627e-02	5.59369670e-02	1.61850252e+00	8.59853023e-01	7.58649498e-01
5757            	5.06033608e-02	5.59354954e-02	1.61850261e+00	8.59854664e-01	7.58647943e-01
5758            	5.06068405e-02	5.59355878e-02	1.61850655e+00	8.59860114e-01	7.58646433e-01
5759            	5.06113883e-02	5.59367459e-02	1.61851240e+00	8.59867589e-01	7.58644813e-01
5760            	5.06175199e-02	5.59392746e-02	1.61852181e+00	8.59878425e-01	7.58643385e-01
5761            	5.06247912e-02	5.59426858e-02	1.61853312e+00	8.59891350e-01	7.58641768e-01
5762            	5.06335836e-02	5.59474143e-02	1.61854790e+00	8.59907531e-01	7.58640364e-01
5763            	5.06439052e-02	5.59535195e-02	1.61856626e+00	8.59927034e-01	7.58639223e-01
5764            	5.06554784e-02	5.59608699e-02	1.61858732e+00	8.59949139e-01	7.58638182e-01
5765            	5.06682584e-02	5.59690713e-02	1.61861063e+00	8.59973573e-01	7.58637056e-01
5766            	5.06821386e-02	5.59783691e-02	1.61863654e+00	8.60000407e-01	7.58636130e-01
5767            	5.06970730e-02	5.59887633e-02	1.61866473e+00	8.60029439e-01	7.58635293e-01
5768            	5.07130142e-02	5.59998477e-02	1.61869474e+00	8.60060385e-01	7.58634357e-01
5769            	5.07294750e-02	5.60115822e-02	1.61872612e+00	8.60092533e-01	7.58633583e-01
5770            	5.07471351e-02	5.60244740e-02	1.61876003e+00	8.60127148e-01	7.58632877e-01
5771            	5.07662399e-02	5.60384289e-02	1.61879672e+00	8.60164602e-01	7.58632123e-01
5772            	5.07857786e-02	5.60529895e-02	1.61883463e+00	8.60203092e-01	7.58631535e-01
5773            	5.08064168e-02	5.60685973e-02	1.61887492e+00	8.60243878e-01	7.58631045e-01
5774            	5.08278835e-02	5.60849157e-02	1.61891705e+00	8.60286410e-01	7.58630643e-01
5775            	5.08492992e-02	5.61014635e-02	1.61895949e+00	8.60329045e-01	7.58630446e-01
5776            	5.08707495e-02	5.61183184e-02	1.61900244e+00	8.60371968e-01	7.58630469e-01
5777            	5.08922375e-02	5.61354636e-02	1.61904587e+00	8.60415175e-01	7.58630700e-01
5778            	5.09153536e-02	5.61536043e-02	1.61909254e+00	8.60461623e-01	7.58630916e-01
5779            	5.09382763e-02	5.61717671e-02	1.61913929e+00	8.60507922e-01	7.58631370e-01
5780            	5.09608121e-02	5.61898019e-02	1.61918566e+00	8.60553640e-01	7.58632016e-01
5781            	5.09826839e-02	5.62075395e-02	1.61923103e+00	8.60598199e-01	7.58632832e-01
5782            	5.10038009e-02	5.62249263e-02	1.61927515e+00	8.60641378e-01	7.58633776e-01
5783            	5.10265258e-02	5.62435961e-02	1.61932315e+00	8.60688102e-01	7.58635051e-01
5784            	5.10483788e-02	5.62618703e-02	1.61936967e+00	8.60733212e-01	7.58636454e-01
5785            	5.10692033e-02	5.62796682e-02	1.61941451e+00	8.60776456e-01	7.58638050e-01
5786            	5.10884106e-02	5.62965341e-02	1.61945630e+00	8.60816562e-01	7.58639740e-01
5787            	5.11085047e-02	5.63138828e-02	1.61950015e+00	8.60858581e-01	7.58641572e-01
5788            	5.11272556e-02	5.63304373e-02	1.61954130e+00	8.60897903e-01	7.58643392e-01
5789            	5.11446133e-02	5.63462616e-02	1.61957983e+00	8.60934530e-01	7.58645303e-01
5790            	5.11601869e-02	5.63611290e-02	1.61961491e+00	8.60967641e-01	7.58647267e-01
5791            	5.11736532e-02	5.63747609e-02	1.61964567e+00	8.60996490e-01	7.58649184e-01
5792            	5.11878375e-02	5.63890405e-02	1.61967826e+00	8.61026967e-01	7.58651292e-01
5793            	5.11997237e-02	5.64018152e-02	1.61970580e+00	8.61052626e-01	7.58653178e-01
5794            	5.12097442e-02	5.64135267e-02	1.61972971e+00	8.61074601e-01	7.58655113e-01
5795            	5.12177259e-02	5.64240522e-02	1.61974965e+00	8.61092549e-01	7.58657097e-01
5796            	5.12264457e-02	5.64356077e-02	1.61977210e+00	8.61112497e-01	7.58659605e-01
5797            	5.12308448e-02	5.64437269e-02	1.61978476e+00	8.61123224e-01	7.58661534e-01
5798            	5.12327470e-02	5.64500671e-02	1.61979227e+00	8.61128881e-01	7.58663387e-01
5799            	5.12361203e-02	5.64583375e-02	1.61980449e+00	8.61138363e-01	7.58666122e-01
5800            	5.12356075e-02	5.64634489e-02	1.61980808e+00	8.61139646e-01	7.58668431e-01
5801            	5.12316153e-02	5.64656474e-02	1.61980386e+00	8.61133547e-01	7.58670317e-01
5802            	5.12246500e-02	5.64652794e-02	1.61979288e+00	8.61121088e-01	7.58671788e-01
5803            	5.12152326e-02	5.64627195e-02	1.61977621e+00	8.61103336e-01	7.58672871e-01
5804            	5.12038453e-02	5.64583235e-02	1.61975490e+00	8.61081296e-01	7.58673605e-01
5805            	5.11909014e-02	5.64524177e-02	1.61972988e+00	8.61055843e-01	7.58674040e-01
5806            	5.11766469e-02	5.64452288e-02	1.61970178e+00	8.61027536e-01	7.58674243e-01
5807            	5.11611976e-02	5.64368906e-02	1.61967094e+00	8.60996666e-01	7.58674271e-01
5808            	5.11445501e-02	5.64274376e-02	1.61963743e+00	8.60963264e-01	7.58674164e-01
5809            	5.11266483e-02	5.64168482e-02	1.61960117e+00	8.60927234e-01	7.58673938e-01
5810            	5.11074656e-02	5.64051020e-02	1.61956209e+00	8.60888509e-01	7.58673578e-01
5811            	5.10870246e-02	5.63922008e-02	1.61952014e+00	8.60847096e-01	7.58673047e-01
5812            	5.10655119e-02	5.63782559e-02	1.61947562e+00	8.60803323e-01	7.58672299e-01
5813            	5.10433059e-02	5.63635192e-02	1.61942919e+00	8.60757901e-01	7.58671289e-01
5814            	5.10209468e-02	5.63483634e-02	1.61938187e+00	8.60711880e-01	7.58669986e-01
5815            	5.09991075e-02	5.63332737e-02	1.61933499e+00	8.60666602e-01	7.58668387e-01
5816            	5.09785301e-02	5.63188098e-02	1.61929010e+00	8.60623581e-01	7.58666521e-01
5817            	5.09599528e-02	5.63055498e-02	1.61924881e+00	8.60584356e-01	7.58664450e-01
5818            	5.09440006e-02	5.62940062e-02	1.61921254e+00	8.60550273e-01	7.58662271e-01
5819            	5.09311422e-02	5.62845932e-02	1.61918250e+00	8.60522394e-01	7.58660110e-01
5820            	5.09216080e-02	5.62775503e-02	1.61915944e+00	8.60501327e-01	7.58658111e-01
5821            	5.09153671e-02	5.62729147e-02	1.61914357e+00	8.60487154e-01	7.58656419e-01
5822            	5.09121336e-02	5.62705227e-02	1.61913460e+00	8.60479435e-01	7.58655168e-01
5823            	5.09113923e-02	5.62700211e-02	1.61913171e+00	8.60477246e-01	7.58654461e-01
5824            	5.09124863e-02	5.62709276e-02	1.61913370e+00	8.60479337e-01	7.58654364e-01
5825            	5.09146812e-02	5.62726811e-02	1.61913915e+00	8.60484258e-01	7.58654896e-01
5826            	5.09172253e-02	5.62746851e-02	1.61914650e+00	8.60490476e-01	7.58656025e-01
5827            	5.09194504e-02	5.62763924e-02	1.61915426e+00	8.60496580e-01	7.58657679e-01
5828            	5.09208281e-02	5.62773438e-02	1.61916115e+00	8.60501404e-01	7.58659748e-01
5829            	5.09209900e-02	5.62771918e-02	1.61916618e+00	8.60504081e-01	7.58662101e-01
5830            	5.09197456e-02	5.62757226e-02	1.61916869e+00	8.60504091e-01	7.58664600e-01
5831            	5.09170729e-02	5.62728602e-02	1.61916837e+00	8.60501258e-01	7.58667112e-01
5832            	5.09130823e-02	5.62686469e-02	1.61916523e+00	8.60495698e-01	7.58669533e-01
5833            	5.09079565e-02	5.62631906e-02	1.61915949e+00	8.60487701e-01	7.58671789e-01
5834            	5.09019408e-02	5.62566600e-02	1.61915158e+00	8.60477730e-01	7.58673848e-01
5835            	5.08953600e-02	5.62493130e-02	1.61914217e+00	8.60466446e-01	7.58675726e-01
5836            	5.08885758e-02	5.62414690e-02	1.61913209e+00	8.60454623e-01	7.58677471e-01
5837            	5.08817997e-02	5.62333451e-02	1.61912192e+00	8.60442757e-01	7.58679158e-01
5838            	5.08750661e-02	5.62250308e-02	1.61911188e+00	8.60431007e-01	7.58680875e-01
5839            	5.08682534e-02	5.62165064e-02	1.61910193e+00	8.60419221e-01	7.58682714e-01
5840            	5.08611438e-02	5.62076752e-02	1.61909179e+00	8.60407041e-01	7.58684753e-01
5841            	5.08535245e-02	5.61984299e-02	1.61908113e+00	8.60394091e-01	7.58687042e-01
5842            	5.08451989e-02	5.61886618e-02	1.61906958e+00	8.60379988e-01	7.58689590e-01
5843            	5.08360535e-02	5.61783147e-02	1.61905685e+00	8.60364477e-01	7.58692370e-01
5844            	5.08259384e-02	5.61672867e-02	1.61904250e+00	8.60347190e-01	7.58695313e-01
5845            	5.08147950e-02	5.61555329e-02	1.61902623e+00	8.60327908e-01	7.58698318e-01
5846            	5.08026869e-02	5.61430954e-02	1.61900791e+00	8.60306643e-01	7.58701269e-01
5847            	5.07897516e-02	5.61300582e-02	1.61898758e+00	8.60283543e-01	7.58704040e-01
5848            	5.07762478e-02	5.61165976e-02	1.61896554e+00	8.60259019e-01	7.58706523e-01
5849            	5.07625304e-02	5.61029676e-02	1.61894234e+00	8.60233698e-01	7.58708637e-01
5850            	5.07489217e-02	5.60894034e-02	1.61891852e+00	8.60208182e-01	7.58710338e-01
5851            	5.07356279e-02	5.60760755e-02	1.61889451e+00	8.60182884e-01	7.58711628e-01
5852            	5.07227462e-02	5.60630850e-02	1.61887058e+00	8.60158038e-01	7.58712546e-01
5853            	5.07103766e-02	5.60505306e-02	1.61884705e+00	8.60133903e-01	7.58713150e-01
5854            	5.06986122e-02	5.60385008e-02	1.61882424e+00	8.60110730e-01	7.58713506e-01
5855            	5.06875048e-02	5.60270457e-02	1.61880238e+00	8.60088694e-01	7.58713684e-01
5856            	5.06770319e-02	5.60161455e-02	1.61878157e+00	8.60067819e-01	7.58713755e-01
5857            	5.06671933e-02	5.60057791e-02	1.61876192e+00	8.60048151e-01	7.58713764e-01
5858            	5.06579881e-02	5.59959221e-02	1.61874345e+00	8.60029715e-01	7.58713739e-01
5859            	5.06494090e-02	5.59865551e-02	1.61872621e+00	8.60012513e-01	7.58713695e-01
5860            	5.06414177e-02	5.59776542e-02	1.61871011e+00	8.59996471e-01	7.58713636e-01
5861            	5.06340080e-02	5.59692195e-02	1.61869512e+00	8.59981567e-01	7.58713551e-01
5862            	5.06272340e-02	5.59612854e-02	1.61868129e+00	8.59967880e-01	7.58713412e-01
5863            	5.06211908e-02	5.59539101e-02	1.61866873e+00	8.59955554e-01	7.58713172e-01
5864            	5.06160087e-02	5.59471887e-02	1.61865760e+00	8.59944807e-01	7.58712790e-01
5865            	5.06117999e-02	5.59412121e-02	1.61864807e+00	8.59935835e-01	7.58712235e-01
5866            	5.06087116e-02	5.59360943e-02	1.61864039e+00	8.59928908e-01	7.58711485e-01
5867            	5.06068864e-02	5.59319563e-02	1.61863483e+00	8.59924301e-01	7.58710528e-01
5868            	5.06064286e-02	5.59289023e-02	1.61863161e+00	8.59922233e-01	7.58709376e-01
5869            	5.06073458e-02	5.59269816e-02	1.61863082e+00	8.59922757e-01	7.58708066e-01
5870            	5.06096652e-02	5.59262376e-02	1.61863260e+00	8.59925963e-01	7.58706633e-01
5871            	5.06133533e-02	5.59266535e-02	1.61863694e+00	8.59931822e-01	7.58705115e-01
5872            	5.06183278e-02	5.59281736e-02	1.61864375e+00	8.59940205e-01	7.58703549e-01
5873            	5.06245428e-02	5.59307649e-02	1.61865302e+00	8.59951053e-01	7.58701967e-01
5874            	5.06320003e-02	5.59344273e-02	1.61866480e+00	8.59964401e-01	7.58700400e-01
5875            	5.06407681e-02	5.59392131e-02	1.61867929e+00	8.59980413e-01	7.58698877e-01
5876            	5.06508986e-02	5.59451712e-02	1.61869665e+00	8.59999223e-01	7.58697426e-01
5877            	5.06624503e-02	5.59523595e-02	1.61871705e+00	8.60020975e-01	7.58696074e-01
5878            	5.06753730e-02	5.59607539e-02	1.61874042e+00	8.60045583e-01	7.58694837e-01
5879            	5.06895099e-02	5.59702424e-02	1.61876645e+00	8.60072735e-01	7.58693715e-01
5880            	5.07046775e-02	5.59806890e-02	1.61879476e+00	8.60102059e-01	7.58692704e-01
5881            	5.07207632e-02	5.59920090e-02	1.61882511e+00	8.60133317e-01	7.58691790e-01
5882            	5.07377796e-02	5.60042122e-02	1.61885750e+00	8.60166527e-01	7.58690968e-01
5883            	5.07558095e-02	5.60173654e-02	1.61889209e+00	8.60201855e-01	7.58690236e-01
5884            	5.07749611e-02	5.60315567e-02	1.61892912e+00	8.60239522e-01	7.58689600e-01
5885            	5.07950368e-02	5.60466346e-02	1.61896821e+00	8.60279140e-01	7.58689066e-01
5886            	5.08156883e-02	5.60623152e-02	1.61900862e+00	8.60320001e-01	7.58688624e-01
5887            	5.08366526e-02	5.60783869e-02	1.61904985e+00	8.60361577e-01	7.58688272e-01
5888            	5.08579601e-02	5.60948725e-02	1.61909198e+00	8.60403952e-01	7.58688032e-01
5889            	5.08798509e-02	5.61119711e-02	1.61913558e+00	8.60447642e-01	7.58687940e-01
5890            	5.09023812e-02	5.61297347e-02	1.61918083e+00	8.60492797e-01	7.58688034e-01
5891            	5.09253306e-02	5.61479896e-02	1.61922731e+00	8.60538987e-01	7.58688326e-01
5892            	5.09482839e-02	5.61664042e-02	1.61927419e+00	8.60585380e-01	7.58688812e-01
5893            	5.09709602e-02	5.61847621e-02	1.61932090e+00	8.60631410e-01	7.58689490e-01
5894            	5.09932748e-02	5.62029952e-02	1.61936727e+00	8.60676908e-01	7.58690359e-01
5895            	5.10152678e-02	5.62211350e-02	1.61941336e+00	8.60721949e-01	7.58691413e-01
5896            	5.10368898e-02	5.62391500e-02	1.61945904e+00	8.60766412e-01	7.58692632e-01
5897            	5.10579703e-02	5.62569010e-02	1.61950391e+00	8.60809926e-01	7.58693985e-01
5898            	5.10783100e-02	5.62742496e-02	1.61954754e+00	8.60852081e-01	7.58695461e-01
5899            	5.10977805e-02	5.62911198e-02	1.61958964e+00	8.60892601e-01	7.58697041e-01
5900            	5.11163626e-02	5.63075165e-02	1.61963014e+00	8.60931433e-01	7.58698708e-01
5901            	5.11340356e-02	5.63234423e-02	1.61966896e+00	8.60968513e-01	7.58700442e-01
5902            	5.11507172e-02	5.63388644e-02	1.61970590e+00	8.61003666e-01	7.58702232e-01
5903            	5.11662418e-02	5.63536822e-02	1.61974062e+00	8.61036552e-01	7.58704068e-01
5904            	5.11804648e-02	5.63678068e-02	1.61977283e+00	8.61066878e-01	7.58705948e-01
5905            	5.11932589e-02	5.63811625e-02	1.61980226e+00	8.61094389e-01	7.58707871e-01
5906            	5.12044988e-02	5.63936570e-02	1.61982866e+00	8.61118829e-01	7.58709831e-01
5907            	5.12140547e-02	5.64051778e-02	1.61985176e+00	8.61139934e-01	7.58711824e-01
5908            	5.12218359e-02	5.64156285e-02	1.61987135e+00	8.61157509e-01	7.58713837e-01
5909            	5.12277496e-02	5.64248977e-02	1.61988720e+00	8.61171352e-01	7.58715852e-01
5910            	5.12317024e-02	5.64328621e-02	1.61989910e+00	8.61181250e-01	7.58717845e-01
5911            	5.12336374e-02	5.64394188e-02	1.61990685e+00	8.61187061e-01	7.58719786e-01
5912            	5.12335228e-02	5.64444713e-02	1.61991032e+00	8.61188685e-01	7.58721640e-01
5913            	5.12313449e-02	5.64479323e-02	1.61990942e+00	8.61186057e-01	7.58723367e-01
5914            	5.12271252e-02	5.64497480e-02	1.61990412e+00	8.61179183e-01	7.58724933e-01
5915            	5.12209046e-02	5.64498852e-02	1.61989442e+00	8.61168113e-01	7.58726304e-01
5916            	5.12127479e-02	5.64483368e-02	1.61988042e+00	8.61152956e-01	7.58727460e-01
5917            	5.12027378e-02	5.64451190e-02	1.61986225e+00	8.61133862e-01	7.58728386e-01
5918            	5.11909644e-02	5.64402817e-02	1.61984009e+00	8.61111008e-01	7.58729079e-01
5919            	5.11774611e-02	5.64338593e-02	1.61981402e+00	8.61084471e-01	7.58729549e-01
5920            	5.11622425e-02	5.64258789e-02	1.61978410e+00	8.61054290e-01	7.58729805e-01
5921            	5.11453016e-02	5.64163458e-02	1.61975030e+00	8.61020449e-01	7.58729846e-01
5922            	5.11266619e-02	5.64052795e-02	1.61971264e+00	8.60982983e-01	7.58729659e-01
5923            	5.11064284e-02	5.63927472e-02	1.61967129e+00	8.60942076e-01	7.58729219e-01
5924            	5.10848134e-02	5.63788900e-02	1.61962661e+00	8.60898118e-01	7.58728491e-01
5925            	5.10621847e-02	5.63639614e-02	1.61957926e+00	8.60851815e-01	7.58727446e-01
5926            	5.10391010e-02	5.63483589e-02	1.61953033e+00	8.60804266e-01	7.58726064e-01
5927            	5.10162330e-02	5.63325731e-02	1.61948117e+00	8.60756820e-01	7.58724354e-01
5928            	5.09943312e-02	5.63171709e-02	1.61943336e+00	8.60711012e-01	7.58722350e-01
5929            	5.09741577e-02	5.63027527e-02	1.61938855e+00	8.60668434e-01	7.58720119e-01
5930            	5.09563997e-02	5.62898803e-02	1.61934831e+00	8.60630556e-01	7.58717757e-01
5931            	5.09415977e-02	5.62790233e-02	1.61931397e+00	8.60598581e-01	7.58715385e-01
5932            	5.09300928e-02	5.62705154e-02	1.61928648e+00	8.60573333e-01	7.58713147e-01
5933            	5.09219741e-02	5.62644929e-02	1.61926633e+00	8.60555138e-01	7.58711190e-01
5934            	5.09170764e-02	5.62608917e-02	1.61925345e+00	8.60543800e-01	7.58709647e-01
5935            	5.09149973e-02	5.62594514e-02	1.61924725e+00	8.60538624e-01	7.58708629e-01
5936            	5.09151378e-02	5.62597398e-02	1.61924670e+00	8.60538487e-01	7.58708211e-01
5937            	5.09167968e-02	5.62612232e-02	1.61925044e+00	8.60542016e-01	7.58708422e-01
5938            	5.09192216e-02	5.62633045e-02	1.61925693e+00	8.60547687e-01	7.58709244e-01
5939            	5.09216847e-02	5.62653870e-02	1.61926459e+00	8.60553982e-01	7.58710612e-01
5940            	5.09235694e-02	5.62669427e-02	1.61927199e+00	8.60559566e-01	7.58712427e-01
5941            	5.09244162e-02	5.62675493e-02	1.61927796e+00	8.60563397e-01	7.58714564e-01
5942            	5.09239388e-02	5.62669130e-02	1.61928165e+00	8.60564764e-01	7.58716887e-01
5943            	5.09220227e-02	5.62648774e-02	1.61928257e+00	8.60563308e-01	7.58719263e-01
5944            	5.09187152e-02	5.62614264e-02	1.61928059e+00	8.60559009e-01	7.58721578e-01
5945            	5.09141709e-02	5.62566464e-02	1.61927585e+00	8.60552095e-01	7.58723753e-01
5946            	5.09086096e-02	5.62506870e-02	1.61926870e+00	8.60542959e-01	7.58725740e-01
5947            	5.09022956e-02	5.62437491e-02	1.61925967e+00	8.60532131e-01	7.58727540e-01
5948            	5.08955799e-02	5.62361326e-02	1.61924954e+00	8.60520351e-01	7.58729192e-01
5949            	5.08887917e-02	5.62281481e-02	1.61923911e+00	8.60508348e-01	7.58730765e-01
5950            	5.08820836e-02	5.62199781e-02	1.61922885e+00	8.60496509e-01	7.58732342e-01
5951            	5.08754303e-02	5.62116744e-02	1.61921889e+00	8.60484876e-01	7.58734015e-01
5952            	5.08686633e-02	5.62031823e-02	1.61920906e+00	8.60473195e-01	7.58735869e-01
5953            	5.08615520e-02	5.61943869e-02	1.61919904e+00	8.60461071e-01	7.58737967e-01
5954            	5.08538754e-02	5.61851656e-02	1.61918843e+00	8.60448089e-01	7.58740338e-01
5955            	5.08454617e-02	5.61754188e-02	1.61917686e+00	8.60433890e-01	7.58742967e-01
5956            	5.08361752e-02	5.61650614e-02	1.61916396e+00	8.60418154e-01	7.58745804e-01
5957            	5.08258733e-02	5.61539866e-02	1.61914927e+00	8.60400507e-01	7.58748761e-01
5958            	5.08145300e-02	5.61421664e-02	1.61913251e+00	8.60380784e-01	7.58751724e-01
5959            	5.08022338e-02	5.61296534e-02	1.61911361e+00	8.60359039e-01	7.58754571e-01
5960            	5.07891574e-02	5.61165550e-02	1.61909268e+00	8.60335496e-01	7.58757181e-01
5961            	5.07755995e-02	5.61030797e-02	1.61907011e+00	8.60310656e-01	7.58759457e-01
5962            	5.07619179e-02	5.60894863e-02	1.61904650e+00	8.60285170e-01	7.58761334e-01
5963            	5.07484096e-02	5.60760015e-02	1.61902240e+00	8.60259609e-01	7.58762790e-01
5964            	5.07352396e-02	5.60627749e-02	1.61899817e+00	8.60234326e-01	7.58763847e-01
5965            	5.07225141e-02	5.60499175e-02	1.61897415e+00	8.60209588e-01	7.58764560e-01
5966            	5.07103228e-02	5.60375172e-02	1.61895061e+00	8.60185628e-01	7.58764983e-01
5967            	5.06987679e-02	5.60256726e-02	1.61892792e+00	8.60162726e-01	7.58765190e-01
5968            	5.06878819e-02	5.60144160e-02	1.61890628e+00	8.60141024e-01	7.58765260e-01
5969            	5.06776513e-02	5.60037300e-02	1.61888581e+00	8.60120555e-01	7.58765252e-01
5970            	5.06680709e-02	5.59935871e-02	1.61886655e+00	8.60101346e-01	7.58765204e-01
5971            	5.06591284e-02	5.59839563e-02	1.61884853e+00	8.60083392e-01	7.58765135e-01
5972            	5.06508032e-02	5.59748135e-02	1.61883171e+00	8.60066660e-01	7.58765054e-01
5973            	5.06430506e-02	5.59661311e-02	1.61881602e+00	8.60051059e-01	7.58764958e-01
5974            	5.06358850e-02	5.59579186e-02	1.61880143e+00	8.60036599e-01	7.58764829e-01
5975            	5.06293714e-02	5.59502137e-02	1.61878800e+00	8.60023369e-01	7.58764626e-01
5976            	5.06236179e-02	5.59430860e-02	1.61877584e+00	8.60011538e-01	7.58764302e-01
5977            	5.06187442e-02	5.59366261e-02	1.61876513e+00	8.60001308e-01	7.58763819e-01
5978            	5.06148743e-02	5.59309331e-02	1.61875605e+00	8.59992897e-01	7.58763149e-01
5979            	5.06121588e-02	5.59261265e-02	1.61874886e+00	8.59986590e-01	7.58762273e-01
5980            	5.06107337e-02	5.59223252e-02	1.61874384e+00	8.59982654e-01	7.58761187e-01
5981            	5.06106685e-02	5.59196142e-02	1.61874116e+00	8.59981250e-01	7.58759913e-01
5982            	5.06119750e-02	5.59180438e-02	1.61874094e+00	8.59982443e-01	7.58758493e-01
5983            	5.06146726e-02	5.59176447e-02	1.61874327e+00	8.59986309e-01	7.58756964e-01
5984            	5.06187078e-02	5.59183842e-02	1.61874815e+00	8.59992781e-01	7.58755365e-01
5985            	5.06240030e-02	5.59202088e-02	1.61875547e+00	8.60001736e-01	7.58753730e-01
5986            	5.06305314e-02	5.59230980e-02	1.61876525e+00	8.60013154e-01	7.58752091e-01
5987            	5.06383211e-02	5.59270730e-02	1.61877760e+00	8.60027123e-01	7.58750481e-01
5988            	5.06474448e-02	5.59321902e-02	1.61879274e+00	8.60043814e-01	7.58748925e-01
5989            	5.06579614e-02	5.59385053e-02	1.61881083e+00	8.60063375e-01	7.58747452e-01
5990            	5.06698911e-02	5.59460483e-02	1.61883195e+00	8.60085866e-01	7.58746084e-01
5991            	5.06831520e-02	5.59547690e-02	1.61885597e+00	8.60111136e-01	7.58744832e-01
5992            	5.06975600e-02	5.59645329e-02	1.61888250e+00	8.60138812e-01	7.58743692e-01
5993            	5.07129445e-02	5.59752144e-02	1.61891121e+00	8.60168547e-01	7.58742658e-01
5994            	5.07292309e-02	5.59867550e-02	1.61894190e+00	8.60200179e-01	7.58741717e-01
5995            	5.07464742e-02	5.59991997e-02	1.61897467e+00	8.60233811e-01	7.58740863e-01
5996            	5.07647694e-02	5.60126251e-02	1.61900973e+00	8.60269637e-01	7.58740098e-01
5997            	5.07841847e-02	5.60270862e-02	1.61904723e+00	8.60307801e-01	7.58739431e-01
5998            	5.08043983e-02	5.60423349e-02	1.61908652e+00	8.60347658e-01	7.58738861e-01
5999            	5.08250647e-02	5.60580886e-02	1.61912689e+00	8.60388509e-01	7.58738380e-01
6000            	5.08460156e-02	5.60742098e-02	1.61916802e+00	8.60430024e-01	7.58737992e-01
6001            	5.08673975e-02	5.60908180e-02	1.61921025e+00	8.60472522e-01	7.58737727e-01
6002            	5.08894099e-02	5.61080809e-02	1.61925406e+00	8.60516442e-01	7.58737622e-01
6003            	5.09120373e-02	5.61259887e-02	1.61929949e+00	8.60561782e-01	7.58737708e-01
6004            	5.09349535e-02	5.61442827e-02	1.61934588e+00	8.60607895e-01	7.58737988e-01
6005            	5.09577627e-02	5.61626515e-02	1.61939245e+00	8.60653987e-01	7.58738462e-01
6006            	5.09802387e-02	5.61809201e-02	1.61943873e+00	8.60699602e-01	7.58739124e-01
6007            	5.10023738e-02	5.61990793e-02	1.61948470e+00	8.60744726e-01	7.58739978e-01
6008            	5.10241950e-02	5.62171513e-02	1.61953042e+00	8.60789403e-01	7.58741013e-01
6009            	5.10456187e-02	5.62350788e-02	1.61957565e+00	8.60833442e-01	7.58742204e-01
6010            	5.10664274e-02	5.62526853e-02	1.61961990e+00	8.60876380e-01	7.58743525e-01
6011            	5.10864493e-02	5.62698614e-02	1.61966283e+00	8.60917862e-01	7.58744964e-01
6012            	5.11055810e-02	5.62865483e-02	1.61970416e+00	8.60957663e-01	7.58746501e-01
6013            	5.11238190e-02	5.63027633e-02	1.61974388e+00	8.60995759e-01	7.58748121e-01
6014            	5.11411290e-02	5.63185013e-02	1.61978186e+00	8.61032060e-01	7.58749802e-01
6015            	5.11574028e-02	5.63337041e-02	1.61981788e+00	8.61066342e-01	7.58751536e-01
6016            	5.11724619e-02	5.63482631e-02	1.61985155e+00	8.61098237e-01	7.58753313e-01
6017            	5.11861837e-02	5.63621050e-02	1.61988264e+00	8.61127501e-01	7.58755134e-01
6018            	5.11984430e-02	5.63751514e-02	1.61991088e+00	8.61153881e-01	7.58756995e-01
6019            	5.12091130e-02	5.63873035e-02	1.61993601e+00	8.61177118e-01	7.58758892e-01
6020            	5.12180734e-02	5.63984535e-02	1.61995778e+00	8.61196966e-01	7.58760819e-01
6021            	5.12252349e-02	5.64085014e-02	1.61997599e+00	8.61213231e-01	7.58762761e-01
6022            	5.12304996e-02	5.64173293e-02	1.61999040e+00	8.61225699e-01	7.58764700e-01
6023            	5.12337898e-02	5.64248244e-02	1.62000079e+00	8.61234187e-01	7.58766608e-01
6024            	5.12350569e-02	5.64308864e-02	1.62000702e+00	8.61238567e-01	7.58768453e-01
6025            	5.12342757e-02	5.64354223e-02	1.62000895e+00	8.61238750e-01	7.58770199e-01
6026            	5.12314428e-02	5.64383541e-02	1.62000650e+00	8.61234693e-01	7.58771807e-01
6027            	5.12265884e-02	5.64396372e-02	1.61999966e+00	8.61226420e-01	7.58773243e-01
6028            	5.12197586e-02	5.64392444e-02	1.61998847e+00	8.61213994e-01	7.58774477e-01
6029            	5.12110286e-02	5.64371788e-02	1.61997304e+00	8.61197548e-01	7.58775491e-01
6030            	5.12004933e-02	5.64334732e-02	1.61995353e+00	8.61177260e-01	7.58776273e-01
6031            	5.11882253e-02	5.64281741e-02	1.61993010e+00	8.61153276e-01	7.58776825e-01
6032            	5.11742531e-02	5.64213152e-02	1.61990283e+00	8.61125666e-01	7.58777160e-01
6033            	5.11585796e-02	5.64129159e-02	1.61987173e+00	8.61094444e-01	7.58777285e-01
6034            	5.11412070e-02	5.64029839e-02	1.61983680e+00	8.61059608e-01	7.58777194e-01
6035            	5.11221883e-02	5.63915580e-02	1.61979812e+00	8.61021249e-01	7.58776873e-01
6036            	5.11016417e-02	5.63787133e-02	1.61975587e+00	8.60979575e-01	7.58776291e-01
6037            	5.10798311e-02	5.63646269e-02	1.61971049e+00	8.60935078e-01	7.58775416e-01
6038            	5.10571689e-02	5.63495863e-02	1.61966278e+00	8.60888558e-01	7.58774220e-01
6039            	5.10342514e-02	5.63340208e-02	1.61961389e+00	8.60841196e-01	7.58772694e-01
6040            	5.10117704e-02	5.63184372e-02	1.61956524e+00	8.60794390e-01	7.58770849e-01
6041            	5.09904775e-02	5.63034114e-02	1.61951842e+00	8.60749688e-01	7.58768733e-01
6042            	5.09711188e-02	5.62895369e-02	1.61947508e+00	8.60708657e-01	7.58766419e-01
6043            	5.09543293e-02	5.62773411e-02	1.61943668e+00	8.60672670e-01	7.58764011e-01
6044            	5.09405914e-02	5.62672543e-02	1.61940446e+00	8.60642820e-01	7.58761637e-01
6045            	5.09301682e-02	5.62595511e-02	1.61937922e+00	8.60619778e-01	7.58759441e-01
6046            	5.09230698e-02	5.62543056e-02	1.61936127e+00	8.60603706e-01	7.58757566e-01
6047            	5.09190590e-02	5.62513939e-02	1.61935040e+00	8.60594257e-01	7.58756139e-01
6048            	5.09176750e-02	5.62505059e-02	1.61934586e+00	8.60590607e-01	7.58755257e-01
6049            	5.09182860e-02	5.62511756e-02	1.61934654e+00	8.60591555e-01	7.58754983e-01
6050            	5.09201781e-02	5.62528536e-02	1.61935102e+00	8.60595686e-01	7.58755330e-01
6051            	5.09226035e-02	5.62549396e-02	1.61935774e+00	8.60601472e-01	7.58756265e-01
6052            	5.09248632e-02	5.62568557e-02	1.61936516e+00	8.60607441e-01	7.58757715e-01
6053            	5.09263906e-02	5.62581068e-02	1.61937192e+00	8.60612353e-01	7.58759572e-01
6054            	5.09267815e-02	5.62583113e-02	1.61937698e+00	8.60615270e-01	7.58761707e-01
6055            	5.09258075e-02	5.62572199e-02	1.61937959e+00	8.60615601e-01	7.58763986e-01
6056            	5.09234052e-02	5.62547197e-02	1.61937938e+00	8.60613093e-01	7.58766282e-01
6057            	5.09196628e-02	5.62508338e-02	1.61937631e+00	8.60607816e-01	7.58768491e-01
6058            	5.09147527e-02	5.62456660e-02	1.61937059e+00	8.60600048e-01	7.58770543e-01
6059            	5.09089138e-02	5.62393853e-02	1.61936264e+00	8.60590232e-01	7.58772404e-01
6060            	5.09024289e-02	5.62322158e-02	1.61935303e+00	8.60578946e-01	7.58774089e-01
6061            	5.08956557e-02	5.62244728e-02	1.61934260e+00	8.60566957e-01	7.58775645e-01
6062            	5.08888733e-02	5.62164319e-02	1.61933204e+00	8.60554896e-01	7.58777149e-01
6063            	5.08821783e-02	5.62082339e-02	1.61932172e+00	8.60543040e-01	7.58778684e-01
6064            	5.08754972e-02	5.61998956e-02	1.61931167e+00	8.60531335e-01	7.58780340e-01
6065            	5.08686346e-02	5.61913385e-02	1.61930167e+00	8.60519467e-01	7.58782198e-01
6066            	5.08613686e-02	5.61824490e-02	1.61929136e+00	8.60507048e-01	7.58784310e-01
6067            	5.08534747e-02	5.61730956e-02	1.61928033e+00	8.60493640e-01	7.58786690e-01
6068            	5.08448309e-02	5.61632143e-02	1.61926829e+00	8.60478977e-01	7.58789315e-01
6069            	5.08352791e-02	5.61526978e-02	1.61925481e+00	8.60462682e-01	7.58792124e-01
6070            	5.08247060e-02	5.61414572e-02	1.61923944e+00	8.60444428e-01	7.58795016e-01
6071            	5.08131273e-02	5.61294966e-02	1.61922202e+00	8.60424136e-01	7.58797881e-01
6072            	5.08006416e-02	5.61168688e-02	1.61920246e+00	8.60401874e-01	7.58800590e-01
6073            	5.07874544e-02	5.61037075e-02	1.61918097e+00	8.60377940e-01	7.58803031e-01
6074            	5.07739045e-02	5.60902543e-02	1.61915804e+00	8.60352926e-01	7.58805117e-01
6075            	5.07603275e-02	5.60767542e-02	1.61913425e+00	8.60327453e-01	7.58806798e-01
6076            	5.07469797e-02	5.60634114e-02	1.61911009e+00	8.60302025e-01	7.58808066e-01
6077            	5.07355318e-02	5.60517361e-02	1.61908941e+00	8.60280237e-01	7.58809174e-01
6078            	5.07226384e-02	5.60389986e-02	1.61906506e+00	8.60255170e-01	7.58809893e-01
6079            	5.07086160e-02	5.60252795e-02	1.61903755e+00	8.60227393e-01	7.58810161e-01
6080            	5.06980926e-02	5.60142184e-02	1.61901699e+00	8.60206586e-01	7.58810401e-01
6081            	5.06876605e-02	5.60030120e-02	1.61899577e+00	8.60185546e-01	7.58810225e-01
6082            	5.06773820e-02	5.59921686e-02	1.61897510e+00	8.60164934e-01	7.58810170e-01
6083            	5.06686931e-02	5.59825790e-02	1.61895771e+00	8.60147549e-01	7.58810162e-01
6084            	5.06598467e-02	5.59727761e-02	1.61893929e+00	8.60129492e-01	7.58809798e-01
6085            	5.06507018e-02	5.59630980e-02	1.61892047e+00	8.60110938e-01	7.58809535e-01
6086            	5.06434345e-02	5.59549249e-02	1.61890564e+00	8.60096256e-01	7.58809387e-01
6087            	5.06364038e-02	5.59468439e-02	1.61889061e+00	8.60081708e-01	7.58808900e-01
6088            	5.06282493e-02	5.59380509e-02	1.61887272e+00	8.60064610e-01	7.58808112e-01
6089            	5.06236657e-02	5.59319092e-02	1.61886266e+00	8.60054995e-01	7.58807663e-01
6090            	5.06199259e-02	5.59265391e-02	1.61885414e+00	8.60046996e-01	7.58807144e-01
6091            	5.06167059e-02	5.59213637e-02	1.61884620e+00	8.60039804e-01	7.58806392e-01
6092            	5.06154690e-02	5.59176955e-02	1.61884223e+00	8.60036586e-01	7.58805648e-01
6093            	5.06150343e-02	5.59148090e-02	1.61883959e+00	8.60034829e-01	7.58804760e-01
6094            	5.06152068e-02	5.59122414e-02	1.61883750e+00	8.60033955e-01	7.58803542e-01
6095            	5.06173587e-02	5.59113155e-02	1.61883939e+00	8.60037053e-01	7.58802336e-01
6096            	5.06204996e-02	5.59113995e-02	1.61884293e+00	8.60041966e-01	7.58800967e-01
6097            	5.06238847e-02	5.59116394e-02	1.61884583e+00	8.60046799e-01	7.58799030e-01
6098            	5.06296677e-02	5.59139251e-02	1.61885443e+00	8.60056882e-01	7.58797546e-01
6099            	5.06365745e-02	5.59169897e-02	1.61886461e+00	8.60068881e-01	7.58795732e-01
6100            	5.06445928e-02	5.59211696e-02	1.61887709e+00	8.60083138e-01	7.58793953e-01
6101            	5.06542120e-02	5.59267796e-02	1.61889332e+00	8.60100874e-01	7.58792450e-01
6102            	5.06650587e-02	5.59332644e-02	1.61891154e+00	8.60120830e-01	7.58790713e-01
6103            	5.06772550e-02	5.59409106e-02	1.61893211e+00	8.60143312e-01	7.58788802e-01
6104            	5.06907472e-02	5.59498986e-02	1.61895639e+00	8.60168941e-01	7.58787446e-01
6105            	5.07051465e-02	5.59598536e-02	1.61898302e+00	8.60196657e-01	7.58786364e-01
6106            	5.07205900e-02	5.59709053e-02	1.61901203e+00	8.60226603e-01	7.58785423e-01
6107            	5.07369654e-02	5.59826220e-02	1.61904278e+00	8.60258356e-01	7.58784425e-01
6108            	5.07540952e-02	5.59951307e-02	1.61907543e+00	8.60291811e-01	7.58783621e-01
6109            	5.07728253e-02	5.60090757e-02	1.61911162e+00	8.60328634e-01	7.58782983e-01
6110            	5.07928035e-02	5.60239006e-02	1.61915031e+00	8.60367961e-01	7.58782354e-01
6111            	5.08129133e-02	5.60390667e-02	1.61918958e+00	8.60407706e-01	7.58781879e-01
6112            	5.08340927e-02	5.60552363e-02	1.61923124e+00	8.60449711e-01	7.58781526e-01
6113            	5.08555955e-02	5.60716606e-02	1.61927346e+00	8.60492325e-01	7.58781134e-01
6114            	5.08765935e-02	5.60880264e-02	1.61931491e+00	8.60534050e-01	7.58780863e-01
6115            	5.08991702e-02	5.61058336e-02	1.61935989e+00	8.60579117e-01	7.58780776e-01
6116            	5.09221127e-02	5.61240050e-02	1.61940567e+00	8.60624948e-01	7.58780723e-01
6117            	5.09457521e-02	5.61429422e-02	1.61945338e+00	8.60672442e-01	7.58780938e-01
6118            	5.09758118e-02	5.61663900e-02	1.61951523e+00	8.60733428e-01	7.58781805e-01
6119            	5.10017162e-02	5.61874342e-02	1.61956960e+00	8.60786515e-01	7.58783083e-01
6120            	5.10223328e-02	5.62049709e-02	1.61961319e+00	8.60828927e-01	7.58784261e-01
6121            	5.10401431e-02	5.62204620e-02	1.61965088e+00	8.60865583e-01	7.58785297e-01
6122            	5.10550346e-02	5.62339586e-02	1.61968250e+00	8.60896285e-01	7.58786216e-01
6123            	5.10712154e-02	5.62484027e-02	1.61971702e+00	8.60929728e-01	7.58787297e-01
6124            	5.10878203e-02	5.62630014e-02	1.61975217e+00	8.60963907e-01	7.58788266e-01
6125            	5.11034295e-02	5.62769070e-02	1.61978492e+00	8.60995890e-01	7.58789031e-01
6126            	5.11212114e-02	5.62925056e-02	1.61982250e+00	8.61032461e-01	7.58790038e-01
6127            	5.11391904e-02	5.63083226e-02	1.61986063e+00	8.61069504e-01	7.58791124e-01
6128            	5.11561600e-02	5.63236190e-02	1.61989685e+00	8.61104587e-01	7.58792267e-01
6129            	5.11716126e-02	5.63380688e-02	1.61993024e+00	8.61136734e-01	7.58793509e-01
6130            	5.11908491e-02	5.63558139e-02	1.61997322e+00	8.61177460e-01	7.58795762e-01
6131            	5.12070019e-02	5.63718164e-02	1.62001048e+00	8.61212243e-01	7.58798239e-01
6132            	5.12198973e-02	5.63859356e-02	1.62004158e+00	8.61240688e-01	7.58800893e-01
6133            	5.12295318e-02	5.63981096e-02	1.62006633e+00	8.61262695e-01	7.58803631e-01
6134            	5.12360198e-02	5.64083138e-02	1.62008470e+00	8.61278370e-01	7.58806330e-01
6135            	5.12395416e-02	5.64165359e-02	1.62009681e+00	8.61287946e-01	7.58808863e-01
6136            	5.12403572e-02	5.64228050e-02	1.62010294e+00	8.61291827e-01	7.58811113e-01
6137            	5.12387624e-02	5.64271735e-02	1.62010351e+00	8.61290518e-01	7.58812993e-01
6138            	5.12350544e-02	5.64297152e-02	1.62009902e+00	8.61284563e-01	7.58814455e-01
6139            	5.12295172e-02	5.64305376e-02	1.62009002e+00	8.61274528e-01	7.58815494e-01
6140            	5.12223941e-02	5.64297710e-02	1.62007708e+00	8.61260936e-01	7.58816148e-01
6141            	5.12138695e-02	5.64275507e-02	1.62006071e+00	8.61244225e-01	7.58816487e-01
6142            	5.12040696e-02	5.64240023e-02	1.62004133e+00	8.61224736e-01	7.58816597e-01
6143            	5.11930733e-02	5.64192514e-02	1.62001928e+00	8.61202715e-01	7.58816569e-01
6144            	5.11808437e-02	5.64133617e-02	1.61999467e+00	8.61178176e-01	7.58816489e-01
6145            	5.11672743e-02	5.64063390e-02	1.61996739e+00	8.61150969e-01	7.58816420e-01
6146            	5.11522143e-02	5.63981286e-02	1.61993720e+00	8.61120815e-01	7.58816387e-01
6147            	5.11355246e-02	5.63886424e-02	1.61990378e+00	8.61087415e-01	7.58816366e-01
6148            	5.11171502e-02	5.63778127e-02	1.61986689e+00	8.61050597e-01	7.58816297e-01
6149            	5.10971406e-02	5.63656182e-02	1.61982645e+00	8.61010367e-01	7.58816086e-01
6150            	5.10757364e-02	5.63521572e-02	1.61978273e+00	8.60967100e-01	7.58815627e-01
6151            	5.10533849e-02	5.63376781e-02	1.61973642e+00	8.60921594e-01	7.58814824e-01
6152            	5.10307219e-02	5.63225811e-02	1.61968866e+00	8.60875052e-01	7.58813609e-01
6153            	5.10084988e-02	5.63073780e-02	1.61964091e+00	8.60828954e-01	7.58811956e-01
6154            	5.09875204e-02	5.62926629e-02	1.61959483e+00	8.60784936e-01	7.58809895e-01
6155            	5.09685694e-02	5.62790542e-02	1.61955215e+00	8.60744644e-01	7.58807505e-01
6156            	5.09522944e-02	5.62671062e-02	1.61951442e+00	8.60709503e-01	7.58804914e-01
6157            	5.09391757e-02	5.62572788e-02	1.61948293e+00	8.60680641e-01	7.58802290e-01
6158            	5.09294461e-02	5.62498557e-02	1.61945853e+00	8.60658712e-01	7.58799819e-01
6159            	5.09230722e-02	5.62449134e-02	1.61944152e+00	8.60643833e-01	7.58797689e-01
6160            	5.09197626e-02	5.62423179e-02	1.61943164e+00	8.60635585e-01	7.58796060e-01
6161            	5.09189992e-02	5.62417358e-02	1.61942811e+00	8.60633055e-01	7.58795057e-01
6162            	5.09201124e-02	5.62426843e-02	1.61942973e+00	8.60634977e-01	7.58794752e-01
6163            	5.09223537e-02	5.62445874e-02	1.61943502e+00	8.60639864e-01	7.58795156e-01
6164            	5.09249557e-02	5.62468207e-02	1.61944236e+00	8.60646136e-01	7.58796225e-01
6165            	5.09272233e-02	5.62487928e-02	1.61945017e+00	8.60652306e-01	7.58797860e-01
6166            	5.09286170e-02	5.62500072e-02	1.61945709e+00	8.60657160e-01	7.58799926e-01
6167            	5.09287619e-02	5.62500830e-02	1.61946206e+00	8.60659790e-01	7.58802266e-01
6168            	5.09274659e-02	5.62487825e-02	1.61946437e+00	8.60659651e-01	7.58804719e-01
6169            	5.09247057e-02	5.62460128e-02	1.61946369e+00	8.60656551e-01	7.58807140e-01
6170            	5.09205979e-02	5.62418142e-02	1.61946002e+00	8.60650608e-01	7.58809412e-01
6171            	5.09153346e-02	5.62363040e-02	1.61945359e+00	8.60642132e-01	7.58811463e-01
6172            	5.09091742e-02	5.62296706e-02	1.61944488e+00	8.60631614e-01	7.58813265e-01
6173            	5.09024392e-02	5.62221827e-02	1.61943457e+00	8.60619723e-01	7.58814845e-01
6174            	5.08954984e-02	5.62141817e-02	1.61942353e+00	8.60607263e-01	7.58816267e-01
6175            	5.08885876e-02	5.62059215e-02	1.61941242e+00	8.60594797e-01	7.58817622e-01
6176            	5.08817585e-02	5.61975200e-02	1.61940154e+00	8.60582528e-01	7.58819012e-01
6177            	5.08749076e-02	5.61889803e-02	1.61939089e+00	8.60570355e-01	7.58820539e-01
6178            	5.08678329e-02	5.61802204e-02	1.61938025e+00	8.60557959e-01	7.58822293e-01
6179            	5.08603296e-02	5.61711393e-02	1.61936931e+00	8.60544986e-01	7.58824327e-01
6180            	5.08521879e-02	5.61616127e-02	1.61935768e+00	8.60531026e-01	7.58826650e-01
6181            	5.08432986e-02	5.61515823e-02	1.61934507e+00	8.60515833e-01	7.58829236e-01
6182            	5.08334939e-02	5.61409253e-02	1.61933101e+00	8.60498998e-01	7.58832010e-01
6183            	5.08226886e-02	5.61295673e-02	1.61931511e+00	8.60480242e-01	7.58834865e-01
6184            	5.08109276e-02	5.61175271e-02	1.61929721e+00	8.60459532e-01	7.58837677e-01
6185            	5.07983288e-02	5.61048652e-02	1.61927728e+00	8.60436970e-01	7.58840312e-01
6186            	5.07851330e-02	5.60917394e-02	1.61925558e+00	8.60412922e-01	7.58842656e-01
6187            	5.07716771e-02	5.60783912e-02	1.61923260e+00	8.60387979e-01	7.58844625e-01
6188            	5.07598414e-02	5.60664780e-02	1.61921236e+00	8.60366023e-01	7.58846341e-01
6189            	5.07479612e-02	5.60544083e-02	1.61919110e+00	8.60343511e-01	7.58847589e-01
6190            	5.07347325e-02	5.60413967e-02	1.61916657e+00	8.60318019e-01	7.58848554e-01
6191            	5.07208717e-02	5.60277447e-02	1.61913993e+00	8.60290838e-01	7.58849094e-01
6192            	5.07089164e-02	5.60155090e-02	1.61911654e+00	8.60267189e-01	7.58849356e-01
6193            	5.06970230e-02	5.60034107e-02	1.61909274e+00	8.60243392e-01	7.58849346e-01
6194            	5.06852717e-02	5.59913296e-02	1.61906871e+00	8.60219626e-01	7.58849083e-01
6195            	5.06756760e-02	5.59809185e-02	1.61904893e+00	8.60200139e-01	7.58848787e-01
6196            	5.06663695e-02	5.59709110e-02	1.61902951e+00	8.60181123e-01	7.58848384e-01
6197            	5.06572893e-02	5.59610426e-02	1.61901035e+00	8.60162466e-01	7.58847887e-01
6198            	5.06500951e-02	5.59526854e-02	1.61899522e+00	8.60147704e-01	7.58847513e-01
6199            	5.06430847e-02	5.59447145e-02	1.61898046e+00	8.60133313e-01	7.58847144e-01
6200            	5.06361663e-02	5.59367468e-02	1.61896569e+00	8.60119012e-01	7.58846680e-01
6201            	5.06310950e-02	5.59302158e-02	1.61895485e+00	8.60108520e-01	7.58846330e-01
6202            	5.06264299e-02	5.59241618e-02	1.61894465e+00	8.60098756e-01	7.58845896e-01
6203            	5.06221161e-02	5.59182130e-02	1.61893467e+00	8.60089450e-01	7.58845218e-01
6204            	5.06197947e-02	5.59137909e-02	1.61892868e+00	8.60084135e-01	7.58844545e-01
6205            	5.06182365e-02	5.59100933e-02	1.61892380e+00	8.60080134e-01	7.58843661e-01
6206            	5.06174063e-02	5.59067848e-02	1.61891963e+00	8.60077223e-01	7.58842411e-01
6207            	5.06178599e-02	5.59046693e-02	1.61891771e+00	8.60076713e-01	7.58840993e-01
6208            	5.06189077e-02	5.59027987e-02	1.61891573e+00	8.60076773e-01	7.58838957e-01
6209            	5.06228559e-02	5.59033589e-02	1.61892046e+00	8.60083088e-01	7.58837376e-01
6210            	5.06285793e-02	5.59054552e-02	1.61892900e+00	8.60093080e-01	7.58835921e-01
6211            	5.06351134e-02	5.59084559e-02	1.61893902e+00	8.60104626e-01	7.58834399e-01
6212            	5.06424416e-02	5.59120079e-02	1.61895022e+00	8.60117554e-01	7.58832670e-01
6213            	5.06511271e-02	5.59168083e-02	1.61896445e+00	8.60133350e-01	7.58831096e-01
6214            	5.06609338e-02	5.59227505e-02	1.61898100e+00	8.60151431e-01	7.58829564e-01
6215            	5.06720141e-02	5.59295807e-02	1.61899990e+00	8.60171962e-01	7.58827933e-01
6216            	5.06845206e-02	5.59377290e-02	1.61902214e+00	8.60195592e-01	7.58826551e-01
6217            	5.06983165e-02	5.59471304e-02	1.61904720e+00	8.60221915e-01	7.58825282e-01
6218            	5.07132537e-02	5.59573387e-02	1.61907447e+00	8.60250486e-01	7.58823979e-01
6219            	5.07289320e-02	5.59683695e-02	1.61910363e+00	8.60280748e-01	7.58822884e-01
6220            	5.07458275e-02	5.59805902e-02	1.61913541e+00	8.60313530e-01	7.58821875e-01
6221            	5.07638825e-02	5.59936765e-02	1.61916944e+00	8.60348601e-01	7.58820836e-01
6222            	5.07825584e-02	5.60075187e-02	1.61920508e+00	8.60385098e-01	7.58819981e-01
6223            	5.08026111e-02	5.60226597e-02	1.61924373e+00	8.60424475e-01	7.58819253e-01
6224            	5.08233567e-02	5.60383238e-02	1.61928378e+00	8.60465249e-01	7.58818536e-01
6225            	5.08436293e-02	5.60538877e-02	1.61932324e+00	8.60505251e-01	7.58817992e-01
6226            	5.08650062e-02	5.60704949e-02	1.61936530e+00	8.60547655e-01	7.58817642e-01
6227            	5.08871757e-02	5.60877556e-02	1.61940918e+00	8.60591764e-01	7.58817412e-01
6228            	5.09091163e-02	5.61051210e-02	1.61945303e+00	8.60635632e-01	7.58817399e-01
6229            	5.09324039e-02	5.61236916e-02	1.61950015e+00	8.60682480e-01	7.58817672e-01
6230            	5.09554009e-02	5.61422279e-02	1.61954711e+00	8.60728954e-01	7.58818152e-01
6231            	5.09773797e-02	5.61602622e-02	1.61959238e+00	8.60773569e-01	7.58818810e-01
6232            	5.10002370e-02	5.61788234e-02	1.61963956e+00	8.60820015e-01	7.58819541e-01
6233            	5.10216564e-02	5.61965805e-02	1.61968414e+00	8.60863729e-01	7.58820416e-01
6234            	5.10417819e-02	5.62135623e-02	1.61972622e+00	8.60904892e-01	7.58821329e-01
6235            	5.10629468e-02	5.62314743e-02	1.61977096e+00	8.60948429e-01	7.58822536e-01
6236            	5.10806503e-02	5.62470505e-02	1.61980825e+00	8.60984776e-01	7.58823475e-01
6237            	5.11028494e-02	5.62659179e-02	1.61985581e+00	8.61030757e-01	7.58825058e-01
6238            	5.11220910e-02	5.62827307e-02	1.61989723e+00	8.61070705e-01	7.58826523e-01
6239            	5.11368572e-02	5.62965858e-02	1.61992912e+00	8.61101416e-01	7.58827702e-01
6240            	5.11572970e-02	5.63148049e-02	1.61997416e+00	8.61144377e-01	7.58829783e-01
6241            	5.11731153e-02	5.63297373e-02	1.62000920e+00	8.61177716e-01	7.58831485e-01
6242            	5.11877212e-02	5.63440411e-02	1.62004197e+00	8.61208706e-01	7.58833263e-01
6243            	5.11995788e-02	5.63567528e-02	1.62006939e+00	8.61234272e-01	7.58835114e-01
6244            	5.12119778e-02	5.63703534e-02	1.62009861e+00	8.61261282e-01	7.58837326e-01
6245            	5.12192302e-02	5.63801007e-02	1.62011631e+00	8.61277385e-01	7.58838925e-01
6246            	5.12261718e-02	5.63901202e-02	1.62013406e+00	8.61293203e-01	7.58840859e-01
6247            	5.12299179e-02	5.63977944e-02	1.62014466e+00	8.61302249e-01	7.58842414e-01
6248            	5.12333081e-02	5.64053645e-02	1.62015477e+00	8.61310694e-01	7.58844078e-01
6249            	5.12341123e-02	5.64108667e-02	1.62015908e+00	8.61313650e-01	7.58845426e-01
6250            	5.12340597e-02	5.64159743e-02	1.62016217e+00	8.61315147e-01	7.58847027e-01
6251            	5.12333516e-02	5.64206415e-02	1.62016402e+00	8.61315361e-01	7.58848658e-01
6252            	5.12302316e-02	5.64233270e-02	1.62016076e+00	8.61310612e-01	7.58850149e-01
6253            	5.12241149e-02	5.64232806e-02	1.62015059e+00	8.61299411e-01	7.58851181e-01
6254            	5.12161148e-02	5.64217350e-02	1.62013663e+00	8.61284430e-01	7.58852201e-01
6255            	5.12058789e-02	5.64181190e-02	1.62011744e+00	8.61264600e-01	7.58852842e-01
6256            	5.11937187e-02	5.64128680e-02	1.62009419e+00	8.61240813e-01	7.58853376e-01
6257            	5.11796940e-02	5.64058950e-02	1.62006650e+00	8.61212946e-01	7.58853558e-01
6258            	5.11639746e-02	5.63975097e-02	1.62003524e+00	8.61181594e-01	7.58853645e-01
6259            	5.11465834e-02	5.63875721e-02	1.61999993e+00	8.61146550e-01	7.58853383e-01
6260            	5.11276881e-02	5.63763658e-02	1.61996140e+00	8.61108387e-01	7.58853011e-01
6261            	5.11073924e-02	5.63637729e-02	1.61991930e+00	8.61067044e-01	7.58852260e-01
6262            	5.10860027e-02	5.63501585e-02	1.61987470e+00	8.61023351e-01	7.58851345e-01
6263            	5.10638565e-02	5.63355778e-02	1.61982773e+00	8.60977720e-01	7.58850007e-01
6264            	5.10415526e-02	5.63206212e-02	1.61978005e+00	8.60931579e-01	7.58848474e-01
6265            	5.10196780e-02	5.63055577e-02	1.61973242e+00	8.60885889e-01	7.58846532e-01
6266            	5.09989907e-02	5.62911371e-02	1.61968691e+00	8.60842447e-01	7.58844465e-01
6267            	5.09801077e-02	5.62776965e-02	1.61964445e+00	8.60802333e-01	7.58842117e-01
6268            	5.09636960e-02	5.62659684e-02	1.61960704e+00	8.60767217e-01	7.58839825e-01
6269            	5.09507539e-02	5.62567218e-02	1.61957704e+00	8.60739275e-01	7.58837767e-01
6270            	5.09405289e-02	5.62492415e-02	1.61955246e+00	8.60716757e-01	7.58835699e-01
6271            	5.09327148e-02	5.62436526e-02	1.61953292e+00	8.60699176e-01	7.58833746e-01
6272            	5.09281419e-02	5.62405860e-02	1.61952119e+00	8.60688738e-01	7.58832455e-01
6273            	5.09258610e-02	5.62391884e-02	1.61951466e+00	8.60683193e-01	7.58831471e-01
6274            	5.09253987e-02	5.62390882e-02	1.61951295e+00	8.60681872e-01	7.58831074e-01
6275            	5.09261391e-02	5.62401445e-02	1.61951495e+00	8.60683615e-01	7.58831337e-01
6276            	5.09276578e-02	5.62417558e-02	1.61951955e+00	8.60687434e-01	7.58832118e-01
6277            	5.09289329e-02	5.62430058e-02	1.61952434e+00	8.60691104e-01	7.58833238e-01
6278            	5.09296648e-02	5.62434730e-02	1.61952860e+00	8.60693967e-01	7.58834638e-01
6279            	5.09296527e-02	5.62432736e-02	1.61953209e+00	8.60695698e-01	7.58836393e-01
6280            	5.09284151e-02	5.62416926e-02	1.61953332e+00	8.60695077e-01	7.58838246e-01
6281            	5.09255696e-02	5.62387123e-02	1.61953184e+00	8.60691488e-01	7.58840349e-01
6282            	5.09223454e-02	5.62352710e-02	1.61952906e+00	8.60686877e-01	7.58842186e-01
6283            	5.09185395e-02	5.62311133e-02	1.61952480e+00	8.60680940e-01	7.58843861e-01
6284            	5.09133910e-02	5.62253262e-02	1.61951755e+00	8.60672165e-01	7.58845383e-01
6285            	5.09076826e-02	5.62189876e-02	1.61950934e+00	8.60662352e-01	7.58846987e-01
6286            	5.09019828e-02	5.62123787e-02	1.61950100e+00	8.60652485e-01	7.58848519e-01
6287            	5.08954443e-02	5.62045397e-02	1.61949088e+00	8.60640882e-01	7.58849994e-01
6288            	5.08888766e-02	5.61966982e-02	1.61948117e+00	8.60629459e-01	7.58851706e-01
6289            	5.08827722e-02	5.61891440e-02	1.61947253e+00	8.60619037e-01	7.58853492e-01
6290            	5.08756795e-02	5.61804256e-02	1.61946209e+00	8.60606726e-01	7.58855367e-01
6291            	5.08680571e-02	5.61714993e-02	1.61945137e+00	8.60593742e-01	7.58857627e-01
6292            	5.08605972e-02	5.61627578e-02	1.61944119e+00	8.60581191e-01	7.58859996e-01
6293            	5.08516589e-02	5.61525644e-02	1.61942820e+00	8.60565757e-01	7.58862439e-01
6294            	5.08416106e-02	5.61417616e-02	1.61941367e+00	8.60548443e-01	7.58865222e-01
6295            	5.08317255e-02	5.61311560e-02	1.61939931e+00	8.60531381e-01	7.58867930e-01
6296            	5.08201448e-02	5.61189688e-02	1.61938121e+00	8.60510752e-01	7.58870462e-01
6297            	5.08071616e-02	5.61059143e-02	1.61936047e+00	8.60487399e-01	7.58873076e-01
6298            	5.07948788e-02	5.60934393e-02	1.61934046e+00	8.60465109e-01	7.58875351e-01
6299            	5.07814752e-02	5.60798494e-02	1.61931724e+00	8.60440094e-01	7.58877143e-01
6300            	5.07672904e-02	5.60658414e-02	1.61929217e+00	8.60413373e-01	7.58878792e-01
6301            	5.07547456e-02	5.60531222e-02	1.61926958e+00	8.60389537e-01	7.58880046e-01
6302            	5.07418589e-02	5.60399864e-02	1.61924524e+00	8.60364478e-01	7.58880760e-01
6303            	5.07285406e-02	5.60267566e-02	1.61921977e+00	8.60338427e-01	7.58881346e-01
6304            	5.07171239e-02	5.60150662e-02	1.61919771e+00	8.60315978e-01	7.58881731e-01
6305            	5.07058170e-02	5.60034076e-02	1.61917506e+00	8.60293349e-01	7.58881715e-01
6306            	5.06941664e-02	5.59916998e-02	1.61915162e+00	8.60269976e-01	7.58881644e-01
6307            	5.06842306e-02	5.59813487e-02	1.61913160e+00	8.60250031e-01	7.58881570e-01
6308            	5.06746715e-02	5.59712684e-02	1.61911190e+00	8.60230622e-01	7.58881279e-01
6309            	5.06660757e-02	5.59619455e-02	1.61909427e+00	8.60213211e-01	7.58881060e-01
6310            	5.06592549e-02	5.59539616e-02	1.61908040e+00	8.60199453e-01	7.58880943e-01
6311            	5.06523161e-02	5.59461549e-02	1.61906633e+00	8.60185481e-01	7.58880849e-01
6312            	5.06449585e-02	5.59379823e-02	1.61905116e+00	8.60170540e-01	7.58880623e-01
6313            	5.06388513e-02	5.59307095e-02	1.61903843e+00	8.60158066e-01	7.58880363e-01
6314            	5.06329837e-02	5.59237430e-02	1.61902583e+00	8.60145899e-01	7.58879932e-01
6315            	5.06275865e-02	5.59170411e-02	1.61901385e+00	8.60134511e-01	7.58879337e-01
6316            	5.06239826e-02	5.59116366e-02	1.61900527e+00	8.60126616e-01	7.58878651e-01
6317            	5.06211448e-02	5.59065801e-02	1.61899714e+00	8.60119717e-01	7.58877428e-01
6318            	5.06193902e-02	5.59024147e-02	1.61899092e+00	8.60114849e-01	7.58876069e-01
6319            	5.06196398e-02	5.58998094e-02	1.61898857e+00	8.60113923e-01	7.58874643e-01
6320            	5.06209838e-02	5.58982983e-02	1.61898803e+00	8.60115000e-01	7.58873032e-01
6321            	5.06233375e-02	5.58976371e-02	1.61898917e+00	8.60117922e-01	7.58871247e-01
6322            	5.06274175e-02	5.58984983e-02	1.61899395e+00	8.60124392e-01	7.58869557e-01
6323            	5.06325781e-02	5.59001864e-02	1.61900033e+00	8.60132743e-01	7.58867587e-01
6324            	5.06391658e-02	5.59031445e-02	1.61900994e+00	8.60144137e-01	7.58865805e-01
6325            	5.06473515e-02	5.59074934e-02	1.61902324e+00	8.60158969e-01	7.58864266e-01
6326            	5.06567314e-02	5.59130276e-02	1.61903903e+00	8.60176248e-01	7.58862785e-01
6327            	5.06672507e-02	5.59193887e-02	1.61905686e+00	8.60195681e-01	7.58861180e-01
6328            	5.06792109e-02	5.59270415e-02	1.61907797e+00	8.60218198e-01	7.58859777e-01
6329            	5.06924037e-02	5.59358419e-02	1.61910198e+00	8.60243396e-01	7.58858588e-01
6330            	5.07067511e-02	5.59457753e-02	1.61912844e+00	8.60270969e-01	7.58857467e-01
6331            	5.07220271e-02	5.59563826e-02	1.61915651e+00	8.60300281e-01	7.58856227e-01
6332            	5.07380354e-02	5.59677380e-02	1.61918630e+00	8.60331183e-01	7.58855112e-01
6333            	5.07547008e-02	5.59798037e-02	1.61921768e+00	8.60363543e-01	7.58854141e-01
6334            	5.07728563e-02	5.59932266e-02	1.61925219e+00	8.60398950e-01	7.58853237e-01
6335            	5.07922484e-02	5.60075961e-02	1.61928900e+00	8.60436747e-01	7.58852250e-01
6336            	5.08120430e-02	5.60225043e-02	1.61932691e+00	8.60475497e-01	7.58851411e-01
6337            	5.08329290e-02	5.60384365e-02	1.61936727e+00	8.60516566e-01	7.58850708e-01
6338            	5.08542188e-02	5.60547911e-02	1.61940862e+00	8.60558529e-01	7.58850091e-01
6339            	5.08755386e-02	5.60714482e-02	1.61945048e+00	8.60600780e-01	7.58849703e-01
6340            	5.08968523e-02	5.60883917e-02	1.61949283e+00	8.60643268e-01	7.58849563e-01
6341            	5.09197453e-02	5.61063884e-02	1.61953847e+00	8.60688978e-01	7.58849488e-01
6342            	5.09408205e-02	5.61234638e-02	1.61958097e+00	8.60731304e-01	7.58849663e-01
6343            	5.09683279e-02	5.61449309e-02	1.61963720e+00	8.60786926e-01	7.58850270e-01
6344            	5.09906540e-02	5.61633248e-02	1.61968338e+00	8.60832342e-01	7.58851034e-01
6345            	5.10099238e-02	5.61797942e-02	1.61972362e+00	8.60871736e-01	7.58851888e-01
6346            	5.10301494e-02	5.61967004e-02	1.61976569e+00	8.60912995e-01	7.58852696e-01
6347            	5.10500574e-02	5.62136212e-02	1.61980734e+00	8.60953729e-01	7.58853615e-01
6348            	5.10687163e-02	5.62297378e-02	1.61984654e+00	8.60991986e-01	7.58854553e-01
6349            	5.10885387e-02	5.62464609e-02	1.61988816e+00	8.61032621e-01	7.58855544e-01
6350            	5.11077558e-02	5.62630007e-02	1.61992875e+00	8.61072130e-01	7.58856618e-01
6351            	5.11254857e-02	5.62787432e-02	1.61996656e+00	8.61108765e-01	7.58857794e-01
6352            	5.11443005e-02	5.62953585e-02	1.62000709e+00	8.61147846e-01	7.58859245e-01
6353            	5.11587455e-02	5.63090886e-02	1.62003822e+00	8.61177855e-01	7.58860364e-01
6354            	5.11768893e-02	5.63259053e-02	1.62007830e+00	8.61216039e-01	7.58862260e-01
6355            	5.11925531e-02	5.63414226e-02	1.62011376e+00	8.61249435e-01	7.58864329e-01
6356            	5.12060003e-02	5.63556144e-02	1.62014484e+00	8.61278422e-01	7.58866421e-01
6357            	5.12158652e-02	5.63673724e-02	1.62016836e+00	8.61300044e-01	7.58868313e-01
6358            	5.12228721e-02	5.63771897e-02	1.62018592e+00	8.61315830e-01	7.58870086e-01
6359            	5.12323148e-02	5.63895488e-02	1.62021013e+00	8.61337379e-01	7.58872750e-01
6360            	5.12384181e-02	5.63994470e-02	1.62022718e+00	8.61352010e-01	7.58875174e-01
6361            	5.12413768e-02	5.64069339e-02	1.62023736e+00	8.61360056e-01	7.58877302e-01
6362            	5.12414689e-02	5.64121451e-02	1.62024112e+00	8.61362031e-01	7.58879093e-01
6363            	5.12390050e-02	5.64152610e-02	1.62023905e+00	8.61358531e-01	7.58880521e-01
6364            	5.12343031e-02	5.64164864e-02	1.62023178e+00	8.61350192e-01	7.58881586e-01
6365            	5.12276668e-02	5.64160360e-02	1.62021995e+00	8.61337644e-01	7.58882310e-01
6366            	5.12193501e-02	5.64140927e-02	1.62020418e+00	8.61321439e-01	7.58882739e-01
6367            	5.12095628e-02	5.64108119e-02	1.62018499e+00	8.61302060e-01	7.58882934e-01
6368            	5.11984736e-02	5.64063281e-02	1.62016288e+00	8.61279914e-01	7.58882967e-01
6369            	5.11861476e-02	5.64007118e-02	1.62013810e+00	8.61255196e-01	7.58882901e-01
6370            	5.11725560e-02	5.63939702e-02	1.62011070e+00	8.61227907e-01	7.58882795e-01
6371            	5.11576185e-02	5.63860665e-02	1.62008060e+00	8.61197921e-01	7.58882683e-01
6372            	5.11412353e-02	5.63769284e-02	1.62004759e+00	8.61165028e-01	7.58882558e-01
6373            	5.11233529e-02	5.63664996e-02	1.62001146e+00	8.61129083e-01	7.58882378e-01
6374            	5.11039872e-02	5.63547578e-02	1.61997212e+00	8.61090045e-01	7.58882070e-01
6375            	5.10833090e-02	5.63417825e-02	1.61992971e+00	8.61048165e-01	7.58881547e-01
6376            	5.10616531e-02	5.63277748e-02	1.61988475e+00	8.61004026e-01	7.58880720e-01
6377            	5.10395624e-02	5.63130955e-02	1.61983817e+00	8.60958647e-01	7.58879522e-01
6378            	5.10176993e-02	5.62982063e-02	1.61979124e+00	8.60913322e-01	7.58877923e-01
6379            	5.09968118e-02	5.62836611e-02	1.61974550e+00	8.60869560e-01	7.58875937e-01
6380            	5.09776572e-02	5.62700505e-02	1.61970257e+00	8.60828940e-01	7.58873626e-01
6381            	5.09608970e-02	5.62579189e-02	1.61966398e+00	8.60792889e-01	7.58871095e-01
6382            	5.09470528e-02	5.62477324e-02	1.61963108e+00	8.60762595e-01	7.58868489e-01
6383            	5.09364294e-02	5.62398064e-02	1.61960482e+00	8.60738840e-01	7.58865981e-01
6384            	5.09290788e-02	5.62342622e-02	1.61958565e+00	8.60721904e-01	7.58863746e-01
6385            	5.09248010e-02	5.62310215e-02	1.61957349e+00	8.60711545e-01	7.58861943e-01
6386            	5.09231678e-02	5.62298162e-02	1.61956775e+00	8.60707041e-01	7.58860706e-01
6387            	5.09235727e-02	5.62302152e-02	1.61956738e+00	8.60707263e-01	7.58860117e-01
6388            	5.09253163e-02	5.62316924e-02	1.61957105e+00	8.60710843e-01	7.58860211e-01
6389            	5.09276507e-02	5.62336555e-02	1.61957723e+00	8.60716264e-01	7.58860962e-01
6390            	5.09298698e-02	5.62355255e-02	1.61958434e+00	8.60722039e-01	7.58862300e-01
6391            	5.09313956e-02	5.62367968e-02	1.61959100e+00	8.60726897e-01	7.58864106e-01
6392            	5.09318115e-02	5.62370738e-02	1.61959610e+00	8.60729862e-01	7.58866239e-01
6393            	5.09308757e-02	5.62360910e-02	1.61959884e+00	8.60730296e-01	7.58868544e-01
6394            	5.09285090e-02	5.62337152e-02	1.61959877e+00	8.60727894e-01	7.58870876e-01
6395            	5.09247850e-02	5.62299489e-02	1.61959579e+00	8.60722681e-01	7.58873111e-01
6396            	5.09198670e-02	5.62248797e-02	1.61959006e+00	8.60714897e-01	7.58875163e-01
6397            	5.09139870e-02	5.62186615e-02	1.61958195e+00	8.60704960e-01	7.58876986e-01
6398            	5.09074277e-02	5.62115133e-02	1.61957203e+00	8.60693442e-01	7.58878586e-01
6399            	5.09005472e-02	5.62037468e-02	1.61956112e+00	8.60681106e-01	7.58880011e-01
6400            	5.08936239e-02	5.61956355e-02	1.61954993e+00	8.60668587e-01	7.58881339e-01
6401            	5.08867637e-02	5.61873299e-02	1.61953885e+00	8.60656191e-01	7.58882664e-01
6402            	5.08799025e-02	5.61788594e-02	1.61952797e+00	8.60643888e-01	7.58884083e-01
6403            	5.08728641e-02	5.61701648e-02	1.61951711e+00	8.60631417e-01	7.58885689e-01
6404            	5.08654479e-02	5.61611555e-02	1.61950598e+00	8.60618438e-01	7.58887542e-01
6405            	5.08574459e-02	5.61517183e-02	1.61949422e+00	8.60604558e-01	7.58889666e-01
6406            	5.08487533e-02	5.61418090e-02	1.61948161e+00	8.60589556e-01	7.58892049e-01
6407            	5.08392132e-02	5.61313253e-02	1.61946770e+00	8.60573063e-01	7.58894637e-01
6408            	5.08287130e-02	5.61201807e-02	1.61945210e+00	8.60554762e-01	7.58897336e-01
6409            	5.08172599e-02	5.61083679e-02	1.61943457e+00	8.60534545e-01	7.58900026e-01
6410            	5.08049491e-02	5.60959337e-02	1.61941506e+00	8.60512479e-01	7.58902581e-01
6411            	5.07919834e-02	5.60830065e-02	1.61939374e+00	8.60488853e-01	7.58904886e-01
6412            	5.07786831e-02	5.60698140e-02	1.61937107e+00	8.60464220e-01	7.58906854e-01
6413            	5.07668608e-02	5.60576534e-02	1.61935040e+00	8.60442059e-01	7.58908337e-01
6414            	5.07550332e-02	5.60457071e-02	1.61932958e+00	8.60419823e-01	7.58909756e-01
6415            	5.07417398e-02	5.60324679e-02	1.61930470e+00	8.60394088e-01	7.58910608e-01
6416            	5.07278119e-02	5.60190102e-02	1.61927824e+00	8.60366930e-01	7.58911306e-01
6417            	5.07157686e-02	5.60069771e-02	1.61925486e+00	8.60343197e-01	7.58911660e-01
6418            	5.07037183e-02	5.59947891e-02	1.61923038e+00	8.60318909e-01	7.58911473e-01
6419            	5.06918678e-02	5.59829759e-02	1.61920631e+00	8.60295022e-01	7.58911286e-01
6420            	5.06822264e-02	5.59727764e-02	1.61918655e+00	8.60275500e-01	7.58911047e-01
6421            	5.06728456e-02	5.59625771e-02	1.61916660e+00	8.60256144e-01	7.58910453e-01
6422            	5.06637596e-02	5.59528042e-02	1.61914762e+00	8.60237568e-01	7.58910049e-01
6423            	5.06565841e-02	5.59444513e-02	1.61913265e+00	8.60222911e-01	7.58909743e-01
6424            	5.06495132e-02	5.59360642e-02	1.61911733e+00	8.60208176e-01	7.58909150e-01
6425            	5.06425452e-02	5.59280519e-02	1.61910259e+00	8.60193838e-01	7.58908748e-01
6426            	5.06373808e-02	5.59214337e-02	1.61909158e+00	8.60183170e-01	7.58908408e-01
6427            	5.06324879e-02	5.59149160e-02	1.61908030e+00	8.60172640e-01	7.58907664e-01
6428            	5.06269079e-02	5.59080155e-02	1.61906697e+00	8.60160395e-01	7.58906579e-01
6429            	5.06243221e-02	5.59034476e-02	1.61906019e+00	8.60154418e-01	7.58905774e-01
6430            	5.06227582e-02	5.58998533e-02	1.61905516e+00	8.60150340e-01	7.58904824e-01
6431            	5.06218341e-02	5.58966163e-02	1.61905078e+00	8.60147225e-01	7.58903557e-01
6432            	5.06229863e-02	5.58950463e-02	1.61905067e+00	8.60148322e-01	7.58902350e-01
6433            	5.06251000e-02	5.58944247e-02	1.61905220e+00	8.60151199e-01	7.58900999e-01
6434            	5.06272841e-02	5.58937501e-02	1.61905268e+00	8.60153626e-01	7.58899058e-01
6435            	5.06322091e-02	5.58953444e-02	1.61905979e+00	8.60162102e-01	7.58897684e-01
6436            	5.06381761e-02	5.58976135e-02	1.61906830e+00	8.60172325e-01	7.58895973e-01
6437            	5.06451335e-02	5.59008723e-02	1.61907888e+00	8.60184573e-01	7.58894306e-01
6438            	5.06535862e-02	5.59054351e-02	1.61909274e+00	8.60199959e-01	7.58892786e-01
6439            	5.06630930e-02	5.59107347e-02	1.61910804e+00	8.60217115e-01	7.58890929e-01
6440            	5.06737831e-02	5.59170680e-02	1.61912518e+00	8.60236372e-01	7.58888806e-01
6441            	5.06860389e-02	5.59249716e-02	1.61914651e+00	8.60259296e-01	7.58887218e-01
6442            	5.06995648e-02	5.59342098e-02	1.61917070e+00	8.60284915e-01	7.58885785e-01
6443            	5.07141763e-02	5.59442937e-02	1.61919709e+00	8.60312720e-01	7.58884368e-01
6444            	5.07294820e-02	5.59551761e-02	1.61922540e+00	8.60342181e-01	7.58883218e-01
6445            	5.07459314e-02	5.59671785e-02	1.61925629e+00	8.60374077e-01	7.58882214e-01
6446            	5.07635866e-02	5.59800389e-02	1.61928959e+00	8.60408383e-01	7.58881210e-01
6447            	5.07818157e-02	5.59935621e-02	1.61932449e+00	8.60444059e-01	7.58880428e-01
6448            	5.08015070e-02	5.60083721e-02	1.61936256e+00	8.60482788e-01	7.58879774e-01
6449            	5.08230589e-02	5.60245074e-02	1.61940420e+00	8.60525160e-01	7.58879042e-01
6450            	5.08432130e-02	5.60400757e-02	1.61944375e+00	8.60565089e-01	7.58878663e-01
6451            	5.08640672e-02	5.60560562e-02	1.61948448e+00	8.60606309e-01	7.58878174e-01
6452            	5.08856758e-02	5.60729600e-02	1.61952709e+00	8.60649220e-01	7.58877868e-01
6453            	5.09066752e-02	5.60897291e-02	1.61956889e+00	8.60691120e-01	7.58877770e-01
6454            	5.09291196e-02	5.61074375e-02	1.61961346e+00	8.60735850e-01	7.58877611e-01
6455            	5.09533786e-02	5.61265673e-02	1.61966192e+00	8.60784340e-01	7.58877582e-01
6456            	5.09749523e-02	5.61440941e-02	1.61970539e+00	8.60827647e-01	7.58877742e-01
6457            	5.09969129e-02	5.61622380e-02	1.61975038e+00	8.60872101e-01	7.58878275e-01
6458            	5.10187148e-02	5.61802880e-02	1.61979523e+00	8.60916328e-01	7.58878899e-01
6459            	5.10383788e-02	5.61970369e-02	1.61983596e+00	8.60956357e-01	7.58879599e-01
6460            	5.10593166e-02	5.62149261e-02	1.61988005e+00	8.60999342e-01	7.58880708e-01
6461            	5.10798374e-02	5.62323908e-02	1.61992335e+00	8.61041512e-01	7.58881837e-01
6462            	5.10979373e-02	5.62482435e-02	1.61996174e+00	8.61078806e-01	7.58882931e-01
6463            	5.11172444e-02	5.62652024e-02	1.62000346e+00	8.61118973e-01	7.58884484e-01
6464            	5.11358517e-02	5.62815865e-02	1.62004364e+00	8.61157670e-01	7.58885967e-01
6465            	5.11542389e-02	5.62981751e-02	1.62008403e+00	8.61196254e-01	7.58887777e-01
6466            	5.11798749e-02	5.63206780e-02	1.62014229e+00	8.61251022e-01	7.58891272e-01
6467            	5.11933196e-02	5.63342539e-02	1.62017270e+00	8.61279672e-01	7.58893033e-01
6468            	5.12038980e-02	5.63459598e-02	1.62019701e+00	8.61302405e-01	7.58894609e-01
6469            	5.12165609e-02	5.63599735e-02	1.62022714e+00	8.61330131e-01	7.58897009e-01
6470            	5.12214805e-02	5.63678833e-02	1.62023905e+00	8.61341004e-01	7.58898043e-01
6471            	5.12252536e-02	5.63753152e-02	1.62024888e+00	8.61349695e-01	7.58899188e-01
6472            	5.12301805e-02	5.63840425e-02	1.62026162e+00	8.61360992e-01	7.58900631e-01
6473            	5.12324411e-02	5.63905569e-02	1.62026831e+00	8.61366595e-01	7.58901713e-01
6474            	5.12332212e-02	5.63958133e-02	1.62027174e+00	8.61369090e-01	7.58902648e-01
6475            	5.12319839e-02	5.63996335e-02	1.62027133e+00	8.61367649e-01	7.58903681e-01
6476            	5.12362002e-02	5.64088367e-02	1.62028485e+00	8.61378624e-01	7.58906223e-01
6477            	5.12328519e-02	5.64110468e-02	1.62028059e+00	8.61373147e-01	7.58907444e-01
6478            	5.12264108e-02	5.64105023e-02	1.62026941e+00	8.61361116e-01	7.58908294e-01
6479            	5.12177936e-02	5.64079894e-02	1.62025330e+00	8.61344443e-01	7.58908856e-01
6480            	5.12076392e-02	5.64042842e-02	1.62023415e+00	8.61324713e-01	7.58909435e-01
6481            	5.11959466e-02	5.63992205e-02	1.62021145e+00	8.61301671e-01	7.58909778e-01
6482            	5.11828257e-02	5.63930584e-02	1.62018591e+00	8.61275782e-01	7.58910131e-01
6483            	5.11682369e-02	5.63856294e-02	1.62015697e+00	8.61246723e-01	7.58910249e-01
6484            	5.11521365e-02	5.63770079e-02	1.62012493e+00	8.61214600e-01	7.58910327e-01
6485            	5.11344319e-02	5.63669289e-02	1.62008902e+00	8.61178940e-01	7.58910076e-01
6486            	5.11152211e-02	5.63555506e-02	1.62004979e+00	8.61140119e-01	7.58909676e-01
6487            	5.10946131e-02	5.63427279e-02	1.62000689e+00	8.61098057e-01	7.58908831e-01
6488            	5.10729776e-02	5.63288486e-02	1.61996143e+00	8.61053693e-01	7.58907738e-01
6489            	5.10508001e-02	5.63140806e-02	1.61991390e+00	8.61007749e-01	7.58906149e-01
6490            	5.10287909e-02	5.62991132e-02	1.61986621e+00	8.60961898e-01	7.58904316e-01
6491            	5.10076155e-02	5.62843020e-02	1.61981936e+00	8.60917295e-01	7.58902064e-01
6492            	5.09881043e-02	5.62704921e-02	1.61977564e+00	8.60875924e-01	7.58899715e-01
6493            	5.09708369e-02	5.62580144e-02	1.61973597e+00	8.60838821e-01	7.58897147e-01
6494            	5.09564171e-02	5.62475886e-02	1.61970230e+00	8.60807566e-01	7.58894732e-01
6495            	5.09456082e-02	5.62398181e-02	1.61967655e+00	8.60783881e-01	7.58892665e-01
6496            	5.09376097e-02	5.62339458e-02	1.61965662e+00	8.60765918e-01	7.58890698e-01
6497            	5.09321269e-02	5.62300836e-02	1.61964218e+00	8.60753217e-01	7.58888964e-01
6498            	5.09294481e-02	5.62284568e-02	1.61963481e+00	8.60746855e-01	7.58887958e-01
6499            	5.09287130e-02	5.62282488e-02	1.61963209e+00	8.60744758e-01	7.58887332e-01
6500            	5.09292201e-02	5.62288978e-02	1.61963301e+00	8.60745724e-01	7.58887284e-01
6501            	5.09304554e-02	5.62303200e-02	1.61963672e+00	8.60748814e-01	7.58887903e-01
6502            	5.09319546e-02	5.62318712e-02	1.61964197e+00	8.60752942e-01	7.58889033e-01
6503            	5.09328726e-02	5.62327712e-02	1.61964655e+00	8.60756146e-01	7.58890400e-01
6504            	5.09329242e-02	5.62325973e-02	1.61964981e+00	8.60757832e-01	7.58891983e-01
6505            	5.09320412e-02	5.62315693e-02	1.61965176e+00	8.60757921e-01	7.58893838e-01
6506            	5.09302112e-02	5.62295105e-02	1.61965186e+00	8.60756142e-01	7.58895719e-01
6507            	5.09269278e-02	5.62257988e-02	1.61964893e+00	8.60751393e-01	7.58897537e-01
6508            	5.09226745e-02	5.62212078e-02	1.61964408e+00	8.60744715e-01	7.58899366e-01
6509            	5.09179232e-02	5.62160143e-02	1.61963790e+00	8.60736874e-01	7.58901028e-01
6510            	5.09119200e-02	5.62093429e-02	1.61962883e+00	8.60726336e-01	7.58902496e-01
6511            	5.09055055e-02	5.62022701e-02	1.61961896e+00	8.60714984e-01	7.58903973e-01
6512            	5.08994788e-02	5.61953484e-02	1.61960970e+00	8.60704330e-01	7.58905372e-01
6513            	5.08927896e-02	5.61874300e-02	1.61959904e+00	8.60692309e-01	7.58906729e-01
6514            	5.08860776e-02	5.61794796e-02	1.61958879e+00	8.60680472e-01	7.58908316e-01
6515            	5.08798697e-02	5.61718615e-02	1.61957979e+00	8.60669763e-01	7.58910024e-01
6516            	5.08726020e-02	5.61630275e-02	1.61956897e+00	8.60657087e-01	7.58911883e-01
6517            	5.08645602e-02	5.61536735e-02	1.61955738e+00	8.60643252e-01	7.58914132e-01
6518            	5.08567078e-02	5.61445381e-02	1.61954646e+00	8.60629937e-01	7.58916522e-01
6519            	5.08473503e-02	5.61339780e-02	1.61953273e+00	8.60613716e-01	7.58919015e-01
6520            	5.08364774e-02	5.61223778e-02	1.61951650e+00	8.60594725e-01	7.58921770e-01
6521            	5.08259430e-02	5.61112137e-02	1.61950076e+00	8.60576324e-01	7.58924439e-01
6522            	5.08138538e-02	5.60986942e-02	1.61948151e+00	8.60554610e-01	7.58926902e-01
6523            	5.08000082e-02	5.60848814e-02	1.61945852e+00	8.60529268e-01	7.58929251e-01
6524            	5.07873711e-02	5.60721714e-02	1.61943729e+00	8.60506018e-01	7.58931276e-01
6525            	5.07740626e-02	5.60588384e-02	1.61941377e+00	8.60480946e-01	7.58932821e-01
6526            	5.07592462e-02	5.60442303e-02	1.61938625e+00	8.60452370e-01	7.58933878e-01
6527            	5.07465880e-02	5.60314103e-02	1.61936251e+00	8.60427844e-01	7.58934668e-01
6528            	5.07342446e-02	5.60189645e-02	1.61933872e+00	8.60403605e-01	7.58935115e-01
6529            	5.07217566e-02	5.60063139e-02	1.61931369e+00	8.60378603e-01	7.58935089e-01
6530            	5.07116994e-02	5.59956433e-02	1.61929350e+00	8.60358451e-01	7.58935052e-01
6531            	5.07031863e-02	5.59863516e-02	1.61927659e+00	8.60341483e-01	7.58935111e-01
6532            	5.06940475e-02	5.59770248e-02	1.61925868e+00	8.60323388e-01	7.58935293e-01
6533            	5.06842422e-02	5.59670412e-02	1.61923892e+00	8.60303702e-01	7.58935218e-01
6534            	5.06757124e-02	5.59580115e-02	1.61922183e+00	8.60286628e-01	7.58935203e-01
6535            	5.06669495e-02	5.59490350e-02	1.61920439e+00	8.60269147e-01	7.58935248e-01
6536            	5.06574791e-02	5.59391435e-02	1.61918479e+00	8.60249877e-01	7.58934918e-01
6537            	5.06498227e-02	5.59304490e-02	1.61916879e+00	8.60234217e-01	7.58934572e-01
6538            	5.06426184e-02	5.59222937e-02	1.61915362e+00	8.60219427e-01	7.58934190e-01
6539            	5.06330809e-02	5.59119860e-02	1.61913169e+00	8.60198925e-01	7.58932763e-01
6540            	5.06266118e-02	5.59039210e-02	1.61911605e+00	8.60184639e-01	7.58931415e-01
6541            	5.06240060e-02	5.58989443e-02	1.61910911e+00	8.60178559e-01	7.58930547e-01
6542            	5.06235002e-02	5.58956979e-02	1.61910659e+00	8.60176794e-01	7.58929794e-01
6543            	5.06248081e-02	5.58939978e-02	1.61910771e+00	8.60178662e-01	7.58929046e-01
6544            	5.06265155e-02	5.58929642e-02	1.61910925e+00	8.60181140e-01	7.58928109e-01
6545            	5.06283835e-02	5.58920293e-02	1.61911034e+00	8.60183556e-01	7.58926789e-01
6546            	5.06315162e-02	5.58922807e-02	1.61911394e+00	8.60188486e-01	7.58925454e-01
6547            	5.06351554e-02	5.58932594e-02	1.61911828e+00	8.60194296e-01	7.58923985e-01
6548            	5.06386107e-02	5.58940608e-02	1.61912108e+00	8.60199153e-01	7.58921931e-01
6549            	5.06443507e-02	5.58966494e-02	1.61912941e+00	8.60209057e-01	7.58920356e-01
6550            	5.06512075e-02	5.58998602e-02	1.61913931e+00	8.60220861e-01	7.58918446e-01
6551            	5.06588723e-02	5.59036333e-02	1.61915007e+00	8.60233906e-01	7.58916161e-01
6552            	5.06686592e-02	5.59092587e-02	1.61916623e+00	8.60251776e-01	7.58914458e-01
6553            	5.06799715e-02	5.59162267e-02	1.61918583e+00	8.60272885e-01	7.58912942e-01
6554            	5.06925198e-02	5.59244082e-02	1.61920794e+00	8.60296488e-01	7.58911449e-01
6555            	5.07061193e-02	5.59333561e-02	1.61923187e+00	8.60322053e-01	7.58909815e-01
6556            	5.07206278e-02	5.59432627e-02	1.61925800e+00	8.60349628e-01	7.58908373e-01
6557            	5.07363435e-02	5.59543780e-02	1.61928684e+00	8.60379763e-01	7.58907075e-01
6558            	5.07533031e-02	5.59663919e-02	1.61931817e+00	8.60412390e-01	7.58905784e-01
6559            	5.07710763e-02	5.59793385e-02	1.61935172e+00	8.60446934e-01	7.58904782e-01
6560            	5.07905734e-02	5.59939057e-02	1.61938917e+00	8.60485160e-01	7.58904013e-01
6561            	5.08110864e-02	5.60092907e-02	1.61942876e+00	8.60525464e-01	7.58903292e-01
6562            	5.08313295e-02	5.60248248e-02	1.61946820e+00	8.60565428e-01	7.58902769e-01
6563            	5.08525772e-02	5.60414029e-02	1.61950993e+00	8.60607540e-01	7.58902386e-01
6564            	5.08741777e-02	5.60583011e-02	1.61955227e+00	8.60650313e-01	7.58901957e-01
6565            	5.08953422e-02	5.60751739e-02	1.61959402e+00	8.60692355e-01	7.58901670e-01
6566            	5.09180803e-02	5.60934430e-02	1.61963935e+00	8.60737753e-01	7.58901593e-01
6567            	5.09410149e-02	5.61118358e-02	1.61968507e+00	8.60783549e-01	7.58901519e-01
6568            	5.09643364e-02	5.61306747e-02	1.61973215e+00	8.60830412e-01	7.58901739e-01
6569            	5.09916178e-02	5.61521877e-02	1.61978789e+00	8.60885563e-01	7.58902327e-01
6570            	5.10175546e-02	5.61731318e-02	1.61984233e+00	8.60938722e-01	7.58903613e-01
6571            	5.10405616e-02	5.61921120e-02	1.61989086e+00	8.60985990e-01	7.58904867e-01
6572            	5.10567018e-02	5.62067142e-02	1.61992532e+00	8.61019364e-01	7.58905960e-01
6573            	5.10706811e-02	5.62196869e-02	1.61995483e+00	8.61048095e-01	7.58906732e-01
6574            	5.10844700e-02	5.62325273e-02	1.61998392e+00	8.61076430e-01	7.58907490e-01
6575            	5.11009672e-02	5.62471846e-02	1.62001857e+00	8.61110253e-01	7.58908318e-01
6576            	5.11184578e-02	5.62622511e-02	1.62005500e+00	8.61145957e-01	7.58909041e-01
6577            	5.11351382e-02	5.62769531e-02	1.62008949e+00	8.61179881e-01	7.58909605e-01
6578            	5.11517257e-02	5.62916464e-02	1.62012407e+00	8.61213761e-01	7.58910309e-01
6579            	5.11694344e-02	5.63077555e-02	1.62016211e+00	8.61250489e-01	7.58911620e-01
6580            	5.11864172e-02	5.63235427e-02	1.62019903e+00	8.61285934e-01	7.58913100e-01
6581            	5.11995780e-02	5.63369142e-02	1.62022815e+00	8.61313655e-01	7.58914499e-01
6582            	5.12131013e-02	5.63514196e-02	1.62025958e+00	8.61342893e-01	7.58916690e-01
6583            	5.12244925e-02	5.63645422e-02	1.62028688e+00	8.61367933e-01	7.58918948e-01
6584            	5.12343640e-02	5.63772431e-02	1.62031209e+00	8.61390409e-01	7.58921681e-01
6585            	5.12502226e-02	5.63960254e-02	1.62035358e+00	8.61427011e-01	7.58926566e-01
6586            	5.12529410e-02	5.64035436e-02	1.62036392e+00	8.61434899e-01	7.58929017e-01
6587            	5.12521210e-02	5.64084270e-02	1.62036667e+00	8.61435454e-01	7.58931212e-01
6588            	5.12465123e-02	5.64092184e-02	1.62035800e+00	8.61425510e-01	7.58932485e-01
6589            	5.12386278e-02	5.64078793e-02	1.62034369e+00	8.61410472e-01	7.58933217e-01
6590            	5.12312437e-02	5.64072453e-02	1.62033029e+00	8.61396387e-01	7.58933900e-01
6591            	5.12207692e-02	5.64035246e-02	1.62030923e+00	8.61375385e-01	7.58933846e-01
6592            	5.12100614e-02	5.63994812e-02	1.62028708e+00	8.61353600e-01	7.58933478e-01
6593            	5.11980135e-02	5.63940202e-02	1.62026180e+00	8.61328914e-01	7.58932887e-01
6594            	5.11853845e-02	5.63878255e-02	1.62023494e+00	8.61302857e-01	7.58932088e-01
6595            	5.11720790e-02	5.63810272e-02	1.62020708e+00	8.61275617e-01	7.58931459e-01
6596            	5.11577860e-02	5.63732448e-02	1.62017723e+00	8.61246399e-01	7.58930827e-01
6597            	5.11424541e-02	5.63647168e-02	1.62014592e+00	8.61215414e-01	7.58930505e-01
6598            	5.11257464e-02	5.63549934e-02	1.62011190e+00	8.61181696e-01	7.58930203e-01
6599            	5.11076173e-02	5.63442151e-02	1.62007541e+00	8.61145320e-01	7.58930086e-01
6600            	5.10880345e-02	5.63321470e-02	1.62003563e+00	8.61105851e-01	7.58929782e-01
6601            	5.10673278e-02	5.63191156e-02	1.61999341e+00	8.61064032e-01	7.58929376e-01
6602            	5.10458835e-02	5.63051817e-02	1.61994878e+00	8.61020273e-01	7.58928506e-01
6603            	5.10244752e-02	5.62910046e-02	1.61990358e+00	8.60976263e-01	7.58927312e-01
6604            	5.10037803e-02	5.62768814e-02	1.61985863e+00	8.60933094e-01	7.58925533e-01
6605            	5.09846762e-02	5.62636322e-02	1.61981623e+00	8.60892791e-01	7.58923438e-01
6606            	5.09686043e-02	5.62523067e-02	1.61977961e+00	8.60858411e-01	7.58921202e-01
6607            	5.09549239e-02	5.62422836e-02	1.61974706e+00	8.60828454e-01	7.58918606e-01
6608            	5.09433282e-02	5.62337125e-02	1.61971819e+00	8.60802425e-01	7.58915769e-01
6609            	5.09355927e-02	5.62279878e-02	1.61969813e+00	8.60784659e-01	7.58913474e-01
6610            	5.09305927e-02	5.62241711e-02	1.61968389e+00	8.60772536e-01	7.58911351e-01
6611            	5.09283518e-02	5.62223859e-02	1.61967660e+00	8.60766650e-01	7.58909947e-01
6612            	5.09280303e-02	5.62223367e-02	1.61967460e+00	8.60765331e-01	7.58909270e-01
6613            	5.09292483e-02	5.62235093e-02	1.61967694e+00	8.60767717e-01	7.58909220e-01
6614            	5.09308544e-02	5.62249628e-02	1.61968136e+00	8.60771533e-01	7.58909824e-01
6615            	5.09324678e-02	5.62262109e-02	1.61968677e+00	8.60775854e-01	7.58910919e-01
6616            	5.09336420e-02	5.62270755e-02	1.61969242e+00	8.60779854e-01	7.58912570e-01
6617            	5.09339019e-02	5.62270396e-02	1.61969654e+00	8.60782171e-01	7.58914367e-01
6618            	5.09329273e-02	5.62260962e-02	1.61969904e+00	8.60782446e-01	7.58916591e-01
6619            	5.09303538e-02	5.62236394e-02	1.61969858e+00	8.60779643e-01	7.58918936e-01
6620            	5.09271440e-02	5.62204694e-02	1.61969629e+00	8.60775290e-01	7.58921002e-01
6621            	5.09225496e-02	5.62156696e-02	1.61969079e+00	8.60767943e-01	7.58922843e-01
6622            	5.09170836e-02	5.62099569e-02	1.61968338e+00	8.60758771e-01	7.58924604e-01
6623            	5.09115087e-02	5.62038147e-02	1.61967529e+00	8.60749153e-01	7.58926136e-01
6624            	5.09049224e-02	5.61962170e-02	1.61966478e+00	8.60737311e-01	7.58927466e-01
6625            	5.08981770e-02	5.61883449e-02	1.61965404e+00	8.60725199e-01	7.58928845e-01
6626            	5.08919725e-02	5.61807459e-02	1.61964436e+00	8.60714154e-01	7.58930209e-01
6627            	5.08849547e-02	5.61720563e-02	1.61963304e+00	8.60701477e-01	7.58931568e-01
6628            	5.08775477e-02	5.61631738e-02	1.61962155e+00	8.60688321e-01	7.58933225e-01
6629            	5.08705282e-02	5.61546848e-02	1.61961115e+00	8.60676101e-01	7.58935045e-01
6630            	5.08622181e-02	5.61449240e-02	1.61959845e+00	8.60661444e-01	7.58937008e-01
6631            	5.08529351e-02	5.61346379e-02	1.61958462e+00	8.60645246e-01	7.58939375e-01
6632            	5.08439441e-02	5.61247317e-02	1.61957159e+00	8.60629741e-01	7.58941853e-01
6633            	5.08333482e-02	5.61133819e-02	1.61955540e+00	8.60611048e-01	7.58944352e-01
6634            	5.08212670e-02	5.61010771e-02	1.61953663e+00	8.60589580e-01	7.58947046e-01
6635            	5.08097498e-02	5.60893181e-02	1.61951861e+00	8.60569057e-01	7.58949557e-01
6636            	5.07969139e-02	5.60763366e-02	1.61949728e+00	8.60545555e-01	7.58951727e-01
6637            	5.07828428e-02	5.60624956e-02	1.61947314e+00	8.60519415e-01	7.58953729e-01
6638            	5.07703005e-02	5.60498900e-02	1.61945128e+00	8.60495943e-01	7.58955342e-01
6639            	5.07573393e-02	5.60368057e-02	1.61942750e+00	8.60471091e-01	7.58956413e-01
6640            	5.07434574e-02	5.60230664e-02	1.61940118e+00	8.60444047e-01	7.58957132e-01
6641            	5.07316819e-02	5.60110576e-02	1.61937860e+00	8.60420982e-01	7.58957618e-01
6642            	5.07200279e-02	5.59991420e-02	1.61935543e+00	8.60397745e-01	7.58957689e-01
6643            	5.07056468e-02	5.59850986e-02	1.61932540e+00	8.60368348e-01	7.58957054e-01
6644            	5.06960298e-02	5.59749373e-02	1.61930588e+00	8.60348971e-01	7.58956912e-01
6645            	5.06873875e-02	5.59656425e-02	1.61928827e+00	8.60331521e-01	7.58956746e-01
6646            	5.06766566e-02	5.59546092e-02	1.61926523e+00	8.60309270e-01	7.58955957e-01
6647            	5.06700097e-02	5.59468847e-02	1.61925203e+00	8.60296022e-01	7.58956003e-01
6648            	5.06636807e-02	5.59393587e-02	1.61923916e+00	8.60283260e-01	7.58955899e-01
6649            	5.06554548e-02	5.59305206e-02	1.61922183e+00	8.60266369e-01	7.58955459e-01
6650            	5.06502445e-02	5.59240028e-02	1.61921141e+00	8.60255951e-01	7.58955462e-01
6651            	5.06451554e-02	5.59177209e-02	1.61920095e+00	8.60245633e-01	7.58955322e-01
6652            	5.06395925e-02	5.59109544e-02	1.61918888e+00	8.60234030e-01	7.58954845e-01
6653            	5.06356711e-02	5.59054066e-02	1.61918003e+00	8.60225687e-01	7.58954344e-01
6654            	5.06320363e-02	5.59001634e-02	1.61917120e+00	8.60217635e-01	7.58953562e-01
6655            	5.06273031e-02	5.58938364e-02	1.61915845e+00	8.60206526e-01	7.58951920e-01
6656            	5.06262541e-02	5.58904512e-02	1.61915409e+00	8.60203301e-01	7.58950793e-01
6657            	5.06263411e-02	5.58877781e-02	1.61915106e+00	8.60201871e-01	7.58949189e-01
6658            	5.06274229e-02	5.58860682e-02	1.61914983e+00	8.60202339e-01	7.58947493e-01
6659            	5.06298163e-02	5.58853101e-02	1.61915048e+00	8.60205058e-01	7.58945426e-01
6660            	5.06336542e-02	5.58857822e-02	1.61915396e+00	8.60210632e-01	7.58943324e-01
6661            	5.06395731e-02	5.58880769e-02	1.61916217e+00	8.60220656e-01	7.58941510e-01
6662            	5.06465388e-02	5.58914982e-02	1.61917254e+00	8.60232809e-01	7.58939732e-01
6663            	5.06545094e-02	5.58956253e-02	1.61918466e+00	8.60246837e-01	7.58937818e-01
6664            	5.06640253e-02	5.59011582e-02	1.61920038e+00	8.60264215e-01	7.58936165e-01
6665            	5.06748696e-02	5.59080137e-02	1.61921904e+00	8.60284391e-01	7.58934652e-01
6666            	5.06870177e-02	5.59157729e-02	1.61924021e+00	8.60307122e-01	7.58933087e-01
6667            	5.07004200e-02	5.59247396e-02	1.61926441e+00	8.60332627e-01	7.58931787e-01
6668            	5.07149869e-02	5.59348916e-02	1.61929117e+00	8.60360574e-01	7.58930601e-01
6669            	5.07305580e-02	5.59457448e-02	1.61931979e+00	8.60390452e-01	7.58929336e-01
6670            	5.07466969e-02	5.59573065e-02	1.61934989e+00	8.60421642e-01	7.58928248e-01
6671            	5.07640650e-02	5.59700892e-02	1.61938256e+00	8.60455345e-01	7.58927215e-01
6672            	5.07826359e-02	5.59837677e-02	1.61941750e+00	8.60491385e-01	7.58926114e-01
6673            	5.08016210e-02	5.59980301e-02	1.61945360e+00	8.60528420e-01	7.58925178e-01
6674            	5.08217447e-02	5.60133947e-02	1.61949218e+00	8.60567834e-01	7.58924344e-01
6675            	5.08424494e-02	5.60291889e-02	1.61953194e+00	8.60608417e-01	7.58923518e-01
6676            	5.08628052e-02	5.60449332e-02	1.61957133e+00	8.60648472e-01	7.58922862e-01
6677            	5.08830073e-02	5.60607874e-02	1.61961081e+00	8.60688411e-01	7.58922396e-01
6678            	5.09049428e-02	5.60781407e-02	1.61965422e+00	8.60732051e-01	7.58922165e-01
6679            	5.09275334e-02	5.60960308e-02	1.61969914e+00	8.60777105e-01	7.58922039e-01
6680            	5.09497402e-02	5.61138365e-02	1.61974369e+00	8.60821585e-01	7.58922104e-01
6681            	5.09730979e-02	5.61326434e-02	1.61979112e+00	8.60868658e-01	7.58922463e-01
6682            	5.09937159e-02	5.61497282e-02	1.61983316e+00	8.60910296e-01	7.58922864e-01
6683            	5.10207588e-02	5.61711833e-02	1.61988915e+00	8.60965334e-01	7.58923816e-01
6684            	5.10420161e-02	5.61888907e-02	1.61993339e+00	8.61008710e-01	7.58924678e-01
6685            	5.10605451e-02	5.62049349e-02	1.61997227e+00	8.61046682e-01	7.58925592e-01
6686            	5.10799695e-02	5.62219045e-02	1.62001369e+00	8.61086815e-01	7.58926876e-01
6687            	5.10982116e-02	5.62379109e-02	1.62005223e+00	8.61124325e-01	7.58927902e-01
6688            	5.11175899e-02	5.62550173e-02	1.62009387e+00	8.61164523e-01	7.58929343e-01
6689            	5.11328336e-02	5.62691739e-02	1.62012622e+00	8.61195945e-01	7.58930278e-01
6690            	5.11506925e-02	5.62853353e-02	1.62016455e+00	8.61232967e-01	7.58931582e-01
6691            	5.11680562e-02	5.63012678e-02	1.62020209e+00	8.61269101e-01	7.58932988e-01
6692            	5.11824315e-02	5.63151201e-02	1.62023350e+00	8.61299182e-01	7.58934319e-01
6693            	5.11963206e-02	5.63291506e-02	1.62026476e+00	8.61328700e-01	7.58936059e-01
6694            	5.12094119e-02	5.63428188e-02	1.62029465e+00	8.61356735e-01	7.58937911e-01
6695            	5.12202129e-02	5.63552629e-02	1.62032013e+00	8.61380278e-01	7.58939852e-01
6696            	5.12306547e-02	5.63680695e-02	1.62034586e+00	8.61403586e-01	7.58942277e-01
6697            	5.12369120e-02	5.63775769e-02	1.62036204e+00	8.61417931e-01	7.58944107e-01
6698            	5.12421738e-02	5.63867919e-02	1.62037678e+00	8.61430562e-01	7.58946215e-01
6699            	5.12429293e-02	5.63924627e-02	1.62038138e+00	8.61433620e-01	7.58947761e-01
6700            	5.12411314e-02	5.63960069e-02	1.62038043e+00	8.61431347e-01	7.58949084e-01
6701            	5.12381428e-02	5.63986890e-02	1.62037657e+00	8.61426428e-01	7.58950142e-01
6702            	5.12318753e-02	5.63984838e-02	1.62036531e+00	8.61414533e-01	7.58950782e-01
6703            	5.12266125e-02	5.63996208e-02	1.62035713e+00	8.61405175e-01	7.58951950e-01
6704            	5.12191902e-02	5.63987418e-02	1.62034392e+00	8.61391148e-01	7.58952768e-01
6705            	5.12099020e-02	5.63960620e-02	1.62032635e+00	8.61373076e-01	7.58953272e-01
6706            	5.11989910e-02	5.63917807e-02	1.62030498e+00	8.61351483e-01	7.58953501e-01
6707            	5.11865779e-02	5.63860342e-02	1.62028015e+00	8.61326655e-01	7.58953499e-01
6708            	5.11726904e-02	5.63789050e-02	1.62025201e+00	8.61298694e-01	7.58953314e-01
6709            	5.11573012e-02	5.63704338e-02	1.62022056e+00	8.61267583e-01	7.58952980e-01
6710            	5.11403752e-02	5.63606403e-02	1.62018579e+00	8.61233270e-01	7.58952519e-01
6711            	5.11219365e-02	5.63495619e-02	1.62014773e+00	8.61195802e-01	7.58951928e-01
6712            	5.11020868e-02	5.63372667e-02	1.62010653e+00	8.61155353e-01	7.58951179e-01
6713            	5.10810798e-02	5.63239094e-02	1.62006262e+00	8.61112388e-01	7.58950228e-01
6714            	5.10593340e-02	5.63097546e-02	1.62001673e+00	8.61067697e-01	7.58949029e-01
6715            	5.10374335e-02	5.62951854e-02	1.61996996e+00	8.61022411e-01	7.58947544e-01
6716            	5.10160510e-02	5.62806602e-02	1.61992363e+00	8.60977866e-01	7.58945764e-01
6717            	5.09958999e-02	5.62666950e-02	1.61987921e+00	8.60935506e-01	7.58943706e-01
6718            	5.09776720e-02	5.62538190e-02	1.61983819e+00	8.60896769e-01	7.58941425e-01
6719            	5.09619446e-02	5.62425072e-02	1.61980191e+00	8.60862901e-01	7.58939011e-01
6720            	5.09491510e-02	5.62331564e-02	1.61977148e+00	8.60834892e-01	7.58936590e-01
6721            	5.09395081e-02	5.62260128e-02	1.61974762e+00	8.60813320e-01	7.58934304e-01
6722            	5.09329937e-02	5.62211419e-02	1.61973059e+00	8.60798287e-01	7.58932299e-01
6723            	5.09293527e-02	5.62184238e-02	1.61972012e+00	8.60789415e-01	7.58930710e-01
6724            	5.09281238e-02	5.62175632e-02	1.61971553e+00	8.60785890e-01	7.58929643e-01
6725            	5.09286964e-02	5.62181233e-02	1.61971572e+00	8.60786558e-01	7.58929165e-01
6726            	5.09303801e-02	5.62195802e-02	1.61971936e+00	8.60790060e-01	7.58929299e-01
6727            	5.09324578e-02	5.62213611e-02	1.61972496e+00	8.60794936e-01	7.58930020e-01
6728            	5.09342692e-02	5.62229154e-02	1.61973105e+00	8.60799796e-01	7.58931258e-01
6729            	5.09353009e-02	5.62237823e-02	1.61973642e+00	8.60803509e-01	7.58932907e-01
6730            	5.09351964e-02	5.62236105e-02	1.61974007e+00	8.60805234e-01	7.58934841e-01
6731            	5.09337656e-02	5.62221768e-02	1.61974138e+00	8.60804456e-01	7.58936925e-01
6732            	5.09309737e-02	5.62193878e-02	1.61974001e+00	8.60800979e-01	7.58939032e-01
6733            	5.09269199e-02	5.62152740e-02	1.61973595e+00	8.60794895e-01	7.58941056e-01
6734            	5.09217760e-02	5.62099364e-02	1.61972940e+00	8.60786476e-01	7.58942924e-01
6735            	5.09157739e-02	5.62035379e-02	1.61972075e+00	8.60776151e-01	7.58944603e-01
6736            	5.09091983e-02	5.61963088e-02	1.61971060e+00	8.60764500e-01	7.58946103e-01
6737            	5.09023886e-02	5.61885558e-02	1.61969972e+00	8.60752251e-01	7.58947474e-01
6738            	5.08955719e-02	5.61805152e-02	1.61968871e+00	8.60739929e-01	7.58948785e-01
6739            	5.08888031e-02	5.61722985e-02	1.61967785e+00	8.60727728e-01	7.58950121e-01
6740            	5.08819813e-02	5.61639035e-02	1.61966710e+00	8.60715531e-01	7.58951569e-01
6741            	5.08749153e-02	5.61552511e-02	1.61965623e+00	8.60703033e-01	7.58953202e-01
6742            	5.08674109e-02	5.61462472e-02	1.61964496e+00	8.60689890e-01	7.58955068e-01
6743            	5.08592730e-02	5.61367801e-02	1.61963290e+00	8.60675722e-01	7.58957176e-01
6744            	5.08504072e-02	5.61268079e-02	1.61961983e+00	8.60660322e-01	7.58959508e-01
6745            	5.08406639e-02	5.61162263e-02	1.61960533e+00	8.60643328e-01	7.58962000e-01
6746            	5.08299604e-02	5.61049698e-02	1.61958905e+00	8.60624483e-01	7.58964563e-01
6747            	5.08183352e-02	5.60930526e-02	1.61957083e+00	8.60603748e-01	7.58967077e-01
6748            	5.08059111e-02	5.60805432e-02	1.61955068e+00	8.60581249e-01	7.58969427e-01
6749            	5.07929194e-02	5.60675979e-02	1.61952886e+00	8.60557349e-01	7.58971510e-01
6750            	5.07811835e-02	5.60555373e-02	1.61950866e+00	8.60535514e-01	7.58973147e-01
6751            	5.07692900e-02	5.60435662e-02	1.61948805e+00	8.60513314e-01	7.58974734e-01
6752            	5.07558484e-02	5.60302149e-02	1.61946325e+00	8.60487474e-01	7.58975777e-01
6753            	5.07416908e-02	5.60165721e-02	1.61943670e+00	8.60460043e-01	7.58976661e-01
6754            	5.07293342e-02	5.60042893e-02	1.61941299e+00	8.60435828e-01	7.58977159e-01
6755            	5.07168622e-02	5.59917608e-02	1.61938790e+00	8.60410810e-01	7.58977085e-01
6756            	5.07045827e-02	5.59796052e-02	1.61936311e+00	8.60386135e-01	7.58976970e-01
6757            	5.06944988e-02	5.59690725e-02	1.61934251e+00	8.60365752e-01	7.58976754e-01
6758            	5.06846574e-02	5.59585414e-02	1.61932163e+00	8.60345472e-01	7.58976158e-01
6759            	5.06751165e-02	5.59484442e-02	1.61930167e+00	8.60325952e-01	7.58975719e-01
6760            	5.06675287e-02	5.59397946e-02	1.61928577e+00	8.60310414e-01	7.58975357e-01
6761            	5.06600466e-02	5.59311103e-02	1.61926949e+00	8.60294793e-01	7.58974700e-01
6762            	5.06526230e-02	5.59227669e-02	1.61925373e+00	8.60279487e-01	7.58974241e-01
6763            	5.06469625e-02	5.59157883e-02	1.61924165e+00	8.60267789e-01	7.58973864e-01
6764            	5.06414810e-02	5.59088451e-02	1.61922918e+00	8.60256072e-01	7.58973110e-01
6765            	5.06351851e-02	5.59014229e-02	1.61921444e+00	8.60242405e-01	7.58972035e-01
6766            	5.06318485e-02	5.58962938e-02	1.61920624e+00	8.60234967e-01	7.58971270e-01
6767            	5.06294235e-02	5.58920437e-02	1.61919960e+00	8.60229225e-01	7.58970378e-01
6768            	5.06275276e-02	5.58880579e-02	1.61919341e+00	8.60224231e-01	7.58969176e-01
6769            	5.06277258e-02	5.58857202e-02	1.61919149e+00	8.60223473e-01	7.58968021e-01
6770            	5.06288221e-02	5.58842713e-02	1.61919106e+00	8.60224351e-01	7.58966707e-01
6771            	5.06298785e-02	5.58826905e-02	1.61918931e+00	8.60224533e-01	7.58964776e-01
6772            	5.06338575e-02	5.58834985e-02	1.61919449e+00	8.60231103e-01	7.58963388e-01
6773            	5.06388898e-02	5.58849913e-02	1.61920106e+00	8.60239418e-01	7.58961638e-01
6774            	5.06448644e-02	5.58874423e-02	1.61920955e+00	8.60249639e-01	7.58959910e-01
6775            	5.06523381e-02	5.58911959e-02	1.61922130e+00	8.60262987e-01	7.58958311e-01
6776            	5.06607855e-02	5.58956238e-02	1.61923426e+00	8.60277918e-01	7.58956347e-01
6777            	5.06702374e-02	5.59009426e-02	1.61924861e+00	8.60294543e-01	7.58954068e-01
6778            	5.06814484e-02	5.59079588e-02	1.61926759e+00	8.60315246e-01	7.58952349e-01
6779            	5.06940267e-02	5.59163732e-02	1.61928961e+00	8.60338833e-01	7.58950779e-01
6780            	5.07077777e-02	5.59256905e-02	1.61931398e+00	8.60364768e-01	7.58949213e-01
6781            	5.07223739e-02	5.59359110e-02	1.61934061e+00	8.60392677e-01	7.58947929e-01
6782            	5.07380365e-02	5.59471951e-02	1.61936964e+00	8.60422857e-01	7.58946784e-01
6783            	5.07548194e-02	5.59592639e-02	1.61940087e+00	8.60455255e-01	7.58945616e-01
6784            	5.07721742e-02	5.59719921e-02	1.61943371e+00	8.60489029e-01	7.58944680e-01
6785            	5.07910753e-02	5.59860861e-02	1.61946988e+00	8.60526014e-01	7.58943863e-01
6786            	5.08120015e-02	5.60016428e-02	1.61950990e+00	8.60566951e-01	7.58942948e-01
6787            	5.08318391e-02	5.60168634e-02	1.61954851e+00	8.60606092e-01	7.58942414e-01
6788            	5.08523061e-02	5.60324518e-02	1.61958811e+00	8.60646361e-01	7.58941749e-01
6789            	5.08733648e-02	5.60488315e-02	1.61962924e+00	8.60687983e-01	7.58941254e-01
6790            	5.08938823e-02	5.60651099e-02	1.61966967e+00	8.60728719e-01	7.58940954e-01
6791            	5.09159175e-02	5.60824026e-02	1.61971298e+00	8.60772405e-01	7.58940570e-01
6792            	5.09399983e-02	5.61013152e-02	1.61976062e+00	8.60820307e-01	7.58940310e-01
6793            	5.09616717e-02	5.61188340e-02	1.61980390e+00	8.60863622e-01	7.58940279e-01
6794            	5.09837791e-02	5.61369962e-02	1.61984877e+00	8.60908162e-01	7.58940604e-01
6795            	5.10056999e-02	5.61550466e-02	1.61989343e+00	8.60952416e-01	7.58941016e-01
6796            	5.10255987e-02	5.61718755e-02	1.61993429e+00	8.60992742e-01	7.58941545e-01
6797            	5.10468547e-02	5.61899036e-02	1.61997865e+00	8.61036182e-01	7.58942472e-01
6798            	5.10678081e-02	5.62075912e-02	1.62002243e+00	8.61079024e-01	7.58943408e-01
6799            	5.10888440e-02	5.62255356e-02	1.62006707e+00	8.61122378e-01	7.58944690e-01
6800            	5.11152770e-02	5.62473869e-02	1.62012433e+00	8.61177440e-01	7.58946885e-01
6801            	5.11322028e-02	5.62628871e-02	1.62016137e+00	8.61212887e-01	7.58948482e-01
6802            	5.11478804e-02	5.62777043e-02	1.62019590e+00	8.61245828e-01	7.58950067e-01
6803            	5.11604702e-02	5.62903507e-02	1.62022372e+00	8.61272332e-01	7.58951392e-01
6804            	5.11738262e-02	5.63033388e-02	1.62025289e+00	8.61300272e-01	7.58952620e-01
6805            	5.11864206e-02	5.63161877e-02	1.62028054e+00	8.61326691e-01	7.58953849e-01
6806            	5.11967923e-02	5.63275496e-02	1.62030346e+00	8.61348523e-01	7.58954938e-01
6807            	5.12080228e-02	5.63395773e-02	1.62032825e+00	8.61372147e-01	7.58956102e-01
6808            	5.12184017e-02	5.63515719e-02	1.62035165e+00	8.61394229e-01	7.58957425e-01
6809            	5.12279746e-02	5.63631255e-02	1.62037379e+00	8.61414869e-01	7.58958920e-01
6810            	5.12444602e-02	5.63815563e-02	1.62041398e+00	8.61451452e-01	7.58962532e-01
6811            	5.12516277e-02	5.63925758e-02	1.62043332e+00	8.61468289e-01	7.58965034e-01
6812            	5.12521551e-02	5.63981694e-02	1.62043777e+00	8.61471041e-01	7.58966731e-01
6813            	5.12482143e-02	5.64000951e-02	1.62043235e+00	8.61464388e-01	7.58967959e-01
6814            	5.12411790e-02	5.63994507e-02	1.62042007e+00	8.61451213e-01	7.58968855e-01
6815            	5.12320990e-02	5.63970584e-02	1.62040315e+00	8.61433673e-01	7.58969475e-01
6816            	5.12217550e-02	5.63935244e-02	1.62038321e+00	8.61413359e-01	7.58969849e-01
6817            	5.12106867e-02	5.63892664e-02	1.62036139e+00	8.61391380e-01	7.58970007e-01
6818            	5.11991939e-02	5.63845116e-02	1.62033834e+00	8.61368365e-01	7.58969977e-01
6819            	5.11873614e-02	5.63793297e-02	1.62031433e+00	8.61344524e-01	7.58969802e-01
6820            	5.11750435e-02	5.63736248e-02	1.62028916e+00	8.61319625e-01	7.58969538e-01
6821            	5.11619665e-02	5.63672018e-02	1.62026240e+00	8.61293168e-01	7.58969235e-01
6822            	5.11477931e-02	5.63598069e-02	1.62023342e+00	8.61264505e-01	7.58968919e-01
6823            	5.11322086e-02	5.63511952e-02	1.62020160e+00	8.61233007e-01	7.58968590e-01
6824            	5.11150082e-02	5.63411912e-02	1.62016644e+00	8.61198229e-01	7.58968212e-01
6825            	5.10961510e-02	5.63297325e-02	1.62012774e+00	8.61160022e-01	7.58967720e-01
6826            	5.10758130e-02	5.63169132e-02	1.62008569e+00	8.61118659e-01	7.58967032e-01
6827            	5.10544465e-02	5.63030305e-02	1.62004101e+00	8.61074954e-01	7.58966061e-01
6828            	5.10326851e-02	5.62885154e-02	1.61999484e+00	8.61030105e-01	7.58964735e-01
6829            	5.10113158e-02	5.62739295e-02	1.61994867e+00	8.60985651e-01	7.58963020e-01
6830            	5.09911777e-02	5.62598953e-02	1.61990421e+00	8.60943281e-01	7.58960925e-01
6831            	5.09730649e-02	5.62470236e-02	1.61986316e+00	8.60904643e-01	7.58958513e-01
6832            	5.09576340e-02	5.62358505e-02	1.61982706e+00	8.60871165e-01	7.58955897e-01
6833            	5.09453442e-02	5.62267884e-02	1.61979716e+00	8.60843925e-01	7.58953237e-01
6834            	5.09363901e-02	5.62200590e-02	1.61977421e+00	8.60823495e-01	7.58950715e-01
6835            	5.09306950e-02	5.62156828e-02	1.61975842e+00	8.60809906e-01	7.58948516e-01
6836            	5.09279199e-02	5.62134776e-02	1.61974944e+00	8.60802642e-01	7.58946802e-01
6837            	5.09275212e-02	5.62130908e-02	1.61974646e+00	8.60800750e-01	7.58945708e-01
6838            	5.09288218e-02	5.62140480e-02	1.61974826e+00	8.60802953e-01	7.58945309e-01
6839            	5.09310635e-02	5.62157860e-02	1.61975338e+00	8.60807752e-01	7.58945625e-01
6840            	5.09334938e-02	5.62177195e-02	1.61976021e+00	8.60813597e-01	7.58946610e-01
6841            	5.09354498e-02	5.62193007e-02	1.61976723e+00	8.60819065e-01	7.58948165e-01
6842            	5.09364340e-02	5.62200818e-02	1.61977317e+00	8.60823017e-01	7.58950149e-01
6843            	5.09361228e-02	5.62197312e-02	1.61977704e+00	8.60824643e-01	7.58952397e-01
6844            	5.09343611e-02	5.62180427e-02	1.61977821e+00	8.60823464e-01	7.58954742e-01
6845            	5.09311623e-02	5.62149477e-02	1.61977638e+00	8.60819353e-01	7.58957029e-01
6846            	5.09266643e-02	5.62104912e-02	1.61977161e+00	8.60812470e-01	7.58959141e-01
6847            	5.09210691e-02	5.62047808e-02	1.61976415e+00	8.60803142e-01	7.58961004e-01
6848            	5.09146407e-02	5.61979973e-02	1.61975448e+00	8.60791878e-01	7.58962597e-01
6849            	5.09077254e-02	5.61904216e-02	1.61974336e+00	8.60779403e-01	7.58963952e-01
6850            	5.09006662e-02	5.61823685e-02	1.61973162e+00	8.60766476e-01	7.58965143e-01
6851            	5.08936408e-02	5.61740436e-02	1.61971981e+00	8.60753547e-01	7.58966265e-01
6852            	5.08866592e-02	5.61655362e-02	1.61970818e+00	8.60740747e-01	7.58967428e-01
6853            	5.08795941e-02	5.61568347e-02	1.61969667e+00	8.60727928e-01	7.58968740e-01
6854            	5.08722563e-02	5.61478717e-02	1.61968508e+00	8.60714798e-01	7.58970286e-01
6855            	5.08644640e-02	5.61385701e-02	1.61967316e+00	8.60701042e-01	7.58972114e-01
6856            	5.08560636e-02	5.61288587e-02	1.61966059e+00	8.60686361e-01	7.58974234e-01
6857            	5.08469235e-02	5.61186677e-02	1.61964707e+00	8.60670456e-01	7.58976609e-01
6858            	5.08368969e-02	5.61078917e-02	1.61963211e+00	8.60652952e-01	7.58979158e-01
6859            	5.08259388e-02	5.60964877e-02	1.61961542e+00	8.60633647e-01	7.58981769e-01
6860            	5.08141139e-02	5.60844809e-02	1.61959685e+00	8.60612540e-01	7.58984312e-01
6861            	5.08015689e-02	5.60719496e-02	1.61957645e+00	8.60589793e-01	7.58986655e-01
6862            	5.07901051e-02	5.60604891e-02	1.61955783e+00	8.60569022e-01	7.58988812e-01
6863            	5.07782424e-02	5.60485915e-02	1.61953754e+00	8.60547012e-01	7.58990527e-01
6864            	5.07647885e-02	5.60355013e-02	1.61951354e+00	8.60521557e-01	7.58991980e-01
6865            	5.07505115e-02	5.60215786e-02	1.61948694e+00	8.60493980e-01	7.58992957e-01
6866            	5.07379098e-02	5.60088687e-02	1.61946289e+00	8.60469354e-01	7.58993534e-01
6867            	5.07251094e-02	5.59960474e-02	1.61943769e+00	8.60443953e-01	7.58993734e-01
6868            	5.07123817e-02	5.59831751e-02	1.61941188e+00	8.60418321e-01	7.58993557e-01
6869            	5.07017923e-02	5.59719778e-02	1.61939005e+00	8.60396816e-01	7.58993231e-01
6870            	5.06914493e-02	5.59611607e-02	1.61936834e+00	8.60375619e-01	7.58992721e-01
6871            	5.06813597e-02	5.59505212e-02	1.61934683e+00	8.60354776e-01	7.58992056e-01
6872            	5.06732611e-02	5.59414706e-02	1.61932949e+00	8.60338005e-01	7.58991483e-01
6873            	5.06653819e-02	5.59328240e-02	1.61931257e+00	8.60321667e-01	7.58990903e-01
6874            	5.06575530e-02	5.59241837e-02	1.61929566e+00	8.60305383e-01	7.58990277e-01
6875            	5.06515126e-02	5.59169485e-02	1.61928268e+00	8.60292853e-01	7.58989828e-01
6876            	5.06457090e-02	5.59100789e-02	1.61927015e+00	8.60280783e-01	7.58989365e-01
6877            	5.06400863e-02	5.59032039e-02	1.61925766e+00	8.60268915e-01	7.58988742e-01
6878            	5.06362988e-02	5.58977205e-02	1.61924895e+00	8.60260771e-01	7.58988174e-01
6879            	5.06330089e-02	5.58927517e-02	1.61924090e+00	8.60253459e-01	7.58987442e-01
6880            	5.06302359e-02	5.58879915e-02	1.61923322e+00	8.60246845e-01	7.58986374e-01
6881            	5.06294680e-02	5.58847914e-02	1.61922947e+00	8.60244203e-01	7.58985267e-01
6882            	5.06295331e-02	5.58824165e-02	1.61922692e+00	8.60242993e-01	7.58983927e-01
6883            	5.06303959e-02	5.58805360e-02	1.61922524e+00	8.60243016e-01	7.58982224e-01
6884            	5.06325825e-02	5.58799150e-02	1.61922594e+00	8.60245552e-01	7.58980387e-01
6885            	5.06354292e-02	5.58796154e-02	1.61922680e+00	8.60248827e-01	7.58977969e-01
6886            	5.06409304e-02	5.58815827e-02	1.61923407e+00	8.60257964e-01	7.58976103e-01
6887            	5.06481236e-02	5.58850355e-02	1.61924512e+00	8.60270682e-01	7.58974435e-01
6888            	5.06563117e-02	5.58895220e-02	1.61925812e+00	8.60285374e-01	7.58972751e-01
6889            	5.06655374e-02	5.58947492e-02	1.61927293e+00	8.60302004e-01	7.58970929e-01
6890            	5.06761571e-02	5.59012670e-02	1.61929094e+00	8.60321626e-01	7.58969312e-01
6891            	5.06880268e-02	5.59090338e-02	1.61931161e+00	8.60343833e-01	7.58967779e-01
6892            	5.07011035e-02	5.59176661e-02	1.61933460e+00	8.60368402e-01	7.58966195e-01
6893            	5.07151798e-02	5.59273017e-02	1.61936006e+00	8.60395210e-01	7.58964850e-01
6894            	5.07303453e-02	5.59380363e-02	1.61938791e+00	8.60424301e-01	7.58963610e-01
6895            	5.07465491e-02	5.59495189e-02	1.61941777e+00	8.60455435e-01	7.58962337e-01
6896            	5.07633776e-02	5.59617405e-02	1.61944926e+00	8.60488008e-01	7.58961252e-01
6897            	5.07816390e-02	5.59753158e-02	1.61948377e+00	8.60523526e-01	7.58960248e-01
6898            	5.08010794e-02	5.59897955e-02	1.61952062e+00	8.60561389e-01	7.58959230e-01
6899            	5.08205959e-02	5.60046004e-02	1.61955792e+00	8.60599558e-01	7.58958366e-01
6900            	5.08410810e-02	5.60203503e-02	1.61959735e+00	8.60639754e-01	7.58957592e-01
6901            	5.08620492e-02	5.60364718e-02	1.61963778e+00	8.60680941e-01	7.58956843e-01
6902            	5.08827006e-02	5.60525997e-02	1.61967795e+00	8.60721675e-01	7.58956274e-01
6903            	5.09048425e-02	5.60700507e-02	1.61972155e+00	8.60765619e-01	7.58955934e-01
6904            	5.09276487e-02	5.60881140e-02	1.61976688e+00	8.60811090e-01	7.58955792e-01
6905            	5.09500860e-02	5.61061204e-02	1.61981190e+00	8.60856038e-01	7.58955866e-01
6906            	5.09718073e-02	5.61237787e-02	1.61985585e+00	8.60899731e-01	7.58956117e-01
6907            	5.09926532e-02	5.61409549e-02	1.61989831e+00	8.60941808e-01	7.58956502e-01
6908            	5.10150469e-02	5.61593138e-02	1.61994433e+00	8.60987212e-01	7.58957118e-01
6909            	5.10362537e-02	5.61770347e-02	1.61998826e+00	8.61030384e-01	7.58957876e-01
6910            	5.10567838e-02	5.61944524e-02	1.62003109e+00	8.61072328e-01	7.58958760e-01
6911            	5.10762467e-02	5.62112587e-02	1.62007194e+00	8.61112214e-01	7.58959721e-01
6912            	5.10991462e-02	5.62304812e-02	1.62012055e+00	8.61159423e-01	7.58961130e-01
6913            	5.11200412e-02	5.62484915e-02	1.62016532e+00	8.61202702e-01	7.58962620e-01
6914            	5.11389837e-02	5.62653288e-02	1.62020629e+00	8.61242128e-01	7.58964160e-01
6915            	5.11560858e-02	5.62810741e-02	1.62024360e+00	8.61277887e-01	7.58965715e-01
6916            	5.11714039e-02	5.62957590e-02	1.62027732e+00	8.61310062e-01	7.58967254e-01
6917            	5.11849837e-02	5.63094105e-02	1.62030748e+00	8.61338722e-01	7.58968755e-01
6918            	5.11969307e-02	5.63220957e-02	1.62033428e+00	8.61364070e-01	7.58970208e-01
6919            	5.12073370e-02	5.63338713e-02	1.62035789e+00	8.61386284e-01	7.58971610e-01
6920            	5.12162440e-02	5.63447454e-02	1.62037842e+00	8.61405456e-01	7.58972968e-01
6921            	5.12236774e-02	5.63547106e-02	1.62039594e+00	8.61421649e-01	7.58974295e-01
6922            	5.12296420e-02	5.63637397e-02	1.62041050e+00	8.61434891e-01	7.58975607e-01
6923            	5.12340852e-02	5.63717626e-02	1.62042201e+00	8.61445092e-01	7.58976921e-01
6924            	5.12369355e-02	5.63786941e-02	1.62043037e+00	8.61452118e-01	7.58978247e-01
6925            	5.12381071e-02	5.63844348e-02	1.62043538e+00	8.61455796e-01	7.58979582e-01
6926            	5.12375001e-02	5.63888668e-02	1.62043682e+00	8.61455908e-01	7.58980908e-01
6927            	5.12350236e-02	5.63918760e-02	1.62043444e+00	8.61452243e-01	7.58982196e-01
6928            	5.12306138e-02	5.63933702e-02	1.62042804e+00	8.61444633e-01	7.58983405e-01
6929            	5.12242331e-02	5.63932697e-02	1.62041745e+00	8.61432957e-01	7.58984491e-01
6930            	5.12158875e-02	5.63915242e-02	1.62040259e+00	8.61417183e-01	7.58985408e-01
6931            	5.12056317e-02	5.63881247e-02	1.62038348e+00	8.61397374e-01	7.58986110e-01
6932            	5.11935224e-02	5.63830874e-02	1.62036020e+00	8.61373623e-01	7.58986578e-01
6933            	5.11795893e-02	5.63764168e-02	1.62033276e+00	8.61345972e-01	7.58986793e-01
6934            	5.11638657e-02	5.63681287e-02	1.62030122e+00	8.61314474e-01	7.58986743e-01
6935            	5.11464093e-02	5.63582515e-02	1.62026565e+00	8.61279232e-01	7.58986413e-01
6936            	5.11273401e-02	5.63468583e-02	1.62022625e+00	8.61240467e-01	7.58985787e-01
6937            	5.11068416e-02	5.63340687e-02	1.62018337e+00	8.61198529e-01	7.58984846e-01
6938            	5.10852303e-02	5.63201020e-02	1.62013761e+00	8.61154035e-01	7.58983574e-01
6939            	5.10629551e-02	5.63052856e-02	1.62008985e+00	8.61107879e-01	7.58981969e-01
6940            	5.10406257e-02	5.62900750e-02	1.62004134e+00	8.61061298e-01	7.58980046e-01
6941            	5.10189203e-02	5.62749881e-02	1.61999353e+00	8.61015687e-01	7.58977846e-01
6942            	5.09985544e-02	5.62605916e-02	1.61994798e+00	8.60972543e-01	7.58975434e-01
6943            	5.09802078e-02	5.62474425e-02	1.61990621e+00	8.60933313e-01	7.58972897e-01
6944            	5.09644375e-02	5.62360184e-02	1.61986956e+00	8.60899216e-01	7.58970341e-01
6945            	5.09516491e-02	5.62266961e-02	1.61983907e+00	8.60871186e-01	7.58967888e-01
6946            	5.09420337e-02	5.62196892e-02	1.61981540e+00	8.60849732e-01	7.58965665e-01
6947            	5.09355452e-02	5.62150196e-02	1.61979868e+00	8.60834883e-01	7.58963793e-01
6948            	5.09319117e-02	5.62125241e-02	1.61978857e+00	8.60826195e-01	7.58962372e-01
6949            	5.09306648e-02	5.62118712e-02	1.61978429e+00	8.60822807e-01	7.58961478e-01
6950            	5.09311906e-02	5.62125955e-02	1.61978468e+00	8.60823529e-01	7.58961148e-01
6951            	5.09328046e-02	5.62141587e-02	1.61978837e+00	8.60826991e-01	7.58961382e-01
6952            	5.09347984e-02	5.62159849e-02	1.61979388e+00	8.60831737e-01	7.58962140e-01
6953            	5.09365197e-02	5.62175284e-02	1.61979974e+00	8.60836389e-01	7.58963350e-01
6954            	5.09374579e-02	5.62183377e-02	1.61980473e+00	8.60839824e-01	7.58964908e-01
6955            	5.09372658e-02	5.62180804e-02	1.61980793e+00	8.60841232e-01	7.58966700e-01
6956            	5.09357625e-02	5.62165544e-02	1.61980874e+00	8.60840130e-01	7.58968605e-01
6957            	5.09329176e-02	5.62136830e-02	1.61980686e+00	8.60836350e-01	7.58970514e-01
6958            	5.09288352e-02	5.62095115e-02	1.61980235e+00	8.60830009e-01	7.58972339e-01
6959            	5.09236945e-02	5.62041573e-02	1.61979543e+00	8.60821411e-01	7.58974022e-01
6960            	5.09177239e-02	5.61977857e-02	1.61978653e+00	8.60810989e-01	7.58975541e-01
6961            	5.09111932e-02	5.61906156e-02	1.61977622e+00	8.60799301e-01	7.58976914e-01
6962            	5.09044321e-02	5.61829420e-02	1.61976525e+00	8.60787057e-01	7.58978193e-01
6963            	5.08976819e-02	5.61750083e-02	1.61975426e+00	8.60774811e-01	7.58979447e-01
6964            	5.08910089e-02	5.61669293e-02	1.61974353e+00	8.60762775e-01	7.58980757e-01
6965            	5.08843187e-02	5.61587020e-02	1.61973304e+00	8.60750838e-01	7.58982201e-01
6966            	5.08774169e-02	5.61502399e-02	1.61972252e+00	8.60738678e-01	7.58983844e-01
6967            	5.08700971e-02	5.61414358e-02	1.61971165e+00	8.60725920e-01	7.58985726e-01
6968            	5.08621498e-02	5.61321643e-02	1.61970000e+00	8.60712148e-01	7.58987849e-01
6969            	5.08534747e-02	5.61223779e-02	1.61968732e+00	8.60697136e-01	7.58990187e-01
6970            	5.08439226e-02	5.61119738e-02	1.61967320e+00	8.60680522e-01	7.58992676e-01
6971            	5.08333947e-02	5.61008742e-02	1.61965724e+00	8.60662013e-01	7.58995223e-01
6972            	5.08219164e-02	5.60890854e-02	1.61963926e+00	8.60641545e-01	7.58997712e-01
6973            	5.08096006e-02	5.60766698e-02	1.61961926e+00	8.60619228e-01	7.59000027e-01
6974            	5.07966692e-02	5.60637767e-02	1.61959747e+00	8.60595406e-01	7.59002068e-01
6975            	5.07849439e-02	5.60517296e-02	1.61957721e+00	8.60573548e-01	7.59003661e-01
6976            	5.07730297e-02	5.60397454e-02	1.61955646e+00	8.60551260e-01	7.59005201e-01
6977            	5.07595432e-02	5.60263544e-02	1.61953147e+00	8.60525278e-01	7.59006192e-01
6978            	5.07453452e-02	5.60126748e-02	1.61950475e+00	8.60497722e-01	7.59007032e-01
6979            	5.07329309e-02	5.60003420e-02	1.61948085e+00	8.60473354e-01	7.59007492e-01
6980            	5.07203835e-02	5.59877470e-02	1.61945554e+00	8.60448152e-01	7.59007385e-01
6981            	5.07080380e-02	5.59755363e-02	1.61943057e+00	8.60423321e-01	7.59007245e-01
6982            	5.06978945e-02	5.59649575e-02	1.61940981e+00	8.60402801e-01	7.59007012e-01
6983            	5.06880013e-02	5.59543895e-02	1.61938881e+00	8.60382405e-01	7.59006403e-01
6984            	5.06784205e-02	5.59442715e-02	1.61936875e+00	8.60362797e-01	7.59005956e-01
6985            	5.06708043e-02	5.59356126e-02	1.61935279e+00	8.60347201e-01	7.59005592e-01
6986            	5.06632989e-02	5.59269235e-02	1.61933647e+00	8.60331532e-01	7.59004934e-01
6987            	5.06558481e-02	5.59185787e-02	1.61932065e+00	8.60316172e-01	7.59004476e-01
6988            	5.06501487e-02	5.59115884e-02	1.61930849e+00	8.60304396e-01	7.59004099e-01
6989            	5.06446081e-02	5.59046180e-02	1.61929590e+00	8.60292559e-01	7.59003343e-01
6990            	5.06382284e-02	5.58971519e-02	1.61928098e+00	8.60278721e-01	7.59002264e-01
6991            	5.06347626e-02	5.58919405e-02	1.61927249e+00	8.60271006e-01	7.59001481e-01
6992            	5.06321770e-02	5.58875827e-02	1.61926548e+00	8.60264918e-01	7.59000564e-01
6993            	5.06300912e-02	5.58834646e-02	1.61925885e+00	8.60259518e-01	7.58999336e-01
6994            	5.06301014e-02	5.58809864e-02	1.61925650e+00	8.60258351e-01	7.58998149e-01
6995            	5.06309972e-02	5.58793831e-02	1.61925559e+00	8.60258793e-01	7.58996799e-01
6996            	5.06318419e-02	5.58776419e-02	1.61925336e+00	8.60258522e-01	7.58994838e-01
6997            	5.06356326e-02	5.58782973e-02	1.61925812e+00	8.60264691e-01	7.58993426e-01
6998            	5.06404779e-02	5.58796352e-02	1.61926426e+00	8.60272606e-01	7.58991650e-01
6999            	5.06462560e-02	5.58819261e-02	1.61927231e+00	8.60282411e-01	7.58989899e-01
7000            	5.06535403e-02	5.58855258e-02	1.61928364e+00	8.60295359e-01	7.58988278e-01
7001            	5.06617857e-02	5.58897924e-02	1.61929615e+00	8.60309859e-01	7.58986288e-01
7002            	5.06710059e-02	5.58949314e-02	1.61930996e+00	8.60325985e-01	7.58983973e-01
7003            	5.06820136e-02	5.59017850e-02	1.61932845e+00	8.60346239e-01	7.58982212e-01
7004            	5.06943966e-02	5.59100432e-02	1.61934998e+00	8.60369386e-01	7.58980593e-01
7005            	5.07079625e-02	5.59192120e-02	1.61937387e+00	8.60394897e-01	7.58978972e-01
7006            	5.07224030e-02	5.59293020e-02	1.61940007e+00	8.60422440e-01	7.58977634e-01
7007            	5.07378981e-02	5.59404477e-02	1.61942866e+00	8.60452231e-01	7.58976434e-01
7008            	5.07545017e-02	5.59523670e-02	1.61945944e+00	8.60484223e-01	7.58975220e-01
7009            	5.07716784e-02	5.59649419e-02	1.61949183e+00	8.60517596e-01	7.58974239e-01
7010            	5.07903847e-02	5.59788699e-02	1.61952752e+00	8.60554145e-01	7.58973376e-01
7011            	5.08111337e-02	5.59942758e-02	1.61956710e+00	8.60594684e-01	7.58972416e-01
7012            	5.08308784e-02	5.60094075e-02	1.61960545e+00	8.60633603e-01	7.58971846e-01
7013            	5.08512623e-02	5.60249178e-02	1.61964481e+00	8.60673666e-01	7.58971141e-01
7014            	5.08722133e-02	5.60411976e-02	1.61968561e+00	8.60715020e-01	7.58970593e-01
7015            	5.08926196e-02	5.60573748e-02	1.61972572e+00	8.60755480e-01	7.58970241e-01
7016            	5.09145379e-02	5.60745674e-02	1.61976867e+00	8.60798875e-01	7.58969799e-01
7017            	5.09385313e-02	5.60934035e-02	1.61981599e+00	8.60846528e-01	7.58969465e-01
7018            	5.09601669e-02	5.61108846e-02	1.61985907e+00	8.60889700e-01	7.58969366e-01
7019            	5.09822537e-02	5.61290216e-02	1.61990374e+00	8.60934126e-01	7.58969619e-01
7020            	5.10041518e-02	5.61470470e-02	1.61994822e+00	8.60978263e-01	7.58969959e-01
7021            	5.10240438e-02	5.61638589e-02	1.61998893e+00	8.61018507e-01	7.58970420e-01
7022            	5.10452942e-02	5.61818680e-02	1.62003314e+00	8.61061863e-01	7.58971275e-01
7023            	5.10662753e-02	5.61995660e-02	1.62007685e+00	8.61104702e-01	7.58972152e-01
7024            	5.10873472e-02	5.62175187e-02	1.62012142e+00	8.61148059e-01	7.58973365e-01
7025            	5.11137303e-02	5.62393167e-02	1.62017842e+00	8.61202942e-01	7.58975481e-01
7026            	5.11306477e-02	5.62547841e-02	1.62021532e+00	8.61238306e-01	7.58977010e-01
7027            	5.11463647e-02	5.62695959e-02	1.62024981e+00	8.61271268e-01	7.58978539e-01
7028            	5.11591025e-02	5.62823138e-02	1.62027785e+00	8.61298025e-01	7.58979820e-01
7029            	5.11726409e-02	5.62954002e-02	1.62030729e+00	8.61326285e-01	7.58981003e-01
7030            	5.11853958e-02	5.63083337e-02	1.62033517e+00	8.61352981e-01	7.58982189e-01
7031            	5.11959778e-02	5.63198148e-02	1.62035843e+00	8.61375195e-01	7.58983239e-01
7032            	5.12074336e-02	5.63319756e-02	1.62038359e+00	8.61399226e-01	7.58984359e-01
7033            	5.12179965e-02	5.63440733e-02	1.62040727e+00	8.61421633e-01	7.58985639e-01
7034            	5.12277951e-02	5.63557611e-02	1.62042977e+00	8.61442681e-01	7.58987091e-01
7035            	5.12448591e-02	5.63746569e-02	1.62047123e+00	8.61480476e-01	7.58990757e-01
7036            	5.12532898e-02	5.63868741e-02	1.62049377e+00	8.61500173e-01	7.58993593e-01
7037            	5.12547969e-02	5.63935234e-02	1.62050080e+00	8.61505195e-01	7.58995601e-01
7038            	5.12510229e-02	5.63956895e-02	1.62049579e+00	8.61498916e-01	7.58996871e-01
7039            	5.12436103e-02	5.63946630e-02	1.62048243e+00	8.61484827e-01	7.58997607e-01
7040            	5.12339224e-02	5.63915877e-02	1.62046379e+00	8.61465817e-01	7.58997972e-01
7041            	5.12229514e-02	5.63873083e-02	1.62044202e+00	8.61443960e-01	7.58998057e-01
7042            	5.12113735e-02	5.63824076e-02	1.62041861e+00	8.61420677e-01	7.58997930e-01
7043            	5.11995787e-02	5.63772252e-02	1.62039446e+00	8.61396808e-01	7.58997650e-01
7044            	5.11877014e-02	5.63718923e-02	1.62036996e+00	8.61372684e-01	7.58997281e-01
7045            	5.11755941e-02	5.63663162e-02	1.62034496e+00	8.61348075e-01	7.58996887e-01
7046            	5.11629521e-02	5.63602705e-02	1.62031895e+00	8.61322427e-01	7.58996523e-01
7047            	5.11493856e-02	5.63534453e-02	1.62029120e+00	8.61294987e-01	7.58996215e-01
7048            	5.11345119e-02	5.63455233e-02	1.62026094e+00	8.61264983e-01	7.58995960e-01
7049            	5.11180564e-02	5.63362549e-02	1.62022753e+00	8.61231822e-01	7.58995709e-01
7050            	5.10998995e-02	5.63255012e-02	1.62019057e+00	8.61195182e-01	7.58995383e-01
7051            	5.10801522e-02	5.63132936e-02	1.62015006e+00	8.61155184e-01	7.58994879e-01
7052            	5.10592068e-02	5.62998761e-02	1.62010659e+00	8.61112503e-01	7.58994089e-01
7053            	5.10376634e-02	5.62856493e-02	1.62006117e+00	8.61068248e-01	7.58992921e-01
7054            	5.10162941e-02	5.62711605e-02	1.62001523e+00	8.61023908e-01	7.58991320e-01
7055            	5.09959444e-02	5.62570365e-02	1.61997046e+00	8.60981174e-01	7.58989285e-01
7056            	5.09774359e-02	5.62439088e-02	1.61992861e+00	8.60941742e-01	7.58986870e-01
7057            	5.09614688e-02	5.62323475e-02	1.61989132e+00	8.60907128e-01	7.58984190e-01
7058            	5.09485594e-02	5.62228108e-02	1.61985994e+00	8.60878529e-01	7.58981410e-01
7059            	5.09389643e-02	5.62155719e-02	1.61983538e+00	8.60856653e-01	7.58978724e-01
7060            	5.09326649e-02	5.62107007e-02	1.61981800e+00	8.60841664e-01	7.58976334e-01
7061            	5.09293762e-02	5.62080624e-02	1.61980759e+00	8.60833173e-01	7.58974420e-01
7062            	5.09285863e-02	5.62073341e-02	1.61980343e+00	8.60830299e-01	7.58973126e-01
7063            	5.09296402e-02	5.62080649e-02	1.61980437e+00	8.60831828e-01	7.58972547e-01
7064            	5.09317855e-02	5.62097031e-02	1.61980900e+00	8.60836283e-01	7.58972712e-01
7065            	5.09342585e-02	5.62116590e-02	1.61981569e+00	8.60842101e-01	7.58973584e-01
7066            	5.09363652e-02	5.62133655e-02	1.61982286e+00	8.60847797e-01	7.58975067e-01
7067            	5.09375746e-02	5.62143506e-02	1.61982918e+00	8.60852166e-01	7.58977017e-01
7068            	5.09375259e-02	5.62142537e-02	1.61983358e+00	8.60854316e-01	7.58979264e-01
7069            	5.09360294e-02	5.62128391e-02	1.61983532e+00	8.60853691e-01	7.58981632e-01
7070            	5.09330699e-02	5.62100111e-02	1.61983405e+00	8.60850096e-01	7.58983956e-01
7071            	5.09287673e-02	5.62057953e-02	1.61982975e+00	8.60843642e-01	7.58986107e-01
7072            	5.09233100e-02	5.62002835e-02	1.61982262e+00	8.60834620e-01	7.58988001e-01
7073            	5.09169582e-02	5.61936479e-02	1.61981313e+00	8.60823522e-01	7.58989606e-01
7074            	5.09100478e-02	5.61861538e-02	1.61980199e+00	8.60811044e-01	7.58990948e-01
7075            	5.09029388e-02	5.61781251e-02	1.61979008e+00	8.60797977e-01	7.58992100e-01
7076            	5.08958420e-02	5.61697912e-02	1.61977800e+00	8.60784841e-01	7.58993157e-01
7077            	5.08887920e-02	5.61612604e-02	1.61976604e+00	8.60771814e-01	7.58994230e-01
7078            	5.08816882e-02	5.61525427e-02	1.61975425e+00	8.60758811e-01	7.58995434e-01
7079            	5.08743513e-02	5.61435815e-02	1.61974243e+00	8.60745566e-01	7.58996864e-01
7080            	5.08666078e-02	5.61343106e-02	1.61973037e+00	8.60731792e-01	7.58998576e-01
7081            	5.08582902e-02	5.61246515e-02	1.61971776e+00	8.60717169e-01	7.59000588e-01
7082            	5.08492788e-02	5.61145482e-02	1.61970431e+00	8.60701432e-01	7.59002875e-01
7083            	5.08394183e-02	5.61038928e-02	1.61968955e+00	8.60684195e-01	7.59005358e-01
7084            	5.08286423e-02	5.60926282e-02	1.61967315e+00	8.60665216e-01	7.59007931e-01
7085            	5.08169998e-02	5.60807691e-02	1.61965492e+00	8.60644462e-01	7.59010463e-01
7086            	5.08046189e-02	5.60683788e-02	1.61963487e+00	8.60622055e-01	7.59012817e-01
7087            	5.07932722e-02	5.60570288e-02	1.61961654e+00	8.60601542e-01	7.59014998e-01
7088            	5.07814846e-02	5.60452145e-02	1.61959646e+00	8.60579714e-01	7.59016745e-01
7089            	5.07680716e-02	5.60321803e-02	1.61957261e+00	8.60554377e-01	7.59018234e-01
7090            	5.07538146e-02	5.60182951e-02	1.61954612e+00	8.60526875e-01	7.59019245e-01
7091            	5.07411971e-02	5.60055926e-02	1.61952209e+00	8.60502240e-01	7.59019846e-01
7092            	5.07283488e-02	5.59927482e-02	1.61949681e+00	8.60476756e-01	7.59020059e-01
7093            	5.07155516e-02	5.59798310e-02	1.61947086e+00	8.60450981e-01	7.59019878e-01
7094            	5.07048862e-02	5.59685802e-02	1.61944884e+00	8.60429305e-01	7.59019533e-01
7095            	5.06944520e-02	5.59576948e-02	1.61942688e+00	8.60407894e-01	7.59018990e-01
7096            	5.06842729e-02	5.59469877e-02	1.61940511e+00	8.60386829e-01	7.59018283e-01
7097            	5.06760922e-02	5.59378755e-02	1.61938751e+00	8.60369847e-01	7.59017663e-01
7098            	5.06681394e-02	5.59291725e-02	1.61937034e+00	8.60353310e-01	7.59017031e-01
7099            	5.06602476e-02	5.59204859e-02	1.61935321e+00	8.60336852e-01	7.59016356e-01
7100            	5.06541477e-02	5.59132092e-02	1.61934003e+00	8.60324161e-01	7.59015866e-01
7101            	5.06482797e-02	5.59062978e-02	1.61932730e+00	8.60311929e-01	7.59015370e-01
7102            	5.06425869e-02	5.58993807e-02	1.61931463e+00	8.60299899e-01	7.59014726e-01
7103            	5.06387203e-02	5.58938484e-02	1.61930573e+00	8.60291585e-01	7.59014145e-01
7104            	5.06353316e-02	5.58888178e-02	1.61929748e+00	8.60284073e-01	7.59013409e-01
7105            	5.06324425e-02	5.58839833e-02	1.61928958e+00	8.60277232e-01	7.59012347e-01
7106            	5.06315422e-02	5.58806926e-02	1.61928558e+00	8.60274330e-01	7.59011246e-01
7107            	5.06314586e-02	5.58782108e-02	1.61928274e+00	8.60272828e-01	7.59009911e-01
7108            	5.06321567e-02	5.58762092e-02	1.61928074e+00	8.60272526e-01	7.59008212e-01
7109            	5.06341678e-02	5.58754568e-02	1.61928108e+00	8.60274706e-01	7.59006371e-01
7110            	5.06368099e-02	5.58750011e-02	1.61928149e+00	8.60277554e-01	7.59003935e-01
7111            	5.06421420e-02	5.58768349e-02	1.61928839e+00	8.60286337e-01	7.59002053e-01
7112            	5.06491693e-02	5.58801533e-02	1.61929906e+00	8.60298701e-01	7.59000363e-01
7113            	5.06571740e-02	5.58844900e-02	1.61931164e+00	8.60312993e-01	7.58998645e-01
7114            	5.06662053e-02	5.58895596e-02	1.61932597e+00	8.60329192e-01	7.58996782e-01
7115            	5.06766293e-02	5.58959178e-02	1.61934349e+00	8.60348377e-01	7.58995118e-01
7116            	5.06882993e-02	5.59035209e-02	1.61936366e+00	8.60370131e-01	7.58993532e-01
7117            	5.07011881e-02	5.59119997e-02	1.61938616e+00	8.60394268e-01	7.58991892e-01
7118            	5.07151037e-02	5.59215031e-02	1.61941120e+00	8.60420703e-01	7.58990495e-01
7119            	5.07301140e-02	5.59321092e-02	1.61943864e+00	8.60449432e-01	7.58989204e-01
7120            	5.07461584e-02	5.59434601e-02	1.61946808e+00	8.60480198e-01	7.58987881e-01
7121            	5.07628303e-02	5.59555522e-02	1.61949917e+00	8.60512415e-01	7.58986754e-01
7122            	5.07809169e-02	5.59689835e-02	1.61953325e+00	8.60547543e-01	7.58985709e-01
7123            	5.08002012e-02	5.59833321e-02	1.61956970e+00	8.60585053e-01	7.58984650e-01
7124            	5.08196009e-02	5.59980376e-02	1.61960671e+00	8.60622954e-01	7.58983752e-01
7125            	5.08399868e-02	5.60137022e-02	1.61964586e+00	8.60662916e-01	7.58982943e-01
7126            	5.08608396e-02	5.60297207e-02	1.61968598e+00	8.60703828e-01	7.58982149e-01
7127            	5.08813310e-02	5.60457157e-02	1.61972573e+00	8.60744198e-01	7.58981536e-01
7128            	5.09033190e-02	5.60630415e-02	1.61976892e+00	8.60787781e-01	7.58981143e-01
7129            	5.09260648e-02	5.60810236e-02	1.61981398e+00	8.60833054e-01	7.58980924e-01
7130            	5.09483114e-02	5.60988604e-02	1.61985845e+00	8.60877534e-01	7.58980911e-01
7131            	5.09696173e-02	5.61162049e-02	1.61990137e+00	8.60920304e-01	7.58981069e-01
7132            	5.09919630e-02	5.61344533e-02	1.61994690e+00	8.60965415e-01	7.58981489e-01
7133            	5.10138167e-02	5.61524548e-02	1.61999171e+00	8.61009674e-01	7.58982040e-01
7134            	5.10350755e-02	5.61701909e-02	1.62003561e+00	8.61052883e-01	7.58982732e-01
7135            	5.10555091e-02	5.61874761e-02	1.62007803e+00	8.61094526e-01	7.58983507e-01
7136            	5.10748738e-02	5.62040998e-02	1.62011839e+00	8.61134067e-01	7.58984319e-01
7137            	5.10957405e-02	5.62218918e-02	1.62016230e+00	8.61176890e-01	7.58985409e-01
7138            	5.11146528e-02	5.62384628e-02	1.62020235e+00	8.61215830e-01	7.58986524e-01
7139            	5.11324077e-02	5.62544114e-02	1.62024029e+00	8.61252554e-01	7.58987739e-01
7140            	5.11487735e-02	5.62695769e-02	1.62027557e+00	8.61286556e-01	7.58989010e-01
7141            	5.11662780e-02	5.62856083e-02	1.62031347e+00	8.61323012e-01	7.58990456e-01
7142            	5.11788174e-02	5.62981621e-02	1.62034050e+00	8.61349070e-01	7.58991435e-01
7143            	5.11968061e-02	5.63151668e-02	1.62038069e+00	8.61387150e-01	7.58993538e-01
7144            	5.12106177e-02	5.63296358e-02	1.62041259e+00	8.61416914e-01	7.58995679e-01
7145            	5.12204821e-02	5.63412221e-02	1.62043549e+00	8.61438229e-01	7.58997264e-01
7146            	5.12296023e-02	5.63526750e-02	1.62045755e+00	8.61458376e-01	7.58999172e-01
7147            	5.12348539e-02	5.63612524e-02	1.62047095e+00	8.61470329e-01	7.59000622e-01
7148            	5.12375111e-02	5.63679558e-02	1.62047883e+00	8.61476928e-01	7.59001906e-01
7149            	5.12420338e-02	5.63768166e-02	1.62049199e+00	8.61488030e-01	7.59003962e-01
7150            	5.12434532e-02	5.63832352e-02	1.62049831e+00	8.61492606e-01	7.59005700e-01
7151            	5.12420297e-02	5.63873398e-02	1.62049827e+00	8.61491165e-01	7.59007105e-01
7152            	5.12380867e-02	5.63893276e-02	1.62049253e+00	8.61484352e-01	7.59008179e-01
7153            	5.12319657e-02	5.63894305e-02	1.62048180e+00	8.61472867e-01	7.59008936e-01
7154            	5.12239724e-02	5.63878601e-02	1.62046675e+00	8.61457348e-01	7.59009404e-01
7155            	5.12143742e-02	5.63848109e-02	1.62044801e+00	8.61438377e-01	7.59009629e-01
7156            	5.12033790e-02	5.63804418e-02	1.62042607e+00	8.61416416e-01	7.59009658e-01
7157            	5.11911016e-02	5.63748648e-02	1.62040130e+00	8.61391750e-01	7.59009547e-01
7158            	5.11775505e-02	5.63681222e-02	1.62037379e+00	8.61364445e-01	7.59009344e-01
7159            	5.11626689e-02	5.63602058e-02	1.62034349e+00	8.61334412e-01	7.59009075e-01
7160            	5.11463808e-02	5.63510722e-02	1.62031022e+00	8.61301493e-01	7.59008732e-01
7161            	5.11286476e-02	5.63406877e-02	1.62027386e+00	8.61265576e-01	7.59008281e-01
7162            	5.11094986e-02	5.63290498e-02	1.62023433e+00	8.61226662e-01	7.59007665e-01
7163            	5.10891042e-02	5.63162452e-02	1.62019184e+00	8.61185024e-01	7.59006816e-01
7164            	5.10677908e-02	5.63024747e-02	1.62014693e+00	8.61141254e-01	7.59005672e-01
7165            	5.10460867e-02	5.62880907e-02	1.62010055e+00	8.61096364e-01	7.59004190e-01
7166            	5.10246286e-02	5.62735363e-02	1.62005397e+00	8.61051616e-01	7.59002358e-01
7167            	5.10041381e-02	5.62593439e-02	1.62000868e+00	8.61008479e-01	7.59000203e-01
7168            	5.09853359e-02	5.62460720e-02	1.61996625e+00	8.60968459e-01	7.58997787e-01
7169            	5.09688583e-02	5.62342419e-02	1.61992814e+00	8.60932930e-01	7.58995213e-01
7170            	5.09552053e-02	5.62242986e-02	1.61989564e+00	8.60903024e-01	7.58992613e-01
7171            	5.09446725e-02	5.62165447e-02	1.61986963e+00	8.60879485e-01	7.58990140e-01
7172            	5.09373122e-02	5.62110956e-02	1.61985052e+00	8.60862572e-01	7.58987948e-01
7173            	5.09329341e-02	5.62078746e-02	1.61983822e+00	8.60852043e-01	7.58986175e-01
7174            	5.09311265e-02	5.62066202e-02	1.61983212e+00	8.60847185e-01	7.58984932e-01
7175            	5.09313083e-02	5.62069173e-02	1.61983120e+00	8.60846907e-01	7.58984290e-01
7176            	5.09327997e-02	5.62082539e-02	1.61983415e+00	8.60849876e-01	7.58984276e-01
7177            	5.09348727e-02	5.62100542e-02	1.61983948e+00	8.60854611e-01	7.58984866e-01
7178            	5.09368356e-02	5.62117506e-02	1.61984566e+00	8.60859663e-01	7.58985992e-01
7179            	5.09381205e-02	5.62128485e-02	1.61985134e+00	8.60863790e-01	7.58987549e-01
7180            	5.09383247e-02	5.62129667e-02	1.61985546e+00	8.60866056e-01	7.58989407e-01
7181            	5.09372166e-02	5.62118520e-02	1.61985729e+00	8.60865861e-01	7.58991428e-01
7182            	5.09347209e-02	5.62093787e-02	1.61985640e+00	8.60862919e-01	7.58993477e-01
7183            	5.09309104e-02	5.62055520e-02	1.61985271e+00	8.60857264e-01	7.58995444e-01
7184            	5.09259517e-02	5.62004665e-02	1.61984640e+00	8.60849151e-01	7.58997248e-01
7185            	5.09200660e-02	5.61942718e-02	1.61983783e+00	8.60838980e-01	7.58998848e-01
7186            	5.09135236e-02	5.61871801e-02	1.61982755e+00	8.60827298e-01	7.59000251e-01
7187            	5.09066627e-02	5.61794884e-02	1.61981633e+00	8.60814830e-01	7.59001504e-01
7188            	5.08997615e-02	5.61714703e-02	1.61980488e+00	8.60802204e-01	7.59002681e-01
7189            	5.08929220e-02	5.61632721e-02	1.61979358e+00	8.60789710e-01	7.59003866e-01
7190            	5.08860879e-02	5.61549243e-02	1.61978248e+00	8.60777328e-01	7.59005152e-01
7191            	5.08790892e-02	5.61463661e-02	1.61977142e+00	8.60764800e-01	7.59006621e-01
7192            	5.08717308e-02	5.61375063e-02	1.61976012e+00	8.60751792e-01	7.59008330e-01
7193            	5.08638164e-02	5.61282367e-02	1.61974823e+00	8.60737931e-01	7.59010298e-01
7194            	5.08552324e-02	5.61185037e-02	1.61973549e+00	8.60722977e-01	7.59012512e-01
7195            	5.08458305e-02	5.61082099e-02	1.61972150e+00	8.60706579e-01	7.59014918e-01
7196            	5.08354937e-02	5.60972650e-02	1.61970583e+00	8.60688411e-01	7.59017423e-01
7197            	5.08242293e-02	5.60856635e-02	1.61968829e+00	8.60668375e-01	7.59019917e-01
7198            	5.08121307e-02	5.60734518e-02	1.61966881e+00	8.60646538e-01	7.59022276e-01
7199            	5.08009162e-02	5.60621750e-02	1.61965083e+00	8.60626330e-01	7.59024498e-01
7200            	5.07891120e-02	5.60503215e-02	1.61963087e+00	8.60604546e-01	7.59026321e-01
7201            	5.07755774e-02	5.60371528e-02	1.61960699e+00	8.60579075e-01	7.59027920e-01
7202            	5.07611490e-02	5.60230843e-02	1.61958041e+00	8.60551355e-01	7.59029057e-01
7203            	5.07483449e-02	5.60102015e-02	1.61955627e+00	8.60526482e-01	7.59029793e-01
7204            	5.07352719e-02	5.59971471e-02	1.61953084e+00	8.60500694e-01	7.59030150e-01
7205            	5.07221904e-02	5.59839814e-02	1.61950460e+00	8.60474490e-01	7.59030109e-01
7206            	5.07112472e-02	5.59725003e-02	1.61948226e+00	8.60452376e-01	7.59029882e-01
7207            	5.07005235e-02	5.59613859e-02	1.61945994e+00	8.60430493e-01	7.59029446e-01
7208            	5.06900310e-02	5.59504497e-02	1.61943773e+00	8.60408895e-01	7.59028833e-01
7209            	5.06815570e-02	5.59411306e-02	1.61941969e+00	8.60391400e-01	7.59028286e-01
7210            	5.06733208e-02	5.59322163e-02	1.61940205e+00	8.60374348e-01	7.59027706e-01
7211            	5.06651152e-02	5.59232972e-02	1.61938437e+00	8.60357299e-01	7.59027069e-01
7212            	5.06587054e-02	5.59157846e-02	1.61937063e+00	8.60344020e-01	7.59026609e-01
7213            	5.06524732e-02	5.59085899e-02	1.61935722e+00	8.60331084e-01	7.59026137e-01
7214            	5.06463242e-02	5.59013306e-02	1.61934370e+00	8.60318173e-01	7.59025525e-01
7215            	5.06419756e-02	5.58954265e-02	1.61933391e+00	8.60308932e-01	7.59024981e-01
7216            	5.06380192e-02	5.58899509e-02	1.61932460e+00	8.60300319e-01	7.59024281e-01
7217            	5.06344638e-02	5.58846058e-02	1.61931546e+00	8.60292196e-01	7.59023268e-01
7218            	5.06319814e-02	5.58802033e-02	1.61930806e+00	8.60286013e-01	7.59022050e-01
7219            	5.06297883e-02	5.58757604e-02	1.61929990e+00	8.60279739e-01	7.59020163e-01
7220            	5.06307656e-02	5.58738879e-02	1.61929887e+00	8.60280199e-01	7.59018667e-01
7221            	5.06337291e-02	5.58736763e-02	1.61930192e+00	8.60284687e-01	7.59017229e-01
7222            	5.06374791e-02	5.58743539e-02	1.61930626e+00	8.60290609e-01	7.59015651e-01
7223            	5.06419185e-02	5.58755161e-02	1.61931143e+00	8.60297635e-01	7.59013798e-01
7224            	5.06477361e-02	5.58779363e-02	1.61931956e+00	8.60307514e-01	7.59012042e-01
7225            	5.06543950e-02	5.58812886e-02	1.61932926e+00	8.60319027e-01	7.59010237e-01
7226            	5.06620497e-02	5.58852963e-02	1.61934057e+00	8.60332335e-01	7.59008236e-01
7227            	5.06713235e-02	5.58907188e-02	1.61935555e+00	8.60349099e-01	7.59006452e-01
7228            	5.06820073e-02	5.58974621e-02	1.61937347e+00	8.60368744e-01	7.59004729e-01
7229            	5.06940909e-02	5.59051731e-02	1.61939405e+00	8.60391116e-01	7.59002934e-01
7230            	5.07074309e-02	5.59140774e-02	1.61941765e+00	8.60416256e-01	7.59001394e-01
7231            	5.07219433e-02	5.59241392e-02	1.61944376e+00	8.60443823e-01	7.58999937e-01
7232            	5.07374612e-02	5.59349169e-02	1.61947179e+00	8.60473354e-01	7.58998432e-01
7233            	5.07536127e-02	5.59464541e-02	1.61950152e+00	8.60504375e-01	7.58997149e-01
7234            	5.07710881e-02	5.59592759e-02	1.61953413e+00	8.60538153e-01	7.58995977e-01
7235            	5.07897928e-02	5.59730199e-02	1.61956919e+00	8.60574387e-01	7.58994801e-01
7236            	5.08088504e-02	5.59873398e-02	1.61960543e+00	8.60611565e-01	7.58993864e-01
7237            	5.08290532e-02	5.60027896e-02	1.61964428e+00	8.60651195e-01	7.58993089e-01
7238            	5.08496933e-02	5.60185589e-02	1.61968403e+00	8.60691708e-01	7.58992321e-01
7239            	5.08698127e-02	5.60342299e-02	1.61972313e+00	8.60731378e-01	7.58991753e-01
7240            	5.08914065e-02	5.60512622e-02	1.61976562e+00	8.60774218e-01	7.58991405e-01
7241            	5.09136983e-02	5.60688579e-02	1.61980965e+00	8.60818523e-01	7.58991126e-01
7242            	5.09353631e-02	5.60862746e-02	1.61985278e+00	8.60861753e-01	7.58991026e-01
7243            	5.09582596e-02	5.61048097e-02	1.61989888e+00	8.60907702e-01	7.58991183e-01
7244            	5.09808481e-02	5.61231180e-02	1.61994448e+00	8.60953086e-01	7.58991389e-01
7245            	5.10039004e-02	5.61419589e-02	1.61999151e+00	8.60999657e-01	7.58991857e-01
7246            	5.10285457e-02	5.61619138e-02	1.62004225e+00	8.61049668e-01	7.58992577e-01
7247            	5.10503505e-02	5.61800512e-02	1.62008736e+00	8.61094033e-01	7.58993332e-01
7248            	5.10681145e-02	5.61956139e-02	1.62012447e+00	8.61130348e-01	7.58994119e-01
7249            	5.10867111e-02	5.62120353e-02	1.62016398e+00	8.61168701e-01	7.58995279e-01
7250            	5.11042123e-02	5.62275002e-02	1.62020074e+00	8.61204584e-01	7.58996160e-01
7251            	5.11225846e-02	5.62438840e-02	1.62024007e+00	8.61242619e-01	7.58997449e-01
7252            	5.11377024e-02	5.62579239e-02	1.62027203e+00	8.61273715e-01	7.58998311e-01
7253            	5.11542320e-02	5.62730438e-02	1.62030711e+00	8.61307786e-01	7.58999322e-01
7254            	5.11719849e-02	5.62893060e-02	1.62034552e+00	8.61344744e-01	7.59000775e-01
7255            	5.11872783e-02	5.63040992e-02	1.62037927e+00	8.61376916e-01	7.59002359e-01
7256            	5.12010072e-02	5.63178034e-02	1.62040967e+00	8.61405843e-01	7.59003829e-01
7257            	5.12098905e-02	5.63280529e-02	1.62042937e+00	8.61424578e-01	7.59004797e-01
7258            	5.12213406e-02	5.63408144e-02	1.62045575e+00	8.61449218e-01	7.59006536e-01
7259            	5.12306475e-02	5.63526027e-02	1.62047867e+00	8.61469981e-01	7.59008686e-01
7260            	5.12362851e-02	5.63616177e-02	1.62049318e+00	8.61482874e-01	7.59010304e-01
7261            	5.12389650e-02	5.63685826e-02	1.62050155e+00	8.61489739e-01	7.59011810e-01
7262            	5.12433721e-02	5.63776784e-02	1.62051509e+00	8.61500917e-01	7.59014173e-01
7263            	5.12445278e-02	5.63841858e-02	1.62052149e+00	8.61505275e-01	7.59016219e-01
7264            	5.12426629e-02	5.63881528e-02	1.62052110e+00	8.61503213e-01	7.59017887e-01
7265            	5.12380748e-02	5.63897251e-02	1.62051441e+00	8.61495280e-01	7.59019130e-01
7266            	5.12310796e-02	5.63891071e-02	1.62050201e+00	8.61482085e-01	7.59019926e-01
7267            	5.12220036e-02	5.63865467e-02	1.62048458e+00	8.61464294e-01	7.59020286e-01
7268            	5.12111692e-02	5.63823135e-02	1.62046286e+00	8.61442598e-01	7.59020260e-01
7269            	5.11988768e-02	5.63766848e-02	1.62043761e+00	8.61417683e-01	7.59019930e-01
7270            	5.11852977e-02	5.63698559e-02	1.62040939e+00	8.61389991e-01	7.59019396e-01
7271            	5.11705179e-02	5.63619538e-02	1.62037855e+00	8.61359793e-01	7.59018757e-01
7272            	5.11545494e-02	5.63530300e-02	1.62034527e+00	8.61327185e-01	7.59018087e-01
7273            	5.11373636e-02	5.63430770e-02	1.62030956e+00	8.61292142e-01	7.59017415e-01
7274            	5.11189629e-02	5.63320801e-02	1.62027138e+00	8.61254654e-01	7.59016728e-01
7275            	5.10994040e-02	5.63200439e-02	1.62023076e+00	8.61214783e-01	7.59015975e-01
7276            	5.10788758e-02	5.63070578e-02	1.62018791e+00	8.61172833e-01	7.59015081e-01
7277            	5.10577487e-02	5.62933462e-02	1.62014343e+00	8.61129465e-01	7.59013968e-01
7278            	5.10365404e-02	5.62792486e-02	1.62009823e+00	8.61085653e-01	7.59012572e-01
7279            	5.10158801e-02	5.62652052e-02	1.62005348e+00	8.61042621e-01	7.59010861e-01
7280            	5.09964495e-02	5.62517273e-02	1.62001059e+00	8.61001742e-01	7.59008843e-01
7281            	5.09789060e-02	5.62393311e-02	1.61997095e+00	8.60964379e-01	7.59006567e-01
7282            	5.09638096e-02	5.62284886e-02	1.61993587e+00	8.60931745e-01	7.59004126e-01
7283            	5.09515744e-02	5.62195836e-02	1.61990645e+00	8.60904800e-01	7.59001651e-01
7284            	5.09423983e-02	5.62128411e-02	1.61988339e+00	8.60884091e-01	7.58999294e-01
7285            	5.09362446e-02	5.62083047e-02	1.61986691e+00	8.60869699e-01	7.58997209e-01
7286            	5.09328484e-02	5.62058348e-02	1.61985677e+00	8.60861235e-01	7.58995538e-01
7287            	5.09317448e-02	5.62051187e-02	1.61985227e+00	8.60857882e-01	7.58994392e-01
7288            	5.09323331e-02	5.62057187e-02	1.61985235e+00	8.60858509e-01	7.58993843e-01
7289            	5.09339326e-02	5.62071126e-02	1.61985569e+00	8.60861779e-01	7.58993914e-01
7290            	5.09358480e-02	5.62087452e-02	1.61986086e+00	8.60866277e-01	7.58994581e-01
7291            	5.09374428e-02	5.62100858e-02	1.61986643e+00	8.60870659e-01	7.58995774e-01
7292            	5.09382340e-02	5.62107039e-02	1.61987124e+00	8.60873852e-01	7.58997384e-01
7293            	5.09378928e-02	5.62102775e-02	1.61987435e+00	8.60875068e-01	7.58999282e-01
7294            	5.09362444e-02	5.62086049e-02	1.61987515e+00	8.60873819e-01	7.59001330e-01
7295            	5.09332716e-02	5.62056141e-02	1.61987334e+00	8.60869939e-01	7.59003396e-01
7296            	5.09290783e-02	5.62013445e-02	1.61986890e+00	8.60863530e-01	7.59005373e-01
7297            	5.09238300e-02	5.61958930e-02	1.61986203e+00	8.60854846e-01	7.59007186e-01
7298            	5.09177547e-02	5.61894209e-02	1.61985311e+00	8.60844312e-01	7.59008802e-01
7299            	5.09111407e-02	5.61821614e-02	1.61984275e+00	8.60832514e-01	7.59010233e-01
7300            	5.09043146e-02	5.61744085e-02	1.61983168e+00	8.60820156e-01	7.59011527e-01
7301            	5.08974726e-02	5.61663699e-02	1.61982046e+00	8.60807701e-01	7.59012755e-01
7302            	5.08906452e-02	5.61581356e-02	1.61980930e+00	8.60795294e-01	7.59014004e-01
7303            	5.08837224e-02	5.61496921e-02	1.61979816e+00	8.60782804e-01	7.59015359e-01
7304            	5.08765193e-02	5.61409619e-02	1.61978683e+00	8.60769934e-01	7.59016895e-01
7305            	5.08688611e-02	5.61318641e-02	1.61977504e+00	8.60756379e-01	7.59018657e-01
7306            	5.08605749e-02	5.61223062e-02	1.61976246e+00	8.60741806e-01	7.59020656e-01
7307            	5.08515652e-02	5.61122460e-02	1.61974887e+00	8.60726001e-01	7.59022871e-01
7308            	5.08416959e-02	5.61015930e-02	1.61973388e+00	8.60708634e-01	7.59025242e-01
7309            	5.08309001e-02	5.60902925e-02	1.61971715e+00	8.60689473e-01	7.59027673e-01
7310            	5.08192335e-02	5.60783715e-02	1.61969856e+00	8.60668515e-01	7.59030048e-01
7311            	5.08068305e-02	5.60659088e-02	1.61967817e+00	8.60645915e-01	7.59032254e-01
7312            	5.07954124e-02	5.60541513e-02	1.61965897e+00	8.60624895e-01	7.59034070e-01
7313            	5.07836255e-02	5.60423265e-02	1.61963899e+00	8.60603123e-01	7.59035872e-01
7314            	5.07701469e-02	5.60289848e-02	1.61961461e+00	8.60577454e-01	7.59037160e-01
7315            	5.07558622e-02	5.60152645e-02	1.61958830e+00	8.60550014e-01	7.59038290e-01
7316            	5.07432621e-02	5.60028070e-02	1.61956452e+00	8.60525520e-01	7.59038996e-01
7317            	5.07303979e-02	5.59899662e-02	1.61953897e+00	8.60499882e-01	7.59039086e-01
7318            	5.07176356e-02	5.59774171e-02	1.61951343e+00	8.60474350e-01	7.59039079e-01
7319            	5.07070574e-02	5.59664847e-02	1.61949192e+00	8.60453015e-01	7.59038901e-01
7320            	5.06966831e-02	5.59555320e-02	1.61946997e+00	8.60431670e-01	7.59038303e-01
7321            	5.06866028e-02	5.59450122e-02	1.61944884e+00	8.60411025e-01	7.59037819e-01
7322            	5.06785260e-02	5.59359835e-02	1.61943182e+00	8.60394438e-01	7.59037386e-01
7323            	5.06705961e-02	5.59269460e-02	1.61941448e+00	8.60377835e-01	7.59036643e-01
7324            	5.06627137e-02	5.59182433e-02	1.61939762e+00	8.60361521e-01	7.59036094e-01
7325            	5.06565923e-02	5.59109139e-02	1.61938449e+00	8.60348836e-01	7.59035652e-01
7326            	5.06505878e-02	5.59035913e-02	1.61937092e+00	8.60336047e-01	7.59034871e-01
7327            	5.06436449e-02	5.58957099e-02	1.61935489e+00	8.60321091e-01	7.59033801e-01
7328            	5.06396342e-02	5.58900885e-02	1.61934540e+00	8.60312336e-01	7.59033068e-01
7329            	5.06364118e-02	5.58852523e-02	1.61933729e+00	8.60305057e-01	7.59032234e-01
7330            	5.06335964e-02	5.58805915e-02	1.61932943e+00	8.60298313e-01	7.59031120e-01
7331            	5.06328431e-02	5.58775266e-02	1.61932579e+00	8.60295736e-01	7.59030049e-01
7332            	5.06329255e-02	5.58752763e-02	1.61932346e+00	8.60294653e-01	7.59028802e-01
7333            	5.06328298e-02	5.58727896e-02	1.61931952e+00	8.60292590e-01	7.59026930e-01
7334            	5.06357913e-02	5.58727690e-02	1.61932273e+00	8.60297156e-01	7.59025573e-01
7335            	5.06398316e-02	5.58734454e-02	1.61932732e+00	8.60303490e-01	7.59023827e-01
7336            	5.06447739e-02	5.58750462e-02	1.61933370e+00	8.60311622e-01	7.59022075e-01
7337            	5.06512419e-02	5.58779616e-02	1.61934334e+00	8.60322910e-01	7.59020426e-01
7338            	5.06585791e-02	5.58814723e-02	1.61935391e+00	8.60335536e-01	7.59018378e-01
7339            	5.06667354e-02	5.58857261e-02	1.61936539e+00	8.60349432e-01	7.59015961e-01
7340            	5.06767871e-02	5.58917548e-02	1.61938177e+00	8.60367673e-01	7.59014098e-01
7341            	5.06882505e-02	5.58992009e-02	1.61940123e+00	8.60388863e-01	7.59012362e-01
7342            	5.07009955e-02	5.59076266e-02	1.61942323e+00	8.60412610e-01	7.59010618e-01
7343            	5.07147901e-02	5.59171060e-02	1.61944792e+00	8.60438752e-01	7.59009172e-01
7344            	5.07296602e-02	5.59276611e-02	1.61947505e+00	8.60467184e-01	7.59007864e-01
7345            	5.07455896e-02	5.59389562e-02	1.61950425e+00	8.60497715e-01	7.59006535e-01
7346            	5.07621029e-02	5.59509181e-02	1.61953511e+00	8.60529660e-01	7.59005454e-01
7347            	5.07800246e-02	5.59641482e-02	1.61956901e+00	8.60564530e-01	7.59004481e-01
7348            	5.08001036e-02	5.59789556e-02	1.61960700e+00	8.60603602e-01	7.59003395e-01
7349            	5.08195073e-02	5.59937442e-02	1.61964449e+00	8.60641750e-01	7.59002736e-01
7350            	5.08396343e-02	5.60089881e-02	1.61968314e+00	8.60681206e-01	7.59001937e-01
7351            	5.08602405e-02	5.60249255e-02	1.61972305e+00	8.60721767e-01	7.59001286e-01
7352            	5.08802485e-02	5.60407005e-02	1.61976213e+00	8.60761312e-01	7.59000815e-01
7353            	5.09017015e-02	5.60574417e-02	1.61980386e+00	8.60803629e-01	7.59000226e-01
7354            	5.09253642e-02	5.60759364e-02	1.61985019e+00	8.60850458e-01	7.58999729e-01
7355            	5.09469843e-02	5.60933187e-02	1.61989295e+00	8.60893461e-01	7.58999492e-01
7356            	5.09691933e-02	5.61114520e-02	1.61993757e+00	8.60937979e-01	7.58999592e-01
7357            	5.09912077e-02	5.61294683e-02	1.61998196e+00	8.60982188e-01	7.58999772e-01
7358            	5.10112897e-02	5.61463262e-02	1.62002277e+00	8.61022674e-01	7.59000095e-01
7359            	5.10327255e-02	5.61643687e-02	1.62006705e+00	8.61066251e-01	7.59000800e-01
7360            	5.10540368e-02	5.61822238e-02	1.62011114e+00	8.61109609e-01	7.59001535e-01
7361            	5.10755494e-02	5.62004062e-02	1.62015631e+00	8.61153705e-01	7.59002606e-01
7362            	5.11021648e-02	5.62222390e-02	1.62021331e+00	8.61208819e-01	7.59004489e-01
7363            	5.11196676e-02	5.62380354e-02	1.62025116e+00	8.61245249e-01	7.59005914e-01
7364            	5.11360071e-02	5.62531891e-02	1.62028673e+00	8.61279373e-01	7.59007359e-01
7365            	5.11494623e-02	5.62663232e-02	1.62031610e+00	8.61307514e-01	7.59008589e-01
7366            	5.11637826e-02	5.62798496e-02	1.62034699e+00	8.61337278e-01	7.59009713e-01
7367            	5.11774004e-02	5.62932781e-02	1.62037650e+00	8.61365649e-01	7.59010848e-01
7368            	5.11888780e-02	5.63052810e-02	1.62040147e+00	8.61389612e-01	7.59011856e-01
7369            	5.12012910e-02	5.63179768e-02	1.62042842e+00	8.61415502e-01	7.59012921e-01
7370            	5.12128931e-02	5.63306790e-02	1.62045409e+00	8.61439938e-01	7.59014152e-01
7371            	5.12237917e-02	5.63430169e-02	1.62047869e+00	8.61463136e-01	7.59015552e-01
7372            	5.12422940e-02	5.63627544e-02	1.62052295e+00	8.61503770e-01	7.59019182e-01
7373            	5.12520412e-02	5.63758248e-02	1.62054808e+00	8.61526080e-01	7.59021998e-01
7374            	5.12548468e-02	5.63834163e-02	1.62055775e+00	8.61533723e-01	7.59024030e-01
7375            	5.12523074e-02	5.63865496e-02	1.62055530e+00	8.61529955e-01	7.59025341e-01
7376            	5.12460535e-02	5.63864755e-02	1.62054435e+00	8.61518227e-01	7.59026120e-01
7377            	5.12374574e-02	5.63843249e-02	1.62052797e+00	8.61501442e-01	7.59026527e-01
7378            	5.12275439e-02	5.63809608e-02	1.62050840e+00	8.61481746e-01	7.59026658e-01
7379            	5.12170004e-02	5.63769669e-02	1.62048715e+00	8.61460577e-01	7.59026576e-01
7380            	5.12062239e-02	5.63726862e-02	1.62046513e+00	8.61438790e-01	7.59026342e-01
7381            	5.11953611e-02	5.63682495e-02	1.62044276e+00	8.61416741e-01	7.59026019e-01
7382            	5.11843123e-02	5.63635935e-02	1.62041996e+00	8.61394293e-01	7.59025668e-01
7383            	5.11727855e-02	5.63585032e-02	1.62039628e+00	8.61370926e-01	7.59025355e-01
7384            	5.11603861e-02	5.63526781e-02	1.62037101e+00	8.61345891e-01	7.59025119e-01
7385            	5.11467050e-02	5.63457887e-02	1.62034334e+00	8.61318373e-01	7.59024963e-01
7386            	5.11314050e-02	5.63375503e-02	1.62031251e+00	8.61287660e-01	7.59024850e-01
7387            	5.11142852e-02	5.63277684e-02	1.62027797e+00	8.61253272e-01	7.59024701e-01
7388            	5.10953550e-02	5.63163965e-02	1.62023952e+00	8.61215116e-01	7.59024406e-01
7389            	5.10748610e-02	5.63035657e-02	1.62019741e+00	8.61173565e-01	7.59023843e-01
7390            	5.10533336e-02	5.62896153e-02	1.62015246e+00	8.61129564e-01	7.59022897e-01
7391            	5.10314821e-02	5.62750274e-02	1.62010594e+00	8.61084454e-01	7.59021490e-01
7392            	5.10101527e-02	5.62604086e-02	1.62005949e+00	8.61039900e-01	7.59019594e-01
7393            	5.09902153e-02	5.62464110e-02	1.62001492e+00	8.60997676e-01	7.59017245e-01
7394            	5.09724620e-02	5.62336593e-02	1.61997400e+00	8.60959463e-01	7.59014539e-01
7395            	5.09575361e-02	5.62226996e-02	1.61993833e+00	8.60926703e-01	7.59011630e-01
7396            	5.09458540e-02	5.62139313e-02	1.61990914e+00	8.60900425e-01	7.59008717e-01
7397            	5.09375569e-02	5.62075544e-02	1.61988714e+00	8.60881125e-01	7.59006011e-01
7398            	5.09325103e-02	5.62035609e-02	1.61987245e+00	8.60868735e-01	7.59003715e-01
7399            	5.09303215e-02	5.62017367e-02	1.61986464e+00	8.60862639e-01	7.59001996e-01
7400            	5.09304053e-02	5.62017006e-02	1.61986277e+00	8.60861790e-01	7.59000980e-01
7401            	5.09320521e-02	5.62029503e-02	1.61986555e+00	8.60864829e-01	7.59000725e-01
7402            	5.09344816e-02	5.62048956e-02	1.61987141e+00	8.60870185e-01	7.59001221e-01
7403            	5.09369369e-02	5.62069336e-02	1.61987867e+00	8.60876271e-01	7.59002397e-01
7404            	5.09387757e-02	5.62085145e-02	1.61988579e+00	8.60881672e-01	7.59004121e-01
7405            	5.09395281e-02	5.62091950e-02	1.61989152e+00	8.60885286e-01	7.59006229e-01
7406            	5.09389055e-02	5.62086577e-02	1.61989489e+00	8.60886351e-01	7.59008540e-01
7407            	5.09367894e-02	5.62067160e-02	1.61989533e+00	8.60884455e-01	7.59010877e-01
7408            	5.09332268e-02	5.62033252e-02	1.61989263e+00	8.60879542e-01	7.59013088e-01
7409            	5.09283803e-02	5.61985498e-02	1.61988689e+00	8.60871827e-01	7.59015067e-01
7410            	5.09224773e-02	5.61925223e-02	1.61987846e+00	8.60861707e-01	7.59016752e-01
7411            	5.09158051e-02	5.61854537e-02	1.61986790e+00	8.60849756e-01	7.59018146e-01
7412            	5.09087261e-02	5.61776518e-02	1.61985605e+00	8.60836753e-01	7.59019301e-01
7413            	5.09015639e-02	5.61694288e-02	1.61984374e+00	8.60823434e-01	7.59020306e-01
7414            	5.08944675e-02	5.61609778e-02	1.61983147e+00	8.60810205e-01	7.59021270e-01
7415            	5.08874208e-02	5.61523756e-02	1.61981947e+00	8.60797154e-01	7.59022312e-01
7416            	5.08802819e-02	5.61436015e-02	1.61980765e+00	8.60784104e-01	7.59023541e-01
7417            	5.08728671e-02	5.61345911e-02	1.61979581e+00	8.60770772e-01	7.59025037e-01
7418            	5.08649888e-02	5.61252586e-02	1.61978366e+00	8.60756818e-01	7.59026840e-01
7419            	5.08565149e-02	5.61155461e-02	1.61977093e+00	8.60741978e-01	7.59028949e-01
7420            	5.08472918e-02	5.61053584e-02	1.61975721e+00	8.60725895e-01	7.59031312e-01
7421            	5.08371801e-02	5.60945884e-02	1.61974203e+00	8.60708195e-01	7.59033835e-01
7422            	5.08261570e-02	5.60832034e-02	1.61972511e+00	8.60688711e-01	7.59036397e-01
7423            	5.08142928e-02	5.60712249e-02	1.61970630e+00	8.60667445e-01	7.59038860e-01
7424            	5.08032649e-02	5.60601540e-02	1.61968891e+00	8.60647722e-01	7.59041192e-01
7425            	5.07916053e-02	5.60484777e-02	1.61966947e+00	8.60626338e-01	7.59043127e-01
7426            	5.07781662e-02	5.60354463e-02	1.61964600e+00	8.60601166e-01	7.59044834e-01
7427            	5.07638021e-02	5.60214798e-02	1.61961972e+00	8.60573660e-01	7.59046056e-01
7428            	5.07509928e-02	5.60086278e-02	1.61959566e+00	8.60548825e-01	7.59046839e-01
7429            	5.07378577e-02	5.59955457e-02	1.61957015e+00	8.60522930e-01	7.59047215e-01
7430            	5.07246898e-02	5.59823158e-02	1.61954369e+00	8.60496535e-01	7.59047156e-01
7431            	5.07136248e-02	5.59707308e-02	1.61952101e+00	8.60474129e-01	7.59046880e-01
7432            	5.07027599e-02	5.59594918e-02	1.61949827e+00	8.60451893e-01	7.59046374e-01
7433            	5.06921432e-02	5.59484366e-02	1.61947563e+00	8.60429960e-01	7.59045673e-01
7434            	5.06835531e-02	5.59390069e-02	1.61945718e+00	8.60412145e-01	7.59045039e-01
7435            	5.06752137e-02	5.59299981e-02	1.61943918e+00	8.60394805e-01	7.59044378e-01
7436            	5.06669465e-02	5.59210163e-02	1.61942124e+00	8.60377564e-01	7.59043671e-01
7437            	5.06604825e-02	5.59134543e-02	1.61940728e+00	8.60364121e-01	7.59043156e-01
7438            	5.06542105e-02	5.59062376e-02	1.61939374e+00	8.60351083e-01	7.59042662e-01
7439            	5.06480450e-02	5.58989735e-02	1.61938018e+00	8.60338137e-01	7.59042047e-01
7440            	5.06436699e-02	5.58930624e-02	1.61937037e+00	8.60328855e-01	7.59041515e-01
7441            	5.06396777e-02	5.58875839e-02	1.61936106e+00	8.60320206e-01	7.59040851e-01
7442            	5.06360843e-02	5.58822264e-02	1.61935193e+00	8.60312050e-01	7.59039882e-01
7443            	5.06344245e-02	5.58783531e-02	1.61934659e+00	8.60307722e-01	7.59038873e-01
7444            	5.06335345e-02	5.58752296e-02	1.61934231e+00	8.60304687e-01	7.59037619e-01
7445            	5.06333683e-02	5.58725297e-02	1.61933872e+00	8.60302727e-01	7.59035991e-01
7446            	5.06344936e-02	5.58710533e-02	1.61933738e+00	8.60303185e-01	7.59034198e-01
7447            	5.06362196e-02	5.58698460e-02	1.61933602e+00	8.60304228e-01	7.59031788e-01
7448            	5.06407757e-02	5.58710191e-02	1.61934138e+00	8.60311464e-01	7.59029913e-01
7449            	5.06470762e-02	5.58737071e-02	1.61935057e+00	8.60322361e-01	7.59028208e-01
7450            	5.06542825e-02	5.58773620e-02	1.61936147e+00	8.60335017e-01	7.59026452e-01
7451            	5.06624316e-02	5.58816896e-02	1.61937392e+00	8.60349393e-01	7.59024530e-01
7452            	5.06719640e-02	5.58872898e-02	1.61938951e+00	8.60366719e-01	7.59022791e-01
7453            	5.06827238e-02	5.58941146e-02	1.61940766e+00	8.60386555e-01	7.59021108e-01
7454            	5.06947438e-02	5.59018432e-02	1.61942820e+00	8.60408845e-01	7.59019357e-01
7455            	5.07079509e-02	5.59107127e-02	1.61945162e+00	8.60433760e-01	7.59017858e-01
7456            	5.07223017e-02	5.59207203e-02	1.61947753e+00	8.60461066e-01	7.59016462e-01
7457            	5.07376837e-02	5.59314705e-02	1.61950544e+00	8.60490404e-01	7.59015037e-01
7458            	5.07537126e-02	5.59429665e-02	1.61953506e+00	8.60521243e-01	7.59013818e-01
7459            	5.07710404e-02	5.59557106e-02	1.61956743e+00	8.60554754e-01	7.59012673e-01
7460            	5.07896155e-02	5.59694091e-02	1.61960225e+00	8.60590743e-01	7.59011512e-01
7461            	5.08085945e-02	5.59836808e-02	1.61963824e+00	8.60627717e-01	7.59010528e-01
7462            	5.08286882e-02	5.59990240e-02	1.61967664e+00	8.60667009e-01	7.59009632e-01
7463            	5.08493162e-02	5.60147802e-02	1.61971613e+00	8.60707381e-01	7.59008748e-01
7464            	5.08695106e-02	5.60304457e-02	1.61975509e+00	8.60747053e-01	7.59008032e-01
7465            	5.08910416e-02	5.60473171e-02	1.61979709e+00	8.60789587e-01	7.59007504e-01
7466            	5.09133857e-02	5.60649160e-02	1.61984108e+00	8.60833928e-01	7.59007157e-01
7467            	5.09356649e-02	5.60827015e-02	1.61988539e+00	8.60878359e-01	7.59007029e-01
7468            	5.09574409e-02	5.61003093e-02	1.61992904e+00	8.60921963e-01	7.59007081e-01
7469            	5.09784026e-02	5.61174855e-02	1.61997135e+00	8.60964076e-01	7.59007271e-01
7470            	5.10006993e-02	5.61357175e-02	1.62001674e+00	8.61009068e-01	7.59007670e-01
7471            	5.10221621e-02	5.61535162e-02	1.62006074e+00	8.61052533e-01	7.59008209e-01
7472            	5.10431482e-02	5.61711437e-02	1.62010408e+00	8.61095189e-01	7.59008892e-01
7473            	5.10633339e-02	5.61883529e-02	1.62014602e+00	8.61136345e-01	7.59009677e-01
7474            	5.10849578e-02	5.62064597e-02	1.62019104e+00	8.61180478e-01	7.59010562e-01
7475            	5.11021599e-02	5.62216959e-02	1.62022689e+00	8.61215606e-01	7.59011286e-01
7476            	5.11285784e-02	5.62436591e-02	1.62028390e+00	8.61270526e-01	7.59013370e-01
7477            	5.11457645e-02	5.62592352e-02	1.62032077e+00	8.61306151e-01	7.59014622e-01
7478            	5.11622449e-02	5.62747457e-02	1.62035695e+00	8.61340722e-01	7.59016232e-01
7479            	5.11704131e-02	5.62842375e-02	1.62037441e+00	8.61357620e-01	7.59016794e-01
7480            	5.11826871e-02	5.62969493e-02	1.62040117e+00	8.61383274e-01	7.59017900e-01
7481            	5.11934465e-02	5.63087008e-02	1.62042478e+00	8.61405836e-01	7.59018943e-01
7482            	5.12058272e-02	5.63218629e-02	1.62045244e+00	8.61432047e-01	7.59020392e-01
7483            	5.12156276e-02	5.63331623e-02	1.62047446e+00	8.61452857e-01	7.59021602e-01
7484            	5.12240482e-02	5.63436127e-02	1.62049387e+00	8.61470984e-01	7.59022888e-01
7485            	5.12308693e-02	5.63530696e-02	1.62051023e+00	8.61485985e-01	7.59024246e-01
7486            	5.12359205e-02	5.63614097e-02	1.62052318e+00	8.61497509e-01	7.59025668e-01
7487            	5.12391153e-02	5.63685565e-02	1.62053250e+00	8.61505367e-01	7.59027136e-01
7488            	5.12431272e-02	5.63770995e-02	1.62054507e+00	8.61515663e-01	7.59029409e-01
7489            	5.12432302e-02	5.63824471e-02	1.62054877e+00	8.61517614e-01	7.59031153e-01
7490            	5.12409047e-02	5.63859874e-02	1.62054743e+00	8.61514618e-01	7.59032809e-01
7491            	5.12360119e-02	5.63874887e-02	1.62054057e+00	8.61506295e-01	7.59034271e-01
7492            	5.12285872e-02	5.63868671e-02	1.62052809e+00	8.61492631e-01	7.59035456e-01
7493            	5.12188181e-02	5.63841800e-02	1.62051026e+00	8.61473948e-01	7.59036312e-01
7494            	5.12086014e-02	5.63817079e-02	1.62049214e+00	8.61454671e-01	7.59037468e-01
7495            	5.11955057e-02	5.63763748e-02	1.62046704e+00	8.61429024e-01	7.59038013e-01
7496            	5.11798217e-02	5.63683713e-02	1.62043553e+00	8.61397586e-01	7.59037942e-01
7497            	5.11619451e-02	5.63580418e-02	1.62039848e+00	8.61361188e-01	7.59037297e-01
7498            	5.11423028e-02	5.63458005e-02	1.62035690e+00	8.61320751e-01	7.59036146e-01
7499            	5.11213440e-02	5.63321001e-02	1.62031184e+00	8.61277262e-01	7.59034574e-01
7500            	5.10995053e-02	5.63173894e-02	1.62026437e+00	8.61231689e-01	7.59032678e-01
7501            	5.10772610e-02	5.63021335e-02	1.62021564e+00	8.61185082e-01	7.59030560e-01
7502            	5.10551307e-02	5.62868096e-02	1.62016688e+00	8.61138573e-01	7.59028312e-01
7503            	5.10336679e-02	5.62718862e-02	1.62011936e+00	8.61093347e-01	7.59026011e-01
7504            	5.10134222e-02	5.62577985e-02	1.62007429e+00	8.61050567e-01	7.59023723e-01
7505            	5.09949139e-02	5.62449427e-02	1.62003282e+00	8.61011324e-01	7.59021497e-01
7506            	5.09785919e-02	5.62336450e-02	1.61999592e+00	8.60976552e-01	7.59019368e-01
7507            	5.09647980e-02	5.62241505e-02	1.61996434e+00	8.60946967e-01	7.59017371e-01
7508            	5.09537520e-02	5.62166207e-02	1.61993860e+00	8.60923050e-01	7.59015546e-01
7509            	5.09455067e-02	5.62110943e-02	1.61991889e+00	8.60904950e-01	7.59013937e-01
7510            	5.09399390e-02	5.62074828e-02	1.61990506e+00	8.60892471e-01	7.59012593e-01
7511            	5.09367585e-02	5.62055762e-02	1.61989664e+00	8.60885079e-01	7.59011563e-01
7512            	5.09355293e-02	5.62050545e-02	1.61989284e+00	8.60881949e-01	7.59010891e-01
7513            	5.09357104e-02	5.62055137e-02	1.61989264e+00	8.60882029e-01	7.59010608e-01
7514            	5.09367072e-02	5.62065028e-02	1.61989487e+00	8.60884142e-01	7.59010728e-01
7515            	5.09379173e-02	5.62075546e-02	1.61989831e+00	8.60887074e-01	7.59011240e-01
7516            	5.09387925e-02	5.62082318e-02	1.61990180e+00	8.60889695e-01	7.59012110e-01
7517            	5.09389275e-02	5.62081911e-02	1.61990442e+00	8.60891136e-01	7.59013281e-01
7518            	5.09380540e-02	5.62071842e-02	1.61990547e+00	8.60890791e-01	7.59014683e-01
7519            	5.09360372e-02	5.62050633e-02	1.61990455e+00	8.60888310e-01	7.59016236e-01
7520            	5.09328754e-02	5.62017861e-02	1.61990147e+00	8.60883609e-01	7.59017858e-01
7521            	5.09286677e-02	5.61973999e-02	1.61989630e+00	8.60876819e-01	7.59019484e-01
7522            	5.09235611e-02	5.61919943e-02	1.61988925e+00	8.60868185e-01	7.59021063e-01
7523            	5.09177476e-02	5.61857042e-02	1.61988064e+00	8.60858067e-01	7.59022572e-01
7524            	5.09114650e-02	5.61787202e-02	1.61987096e+00	8.60846947e-01	7.59024017e-01
7525            	5.09049960e-02	5.61712961e-02	1.61986085e+00	8.60835423e-01	7.59025431e-01
7526            	5.08985072e-02	5.61636099e-02	1.61985073e+00	8.60823871e-01	7.59026857e-01
7527            	5.08920039e-02	5.61557228e-02	1.61984070e+00	8.60812356e-01	7.59028348e-01
7528            	5.08853545e-02	5.61475959e-02	1.61983062e+00	8.60800666e-01	7.59029957e-01
7529            	5.08783569e-02	5.61391290e-02	1.61982016e+00	8.60788438e-01	7.59031725e-01
7530            	5.08708264e-02	5.61302252e-02	1.61980899e+00	8.60775323e-01	7.59033670e-01
7531            	5.08625860e-02	5.61207812e-02	1.61979674e+00	8.60760958e-01	7.59035786e-01
7532            	5.08535574e-02	5.61107632e-02	1.61978320e+00	8.60745156e-01	7.59038042e-01
7533            	5.08436221e-02	5.61000917e-02	1.61976800e+00	8.60727624e-01	7.59040380e-01
7534            	5.08327271e-02	5.60887227e-02	1.61975088e+00	8.60708167e-01	7.59042712e-01
7535            	5.08209466e-02	5.60767000e-02	1.61973178e+00	8.60686835e-01	7.59044942e-01
7536            	5.08084293e-02	5.60641185e-02	1.61971081e+00	8.60663833e-01	7.59046975e-01
7537            	5.07969151e-02	5.60522495e-02	1.61969108e+00	8.60642454e-01	7.59048624e-01
7538            	5.07850387e-02	5.60403131e-02	1.61967062e+00	8.60620346e-01	7.59050269e-01
7539            	5.07715007e-02	5.60268791e-02	1.61964584e+00	8.60594419e-01	7.59051417e-01
7540            	5.07571762e-02	5.60130824e-02	1.61961923e+00	8.60566789e-01	7.59052436e-01
7541            	5.07445919e-02	5.60006056e-02	1.61959534e+00	8.60542263e-01	7.59053079e-01
7542            	5.07317891e-02	5.59877956e-02	1.61956990e+00	8.60516737e-01	7.59053159e-01
7543            	5.07190919e-02	5.59752913e-02	1.61954454e+00	8.60491364e-01	7.59053180e-01
7544            	5.07085988e-02	5.59644377e-02	1.61952333e+00	8.60470263e-01	7.59053066e-01
7545            	5.06983137e-02	5.59535843e-02	1.61950174e+00	8.60449186e-01	7.59052559e-01
7546            	5.06882975e-02	5.59431492e-02	1.61948094e+00	8.60428767e-01	7.59052172e-01
7547            	5.06802631e-02	5.59341940e-02	1.61946418e+00	8.60412353e-01	7.59051827e-01
7548            	5.06723600e-02	5.59252221e-02	1.61944706e+00	8.60395889e-01	7.59051169e-01
7549            	5.06644497e-02	5.59165268e-02	1.61943024e+00	8.60379570e-01	7.59050671e-01
7550            	5.06582775e-02	5.59091812e-02	1.61941706e+00	8.60366809e-01	7.59050254e-01
7551            	5.06522017e-02	5.59018217e-02	1.61940336e+00	8.60353880e-01	7.59049477e-01
7552            	5.06451078e-02	5.58938269e-02	1.61938695e+00	8.60338580e-01	7.59048365e-01
7553            	5.06410245e-02	5.58881362e-02	1.61937725e+00	8.60329649e-01	7.59047600e-01
7554            	5.06377158e-02	5.58832085e-02	1.61936887e+00	8.60322149e-01	7.59046717e-01
7555            	5.06347899e-02	5.58784351e-02	1.61936066e+00	8.60315119e-01	7.59045540e-01
7556            	5.06339158e-02	5.58752553e-02	1.61935666e+00	8.60312248e-01	7.59044416e-01
7557            	5.06338762e-02	5.58728883e-02	1.61935398e+00	8.60310865e-01	7.59043113e-01
7558            	5.06336004e-02	5.58702351e-02	1.61934950e+00	8.60308352e-01	7.59041151e-01
7559            	5.06364542e-02	5.58701315e-02	1.61935241e+00	8.60312659e-01	7.59039750e-01
7560            	5.06404161e-02	5.58707613e-02	1.61935678e+00	8.60318808e-01	7.59037976e-01
7561            	5.06452874e-02	5.58723236e-02	1.61936297e+00	8.60326774e-01	7.59036200e-01
7562            	5.06512442e-02	5.58746759e-02	1.61937074e+00	8.60336615e-01	7.59034127e-01
7563            	5.06581492e-02	5.58780099e-02	1.61938006e+00	8.60348181e-01	7.59031882e-01
7564            	5.06670260e-02	5.58830916e-02	1.61939438e+00	8.60364214e-01	7.59030162e-01
7565            	5.06773987e-02	5.58894878e-02	1.61941211e+00	8.60383453e-01	7.59028656e-01
7566            	5.06889079e-02	5.58966645e-02	1.61943158e+00	8.60404699e-01	7.59026883e-01
7567            	5.07016034e-02	5.59050799e-02	1.61945387e+00	8.60428541e-01	7.59025334e-01
7568            	5.07152461e-02	5.59144140e-02	1.61947849e+00	8.60454491e-01	7.59023999e-01
7569            	5.07298100e-02	5.59243607e-02	1.61950448e+00	8.60482051e-01	7.59022431e-01
7570            	5.07454106e-02	5.59354620e-02	1.61953294e+00	8.60511879e-01	7.59021058e-01
7571            	5.07616672e-02	5.59473170e-02	1.61956316e+00	8.60543247e-01	7.59019913e-01
7572            	5.07792762e-02	5.59601220e-02	1.61959570e+00	8.60577126e-01	7.59018574e-01
7573            	5.07982418e-02	5.59743542e-02	1.61963141e+00	8.60613944e-01	7.59017461e-01
7574            	5.08174918e-02	5.59890663e-02	1.61966817e+00	8.60651575e-01	7.59016592e-01
7575            	5.08377693e-02	5.60044203e-02	1.61970669e+00	8.60691116e-01	7.59015577e-01
7576            	5.08585282e-02	5.60204912e-02	1.61974664e+00	8.60731847e-01	7.59014790e-01
7577            	5.08789268e-02	5.60365461e-02	1.61978636e+00	8.60772106e-01	7.59014252e-01
7578            	5.09007970e-02	5.60535673e-02	1.61982896e+00	8.60815276e-01	7.59013682e-01
7579            	5.09233984e-02	5.60715164e-02	1.61987360e+00	8.60860199e-01	7.59013402e-01
7580            	5.09468216e-02	5.60900325e-02	1.61992015e+00	8.60906896e-01	7.59013253e-01
7581            	5.09718573e-02	5.61099179e-02	1.61997061e+00	8.60957163e-01	7.59013449e-01
7582            	5.09942225e-02	5.61283822e-02	1.62001634e+00	8.61002392e-01	7.59013947e-01
7583            	5.10132687e-02	5.61447164e-02	1.62005565e+00	8.61041094e-01	7.59014556e-01
7584            	5.10332880e-02	5.61615364e-02	1.62009686e+00	8.61081718e-01	7.59015142e-01
7585            	5.10549007e-02	5.61795293e-02	1.62014164e+00	8.61125719e-01	7.59015918e-01
7586            	5.10739919e-02	5.61958600e-02	1.62018129e+00	8.61164638e-01	7.59016654e-01
7587            	5.10932637e-02	5.62125818e-02	1.62022185e+00	8.61204188e-01	7.59017661e-01
7588            	5.11126237e-02	5.62293494e-02	1.62026268e+00	8.61243966e-01	7.59018719e-01
7589            	5.11310210e-02	5.62457214e-02	1.62030185e+00	8.61281946e-01	7.59019904e-01
7590            	5.11499285e-02	5.62627930e-02	1.62034278e+00	8.61321321e-01	7.59021464e-01
7591            	5.11637170e-02	5.62763258e-02	1.62037262e+00	8.61350029e-01	7.59022595e-01
7592            	5.11780185e-02	5.62901263e-02	1.62040353e+00	8.61379786e-01	7.59023749e-01
7593            	5.11913108e-02	5.63035486e-02	1.62043278e+00	8.61407702e-01	7.59025080e-01
7594            	5.12045346e-02	5.63170150e-02	1.62046210e+00	8.61435585e-01	7.59026515e-01
7595            	5.12161747e-02	5.63295983e-02	1.62048835e+00	8.61460348e-01	7.59027999e-01
7596            	5.12263885e-02	5.63416692e-02	1.62051229e+00	8.61482534e-01	7.59029756e-01
7597            	5.12335953e-02	5.63518039e-02	1.62053003e+00	8.61498612e-01	7.59031422e-01
7598            	5.12389753e-02	5.63607644e-02	1.62054402e+00	8.61510985e-01	7.59033035e-01
7599            	5.12424388e-02	5.63685267e-02	1.62055422e+00	8.61519548e-01	7.59034670e-01
7600            	5.12437659e-02	5.63749275e-02	1.62056026e+00	8.61523896e-01	7.59036364e-01
7601            	5.12435849e-02	5.63801907e-02	1.62056309e+00	8.61525132e-01	7.59037962e-01
7602            	5.12409237e-02	5.63834886e-02	1.62056073e+00	8.61521286e-01	7.59039439e-01
7603            	5.12352233e-02	5.63840091e-02	1.62055121e+00	8.61510827e-01	7.59040380e-01
7604            	5.12277413e-02	5.63830512e-02	1.62053791e+00	8.61496695e-01	7.59041212e-01
7605            	5.12181244e-02	5.63800225e-02	1.62051938e+00	8.61477815e-01	7.59041566e-01
7606            	5.12068829e-02	5.63755178e-02	1.62049724e+00	8.61455503e-01	7.59041737e-01
7607            	5.11941354e-02	5.63695009e-02	1.62047130e+00	8.61429786e-01	7.59041515e-01
7608            	5.11800638e-02	5.63623134e-02	1.62044252e+00	8.61401322e-01	7.59041195e-01
7609            	5.11646701e-02	5.63538559e-02	1.62041052e+00	8.61369929e-01	7.59040589e-01
7610            	5.11479992e-02	5.63443493e-02	1.62037593e+00	8.61335965e-01	7.59039966e-01
7611            	5.11300004e-02	5.63336038e-02	1.62033821e+00	8.61299105e-01	7.59039104e-01
7612            	5.11107805e-02	5.63218538e-02	1.62029802e+00	8.61259788e-01	7.59038227e-01
7613            	5.10904716e-02	5.63090000e-02	1.62025508e+00	8.61218011e-01	7.59037067e-01
7614            	5.10694247e-02	5.62954349e-02	1.62021049e+00	8.61174668e-01	7.59035819e-01
7615            	5.10481117e-02	5.62813093e-02	1.62016465e+00	8.61130438e-01	7.59034215e-01
7616            	5.10271994e-02	5.62672562e-02	1.62011934e+00	8.61086869e-01	7.59032470e-01
7617            	5.10073097e-02	5.62535670e-02	1.62007535e+00	8.61044985e-01	7.59030366e-01
7618            	5.09891894e-02	5.62409873e-02	1.62003474e+00	8.61006560e-01	7.59028181e-01
7619            	5.09740708e-02	5.62304147e-02	1.62000024e+00	8.60974193e-01	7.59026051e-01
7620            	5.09612877e-02	5.62212083e-02	1.61997001e+00	8.60946295e-01	7.59023719e-01
7621            	5.09505152e-02	5.62134989e-02	1.61994358e+00	8.60922304e-01	7.59021274e-01
7622            	5.09432966e-02	5.62084350e-02	1.61992531e+00	8.60905954e-01	7.59019361e-01
7623            	5.09385717e-02	5.62051249e-02	1.61991235e+00	8.60894748e-01	7.59017605e-01
7624            	5.09363172e-02	5.62035835e-02	1.61990551e+00	8.60889074e-01	7.59016440e-01
7625            	5.09357615e-02	5.62035685e-02	1.61990329e+00	8.60887406e-01	7.59015883e-01
7626            	5.09365326e-02	5.62045652e-02	1.61990469e+00	8.60888879e-01	7.59015814e-01
7627            	5.09376472e-02	5.62057139e-02	1.61990783e+00	8.60891561e-01	7.59016266e-01
7628            	5.09386952e-02	5.62065366e-02	1.61991156e+00	8.60894475e-01	7.59017085e-01
7629            	5.09392675e-02	5.62068829e-02	1.61991522e+00	8.60896877e-01	7.59018342e-01
7630            	5.09390512e-02	5.62063872e-02	1.61991757e+00	8.60897835e-01	7.59019733e-01
7631            	5.09376802e-02	5.62050118e-02	1.61991838e+00	8.60896872e-01	7.59021511e-01
7632            	5.09348151e-02	5.62021957e-02	1.61991643e+00	8.60893031e-01	7.59023401e-01
7633            	5.09314710e-02	5.61988177e-02	1.61991315e+00	8.60888048e-01	7.59025106e-01
7634            	5.09268628e-02	5.61939377e-02	1.61990701e+00	8.60880368e-01	7.59026643e-01
7635            	5.09214885e-02	5.61882698e-02	1.61989933e+00	8.60871151e-01	7.59028174e-01
7636            	5.09160681e-02	5.61822709e-02	1.61989126e+00	8.60861697e-01	7.59029561e-01
7637            	5.09096838e-02	5.61749064e-02	1.61988099e+00	8.60850178e-01	7.59030810e-01
7638            	5.09031539e-02	5.61673145e-02	1.61987062e+00	8.60838466e-01	7.59032158e-01
7639            	5.08971348e-02	5.61599944e-02	1.61986132e+00	8.60827793e-01	7.59033524e-01
7640            	5.08902829e-02	5.61515941e-02	1.61985037e+00	8.60815466e-01	7.59034900e-01
7641            	5.08830118e-02	5.61429742e-02	1.61983915e+00	8.60802585e-01	7.59036561e-01
7642            	5.08760721e-02	5.61346845e-02	1.61982886e+00	8.60790501e-01	7.59038357e-01
7643            	5.08678160e-02	5.61250919e-02	1.61981615e+00	8.60775889e-01	7.59040257e-01
7644            	5.08585703e-02	5.61149326e-02	1.61980216e+00	8.60759648e-01	7.59042508e-01
7645            	5.08495922e-02	5.61051026e-02	1.61978884e+00	8.60744012e-01	7.59044828e-01
7646            	5.08390110e-02	5.60938110e-02	1.61977227e+00	8.60725145e-01	7.59047123e-01
7647            	5.08269776e-02	5.60815657e-02	1.61975310e+00	8.60703525e-01	7.59049570e-01
7648            	5.08155155e-02	5.60698557e-02	1.61973469e+00	8.60682862e-01	7.59051831e-01
7649            	5.08027676e-02	5.60569416e-02	1.61971301e+00	8.60659274e-01	7.59053739e-01
7650            	5.07888319e-02	5.60432009e-02	1.61968862e+00	8.60633140e-01	7.59055476e-01
7651            	5.07764204e-02	5.60307006e-02	1.61966657e+00	8.60609705e-01	7.59056864e-01
7652            	5.07635918e-02	5.60177382e-02	1.61964266e+00	8.60584923e-01	7.59057740e-01
7653            	5.07498679e-02	5.60041510e-02	1.61961631e+00	8.60558024e-01	7.59058289e-01
7654            	5.07382226e-02	5.59922844e-02	1.61959374e+00	8.60535094e-01	7.59058648e-01
7655            	5.07266948e-02	5.59805198e-02	1.61957063e+00	8.60512012e-01	7.59058622e-01
7656            	5.07124959e-02	5.59666812e-02	1.61954081e+00	8.60482899e-01	7.59057907e-01
7657            	5.07029665e-02	5.59566456e-02	1.61952132e+00	8.60463628e-01	7.59057695e-01
7658            	5.06956613e-02	5.59483377e-02	1.61950651e+00	8.60448918e-01	7.59057596e-01
7659            	5.06881643e-02	5.59400718e-02	1.61949126e+00	8.60433795e-01	7.59057466e-01
7660            	5.06802781e-02	5.59314814e-02	1.61947508e+00	8.60417816e-01	7.59057260e-01
7661            	5.06721628e-02	5.59228688e-02	1.61945829e+00	8.60401306e-01	7.59056981e-01
7662            	5.06640444e-02	5.59142388e-02	1.61944128e+00	8.60384683e-01	7.59056595e-01
7663            	5.06580091e-02	5.59071146e-02	1.61942867e+00	8.60372343e-01	7.59056325e-01
7664            	5.06518988e-02	5.58996925e-02	1.61941490e+00	8.60359348e-01	7.59055550e-01
7665            	5.06458499e-02	5.58925430e-02	1.61940132e+00	8.60346512e-01	7.59054812e-01
7666            	5.06414628e-02	5.58865906e-02	1.61939093e+00	8.60336928e-01	7.59054002e-01
7667            	5.06374443e-02	5.58806645e-02	1.61938006e+00	8.60327473e-01	7.59052584e-01
7668            	5.06328066e-02	5.58743114e-02	1.61936677e+00	8.60316192e-01	7.59050579e-01
7669            	5.06317636e-02	5.58708750e-02	1.61936168e+00	8.60312603e-01	7.59049075e-01
7670            	5.06329734e-02	5.58692852e-02	1.61936127e+00	8.60313609e-01	7.59047663e-01
7671            	5.06350636e-02	5.58686991e-02	1.61936243e+00	8.60316281e-01	7.59046154e-01
7672            	5.06379916e-02	5.58686750e-02	1.61936464e+00	8.60320311e-01	7.59044328e-01
7673            	5.06425681e-02	5.58700540e-02	1.61937036e+00	8.60327751e-01	7.59042614e-01
7674            	5.06480719e-02	5.58723912e-02	1.61937791e+00	8.60337028e-01	7.59040884e-01
7675            	5.06544457e-02	5.58752138e-02	1.61938671e+00	8.60347799e-01	7.59038908e-01
7676            	5.06624967e-02	5.58794462e-02	1.61939928e+00	8.60362135e-01	7.59037141e-01
7677            	5.06718815e-02	5.58849271e-02	1.61941461e+00	8.60379185e-01	7.59035422e-01
7678            	5.06825660e-02	5.58912913e-02	1.61943221e+00	8.60398672e-01	7.59033540e-01
7679            	5.06947056e-02	5.58990246e-02	1.61945322e+00	8.60421314e-01	7.59031903e-01
7680            	5.07080919e-02	5.59080380e-02	1.61947686e+00	8.60446521e-01	7.59030337e-01
7681            	5.07224951e-02	5.59178250e-02	1.61950225e+00	8.60473621e-01	7.59028631e-01
7682            	5.07376228e-02	5.59284479e-02	1.61952954e+00	8.60502392e-01	7.59027146e-01
7683            	5.07538535e-02	5.59402210e-02	1.61955930e+00	8.60533503e-01	7.59025796e-01
7684            	5.07711232e-02	5.59528635e-02	1.61959114e+00	8.60566695e-01	7.59024449e-01
7685            	5.07892306e-02	5.59664254e-02	1.61962522e+00	8.60601838e-01	7.59023377e-01
7686            	5.08087613e-02	5.59810660e-02	1.61966220e+00	8.60639861e-01	7.59022339e-01
7687            	5.08285233e-02	5.59960913e-02	1.61970001e+00	8.60678528e-01	7.59021481e-01
7688            	5.08481013e-02	5.60111862e-02	1.61973785e+00	8.60717024e-01	7.59020821e-01
7689            	5.08687875e-02	5.60273349e-02	1.61977829e+00	8.60757931e-01	7.59020356e-01
7690            	5.08901723e-02	5.60440592e-02	1.61982007e+00	8.60800207e-01	7.59019863e-01
7691            	5.09105252e-02	5.60604396e-02	1.61986038e+00	8.60840713e-01	7.59019663e-01
7692            	5.09368520e-02	5.60808489e-02	1.61991250e+00	8.60893104e-01	7.59019400e-01
7693            	5.09585844e-02	5.60983904e-02	1.61995592e+00	8.60936543e-01	7.59019374e-01
7694            	5.09786133e-02	5.61149237e-02	1.61999620e+00	8.60976714e-01	7.59019488e-01
7695            	5.09996835e-02	5.61323896e-02	1.62003907e+00	8.61019219e-01	7.59019852e-01
7696            	5.10204384e-02	5.61495995e-02	1.62008126e+00	8.61061067e-01	7.59020191e-01
7697            	5.10426664e-02	5.61680092e-02	1.62012696e+00	8.61106144e-01	7.59020811e-01
7698            	5.10638264e-02	5.61858093e-02	1.62017077e+00	8.61149214e-01	7.59021561e-01
7699            	5.10832370e-02	5.62025635e-02	1.62021131e+00	8.61188893e-01	7.59022419e-01
7700            	5.11032867e-02	5.62196346e-02	1.62025327e+00	8.61229921e-01	7.59023347e-01
7701            	5.11195215e-02	5.62341973e-02	1.62028719e+00	8.61263117e-01	7.59024074e-01
7702            	5.11394095e-02	5.62514521e-02	1.62032952e+00	8.61304171e-01	7.59025352e-01
7703            	5.11573241e-02	5.62678286e-02	1.62036848e+00	8.61341563e-01	7.59026915e-01
7704            	5.11710566e-02	5.62813262e-02	1.62039820e+00	8.61370155e-01	7.59028041e-01
7705            	5.11883594e-02	5.62980639e-02	1.62043666e+00	8.61406692e-01	7.59029973e-01
7706            	5.11995392e-02	5.63103541e-02	1.62046182e+00	8.61430448e-01	7.59031369e-01
7707            	5.12108259e-02	5.63227637e-02	1.62048737e+00	8.61454513e-01	7.59032861e-01
7708            	5.12226322e-02	5.63359326e-02	1.62051467e+00	8.61479966e-01	7.59034701e-01
7709            	5.12323379e-02	5.63478266e-02	1.62053800e+00	8.61501339e-01	7.59036663e-01
7710            	5.12392714e-02	5.63579128e-02	1.62055556e+00	8.61517052e-01	7.59038510e-01
7711            	5.12426282e-02	5.63651715e-02	1.62056531e+00	8.61525282e-01	7.59040026e-01
7712            	5.12479420e-02	5.63747905e-02	1.62058060e+00	8.61538240e-01	7.59042356e-01
7713            	5.12486148e-02	5.63807352e-02	1.62058553e+00	8.61541379e-01	7.59044150e-01
7714            	5.12437806e-02	5.63818487e-02	1.62057751e+00	8.61532534e-01	7.59044972e-01
7715            	5.12365741e-02	5.63807861e-02	1.62056389e+00	8.61518519e-01	7.59045371e-01
7716            	5.12301306e-02	5.63808201e-02	1.62055237e+00	8.61506316e-01	7.59046055e-01
7717            	5.12203542e-02	5.63776320e-02	1.62053302e+00	8.61486867e-01	7.59046158e-01
7718            	5.12100997e-02	5.63740238e-02	1.62051245e+00	8.61466323e-01	7.59046124e-01
7719            	5.11982590e-02	5.63688902e-02	1.62048844e+00	8.61442478e-01	7.59045960e-01
7720            	5.11854485e-02	5.63627769e-02	1.62046208e+00	8.61416486e-01	7.59045589e-01
7721            	5.11715537e-02	5.63557382e-02	1.62043367e+00	8.61388387e-01	7.59045280e-01
7722            	5.11564090e-02	5.63475092e-02	1.62040242e+00	8.61357621e-01	7.59044803e-01
7723            	5.11399683e-02	5.63382396e-02	1.62036874e+00	8.61324337e-01	7.59044401e-01
7724            	5.11221001e-02	5.63276434e-02	1.62033178e+00	8.61287988e-01	7.59043788e-01
7725            	5.11028919e-02	5.63159241e-02	1.62029207e+00	8.61248925e-01	7.59043141e-01
7726            	5.10824775e-02	5.63029900e-02	1.62024926e+00	8.61207110e-01	7.59042155e-01
7727            	5.10613570e-02	5.62893206e-02	1.62020470e+00	8.61163707e-01	7.59040993e-01
7728            	5.10400067e-02	5.62750845e-02	1.62015877e+00	8.61119393e-01	7.59039379e-01
7729            	5.10192493e-02	5.62610270e-02	1.62011358e+00	8.61076037e-01	7.59037538e-01
7730            	5.09997188e-02	5.62474621e-02	1.62006998e+00	8.61034710e-01	7.59035272e-01
7731            	5.09822124e-02	5.62351839e-02	1.62003021e+00	8.60997315e-01	7.59032890e-01
7732            	5.09679235e-02	5.62250792e-02	1.61999701e+00	8.60966427e-01	7.59030580e-01
7733            	5.09561573e-02	5.62164916e-02	1.61996852e+00	8.60940416e-01	7.59028101e-01
7734            	5.09466229e-02	5.62095645e-02	1.61994437e+00	8.60918806e-01	7.59025560e-01
7735            	5.09405781e-02	5.62052711e-02	1.61992844e+00	8.60904798e-01	7.59023642e-01
7736            	5.09370033e-02	5.62027343e-02	1.61991795e+00	8.60895979e-01	7.59021972e-01
7737            	5.09356584e-02	5.62018177e-02	1.61991325e+00	8.60892282e-01	7.59020965e-01
7738            	5.09358256e-02	5.62023062e-02	1.61991293e+00	8.60892293e-01	7.59020642e-01
7739            	5.09370987e-02	5.62036517e-02	1.61991595e+00	8.60895071e-01	7.59020874e-01
7740            	5.09384216e-02	5.62049401e-02	1.61992005e+00	8.60898449e-01	7.59021606e-01
7741            	5.09394293e-02	5.62057142e-02	1.61992428e+00	8.60901567e-01	7.59022709e-01
7742            	5.09398385e-02	5.62060107e-02	1.61992818e+00	8.60903931e-01	7.59024254e-01
7743            	5.09391071e-02	5.62050739e-02	1.61993016e+00	8.60904187e-01	7.59025973e-01
7744            	5.09368257e-02	5.62028538e-02	1.61992963e+00	8.60901640e-01	7.59027989e-01
7745            	5.09339871e-02	5.62000115e-02	1.61992749e+00	8.60897735e-01	7.59029760e-01
7746            	5.09304322e-02	5.61963353e-02	1.61992359e+00	8.60892225e-01	7.59031361e-01
7747            	5.09254489e-02	5.61909735e-02	1.61991644e+00	8.60883671e-01	7.59032773e-01
7748            	5.09198026e-02	5.61849454e-02	1.61990801e+00	8.60873807e-01	7.59034202e-01
7749            	5.09140145e-02	5.61784817e-02	1.61989902e+00	8.60863525e-01	7.59035496e-01
7750            	5.09072724e-02	5.61706669e-02	1.61988785e+00	8.60851197e-01	7.59036652e-01
7751            	5.09004909e-02	5.61627908e-02	1.61987693e+00	8.60838957e-01	7.59037975e-01
7752            	5.08942041e-02	5.61551820e-02	1.61986708e+00	8.60827746e-01	7.59039338e-01
7753            	5.08870308e-02	5.61464653e-02	1.61985555e+00	8.60814804e-01	7.59040742e-01
7754            	5.08795070e-02	5.61376559e-02	1.61984402e+00	8.60801518e-01	7.59042504e-01
7755            	5.08722583e-02	5.61291114e-02	1.61983333e+00	8.60788925e-01	7.59044409e-01
7756            	5.08636438e-02	5.61192129e-02	1.61982010e+00	8.60773695e-01	7.59046408e-01
7757            	5.08541254e-02	5.61088763e-02	1.61980581e+00	8.60757031e-01	7.59048780e-01
7758            	5.08448245e-02	5.60987965e-02	1.61979198e+00	8.60740813e-01	7.59051164e-01
7759            	5.08338927e-02	5.60872105e-02	1.61977468e+00	8.60721231e-01	7.59053445e-01
7760            	5.08216432e-02	5.60748420e-02	1.61975501e+00	8.60699151e-01	7.59055864e-01
7761            	5.08099880e-02	5.60629767e-02	1.61973601e+00	8.60677991e-01	7.59058015e-01
7762            	5.07970985e-02	5.60499181e-02	1.61971367e+00	8.60653934e-01	7.59059737e-01
7763            	5.07833634e-02	5.60363982e-02	1.61968940e+00	8.60628064e-01	7.59061337e-01
7764            	5.07710989e-02	5.60240200e-02	1.61966730e+00	8.60604749e-01	7.59062552e-01
7765            	5.07583341e-02	5.60110886e-02	1.61964311e+00	8.60579891e-01	7.59063223e-01
7766            	5.07451480e-02	5.59980652e-02	1.61961781e+00	8.60554051e-01	7.59063755e-01
7767            	5.07337855e-02	5.59864881e-02	1.61959566e+00	8.60531615e-01	7.59064044e-01
7768            	5.07223365e-02	5.59747649e-02	1.61957243e+00	8.60508550e-01	7.59063877e-01
7769            	5.07106708e-02	5.59631127e-02	1.61954866e+00	8.60485003e-01	7.59063662e-01
7770            	5.07010164e-02	5.59530444e-02	1.61952892e+00	8.60465478e-01	7.59063445e-01
7771            	5.06915450e-02	5.59430354e-02	1.61950892e+00	8.60446005e-01	7.59062915e-01
7772            	5.06817289e-02	5.59328909e-02	1.61948814e+00	8.60425800e-01	7.59062342e-01
7773            	5.06738840e-02	5.59242592e-02	1.61947162e+00	8.60409694e-01	7.59061926e-01
7774            	5.06663339e-02	5.59158085e-02	1.61945529e+00	8.60393978e-01	7.59061310e-01
7775            	5.06569522e-02	5.59059944e-02	1.61943429e+00	8.60374098e-01	7.59060193e-01
7776            	5.06496860e-02	5.58978073e-02	1.61941805e+00	8.60358709e-01	7.59059337e-01
7777            	5.06456352e-02	5.58921040e-02	1.61940922e+00	8.60350246e-01	7.59058976e-01
7778            	5.06423106e-02	5.58868131e-02	1.61940128e+00	8.60342948e-01	7.59058327e-01
7779            	5.06379012e-02	5.58807930e-02	1.61939017e+00	8.60332985e-01	7.59057183e-01
7780            	5.06364993e-02	5.58770995e-02	1.61938578e+00	8.60329389e-01	7.59056390e-01
7781            	5.06360658e-02	5.58743296e-02	1.61938297e+00	8.60327551e-01	7.59055420e-01
7782            	5.06348851e-02	5.58708872e-02	1.61937695e+00	8.60323359e-01	7.59053589e-01
7783            	5.06357515e-02	5.58692048e-02	1.61937539e+00	8.60323448e-01	7.59051945e-01
7784            	5.06389500e-02	5.58694544e-02	1.61937915e+00	8.60328524e-01	7.59050624e-01
7785            	5.06436038e-02	5.58709499e-02	1.61938585e+00	8.60336531e-01	7.59049323e-01
7786            	5.06487077e-02	5.58730174e-02	1.61939305e+00	8.60345234e-01	7.59047819e-01
7787            	5.06542429e-02	5.58753104e-02	1.61940045e+00	8.60354470e-01	7.59045984e-01
7788            	5.06606369e-02	5.58784264e-02	1.61940924e+00	8.60365255e-01	7.59043982e-01
7789            	5.06678774e-02	5.58819241e-02	1.61941858e+00	8.60377167e-01	7.59041413e-01
7790            	5.06772425e-02	5.58872801e-02	1.61943334e+00	8.60393910e-01	7.59039425e-01
7791            	5.06882988e-02	5.58941302e-02	1.61945199e+00	8.60414296e-01	7.59037699e-01
7792            	5.07007236e-02	5.59022991e-02	1.61947353e+00	8.60437491e-01	7.59036043e-01
7793            	5.07142811e-02	5.59112635e-02	1.61949716e+00	8.60462863e-01	7.59034300e-01
7794            	5.07287591e-02	5.59211941e-02	1.61952306e+00	8.60490287e-01	7.59032769e-01
7795            	5.07443756e-02	5.59322938e-02	1.61955145e+00	8.60520102e-01	7.59031351e-01
7796            	5.07610998e-02	5.59441956e-02	1.61958203e+00	8.60552115e-01	7.59029915e-01
7797            	5.07785446e-02	5.59569438e-02	1.61961455e+00	8.60585817e-01	7.59028728e-01
7798            	5.07976027e-02	5.59712294e-02	1.61965067e+00	8.60622937e-01	7.59027732e-01
7799            	5.08176691e-02	5.59862895e-02	1.61968888e+00	8.60662110e-01	7.59026772e-01
7800            	5.08375334e-02	5.60015051e-02	1.61972710e+00	8.60701082e-01	7.59026015e-01
7801            	5.08583786e-02	5.60177427e-02	1.61976760e+00	8.60742179e-01	7.59025422e-01
7802            	5.08797962e-02	5.60344465e-02	1.61980929e+00	8.60784439e-01	7.59024846e-01
7803            	5.09009054e-02	5.60512051e-02	1.61985070e+00	8.60826254e-01	7.59024443e-01
7804            	5.09235057e-02	5.60693283e-02	1.61989555e+00	8.60871279e-01	7.59024267e-01
7805            	5.09464516e-02	5.60877538e-02	1.61994126e+00	8.60917080e-01	7.59024176e-01
7806            	5.09685617e-02	5.61057227e-02	1.61998558e+00	8.60961350e-01	7.59024226e-01
7807            	5.09895141e-02	5.61229798e-02	1.62002782e+00	8.61003427e-01	7.59024398e-01
7808            	5.10115418e-02	5.61411372e-02	1.62007277e+00	8.61047927e-01	7.59024843e-01
7809            	5.10328857e-02	5.61588350e-02	1.62011648e+00	8.61091126e-01	7.59025355e-01
7810            	5.10535329e-02	5.61761542e-02	1.62015905e+00	8.61133059e-01	7.59025993e-01
7811            	5.10732180e-02	5.61928914e-02	1.62019988e+00	8.61173159e-01	7.59026723e-01
7812            	5.10918144e-02	5.62089636e-02	1.62023869e+00	8.61211157e-01	7.59027529e-01
7813            	5.11120305e-02	5.62261588e-02	1.62028112e+00	8.61252590e-01	7.59028529e-01
7814            	5.11299322e-02	5.62419739e-02	1.62031902e+00	8.61289440e-01	7.59029576e-01
7815            	5.11466845e-02	5.62571870e-02	1.62035476e+00	8.61324065e-01	7.59030696e-01
7816            	5.11619639e-02	5.62715830e-02	1.62038762e+00	8.61355775e-01	7.59031847e-01
7817            	5.11784460e-02	5.62873378e-02	1.62042385e+00	8.61390372e-01	7.59033480e-01
7818            	5.11901241e-02	5.62996286e-02	1.62044929e+00	8.61414769e-01	7.59034520e-01
7819            	5.12062586e-02	5.63159122e-02	1.62048586e+00	8.61449190e-01	7.59036673e-01
7820            	5.12188085e-02	5.63295874e-02	1.62051486e+00	8.61476238e-01	7.59038621e-01
7821            	5.12283686e-02	5.63411116e-02	1.62053729e+00	8.61497013e-01	7.59040276e-01
7822            	5.12345469e-02	5.63501906e-02	1.62055258e+00	8.61510837e-01	7.59041744e-01
7823            	5.12379132e-02	5.63572339e-02	1.62056190e+00	8.61518863e-01	7.59043037e-01
7824            	5.12434299e-02	5.63667236e-02	1.62057722e+00	8.61532038e-01	7.59045178e-01
7825            	5.12458041e-02	5.63738596e-02	1.62058569e+00	8.61538650e-01	7.59047042e-01
7826            	5.12452242e-02	5.63786993e-02	1.62058763e+00	8.61539038e-01	7.59048590e-01
7827            	5.12419526e-02	5.63813611e-02	1.62058349e+00	8.61533700e-01	7.59049794e-01
7828            	5.12362997e-02	5.63820148e-02	1.62057389e+00	8.61523247e-01	7.59050648e-01
7829            	5.12285731e-02	5.63808423e-02	1.62055948e+00	8.61508312e-01	7.59051166e-01
7830            	5.12190595e-02	5.63780267e-02	1.62054089e+00	8.61489504e-01	7.59051385e-01
7831            	5.12080142e-02	5.63737441e-02	1.62051874e+00	8.61467382e-01	7.59051354e-01
7832            	5.11956306e-02	5.63681537e-02	1.62049352e+00	8.61442393e-01	7.59051132e-01
7833            	5.11819900e-02	5.63613542e-02	1.62046554e+00	8.61414762e-01	7.59050782e-01
7834            	5.11671047e-02	5.63533975e-02	1.62043491e+00	8.61384558e-01	7.59050348e-01
7835            	5.11509392e-02	5.63442878e-02	1.62040157e+00	8.61351723e-01	7.59049845e-01
7836            	5.11334614e-02	5.63340175e-02	1.62036544e+00	8.61316181e-01	7.59049258e-01
7837            	5.11146926e-02	5.63225979e-02	1.62032648e+00	8.61277931e-01	7.59048545e-01
7838            	5.10947556e-02	5.63100981e-02	1.62028481e+00	8.61237160e-01	7.59047649e-01
7839            	5.10739085e-02	5.62966800e-02	1.62024084e+00	8.61194327e-01	7.59046510e-01
7840            	5.10526085e-02	5.62826489e-02	1.62019538e+00	8.61150298e-01	7.59045081e-01
7841            	5.10314220e-02	5.62683930e-02	1.62014952e+00	8.61106182e-01	7.59043338e-01
7842            	5.10110232e-02	5.62543991e-02	1.62010463e+00	8.61063337e-01	7.59041290e-01
7843            	5.09921005e-02	5.62411882e-02	1.62006217e+00	8.61023185e-01	7.59038984e-01
7844            	5.09752911e-02	5.62292652e-02	1.62002358e+00	8.60987083e-01	7.59036500e-01
7845            	5.09611166e-02	5.62190741e-02	1.61999014e+00	8.60956187e-01	7.59033953e-01
7846            	5.09499210e-02	5.62109414e-02	1.61996281e+00	8.60931324e-01	7.59031482e-01
7847            	5.09418201e-02	5.62050223e-02	1.61994211e+00	8.60912874e-01	7.59029234e-01
7848            	5.09366946e-02	5.62012904e-02	1.61992808e+00	8.60900735e-01	7.59027346e-01
7849            	5.09341988e-02	5.61995362e-02	1.61992027e+00	8.60894333e-01	7.59025935e-01
7850            	5.09338078e-02	5.61993934e-02	1.61991778e+00	8.60892700e-01	7.59025085e-01
7851            	5.09348816e-02	5.62003902e-02	1.61991943e+00	8.60894599e-01	7.59024836e-01
7852            	5.09367130e-02	5.62019774e-02	1.61992379e+00	8.60898609e-01	7.59025183e-01
7853            	5.09386092e-02	5.62035981e-02	1.61992938e+00	8.60903297e-01	7.59026078e-01
7854            	5.09399736e-02	5.62047468e-02	1.61993481e+00	8.60907378e-01	7.59027431e-01
7855            	5.09403720e-02	5.62050258e-02	1.61993899e+00	8.60909868e-01	7.59029124e-01
7856            	5.09395350e-02	5.62041572e-02	1.61994112e+00	8.60910096e-01	7.59031025e-01
7857            	5.09373461e-02	5.62019836e-02	1.61994070e+00	8.60907695e-01	7.59033003e-01
7858            	5.09338416e-02	5.61984779e-02	1.61993756e+00	8.60902622e-01	7.59034939e-01
7859            	5.09291672e-02	5.61937148e-02	1.61993182e+00	8.60895079e-01	7.59036745e-01
7860            	5.09235164e-02	5.61878167e-02	1.61992377e+00	8.60885400e-01	7.59038367e-01
7861            	5.09171396e-02	5.61809720e-02	1.61991387e+00	8.60874075e-01	7.59039796e-01
7862            	5.09103567e-02	5.61734523e-02	1.61990284e+00	8.60861778e-01	7.59041065e-01
7863            	5.09034722e-02	5.61655456e-02	1.61989142e+00	8.60849182e-01	7.59042238e-01
7864            	5.08966245e-02	5.61574225e-02	1.61988003e+00	8.60836641e-01	7.59043392e-01
7865            	5.08897905e-02	5.61491363e-02	1.61986881e+00	8.60824197e-01	7.59044616e-01
7866            	5.08828238e-02	5.61406448e-02	1.61985763e+00	8.60811640e-01	7.59045993e-01
7867            	5.08755318e-02	5.61318613e-02	1.61984623e+00	8.60798648e-01	7.59047584e-01
7868            	5.08677348e-02	5.61226949e-02	1.61983431e+00	8.60784890e-01	7.59049420e-01
7869            	5.08592923e-02	5.61130734e-02	1.61982158e+00	8.60770081e-01	7.59051497e-01
7870            	5.08500794e-02	5.61029234e-02	1.61980771e+00	8.60753932e-01	7.59053774e-01
7871            	5.08399650e-02	5.60921483e-02	1.61979227e+00	8.60736101e-01	7.59056171e-01
7872            	5.08289284e-02	5.60807247e-02	1.61977503e+00	8.60716441e-01	7.59058584e-01
7873            	5.08185331e-02	5.60701022e-02	1.61975903e+00	8.60698050e-01	7.59060984e-01
7874            	5.08072376e-02	5.60586808e-02	1.61974065e+00	8.60677562e-01	7.59063087e-01
7875            	5.07939029e-02	5.60457003e-02	1.61971796e+00	8.60652882e-01	7.59065077e-01
7876            	5.07794336e-02	5.60316132e-02	1.61969214e+00	8.60625503e-01	7.59066636e-01
7877            	5.07664220e-02	5.60185800e-02	1.61966839e+00	8.60600615e-01	7.59067771e-01
7878            	5.07529542e-02	5.60052067e-02	1.61964295e+00	8.60574431e-01	7.59068523e-01
7879            	5.07393356e-02	5.59915939e-02	1.61961631e+00	8.60547493e-01	7.59068822e-01
7880            	5.07277169e-02	5.59795568e-02	1.61959311e+00	8.60524273e-01	7.59068840e-01
7881            	5.07162233e-02	5.59678067e-02	1.61956961e+00	8.60501030e-01	7.59068583e-01
7882            	5.07049087e-02	5.59562109e-02	1.61954597e+00	8.60477895e-01	7.59068078e-01
7883            	5.06956294e-02	5.59462649e-02	1.61952640e+00	8.60458832e-01	7.59067573e-01
7884            	5.06865968e-02	5.59367268e-02	1.61950717e+00	8.60440183e-01	7.59066990e-01
7885            	5.06776258e-02	5.59272014e-02	1.61948788e+00	8.60421566e-01	7.59066315e-01
7886            	5.06705158e-02	5.59191210e-02	1.61947263e+00	8.60406832e-01	7.59065801e-01
7887            	5.06635436e-02	5.59113351e-02	1.61945768e+00	8.60392383e-01	7.59065296e-01
7888            	5.06565434e-02	5.59034265e-02	1.61944248e+00	8.60377782e-01	7.59064695e-01
7889            	5.06512777e-02	5.58968215e-02	1.61943097e+00	8.60366761e-01	7.59064205e-01
7890            	5.06462754e-02	5.58905500e-02	1.61941975e+00	8.60356151e-01	7.59063600e-01
7891            	5.06415029e-02	5.58842949e-02	1.61940848e+00	8.60345744e-01	7.59062738e-01
7892            	5.06385840e-02	5.58794499e-02	1.61940090e+00	8.60339032e-01	7.59061864e-01
7893            	5.06362971e-02	5.58752226e-02	1.61939409e+00	8.60333340e-01	7.59060745e-01
7894            	5.06338447e-02	5.58708103e-02	1.61938581e+00	8.60326747e-01	7.59059058e-01
7895            	5.06342329e-02	5.58685934e-02	1.61938368e+00	8.60326072e-01	7.59057606e-01
7896            	5.06358307e-02	5.58671829e-02	1.61938311e+00	8.60327387e-01	7.59055726e-01
7897            	5.06377522e-02	5.58661280e-02	1.61938230e+00	8.60328900e-01	7.59053396e-01
7898            	5.06423920e-02	5.58674038e-02	1.61938801e+00	8.60336398e-01	7.59051614e-01
7899            	5.06481944e-02	5.58698741e-02	1.61939603e+00	8.60346209e-01	7.59049820e-01
7900            	5.06549190e-02	5.58730169e-02	1.61940556e+00	8.60357700e-01	7.59047862e-01
7901            	5.06631775e-02	5.58775613e-02	1.61941863e+00	8.60372490e-01	7.59046135e-01
7902            	5.06725833e-02	5.58832752e-02	1.61943409e+00	8.60389626e-01	7.59044460e-01
7903            	5.06831662e-02	5.58898013e-02	1.61945165e+00	8.60408991e-01	7.59042659e-01
7904            	5.06951430e-02	5.58976007e-02	1.61947255e+00	8.60431417e-01	7.59041131e-01
7905            	5.07083347e-02	5.59065762e-02	1.61949605e+00	8.60456361e-01	7.59039691e-01
7906            	5.07228302e-02	5.59164813e-02	1.61952171e+00	8.60483687e-01	7.59038027e-01
7907            	5.07378950e-02	5.59271591e-02	1.61954951e+00	8.60512652e-01	7.59036862e-01
7908            	5.07535309e-02	5.59384585e-02	1.61957877e+00	8.60542914e-01	7.59035852e-01
7909            	5.07703264e-02	5.59504739e-02	1.61960971e+00	8.60575183e-01	7.59034530e-01
7910            	5.07883253e-02	5.59637249e-02	1.61964341e+00	8.60610029e-01	7.59033378e-01
7911            	5.08077229e-02	5.59779486e-02	1.61967952e+00	8.60647483e-01	7.59032037e-01
7912            	5.08308555e-02	5.59948748e-02	1.61972239e+00	8.60692048e-01	7.59030338e-01
7913            	5.08524135e-02	5.60114050e-02	1.61976365e+00	8.60734240e-01	7.59029413e-01
7914            	5.08735906e-02	5.60280641e-02	1.61980480e+00	8.60775992e-01	7.59028810e-01
7915            	5.08927637e-02	5.60437471e-02	1.61984284e+00	8.60814183e-01	7.59028656e-01
7916            	5.09113955e-02	5.60592637e-02	1.61988022e+00	8.60851505e-01	7.59028714e-01
7917            	5.09317130e-02	5.60758025e-02	1.61992080e+00	8.60892115e-01	7.59028689e-01
7918            	5.09540337e-02	5.60936830e-02	1.61996548e+00	8.60936776e-01	7.59028709e-01
7919            	5.09750968e-02	5.61107048e-02	1.62000772e+00	8.60978957e-01	7.59028763e-01
7920            	5.09968334e-02	5.61283651e-02	1.62005175e+00	8.61022711e-01	7.59029044e-01
7921            	5.10190158e-02	5.61462299e-02	1.62009660e+00	8.61067315e-01	7.59029283e-01
7922            	5.10412487e-02	5.61644195e-02	1.62014209e+00	8.61112292e-01	7.59029794e-01
7923            	5.10685864e-02	5.61862391e-02	1.62019893e+00	8.61168050e-01	7.59030878e-01
7924            	5.10883414e-02	5.62033579e-02	1.62024046e+00	8.61208572e-01	7.59031889e-01
7925            	5.11042671e-02	5.62178774e-02	1.62027380e+00	8.61241169e-01	7.59032635e-01
7926            	5.11192869e-02	5.62319301e-02	1.62030558e+00	8.61272075e-01	7.59033501e-01
7927            	5.11363592e-02	5.62476318e-02	1.62034203e+00	8.61307373e-01	7.59034654e-01
7928            	5.11511016e-02	5.62617336e-02	1.62037361e+00	8.61337907e-01	7.59035704e-01
7929            	5.11671179e-02	5.62766350e-02	1.62040786e+00	8.61371048e-01	7.59036812e-01
7930            	5.11821979e-02	5.62912881e-02	1.62044054e+00	8.61402466e-01	7.59038070e-01
7931            	5.11975804e-02	5.63062039e-02	1.62047420e+00	8.61434680e-01	7.59039519e-01
7932            	5.12147629e-02	5.63231842e-02	1.62051281e+00	8.61471168e-01	7.59041642e-01
7933            	5.12241992e-02	5.63345006e-02	1.62053476e+00	8.61491579e-01	7.59043180e-01
7934            	5.12326770e-02	5.63452573e-02	1.62055513e+00	8.61510243e-01	7.59044889e-01
7935            	5.12394627e-02	5.63552639e-02	1.62057236e+00	8.61525641e-01	7.59046716e-01
7936            	5.12437478e-02	5.63634206e-02	1.62058457e+00	8.61536033e-01	7.59048538e-01
7937            	5.12488717e-02	5.63729374e-02	1.62059967e+00	8.61548705e-01	7.59050961e-01
7938            	5.12489144e-02	5.63782773e-02	1.62060332e+00	8.61550573e-01	7.59052744e-01
7939            	5.12455147e-02	5.63808647e-02	1.62059929e+00	8.61545160e-01	7.59054131e-01
7940            	5.12385966e-02	5.63804138e-02	1.62058692e+00	8.61532058e-01	7.59054865e-01
7941            	5.12299248e-02	5.63782261e-02	1.62057006e+00	8.61514956e-01	7.59055106e-01
7942            	5.12218762e-02	5.63768918e-02	1.62055476e+00	8.61499258e-01	7.59055505e-01
7943            	5.12111406e-02	5.63728272e-02	1.62053305e+00	8.61477668e-01	7.59055387e-01
7944            	5.11998777e-02	5.63681952e-02	1.62050990e+00	8.61454827e-01	7.59055071e-01
7945            	5.11871249e-02	5.63620965e-02	1.62048358e+00	8.61428917e-01	7.59054667e-01
7946            	5.11732271e-02	5.63548590e-02	1.62045463e+00	8.61400541e-01	7.59054087e-01
7947            	5.11580821e-02	5.63465979e-02	1.62042338e+00	8.61369773e-01	7.59053609e-01
7948            	5.11415424e-02	5.63370665e-02	1.62038907e+00	8.61336079e-01	7.59052994e-01
7949            	5.11236324e-02	5.63264640e-02	1.62035217e+00	8.61299720e-01	7.59052455e-01
7950            	5.11043527e-02	5.63146007e-02	1.62031208e+00	8.61260392e-01	7.59051687e-01
7951            	5.10839700e-02	5.63017960e-02	1.62026963e+00	8.61218785e-01	7.59050845e-01
7952            	5.10628096e-02	5.62880879e-02	1.62022486e+00	8.61175239e-01	7.59049620e-01
7953            	5.10415480e-02	5.62740814e-02	1.62017947e+00	8.61131282e-01	7.59048186e-01
7954            	5.10207643e-02	5.62600108e-02	1.62013411e+00	8.61087819e-01	7.59046290e-01
7955            	5.10012849e-02	5.62466475e-02	1.62009095e+00	8.61046761e-01	7.59044191e-01
7956            	5.09845198e-02	5.62349977e-02	1.62005308e+00	8.61011057e-01	7.59042018e-01
7957            	5.09698394e-02	5.62244419e-02	1.62001872e+00	8.60979198e-01	7.59039519e-01
7958            	5.09569034e-02	5.62151050e-02	1.61998736e+00	8.60950582e-01	7.59036775e-01
7959            	5.09477528e-02	5.62085205e-02	1.61996451e+00	8.60930007e-01	7.59034502e-01
7960            	5.09412417e-02	5.62037534e-02	1.61994712e+00	8.60914800e-01	7.59032316e-01
7961            	5.09376800e-02	5.62011113e-02	1.61993685e+00	8.60906106e-01	7.59030746e-01
7962            	5.09361906e-02	5.62002872e-02	1.61993195e+00	8.60902166e-01	7.59029785e-01
7963            	5.09364214e-02	5.62008040e-02	1.61993149e+00	8.60902168e-01	7.59029325e-01
7964            	5.09374312e-02	5.62018674e-02	1.61993386e+00	8.60904360e-01	7.59029497e-01
7965            	5.09387496e-02	5.62029550e-02	1.61993770e+00	8.60907601e-01	7.59030102e-01
7966            	5.09399284e-02	5.62038975e-02	1.61994230e+00	8.60911078e-01	7.59031221e-01
7967            	5.09403835e-02	5.62040915e-02	1.61994588e+00	8.60913324e-01	7.59032558e-01
7968            	5.09397882e-02	5.62035462e-02	1.61994828e+00	8.60913928e-01	7.59034352e-01
7969            	5.09377650e-02	5.62016586e-02	1.61994815e+00	8.60911841e-01	7.59036311e-01
7970            	5.09350501e-02	5.61990213e-02	1.61994630e+00	8.60908198e-01	7.59038098e-01
7971            	5.09309698e-02	5.61948075e-02	1.61994139e+00	8.60901666e-01	7.59039726e-01
7972            	5.09259858e-02	5.61896827e-02	1.61993464e+00	8.60893304e-01	7.59041332e-01
7973            	5.09207744e-02	5.61840478e-02	1.61992706e+00	8.60884303e-01	7.59042755e-01
7974            	5.09144386e-02	5.61768916e-02	1.61991686e+00	8.60872869e-01	7.59043991e-01
7975            	5.09078408e-02	5.61693703e-02	1.61990623e+00	8.60860954e-01	7.59045272e-01
7976            	5.09017106e-02	5.61620428e-02	1.61989648e+00	8.60849949e-01	7.59046528e-01
7977            	5.08948243e-02	5.61536571e-02	1.61988515e+00	8.60837399e-01	7.59047750e-01
7978            	5.08876890e-02	5.61451532e-02	1.61987383e+00	8.60824604e-01	7.59049226e-01
7979            	5.08809853e-02	5.61370391e-02	1.61986364e+00	8.60812806e-01	7.59050835e-01
7980            	5.08731005e-02	5.61277160e-02	1.61985133e+00	8.60798765e-01	7.59052564e-01
7981            	5.08643460e-02	5.61179156e-02	1.61983802e+00	8.60783356e-01	7.59054664e-01
7982            	5.08558928e-02	5.61084763e-02	1.61982556e+00	8.60768673e-01	7.59056887e-01
7983            	5.08459116e-02	5.60976354e-02	1.61981013e+00	8.60750976e-01	7.59059152e-01
7984            	5.08345175e-02	5.60858847e-02	1.61979231e+00	8.60730673e-01	7.59061638e-01
7985            	5.08235762e-02	5.60745961e-02	1.61977516e+00	8.60711154e-01	7.59064002e-01
7986            	5.08112139e-02	5.60620040e-02	1.61975459e+00	8.60688508e-01	7.59066080e-01
7987            	5.07975105e-02	5.60484712e-02	1.61973109e+00	8.60663056e-01	7.59068035e-01
7988            	5.07851300e-02	5.60360273e-02	1.61970954e+00	8.60639901e-01	7.59069641e-01
7989            	5.07721842e-02	5.60229854e-02	1.61968584e+00	8.60615102e-01	7.59070733e-01
7990            	5.07583033e-02	5.60092772e-02	1.61965960e+00	8.60588103e-01	7.59071497e-01
7991            	5.07464247e-02	5.59972235e-02	1.61963689e+00	8.60564870e-01	7.59072021e-01
7992            	5.07345595e-02	5.59851648e-02	1.61961334e+00	8.60541230e-01	7.59072111e-01
7993            	5.07199187e-02	5.59709299e-02	1.61958282e+00	8.60511331e-01	7.59071493e-01
7994            	5.07101299e-02	5.59606546e-02	1.61956291e+00	8.60491587e-01	7.59071327e-01
7995            	5.07024675e-02	5.59520478e-02	1.61954737e+00	8.60476155e-01	7.59071220e-01
7996            	5.06945369e-02	5.59434421e-02	1.61953121e+00	8.60460141e-01	7.59071067e-01
7997            	5.06862675e-02	5.59345583e-02	1.61951422e+00	8.60443377e-01	7.59070842e-01
7998            	5.06777598e-02	5.59256472e-02	1.61949659e+00	8.60426053e-01	7.59070534e-01
7999            	5.06689778e-02	5.59164956e-02	1.61947809e+00	8.60408024e-01	7.59070069e-01
8000            	5.06624539e-02	5.59089727e-02	1.61946444e+00	8.60394672e-01	7.59069764e-01
8001            	5.06559279e-02	5.59011965e-02	1.61944986e+00	8.60380858e-01	7.59069002e-01
8002            	5.06494068e-02	5.58936521e-02	1.61943541e+00	8.60367113e-01	7.59068300e-01
8003            	5.06445881e-02	5.58873384e-02	1.61942431e+00	8.60356743e-01	7.59067566e-01
8004            	5.06401179e-02	5.58810428e-02	1.61941278e+00	8.60346506e-01	7.59066270e-01
8005            	5.06347935e-02	5.58741598e-02	1.61939831e+00	8.60333948e-01	7.59064361e-01
8006            	5.06331705e-02	5.58702650e-02	1.61939232e+00	8.60329330e-01	7.59062989e-01
8007            	5.06338393e-02	5.58682381e-02	1.61939104e+00	8.60329360e-01	7.59061681e-01
8008            	5.06353572e-02	5.58672133e-02	1.61939127e+00	8.60330994e-01	7.59060279e-01
8009            	5.06376001e-02	5.58666570e-02	1.61939224e+00	8.60333722e-01	7.59058521e-01
8010            	5.06415491e-02	5.58675347e-02	1.61939680e+00	8.60339947e-01	7.59056849e-01
8011            	5.06464053e-02	5.58693680e-02	1.61940311e+00	8.60347962e-01	7.59055151e-01
8012            	5.06519898e-02	5.58715538e-02	1.61941030e+00	8.60357141e-01	7.59053161e-01
8013            	5.06592479e-02	5.58751161e-02	1.61942121e+00	8.60369855e-01	7.59051359e-01
8014            	5.06677989e-02	5.58799078e-02	1.61943481e+00	8.60385202e-01	7.59049604e-01
8015            	5.06775394e-02	5.58854780e-02	1.61945038e+00	8.60402727e-01	7.59047649e-01
8016            	5.06888497e-02	5.58924424e-02	1.61946946e+00	8.60423581e-01	7.59045882e-01
8017            	5.07015505e-02	5.59008069e-02	1.61949151e+00	8.60447308e-01	7.59044207e-01
8018            	5.07152904e-02	5.59100968e-02	1.61951572e+00	8.60473150e-01	7.59042569e-01
8019            	5.07298568e-02	5.59203086e-02	1.61954206e+00	8.60500884e-01	7.59041171e-01
8020            	5.07453892e-02	5.59312595e-02	1.61957006e+00	8.60530420e-01	7.59039642e-01
8021            	5.07619633e-02	5.59431775e-02	1.61960029e+00	8.60562106e-01	7.59038179e-01
8022            	5.07794176e-02	5.59559695e-02	1.61963264e+00	8.60595738e-01	7.59036903e-01
8023            	5.07977091e-02	5.59696401e-02	1.61966712e+00	8.60631267e-01	7.59035849e-01
8024            	5.08174828e-02	5.59847161e-02	1.61970497e+00	8.60669967e-01	7.59035001e-01
8025            	5.08374991e-02	5.60001057e-02	1.61974341e+00	8.60709204e-01	7.59034205e-01
8026            	5.08574940e-02	5.60157127e-02	1.61978219e+00	8.60748590e-01	7.59033602e-01
8027            	5.08787695e-02	5.60322194e-02	1.61982355e+00	8.60790545e-01	7.59033006e-01
8028            	5.09003872e-02	5.60491602e-02	1.61986586e+00	8.60833317e-01	7.59032543e-01
8029            	5.09221013e-02	5.60663676e-02	1.61990873e+00	8.60876467e-01	7.59032264e-01
8030            	5.09434674e-02	5.60835396e-02	1.61995121e+00	8.60919075e-01	7.59032140e-01
8031            	5.09661104e-02	5.61018794e-02	1.61999678e+00	8.60964500e-01	7.59032279e-01
8032            	5.09884540e-02	5.61199827e-02	1.62004161e+00	8.61009257e-01	7.59032349e-01
8033            	5.10098844e-02	5.61376086e-02	1.62008488e+00	8.61052324e-01	7.59032555e-01
8034            	5.10324666e-02	5.61562893e-02	1.62013121e+00	8.61098071e-01	7.59033138e-01
8035            	5.10520112e-02	5.61729730e-02	1.62017131e+00	8.61137664e-01	7.59033641e-01
8036            	5.10761702e-02	5.61929008e-02	1.62022166e+00	8.61186999e-01	7.59034659e-01
8037            	5.10954930e-02	5.62096778e-02	1.62026226e+00	8.61226623e-01	7.59035637e-01
8038            	5.11148404e-02	5.62264005e-02	1.62030316e+00	8.61266422e-01	7.59036741e-01
8039            	5.11317855e-02	5.62415960e-02	1.62033921e+00	8.61301391e-01	7.59037820e-01
8040            	5.11470806e-02	5.62557975e-02	1.62037195e+00	8.61333056e-01	7.59038895e-01
8041            	5.11608552e-02	5.62691085e-02	1.62040156e+00	8.61361637e-01	7.59039927e-01
8042            	5.11782667e-02	5.62854280e-02	1.62043972e+00	8.61398126e-01	7.59041592e-01
8043            	5.11936062e-02	5.63005738e-02	1.62047372e+00	8.61430465e-01	7.59043252e-01
8044            	5.12068402e-02	5.63144889e-02	1.62050348e+00	8.61458580e-01	7.59044900e-01
8045            	5.12179421e-02	5.63271005e-02	1.62052893e+00	8.61482408e-01	7.59046523e-01
8046            	5.12269217e-02	5.63383535e-02	1.62055008e+00	8.61501960e-01	7.59048117e-01
8047            	5.12338140e-02	5.63482116e-02	1.62056697e+00	8.61517297e-01	7.59049669e-01
8048            	5.12386530e-02	5.63566443e-02	1.62057964e+00	8.61528472e-01	7.59051166e-01
8049            	5.12414759e-02	5.63636300e-02	1.62058813e+00	8.61535541e-01	7.59052589e-01
8050            	5.12423374e-02	5.63691673e-02	1.62059250e+00	8.61538588e-01	7.59053913e-01
8051            	5.12412888e-02	5.63732501e-02	1.62059280e+00	8.61537690e-01	7.59055112e-01
8052            	5.12383831e-02	5.63758742e-02	1.62058908e+00	8.61532925e-01	7.59056159e-01
8053            	5.12336860e-02	5.63770520e-02	1.62058144e+00	8.61524404e-01	7.59057032e-01
8054            	5.12272571e-02	5.63767923e-02	1.62056995e+00	8.61512234e-01	7.59057720e-01
8055            	5.12191573e-02	5.63751051e-02	1.62055476e+00	8.61496535e-01	7.59058221e-01
8056            	5.12094566e-02	5.63720124e-02	1.62053600e+00	8.61477454e-01	7.59058541e-01
8057            	5.11982082e-02	5.63675368e-02	1.62051380e+00	8.61455107e-01	7.59058691e-01
8058            	5.11854033e-02	5.63616728e-02	1.62048819e+00	8.61429496e-01	7.59058690e-01
8059            	5.11710127e-02	5.63544037e-02	1.62045912e+00	8.61400573e-01	7.59058548e-01
8060            	5.11549980e-02	5.63456970e-02	1.62042651e+00	8.61368251e-01	7.59058255e-01
8061            	5.11373612e-02	5.63355412e-02	1.62039030e+00	8.61332510e-01	7.59057787e-01
8062            	5.11181853e-02	5.63239728e-02	1.62035057e+00	8.61293471e-01	7.59057100e-01
8063            	5.10976697e-02	5.63111087e-02	1.62030763e+00	8.61251482e-01	7.59056143e-01
8064            	5.10761588e-02	5.62971764e-02	1.62026206e+00	8.61207188e-01	7.59054870e-01
8065            	5.10541937e-02	5.62825549e-02	1.62021489e+00	8.61161639e-01	7.59053252e-01
8066            	5.10324127e-02	5.62677045e-02	1.62016740e+00	8.61116112e-01	7.59051287e-01
8067            	5.10115420e-02	5.62531743e-02	1.62012110e+00	8.61072093e-01	7.59049009e-01
8068            	5.09922970e-02	5.62395313e-02	1.62007757e+00	8.61031081e-01	7.59046487e-01
8069            	5.09753180e-02	5.62273062e-02	1.62003828e+00	8.60994459e-01	7.59043823e-01
8070            	5.09611108e-02	5.62169498e-02	1.62000451e+00	8.60963367e-01	7.59041145e-01
8071            	5.09499898e-02	5.62087805e-02	1.61997718e+00	8.60938582e-01	7.59038602e-01
8072            	5.09420362e-02	5.62029337e-02	1.61995676e+00	8.60920414e-01	7.59036342e-01
8073            	5.09370952e-02	5.61993562e-02	1.61994319e+00	8.60908688e-01	7.59034498e-01
8074            	5.09347909e-02	5.61978087e-02	1.61993593e+00	8.60902757e-01	7.59033175e-01
8075            	5.09345738e-02	5.61978950e-02	1.61993403e+00	8.60901590e-01	7.59032442e-01
8076            	5.09357868e-02	5.61991158e-02	1.61993622e+00	8.60903895e-01	7.59032321e-01
8077            	5.09377135e-02	5.62008997e-02	1.61994101e+00	8.60908216e-01	7.59032790e-01
8078            	5.09396581e-02	5.62026735e-02	1.61994688e+00	8.60913098e-01	7.59033782e-01
8079            	5.09410239e-02	5.62039204e-02	1.61995244e+00	8.60917245e-01	7.59035197e-01
8080            	5.09413835e-02	5.62042402e-02	1.61995659e+00	8.60919678e-01	7.59036911e-01
8081            	5.09404768e-02	5.62033591e-02	1.61995853e+00	8.60919742e-01	7.59038789e-01
8082            	5.09381984e-02	5.62011289e-02	1.61995780e+00	8.60917101e-01	7.59040704e-01
8083            	5.09345966e-02	5.61975357e-02	1.61995429e+00	8.60911741e-01	7.59042548e-01
8084            	5.09298303e-02	5.61926713e-02	1.61994815e+00	8.60903904e-01	7.59044243e-01
8085            	5.09241016e-02	5.61866734e-02	1.61993970e+00	8.60893953e-01	7.59045749e-01
8086            	5.09176678e-02	5.61797436e-02	1.61992947e+00	8.60882404e-01	7.59047069e-01
8087            	5.09108495e-02	5.61721606e-02	1.61991819e+00	8.60869944e-01	7.59048245e-01
8088            	5.09039574e-02	5.61642221e-02	1.61990661e+00	8.60857264e-01	7.59049349e-01
8089            	5.08971339e-02	5.61561052e-02	1.61989519e+00	8.60844731e-01	7.59050463e-01
8090            	5.08903567e-02	5.61478644e-02	1.61988407e+00	8.60832390e-01	7.59051677e-01
8091            	5.08834755e-02	5.61394531e-02	1.61987309e+00	8.60820020e-01	7.59053069e-01
8092            	5.08762872e-02	5.61307735e-02	1.61986197e+00	8.60807270e-01	7.59054695e-01
8093            	5.08686043e-02	5.61217250e-02	1.61985037e+00	8.60793788e-01	7.59056579e-01
8094            	5.08602705e-02	5.61122184e-02	1.61983796e+00	8.60779250e-01	7.59058709e-01
8095            	5.08511589e-02	5.61021752e-02	1.61982439e+00	8.60763354e-01	7.59061036e-01
8096            	5.08411313e-02	5.60914906e-02	1.61980921e+00	8.60745736e-01	7.59063474e-01
8097            	5.08301581e-02	5.60801326e-02	1.61979215e+00	8.60726232e-01	7.59065916e-01
8098            	5.08197992e-02	5.60695482e-02	1.61977625e+00	8.60707926e-01	7.59068327e-01
8099            	5.08085200e-02	5.60581433e-02	1.61975789e+00	8.60687467e-01	7.59070427e-01
8100            	5.07951746e-02	5.60451529e-02	1.61973515e+00	8.60662752e-01	7.59072402e-01
8101            	5.07806830e-02	5.60310421e-02	1.61970924e+00	8.60635301e-01	7.59073935e-01
8102            	5.07676291e-02	5.60179680e-02	1.61968534e+00	8.60610298e-01	7.59075040e-01
8103            	5.07541075e-02	5.60045448e-02	1.61965973e+00	8.60583974e-01	7.59075759e-01
8104            	5.07404394e-02	5.59908848e-02	1.61963293e+00	8.60556904e-01	7.59076025e-01
8105            	5.07287712e-02	5.59788035e-02	1.61960957e+00	8.60533558e-01	7.59076015e-01
8106            	5.07172305e-02	5.59670152e-02	1.61958594e+00	8.60510200e-01	7.59075739e-01
8107            	5.07058849e-02	5.59553950e-02	1.61956221e+00	8.60486990e-01	7.59075220e-01
8108            	5.06965828e-02	5.59454347e-02	1.61954258e+00	8.60467874e-01	7.59074709e-01
8109            	5.06875357e-02	5.59358936e-02	1.61952333e+00	8.60449202e-01	7.59074131e-01
8110            	5.06785636e-02	5.59263732e-02	1.61950405e+00	8.60430591e-01	7.59073464e-01
8111            	5.06714532e-02	5.59182986e-02	1.61948883e+00	8.60415868e-01	7.59072961e-01
8112            	5.06644803e-02	5.59105213e-02	1.61947391e+00	8.60401436e-01	7.59072475e-01
8113            	5.06574772e-02	5.59026145e-02	1.61945874e+00	8.60386845e-01	7.59071891e-01
8114            	5.06521933e-02	5.58959987e-02	1.61944721e+00	8.60375800e-01	7.59071414e-01
8115            	5.06471614e-02	5.58897101e-02	1.61943597e+00	8.60365148e-01	7.59070825e-01
8116            	5.06423481e-02	5.58834229e-02	1.61942463e+00	8.60354665e-01	7.59069969e-01
8117            	5.06393691e-02	5.58785298e-02	1.61941693e+00	8.60347833e-01	7.59069095e-01
8118            	5.06370142e-02	5.58742513e-02	1.61940998e+00	8.60342006e-01	7.59067978e-01
8119            	5.06344749e-02	5.58697752e-02	1.61940153e+00	8.60335238e-01	7.59066288e-01
8120            	5.06347802e-02	5.58674831e-02	1.61939919e+00	8.60334375e-01	7.59064815e-01
8121            	5.06362962e-02	5.58659939e-02	1.61939841e+00	8.60335501e-01	7.59062909e-01
8122            	5.06381200e-02	5.58648483e-02	1.61939732e+00	8.60336782e-01	7.59060542e-01
8123            	5.06427097e-02	5.58660798e-02	1.61940292e+00	8.60344169e-01	7.59058749e-01
8124            	5.06484630e-02	5.58685122e-02	1.61941082e+00	8.60353873e-01	7.59056947e-01
8125            	5.06551342e-02	5.58716211e-02	1.61942024e+00	8.60365254e-01	7.59054986e-01
8126            	5.06633345e-02	5.58761289e-02	1.61943318e+00	8.60379922e-01	7.59053253e-01
8127            	5.06726759e-02	5.58818033e-02	1.61944849e+00	8.60396923e-01	7.59051572e-01
8128            	5.06831871e-02	5.58882827e-02	1.61946590e+00	8.60416139e-01	7.59049765e-01
8129            	5.06950985e-02	5.58960335e-02	1.61948665e+00	8.60438425e-01	7.59048228e-01
8130            	5.07082309e-02	5.59049610e-02	1.61951002e+00	8.60463241e-01	7.59046779e-01
8131            	5.07226720e-02	5.59148137e-02	1.61953554e+00	8.60490442e-01	7.59045098e-01
8132            	5.07376964e-02	5.59254540e-02	1.61956327e+00	8.60519329e-01	7.59043936e-01
8133            	5.07532915e-02	5.59367125e-02	1.61959244e+00	8.60549512e-01	7.59042929e-01
8134            	5.07700323e-02	5.59486752e-02	1.61962328e+00	8.60581674e-01	7.59041609e-01
8135            	5.07879677e-02	5.59618647e-02	1.61965684e+00	8.60616388e-01	7.59040452e-01
8136            	5.08073014e-02	5.59760289e-02	1.61969281e+00	8.60653705e-01	7.59039102e-01
8137            	5.08292268e-02	5.59922522e-02	1.61973367e+00	8.60696063e-01	7.59037609e-01
8138            	5.08493528e-02	5.60076844e-02	1.61977190e+00	8.60735301e-01	7.59036595e-01
8139            	5.08683627e-02	5.60226785e-02	1.61980851e+00	8.60772619e-01	7.59035893e-01
8140            	5.08886881e-02	5.60389483e-02	1.61984822e+00	8.60812799e-01	7.59035423e-01
8141            	5.09097885e-02	5.60558663e-02	1.61988967e+00	8.60854621e-01	7.59035044e-01
8142            	5.09325106e-02	5.60741312e-02	1.61993489e+00	8.60899958e-01	7.59034937e-01
8143            	5.09553013e-02	5.60926242e-02	1.61998085e+00	8.60945727e-01	7.59035125e-01
8144            	5.09763378e-02	5.61100228e-02	1.62002367e+00	8.60988172e-01	7.59035496e-01
8145            	5.09982533e-02	5.61277383e-02	1.62006818e+00	8.61032342e-01	7.59035835e-01
8146            	5.10200701e-02	5.61456059e-02	1.62011292e+00	8.61076530e-01	7.59036390e-01
8147            	5.10406877e-02	5.61627792e-02	1.62015542e+00	8.61118395e-01	7.59037020e-01
8148            	5.10623185e-02	5.61804960e-02	1.62019986e+00	8.61162249e-01	7.59037612e-01
8149            	5.10835987e-02	5.61983035e-02	1.62024399e+00	8.61205593e-01	7.59038396e-01
8150            	5.11029375e-02	5.62150563e-02	1.62028437e+00	8.61245123e-01	7.59039248e-01
8151            	5.11226850e-02	5.62321704e-02	1.62032577e+00	8.61285572e-01	7.59040202e-01
8152            	5.11380422e-02	5.62464708e-02	1.62035797e+00	8.61317027e-01	7.59040942e-01
8153            	5.11597870e-02	5.62657862e-02	1.62040523e+00	8.61362402e-01	7.59042828e-01
8154            	5.11742732e-02	5.62800361e-02	1.62043683e+00	8.61392687e-01	7.59044141e-01
8155            	5.11882810e-02	5.62941615e-02	1.62046789e+00	8.61422226e-01	7.59045664e-01
8156            	5.11996632e-02	5.63064995e-02	1.62049338e+00	8.61446351e-01	7.59047025e-01
8157            	5.12090036e-02	5.63174614e-02	1.62051462e+00	8.61466315e-01	7.59048308e-01
8158            	5.12164788e-02	5.63271387e-02	1.62053193e+00	8.61482445e-01	7.59049487e-01
8159            	5.12272343e-02	5.63398839e-02	1.62055748e+00	8.61505973e-01	7.59051504e-01
8160            	5.12354397e-02	5.63508375e-02	1.62057763e+00	8.61524255e-01	7.59053375e-01
8161            	5.12410374e-02	5.63599218e-02	1.62059225e+00	8.61537163e-01	7.59055088e-01
8162            	5.12440605e-02	5.63671267e-02	1.62060138e+00	8.61544751e-01	7.59056630e-01
8163            	5.12445956e-02	5.63724763e-02	1.62060517e+00	8.61547181e-01	7.59057990e-01
8164            	5.12427625e-02	5.63760124e-02	1.62060384e+00	8.61544683e-01	7.59059158e-01
8165            	5.12387127e-02	5.63777988e-02	1.62059768e+00	8.61537550e-01	7.59060125e-01
8166            	5.12326182e-02	5.63779194e-02	1.62058701e+00	8.61526122e-01	7.59060886e-01
8167            	5.12246570e-02	5.63764610e-02	1.62057220e+00	8.61510755e-01	7.59061441e-01
8168            	5.12150123e-02	5.63735208e-02	1.62055361e+00	8.61491818e-01	7.59061793e-01
8169            	5.12038564e-02	5.63691976e-02	1.62053160e+00	8.61469658e-01	7.59061945e-01
8170            	5.11912918e-02	5.63635642e-02	1.62050641e+00	8.61444497e-01	7.59061914e-01
8171            	5.11773509e-02	5.63566545e-02	1.62047813e+00	8.61416418e-01	7.59061716e-01
8172            	5.11620186e-02	5.63484708e-02	1.62044676e+00	8.61385400e-01	7.59061362e-01
8173            	5.11452695e-02	5.63389970e-02	1.62041223e+00	8.61351386e-01	7.59060847e-01
8174            	5.11271181e-02	5.63282385e-02	1.62037454e+00	8.61314390e-01	7.59060154e-01
8175            	5.11076368e-02	5.63162345e-02	1.62033378e+00	8.61274525e-01	7.59059251e-01
8176            	5.10870349e-02	5.63031179e-02	1.62029028e+00	8.61232175e-01	7.59058105e-01
8177            	5.10656800e-02	5.62891417e-02	1.62024473e+00	8.61188047e-01	7.59056687e-01
8178            	5.10441172e-02	5.62746920e-02	1.62019819e+00	8.61143212e-01	7.59054978e-01
8179            	5.10229934e-02	5.62602398e-02	1.62015195e+00	8.61098970e-01	7.59052983e-01
8180            	5.10030150e-02	5.62463220e-02	1.62010750e+00	8.61056765e-01	7.59050735e-01
8181            	5.09848701e-02	5.62334799e-02	1.62006633e+00	8.61018037e-01	7.59048297e-01
8182            	5.09691460e-02	5.62221995e-02	1.62002981e+00	8.60984053e-01	7.59045760e-01
8183            	5.09562857e-02	5.62128782e-02	1.61999906e+00	8.60955817e-01	7.59043245e-01
8184            	5.09465206e-02	5.62057581e-02	1.61997482e+00	8.60933929e-01	7.59040888e-01
8185            	5.09398429e-02	5.62008958e-02	1.61995733e+00	8.60918509e-01	7.59038823e-01
8186            	5.09360129e-02	5.61981634e-02	1.61994638e+00	8.60909200e-01	7.59037175e-01
8187            	5.09345872e-02	5.61972627e-02	1.61994125e+00	8.60905214e-01	7.59036040e-01
8188            	5.09349721e-02	5.61977612e-02	1.61994090e+00	8.60905423e-01	7.59035479e-01
8189            	5.09364872e-02	5.61991412e-02	1.61994400e+00	8.60908486e-01	7.59035511e-01
8190            	5.09384252e-02	5.62008415e-02	1.61994907e+00	8.60912961e-01	7.59036111e-01
8191            	5.09401236e-02	5.62023174e-02	1.61995466e+00	8.60917455e-01	7.59037208e-01
8192            	5.09410648e-02	5.62031150e-02	1.61995953e+00	8.60920830e-01	7.59038700e-01
8193            	5.09408934e-02	5.62028933e-02	1.61996271e+00	8.60922250e-01	7.59040464e-01
8194            	5.09394142e-02	5.62014332e-02	1.61996356e+00	8.60921195e-01	7.59042367e-01
8195            	5.09365891e-02	5.61986430e-02	1.61996175e+00	8.60917463e-01	7.59044284e-01
8196            	5.09325114e-02	5.61945491e-02	1.61995725e+00	8.60911138e-01	7.59046115e-01
8197            	5.09273539e-02	5.61892532e-02	1.61995029e+00	8.60902497e-01	7.59047789e-01
8198            	5.09213419e-02	5.61829110e-02	1.61994123e+00	8.60891958e-01	7.59049274e-01
8199            	5.09147482e-02	5.61757402e-02	1.61993066e+00	8.60880080e-01	7.59050584e-01
8200            	5.09079035e-02	5.61680357e-02	1.61991935e+00	8.60867576e-01	7.59051769e-01
8201            	5.09010480e-02	5.61600418e-02	1.61990790e+00	8.60854999e-01	7.59052903e-01
8202            	5.08942459e-02	5.61518750e-02	1.61989663e+00	8.60842559e-01	7.59054067e-01
8203            	5.08874141e-02	5.61435440e-02	1.61988552e+00	8.60830176e-01	7.59055348e-01
8204            	5.08803730e-02	5.61349768e-02	1.61987439e+00	8.60817566e-01	7.59056821e-01
8205            	5.08729355e-02	5.61260853e-02	1.61986293e+00	8.60804402e-01	7.59058531e-01
8206            	5.08649042e-02	5.61167575e-02	1.61985078e+00	8.60790296e-01	7.59060488e-01
8207            	5.08561874e-02	5.61069559e-02	1.61983772e+00	8.60775047e-01	7.59062673e-01
8208            	5.08466355e-02	5.60965790e-02	1.61982331e+00	8.60758293e-01	7.59065022e-01
8209            	5.08361502e-02	5.60855501e-02	1.61980719e+00	8.60739743e-01	7.59067442e-01
8210            	5.08262162e-02	5.60752758e-02	1.61979223e+00	8.60722330e-01	7.59069898e-01
8211            	5.08152724e-02	5.60641307e-02	1.61977476e+00	8.60702651e-01	7.59072107e-01
8212            	5.08021379e-02	5.60513071e-02	1.61975279e+00	8.60678532e-01	7.59074256e-01
8213            	5.07877202e-02	5.60372616e-02	1.61972744e+00	8.60651441e-01	7.59076000e-01
8214            	5.07746301e-02	5.60241764e-02	1.61970389e+00	8.60626576e-01	7.59077316e-01
8215            	5.07610061e-02	5.60106781e-02	1.61967851e+00	8.60600262e-01	7.59078250e-01
8216            	5.07471641e-02	5.59968824e-02	1.61965176e+00	8.60573046e-01	7.59078718e-01
8217            	5.07352706e-02	5.59846237e-02	1.61962828e+00	8.60549410e-01	7.59078869e-01
8218            	5.07234185e-02	5.59725779e-02	1.61960428e+00	8.60525557e-01	7.59078720e-01
8219            	5.07117281e-02	5.59606726e-02	1.61958004e+00	8.60501747e-01	7.59078291e-01
8220            	5.07020686e-02	5.59504239e-02	1.61955980e+00	8.60481969e-01	7.59077832e-01
8221            	5.06926475e-02	5.59405804e-02	1.61953986e+00	8.60462576e-01	7.59077281e-01
8222            	5.06832899e-02	5.59307530e-02	1.61951982e+00	8.60443202e-01	7.59076622e-01
8223            	5.06758412e-02	5.59223996e-02	1.61950391e+00	8.60427795e-01	7.59076113e-01
8224            	5.06685356e-02	5.59143386e-02	1.61948829e+00	8.60412682e-01	7.59075611e-01
8225            	5.06611678e-02	5.59061380e-02	1.61947239e+00	8.60397364e-01	7.59075028e-01
8226            	5.06555126e-02	5.58992275e-02	1.61946017e+00	8.60385598e-01	7.59074573e-01
8227            	5.06500549e-02	5.58926026e-02	1.61944815e+00	8.60374132e-01	7.59074022e-01
8228            	5.06447614e-02	5.58859489e-02	1.61943598e+00	8.60362754e-01	7.59073231e-01
8229            	5.06412664e-02	5.58806617e-02	1.61942741e+00	8.60354972e-01	7.59072439e-01
8230            	5.06383155e-02	5.58759225e-02	1.61941946e+00	8.60348044e-01	7.59071412e-01
8231            	5.06350883e-02	5.58709079e-02	1.61940982e+00	8.60340000e-01	7.59069823e-01
8232            	5.06347512e-02	5.58680947e-02	1.61940638e+00	8.60337942e-01	7.59068439e-01
8233            	5.06355890e-02	5.58660506e-02	1.61940440e+00	8.60337789e-01	7.59066612e-01
8234            	5.06366828e-02	5.58643126e-02	1.61940200e+00	8.60337685e-01	7.59064319e-01
8235            	5.06406284e-02	5.58649988e-02	1.61940638e+00	8.60343820e-01	7.59062563e-01
8236            	5.06457486e-02	5.58668867e-02	1.61941305e+00	8.60352276e-01	7.59060779e-01
8237            	5.06517572e-02	5.58694264e-02	1.61942115e+00	8.60362332e-01	7.59058818e-01
8238            	5.06593019e-02	5.58733643e-02	1.61943275e+00	8.60375677e-01	7.59057074e-01
8239            	5.06679313e-02	5.58784219e-02	1.61944659e+00	8.60391224e-01	7.59055361e-01
8240            	5.06776587e-02	5.58842258e-02	1.61946232e+00	8.60408819e-01	7.59053502e-01
8241            	5.06888651e-02	5.58913541e-02	1.61948155e+00	8.60429638e-01	7.59051907e-01
8242            	5.07013542e-02	5.58997058e-02	1.61950350e+00	8.60453104e-01	7.59050396e-01
8243            	5.07151514e-02	5.59089878e-02	1.61952758e+00	8.60478941e-01	7.59048638e-01
8244            	5.07297080e-02	5.59191745e-02	1.61955423e+00	8.60506822e-01	7.59047406e-01
8245            	5.07451993e-02	5.59299814e-02	1.61958239e+00	8.60536394e-01	7.59045996e-01
8246            	5.07622136e-02	5.59420197e-02	1.61961330e+00	8.60568862e-01	7.59044435e-01
8247            	5.07792896e-02	5.59544923e-02	1.61964512e+00	8.60601849e-01	7.59043270e-01
8248            	5.07969778e-02	5.59677305e-02	1.61967849e+00	8.60636222e-01	7.59042267e-01
8249            	5.08160280e-02	5.59822862e-02	1.61971473e+00	8.60673395e-01	7.59041339e-01
8250            	5.08355947e-02	5.59972218e-02	1.61975177e+00	8.60711482e-01	7.59040292e-01
8251            	5.08562686e-02	5.60132187e-02	1.61979130e+00	8.60751920e-01	7.59039382e-01
8252            	5.08802431e-02	5.60315126e-02	1.61983746e+00	8.60798971e-01	7.59038485e-01
8253            	5.09007468e-02	5.60479131e-02	1.61987782e+00	8.60839658e-01	7.59038164e-01
8254            	5.09208785e-02	5.60642613e-02	1.61991800e+00	8.60879878e-01	7.59038121e-01
8255            	5.09424686e-02	5.60814589e-02	1.61996099e+00	8.60922966e-01	7.59038029e-01
8256            	5.09640932e-02	5.60989728e-02	1.62000449e+00	8.60966337e-01	7.59038150e-01
8257            	5.09867839e-02	5.61170877e-02	1.62005010e+00	8.61011835e-01	7.59038268e-01
8258            	5.10137229e-02	5.61382695e-02	1.62010473e+00	8.61066088e-01	7.59038642e-01
8259            	5.10337154e-02	5.61550678e-02	1.62014551e+00	8.61106468e-01	7.59039037e-01
8260            	5.10540268e-02	5.61724710e-02	1.62018753e+00	8.61147793e-01	7.59039739e-01
8261            	5.10737162e-02	5.61894898e-02	1.62022833e+00	8.61187879e-01	7.59040447e-01
8262            	5.10910325e-02	5.62049493e-02	1.62026427e+00	8.61223165e-01	7.59041100e-01
8263            	5.11094552e-02	5.62214103e-02	1.62030317e+00	8.61261039e-01	7.59042128e-01
8264            	5.11275863e-02	5.62375662e-02	1.62034153e+00	8.61298350e-01	7.59043178e-01
8265            	5.11458076e-02	5.62539779e-02	1.62038067e+00	8.61336141e-01	7.59044526e-01
8266            	5.11654149e-02	5.62717502e-02	1.62042380e+00	8.61377313e-01	7.59046483e-01
8267            	5.11788565e-02	5.62851634e-02	1.62045353e+00	8.61405620e-01	7.59047907e-01
8268            	5.11924392e-02	5.62985592e-02	1.62048355e+00	8.61434213e-01	7.59049334e-01
8269            	5.12048262e-02	5.63114857e-02	1.62051139e+00	8.61460519e-01	7.59050867e-01
8270            	5.12142048e-02	5.63223870e-02	1.62053278e+00	8.61480597e-01	7.59052187e-01
8271            	5.12237140e-02	5.63335117e-02	1.62055455e+00	8.61500988e-01	7.59053560e-01
8272            	5.12317088e-02	5.63439814e-02	1.62057341e+00	8.61518415e-01	7.59054997e-01
8273            	5.12367068e-02	5.63524655e-02	1.62058596e+00	8.61529689e-01	7.59056276e-01
8274            	5.12412440e-02	5.63608443e-02	1.62059779e+00	8.61540139e-01	7.59057651e-01
8275            	5.12431542e-02	5.63673494e-02	1.62060409e+00	8.61545197e-01	7.59058888e-01
8276            	5.12425146e-02	5.63719761e-02	1.62060508e+00	8.61545055e-01	7.59060026e-01
8277            	5.12395278e-02	5.63747860e-02	1.62060117e+00	8.61540112e-01	7.59061056e-01
8278            	5.12376957e-02	5.63792109e-02	1.62060104e+00	8.61538217e-01	7.59062826e-01
8279            	5.12324901e-02	5.63805398e-02	1.62059332e+00	8.61529149e-01	7.59064169e-01
8280            	5.12242072e-02	5.63789305e-02	1.62057855e+00	8.61513483e-01	7.59065069e-01
8281            	5.12133616e-02	5.63748218e-02	1.62055784e+00	8.61492279e-01	7.59065556e-01
8282            	5.12004727e-02	5.63687185e-02	1.62053228e+00	8.61466614e-01	7.59065669e-01
8283            	5.11859305e-02	5.63610498e-02	1.62050278e+00	8.61437323e-01	7.59065462e-01
8284            	5.11700118e-02	5.63521409e-02	1.62047000e+00	8.61405010e-01	7.59064986e-01
8285            	5.11528786e-02	5.63421864e-02	1.62043431e+00	8.61370035e-01	7.59064278e-01
8286            	5.11346327e-02	5.63312916e-02	1.62039600e+00	8.61332632e-01	7.59063367e-01
8287            	5.11153742e-02	5.63195142e-02	1.62035528e+00	8.61293014e-01	7.59062265e-01
8288            	5.10952447e-02	5.63069136e-02	1.62031244e+00	8.61251465e-01	7.59060975e-01
8289            	5.10744822e-02	5.62936096e-02	1.62026794e+00	8.61208454e-01	7.59059490e-01
8290            	5.10534874e-02	5.62798470e-02	1.62022258e+00	8.61164776e-01	7.59057801e-01
8291            	5.10327495e-02	5.62659462e-02	1.62017732e+00	8.61121407e-01	7.59055908e-01
8292            	5.10128545e-02	5.62523301e-02	1.62013336e+00	8.61079535e-01	7.59053826e-01
8293            	5.09944038e-02	5.62394648e-02	1.62009199e+00	8.61040399e-01	7.59051591e-01
8294            	5.09779601e-02	5.62278128e-02	1.62005444e+00	8.61005181e-01	7.59049261e-01
8295            	5.09639928e-02	5.62177913e-02	1.62002182e+00	8.60974903e-01	7.59046918e-01
8296            	5.09528219e-02	5.62097170e-02	1.61999497e+00	8.60950309e-01	7.59044665e-01
8297            	5.09445721e-02	5.62037551e-02	1.61997438e+00	8.60931764e-01	7.59042620e-01
8298            	5.09391527e-02	5.61998968e-02	1.61996009e+00	8.60919200e-01	7.59040895e-01
8299            	5.09362628e-02	5.61979562e-02	1.61995170e+00	8.60912112e-01	7.59039586e-01
8300            	5.09354286e-02	5.61975918e-02	1.61994839e+00	8.60909623e-01	7.59038766e-01
8301            	5.09360609e-02	5.61983551e-02	1.61994907e+00	8.60910596e-01	7.59038474e-01
8302            	5.09374994e-02	5.61997198e-02	1.61995242e+00	8.60913710e-01	7.59038711e-01
8303            	5.09390874e-02	5.62011475e-02	1.61995706e+00	8.60917615e-01	7.59039441e-01
8304            	5.09402452e-02	5.62021433e-02	1.61996168e+00	8.60921083e-01	7.59040592e-01
8305            	5.09405464e-02	5.62023189e-02	1.61996523e+00	8.60923163e-01	7.59042070e-01
8306            	5.09397167e-02	5.62014015e-02	1.61996696e+00	8.60923198e-01	7.59043765e-01
8307            	5.09376244e-02	5.61992344e-02	1.61996637e+00	8.60920811e-01	7.59045562e-01
8308            	5.09342848e-02	5.61957879e-02	1.61996329e+00	8.60915931e-01	7.59047361e-01
8309            	5.09298214e-02	5.61911339e-02	1.61995781e+00	8.60908724e-01	7.59049081e-01
8310            	5.09244012e-02	5.61853857e-02	1.61995015e+00	8.60899474e-01	7.59050672e-01
8311            	5.09182500e-02	5.61787192e-02	1.61994073e+00	8.60888617e-01	7.59052117e-01
8312            	5.09116601e-02	5.61713845e-02	1.61993020e+00	8.60876762e-01	7.59053442e-01
8313            	5.09049299e-02	5.61636609e-02	1.61991925e+00	8.60864557e-01	7.59054697e-01
8314            	5.08982038e-02	5.61557162e-02	1.61990830e+00	8.60852353e-01	7.59055945e-01
8315            	5.08914598e-02	5.61475943e-02	1.61989743e+00	8.60840177e-01	7.59057258e-01
8316            	5.08845618e-02	5.61392490e-02	1.61988653e+00	8.60827827e-01	7.59058704e-01
8317            	5.08773184e-02	5.61305836e-02	1.61987531e+00	8.60814974e-01	7.59060337e-01
8318            	5.08695584e-02	5.61215060e-02	1.61986348e+00	8.60801298e-01	7.59062181e-01
8319            	5.08611361e-02	5.61119346e-02	1.61985074e+00	8.60786505e-01	7.59064233e-01
8320            	5.08519459e-02	5.61018104e-02	1.61983680e+00	8.60770348e-01	7.59066456e-01
8321            	5.08418619e-02	5.60910442e-02	1.61982128e+00	8.60752503e-01	7.59068779e-01
8322            	5.08308579e-02	5.60796139e-02	1.61980393e+00	8.60732825e-01	7.59071109e-01
8323            	5.08190183e-02	5.60675701e-02	1.61978471e+00	8.60711376e-01	7.59073339e-01
8324            	5.08080151e-02	5.60564356e-02	1.61976698e+00	8.60691505e-01	7.59075475e-01
8325            	5.07963508e-02	5.60446791e-02	1.61974721e+00	8.60669955e-01	7.59077254e-01
8326            	5.07829060e-02	5.60315715e-02	1.61972350e+00	8.60644655e-01	7.59078843e-01
8327            	5.07685368e-02	5.60175470e-02	1.61969708e+00	8.60617075e-01	7.59080001e-01
8328            	5.07557494e-02	5.60046905e-02	1.61967306e+00	8.60592281e-01	7.59080782e-01
8329            	5.07426431e-02	5.59916296e-02	1.61964770e+00	8.60566491e-01	7.59081205e-01
8330            	5.07294908e-02	5.59784340e-02	1.61962145e+00	8.60540215e-01	7.59081234e-01
8331            	5.07184284e-02	5.59668912e-02	1.61959899e+00	8.60517922e-01	7.59081065e-01
8332            	5.07075615e-02	5.59556989e-02	1.61957648e+00	8.60495801e-01	7.59080678e-01
8333            	5.06969158e-02	5.59446800e-02	1.61955402e+00	8.60473924e-01	7.59080093e-01
8334            	5.06882757e-02	5.59352660e-02	1.61953565e+00	8.60456101e-01	7.59079550e-01
8335            	5.06798686e-02	5.59262444e-02	1.61951764e+00	8.60438687e-01	7.59078950e-01
8336            	5.06715017e-02	5.59172175e-02	1.61949954e+00	8.60421273e-01	7.59078269e-01
8337            	5.06649154e-02	5.59095770e-02	1.61948533e+00	8.60407578e-01	7.59077747e-01
8338            	5.06584849e-02	5.59022377e-02	1.61947139e+00	8.60394180e-01	7.59077211e-01
8339            	5.06521134e-02	5.58948160e-02	1.61945729e+00	8.60380758e-01	7.59076531e-01
8340            	5.06475053e-02	5.58887187e-02	1.61944686e+00	8.60370937e-01	7.59075927e-01
8341            	5.06432551e-02	5.58830262e-02	1.61943686e+00	8.60361685e-01	7.59075174e-01
8342            	5.06393641e-02	5.58774356e-02	1.61942697e+00	8.60352850e-01	7.59074121e-01
8343            	5.06364912e-02	5.58727455e-02	1.61941873e+00	8.60345856e-01	7.59072874e-01
8344            	5.06339546e-02	5.58680554e-02	1.61940990e+00	8.60338902e-01	7.59070993e-01
8345            	5.06345025e-02	5.58658470e-02	1.61940795e+00	8.60338479e-01	7.59069474e-01
8346            	5.06370665e-02	5.58653175e-02	1.61941018e+00	8.60342155e-01	7.59068022e-01
8347            	5.06404192e-02	5.58656764e-02	1.61941369e+00	8.60347263e-01	7.59066425e-01
8348            	5.06444710e-02	5.58665394e-02	1.61941807e+00	8.60353505e-01	7.59064563e-01
8349            	5.06494299e-02	5.58684033e-02	1.61942405e+00	8.60361453e-01	7.59062593e-01
8350            	5.06548391e-02	5.58704859e-02	1.61942980e+00	8.60369737e-01	7.59060059e-01
8351            	5.06625656e-02	5.58745678e-02	1.61944153e+00	8.60383329e-01	7.59058198e-01
8352            	5.06720142e-02	5.58801618e-02	1.61945737e+00	8.60400699e-01	7.59056670e-01
8353            	5.06827788e-02	5.58869918e-02	1.61947594e+00	8.60420747e-01	7.59055189e-01
8354            	5.06947185e-02	5.58946369e-02	1.61949655e+00	8.60442996e-01	7.59053559e-01
8355            	5.07077711e-02	5.59033406e-02	1.61951975e+00	8.60467647e-01	7.59052105e-01
8356            	5.07218832e-02	5.59131033e-02	1.61954512e+00	8.60494443e-01	7.59050677e-01
8357            	5.07369129e-02	5.59234994e-02	1.61957197e+00	8.60522896e-01	7.59049070e-01
8358            	5.07526349e-02	5.59346464e-02	1.61960055e+00	8.60552910e-01	7.59047640e-01
8359            	5.07696530e-02	5.59470352e-02	1.61963195e+00	8.60585629e-01	7.59046323e-01
8360            	5.07878782e-02	5.59603957e-02	1.61966569e+00	8.60620725e-01	7.59044969e-01
8361            	5.08069592e-02	5.59746804e-02	1.61970161e+00	8.60657766e-01	7.59043847e-01
8362            	5.08264003e-02	5.59895183e-02	1.61973870e+00	8.60695748e-01	7.59042947e-01
8363            	5.08458057e-02	5.60045798e-02	1.61977607e+00	8.60733843e-01	7.59042231e-01
8364            	5.08664201e-02	5.60204455e-02	1.61981574e+00	8.60774292e-01	7.59041452e-01
8365            	5.08873749e-02	5.60367847e-02	1.61985635e+00	8.60815548e-01	7.59040798e-01
8366            	5.09088542e-02	5.60537254e-02	1.61989833e+00	8.60858021e-01	7.59040312e-01
8367            	5.09306851e-02	5.60711535e-02	1.61994138e+00	8.60901376e-01	7.59040006e-01
8368            	5.09524751e-02	5.60887577e-02	1.61998468e+00	8.60944813e-01	7.59039863e-01
8369            	5.09739465e-02	5.61062987e-02	1.62002763e+00	8.60987761e-01	7.59039868e-01
8370            	5.09950326e-02	5.61236995e-02	1.62007009e+00	8.61030076e-01	7.59040011e-01
8371            	5.10158939e-02	5.61410492e-02	1.62011238e+00	8.61072084e-01	7.59040296e-01
8372            	5.10366352e-02	5.61584042e-02	1.62015471e+00	8.61113991e-01	7.59040721e-01
8373            	5.10599833e-02	5.61776286e-02	1.62020307e+00	8.61161516e-01	7.59041550e-01
8374            	5.10810347e-02	5.61953664e-02	1.62024679e+00	8.61204428e-01	7.59042358e-01
8375            	5.11013545e-02	5.62127400e-02	1.62028942e+00	8.61246063e-01	7.59043354e-01
8376            	5.11206247e-02	5.62295672e-02	1.62033026e+00	8.61285754e-01	7.59044505e-01
8377            	5.11386717e-02	5.62457535e-02	1.62036891e+00	8.61323124e-01	7.59045781e-01
8378            	5.11553600e-02	5.62612169e-02	1.62040501e+00	8.61357864e-01	7.59047144e-01
8379            	5.11735879e-02	5.62780216e-02	1.62044511e+00	8.61396145e-01	7.59048969e-01
8380            	5.11884958e-02	5.62926183e-02	1.62047804e+00	8.61427514e-01	7.59050522e-01
8381            	5.12015308e-02	5.63061187e-02	1.62050725e+00	8.61455157e-01	7.59052096e-01
8382            	5.12124538e-02	5.63183245e-02	1.62053217e+00	8.61478537e-01	7.59053629e-01
8383            	5.12261418e-02	5.63332830e-02	1.62056435e+00	8.61508317e-01	7.59056033e-01
8384            	5.12360602e-02	5.63456141e-02	1.62058849e+00	8.61530304e-01	7.59058184e-01
8385            	5.12423822e-02	5.63553468e-02	1.62060483e+00	8.61544798e-01	7.59060033e-01
8386            	5.12454656e-02	5.63626670e-02	1.62061405e+00	8.61552493e-01	7.59061562e-01
8387            	5.12457597e-02	5.63678476e-02	1.62061705e+00	8.61554287e-01	7.59062768e-01
8388            	5.12437276e-02	5.63711859e-02	1.62061479e+00	8.61551122e-01	7.59063667e-01
8389            	5.12397897e-02	5.63729587e-02	1.62060816e+00	8.61543871e-01	7.59064292e-01
8390            	5.12342992e-02	5.63734059e-02	1.62059797e+00	8.61533284e-01	7.59064686e-01
8391            	5.12275224e-02	5.63727179e-02	1.62058486e+00	8.61519950e-01	7.59064905e-01
8392            	5.12196217e-02	5.63710101e-02	1.62056925e+00	8.61504248e-01	7.59065005e-01
8393            	5.12106783e-02	5.63683426e-02	1.62055143e+00	8.61486394e-01	7.59065037e-01
8394            	5.12006973e-02	5.63647209e-02	1.62053147e+00	8.61466434e-01	7.59065039e-01
8395            	5.11895857e-02	5.63600931e-02	1.62050925e+00	8.61444212e-01	7.59065040e-01
8396            	5.11771745e-02	5.63543519e-02	1.62048445e+00	8.61419401e-01	7.59065052e-01
8397            	5.11632684e-02	5.63473617e-02	1.62045665e+00	8.61391592e-01	7.59065055e-01
8398            	5.11476995e-02	5.63389842e-02	1.62042540e+00	8.61360401e-01	7.59065002e-01
8399            	5.11303877e-02	5.63291276e-02	1.62039041e+00	8.61325593e-01	7.59064818e-01
8400            	5.11113606e-02	5.63177645e-02	1.62035155e+00	8.61287134e-01	7.59064412e-01
8401            	5.10908326e-02	5.63049947e-02	1.62030905e+00	8.61245357e-01	7.59063692e-01
8402            	5.10692151e-02	5.62910693e-02	1.62026359e+00	8.61201009e-01	7.59062579e-01
8403            	5.10471299e-02	5.62764041e-02	1.62021631e+00	8.61155285e-01	7.59061026e-01
8404            	5.10253152e-02	5.62615209e-02	1.62016868e+00	8.61109656e-01	7.59059026e-01
8405            	5.10045737e-02	5.62470235e-02	1.62012239e+00	8.61065771e-01	7.59056624e-01
8406            	5.09856800e-02	5.62335257e-02	1.62007918e+00	8.61025270e-01	7.59053910e-01
8407            	5.09692924e-02	5.62215852e-02	1.62004062e+00	8.60989604e-01	7.59051019e-01
8408            	5.09559045e-02	5.62116639e-02	1.62000805e+00	8.60959928e-01	7.59048119e-01
8409            	5.09457774e-02	5.62040567e-02	1.61998234e+00	8.60936946e-01	7.59045391e-01
8410            	5.09389120e-02	5.61988563e-02	1.61996385e+00	8.60920838e-01	7.59043014e-01
8411            	5.09350590e-02	5.61959524e-02	1.61995240e+00	8.60911259e-01	7.59041141e-01
8412            	5.09337522e-02	5.61950469e-02	1.61994727e+00	8.60907389e-01	7.59039884e-01
8413            	5.09343637e-02	5.61956894e-02	1.61994735e+00	8.60908036e-01	7.59039309e-01
8414            	5.09361745e-02	5.61973314e-02	1.61995120e+00	8.60911772e-01	7.59039423e-01
8415            	5.09384363e-02	5.61993707e-02	1.61995723e+00	8.60917052e-01	7.59040179e-01
8416            	5.09404483e-02	5.62012170e-02	1.61996386e+00	8.60922378e-01	7.59041481e-01
8417            	5.09416578e-02	5.62023703e-02	1.61996971e+00	8.60926511e-01	7.59043195e-01
8418            	5.09416859e-02	5.62024518e-02	1.61997371e+00	8.60928540e-01	7.59045168e-01
8419            	5.09403256e-02	5.62012154e-02	1.61997514e+00	8.60927895e-01	7.59047244e-01
8420            	5.09375361e-02	5.61985535e-02	1.61997363e+00	8.60924353e-01	7.59049280e-01
8421            	5.09334178e-02	5.61944902e-02	1.61996917e+00	8.60918002e-01	7.59051166e-01
8422            	5.09281600e-02	5.61891386e-02	1.61996198e+00	8.60909150e-01	7.59052830e-01
8423            	5.09220059e-02	5.61826716e-02	1.61995251e+00	8.60898258e-01	7.59054247e-01
8424            	5.09152464e-02	5.61753282e-02	1.61994138e+00	8.60885935e-01	7.59055442e-01
8425            	5.09082312e-02	5.61674282e-02	1.61992943e+00	8.60872946e-01	7.59056483e-01
8426            	5.09012255e-02	5.61592471e-02	1.61991737e+00	8.60859912e-01	7.59057461e-01
8427            	5.08943131e-02	5.61509275e-02	1.61990558e+00	8.60847102e-01	7.59058476e-01
8428            	5.08874234e-02	5.61424969e-02	1.61989410e+00	8.60834475e-01	7.59059629e-01
8429            	5.08803811e-02	5.61338926e-02	1.61988277e+00	8.60821767e-01	7.59061005e-01
8430            	5.08729940e-02	5.61250254e-02	1.61987130e+00	8.60808645e-01	7.59062657e-01
8431            	5.08650567e-02	5.61157770e-02	1.61985931e+00	8.60794710e-01	7.59064597e-01
8432            	5.08564646e-02	5.61060967e-02	1.61984653e+00	8.60779731e-01	7.59066801e-01
8433            	5.08470574e-02	5.60958697e-02	1.61983252e+00	8.60763316e-01	7.59069201e-01
8434            	5.08367192e-02	5.60849997e-02	1.61981682e+00	8.60745132e-01	7.59071693e-01
8435            	5.08269091e-02	5.60748651e-02	1.61980227e+00	8.60728042e-01	7.59074224e-01
8436            	5.08160726e-02	5.60638432e-02	1.61978516e+00	8.60708652e-01	7.59076507e-01
8437            	5.08030180e-02	5.60511163e-02	1.61976349e+00	8.60684765e-01	7.59078729e-01
8438            	5.07886529e-02	5.60371362e-02	1.61973837e+00	8.60657838e-01	7.59080532e-01
8439            	5.07755666e-02	5.60240659e-02	1.61971490e+00	8.60633016e-01	7.59081883e-01
8440            	5.07619119e-02	5.60105449e-02	1.61968949e+00	8.60606656e-01	7.59082832e-01
8441            	5.07480225e-02	5.59967018e-02	1.61966263e+00	8.60579339e-01	7.59083294e-01
8442            	5.07360623e-02	5.59843742e-02	1.61963896e+00	8.60555544e-01	7.59083420e-01
8443            	5.07241271e-02	5.59722430e-02	1.61961472e+00	8.60531486e-01	7.59083232e-01
8444            	5.07123592e-02	5.59602529e-02	1.61959023e+00	8.60507473e-01	7.59082755e-01
8445            	5.07026286e-02	5.59499283e-02	1.61956975e+00	8.60487502e-01	7.59082245e-01
8446            	5.06931430e-02	5.59400202e-02	1.61954958e+00	8.60467934e-01	7.59081648e-01
8447            	5.06837428e-02	5.59301474e-02	1.61952939e+00	8.60448436e-01	7.59080950e-01
8448            	5.06762650e-02	5.59217664e-02	1.61951335e+00	8.60432942e-01	7.59080412e-01
8449            	5.06689430e-02	5.59136965e-02	1.61949768e+00	8.60417784e-01	7.59079898e-01
8450            	5.06615777e-02	5.59055029e-02	1.61948179e+00	8.60402471e-01	7.59079315e-01
8451            	5.06559260e-02	5.58986049e-02	1.61946959e+00	8.60390721e-01	7.59078869e-01
8452            	5.06504710e-02	5.58919997e-02	1.61945763e+00	8.60379284e-01	7.59078342e-01
8453            	5.06451828e-02	5.58853633e-02	1.61944553e+00	8.60367946e-01	7.59077581e-01
8454            	5.06416784e-02	5.58800808e-02	1.61943698e+00	8.60360170e-01	7.59076813e-01
8455            	5.06387036e-02	5.58753385e-02	1.61942904e+00	8.60353225e-01	7.59075818e-01
8456            	5.06363007e-02	5.58708687e-02	1.61942150e+00	8.60347048e-01	7.59074447e-01
8457            	5.06351044e-02	5.58674939e-02	1.61941594e+00	8.60343074e-01	7.59072865e-01
8458            	5.06343408e-02	5.58642429e-02	1.61940993e+00	8.60339307e-01	7.59070626e-01
8459            	5.06367260e-02	5.58635806e-02	1.61941116e+00	8.60342307e-01	7.59068855e-01
8460            	5.06410664e-02	5.58645715e-02	1.61941654e+00	8.60349337e-01	7.59067204e-01
8461            	5.06462303e-02	5.58664765e-02	1.61942337e+00	8.60357916e-01	7.59065455e-01
8462            	5.06521599e-02	5.58689249e-02	1.61943130e+00	8.60367808e-01	7.59063489e-01
8463            	5.06594434e-02	5.58726120e-02	1.61944222e+00	8.60380554e-01	7.59061667e-01
8464            	5.06677362e-02	5.58773490e-02	1.61945516e+00	8.60395316e-01	7.59059844e-01
8465            	5.06771831e-02	5.58828766e-02	1.61947015e+00	8.60412256e-01	7.59057890e-01
8466            	5.06881617e-02	5.58897775e-02	1.61948869e+00	8.60432508e-01	7.59056185e-01
8467            	5.07004832e-02	5.58979665e-02	1.61951011e+00	8.60455536e-01	7.59054570e-01
8468            	5.07140163e-02	5.59070098e-02	1.61953385e+00	8.60480940e-01	7.59052908e-01
8469            	5.07284364e-02	5.59169742e-02	1.61955983e+00	8.60508351e-01	7.59051478e-01
8470            	5.07439256e-02	5.59280204e-02	1.61958808e+00	8.60537965e-01	7.59050114e-01
8471            	5.07604604e-02	5.59398330e-02	1.61961833e+00	8.60569626e-01	7.59048705e-01
8472            	5.07776029e-02	5.59523833e-02	1.61965018e+00	8.60602693e-01	7.59047487e-01
8473            	5.07962610e-02	5.59663516e-02	1.61968525e+00	8.60638887e-01	7.59046365e-01
8474            	5.08159319e-02	5.59810841e-02	1.61972236e+00	8.60677114e-01	7.59045250e-01
8475            	5.08354298e-02	5.59959534e-02	1.61975950e+00	8.60715181e-01	7.59044321e-01
8476            	5.08558993e-02	5.60117755e-02	1.61979886e+00	8.60755329e-01	7.59043530e-01
8477            	5.08769536e-02	5.60280534e-02	1.61983951e+00	8.60796709e-01	7.59042802e-01
8478            	5.08977094e-02	5.60443921e-02	1.61987999e+00	8.60837705e-01	7.59042287e-01
8479            	5.09200670e-02	5.60621676e-02	1.61992417e+00	8.60882152e-01	7.59042018e-01
8480            	5.09429136e-02	5.60803845e-02	1.61996961e+00	8.60927721e-01	7.59041894e-01
8481            	5.09647454e-02	5.60980860e-02	1.62001336e+00	8.60971423e-01	7.59041932e-01
8482            	5.09874589e-02	5.61166083e-02	1.62005935e+00	8.61017135e-01	7.59042218e-01
8483            	5.10097161e-02	5.61349124e-02	1.62010476e+00	8.61062097e-01	7.59042664e-01
8484            	5.10310594e-02	5.61527222e-02	1.62014859e+00	8.61105356e-01	7.59043238e-01
8485            	5.10514642e-02	5.61699939e-02	1.62019072e+00	8.61146823e-01	7.59043895e-01
8486            	5.10707711e-02	5.61865736e-02	1.62023071e+00	8.61186128e-01	7.59044585e-01
8487            	5.10890006e-02	5.62024521e-02	1.62026858e+00	8.61223289e-01	7.59045288e-01
8488            	5.11062916e-02	5.62177301e-02	1.62030457e+00	8.61258578e-01	7.59045995e-01
8489            	5.11228418e-02	5.62325597e-02	1.62033910e+00	8.61292391e-01	7.59046708e-01
8490            	5.11417067e-02	5.62491699e-02	1.62037884e+00	8.61331128e-01	7.59047714e-01
8491            	5.11584835e-02	5.62644986e-02	1.62041450e+00	8.61365732e-01	7.59048765e-01
8492            	5.11744185e-02	5.62794687e-02	1.62044881e+00	8.61398822e-01	7.59049985e-01
8493            	5.11891125e-02	5.62938156e-02	1.62048095e+00	8.61429587e-01	7.59051362e-01
8494            	5.12022810e-02	5.63073370e-02	1.62051031e+00	8.61457435e-01	7.59052873e-01
8495            	5.12137059e-02	5.63198686e-02	1.62053638e+00	8.61481896e-01	7.59054484e-01
8496            	5.12232654e-02	5.63313038e-02	1.62055885e+00	8.61502692e-01	7.59056162e-01
8497            	5.12309212e-02	5.63415891e-02	1.62057759e+00	8.61519714e-01	7.59057872e-01
8498            	5.12394197e-02	5.63530001e-02	1.62059878e+00	8.61538809e-01	7.59059969e-01
8499            	5.12443809e-02	5.63618423e-02	1.62061257e+00	8.61550668e-01	7.59061906e-01
8500            	5.12470680e-02	5.63691570e-02	1.62062171e+00	8.61557922e-01	7.59063786e-01
8501            	5.12472455e-02	5.63746517e-02	1.62062549e+00	8.61559992e-01	7.59065501e-01
8502            	5.12448473e-02	5.63781460e-02	1.62062359e+00	8.61556645e-01	7.59066950e-01
8503            	5.12399789e-02	5.63796014e-02	1.62061609e+00	8.61548026e-01	7.59068068e-01
8504            	5.12328501e-02	5.63790813e-02	1.62060334e+00	8.61534521e-01	7.59068821e-01
8505            	5.12249799e-02	5.63782075e-02	1.62058903e+00	8.61519495e-01	7.59069535e-01
8506            	5.12145408e-02	5.63747705e-02	1.62056869e+00	8.61498884e-01	7.59069803e-01
8507            	5.12023059e-02	5.63695852e-02	1.62054417e+00	8.61474392e-01	7.59069781e-01
8508            	5.11888089e-02	5.63633222e-02	1.62051673e+00	8.61447175e-01	7.59069557e-01
8509            	5.11733663e-02	5.63549682e-02	1.62048488e+00	8.61415805e-01	7.59069072e-01
8510            	5.11562262e-02	5.63452425e-02	1.62044939e+00	8.61380920e-01	7.59068468e-01
8511            	5.11373742e-02	5.63338467e-02	1.62040989e+00	8.61342318e-01	7.59067569e-01
8512            	5.11171489e-02	5.63210796e-02	1.62036728e+00	8.61300787e-01	7.59066489e-01
8513            	5.10957703e-02	5.63070127e-02	1.62032159e+00	8.61256565e-01	7.59065025e-01
8514            	5.10736561e-02	5.62922104e-02	1.62027408e+00	8.61210697e-01	7.59063385e-01
8515            	5.10515351e-02	5.62770317e-02	1.62022585e+00	8.61164462e-01	7.59061392e-01
8516            	5.10301350e-02	5.62622341e-02	1.62017891e+00	8.61119589e-01	7.59059319e-01
8517            	5.10100430e-02	5.62481378e-02	1.62013409e+00	8.61077089e-01	7.59057003e-01
8518            	5.09919655e-02	5.62354773e-02	1.62009340e+00	8.61038666e-01	7.59054735e-01
8519            	5.09762845e-02	5.62244048e-02	1.62005729e+00	8.61004928e-01	7.59052359e-01
8520            	5.09634366e-02	5.62154629e-02	1.62002725e+00	8.60977061e-01	7.59050187e-01
8521            	5.09539222e-02	5.62089773e-02	1.62000452e+00	8.60956184e-01	7.59048340e-01
8522            	5.09469506e-02	5.62041981e-02	1.61998704e+00	8.60940470e-01	7.59046568e-01
8523            	5.09422244e-02	5.62012124e-02	1.61997439e+00	8.60929421e-01	7.59044972e-01
8524            	5.09398270e-02	5.62000021e-02	1.61996759e+00	8.60923624e-01	7.59043970e-01
8525            	5.09390195e-02	5.61998678e-02	1.61996452e+00	8.60921279e-01	7.59043240e-01
8526            	5.09391989e-02	5.62003183e-02	1.61996441e+00	8.60921404e-01	7.59043007e-01
8527            	5.09398971e-02	5.62013158e-02	1.61996651e+00	8.60923150e-01	7.59043356e-01
8528            	5.09406662e-02	5.62022539e-02	1.61996959e+00	8.60925463e-01	7.59044130e-01
8529            	5.09409307e-02	5.62025758e-02	1.61997217e+00	8.60927018e-01	7.59045157e-01
8530            	5.09403276e-02	5.62018148e-02	1.61997341e+00	8.60927033e-01	7.59046378e-01
8531            	5.09388764e-02	5.62002684e-02	1.61997351e+00	8.60925634e-01	7.59047881e-01
8532            	5.09366252e-02	5.61978196e-02	1.61997215e+00	8.60922702e-01	7.59049452e-01
8533            	5.09330261e-02	5.61938164e-02	1.61996802e+00	8.60917035e-01	7.59050983e-01
8534            	5.09285908e-02	5.61890501e-02	1.61996231e+00	8.60909747e-01	7.59052566e-01
8535            	5.09237723e-02	5.61837833e-02	1.61995561e+00	8.60901578e-01	7.59054033e-01
8536            	5.09177856e-02	5.61771207e-02	1.61994625e+00	8.60890912e-01	7.59055341e-01
8537            	5.09114542e-02	5.61701199e-02	1.61993628e+00	8.60879596e-01	7.59056687e-01
8538            	5.09055307e-02	5.61632981e-02	1.61992703e+00	8.60869044e-01	7.59057983e-01
8539            	5.08989232e-02	5.61554853e-02	1.61991633e+00	8.60857090e-01	7.59059244e-01
8540            	5.08922342e-02	5.61476093e-02	1.61990593e+00	8.60845198e-01	7.59060729e-01
8541            	5.08859761e-02	5.61400191e-02	1.61989660e+00	8.60834275e-01	7.59062323e-01
8542            	5.08785947e-02	5.61311848e-02	1.61988526e+00	8.60821225e-01	7.59064035e-01
8543            	5.08704056e-02	5.61218113e-02	1.61987299e+00	8.60806903e-01	7.59066092e-01
8544            	5.08624004e-02	5.61126546e-02	1.61986132e+00	8.60793061e-01	7.59068260e-01
8545            	5.08528896e-02	5.61020883e-02	1.61984675e+00	8.60776262e-01	7.59070483e-01
8546            	5.08419013e-02	5.60905114e-02	1.61982964e+00	8.60756719e-01	7.59072916e-01
8547            	5.08312941e-02	5.60793931e-02	1.61981310e+00	8.60737845e-01	7.59075257e-01
8548            	5.08192137e-02	5.60669815e-02	1.61979315e+00	8.60715790e-01	7.59077362e-01
8549            	5.08054994e-02	5.60533598e-02	1.61976965e+00	8.60690325e-01	7.59079326e-01
8550            	5.07930532e-02	5.60408697e-02	1.61974811e+00	8.60667106e-01	7.59081000e-01
8551            	5.07800212e-02	5.60278271e-02	1.61972447e+00	8.60642257e-01	7.59082215e-01
8552            	5.07655515e-02	5.60135629e-02	1.61969700e+00	8.60614051e-01	7.59082948e-01
8553            	5.07530888e-02	5.60009399e-02	1.61967309e+00	8.60589633e-01	7.59083455e-01
8554            	5.07409750e-02	5.59887413e-02	1.61964931e+00	8.60565628e-01	7.59083678e-01
8555            	5.07291768e-02	5.59767589e-02	1.61962545e+00	8.60541902e-01	7.59083548e-01
8556            	5.07196453e-02	5.59666303e-02	1.61960616e+00	8.60522725e-01	7.59083434e-01
8557            	5.07114758e-02	5.59577054e-02	1.61958977e+00	8.60506359e-01	7.59083407e-01
8558            	5.07025883e-02	5.59486179e-02	1.61957209e+00	8.60488632e-01	7.59083455e-01
8559            	5.06931332e-02	5.59389537e-02	1.61955276e+00	8.60469513e-01	7.59083246e-01
8560            	5.06848167e-02	5.59301313e-02	1.61953578e+00	8.60452707e-01	7.59083074e-01
8561            	5.06761459e-02	5.59212394e-02	1.61951809e+00	8.60435193e-01	7.59082901e-01
8562            	5.06669328e-02	5.59116014e-02	1.61949861e+00	8.60416238e-01	7.59082372e-01
8563            	5.06594949e-02	5.59031751e-02	1.61948265e+00	8.60400820e-01	7.59081830e-01
8564            	5.06524659e-02	5.58952027e-02	1.61946730e+00	8.60386118e-01	7.59081186e-01
8565            	5.06442109e-02	5.58860766e-02	1.61944813e+00	8.60368278e-01	7.59079856e-01
8566            	5.06397072e-02	5.58797906e-02	1.61943719e+00	8.60358301e-01	7.59078886e-01
8567            	5.06375330e-02	5.58752314e-02	1.61943088e+00	8.60352972e-01	7.59077906e-01
8568            	5.06359843e-02	5.58709396e-02	1.61942467e+00	8.60348321e-01	7.59076352e-01
8569            	5.06350530e-02	5.58674726e-02	1.61941969e+00	8.60344899e-01	7.59074793e-01
8570            	5.06350837e-02	5.58647212e-02	1.61941580e+00	8.60342982e-01	7.59072815e-01
8571            	5.06367818e-02	5.58636844e-02	1.61941578e+00	8.60344671e-01	7.59071108e-01
8572            	5.06397882e-02	5.58640339e-02	1.61941827e+00	8.60348924e-01	7.59069347e-01
8573            	5.06439039e-02	5.58653664e-02	1.61942289e+00	8.60355350e-01	7.59067542e-01
8574            	5.06497801e-02	5.58681971e-02	1.61943156e+00	8.60365559e-01	7.59065999e-01
8575            	5.06564843e-02	5.58715338e-02	1.61944124e+00	8.60377107e-01	7.59064138e-01
8576            	5.06640979e-02	5.58757217e-02	1.61945295e+00	8.60390573e-01	7.59062377e-01
8577            	5.06728425e-02	5.58806012e-02	1.61946648e+00	8.60406081e-01	7.59060396e-01
8578            	5.06830816e-02	5.58867392e-02	1.61948357e+00	8.60424867e-01	7.59058704e-01
8579            	5.06947060e-02	5.58940985e-02	1.61950393e+00	8.60446673e-01	7.59057261e-01
8580            	5.07074876e-02	5.59025871e-02	1.61952668e+00	8.60470827e-01	7.59055852e-01
8581            	5.07212576e-02	5.59117970e-02	1.61955113e+00	8.60496822e-01	7.59054307e-01
8582            	5.07357996e-02	5.59218486e-02	1.61957737e+00	8.60524486e-01	7.59052886e-01
8583            	5.07514669e-02	5.59330260e-02	1.61960589e+00	8.60554410e-01	7.59051476e-01
8584            	5.07683670e-02	5.59451389e-02	1.61963668e+00	8.60586708e-01	7.59049975e-01
8585            	5.07860031e-02	5.59580963e-02	1.61966934e+00	8.60620671e-01	7.59048665e-01
8586            	5.08051789e-02	5.59724792e-02	1.61970529e+00	8.60657825e-01	7.59047468e-01
8587            	5.08254459e-02	5.59877531e-02	1.61974349e+00	8.60697191e-01	7.59046299e-01
8588            	5.08454544e-02	5.60031119e-02	1.61978160e+00	8.60736253e-01	7.59045345e-01
8589            	5.08663762e-02	5.60193661e-02	1.61982188e+00	8.60777317e-01	7.59044565e-01
8590            	5.08881383e-02	5.60364217e-02	1.61986421e+00	8.60820243e-01	7.59043966e-01
8591            	5.09101419e-02	5.60539578e-02	1.61990756e+00	8.60863921e-01	7.59043637e-01
8592            	5.09340731e-02	5.60728904e-02	1.61995501e+00	8.60911578e-01	7.59043432e-01
8593            	5.09560675e-02	5.60907071e-02	1.61999923e+00	8.60955684e-01	7.59043549e-01
8594            	5.09771240e-02	5.61079894e-02	1.62004188e+00	8.60998066e-01	7.59043818e-01
8595            	5.09970945e-02	5.61246150e-02	1.62008254e+00	8.61038362e-01	7.59044173e-01
8596            	5.10182838e-02	5.61422283e-02	1.62012607e+00	8.61081321e-01	7.59044753e-01
8597            	5.10370472e-02	5.61582546e-02	1.62016449e+00	8.61119293e-01	7.59045199e-01
8598            	5.10623417e-02	5.61787415e-02	1.62021698e+00	8.61170832e-01	7.59046149e-01
8599            	5.10817190e-02	5.61952477e-02	1.62025709e+00	8.61210265e-01	7.59046827e-01
8600            	5.11010238e-02	5.62119908e-02	1.62029771e+00	8.61249876e-01	7.59047829e-01
8601            	5.11171077e-02	5.62265601e-02	1.62033139e+00	8.61282800e-01	7.59048585e-01
8602            	5.11354798e-02	5.62429790e-02	1.62037034e+00	8.61320649e-01	7.59049689e-01
8603            	5.11528327e-02	5.62586303e-02	1.62040724e+00	8.61356453e-01	7.59050787e-01
8604            	5.11709221e-02	5.62752143e-02	1.62044635e+00	8.61394097e-01	7.59052253e-01
8605            	5.11866417e-02	5.62902314e-02	1.62048066e+00	8.61426973e-01	7.59053690e-01
8606            	5.12000277e-02	5.63038108e-02	1.62051025e+00	8.61455154e-01	7.59055099e-01
8607            	5.12118229e-02	5.63167548e-02	1.62053726e+00	8.61480452e-01	7.59056806e-01
8608            	5.12195379e-02	5.63267199e-02	1.62055512e+00	8.61497099e-01	7.59058024e-01
8609            	5.12268515e-02	5.63367554e-02	1.62057253e+00	8.61513117e-01	7.59059415e-01
8610            	5.12348559e-02	5.63476519e-02	1.62059204e+00	8.61530877e-01	7.59061165e-01
8611            	5.12394639e-02	5.63562215e-02	1.62060464e+00	8.61541783e-01	7.59062855e-01
8612            	5.12464753e-02	5.63672761e-02	1.62062346e+00	8.61558207e-01	7.59065257e-01
8613            	5.12476791e-02	5.63734786e-02	1.62062926e+00	8.61562310e-01	7.59066952e-01
8614            	5.12439134e-02	5.63753820e-02	1.62062363e+00	8.61555730e-01	7.59067903e-01
8615            	5.12382566e-02	5.63755538e-02	1.62061373e+00	8.61545120e-01	7.59068606e-01
8616            	5.12329066e-02	5.63763072e-02	1.62060478e+00	8.61535298e-01	7.59069485e-01
8617            	5.12244121e-02	5.63741771e-02	1.62058865e+00	8.61518736e-01	7.59069912e-01
8618            	5.12151329e-02	5.63714368e-02	1.62057061e+00	8.61500438e-01	7.59070172e-01
8619            	5.12037326e-02	5.63667563e-02	1.62054783e+00	8.61477648e-01	7.59070183e-01
8620            	5.11910591e-02	5.63608866e-02	1.62052191e+00	8.61452014e-01	7.59069896e-01
8621            	5.11770013e-02	5.63538432e-02	1.62049312e+00	8.61423563e-01	7.59069561e-01
8622            	5.11615316e-02	5.63454501e-02	1.62046100e+00	8.61392033e-01	7.59068970e-01
8623            	5.11447183e-02	5.63359529e-02	1.62042623e+00	8.61357832e-01	7.59068395e-01
8624            	5.11265261e-02	5.63251107e-02	1.62038821e+00	8.61320633e-01	7.59067580e-01
8625            	5.11070862e-02	5.63131878e-02	1.62034765e+00	8.61280909e-01	7.59066737e-01
8626            	5.10865736e-02	5.63001275e-02	1.62030432e+00	8.61238733e-01	7.59065585e-01
8627            	5.10654514e-02	5.62864003e-02	1.62025952e+00	8.61195209e-01	7.59064306e-01
8628            	5.10441564e-02	5.62721653e-02	1.62021358e+00	8.61150945e-01	7.59062632e-01
8629            	5.10234651e-02	5.62581422e-02	1.62016850e+00	8.61107713e-01	7.59060783e-01
8630            	5.10039548e-02	5.62446097e-02	1.62012502e+00	8.61066462e-01	7.59058553e-01
8631            	5.09863825e-02	5.62323326e-02	1.62008524e+00	8.61029000e-01	7.59056235e-01
8632            	5.09719241e-02	5.62221739e-02	1.62005184e+00	8.60997842e-01	7.59053994e-01
8633            	5.09598853e-02	5.62134751e-02	1.62002293e+00	8.60971351e-01	7.59051581e-01
8634            	5.09499702e-02	5.62063769e-02	1.61999813e+00	8.60949034e-01	7.59049093e-01
8635            	5.09435037e-02	5.62018703e-02	1.61998138e+00	8.60934195e-01	7.59047188e-01
8636            	5.09394671e-02	5.61990844e-02	1.61996991e+00	8.60924424e-01	7.59045490e-01
8637            	5.09377170e-02	5.61979340e-02	1.61996427e+00	8.60919851e-01	7.59044417e-01
8638            	5.09375220e-02	5.61982022e-02	1.61996302e+00	8.60919032e-01	7.59043988e-01
8639            	5.09384935e-02	5.61993570e-02	1.61996513e+00	8.60921061e-01	7.59044074e-01
8640            	5.09396404e-02	5.62005275e-02	1.61996860e+00	8.60923940e-01	7.59044659e-01
8641            	5.09405697e-02	5.62012470e-02	1.61997234e+00	8.60926740e-01	7.59045601e-01
8642            	5.09408880e-02	5.62013735e-02	1.61997570e+00	8.60928736e-01	7.59046960e-01
8643            	5.09403925e-02	5.62006293e-02	1.61997760e+00	8.60929190e-01	7.59048405e-01
8644            	5.09386938e-02	5.61989505e-02	1.61997778e+00	8.60927585e-01	7.59050197e-01
8645            	5.09358454e-02	5.61959614e-02	1.61997545e+00	8.60923569e-01	7.59051878e-01
8646            	5.09322681e-02	5.61921792e-02	1.61997137e+00	8.60917952e-01	7.59053416e-01
8647            	5.09273856e-02	5.61872431e-02	1.61996494e+00	8.60909853e-01	7.59055082e-01
8648            	5.09217145e-02	5.61812128e-02	1.61995643e+00	8.60899931e-01	7.59056502e-01
8649            	5.09159399e-02	5.61748157e-02	1.61994739e+00	8.60889634e-01	7.59057754e-01
8650            	5.09093205e-02	5.61675068e-02	1.61993692e+00	8.60877779e-01	7.59059138e-01
8651            	5.09025513e-02	5.61596617e-02	1.61992591e+00	8.60865506e-01	7.59060403e-01
8652            	5.08963772e-02	5.61521329e-02	1.61991607e+00	8.60854411e-01	7.59061656e-01
8653            	5.08894725e-02	5.61438956e-02	1.61990533e+00	8.60842139e-01	7.59063194e-01
8654            	5.08821487e-02	5.61351071e-02	1.61989387e+00	8.60829084e-01	7.59064787e-01
8655            	5.08751387e-02	5.61266129e-02	1.61988327e+00	8.60816775e-01	7.59066497e-01
8656            	5.08668381e-02	5.61171317e-02	1.61987081e+00	8.60802245e-01	7.59068569e-01
8657            	5.08574859e-02	5.61067244e-02	1.61985642e+00	8.60785696e-01	7.59070724e-01
8658            	5.08483502e-02	5.60966366e-02	1.61984255e+00	8.60769627e-01	7.59072927e-01
8659            	5.08376236e-02	5.60854087e-02	1.61982590e+00	8.60750572e-01	7.59075325e-01
8660            	5.08253934e-02	5.60729122e-02	1.61980600e+00	8.60728391e-01	7.59077605e-01
8661            	5.08137588e-02	5.60609993e-02	1.61978689e+00	8.60707202e-01	7.59079684e-01
8662            	5.08009317e-02	5.60482261e-02	1.61976509e+00	8.60683476e-01	7.59081613e-01
8663            	5.07870153e-02	5.60344843e-02	1.61974036e+00	8.60657197e-01	7.59083167e-01
8664            	5.07746544e-02	5.60219961e-02	1.61971806e+00	8.60633686e-01	7.59084377e-01
8665            	5.07619374e-02	5.60093093e-02	1.61969440e+00	8.60609140e-01	7.59085265e-01
8666            	5.07484582e-02	5.59959661e-02	1.61966834e+00	8.60582628e-01	7.59085711e-01
8667            	5.07370036e-02	5.59842401e-02	1.61964590e+00	8.60559955e-01	7.59085948e-01
8668            	5.07256762e-02	5.59727449e-02	1.61962321e+00	8.60537282e-01	7.59085930e-01
8669            	5.07118970e-02	5.59592555e-02	1.61959411e+00	8.60508954e-01	7.59085160e-01
8670            	5.07027761e-02	5.59495669e-02	1.61957555e+00	8.60490552e-01	7.59085000e-01
8671            	5.06943182e-02	5.59403118e-02	1.61955780e+00	8.60473220e-01	7.59084584e-01
8672            	5.06856129e-02	5.59310291e-02	1.61953953e+00	8.60455380e-01	7.59084154e-01
8673            	5.06786966e-02	5.59231693e-02	1.61952520e+00	8.60441295e-01	7.59083902e-01
8674            	5.06716698e-02	5.59152126e-02	1.61951020e+00	8.60426771e-01	7.59083431e-01
8675            	5.06623555e-02	5.59055807e-02	1.61948962e+00	8.60407166e-01	7.59082455e-01
8676            	5.06566633e-02	5.58987169e-02	1.61947750e+00	8.60395413e-01	7.59082086e-01
8677            	5.06515251e-02	5.58923581e-02	1.61946632e+00	8.60384687e-01	7.59081636e-01
8678            	5.06453103e-02	5.58850641e-02	1.61945200e+00	8.60371312e-01	7.59080692e-01
8679            	5.06421079e-02	5.58800850e-02	1.61944447e+00	8.60364342e-01	7.59080126e-01
8680            	5.06395619e-02	5.58754166e-02	1.61943730e+00	8.60358213e-01	7.59079089e-01
8681            	5.06375122e-02	5.58713023e-02	1.61943086e+00	8.60352944e-01	7.59077920e-01
8682            	5.06373801e-02	5.58687053e-02	1.61942818e+00	8.60351469e-01	7.59076709e-01
8683            	5.06379096e-02	5.58665306e-02	1.61942570e+00	8.60350759e-01	7.59074939e-01
8684            	5.06383818e-02	5.58644222e-02	1.61942192e+00	8.60349341e-01	7.59072577e-01
8685            	5.06416819e-02	5.58646656e-02	1.61942474e+00	8.60354053e-01	7.59070690e-01
8686            	5.06461760e-02	5.58660758e-02	1.61942984e+00	8.60361098e-01	7.59068746e-01
8687            	5.06516229e-02	5.58681351e-02	1.61943648e+00	8.60369862e-01	7.59066616e-01
8688            	5.06587195e-02	5.58716319e-02	1.61944690e+00	8.60382169e-01	7.59064730e-01
8689            	5.06669763e-02	5.58762515e-02	1.61945971e+00	8.60396830e-01	7.59062877e-01
8690            	5.06764437e-02	5.58816999e-02	1.61947470e+00	8.60413792e-01	7.59060904e-01
8691            	5.06874906e-02	5.58885697e-02	1.61949344e+00	8.60434211e-01	7.59059230e-01
8692            	5.06998903e-02	5.58967255e-02	1.61951505e+00	8.60457417e-01	7.59057637e-01
8693            	5.07136973e-02	5.59059218e-02	1.61953899e+00	8.60483191e-01	7.59055796e-01
8694            	5.07282965e-02	5.59161174e-02	1.61956563e+00	8.60511110e-01	7.59054517e-01
8695            	5.07438503e-02	5.59270087e-02	1.61959389e+00	8.60540793e-01	7.59053093e-01
8696            	5.07609397e-02	5.59391903e-02	1.61962502e+00	8.60573450e-01	7.59051570e-01
8697            	5.07781167e-02	5.59518237e-02	1.61965715e+00	8.60606690e-01	7.59050456e-01
8698            	5.07958751e-02	5.59651978e-02	1.61969081e+00	8.60641278e-01	7.59049528e-01
8699            	5.08149983e-02	5.59798858e-02	1.61972739e+00	8.60678695e-01	7.59048699e-01
8700            	5.08346204e-02	5.59949337e-02	1.61976477e+00	8.60717005e-01	7.59047765e-01
8701            	5.08553015e-02	5.60109822e-02	1.61980450e+00	8.60757552e-01	7.59046949e-01
8702            	5.08791193e-02	5.60292025e-02	1.61985048e+00	8.60804358e-01	7.59046120e-01
8703            	5.08995133e-02	5.60455117e-02	1.61989064e+00	8.60844835e-01	7.59045809e-01
8704            	5.09209404e-02	5.60624867e-02	1.61993299e+00	8.60887436e-01	7.59045555e-01
8705            	5.09428938e-02	5.60801059e-02	1.61997675e+00	8.60931268e-01	7.59045480e-01
8706            	5.09635489e-02	5.60970105e-02	1.62001831e+00	8.60972705e-01	7.59045607e-01
8707            	5.09851912e-02	5.61144509e-02	1.62006174e+00	8.61016059e-01	7.59045677e-01
8708            	5.10086353e-02	5.61332349e-02	1.62010894e+00	8.61063106e-01	7.59045835e-01
8709            	5.10290305e-02	5.61501501e-02	1.62015018e+00	8.61104121e-01	7.59046060e-01
8710            	5.10500794e-02	5.61678832e-02	1.62019341e+00	8.61146783e-01	7.59046624e-01
8711            	5.10706643e-02	5.61852828e-02	1.62023569e+00	8.61188509e-01	7.59047180e-01
8712            	5.10911214e-02	5.62028923e-02	1.62027838e+00	8.61230313e-01	7.59048070e-01
8713            	5.11170932e-02	5.62245666e-02	1.62033398e+00	8.61284085e-01	7.59049898e-01
8714            	5.11405818e-02	5.62449622e-02	1.62038564e+00	8.61333403e-01	7.59052239e-01
8715            	5.11568231e-02	5.62604500e-02	1.62042159e+00	8.61367617e-01	7.59053971e-01
8716            	5.11678441e-02	5.62723798e-02	1.62044633e+00	8.61391011e-01	7.59055323e-01
8717            	5.11789729e-02	5.62840962e-02	1.62047102e+00	8.61414481e-01	7.59056535e-01
8718            	5.11923781e-02	5.62975513e-02	1.62050072e+00	8.61442737e-01	7.59057981e-01
8719            	5.12023327e-02	5.63083554e-02	1.62052237e+00	8.61463518e-01	7.59058852e-01
8720            	5.12108351e-02	5.63185469e-02	1.62054122e+00	8.61481447e-01	7.59059777e-01
8721            	5.12208155e-02	5.63302148e-02	1.62056323e+00	8.61502432e-01	7.59060801e-01
8722            	5.12277643e-02	5.63398160e-02	1.62057862e+00	8.61517072e-01	7.59061544e-01
8723            	5.12314462e-02	5.63470424e-02	1.62058701e+00	8.61524949e-01	7.59062057e-01
8724            	5.12339172e-02	5.63533185e-02	1.62059316e+00	8.61530496e-01	7.59062662e-01
8725            	5.12384210e-02	5.63617060e-02	1.62060488e+00	8.61540859e-01	7.59064017e-01
8726            	5.12389968e-02	5.63669304e-02	1.62060867e+00	8.61543333e-01	7.59065339e-01
8727            	5.12379139e-02	5.63710431e-02	1.62060947e+00	8.61542647e-01	7.59066819e-01
8728            	5.12340998e-02	5.63727781e-02	1.62060451e+00	8.61536353e-01	7.59068153e-01
8729            	5.12331581e-02	5.63780226e-02	1.62060801e+00	8.61537164e-01	7.59070848e-01
8730            	5.12249902e-02	5.63764105e-02	1.62059407e+00	8.61522025e-01	7.59072044e-01
8731            	5.12148614e-02	5.63730918e-02	1.62057534e+00	8.61502532e-01	7.59072810e-01
8732            	5.12025036e-02	5.63678781e-02	1.62055146e+00	8.61478232e-01	7.59073225e-01
8733            	5.11883111e-02	5.63609261e-02	1.62052282e+00	8.61449722e-01	7.59073100e-01
8734            	5.11725398e-02	5.63526299e-02	1.62049054e+00	8.61417811e-01	7.59072732e-01
8735            	5.11552128e-02	5.63427548e-02	1.62045422e+00	8.61382324e-01	7.59071899e-01
8736            	5.11365421e-02	5.63316757e-02	1.62041490e+00	8.61343992e-01	7.59070907e-01
8737            	5.11166585e-02	5.63192937e-02	1.62037242e+00	8.61302867e-01	7.59069550e-01
8738            	5.10958579e-02	5.63059934e-02	1.62032788e+00	8.61259796e-01	7.59068081e-01
8739            	5.10744149e-02	5.62918396e-02	1.62028139e+00	8.61215112e-01	7.59066282e-01
8740            	5.10529482e-02	5.62774503e-02	1.62023469e+00	8.61170295e-01	7.59064398e-01
8741            	5.10319194e-02	5.62630334e-02	1.62018828e+00	8.61126060e-01	7.59062221e-01
8742            	5.10120694e-02	5.62493282e-02	1.62014419e+00	8.61084163e-01	7.59060024e-01
8743            	5.09939208e-02	5.62365905e-02	1.62010311e+00	8.61045476e-01	7.59057634e-01
8744            	5.09780749e-02	5.62254889e-02	1.62006686e+00	8.61011507e-01	7.59055357e-01
8745            	5.09654671e-02	5.62166994e-02	1.62003760e+00	8.60984267e-01	7.59053333e-01
8746            	5.09553560e-02	5.62095215e-02	1.62001331e+00	8.60962010e-01	7.59051298e-01
8747            	5.09474491e-02	5.62040776e-02	1.61999360e+00	8.60944249e-01	7.59049351e-01
8748            	5.09425900e-02	5.62009474e-02	1.61998117e+00	8.60933177e-01	7.59047997e-01
8749            	5.09398585e-02	5.61993197e-02	1.61997347e+00	8.60926592e-01	7.59046875e-01
8750            	5.09389021e-02	5.61988985e-02	1.61997035e+00	8.60924075e-01	7.59046271e-01
8751            	5.09391008e-02	5.61995495e-02	1.61997067e+00	8.60924437e-01	7.59046235e-01
8752            	5.09400411e-02	5.62007009e-02	1.61997332e+00	8.60926702e-01	7.59046620e-01
8753            	5.09408692e-02	5.62015800e-02	1.61997643e+00	8.60929083e-01	7.59047345e-01
8754            	5.09412044e-02	5.62017255e-02	1.61997902e+00	8.60930716e-01	7.59048307e-01
8755            	5.09408836e-02	5.62012848e-02	1.61998099e+00	8.60931379e-01	7.59049612e-01
8756            	5.09397253e-02	5.61999478e-02	1.61998156e+00	8.60930506e-01	7.59051056e-01
8757            	5.09372409e-02	5.61971258e-02	1.61997952e+00	8.60927001e-01	7.59052519e-01
8758            	5.09337847e-02	5.61934589e-02	1.61997573e+00	8.60921651e-01	7.59054081e-01
8759            	5.09297150e-02	5.61891189e-02	1.61997056e+00	8.60914994e-01	7.59055563e-01
8760            	5.09243383e-02	5.61833042e-02	1.61996248e+00	8.60905578e-01	7.59056901e-01
8761            	5.09183884e-02	5.61769614e-02	1.61995330e+00	8.60895040e-01	7.59058263e-01
8762            	5.09125496e-02	5.61705180e-02	1.61994419e+00	8.60884644e-01	7.59059545e-01
8763            	5.09059464e-02	5.61629848e-02	1.61993341e+00	8.60872653e-01	7.59060760e-01
8764            	5.08993561e-02	5.61553988e-02	1.61992302e+00	8.60860864e-01	7.59062152e-01
8765            	5.08933092e-02	5.61481149e-02	1.61991385e+00	8.60850235e-01	7.59063617e-01
8766            	5.08863650e-02	5.61397021e-02	1.61990308e+00	8.60837904e-01	7.59065174e-01
8767            	5.08788742e-02	5.61309019e-02	1.61989186e+00	8.60824805e-01	7.59067057e-01
8768            	5.08716169e-02	5.61223118e-02	1.61988138e+00	8.60812304e-01	7.59069071e-01
8769            	5.08629424e-02	5.61123335e-02	1.61986824e+00	8.60797064e-01	7.59071179e-01
8770            	5.08530164e-02	5.61015130e-02	1.61985316e+00	8.60779596e-01	7.59073563e-01
8771            	5.08433599e-02	5.60910625e-02	1.61983857e+00	8.60762647e-01	7.59075927e-01
8772            	5.08321098e-02	5.60792204e-02	1.61982055e+00	8.60742384e-01	7.59078164e-01
8773            	5.08191662e-02	5.60661623e-02	1.61979908e+00	8.60718706e-01	7.59080374e-01
8774            	5.08071330e-02	5.60539850e-02	1.61977895e+00	8.60696606e-01	7.59082340e-01
8775            	5.07941399e-02	5.60409542e-02	1.61975607e+00	8.60672176e-01	7.59083896e-01
8776            	5.07796222e-02	5.60266806e-02	1.61972937e+00	8.60644309e-01	7.59085065e-01
8777            	5.07670978e-02	5.60140904e-02	1.61970617e+00	8.60620183e-01	7.59085987e-01
8778            	5.07546246e-02	5.60015863e-02	1.61968230e+00	8.60595773e-01	7.59086524e-01
8779            	5.07412408e-02	5.59882014e-02	1.61965544e+00	8.60568961e-01	7.59086479e-01
8780            	5.07301473e-02	5.59766034e-02	1.61963292e+00	8.60546607e-01	7.59086312e-01
8781            	5.07193631e-02	5.59656774e-02	1.61961105e+00	8.60524889e-01	7.59086163e-01
8782            	5.07088311e-02	5.59551412e-02	1.61958973e+00	8.60503696e-01	7.59086034e-01
8783            	5.06987654e-02	5.59450264e-02	1.61956913e+00	8.60483332e-01	7.59085802e-01
8784            	5.06909440e-02	5.59366157e-02	1.61955350e+00	8.60467693e-01	7.59085805e-01
8785            	5.06847080e-02	5.59293149e-02	1.61954114e+00	8.60455277e-01	7.59085861e-01
8786            	5.06779588e-02	5.59217639e-02	1.61952763e+00	8.60441774e-01	7.59085857e-01
8787            	5.06705681e-02	5.59135868e-02	1.61951246e+00	8.60426797e-01	7.59085661e-01
8788            	5.06640740e-02	5.59060566e-02	1.61949894e+00	8.60413545e-01	7.59085397e-01
8789            	5.06571919e-02	5.58983634e-02	1.61948419e+00	8.60399285e-01	7.59084901e-01
8790            	5.06500673e-02	5.58902787e-02	1.61946815e+00	8.60384141e-01	7.59084007e-01
8791            	5.06447260e-02	5.58834961e-02	1.61945544e+00	8.60372444e-01	7.59082993e-01
8792            	5.06399608e-02	5.58772250e-02	1.61944323e+00	8.60361575e-01	7.59081653e-01
8793            	5.06358240e-02	5.58711989e-02	1.61943139e+00	8.60351520e-01	7.59079872e-01
8794            	5.06341669e-02	5.58670869e-02	1.61942459e+00	8.60346461e-01	7.59078127e-01
8795            	5.06337598e-02	5.58640993e-02	1.61941991e+00	8.60343713e-01	7.59076193e-01
8796            	5.06344069e-02	5.58618273e-02	1.61941673e+00	8.60342771e-01	7.59073957e-01
8797            	5.06373444e-02	5.58615042e-02	1.61941862e+00	8.60346654e-01	7.59071966e-01
8798            	5.06416329e-02	5.58625062e-02	1.61942324e+00	8.60353255e-01	7.59069990e-01
8799            	5.06470975e-02	5.58644825e-02	1.61943006e+00	8.60362128e-01	7.59067933e-01
8800            	5.06542822e-02	5.58680639e-02	1.61944097e+00	8.60374766e-01	7.59066202e-01
8801            	5.06626319e-02	5.58725672e-02	1.61945394e+00	8.60389600e-01	7.59064336e-01
8802            	5.06722330e-02	5.58783065e-02	1.61946991e+00	8.60407188e-01	7.59062722e-01
8803            	5.06831805e-02	5.58852942e-02	1.61948906e+00	8.60427709e-01	7.59061348e-01
8804            	5.06952948e-02	5.58934672e-02	1.61951063e+00	8.60450612e-01	7.59060023e-01
8805            	5.07085084e-02	5.59025314e-02	1.61953425e+00	8.60475632e-01	7.59058615e-01
8806            	5.07226324e-02	5.59124944e-02	1.61955994e+00	8.60502601e-01	7.59057336e-01
8807            	5.07374349e-02	5.59231519e-02	1.61958724e+00	8.60531054e-01	7.59056184e-01
8808            	5.07531772e-02	5.59343737e-02	1.61961589e+00	8.60561122e-01	7.59054767e-01
8809            	5.07697224e-02	5.59463232e-02	1.61964630e+00	8.60592872e-01	7.59053427e-01
8810            	5.07871037e-02	5.59590341e-02	1.61967854e+00	8.60626372e-01	7.59052164e-01
8811            	5.08060472e-02	5.59730588e-02	1.61971391e+00	8.60663002e-01	7.59050908e-01
8812            	5.08254864e-02	5.59876989e-02	1.61975055e+00	8.60700762e-01	7.59049789e-01
8813            	5.08448692e-02	5.60025927e-02	1.61978748e+00	8.60738611e-01	7.59048873e-01
8814            	5.08652445e-02	5.60181173e-02	1.61982618e+00	8.60778336e-01	7.59047847e-01
8815            	5.08865089e-02	5.60345551e-02	1.61986704e+00	8.60820027e-01	7.59047009e-01
8816            	5.09081794e-02	5.60515908e-02	1.61990928e+00	8.60862817e-01	7.59046458e-01
8817            	5.09298815e-02	5.60689859e-02	1.61995219e+00	8.60905976e-01	7.59046213e-01
8818            	5.09528205e-02	5.60872422e-02	1.61999776e+00	8.60951701e-01	7.59046060e-01
8819            	5.09752725e-02	5.61053748e-02	1.62004281e+00	8.60996675e-01	7.59046131e-01
8820            	5.09968826e-02	5.61231012e-02	1.62008657e+00	8.61040169e-01	7.59046404e-01
8821            	5.10174757e-02	5.61403031e-02	1.62012863e+00	8.61081790e-01	7.59046838e-01
8822            	5.10393671e-02	5.61586523e-02	1.62017395e+00	8.61126344e-01	7.59047610e-01
8823            	5.10585192e-02	5.61752261e-02	1.62021360e+00	8.61165320e-01	7.59048282e-01
8824            	5.10815255e-02	5.61946164e-02	1.62026182e+00	8.61212433e-01	7.59049382e-01
8825            	5.11019756e-02	5.62121155e-02	1.62030481e+00	8.61254380e-01	7.59050429e-01
8826            	5.11191328e-02	5.62274866e-02	1.62034104e+00	8.61289654e-01	7.59051388e-01
8827            	5.11393127e-02	5.62450374e-02	1.62038412e+00	8.61331374e-01	7.59052748e-01
8828            	5.11565626e-02	5.62608505e-02	1.62042150e+00	8.61367311e-01	7.59054185e-01
8829            	5.11762836e-02	5.62788380e-02	1.62046520e+00	8.61408885e-01	7.59056317e-01
8830            	5.11909846e-02	5.62934049e-02	1.62049782e+00	8.61439893e-01	7.59057923e-01
8831            	5.12022258e-02	5.63057736e-02	1.62052329e+00	8.61463872e-01	7.59059421e-01
8832            	5.12114683e-02	5.63166609e-02	1.62054412e+00	8.61483527e-01	7.59060591e-01
8833            	5.12209021e-02	5.63280927e-02	1.62056601e+00	8.61503909e-01	7.59062105e-01
8834            	5.12280783e-02	5.63378523e-02	1.62058275e+00	8.61519452e-01	7.59063295e-01
8835            	5.12343419e-02	5.63471993e-02	1.62059790e+00	8.61533294e-01	7.59064610e-01
8836            	5.12371210e-02	5.63538998e-02	1.62060533e+00	8.61539784e-01	7.59065542e-01
8837            	5.12382577e-02	5.63592652e-02	1.62060929e+00	8.61542901e-01	7.59066386e-01
8838            	5.12411023e-02	5.63665238e-02	1.62061783e+00	8.61550017e-01	7.59067812e-01
8839            	5.12402044e-02	5.63707225e-02	1.62061832e+00	8.61549363e-01	7.59068954e-01
8840            	5.12374977e-02	5.63734988e-02	1.62061492e+00	8.61544959e-01	7.59069964e-01
8841            	5.12325690e-02	5.63745401e-02	1.62060706e+00	8.61536100e-01	7.59070962e-01
8842            	5.12245997e-02	5.63729167e-02	1.62059227e+00	8.61520733e-01	7.59071534e-01
8843            	5.12150483e-02	5.63697999e-02	1.62057391e+00	8.61502001e-01	7.59071905e-01
8844            	5.12056128e-02	5.63672122e-02	1.62055632e+00	8.61483771e-01	7.59072546e-01
8845            	5.11935065e-02	5.63620392e-02	1.62053266e+00	8.61459838e-01	7.59072825e-01
8846            	5.11801477e-02	5.63558472e-02	1.62050618e+00	8.61433239e-01	7.59072943e-01
8847            	5.11648260e-02	5.63478426e-02	1.62047535e+00	8.61402503e-01	7.59072851e-01
8848            	5.11477767e-02	5.63382237e-02	1.62044034e+00	8.61367946e-01	7.59072392e-01
8849            	5.11291157e-02	5.63271771e-02	1.62040174e+00	8.61329985e-01	7.59071753e-01
8850            	5.11090107e-02	5.63146372e-02	1.62035936e+00	8.61288692e-01	7.59070671e-01
8851            	5.10877944e-02	5.63010151e-02	1.62031432e+00	8.61244955e-01	7.59069366e-01
8852            	5.10659606e-02	5.62865042e-02	1.62026715e+00	8.61199534e-01	7.59067613e-01
8853            	5.10441631e-02	5.62717644e-02	1.62021964e+00	8.61153985e-01	7.59065659e-01
8854            	5.10230201e-02	5.62571170e-02	1.62017269e+00	8.61109364e-01	7.59063324e-01
8855            	5.10033706e-02	5.62433862e-02	1.62012857e+00	8.61067655e-01	7.59060914e-01
8856            	5.09857241e-02	5.62308319e-02	1.62008801e+00	8.61029731e-01	7.59058283e-01
8857            	5.09707298e-02	5.62201741e-02	1.62005303e+00	8.60997243e-01	7.59055783e-01
8858            	5.09591888e-02	5.62120166e-02	1.62002556e+00	8.60971971e-01	7.59053593e-01
8859            	5.09503333e-02	5.62056333e-02	1.62000358e+00	8.60952123e-01	7.59051456e-01
8860            	5.09438663e-02	5.62011376e-02	1.61998669e+00	8.60937212e-01	7.59049480e-01
8861            	5.09403847e-02	5.61987558e-02	1.61997710e+00	8.60928936e-01	7.59048167e-01
8862            	5.09388249e-02	5.61981016e-02	1.61997252e+00	8.60925085e-01	7.59047435e-01
8863            	5.09388507e-02	5.61986766e-02	1.61997199e+00	8.60924848e-01	7.59047146e-01
8864            	5.09396284e-02	5.61997366e-02	1.61997397e+00	8.60926614e-01	7.59047357e-01
8865            	5.09406444e-02	5.62007337e-02	1.61997707e+00	8.60929181e-01	7.59047892e-01
8866            	5.09414854e-02	5.62015139e-02	1.61998067e+00	8.60931818e-01	7.59048848e-01
8867            	5.09416460e-02	5.62015120e-02	1.61998325e+00	8.60933270e-01	7.59049978e-01
8868            	5.09408013e-02	5.62007431e-02	1.61998464e+00	8.60933122e-01	7.59051519e-01
8869            	5.09386014e-02	5.61986369e-02	1.61998362e+00	8.60930413e-01	7.59053210e-01
8870            	5.09358235e-02	5.61958525e-02	1.61998120e+00	8.60926422e-01	7.59054775e-01
8871            	5.09317662e-02	5.61915483e-02	1.61997597e+00	8.60919752e-01	7.59056220e-01
8872            	5.09268888e-02	5.61864147e-02	1.61996917e+00	8.60911473e-01	7.59057696e-01
8873            	5.09218336e-02	5.61808486e-02	1.61996176e+00	8.60902716e-01	7.59059049e-01
8874            	5.09156928e-02	5.61738346e-02	1.61995192e+00	8.60891651e-01	7.59060265e-01
8875            	5.09092904e-02	5.61665004e-02	1.61994172e+00	8.60880148e-01	7.59061567e-01
8876            	5.09033444e-02	5.61593913e-02	1.61993244e+00	8.60869562e-01	7.59062874e-01
8877            	5.08966589e-02	5.61512727e-02	1.61992166e+00	8.60857488e-01	7.59064171e-01
8878            	5.08897402e-02	5.61430644e-02	1.61991092e+00	8.60845202e-01	7.59065722e-01
8879            	5.08832246e-02	5.61352183e-02	1.61990124e+00	8.60833844e-01	7.59067395e-01
8880            	5.08755141e-02	5.61261446e-02	1.61988938e+00	8.60820202e-01	7.59069174e-01
8881            	5.08669284e-02	5.61165653e-02	1.61987645e+00	8.60805153e-01	7.59071296e-01
8882            	5.08585913e-02	5.61072710e-02	1.61986421e+00	8.60790696e-01	7.59073513e-01
8883            	5.08487099e-02	5.60965304e-02	1.61984892e+00	8.60773169e-01	7.59075749e-01
8884            	5.08374063e-02	5.60848443e-02	1.61983118e+00	8.60752997e-01	7.59078184e-01
8885            	5.08265195e-02	5.60735721e-02	1.61981402e+00	8.60733529e-01	7.59080490e-01
8886            	5.08141791e-02	5.60609539e-02	1.61979337e+00	8.60710866e-01	7.59082508e-01
8887            	5.08004783e-02	5.60473757e-02	1.61976977e+00	8.60685363e-01	7.59084407e-01
8888            	5.07880644e-02	5.60348658e-02	1.61974807e+00	8.60662099e-01	7.59085970e-01
8889            	5.07750552e-02	5.60217376e-02	1.61972417e+00	8.60637142e-01	7.59087032e-01
8890            	5.07611400e-02	5.60079796e-02	1.61969785e+00	8.60610065e-01	7.59087786e-01
8891            	5.07492299e-02	5.59958935e-02	1.61967509e+00	8.60586773e-01	7.59088313e-01
8892            	5.07373179e-02	5.59837955e-02	1.61965147e+00	8.60563052e-01	7.59088417e-01
8893            	5.07226608e-02	5.59695585e-02	1.61962100e+00	8.60533161e-01	7.59087839e-01
8894            	5.07128791e-02	5.59593017e-02	1.61960117e+00	8.60513463e-01	7.59087705e-01
8895            	5.07051729e-02	5.59506822e-02	1.61958558e+00	8.60497965e-01	7.59087619e-01
8896            	5.06971564e-02	5.59420410e-02	1.61956929e+00	8.60481802e-01	7.59087489e-01
8897            	5.06888195e-02	5.59331362e-02	1.61955221e+00	8.60464925e-01	7.59087286e-01
8898            	5.06802222e-02	5.59241851e-02	1.61953443e+00	8.60447435e-01	7.59086991e-01
8899            	5.06711892e-02	5.59148541e-02	1.61951538e+00	8.60428878e-01	7.59086500e-01
8900            	5.06645035e-02	5.59072045e-02	1.61950135e+00	8.60415180e-01	7.59086173e-01
8901            	5.06578645e-02	5.58993229e-02	1.61948652e+00	8.60401123e-01	7.59085394e-01
8902            	5.06512066e-02	5.58916501e-02	1.61947174e+00	8.60387077e-01	7.59084664e-01
8903            	5.06462772e-02	5.58852285e-02	1.61946038e+00	8.60376467e-01	7.59083913e-01
8904            	5.06417110e-02	5.58788359e-02	1.61944864e+00	8.60366032e-01	7.59082610e-01
8905            	5.06353556e-02	5.58712552e-02	1.61943169e+00	8.60351202e-01	7.59080491e-01
8906            	5.06326524e-02	5.58663488e-02	1.61942259e+00	8.60343946e-01	7.59078641e-01
8907            	5.06330610e-02	5.58640803e-02	1.61942079e+00	8.60343458e-01	7.59077336e-01
8908            	5.06355918e-02	5.58635878e-02	1.61942343e+00	8.60347308e-01	7.59076125e-01
8909            	5.06389575e-02	5.58640846e-02	1.61942756e+00	8.60352739e-01	7.59074824e-01
8910            	5.06428490e-02	5.58649350e-02	1.61943212e+00	8.60358908e-01	7.59073210e-01
8911            	5.06481181e-02	5.58669873e-02	1.61943955e+00	8.60367891e-01	7.59071655e-01
8912            	5.06541094e-02	5.58698595e-02	1.61944829e+00	8.60378256e-01	7.59070038e-01
8913            	5.06603793e-02	5.58728516e-02	1.61945655e+00	8.60388657e-01	7.59067898e-01
8914            	5.06686769e-02	5.58775139e-02	1.61947003e+00	8.60403691e-01	7.59066337e-01
8915            	5.06781858e-02	5.58829212e-02	1.61948536e+00	8.60420867e-01	7.59064495e-01
8916            	5.06889673e-02	5.58895319e-02	1.61950335e+00	8.60440644e-01	7.59062710e-01
8917            	5.07011166e-02	5.58973980e-02	1.61952457e+00	8.60463400e-01	7.59061166e-01
8918            	5.07143128e-02	5.59059815e-02	1.61954729e+00	8.60487957e-01	7.59059331e-01
8919            	5.07287728e-02	5.59156444e-02	1.61957190e+00	8.60514724e-01	7.59057178e-01
8920            	5.07436861e-02	5.59261053e-02	1.61959850e+00	8.60542936e-01	7.59055564e-01
8921            	5.07592845e-02	5.59374287e-02	1.61962691e+00	8.60572740e-01	7.59054171e-01
8922            	5.07762862e-02	5.59501775e-02	1.61965839e+00	8.60605481e-01	7.59052909e-01
8923            	5.07945475e-02	5.59638364e-02	1.61969231e+00	8.60640704e-01	7.59051610e-01
8924            	5.08134764e-02	5.59782102e-02	1.61972804e+00	8.60677498e-01	7.59050546e-01
8925            	5.08337273e-02	5.59937915e-02	1.61976692e+00	8.60717188e-01	7.59049734e-01
8926            	5.08546133e-02	5.60097031e-02	1.61980722e+00	8.60758225e-01	7.59048998e-01
8927            	5.08751463e-02	5.60255731e-02	1.61984728e+00	8.60798785e-01	7.59048492e-01
8928            	5.08972231e-02	5.60428581e-02	1.61989097e+00	8.60842710e-01	7.59048264e-01
8929            	5.09199835e-02	5.60606800e-02	1.61993615e+00	8.60888059e-01	7.59048092e-01
8930            	5.09419065e-02	5.60782177e-02	1.61997989e+00	8.60931853e-01	7.59048040e-01
8931            	5.09648734e-02	5.60968282e-02	1.62002613e+00	8.60977939e-01	7.59048192e-01
8932            	5.09873912e-02	5.61151448e-02	1.62007139e+00	8.61023085e-01	7.59048303e-01
8933            	5.10082953e-02	5.61325235e-02	1.62011351e+00	8.61065051e-01	7.59048461e-01
8934            	5.10301808e-02	5.61508526e-02	1.62015815e+00	8.61109258e-01	7.59048896e-01
8935            	5.10516553e-02	5.61688378e-02	1.62020203e+00	8.61152669e-01	7.59049358e-01
8936            	5.10714725e-02	5.61857470e-02	1.62024276e+00	8.61192851e-01	7.59049906e-01
8937            	5.10920329e-02	5.62033775e-02	1.62028579e+00	8.61234926e-01	7.59050861e-01
8938            	5.11110833e-02	5.62199460e-02	1.62032587e+00	8.61274020e-01	7.59051853e-01
8939            	5.11283961e-02	5.62354498e-02	1.62036268e+00	8.61309735e-01	7.59052943e-01
8940            	5.11465108e-02	5.62515805e-02	1.62040154e+00	8.61347280e-01	7.59054259e-01
8941            	5.11622668e-02	5.62662273e-02	1.62043560e+00	8.61380066e-01	7.59055532e-01
8942            	5.11759861e-02	5.62796024e-02	1.62046547e+00	8.61408723e-01	7.59056750e-01
8943            	5.11904230e-02	5.62940084e-02	1.62049765e+00	8.61439248e-01	7.59058402e-01
8944            	5.12002675e-02	5.63050553e-02	1.62051934e+00	8.61459939e-01	7.59059404e-01
8945            	5.12146462e-02	5.63202066e-02	1.62055216e+00	8.61490728e-01	7.59061435e-01
8946            	5.12254747e-02	5.63327594e-02	1.62057730e+00	8.61514124e-01	7.59063175e-01
8947            	5.12328592e-02	5.63427218e-02	1.62059475e+00	8.61530235e-01	7.59064516e-01
8948            	5.12396968e-02	5.63528039e-02	1.62061209e+00	8.61545740e-01	7.59066347e-01
8949            	5.12425715e-02	5.63597448e-02	1.62062043e+00	8.61552785e-01	7.59067642e-01
8950            	5.12448492e-02	5.63665316e-02	1.62062809e+00	8.61558896e-01	7.59069198e-01
8951            	5.12436263e-02	5.63704296e-02	1.62062777e+00	8.61557512e-01	7.59070259e-01
8952            	5.12414056e-02	5.63739356e-02	1.62062603e+00	8.61554420e-01	7.59071609e-01
8953            	5.12365419e-02	5.63751834e-02	1.62061809e+00	8.61545585e-01	7.59072501e-01
8954            	5.12302059e-02	5.63751530e-02	1.62060696e+00	8.61533687e-01	7.59073275e-01
8955            	5.12228977e-02	5.63745778e-02	1.62059407e+00	8.61519931e-01	7.59074135e-01
8956            	5.12132336e-02	5.63716678e-02	1.62057547e+00	8.61500969e-01	7.59074502e-01
8957            	5.12013059e-02	5.63666175e-02	1.62055184e+00	8.61477225e-01	7.59074613e-01
8958            	5.11877708e-02	5.63600144e-02	1.62052434e+00	8.61449943e-01	7.59074402e-01
8959            	5.11725597e-02	5.63519004e-02	1.62049325e+00	8.61419185e-01	7.59074066e-01
8960            	5.11557683e-02	5.63422716e-02	1.62045835e+00	8.61384945e-01	7.59073409e-01
8961            	5.11375555e-02	5.63314270e-02	1.62042046e+00	8.61347784e-01	7.59072673e-01
8962            	5.11180226e-02	5.63193025e-02	1.62037929e+00	8.61307665e-01	7.59071620e-01
8963            	5.10974600e-02	5.63062660e-02	1.62033585e+00	8.61265387e-01	7.59070467e-01
8964            	5.10761508e-02	5.62923541e-02	1.62029023e+00	8.61221263e-01	7.59068962e-01
8965            	5.10546750e-02	5.62781378e-02	1.62024400e+00	8.61176674e-01	7.59067324e-01
8966            	5.10335281e-02	5.62638049e-02	1.62019770e+00	8.61132378e-01	7.59065322e-01
8967            	5.10134703e-02	5.62500808e-02	1.62015338e+00	8.61090158e-01	7.59063217e-01
8968            	5.09950335e-02	5.62372080e-02	1.62011173e+00	8.61050897e-01	7.59060831e-01
8969            	5.09788774e-02	5.62258865e-02	1.62007470e+00	8.61016229e-01	7.59058474e-01
8970            	5.09659705e-02	5.62168279e-02	1.62004456e+00	8.60988250e-01	7.59056309e-01
8971            	5.09555781e-02	5.62093475e-02	1.62001932e+00	8.60965241e-01	7.59054084e-01
8972            	5.09474162e-02	5.62035813e-02	1.61999864e+00	8.60946735e-01	7.59051902e-01
8973            	5.09423864e-02	5.62002005e-02	1.61998545e+00	8.60935111e-01	7.59050338e-01
8974            	5.09395584e-02	5.61983913e-02	1.61997717e+00	8.60928145e-01	7.59049028e-01
8975            	5.09385876e-02	5.61978945e-02	1.61997378e+00	8.60925476e-01	7.59048301e-01
8976            	5.09388409e-02	5.61985630e-02	1.61997408e+00	8.60925880e-01	7.59048198e-01
8977            	5.09399050e-02	5.61998315e-02	1.61997696e+00	8.60928386e-01	7.59048576e-01
8978            	5.09408682e-02	5.62008668e-02	1.61998043e+00	8.60931081e-01	7.59049345e-01
8979            	5.09413607e-02	5.62012158e-02	1.61998351e+00	8.60933118e-01	7.59050396e-01
8980            	5.09411933e-02	5.62009882e-02	1.61998602e+00	8.60934202e-01	7.59051815e-01
8981            	5.09401612e-02	5.61998380e-02	1.61998708e+00	8.60933699e-01	7.59053377e-01
8982            	5.09377815e-02	5.61971780e-02	1.61998548e+00	8.60930521e-01	7.59054958e-01
8983            	5.09343920e-02	5.61936196e-02	1.61998202e+00	8.60925401e-01	7.59056618e-01
8984            	5.09303452e-02	5.61893255e-02	1.61997702e+00	8.60918855e-01	7.59058164e-01
8985            	5.09249562e-02	5.61835028e-02	1.61996899e+00	8.60909449e-01	7.59059537e-01
8986            	5.09189611e-02	5.61771012e-02	1.61995972e+00	8.60898819e-01	7.59060897e-01
8987            	5.09130526e-02	5.61705645e-02	1.61995040e+00	8.60888254e-01	7.59062149e-01
8988            	5.09063610e-02	5.61629113e-02	1.61993934e+00	8.60876030e-01	7.59063308e-01
8989            	5.08996811e-02	5.61552022e-02	1.61992861e+00	8.60863988e-01	7.59064626e-01
8990            	5.08935601e-02	5.61478158e-02	1.61991915e+00	8.60853136e-01	7.59066016e-01
8991            	5.08865613e-02	5.61393262e-02	1.61990812e+00	8.60840620e-01	7.59067497e-01
8992            	5.08790432e-02	5.61304840e-02	1.61989671e+00	8.60827398e-01	7.59069312e-01
8993            	5.08717852e-02	5.61218904e-02	1.61988613e+00	8.60814848e-01	7.59071278e-01
8994            	5.08631355e-02	5.61119443e-02	1.61987299e+00	8.60799629e-01	7.59073358e-01
8995            	5.08532557e-02	5.61011799e-02	1.61985797e+00	8.60782240e-01	7.59075729e-01
8996            	5.08436570e-02	5.60908029e-02	1.61984352e+00	8.60765418e-01	7.59078104e-01
8997            	5.08324813e-02	5.60790532e-02	1.61982570e+00	8.60745333e-01	7.59080370e-01
8998            	5.08195949e-02	5.60660640e-02	1.61980442e+00	8.60721804e-01	7.59082614e-01
8999            	5.08076020e-02	5.60539409e-02	1.61978445e+00	8.60699828e-01	7.59084624e-01
9000            	5.07946524e-02	5.60409674e-02	1.61976176e+00	8.60675534e-01	7.59086229e-01
9001            	5.07801038e-02	5.60266601e-02	1.61973504e+00	8.60647622e-01	7.59087414e-01
9002            	5.07674341e-02	5.60139143e-02	1.61971153e+00	8.60623200e-01	7.59088331e-01
9003            	5.07548916e-02	5.60013523e-02	1.61968756e+00	8.60598669e-01	7.59088886e-01
9004            	5.07421480e-02	5.59885382e-02	1.61966222e+00	8.60573257e-01	7.59088961e-01
9005            	5.07316574e-02	5.59775449e-02	1.61964120e+00	8.60552257e-01	7.59088942e-01
9006            	5.07226605e-02	5.59678745e-02	1.61962321e+00	8.60534266e-01	7.59088945e-01
9007            	5.07130400e-02	5.59581478e-02	1.61960409e+00	8.60515083e-01	7.59089003e-01
9008            	5.07028289e-02	5.59478486e-02	1.61958322e+00	8.60494439e-01	7.59088781e-01
9009            	5.06938823e-02	5.59385061e-02	1.61956493e+00	8.60476349e-01	7.59088584e-01
9010            	5.06847190e-02	5.59292218e-02	1.61954626e+00	8.60457847e-01	7.59088409e-01
9011            	5.06749386e-02	5.59191438e-02	1.61952566e+00	8.60437769e-01	7.59087891e-01
9012            	5.06668673e-02	5.59101768e-02	1.61950844e+00	8.60421087e-01	7.59087353e-01
9013            	5.06592044e-02	5.59017108e-02	1.61949201e+00	8.60405208e-01	7.59086800e-01
9014            	5.06506359e-02	5.58924378e-02	1.61947284e+00	8.60387056e-01	7.59085784e-01
9015            	5.06453607e-02	5.58855977e-02	1.61946075e+00	8.60375734e-01	7.59085013e-01
9016            	5.06415622e-02	5.58799263e-02	1.61945139e+00	8.60367257e-01	7.59084132e-01
9017            	5.06373901e-02	5.58737051e-02	1.61943970e+00	8.60357240e-01	7.59082459e-01
9018            	5.06359740e-02	5.58697369e-02	1.61943421e+00	8.60353077e-01	7.59081130e-01
9019            	5.06365603e-02	5.58674703e-02	1.61943282e+00	8.60352971e-01	7.59079850e-01
9020            	5.06378070e-02	5.58661674e-02	1.61943256e+00	8.60354086e-01	7.59078472e-01
9021            	5.06377901e-02	5.58638152e-02	1.61942758e+00	8.60351578e-01	7.59075998e-01
9022            	5.06398917e-02	5.58631861e-02	1.61942721e+00	8.60353497e-01	7.59073713e-01
9023            	5.06445494e-02	5.58648466e-02	1.61943338e+00	8.60361239e-01	7.59072141e-01
9024            	5.06501821e-02	5.58673705e-02	1.61944176e+00	8.60371064e-01	7.59070700e-01
9025            	5.06575615e-02	5.58713198e-02	1.61945447e+00	8.60384795e-01	7.59069672e-01
9026            	5.06659962e-02	5.58761113e-02	1.61946933e+00	8.60400662e-01	7.59068670e-01
9027            	5.06750700e-02	5.58815024e-02	1.61948508e+00	8.60417608e-01	7.59067468e-01
9028            	5.06849201e-02	5.58873442e-02	1.61950169e+00	8.60435765e-01	7.59065925e-01
9029            	5.06958244e-02	5.58941906e-02	1.61952001e+00	8.60455829e-01	7.59064181e-01
9030            	5.07080265e-02	5.59018311e-02	1.61953909e+00	8.60477570e-01	7.59061516e-01
9031            	5.07214060e-02	5.59109697e-02	1.61956263e+00	8.60502721e-01	7.59059908e-01
9032            	5.07356843e-02	5.59210097e-02	1.61958831e+00	8.60529841e-01	7.59058472e-01
9033            	5.07510506e-02	5.59316942e-02	1.61961551e+00	8.60558806e-01	7.59056705e-01
9034            	5.07675575e-02	5.59435844e-02	1.61964542e+00	8.60590269e-01	7.59055154e-01
9035            	5.07849523e-02	5.59563775e-02	1.61967755e+00	8.60623727e-01	7.59053823e-01
9036            	5.08039057e-02	5.59702231e-02	1.61971246e+00	8.60660133e-01	7.59052322e-01
9037            	5.08247379e-02	5.59856392e-02	1.61975114e+00	8.60700310e-01	7.59050834e-01
9038            	5.08446462e-02	5.60008198e-02	1.61978888e+00	8.60739085e-01	7.59049792e-01
9039            	5.08641454e-02	5.60160738e-02	1.61982640e+00	8.60777344e-01	7.59049053e-01
9040            	5.08851362e-02	5.60328114e-02	1.61986750e+00	8.60818888e-01	7.59048615e-01
9041            	5.09068369e-02	5.60501260e-02	1.61991021e+00	8.60861943e-01	7.59048269e-01
9042            	5.09285335e-02	5.60676720e-02	1.61995336e+00	8.60905212e-01	7.59048145e-01
9043            	5.09517372e-02	5.60865226e-02	1.62000020e+00	8.60951840e-01	7.59048365e-01
9044            	5.09747657e-02	5.61051366e-02	1.62004692e+00	8.60998228e-01	7.59048696e-01
9045            	5.09981532e-02	5.61241641e-02	1.62009488e+00	8.61045594e-01	7.59049288e-01
9046            	5.10252807e-02	5.61457291e-02	1.62015118e+00	8.61100871e-01	7.59050310e-01
9047            	5.10490047e-02	5.61651362e-02	1.62020053e+00	8.61149267e-01	7.59051258e-01
9048            	5.10679143e-02	5.61815098e-02	1.62024013e+00	8.61187981e-01	7.59052153e-01
9049            	5.10848234e-02	5.61966571e-02	1.62027564e+00	8.61222641e-01	7.59052994e-01
9050            	5.11027051e-02	5.62125098e-02	1.62031343e+00	8.61259418e-01	7.59054008e-01
9051            	5.11179382e-02	5.62265168e-02	1.62034515e+00	8.61290511e-01	7.59054635e-01
9052            	5.11324607e-02	5.62400714e-02	1.62037526e+00	8.61320091e-01	7.59055169e-01
9053            	5.11492464e-02	5.62554603e-02	1.62041074e+00	8.61354615e-01	7.59056122e-01
9054            	5.11640558e-02	5.62694347e-02	1.62044157e+00	8.61384841e-01	7.59056730e-01
9055            	5.11779059e-02	5.62829089e-02	1.62047071e+00	8.61413263e-01	7.59057451e-01
9056            	5.11931704e-02	5.62975927e-02	1.62050359e+00	8.61444967e-01	7.59058626e-01
9057            	5.12036290e-02	5.63088509e-02	1.62052620e+00	8.61466731e-01	7.59059473e-01
9058            	5.12185248e-02	5.63240457e-02	1.62055988e+00	8.61498466e-01	7.59061417e-01
9059            	5.12277049e-02	5.63349918e-02	1.62058124e+00	8.61518327e-01	7.59062917e-01
9060            	5.12386416e-02	5.63480542e-02	1.62060798e+00	8.61542631e-01	7.59065348e-01
9061            	5.12457204e-02	5.63584994e-02	1.62062682e+00	8.61559131e-01	7.59067690e-01
9062            	5.12492729e-02	5.63665099e-02	1.62063830e+00	8.61568424e-01	7.59069879e-01
9063            	5.12496331e-02	5.63722359e-02	1.62064292e+00	8.61571093e-01	7.59071827e-01
9064            	5.12471490e-02	5.63758130e-02	1.62064120e+00	8.61567750e-01	7.59073452e-01
9065            	5.12421856e-02	5.63773859e-02	1.62063375e+00	8.61559060e-01	7.59074688e-01
9066            	5.12351118e-02	5.63771184e-02	1.62062124e+00	8.61545731e-01	7.59075508e-01
9067            	5.12262654e-02	5.63751733e-02	1.62060436e+00	8.61528445e-01	7.59075915e-01
9068            	5.12159414e-02	5.63717192e-02	1.62058378e+00	8.61507830e-01	7.59075947e-01
9069            	5.12043808e-02	5.63669225e-02	1.62056009e+00	8.61484427e-01	7.59075665e-01
9070            	5.11917193e-02	5.63609223e-02	1.62053375e+00	8.61458592e-01	7.59075153e-01
9071            	5.11779756e-02	5.63538021e-02	1.62050495e+00	8.61430450e-01	7.59074498e-01
9072            	5.11630904e-02	5.63455975e-02	1.62047372e+00	8.61399951e-01	7.59073770e-01
9073            	5.11469726e-02	5.63363027e-02	1.62043996e+00	8.61366954e-01	7.59073009e-01
9074            	5.11295562e-02	5.63259079e-02	1.62040355e+00	8.61331334e-01	7.59072221e-01
9075            	5.11108313e-02	5.63144139e-02	1.62036442e+00	8.61293041e-01	7.59071379e-01
9076            	5.10909247e-02	5.63018925e-02	1.62032270e+00	8.61252277e-01	7.59070427e-01
9077            	5.10701257e-02	5.62885186e-02	1.62027886e+00	8.61209554e-01	7.59069303e-01
9078            	5.10489264e-02	5.62746048e-02	1.62023374e+00	8.61165794e-01	7.59067941e-01
9079            	5.10279364e-02	5.62605513e-02	1.62018847e+00	8.61122172e-01	7.59066299e-01
9080            	5.10078539e-02	5.62468450e-02	1.62014443e+00	8.61080071e-01	7.59064363e-01
9081            	5.09893797e-02	5.62340001e-02	1.62010308e+00	8.61040918e-01	7.59062159e-01
9082            	5.09731366e-02	5.62225032e-02	1.62006578e+00	8.61006028e-01	7.59059755e-01
9083            	5.09596205e-02	5.62127784e-02	1.62003376e+00	8.60976500e-01	7.59057259e-01
9084            	5.09491287e-02	5.62051195e-02	1.62000788e+00	8.60953068e-01	7.59054811e-01
9085            	5.09417231e-02	5.61996486e-02	1.61998857e+00	8.60936009e-01	7.59052563e-01
9086            	5.09372301e-02	5.61963086e-02	1.61997578e+00	8.60925122e-01	7.59050662e-01
9087            	5.09352601e-02	5.61948665e-02	1.61996899e+00	8.60919757e-01	7.59049237e-01
9088            	5.09352563e-02	5.61949421e-02	1.61996727e+00	8.60918892e-01	7.59048380e-01
9089            	5.09365588e-02	5.61960544e-02	1.61996940e+00	8.60921256e-01	7.59048139e-01
9090            	5.09384583e-02	5.61976553e-02	1.61997394e+00	8.60925428e-01	7.59048511e-01
9091            	5.09402736e-02	5.61991946e-02	1.61997944e+00	8.60929993e-01	7.59049446e-01
9092            	5.09414458e-02	5.62001889e-02	1.61998459e+00	8.60933739e-01	7.59050848e-01
9093            	5.09415773e-02	5.62002606e-02	1.61998834e+00	8.60935746e-01	7.59052591e-01
9094            	5.09404333e-02	5.61991506e-02	1.61998994e+00	8.60935404e-01	7.59054538e-01
9095            	5.09379344e-02	5.61967229e-02	1.61998896e+00	8.60932416e-01	7.59056547e-01
9096            	5.09341419e-02	5.61929663e-02	1.61998528e+00	8.60926783e-01	7.59058499e-01
9097            	5.09292129e-02	5.61879599e-02	1.61997903e+00	8.60918730e-01	7.59060304e-01
9098            	5.09233566e-02	5.61818380e-02	1.61997053e+00	8.60908623e-01	7.59061909e-01
9099            	5.09168366e-02	5.61748039e-02	1.61996030e+00	8.60896986e-01	7.59063313e-01
9100            	5.09099824e-02	5.61671469e-02	1.61994907e+00	8.60884517e-01	7.59064552e-01
9101            	5.09030654e-02	5.61591358e-02	1.61993752e+00	8.60871827e-01	7.59065696e-01
9102            	5.08961838e-02	5.61509163e-02	1.61992602e+00	8.60859192e-01	7.59066825e-01
9103            	5.08892832e-02	5.61425241e-02	1.61991463e+00	8.60846598e-01	7.59068031e-01
9104            	5.08822022e-02	5.61339077e-02	1.61990320e+00	8.60833802e-01	7.59069397e-01
9105            	5.08747595e-02	5.61249892e-02	1.61989149e+00	8.60820502e-01	7.59070983e-01
9106            	5.08667682e-02	5.61156707e-02	1.61987916e+00	8.60806348e-01	7.59072812e-01
9107            	5.08581266e-02	5.61059101e-02	1.61986601e+00	8.60791131e-01	7.59074878e-01
9108            	5.08486926e-02	5.60956151e-02	1.61985165e+00	8.60774516e-01	7.59077131e-01
9109            	5.08383539e-02	5.60846992e-02	1.61983568e+00	8.60756195e-01	7.59079488e-01
9110            	5.08285652e-02	5.60745477e-02	1.61982096e+00	8.60739047e-01	7.59081916e-01
9111            	5.08177618e-02	5.60635286e-02	1.61980379e+00	8.60719654e-01	7.59084131e-01
9112            	5.08047535e-02	5.60508236e-02	1.61978215e+00	8.60695826e-01	7.59086319e-01
9113            	5.07904294e-02	5.60368726e-02	1.61975711e+00	8.60668985e-01	7.59088126e-01
9114            	5.07773881e-02	5.60238469e-02	1.61973380e+00	8.60644290e-01	7.59089514e-01
9115            	5.07637865e-02	5.60103820e-02	1.61970863e+00	8.60618103e-01	7.59090530e-01
9116            	5.07499457e-02	5.59965970e-02	1.61968204e+00	8.60590968e-01	7.59091076e-01
9117            	5.07380202e-02	5.59843188e-02	1.61965862e+00	8.60567332e-01	7.59091292e-01
9118            	5.07260995e-02	5.59722191e-02	1.61963459e+00	8.60543393e-01	7.59091194e-01
9119            	5.07143224e-02	5.59602410e-02	1.61961024e+00	8.60519441e-01	7.59090796e-01
9120            	5.07045611e-02	5.59499075e-02	1.61958981e+00	8.60499469e-01	7.59090346e-01
9121            	5.06950241e-02	5.59399676e-02	1.61956963e+00	8.60479837e-01	7.59089789e-01
9122            	5.06855500e-02	5.59300419e-02	1.61954931e+00	8.60460206e-01	7.59089106e-01
9123            	5.06779885e-02	5.59215931e-02	1.61953310e+00	8.60444541e-01	7.59088564e-01
9124            	5.06705768e-02	5.59134414e-02	1.61951720e+00	8.60429178e-01	7.59088024e-01
9125            	5.06631060e-02	5.59051544e-02	1.61950102e+00	8.60413614e-01	7.59087402e-01
9126            	5.06573430e-02	5.58981576e-02	1.61948852e+00	8.60401601e-01	7.59086915e-01
9127            	5.06517759e-02	5.58914498e-02	1.61947624e+00	8.60389895e-01	7.59086343e-01
9128            	5.06463661e-02	5.58847118e-02	1.61946381e+00	8.60378271e-01	7.59085539e-01
9129            	5.06417490e-02	5.58786943e-02	1.61945267e+00	8.60368083e-01	7.59084585e-01
9130            	5.06372074e-02	5.58724651e-02	1.61944048e+00	8.60357450e-01	7.59083035e-01
9131            	5.06357908e-02	5.58686767e-02	1.61943515e+00	8.60353364e-01	7.59081783e-01
9132            	5.06364241e-02	5.58665291e-02	1.61943393e+00	8.60353389e-01	7.59080541e-01
9133            	5.06377263e-02	5.58651669e-02	1.61943369e+00	8.60354569e-01	7.59079116e-01
9134            	5.06397156e-02	5.58642997e-02	1.61943422e+00	8.60356824e-01	7.59077393e-01
9135            	5.06426402e-02	5.58644487e-02	1.61943630e+00	8.60360789e-01	7.59075509e-01
9136            	5.06457820e-02	5.58646399e-02	1.61943755e+00	8.60364558e-01	7.59072994e-01
9137            	5.06515025e-02	5.58670091e-02	1.61944528e+00	8.60374142e-01	7.59071137e-01
9138            	5.06589923e-02	5.58709026e-02	1.61945712e+00	8.60387551e-01	7.59069566e-01
9139            	5.06676076e-02	5.58758703e-02	1.61947117e+00	8.60403193e-01	7.59067978e-01
9140            	5.06772790e-02	5.58815458e-02	1.61948695e+00	8.60420752e-01	7.59066194e-01
9141            	5.06883038e-02	5.58885046e-02	1.61950549e+00	8.60441047e-01	7.59064440e-01
9142            	5.07006307e-02	5.58965045e-02	1.61952663e+00	8.60463944e-01	7.59062682e-01
9143            	5.07140484e-02	5.59055878e-02	1.61955056e+00	8.60489330e-01	7.59061234e-01
9144            	5.07284536e-02	5.59153369e-02	1.61957609e+00	8.60516497e-01	7.59059589e-01
9145            	5.07438340e-02	5.59260716e-02	1.61960373e+00	8.60545697e-01	7.59058029e-01
9146            	5.07599083e-02	5.59376112e-02	1.61963323e+00	8.60576522e-01	7.59056705e-01
9147            	5.07772477e-02	5.59501286e-02	1.61966509e+00	8.60609793e-01	7.59055297e-01
9148            	5.07958564e-02	5.59638815e-02	1.61969969e+00	8.60645702e-01	7.59053990e-01
9149            	5.08151542e-02	5.59784417e-02	1.61973611e+00	8.60683211e-01	7.59052903e-01
9150            	5.08346427e-02	5.59934223e-02	1.61977333e+00	8.60721308e-01	7.59052022e-01
9151            	5.08552980e-02	5.60095452e-02	1.61981329e+00	8.60761942e-01	7.59051346e-01
9152            	5.08758848e-02	5.60257584e-02	1.61985322e+00	8.60802494e-01	7.59050725e-01
9153            	5.08966731e-02	5.60423472e-02	1.61989399e+00	8.60843670e-01	7.59050324e-01
9154            	5.09191327e-02	5.60600887e-02	1.61993826e+00	8.60888264e-01	7.59049998e-01
9155            	5.09416036e-02	5.60779828e-02	1.61998284e+00	8.60933023e-01	7.59049816e-01
9156            	5.09635375e-02	5.60956102e-02	1.62002669e+00	8.60976882e-01	7.59049807e-01
9157            	5.09864947e-02	5.61141590e-02	1.62007324e+00	8.61023113e-01	7.59050123e-01
9158            	5.10064300e-02	5.61307907e-02	1.62011367e+00	8.61063267e-01	7.59050407e-01
9159            	5.10302681e-02	5.61500860e-02	1.62016230e+00	8.61111416e-01	7.59050880e-01
9160            	5.10502763e-02	5.61669376e-02	1.62020326e+00	8.61151908e-01	7.59051356e-01
9161            	5.10709478e-02	5.61844787e-02	1.62024614e+00	8.61194018e-01	7.59052123e-01
9162            	5.10904320e-02	5.62012473e-02	1.62028668e+00	8.61233774e-01	7.59052910e-01
9163            	5.11085311e-02	5.62171897e-02	1.62032459e+00	8.61270828e-01	7.59053766e-01
9164            	5.11253072e-02	5.62323272e-02	1.62035992e+00	8.61305267e-01	7.59054653e-01
9165            	5.11409602e-02	5.62467845e-02	1.62039302e+00	8.61337470e-01	7.59055550e-01
9166            	5.11585206e-02	5.62628229e-02	1.62043063e+00	8.61373838e-01	7.59056797e-01
9167            	5.11738040e-02	5.62773908e-02	1.62046360e+00	8.61405602e-01	7.59057994e-01
9168            	5.11879159e-02	5.62913489e-02	1.62049441e+00	8.61435121e-01	7.59059289e-01
9169            	5.12006067e-02	5.63045180e-02	1.62052254e+00	8.61461877e-01	7.59060663e-01
9170            	5.12116692e-02	5.63167398e-02	1.62054753e+00	8.61485432e-01	7.59062093e-01
9171            	5.12238581e-02	5.63301315e-02	1.62057549e+00	8.61511603e-01	7.59063887e-01
9172            	5.12328359e-02	5.63413146e-02	1.62059687e+00	8.61531271e-01	7.59065599e-01
9173            	5.12396396e-02	5.63511328e-02	1.62061398e+00	8.61546631e-01	7.59067351e-01
9174            	5.12440047e-02	5.63593388e-02	1.62062615e+00	8.61557080e-01	7.59069071e-01
9175            	5.12458401e-02	5.63657846e-02	1.62063303e+00	8.61562356e-01	7.59070676e-01
9176            	5.12493451e-02	5.63744398e-02	1.62064493e+00	8.61571812e-01	7.59073122e-01
9177            	5.12489351e-02	5.63799056e-02	1.62064810e+00	8.61572984e-01	7.59075114e-01
9178            	5.12448007e-02	5.63821879e-02	1.62064276e+00	8.61566183e-01	7.59076581e-01
9179            	5.12373895e-02	5.63815560e-02	1.62062979e+00	8.61552283e-01	7.59077504e-01
9180            	5.12272670e-02	5.63784179e-02	1.62061034e+00	8.61532439e-01	7.59077905e-01
9181            	5.12150278e-02	5.63732366e-02	1.62058573e+00	8.61507891e-01	7.59077836e-01
9182            	5.12012188e-02	5.63664672e-02	1.62055719e+00	8.61479815e-01	7.59077378e-01
9183            	5.11862255e-02	5.63584706e-02	1.62052573e+00	8.61449088e-01	7.59076637e-01
9184            	5.11702861e-02	5.63495023e-02	1.62049201e+00	8.61416291e-01	7.59075719e-01
9185            	5.11535008e-02	5.63397014e-02	1.62045641e+00	8.61381703e-01	7.59074702e-01
9186            	5.11358843e-02	5.63291236e-02	1.62041905e+00	8.61345411e-01	7.59073642e-01
9187            	5.11174310e-02	5.63177828e-02	1.62037997e+00	8.61307416e-01	7.59072554e-01
9188            	5.10981578e-02	5.63056879e-02	1.62033916e+00	8.61267736e-01	7.59071420e-01
9189            	5.10781882e-02	5.62929082e-02	1.62029678e+00	8.61226578e-01	7.59070201e-01
9190            	5.10578150e-02	5.62796303e-02	1.62025332e+00	8.61184477e-01	7.59068847e-01
9191            	5.10374595e-02	5.62661283e-02	1.62020954e+00	8.61142231e-01	7.59067312e-01
9192            	5.10176673e-02	5.62527790e-02	1.62016647e+00	8.61100902e-01	7.59065568e-01
9193            	5.09990405e-02	5.62400207e-02	1.62012531e+00	8.61061696e-01	7.59063615e-01
9194            	5.09821762e-02	5.62283049e-02	1.62008732e+00	8.61025837e-01	7.59061484e-01
9195            	5.09675987e-02	5.62180534e-02	1.62005368e+00	8.60994439e-01	7.59059242e-01
9196            	5.09557046e-02	5.62096113e-02	1.62002538e+00	8.60968395e-01	7.59056986e-01
9197            	5.09466949e-02	5.62031820e-02	1.62000306e+00	8.60948227e-01	7.59054837e-01
9198            	5.09405524e-02	5.61988050e-02	1.61998695e+00	8.60934025e-01	7.59052921e-01
9199            	5.09370392e-02	5.61963473e-02	1.61997679e+00	8.60925436e-01	7.59051358e-01
9200            	5.09357285e-02	5.61955189e-02	1.61997195e+00	8.60921703e-01	7.59050246e-01
9201            	5.09360552e-02	5.61959116e-02	1.61997142e+00	8.60921766e-01	7.59049655e-01
9202            	5.09373686e-02	5.61970332e-02	1.61997397e+00	8.60924353e-01	7.59049616e-01
9203            	5.09390008e-02	5.61983615e-02	1.61997824e+00	8.60928120e-01	7.59050118e-01
9204            	5.09403381e-02	5.61993972e-02	1.61998289e+00	8.60931785e-01	7.59051109e-01
9205            	5.09409144e-02	5.61997363e-02	1.61998683e+00	8.60934332e-01	7.59052503e-01
9206            	5.09404119e-02	5.61990786e-02	1.61998920e+00	8.60935014e-01	7.59054190e-01
9207            	5.09386577e-02	5.61972339e-02	1.61998941e+00	8.60933364e-01	7.59056049e-01
9208            	5.09356314e-02	5.61941353e-02	1.61998718e+00	8.60929224e-01	7.59057961e-01
9209            	5.09314302e-02	5.61898201e-02	1.61998251e+00	8.60922686e-01	7.59059825e-01
9210            	5.09262063e-02	5.61843747e-02	1.61997555e+00	8.60913979e-01	7.59061567e-01
9211            	5.09201776e-02	5.61779512e-02	1.61996665e+00	8.60903504e-01	7.59063149e-01
9212            	5.09136225e-02	5.61707720e-02	1.61995639e+00	8.60891819e-01	7.59064575e-01
9213            	5.09068532e-02	5.61631152e-02	1.61994547e+00	8.60879589e-01	7.59065883e-01
9214            	5.09000478e-02	5.61551691e-02	1.61993436e+00	8.60867228e-01	7.59067132e-01
9215            	5.08932183e-02	5.61470034e-02	1.61992322e+00	8.60854830e-01	7.59068394e-01
9216            	5.08862546e-02	5.61385966e-02	1.61991200e+00	8.60842254e-01	7.59069745e-01
9217            	5.08789790e-02	5.61298710e-02	1.61990046e+00	8.60829211e-01	7.59071253e-01
9218            	5.08712288e-02	5.61207520e-02	1.61988837e+00	8.60815415e-01	7.59072958e-01
9219            	5.08628470e-02	5.61111584e-02	1.61987544e+00	8.60800566e-01	7.59074872e-01
9220            	5.08537437e-02	5.61010535e-02	1.61986144e+00	8.60784464e-01	7.59076977e-01
9221            	5.08437877e-02	5.60903511e-02	1.61984600e+00	8.60766790e-01	7.59079215e-01
9222            	5.08329322e-02	5.60790173e-02	1.61982886e+00	8.60747364e-01	7.59081499e-01
9223            	5.08227161e-02	5.60684991e-02	1.61981307e+00	8.60729250e-01	7.59083818e-01
9224            	5.08115797e-02	5.60571794e-02	1.61979493e+00	8.60709043e-01	7.59085884e-01
9225            	5.07983701e-02	5.60442824e-02	1.61977250e+00	8.60684622e-01	7.59087882e-01
9226            	5.07839857e-02	5.60302604e-02	1.61974695e+00	8.60657460e-01	7.59089488e-01
9227            	5.07710189e-02	5.60172763e-02	1.61972343e+00	8.60632736e-01	7.59090698e-01
9228            	5.07575712e-02	5.60039377e-02	1.61969824e+00	8.60606690e-01	7.59091548e-01
9229            	5.07439430e-02	5.59903412e-02	1.61967179e+00	8.60579840e-01	7.59091954e-01
9230            	5.07322758e-02	5.59782920e-02	1.61964869e+00	8.60556621e-01	7.59092070e-01
9231            	5.07206866e-02	5.59664893e-02	1.61962517e+00	8.60533273e-01	7.59091900e-01
9232            	5.07092603e-02	5.59548264e-02	1.61960144e+00	8.60509979e-01	7.59091459e-01
9233            	5.06998408e-02	5.59447886e-02	1.61958166e+00	8.60490671e-01	7.59090990e-01
9234            	5.06906472e-02	5.59351371e-02	1.61956213e+00	8.60471714e-01	7.59090420e-01
9235            	5.06815058e-02	5.59254845e-02	1.61954247e+00	8.60452740e-01	7.59089729e-01
9236            	5.06742323e-02	5.59172736e-02	1.61952682e+00	8.60437645e-01	7.59089180e-01
9237            	5.06670928e-02	5.59093469e-02	1.61951143e+00	8.60422810e-01	7.59088624e-01
9238            	5.06599102e-02	5.59012885e-02	1.61949575e+00	8.60407787e-01	7.59087967e-01
9239            	5.06544450e-02	5.58945219e-02	1.61948375e+00	8.60396319e-01	7.59087429e-01
9240            	5.06492309e-02	5.58880808e-02	1.61947203e+00	8.60385247e-01	7.59086785e-01
9241            	5.06442202e-02	5.58816417e-02	1.61946022e+00	8.60374329e-01	7.59085888e-01
9242            	5.06400676e-02	5.58759701e-02	1.61944980e+00	8.60364966e-01	7.59084831e-01
9243            	5.06361653e-02	5.58702253e-02	1.61943870e+00	8.60355516e-01	7.59083185e-01
9244            	5.06353189e-02	5.58668875e-02	1.61943431e+00	8.60352475e-01	7.59081837e-01
9245            	5.06365165e-02	5.58652114e-02	1.61943408e+00	8.60353557e-01	7.59080524e-01
9246            	5.06384318e-02	5.58643681e-02	1.61943495e+00	8.60355908e-01	7.59079045e-01
9247            	5.06410536e-02	5.58640348e-02	1.61943666e+00	8.60359386e-01	7.59077278e-01
9248            	5.06445992e-02	5.58647094e-02	1.61943993e+00	8.60364566e-01	7.59075368e-01
9249            	5.06484285e-02	5.58654784e-02	1.61944257e+00	8.60369714e-01	7.59072857e-01
9250            	5.06547173e-02	5.58683358e-02	1.61945142e+00	8.60380429e-01	7.59070994e-01
9251            	5.06627573e-02	5.58727072e-02	1.61946437e+00	8.60394943e-01	7.59069428e-01
9252            	5.06719773e-02	5.58781951e-02	1.61947967e+00	8.60411814e-01	7.59067859e-01
9253            	5.06823206e-02	5.58844426e-02	1.61949685e+00	8.60430747e-01	7.59066105e-01
9254            	5.06939847e-02	5.58918912e-02	1.61951701e+00	8.60452489e-01	7.59064519e-01
9255            	5.07068364e-02	5.59004971e-02	1.61953956e+00	8.60476617e-01	7.59062944e-01
9256            	5.07206996e-02	5.59098055e-02	1.61956377e+00	8.60502585e-01	7.59061186e-01
9257            	5.07353643e-02	5.59199516e-02	1.61958998e+00	8.60530354e-01	7.59059625e-01
9258            	5.07511715e-02	5.59312265e-02	1.61961868e+00	8.60560510e-01	7.59058167e-01
9259            	5.07680947e-02	5.59433757e-02	1.61964948e+00	8.60592834e-01	7.59056645e-01
9260            	5.07859816e-02	5.59565188e-02	1.61968266e+00	8.60627309e-01	7.59055346e-01
9261            	5.08047162e-02	5.59705659e-02	1.61971797e+00	8.60663701e-01	7.59054269e-01
9262            	5.08239037e-02	5.59851931e-02	1.61975455e+00	8.60701176e-01	7.59053369e-01
9263            	5.08432388e-02	5.60001231e-02	1.61979166e+00	8.60739067e-01	7.59052589e-01
9264            	5.08641511e-02	5.60162954e-02	1.61983205e+00	8.60780176e-01	7.59051874e-01
9265            	5.08848933e-02	5.60325539e-02	1.61987229e+00	8.60821038e-01	7.59051251e-01
9266            	5.09062300e-02	5.60494617e-02	1.61991405e+00	8.60863256e-01	7.59050796e-01
9267            	5.09279562e-02	5.60668735e-02	1.61995697e+00	8.60906441e-01	7.59050528e-01
9268            	5.09514862e-02	5.60855082e-02	1.62000369e+00	8.60953332e-01	7.59050359e-01
9269            	5.09742099e-02	5.61037629e-02	1.62004909e+00	8.60998754e-01	7.59050334e-01
9270            	5.09963101e-02	5.61217346e-02	1.62009362e+00	8.61043120e-01	7.59050500e-01
9271            	5.10175964e-02	5.61393238e-02	1.62013690e+00	8.61086047e-01	7.59050854e-01
9272            	5.10403236e-02	5.61581875e-02	1.62018393e+00	8.61132290e-01	7.59051643e-01
9273            	5.10593954e-02	5.61746704e-02	1.62022338e+00	8.61171087e-01	7.59052296e-01
9274            	5.10837569e-02	5.61949011e-02	1.62027454e+00	8.61221025e-01	7.59053511e-01
9275            	5.11026913e-02	5.62114467e-02	1.62031439e+00	8.61259886e-01	7.59054503e-01
9276            	5.11191323e-02	5.62263467e-02	1.62034916e+00	8.61293713e-01	7.59055449e-01
9277            	5.11364265e-02	5.62420561e-02	1.62038613e+00	8.61329489e-01	7.59056636e-01
9278            	5.11515059e-02	5.62562370e-02	1.62041827e+00	8.61360642e-01	7.59057631e-01
9279            	5.11654788e-02	5.62697462e-02	1.62044815e+00	8.61389552e-01	7.59058594e-01
9280            	5.11783667e-02	5.62825891e-02	1.62047580e+00	8.61416267e-01	7.59059534e-01
9281            	5.11902347e-02	5.62948202e-02	1.62050142e+00	8.61440945e-01	7.59060476e-01
9282            	5.12011478e-02	5.63065125e-02	1.62052520e+00	8.61463748e-01	7.59061452e-01
9283            	5.12111018e-02	5.63176983e-02	1.62054721e+00	8.61484706e-01	7.59062502e-01
9284            	5.12229764e-02	5.63307469e-02	1.62057398e+00	8.61509965e-01	7.59064012e-01
9285            	5.12317466e-02	5.63416982e-02	1.62059461e+00	8.61529051e-01	7.59065558e-01
9286            	5.12389185e-02	5.63517975e-02	1.62061244e+00	8.61545140e-01	7.59067303e-01
9287            	5.12440543e-02	5.63606765e-02	1.62062648e+00	8.61557294e-01	7.59069186e-01
9288            	5.12468319e-02	5.63680135e-02	1.62063590e+00	8.61564779e-01	7.59071116e-01
9289            	5.12470664e-02	5.63735602e-02	1.62064011e+00	8.61567121e-01	7.59072988e-01
9290            	5.12447208e-02	5.63771727e-02	1.62063885e+00	8.61564144e-01	7.59074703e-01
9291            	5.12416697e-02	5.63807736e-02	1.62063661e+00	8.61559972e-01	7.59076633e-01
9292            	5.12350181e-02	5.63811004e-02	1.62062603e+00	8.61548032e-01	7.59077995e-01
9293            	5.12258237e-02	5.63791557e-02	1.62060956e+00	8.61530603e-01	7.59078955e-01
9294            	5.12142712e-02	5.63749613e-02	1.62058745e+00	8.61507994e-01	7.59079452e-01
9295            	5.12011885e-02	5.63695140e-02	1.62056167e+00	8.61482026e-01	7.59079649e-01
9296            	5.11857700e-02	5.63614504e-02	1.62053007e+00	8.61450804e-01	7.59079264e-01
9297            	5.11685541e-02	5.63518648e-02	1.62049425e+00	8.61415678e-01	7.59078570e-01
9298            	5.11495994e-02	5.63403459e-02	1.62045396e+00	8.61376577e-01	7.59077379e-01
9299            	5.11293130e-02	5.63273674e-02	1.62041047e+00	8.61334550e-01	7.59075924e-01
9300            	5.11078948e-02	5.63130768e-02	1.62036395e+00	8.61289870e-01	7.59074081e-01
9301            	5.10857883e-02	5.62980913e-02	1.62031577e+00	8.61243674e-01	7.59072097e-01
9302            	5.10635694e-02	5.62827217e-02	1.62026686e+00	8.61196999e-01	7.59069861e-01
9303            	5.10419209e-02	5.62677216e-02	1.62021918e+00	8.61151509e-01	7.59067667e-01
9304            	5.10213949e-02	5.62533852e-02	1.62017351e+00	8.61108148e-01	7.59065358e-01
9305            	5.10025920e-02	5.62403569e-02	1.62013159e+00	8.61068385e-01	7.59063202e-01
9306            	5.09859557e-02	5.62288026e-02	1.62009394e+00	8.61032928e-01	7.59061017e-01
9307            	5.09718893e-02	5.62192035e-02	1.62006190e+00	8.61002838e-01	7.59059059e-01
9308            	5.09610486e-02	5.62119601e-02	1.62003689e+00	8.60979495e-01	7.59057397e-01
9309            	5.09526589e-02	5.62063248e-02	1.62001684e+00	8.60961078e-01	7.59055760e-01
9310            	5.09464133e-02	5.62023795e-02	1.62000127e+00	8.60947049e-01	7.59054222e-01
9311            	5.09427108e-02	5.62003056e-02	1.61999175e+00	8.60938585e-01	7.59053163e-01
9312            	5.09407751e-02	5.61993969e-02	1.61998607e+00	8.60933813e-01	7.59052262e-01
9313            	5.09401676e-02	5.61992865e-02	1.61998389e+00	8.60932115e-01	7.59051779e-01
9314            	5.09403755e-02	5.61999256e-02	1.61998434e+00	8.60932546e-01	7.59051795e-01
9315            	5.09409832e-02	5.62007501e-02	1.61998630e+00	8.60934131e-01	7.59052164e-01
9316            	5.09413406e-02	5.62011600e-02	1.61998835e+00	8.60935515e-01	7.59052834e-01
9317            	5.09410593e-02	5.62006887e-02	1.61998954e+00	8.60935831e-01	7.59053713e-01
9318            	5.09400882e-02	5.61995873e-02	1.61999003e+00	8.60935105e-01	7.59054929e-01
9319            	5.09383645e-02	5.61976509e-02	1.61998932e+00	8.60933025e-01	7.59056296e-01
9320            	5.09353660e-02	5.61942558e-02	1.61998612e+00	8.60928427e-01	7.59057695e-01
9321            	5.09315173e-02	5.61901140e-02	1.61998148e+00	8.60922256e-01	7.59059222e-01
9322            	5.09272039e-02	5.61854267e-02	1.61997581e+00	8.60915107e-01	7.59060699e-01
9323            	5.09216854e-02	5.61793402e-02	1.61996750e+00	8.60905434e-01	7.59062063e-01
9324            	5.09157035e-02	5.61728229e-02	1.61995838e+00	8.60894893e-01	7.59063486e-01
9325            	5.09099491e-02	5.61663210e-02	1.61994961e+00	8.60884754e-01	7.59064856e-01
9326            	5.09034728e-02	5.61587817e-02	1.61993932e+00	8.60873130e-01	7.59066185e-01
9327            	5.08969651e-02	5.61511850e-02	1.61992934e+00	8.60861634e-01	7.59067704e-01
9328            	5.08909209e-02	5.61438596e-02	1.61992043e+00	8.60851135e-01	7.59069294e-01
9329            	5.08838519e-02	5.61353329e-02	1.61990965e+00	8.60838674e-01	7.59070971e-01
9330            	5.08761003e-02	5.61263389e-02	1.61989812e+00	8.60825158e-01	7.59072958e-01
9331            	5.08685033e-02	5.61175072e-02	1.61988709e+00	8.60812046e-01	7.59075040e-01
9332            	5.08594408e-02	5.61072671e-02	1.61987324e+00	8.60796059e-01	7.59077177e-01
9333            	5.08490354e-02	5.60961213e-02	1.61985716e+00	8.60777614e-01	7.59079543e-01
9334            	5.08389145e-02	5.60853495e-02	1.61984152e+00	8.60759676e-01	7.59081847e-01
9335            	5.08272399e-02	5.60732127e-02	1.61982242e+00	8.60738450e-01	7.59083970e-01
9336            	5.08139271e-02	5.60598927e-02	1.61979989e+00	8.60713871e-01	7.59086017e-01
9337            	5.08016457e-02	5.60475240e-02	1.61977890e+00	8.60691097e-01	7.59087806e-01
9338            	5.07885731e-02	5.60344278e-02	1.61975548e+00	8.60666315e-01	7.59089169e-01
9339            	5.07741149e-02	5.60201941e-02	1.61972849e+00	8.60638361e-01	7.59090132e-01
9340            	5.07616301e-02	5.60076016e-02	1.61970500e+00	8.60614131e-01	7.59090871e-01
9341            	5.07493113e-02	5.59952144e-02	1.61968117e+00	8.60589895e-01	7.59091273e-01
9342            	5.07367039e-02	5.59825066e-02	1.61965585e+00	8.60564627e-01	7.59091219e-01
9343            	5.07263690e-02	5.59716242e-02	1.61963497e+00	8.60543856e-01	7.59091118e-01
9344            	5.07176054e-02	5.59621329e-02	1.61961738e+00	8.60526294e-01	7.59091083e-01
9345            	5.07082920e-02	5.59526577e-02	1.61959886e+00	8.60507723e-01	7.59091139e-01
9346            	5.06984054e-02	5.59426241e-02	1.61957869e+00	8.60487748e-01	7.59090937e-01
9347            	5.06897850e-02	5.59335391e-02	1.61956109e+00	8.60470330e-01	7.59090760e-01
9348            	5.06809687e-02	5.59245446e-02	1.61954315e+00	8.60452546e-01	7.59090608e-01
9349            	5.06700542e-02	5.59138098e-02	1.61952002e+00	8.60430062e-01	7.59089954e-01
9350            	5.06625122e-02	5.59054964e-02	1.61950429e+00	8.60414658e-01	7.59089634e-01
9351            	5.06570875e-02	5.58985735e-02	1.61949280e+00	8.60403490e-01	7.59089315e-01
9352            	5.06517187e-02	5.58913616e-02	1.61948037e+00	8.60391902e-01	7.59088465e-01
9353            	5.06451301e-02	5.58832515e-02	1.61946452e+00	8.60377388e-01	7.59087128e-01
9354            	5.06414897e-02	5.58776238e-02	1.61945536e+00	8.60369172e-01	7.59086192e-01
9355            	5.06396591e-02	5.58735216e-02	1.61944968e+00	8.60364498e-01	7.59085179e-01
9356            	5.06381894e-02	5.58700754e-02	1.61944420e+00	8.60360289e-01	7.59083911e-01
9357            	5.06371497e-02	5.58669224e-02	1.61943864e+00	8.60356470e-01	7.59082171e-01
9358            	5.06378253e-02	5.58652274e-02	1.61943650e+00	8.60356077e-01	7.59080426e-01
9359            	5.06393572e-02	5.58644568e-02	1.61943590e+00	8.60357308e-01	7.59078594e-01
9360            	5.06416190e-02	5.58639999e-02	1.61943617e+00	8.60359703e-01	7.59076465e-01
9361            	5.06458990e-02	5.58650983e-02	1.61944092e+00	8.60366359e-01	7.59074561e-01
9362            	5.06513757e-02	5.58672841e-02	1.61944819e+00	8.60375473e-01	7.59072722e-01
9363            	5.06574937e-02	5.58697987e-02	1.61945594e+00	8.60385466e-01	7.59070478e-01
9364            	5.06659633e-02	5.58743255e-02	1.61946979e+00	8.60400857e-01	7.59068930e-01
9365            	5.06760434e-02	5.58802330e-02	1.61948723e+00	8.60419656e-01	7.59067570e-01
9366            	5.06872721e-02	5.58868890e-02	1.61950622e+00	8.60440380e-01	7.59065836e-01
9367            	5.06996922e-02	5.58948291e-02	1.61952790e+00	8.60463644e-01	7.59064260e-01
9368            	5.07131087e-02	5.59038240e-02	1.61955184e+00	8.60489027e-01	7.59062809e-01
9369            	5.07274382e-02	5.59135194e-02	1.61957695e+00	8.60515915e-01	7.59061038e-01
9370            	5.07427610e-02	5.59244348e-02	1.61960431e+00	8.60544918e-01	7.59059396e-01
9371            	5.07587284e-02	5.59361828e-02	1.61963352e+00	8.60575487e-01	7.59058030e-01
9372            	5.07759696e-02	5.59488753e-02	1.61966498e+00	8.60608462e-01	7.59056522e-01
9373            	5.07952299e-02	5.59632556e-02	1.61970049e+00	8.60645477e-01	7.59055017e-01
9374            	5.08143107e-02	5.59778366e-02	1.61973656e+00	8.60682589e-01	7.59053968e-01
9375            	5.08333484e-02	5.59926308e-02	1.61977307e+00	8.60719885e-01	7.59053188e-01
9376            	5.08534543e-02	5.60084406e-02	1.61981210e+00	8.60759506e-01	7.59052597e-01
9377            	5.08739429e-02	5.60244486e-02	1.61985186e+00	8.60799873e-01	7.59051987e-01
9378            	5.08944981e-02	5.60406575e-02	1.61989203e+00	8.60840511e-01	7.59051515e-01
9379            	5.09168326e-02	5.60583312e-02	1.61993620e+00	8.60884932e-01	7.59051266e-01
9380            	5.09411540e-02	5.60773595e-02	1.61998459e+00	8.60933450e-01	7.59051142e-01
9381            	5.09634422e-02	5.60953055e-02	1.62002947e+00	8.60978178e-01	7.59051293e-01
9382            	5.09858785e-02	5.61131735e-02	1.62007467e+00	8.61023214e-01	7.59051457e-01
9383            	5.10082948e-02	5.61313485e-02	1.62012021e+00	8.61068400e-01	7.59051810e-01
9384            	5.10283301e-02	5.61481347e-02	1.62016135e+00	8.61109007e-01	7.59052347e-01
9385            	5.10492833e-02	5.61654609e-02	1.62020437e+00	8.61151467e-01	7.59052900e-01
9386            	5.10699799e-02	5.61829970e-02	1.62024702e+00	8.61193492e-01	7.59053533e-01
9387            	5.10882680e-02	5.61990941e-02	1.62028510e+00	8.61230820e-01	7.59054284e-01
9388            	5.11073691e-02	5.62156783e-02	1.62032492e+00	8.61269829e-01	7.59055091e-01
9389            	5.11258677e-02	5.62322331e-02	1.62036374e+00	8.61307737e-01	7.59056002e-01
9390            	5.11442136e-02	5.62486838e-02	1.62040268e+00	8.61345552e-01	7.59057125e-01
9391            	5.11653702e-02	5.62675054e-02	1.62044820e+00	8.61389469e-01	7.59058729e-01
9392            	5.11797874e-02	5.62816692e-02	1.62047958e+00	8.61419579e-01	7.59060004e-01
9393            	5.11909961e-02	5.62937296e-02	1.62050457e+00	8.61443279e-01	7.59061287e-01
9394            	5.12026986e-02	5.63062790e-02	1.62053124e+00	8.61468320e-01	7.59062923e-01
9395            	5.12121359e-02	5.63172695e-02	1.62055281e+00	8.61488541e-01	7.59064269e-01
9396            	5.12198874e-02	5.63271981e-02	1.62057099e+00	8.61505383e-01	7.59065608e-01
9397            	5.12287657e-02	5.63383310e-02	1.62059239e+00	8.61524963e-01	7.59067431e-01
9398            	5.12344263e-02	5.63470479e-02	1.62060629e+00	8.61537573e-01	7.59068720e-01
9399            	5.12381114e-02	5.63544395e-02	1.62061607e+00	8.61546145e-01	7.59069922e-01
9400            	5.12439743e-02	5.63643427e-02	1.62063188e+00	8.61559913e-01	7.59071964e-01
9401            	5.12463252e-02	5.63715359e-02	1.62064005e+00	8.61566350e-01	7.59073700e-01
9402            	5.12452664e-02	5.63760050e-02	1.62064077e+00	8.61565652e-01	7.59075119e-01
9403            	5.12411028e-02	5.63779170e-02	1.62063466e+00	8.61558431e-01	7.59076225e-01
9404            	5.12342243e-02	5.63775252e-02	1.62062251e+00	8.61545478e-01	7.59077029e-01
9405            	5.12250370e-02	5.63751057e-02	1.62060515e+00	8.61527613e-01	7.59077539e-01
9406            	5.12139491e-02	5.63709473e-02	1.62058344e+00	8.61505669e-01	7.59077771e-01
9407            	5.12013230e-02	5.63653232e-02	1.62055814e+00	8.61480392e-01	7.59077746e-01
9408            	5.11873882e-02	5.63584304e-02	1.62052977e+00	8.61452274e-01	7.59077498e-01
9409            	5.11722723e-02	5.63503973e-02	1.62049867e+00	8.61421605e-01	7.59077061e-01
9410            	5.11560159e-02	5.63412822e-02	1.62046495e+00	8.61388489e-01	7.59076457e-01
9411            	5.11386180e-02	5.63310999e-02	1.62042863e+00	8.61352932e-01	7.59075696e-01
9412            	5.11200973e-02	5.63198643e-02	1.62038973e+00	8.61314963e-01	7.59074769e-01
9413            	5.11005197e-02	5.63076143e-02	1.62034836e+00	8.61274697e-01	7.59073658e-01
9414            	5.10800742e-02	5.62944720e-02	1.62030483e+00	8.61232488e-01	7.59072340e-01
9415            	5.10591245e-02	5.62806902e-02	1.62025984e+00	8.61189042e-01	7.59070793e-01
9416            	5.10381673e-02	5.62666185e-02	1.62021435e+00	8.61145342e-01	7.59069008e-01
9417            	5.10178150e-02	5.62527057e-02	1.62016961e+00	8.61102622e-01	7.59066992e-01
9418            	5.09987250e-02	5.62394534e-02	1.62012701e+00	8.61062230e-01	7.59064780e-01
9419            	5.09815313e-02	5.62273597e-02	1.62008792e+00	8.61025492e-01	7.59062430e-01
9420            	5.09667739e-02	5.62168714e-02	1.62005359e+00	8.60993571e-01	7.59060023e-01
9421            	5.09548454e-02	5.62083383e-02	1.62002503e+00	8.60967361e-01	7.59057670e-01
9422            	5.09459259e-02	5.62019496e-02	1.62000283e+00	8.60947341e-01	7.59055489e-01
9423            	5.09399655e-02	5.61977165e-02	1.61998713e+00	8.60933532e-01	7.59053601e-01
9424            	5.09366890e-02	5.61954711e-02	1.61997761e+00	8.60925492e-01	7.59052114e-01
9425            	5.09356326e-02	5.61948867e-02	1.61997349e+00	8.60922376e-01	7.59051111e-01
9426            	5.09361976e-02	5.61955212e-02	1.61997369e+00	8.60923042e-01	7.59050647e-01
9427            	5.09377088e-02	5.61968563e-02	1.61997689e+00	8.60926153e-01	7.59050735e-01
9428            	5.09394813e-02	5.61983511e-02	1.61998167e+00	8.60930316e-01	7.59051353e-01
9429            	5.09408921e-02	5.61994951e-02	1.61998666e+00	8.60934220e-01	7.59052436e-01
9430            	5.09414762e-02	5.61998835e-02	1.61999073e+00	8.60936842e-01	7.59053889e-01
9431            	5.09409246e-02	5.61992216e-02	1.61999305e+00	8.60937449e-01	7.59055600e-01
9432            	5.09390789e-02	5.61973303e-02	1.61999305e+00	8.60935603e-01	7.59057445e-01
9433            	5.09359364e-02	5.61941570e-02	1.61999050e+00	8.60931184e-01	7.59059311e-01
9434            	5.09316121e-02	5.61897533e-02	1.61998543e+00	8.60924327e-01	7.59061103e-01
9435            	5.09262763e-02	5.61842215e-02	1.61997806e+00	8.60915306e-01	7.59062754e-01
9436            	5.09201592e-02	5.61777241e-02	1.61996879e+00	8.60904555e-01	7.59064236e-01
9437            	5.09135437e-02	5.61704883e-02	1.61995822e+00	8.60892652e-01	7.59065565e-01
9438            	5.09067464e-02	5.61627972e-02	1.61994707e+00	8.60880280e-01	7.59066787e-01
9439            	5.08999504e-02	5.61548452e-02	1.61993584e+00	8.60867870e-01	7.59067969e-01
9440            	5.08931693e-02	5.61467051e-02	1.61992471e+00	8.60855525e-01	7.59069187e-01
9441            	5.08862881e-02	5.61383541e-02	1.61991362e+00	8.60843096e-01	7.59070520e-01
9442            	5.08791198e-02	5.61297087e-02	1.61990231e+00	8.60830275e-01	7.59072035e-01
9443            	5.08726401e-02	5.61218984e-02	1.61989296e+00	8.60819119e-01	7.59073839e-01
9444            	5.08654209e-02	5.61133997e-02	1.61988229e+00	8.60806564e-01	7.59075722e-01
9445            	5.08561611e-02	5.61033088e-02	1.61986841e+00	8.60790368e-01	7.59078046e-01
9446            	5.08453058e-02	5.60917976e-02	1.61985144e+00	8.60771025e-01	7.59080414e-01
9447            	5.08346230e-02	5.60805184e-02	1.61983475e+00	8.60752000e-01	7.59082754e-01
9448            	5.08223145e-02	5.60680139e-02	1.61981491e+00	8.60729768e-01	7.59085139e-01
9449            	5.08088403e-02	5.60544797e-02	1.61979216e+00	8.60704922e-01	7.59087242e-01
9450            	5.07963117e-02	5.60417728e-02	1.61977065e+00	8.60681638e-01	7.59089015e-01
9451            	5.07829883e-02	5.60285612e-02	1.61974701e+00	8.60656491e-01	7.59090514e-01
9452            	5.07692732e-02	5.60149845e-02	1.61972169e+00	8.60630116e-01	7.59091570e-01
9453            	5.07572150e-02	5.60027743e-02	1.61969899e+00	8.60606709e-01	7.59092279e-01
9454            	5.07449134e-02	5.59905477e-02	1.61967521e+00	8.60582517e-01	7.59092690e-01
9455            	5.07323989e-02	5.59781112e-02	1.61965027e+00	8.60557532e-01	7.59092735e-01
9456            	5.07218393e-02	5.59672169e-02	1.61962895e+00	8.60536314e-01	7.59092636e-01
9457            	5.07113934e-02	5.59565745e-02	1.61960754e+00	8.60515165e-01	7.59092379e-01
9458            	5.07008826e-02	5.59458062e-02	1.61958562e+00	8.60493694e-01	7.59091929e-01
9459            	5.06922795e-02	5.59364787e-02	1.61956761e+00	8.60476087e-01	7.59091528e-01
9460            	5.06837909e-02	5.59273740e-02	1.61954971e+00	8.60458646e-01	7.59091064e-01
9461            	5.06752076e-02	5.59181081e-02	1.61953138e+00	8.60440899e-01	7.59090484e-01
9462            	5.06682833e-02	5.59101130e-02	1.61951658e+00	8.60426573e-01	7.59090006e-01
9463            	5.06613951e-02	5.59023239e-02	1.61950172e+00	8.60412254e-01	7.59089463e-01
9464            	5.06545040e-02	5.58944315e-02	1.61948648e+00	8.60397744e-01	7.59088736e-01
9465            	5.06482709e-02	5.58871705e-02	1.61947232e+00	8.60384430e-01	7.59087888e-01
9466            	5.06418094e-02	5.58794906e-02	1.61945658e+00	8.60370100e-01	7.59086481e-01
9467            	5.06386161e-02	5.58743348e-02	1.61944808e+00	8.60362656e-01	7.59085424e-01
9468            	5.06374869e-02	5.58707930e-02	1.61944376e+00	8.60359367e-01	7.59084393e-01
9469            	5.06369797e-02	5.58679564e-02	1.61944034e+00	8.60357148e-01	7.59083189e-01
9470            	5.06370862e-02	5.58655208e-02	1.61943754e+00	8.60355854e-01	7.59081682e-01
9471            	5.06388353e-02	5.58644996e-02	1.61943806e+00	8.60357864e-01	7.59080194e-01
9472            	5.06413436e-02	5.58643452e-02	1.61943982e+00	8.60361255e-01	7.59078567e-01
9473            	5.06445817e-02	5.58646516e-02	1.61944248e+00	8.60365821e-01	7.59076658e-01
9474            	5.06494877e-02	5.58663580e-02	1.61944868e+00	8.60373827e-01	7.59074852e-01
9475            	5.06553965e-02	5.58690504e-02	1.61945672e+00	8.60383756e-01	7.59072963e-01
9476            	5.06623511e-02	5.58724064e-02	1.61946643e+00	8.60395564e-01	7.59070861e-01
9477            	5.06709999e-02	5.58771977e-02	1.61947989e+00	8.60410944e-01	7.59068944e-01
9478            	5.06810346e-02	5.58832761e-02	1.61949611e+00	8.60429092e-01	7.59067023e-01
9479            	5.06924648e-02	5.58903537e-02	1.61951497e+00	8.60449947e-01	7.59065018e-01
9480            	5.07052609e-02	5.58986942e-02	1.61953704e+00	8.60473781e-01	7.59063260e-01
9481            	5.07192780e-02	5.59082458e-02	1.61956173e+00	8.60500142e-01	7.59061586e-01
9482            	5.07344100e-02	5.59187134e-02	1.61958881e+00	8.60528817e-01	7.59059997e-01
9483            	5.07503765e-02	5.59300762e-02	1.61961804e+00	8.60559395e-01	7.59058642e-01
