grid,cells,time,face_local_index,x_over_c,y_over_c,surface,tau_x,tau_y,tau_z,tangent_x,tangent_y,tau_t_attached,Cf
COARSE,82642,2072,0,0.19839721500000002,-0.0572790665,lower,-0.25175382,0.01472832,2.339375e-17,0.9982809848396726,-0.058609515503314245,0.25218427106612745,0.002241637965032244
COARSE,82642,2072,1,0.19519205499999998,-0.0570864945,lower,-0.25298125,0.015437129,-2.3681107e-17,0.998125778241522,-0.061195839807586846,0.2534517951101361,0.0022529048454234322
COARSE,82642,2072,2,0.191988135,-0.056886121,lower,-0.25408709,0.01615926,2.39804e-17,0.9979714400316739,-0.06366321450497926,0.2546004095363793,0.002263114751434483
COARSE,82642,2072,3,0.188786275,-0.056677853,lower,-0.25521858,0.016899181,-7.3675423e-22,0.997807882271836,-0.06617726253173108,0.2557774523638334,0.002273577354345186
COARSE,82642,2072,4,0.18558729,-0.0564616,lower,-0.25634162,0.017659165,0.0,0.9976346597410968,-0.06873925867556424,0.256949162757111,0.002283992557840987
COARSE,82642,2072,5,0.18239200500000002,-0.056237273500000004,lower,-0.25745362,0.018436972,0.0,0.9974513193539014,-0.07135030146510377,0.25811293645174166,0.0022943372129043704
COARSE,82642,2072,6,0.179201245,-0.0560047895,lower,-0.25855113,0.01923466,0.0,0.997257402186033,-0.07401130849515422,0.25926561059112274,0.0023045832052544244
COARSE,82642,2072,7,0.176015835,-0.055764067,lower,-0.25962955,0.020052762,-2.868347e-23,0.9970524154566006,-0.07672340472214567,0.2604027861261331,0.002314691432232294
COARSE,82642,2072,8,0.172836585,-0.0555150275,lower,-0.26068578,0.020887815,-2.6024261e-17,0.9968358551051878,-0.07948759637018266,0.26152125462783793,0.0023246333744696705
COARSE,82642,2072,9,0.16966430999999998,-0.055257597,lower,-0.26171667,0.021741022,5.282215e-17,0.99660717698682,-0.08230513215080512,0.2626181093478947,0.0023343831942035085
COARSE,82642,2072,10,0.16649983000000002,-0.0549917045,lower,-0.26271882,0.022616233,2.680883e-17,0.9963658018059008,-0.08517739718777631,0.26369043959993244,0.002343915018666066
COARSE,82642,2072,11,0.16334395499999999,-0.054717282000000006,lower,-0.26368676,0.023511666,2.722753e-17,0.9961111381468621,-0.08810562104521417,0.26473282855259617,0.002353180698245299
COARSE,82642,2072,12,0.1601975,-0.054434265999999995,lower,-0.26461773,0.024426504,-2.7654512e-17,0.9958425622847182,-0.09109111450743781,0.26574263574204615,0.0023621567621515214
COARSE,82642,2072,13,0.15706127,-0.054142596,lower,-0.26550712,0.025356507,-2.8103637e-17,0.995559407932788,-0.09413535614484435,0.26671505500617393,0.0023708004889437684
COARSE,82642,2072,14,0.15393607,-0.053842215,lower,-0.26634993,0.026307765,-2.8565536e-17,0.9952609794134277,-0.09723982135434327,0.26764585456733,0.002379074262820711
COARSE,82642,2072,15,0.150822705,-0.0535330705,lower,-0.26714127,0.027278193,0.0,0.9949465480835029,-0.10040600807084174,0.268530178903659,0.00238693492358808
COARSE,82642,2072,16,0.147721975,-0.05321511350000001,lower,-0.26787549,0.028266957,5.9070754e-17,0.9946153352877415,-0.10363558660254528,0.26936253297188195,0.0023943336264167286
COARSE,82642,2072,17,0.144634675,-0.0528882985,lower,-0.26854726,0.029273858,6.0110505e-17,0.9942665164306689,-0.10693032453341914,0.27013781183348634,0.002401224994075434
COARSE,82642,2072,18,0.1415616,-0.052552584,lower,-0.26915027,0.03029752,6.1171687e-17,0.9938992347444977,-0.11029193612545775,0.27084981952487475,0.00240755395133222
COARSE,82642,2072,19,0.13850353999999998,-0.052207933,lower,-0.26967784,0.031333296,-7.5509676e-21,0.9935125847881519,-0.11372222239986923,0.2714916199347186,0.0024132588438641653
COARSE,82642,2072,20,0.135461275,-0.0518543115,lower,-0.27012243,0.032393137,0.0,0.9931055863384031,-0.1172232672444197,0.27205732358374035,0.002418287320744359
COARSE,82642,2072,21,0.13243559,-0.05149169,lower,-0.27047677,0.033461776,-6.4576818e-17,0.9926772047820945,-0.12079721481063838,0.27253821334550693,0.002422561896404506
COARSE,82642,2072,22,0.129427265,-0.051120043000000004,lower,-0.2707317,0.034552664,0.0,0.992226355941084,-0.12444620755923928,0.27292707612460343,0.002426018454440919
COARSE,82642,2072,23,0.12643707,-0.0507393485,lower,-0.27087922,0.035640662,-6.7051434e-17,0.991751900282532,-0.12817241624462994,0.2732131309471482,0.002428561163974651
COARSE,82642,2072,24,0.12346577,-0.050349589,lower,-0.27090862,0.036749605,0.0,0.991252596115765,-0.13197837206813873,0.27338902592718634,0.002430124674908323
COARSE,82642,2072,25,0.120514135,-0.049950751,lower,-0.27080926,0.037860732,6.9701002e-17,0.990727132601826,-0.13586665789134597,0.2734420927639823,0.0024305963801242872
COARSE,82642,2072,26,0.117582925,-0.0495428255,lower,-0.27056911,0.038983134,-8.7362793e-21,0.9901741537399839,-0.13983971276181453,0.27336192978354595,0.0024298838202981865
COARSE,82642,2072,27,0.114672885,-0.04912580650000001,lower,-0.27017514,0.040105389,8.7961848e-21,0.9895921692395376,-0.14390044676715294,0.27313438626206626,0.002427861211218367
COARSE,82642,2072,28,0.11178476500000001,-0.0486996925,lower,-0.26961306,0.041230765,7.4022125e-17,0.9889795878716705,-0.14805193268978561,0.27274610740814836,0.0024244098436279854
COARSE,82642,2072,29,0.10891931,-0.0482644865,lower,-0.2688723,0.042347114,7.5561761e-17,0.9883347255124872,-0.15229730905750283,0.2721851823269624,0.002419423842906333
COARSE,82642,2072,30,0.10607725500000001,-0.047820194499999996,lower,-0.26793239,0.043457279,0.0,0.9876557974060055,-0.15663979650876472,0.2714321176357315,0.0024127299345398355
COARSE,82642,2072,31,0.10325933,-0.0473668275,lower,-0.26678667,0.0445609,0.0,0.9869408880498167,-0.16108284668281436,0.2704806696324016,0.0024042726189546807
COARSE,82642,2072,32,0.100466257,-0.0469043995,lower,-0.26539804,0.04564332,-8.0486226e-17,0.9861879090748362,-0.16563033536946856,0.2692922565391357,0.0023937089470145393
COARSE,82642,2072,33,0.097698755,-0.0464329285,lower,-0.26374255,0.046696013,1.2996553e-22,0.9853946770998253,-0.17028602509698543,0.2678421833363817,0.0023808194074345043
COARSE,82642,2072,34,0.0949575355,-0.0459524375,lower,-0.26179879,0.047717571,-8.4093156e-17,0.9845588445585232,-0.17505393912044842,0.2661094629580291,0.002365417448515814
COARSE,82642,2072,35,0.09224330250000001,-0.0454629525,lower,-0.25957607,0.048702746,2.0846677e-20,0.9836778454666021,-0.1799385904640349,0.2641027327392558,0.0023475798465711624
COARSE,82642,2072,36,0.0895567525,-0.044964503,lower,-0.25702253,0.049639803,-8.7865356e-17,0.9827489425513152,-0.18494462931989114,0.2617692345347111,0.002326837640308543
COARSE,82642,2072,37,0.08689857649999999,-0.0444571225,lower,-0.25410273,0.050518143,-2.3355863e-20,0.9817692113920994,-0.19007686751031916,0.2590725672185579,0.0023028672641649595
COARSE,82642,2072,38,0.0842694575,-0.043940848500000004,lower,-0.25077256,0.051316298,4.4880954e-20,0.9807355040048146,-0.19534039823964336,0.2559656991096818,0.002275250658752727
COARSE,82642,2072,39,0.0816700705,-0.043415722000000004,lower,-0.24704351,0.052040199,9.4011487e-17,0.9796444040302469,-0.20074073241926313,0.25246137978599453,0.0022441011536532846
COARSE,82642,2072,40,0.0791010835,-0.042881787500000004,lower,-0.24284765,0.052656658,9.6216779e-17,0.9784922064065293,-0.20628378996344357,0.24848674784818947,0.0022087710919839066
COARSE,82642,2072,41,0.07656315650000001,-0.042339092499999995,lower,-0.23812889,0.053149723,9.8441858e-17,0.9772749213462741,-0.21197577245438615,0.24398384583368724,0.002168745296299442
COARSE,82642,2072,42,0.074056941,-0.041787688,lower,-0.23285644,0.05350899,-1.007809e-16,0.9759882894144083,-0.217822999074793,0.2389206472339919,0.0021237390865243722
COARSE,82642,2072,43,0.0715830815,-0.0412276295,lower,-0.22698751,0.053697288,2.0632262e-16,0.9746276393441766,-0.22383244766207927,0.2332474964377683,0.0020733110794468293
COARSE,82642,2072,44,0.06914221400000001,-0.0406589745,lower,-0.22044881,0.053703638,1.0560657e-16,0.9731878958673061,-0.2300115634861984,0.22689057129162837,0.0020168050781478077
COARSE,82642,2072,45,0.0667349645,-0.040081784,lower,-0.213202,0.053475848,2.6252142e-20,0.9716636143188544,-0.23636797712215715,0.21980060391666034,0.0019537831459258696
COARSE,82642,2072,46,0.0643619515,-0.0394961225,lower,-0.20515891,0.052997677,1.1068854e-16,0.9700487658861567,-0.24291025462656862,0.21188782667073572,0.0018834473481843174
COARSE,82642,2072,47,0.0620237855,-0.038902056000000004,lower,-0.19626478,0.052222102,2.7802623e-20,0.96833687297595,-0.24964715186670788,0.20308752236930547,0.001805222421060493
COARSE,82642,2072,48,0.059721066999999996,-0.038299655,lower,-0.18642298,0.05110466,-2.8185628e-20,0.9665209615780082,-0.2565876669489833,0.1932945433694588,0.0017181737188396338
COARSE,82642,2072,49,0.057454386999999996,-0.037688992500000004,lower,-0.17556757,0.049584956,2.9121425e-20,0.9645932844992109,-0.2637419107745759,0.1824289300389584,0.0016215904892351858
COARSE,82642,2072,50,0.055224328,-0.0370701435,lower,-0.16357995,0.047614406,1.2149005e-16,0.9625453797791009,-0.27112062235452755,0.1703623724847575,0.001514332199864511
COARSE,82642,2072,51,0.0530314635,-0.0364431855,lower,-0.1503757,0.04511606,-2.4874167e-16,0.960368094464697,-0.2787348617131469,0.15699144320793695,0.0013954794951816618
COARSE,82642,2072,52,0.0508763565,-0.035808199,lower,-0.1358233,0.042010106,0.0,0.9580514445970162,-0.28659628313285973,0.1421656490085514,0.0012636946578537902
COARSE,82642,2072,53,0.04875956,-0.035165267,lower,-0.11980972,0.0382111,-1.3012151e-16,0.9555843425506987,-0.2947177705397978,0.12574978271925658,0.0011177758463933917
COARSE,82642,2072,54,0.0466816185,-0.034514473500000004,lower,-0.10217735,0.033604075,1.3302739e-16,0.9529546630454028,-0.3031128670644369,0.10755620965842055,0.0009560551969637382
COARSE,82642,2072,55,0.0446430665,-0.033855905500000005,lower,-0.082775277,0.02807314,1.3596592e-16,0.9501492343267407,-0.3117954978961505,0.0874019447265422,0.0007769061753470417
COARSE,82642,2072,56,0.042644427,-0.033189652,lower,-0.061424839,0.021469294,0.0,0.9471534539503118,-0.32078082029634297,0.06506568615769517,0.0005783616547350682
COARSE,82642,2072,57,0.040686213,-0.032515802999999996,lower,-0.038003397,0.013656474,-1.4165188e-16,0.9439512121239028,-0.33008500288533993,0.04038114992266946,0.00035894355486817297
COARSE,82642,2072,58,0.038768928,-0.0318344505,lower,-0.012328971,0.0044589132,-7.0507302e-20,0.9405248713829757,-0.33972483911253404,0.01311050743354619,0.00011653784385374392
COARSE,82642,2072,59,0.0368930645,-0.031145688499999998,lower,0.015921921,-0.0063806133,1.4714266e-16,0.9368549829102097,-0.34971808788838826,-0.017147946909183927,-0.00015242619474830157
COARSE,82642,2072,60,0.0350591045,-0.0304496125,lower,0.04701865,-0.01911902,-1.4956677e-16,0.9329199454048231,-0.3600838450498185,-0.05074908662619287,-0.00045110299223282546
COARSE,82642,2072,61,0.0332675195,-0.0297463185,lower,0.081162305,-0.03401602,-3.7158211e-20,0.9286959267728883,-0.37084211680369594,-0.0879896749230357,-0.0007821304437603173
COARSE,82642,2072,62,0.0315187695,-0.029035903999999998,lower,0.11864335,-0.051412439,-1.5400316e-16,0.9241566423381392,-0.3820137437610022,-0.12928529827002283,-0.0011492026512890919
COARSE,82642,2072,63,0.0298133035,-0.0283184675,lower,0.15976637,-0.071688433,1.5574542e-16,0.919272869037701,-0.3936208737493401,-0.1750869529608199,-0.0015563284707628437
COARSE,82642,2072,64,0.02815156,-0.027594108,lower,0.20487388,-0.095300471,1.5706985e-16,0.9140123038817846,-0.4056864655774364,-0.22591935831185522,-0.0020081720738831577
COARSE,82642,2072,65,0.026533966,-0.026862926000000002,lower,0.25428095,-0.1227219,1.5788053e-16,0.9083391889607291,-0.4182342857755268,-0.28229985808667934,-0.002509332071881594
COARSE,82642,2072,66,0.024960937,-0.026125022499999997,lower,0.30837985,-0.15458701,3.163122e-16,0.9022136471166439,-0.431289386556734,-0.34489624587832324,-0.003065744407807318
COARSE,82642,2072,67,0.023432876999999998,-0.025380497999999998,lower,0.36751775,-0.19151598,0.0,0.8955914216518575,-0.4448775173725967,-0.4143468979243718,-0.003683083537105527
COARSE,82642,2072,68,0.0219501785,-0.024629453500000002,lower,0.43211873,-0.23435074,-1.5630076e-16,0.8884236628618575,-0.45902439506753945,-0.4914772115599442,-0.004368686324977282
COARSE,82642,2072,69,0.020513221999999998,-0.023871991500000002,lower,0.50252287,-0.28391539,-3.0771648e-16,0.8806559025379184,-0.47375645781891385,-0.5770564811124704,-0.005129390943221959
COARSE,82642,2072,70,0.0191223775,-0.023108213500000002,lower,0.57917686,-0.34130051,-1.5016669e-16,0.8722275547209312,-0.48910028908757053,-0.6721041944554824,-0.005974259506270955
COARSE,82642,2072,71,0.017778002,-0.022338221,lower,0.66236391,-0.40759952,0.0,0.8630716772033447,-0.5050814587860115,-0.7775384908847432,-0.006911453252308829
COARSE,82642,2072,72,0.0164804405,-0.0215621155,lower,0.75246972,-0.48422965,1.3777683e-16,0.8531136737590727,-0.5217250805216277,-0.8945769603588704,-0.007951795203189959
COARSE,82642,2072,73,0.0152300275,-0.020779997,lower,0.84962175,-0.57260146,-1.28509e-16,0.8422713694865946,-0.5390537451341715,-1.0242750364003916,-0.009104666990225703
COARSE,82642,2072,74,0.014027083000000001,-0.0199919665,lower,0.9540987,-0.67442076,2.8328505e-20,0.8304542198812525,-0.5570868771398411,-1.1680462466648953,-0.010382633303687959
COARSE,82642,2072,75,0.0128719165,-0.0191981245,lower,1.0656926,-0.79154758,-5.0854879e-17,0.8175619031414489,-0.5758407197582782,-1.3270749984098822,-0.011796222208087842
COARSE,82642,2072,76,0.011764825,-0.01839857,lower,1.1843468,-0.92602184,0.0,0.8034845383797532,-0.5953256223149437,-1.502888870054767,-0.013359012178264594
COARSE,82642,2072,77,0.0107060925,-0.017593401,lower,1.3093101,-1.0800362,3.0305391e-17,0.7881021624742006,-0.6155444594044273,-1.6966804200255239,-0.015081603733560212
COARSE,82642,2072,78,0.00969599115,-0.0167827145,lower,1.439848,-1.2557561,4.620047e-20,0.7712846388101962,-0.6364903816519343,-1.9098093239723277,-0.016976082879754023
COARSE,82642,2072,79,0.00873478035,-0.015966607,lower,1.5745514,-1.455816,-1.7045925e-19,0.7528918616741371,-0.658144243023406,-2.143603854148982,-0.019054256481324285
COARSE,82642,2072,80,0.0078227074,-0.015145174,lower,1.7113583,-1.6821707,2.3662167e-21,0.7327743206036128,-0.6804717445007645,-2.398709046368926,-0.021321858189946006
COARSE,82642,2072,81,0.0069600064,-0.0143185095,lower,1.8479404,-1.9372033,-8.5417599e-17,0.7107744770674248,-0.7034199618645528,-2.6761363428716534,-0.023787878603303586
COARSE,82642,2072,82,0.006146899,-0.0134867055,lower,1.9805223,-2.2223967,-1.3885553e-20,0.6867290878033566,-0.7269134473682336,-2.975572319069992,-0.026449531725066595
COARSE,82642,2072,83,0.0053835941,-0.0126498525,lower,2.1051673,-2.5390183,0.0,0.6604731040663893,-0.750849704538071,-3.296827521581815,-0.029305133525171688
COARSE,82642,2072,84,0.004670287800000001,-0.011808040499999999,lower,2.2171058,-2.8874462,1.3796874e-16,0.6318438861110895,-0.7750956738261648,-3.638911802617235,-0.03234588268993098
COARSE,82642,2072,85,0.0040071633,-0.010961357,lower,2.3077073,-3.2630359,3.5923509e-16,0.6006874158088468,-0.799483976380321,-3.994955650883951,-0.03551071689674623
COARSE,82642,2072,86,0.003394391,-0.01010988765,lower,2.373881,-3.6680468,-3.0468894e-20,0.5668669829265687,-0.8238093369631893,-4.367445962554654,-0.0388217418893747
COARSE,82642,2072,87,0.00283212835,-0.009253716950000001,lower,2.4083039,-4.0973573,1.3936636e-16,0.5302726015217568,-0.8478272041373456,-4.750908558318736,-0.04223029829616654
COARSE,82642,2072,88,0.0023205198000000003,-0.00839292695,lower,2.3999578,-4.5364715,-3.7836083e-20,0.4908323130939255,-0.8712540619261793,-5.130396059489156,-0.0456035205287925
COARSE,82642,2072,89,0.0018596967500000001,-0.007527597950000001,lower,2.3444428,-4.9794108,-1.9922694e-16,0.44852467801477014,-0.8937704477167204,-5.501990672075519,-0.04890658375178239
COARSE,82642,2072,90,0.0014497776,-0.00665780805,lower,2.236809,-5.4141654,0.0,0.4033911213256772,-0.9150276516234975,-5.85641994216456,-0.05205706615257387
COARSE,82642,2072,91,0.001090867705,-0.00578363335,lower,2.0733964,-5.8247952,-5.3472529e-16,0.3555474153074139,-0.9346582452791059,-6.181383591669856,-0.05494563192595427
COARSE,82642,2072,92,0.00078305923,-0.004905147800000001,lower,1.8537423,-6.194776,-3.0332659e-16,0.3051922071258712,-0.9522907731935868,-6.4649757307806635,-0.05746645094027256
COARSE,82642,2072,93,0.00052643125,-0.00402242315,lower,1.5812563,-6.5088888,1.6983837e-16,0.25261121610557463,-0.9675678650604632,-6.697234717049562,-0.05953097526266277
COARSE,82642,2072,94,0.000321049705,-0.00313552895,lower,1.2628357,-6.7529172,0.0,0.198175555925703,-0.9801665414783033,-6.869246663703672,-0.06105997034403264
COARSE,82642,2072,95,0.00016696736000000001,-0.00224453245,lower,0.90889102,-6.9167209,-1.8052143e-20,0.1423330359384988,-0.9898188252809348,-6.975665774247928,-0.06200591799331492
COARSE,82642,2072,96,6.42238e-05,-0.001349498645,lower,0.53236711,-6.996731,-1.3984189e-20,0.08559238157047386,-0.9963302385339383,-7.016621235002491,-0.06236996653335548
COARSE,82642,2072,97,1.284542e-05,-0.000450490195,lower,0.14710177,-6.9986791,-2.9554608e-17,0.05705695066420396,-0.9983709252481777,-6.995670907015591,-0.062183741395694145
COARSE,82642,2072,98,1.284542e-05,0.000450490195,upper,-0.23511959,-6.9377796,3.1381354e-17,0.05705695066420396,0.9983709252481777,6.939892645266751,0.06168793462459334
COARSE,82642,2072,99,6.42238e-05,0.001349498645,upper,-0.60666463,-6.7917309,-1.5760961e-20,0.08559238157047386,0.9963302385339383,6.81873273815159,0.06061095767245858
COARSE,82642,2072,100,0.00016696736000000001,0.00224453245,upper,-0.951087,-6.5330339,3.6877432e-20,0.1423330359384988,0.9898188252809348,6.601891040570163,0.05868347591617923
COARSE,82642,2072,101,0.000321049705,0.00313552895,upper,-1.253095,-6.1805476,0.0,0.198175555925703,0.9801665414783033,6.306298763786746,0.05605598901143774
COARSE,82642,2072,102,0.00052643125,0.00402242315,upper,-1.500698,-5.7546334,-2.9301231e-16,0.25261121610557463,0.9675678650604632,5.947091499830838,0.0528630355540519
COARSE,82642,2072,103,0.00078305923,0.004905147800000001,upper,-1.6828805,-5.2604028,5.9448368e-16,0.3051922071258712,0.9522907731935868,5.523035063845798,0.04909364501196265
COARSE,82642,2072,104,0.001090867705,0.00578363335,upper,-1.7961904,-4.7226655,1.1948404e-15,0.3555474153074139,0.9346582452791059,5.0527091033901605,0.04491296980791254
COARSE,82642,2072,105,0.0014497776,0.00665780805,upper,-1.8435243,-4.1704839,0.0,0.4033911213256772,0.9150276516234975,4.559769423718739,0.040531283766388794
COARSE,82642,2072,106,0.0018596967500000001,0.007527597950000001,upper,-1.8313477,-3.6232971,5.885032e-16,0.44852467801477014,0.8937704477167204,4.059800508753284,0.036087115633362525
COARSE,82642,2072,107,0.0023205198000000003,0.00839292695,upper,-1.7684633,-3.0981385,-1.4056509e-19,0.4908323130939255,0.8712540619261793,3.567284684695597,0.031709197197294196
COARSE,82642,2072,108,0.00283212835,0.009253716950000001,upper,-1.6665244,-2.6127526,-5.6356184e-16,0.5302726015217568,0.8478272041373456,3.0988749610480655,0.027545555209316137
COARSE,82642,2072,109,0.003394391,0.01010988765,upper,-1.5415001,-2.1814588,-1.343494e-19,0.5668669829265687,0.8238093369631893,2.6709316385085184,0.023741614564520164
COARSE,82642,2072,110,0.0040071633,0.010961357,upper,-1.3907847,-1.7828186,-2.1186933e-15,0.6006874158088468,0.799483976380321,2.2607617708822794,0.02009566018562026
COARSE,82642,2072,111,0.004670287800000001,0.011808040499999999,upper,-1.2799553,-1.4765138,-1.0192171e-15,0.6318438861110895,0.7750956738261648,1.9531713895251166,0.01736152346244548
COARSE,82642,2072,112,0.0053835941,0.0126498525,upper,-1.4109132,-1.482761,0.0,0.6604731040663895,0.750849704538071,2.045200879522817,0.018179563373536153
COARSE,82642,2072,113,0.006146898999999999,0.013486705499999998,upper,-1.6714167,-1.6425325,-2.2044289e-19,0.6867290878033566,0.7269134473682336,2.3417894277196596,0.02081590602417475
COARSE,82642,2072,114,0.0069600064,0.0143185095,upper,-1.9250735,-1.7883849,1.7317905e-15,0.7107744770674245,0.7034199618645529,2.626278748435999,0.02334469998609777
COARSE,82642,2072,115,0.0078227074,0.015145174,upper,-2.1106632,-1.8532178,8.2003332e-16,0.7327743206036128,0.6804717445007645,2.807702141708916,0.024957352370745922
COARSE,82642,2072,116,0.00873478035,0.015966607,upper,-2.2136028,-1.8343595,-7.7699054e-16,0.7528918616741371,0.658144243023406,2.873876677659376,0.02554557046808334
COARSE,82642,2072,117,0.00969599115,0.0167827145,upper,-2.2611321,-1.7704861,-5.9775158e-20,0.7712846388101962,0.6364903816519343,2.870873828549085,0.025518878475991866
COARSE,82642,2072,118,0.0107060925,0.017593401,upper,-2.2698872,-1.6822513,6.9695728e-16,0.7881021624742006,0.6155444594044273,2.8244034779334033,0.02510580869274136
COARSE,82642,2072,119,0.011764825,0.01839857,upper,-2.256054,-1.5859224,0.0,0.8034845383797532,0.5953256223149437,2.7568447464730044,0.024505286635315593
COARSE,82642,2072,120,0.0128719165,0.0191981245,upper,-2.2237837,-1.4858765,-6.2510742e-16,0.8175619031414488,0.5758407197582787,2.6737090271788446,0.023766302463811954
COARSE,82642,2072,121,0.014027083,0.0199919665,upper,-2.1796641,-1.3864686,-2.8929971e-19,0.8304542198812526,0.5570868771398407,2.5824947123951194,0.022955508554623284
COARSE,82642,2072,122,0.015230027500000002,0.020779997,upper,-2.1288632,-1.2916912,-1.1226579e-15,0.8422713694865948,0.5390537451341711,2.4893715018304663,0.022127746682937478
COARSE,82642,2072,123,0.0164804405,0.0215621155,upper,-2.0730988,-1.2016425,1.0646345e-15,0.8531136737590723,0.5217250805216278,2.3955159634042342,0.02129347523025986
COARSE,82642,2072,124,0.017778002,0.022338221,upper,-2.0149351,-1.1174219,0.0,0.8630716772033453,0.5050814587860107,2.303422499544326,0.020474866662616234
COARSE,82642,2072,125,0.0191223775,0.0231082135,upper,-1.9566986,-1.0395571,-9.5872929e-16,0.8722275547209312,0.48910028908757053,2.2151341133369056,0.019690081007439162
COARSE,82642,2072,126,0.020513221999999998,0.023871991500000002,upper,-1.9003898,-0.96869334,-1.8219375e-15,0.8806559025379179,0.4737564578189147,2.132514219964027,0.018955681955235795
COARSE,82642,2072,127,0.0219501785,0.024629453500000002,upper,-1.845083,-0.90330442,-8.6600361e-16,0.8884236628618573,0.4590243950675399,2.053854162096479,0.01825648144085759
COARSE,82642,2072,128,0.023432877,0.025380498,upper,-1.7915947,-0.84345015,0.0,0.8955914216518576,0.44487751737259623,1.9797688531564774,0.01759794536139091
COARSE,82642,2072,129,0.024960937000000002,0.026125022499999997,upper,-1.7413042,-0.78915664,1.5688532e-15,0.9022136471166441,0.43128938655673354,1.9113832961843034,0.016990073743860475
COARSE,82642,2072,130,0.026533966,0.026862926000000002,upper,-1.692994,-0.73937043,7.4767923e-16,0.9083391889607288,0.4182342857755271,1.8470428605899747,0.016418158760799776
COARSE,82642,2072,131,0.02815156,0.027594108,upper,-1.6460932,-0.69316861,7.1290145e-16,0.9140123038817846,0.4056864655774364,1.7857585615762634,0.015873409436233454
COARSE,82642,2072,132,0.0298133035,0.0283184675,upper,-1.6017907,-0.65108215,6.8043347e-16,0.9192728690377006,0.3936208737493409,1.728762257152506,0.015366775619133388
COARSE,82642,2072,133,0.0315187695,0.029035904,upper,-1.5604736,-0.61279255,-6.5012528e-16,0.9241566423381392,0.3820137437610022,1.6762172188076594,0.014899708611623638
COARSE,82642,2072,134,0.0332675195,0.0297463185,upper,-1.5206491,-0.57719528,1.499816e-19,0.9286959267728886,0.37084211680369517,1.6262689446651604,0.014455723952579203
COARSE,82642,2072,135,0.0350591045,0.0304496125,upper,-1.4818409,-0.5439475,-5.9540478e-16,0.9329199454048231,0.3600838450498185,1.57830563883187,0.014029383456283288
COARSE,82642,2072,136,0.0368930645,0.031145688499999998,upper,-1.4448447,-0.51323787,5.7005135e-16,0.9368549829102097,0.34971808788838826,1.5330985232547163,0.013627542428930812
COARSE,82642,2072,137,0.038768928,0.0318344505,upper,-1.4104112,-0.48519484,2.6699927e-19,0.9405248713829757,0.33972483911253404,1.49135955143434,0.013256529346083023
COARSE,82642,2072,138,0.040686213,0.032515802999999996,upper,-1.3782599,-0.45938775,-5.2468719e-16,0.9439512121239028,0.33008500288533993,1.4526471100110088,0.012912418755653412
COARSE,82642,2072,139,0.042644427,0.033189652,upper,-1.3466455,-0.4350738,0.0,0.9471534539503118,0.32078082029634297,1.4150432670250916,0.01257816237355637
COARSE,82642,2072,140,0.0446430665,0.033855905500000005,upper,-1.315805,-0.41210407,4.8425654e-16,0.9501492343267407,0.3117954978961505,1.378703306963977,0.01225514050634646
COARSE,82642,2072,141,0.0466816185,0.034514473500000004,upper,-1.2861257,-0.39075216,4.6589069e-16,0.9529546630454028,0.3031128670644369,1.3440614906067543,0.011947213249837815
COARSE,82642,2072,142,0.04875956,0.035165267,upper,-1.2588001,-0.37110782,-1.1069929e-19,0.9555843425506987,0.2947177705397978,1.3122617353015384,0.011664548758235898
COARSE,82642,2072,143,0.0508763565,0.035808199,upper,-1.2332621,-0.3530191,0.0,0.9580514445970162,0.28659628313285973,1.282702498406657,0.011401799985836951
COARSE,82642,2072,144,0.0530314635,0.0364431855,upper,-1.208604,-0.3359124,-8.3321734e-16,0.960368094464697,0.2787348617131469,1.254335216804142,0.011149646371592372
COARSE,82642,2072,145,0.055224328,0.0370701435,upper,-1.1839611,-0.31956859,4.0214491e-16,0.9625453797791009,0.27112062235452716,1.226257921648941,0.010900070414657254
COARSE,82642,2072,146,0.057454387,0.037688992500000004,upper,-1.1600459,-0.30415625,-9.575079e-20,0.964593284499211,0.26374191077457554,1.1991912353998728,0.01065947764799887
COARSE,82642,2072,147,0.059721067,0.038299655,upper,-1.1371782,-0.28967999,-3.7492791e-16,0.966520961578008,0.2565876669489836,1.1734348801454533,0.010430532267959584
COARSE,82642,2072,148,0.0620237855,0.038902056000000004,upper,-1.1158686,-0.27629126,3.625197e-16,0.9683368729759497,0.2496471518667082,1.149512036920715,0.010217884772628577
COARSE,82642,2072,149,0.0643619515,0.0394961225,upper,-1.0959283,-0.26381879,3.5086658e-16,0.9700487658861567,0.24291025462656862,1.1271881843688871,0.01001945052772344
COARSE,82642,2072,150,0.0667349645,0.040081784,upper,-1.0767466,-0.25201695,-8.2165676e-20,0.9716636143188544,0.23636797712215715,1.1058042297335338,0.009829370930964745
COARSE,82642,2072,151,0.06914221400000001,0.0406589745,upper,-1.0576404,-0.24065127,3.2920862e-16,0.9731878958673061,0.2300115634861984,1.0846354103278952,0.009641203647359068
COARSE,82642,2072,152,0.0715830815,0.0412276295,upper,-1.038867,-0.22987489,6.383545e-16,0.9746276393441766,0.22383244766207927,1.063961951087318,0.009457439565220604
COARSE,82642,2072,153,0.074056941,0.041787688,upper,-1.0205777,-0.21959404,-3.0962637e-16,0.975988289414408,0.21782299907479427,1.0439045160092413,0.009279151253415477
COARSE,82642,2072,154,0.07656315650000001,0.0423390925,upper,-1.0031334,-0.20993606,7.4059578e-20,0.9772749213462741,0.21197577245438615,1.024838473069351,0.009109675316172008
COARSE,82642,2072,155,0.0791010835,0.042881787500000004,upper,-0.98644096,-0.20079812,2.9190879e-16,0.9784922064065295,0.2062837899634423,1.0066461886513092,0.00894796612134497
COARSE,82642,2072,156,0.0816700705,0.043415722000000004,upper,-0.97085148,-0.19223244,6.8661428e-20,0.9796444040302469,0.20074073241926313,0.9896781003268252,0.00879713866957178
COARSE,82642,2072,157,0.0842694575,0.043940848500000004,upper,-0.95590178,-0.18415509,-1.3473034e-19,0.9807355040048146,0.19534039823964336,0.9734597426058568,0.008652975489829838
COARSE,82642,2072,158,0.08689857649999999,0.0444571225,upper,-0.94121949,-0.1763744,2.685032e-16,0.9817692113920994,0.19007686751031916,0.957585009905186,0.008511866754712764
COARSE,82642,2072,159,0.0895567525,0.044964503,upper,-0.92654692,-0.16890038,-2.61333e-16,0.9827489425513152,0.18494462931989114,0.9418002240252668,0.00837155754689126
COARSE,82642,2072,160,0.09224330250000001,0.0454629525,upper,-0.91217739,-0.16173088,-6.1632889e-20,0.9836778454666021,0.1799385904640349,0.9263903162602564,0.008234580588980056
COARSE,82642,2072,161,0.0949575355,0.0459524375,upper,-0.8981454,-0.15489002,-2.4796735e-16,0.9845588445585232,0.17505393912044842,0.9113911054009975,0.00810125427023109
COARSE,82642,2072,162,0.097698755,0.0464329285,upper,-0.88466723,-0.14838868,-4.8397716e-22,0.9853946770998251,0.17028602509698582,0.8970148979332353,0.007973465759406537
COARSE,82642,2072,163,0.10046625699999999,0.0469043995,upper,-0.87162511,-0.14219158,-2.3596694e-16,0.9861879090748362,0.16563033536946897,0.8831373838101387,0.007850110078312345
COARSE,82642,2072,164,0.10325932999999998,0.0473668275,upper,-0.8592276,-0.13632332,-2.3027324e-16,0.9869408880498166,0.16108284668281517,0.869966199035765,0.007733032880317911
COARSE,82642,2072,165,0.10607725500000001,0.0478201945,upper,-0.84735465,-0.13075972,0.0,0.9876557974060054,0.15663979650876553,0.8573769084637798,0.0076211280752335984
COARSE,82642,2072,166,0.10891931,0.04826448650000001,upper,-0.8359025,-0.12542423,2.1968273e-16,0.9883347255124874,0.15229730905750163,0.8452532406123112,0.0075133621387761
COARSE,82642,2072,167,0.11178476500000001,0.0486996925,upper,-0.82451415,-0.12027248,2.1472808e-16,0.9889795878716708,0.14805193268978328,0.8332342373747542,0.0074065265544422595
COARSE,82642,2072,168,0.114672885,0.0491258065,upper,-0.81320736,-0.11532234,-2.544058e-20,0.9895921692395376,0.14390044676715294,0.8213385716721912,0.007300787303752811
COARSE,82642,2072,169,0.117582925,0.0495428255,upper,-0.80204858,-0.11054503,2.5268803e-20,0.9901741537399836,0.13983971276181567,0.8096263592023019,0.007196678748464905
COARSE,82642,2072,170,0.120514135,0.049950751,upper,-0.79113734,-0.10597455,2.0106041e-16,0.990727132601826,0.13586665789134597,0.7981996362824753,0.007095107878066447
COARSE,82642,2072,171,0.12346577,0.050349589,upper,-0.7805493,-0.10158004,0.0,0.991252596115765,0.13197837206813873,0.7871278883351595,0.006996692340756973
COARSE,82642,2072,172,0.12643707,0.0507393485,upper,-0.77024751,-0.0973896,-1.9284213e-16,0.991751900282532,0.12817241624462994,0.7763770920794867,0.006901129707373215
COARSE,82642,2072,173,0.129427265,0.051120043000000004,upper,-0.76031086,-0.093346529,0.0,0.992226355941084,0.12444620755923928,0.7660170955231003,0.006809040849094224
COARSE,82642,2072,174,0.13243559,0.05149169,upper,-0.75074917,-0.089532287,0.0,0.9926772047820945,0.12079721481063838,0.7560668384733042,0.006720594119762705
COARSE,82642,2072,175,0.135461275,0.0518543115,upper,-0.74150512,-0.085848811,-1.8172403e-16,0.9931055863384031,0.1172232672444197,0.7464563550849966,0.006635167600755526
COARSE,82642,2072,176,0.13850353999999998,0.052207933,upper,-0.73248139,-0.0823281,2.1616379e-20,0.9935125847881519,0.11372222239986923,0.737092013586077,0.006551929009654018
COARSE,82642,2072,177,0.1415616,0.052552584,upper,-0.72358466,-0.078905246,1.7501381e-16,0.9938992347444977,0.11029193612545775,0.727872852198653,0.006469980908432472
COARSE,82642,2072,178,0.144634675,0.0528882985,upper,-0.71473621,-0.075609256,1.7186817e-16,0.994266516430669,0.10693032453341803,0.7187232039653693,0.006388650701914394
COARSE,82642,2072,179,0.147721975,0.0532151135,upper,-0.70596627,-0.072427529,2.0755239e-20,0.9946153352877415,0.10363558660254528,0.709670947791974,0.0063081862025953245
COARSE,82642,2072,180,0.150822705,0.0535330705,upper,-0.69734549,-0.069362025,0.0,0.9949465480835027,0.10040600807084284,0.7007858521390588,0.006229207574569411
COARSE,82642,2072,181,0.15393607,0.053842215,upper,-0.68893022,-0.066414638,-8.157264e-17,0.9952609794134277,0.09723982135434327,0.6921235130391417,0.00615220900479237
COARSE,82642,2072,182,0.15706127,0.054142596,upper,-0.68071079,-0.063578103,-8.0224583e-17,0.995559407932788,0.09413535614484435,0.683672978434779,0.00607709314164248
COARSE,82642,2072,183,0.1601975,0.054434265999999995,upper,-0.67269727,-0.060842942,-7.8937926e-17,0.9958425622847182,0.09109111450743672,0.6754428243954262,0.0060039362168482335
COARSE,82642,2072,184,0.16334395499999999,0.054717282,upper,-0.66495369,-0.058231254,7.7681921e-17,0.9961111381468621,0.08810562104521417,0.6674982777587675,0.005933318024522377
COARSE,82642,2072,185,0.16649983000000002,0.0549917045,upper,-0.65744861,-0.05572171,7.6493368e-17,0.9963658018059007,0.08517739718777849,0.6598055416734772,0.005864938148208686
COARSE,82642,2072,186,0.16966430999999998,0.055257597000000006,upper,-0.6500948,-0.053300289,1.5066392e-16,0.99660717698682,0.08230513215080512,0.6522760307316324,0.005798009162058955
COARSE,82642,2072,187,0.172836585,0.0555150275,upper,-0.64291572,-0.050960127,-7.4224614e-17,0.9968358551051879,0.07948759637018159,0.6449321395127167,0.005732730129001926
COARSE,82642,2072,188,0.176015835,0.055764067,upper,-0.63586732,-0.048707228,7.3161089e-17,0.9970524154566006,0.07672340472214567,0.6377300316826531,0.005668711392734694
COARSE,82642,2072,189,0.179201245,0.0560047895,upper,-0.62886321,-0.046533662,0.0,0.9972574021860331,0.07401130849515346,0.630582508348661,0.005605177851988098
COARSE,82642,2072,190,0.182392005,0.0562372735,upper,-0.62190323,-0.044427924,0.0,0.9974513193539015,0.07135030146510346,0.6234881430448216,0.005542116827065081
COARSE,82642,2072,191,0.18558729000000002,0.0564616,upper,-0.61503218,-0.042391149,0.0,0.9976346597410967,0.06873925867556502,0.6164913557807904,0.0054799231624959146
COARSE,82642,2072,192,0.188786275,0.056677853,upper,-0.60833991,-0.040434412,2.1019528e-21,0.9978078822718361,0.06617726253173137,0.6096821959967795,0.005419397297749151
COARSE,82642,2072,193,0.191988135,0.056886121,upper,-0.60169615,-0.038538266,6.8417461e-17,0.9979714400316739,0.06366321450497926,0.602929043172022,0.005359369272640195
COARSE,82642,2072,194,0.19519205499999998,0.0570864945,upper,-0.59540862,-0.036729778,-6.7576454e-17,0.998125778241522,0.061195839807586846,0.596540401819867,0.005302581349509929
COARSE,82642,2072,195,0.19839721500000002,0.0572790665,upper,-0.58882286,-0.034957274,6.677295e-17,0.9982809848396729,0.058609515503312976,0.5898594934693694,0.0052431954975055055
COARSE,82642,2072,196,0.20189573500000002,0.057480070499999994,upper,-0.5821236,-0.033062753,-5.5746832e-17,0.99842923737858,0.0560272964511694,0.5830616386718963,0.005182770121527967
COARSE,82642,2072,197,0.20568720499999998,0.057688147499999995,upper,-0.57550458,-0.031082155,5.4993793e-17,0.9985711690385631,0.05343800487440966,0.5763432495880445,0.005123051107449285
COARSE,82642,2072,198,0.209478675,0.05788586750000001,upper,-0.56854198,-0.029151832,5.425237e-17,0.9987115470040453,0.05074688050300901,0.5692888049174908,0.005060344932599918
COARSE,82642,2072,199,0.21327014500000002,0.058073454499999996,upper,-0.56178663,-0.027305744,-5.3525643e-17,0.9988419243457836,0.048112474153924806,0.5624497854833863,0.004999553648741211
COARSE,82642,2072,200,0.21706161499999999,0.0582511245,upper,-0.5551922,-0.025535809,-5.2814712e-17,0.9989628410017182,0.04553287051983596,0.5557790960988104,0.0049402586319894255
COARSE,82642,2072,201,0.220853085,0.058419085999999995,upper,-0.54862836,-0.023829933,5.2117768e-17,0.999074812276465,0.04300603997982399,0.5491456068278595,0.004881294282914307
COARSE,82642,2072,202,0.22464455,0.0585775385,upper,-0.54212147,-0.022185973,-5.1434031e-17,0.9991783187278933,0.04053007999129155,0.5425752182012686,0.004822890828455721
COARSE,82642,2072,203,0.228436015,0.058726675500000006,upper,-0.53574211,-0.020609695,-5.0762945e-17,0.999273802186181,0.03810338914549949,0.5361383544797023,0.004765674262041798
COARSE,82642,2072,204,0.232227485,0.058866684,upper,-0.52948534,-0.019098013,-5.0104539e-17,0.9993616822981797,0.035724332802058674,0.5298296239068938,0.004709596656950167
COARSE,82642,2072,205,0.236018955,0.058997744000000005,upper,-0.52335258,-0.017638555,4.9458345e-17,0.999442357263035,0.03339123400696909,0.5236497093524408,0.004654664083132807
COARSE,82642,2072,206,0.239810425,0.059120029000000004,upper,-0.51737019,-0.016242591,2.4411988e-17,0.9995161942740358,0.031102690943839262,0.5176250716276349,0.004601111747801199
COARSE,82642,2072,207,0.243601895,0.059233708,upper,-0.51153717,-0.01489474,-4.820191e-17,0.9995835389021483,0.028857386504279815,0.5117539579376505,0.004548924070556894
COARSE,82642,2072,208,0.247393365,0.059338944000000005,upper,-0.50579629,-0.013605932,0.0,0.9996447243551245,0.026653800272515106,0.5059792426909441,0.004497593268363948
COARSE,82642,2072,209,0.251184835,0.059435894,upper,-0.50015117,-0.012359889,-2.3495455e-17,0.9997000569464187,0.024490735826577785,0.5003038559071628,0.004447145385841447
COARSE,82642,2072,210,0.254976305,0.0595247115,upper,-0.49463829,-0.011163272,0.0,0.9997498245933456,0.02236712376625486,0.4947642339511128,0.00439790430178767
COARSE,82642,2072,211,0.25876777500000003,0.059605545,upper,-0.48923826,-0.010011214,1.1985962e-23,0.9997943039790473,0.020281758578887275,0.4893406706620497,0.004349694850329331
COARSE,82642,2072,212,0.262559245,0.0596785385,upper,-0.48389036,-0.008903884,0.0,0.9998337571842285,0.01823343069389616,0.48397226505584945,0.004301975689385329
COARSE,82642,2072,213,0.266350715,0.059743831,upper,-0.4785925,-0.0078311237,-1.1172689e-17,0.9998684297996655,0.016221069322068758,0.4786565606893038,0.0042547249839049225
COARSE,82642,2072,214,0.27014218,0.059801558000000005,upper,-0.47336346,-0.0068035631,0.0,0.9998985523045658,0.014243774051615353,0.4734123467834226,0.004208109749185979
COARSE,82642,2072,215,0.273933645,0.0598518515,upper,-0.46822233,-0.005814618,0.0,0.9999243450945235,0.01230057264066246,0.4682584298149686,0.0041622971539108326
COARSE,82642,2072,216,0.27772511499999997,0.05989483949999999,upper,-0.46315716,-0.004855614,1.0764766e-17,0.9999460170123152,0.010390527474896553,0.4631826097834101,0.004117178753630312
COARSE,82642,2072,217,0.281516585,0.059930646500000004,upper,-0.45816915,-0.0039397162,0.0,0.9999637659002201,0.008512748478022738,0.45818608646638825,0.004072765213034562
COARSE,82642,2072,218,0.285308055,0.059959393500000006,upper,-0.45326056,-0.0030526682,-1.0503014e-17,0.9999777793389841,0.006666395448353733,0.4532708385441382,0.00402907412039234
COARSE,82642,2072,219,0.289099525,0.0599811985,upper,-0.44844477,-0.0022007863,1.037506e-17,0.9999882352854226,0.004850700026440327,0.44845016952944083,0.003986223729150585
COARSE,82642,2072,220,0.292890995,0.0599961765,upper,-0.4437043,-0.0013737821,-2.5622756e-18,0.9999953032080099,0.0030648918284795486,0.44370642650673014,0.003944057124504268
COARSE,82642,2072,221,0.296682465,0.06000443949999999,upper,-0.43901951,-0.0005886919,-1.2656225e-18,0.9999991443940991,0.0013081326652741746,0.43901990445942085,0.0039023991507504074
COARSE,82642,2072,222,0.30047393499999997,0.060006095999999995,upper,-0.43438786,0.0001730907,3.1257712e-19,0.999999911680046,-0.0004202854985690367,0.43438789438239533,0.003861225727843514
COARSE,82642,2072,223,0.304265405,0.0600012525,upper,-0.42983186,0.00091500894,0.0,0.9999977506635211,-0.002121006340917437,0.42983283390328125,0.0038207363013625
COARSE,82642,2072,224,0.308056875,0.059990012499999995,upper,-0.42535717,0.0016171075,-2.4406689e-18,0.9999928001949131,-0.0037946749975089076,0.42536024390868227,0.0037809799458549537
COARSE,82642,2072,225,0.311848345,0.059972477499999996,upper,-0.42095113,0.0023013771,9.6452173e-18,0.9999851925460513,-0.005441937948632008,0.42095742073690245,0.0037418437398835775
COARSE,82642,2072,226,0.315639815,0.059948746,upper,-0.41658348,0.0029562208,4.7646605e-18,0.9999750530773307,-0.007063513501764189,0.41659396882967414,0.0037030575007082145
COARSE,82642,2072,227,0.31943128,0.059918914000000004,upper,-0.41225828,0.003591849,0.0,0.9999625027945789,-0.008659850160461105,0.41227392634072724,0.0036646571230286866
COARSE,82642,2072,228,0.32322274500000003,0.0598830765,upper,-0.4079878,0.0041994862,1.8603988e-17,0.9999476559714625,-0.010231584294603647,0.4080094116720032,0.003626750325973362
COARSE,82642,2072,229,0.327014215,0.0598413245,upper,-0.40377466,0.0047852878,0.0,0.9999306199656195,-0.011779442056894573,0.4038030141205729,0.0035893601255162035
COARSE,82642,2072,230,0.330805685,0.0597937475,upper,-0.39960703,0.0053480665,0.0,0.9999115011435554,-0.013303754388947184,0.3996428145979895,0.003552380574204351
COARSE,82642,2072,231,0.334597155,0.059740434,upper,-0.39548821,0.0058960557,0.0,0.9998904004349438,-0.014804969370037915,0.3955321555882417,0.0035158413830065926
COARSE,82642,2072,232,0.338388625,0.05968147,upper,-0.39141528,0.006417034,0.0,0.9998674100370197,-0.01628380624615704,0.39146787600084587,0.0034797144533408523
COARSE,82642,2072,233,0.342180095,0.059616938499999994,upper,-0.38738972,0.0069148586,0.0,0.9998426210202779,-0.017740721273415572,0.38745142758017925,0.0034440126896015935
COARSE,82642,2072,234,0.34597156500000004,0.059546922,upper,-0.38340788,0.0074042763,0.0,0.9998161228481306,-0.019176039552828376,0.3834793647462102,0.0034087054644107574
COARSE,82642,2072,235,0.34976303499999994,0.059471500999999996,upper,-0.37946722,0.0078664374,-1.7099386e-17,0.9997879949052204,-0.020590416299793943,0.3795487442369204,0.0033737666154392927
COARSE,82642,2072,236,0.35355450499999996,0.059390753,upper,-0.37555571,0.0083106364,3.378908e-17,0.9997583187593189,-0.021984177754474876,0.3756476477379327,0.0033390902021149574
COARSE,82642,2072,237,0.357345975,0.059304756,upper,-0.37168276,0.0087435561,0.0,0.9997271728596807,-0.023357650695007663,0.3717855837846992,0.003304760744752882
COARSE,82642,2072,238,0.361137445,0.059213585,upper,-0.36785127,0.0091517358,0.0,0.9996946240573165,-0.024711508066094557,0.3679650902646969,0.0032708008023528616
COARSE,82642,2072,239,0.36492891,0.059117313000000005,upper,-0.36406819,0.0095503599,0.0,0.9996607437544184,-0.026046062972415664,0.36419342686808953,0.0032372749054941294
COARSE,82642,2072,240,0.368720375,0.0590160125,upper,-0.36032817,0.0099303615,0.0,0.999625602936745,-0.027361541501695084,0.36046497418965306,0.003204133103908027
COARSE,82642,2072,241,0.372511845,0.058909754499999994,upper,-0.3566219,0.010293349,0.0,0.9995892626584478,-0.028658436418279216,0.35677041335670234,0.0031712925631706876
COARSE,82642,2072,242,0.37630331499999997,0.058798608,upper,-0.35294437,0.010641858,0.0,0.9995517807417931,-0.02993722792629033,0.3531047612647955,0.0031387089890204047
COARSE,82642,2072,243,0.38009478500000005,0.0586826405,upper,-0.34930301,0.010978182,0.0,0.9995132168367377,-0.031198227011749513,0.3494754749900675,0.0031064486665783775
COARSE,82642,2072,244,0.383886255,0.058561918500000004,upper,-0.34569817,0.011296753,0.0,0.9994736296105896,-0.0324416971355369,0.34588269055907966,0.0030745128049695972
COARSE,82642,2072,245,0.387677725,0.0584365075,upper,-0.3421308,0.011604281,0.0,0.9994330710493843,-0.0336680336936457,0.3423275294682812,0.0030429113730513885
COARSE,82642,2072,246,0.391469195,0.058306471,upper,-0.33859525,0.011898137,0.0,0.9993915903022288,-0.03487763227603251,0.3388042242133366,0.0030115931041185475
COARSE,82642,2072,247,0.395260665,0.0581718715,upper,-0.33509228,0.012176112,0.0,0.9993492384986675,-0.03607075702190676,0.3353134164222058,0.0029805637015307184
COARSE,82642,2072,248,0.39905213500000003,0.058032770500000004,upper,-0.33161886,0.012445272,2.9209971e-17,0.9993060622291308,-0.03724773808043566,0.3318522953793092,0.0029497981811494153
COARSE,82642,2072,249,0.402843605,0.057889228,upper,-0.32817293,0.012703281,2.8853663e-17,0.9992621082642393,-0.03840883996305555,0.32841869219398734,0.002919277263946554
COARSE,82642,2072,250,0.40663507499999996,0.05774130350000001,upper,-0.32474998,0.012942629,-2.8500727e-17,0.9992174151404405,-0.039554484955016275,0.3250077746065686,0.002888957996502832
COARSE,82642,2072,251,0.41042654,0.057589054,upper,-0.32134778,0.013176345,0.0,0.999172023467376,-0.04068497904767127,0.32161779089959913,0.0028588248079964365
COARSE,82642,2072,252,0.414218005,0.0574325365,upper,-0.31796469,0.013397147,0.0,0.9991259785520366,-0.04180046629447507,0.3182467890328606,0.0028288603469587606
COARSE,82642,2072,253,0.41800947499999996,0.057271806499999994,upper,-0.31460461,0.013601544,0.0,0.9990793141289955,-0.04290132957771732,0.31489848230253,0.002799097620466933
COARSE,82642,2072,254,0.421800945,0.0571069185,upper,-0.31126435,0.013800645,-2.7122095e-17,0.9990320684023861,-0.04398779721297831,0.31157012737409256,0.002769512243325267
COARSE,82642,2072,255,0.425592415,0.0569379265,upper,-0.30794991,0.013988142,2.6785361e-17,0.99898427753795,-0.04506010687936698,0.3082674255327905,0.0027401548936248047
COARSE,82642,2072,256,0.429383885,0.056764883,upper,-0.30466065,0.014164065,-2.6451684e-17,0.9989359687357945,-0.04611865529132393,0.3049897091746857,0.0027110196371083173
COARSE,82642,2072,257,0.433175355,0.056587839,upper,-0.30140025,0.014329335,-2.6120878e-17,0.9988871731459906,-0.04716370770424761,0.3017406682755311,0.0026821392735602765
COARSE,82642,2072,258,0.43696682500000006,0.056406845,upper,-0.29816328,0.014489076,-3.519426e-23,0.9988379265986606,-0.048195397996995,0.2985150991674846,0.0026534675481554187
COARSE,82642,2072,259,0.44075829499999997,0.056221951,upper,-0.29494668,0.014636984,0.0,0.9987882573577372,-0.0492139915501131,0.29530962493754537,0.002624974443889292
COARSE,82642,2072,260,0.444549765,0.0560332055,upper,-0.29174446,0.014774689,2.5146601e-17,0.9987381920864997,-0.050219753760747284,0.29211831577512376,0.002596607251334433
COARSE,82642,2072,261,0.448341235,0.0558406565,upper,-0.28856172,0.014903718,-3.6403742e-23,0.9986877525142129,-0.05121301570997509,0.2889463199525067,0.0025684117329111706
COARSE,82642,2072,262,0.45213270499999997,0.055644349999999995,upper,-0.28539837,0.015022553,2.4510936e-17,0.9986369654457637,-0.05219397709771254,0.2857934489471985,0.002540386212863987
COARSE,82642,2072,263,0.45592417500000004,0.0554443325,upper,-0.2822598,0.015135496,2.4196972e-17,0.9985858580801003,-0.05316280694649055,0.28266529003640484,0.002512580355879154
COARSE,82642,2072,264,0.45971564,0.055240649,upper,-0.27914324,0.015237803,0.0,0.9985344495630717,-0.05411980262134537,0.27955880839339536,0.0024849671857190697
COARSE,82642,2072,265,0.46350710500000003,0.0550333435,upper,-0.27604725,0.015332955,-3.844265e-23,0.9984827740947646,-0.05506496014729527,0.2764727325172463,0.0024575354001533005
COARSE,82642,2072,266,0.46729857499999994,0.0548224605,upper,-0.27297036,0.015421177,-2.3270525e-17,0.9984308427640721,-0.05599868049717508,0.27340559214812554,0.0024302719302055605
COARSE,82642,2072,267,0.471090045,0.054608041499999996,upper,-0.26991042,0.015501034,4.5933548e-17,0.9983786628764605,-0.05692139767267609,0.2703551447366755,0.002403156842103782
COARSE,82642,2072,268,0.474881515,0.054390127999999996,upper,-0.26686157,0.015571838,-3.9356815e-23,0.9983262706384767,-0.05783301265774611,0.26731548225898716,0.002376137620079886
COARSE,82642,2072,269,0.478672985,0.054168762,upper,-0.26382578,0.015637173,0.0,0.9982736808223364,-0.05873379076327573,0.2642887629435351,0.0023492334483869786
COARSE,82642,2072,270,0.482464455,0.053943983,upper,-0.26079863,0.015693017,0.0,0.9982209029733443,-0.05962406281931091,0.2612703253642436,0.00232240289212661
COARSE,82642,2072,271,0.48625592500000003,0.053715830500000006,upper,-0.25778544,0.015740967,-2.1775066e-17,0.9981679650009732,-0.060503831662268345,0.25826555686924973,0.0022956938388377754
COARSE,82642,2072,272,0.490047395,0.053484344,upper,-0.25478397,0.015784937,-2.1482819e-17,0.99811487431568,-0.06137342804336768,0.2552724458893386,0.002269088407905232
COARSE,82642,2072,273,0.49383886500000007,0.0532495605,upper,-0.25179686,0.015816208,0.0,0.9980616409542633,-0.062233117033322745,0.2522930792022183,0.0022426051484641624
COARSE,82642,2072,274,0.497630335,0.0530115175,upper,-0.24882125,0.015847934,-2.0904736e-17,0.9980082903194366,-0.06308290143672188,0.24932540396614278,0.00221622581303238
COARSE,82642,2072,275,0.501421805,0.052770252000000004,upper,-0.24585788,0.015866761,0.0,0.9979548238327072,-0.06392315377881852,0.24636931072665763,0.002189949428681401
COARSE,82642,2072,276,0.50521327,0.052525799,upper,-0.24290607,0.015880428,4.1949942e-23,0.9979012552710599,-0.06475403252649985,0.24342459391720667,0.002163774168152948
COARSE,82642,2072,277,0.509004735,0.052278194,upper,-0.23997102,0.015891086,0.0,0.9978476135116138,-0.06557545431925825,0.24049657480302414,0.0021377473315824366
COARSE,82642,2072,278,0.512796205,0.052027472,upper,-0.2370476,0.015894909,0.0,0.9977938943325871,-0.06638783346826338,0.23757987651787857,0.0021118211246033652
COARSE,82642,2072,279,0.516587675,0.051773665999999996,upper,-0.23413317,0.015888152,0.0,0.9977400990127145,-0.06719147879082997,0.23467160064609421,0.0020859697835208376
COARSE,82642,2072,280,0.5203791449999999,0.051516809,upper,-0.23122603,0.015879698,-3.8441169e-17,0.9976862513978193,-0.06798634989295634,0.2317706338007222,0.002060183411561975
COARSE,82642,2072,281,0.5241706150000001,0.051256934,upper,-0.22833,0.015863809,0.0,0.9976323632387273,-0.06877258042790166,0.22888039257864398,0.0020344923784768355
COARSE,82642,2072,282,0.527962085,0.050994073,upper,-0.22544287,0.015841007,-7.4700313e-17,0.9975784319515619,-0.06955050039405128,0.22599869471285547,0.002008877286336493
COARSE,82642,2072,283,0.5317535550000001,0.0507282565,upper,-0.22256655,0.015815358,0.0,0.997524462948363,-0.07032030872784867,0.22312771911622145,0.001983357503255302
COARSE,82642,2072,284,0.535545025,0.050459514999999996,upper,-0.21969889,0.01578159,0.0,0.9974704701594461,-0.07108207340738927,0.22026494324067378,0.001957910606583767
COARSE,82642,2072,285,0.5393364949999999,0.050187878500000005,upper,-0.21684154,0.01574211,-3.574141e-17,0.9974164624024552,-0.07183592783956906,0.21741217080670305,0.001932552629392916
COARSE,82642,2072,286,0.543127965,0.049913376499999995,upper,-0.21399047,0.01569933,0.0,0.9973624479064335,-0.07258200538760849,0.21456554784249005,0.001907249314155467
COARSE,82642,2072,287,0.546919435,0.049636038,upper,-0.21114755,0.01565022,0.0,0.9973084247053159,-0.07332057018191636,0.21172671352475936,0.0018820152313311943
COARSE,82642,2072,288,0.5507109050000001,0.0493558905,upper,-0.20830863,0.015593377,0.0,0.9972543911363191,-0.07405186938443582,0.20889141469595704,0.0018568125750751737
COARSE,82642,2072,289,0.55450237,0.0490729615,upper,-0.20547537,0.015536586,0.0,0.9972003616739105,-0.07477592311313944,0.20606187583925722,0.0018316611185711753
COARSE,82642,2072,290,0.558293835,0.048787277999999996,upper,-0.20264805,0.015469418,-3.3128824e-17,0.9971463445708902,-0.07549283084446706,0.20323759244825534,0.0018065563773178254
COARSE,82642,2072,291,0.5620853050000001,0.048498866,upper,-0.19983155,0.015399812,3.2615882e-17,0.997092337653579,-0.07620282273329217,0.20042401647040006,0.0017815468130702229
COARSE,82642,2072,292,0.565876775,0.0482077515,upper,-0.19702247,0.015327294,0.0,0.9970383465933201,-0.07690601681571128,0.19761771886063537,0.0017566019454278699
COARSE,82642,2072,293,0.5696682449999999,0.04791396,upper,-0.19422451,0.015246598,0.0,0.9969843741952005,-0.0776025618817094,0.1948219766205,0.0017317509032933334
COARSE,82642,2072,294,0.573459715,0.047617516,upper,-0.19143323,0.015164789,0.0,0.9969304188348882,-0.07829265611597623,0.1920329017730638,0.0017069591268716784
COARSE,82642,2072,295,0.5772511849999999,0.0473184435,upper,-0.18865197,0.015074973,-8.8867504e-23,0.9968764833941083,-0.07897643228075188,0.1892532800232395,0.0016822513779843511
COARSE,82642,2072,296,0.5810426550000001,0.047016766,upper,-0.18587758,0.014984526,0.0,0.9968225650549962,-0.07965408838959682,0.18648054484029547,0.0016576048430248485
COARSE,82642,2072,297,0.584834125,0.046712506,upper,-0.18311297,0.01488444,2.9607399e-17,0.9967686656160107,-0.08032575705262572,0.183716874675189,0.0016330388860016799
COARSE,82642,2072,298,0.588625595,0.046405686,upper,-0.18035281,0.014788011,-2.9117107e-17,0.9967147970247356,-0.08099144023870705,0.18095801672114656,0.0016085157041879695
COARSE,82642,2072,299,0.592417065,0.046096328500000006,upper,-0.17759911,0.014680364,2.8630185e-17,0.9966609550724636,-0.08165133577624308,0.178204769922901,0.0015840423993146754
COARSE,82642,2072,300,0.5962085349999999,0.0457844545,upper,-0.17484641,0.01457122,0.0,0.996607130479595,-0.08230569529034694,0.1754524733380874,0.001559577540782999
COARSE,82642,2072,301,0.6,0.045470085,upper,-0.17209808,0.014456826,2.7665213e-17,0.9965533275536941,-0.0829545980742454,0.1727041744798611,0.0015351482175987655
COARSE,82642,2072,302,0.603791465,0.04515324,upper,-0.16935183,0.014339076,-2.7187197e-17,0.996499555044923,-0.08359806693501014,0.16995774227627766,0.0015107354869002458
COARSE,82642,2072,303,0.6075829349999999,0.0448339395,upper,-0.16661099,0.014218162,0.0,0.9964458087077992,-0.08423627667851985,0.16721650769824903,0.0014863689573177692
COARSE,82642,2072,304,0.6113744050000001,0.044512203,upper,-0.16387191,0.014089705,5.2480626e-17,0.9963920771037691,-0.08486948029083596,0.1644764587246631,0.0014620129664414498
COARSE,82642,2072,305,0.615165875,0.044188049,upper,-0.16113766,0.013960272,-2.5771205e-17,0.9963383575455566,-0.08549782034310988,0.16174120433053127,0.0014376995940491668
COARSE,82642,2072,306,0.618957345,0.0438614955,upper,-0.15840481,0.013825724,2.5304985e-17,0.9962846534639082,-0.08612136362309027,0.15900697144182271,0.0014133953017050908
COARSE,82642,2072,307,0.622748815,0.0435325605,upper,-0.1556767,0.013687425,2.4841648e-17,0.9962309680554533,-0.08674017689222467,0.15627719921037744,0.0013891306596477994
COARSE,82642,2072,308,0.6265402849999999,0.043201261500000004,upper,-0.1529506,0.013543508,2.438097e-17,0.9961772985699942,-0.08735439206925304,0.1535490004304848,0.0013648800038265317
COARSE,82642,2072,309,0.630331755,0.0428676155,upper,-0.15023058,0.013400972,-2.3923143e-17,0.99612363611735,-0.0879642061769972,0.1508270374695986,0.0013406847775075431
COARSE,82642,2072,310,0.634123225,0.04253163850000001,upper,-0.14751516,0.013250939,0.0,0.9960699712727977,-0.08856981612608188,0.14810905441423008,0.0013165249281264896
COARSE,82642,2072,311,0.6379146950000001,0.04219334600000001,upper,-0.14480893,0.013098082,-2.3016522e-17,0.9960163057517826,-0.08917128840928447,0.14540002834609894,0.0012924446964097684
COARSE,82642,2072,312,0.641706165,0.041852753500000006,upper,-0.14211146,0.012940837,0.0,0.995962635767901,-0.08976874820479228,0.1426993870126369,0.0012684389956678836
COARSE,82642,2072,313,0.6454976299999999,0.041509876,upper,-0.1394285,0.012785185,-2.2121087e-17,0.9959089677721,-0.0903622039965289,0.14001339100811563,0.0012445634756276945
COARSE,82642,2072,314,0.6492890950000001,0.0411647285,upper,-0.13675651,0.012623679,2.1677908e-17,0.995855301827651,-0.09095173347307943,0.1373378410308039,0.0012207808091627013
COARSE,82642,2072,315,0.653080565,0.0408173245,upper,-0.13409846,0.012460779,0.0,0.9958016100618983,-0.09153771571396781,0.13467609362049765,0.0011971208321822013
COARSE,82642,2072,316,0.6568720349999999,0.040467677,upper,-0.13144924,0.01229346,0.0,0.9957478930602306,-0.09212021203900811,0.13202277991626166,0.0011735358214778815
COARSE,82642,2072,317,0.660663505,0.0401157995,upper,-0.12881405,0.01212633,0.0,0.9956941563116344,-0.09269922916002378,0.1293834982793748,0.0011500755402611093
COARSE,82642,2072,318,0.664454975,0.0397617045,upper,-0.12618761,0.011955924,-1.9935599e-17,0.9956403874916396,-0.09327496339049351,0.12675266929044343,0.0011266903936928306
COARSE,82642,2072,319,0.6682464450000001,0.039405404000000005,upper,-0.1235736,0.011780462,-1.9507805e-17,0.9955865860632721,-0.09384748079132862,0.12413378523280635,0.001103411424291612
COARSE,82642,2072,320,0.672037915,0.039046910000000004,upper,-0.12096621,0.011606415,-1.9082935e-17,0.9955327389686613,-0.0944169775069884,0.12152166498795006,0.0010801925776706672
COARSE,82642,2072,321,0.675829385,0.038686233,upper,-0.1183704,0.011426561,0.0,0.995478838887155,-0.09498358451796615,0.1189205640731013,0.0010570716806497893
COARSE,82642,2072,322,0.679620855,0.038323384,upper,-0.11578024,0.011247097,-1.824295e-17,0.9954248969074404,-0.09554723761999397,0.11632516251551284,0.0010340014445823363
COARSE,82642,2072,323,0.6834123249999999,0.037958374,upper,-0.11320177,0.011063236,0.0,0.9953708991207809,-0.09610813276454919,0.11374101454125737,0.0010110312403667323
COARSE,82642,2072,324,0.6872037950000001,0.0375912125,upper,-0.11062963,0.010876028,-3.4831431e-17,0.9953168248467295,-0.09666653080060776,0.11116287996121876,0.0009881144885441667
COARSE,82642,2072,325,0.690995265,0.0372219085,upper,-0.10806894,0.010689845,-1.7006946e-17,0.9952626656574955,-0.09722256090196457,0.10859627540572502,0.0009653002258286668
COARSE,82642,2072,326,0.69478673,0.036850470999999996,upper,-0.10551506,0.01049776,0.0,0.9952084316137775,-0.0977761609230251,0.10603590804532492,0.0009425414048473326
COARSE,82642,2072,327,0.6985781950000001,0.036476909,upper,-0.10297422,0.010307125,0.0,0.9951541265414812,-0.09832733306391321,0.10348869207319672,0.000919899485095082
COARSE,82642,2072,328,0.702369665,0.0361012305,upper,-0.10044287,0.010110676,-3.1599993e-17,0.9950997224165224,-0.0988763998462728,0.10095037929861096,0.0008973367048765419
COARSE,82642,2072,329,0.706161135,0.035723443,upper,-0.097926931,0.0099166718,0.0,0.9950452096799838,-0.09942349165522753,0.09842767372616723,0.0008749126553437087
COARSE,82642,2072,330,0.709952605,0.035343554,upper,-0.095423259,0.0097172278,-3.0024272e-17,0.9949905849225923,-0.09996867467060805,0.09591666267226841,0.0008525925570868303
COARSE,82642,2072,331,0.7137440749999999,0.03496157,upper,-0.092938473,0.0095192677,0.0,0.9949358380994341,-0.10051207920134092,0.0934246189149378,0.0008304410570216693
COARSE,82642,2072,332,0.717535545,0.0345774975,upper,-0.090468968,0.0093182569,0.0,0.9948809720670352,-0.10105370561711828,0.09094749921537879,0.0008084222152478114
COARSE,82642,2072,333,0.721327015,0.034191343,upper,-0.088021943,0.009119248,-1.3856466e-17,0.9948259697824393,-0.10159374905194318,0.08849297339996404,0.0007866042079996803
COARSE,82642,2072,334,0.7251184850000001,0.0338031115,upper,-0.08559216,0.0089153621,-1.3478367e-17,0.9947708204436603,-0.10213233960821108,0.08605513001647241,0.0007649344890353104
COARSE,82642,2072,335,0.728909955,0.0334128085,upper,-0.083186087,0.0087151924,0.0,0.9947155263628631,-0.10266947751231775,0.08364127656639925,0.0007434780139235488
COARSE,82642,2072,336,0.7327014249999999,0.033020439,upper,-0.080798703,0.0085118702,1.2733706e-17,0.994660062914779,-0.10320542254342949,0.08124571417003837,0.0007221841259558966
COARSE,82642,2072,337,0.736492895,0.0326260065,upper,-0.078437234,0.0083068976,-2.473417e-17,0.994604418163591,-0.10374030735188981,0.0788757795950961,0.0007011180408452987
COARSE,82642,2072,338,0.74028436,0.0322295155,upper,-0.076094306,0.0081053654,0.0,0.9945486008044672,-0.10427406502998082,0.07652466496029833,0.0006802192440915407
COARSE,82642,2072,339,0.7440758249999999,0.0318309695,upper,-0.073778211,0.0079010672,-1.1645392e-17,0.9944926065162725,-0.1048067535250974,0.07419997056411315,0.000659555293903228
COARSE,82642,2072,340,0.747867295,0.0314303715,upper,-0.071482556,0.0076966912,2.2581036e-17,0.9944364157837793,-0.10533857300680723,0.07189561524758534,0.0006390721355340918
COARSE,82642,2072,341,0.751658765,0.0310277245,upper,-0.069215623,0.0074936631,1.0939629e-17,0.9943800019154828,-0.10586978695815134,0.0696199838472545,0.0006188443008644845
COARSE,82642,2072,342,0.7554502350000001,0.03062303,upper,-0.066970964,0.007289926,1.0592797e-17,0.9943233662359043,-0.10640039171591237,0.06736644534652357,0.000598812847524654
COARSE,82642,2072,343,0.759241705,0.0302162905,upper,-0.064755332,0.007087011,-1.0250147e-17,0.9942665166704892,-0.1069303223035073,0.06514187475387956,0.0005790388867011517
COARSE,82642,2072,344,0.763033175,0.029807508,upper,-0.062562583,0.0068837025,0.0,0.9942094192556831,-0.10745990258360309,0.06294003131162998,0.0005594669449922665
COARSE,82642,2072,345,0.766824645,0.0293966825,upper,-0.06040063,0.0066821777,0.0,0.9941520675032385,-0.1079891970478363,0.06076901419735208,0.000540169015087574
COARSE,82642,2072,346,0.7706161149999999,0.0289838155,upper,-0.058262354,0.00647945,0.0,0.9940944618614816,-0.10851820536818402,0.05862142173218602,0.000521079304286098
COARSE,82642,2072,347,0.7744075850000001,0.028568906999999998,upper,-0.056155287,0.0062802193,0.0,0.9940365743598076,-0.1090471862774032,0.056505249365541875,0.0005022688832492611
COARSE,82642,2072,348,0.778199055,0.0281519565,upper,-0.054072694,0.0060793389,0.0,0.9939784121820643,-0.10957607456019859,0.054413240617109754,0.00048367324992986446
COARSE,82642,2072,349,0.781990525,0.0277329645,upper,-0.052022795,0.0058804178,0.0,0.993919961131195,-0.11010499927325684,0.05235395778193156,0.00046536851361716943
COARSE,82642,2072,350,0.785781995,0.0273119295,upper,-0.04999851,0.0056805764,7.9711314e-18,0.9938611843095292,-0.11063429089961216,0.05032004490422691,0.00044728928803757255
COARSE,82642,2072,351,0.78957346,0.02688885,upper,-0.048007135,0.0054855786,-7.6632617e-18,0.9938020963681137,-0.11116381270153715,0.048319389235677,0.0004295056820949067
COARSE,82642,2072,352,0.793364925,0.026463725,upper,-0.04604312,0.0052886881,0.0,0.9937427060272388,-0.11169348332674003,0.04634572665885455,0.0004119620147453738
COARSE,82642,2072,353,0.7971563949999999,0.0260365525,upper,-0.044114743,0.005095165,-7.0611858e-18,0.9936829675648471,-0.11222370503382484,0.044407867031659234,0.000394736595836971
COARSE,82642,2072,354,0.8009478649999999,0.025607329499999998,upper,-0.042213796,0.0049022507,6.7671804e-18,0.9936228571145261,-0.11275467981226342,0.0424973442992077,0.00037775417154851286
COARSE,82642,2072,355,0.8047393350000001,0.025176053,upper,-0.040348759,0.0047105456,7.3265546e-23,0.993562381791394,-0.1132863340787949,0.040622649536901936,0.000361090218105795
COARSE,82642,2072,356,0.808530805,0.024742720000000003,upper,-0.038511911,0.0045215479,0.0,0.9935015405362901,-0.11381866697523059,0.03877627946213915,0.0003446780396634591
COARSE,82642,2072,357,0.8123222750000001,0.0243073275,upper,-0.036711504,0.0043339146,5.9130941e-18,0.9934403174073588,-0.11435180693616656,0.036966279151878556,0.0003285891480166983
COARSE,82642,2072,358,0.816113745,0.0238698715,upper,-0.034939599,0.0041477745,0.0,0.9933786812418685,-0.11488601156871231,0.03518477404693112,0.0003127535470838322
COARSE,82642,2072,359,0.8199052149999999,0.023430347000000004,upper,-0.033203832,0.0039631342,5.3673486e-18,0.9933166303716756,-0.11542127978436205,0.033439348538988396,0.00029723865367989685
COARSE,82642,2072,360,0.823696685,0.022988750000000002,upper,-0.031497223,0.0037809486,0.0,0.9932541555842669,-0.11595767509994766,0.03172317764344275,0.00028198380127504667
COARSE,82642,2072,361,0.827488155,0.022545074999999998,upper,-0.029827675,0.0036009907,0.0,0.9931912247984208,-0.11649545477576713,0.030044084115379045,0.00026705852547003595
COARSE,82642,2072,362,0.8312796250000001,0.022099316,upper,-0.028187159,0.003423723,-4.584355e-18,0.9931278344729042,-0.11703462904268838,0.028394146328863352,0.0002523924118121187
COARSE,82642,2072,363,0.83507109,0.021651468,upper,-0.026583552,0.0032470242,0.0,0.9930639913286713,-0.11757512120499228,0.026780937516683825,0.00023805277792607844
COARSE,82642,2072,364,0.838862555,0.021201525000000002,upper,-0.025009851,0.0030733548,-4.0860477e-18,0.9929996808289978,-0.11811703464576412,0.025197789615971116,0.00022398035214196547
COARSE,82642,2072,365,0.8426540250000001,0.02074948,upper,-0.023473576,0.0029030674,-7.6879907e-18,0.992934859394144,-0.11866071380170999,0.02365221193493623,0.0002102418838660998
COARSE,82642,2072,366,0.846445495,0.020295325500000003,upper,-0.021968926,0.0027332673,0.0,0.9928695149082499,-0.11920623459306312,0.022138099403644584,0.0001967831058101741
COARSE,82642,2072,367,0.8502369649999999,0.0198390545,upper,-0.020503075,0.0025672743,0.0,0.9928036536854896,-0.11975351864869065,0.020662967902548974,0.0001836708258004353
COARSE,82642,2072,368,0.8540284349999999,0.0193806595,upper,-0.019069003,0.002404245,0.0,0.9927372572638699,-0.12030269340380219,0.01921974688607913,0.0001708421945429256
COARSE,82642,2072,369,0.8578199049999999,0.0189201325,upper,-0.017673684,0.0022430376,2.9227802e-18,0.9926703068975643,-0.12085388617622285,0.017815221131089957,0.00015835752116524407
COARSE,82642,2072,370,0.8616113750000001,0.018457465,upper,-0.016309164,0.0020846601,0.0,0.9926027835547994,-0.12140722416423257,0.01644161437991866,0.00014614768337705474
COARSE,82642,2072,371,0.865402845,0.017992648,upper,-0.014981302,0.0019294143,-2.4899947e-18,0.9925346758378881,-0.12196276997255481,0.015104778436652163,0.0001342646972146859
COARSE,82642,2072,372,0.869194315,0.0175256725,upper,-0.013683077,0.0017769788,-2.2805717e-18,0.9924659721990751,-0.12252058613532932,0.013797704801605859,0.0001226462649031632
COARSE,82642,2072,373,0.8729857849999999,0.017056529,upper,-0.012419917,0.001626032,-2.0756826e-18,0.9923966529466616,-0.12308079955973442,0.012525617379345056,0.00011133882114973383
COARSE,82642,2072,374,0.8767772549999999,0.016585207499999997,upper,-0.011184528,0.0014778045,5.4667912e-23,0.9923266961199809,-0.12364355287520325,0.011281426716736381,0.00010027934859321227
COARSE,82642,2072,375,0.88056872,0.016111698,upper,-0.0099819439,0.0013330671,1.6792074e-18,0.9922560913642169,-0.1242088932025675,0.010070223427486643,8.95130971332146e-05
COARSE,82642,2072,376,0.884360185,0.0156359895,upper,-0.0088066618,0.0011887329,0.0,0.992184830474438,-0.12477684952109802,0.008886162591262788,7.89881119223359e-05
COARSE,82642,2072,377,0.8881516549999999,0.0151580705,upper,-0.007663191,0.0010486886,0.0,0.9921128969691211,-0.12534751560177812,0.007734201133687602,6.874845452166758e-05
COARSE,82642,2072,378,0.891943125,0.0146779305,upper,-0.006545524,0.00090917849,-1.1173702e-18,0.9920402759563997,-0.12592097077274506,0.006607908073305736,5.8736960651606536e-05
COARSE,82642,2072,379,0.895734595,0.014195558,upper,-0.005458111,0.00077418008,1.8771002e-18,0.9919669320459823,-0.12649745344188323,0.005512197432061862,4.899731050721655e-05
COARSE,82642,2072,380,0.8995260650000001,0.013710939999999998,upper,-0.0043964118,0.0006387297,-7.6386931e-19,0.9918928518938539,-0.1270770253109397,0.00444193730865554,3.948388718804925e-05
COARSE,82642,2072,381,0.903317535,0.0132240645,upper,-0.003363984,0.00050780442,0.0,0.9918180385496544,-0.12765961933014014,0.0034012861315437836,3.023365450261141e-05
COARSE,82642,2072,382,0.9071090049999999,0.012734919,upper,-0.0023564307,0.00037811158,4.2655795e-19,0.9917424619197129,-0.128245425748549,0.002385463464318749,2.120411968283332e-05
COARSE,82642,2072,383,0.9109004749999999,0.01224349,upper,-0.0013784186,0.00025062475,0.0,0.991666099800886,-0.12883457030509782,0.0013992201289290702,1.243751225714729e-05
COARSE,82642,2072,384,0.914691945,0.011749764,upper,-0.00042818672,0.00011915523,4.7410082e-23,0.9915889464517945,-0.12942705001127175,0.00044000712848176415,3.911174475393459e-06
COARSE,82642,2072,385,0.9184834150000001,0.011253727500000001,upper,0.00049231386,-4.7941298e-08,1.0065319e-19,0.9915109792484509,-0.13002299038930767,-0.00048814083089711383,-4.339029607974345e-06
COARSE,82642,2072,386,0.922274885,0.010755365999999999,upper,0.0013867502,-0.00011978859,0.0,0.9914321667753231,-0.1306225810615758,-0.0013905158503696394,-1.2360140892174574e-05
COARSE,82642,2072,387,0.926066355,0.0102546645,upper,0.0022508551,-0.00023550828,0.0,0.9913524973438202,-0.13122585877094037,-0.0022622956008347414,-2.0109294229642146e-05
COARSE,82642,2072,388,0.92985782,0.00975160885,upper,0.003091422,-0.00035019809,0.0,0.9912719679797374,-0.13183279371073967,-0.0031106075623527204,-2.7649844998690847e-05
COARSE,82642,2072,389,0.933649285,0.0092461836,upper,0.0039017677,-0.00046128448,-1.2704028e-18,0.991190562536035,-0.1324434548760277,-0.003928489431659823,-3.491990605919842e-05
COARSE,82642,2072,390,0.9374407549999999,0.0087383727,upper,0.0046956809,-0.00057162616,-3.0908981e-18,0.9911082463947065,-0.13305804721402537,-0.004729987523014169,-4.204433353790372e-05
COARSE,82642,2072,391,0.941232225,0.0082281604,upper,0.0054530795,-0.00067773416,1.814138e-18,0.9910249965111322,-0.1336766856639949,-0.005494735348732498,-4.884209198873332e-05
COARSE,82642,2072,392,0.9450236949999999,0.0077155304,upper,0.0062103909,-0.00078512282,0.0,0.9909407998212171,-0.13429940896998202,-0.006259571256343254,-5.5640633389717813e-05
COARSE,82642,2072,393,0.948815165,0.00720046595,upper,0.0069040119,-0.0008844662,2.3325749e-18,0.9908556366881175,-0.13492630300792088,-0.006960216861378304,-6.18685943233627e-05
COARSE,82642,2072,394,0.952606635,0.006682950050000001,upper,0.0076483999,-0.00099167971,0.0,0.9907694880931146,-0.13555744709792886,-0.007712230823480844,-6.855316287538528e-05
COARSE,82642,2072,395,0.956398105,0.0061629653,upper,0.0082367966,-0.0010787568,0.0,0.9906823330082314,-0.13619293324312962,-0.00830696792505024,-7.383971488933547e-05
COARSE,82642,2072,396,0.960189575,0.0056404939500000004,upper,0.009031886,-0.0011944178,0.0,0.9905941518949106,-0.13683284047187913,-0.00911036903246569,-8.098105806636169e-05
COARSE,82642,2072,397,0.9639810449999999,0.0051155179500000005,upper,0.009380439,-0.0012505744,3.3017523e-18,0.9905049240725956,-0.1374772540747794,-0.00946329655399083,-8.41181915910296e-05
COARSE,82642,2072,398,0.9677725149999999,0.00458801885,upper,0.010409374,-0.0013990145,-3.5185158e-18,0.990414628588973,-0.13812625918689972,-0.010502836923486945,-9.335855043099506e-05
COARSE,82642,2072,399,0.971563985,0.0040579779,upper,0.01011035,-0.0013684086,-3.7618944e-18,0.9903232316400934,-0.1387800305300509,-0.010202422272298003,-9.068819797598224e-05
COARSE,82642,2072,400,0.97535545,0.00352537595,upper,0.011989996,-0.001633878,-3.9447643e-18,0.9902307222568442,-0.1394385767952642,-0.012100688021913764,-0.00010756167130590013
COARSE,82642,2072,401,0.9791469150000001,0.0029901934500000003,upper,0.0097701607,-0.0013396955,4.2231087e-18,0.9901371060639975,-0.14010178869383616,-0.009861492377133284,-8.765771001896252e-05
COARSE,82642,2072,402,0.982938385,0.0024524106500000004,upper,0.014367354,-0.0019792057,-4.3216233e-18,0.9900423376593539,-0.1407699173900513,-0.014502901363026387,-0.00012891467878245678
COARSE,82642,2072,403,0.986729855,0.0019120074,upper,0.0062693694,-0.00086817158,0.0,0.9899463798239867,-0.14144315138380942,-0.0063291364655263405,-5.625899080467858e-05
COARSE,82642,2072,404,0.990521325,0.00136896315,upper,0.020268109,-0.0027952273,0.0,0.9898492234539303,-0.1421214791213878,-0.020459633792886102,-0.0001818634114923209
COARSE,82642,2072,405,0.9943127949999999,0.0008232570899999998,upper,-0.019516472,0.0027954638,-5.4165961e-18,0.9897508459792076,-0.1428049819979785,0.019715650830164518,0.00017525022960146239
COARSE,82642,2072,406,0.998104265,0.00027486799,upper,0.014171113,0.014857875,-4.2373434e-18,0.9897012913518456,-0.14314801394531873,-0.011898293538295125,-0.00010576260922928999
COARSE,82642,2072,407,0.201895735,-0.0574800705,lower,-0.2505649,0.014000127,-1.9529419e-17,0.99842923737858,-0.0560272964511694,0.25095571128662314,0.0022307174336588724
COARSE,82642,2072,408,0.20568720499999998,-0.057688147499999995,lower,-0.24932842,0.013246999,1.9258026e-17,0.9985711690385632,-0.05343800487440764,0.24968006503107115,0.0022193783558317436
COARSE,82642,2072,409,0.209478675,-0.0578858675,lower,-0.2480029,0.012513976,1.8993367e-17,0.9987115470040453,-0.05074688050300901,0.24831840516517906,0.0022072747125793696
COARSE,82642,2072,410,0.21327014500000002,-0.058073454499999996,lower,-0.24680954,0.011806094,-1.8733988e-17,0.9988419243457834,-0.048112474153925715,0.2470917362729314,0.0021963709890927235
COARSE,82642,2072,411,0.21706161499999999,-0.0582511245,lower,-0.24575781,0.01112425,-1.8479012e-17,0.9989628410017181,-0.04553287051983704,0.24600943911084072,0.00218675056987414
COARSE,82642,2072,412,0.22085308499999998,-0.058419086,lower,-0.24488456,0.010468787,1.8228565e-17,0.999074812276465,-0.04300603997982399,0.245108216883667,0.0021787397056325956
COARSE,82642,2072,413,0.22464455,-0.0585775385,lower,-0.24432076,0.0098431037,-1.798284e-17,0.9991783187278934,-0.04053007999128958,0.24451894798744472,0.0021735017598883974
COARSE,82642,2072,414,0.228436015,-0.0587266755,lower,-0.24428189,0.0092503234,-1.7741787e-17,0.9992738021861809,-0.03810338914549963,0.24445696169775832,0.0021729507706467407
COARSE,82642,2072,415,0.23222748499999998,-0.058866684,lower,-0.24512515,0.0086989014,-1.7506274e-17,0.9993616822981797,-0.035724332802058674,0.24527944472621957,0.0021802617308997294
COARSE,82642,2072,416,0.236018955,-0.058997744,lower,-0.24742401,0.0082037259,1.7278073e-17,0.999442357263035,-0.03339123400696885,0.24755996832912866,0.002200533051814477
COARSE,82642,2072,417,0.23981042500000002,-0.059120029000000004,lower,-0.25197407,0.0077747827,8.5298319e-18,0.9995161942740358,-0.03110269094384018,0.25209398016561313,0.0022408353792498946
COARSE,82642,2072,418,0.243601895,-0.059233708,lower,-0.25954391,0.0074233399,-1.685313e-17,0.9995835389021483,-0.028857386504279006,0.2596500382469476,0.0023080003399728677
COARSE,82642,2072,419,0.247393365,-0.059338944,lower,-0.27051876,0.0071368527,0.0,0.9996447243551245,-0.026653800272515106,0.2706128755195303,0.0024054477823958246
COARSE,82642,2072,420,0.251184835,-0.059435894,lower,-0.28415908,0.0068833169,-8.2356063e-18,0.9997000569464186,-0.024490735826578697,0.28424242595365046,0.0025265993418102264
COARSE,82642,2072,421,0.254976305,-0.0595247115,lower,-0.29842954,0.0066016415,0.0,0.9997498245933456,-0.02236712376625395,0.2985025400009637,0.0026533559111196776
COARSE,82642,2072,422,0.25876777500000003,-0.059605544999999996,lower,-0.31135333,0.0062487721,1.5510117e-25,0.9997943039790473,-0.020281758578886363,0.31141602194605533,0.0027681424172982696
COARSE,82642,2072,423,0.262559245,-0.059678538499999996,lower,-0.32208196,0.0058148271,0.0,0.9998337571842285,-0.018233430693897077,0.32213444043498524,0.00286341724831098
COARSE,82642,2072,424,0.266350715,-0.059743831,lower,-0.33076941,0.0053168715,-3.9261055e-18,0.9998684297996655,-0.016221069322069674,0.3308121359436398,0.0029405523194990205
COARSE,82642,2072,425,0.27014218,-0.059801558000000005,lower,-0.33782629,0.0047698234,0.0,0.9998985523045658,-0.014243774051615353,0.3378599585881981,0.003003199631895094
COARSE,82642,2072,426,0.273933645,-0.0598518515,lower,-0.34365912,0.0041901553,0.0,0.9999243450945235,-0.012300572640663376,0.34368466181140356,0.0030549747716569205
COARSE,82642,2072,427,0.27772511499999997,-0.0598948395,lower,-0.34862749,0.0035915204,3.7839255e-18,0.9999460170123152,-0.010390527474896553,0.34864598783789363,0.0030990754474479435
COARSE,82642,2072,428,0.281516585,-0.059930646500000004,lower,-0.35298401,0.0029769066,0.0,0.9999637659002201,-0.008512748478020908,0.3529965615992893,0.003137747214215905
COARSE,82642,2072,429,0.285308055,-0.0599593935,lower,-0.35684015,0.0023551263,-3.6934984e-18,0.9999777793389841,-0.006666395448354648,0.3568479209792366,0.0031719815198154367
COARSE,82642,2072,430,0.289099525,-0.059981198500000006,lower,-0.36024224,0.0017268031,3.6496858e-18,0.9999882352854226,-0.004850700026441242,0.36024637805671045,0.0032021900271707597
COARSE,82642,2072,431,0.292890995,-0.0599961765,lower,-0.36329793,0.0010974824,-9.0172616e-19,0.9999953032080099,-0.0030648918284795486,0.363299587330032,0.0032293296651558397
COARSE,82642,2072,432,0.296682465,-0.0600044395,lower,-0.36610689,0.00046416838,0.0,0.9999991443940991,-0.001308132665274165,0.36610718395060465,0.0032542860795609302
COARSE,82642,2072,433,0.300473935,-0.060006095999999995,lower,-0.36868749,-0.00016740177,1.1010961e-19,0.999999911680046,0.00042028549856995177,0.3686875277940742,0.0032772224692806597
COARSE,82642,2072,434,0.304265405,-0.0600012525,lower,-0.37098345,-0.00079399104,0.0,0.9999977506635211,0.002121006340917452,0.37098429959342333,0.0032976382186082074
COARSE,82642,2072,435,0.308056875,-0.059990012499999995,lower,-0.37298741,-0.001422245,-8.6066723e-19,0.9999928001949131,0.0037946749975089076,0.37299012152088995,0.003315467746852355
COARSE,82642,2072,436,0.311848345,-0.059972477499999996,lower,-0.37476798,-0.0020435244,3.4033776e-18,0.9999851925460513,0.005441937948631093,0.37477355137337603,0.0033313204566522312
COARSE,82642,2072,437,0.315639815,-0.059948746000000004,lower,-0.37635248,-0.0026608191,1.6823848e-18,0.9999750530773307,0.007063513501764137,0.37636188589542363,0.0033454389857370988
COARSE,82642,2072,438,0.31943128000000004,-0.059918914000000004,lower,-0.37772287,-0.0032704419,0.0,0.9999625027945789,0.00865985016046202,0.37773702798476383,0.0033576624709756786
COARSE,82642,2072,439,0.32322274500000003,-0.0598830765,lower,-0.3789254,-0.0038750393,6.579709e-18,0.9999476559714625,0.010231584294603722,0.37894521330929165,0.0033684018960825923
COARSE,82642,2072,440,0.327014215,-0.0598413245,lower,-0.38003763,-0.0044734073,0.0,0.9999306199656195,0.011779442056894573,0.380063957218252,0.003378346286384462
COARSE,82642,2072,441,0.330805685,-0.0597937475,lower,-0.3810753,-0.0050655311,0.0,0.9999115011435554,0.013303754388947184,0.3811089658533347,0.003387635252029642
COARSE,82642,2072,442,0.334597155,-0.059740434,lower,-0.38203288,-0.0056489745,0.0,0.9998904004349438,0.014804969370037915,0.3820746422569595,0.003396219042284084
COARSE,82642,2072,443,0.338388625,-0.05968147,lower,-0.38289313,-0.0062270933,0.0,0.9998674100370197,0.01628380624615704,0.38294376299484184,0.0034039445599541498
COARSE,82642,2072,444,0.342180095,-0.059616938499999994,lower,-0.38364906,-0.0067986874,0.0,0.9998426210202779,0.01774072127341649,0.3837092953205543,0.0034107492917382605
COARSE,82642,2072,445,0.34597156500000004,-0.059546921999999995,lower,-0.3843258,-0.0073596111,0.0,0.9998161228481307,0.019176039552828237,0.3843962594600532,0.0034168556396449172
COARSE,82642,2072,446,0.349763035,-0.059471500999999996,lower,-0.38494725,-0.0079159361,0.0,0.9997879949052204,0.020590416299793943,0.3850286316414802,0.0034224767257020464
COARSE,82642,2072,447,0.35355450499999996,-0.05939075299999999,lower,-0.38550267,-0.0084645165,1.2057823e-17,0.9997583187593188,0.021984177754475948,0.3855955866717702,0.0034275163259712906
COARSE,82642,2072,448,0.357345975,-0.05930475599999999,lower,-0.38597566,-0.0090032978,0.0,0.9997271728596808,0.02335765069500675,0.3860806512495649,0.0034318280111072436
COARSE,82642,2072,449,0.361137445,-0.059213585,lower,-0.38640838,-0.0095371705,0.0,0.9996946240573165,0.024711508066094557,0.38652605804243517,0.003435787182599424
COARSE,82642,2072,450,0.36492891,-0.059117313,lower,-0.38684386,-0.010063123,0.0,0.9996607437544184,0.02604606297241475,0.38697472553978723,0.003439775338131442
COARSE,82642,2072,451,0.368720375,-0.059016012500000006,lower,-0.38726624,-0.010583195,0.0,0.9996256029367451,0.02736154150169326,0.38741082118625925,0.00344365174387786
COARSE,82642,2072,452,0.372511845,-0.0589097545,lower,-0.38765996,-0.01109684,0.0,0.9995892626584477,0.028658436418280833,0.3878187516621872,0.003447277792552775
COARSE,82642,2072,453,0.376303315,-0.058798607999999995,lower,-0.3880363,-0.011603858,0.0,0.999551780741793,0.029937227926290545,0.3882097619992269,0.0034507534399931283
COARSE,82642,2072,454,0.380094785,-0.05868264050000001,lower,-0.38838549,-0.012103537,-5.6045641e-18,0.9995132168367376,0.031198227011749964,0.38857403937758367,0.003453991461134077
COARSE,82642,2072,455,0.38388625499999995,-0.0585619185,lower,-0.38869834,-0.012597145,0.0,0.9994736296105896,0.03244169713553734,0.38890241346627347,0.003456910341922431
COARSE,82642,2072,456,0.38767772500000003,-0.0584365075,lower,-0.38898427,-0.013083397,0.0,0.9994330710493843,0.033668033693644545,0.38920423580702623,0.0034595932071735665
COARSE,82642,2072,457,0.391469195,-0.058306471,lower,-0.38925332,-0.01356345,0.0,0.9993915903022288,0.034877632276032765,0.3894895555267167,0.003462129382459704
COARSE,82642,2072,458,0.395260665,-0.0581718715,lower,-0.38950087,-0.014037692,0.0,0.9993492384986675,0.03607075702190768,0.3897537480063489,0.0034644777600564346
COARSE,82642,2072,459,0.39905213500000003,-0.0580327705,lower,-0.38971466,-0.014504156,1.0656301e-17,0.9993060622291308,0.03724773808043593,0.3899844692813303,0.003466528615834047
COARSE,82642,2072,460,0.40284360499999994,-0.057889228,lower,-0.38990054,-0.014963641,1.0551156e-17,0.9992621082642393,0.038408839963055275,0.39018757170619905,0.0034683339707217696
COARSE,82642,2072,461,0.406635075,-0.0577413035,lower,-0.3900882,-0.015419306,1.0447692e-17,0.9992174151404405,0.03955448495501599,0.390392825587981,0.003470158449670942
COARSE,82642,2072,462,0.41042654,-0.057589054,lower,-0.3902795,-0.015868202,0.0,0.999172023467376,0.04068497904767127,0.39060195519873,0.0034720173795442667
COARSE,82642,2072,463,0.41421800500000006,-0.05743253649999999,lower,-0.39046553,-0.01631165,1.0245039e-17,0.9991259785520366,0.04180046629447385,0.3908060893281219,0.003473831905138861
COARSE,82642,2072,464,0.418009475,-0.0572718065,lower,-0.39064155,-0.016750863,0.0,0.9990793141289955,0.04290132957771672,0.3910005261385619,0.0034755602323427726
COARSE,82642,2072,465,0.421800945,-0.0571069185,lower,-0.39080748,-0.017182963,-1.004781e-17,0.9990320684023861,0.043987797212979546,0.39118504578348623,0.0034772004069643222
COARSE,82642,2072,466,0.425592415,-0.0569379265,lower,-0.39097036,-0.017610114,9.9512397e-18,0.99898427753795,0.04506010687936731,0.39136675624235007,0.0034788156110431116
COARSE,82642,2072,467,0.42938388499999997,-0.056764883,lower,-0.39112786,-0.018032311,-9.855893e-18,0.9989359687357945,0.0461186552913236,0.39154331366377315,0.0034803850103446504
COARSE,82642,2072,468,0.43317535500000004,-0.056587839,lower,-0.39126965,-0.018449237,9.7617313e-18,0.9988871731459906,0.047163707704246695,0.3917043690475555,0.003481816613756049
COARSE,82642,2072,469,0.436966825,-0.056406845000000004,lower,-0.39139719,-0.018859466,-1.0305514e-23,0.9988379265986606,0.048195397996995355,0.3918512972060228,0.0034831226418313137
COARSE,82642,2072,470,0.44075829499999997,-0.056221951,lower,-0.39151704,-0.019265158,0.0,0.9987882573577371,0.04921399155011365,0.391990737430483,0.0034843621104931823
COARSE,82642,2072,471,0.444549765,-0.0560332055,lower,-0.39163031,-0.019665889,9.4873461e-18,0.9987381920864997,0.050219753760747284,0.3921237638787416,0.003485544567811036
COARSE,82642,2072,472,0.448341235,-0.0558406565,lower,-0.39173361,-0.02006141,-1.0462907e-23,0.9986877525142129,0.05121301570997472,0.3922469638606734,0.0034866396787615415
COARSE,82642,2072,473,0.452132705,-0.055644349999999995,lower,-0.39181717,-0.020451743,9.3106307e-18,0.9986369654457637,0.052193977097712924,0.39235056746409724,0.0034875605996808642
COARSE,82642,2072,474,0.455924175,-0.0554443325,lower,-0.39188663,-0.020836107,-9.2242402e-18,0.9985858580801001,0.05316280694649185,0.39244015262262616,0.0034883569122011212
COARSE,82642,2072,475,0.45971564,-0.055240648999999996,lower,-0.39196217,-0.021217135,0.0,0.9985344495630717,0.05411980262134498,0.39253599682888757,0.0034892088607012227
COARSE,82642,2072,476,0.46350710500000003,-0.0550333435,lower,-0.39204259,-0.021593447,-1.0777993e-23,0.9984827740947646,0.05506496014729487,0.39263681512499415,0.0034901050233332813
COARSE,82642,2072,477,0.467298575,-0.054822460499999996,lower,-0.39212111,-0.021965256,-8.9717548e-18,0.9984308427640721,0.05599868049717467,0.3927358356756661,0.003490985206005921
COARSE,82642,2072,478,0.47109004500000007,-0.054608041499999996,lower,-0.39219337,-0.022332729,0.0,0.9983786628764605,0.05692139767267426,0.39282870247813795,0.0034918106886945594
COARSE,82642,2072,479,0.47488151500000003,-0.054390128,lower,-0.39226088,-0.02269596,-1.0873695e-23,0.9983262706384766,0.05783301265774744,0.3929169171897267,0.0034925948194642373
COARSE,82642,2072,480,0.478672985,-0.054168761999999995,lower,-0.3923267,-0.023054508,8.7284888e-18,0.9982736808223363,0.05873379076327706,0.39300349754290276,0.0034933644226035803
COARSE,82642,2072,481,0.482464455,-0.053943983,lower,-0.39238845,-0.023409295,0.0,0.9982209029733443,0.059624062819311346,0.39308611015094674,0.0034940987568973046
COARSE,82642,2072,482,0.486255925,-0.0537158305,lower,-0.39244844,-0.023760063,-8.571128e-18,0.9981679650009732,0.06050383166226791,0.3931670355746434,0.00349481809399683
COARSE,82642,2072,483,0.49004739500000005,-0.053484344,lower,-0.39251039,-0.024106433,8.4938102e-18,0.99811487431568,0.06137342804336677,0.39324995301355625,0.003495555137898278
COARSE,82642,2072,484,0.493838865,-0.0532495605,lower,-0.39256562,-0.024449918,0.0,0.9980616409542633,0.062233117033323196,0.39332628148777693,0.0034962336132246838
COARSE,82642,2072,485,0.497630335,-0.0530115175,lower,-0.39261326,-0.024787568,-8.3416943e-18,0.9980082903194366,0.0630829014367214,0.39339496007834046,0.0034968440895852483
COARSE,82642,2072,486,0.501421805,-0.052770252000000004,lower,-0.39265748,-0.025122727,0.0,0.9979548238327072,0.0639231537788176,0.393460350221359,0.003497425335300969
COARSE,82642,2072,487,0.50521327,-0.052525799000000005,lower,-0.3926984,-0.025453907,1.1170007e-23,0.9979012552710599,0.0647540325264989,0.3935224694247413,0.0034979775059977
COARSE,82642,2072,488,0.5090047350000001,-0.052278194,lower,-0.39273639,-0.025780425,0.0,0.9978476135116137,0.06557545431925915,0.39358163258258494,0.0034985034007340883
COARSE,82642,2072,489,0.512796205,-0.052027472,lower,-0.3927711,-0.026103515,0.0,0.9977938943325871,0.06638783346826344,0.3936375612570503,0.003499000544507114
COARSE,82642,2072,490,0.516587675,-0.051773666,lower,-0.39279322,-0.026423323,0.0,0.9977400990127145,0.06719147879082997,0.3936809683612607,0.0034993863854334284
COARSE,82642,2072,491,0.5203791449999999,-0.051516809,lower,-0.39280819,-0.02673839,-1.5812376e-17,0.9976862513978193,0.06798634989295634,0.3937171761375767,0.0034997082323340147
COARSE,82642,2072,492,0.5241706150000001,-0.051256934000000004,lower,-0.39282738,-0.02705069,0.0,0.9976323632387274,0.06877258042790066,0.3937576532079328,0.0035000680285149585
COARSE,82642,2072,493,0.5279620850000001,-0.050994073,lower,-0.39285422,-0.027360465,-3.1071044e-17,0.9975784319515619,0.0695505003940522,0.3938058308049179,0.003500496273821492
COARSE,82642,2072,494,0.5317535550000001,-0.0507282565,lower,-0.39288098,-0.027666644,0.0,0.9975244629483629,0.07032030872784878,0.39385391552467,0.003500923693552622
COARSE,82642,2072,495,0.535545025,-0.050459515,lower,-0.39290328,-0.027969839,0.0,0.9974704701594461,0.07108207340738927,0.3938975735777794,0.0035013117651358167
COARSE,82642,2072,496,0.5393364949999999,-0.050187878500000005,lower,-0.39292295,-0.028269985,0.0,0.9974164624024551,0.07183592783956996,0.39393861938822244,0.0035016766167841997
COARSE,82642,2072,497,0.543127965,-0.049913376499999995,lower,-0.39294257,-0.028566544,0.0,0.9973624479064335,0.07258200538760744,0.39397958055235843,0.003502040716020964
COARSE,82642,2072,498,0.5469194350000001,-0.049636038,lower,-0.39296146,-0.028860463,0.0,0.9973084247053159,0.07332057018191636,0.39401984024537506,0.0035023985799588894
COARSE,82642,2072,499,0.5507109050000001,-0.0493558905,lower,-0.3929785,-0.029151808,0.0,0.9972543911363191,0.0740518693844369,0.3940582806255002,0.0035027402722266686
COARSE,82642,2072,500,0.55450237,-0.0490729615,lower,-0.39299466,-0.029439397,-1.4609229e-17,0.9972003616739105,0.07477592311313852,0.39409577517448463,0.00350307355710653
COARSE,82642,2072,501,0.558293835,-0.048787278,lower,-0.39301089,-0.029725034,-1.4481998e-17,0.9971463445708902,0.07549283084446798,0.39413339930366026,0.0035034079938103136
COARSE,82642,2072,502,0.5620853050000001,-0.048498865999999995,lower,-0.39302907,-0.030007936,1.4355843e-17,0.9970923376535789,0.07620282273329307,0.3941729635997121,0.0035037596764418855
COARSE,82642,2072,503,0.565876775,-0.0482077515,lower,-0.39304748,-0.030287695,0.0,0.9970383465933202,0.07690601681570834,0.39421271557285015,0.0035041130273142235
COARSE,82642,2072,504,0.569668245,-0.047913960000000005,lower,-0.39306525,-0.030565631,1.410711e-17,0.9969843741952005,0.0776025618817085,0.394251883560261,0.0035044611872023196
COARSE,82642,2072,505,0.573459715,-0.047617516000000006,lower,-0.39307957,-0.030840132,0.0,0.996930418834888,0.07829265611597827,0.394287536204785,0.003504778099598089
COARSE,82642,2072,506,0.5772511849999999,-0.0473184435,lower,-0.39309247,-0.031112805,-2.2069869e-23,0.9968764833941083,0.0789764322807528,0.3943218174794508,0.0035050828220395624
COARSE,82642,2072,507,0.5810426550000001,-0.047016766,lower,-0.39310598,-0.031382417,0.0,0.9968225650549963,0.07965408838959566,0.3943566491396553,0.003505392436796936
COARSE,82642,2072,508,0.5848341250000001,-0.046712506,lower,-0.39311812,-0.031650711,1.3622718e-17,0.9967686656160107,0.08032575705262572,0.39439019122420366,0.003505690588659588
COARSE,82642,2072,509,0.588625595,-0.046405686,lower,-0.39312886,-0.031914938,2.1468024e-23,0.9967147970247354,0.08099144023870913,0.39442218869321477,0.0035059750106063536
COARSE,82642,2072,510,0.592417065,-0.0460963285,lower,-0.3931378,-0.032178153,1.3386968e-17,0.9966609550724636,0.08165133577624308,0.39445248439834946,0.003506244305763106
COARSE,82642,2072,511,0.5962085349999999,-0.0457844545,lower,-0.39314074,-0.032438167,0.0,0.996607130479595,0.08230569529034694,0.3944767106549039,0.0035064596502658125
COARSE,82642,2072,512,0.6,-0.04547008499999999,lower,-0.39314363,-0.03269634,1.3155428e-17,0.9965533275536941,0.0829545980742454,0.3945009044262372,0.0035066747060109975
COARSE,82642,2072,513,0.603791465,-0.04515324,lower,-0.39315339,-0.032952615,-1.3041133e-17,0.9964995550449232,0.08359806693500893,0.3945319531138567,0.003506950694345393
COARSE,82642,2072,514,0.607582935,-0.044833939499999996,lower,-0.39316383,-0.033206811,0.0,0.9964458087077992,0.08423627667851985,0.39456366865801296,0.0035072326102934485
COARSE,82642,2072,515,0.6113744050000001,-0.044512203,lower,-0.39317369,-0.03345967,1.2815306e-17,0.9963920771037691,0.08486948029083628,0.3945948544452563,0.0035075098172911673
COARSE,82642,2072,516,0.615165875,-0.044188049,lower,-0.39318342,-0.033710059,-1.2703697e-17,0.9963383575455566,0.08549782034310988,0.3946258594650824,0.003507785417467399
COARSE,82642,2072,517,0.618957345,-0.0438614955,lower,-0.39319413,-0.033958949,1.2592943e-17,0.9962846534639082,0.08612136362309027,0.3946578685461798,0.0035080699426327092
COARSE,82642,2072,518,0.622748815,-0.0435325605,lower,-0.39320429,-0.034205868,1.2483025e-17,0.9962309680554534,0.08674017689222342,0.3946893135113293,0.003508349453434038
COARSE,82642,2072,519,0.626540285,-0.043201261500000004,lower,-0.39321425,-0.034451345,1.2373837e-17,0.9961772985699942,0.08735439206925304,0.39472058562266943,0.0035086274277570614
COARSE,82642,2072,520,0.630331755,-0.0428676155,lower,-0.39322544,-0.034694295,-2.4531001e-17,0.9961236361173498,0.08796420617699938,0.39475301122519035,0.0035089156553350254
COARSE,82642,2072,521,0.634123225,-0.0425316385,lower,-0.39323796,-0.034936467,-2.431608e-17,0.9960699712727977,0.08856981612608188,0.39478683997885855,0.0035092163553676315
COARSE,82642,2072,522,0.6379146950000001,-0.04219334600000001,lower,-0.39324889,-0.035176885,-1.2051264e-17,0.9960163057517826,0.08917128840928355,0.39481907481646433,0.003509502887257461
COARSE,82642,2072,523,0.641706165,-0.041852753500000006,lower,-0.3932606,-0.035416061,0.0,0.995962635767901,0.08976874820479097,0.39485211918198077,0.00350979661495094
COARSE,82642,2072,524,0.64549763,-0.041509876,lower,-0.39327202,-0.035652956,-1.1839827e-17,0.9959089677721,0.0903622039965289,0.39488481117499996,0.0035100872104444443
COARSE,82642,2072,525,0.6492890950000001,-0.0411647285,lower,-0.39328569,-0.035888943,1.1735248e-17,0.9958553018276509,0.09095173347308075,0.39491980109781255,0.003510398231980556
COARSE,82642,2072,526,0.653080565,-0.0408173245,lower,-0.39330182,-0.036123793,0.0,0.9958016100618983,0.09153771571396781,0.3949572750904191,0.0035107313341370587
COARSE,82642,2072,527,0.6568720349999999,-0.040467677,lower,-0.39331762,-0.036357487,0.0,0.9957478930602306,0.09212021203900811,0.39499445083010987,0.003511061785156532
COARSE,82642,2072,528,0.660663505,-0.0401157995,lower,-0.39333534,-0.036589585,0.0,0.9956941563116345,0.09269922916002242,0.395033525833635,0.0035114091185212
COARSE,82642,2072,529,0.6644549750000001,-0.0397617045,lower,-0.39335383,-0.036820629,-1.1323296e-17,0.9956403874916396,0.09327496339049351,0.3950734025445105,0.003511763578173427
COARSE,82642,2072,530,0.6682464450000001,-0.039405404000000005,lower,-0.39337056,-0.037050746,-1.122189e-17,0.995586586063272,0.09384748079132998,0.3951115720617369,0.003512102862770995
COARSE,82642,2072,531,0.672037915,-0.039046910000000004,lower,-0.39338801,-0.037279027,-1.1121072e-17,0.9955327389686613,0.0944169775069884,0.39515041612647256,0.003512448143346423
COARSE,82642,2072,532,0.675829385,-0.038686233,lower,-0.3934052,-0.03750691,0.0,0.995478838887155,0.09498358451796615,0.3951890924641618,0.0035127919330147713
COARSE,82642,2072,533,0.679620855,-0.038323384,lower,-0.39342476,-0.037733207,-1.0921433e-17,0.9954248969074406,0.09554723761999258,0.39523010485922794,0.0035131564876375817
COARSE,82642,2072,534,0.683412325,-0.037958374,lower,-0.39344728,-0.037959227,0.0,0.9953708991207809,0.09610813276454919,0.39527416327838133,0.0035135481180300562
COARSE,82642,2072,535,0.6872037950000001,-0.0375912125,lower,-0.39347111,-0.038184495,-2.1448042e-17,0.9953168248467292,0.09666653080060916,0.3953195785361413,0.003513951809210145
COARSE,82642,2072,536,0.690995265,-0.0372219085,lower,-0.39349395,-0.038408331,-1.0626123e-17,0.9952626656574955,0.09722256090196457,0.39536399389688753,0.003514346612416778
COARSE,82642,2072,537,0.69478673,-0.036850470999999996,lower,-0.39351381,-0.038631559,0.0,0.9952084316137775,0.0977761609230251,0.39540550719795337,0.003514715619537363
COARSE,82642,2072,538,0.6985781950000001,-0.036476909,lower,-0.39353306,-0.038853131,0.0,0.9951541265414813,0.0983273330639118,0.39544637334190913,0.0035150788741503034
COARSE,82642,2072,539,0.7023696650000001,-0.0361012305,lower,-0.39355158,-0.03907459,-2.0671826e-17,0.9950997224165224,0.0988763998462728,0.395486622799253,0.003515436647104471
COARSE,82642,2072,540,0.706161135,-0.035723443,lower,-0.39357268,-0.03929492,0.0,0.9950452096799836,0.09942349165523041,0.39552944804562606,0.0035158173159611206
COARSE,82642,2072,541,0.7099526049999999,-0.035343554,lower,-0.39359738,-0.039515434,-2.0290544e-17,0.9949905849225923,0.09996867467060805,0.3955759929162137,0.003516231048144122
COARSE,82642,2072,542,0.7137440749999999,-0.03496157,lower,-0.39362367,-0.039735119,0.0,0.9949358380994342,0.10051207920133946,0.3956241554352277,0.0035166591594242465
COARSE,82642,2072,543,0.717535545,-0.0345774975,lower,-0.39364992,-0.039954352,0.0,0.9948809720670353,0.10105370561711681,0.39567235038884135,0.003517087559011923
COARSE,82642,2072,544,0.7213270150000001,-0.034191343,lower,-0.39367862,-0.040172875,-9.8627326e-18,0.9948259697824393,0.10159374905194318,0.39572302790555747,0.0035175380258271774
COARSE,82642,2072,545,0.7251184850000001,-0.0338031115,lower,-0.39370592,-0.040391351,-9.7694485e-18,0.9947708204436602,0.10213233960821257,0.39577242422949255,0.003517977104262156
COARSE,82642,2072,546,0.728909955,-0.0334128085,lower,-0.39373367,-0.040608656,0.0,0.9947155263628631,0.10266947751231775,0.39582226429482925,0.0035184201270651487
COARSE,82642,2072,547,0.7327014249999999,-0.033020439,lower,-0.39376244,-0.040826084,9.5843651e-18,0.994660062914779,0.10320542254342949,0.39587324659389045,0.003518873303056804
COARSE,82642,2072,548,0.736492895,-0.0326260065,lower,-0.39378976,-0.041043323,-1.8984916e-17,0.994604418163591,0.10374030735188981,0.395922882066343,0.0035193145072563822
COARSE,82642,2072,549,0.74028436,-0.0322295155,lower,-0.39381873,-0.041259628,0.0,0.9945486008044674,0.10427406502997931,0.39597417602527707,0.0035197704535580186
COARSE,82642,2072,550,0.744075825,-0.0318309695,lower,-0.39385038,-0.041476281,-9.3099525e-18,0.9944926065162722,0.10480675352509891,0.3960282853435291,0.003520251425275814
COARSE,82642,2072,551,0.7478672949999999,-0.0314303715,lower,-0.393883,-0.041692702,1.8438488e-17,0.9944364157837791,0.10533857300680875,0.39608344849164034,0.0035207417643701366
COARSE,82642,2072,552,0.751658765,-0.0310277245,lower,-0.39391439,-0.041908736,9.1289048e-18,0.9943800019154829,0.1058697869581498,0.39613746083474166,0.0035212218740865928
COARSE,82642,2072,553,0.7554502350000001,-0.03062303,lower,-0.39394529,-0.042124661,9.0389621e-18,0.9943233662359046,0.10640039171591083,0.3961910872968796,0.003521698553750041
COARSE,82642,2072,554,0.7592417050000001,-0.0302162905,lower,-0.39397551,-0.042340167,-8.9494033e-18,0.9942665166704892,0.1069303223035073,0.3962441056848738,0.003522169828309989
COARSE,82642,2072,555,0.763033175,-0.029807508,lower,-0.39400718,-0.042555853,0.0,0.9942094192556827,0.1074599025836062,0.3962986974281115,0.00352265508824988
COARSE,82642,2072,556,0.7668246449999999,-0.0293966825,lower,-0.39403902,-0.042771558,0.0,0.9941520675032385,0.1079891970478363,0.39635357261485493,0.0035231428676875992
COARSE,82642,2072,557,0.7706161149999999,-0.0289838155,lower,-0.39407196,-0.042987286,0.0,0.9940944618614818,0.10851820536818244,0.3964096561412681,0.003523641387922383
COARSE,82642,2072,558,0.7744075850000001,-0.028568906999999998,lower,-0.39410636,-0.043203058,0.0,0.9940365743598077,0.10904718627740162,0.39646730794129253,0.003524153848367045
COARSE,82642,2072,559,0.7781990550000001,-0.0281519565,lower,-0.39413944,-0.043418872,0.0,0.9939784121820643,0.10957607456019813,0.3965237643051197,0.0035246556827121752
COARSE,82642,2072,560,0.781990525,-0.027732964500000002,lower,-0.39417551,-0.043635211,0.0,0.9939199611311945,0.11010499927326002,0.39658336245351233,0.0035251854440312208
COARSE,82642,2072,561,0.7857819949999999,-0.0273119295,lower,-0.39421209,-0.043851975,8.3320212e-18,0.9938611843095291,0.1106342908996126,0.39664362679520726,0.003525721127068509
COARSE,82642,2072,562,0.78957346,-0.02688885,lower,-0.39424911,-0.044068454,-8.2450449e-18,0.9938020963681139,0.11116381270153554,0.39670440937576534,0.0035262614166734698
COARSE,82642,2072,563,0.793364925,-0.026463725,lower,-0.39428871,-0.044285599,0.0,0.993742706027239,0.11169348332673888,0.3967679424449104,0.0035268261550658706
COARSE,82642,2072,564,0.797156395,-0.026036552499999997,lower,-0.3943307,-0.044503329,-8.071944e-18,0.9936829675648474,0.11222370503382278,0.39683402864464273,0.00352741358795238
COARSE,82642,2072,565,0.800947865,-0.0256073295,lower,-0.39437281,-0.044721398,1.5971581e-17,0.9936228571145258,0.11275467981226578,0.39690038515273096,0.003528003423579831
COARSE,82642,2072,566,0.804739335,-0.025176053000000004,lower,-0.39441507,-0.044940107,2.2545305e-23,0.9935623817913937,0.11328633407879744,0.39696707633875816,0.0035285962341222946
COARSE,82642,2072,567,0.808530805,-0.02474272,lower,-0.39445867,-0.045158898,0.0,0.9935015405362901,0.11381866697522984,0.3970352218953265,0.003529201972402902
COARSE,82642,2072,568,0.8123222750000001,-0.024307327499999996,lower,-0.39450351,-0.045378515,0.0,0.9934403174073588,0.1143518069361661,0.3971048073790471,0.003529820510035974
COARSE,82642,2072,569,0.816113745,-0.0238698715,lower,-0.39454899,-0.045598603,0.0,0.9933786812418687,0.11488601156871064,0.3971751970032863,0.003530446195584767
COARSE,82642,2072,570,0.819905215,-0.023430347,lower,-0.39459429,-0.045819516,0.0,0.9933166303716755,0.11542127978436371,0.39724561768252387,0.00353107215717799
COARSE,82642,2072,571,0.8236966849999999,-0.022988750000000002,lower,-0.39463982,-0.046040539,0.0,0.9932541555842667,0.11595767509994888,0.3973163950368155,0.0035317012892161375
COARSE,82642,2072,572,0.827488155,-0.022545074999999998,lower,-0.39468646,-0.04626272,0.0,0.9931912247984208,0.1164954547757659,0.3973885252243169,0.0035323424464383723
COARSE,82642,2072,573,0.8312796250000001,-0.022099315999999997,lower,-0.3947348,-0.046485215,-7.3052101e-18,0.9931278344729042,0.11703462904268838,0.39746249700858954,0.0035329999734096847
COARSE,82642,2072,574,0.83507109,-0.021651468,lower,-0.39478774,-0.046709628,0.0,0.9930639913286715,0.11757512120499058,0.39754137898556585,0.0035337011465383632
COARSE,82642,2072,575,0.8388625550000001,-0.021201525,lower,-0.39484509,-0.046934585,-7.137207e-18,0.9929996808289975,0.11811703464576581,0.3976248223494264,0.003534442865328235
COARSE,82642,2072,576,0.842654025,-0.02074948,lower,-0.39490594,-0.047160937,-1.4106737e-17,0.9929348593941438,0.11866071380171171,0.3977120244557898,0.003535217995162576
COARSE,82642,2072,577,0.846445495,-0.0202953255,lower,-0.3949677,-0.047388445,0.0,0.9928695149082502,0.1192062345930614,0.39780038679509766,0.003536003438178646
COARSE,82642,2072,578,0.8502369649999999,-0.0198390545,lower,-0.39503313,-0.047617169,0.0,0.99280365368549,0.11975351864868894,0.39789265832665444,0.0035368236295702615
COARSE,82642,2072,579,0.854028435,-0.019380659499999998,lower,-0.39510236,-0.047846839,0.0,0.99273725726387,0.12030269340380045,0.3979889368074402,0.003537679438288357
COARSE,82642,2072,580,0.857819905,-0.0189201325,lower,-0.39517506,-0.04807845,6.718829e-18,0.992670306897564,0.1208538861762259,0.39808901561229265,0.0035385690276648236
COARSE,82642,2072,581,0.861611375,-0.018457465,lower,-0.3952525,-0.04831129,0.0,0.992602783554799,0.12140722416423431,0.39819407132168655,0.0035395028561927694
COARSE,82642,2072,582,0.865402845,-0.017992648,lower,-0.39533471,-0.048545833,-6.5515896e-18,0.9925346758378883,0.12196276997255305,0.3983041925006206,0.0035404817111166277
COARSE,82642,2072,583,0.869194315,-0.0175256725,lower,-0.39542187,-0.048781619,-6.4679811e-18,0.9924659721990754,0.12252058613532756,0.39841950319083663,0.003541506695029659
COARSE,82642,2072,584,0.872985785,-0.017056529,lower,-0.39551497,-0.049019943,-6.3842574e-18,0.9923966529466618,0.12308079955973218,0.3985411461971119,0.00354258796619655
COARSE,82642,2072,585,0.876777255,-0.0165852075,lower,-0.39561523,-0.049259848,2.4130091e-23,0.9923266961199807,0.12364355287520502,0.3986702167414588,0.0035437352599240785
COARSE,82642,2072,586,0.88056872,-0.016111698,lower,-0.39572259,-0.049501901,6.2163054e-18,0.9922560913642167,0.12420889320256974,0.3988067267525576,0.0035449486822449567
COARSE,82642,2072,587,0.884360185,-0.0156359895,lower,-0.39584032,-0.0497466,0.0,0.992184830474438,0.12477684952109802,0.39895398481653355,0.0035462576428136315
COARSE,82642,2072,588,0.8881516549999999,-0.0151580705,lower,-0.39596846,-0.049993762,6.0474504e-18,0.9921128969691213,0.12534751560177632,0.39911200982128814,0.0035476623095225613
COARSE,82642,2072,589,0.8919431250000001,-0.0146779305,lower,-0.39610721,-0.050243757,0.0,0.9920402759563999,0.12592097077274325,0.39928104857342944,0.003549164876208262
COARSE,82642,2072,590,0.8957345950000001,-0.014195558,lower,-0.39626044,-0.050496556,1.1753956e-17,0.9919669320459819,0.12649745344188665,0.39946493869957644,0.0035507994551073462
COARSE,82642,2072,591,0.899526065,-0.01371094,lower,-0.396427,-0.050753188,-5.7909698e-18,0.9918928518938537,0.12707702531094153,0.3996626717538117,0.003552557082256104
COARSE,82642,2072,592,0.903317535,-0.0132240645,lower,-0.39660944,-0.051012816,0.0,0.9918180385496547,0.12765961933013875,0.39987667352259537,0.003554459320200848
COARSE,82642,2072,593,0.9071090049999999,-0.012734918999999999,lower,-0.39681121,-0.05127657,0.0,0.9917424619197133,0.12824542574854716,0.4001105118733156,0.003556537883318361
COARSE,82642,2072,594,0.910900475,-0.01224349,lower,-0.39703334,-0.051544577,0.0,0.9916660998008863,0.1288345703050955,0.4003652271980721,0.003558802019538419
COARSE,82642,2072,595,0.9146919450000001,-0.011749764000000001,lower,-0.39727884,-0.051817145,2.7208964e-23,0.991588946451794,0.12942705001127547,0.40064384662054736,0.0035612786366270876
COARSE,82642,2072,596,0.918483415,-0.011253727500000001,lower,-0.39755325,-0.052095246,-1.0696581e-17,0.9915109792484507,0.13002299038930976,0.40095199188089087,0.003564017705607919
COARSE,82642,2072,597,0.922274885,-0.010755365999999999,lower,-0.39785832,-0.052379551,0.0,0.9914321667753234,0.13062258106157393,0.4012914884136563,0.003567035452565834
COARSE,82642,2072,598,0.926066355,-0.0102546645,lower,-0.3982001,-0.052670002,0.0,0.9913524973438206,0.13122585877093826,0.4016683298214761,0.0035703851539686765
COARSE,82642,2072,599,0.9298578200000001,-0.009751608850000001,lower,-0.39858276,-0.052968074,0.0,0.9912719679797374,0.13183279371073967,0.4020868460808925,0.0035741052984968225
COARSE,82642,2072,600,0.933649285,-0.0092461836,lower,-0.3990161,-0.053274664,9.9365778e-18,0.991190562536035,0.13244345487602793,0.4025568731774543,0.0035782833171329274
COARSE,82642,2072,601,0.937440755,-0.0087383727,lower,-0.39950791,-0.053591256,1.9469568e-17,0.9911082463947065,0.13305804721402537,0.40308633197202115,0.003582989617529077
COARSE,82642,2072,602,0.941232225,-0.0082281604,lower,-0.40006849,-0.053919242,-9.5265909e-18,0.9910249965111319,0.1336766856639968,0.40368561947053877,0.0035883166175159
COARSE,82642,2072,603,0.9450236949999999,-0.0077155304,lower,-0.40071139,-0.054260561,-9.3107674e-18,0.9909407998212173,0.1342994089699801,0.40436842657675126,0.0035943860140155667
COARSE,82642,2072,604,0.9488151650000001,-0.00720046595,lower,-0.40145482,-0.054617878,-9.0858203e-18,0.9908556366881178,0.13492630300791894,0.40515315962929127,0.0036013614189270337
COARSE,82642,2072,605,0.9526066350000001,-0.006682950050000001,lower,-0.4023193,-0.054994111,0.0,0.9907694880931143,0.13555744709793083,0.4060605482035603,0.0036094270951427584
COARSE,82642,2072,606,0.956398105,-0.0061629653,lower,-0.4033345,-0.055393607,0.0,0.9906823330082312,0.13619293324313156,0.4071205812629557,0.0036188496112262727
COARSE,82642,2072,607,0.960189575,-0.0056404939500000004,lower,-0.40453547,-0.05582133,0.0,0.9905941518949106,0.13683284047187924,0.40836866195887717,0.003629943661856686
COARSE,82642,2072,608,0.9639810449999999,-0.00511551795,lower,-0.40597869,-0.056285377,-8.0528621e-18,0.990504924072596,0.13747725407477746,0.4098618505880656,0.0036432164496716943
COARSE,82642,2072,609,0.967772515,-0.00458801885,lower,-0.40772472,-0.056794559,7.7440746e-18,0.9904146285889733,0.13812625918689764,0.41166134710218266,0.0036592119742416235
COARSE,82642,2072,610,0.9715639850000001,-0.0040579779,lower,-0.40991172,-0.057368209,7.4050715e-18,0.9903232316400932,0.13878003053005294,0.41390666103402346,0.0036791703203024307
COARSE,82642,2072,611,0.97535545,-0.0035253759499999995,lower,-0.41260833,-0.058017517,-7.0234331e-18,0.9902307222568438,0.13943857679526628,0.41666732462476536,0.0037037095522201367
COARSE,82642,2072,612,0.9791469150000001,-0.00299019345,lower,-0.41634712,-0.058814373,-6.5937634e-18,0.9901371060639975,0.1401017886938361,0.4204807313730864,0.003737606501094101
COARSE,82642,2072,613,0.982938385,-0.0024524106500000004,lower,-0.420827,-0.059726557,6.0692885e-18,0.9900423376593542,0.14076991739004924,0.42504424932505513,0.003778171105111601
COARSE,82642,2072,614,0.9867298550000001,-0.0019120074,lower,-0.42928642,-0.061186709,0.0,0.9899463798239867,0.14144315138380942,0.43362497833036356,0.003854444251825454
COARSE,82642,2072,615,0.990521325,-0.00136896315,lower,-0.43755713,-0.062682431,0.0,0.9898492234539303,0.14212147912138778,0.44202410515587476,0.003929103156941109
COARSE,82642,2072,616,0.994312795,-0.00082325709,lower,-0.47217128,-0.068297191,3.7132767e-18,0.9897508459792076,0.1428049819979785,0.4770851029583528,0.004240756470740914
COARSE,82642,2072,617,0.998104265,-0.00027486799,lower,-0.47991666,-0.089159863,6.2750274e-19,0.9897012913518451,0.1431480139453229,0.4877371954553515,0.004335441737380902
BASELINE,165220,3234,0,0.19887,-0.0573073,lower,-0.25158822,0.014645436,3.2728713e-17,0.998299870760104,-0.05828694571136372,0.25201412524381583,0.0022401255577228075
BASELINE,165220,3234,1,0.19661,-0.05717315,lower,-0.25250159,0.015065343,3.3014298e-17,0.998191881987288,-0.060107958996092184,0.25295058434618867,0.002248449638632788
BASELINE,165220,3234,2,0.19435049999999998,-0.05703515,lower,-0.253297,0.015770092,-1.6646889e-17,0.9980864694461176,-0.06183364382425112,0.2537874307030969,0.0022558882729164166
BASELINE,165220,3234,3,0.19209199999999998,-0.05689325,lower,-0.25407456,0.016153336,3.3585426e-17,0.9979766222541371,-0.06358192694644804,0.25458753141899954,0.002263000279279996
BASELINE,165220,3234,4,0.189834,-0.056747399999999996,lower,-0.25493536,0.016686014,-8.9327875e-24,0.9978624698900068,-0.06534899528696057,0.2554808422421422,0.002270940819930153
BASELINE,165220,3234,5,0.1875775,-0.0565976,lower,-0.25568075,0.017149459,3.4228099e-17,0.9977436161421473,-0.06713923180668198,0.25625523758609653,0.002277824334098636
BASELINE,165220,3234,6,0.18532300000000002,-0.056443850000000004,lower,-0.25642879,0.017951496,1.7250576e-17,0.9976206273901266,-0.06894261240865754,0.25705627339157455,0.0022849446523695517
BASELINE,165220,3234,7,0.18307,-0.0562861,lower,-0.25728118,0.01818806,2.1167882e-21,0.9974918674469443,-0.07078117247691963,0.257923256909034,0.002292651172524747
BASELINE,165220,3234,8,0.180819,-0.05612425,lower,-0.25804456,0.019010661,1.7588502e-17,0.9973575739157579,-0.07264894873894501,0.2587438008602416,0.0022999448965354812
BASELINE,165220,3234,9,0.1785705,-0.055958350000000004,lower,-0.2587814,0.019306229,5.4543763e-23,0.997218925713215,-0.07452794240673447,0.259500563225565,0.0023066716731161333
BASELINE,165220,3234,10,0.1763245,-0.05578835,lower,-0.25963168,0.019779498,0.0,0.9970741164401249,-0.07644086816058608,0.2603839899347658,0.002314524354975696
BASELINE,165220,3234,11,0.1740815,-0.0556142,lower,-0.2603895,0.020678457,-1.8131733e-17,0.9969223952585987,-0.0783947564053767,0.26120920663954295,0.002321859614573715
BASELINE,165220,3234,12,0.1718425,-0.055435899999999996,lower,-0.26113217,0.021063012,1.9946872e-23,0.9967647898253805,-0.08037383756151664,0.2619802676517398,0.0023287134902376873
BASELINE,165220,3234,13,0.169607,-0.055253399999999994,lower,-0.26181095,0.02198305,-1.8483434e-17,0.9966026001612309,-0.08236053273184678,0.2627320092297528,0.0023353956375978028
BASELINE,165220,3234,14,0.167375,-0.055066699999999996,lower,-0.26250832,0.022149361,1.8680236e-17,0.9964343886177613,-0.08437125802041891,0.26344108679819406,0.0023416985493172806
BASELINE,165220,3234,15,0.1651475,-0.0548758,lower,-0.26322171,0.023059002,1.8907121e-17,0.9962589192846191,-0.08641854977863755,0.2642297018490321,0.0023487084608802855
BASELINE,165220,3234,16,0.1629245,-0.05468065,lower,-0.26386936,0.023378134,1.9122641e-17,0.9960774734038006,-0.08848540544915386,0.2649029490831125,0.0023546928807387777
BASELINE,165220,3234,17,0.1607055,-0.0544812,lower,-0.26458901,0.024409666,-2.3482746e-21,0.9958882325687555,-0.09059044227224233,0.26571236396467446,0.002361887679685995
BASELINE,165220,3234,18,0.158492,-0.054277450000000005,lower,-0.26517101,0.025030607,-1.9528235e-17,0.9956908738562507,-0.09273447966843863,0.2663495549841748,0.0023675515998593313
BASELINE,165220,3234,19,0.156284,-0.054069400000000004,lower,-0.26582555,0.025278513,0.0,0.9954879128535966,-0.09488843639975225,0.2670247605257402,0.0023735534268954687
BASELINE,165220,3234,20,0.15408100000000002,-0.053856999999999995,lower,-0.26646372,0.026122448,-6.2204285e-23,0.9952761535226902,-0.09708438715405514,0.2677410681499908,0.002379920605777696
BASELINE,165220,3234,21,0.1518845,-0.05364025,lower,-0.26694493,0.0268197,0.0,0.9950562606529046,-0.09931282966192567,0.26828876414373537,0.0023847890146109813
BASELINE,165220,3234,22,0.149694,-0.05341915,lower,-0.26749767,0.027714848,-5.0176466e-21,0.9948302051096927,-0.10155226733759729,0.2689292675657818,0.0023904823783625047
BASELINE,165220,3234,23,0.14750950000000002,-0.05319365,lower,-0.26813153,0.028040283,-8.283005e-17,0.9945931206901506,-0.10384856414908933,0.26959371830600887,0.0023963886071645232
BASELINE,165220,3234,24,0.14533200000000002,-0.0529637,lower,-0.26852275,0.028898065,4.7280685e-23,0.9943468125659055,-0.10618105452491922,0.2700731675793611,0.00240065037848321
BASELINE,165220,3234,25,0.1431615,-0.05272935,lower,-0.26898263,0.029577148,-5.1627697e-21,0.9940934051491188,-0.10852788507581637,0.27060380390167993,0.0024053671457927106
BASELINE,165220,3234,26,0.1409985,-0.0524906,lower,-0.26938914,0.03061803,-4.2982554e-17,0.9938301543289045,-0.11091268794229872,0.2711229785875288,0.002409982031889145
BASELINE,165220,3234,27,0.138843,-0.0522474,lower,-0.2697627,0.031096937,-4.3478245e-17,0.9935568349185826,-0.11333497159556852,0.2715489448626953,0.002413768398779514
BASELINE,165220,3234,28,0.136695,-0.0519997,lower,-0.27006373,0.031763472,-8.8121323e-17,0.9932742436154872,-0.1157854782348871,0.2719250959396476,0.0024171119639079786
BASELINE,165220,3234,29,0.13455499999999998,-0.05174755,lower,-0.27040628,0.032536218,4.4652561e-17,0.9929817755805145,-0.1182674653696815,0.27235648407809715,0.002420946525138641
BASELINE,165220,3234,30,0.1324235,-0.051490949999999994,lower,-0.2706746,0.033139775,-3.4813495e-22,0.9926761438221815,-0.1208059331586151,0.272695699602153,0.00242396177424136
BASELINE,165220,3234,31,0.130301,-0.05122985,lower,-0.27081246,0.034231217,-5.6252683e-21,0.9923601818421786,-0.12337450909389026,0.2729667616437891,0.0024263712146114585
BASELINE,165220,3234,32,0.128187,-0.05096425,lower,-0.27100989,0.034631389,5.6479989e-21,0.992033612614483,-0.1259734553112595,0.273213555965512,0.002428564941915662
BASELINE,165220,3234,33,0.126082,-0.050694100000000006,lower,-0.271068,0.036006757,4.7060881e-17,0.9916933062938516,-0.1286249830008511,0.2734476896575025,0.002430646130288911
BASELINE,165220,3234,34,0.12398700000000001,-0.050419500000000006,lower,-0.27109237,0.035955269,-4.7718097e-17,0.9913424689285885,-0.13130159670990627,0.27346636361333665,0.002430812121007437
BASELINE,165220,3234,35,0.1219015,-0.0501404,lower,-0.27098082,0.037375763,0.0,0.9909802550109111,-0.13400796311603733,0.2735452919762036,0.002431513706455143
BASELINE,165220,3234,36,0.1198255,-0.049856750000000005,lower,-0.27100617,0.0377515,0.0,0.9906030348302634,-0.1367685175216571,0.2736227511489451,0.0024322022324350673
BASELINE,165220,3234,37,0.11776,-0.049568600000000004,lower,-0.27084915,0.038466334,-6.1099649e-21,0.9902092935497706,-0.13959066934313427,0.2735668867902924,0.0024317056603581546
BASELINE,165220,3234,38,0.1157055,-0.04927595,lower,-0.27053369,0.03970283,5.0534765e-17,0.989801882715346,-0.1424508089592914,0.273430455951403,0.0024304929417902485
BASELINE,165220,3234,39,0.1136615,-0.048978749999999995,lower,-0.27014908,0.040470182,0.0,0.9893829550820233,-0.14533192420512056,0.27316250450608137,0.0024281111511651678
BASELINE,165220,3234,40,0.111628,-0.048677,lower,-0.26978888,0.041223474,0.0,0.988947976099284,-0.14826294401882797,0.2729190804680162,0.0024259473819379217
BASELINE,165220,3234,41,0.10960600000000001,-0.048370750000000004,lower,-0.26935079,0.041641702,-5.2647227e-17,0.9884932526394519,-0.15126496450360447,0.2725503690830056,0.0024226699474044944
BASELINE,165220,3234,42,0.107596,-0.048060000000000005,lower,-0.26868863,0.042360234,7.1904165e-21,0.98802436646105,-0.15429793024937377,0.2720070098621166,0.0024178400876632587
BASELINE,165220,3234,43,0.10559749999999998,-0.04774475,lower,-0.26797416,0.043453549,-5.4287095e-17,0.9875409496660158,-0.15736223413749525,0.271473404004196,0.0024130969244817425
BASELINE,165220,3234,44,0.10361100000000001,-0.04742500000000001,lower,-0.26722438,0.044464826,5.5044442e-17,0.9870342329247747,-0.1605098845386218,0.2708966550193884,0.002407970266839008
BASELINE,165220,3234,45,0.101637,-0.047100699999999995,lower,-0.26622973,0.045154828,-1.3557627e-20,0.9865081794119902,-0.16371197864921355,0.27003019248509064,0.0024002683776452502
BASELINE,165220,3234,46,0.0996755,-0.0467719,lower,-0.26526562,0.045258656,-5.6707389e-17,0.9859670964915813,-0.16693976349558168,0.269098642479207,0.0023919879331485067
BASELINE,165220,3234,47,0.09772685,-0.04643865,lower,-0.26407579,0.046351613,-5.7636344e-17,0.9854055048532806,-0.1702233562260218,0.26811186429582856,0.0023832165715184763
BASELINE,165220,3234,48,0.09579114999999999,-0.0461009,lower,-0.26274374,0.047096818,5.8544619e-17,0.9848198994814303,-0.17357927752293836,0.2669302952582444,0.0023727137356288393
BASELINE,165220,3234,49,0.0938688,-0.04575865,lower,-0.26121419,0.048096561,5.9415123e-17,0.984212737647008,-0.17698951113945052,0.2656029198710245,0.0023609148432979957
BASELINE,165220,3234,50,0.09195999999999999,-0.04541195,lower,-0.25970608,0.048156563,2.9475223e-20,0.9835842290423767,-0.18044961728724518,0.2641326378376369,0.0023478456696678835
BASELINE,165220,3234,51,0.090065,-0.0450608,lower,-0.25787478,0.049252306,6.132942e-17,0.9829306342758368,-0.183976542532197,0.26253429003875967,0.0023336381336778638
BASELINE,165220,3234,52,0.08818405,-0.0447052,lower,-0.2559352,0.049826722,1.5141733e-20,0.9822511700336122,-0.18757035737983782,0.26073866570539234,0.002317677028492376
BASELINE,165220,3234,53,0.08631734999999999,-0.04434515,lower,-0.25372592,0.050634615,6.3235539e-17,0.9815470570561198,-0.1912207488335671,0.25872631907205584,0.0022997895028627185
BASELINE,165220,3234,54,0.08446514999999999,-0.043980700000000005,lower,-0.2515128,0.050591018,1.5759938e-20,0.9808161466926762,-0.19493508249396901,0.2565497796071696,0.0022804424853970634
BASELINE,165220,3234,55,0.08262775,-0.043611849999999994,lower,-0.24882538,0.051770496,-6.5341831e-17,0.980055010674615,-0.19872638489033173,0.2541507239660745,0.002259117546365107
BASELINE,165220,3234,56,0.08080535,-0.0432386,lower,-0.24614505,0.051696285,0.0,0.9792664179710618,-0.20257660929664478,0.2515140395433409,0.0022356803514963636
BASELINE,165220,3234,57,0.07899809999999999,-0.042860999999999996,lower,-0.24310726,0.052249959,-6.7478842e-17,0.9784474080348472,-0.2064961735962419,0.2486570850255142,0.002210285200226793
BASELINE,165220,3234,58,0.07720635,-0.04247905,lower,-0.23976683,0.052844942,-1.371782e-16,0.9775958356304612,-0.21049081252629653,0.24551842930980172,0.0021823860383093484
BASELINE,165220,3234,59,0.0754303,-0.0420928,lower,-0.23635959,0.052724701,0.0,0.9767096252028203,-0.21456539337965522,0.242167582772882,0.0021526007357589513
BASELINE,165220,3234,60,0.0736701,-0.0417022,lower,-0.23251291,0.053165286,0.0,0.9757827628987734,-0.21874185614471697,0.23851156307153856,0.0021201027828581204
BASELINE,165220,3234,61,0.07192604999999999,-0.041307250000000004,lower,-0.2283637,0.05338277,-1.7678128e-20,0.97482076340115,-0.22298986354092284,0.23451749296484767,0.0020845999374653128
BASELINE,165220,3234,62,0.0701984,-0.04090805,lower,-0.22387938,0.053435876,3.5788109e-20,0.9738239737527902,-0.22730347147442564,0.23016526758898787,0.002045913489679892
BASELINE,165220,3234,63,0.0684873,-0.0405046,lower,-0.21906324,0.053383484,-7.4457262e-17,0.9727875148668429,-0.23169905247797548,0.22547088749905195,0.0020041856666582394
BASELINE,165220,3234,64,0.06679299999999999,-0.04009695,lower,-0.213988,0.052960388,1.5141401e-16,0.9717085532854355,-0.23618316508999126,0.22044232196267777,0.0019594873063349134
BASELINE,165220,3234,65,0.0651157,-0.0396851,lower,-0.20838041,0.052977558,-1.8865705e-20,0.9705788575851712,-0.24078347370337558,0.21500574072449163,0.001911162139773259
BASELINE,165220,3234,66,0.0634556,-0.039269,lower,-0.20245348,0.052382062,-7.8250325e-17,0.9694007707471144,-0.24548349369132855,0.20911749113895128,0.0018588221434573447
BASELINE,165220,3234,67,0.06181300000000001,-0.03884875,lower,-0.19607808,0.051661703,1.9367215e-20,0.9681760686229203,-0.25027005443293954,0.2027674818594388,0.0018023776165283448
BASELINE,165220,3234,68,0.06018805,-0.038424349999999996,lower,-0.18908292,0.051296213,-8.0915719e-17,0.9669014859062018,-0.25514998834485403,0.19591278445656862,0.0017414469729472766
BASELINE,165220,3234,69,0.058580900000000005,-0.03799585,lower,-0.18177883,0.050005149,-8.2179293e-17,0.9655762247945195,-0.260120268551998,0.18852866920582745,0.0016758103929406885
BASELINE,165220,3234,70,0.0569918,-0.037563299999999994,lower,-0.17392056,0.048736199,-1.6727532e-16,0.9641876429705091,-0.2652210194214896,0.18061791919201958,0.001605492615040174
BASELINE,165220,3234,71,0.055421,-0.03712665,lower,-0.16534188,0.047699739,-8.4989763e-17,0.9627341241688309,-0.27044963701375957,0.172080647128429,0.0015296057522527023
BASELINE,165220,3234,72,0.053868650000000004,-0.036685949999999995,lower,-0.15630903,0.045836264,-2.1028351e-20,0.9612212963372729,-0.27577820702095496,0.16288821114828084,0.0014478952102069409
BASELINE,165220,3234,73,0.052334950000000005,-0.03624125,lower,-0.1465282,0.044064093,-2.1484739e-20,0.9596434850267945,-0.28121945460019043,0.15300651270361523,0.001360057890698802
BASELINE,165220,3234,74,0.05082015,-0.0357926,lower,-0.1361496,0.041651152,2.1711954e-20,0.9579938403485371,-0.28678877567691113,0.1423755610535301,0.0012655605426980453
BASELINE,165220,3234,75,0.049324400000000004,-0.035339999999999996,lower,-0.12496328,0.039187949,1.8116866e-16,0.9562663649837156,-0.2924972464841867,0.13096054869990498,0.0011640937662213775
BASELINE,165220,3234,76,0.04784785,-0.034883449999999996,lower,-0.11306001,0.036055741,9.5591897e-23,0.9544628984924094,-0.2983296421770196,0.11866808115913809,0.0010548273880812275
BASELINE,165220,3234,77,0.04639075,-0.03442305,lower,-0.10027046,0.032728554,-9.3559605e-17,0.9525774442617099,-0.3042962580838439,0.10547455503644104,0.0009375516003239204
BASELINE,165220,3234,78,0.0449533,-0.0339588,lower,-0.086571824,0.02898914,-2.3154563e-20,0.9505950304190406,-0.31043370973949214,0.09129395194106935,0.0008115017950317275
BASELINE,165220,3234,79,0.043535599999999994,-0.03349065,lower,-0.071936717,0.024636297,-9.6341495e-17,0.9485231465619004,-0.3167078155592497,0.07603614896851185,0.0006758768797201053
BASELINE,165220,3234,80,0.0421379,-0.03301875,lower,-0.056328475,0.019621527,-2.3883311e-20,0.9463599021173293,-0.32311443122286987,0.05964700862374762,0.0005301956322110899
BASELINE,165220,3234,81,0.04076035,-0.032543100000000005,lower,-0.039593634,0.014108756,2.4184326e-20,0.9440873994217068,-0.3296952869744403,0.042031441314987227,0.00037361281168877533
BASELINE,165220,3234,82,0.039403099999999996,-0.0320637,lower,-0.021743818,0.0078560381,2.430967e-20,0.9417003841411519,-0.3364526512132234,0.023119346610072387,0.00020550530320064344
BASELINE,165220,3234,83,0.0380664,-0.0315806,lower,-0.0026538254,0.00087619785,-2.4860001e-20,0.939191377429476,-0.3433941708330582,0.002793331167069788,2.4829610373953673e-05
BASELINE,165220,3234,84,0.0367504,-0.031093799999999998,lower,0.017767503,-0.0069441045,2.5176889e-20,0.9365626024704375,-0.3505003447270791,-0.019074289870152167,-0.00016954924329024148
BASELINE,165220,3234,85,0.03545525,-0.0306034,lower,0.039548566,-0.015800102,-2.5506411e-20,0.9338066375181235,-0.35777809285518863,-0.04258364379560104,-0.00037852127818312035
BASELINE,165220,3234,86,0.0341811,-0.0301094,lower,0.062907583,-0.02547525,-1.0557889e-16,0.9309092331005305,-0.3652505985322711,-0.06786610015699722,-0.000603254223617753
BASELINE,165220,3234,87,0.0329281,-0.029611850000000002,lower,0.087808571,-0.036403196,-1.0676186e-16,0.9278650574325706,-0.37291612353939907,-0.09504984351075192,-0.0008448874978733504
BASELINE,165220,3234,88,0.03169645,-0.0291108,lower,0.11438678,-0.048657217,0.0,0.9246510398524181,-0.3808155124201767,-0.12429727809716451,-0.001104864694197018
BASELINE,165220,3234,89,0.0304863,-0.0286062,lower,0.14259994,-0.062651137,0.0,0.9212651587491915,-0.38893509391005987,-0.1557395822143922,-0.0013843518419057086
BASELINE,165220,3234,90,0.0292978,-0.028098150000000002,lower,0.17322268,-0.077054096,1.0936884e-16,0.9177100320316396,-0.397250924616277,-0.18957800209287784,-0.0016851377963811363
BASELINE,165220,3234,91,0.0281311,-0.0275867,lower,0.20533192,-0.094418671,-1.1007331e-16,0.9139525339091954,-0.4058211006847239,-0.225980717566849,-0.002008717489483102
BASELINE,165220,3234,92,0.02698635,-0.0270718,lower,0.23979038,-0.11315701,0.0,0.9099936340707947,-0.41462222076322525,-0.2651251300925433,-0.002356667823044829
BASELINE,165220,3234,93,0.0258637,-0.0265536,lower,0.27683359,-0.13335539,-1.3418409e-20,0.905830980563437,-0.423639274208001,-0.30725902291392143,-0.002731191314790413
BASELINE,165220,3234,94,0.02476325,-0.0260321,lower,0.31594776,-0.15682612,2.1904159e-22,0.9014148767337496,-0.4329563719395739,-0.3526988790752646,-0.0031351011473356853
BASELINE,165220,3234,95,0.023685200000000003,-0.02550725,lower,0.35776658,-0.18214302,7.4920793e-21,0.8967435075220155,-0.44255065440818514,-0.4014323705202389,-0.003568287737957679
BASELINE,165220,3234,96,0.02262965,-0.024979150000000002,lower,0.40185949,-0.21123759,-1.1018921e-16,0.8918201263881038,-0.4523901658625073,-0.45394818953855526,-0.004035095018120491
BASELINE,165220,3234,97,0.021596749999999998,-0.02444785,lower,0.44959946,-0.24198818,-2.1865428e-16,0.8866138621619617,-0.4625103884479246,-0.5105431607881387,-0.0045381614292278995
BASELINE,165220,3234,98,0.020586649999999998,-0.0239134,lower,0.49957034,-0.27751699,-8.244285e-21,0.8810999676140636,-0.4729300657290632,-0.5714175387165785,-0.005079267010814031
BASELINE,165220,3234,99,0.019599449999999997,-0.0233758,lower,0.5524566,-0.31723614,-7.9309773e-21,0.8752510297275392,-0.48366893115113574,-0.6369754727860872,-0.005662004202542998
BASELINE,165220,3234,100,0.018635350000000002,-0.022835099999999997,lower,0.60963114,-0.35899354,0.0,0.8690574897189738,-0.4947111071760529,-0.7074025998253669,-0.006288023109558817
BASELINE,165220,3234,101,0.0176944,-0.02229135,lower,0.66955309,-0.40699006,1.0125611e-16,0.862491959733731,-0.5060707652044999,-0.7834499278347005,-0.006963999358530671
BASELINE,165220,3234,102,0.01677665,-0.0217445,lower,0.73271115,-0.45983226,0.0,0.855514113235915,-0.517779491728058,-0.8649364436132817,-0.0076883239432291705
BASELINE,165220,3234,103,0.01588235,-0.021194650000000002,lower,0.80040971,-0.51695569,0.0,0.8481251524962085,-0.5297959283566485,-0.9527286270559978,-0.008468698907164425
BASELINE,165220,3234,104,0.015011549999999999,-0.020641899999999998,lower,0.87224514,-0.58010791,0.0,0.8402826324397534,-0.5421485936716225,-1.0474371299562655,-0.009310552266277916
BASELINE,165220,3234,105,0.01416435,-0.0200862,lower,0.94428405,-0.65485585,9.634968e-21,0.8319085372796643,-0.5549127729663548,-1.1489458384287567,-0.010212851897144505
BASELINE,165220,3234,106,0.01334095,-0.01952755,lower,1.021477,-0.73387206,-9.7923119e-21,0.823025591754891,-0.5680042916356456,-1.2575441919805028,-0.011178170595382248
BASELINE,165220,3234,107,0.01254135,-0.0189661,lower,1.1070738,-0.81566848,3.39823e-17,0.8136148028785003,-0.5814042935316003,-1.3749647879293465,-0.012221909226038635
BASELINE,165220,3234,108,0.011765649999999999,-0.018401849999999997,lower,1.1890049,-0.91626611,-2.9280108e-17,0.803552999225174,-0.5952332126454535,-1.5008204737818804,-0.013340626433616715
BASELINE,165220,3234,109,0.011014050000000001,-0.01783475,lower,1.2762533,-1.0224797,-2.3847974e-17,0.7928291914301852,-0.6094439048970454,-1.634994892945065,-0.014533287937289467
BASELINE,165220,3234,110,0.010286585,-0.0172649,lower,1.3702018,-1.1346102,5.1100338e-21,0.7814535525483072,-0.6239634165635276,-1.7787043211779126,-0.015810705077137
BASELINE,165220,3234,111,0.009583305,-0.01669235,lower,1.4643126,-1.26245,0.0,0.7693298797442475,-0.6388517325113094,-1.933057806174889,-0.017182736054887904
BASELINE,165220,3234,112,0.00890436,-0.016117100000000002,lower,1.5610673,-1.4009564,-2.3504056e-18,0.7563868375670905,-0.6541245691420372,-2.097170759813176,-0.01864151786500601
BASELINE,165220,3234,113,0.008249820000000001,-0.015539150000000002,lower,1.6551462,-1.5563654,6.8239714e-18,0.7426140893052944,-0.669719578902445,-2.271463268286454,-0.020190784606990704
BASELINE,165220,3234,114,0.0076197650000000006,-0.014958599999999999,lower,1.7559965,-1.7192943,3.4449182e-17,0.7279693786304532,-0.6856096438764494,-2.45707643372406,-0.021840679410880533
BASELINE,165220,3234,115,0.007014275,-0.0143755,lower,1.8551699,-1.8996655,-2.8949067e-17,0.712351753246641,-0.7018226126639385,-2.6547617352329427,-0.02359788209095949
BASELINE,165220,3234,116,0.00643343,-0.0137898,lower,1.9487234,-2.0967534,-4.2050456e-17,0.6957160984349944,-0.7183168593165478,-2.86189155782627,-0.025439036069566844
BASELINE,165220,3234,117,0.00587731,-0.0132016,lower,2.0468484,-2.3030105,-5.6705726e-17,0.6780223951970473,-0.735041244836818,-3.0806167595655065,-0.027383260085026725
BASELINE,165220,3234,118,0.00534598,-0.012610900000000001,lower,2.1318054,-2.5345108,9.9006788e-21,0.659200896159698,-0.7519668732745154,-3.3111561916745744,-0.02943249948155177
BASELINE,165220,3234,119,0.004839505,-0.01201775,lower,2.2172906,-2.7724036,9.1017911e-17,0.6391911861448292,-0.769047870782285,-3.5493836941709214,-0.031550077281519304
BASELINE,165220,3234,120,0.004357955,-0.011422149999999999,lower,2.2869533,-3.0355548,1.1078558e-16,0.6179381997975438,-0.7862266729327941,-3.7998299561322253,-0.033776266276730894
BASELINE,165220,3234,121,0.0039013900000000002,-0.010824150000000001,lower,2.349955,-3.3049255,-2.1128166e-20,0.5954124021428766,-0.8034202333613769,-4.054436367929629,-0.0360394343815967
BASELINE,165220,3234,122,0.003469865,-0.010223804999999999,lower,2.4017319,-3.5904431,-1.5614571e-16,0.5715377142647111,-0.8205757985543256,-4.3189110743490104,-0.03839032066088009
BASELINE,165220,3234,123,0.003063435,-0.009621069999999999,lower,2.4339071,-3.8890076,0.0,0.5462874544705185,-0.837597765689547,-4.587036990586389,-0.040773662138545684
BASELINE,165220,3234,124,0.0026821550000000003,-0.009016045,lower,2.4487359,-4.1955066,1.0475703e-16,0.5196445316910807,-0.8543825610834749,-4.857039893941259,-0.043173687946144526
BASELINE,165220,3234,125,0.0023260800000000003,-0.008408735,lower,2.441916,-4.5079743,0.0,0.4915708221861317,-0.8708376006898476,-5.126088179212966,-0.045565228259670805
BASELINE,165220,3234,126,0.00199525,-0.007799165,lower,2.4100835,-4.8239028,0.0,0.46207857267459623,-0.8868389891491059,-5.391673026612136,-0.047925982458774545
BASELINE,165220,3234,127,0.0016897,-0.00718737,lower,2.3546576,-5.1368895,-1.516819e-16,0.4311724904214019,-0.902269518217149,-5.650122395781413,-0.05022331018472367
BASELINE,165220,3234,128,0.0014094749999999999,-0.006573374999999999,lower,2.2720639,-5.4437044,1.6898482e-16,0.3988724785737734,-0.9170064044685919,-5.898175558104847,-0.052428227183154194
BASELINE,165220,3234,129,0.00115461,-0.0059572,lower,2.1591786,-5.73815,-4.5637554e-20,0.3652295806948368,-0.930917479364027,-6.130340028935957,-0.05449191136831962
BASELINE,165220,3234,130,0.0009251400000000001,-0.005338875,lower,2.0179191,-6.0149763,-2.0521185e-16,0.3303115638221206,-0.9438719567851273,-6.343909463884691,-0.0563903063456417
BASELINE,165220,3234,131,0.0007210960000000001,-0.004718425,lower,1.8488557,-6.2670501,-1.1192519e-16,0.29421260217517414,-0.9557399984940008,-6.53362709967923,-0.05807668533048205
BASELINE,165220,3234,132,0.000542498,-0.004095875,lower,1.654174,-6.4902057,1.2131026e-16,0.25704370563994833,-0.9663997792791985,-6.697328370689852,-0.05953180773946535
BASELINE,165220,3234,133,0.00038937149999999996,-0.00347125,lower,1.4339563,-6.6792306,1.3058095e-16,0.21893249285385086,-0.9757400081849665,-6.831132147715763,-0.06072117464636234
BASELINE,165220,3234,134,0.0002617365,-0.0028445750000000002,lower,1.1942014,-6.8293611,-5.0626142e-20,0.18003252565033567,-0.9836606578022532,-6.932768926172286,-0.061624612677086986
BASELINE,165220,3234,135,0.000159609,-0.002215875,lower,0.9379495,-6.9380966,-7.4273475e-17,0.14051122417147133,-0.9900790856703492,-7.001056770476578,-0.06223161573756958
BASELINE,165220,3234,136,8.300205e-05,-0.001585165,lower,0.66979949,-7.0045101,7.8517844e-17,0.10055103980044541,-0.9949319013857426,-7.036359587245946,-0.0625454185532973
BASELINE,165220,3234,137,3.192525e-05,-0.0009524705,lower,0.3956924,-7.0295845,0.0,0.06034422666596445,-0.9981776266316966,-7.0406517242925615,-0.06258357088260055
BASELINE,165220,3234,138,6.3852e-06,-0.0003178155,lower,0.11975933,-7.0189577,0.0,0.04020986936545401,-0.9991912561695149,-7.018096668278283,-0.062383081495806965
BASELINE,165220,3234,139,6.3852e-06,0.0003178155,upper,-0.15395963,-6.9806639,0.0,0.04020986936545401,0.9991912561695149,6.981209027748038,0.06205519135776034
BASELINE,165220,3234,140,3.192525e-05,0.0009524705000000001,upper,-0.42392049,-6.9033481,4.6755911e-17,0.060344226665964444,0.9981776266316966,6.916348776407339,0.061478655790287454
BASELINE,165220,3234,141,8.300204999999999e-05,0.001585165,upper,-0.68421345,-6.7703186,-9.6784315e-17,0.10055103980044541,0.9949319013857426,6.80480433152821,0.06048714961358409
BASELINE,165220,3234,142,0.000159609,0.002215875,upper,-0.92877724,-6.5807251,9.9698916e-17,0.14051122417147133,0.9900790856703492,6.645941917030918,0.059075039262497055
BASELINE,165220,3234,143,0.0002617365,0.0028445750000000002,upper,-1.1511811,-6.3400318,-2.0430219e-16,0.18003252565033567,0.9836606578022532,6.443689891789136,0.057277243482570094
BASELINE,165220,3234,144,0.00038937149999999996,0.00347125,upper,-1.3473772,-6.058309,-2.0810213e-16,0.21893249285385086,0.9757400081849665,6.206319122457498,0.05516728108851109
BASELINE,165220,3234,145,0.000542498,0.004095875,upper,-1.514131,-5.7412647,-2.1091633e-16,0.25704370563994833,0.9663997792791985,5.937554781927775,0.05277826472824689
BASELINE,165220,3234,146,0.0007210960000000001,0.004718425,upper,-1.6468595,-5.3920372,2.1281154e-16,0.29421260217517414,0.9557399984940008,5.637912444319502,0.05011477728284002
BASELINE,165220,3234,147,0.0009251400000000001,0.005338875,upper,-1.7450677,-5.0190141,4.2739912e-16,0.33031156382212085,0.9438719567851273,5.313722700661616,0.047233090672547696
BASELINE,165220,3234,148,0.00115461,0.005957199999999999,upper,-1.809145,-4.6327763,-1.0420181e-19,0.36522958069483696,0.930917479364027,4.973485705419565,0.04420876182595169
BASELINE,165220,3234,149,0.001409475,0.006573374999999999,upper,-1.8396057,-4.2399484,-4.2499584e-16,0.39887247857377306,0.917006404468592,4.621827922573801,0.04108291486732268
BASELINE,165220,3234,150,0.0016896999999999997,0.00718737,upper,-1.8383145,-3.8468311,4.2132011e-16,0.4311724904214017,0.902269518217149,4.26350908440252,0.037897858528022396
BASELINE,165220,3234,151,0.00199525,0.007799165,upper,-1.8087588,-3.4592461,0.0,0.46207857267459634,0.8868389891491059,3.9035829991586026,0.034698515548076465
BASELINE,165220,3234,152,0.0023260800000000003,0.008408735,upper,-1.7527358,-3.0837252,0.0,0.4915708221861317,0.8708376006898476,3.5470176326358875,0.03152904562343011
BASELINE,165220,3234,153,0.0026821550000000003,0.009016045,upper,-1.6750117,-2.7244003,-4.0212813e-16,0.5196445316910804,0.8543825610834749,3.1980907761541677,0.028427473565814824
BASELINE,165220,3234,154,0.0030634349999999998,0.009621069999999999,upper,-1.5795423,-2.3851592,0.0,0.5462874544705185,0.837597765689547,2.860688159029375,0.025428339191372225
BASELINE,165220,3234,155,0.003469865,0.010223804999999999,upper,-1.471435,-2.0718051,7.6864502e-16,0.5715377142647113,0.8205757985543255,2.54105372097052,0.02258714418640462
BASELINE,165220,3234,156,0.0039013900000000002,0.010824150000000001,upper,-1.3563012,-1.7836226,2.0531964e-19,0.5954124021428766,0.8034202333613769,2.240557041041892,0.01991606258703904
BASELINE,165220,3234,157,0.004357955,0.011422149999999999,upper,-1.2390145,-1.5262635,-7.2975233e-16,0.6179381997975438,0.7862266729327941,1.9656234632768155,0.01747220856246058
BASELINE,165220,3234,158,0.004839505,0.01201775,upper,-1.1265846,-1.3094141,-7.0943123e-16,0.6391911861448292,0.769047870782285,1.7271050723437997,0.015352045087500443
BASELINE,165220,3234,159,0.00534598,0.012610900000000001,upper,-1.0245621,-1.1185241,8.457405e-20,0.659200896159698,0.7519668732745154,1.5164853246504535,0.013479869552448476
BASELINE,165220,3234,160,0.00587731,0.0132016,upper,-0.9070464,-0.9331265,6.6856497e-16,0.6780223951970468,0.7350412448368185,1.3008842368330822,0.011563415438516286
BASELINE,165220,3234,161,0.00643343,0.013789800000000001,upper,-0.83887559,-0.78916352,6.4647463e-16,0.6957160984349944,0.7183168593165478,1.1504887137207456,0.010226566344184404
BASELINE,165220,3234,162,0.007014275,0.0143755,upper,-0.94791977,-0.8428732,6.2071601e-16,0.7123517532466416,0.701822612663938,1.266799781465067,0.011260442501911707
BASELINE,165220,3234,163,0.0076197650000000006,0.014958599999999999,upper,-1.2037789,-1.0393731,-1.1862598e-15,0.7279693786304537,0.6856096438764488,1.5889183987872117,0.014123719100330771
BASELINE,165220,3234,164,0.008249820000000001,0.01553915,upper,-1.4943652,-1.2559834,-1.4040233e-19,0.7426140893052944,0.669719578902445,1.9508933258439853,0.017341274007502093
BASELINE,165220,3234,165,0.00890436,0.016117100000000002,upper,-1.7309897,-1.4235422,-5.452027e-16,0.75638683756709,0.6541245691420379,2.240471753274715,0.01991530447355302
BASELINE,165220,3234,166,0.009583305,0.01669235,upper,-1.9131358,-1.5195526,0.0,0.7693298797442475,0.6388517325113094,2.4426013461004796,0.021712011965337598
BASELINE,165220,3234,167,0.010286585,0.0172649,upper,-2.0403236,-1.5660999,-1.2146469e-19,0.7814535525483072,0.6239634165635276,2.57160716985195,0.022858730398684
BASELINE,165220,3234,168,0.011014050000000001,0.01783475,upper,-2.1293214,-1.5683562,-4.8349541e-16,0.7928291914301852,0.6094439048970454,2.644013290654481,0.023502340361373164
BASELINE,165220,3234,169,0.011765649999999999,0.018401849999999997,upper,-2.1815717,-1.55332,-4.6592983e-16,0.803552999225174,0.5952332126454535,2.6775961364261973,0.023800854546010643
BASELINE,165220,3234,170,0.01254135,0.0189661,upper,-2.196895,-1.5236353,4.4788334e-16,0.8136148028785003,0.5814042935316003,2.673274397566071,0.023762439089476187
BASELINE,165220,3234,171,0.01334095,0.01952755,upper,-2.2099524,-1.4660774,-4.3043347e-16,0.823025591754891,0.5680042916356456,2.6515856368301707,0.02356965010515707
BASELINE,165220,3234,172,0.01416435,0.0200862,upper,-2.2050517,-1.4160178,-1.023535e-19,0.8319085372796643,0.5549127729663548,2.6201676983407545,0.023290379540806705
BASELINE,165220,3234,173,0.015011549999999999,0.020641899999999998,upper,-2.1786882,-1.3646536,0.0,0.8402826324397534,0.5421485936716225,2.5705588860503448,0.02284941232044751
BASELINE,165220,3234,174,0.01588235,0.021194650000000002,upper,-2.1541889,-1.3020402,0.0,0.8481251524962085,0.5297959283566485,2.516837385834816,0.02237188787408725
BASELINE,165220,3234,175,0.01677665,0.0217445,upper,-2.1291438,-1.2430357,0.0,0.855514113235915,0.517779491728058,2.4651309629545772,0.02191227522626291
BASELINE,165220,3234,176,0.0176944,0.02229135,upper,-2.0934765,-1.1854447,7.1225951e-16,0.8624919597337304,0.5060707652045011,2.405525555578131,0.02138244938291672
BASELINE,165220,3234,177,0.018635350000000002,0.0228351,upper,-2.0570909,-1.1315786,-6.8651244e-16,0.8690574897189731,0.49471110717605404,2.3475347557404724,0.02086697560658198
BASELINE,165220,3234,178,0.019599449999999997,0.023375800000000002,upper,-2.0237692,-1.0751819,2.8183457e-20,0.8752510297275405,0.48366893115113335,2.2913381565969253,0.02036745028086156
BASELINE,165220,3234,179,0.020586649999999998,0.023913399999999998,upper,-1.9837945,-1.0277193,3.2485771e-20,0.8810999676140643,0.47293006572906204,2.2339606258029843,0.019857427784915414
BASELINE,165220,3234,180,0.021596749999999998,0.02444785,upper,-1.9439028,-0.98216619,-1.2334465e-15,0.8866138621619617,0.4625103884479246,2.1777532352327698,0.019357806535402398
BASELINE,165220,3234,181,0.02262965,0.02497915,upper,-1.9097147,-0.93322476,-5.9527577e-16,0.8918201263881033,0.4523901658625078,2.125303709082618,0.01889158852517883
BASELINE,165220,3234,182,0.0236852,0.02550725,upper,-1.8706686,-0.89411512,5.7474745e-16,0.8967435075220148,0.44255065440818625,2.0732011532475507,0.018428454695533784
BASELINE,165220,3234,183,0.02476325,0.0260321,upper,-1.8358586,-0.85187079,1.2921356e-21,0.9014148767337496,0.4329563719395739,2.023693140219293,0.017988383468615934
BASELINE,165220,3234,184,0.025863699999999996,0.0265536,upper,-1.7986703,-0.81580826,6.6032778e-20,0.905830980563437,0.423639274208001,1.9748997007186238,0.017554664006387766
BASELINE,165220,3234,185,0.02698635,0.0270718,upper,-1.7653632,-0.77531539,0.0,0.9099936340707949,0.41462222076322475,1.9279322626165531,0.017137175667702696
BASELINE,165220,3234,186,0.0281311,0.0275867,upper,-1.7323554,-0.74137104,-5.0143656e-16,0.9139525339091954,0.4058211006847239,1.8841546189298564,0.01674804105715428
BASELINE,165220,3234,187,0.0292978,0.028098150000000002,upper,-1.69561,-0.71416869,4.8484859e-16,0.9177100320316391,0.39725092461627814,1.8397824798476639,0.016353622043090345
BASELINE,165220,3234,188,0.0304863,0.028606200000000002,upper,-1.6680356,-0.67514586,4.6944005e-16,0.9212651587491915,0.38893509391005987,1.799291000295391,0.015993697780403476
BASELINE,165220,3234,189,0.03169645,0.0291108,upper,-1.6345701,-0.65168764,0.0,0.9246510398524186,0.3808155124201756,1.7595797052411668,0.015640708491032593
BASELINE,165220,3234,190,0.0329281,0.029611850000000002,upper,-1.6028323,-0.62493655,-4.4096233e-16,0.9278650574325706,0.37291612353939907,1.720260999778365,0.015291208886918801
BASELINE,165220,3234,191,0.0341811,0.0301094,upper,-1.5727102,-0.5993463,-4.2665533e-16,0.9309092331005305,0.3652505985322711,1.682962040974484,0.014959662586439859
BASELINE,165220,3234,192,0.03545525,0.0306034,upper,-1.5471437,-0.57069566,1.0021578e-19,0.9338066375181235,0.35777809285518863,1.6489154610898815,0.014657026320798947
BASELINE,165220,3234,193,0.0367504,0.031093799999999998,upper,-1.5179583,-0.55275,-9.8927492e-20,0.9365626024704375,0.3505003447270791,1.6154020414374943,0.014359129257222172
BASELINE,165220,3234,194,0.0380664,0.0315806,upper,-1.4927377,-0.52709753,9.4368245e-20,0.939191377429476,0.3433941708330582,1.5829685958664108,0.014070831963256985
BASELINE,165220,3234,195,0.039403099999999996,0.0320637,upper,-1.4655247,-0.5081561,-1.0668086e-19,0.9417003841411519,0.3364526512132234,1.5510556400335183,0.013787161244742385
BASELINE,165220,3234,196,0.04076035,0.032543100000000005,upper,-1.4407123,-0.48722172,-8.9034251e-20,0.9440873994217066,0.32969528697444106,1.5207930334174462,0.013518160297043967
BASELINE,165220,3234,197,0.04213789999999999,0.03301875,upper,-1.4168858,-0.46985414,8.7935113e-20,0.9463599021173297,0.32311443122286915,1.4927005602032446,0.013268449424028841
BASELINE,165220,3234,198,0.0435356,0.03349065,upper,-1.3938867,-0.44996562,-6.9476596e-16,0.9485231465619005,0.31670781555924893,1.464641427221747,0.01301903490863775
BASELINE,165220,3234,199,0.0449533,0.0339588,upper,-1.3713267,-0.43340978,8.1926364e-20,0.9505950304190406,0.31043370973949214,1.4381213519437197,0.012783300906166398
BASELINE,165220,3234,200,0.04639075000000001,0.03442305,upper,-1.3481803,-0.41876674,-1.265819e-21,0.9525774442617099,0.3042962580838439,1.4116752965699553,0.012548224858399602
BASELINE,165220,3234,201,0.04784785,0.034883449999999996,upper,-1.3261582,-0.40403697,-1.2149406e-21,0.9544628984924092,0.29832964217702024,1.3863050041178635,0.012322711147714343
BASELINE,165220,3234,202,0.049324400000000004,0.035339999999999996,upper,-1.3069645,-0.38743763,6.2282481e-16,0.9562663649837154,0.2924972464841873,1.3631306315371186,0.012116716724774388
BASELINE,165220,3234,203,0.050820149999999994,0.0357926,upper,-1.2865955,-0.37493734,-3.0353191e-16,0.9579938403485371,0.28678877567691113,1.3400783847143038,0.011911807864127145
BASELINE,165220,3234,204,0.052334950000000005,0.03624125,upper,-1.2677889,-0.3598459,7.277006e-20,0.9596434850267945,0.2812194546001898,1.3178210260124008,0.011713964675665786
BASELINE,165220,3234,205,0.053868650000000004,0.036685949999999995,upper,-1.2482109,-0.3486876,6.9911717e-20,0.9612212963372729,0.27577820702095496,1.2959673405387542,0.011519709693677814
BASELINE,165220,3234,206,0.055421,0.03712665,upper,-1.2301343,-0.33451452,-2.814568e-16,0.9627341241688309,0.27044963701375957,1.27476159843037,0.011331214208269956
BASELINE,165220,3234,207,0.0569918,0.037563299999999994,upper,-1.211482,-0.32576803,-5.4896574e-16,0.9641876429705091,0.2652210194214896,1.2544965030927286,0.011151080027490922
BASELINE,165220,3234,208,0.058580900000000005,0.03799585,upper,-1.1943745,-0.313658,-2.6775409e-16,0.9655762247945193,0.26012026855199855,1.2348484238943243,0.010976430434616215
BASELINE,165220,3234,209,0.06018804999999999,0.038424349999999996,upper,-1.1788434,-0.30085182,0.0,0.9669014859062016,0.25514998834485453,1.2165877734772472,0.010814113542019976
BASELINE,165220,3234,210,0.061813,0.03884875,upper,-1.1619703,-0.29359821,-6.1950849e-20,0.9681760686229203,0.25027005443293904,1.1984706769087086,0.010653072683632966
BASELINE,165220,3234,211,0.0634556,0.039269,upper,-1.1461303,-0.28285441,-2.4945966e-16,0.9694007707471146,0.24548349369132808,1.180495684969421,0.010493294977505965
BASELINE,165220,3234,212,0.0651157,0.0396851,upper,-1.1308351,-0.27241514,5.9954014e-20,0.9705788575851712,0.24078347370337558,1.163157703173804,0.010339179583767148
BASELINE,165220,3234,213,0.06679299999999999,0.04009695,upper,-1.1148929,-0.26516299,4.7681756e-16,0.9717085532854355,0.23618316508999126,1.1459780011701293,0.01018647112151226
BASELINE,165220,3234,214,0.0684873,0.0405046,upper,-1.1006019,-0.25508371,-2.3305302e-16,0.9727875148668429,0.23169905247797548,1.1297544410682923,0.01004226169838482
BASELINE,165220,3234,215,0.0701984,0.04090805,upper,-1.0867473,-0.2469826,-1.1141924e-19,0.9738239737527902,0.22730347147442564,1.114440576524895,0.009906138457999068
BASELINE,165220,3234,216,0.07192604999999999,0.041307250000000004,upper,-1.073315,-0.23931507,5.48918e-20,0.97482076340115,0.22298986354092284,1.0996545824724917,0.009774707399755481
BASELINE,165220,3234,217,0.0736701,0.0417022,upper,-1.0601294,-0.2321614,0.0,0.9757827628987734,0.21874185614471697,1.0852394105233751,0.009646572537985556
BASELINE,165220,3234,218,0.0754303,0.0420928,upper,-1.0463063,-0.22572126,0.0,0.9767096252028203,0.21456539337965522,1.070369405066401,0.009514394711701343
BASELINE,165220,3234,219,0.07720635,0.04247905,upper,-1.03362,-0.21644803,-4.188017e-16,0.9775958356304612,0.21049081252629653,1.0560229293287735,0.009386870482922431
BASELINE,165220,3234,220,0.07899809999999999,0.042860999999999996,upper,-1.0209914,-0.21086654,-2.0529646e-16,0.9784474080348472,0.2064961735962419,1.0425295226053488,0.009266929089825323
BASELINE,165220,3234,221,0.08080535,0.0432386,upper,-1.0087042,-0.20500468,0.0,0.9792664179710615,0.2025766092966466,1.0293193016907092,0.009149504903917414
BASELINE,165220,3234,222,0.08262775,0.04361185,upper,-0.99766535,-0.19621203,4.7827203e-20,0.9800550106746153,0.19872638489032993,1.0167594326378369,0.009037861623447439
BASELINE,165220,3234,223,0.08446514999999999,0.0439807,upper,-0.98560973,-0.1931904,-4.7469733e-20,0.9808161466926766,0.19493508249396724,1.004361524082452,0.008927657991844017
BASELINE,165220,3234,224,0.08631734999999999,0.04434515,upper,-0.97514349,-0.18466093,-1.3474708e-21,0.9815470570561197,0.1912207488335682,0.9924602241318369,0.00882186865894966
BASELINE,165220,3234,225,0.08818405000000001,0.0447052,upper,-0.96403515,-0.17997123,-1.8612107e-16,0.9822511700336118,0.18757035737983957,0.9806819219702178,0.008717172639735269
BASELINE,165220,3234,226,0.090065,0.045060800000000005,upper,-0.95301286,-0.17418236,1.8280898e-16,0.9829306342758372,0.18397654253219525,0.9687910033157277,0.00861147558502869
BASELINE,165220,3234,227,0.09196,0.04541194999999999,upper,-0.94195449,-0.17071529,-8.7526838e-20,0.9835842290423771,0.18044961728724346,0.9572970895852362,0.008509307462979877
BASELINE,165220,3234,228,0.0938688,0.04575865,upper,-0.93213188,-0.16298739,2.1859622e-20,0.9842127376470077,0.17698951113945288,0.9462631279408474,0.008411227803918644
BASELINE,165220,3234,229,0.09579114999999999,0.0461009,upper,-0.92195067,-0.15936083,1.7300195e-16,0.9848198994814303,0.17357927752293836,0.935617103893093,0.008316596479049716
BASELINE,165220,3234,230,0.09772685,0.04643865,upper,-0.91207127,-0.15459193,-1.6990655e-16,0.9854055048532806,0.1702233562260218,0.9250752074465811,0.0082228907328585
BASELINE,165220,3234,231,0.0996755,0.0467719,upper,-0.90223832,-0.15145668,-1.6665917e-16,0.9859670964915813,0.16693976349558168,0.9148614390528682,0.00813210168046994
BASELINE,165220,3234,232,0.101637,0.047100699999999995,upper,-0.89361631,-0.1445422,3.9729504e-20,0.9865081794119904,0.16371197864921183,0.9052230886312709,0.008046427454500186
BASELINE,165220,3234,233,0.10361100000000001,0.047425,upper,-0.88501719,-0.1400971,-3.9555074e-20,0.9870342329247747,0.16050988453862125,0.8960292326020852,0.007964704289796313
BASELINE,165220,3234,234,0.1055975,0.04774475,upper,-0.87520346,-0.13661601,-1.5863075e-16,0.9875409496660154,0.1573622341374969,0.8857974565919331,0.007873755169706072
BASELINE,165220,3234,235,0.107596,0.048060000000000005,upper,-0.86577047,-0.13377159,-1.6567196e-20,0.9880243664610499,0.1542979302493743,0.8760429995856033,0.0077870488852053625
BASELINE,165220,3234,236,0.10960600000000001,0.048370750000000004,upper,-0.85749349,-0.12966328,-1.532645e-16,0.9884932526394519,0.15126496450360447,0.8672400404938762,0.007708800359945566
BASELINE,165220,3234,237,0.111628,0.048677,upper,-0.84925651,-0.12449564,0.0,0.9889479760992839,0.14826294401882964,0.8583285968575497,0.007629587527622664
BASELINE,165220,3234,238,0.1136615,0.04897875,upper,-0.84066175,-0.1206794,0.0,0.9893829550820233,0.14533192420512006,0.8492749758533445,0.007549110896474174
BASELINE,165220,3234,239,0.11570550000000002,0.04927595,upper,-0.83262348,-0.117123,-1.7165559e-20,0.9898018827153462,0.14245080895928977,0.8408165541947422,0.007473924926175486
BASELINE,165220,3234,240,0.11776,0.049568600000000004,upper,-0.82442127,-0.11527411,1.7700888e-20,0.9902092935497705,0.13959066934313474,0.8324407935269387,0.007399473720239455
BASELINE,165220,3234,241,0.1198255,0.049856750000000005,upper,-0.81679962,-0.11161286,0.0,0.9906030348302634,0.1367685175216571,0.8243893078187581,0.007327904958388961
BASELINE,165220,3234,242,0.1219015,0.0501404,upper,-0.80929421,-0.10688341,0.0,0.9909802550109116,0.13400796311603616,0.8163178106696505,0.00725615831706356
BASELINE,165220,3234,243,0.123987,0.0504195,upper,-0.80115944,-0.10603287,-1.6723073e-20,0.9913424689285885,0.13130159670990627,0.8081456623897793,0.00718351699902026
BASELINE,165220,3234,244,0.126082,0.050694100000000006,upper,-0.79463663,-0.10013555,1.3568666e-16,0.9916933062938513,0.1286249830008523,0.8009157603234348,0.007119251202874976
BASELINE,165220,3234,245,0.128187,0.05096425,upper,-0.78673225,-0.09923977,-1.3389514e-16,0.992033612614483,0.1259734553112595,0.7929664128590153,0.00704859033652458
BASELINE,165220,3234,246,0.130301,0.05122985,upper,-0.77955978,-0.094988525,1.619456e-20,0.9923601818421786,0.12337450909389026,0.7853232476790765,0.006980651090480679
BASELINE,165220,3234,247,0.1324235,0.051490949999999994,upper,-0.77247688,-0.093420421,-1.0940807e-21,0.9926761438221815,0.1208059331586151,0.7781051115651658,0.0069164898805792515
BASELINE,165220,3234,248,0.13455499999999998,0.05174755,upper,-0.76572356,-0.090073279,1.2830246e-16,0.9929817755805145,0.1182674653696815,0.7710022786174987,0.0068533535877111
BASELINE,165220,3234,249,0.136695,0.0519997,upper,-0.75858716,-0.087557706,-2.5303316e-16,0.9932742436154872,0.1157854782348871,0.7636229984277803,0.006787759986024713
BASELINE,165220,3234,250,0.138843,0.0522474,upper,-0.75219061,-0.084749547,-1.2476914e-16,0.9935568349185826,0.11333497159556852,0.7569492092290603,0.006728437415369425
BASELINE,165220,3234,251,0.1409985,0.0524906,upper,-0.74586894,-0.081448195,-1.2328043e-16,0.9938301543289045,0.11091268794229872,0.750300681984835,0.006669339395420756
BASELINE,165220,3234,252,0.1431615,0.05272935,upper,-0.73919603,-0.080039954,1.4797631e-20,0.9940934051491188,0.10852788507581637,0.7435164654645958,0.006609035248574185
BASELINE,165220,3234,253,0.14533200000000002,0.0529637,upper,-0.73272861,-0.0775559,-1.4182686e-22,0.9943468125659055,0.10618105452491922,0.7368213250759756,0.006549522889564228
BASELINE,165220,3234,254,0.14750950000000002,0.05319365,upper,-0.72669445,-0.07577422,-2.3732711e-16,0.9945931206901506,0.10384856414908933,0.7306343447602298,0.006494527508979821
BASELINE,165220,3234,255,0.149694,0.05341915,upper,-0.72035299,-0.072203145,1.437076e-20,0.9948302051096927,0.10155226733759729,0.7239613058767357,0.006435211607793206
BASELINE,165220,3234,256,0.1518845,0.05364025,upper,-0.71402273,-0.070746788,0.0,0.9950562606529044,0.09931282966192723,0.717518851440751,0.006377945346140009
BASELINE,165220,3234,257,0.15408100000000002,0.053857,upper,-0.70831601,-0.068677282,-1.7605882e-22,0.9952761535226904,0.09708438715405358,0.7116375257457156,0.0063256668955174716
BASELINE,165220,3234,258,0.156284,0.0540694,upper,-0.70210199,-0.067147761,0.0,0.9954879128535968,0.0948884363997507,0.705305590684491,0.006269383028306586
BASELINE,165220,3234,259,0.158492,0.054277450000000005,upper,-0.69643654,-0.063836257,-5.5859435e-17,0.9956908738562504,0.09273447966844017,0.6993553291748993,0.006216491814887994
BASELINE,165220,3234,260,0.1607055,0.0544812,upper,-0.6910358,-0.061777935,6.7151995e-21,0.9958882325687555,0.09059044227224233,0.6937909119580519,0.006167030328516017
BASELINE,165220,3234,261,0.1629245,0.05468065,upper,-0.68487048,-0.061081516,5.4655454e-17,0.9960774734038006,0.08848540544915386,0.6875888800359571,0.006111901155875174
BASELINE,165220,3234,262,0.1651475,0.0548758,upper,-0.67968918,-0.058239438,5.4056169e-17,0.9962589192846191,0.08641854977863755,0.6821793756881318,0.006063816672783394
BASELINE,165220,3234,263,0.167375,0.055066699999999996,upper,-0.67413115,-0.057367835,5.3418948e-17,0.9964343886177613,0.08437125802041891,0.6765676567072961,0.006013934726287077
BASELINE,165220,3234,264,0.169607,0.055253399999999994,upper,-0.66901176,-0.054191007,-5.2823312e-17,0.9966026001612309,0.08236053273184678,0.6712020597602366,0.005966240531202103
BASELINE,165220,3234,265,0.1718425,0.055435899999999996,upper,-0.66358992,-0.053553808,-5.7178041e-23,0.9967647898253805,0.08037383756151664,0.6657473922040338,0.00591775459736919
BASELINE,165220,3234,266,0.1740815,0.0556142,upper,-0.65839853,-0.051130316,-6.3563019e-21,0.9969223952585987,0.0783947564053767,0.6603805882300903,0.005870049673156358
BASELINE,165220,3234,267,0.1763245,0.05578835,upper,-0.6529806,-0.050478607,0.0,0.9970741164401249,0.07644086816058608,0.6549286833401597,0.005821588296356975
BASELINE,165220,3234,268,0.1785705,0.055958350000000004,upper,-0.64778929,-0.048544878,1.6431524e-22,0.997218925713215,0.07452794240673447,0.6496056897340522,0.005774272797636019
BASELINE,165220,3234,269,0.180819,0.05612425,upper,-0.64293909,-0.046148051,0.0,0.9973575739157579,0.07264894873894348,0.6445927783695062,0.005729713585506722
BASELINE,165220,3234,270,0.18307,0.05628609999999999,upper,-0.63795774,-0.045545034,4.9781964e-17,0.9974918674469443,0.07078117247691963,0.6395813883318534,0.005685167896283141
BASELINE,165220,3234,271,0.18532300000000002,0.056443850000000004,upper,-0.63304365,-0.042994656,4.9323721e-17,0.9976206273901264,0.06894261240865907,0.6345015671825871,0.005640013930511886
BASELINE,165220,3234,272,0.1875775,0.0565976,upper,-0.62819095,-0.04250969,9.785808e-17,0.9977436161421472,0.0671392318066835,0.6296275780117111,0.005596689582326321
BASELINE,165220,3234,273,0.189834,0.0567474,upper,-0.62365049,-0.040845415,2.5278817e-23,0.9978624698900068,0.06534899528696057,0.6249866251318419,0.005555436667838595
BASELINE,165220,3234,274,0.19209199999999998,0.05689325,upper,-0.61885776,-0.039583426,9.6041825e-17,0.9979766222541371,0.0635819269464465,0.6201223674807835,0.005512198822051409
BASELINE,165220,3234,275,0.19435049999999998,0.05703515,upper,-0.61434866,-0.03780205,-4.7604981e-17,0.9980864694461176,0.06183364382425112,0.6155105235638797,0.005471204653901153
BASELINE,165220,3234,276,0.19661,0.05717315,upper,-0.60975496,-0.037174793,9.443058e-17,0.998191881987288,0.060107958996092184,0.6108869520068158,0.005430106240060585
BASELINE,165220,3234,277,0.19887,0.0573073,upper,-0.60504136,-0.035614547,9.363165e-17,0.9982998707601042,0.058286945711363385,0.6060885746600415,0.005387453996978147
BASELINE,165220,3234,278,0.20133800000000002,0.0574492,upper,-0.59993821,-0.034632235,-7.8329603e-17,0.9984044897151652,0.05646658229962972,0.6009365663635272,0.005341658367675798
BASELINE,165220,3234,279,0.2040135,0.0575982,upper,-0.5953094,-0.032999721,0.0,0.9985062829825724,0.05463700984064666,0.5962231822996009,0.005299761620440897
BASELINE,165220,3234,280,0.206689,0.057742,upper,-0.59010474,-0.031348442,7.6729329e-17,0.9986093100455609,0.052720450399526775,0.5909367912475786,0.0052527714777562545
BASELINE,165220,3234,281,0.2093645,0.0578807,upper,-0.58511661,-0.029434693,7.6094601e-17,0.9987072573433905,0.05083123183282943,0.5858564065029734,0.005207612502248653
BASELINE,165220,3234,282,0.21204,0.05801435,upper,-0.58021638,-0.028614974,0.0,0.9988009594402978,0.04895552492968005,0.5809215380999956,0.005163747005333294
BASELINE,165220,3234,283,0.21471600000000002,0.05814299999999999,upper,-0.57511676,-0.027298172,0.0,0.9988896143884404,0.047111975833249525,0.5757642294442851,0.005117904261726978
BASELINE,165220,3234,284,0.21739150000000002,0.05826674999999999,upper,-0.57051271,-0.026036358,7.4033727e-17,0.9989734229811844,0.04530011233159944,0.5711064847050775,0.005076502086267355
BASELINE,165220,3234,285,0.220067,0.05838565,upper,-0.5657212,-0.024792072,0.0,0.9990529323189383,0.04351135972284478,0.5662641604980553,0.005033459204427158
BASELINE,165220,3234,286,0.22274249999999998,0.058499800000000005,upper,-0.56100864,-0.023597088,-3.6330361e-17,0.9991276929933349,0.041759467116046604,0.5615046700528987,0.004991152622692433
BASELINE,165220,3234,287,0.225418,0.0586093,upper,-0.55640804,-0.022422128,0.0,0.9991986452823317,0.04002583248294936,0.5568596241314366,0.00494986332561277
BASELINE,165220,3234,288,0.2280935,0.05871415,upper,-0.55181782,-0.021763937,3.5629414e-17,0.9992658839717858,0.038310483292245616,0.5522465086384958,0.004908857854564407
BASELINE,165220,3234,289,0.230769,0.05881445,upper,-0.54735505,-0.0197029,3.5289769e-17,0.9993289448013487,0.036628678412180385,0.5477094357360768,0.0048685283176540155
BASELINE,165220,3234,290,0.233445,0.0589103,upper,-0.54285142,-0.019113384,0.0,0.9993884048443872,0.03496878983595591,0.5431877866094604,0.004828335880972982
BASELINE,165220,3234,291,0.2361205,0.059001700000000004,upper,-0.53852797,-0.018071562,-3.4694886e-17,0.9994446996599368,0.033321049228057384,0.5388310886421553,0.004789609676819158
BASELINE,165220,3234,292,0.238796,0.0590887,upper,-0.53413837,-0.017034196,3.4369086e-17,0.9994974996815011,0.03169776223060113,0.53440991119355,0.004750310321720444
BASELINE,165220,3234,293,0.24147149999999998,0.0591714,upper,-0.529827,-0.016065435,1.7034913e-17,0.9995465444734238,0.030111549798003425,0.5300705021647498,0.004711737797019998
BASELINE,165220,3234,294,0.244147,0.0592499,upper,-0.5257789,-0.015266719,-1.6868823e-17,0.999592619529365,0.028541110392242823,0.5260004370565745,0.004675559440502884
BASELINE,165220,3234,295,0.24682300000000001,0.0593242,upper,-0.52159721,-0.014157152,0.0,0.9996361551289724,0.026973271195109217,0.5217892942306456,0.004638127059827961
BASELINE,165220,3234,296,0.24949849999999998,0.059394300000000004,upper,-0.51744091,-0.013570002,1.6558717e-17,0.9996764625277117,0.025435610236057313,0.5176186597576946,0.00460105475340173
BASELINE,165220,3234,297,0.252174,0.059460349999999995,upper,-0.51343865,-0.012048854,3.281051e-17,0.9997135744596021,0.023932593699920304,0.5135799483845442,0.004565155096751504
BASELINE,165220,3234,298,0.2548495,0.0595224,upper,-0.50949233,-0.011344411,0.0,0.9997482195109414,0.022438751852601215,0.5096186041953239,0.004529943148402879
BASELINE,165220,3234,299,0.257525,0.05958045,upper,-0.50543948,-0.010862876,0.0,0.9997804387935068,0.020954097591233463,0.5055561268617874,0.004493832238771443
BASELINE,165220,3234,300,0.2602005,0.05963455,upper,-0.5015451,-0.009633676,0.0,0.999810091243076,0.019487982155981038,0.5016375930995022,0.00445900082755113
BASELINE,165220,3234,301,0.262876,0.05968475,upper,-0.49752703,-0.0090342074,1.585608e-17,0.9998371202549403,0.018048073589950923,0.49760904296417535,0.004423191493014892
BASELINE,165220,3234,302,0.265552,0.05973115,upper,-0.49367484,-0.0087092479,0.0,0.9998615807113506,0.01663789101417282,0.4937514093971987,0.004388901416863988
BASELINE,165220,3234,303,0.2682275,0.0597738,upper,-0.49002687,-0.0070655135,-1.5570086e-17,0.9998838892611467,0.015238372485375868,0.4900776395445798,0.004356245684840709
BASELINE,165220,3234,304,0.270903,0.059812699999999996,upper,-0.48631807,-0.0067786759,0.0,0.9999041319127673,0.013846551331476312,0.48636530890065116,0.00432324719022801
BASELINE,165220,3234,305,0.2735785,0.059847899999999996,upper,-0.48247724,-0.0060619456,-1.531473e-17,0.9999220883736294,0.012482675294966222,0.48251531871212533,0.004289025055218892
BASELINE,165220,3234,306,0.276254,0.0598795,upper,-0.47900693,-0.0055527054,0.0,0.9999380926597041,0.011127032312041617,0.4790390610873855,0.004258124987443427
BASELINE,165220,3234,307,0.27893,0.05990745,upper,-0.47533848,-0.0044869775,0.0,0.999952156697654,0.00978183600917776,0.4753596291154666,0.0042254189254708144
BASELINE,165220,3234,308,0.2816055,0.059931849999999995,upper,-0.47170937,-0.0042064145,-7.456878e-18,0.9999641678255884,0.008465403999719177,0.47172807662571536,0.004193138458895248
BASELINE,165220,3234,309,0.284281,0.05995275,upper,-0.46825036,-0.0031857823,0.0,0.9999743857901112,0.007157357311860642,0.46826116791923733,0.004162321492615443
BASELINE,165220,3234,310,0.2869565,0.05997015,upper,-0.46464116,-0.0027505219,0.0,0.9999827833685497,0.005867961016216289,0.4646493003996751,0.004130216003552668
BASELINE,165220,3234,311,0.289632,0.05998415,upper,-0.46125838,-0.0022659801,0.0,0.9999894327147064,0.004597222957350294,0.46126392296684116,0.004100123759705255
BASELINE,165220,3234,312,0.2923075,0.05999475,upper,-0.45776908,-0.0014013723,0.0,0.999994436181954,0.0033358065195006,0.4577712077629864,0.004069077402337657
BASELINE,165220,3234,313,0.294983,0.060002,upper,-0.45441929,-0.0011289364,0.0,0.9999978294626393,0.0020835234604334946,0.4544206558314283,0.004039294718501585
BASELINE,165220,3234,314,0.297659,0.0600059,upper,-0.45097731,-0.00060905928,0.0,0.9999996385555981,0.0008502286004721972,0.4509776648363952,0.0040086903541012905
BASELINE,165220,3234,315,0.3003345,0.06000655,upper,-0.44761698,0.00036572424,0.0,0.9999999369612979,-0.00035507379559439215,0.44761708164190056,0.003978818503483561
BASELINE,165220,3234,316,0.30301,0.060004,upper,-0.4444465,0.00072913171,0.0,0.9999987824907758,-0.0015604540896645926,0.44444709665884535,0.003950640859189737
BASELINE,165220,3234,317,0.3056855,0.0599982,upper,-0.44105966,0.0013340596,0.0,0.9999962008917517,-0.0027564836410305035,0.44106166168007127,0.003920548103822856
BASELINE,165220,3234,318,0.308361,0.05998925,upper,-0.43786119,0.0015518554,0.0,0.9999922639707071,-0.003933446165857231,0.43786390683268106,0.003892123616290498
BASELINE,165220,3234,319,0.311037,0.05997715,upper,-0.43469485,0.0023805193,0.0,0.9999869882484416,-0.005101307068893459,0.43470133761854085,0.0038640118899425854
BASELINE,165220,3234,320,0.3137125,0.05996195,upper,-0.43137909,0.0027018319,0.0,0.9999804620218943,-0.006251045870796069,0.43138755099992643,0.003834556008888235
BASELINE,165220,3234,321,0.316388,0.0599437,upper,-0.42834365,0.0031749395,0.0,0.9999727556440811,-0.007381596682477875,0.4283554161760241,0.003807603699342436
BASELINE,165220,3234,322,0.3190635,0.05992245,upper,-0.42522097,0.003461423,6.6128585e-18,0.9999638507454391,-0.008502776155657147,0.4252350302838599,0.0037798669358565322
BASELINE,165220,3234,323,0.321739,0.0598982,upper,-0.42214901,0.004233144,0.0,0.999953697628112,-0.009623024465634622,0.4221701991478254,0.0037526239924251144
BASELINE,165220,3234,324,0.324415,0.059870950000000006,upper,-0.41902871,0.0045091086,0.0,0.9999424818037067,-0.010725347744655675,0.41905296998215913,0.003724915288730303
BASELINE,165220,3234,325,0.3270905,0.059840800000000006,upper,-0.41601767,0.0048096761,1.2892453e-17,0.9999302588948963,-0.01181005276811005,0.41604545899649004,0.0036981818577465782
BASELINE,165220,3234,326,0.329766,0.05980775000000001,upper,-0.41299571,0.0053436216,0.0,0.999916872613125,-0.012893714111439403,0.4130302778750673,0.003671380247778376
BASELINE,165220,3234,327,0.3324415,0.0597718,upper,-0.40997418,0.0058658481,-1.267516e-17,0.999902442886955,-0.013967988713475113,0.41001611820263195,0.0036445877173567286
BASELINE,165220,3234,328,0.335117,0.059733,upper,-0.40690039,0.0057812517,0.0,0.9998872806619539,-0.015014192300725286,0.4069413252821512,0.003617256224730233
BASELINE,165220,3234,329,0.3377925,0.05969145000000001,upper,-0.40404826,0.0067427473,1.244953e-17,0.9998711743028643,-0.01605100614326593,0.40410443607956387,0.0035920394318183454
BASELINE,165220,3234,330,0.340468,0.0596471,upper,-0.40112449,0.006653447,1.2339629e-17,0.9998540207058676,-0.017086172137448986,0.40117961607083996,0.0035660410317407995
BASELINE,165220,3234,331,0.343144,0.0596,upper,-0.39821636,0.0074642964,-1.2235202e-17,0.9998361072576625,-0.018104105165518313,0.39828622963572813,0.003540322041206472
BASELINE,165220,3234,332,0.3458195,0.0595502,upper,-0.39539411,0.0076986021,0.0,0.9998171240266582,-0.019123768014227178,0.3954690281978744,0.0035152802506477725
BASELINE,165220,3234,333,0.348495,0.05949765,upper,-0.39244476,0.0079347064,0.0,0.9997973238654776,-0.02013234192609026,0.39252496503535755,0.0034891108003142894
BASELINE,165220,3234,334,0.3511705,0.059442449999999994,upper,-0.38958391,0.0082628576,1.1948512e-17,0.9997770991300132,-0.02111284100199843,0.3896715238062591,0.0034637468782778586
BASELINE,165220,3234,335,0.353846,0.05938465,upper,-0.38682863,0.0085820347,2.3685807e-17,0.999756165568676,-0.02208187961696893,0.38692381531809816,0.003439322802827539
BASELINE,165220,3234,336,0.356522,0.05932425,upper,-0.3841269,0.0087834129,-1.1737663e-17,0.9997342482606979,-0.023052827475542492,0.3842273001104424,0.003415353778759488
BASELINE,165220,3234,337,0.3591975,0.05926125,upper,-0.38132077,0.0092046054,1.163754e-17,0.9997113351131779,-0.02402595359662761,0.3814318455053007,0.0033905052933804504
BASELINE,165220,3234,338,0.361873,0.05919565,upper,-0.37855129,0.0096087472,-2.307897e-17,0.9996877630884224,-0.024987523512068503,0.37867319111091824,0.0033659839209859398
BASELINE,165220,3234,339,0.3645485,0.0591275,upper,-0.37575396,0.0094666821,1.1440382e-17,0.9996639939055367,-0.02592102021199781,0.3758730904374759,0.0033410941372220082
BASELINE,165220,3234,340,0.367224,0.059056899999999996,upper,-0.37314755,0.010274104,1.1333569e-17,0.9996396049536748,-0.026845115161995853,0.37328887897649793,0.0033181233686799816
BASELINE,165220,3234,341,0.3698995,0.0589838,upper,-0.37042286,0.010126099,0.0,0.9996143630379565,-0.02776914129425877,0.3705612043274888,0.0032938773717999005
BASELINE,165220,3234,342,0.372575,0.05890825000000001,upper,-0.36770575,0.010800185,0.0,0.9995888807428499,-0.02867175431075924,0.3678642393360409,0.0032699043496536967
BASELINE,165220,3234,343,0.375251,0.0588303,upper,-0.36516969,0.010854512,-1.1053031e-17,0.9995622319659214,-0.029586220226742337,0.36533097436518946,0.0032473864388016843
BASELINE,165220,3234,344,0.3779265,0.05874985,upper,-0.36235815,0.010934926,0.0,0.9995349459354425,-0.03049412818612686,0.3625230849046667,0.003222427421374815
BASELINE,165220,3234,345,0.380602,0.05866705,upper,-0.35971684,0.011601682,0.0,0.9995078025167766,-0.031371208266249256,0.35990374705893974,0.0031991444183016864
BASELINE,165220,3234,346,0.3832775,0.05858189999999999,upper,-0.35714979,0.011305093,1.07761e-17,0.9994798910295333,-0.03224821588231088,0.3573286022700543,0.003176254242400483
BASELINE,165220,3234,347,0.385953,0.0584944,upper,-0.35450485,0.01205975,2.1359075e-17,0.9994516232085592,-0.03311272966362115,0.3547097790093676,0.003152975813416601
BASELINE,165220,3234,348,0.388629,0.0584046,upper,-0.35202832,0.011747261,-2.1176975e-17,0.9994228240588215,-0.03397085148020145,0.3522242021818127,0.003130881797171669
BASELINE,165220,3234,349,0.3913045,0.0583125,upper,-0.34937697,0.012490106,0.0,0.9993935016277897,-0.03482282159942054,0.34960001416940306,0.003107555681505805
BASELINE,165220,3234,350,0.39398,0.05821815,upper,-0.34689839,0.012435623,2.0834878e-17,0.9993635678879306,-0.035671545779591037,0.3471212106201211,0.0030855218721788542
BASELINE,165220,3234,351,0.3966555,0.058121500000000006,upper,-0.34435321,0.01237804,4.12888e-17,0.9993332560064465,-0.036510867417167206,0.34457554754289604,0.0030628937559368536
BASELINE,165220,3234,352,0.399331,0.05802265,upper,-0.34180278,0.013075536,2.0458615e-17,0.999302937995846,-0.037331462774317446,0.34205265115458605,0.0030404680102629872
BASELINE,165220,3234,353,0.4020065,0.057921600000000004,upper,-0.33940386,0.01302306,-4.0619213e-17,0.9992715920629128,-0.03816130626762389,0.33965361251569964,0.0030191432223617746
BASELINE,165220,3234,354,0.404682,0.0578183,upper,-0.33679864,0.012939293,0.0,0.9992400646625008,-0.03897811146375862,0.3370470440166585,0.0029959737245925204
BASELINE,165220,3234,355,0.407358,0.057712849999999996,upper,-0.33438976,0.013368807,1.9914167e-17,0.9992088432801552,-0.03977043513382744,0.3346568885659389,0.0029747278983639014
BASELINE,165220,3234,356,0.4100335,0.0576053,upper,-0.33194291,0.013788077,0.0,0.9991768420525978,-0.04056646775106134,0.33222900213651935,0.00295314668565795
BASELINE,165220,3234,357,0.412709,0.057495599999999994,upper,-0.32949231,0.013444689,3.9177671e-17,0.9991443623484307,-0.04135871356011533,0.3297664390149173,0.002931257235688154
BASELINE,165220,3234,358,0.4153845,0.0573838,upper,-0.3270529,0.014104437,0.0,0.9991116497844289,-0.042141562204511526,0.32735674549497695,0.0029098377377331287
BASELINE,165220,3234,359,0.41806,0.0572699,upper,-0.32464424,0.013761236,0.0,0.9990784980477578,-0.042920330131960054,0.3249357164911996,0.0028883174799217743
BASELINE,165220,3234,360,0.420736,0.057153899999999994,upper,-0.32222394,0.014153064,-3.8125956e-17,0.9990453845986709,-0.04368431654603134,0.3225346069920713,0.002866974284373967
BASELINE,165220,3234,361,0.4234115,0.0570359,upper,-0.31980275,0.014532653,-1.8921165e-17,0.999011919278719,-0.0444430550148176,0.3201326345649026,0.0028456234183546897
BASELINE,165220,3234,362,0.426087,0.056915850000000004,upper,-0.3174488,0.014458431,-1.8765495e-17,0.9989776428336992,-0.045206958738960384,0.3177778756380335,0.0028246922278936312
BASELINE,165220,3234,363,0.4287625,0.056793750000000004,upper,-0.3149791,0.014377481,1.859841e-17,0.9989436418132341,-0.045952154257583325,0.31530704547380234,0.0028027292931004652
BASELINE,165220,3234,364,0.431438,0.0566697,upper,-0.31264616,0.014859113,0.0,0.998909726073341,-0.046683606930943713,0.31299896703411645,0.0027822130403032572
BASELINE,165220,3234,365,0.434114,0.05654365,upper,-0.31034865,0.014624353,-1.8264188e-17,0.9988750737835127,-0.04741926796126444,0.3106930067810307,0.002761715615831384
BASELINE,165220,3234,366,0.4367895,0.05641565,upper,-0.30795491,0.015065284,0.0,0.9988401146650686,-0.04815002944830153,0.30832311148431796,0.002740649879860604
BASELINE,165220,3234,367,0.439465,0.056285699999999994,upper,-0.30565978,0.014880947,6.061477e-23,0.9988048397557988,-0.048876293644188044,0.3060217931179683,0.0027201937166041624
BASELINE,165220,3234,368,0.4421405,0.056153800000000004,upper,-0.30329041,0.015038795,0.0,0.9987699638633304,-0.04958386112881448,0.3036630333586194,0.002699226963187728
BASELINE,165220,3234,369,0.444816,0.05602005,upper,-0.30104417,0.015479658,1.7613779e-17,0.9987350579190818,-0.05028204533795625,0.3014417154265239,0.002679481914902435
BASELINE,165220,3234,370,0.4474915,0.0558844,upper,-0.29874803,0.015324447,-1.7479958e-17,0.9986991912556062,-0.050989463474310055,0.2991408012807761,0.0026590293447180096
BASELINE,165220,3234,371,0.450167,0.05574685,upper,-0.29641616,0.015417174,0.0,0.9986630755227627,-0.0516919876520236,0.29681681834828444,0.002638371718651417
BASELINE,165220,3234,372,0.452843,0.0556074,upper,-0.29418317,0.015333754,1.7150914e-17,0.9986271953202536,-0.052380576235894524,0.29458250483790077,0.0026185111541146737
BASELINE,165220,3234,373,0.4555185,0.055466150000000006,upper,-0.29186144,0.015751537,-3.4004423e-17,0.9985915690614208,-0.0530554257305482,0.2922860778195712,0.0025980984695073
BASELINE,165220,3234,374,0.458194,0.0553231,upper,-0.28966166,0.015658464,0.0,0.9985552513259838,-0.05373462616694568,0.2900845734101902,0.002578529541423913
BASELINE,165220,3234,375,0.4608695,0.0551782,upper,-0.28739217,0.015738897,0.0,0.9985184743358233,-0.05441375203071002,0.2878228035630565,0.002558424920560502
BASELINE,165220,3234,376,0.463545,0.0550315,upper,-0.28514486,0.015806312,0.0,0.9984820344743245,-0.055078369910644784,0.2855826058319555,0.0025385120518396044
BASELINE,165220,3234,377,0.466221,0.054883,upper,-0.28293533,0.015701023,0.0,0.9984453912195608,-0.05573868272948458,0.28337063059121087,0.0025188500496996524
BASELINE,165220,3234,378,0.4688965,0.054732750000000004,upper,-0.28065451,0.016177785,1.6246417e-17,0.9984085426066022,-0.056394876098458176,0.2811202044856925,0.0024988462620950448
BASELINE,165220,3234,379,0.471572,0.05458075,upper,-0.27848777,0.015766681,1.6089934e-17,0.9983715621336385,-0.05704580547979083,0.2789336929874014,0.002479410604332457
BASELINE,165220,3234,380,0.4742475,0.054427,upper,-0.27624713,0.016045999,1.5931972e-17,0.9983346973614677,-0.057687364684014523,0.2767127463215564,0.0024596688561916123
BASELINE,165220,3234,381,0.476923,0.05427155,upper,-0.27406499,0.016085993,0.0,0.9982979662335446,-0.05831955601655943,0.27453665010266226,0.002440325778690331
BASELINE,165220,3234,382,0.4795985,0.0541144,upper,-0.27188339,0.016137549,1.5636256e-17,0.9982608375350118,-0.05895167719324629,0.27236187619259644,0.002420994455045302
BASELINE,165220,3234,383,0.482274,0.053955550000000005,upper,-0.26966744,0.016172771,1.5483182e-17,0.9982236424982213,-0.05957818021375983,0.2701519584851644,0.00240135074209035
BASELINE,165220,3234,384,0.48495,0.053794999999999996,upper,-0.26755848,0.016217045,0.0,0.9981862865800942,-0.06020080799658572,0.26804948480653135,0.0023826620871691675
BASELINE,165220,3234,385,0.4876255,0.0536328,upper,-0.26532552,0.016247578,0.0,0.9981487663469377,-0.06081973561342063,0.26582251386667816,0.002362866789926028
BASELINE,165220,3234,386,0.490301,0.05346895,upper,-0.26318302,0.016278651,0.0,0.9981112101341758,-0.06143298954544762,0.26368596877566397,0.0023438752780059018
BASELINE,165220,3234,387,0.4929765,0.05330345,upper,-0.26100049,0.016304368,0.0,0.9980738575141266,-0.062036883761764375,0.26150923804980225,0.0023245265604426866
BASELINE,165220,3234,388,0.495652,0.05313635,upper,-0.25887558,0.016456881,0.0,0.9980365082423612,-0.06263488018185463,0.2593980547020181,0.002305760486240161
BASELINE,165220,3234,389,0.498328,0.052967600000000004,upper,-0.25676918,0.01621814,0.0,0.9979984377633078,-0.06323858175194404,0.25728085267802003,0.0022869409126935114
BASELINE,165220,3234,390,0.5010035,0.052797250000000004,upper,-0.25453015,0.016597882,-1.4498404e-17,0.9979602191092242,-0.06383886806224845,0.25507055426301445,0.0022672938156712394
BASELINE,165220,3234,391,0.503679,0.0526253,upper,-0.25245117,0.016147211,1.4351812e-17,0.9979220223069213,-0.06443320102916224,0.2529669985925717,0.002248595543045082
BASELINE,165220,3234,392,0.5063545,0.05245175,upper,-0.25025953,0.016493394,0.0,0.9978846844586579,-0.06500889572085325,0.250802369457451,0.002229354395177342
BASELINE,165220,3234,393,0.5090300000000001,0.052276699999999995,upper,-0.2481973,0.016287905,-1.4065519e-17,0.9978476274858825,-0.06557524167546365,0.24873117026016384,0.002210943735645901
BASELINE,165220,3234,394,0.5117055,0.0521001,upper,-0.24610714,0.016402399,0.0,0.9978096365168542,-0.06615080705557141,0.24665310783910005,0.0021924720696808895
BASELINE,165220,3234,395,0.514381,0.051921949999999994,upper,-0.24394976,0.016619564,0.0,0.9977717315505039,-0.06672009981039771,0.24451503341541514,0.002173466963692579
BASELINE,165220,3234,396,0.5170570000000001,0.051742250000000004,upper,-0.24195553,0.016175651,2.0731255e-22,0.9977330897758055,-0.06729547953930011,0.242495586726148,0.0021555163264546486
BASELINE,165220,3234,397,0.5197325,0.051561,upper,-0.23970722,0.016493141,0.0,0.9976949522672827,-0.067858545669536,0.24027388397780564,0.0021357678575804947
BASELINE,165220,3234,398,0.522408,0.0513783,upper,-0.23769035,0.01627874,0.0,0.9976575653822626,-0.06840601022962978,0.23824713955082336,0.0021177523515628744
BASELINE,165220,3234,399,0.5250835,0.051194100000000006,upper,-0.23564275,0.016402923,-2.6489266e-17,0.9976192396511091,-0.0689626904778442,0.23621293078607733,0.002099670495876243
BASELINE,165220,3234,400,0.5277590000000001,0.051008399999999995,upper,-0.2334683,0.01632508,0.0,0.9975817030177749,-0.06950356684484509,0.23403835560369224,0.0020803409386994866
BASELINE,165220,3234,401,0.530435,0.05082125,upper,-0.23154449,0.016344002,5.1884815e-17,0.9975434258127535,-0.07005079312724126,0.23212059408564006,0.002063294169650134
BASELINE,165220,3234,402,0.5331105,0.0506326,upper,-0.22933493,0.016418205,2.5698255e-17,0.9975043868353318,-0.07060451999885473,0.22992179821284153,0.0020437493174474803
BASELINE,165220,3234,403,0.5357860000000001,0.0504425,upper,-0.22726764,0.016290702,0.0,0.9974668309133357,-0.0711331232809802,0.22785074115365253,0.0020253399213658
BASELINE,165220,3234,404,0.5384615,0.050251000000000004,upper,-0.22525861,0.016200392,-2.5169196e-17,0.9974289977410027,-0.07166166663829907,0.22584041669574517,0.002007470370628846
BASELINE,165220,3234,405,0.541137,0.05005805,upper,-0.22315464,0.016310871,0.0,0.9973907020816578,-0.07219271016562347,0.22374988904503146,0.001988887902622502
BASELINE,165220,3234,406,0.5438130000000001,0.049863649999999995,upper,-0.22115661,0.016209335,0.0,0.9973529927626528,-0.0727118135338397,0.22174981699677035,0.0019711094844157362
BASELINE,165220,3234,407,0.5464885,0.0496679,upper,-0.21906581,0.016080365,0.0,0.9973151970094397,-0.07322839486171034,0.2196552007759229,0.001952490673563759
BASELINE,165220,3234,408,0.549164,0.04947075,upper,-0.21706451,0.016160541,-4.8210364e-17,0.9972762655082712,-0.07375669633244235,0.21766523202228777,0.0019348020624203356
BASELINE,165220,3234,409,0.5518395,0.04927215,upper,-0.21496104,0.016172791,0.0,0.9972377474855786,-0.07427566889560343,0.21556850819619114,0.0019161645172994768
BASELINE,165220,3234,410,0.5545150000000001,0.049072199999999996,upper,-0.21292821,0.015980493,4.7203544e-17,0.9972003521904823,-0.07477604958258964,0.2135270441402112,0.0018980181701352106
BASELINE,165220,3234,411,0.5571905,0.048870899999999995,upper,-0.21094739,0.016015737,0.0,0.9971620092204216,-0.07528563852084727,0.21155447823863086,0.0018804842510100521
BASELINE,165220,3234,412,0.559866,0.0486682,upper,-0.20883916,0.01603278,0.0,0.9971239440172495,-0.07578812748369779,0.2094536212590075,0.0018618099667467333
BASELINE,165220,3234,413,0.5625420000000001,0.04846415,upper,-0.20688942,0.015844515,-2.2840164e-17,0.9970858021618481,-0.07628828958145613,0.20749525424809723,0.0018444022599830865
BASELINE,165220,3234,414,0.5652175,0.04825875,upper,-0.20478327,0.015934799,0.0,0.9970468630129068,-0.07679552692782256,0.20540223823671905,0.0018257976732152805
BASELINE,165220,3234,415,0.567893,0.048052,upper,-0.2027673,0.015824192,0.0,0.9970089361290928,-0.0772863589434414,0.20338380423767052,0.0018078560376681824
BASELINE,165220,3234,416,0.5705685,0.047843949999999996,upper,-0.20075337,0.015751558,4.4212871e-17,0.9969714928522767,-0.07776787537217911,0.20137035218348712,0.001789958686075441
BASELINE,165220,3234,417,0.5732440000000001,0.0476346,upper,-0.19871405,0.015662991,4.3697036e-17,0.9969343901676314,-0.0782420711707756,0.19933037511105944,0.0017718255565427506
BASELINE,165220,3234,418,0.57592,0.04742395,upper,-0.19681769,0.015635779,-2.1601503e-17,0.9968957635628627,-0.07873269073527875,0.19743776830764095,0.0017550023849568085
BASELINE,165220,3234,419,0.5785955,0.04721195,upper,-0.19472759,0.015389641,2.1343677e-17,0.9968563138947718,-0.0792306092878779,0.19533475821416416,0.0017363089619036815
BASELINE,165220,3234,420,0.5812710000000001,0.04699865,upper,-0.19272733,0.015497439,0.0,0.9968186834996968,-0.07970264880122335,0.193349390302947,0.0017186612471373067
BASELINE,165220,3234,421,0.5839465,0.0467841,upper,-0.19074184,0.015433583,0.0,0.9967815767530533,-0.08016538059347576,0.1913651910830946,0.0017010239207386187
BASELINE,165220,3234,422,0.586622,0.0465683,upper,-0.18873173,0.015530641,-2.060199e-17,0.9967435094597831,-0.08063731363205895,0.18936947607584015,0.0016832842317852457
BASELINE,165220,3234,423,0.5892975,0.046351199999999995,upper,-0.18678025,0.015117903,0.0,0.9967044687236711,-0.08111844442705075,0.18739105061868352,0.0016656982277216312
BASELINE,165220,3234,424,0.5919730000000001,0.0461328,upper,-0.18469578,0.015271804,-4.021883e-17,0.996667333185853,-0.08157344519020861,0.1853260241698306,0.001647342437065161
BASELINE,165220,3234,425,0.594649,0.0459132,upper,-0.18280784,0.015263917,0.0,0.9966301344283433,-0.08202667340165869,0.18344385048834408,0.0016306120043408363
BASELINE,165220,3234,426,0.5973245,0.04569234999999999,upper,-0.18076521,0.015057097,3.9336487e-17,0.9965913332788201,-0.08249675407883428,0.18139120327267605,0.001612366251312676
BASELINE,165220,3234,427,0.6000000000000001,0.045470250000000004,upper,-0.17878875,0.014971803,0.0,0.9965529470995952,-0.08295916843309815,0.17941450404757692,0.001594795591534017
BASELINE,165220,3234,428,0.6026755,0.0452469,upper,-0.17681728,0.014766881,0.0,0.9965151233799145,-0.08341228251950561,0.1774328328448048,0.001577180736398265
BASELINE,165220,3234,429,0.605351,0.04502235,upper,-0.1747896,0.014925118,0.0,0.99647852928158,-0.08384831948715141,0.17542552960416308,0.001559338040925894
BASELINE,165220,3234,430,0.6080270000000001,0.0447966,upper,-0.17293073,0.014719823,0.0,0.9964403106021271,-0.08430128947493401,0.17355605037359537,0.001542720447765292
BASELINE,165220,3234,431,0.6107025,0.0445696,upper,-0.17086869,0.01462803,3.6978228e-17,0.9964012201547746,-0.08476206978405143,0.17149367330191115,0.0015243882071280992
BASELINE,165220,3234,432,0.613378,0.0443414,upper,-0.1689143,0.014533647,1.8248459e-17,0.9963633789472309,-0.08520573392006275,0.16953837275967634,0.0015070077578637896
BASELINE,165220,3234,433,0.6160535,0.044112,upper,-0.16694799,0.014446087,-3.6049514e-17,0.996325343095112,-0.08564934737875995,0.1675718113395161,0.0014895272119068098
BASELINE,165220,3234,434,0.6187290000000001,0.0438814,upper,-0.16497877,0.014345489,3.5572429e-17,0.9962871126659462,-0.08609290990408067,0.1656012673064862,0.001472011264946544
BASELINE,165220,3234,435,0.6214045,0.0436496,upper,-0.16301273,0.014148729,0.0,0.9962494902306119,-0.08652718194443783,0.16362559881206593,0.0014544497672183637
BASELINE,165220,3234,436,0.62408,0.04341665,upper,-0.16104188,0.014251021,0.0,0.9962123852190232,-0.08695334114468807,0.16167108928562882,0.0014370763492055894
BASELINE,165220,3234,437,0.6267560000000001,0.0431825,upper,-0.15915912,0.013947943,1.7092514e-17,0.9961743970165854,-0.08738747466680997,0.15976911591125695,0.0014201699192111729
BASELINE,165220,3234,438,0.6294315,0.0429472,upper,-0.15713086,0.014051817,0.0,0.9961363189438901,-0.08782046504611912,0.15775779357657072,0.0014022914984584064
BASELINE,165220,3234,439,0.632107,0.042710750000000006,upper,-0.15522283,0.013738769,1.6640253e-17,0.9960979551571953,-0.08825453943936179,0.15582965228727175,0.0013851524647757489
BASELINE,165220,3234,440,0.6347825,0.0424731,upper,-0.15326504,0.013740113,0.0,0.9960602273528677,-0.08867932952922793,0.15387967459614216,0.001367819329743486
BASELINE,165220,3234,441,0.6374580000000001,0.042234350000000004,upper,-0.15126871,0.013803009,0.0,0.9960238858883983,-0.08908658002064526,0.1518969112133294,0.0013501947663407058
BASELINE,165220,3234,442,0.640134,0.04199445,upper,-0.14944371,0.013519961,0.0,0.9959858125132239,-0.08951123545328356,0.15005400334173083,0.0013338133630376075
BASELINE,165220,3234,443,0.6428095,0.041753399999999996,upper,-0.14743232,0.013409422,-1.5777752e-17,0.9959468082636,-0.08994417774124083,0.148040847974673,0.0013159186486637602
BASELINE,165220,3234,444,0.6454850000000001,0.0415112,upper,-0.14552815,0.013117232,-1.5535582e-17,0.995908371628628,-0.09036877403182247,0.1461180910671577,0.0012988274761525128
BASELINE,165220,3234,445,0.6481605,0.041267849999999995,upper,-0.14358248,0.013185649,0.0,0.9958705983141637,-0.09078409229259132,0.14418661744078518,0.0012816588216958682
BASELINE,165220,3234,446,0.650836,0.0410234,upper,-0.14166808,0.013061547,3.0167021e-17,0.9958334997347617,-0.09119013546440499,0.1422689041474089,0.0012646124813103013
BASELINE,165220,3234,447,0.6535115,0.04077785,upper,-0.13976071,0.013127922,1.4887096e-17,0.9957953896493179,-0.09160535984953593,0.140375658691002,0.0012477836328089065
BASELINE,165220,3234,448,0.6561870000000001,0.04053115,upper,-0.1378237,0.012665868,-1.4664753e-17,0.9957578971413147,-0.09201201161102238,0.13840444968171506,0.0012302617749485783
BASELINE,165220,3234,449,0.658863,0.040283349999999996,upper,-0.13596229,0.01286929,-1.4449722e-17,0.9957203099731952,-0.09241787871880651,0.1365697660258826,0.0012139534757856232
BASELINE,165220,3234,450,0.6615385,0.04003445,upper,-0.134042,0.012434298,1.4241511e-17,0.9956808985756826,-0.09284152202286022,0.13461747815848746,0.0011965998058532218
BASELINE,165220,3234,451,0.6642140000000001,0.0397844,upper,-0.13211262,0.012524628,0.0,0.995642975642144,-0.0932473326935264,0.13270489025065849,0.0011795990244502976
BASELINE,165220,3234,452,0.6668895,0.0395333,upper,-0.13023993,0.012283724,0.0,0.9956057576075092,-0.09364387550062951,0.13081791969933906,0.001162825952883014
BASELINE,165220,3234,453,0.669565,0.0392811,upper,-0.12833108,0.012272803,0.0,0.9955683361896386,-0.09404088460129968,0.12891650504767688,0.0011459244893126835
BASELINE,165220,3234,454,0.6722410000000001,0.0390278,upper,-0.12650979,0.012034028,-2.676645e-17,0.995530811265286,-0.09443730100697276,0.12708085499626331,0.001129607599966785
BASELINE,165220,3234,455,0.6749165,0.03877345,upper,-0.12459216,0.011964453,0.0,0.9954922947472991,-0.0948424540949708,0.12516527335034658,0.0011125802075586362
BASELINE,165220,3234,456,0.677592,0.038518,upper,-0.1227323,0.01183334,0.0,0.9954535710292673,-0.09524803370715455,0.12330140868282356,0.0010960125216250983
BASELINE,165220,3234,457,0.6802675,0.03826145,upper,-0.1208647,0.011707004,2.552029e-17,0.9954146851098342,-0.0956535658911355,0.12143031396989638,0.001079380568621301
BASELINE,165220,3234,458,0.6829430000000001,0.0380038,upper,-0.11894859,0.011642165,2.5109698e-17,0.9953773842399372,-0.09604094410021391,0.11951686089119923,0.0010623720968106598
BASELINE,165220,3234,459,0.685619,0.037745100000000004,upper,-0.11717183,0.011423812,0.0,0.9953399702969703,-0.09642791882658422,0.11772738020806782,0.0010464656018494918
BASELINE,165220,3234,460,0.6882945,0.03748535,upper,-0.1152605,0.011307645,0.0,0.9953006407041292,-0.09683302439741401,0.11581380296204058,0.0010294560263292495
BASELINE,165220,3234,461,0.6909700000000001,0.0372245,upper,-0.11343367,0.011187892,0.0,0.9952620212477756,-0.09722915746725427,0.11398401299474781,0.0010131912266199805
BASELINE,165220,3234,462,0.6936455,0.0369626,upper,-0.11158179,0.011037846,0.0,0.9952241506296206,-0.09761603353727476,0.11212636292379796,0.0009966787815448707
BASELINE,165220,3234,463,0.6963210000000001,0.03669965,upper,-0.1097643,0.010735531,0.0,0.9951861325306879,-0.09800286535919356,0.11028802200609063,0.0009803379733874721
BASELINE,165220,3234,464,0.6989965,0.03643565,upper,-0.10792467,0.010925531,-1.1345651e-17,0.99514796700234,-0.09838965276445368,0.1084759751412557,0.0009642308901444952
BASELINE,165220,3234,465,0.7016720000000001,0.0361706,upper,-0.1061125,0.010459855,1.1143662e-17,0.9951105611896554,-0.09876725676462379,0.10662676060874303,0.0009477934276332714
BASELINE,165220,3234,466,0.704348,0.035904500000000006,upper,-0.10433109,0.010645865,1.0947712e-17,0.9950721080382285,-0.09915391976294291,0.10487253690424328,0.0009322003280377181
BASELINE,165220,3234,467,0.7070235,0.03563735,upper,-0.10247818,0.01034368,-2.1534738e-17,0.9950325863572592,-0.09954974679617867,0.10299883921552545,0.0009155452374713373
BASELINE,165220,3234,468,0.7096990000000001,0.03536915,upper,-0.10070065,0.010202876,0.0,0.9949938316286456,-0.09993635485120744,0.10121616382743405,0.000899699234021636
BASELINE,165220,3234,469,0.7123745,0.0350999,upper,-0.098920428,0.0099815059,1.0375529e-17,0.9949549297302545,-0.10032291764828447,0.09942274128403826,0.0008837577003025623
BASELINE,165220,3234,470,0.71505,0.0348296,upper,-0.097098389,0.0099166441,0.0,0.9949177547516741,-0.10069091955031363,0.09760342718716683,0.000867586019441483
BASELINE,165220,3234,471,0.7177260000000001,0.0345583,upper,-0.095402351,0.009864629,0.0,0.9948795040771723,-0.10106815703850412,0.0959108435235749,0.0008525408313206658
BASELINE,165220,3234,472,0.7204015,0.034285949999999996,upper,-0.093593091,0.0096368534,1.9619621e-17,0.9948392183556587,-0.10146393261401797,0.09408787053791881,0.0008363366270037227
BASELINE,165220,3234,473,0.723077,0.03401255,upper,-0.091848974,0.0094913484,0.0,0.9947997353017729,-0.10185031489162258,0.09233803184622552,0.0008207825052997824
BASELINE,165220,3234,474,0.7257525,0.0337381,upper,-0.090105606,0.0092657521,-9.4308971e-18,0.9947610506172754,-0.10222745313669124,0.09058076152964523,0.0008051623247079576
BASELINE,165220,3234,475,0.7284280000000001,0.03346265,upper,-0.088362964,0.0092854998,-9.2414611e-18,0.9947231745936653,-0.10259535041267902,0.08884933717232363,0.00078977188597621
BASELINE,165220,3234,476,0.7311035,0.0331862,upper,-0.086672418,0.0090621967,0.0,0.9946832614602578,-0.1029815972433157,0.08714484290558586,0.0007746208258274298
BASELINE,165220,3234,477,0.7337790000000001,0.03290865,upper,-0.084922835,0.0088303901,-8.8755427e-18,0.9946441944922174,-0.10335824283978555,0.08538069841689633,0.0007589395414835229
BASELINE,165220,3234,478,0.7364550000000001,0.0326301,upper,-0.083264086,0.0088658835,-8.6945004e-18,0.9946059128748743,-0.10372597589002414,0.0837345746838868,0.0007443073305234382
BASELINE,165220,3234,479,0.7391305,0.032350550000000006,upper,-0.081539725,0.0086744348,1.7052475e-17,0.994565529005105,-0.10411248011067538,0.08199971665014213,0.0007288863702234856
BASELINE,165220,3234,480,0.741806,0.03206995,upper,-0.079872698,0.0084776598,0.0,0.9945260053961179,-0.10448935156675458,0.08032130045745604,0.0007139671151773871
BASELINE,165220,3234,481,0.7444815,0.03178835,upper,-0.078217897,0.0082876677,0.0,0.994486342142862,-0.10486617801422184,0.07865572631398805,0.0006991620116798938
BASELINE,165220,3234,482,0.7471570000000001,0.0315057,upper,-0.076543746,0.0080917318,9.2326367e-23,0.9944465959943691,-0.10524242355253967,0.07697026111972677,0.0006841800988420157
BASELINE,165220,3234,483,0.749833,0.031222,upper,-0.07493303,0.0080594247,-7.8054634e-18,0.9944076333102463,-0.10560993710022959,0.07536513235469673,0.0006699122875973043
BASELINE,165220,3234,484,0.7525085,0.030937350000000002,upper,-0.073254441,0.0080202959,7.6427792e-18,0.9943674942930915,-0.1059871987236132,0.0736918836383866,0.0006550389656745475
BASELINE,165220,3234,485,0.7551840000000001,0.03065165,upper,-0.071679393,0.0076277769,7.468092e-18,0.9943262937071072,-0.10637303061719981,0.07208409492259003,0.0006407475104230225
BASELINE,165220,3234,486,0.7578595,0.0303649,upper,-0.070037779,0.0076050359,0.0,0.994286919064453,-0.10674044489938107,0.07044941241546882,0.0006262169992486117
BASELINE,165220,3234,487,0.760535,0.0300772,upper,-0.068448885,0.0075802254,0.0,0.9942474117980918,-0.10710781546085027,0.06886702813501008,0.0006121513612000896
BASELINE,165220,3234,488,0.7632105,0.02978845,upper,-0.066895656,0.0071967608,-6.9652004e-18,0.9942057864848546,-0.10749350733896437,0.06728165334577185,0.0005980591408513054
BASELINE,165220,3234,489,0.7658860000000001,0.02949865,upper,-0.065279843,0.0072115303,6.7927871e-18,0.9941660920912132,-0.10786000804786545,0.06567684212383337,0.0005837941522118522
BASELINE,165220,3234,490,0.7685620000000001,0.02920785,upper,-0.063771722,0.0070244805,-1.3263464e-17,0.9941261846370666,-0.10822721015968655,0.06415737860693181,0.0005702878098393938
BASELINE,165220,3234,491,0.7712375,0.02891605,upper,-0.062195067,0.0068795992,1.2943086e-17,0.9940850493281231,-0.10860439540968399,0.06257434095843786,0.0005562163640750032
BASELINE,165220,3234,492,0.7739130000000001,0.028623250000000003,upper,-0.06068788,0.0066893656,-1.2609445e-17,0.9940448697421399,-0.10897154187829117,0.061055426253146215,0.0005427149000279663
BASELINE,165220,3234,493,0.7765885,0.028329450000000003,upper,-0.059164303,0.0067227313,-6.1508588e-18,0.9940035483344934,-0.10934782073016545,0.05954464313374659,0.0005292857167444141
BASELINE,165220,3234,494,0.779264,0.0280346,upper,-0.057662248,0.0063605729,-5.9925514e-18,0.9939621931901413,-0.10972309924826187,0.05801199625793635,0.0005156621889594342
BASELINE,165220,3234,495,0.7819400000000001,0.027738699999999998,upper,-0.056199818,0.0063200003,0.0,0.9939205981305662,-0.1100992489155919,0.056553984007565276,0.0005027020800672469
BASELINE,165220,3234,496,0.7846155,0.027441800000000002,upper,-0.054694086,0.0061616687,-1.1360324e-17,0.9938787504736039,-0.11047637465552457,0.05504000867178025,0.0004892445215269356
BASELINE,165220,3234,497,0.787291,0.0271439,upper,-0.053252611,0.0060176727,0.0,0.9938378965257713,-0.11084329221576945,0.0535914815542901,0.00047636872492702316
BASELINE,165220,3234,498,0.7899665,0.026845,upper,-0.051817858,0.0058678016,5.374574e-18,0.9937958841586653,-0.11121933568088263,0.052148987002177384,0.00046354655113046566
BASELINE,165220,3234,499,0.7926420000000001,0.02654505,upper,-0.050363263,0.0057456988,0.0,0.9937548893160891,-0.11158503466131824,0.05068987284791358,0.0004505766475370096
BASELINE,165220,3234,500,0.795318,0.0262441,upper,-0.049003718,0.005546313,5.0708363e-18,0.9937136402544072,-0.11195178056795053,0.04931658261571759,0.00043836962325082305
BASELINE,165220,3234,501,0.7979935,0.02594215,upper,-0.047563193,0.0055078969,-4.9255798e-18,0.9936700515015982,-0.11233801114854791,0.0478808666212477,0.00042560770329997955
BASELINE,165220,3234,502,0.8006690000000001,0.02563915,upper,-0.046204396,0.0052775574,0.0,0.9936264481339915,-0.11272303033820621,0.046504812148568234,0.00041337610798727317
BASELINE,165220,3234,503,0.8033445,0.0253351,upper,-0.044820853,0.0052195891,-9.2717796e-18,0.9935837427592472,-0.11309883343574209,0.04512360031562595,0.00040109866947223065
BASELINE,165220,3234,504,0.8060200000000001,0.02503005,upper,-0.043470523,0.00504023,-8.9865257e-18,0.9935419455635724,-0.11346542383365654,0.04376167982925513,0.0003889927095933789
BASELINE,165220,3234,505,0.8086955,0.024724000000000003,upper,-0.04215429,0.0049075419,0.0,0.9934989667407474,-0.11384113090209179,0.042438923678535224,0.0003772348771425353
BASELINE,165220,3234,506,0.8113710000000001,0.0244169,upper,-0.040813676,0.0047658088,0.0,0.9934560072456414,-0.11421541781890888,0.0410909204433143,0.00036525262616279375
BASELINE,165220,3234,507,0.814047,0.024108749999999998,upper,-0.039548857,0.0046477923,0.0,0.9934116997433182,-0.11460015188947745,0.03982093495880617,0.00035396386630049927
BASELINE,165220,3234,508,0.8167225,0.023799550000000003,upper,-0.038234037,0.0044285636,-3.9394638e-18,0.9933670802113905,-0.11498627723470731,0.03848965774124541,0.0003421302910332925
BASELINE,165220,3234,509,0.8193980000000001,0.023489350000000003,upper,-0.036974967,0.0043670058,0.0,0.9933246052181839,-0.1153526274869335,0.03723189009151106,0.000330950134146765
BASELINE,165220,3234,510,0.8220735,0.02317815,upper,-0.035719603,0.0043411825,3.6740829e-18,0.9932809319266679,-0.11572808764898068,0.035981997304750823,0.00031983997604222955
BASELINE,165220,3234,511,0.824749,0.0228659,upper,-0.034491255,0.0039983393,-3.5414075e-18,0.9932373013734358,-0.11610195157883729,0.034722216032987384,0.0003086419202932212
BASELINE,165220,3234,512,0.8274250000000001,0.0225526,upper,-0.033295632,0.0039761877,6.8178251e-18,0.9931933567138012,-0.11647727752472635,0.03353213602821075,0.00029806343136187335
BASELINE,165220,3234,513,0.8301005,0.022238300000000003,upper,-0.032057396,0.0039467846,0.0,0.9931480069381274,-0.1168633232234357,0.03229897330942937,0.00028710198497270556
BASELINE,165220,3234,514,0.832776,0.02192295,upper,-0.030907797,0.0036160861,3.1580829e-18,0.9931026979431109,-0.11724773489545157,0.031118594492589916,0.0002766097288230215
BASELINE,165220,3234,515,0.8354515,0.021606550000000002,upper,-0.029712559,0.0036903492,0.0,0.9930572443173775,-0.11763209387227791,0.02994037546567338,0.0002661366708059856
BASELINE,165220,3234,516,0.8381270000000001,0.0212891,upper,-0.028579717,0.0033659538,0.0,0.9930116461216347,-0.11801639999085356,0.028777229573872003,0.0002557975962121956
BASELINE,165220,3234,517,0.8408025,0.0209706,upper,-0.02742995,0.003436485,0.0,0.9929659034167702,-0.11840065308822126,0.027643887150754713,0.00024572344134004187
BASELINE,165220,3234,518,0.8434780000000001,0.020651049999999997,upper,-0.026313201,0.0031295386,-2.6702608e-18,0.9929213251788317,-0.11877391129836877,0.026498645946698183,0.00023554351952620608
BASELINE,165220,3234,519,0.8461540000000001,0.02033045,upper,-0.025227969,0.0030944685,2.5499626e-18,0.992875302057707,-0.11915802349744274,0.025416958091412565,0.00022592851636811168
BASELINE,165220,3234,520,0.8488295,0.0200088,upper,-0.02411891,0.0029698848,0.0,0.9928278088589745,-0.11955309262535899,0.024300983479947857,0.00021600874204398096
BASELINE,165220,3234,521,0.851505,0.019686099999999998,upper,-0.02305305,0.0028500022,0.0,0.9927814887300404,-0.11993713201075219,0.02322846238886039,0.00020647522123431458
BASELINE,165220,3234,522,0.8541805,0.01936235,upper,-0.022002316,0.0027323814,0.0,0.9927339163484308,-0.1203302594176002,0.022171233494105567,0.00019707763105871614
BASELINE,165220,3234,523,0.8568560000000001,0.0190375,upper,-0.020939094,0.0026412749,0.0,0.9926875445490139,-0.12071221519485657,0.02110481195205856,0.00018759832846274277
BASELINE,165220,3234,524,0.859532,0.018711600000000002,upper,-0.019947945,0.0024664978,-3.9721803e-18,0.9926407936863668,-0.12109605571487372,0.020099827112221406,0.0001786651298864125
BASELINE,165220,3234,525,0.8622075,0.018384650000000002,upper,-0.018910694,0.0024070941,0.0,0.9925925300535221,-0.12149102552019114,0.019063053933260563,0.00016944936829564944
BASELINE,165220,3234,526,0.8648830000000001,0.01805665,upper,-0.017923523,0.0023188824,1.0718718e-24,0.9925443607528918,-0.12188392813506384,0.018072526174270017,0.0001606446771046224
BASELINE,165220,3234,527,0.8675585,0.01772755,upper,-0.016953492,0.0021033272,0.0,0.9924949151152744,-0.12228590871528988,0.017083461881425073,0.0001518529945015562
BASELINE,165220,3234,528,0.870234,0.01739735,upper,-0.015983751,0.0020277186,0.0,0.9924464407384109,-0.12267869523947365,0.01611177466175983,0.00014321577477119848
BASELINE,165220,3234,529,0.8729095,0.0170661,upper,-0.015043113,0.0019345872,0.0,0.9923978156788889,-0.12307142412343448,0.015166844884005664,0.00013481639896893924
BASELINE,165220,3234,530,0.8755850000000001,0.01673375,upper,-0.014099469,0.0018135134,-2.7220079e-18,0.9923493173587247,-0.1234618659249616,0.014215498185514422,0.0001263599838712393
BASELINE,165220,3234,531,0.8782610000000001,0.0164003,upper,-0.013207098,0.0017063923,0.0,0.9923003965703382,-0.12385444265891127,0.013316752850217278,0.0001183711364463758
BASELINE,165220,3234,532,0.8809365,0.016065799999999998,upper,-0.012286266,0.0016400484,-2.3316751e-18,0.9922498939751547,-0.12425839169365571,0.012394835912334302,0.00011017631922074935
BASELINE,165220,3234,533,0.8836120000000001,0.0157302,upper,-0.011421869,0.0014495362,0.0,0.9921983699130384,-0.12466914109718352,0.01151347223620354,0.00010234197543292035
BASELINE,165220,3234,534,0.8862875,0.015393450000000001,upper,-0.010550442,0.0013871788,-1.949866e-18,0.9921466812040904,-0.12507982641380955,0.010641094099045163,9.458750310262367e-05
BASELINE,165220,3234,535,0.888963,0.015055599999999999,upper,-0.0096857844,0.0012873742,0.0,0.9920974414521355,-0.12546978386897112,0.009770768484329498,8.68512754162622e-05
BASELINE,165220,3234,536,0.8916390000000001,0.01471665,upper,-0.0088796931,0.0011094157,0.0,0.9920465942740764,-0.12587118331534874,0.008948712765001643,7.954411346668126e-05
BASELINE,165220,3234,537,0.8943145,0.0143766,upper,-0.0080309642,0.0011023868,0.0,0.9919941119110937,-0.12628413175740077,0.008105883159267607,7.20522947490454e-05
BASELINE,165220,3234,538,0.89699,0.01403545,upper,-0.0072268237,0.0010227331,-6.1107783e-19,0.9919429411556696,-0.12668544309209231,0.007298162152129948,6.487255246337732e-05
BASELINE,165220,3234,539,0.8996655,0.013693199999999999,upper,-0.0064436893,0.00087187929,-5.2454678e-19,0.9918904449968653,-0.12709581080397808,0.006502246052484287,5.7797742688749214e-05
BASELINE,165220,3234,540,0.9023410000000001,0.0133498,upper,-0.0056516407,0.00078633389,-4.3846079e-19,0.9918381193107633,-0.12750351007751942,0.005705773013976075,5.0717982346454e-05
BASELINE,165220,3234,541,0.905017,0.01300525,upper,-0.0049000802,0.00070592177,0.0,0.991785300861469,-0.12791370917585576,0.004950124587391013,4.400110744347567e-05
BASELINE,165220,3234,542,0.9076925,0.0126596,upper,-0.0041406191,0.00056521633,0.0,0.9917307923940317,-0.12833563580512697,0.0041789168581228536,3.7145927627758696e-05
BASELINE,165220,3234,543,0.9103680000000001,0.012312799999999999,upper,-0.0034035736,0.00051447767,0.0,0.9916764532594814,-0.12875485253261565,0.0034414852925877784,3.059098037855803e-05
BASELINE,165220,3234,544,0.9130435,0.011964849999999999,upper,-0.0026805145,0.00037745597,0.0,0.9916219429101839,-0.12917400024398096,0.0027068144940497925,2.40605732804426e-05
BASELINE,165220,3234,545,0.9157190000000001,0.011615750000000001,upper,-0.0019722693,0.00026613461,-2.9860072e-20,0.9915672614327977,-0.12959307872977494,0.0019901268720754293,1.7690016640670482e-05
BASELINE,165220,3234,546,0.9183945,0.011265500000000001,upper,-0.0012637202,0.00027681179,0.0,0.9915124089142285,-0.1300120877807271,0.0012889831384357907,1.1457627897207028e-05
BASELINE,165220,3234,547,0.92107,0.0109141,upper,-0.00058589159,6.8519162e-05,0.0,0.9914589612779349,-0.13041904807840982,0.0005898236711260479,5.242877076675981e-06
BASELINE,165220,3234,548,0.923746,0.01056155,upper,8.0766855e-05,6.5071421e-05,1.9955413e-19,0.9914025754329331,-0.1308469847759108,-7.155806882368439e-05,-6.360717228771946e-07
BASELINE,165220,3234,549,0.9264215,0.0102078,upper,0.00074134857,-8.5960681e-05,2.7368945e-19,0.9913438121191261,-0.13129145506512926,-0.0007462172203797422,-6.6330419589310415e-06
BASELINE,165220,3234,550,0.9290970000000001,0.009852875,upper,0.0013885672,-0.00011193772,0.0,0.9912879042250595,-0.13171291104933172,-0.0013912135125210838,-1.2366342333520745e-05
BASELINE,165220,3234,551,0.9317725,0.009496810000000001,upper,0.0020123147,-0.00023037128,0.0,0.9912309743024529,-0.13214066589589366,-0.002025110075026638,-1.8000978444681224e-05
BASELINE,165220,3234,552,0.934448,0.009139535,upper,0.0026370346,-0.00030822943,-1.954778e-18,0.9911743987248449,-0.13256436667687946,-0.0026546214232507376,-2.359663487333989e-05
BASELINE,165220,3234,553,0.9371240000000001,0.008781075,upper,0.003228691,-0.00039095954,-1.1161274e-18,0.9911163875418552,-0.13299739225256704,-0.0032520051597051632,-2.890671253071256e-05
BASELINE,165220,3234,554,0.9397995,0.008421419999999999,upper,0.0038314621,-0.00047611947,0.0,0.9910560553502633,-0.1334462257000016,-0.003860730061303821,-3.4317600544922856e-05
BASELINE,165220,3234,555,0.942475,0.008060560000000001,upper,0.0044027281,-0.00055354781,-2.773699e-18,0.9909969302794607,-0.13388459275318226,-0.004437201555066389,-3.944179160059012e-05
BASELINE,165220,3234,556,0.9451505,0.0076984950000000005,upper,0.0049790929,-0.00063216006,0.0,0.9909374951615316,-0.13432379045794293,-0.005018883981937887,-4.461230206167011e-05
BASELINE,165220,3234,557,0.9478260000000001,0.00733522,upper,0.0055256347,-0.00071175471,0.0,0.9908775016598872,-0.13476563621435592,-0.0055711471829428955,-4.952130829282574e-05
BASELINE,165220,3234,558,0.9505015,0.006970724999999999,upper,0.0060824101,-0.00079318285,0.0,0.9908169463665984,-0.13521012829211113,-0.00613380135673896,-5.452267872656853e-05
BASELINE,165220,3234,559,0.953177,0.006605005,upper,0.0065955767,-0.00086270935,1.9026288e-18,0.9907576537041287,-0.1356439148162935,-0.006651639369700241,-5.912568328622436e-05
BASELINE,165220,3234,560,0.9558530000000001,0.006238054999999999,upper,0.0071465322,-0.00094538501,-2.0256689e-18,0.9906961009379841,-0.13609274626619744,-0.00720870162805755,-6.4077347804956e-05
BASELINE,165220,3234,561,0.9585285,0.005869865,upper,0.0075934107,-0.0010072587,0.0,0.9906323762792216,-0.13655583131958418,-0.007659825534937451,-6.80873380883329e-05
BASELINE,165220,3234,562,0.961204,0.005500435,upper,0.0081824907,-0.0010933752,0.0,0.9905699178556729,-0.13700816705366534,-0.008255130472607742,-7.337893753429105e-05
BASELINE,165220,3234,563,0.9638795,0.005129755,upper,0.0084967871,-0.0011452164,0.0,0.9905068827635999,-0.137463141234064,-0.008573551147663734,-7.620934353478875e-05
BASELINE,165220,3234,564,0.966555,0.004757819999999999,upper,0.0092034474,-0.0012393146,2.4998703e-18,0.9904450277199498,-0.13790811094648425,-0.009286420250566496,-8.25459577828133e-05
BASELINE,165220,3234,565,0.969231,0.0043846200000000005,upper,0.0092544996,-0.0012597194,0.0,0.990380840450879,-0.13836831598241878,-0.009339784343788708,-8.302030527812185e-05
BASELINE,165220,3234,566,0.9719065,0.0040101500000000005,upper,0.010248922,-0.0013995816,-2.7246609e-18,0.990314409708099,-0.13884296858141415,-0.010343977204690274,-9.194646404169132e-05
BASELINE,165220,3234,567,0.9745820000000001,0.0036344050000000003,upper,0.0097338551,-0.0013356351,-5.7025402e-18,0.9902491609078338,-0.13930757094045898,-0.009825005926617255,-8.73333860143756e-05
BASELINE,165220,3234,568,0.9772575,0.003257375,upper,0.0114543,-0.0015784334,0.0,0.9901834466901361,-0.139773895634494,-0.011562482038740426,-0.00010277761812213713
BASELINE,165220,3234,569,0.9799329999999999,0.00287906,upper,0.0096053877,-0.0013290168,0.0,0.9901171362569273,-0.140242848268214,-0.009696844063589822,-8.619416945413175e-05
BASELINE,165220,3234,570,0.9826085,0.0024994450000000003,upper,0.013096974,-0.0018216862,-3.1311719e-18,0.9900500971473226,-0.14071533370097633,-0.013222999562567422,-0.0001175377738894882
BASELINE,165220,3234,571,0.985284,0.002118525,upper,0.0080162213,-0.0011160101,-2.6568621e-23,0.9899844268859781,-0.14117660756386535,-0.00809348876939668,-7.194212239463715e-05
BASELINE,165220,3234,572,0.9879600000000001,0.001736295,upper,0.015819584,-0.0022080155,0.0,0.989916318190076,-0.14165339029124605,-0.015972837229969256,-0.0001419807753775045
BASELINE,165220,3234,573,0.9906355,0.0013527449999999998,upper,0.0026563866,-0.00037143411,-7.2431536e-18,0.9898457043622699,-0.14214598677261867,-0.0026822107332224545,-2.3841873184199595e-05
BASELINE,165220,3234,574,0.993311,0.0009678689999999999,upper,0.021771737,-0.0030319744,0.0,0.989776371375252,-0.14262795892544805,-0.021981595166582525,-0.0001953919570362891
BASELINE,165220,3234,575,0.9959865,0.0005816595,upper,-0.026027334,0.0037424519,0.0,0.9897064598267783,-0.14311227542438698,0.026295011398944457,0.00023373343465728406
BASELINE,165220,3234,576,0.9986619999999999,0.0001941105,upper,0.01227068,0.0194635,-3.0345666e-18,0.9896713401830995,-0.14335493859713264,-0.009353751473172666,-8.314445753931259e-05
BASELINE,165220,3234,577,0.201338,-0.0574492,lower,-0.2506867,0.01399824,-2.7379376e-17,0.9984044897151652,-0.05646658229962941,0.2510771595628887,0.002231796973892344
BASELINE,165220,3234,578,0.20401350000000001,-0.0575982,lower,-0.24987292,0.013537633,0.0,0.9985062829825725,-0.05463700984064537,0.25023933635464174,0.0022243496564857044
BASELINE,165220,3234,579,0.20668899999999998,-0.057741999999999995,lower,-0.24888671,0.013073311,2.6807499e-17,0.9986093100455609,-0.05272045039952705,0.24922981659674268,0.0022153761475266014
BASELINE,165220,3234,580,0.2093645,-0.0578807,lower,-0.24797617,0.012744701,2.6583267e-17,0.9987072573433903,-0.05083123183283045,0.24830342947838938,0.002207141595363461
BASELINE,165220,3234,581,0.21204,-0.05801435,lower,-0.24710858,0.012053195,0.0,0.9988009594402978,-0.048955524929681596,0.2474023572782344,0.002199132064695417
BASELINE,165220,3234,582,0.214716,-0.058143,lower,-0.24614361,0.011555791,0.0,0.9988896143884404,-0.04711197583325082,0.24641471182340477,0.0021903529939858203
BASELINE,165220,3234,583,0.21739150000000002,-0.05826675,lower,-0.2453862,0.011077352,2.5847247e-17,0.9989734229811844,-0.04530011233159815,0.24563609745628218,0.002183431977389175
BASELINE,165220,3234,584,0.22006699999999998,-0.05838565,lower,-0.2445778,0.010598718,0.0,0.9990529323189384,-0.043511359722843264,0.24480733290161386,0.0021760651813476787
BASELINE,165220,3234,585,0.2227425,-0.058499800000000005,lower,-0.24389336,0.010148267,-1.2678491e-17,0.9991276929933351,-0.0417594671160451,0.24410439633526432,0.0021698168563134604
BASELINE,165220,3234,586,0.225418,-0.058609299999999996,lower,-0.24336218,0.0097054567,0.0,0.9991986452823317,-0.040025832482949567,0.24355562955299967,0.002164938929359997
BASELINE,165220,3234,587,0.2280935,-0.05871415,lower,-0.24298329,0.0091075567,1.242752e-17,0.9992658839717856,-0.038310483292248204,0.2431538269710113,0.0021613673508534335
BASELINE,165220,3234,588,0.230769,-0.058814450000000004,lower,-0.24284862,0.0090176166,1.2305561e-17,0.9993289448013487,-0.03662867841218057,0.24301595854954944,0.0021601418537737726
BASELINE,165220,3234,589,0.23344499999999999,-0.0589103,lower,-0.24302252,0.0084641659,0.0,0.9993884048443873,-0.03496878983595332,0.24316987024255693,0.0021615099577116173
BASELINE,165220,3234,590,0.2361205,-0.0590017,lower,-0.24373626,0.0080895302,-1.2093075e-17,0.9994446996599368,-0.033321049228057384,0.24387046480596233,0.0021677374649418874
BASELINE,165220,3234,591,0.23879599999999998,-0.0590887,lower,-0.24506089,0.0077280911,1.1976949e-17,0.9994974996815009,-0.03169776223060226,0.24518271001890757,0.002179401866834734
BASELINE,165220,3234,592,0.2414715,-0.0591714,lower,-0.24728762,0.0074122826,1.1873751e-17,0.9995465444734238,-0.03011154979800327,0.2473986813786839,0.0021990993900327456
BASELINE,165220,3234,593,0.244147,-0.0592499,lower,-0.25082194,0.0070683983,-5.879512e-18,0.999592619529365,-0.028541110392243118,0.2509214999762139,0.0022304133331219013
BASELINE,165220,3234,594,0.246823,-0.0593242,lower,-0.2557796,0.0068557413,0.0,0.9996361551289726,-0.026973271195107788,0.25587145767375497,0.002274412957100044
BASELINE,165220,3234,595,0.2494985,-0.0593943,lower,-0.26245124,0.0065359287,0.0,0.9996764625277117,-0.02543561023605848,0.2625325725241553,0.0023336228668813805
BASELINE,165220,3234,596,0.252174,-0.05946035,lower,-0.27079476,0.0065236568,5.7294497e-18,0.9997135744596021,-0.023932593699921723,0.27087332549216225,0.0024077628932636643
BASELINE,165220,3234,597,0.2548495,-0.0595224,lower,-0.28065654,0.0062926725,0.0,0.9997482195109414,-0.02243875185259992,0.28072707587581847,0.0024953517855628308
BASELINE,165220,3234,598,0.257525,-0.05958045,lower,-0.29140999,0.0059979959,0.0,0.9997804387935068,-0.020954097591233463,0.29147169026245184,0.002590859468999572
BASELINE,165220,3234,599,0.2602005,-0.05963455,lower,-0.30223526,0.0058963642,0.0,0.999810091243076,-0.019487982155981038,0.30229277111778957,0.002687046854380352
BASELINE,165220,3234,600,0.262876,-0.05968475,lower,-0.31215998,0.00558599,5.5577827e-18,0.9998371202549403,-0.018048073589950923,0.3122099518206325,0.0027751995717389556
BASELINE,165220,3234,601,0.265552,-0.05973115,lower,-0.32084806,0.0051581496,0.0,0.9998615807113506,-0.016637891014171527,0.3208894691706498,0.0028523508370724426
BASELINE,165220,3234,602,0.2682275,-0.059773799999999995,lower,-0.32825631,0.0051074428,-5.4610691e-18,0.9998838892611467,-0.015238372485377164,0.3282960250331468,0.0029181868891835273
BASELINE,165220,3234,603,0.270903,-0.0598127,lower,-0.33449954,0.004596459,0.0,0.9999041319127673,-0.01384655133147761,0.3345311172744065,0.0029736099313280575
BASELINE,165220,3234,604,0.2735785,-0.059847899999999996,lower,-0.3397402,0.0042162434,-5.3725694e-18,0.9999220883736294,-0.012482675294964926,0.33976636028580126,0.003020145424762678
BASELINE,165220,3234,605,0.276254,-0.0598795,lower,-0.34450484,0.0037497228,0.0,0.9999380926597041,-0.011127032312041617,0.3445252359083933,0.0030624465414079405
BASELINE,165220,3234,606,0.27893,-0.05990745,lower,-0.34858555,0.0034377351,0.0,0.999952156697654,-0.009781836009179055,0.34860249987712916,0.003098688887796704
BASELINE,165220,3234,607,0.2816055,-0.05993185,lower,-0.35231929,0.0029112589,-2.6168537e-18,0.9999641678255884,-0.008465403999719177,0.3523313106164884,0.003131833872146564
BASELINE,165220,3234,608,0.284281,-0.05995275,lower,-0.35583382,0.002581523,0.0,0.9999743857901113,-0.007157357311859346,0.35584318248036884,0.0031630505109366117
BASELINE,165220,3234,609,0.2869565,-0.05997015,lower,-0.35897161,0.0020923097,0.0,0.9999827833685497,-0.005867961016216289,0.35897770730984296,0.003190912953865271
BASELINE,165220,3234,610,0.289632,-0.05998415,lower,-0.36197725,0.0016043765,0.0,0.9999894327147064,-0.004597222957351591,0.36198080055960746,0.0032176071160853995
BASELINE,165220,3234,611,0.2923075,-0.059994750000000006,lower,-0.36466005,0.0012455592,0.0,0.999994436181954,-0.0033358065195006,0.364662176042333,0.0032414415648207373
BASELINE,165220,3234,612,0.294983,-0.060002,lower,-0.36720442,0.00069551805,0.0,0.9999978294626393,-0.002083523460432198,0.36720507209726166,0.0032640450853089926
BASELINE,165220,3234,613,0.297659,-0.0600059,lower,-0.36945386,0.00023419556,0.0,0.9999996385555981,-0.0008502286004721972,0.3694539255827338,0.003284034894068745
BASELINE,165220,3234,614,0.3003345,-0.06000655,lower,-0.37154435,-7.1396387e-05,0.0,0.9999999369612979,0.00035507379559439215,0.37154435192931257,0.0033026164615938894
BASELINE,165220,3234,615,0.30301,-0.060004,lower,-0.3735942,-0.00057526318,0.0,0.9999987824907758,0.0015604540896645926,0.37359464281739724,0.0033208412694879755
BASELINE,165220,3234,616,0.3056855,-0.0599982,lower,-0.37534841,-0.00099822924,0.0,0.9999962008917517,0.0027564836410305035,0.3753497356133297,0.003336442094340708
BASELINE,165220,3234,617,0.308361,-0.05998925,lower,-0.37708765,-0.0015348072,0.0,0.9999922639707071,0.003933446165857231,0.37709076992038976,0.003351917954847909
BASELINE,165220,3234,618,0.311037,-0.05997715,lower,-0.37865777,-0.001886702,0.0,0.9999869882484416,0.005101307068893459,0.37866246764542055,0.0033658886012926273
BASELINE,165220,3234,619,0.3137125,-0.05996195,lower,-0.379954,-0.0023708767,0.0,0.9999804620218943,0.006251045870796069,0.3799613969260725,0.0033774346393428667
BASELINE,165220,3234,620,0.316388,-0.0599437,lower,-0.38133156,-0.002822359,0.0,0.9999727556440811,0.007381596682477875,0.3813420043830874,0.0033897067056274438
BASELINE,165220,3234,621,0.3190635,-0.05992245,lower,-0.38250563,-0.0032927128,2.332083e-18,0.9999638507454391,0.008502776155655851,0.38251979990649343,0.0034001759991688306
BASELINE,165220,3234,622,0.321739,-0.059898200000000006,lower,-0.38358345,-0.0036441896,0.0,0.999953697628112,0.009623024465634622,0.3836007573021262,0.003409784509352233
BASELINE,165220,3234,623,0.324415,-0.059870950000000006,lower,-0.38450994,-0.0041199127,0.0,0.9999424818037066,0.010725347744658267,0.3845320111781794,0.0034180623215838172
BASELINE,165220,3234,624,0.3270905,-0.0598408,lower,-0.38545296,-0.0045860283,4.5549805e-18,0.9999302588948963,0.011810052768111347,0.38548023932082315,0.0034264910161850948
BASELINE,165220,3234,625,0.329766,-0.05980775,lower,-0.38631508,-0.0049754354,0.0,0.999916872613125,0.012893714111438108,0.38634711847851666,0.003434196608697926
BASELINE,165220,3234,626,0.3324415,-0.0597718,lower,-0.38712418,-0.0053728268,-4.4843136e-18,0.999902442886955,0.01396798871347252,0.38716146086671105,0.0034414352077040983
BASELINE,165220,3234,627,0.335117,-0.05973300000000001,lower,-0.38776808,-0.0059124784,0.0,0.9998872806619539,0.015014192300726582,0.38781314212637846,0.003447227930012253
BASELINE,165220,3234,628,0.3377925,-0.05969145,lower,-0.38851962,-0.0061683763,2.2055324e-18,0.9998711743028643,0.01605100614326593,0.3885685773349879,0.003453942909644337
BASELINE,165220,3234,629,0.340468,-0.05964710000000001,lower,-0.38914125,-0.0067054276,4.3756163e-18,0.9998540207058676,0.01708617213744769,0.389199013525236,0.003459546786890987
BASELINE,165220,3234,630,0.343144,-0.0596,lower,-0.38970902,-0.0069817875,-4.3420948e-18,0.9998361072576624,0.018104105165519607,0.38977154853514184,0.0034646359869790386
BASELINE,165220,3234,631,0.3458195,-0.0595502,lower,-0.39027706,-0.0074212517,0.0,0.9998171240266582,0.019123768014227178,0.3903476099986655,0.0034697565333214712
BASELINE,165220,3234,632,0.348495,-0.05949765,lower,-0.39065402,-0.0078595546,0.0,0.9997973238654778,0.02013234192608897,0.39073307499388477,0.003473182888834531
BASELINE,165220,3234,633,0.3511705,-0.05944245,lower,-0.39107188,-0.0082497253,0.0,0.9997770991300132,0.02111284100199843,0.39115888487628964,0.003476967865567019
BASELINE,165220,3234,634,0.353846,-0.05938465,lower,-0.39156267,-0.0086359669,8.4373039e-18,0.9997561655686759,0.022081879616970224,0.39165789192049477,0.0034814034837377314
BASELINE,165220,3234,635,0.356522,-0.05932425,lower,-0.39206249,-0.0090610083,-4.1851166e-18,0.9997342482606979,0.023052827475542492,0.39216718057246175,0.003485930493977438
BASELINE,165220,3234,636,0.3591975,-0.05926125,lower,-0.39243436,-0.0094211737,4.1535048e-18,0.9997113351131779,0.02402595359662761,0.39254743066202746,0.0034893104947735774
BASELINE,165220,3234,637,0.361873,-0.05919565,lower,-0.39277351,-0.0097787884,-8.2464397e-18,0.9996877630884224,0.024987523512068503,0.39289521931735266,0.0034924019494875793
BASELINE,165220,3234,638,0.3645485,-0.0591275,lower,-0.39303861,-0.010264778,4.0920766e-18,0.9996639939055367,0.02592102021199781,0.3931726201496903,0.0034948677346639135
BASELINE,165220,3234,639,0.367224,-0.059056899999999996,lower,-0.39347323,-0.010498751,4.0589392e-18,0.9996396049536748,0.026845115161995853,0.3936132643766985,0.00349878457223732
BASELINE,165220,3234,640,0.3698995,-0.0589838,lower,-0.39373812,-0.010982757,0.0,0.9996143630379565,0.02776914129426007,0.39389126175849604,0.0035012556600755203
BASELINE,165220,3234,641,0.372575,-0.05890825,lower,-0.39401367,-0.011230805,0.0,0.9995888807428499,0.02867175431075924,0.39417369027435467,0.0035037661357720414
BASELINE,165220,3234,642,0.375251,-0.0588303,lower,-0.39438417,-0.011657647,-3.9725628e-18,0.9995622319659216,0.02958622022673975,0.3945564269286951,0.0035071682393661785
BASELINE,165220,3234,643,0.3779265,-0.058749850000000006,lower,-0.39446718,-0.012071346,3.9432624e-18,0.9995349459354425,0.03049412818612686,0.3946518366069095,0.003508016325394751
BASELINE,165220,3234,644,0.380602,-0.05866705,lower,-0.39471379,-0.012295214,0.0,0.9995078025167766,0.031371208266249256,0.3949052285850405,0.0035102686985336935
BASELINE,165220,3234,645,0.3832775,-0.0585819,lower,-0.39497287,-0.012803843,0.0,0.9994798910295333,0.03224821588231088,0.3951803421604092,0.0035127141525369706
BASELINE,165220,3234,646,0.385953,-0.0584944,lower,-0.39518449,-0.013005341,7.7196934e-18,0.9994516232085592,0.03311272966362245,0.3953984223380628,0.003514652643005003
BASELINE,165220,3234,647,0.388629,-0.0584046,lower,-0.39548508,-0.013493893,-7.6642622e-18,0.9994228240588215,0.03397085148020145,0.3957152145617217,0.0035174685738819707
BASELINE,165220,3234,648,0.3913045,-0.0583125,lower,-0.39562932,-0.013702423,0.0,0.9993935016277897,0.034822821599421835,0.39586652849303017,0.0035188135866047127
BASELINE,165220,3234,649,0.39398,-0.058218149999999996,lower,-0.39587192,-0.014111407,7.5633984e-18,0.9993635678879306,0.035671545779592334,0.39612335009866034,0.003521096445321425
BASELINE,165220,3234,650,0.3966555,-0.0581215,lower,-0.39601557,-0.014523661,7.5053543e-18,0.9993332560064465,0.036510867417167206,0.39628180045853173,0.0035225048929647266
BASELINE,165220,3234,651,0.399331,-0.058022649999999995,lower,-0.39616556,-0.014709736,1.4900287e-17,0.999302937995846,0.037331462774317446,0.3964385440026737,0.0035238981689126553
BASELINE,165220,3234,652,0.4020065,-0.0579216,lower,-0.39641466,-0.015128705,-1.4815303e-17,0.9992715920629128,0.03816130626762259,0.3967032395602158,0.0035262510183130293
BASELINE,165220,3234,653,0.404682,-0.0578183,lower,-0.3964247,-0.015511389,0.0,0.999240064662501,0.03897811146375603,0.39672804751121227,0.003526471533432998
BASELINE,165220,3234,654,0.407358,-0.05771285,lower,-0.39662886,-0.015767741,0.0,0.9992088432801552,0.03977043513382744,0.39694215433277413,0.0035283747051802145
BASELINE,165220,3234,655,0.4100335,-0.0576053,lower,-0.3967922,-0.016031384,7.2475393e-18,0.9991768420525978,0.04056646775106264,0.3971159139691437,0.0035299192352812774
BASELINE,165220,3234,656,0.412709,-0.057495599999999994,lower,-0.39689162,-0.016469113,1.439132e-17,0.9991443623484307,0.04135871356011533,0.3972331659134919,0.0035309614747865946
BASELINE,165220,3234,657,0.4153845,-0.0573838,lower,-0.39703425,-0.016669273,0.0,0.9991116497844289,0.042141562204511526,0.39738401374345683,0.003532302344386283
BASELINE,165220,3234,658,0.41806,-0.0572699,lower,-0.39715967,-0.017105389,0.0,0.9990784980477578,0.042920330131960054,0.39752785553165876,0.003533580938059189
BASELINE,165220,3234,659,0.420736,-0.057153899999999994,lower,-0.39727742,-0.017351259,-1.4083885e-17,0.9990453845986709,0.04368431654603134,0.39765615074689586,0.0035347213399724076
BASELINE,165220,3234,660,0.4234115,-0.0570359,lower,-0.39740115,-0.017600112,-7.0031369e-18,0.999011919278719,0.0444430550148176,0.39779068833095305,0.0035359172296084715
BASELINE,165220,3234,661,0.426087,-0.056915850000000004,lower,-0.39755693,-0.017966209,-6.9602689e-18,0.9989776428336992,0.045206958738960384,0.39796268249256045,0.0035374460666005372
BASELINE,165220,3234,662,0.4287625,-0.056793750000000004,lower,-0.39753957,-0.018310475,6.9116481e-18,0.9989436418132341,0.045952154257583325,0.39796103159239676,0.0035374313919324155
BASELINE,165220,3234,663,0.431438,-0.0566697,lower,-0.39771598,-0.01852835,0.0,0.998909726073341,0.046683606930943713,0.3981473308452694,0.0035390873852912835
BASELINE,165220,3234,664,0.434114,-0.05654365,lower,-0.39784137,-0.01890771,-6.816559e-18,0.9988750737835127,0.04741926796126444,0.3982904175799077,0.0035403592673769572
BASELINE,165220,3234,665,0.4367895,-0.05641565,lower,-0.39789709,-0.019131248,6.7733329e-18,0.9988401146650686,0.04815002944830153,0.3983567451550799,0.0035409488458229325
BASELINE,165220,3234,666,0.439465,-0.056285699999999994,lower,-0.39798768,-0.019490313,1.5119324e-23,0.9988048397557988,0.048876293644188044,0.39846463520858727,0.0035419078685207757
BASELINE,165220,3234,667,0.4421405,-0.056153800000000004,lower,-0.39800061,-0.019762229,0.0,0.9987699638633304,0.04958386112881448,0.3984909424856153,0.003542141710983247
BASELINE,165220,3234,668,0.444816,-0.05602005,lower,-0.39817561,-0.019962335,6.6342156e-18,0.9987350579190818,0.05028204533795625,0.3986756879488372,0.0035437838928785528
BASELINE,165220,3234,669,0.4474915,-0.0558844,lower,-0.39821728,-0.02031117,0.0,0.9986991912556062,0.050989463474310055,0.39873493114084285,0.0035443104990297144
BASELINE,165220,3234,670,0.450167,-0.05574685,lower,-0.39823531,-0.020595827,-6.5529829e-18,0.9986630755227627,0.0516919876520236,0.39876753870132803,0.003544600344011805
BASELINE,165220,3234,671,0.452843,-0.0556074,lower,-0.39832972,-0.020910881,6.5065573e-18,0.9986271953202533,0.05238057623589581,0.39887821509268206,0.0035455841341571737
BASELINE,165220,3234,672,0.4555185,-0.05546615,lower,-0.3983635,-0.021110486,-1.2931885e-17,0.9985915690614208,0.0530554257305482,0.39892245834390805,0.003545977407501405
BASELINE,165220,3234,673,0.458194,-0.0553231,lower,-0.3984841,-0.021418968,0.0,0.9985552513259838,0.05373462616694439,0.3990593308632702,0.0035471940521179576
BASELINE,165220,3234,674,0.4608695,-0.0551782,lower,-0.39851299,-0.021700714,0.0,0.9985184743358233,0.05441375203071002,0.3991034000482926,0.003547585778207045
BASELINE,165220,3234,675,0.463545,-0.0550315,lower,-0.39857336,-0.021968251,0.0,0.9984820344743245,0.055078369910644784,0.3991783148349352,0.003548251687421646
BASELINE,165220,3234,676,0.466221,-0.054883,lower,-0.39863578,-0.022265991,0.0,0.9984453912195608,0.05573868272948588,0.39925713432422133,0.0035489523051041895
BASELINE,165220,3234,677,0.4688965,-0.05473275,lower,-0.39865906,-0.022452029,1.3700338e-23,0.9984085426066023,0.05639487609845689,0.399290790485132,0.003549251470978951
BASELINE,165220,3234,678,0.471572,-0.054580750000000004,lower,-0.39872596,-0.022805009,0.0,0.9983715621336386,0.057045805479789546,0.39937758965581355,0.003550023019162787
BASELINE,165220,3234,679,0.4742475,-0.054427,lower,-0.39875723,-0.023029112,6.1745337e-18,0.9983346973614677,0.05768736468401582,0.39942166731504025,0.0035504148205781354
BASELINE,165220,3234,680,0.476923,-0.05427155,lower,-0.39883007,-0.023274433,0.0,0.9982979662335447,0.058319556016558145,0.3995086023528794,0.003551187576470039
BASELINE,165220,3234,681,0.4795985,-0.05411440000000001,lower,-0.39888562,-0.023539557,6.0953809e-18,0.9982608375350117,0.05895167719324758,0.39957958946740846,0.0035518185730436308
BASELINE,165220,3234,682,0.482274,-0.05395555,lower,-0.39889415,-0.023785009,0.0,0.9982236424982213,0.05957818021376112,0.39960263893681974,0.0035520234572161756
BASELINE,165220,3234,683,0.48495,-0.053794999999999996,lower,-0.39901891,-0.024045497,0.0,0.9981862865800945,0.060200807996584435,0.39974276239621637,0.003553268999077479
BASELINE,165220,3234,684,0.4876255,-0.0536328,lower,-0.3989782,-0.02429075,0.0,0.9981487663469377,0.06081973561342063,0.3997169551221735,0.0035530396010859866
BASELINE,165220,3234,685,0.490301,-0.05346895,lower,-0.39902326,-0.024537899,0.0,0.9981112101341758,0.06143298954544762,0.3997770254030181,0.003553573559137939
BASELINE,165220,3234,686,0.4929765,-0.05330345,lower,-0.39901373,-0.02478124,0.0,0.9980738575141266,0.062036883761764375,0.39978252360755256,0.003553622432067134
BASELINE,165220,3234,687,0.495652,-0.05313635,lower,-0.39911796,-0.02500147,0.0,0.9980365082423612,0.06263488018185463,0.39990025925303463,0.0035546689711380857
BASELINE,165220,3234,688,0.498328,-0.052967600000000004,lower,-0.39916601,-0.025293571,0.0,0.9979984377633075,0.06323858175194533,0.39996658394569495,0.003555258523961733
BASELINE,165220,3234,689,0.5010035,-0.05279725,lower,-0.39908722,-0.025465312,-5.7978318e-18,0.9979602191092242,0.06383886806224845,0.3998988462078232,0.003554656410736206
BASELINE,165220,3234,690,0.503679,-0.0526253,lower,-0.39913012,-0.025796593,5.7601169e-18,0.9979220223069213,0.06443320102916224,0.39996289357664067,0.0035552257206812503
BASELINE,165220,3234,691,0.5063545,-0.05245174999999999,lower,-0.3990948,-0.025963457,-5.7227611e-18,0.9978846844586581,0.06500889572085196,0.3999384442357571,0.0035550083932067295
BASELINE,165220,3234,692,0.5090300000000001,-0.0522767,lower,-0.39919319,-0.026228186,-5.6852968e-18,0.9978476274858825,0.06557524167546365,0.40005389718568013,0.00355603464165049
BASELINE,165220,3234,693,0.5117055,-0.052100099999999996,lower,-0.39925551,-0.026452721,0.0,0.9978096365168542,0.06615080705557141,0.4001308641534171,0.0035567187924748184
BASELINE,165220,3234,694,0.514381,-0.05192195,lower,-0.39924383,-0.026627616,1.1233977e-17,0.9977717315505037,0.06672009981039909,0.40013080476718793,0.003556718264597226
BASELINE,165220,3234,695,0.517057,-0.05174225,lower,-0.39936712,-0.026958949,4.4540489e-23,0.9977330897758055,0.06729547953930011,0.4002760059932955,0.0035580089421626267
BASELINE,165220,3234,696,0.5197325,-0.05156100000000001,lower,-0.39920031,-0.027120722,-2.2182024e-17,0.9976949522672828,0.06785854566953332,0.4001205069829622,0.0035566267287374417
BASELINE,165220,3234,697,0.522408,-0.0513783,lower,-0.39928681,-0.027366626,0.0,0.9976575653822625,0.06840601022963234,0.4002235484519565,0.00355754265290628
BASELINE,165220,3234,698,0.5250835,-0.0511941,lower,-0.39939446,-0.027595958,-1.0948565e-17,0.9976192396511091,0.0689626904778442,0.4003466890160589,0.0035586372356983015
BASELINE,165220,3234,699,0.5277590000000001,-0.051008399999999995,lower,-0.39926058,-0.027794917,0.0,0.997581703017775,0.06950356684484252,0.4002268952159209,0.003557572401919297
BASELINE,165220,3234,700,0.530435,-0.050821250000000005,lower,-0.39950653,-0.028030776,2.1620176e-17,0.9975434258127535,0.07005079312724126,0.40048869066153764,0.003559899472547001
BASELINE,165220,3234,701,0.5331105,-0.0506326,lower,-0.3993363,-0.028231315,1.0750166e-17,0.9975043868353316,0.07060451999885746,0.40033296951710157,0.0035585152845964583
BASELINE,165220,3234,702,0.535786,-0.0504425,lower,-0.39931577,-0.028450058,0.0,0.9974668309133357,0.0711331232809802,0.4003279771186835,0.003558470907721631
BASELINE,165220,3234,703,0.5384615,-0.050251000000000004,lower,-0.39939575,-0.028692277,-1.0618149e-17,0.9974289977410027,0.07166166663829887,0.4004250390139838,0.0035593336801243002
BASELINE,165220,3234,704,0.541137,-0.05005804999999999,lower,-0.39937881,-0.028871321,0.0,0.9973907020816579,0.07219271016562219,0.4004210106114887,0.0035592978721021218
BASELINE,165220,3234,705,0.5438130000000001,-0.04986365,lower,-0.39944567,-0.029101652,0.0,0.9973529927626529,0.0727118135338384,0.40050436831433367,0.0035600388294607438
BASELINE,165220,3234,706,0.5464885,-0.0496679,lower,-0.39940263,-0.029323469,0.0,0.9973151970094395,0.07322839486171162,0.40047762319118546,0.0035598010950327595
BASELINE,165220,3234,707,0.549164,-0.04947075,lower,-0.3994991,-0.029519343,-2.0704669e-17,0.9972762655082712,0.07375669633244235,0.4005882197394996,0.0035607841754622185
BASELINE,165220,3234,708,0.5518395,-0.04927215,lower,-0.39940368,-0.029719165,0.0,0.9972377474855786,0.07427566889560497,0.40050783704004467,0.003560069662578175
BASELINE,165220,3234,709,0.554515,-0.049072199999999996,lower,-0.39941208,-0.029936342,2.0460735e-17,0.9972003521904824,0.07477604958258836,0.40053238823884646,0.003560287895456413
BASELINE,165220,3234,710,0.5571905,-0.0488709,lower,-0.39952287,-0.030148572,0.0,0.9971620092204215,0.075285638520847,0.400658782272221,0.003561411397975298
BASELINE,165220,3234,711,0.559866,-0.048668199999999995,lower,-0.39943441,-0.030323133,0.0,0.9971239440172495,0.07578812748369779,0.40058374774491223,0.00356074442439922
BASELINE,165220,3234,712,0.5625420000000001,-0.048464150000000004,lower,-0.39954464,-0.03055829,-1.0041854e-17,0.9970858021618481,0.07628828958145484,0.4007115275505009,0.003561880244893341
BASELINE,165220,3234,713,0.5652175,-0.04825875,lower,-0.39944479,-0.030738806,0.0,0.9970468630129066,0.07679552692782383,0.40062577762025137,0.003561118023291123
BASELINE,165220,3234,714,0.567893,-0.048052,lower,-0.39945212,-0.030933867,0.0,0.9970089361290928,0.0772863589434414,0.40064809914418137,0.0035613164368371677
BASELINE,165220,3234,715,0.5705685,-0.047843949999999996,lower,-0.39946876,-0.031144573,1.9731099e-17,0.9969714928522765,0.0777678753721807,0.4006810132766315,0.0035616090069033914
BASELINE,165220,3234,716,0.573244,-0.0476346,lower,-0.39944781,-0.031330495,1.9606704e-17,0.9969343901676314,0.0782420711707756,0.4006746216857515,0.003561552192762236
BASELINE,165220,3234,717,0.57592,-0.04742395,lower,-0.3996416,-0.031537613,-9.7421125e-18,0.9968957635628627,0.07873269073527842,0.40088405911434205,0.0035634138587941518
BASELINE,165220,3234,718,0.5785955,-0.047211949999999996,lower,-0.39949832,-0.031777638,9.6755408e-18,0.9968563138947718,0.0792306092878779,0.4007601843028236,0.0035623127493584323
BASELINE,165220,3234,719,0.5812710000000001,-0.04699865,lower,-0.39950501,-0.031916067,0.0,0.9968186834996969,0.07970264880122208,0.4007778531989505,0.0035624698062128933
BASELINE,165220,3234,720,0.5839465,-0.0467841,lower,-0.39954983,-0.03211808,0.0,0.9967815767530533,0.08016538059347576,0.4008386676459461,0.0035630103790750766
BASELINE,165220,3234,721,0.586622,-0.0465683,lower,-0.39958255,-0.032263382,-9.4980165e-18,0.9967435094597831,0.08063731363205895,0.40088294565905414,0.0035634039614138146
BASELINE,165220,3234,722,0.5892975,-0.046351199999999995,lower,-0.39958082,-0.032541179,9.4408262e-18,0.9967044687236709,0.08111844442705242,0.40090367873057103,0.0035635882553828537
BASELINE,165220,3234,723,0.591973,-0.0461328,lower,-0.39946616,-0.032655831,-1.8755017e-17,0.996667333185853,0.08157344519020861,0.40079872102541253,0.003562655298003667
BASELINE,165220,3234,724,0.594649,-0.0459132,lower,-0.39966139,-0.032843644,0.0,0.9966301344283436,0.08202667340165572,0.4010086397012269,0.0035645212417886834
BASELINE,165220,3234,725,0.5973245,-0.04569235,lower,-0.39955519,-0.033059201,0.0,0.9965913332788201,0.08249675407883428,0.40092051629551206,0.003563737922626774
BASELINE,165220,3234,726,0.6000000000000001,-0.045470250000000004,lower,-0.39955128,-0.033234223,0.0,0.9965529470995952,0.08295916843309944,0.40093108910501574,0.0035638319031556956
BASELINE,165220,3234,727,0.6026755,-0.0452469,lower,-0.39953777,-0.033451582,0.0,0.9965151233799145,0.08341228251950561,0.40093570297499437,0.003563872915333283
BASELINE,165220,3234,728,0.605351,-0.04502235,lower,-0.3995196,-0.033569965,0.0,0.9964785292815797,0.0838483194871544,0.4009274885776576,0.0035637998984680676
BASELINE,165220,3234,729,0.608027,-0.04479659999999999,lower,-0.3997119,-0.033791243,0.0,0.9964403106021269,0.08430128947493529,0.4011376951452272,0.003565668401290908
BASELINE,165220,3234,730,0.6107025,-0.044569599999999994,lower,-0.39956322,-0.033975682,1.7992746e-17,0.9964012201547748,0.08476206978404839,0.40100512906561536,0.0035644900361388033
BASELINE,165220,3234,731,0.613378,-0.0443414,lower,-0.39957564,-0.034142866,8.9401675e-18,0.9963633789472311,0.08520573392006019,0.4010317027710667,0.003564726246853926
BASELINE,165220,3234,732,0.6160535,-0.044112000000000005,lower,-0.39958567,-0.034335652,-1.777236e-17,0.996325343095112,0.08564934737875995,0.4010581559442644,0.0035649613861712393
BASELINE,165220,3234,733,0.6187290000000001,-0.0438814,lower,-0.3996018,-0.034507795,1.7661636e-17,0.996287112665946,0.08609290990408196,0.40108900002403836,0.0035652355557692296
BASELINE,165220,3234,734,0.6214045,-0.0436496,lower,-0.39953032,-0.034700376,0.0,0.9962494902306119,0.08652718194443783,0.40103440337936563,0.003564750252261028
BASELINE,165220,3234,735,0.62408,-0.04341665,lower,-0.39959212,-0.034839616,0.0,0.9962123852190231,0.08695334114468986,0.4011080399953241,0.003565404799958436
BASELINE,165220,3234,736,0.626756,-0.0431825,lower,-0.39969253,-0.035056804,8.6632349e-18,0.9961743970165855,0.0873874746668087,0.4012269906362328,0.003566462138988736
BASELINE,165220,3234,737,0.6294315,-0.042947200000000005,lower,-0.39959135,-0.035195104,0.0,0.99613631894389,0.08782046504611858,0.4011383068714461,0.0035656738388572984
BASELINE,165220,3234,738,0.632107,-0.04271075,lower,-0.39963255,-0.035398851,2.1708756e-23,0.9960979551571953,0.08825453943936308,0.4011972751609433,0.003566198001430607
BASELINE,165220,3234,739,0.6347825,-0.0424731,lower,-0.39961742,-0.03556289,0.0,0.9960602273528679,0.08867932952922665,0.40119671146068814,0.0035661929907616725
BASELINE,165220,3234,740,0.6374580000000001,-0.042234350000000004,lower,-0.39958153,-0.035679818,0.0,0.9960238858883983,0.08908658002064655,0.40117134120121073,0.0035659674773440954
BASELINE,165220,3234,741,0.640134,-0.041994449999999996,lower,-0.39978868,-0.035904734,0.0,0.9959858125132239,0.08951123545328356,0.4013977303823508,0.003567979825620896
BASELINE,165220,3234,742,0.6428095,-0.041753399999999996,lower,-0.39964657,-0.036077832,1.2667592e-23,0.9959468082635999,0.0899441777412414,0.40127171675892204,0.0035668597045237513
BASELINE,165220,3234,743,0.645485,-0.0415112,lower,-0.39963594,-0.036270156,-8.2988976e-18,0.995908371628628,0.09036877403182247,0.4012784677813391,0.003566919713611903
BASELINE,165220,3234,744,0.6481605,-0.041267849999999995,lower,-0.39964801,-0.036421821,0.0,0.9958705983141638,0.09078409229259074,0.4013042247928931,0.0035671486648257166
BASELINE,165220,3234,745,0.650836,-0.041023399999999995,lower,-0.39967564,-0.036567021,1.6377805e-17,0.9958334997347617,0.09119013546440499,0.40134494293845047,0.0035675106038973374
BASELINE,165220,3234,746,0.6535115,-0.04077785,lower,-0.39974542,-0.036727655,8.1455953e-18,0.9957953896493181,0.09160535984953465,0.4014290963221349,0.0035682586339745325
BASELINE,165220,3234,747,0.6561870000000001,-0.04053115,lower,-0.39963639,-0.036930834,-8.0940769e-18,0.9957578971413148,0.0920120116110211,0.40133917165435906,0.0035674593035943027
BASELINE,165220,3234,748,0.658863,-0.04028335,lower,-0.39978433,-0.037052474,-8.0419969e-18,0.9957203099731952,0.09241787871880651,0.40149768803838987,0.003568868338119021
BASELINE,165220,3234,749,0.6615385,-0.04003445,lower,-0.39973312,-0.037285865,7.9936973e-18,0.9956808985756822,0.0928415220228634,0.4014683085686,0.0035686071872764445
BASELINE,165220,3234,750,0.664214,-0.0397844,lower,-0.39967193,-0.037397278,0.0,0.995642975642144,0.0932473326935264,0.401417746089337,0.0035681577430163288
BASELINE,165220,3234,751,0.6668895,-0.0395333,lower,-0.39970192,-0.037586667,0.0,0.9956057576075096,0.0936438755006276,0.4014652940438077,0.003568580391500513
BASELINE,165220,3234,752,0.669565,-0.0392811,lower,-0.39972258,-0.037727661,0.0,0.9955683361896386,0.09404088460129968,0.4014990865224077,0.0035688807690880684
BASELINE,165220,3234,753,0.6722410000000001,-0.0390278,lower,-0.39983022,-0.037912639,-1.5576853e-17,0.995530811265286,0.09443730100697276,0.4016236705861895,0.0035699881829883507
BASELINE,165220,3234,754,0.6749165,-0.03877345,lower,-0.39978605,-0.038074114,0.0,0.9954922947472992,0.09484245409496952,0.40159497473171013,0.003569733108726312
BASELINE,165220,3234,755,0.677592,-0.038518000000000004,lower,-0.39981649,-0.038227334,0.0,0.9954535710292673,0.09524803370715455,0.40163983112425405,0.0035701318322155914
BASELINE,165220,3234,756,0.6802675,-0.03826145,lower,-0.39981615,-0.038405907,1.5278039e-17,0.9954146851098338,0.09565356589113873,0.4016565290099095,0.0035702802578658622
BASELINE,165220,3234,757,0.682943,-0.0380038,lower,-0.39973563,-0.038533383,1.5187482e-17,0.9953773842399373,0.09604094410021323,0.40158858825959853,0.0035696763400853205
BASELINE,165220,3234,758,0.6856190000000001,-0.0377451,lower,-0.39990659,-0.038716885,0.0,0.9953399702969705,0.09642791882658225,0.4017764020561609,0.0035713457960547634
BASELINE,165220,3234,759,0.6882945,-0.03748535,lower,-0.39979528,-0.038882388,0.0,0.995300640704129,0.09683302439741472,0.4016815975603204,0.0035705030894250703
BASELINE,165220,3234,760,0.6909700000000001,-0.0372245,lower,-0.39984513,-0.039033917,0.0,0.9952620212477756,0.09722915746725427,0.40174590713243635,0.003571074730066101
BASELINE,165220,3234,761,0.6936455,-0.0369626,lower,-0.39981971,-0.039201846,0.0,0.9952241506296203,0.09761603353727676,0.40173696000359027,0.0035709952000319133
BASELINE,165220,3234,762,0.696321,-0.03669965,lower,-0.39982642,-0.039373509,0.0,0.9951861325306879,0.09800286535919356,0.40176042530463646,0.0035712037804856572
BASELINE,165220,3234,763,0.6989965,-0.03643565,lower,-0.39989092,-0.03949921,-7.30226e-18,0.99514796700234,0.09838965276445238,0.40183694961706556,0.003571883996596138
BASELINE,165220,3234,764,0.701672,-0.036170600000000004,lower,-0.39986367,-0.039686479,7.2549871e-18,0.9951105611896554,0.09876725676462379,0.401828285714532,0.0035718069841291734
BASELINE,165220,3234,765,0.704348,-0.035904500000000006,lower,-0.40005007,-0.039808228,7.2058517e-18,0.9950721080382287,0.09915391976294215,0.40202580832075785,0.0035735627406289585
BASELINE,165220,3234,766,0.7070235,-0.03563735,lower,-0.39989692,-0.039994657,-1.4334117e-17,0.9950325863572592,0.09954974679617867,0.40189192456145195,0.003572372662768462
BASELINE,165220,3234,767,0.7096990000000001,-0.03536915,lower,-0.39995036,-0.040142259,0.0,0.9949938316286454,0.09993635485120872,0.4019598121976093,0.003572976108423194
BASELINE,165220,3234,768,0.7123745,-0.035099899999999996,lower,-0.39993833,-0.040327856,7.0697328e-18,0.9949549297302545,0.10032291764828447,0.4019664211980052,0.0035730348550933795
BASELINE,165220,3234,769,0.71505,-0.0348296,lower,-0.39988057,-0.040445634,0.0,0.994917754751674,0.10069091955031442,0.4019207869524751,0.003572629217355334
BASELINE,165220,3234,770,0.717726,-0.0345583,lower,-0.40016958,-0.040610723,0.0,0.9948795040771723,0.10106815703850412,0.40222496422678156,0.0035753330153491694
BASELINE,165220,3234,771,0.7204015,-0.034285949999999996,lower,-0.40002323,-0.040784523,1.3868006e-17,0.9948392183556592,0.10146393261401382,0.4020969555506728,0.003574195160450425
BASELINE,165220,3234,772,0.7230770000000001,-0.03401255,lower,-0.40003405,-0.040927941,0.0,0.9947997353017729,0.10185031489162258,0.4021222907304119,0.0035744203620481055
BASELINE,165220,3234,773,0.7257525,-0.0337381,lower,-0.40001264,-0.04110956,-6.8390581e-18,0.9947610506172753,0.10222745313669335,0.40211951964495996,0.0035743957301774217
BASELINE,165220,3234,774,0.7284280000000001,-0.03346265,lower,-0.40005284,-0.041216878,-6.7935494e-18,0.9947231745936653,0.10259535041267902,0.40217049105133834,0.0035748488093452296
BASELINE,165220,3234,775,0.7311035,-0.0331862,lower,-0.4001776,-0.041417621,0.0,0.9946832614602577,0.10298159724331653,0.40231521309593676,0.003576135227519438
BASELINE,165220,3234,776,0.733779,-0.032908650000000005,lower,-0.40002015,-0.041557741,-6.7024321e-18,0.9946441944922172,0.10335824283978766,0.4021730549635569,0.0035748715996760613
BASELINE,165220,3234,777,0.736455,-0.0326301,lower,-0.4002157,-0.041693648,-6.6559538e-18,0.9946059128748744,0.10372597589002329,0.402381615972572,0.003576725475311751
BASELINE,165220,3234,778,0.7391305,-0.032350550000000006,lower,-0.40014534,-0.041862131,1.3236221e-17,0.9945655290051051,0.10411248011067324,0.40232913203715553,0.0035762589514413824
BASELINE,165220,3234,779,0.741806,-0.03206995,lower,-0.4001524,-0.042012651,0.0,0.9945260053961179,0.10448935156675458,0.4023518425822599,0.0035764608229534216
BASELINE,165220,3234,780,0.7444815,-0.03178835,lower,-0.40020178,-0.042198896,0.0,0.9944863421428621,0.10486617801422056,0.402420441251202,0.0035770705888995735
BASELINE,165220,3234,781,0.7471570000000001,-0.031505700000000005,lower,-0.4001608,-0.042341867,2.0432702e-23,0.9944465959943691,0.10524242355253967,0.4023947061112028,0.0035768418320995805
BASELINE,165220,3234,782,0.749833,-0.031222,lower,-0.40029054,-0.042487417,-6.4284347e-18,0.9944076333102462,0.10560993710023152,0.4025390619548017,0.003578124995153793
BASELINE,165220,3234,783,0.7525085,-0.03093735,lower,-0.40024359,-0.042617411,6.3917042e-18,0.9943674942930912,0.10598719872361473,0.40250611570391426,0.003577832139590349
BASELINE,165220,3234,784,0.755184,-0.030651650000000003,lower,-0.40030583,-0.042825942,6.3473269e-18,0.9943262937071072,0.10637303061719916,0.40259013753282374,0.0035785790002917667
BASELINE,165220,3234,785,0.7578595,-0.0303649,lower,-0.40021716,-0.042947542,0.0,0.9942869190644535,0.1067404448993767,0.4025149267135401,0.003577910459675912
BASELINE,165220,3234,786,0.7605350000000001,-0.030077200000000002,lower,-0.40036126,-0.043077949,0.0,0.9942474117980918,0.10710781546085027,0.4026721315511468,0.0035793078360101937
BASELINE,165220,3234,787,0.7632105,-0.02978845,lower,-0.40035767,-0.04329553,-6.2151038e-18,0.9942057864848541,0.1074935073389672,0.4026919005493932,0.0035794835604390507
BASELINE,165220,3234,788,0.7658860000000001,-0.02949865,lower,-0.40028227,-0.043395628,1.2338134e-17,0.9941660920912129,0.10786000804786766,0.402627712884622,0.0035789130034188624
BASELINE,165220,3234,789,0.768562,-0.02920785,lower,-0.40047615,-0.043572574,-6.1265823e-18,0.9941261846370667,0.10822721015968592,0.40283956516113806,0.0035807961347656715
BASELINE,165220,3234,790,0.7712375,-0.028916050000000002,lower,-0.40034442,-0.043724405,1.2168164e-17,0.9940850493281231,0.10860439540968399,0.402725065073612,0.0035797783562098845
BASELINE,165220,3234,791,0.773913,-0.028623250000000003,lower,-0.40043826,-0.043875642,-1.2077347e-17,0.9940448697421397,0.10897154187829243,0.402834794361109,0.0035807537276543026
BASELINE,165220,3234,792,0.7765885,-0.02832945,lower,-0.40048942,-0.044017952,-5.9973147e-18,0.9940035483344937,0.1093478207301632,0.40290117167462824,0.0035813437482189177
BASELINE,165220,3234,793,0.779264,-0.0280346,lower,-0.40045717,-0.044194158,-5.9577122e-18,0.9939621931901416,0.1097230992482606,0.40288840695634465,0.003581230284056397
BASELINE,165220,3234,794,0.7819400000000001,-0.0277387,lower,-0.40055919,-0.044345571,0.0,0.9939205981305662,0.11009924891559254,0.4030064437713282,0.003582279500189584
BASELINE,165220,3234,795,0.7846155,-0.0274418,lower,-0.40046322,-0.04450096,-1.1736796e-17,0.9938787504736039,0.1104763746555252,0.4029281894337265,0.0035815839060775686
BASELINE,165220,3234,796,0.787291,-0.0271439,lower,-0.40054228,-0.044643262,0.0,0.9938378965257713,0.11084329221576882,0.40302250316016763,0.003582422250312601
BASELINE,165220,3234,797,0.7899665,-0.026845,lower,-0.40056676,-0.044813866,0.0,0.9937958841586649,0.1112193356808849,0.4030657658245839,0.003582806807329635
BASELINE,165220,3234,798,0.792642,-0.02654505,lower,-0.40053236,-0.044954828,5.7407908e-18,0.9937548893160895,0.11158503466131596,0.4030472771198855,0.003582642463287871
BASELINE,165220,3234,799,0.7953180000000001,-0.0262441,lower,-0.40074245,-0.045126964,0.0,0.9937136402544073,0.11195178056794887,0.40327528276539554,0.0035846691801368494
BASELINE,165220,3234,800,0.7979935,-0.025942149999999997,lower,-0.40066101,-0.045273241,-5.6520291e-18,0.9936700515015978,0.1123380111485502,0.4032107522935712,0.003584095575942855
BASELINE,165220,3234,801,0.8006690000000001,-0.02563915,lower,-0.40068111,-0.045433001,0.0,0.9936264481339917,0.11272303033820495,0.40324869371376393,0.003584432833011235
BASELINE,165220,3234,802,0.8033445,-0.025335100000000003,lower,-0.40067864,-0.045592168,-1.1135034e-17,0.9935837427592471,0.11309883343574442,0.40326420378949146,0.003584570700351035
BASELINE,165220,3234,803,0.80602,-0.02503005,lower,-0.40069518,-0.04572287,-1.1059448e-17,0.9935419455635723,0.11346542383365717,0.403295433538587,0.003584848298120773
BASELINE,165220,3234,804,0.8086955,-0.024724000000000003,lower,-0.40079598,-0.045915776,0.0,0.9934989667407474,0.11384113090209179,0.40341749586993236,0.003585933296621621
BASELINE,165220,3234,805,0.811371,-0.0244169,lower,-0.40074518,-0.046043383,0.0,0.9934560072456416,0.11421541781890825,0.40338157067287694,0.003585613961536684
BASELINE,165220,3234,806,0.814047,-0.02410875,lower,-0.40096219,-0.046233309,0.0,0.9934116997433186,0.1146001518894751,0.4036188749344565,0.0035877233327507242
BASELINE,165220,3234,807,0.8167225,-0.023799550000000003,lower,-0.40071419,-0.046383034,-5.3578582e-18,0.9933670802113903,0.11498627723470858,0.40338969732608326,0.0035856861984540733
BASELINE,165220,3234,808,0.8193980000000001,-0.02348935,lower,-0.40084574,-0.046519236,0.0,0.9933246052181838,0.11535262748693413,0.40353605254017555,0.003586987133690449
BASELINE,165220,3234,809,0.8220735,-0.023178149999999998,lower,-0.40093492,-0.046676192,5.2769986e-18,0.9932809319266679,0.11572808764898004,0.40364275741844063,0.00358793562149725
BASELINE,165220,3234,810,0.824749,-0.0228659,lower,-0.40086818,-0.046855502,-5.2366217e-18,0.9932373013734357,0.11610195157883839,0.40359724453408685,0.0035875310625252165
BASELINE,165220,3234,811,0.827425,-0.022552600000000003,lower,-0.40109672,-0.047011527,1.0377722e-17,0.9931933567138012,0.116477277524727,0.40384237238093584,0.0035897099767194297
BASELINE,165220,3234,812,0.8301005,-0.0222383,lower,-0.40101234,-0.047151052,0.0,0.993148006938128,0.11686332322343093,0.40377483485879573,0.0035891096431892953
BASELINE,165220,3234,813,0.8327760000000001,-0.021922950000000004,lower,-0.40109731,-0.047343146,0.0,0.9931026979431109,0.11724773489545157,0.4038816973300489,0.003590059531822657
BASELINE,165220,3234,814,0.8354515,-0.02160655,lower,-0.40108892,-0.047477929,0.0,0.9930572443173772,0.11763209387228031,0.4038891858224224,0.00359012609619931
BASELINE,165220,3234,815,0.8381270000000001,-0.021289100000000002,lower,-0.40110166,-0.047657621,0.0,0.993011646121635,0.11801639999085294,0.40392300052126884,0.0035904266713001677
BASELINE,165220,3234,816,0.8408025,-0.0209706,lower,-0.40118002,-0.047803873,0.0,0.9929659034167698,0.11840065308822433,0.40401809077540435,0.003591271918003594
BASELINE,165220,3234,817,0.843478,-0.020651049999999997,lower,-0.40115459,-0.047979679,-4.9479073e-18,0.9929213251788314,0.1187739112983712,0.40401368124204107,0.003591232722151476
BASELINE,165220,3234,818,0.846154,-0.02033045,lower,-0.40137659,-0.04814255,4.9002366e-18,0.9928753020577072,0.11915802349744031,0.40425347413926915,0.0035933642145712812
BASELINE,165220,3234,819,0.8488295,-0.0200088,lower,-0.40128165,-0.048312171,0.0,0.9928278088589747,0.11955309262535654,0.404179450759309,0.0035927062289716357
BASELINE,165220,3234,820,0.851505,-0.019686099999999998,lower,-0.40133658,-0.048449861,0.0,0.9927814887300404,0.11993713201075219,0.40425046474888254,0.0035933374644345115
BASELINE,165220,3234,821,0.8541805,-0.01936235,lower,-0.40142628,-0.048643693,0.0,0.9927339163484308,0.1203302594176002,0.4043627912673019,0.003594335922376017
BASELINE,165220,3234,822,0.8568560000000001,-0.0190375,lower,-0.4013636,-0.048773022,0.0,0.9926875445490139,0.12071221519485657,0.40431614608272004,0.003593921298513067
BASELINE,165220,3234,823,0.859532,-0.018711600000000002,lower,-0.40163934,-0.048977285,-9.3964076e-18,0.9926407936863666,0.12109605571487435,0.40461454926639173,0.0035965737712568154
BASELINE,165220,3234,824,0.8622075,-0.01838465,lower,-0.40150897,-0.04911905,0.0,0.9925925300535218,0.12149102552019363,0.40450232812856124,0.0035955762500316556
BASELINE,165220,3234,825,0.864883,-0.01805665,lower,-0.40164911,-0.049274516,4.391261e-24,0.9925443607528918,0.12188392813506319,0.4046603306989519,0.003596980717324017
BASELINE,165220,3234,826,0.8675585,-0.01772755,lower,-0.4016572,-0.049488023,0.0,0.992494915115275,0.12228590871528489,0.4046944164825169,0.003597283702066817
BASELINE,165220,3234,827,0.8702340000000001,-0.01739735,lower,-0.40167887,-0.049623076,0.0,0.9924464407384109,0.12267869523947365,0.40473245906877614,0.003597621858389121
BASELINE,165220,3234,828,0.8729095,-0.0170661,lower,-0.40178608,-0.049810591,0.0,0.9923978156788883,0.12307142412343698,0.4048618885329831,0.0035987723425154054
BASELINE,165220,3234,829,0.8755850000000001,-0.01673375,lower,-0.40177116,-0.049958534,-8.9112858e-18,0.9923493173587243,0.12346186592496412,0.40486531018693855,0.0035988027572172315
BASELINE,165220,3234,830,0.878261,-0.0164003,lower,-0.40206873,-0.05015545,0.0,0.9923003965703382,0.12385444265891063,0.4051849355335891,0.003601643871409681
BASELINE,165220,3234,831,0.8809365,-0.0160658,lower,-0.40198064,-0.050312882,-8.7469636e-18,0.9922498939751547,0.12425839169365571,0.40511704521885755,0.0036010404019454004
BASELINE,165220,3234,832,0.883612,-0.0157302,lower,-0.4021114,-0.050501839,0.0,0.9921983699130382,0.12466914109718447,0.40527029649540797,0.0036024026355147374
BASELINE,165220,3234,833,0.8862875,-0.01539345,lower,-0.40213435,-0.050686212,-8.5765865e-18,0.992146681204091,0.1250798264138067,0.4053160833491977,0.0036028096297706464
BASELINE,165220,3234,834,0.888963,-0.0150556,lower,-0.40217139,-0.050836769,-4.2500747e-18,0.9920974414521357,0.1254697838689708,0.40537168546327584,0.0036033038707846744
BASELINE,165220,3234,835,0.8916390000000001,-0.01471665,lower,-0.40246433,-0.051059786,-4.2021128e-18,0.9920465942740764,0.12587118331534905,0.40569032357694645,0.0036061362095728576
BASELINE,165220,3234,836,0.8943145,-0.0143766,lower,-0.40239037,-0.051200379,-4.1584925e-18,0.9919941119110937,0.12628413175740077,0.4056346731373912,0.003605641538999033
BASELINE,165220,3234,837,0.89699,-0.01403545,lower,-0.40258275,-0.051369852,-8.2451329e-18,0.9919429411556696,0.12668544309209231,0.40584692955573287,0.0036075282627176255
BASELINE,165220,3234,838,0.8996655,-0.013693199999999999,lower,-0.40269309,-0.051578454,1.0727857e-23,0.991890444996865,0.12709581080398036,0.40598283366840837,0.0036087362992747412
BASELINE,165220,3234,839,0.902341,-0.013349800000000002,lower,-0.4027769,-0.051750814,0.0,0.9918381193107637,0.1275035100775165,0.40608789343218826,0.0036096701638416735
BASELINE,165220,3234,840,0.9050170000000001,-0.013005250000000001,lower,-0.40304061,-0.051939025,0.0,0.9917853008614693,0.12791370917585346,0.4063734659869675,0.0036122085865508222
BASELINE,165220,3234,841,0.9076925,-0.0126596,lower,-0.40301745,-0.052144941,0.0,0.9917307923940312,0.12833563580512988,0.4063768691943778,0.0036122388372833584
BASELINE,165220,3234,842,0.9103680000000001,-0.012312799999999999,lower,-0.40323168,-0.052311411,0.0,0.9916764532594814,0.12875485253261565,0.40661071027334017,0.0036143174246519127
BASELINE,165220,3234,843,0.9130435,-0.011964849999999999,lower,-0.40336485,-0.052540709,0.0,0.9916219429101836,0.1291740002439836,0.40677232981585987,0.0036157540428076434
BASELINE,165220,3234,844,0.915719,-0.011615750000000001,lower,-0.40353453,-0.052717871,-3.8228003e-18,0.9915672614327977,0.12959307872977527,0.4069635000126403,0.0036174533334456917
BASELINE,165220,3234,845,0.9183945,-0.0112655,lower,-0.4037348,-0.052901926,0.0,0.9915124089142285,0.1300120877807271,0.4071859539573858,0.0036194307018434296
BASELINE,165220,3234,846,0.9210699999999999,-0.0109141,lower,-0.40389713,-0.053117297,0.0,0.9914589612779349,0.13041904807840948,0.40737493628417715,0.003621110544748241
BASELINE,165220,3234,847,0.923746,-0.01056155,lower,-0.40434685,-0.053321111,-3.6853155e-18,0.9914025754329334,0.13084698477590814,0.4078474150574455,0.0036253103560661823
BASELINE,165220,3234,848,0.9264215,-0.0102078,lower,-0.40438833,-0.05355414,-3.6406575e-18,0.9913438121191261,0.13129145506512926,0.40791906960404883,0.003625947285369323
BASELINE,165220,3234,849,0.9290970000000001,-0.009852875,lower,-0.40464017,-0.053709932,0.0,0.9912879042250595,0.13171291104933172,0.4081891975805535,0.0036283484229382534
BASELINE,165220,3234,850,0.9317725,-0.009496810000000001,lower,-0.40496881,-0.053969521,0.0,0.9912309743024529,0.13214066589589366,0.40854919654142735,0.0036315484137015765
BASELINE,165220,3234,851,0.934448,-0.009139535,lower,-0.40520891,-0.054160715,1.4007149e-17,0.9911743987248446,0.13256436667688215,0.40881247860994174,0.003633888698755038
BASELINE,165220,3234,852,0.937124,-0.008781075,lower,-0.40576306,-0.054412261,6.9016579e-18,0.9911163875418552,0.13299739225256704,0.4093951070446951,0.0036390676181750677
BASELINE,165220,3234,853,0.9397995,-0.008421419999999999,lower,-0.40594241,-0.054641105,0.0,0.9910560553502641,0.13344622569999615,0.4096033327843068,0.0036409185136382824
BASELINE,165220,3234,854,0.9424750000000001,-0.008060560000000001,lower,-0.40639047,-0.054862388,1.3405468e-17,0.9909969302794609,0.13388459275318212,0.41007693673967444,0.003645128326574884
BASELINE,165220,3234,855,0.9451505,-0.007698495000000001,lower,-0.4068343,-0.055123464,0.0,0.9909374951615313,0.13432379045794565,0.4105517548154471,0.0036493489316928632
BASELINE,165220,3234,856,0.9478260000000001,-0.00733522,lower,-0.40733843,-0.055357283,0.0,0.9908775016598872,0.13476563621435592,0.411082745311054,0.003654068847209369
BASELINE,165220,3234,857,0.9505015,-0.006970725,lower,-0.40790019,-0.05564128,0.0,0.9908169463665981,0.13521012829211404,0.4116776852852926,0.003659357202535934
BASELINE,165220,3234,858,0.9531769999999999,-0.006605004999999999,lower,-0.40845354,-0.055880086,-6.2611774e-18,0.9907576537041283,0.13564391481629626,0.41225826456285664,0.0036645179072253924
BASELINE,165220,3234,859,0.955853,-0.006238055,lower,-0.40937491,-0.056194613,6.136651e-18,0.9906961009379844,0.13609274626619466,0.41321380636737426,0.0036730116121544377
BASELINE,165220,3234,860,0.9585285,-0.005869864999999999,lower,-0.40995839,-0.056482548,0.0,0.990632376279222,0.13655583131958154,0.4138310753584922,0.0036784984476310417
BASELINE,165220,3234,861,0.961204,-0.005500435,lower,-0.41087695,-0.056778164,0.0,0.9905699178556732,0.1370081670536652,0.414781418788602,0.003686945944787573
BASELINE,165220,3234,862,0.9638795,-0.005129755,lower,-0.41189041,-0.057132752,0.0,0.9905068827635999,0.137463141234064,0.4158339336065878,0.0036963016320585586
BASELINE,165220,3234,863,0.966555,-0.004757819999999999,lower,-0.41297136,-0.057446663,-5.5983495e-18,0.9904450277199498,0.13790811094648425,0.4169477908772547,0.003706202585575597
BASELINE,165220,3234,864,0.969231,-0.0043846200000000005,lower,-0.41453474,-0.057864338,0.0,0.990380840450879,0.13836831598241878,0.4185538552017841,0.0037204787129047475
BASELINE,165220,3234,865,0.9719065,-0.0040101500000000005,lower,-0.41587351,-0.058264995,5.2680173e-18,0.9903144097080985,0.13884296858141704,0.4199352144390664,0.00373275746168059
BASELINE,165220,3234,866,0.974582,-0.003634405,lower,-0.41775365,-0.058703577,1.0186247e-17,0.9902491609078338,0.13930757094045898,0.421858054096071,0.0037498493697428535
BASELINE,165220,3234,867,0.9772575,-0.003257375,lower,-0.41990541,-0.059223499,0.0,0.9901834466901369,0.13977389563448822,0.42406128532597026,0.003769433647341958
BASELINE,165220,3234,868,0.979933,-0.00287906,lower,-0.42262745,-0.059783481,0.0,0.9901171362569273,0.140242848268214,0.4268348861523964,0.00379408787691019
BASELINE,165220,3234,869,0.9826085,-0.0024994450000000003,lower,-0.42580781,-0.06046124,4.4182365e-18,0.9900500971473222,0.14071533370097916,0.43007888721916354,0.0038229234419481202
BASELINE,165220,3234,870,0.985284,-0.002118525,lower,-0.43039157,-0.061276999,-1.0516994e-22,0.9899844268859775,0.14117660756386818,0.4347318306035206,0.003864282938697961
BASELINE,165220,3234,871,0.98796,-0.0017362950000000001,lower,-0.43541186,-0.062201538,-3.7896124e-18,0.989916318190076,0.141653390291246,0.43983236408652254,0.003909621014102423
BASELINE,165220,3234,872,0.9906355,-0.001352745,lower,-0.44633606,-0.063983725,6.8721174e-18,0.9898457043622699,0.14214598677261867,0.45089886142049324,0.004007989879293274
BASELINE,165220,3234,873,0.9933109999999999,-0.000967869,lower,-0.45318449,-0.065188507,0.0,0.989776371375252,0.14262795892544808,0.45784900377455146,0.004069768922440457
BASELINE,165220,3234,874,0.9959865,-0.0005816595,lower,-0.49893494,-0.072367811,0.0,0.9897064598267786,0.1431122754243841,0.504155855250978,0.004481385380008693
BASELINE,165220,3234,875,0.9986619999999999,-0.0001941105,lower,-0.50889029,-0.098037747,-3.6134672e-20,0.9896713401830995,0.14335493859713264,0.5176883305118524,0.004601674048994244
FINE,330750,5072,0,0.19920264999999998,-0.057326960999999996,lower,-0.25222871,0.014650087,1.1392297e-17,0.9983119501200691,-0.05807968876866419,0.2526538078497632,0.0022458116253312285
FINE,330750,5072,1,0.197608,-0.057233102,lower,-0.25291483,0.014995292,-1.1461452e-17,0.9982368602935033,-0.059356303383624055,0.25335897092214316,0.002252079741530161
FINE,330750,5072,2,0.1960135,-0.0571373305,lower,-0.25344886,0.015340875,1.7649492e-22,0.9981645207769515,-0.060560626335256586,0.25391271288189554,0.002257001892283516
FINE,330750,5072,3,0.194419255,-0.0570396345,lower,-0.25404295,0.015691457,-1.1603875e-17,0.9980900062253918,-0.06177652849584016,0.25452709328751866,0.0022624630514446104
FINE,330750,5072,4,0.19282537,-0.056940002,lower,-0.25461951,0.016049607,7.1916031e-22,0.9980132813430869,-0.06300389085449155,0.2551248403567544,0.002267776358726706
FINE,330750,5072,5,0.19123194,-0.0568384215,lower,-0.25519913,0.016408448,-2.3501751e-17,0.9979343153001693,-0.06424252755287826,0.25572608923448886,0.0022731207931954564
FINE,330750,5072,6,0.189639065,-0.056734882,lower,-0.25577711,0.016772017,1.0838677e-21,0.997853044123458,-0.06549276550542117,0.25632641360703445,0.0022784570098403063
FINE,330750,5072,7,0.188046845,-0.056629372,lower,-0.25635314,0.017142401,-1.4531184e-21,0.997769400961864,-0.06675494366863947,0.25692565894559305,0.0022837836350719383
FINE,330750,5072,8,0.18645538499999997,-0.0565218805,lower,-0.25692733,0.017515275,-4.5149784e-24,0.9976833372215974,-0.06802910134917564,0.25752366443596836,0.00228909923943083
FINE,330750,5072,9,0.18486479,-0.056412397,lower,-0.25749834,0.017893159,1.2063458e-17,0.9975948145393531,-0.06931512103569967,0.2581192752182873,0.002294393557495887
FINE,330750,5072,10,0.183275155,-0.056300910999999995,lower,-0.25806619,0.01827615,-1.2144444e-17,0.9975037688501693,-0.07061325038339566,0.25871253549379836,0.0022996669821670965
FINE,330750,5072,11,0.181686585,-0.056187412,lower,-0.25863147,0.018665397,1.222844e-17,0.9974101258677366,-0.07192385429400852,0.25930413434022553,0.0023049256385797826
FINE,330750,5072,12,0.18009918,-0.0560718895,lower,-0.25919295,0.019055,-7.4916216e-22,0.997313824764016,-0.07324708140649532,0.2598924354525691,0.0023101549818006144
FINE,330750,5072,13,0.17851304,-0.055954332999999995,lower,-0.25974826,0.019453823,0.0,0.9972148300084919,-0.07458272461592269,0.26047573606443747,0.002315339876128333
FINE,330750,5072,14,0.17692826500000003,-0.0558347335,lower,-0.26030022,0.019853365,0.0,0.99711308538578,-0.07593085639218194,0.2610562384975139,0.0023204998977556794
FINE,330750,5072,15,0.17534496,-0.0557130815,lower,-0.260846,0.020262451,-1.2578077e-17,0.9970085151610202,-0.0772917893208448,0.26163180423950744,0.0023256160376845104
FINE,330750,5072,16,0.17376322,-0.0555893675,lower,-0.26138725,0.020672848,1.5414673e-21,0.9969010539726669,-0.07866567604861593,0.2622034685837873,0.0023306974985225536
FINE,330750,5072,17,0.172183145,-0.055463582,lower,-0.2619231,0.021087204,-1.5626353e-21,0.9967906075093076,-0.08005301231824852,0.26277058017129057,0.002335738490411472
FINE,330750,5072,18,0.170604845,-0.055335716,lower,-0.26245144,0.021510897,-1.2853454e-17,0.9966771406542544,-0.0814535284518708,0.2633314892406064,0.00234072434880539
FINE,330750,5072,19,0.16902841000000002,-0.055205761000000006,lower,-0.26297326,0.021932873,1.5999773e-21,0.9965605964668217,-0.0828672285628808,0.2638863052403562,0.002345656046580944
FINE,330750,5072,20,0.167453945,-0.0550737085,lower,-0.26348792,0.022362637,-1.5878894e-21,0.9964408707273988,-0.08429466853854681,0.26443518350451406,0.0023505349644845695
FINE,330750,5072,21,0.16588155,-0.054939550000000004,lower,-0.26399522,0.022796739,-1.6103038e-21,0.9963178998480305,-0.08573588771576188,0.2649776618155083,0.0023553569939156293
FINE,330750,5072,22,0.16431131999999998,-0.054803277000000004,lower,-0.26449389,0.023239624,-1.3249242e-17,0.9961916119223807,-0.08719101063463443,0.26551288092604974,0.002360114497120442
FINE,330750,5072,23,0.16274336,-0.054664882,lower,-0.26498432,0.023680807,0.0,0.9960619323611035,-0.0886601765228585,0.2660403383534168,0.002364803007585927
FINE,330750,5072,24,0.16117777,-0.054524357499999995,lower,-0.26546644,0.024129555,1.3459532e-17,0.9959287667251009,-0.09014372751012528,0.2665607922269636,0.0023694292642396763
FINE,330750,5072,25,0.15961465000000002,-0.054381695499999994,lower,-0.26593719,0.024586384,0.0,0.9957920337975318,-0.0916418322894922,0.2670712765716337,0.0023739669028589663
FINE,330750,5072,26,0.1580541,-0.054236889,lower,-0.26639811,0.025045639,1.3673683e-17,0.9956516935359411,-0.0931542009735067,0.2675728358651898,0.002378425207690576
FINE,330750,5072,27,0.156496215,-0.054089931499999994,lower,-0.266848,0.025504411,1.6774673e-21,0.9955076472738865,-0.09468117140810524,0.2680640121692958,0.0023827912192826294
FINE,330750,5072,28,0.15494109,-0.0539408155,lower,-0.26728707,0.025974748,0.0,0.9953597800317038,-0.09622322118510865,0.2685461731225501,0.002387077094422667
FINE,330750,5072,29,0.15338883,-0.053789535,lower,-0.26771587,0.026444048,-1.4017609e-17,0.9952079859730635,-0.09778069674244966,0.2690186892338573,0.002391277237634287
FINE,330750,5072,30,0.15183954,-0.0536360835,lower,-0.26813013,0.026923384,3.4387855e-21,0.9950521851578877,-0.09935365525491563,0.26947840837540027,0.0023953636300035577
FINE,330750,5072,31,0.15029331,-0.053480454499999996,lower,-0.2685305,0.027403865,2.8499634e-17,0.9948923308323553,-0.10094181517568959,0.2699251309205073,0.002399334497071176
FINE,330750,5072,32,0.14875024,-0.053322643,lower,-0.26891873,0.027888532,-3.5200555e-21,0.9947282941434201,-0.10254570118011552,0.27036091862493905,0.0024032081655550137
FINE,330750,5072,33,0.14721043,-0.053162643,lower,-0.26929211,0.028381812,-2.8984689e-17,0.9945599412541161,-0.10416584494261628,0.2707835605297794,0.0024069649824869283
FINE,330750,5072,34,0.145673975,-0.053000448500000005,lower,-0.26964864,0.028878739,2.9238304e-17,0.9943872192863583,-0.10580197597372183,0.2711905889637776,0.0024105830130113567
FINE,330750,5072,35,0.14414096999999998,-0.05283605499999999,lower,-0.2699906,0.02937435,2.9492895e-17,0.9942100221920684,-0.10745432412353983,0.27158376134346823,0.0024140778786086066
FINE,330750,5072,36,0.142611515,-0.0526694575,lower,-0.27031642,0.029878286,0.0,0.9940281848240613,-0.10912363527385774,0.27196256748481057,0.0024174450443094275
FINE,330750,5072,37,0.141085715,-0.0525006515,lower,-0.27062365,0.03038398,-9.3524505e-23,0.9938416302976003,-0.11080980952699038,0.2723238925495591,0.002420656822662747
FINE,330750,5072,38,0.13956366,-0.0523296325,lower,-0.27091236,0.030897581,3.0285086e-17,0.9936502650495573,-0.11251289155889932,0.27266851449968643,0.0024237201288861017
FINE,330750,5072,39,0.138045445,-0.052156395999999994,lower,-0.27118118,0.031416615,3.0557384e-17,0.9934539477597786,-0.11423332998959332,0.27299483837760613,0.002426620785578721
FINE,330750,5072,40,0.13653116999999998,-0.051980938500000004,lower,-0.27143144,0.031932424,-3.0838547e-17,0.9932525543996835,-0.11597138948250929,0.27330321870520907,0.002429361944046303
FINE,330750,5072,41,0.13502092999999998,-0.051803256000000006,lower,-0.27165957,0.032457718,7.5970617e-21,0.9930459605496335,-0.11772731304185903,0.2735915985607608,0.0024319253205400963
FINE,330750,5072,42,0.13351482,-0.051623345,lower,-0.27186654,0.032983039,-3.8208821e-21,0.9928340313596499,-0.11950140657810582,0.27385987245372,0.0024343099773664
FINE,330750,5072,43,0.13201294000000002,-0.051441202500000005,lower,-0.27204832,0.033516166,6.3392414e-17,0.9926166548166724,-0.12129376150717328,0.2741049951923345,0.0024364888461540844
FINE,330750,5072,44,0.13051538000000001,-0.051256825500000006,lower,-0.27220914,0.034042862,3.1993817e-17,0.9923936722232203,-0.12310483065790619,0.27432946881894515,0.0024384841672795126
FINE,330750,5072,45,0.12902224,-0.051070211000000004,lower,-0.27234068,0.034591762,3.9555052e-21,0.9921649342345611,-0.12493495617852167,0.27452859313120354,0.0024402541611662537
FINE,330750,5072,46,0.127533615,-0.050881357,lower,-0.2724481,0.035126116,2.6416585e-23,0.9919303711005101,-0.1267838273929457,0.2747029683665575,0.002441804163258289
FINE,330750,5072,47,0.12604959,-0.050690261,lower,-0.27252736,0.035668314,3.290703e-17,0.9916897587103328,-0.12865233176682775,0.2748514036466554,0.0024431235879702703
FINE,330750,5072,48,0.12457027000000001,-0.050496921,lower,-0.27257786,0.036213194,3.3237069e-17,0.991442953215454,-0.1305406853031622,0.2749726936613249,0.002444201721433999
FINE,330750,5072,49,0.12309574499999999,-0.050301336,lower,-0.27259956,0.036757726,4.109923e-21,0.991189804910002,-0.13244912473275242,0.27506643333081876,0.0024450349629406114
FINE,330750,5072,50,0.12162611000000001,-0.0501035035,lower,-0.27258799,0.037315216,-4.2755799e-21,0.9909300940248386,-0.13437837904932642,0.27513000080069727,0.002445600007117309
FINE,330750,5072,51,0.12016146,-0.0499034225,lower,-0.27254308,0.037862119,-3.4223235e-17,0.9906637755645008,-0.13632785402949932,0.2751602180690573,0.0024458686050582872
FINE,330750,5072,52,0.11870188,-0.0497010925,lower,-0.27246654,0.038414446,3.4563503e-17,0.9903905974938111,-0.13829846129242304,0.2751609581208722,0.002445875183296642
FINE,330750,5072,53,0.11724746999999999,-0.049496512,lower,-0.27235288,0.038967986,0.0,0.9901103082522725,-0.14029104566076125,0.2751262534734281,0.0024455666975415832
FINE,330750,5072,54,0.11579832500000001,-0.049289681,lower,-0.27220169,0.039525081,-3.5256685e-17,0.9898228279471242,-0.14230519763788596,0.2750560710311449,0.0024449428536101768
FINE,330750,5072,55,0.11435453500000001,-0.0490805995,lower,-0.27200969,0.040083812,4.3617954e-21,0.9895279480932642,-0.14434140065253062,0.2749469439747576,0.0024439728353311788
FINE,330750,5072,56,0.11291619,-0.048869267,lower,-0.2717785,0.040638107,2.9107031e-23,0.9892254674774682,-0.14640004950130445,0.2747996345892644,0.0024426634185712387
FINE,330750,5072,57,0.11148337999999999,-0.048655684000000005,lower,-0.27150451,0.041193057,-4.4220746e-21,0.988915203198933,-0.14848138227405094,0.2746113397195305,0.0024409896863958266
FINE,330750,5072,58,0.110056195,-0.048439851,lower,-0.27118725,0.04174599,0.0,0.9885968757437805,-0.15058624528699835,0.2743812399814361,0.002438944355390543
FINE,330750,5072,59,0.10863473,-0.0482217685,lower,-0.27082252,0.04230035,-4.5442797e-21,0.9882702579406444,-0.15271508527297617,0.27410574325386206,0.002436495495589885
FINE,330750,5072,60,0.107219075,-0.048001437499999994,lower,-0.27040923,0.042853379,3.749625e-17,0.9879351981813314,-0.15486782814520797,0.2737834059645247,0.0024336302752402195
FINE,330750,5072,61,0.105809315,-0.047778859,lower,-0.26994535,0.043400501,0.0,0.9875914443812802,-0.15704502215892344,0.2734115507517636,0.002430324895571232
FINE,330750,5072,62,0.104405545,-0.047554034999999995,lower,-0.2694301,0.043949136,2.2867526e-22,0.9872387322414667,-0.15924724663949932,0.2729906092518765,0.0024265831933500135
FINE,330750,5072,63,0.10300785500000001,-0.047326967500000004,lower,-0.26885811,0.044492494,0.0,0.9868768101196684,-0.16147495672093515,0.2725142575146594,0.0024223489556858616
FINE,330750,5072,64,0.10161633,-0.0470976575,lower,-0.26822967,0.045028015,-3.9105135e-17,0.9865054181124919,-0.16372861703043004,0.27198239737710117,0.002417621310018677
FINE,330750,5072,65,0.1002310595,-0.046866107500000004,lower,-0.26754059,0.045565286,3.1542649e-23,0.9861243353721577,-0.16600841902391608,0.2713925075900575,0.0024123778452449555
FINE,330750,5072,66,0.09885213200000001,-0.046632320500000005,lower,-0.26679197,0.046091637,3.1805827e-23,0.9857332296474721,-0.1683151804465771,0.2707436324308446,0.002406610066051952
FINE,330750,5072,67,0.09747963600000001,-0.0463962985,lower,-0.26597463,0.046615127,-9.8618971e-21,0.985331795724382,-0.17064950141903323,0.270028107976163,0.0024002498486770042
FINE,330750,5072,68,0.096113658,-0.046158044499999995,lower,-0.26509109,0.047128506,-4.0830984e-17,0.98491980998217,-0.17301146755254726,0.2692472379773853,0.002393308782021203
FINE,330750,5072,69,0.09475428450000001,-0.045917561999999995,lower,-0.26413493,0.047632933,-4.1275726e-17,0.9844969166895725,-0.1754018843363008,0.2683949303796808,0.0023857327144860517
FINE,330750,5072,70,0.093401603,-0.045674854,lower,-0.263106,0.048130021,-1.0158317e-20,0.9840627731633543,-0.17782142298960635,0.2674713688186572,0.0023775232783880638
FINE,330750,5072,71,0.0920556985,-0.045429924,lower,-0.26199773,0.048616232,-4.2207277e-17,0.983617094790115,-0.18027038258309017,0.26646951276659325,0.002368617891258607
FINE,330750,5072,72,0.09071665649999999,-0.045182776,lower,-0.26080755,0.049093799,1.0452782e-20,0.9831595190941271,-0.18274944600355017,0.26538729000357714,0.0023589981333651303
FINE,330750,5072,73,0.089384563,-0.044933414000000005,lower,-0.25953891,0.049554019,-1.019435e-20,0.9826896662939656,-0.18525933109847537,0.26422654927138073,0.002348680437967829
FINE,330750,5072,74,0.088059502,-0.044681842,lower,-0.25818077,0.050003216,4.3631536e-17,0.9822072106809709,-0.1878004134348665,0.26297763859103823,0.0023375790096981175
FINE,330750,5072,75,0.086741558,-0.044428065,lower,-0.25672579,0.050432233,4.4147298e-17,0.9817118029017863,-0.19037314948102432,0.2616316811838562,0.0023256149438564996
FINE,330750,5072,76,0.08543081450000001,-0.044172088,lower,-0.25517806,0.050849181,4.46274e-17,0.981202981717377,-0.1929785186722318,0.2601942729659319,0.0023128379819193946
FINE,330750,5072,77,0.084127355,-0.0439139155,lower,-0.25353001,0.051244718,1.0649154e-20,0.9806802951415485,-0.19561737837187443,0.2586562424246057,0.0022991665993298284
FINE,330750,5072,78,0.0828312625,-0.043653552500000005,lower,-0.25177909,0.051618998,-4.5665004e-17,0.9801433534101491,-0.1982902084468815,0.25701514346439486,0.002284579053016843
FINE,330750,5072,79,0.0815426195,-0.0433910045,lower,-0.24991519,0.051974363,4.619091e-17,0.9795917157934866,-0.20099768742145488,0.25526157654315845,0.002268991791494742
FINE,330750,5072,80,0.08026150800000001,-0.043126277,lower,-0.24793867,0.052305298,1.1442077e-20,0.9790249406749861,-0.20374043667455877,0.2533948459426979,0.0022523986306017593
FINE,330750,5072,81,0.0789880085,-0.042859376,lower,-0.24584389,0.052608736,4.7253569e-17,0.9784425381116781,-0.20651924756200618,0.25140883628475647,0.0022347452114200575
FINE,330750,5072,82,0.07772220299999999,-0.0425903075,lower,-0.24362377,0.052885709,1.1708221e-20,0.977843958073728,-0.20933512285019223,0.24929686792817807,0.002215972159361583
FINE,330750,5072,83,0.076464172,-0.042319077499999996,lower,-0.24127482,0.053127508,-4.8393058e-17,0.9772287595177997,-0.21218848124085882,0.247053738286112,0.002196033229209884
FINE,330750,5072,84,0.07521399449999999,-0.042045692999999995,lower,-0.23879008,0.053334322,2.3894109e-20,0.9765964023059517,-0.21508014088490784,0.24467268652411142,0.002174868324658768
FINE,330750,5072,85,0.0739717505,-0.0417701605,lower,-0.23616278,0.053513525,-4.9521398e-17,0.9759462215844024,-0.21801140469050845,0.24214873157505912,0.002152433169556081
FINE,330750,5072,86,0.0727375195,-0.0414924865,lower,-0.23338722,0.053648418,1.2264312e-20,0.975277654259274,-0.22098302446687632,0.23947273012319634,0.0021286464899839676
FINE,330750,5072,87,0.0715113795,-0.041212678,lower,-0.2304584,0.053739513,7.0921267e-23,0.9745901499183502,-0.22399562424772446,0.23663990236714685,0.002103465798819083
FINE,330750,5072,88,0.0702934085,-0.040930742500000006,lower,-0.22736651,0.053788144,5.1264761e-17,0.9738830733565125,-0.22705012536810842,0.2336410003756621,0.0020768088922281077
FINE,330750,5072,89,0.069083684,-0.0406466875,lower,-0.22410606,0.053786825,-4.2579191e-22,0.9731557280606767,-0.23014762423864876,0.23046900597119968,0.002048613386410664
FINE,330750,5072,90,0.067882283,-0.0403605205,lower,-0.22066866,0.053731145,0.0,0.9724074334102795,-0.23328905556933627,0.22711473337639468,0.002018797630012397
FINE,330750,5072,91,0.066689282,-0.040072249500000004,lower,-0.21704774,0.053622213,1.0623743e-16,0.9716374565582742,-0.2364754807859958,0.22357205264530566,0.001987307134624939
FINE,330750,5072,92,0.065504756,-0.039781882000000005,lower,-0.21323315,0.05345042,-1.0749513e-16,0.9708449991889304,-0.2397081299202128,0.21982883756045302,0.001954034111648471
FINE,330750,5072,93,0.064328781,-0.039489426,lower,-0.20921717,0.05321132,0.0,0.9700293608754136,-0.24298773433989787,0.21587649578729806,0.0019189021847759828
FINE,330750,5072,94,0.06316143199999999,-0.039194890499999996,lower,-0.20498985,0.052900592,-1.1007148e-16,0.969189776492316,-0.24631519876527053,0.21170428673797387,0.0018818158821153233
FINE,330750,5072,95,0.06200278249999999,-0.038898284,lower,-0.20054326,0.052515987,1.3559337e-20,0.9683253112715869,-0.24969199336539447,0.20730393614049994,0.0018427016545822217
FINE,330750,5072,96,0.0608529065,-0.038599615000000004,lower,-0.19586547,0.052048501,0.0,0.9674350631801786,-0.2531193365382504,0.20266160538519584,0.001801436492312852
FINE,330750,5072,97,0.059711877499999996,-0.0382988925,lower,-0.19094658,0.05149486,5.7020537e-17,0.96651813068134,-0.2565983302054949,0.19776682665176068,0.0017579273480156504
FINE,330750,5072,98,0.058579768000000004,-0.0379961255,lower,-0.18577561,0.05084403,6.6654622e-23,0.965573549514939,-0.26013019908715285,0.19260608280729616,0.0017120540693981881
FINE,330750,5072,99,0.057456649000000005,-0.037691323,lower,-0.18034231,0.050092158,-2.849452e-20,0.964600310283745,-0.2637162137611242,0.18716836243017135,0.0016637187771570787
FINE,330750,5072,100,0.0563425925,-0.037384494500000004,lower,-0.17463265,0.049230292,5.9073912e-17,0.9635973266771098,-0.26735779775560553,0.1814376571425248,0.0016127791746002205
FINE,330750,5072,101,0.05523767,-0.0370756495,lower,-0.16863419,0.048256189,5.9721935e-17,0.9625634419427529,-0.27105648901164603,0.17540125951905058,0.0015591223068360052
FINE,330750,5072,102,0.054141951,-0.036764797,lower,-0.1623326,0.047153977,-6.0418052e-17,0.9614976060026199,-0.27481330690348793,0.1690409466292019,0.0015025861922595726
FINE,330750,5072,103,0.053055505,-0.0364519475,lower,-0.15571829,0.045913354,-1.4894691e-20,0.9603987172500436,-0.27862933066077417,0.16234445306178147,0.001443061804993613
FINE,330750,5072,104,0.05197840149999999,-0.0361371115,lower,-0.14877193,0.044532507,-4.4490851e-22,0.9592652971920145,-0.2825067956759915,0.15529248550126823,0.001380377648900162
FINE,330750,5072,105,0.050910709,-0.035820298,lower,-0.14147987,0.042996331,6.2566495e-17,0.9580959950188611,-0.2864473151014306,0.14786748039695155,0.0013143776035284581
FINE,330750,5072,106,0.049852495499999996,-0.035501517499999996,lower,-0.1338253,0.041292075,-1.5417626e-20,0.9568896497018047,-0.2904517142203802,0.14004939840570543,0.0012448835413840483
FINE,330750,5072,107,0.048803828,-0.035180781,lower,-0.12579377,0.039408757,0.0,0.9556447330216543,-0.29452189094865455,0.1318208953790134,0.001171741292257897
FINE,330750,5072,108,0.047764772999999996,-0.034858098500000004,lower,-0.11736418,0.037336401,0.0,0.9543596221977309,-0.2986598592355599,0.12315851875136889,0.0010947423889010569
FINE,330750,5072,109,0.0467353965,-0.034533480500000005,lower,-0.10852077,0.035056213,-6.5418786e-17,0.953032793520531,-0.30286712346250594,0.11404122697889794,0.0010136997953679818
FINE,330750,5072,110,0.0457157645,-0.034206938000000006,lower,-0.099239974,0.032556803,6.6138853e-17,0.9516625586901363,-0.3071455263996905,0.10444264397650861,0.0009283790575689654
FINE,330750,5072,111,0.0447059415,-0.0338784815,lower,-0.089507755,0.029820505,-6.685675e-17,0.9502471715628965,-0.31149689073362397,0.09434348560930118,0.000838608760971566
FINE,330750,5072,112,0.0437059915,-0.033548122,lower,-0.079298143,0.026830705,0.0,0.9487848758225579,-0.31592286940070297,0.08371331207085822,0.0007441183295187398
FINE,330750,5072,113,0.0427159785,-0.033215870999999994,lower,-0.068592163,0.02356933,6.826817e-17,0.9472737094095377,-0.32042552872936764,0.07252776770848059,0.0006446912685198274
FINE,330750,5072,114,0.0417359655,-0.0328817395,lower,-0.057361607,0.020014858,1.6829363e-20,0.9457116634509167,-0.3250068454862145,0.060752506635622275,0.0005400222812055313
FINE,330750,5072,115,0.0407660145,-0.032545739000000004,lower,-0.04558697,0.01614583,6.9693369e-17,0.9440966066711581,-0.329668920694694,0.0483612820352399,0.00042987806253546576
FINE,330750,5072,116,0.039806187,-0.032207880499999994,lower,-0.033240232,0.01194275,0.0,0.9424262477046692,-0.3344140661474896,0.035320290705075606,0.00031395813960067204
FINE,330750,5072,117,0.0388565445,-0.0318681755,lower,-0.020299723,0.0073787498,0.0,0.9406983923153642,-0.33924406361097753,0.02159911385706791,0.00019199212317393697
FINE,330750,5072,118,0.037917147,-0.031526636,lower,-0.0067311651,0.0024284072,-7.174208e-17,0.9389104992583664,-0.34416140745645046,0.00715572562446087,6.360644999520774e-05
FINE,330750,5072,119,0.036988054500000006,-0.031183273,lower,0.0074922845,-0.002940325,0.0,0.9370599490389084,-0.349168515057126,-0.008047388645790347,-7.153234351813643e-05
FINE,330750,5072,120,0.036069326,-0.0308380985,lower,0.022401455,-0.0087518732,-7.3036927e-17,0.9351443056280481,-0.3542670287388258,-0.024049093195495926,-0.00021376971729329713
FINE,330750,5072,121,0.0351610195,-0.030491125,lower,0.038026876,-0.015044179,0.0,0.9331606092521361,-0.3594597019697512,-0.04089295887583502,-0.0003634929677852002
FINE,330750,5072,122,0.034263193,-0.030142363999999998,lower,0.054403257,-0.021848202,-1.8111773e-20,0.9311056196462506,-0.36474967452099505,-0.05862430288812817,-0.0005211049145611393
FINE,330750,5072,123,0.033375904,-0.029791827,lower,0.0715628,-0.029207456,4.0000329e-23,0.928976296642724,-0.37013921742497047,-0.07729096982819818,-0.0006870308429173171
FINE,330750,5072,124,0.0324992085,-0.029439526,lower,0.089538983,-0.037155226,5.0893521e-23,0.9267695060925374,-0.37563051337317394,-0.0969386356678144,-0.0008616767614916835
FINE,330750,5072,125,0.0316331625,-0.0290854735,lower,0.10837518,-0.045742956,1.7996733e-20,0.9244817308888342,-0.38122634910612485,-0.11762929410499108,-0.0010455937253776985
FINE,330750,5072,126,0.030777821,-0.0287296815,lower,0.12810656,-0.055005651,0.0,0.9221093486665354,-0.3869293851619156,-0.13941155932337135,-0.0012392138606521898
FINE,330750,5072,127,0.029933238,-0.0283721625,lower,0.14877082,-0.065009555,-7.6796502e-17,0.9196484685096517,-0.3927425293596969,-0.16234887383517338,-0.0014431011007570967
FINE,330750,5072,128,0.029099467500000004,-0.0280129285,lower,0.17040497,-0.07579458,-7.7183068e-17,0.9170949345538595,-0.3986688864404296,-0.18649447561662244,-0.001657728672147755
FINE,330750,5072,129,0.028276561999999998,-0.0276519915,lower,0.19306538,-0.087424939,7.7510154e-17,0.9144446339493206,-0.40471102213961624,-0.21192943716557008,-0.0018838172192495119
FINE,330750,5072,130,0.0274645745,-0.0272893645,lower,0.2167849,-0.099958487,9.529821e-21,0.9116929810723646,-0.41087213128099226,-0.23871142832578782,-0.002121879362895892
FINE,330750,5072,131,0.026663557,-0.0269250595,lower,0.24161156,-0.1134762,0.0,0.9088352777138214,-0.41715517254714823,-0.26692229302246434,-0.0023726426046441276
FINE,330750,5072,132,0.025873559500000004,-0.026559089,lower,0.26758859,-0.12803184,-9.4950602e-21,0.9058667076689563,-0.42356287365278567,-0.29662912910253186,-0.002636703369800283
FINE,330750,5072,133,0.025094632,-0.026191465500000004,lower,0.29476696,-0.14371282,-7.8229552e-17,0.9027817136780802,-0.43009903214081846,-0.3279209660727058,-0.002914853031757385
FINE,330750,5072,134,0.024326825,-0.025822201,lower,0.32319062,-0.16061109,9.489771e-21,0.8995747555451836,-0.4367668247312556,-0.36088371877692227,-0.0032078552780170867
FINE,330750,5072,135,0.023570187,-0.025451308,lower,0.35291456,-0.17878889,-1.2530401e-22,0.8962403528865097,-0.4435687431028751,-0.3956014330112455,-0.0035164571823221823
FINE,330750,5072,136,0.022824766,-0.0250787995,lower,0.38399067,-0.19835782,-9.5754392e-21,0.8927723305112383,-0.4505081196532781,-0.43217805385719515,-0.0038415827009528457
FINE,330750,5072,137,0.0220906095,-0.024704688000000002,lower,0.41646252,-0.21941719,1.5513001e-16,0.8891641175200221,-0.4575884309232918,-0.4707062967656624,-0.004184055971250333
FINE,330750,5072,138,0.021367764,-0.024328986,lower,0.45037672,-0.24209472,7.7125546e-17,0.88540878890377,-0.46481316303646064,-0.5112963187632786,-0.004544856166784699
FINE,330750,5072,139,0.0206562755,-0.023951705499999996,lower,0.48578272,-0.26649156,-1.5305249e-16,0.8814991771398987,-0.4721855574895123,-0.5540505337736317,-0.004924893633543393
FINE,330750,5072,140,0.019956189,-0.023572859,lower,0.52274849,-0.29271836,-7.5781103e-17,0.8774279285346707,-0.4797084846314031,-0.5990936056247166,-0.005325276494441925
FINE,330750,5072,141,0.0192675495,-0.023192459500000002,lower,0.56129701,-0.32093822,-7.4873244e-17,0.8731871066243222,-0.4873851421874127,-0.6465378321068583,-0.005747002952060963
FINE,330750,5072,142,0.0185904005,-0.0228105195,lower,0.60150073,-0.35126462,7.3785018e-17,0.8687682180061851,-0.4952189247013462,-0.6965176047335465,-0.006191267597631524
FINE,330750,5072,143,0.0179247855,-0.0224270515,lower,0.64337281,-0.38388414,7.2497425e-17,0.8641624612953316,-0.5032129176481807,-0.7491540891483564,-0.006659147459096501
FINE,330750,5072,144,0.0172707465,-0.022042067999999998,lower,0.68698349,-0.418933,-1.4199429e-16,0.8593606047770046,-0.5113700724106768,-0.8045963459834394,-0.007151967519852795
FINE,330750,5072,145,0.0166283245,-0.021655581,lower,0.73234351,-0.45660537,-6.9252715e-17,0.8543527432968747,-0.5196935539537744,-0.8629745542938403,-0.007670884927056358
FINE,330750,5072,146,0.015997561,-0.021267603,lower,0.7795121,-0.49705732,-6.728395e-17,0.8491288416118278,-0.5281857725677166,-0.9244448110700421,-0.008217287209511485
FINE,330750,5072,147,0.015378496,-0.020878147,lower,0.82849745,-0.54050053,-6.498766e-17,0.8436780301392407,-0.5368494960977149,-0.9891525337624318,-0.008792466966777173
FINE,330750,5072,148,0.014771168500000001,-0.020487224499999998,lower,0.87931271,-0.58714555,0.0,0.8379887574271029,-0.5456874952074493,-1.0572521497444587,-0.009397796886617411
FINE,330750,5072,149,0.014175617500000001,-0.020094848,lower,0.9319745,-0.63721618,2.9756413e-17,0.8320495345110295,-0.5547013359637589,-1.1289136152448727,-0.010034787691065535
FINE,330750,5072,150,0.013591881,-0.0197010305,lower,0.98648561,-0.69090491,7.1133779e-21,0.8258478822842897,-0.5638929644237051,-1.204283469757219,-0.010704741953397502
FINE,330750,5072,151,0.013019995999999999,-0.019305784,lower,1.0428579,-0.74850187,0.0,0.8193705672825449,-0.5732642265753907,-1.283576414713867,-0.01140956813078993
FINE,330750,5072,152,0.0124599985,-0.0189091205,lower,1.1009962,-0.81023842,-2.4262948e-17,0.8126038436676917,-0.5828164318689836,-1.3668940088910855,-0.01215016896792076
FINE,330750,5072,153,0.0119119245,-0.018511052,lower,1.1609282,-0.87637259,5.0371381e-21,0.8055333283829805,-0.592550467778262,-1.4544613451122097,-0.012928545289886309
FINE,330750,5072,154,0.011375809,-0.0181115905,lower,1.2225427,-0.94712991,1.9491027e-17,0.7981445813459361,-0.6024659552772426,-1.5463793574688292,-0.013745594288611815
FINE,330750,5072,155,0.0108516855,-0.017710748499999998,lower,1.2858193,-1.022868,1.6720434e-17,0.7904221294740007,-0.6125625333284643,-1.6429106425653885,-0.014603650156136787
FINE,330750,5072,156,0.0103395875,-0.017308538,lower,1.3505802,-1.1038425,-1.3655432e-17,0.7823492442789116,-0.6228399954853701,-1.744142656524621,-0.015503490280218853
FINE,330750,5072,157,0.00983954785,-0.016904970499999998,lower,1.416691,-1.1904102,1.0272813e-17,0.7739092480097168,-0.6332965149478045,-1.8502728974904525,-0.016446870199915135
FINE,330750,5072,158,0.009351598249999999,-0.016500057999999998,lower,1.484071,-1.2826676,-1.2512049e-20,0.7650849574862666,-0.6439293500285862,-1.9613877119123275,-0.017434557439220687
FINE,330750,5072,159,0.0088757695,-0.016093812,lower,1.5524066,-1.3812017,2.5277343e-18,0.7558583662205359,-0.6547351603621286,-2.077720832927922,-0.018468629626025974
FINE,330750,5072,160,0.00841209205,-0.0156862445,lower,1.6215966,-1.4860117,9.6508241e-22,0.7462111424955792,-0.6657093440950353,-2.199305325677495,-0.019549380672688844
FINE,330750,5072,161,0.00796059535,-0.0152773675,lower,1.6912744,-1.5975987,-1.0620409e-21,0.736124024060066,-0.6768466748101931,-2.3263170848938612,-0.02067837408794543
FINE,330750,5072,162,0.007521307999999999,-0.014867192000000001,lower,1.7610744,-1.716108,-2.4086451e-17,0.7255773477596721,-0.6881406196541807,-2.458719314872953,-0.021855282798870692
FINE,330750,5072,163,0.007094258,-0.0144557295,lower,1.8307239,-1.8418574,0.0,0.7145514606005853,-0.699582882976399,-2.5966783466248144,-0.023081585303331684
FINE,330750,5072,164,0.006679472550000001,-0.014042991500000001,lower,1.8998008,-1.9750342,6.6302826e-21,0.7030261021193396,-0.7111640455892635,-2.740182863076358,-0.02435718100512318
FINE,330750,5072,165,0.006276978,-0.013628989000000001,lower,1.9677187,-2.1158289,-3.0778962e-17,0.6909810444601104,-0.7228728769270671,-2.8891316465581225,-0.025681170191627755
FINE,330750,5072,166,0.0058867999,-0.0132137335,lower,2.034075,-2.2644043,0.0,0.6783961610806133,-0.7346962968676829,-3.043558125171306,-0.02705385000152272
FINE,330750,5072,167,0.0055089631,-0.0127972365,lower,2.0981968,-2.4208186,4.5933433e-17,0.6652505568728448,-0.7466201822750106,-3.203258614015557,-0.028473409902360507
FINE,330750,5072,168,0.0051434916,-0.012379508,lower,2.1594681,-2.5851767,-2.4661636e-20,0.651524298580893,-0.7586277666673396,-3.3681327655217563,-0.029938957915748944
FINE,330750,5072,169,0.0047904086000000005,-0.011960559499999999,lower,2.2172577,-2.757249,0.0,0.6371982916341281,-0.770699900829466,-3.5378443494147604,-0.0314475053281312
FINE,330750,5072,170,0.0044497366,-0.011540402,lower,2.2705907,-2.9371759,7.3205231e-17,0.6222528241709725,-0.7828163404089422,-3.7121507647866867,-0.032996895686992773
FINE,330750,5072,171,0.0041214972,-0.011119045000000001,lower,2.318951,-3.1246548,0.0,0.6066702394878178,-0.7949535964569213,-3.890794129476897,-0.03458483670646131
FINE,330750,5072,172,0.0038057113000000004,-0.010696500000000001,lower,2.3610471,-3.3187389,9.4736262e-17,0.5904344569689771,-0.8070855915104351,-4.072549910541869,-0.03620044364926106
FINE,330750,5072,173,0.00350239905,-0.010272778,lower,2.396248,-3.5196935,-1.6961824e-20,0.573529393571235,-0.8191849819850285,-4.257598718676606,-0.03784532194379205
FINE,330750,5072,174,0.00321157965,-0.00984788835,lower,2.4241034,-3.7272342,1.3981861e-21,0.5559414200861964,-0.8312214731541429,-4.44581658914628,-0.039518369681300264
FINE,330750,5072,175,0.0029332715999999997,-0.0094218413,lower,2.4428251,-3.9394826,-1.6142759e-20,0.5376598897712441,-0.8431618130176279,-4.635030365363827,-0.041200269914345125
FINE,330750,5072,176,0.00266749265,-0.008994647500000001,lower,2.4517859,-4.1559925,1.7074441e-20,0.5186760227361135,-0.8549708670116466,-4.824935070231383,-0.042888311735390074
FINE,330750,5072,177,0.00241425965,-0.0085663167,lower,2.4501836,-4.3758474,-8.0345068e-17,0.4989839126585908,-0.8666112478544944,-5.014760775194756,-0.0445756513350645
FINE,330750,5072,178,0.0021735886499999997,-0.0081368588,lower,2.4370548,-4.5975783,-2.0648686e-20,0.478581123748815,-0.8780433406109981,-5.203201434074078,-0.0462506794139918
FINE,330750,5072,179,0.0019454950000000002,-0.00770628345,lower,2.4116577,-4.8199662,9.5979444e-17,0.45746885199251514,-0.8892256459733099,-5.389295837182429,-0.04790485188606603
FINE,330750,5072,180,0.00172999325,-0.0072746003,lower,2.3731751,-5.0411766,-1.0422033e-16,0.43565259550858726,-0.900114890459341,-5.571518015006545,-0.04952460457783595
FINE,330750,5072,181,0.00152709705,-0.0068418189,lower,2.3210611,-5.2596524,0.0,0.41314214712815467,-0.9106665505366596,-5.7487176745995,-0.051099712663106665
FINE,330750,5072,182,0.0013368193,-0.006407948549999999,lower,2.2548441,-5.4733165,0.0,0.3899519680209999,-0.9208351984131303,-5.9193033796309,-0.05261603004116356
FINE,330750,5072,183,0.0011591721,-0.005972998449999999,lower,2.1742856,-5.6804955,1.3052141e-16,0.3661016770443301,-0.9305748557022852,-6.082135884763318,-0.05406343008678505
FINE,330750,5072,184,0.000994166725,-0.00553697775,lower,2.0792678,-5.8788971,0.0,0.3416160531547591,-0.9398395992013556,-6.2355315534977915,-0.055426947142202594
FINE,330750,5072,185,0.0008418136900000001,-0.00509989545,lower,1.9699516,-6.0666488,1.4897358e-16,0.3165251390036639,-0.9485841219305282,-6.378265929029383,-0.05669569714692785
FINE,330750,5072,186,0.0007021226999999999,-0.0046617603,lower,1.8466951,-6.2415176,-7.9175663e-17,0.2908644841281955,-0.9567642613898362,-6.508798994119229,-0.05785599105883759
FINE,330750,5072,187,0.00057510261,-0.004222580950000001,lower,1.7101645,-6.4018235,0.0,0.26467502074849397,-0.9643376656502558,-6.6261573544157875,-0.058899176483695886
FINE,330750,5072,188,0.000460761505,-0.0037823660500000003,lower,1.5611859,-6.5454993,8.8596547e-17,0.2380027723748369,-0.9712644749716174,-6.728977513434094,-0.059813133452747504
FINE,330750,5072,189,0.00035910665499999997,-0.003341124,lower,1.400869,-6.671094,9.3197707e-17,0.21089868239438203,-0.97750792619002,-6.816488687665821,-0.06059101055702952
FINE,330750,5072,190,0.000270144515,-0.00289886305,lower,1.2305428,-6.7770815,0.0,0.183418247749982,-0.9830349670242285,-6.887812093030366,-0.06122499638249214
FINE,330750,5072,191,0.000193880745,-0.00245559135,lower,1.051731,-6.8626926,1.0228262e-16,0.15562098943621452,-0.9878168391189197,-6.942754730817541,-0.0617133753850448
FINE,330750,5072,192,0.000130320195,-0.00201131685,lower,0.866099,-6.9271282,5.3304956e-17,0.12756991234498008,-0.9918295808576665,-6.981018832665397,-0.06205350073480353
FINE,330750,5072,193,7.9466905e-05,-0.0015660474999999998,lower,0.67541655,-6.9704747,6.3952577e-21,0.09933076950724323,-0.9950544699809648,-7.003091653773652,-0.06224970358909913
FINE,330750,5072,194,4.13241085e-05,-0.00111979095,lower,0.48150785,-6.9932159,6.9975265e-21,0.07097132688333133,-0.9974783560360693,-7.0097547503565405,-0.06230893111428036
FINE,330750,5072,195,1.58942299e-05,-0.00067255473,lower,0.28613915,-6.9969783,-5.9352946e-17,0.0425605976923436,-0.99909388724187,-7.002816501941191,-0.06224725779503281
FINE,330750,5072,196,3.1788864e-06,-0.00022434633,lower,0.090927387,-6.9846589,0.0,0.02835785727156604,-0.9995978350971783,-6.9844284211948615,-0.062083808188398766
FINE,330750,5072,197,3.1788864e-06,0.00022434633,upper,-0.10302298,-6.9610689,0.0,0.02835785727156604,0.9995978350971783,6.9611909133648275,0.06187725256324291
FINE,330750,5072,198,1.58942299e-05,0.00067255473,upper,-0.29555363,-6.9196686,6.487803e-17,0.0425605976923436,0.99909388724187,6.925977539142449,0.06156424479237733
FINE,330750,5072,199,4.13241085e-05,0.00111979095,upper,-0.48480155,-6.8503924,3.3324129e-17,0.07097132688333133,0.9974783560360693,6.867525158632578,0.061044668076734025
FINE,330750,5072,200,7.9466905e-05,0.0015660474999999998,upper,-0.66839072,-6.7521326,8.6126759e-21,0.09933076950724323,0.9950544699809648,6.785131490083295,0.06031227991185151
FINE,330750,5072,201,0.000130320195,0.00201131685,upper,-0.84410974,-6.6268884,-6.9735815e-17,0.12756991234498008,0.9918295808576665,6.680426949703876,0.05938157288625668
FINE,330750,5072,202,0.000193880745,0.00245559135,upper,-1.0098496,-6.4761271,-1.420408e-16,0.15562098943621452,0.9878168391189197,6.5543811955881415,0.058261166183005704
FINE,330750,5072,203,0.000270144515,0.00289886305,upper,-1.1636044,-6.3008906,0.0,0.183418247749982,0.9830349670242285,6.4074220633164405,0.056954862785035025
FINE,330750,5072,204,0.00035910665499999997,0.003341124,upper,-1.3039092,-6.1044303,-1.4624952e-16,0.21089868239438203,0.97750792619002,6.242121735366434,0.05548552653659053
FINE,330750,5072,205,0.000460761505,0.0037823660500000003,upper,-1.4297071,-5.8905784,-1.4771859e-16,0.2380027723748369,0.9712644749716174,6.061583790439138,0.053880744803903445
FINE,330750,5072,206,0.00057510261,0.004222580950000001,upper,-1.5392727,-5.6586885,0.0,0.26467502074849397,0.9643376656502558,5.864293492542037,0.052127053267040334
FINE,330750,5072,207,0.0007021226999999999,0.0046617603,upper,-1.6318061,-5.4114551,1.4975707e-16,0.2908644841281954,0.9567642613898362,5.652121281269505,0.05024107805572893
FINE,330750,5072,208,0.00084181369,0.00509989545,upper,-1.7073537,-5.1537918,0.0,0.3165251390036639,0.9485841219305282,5.429225436436676,0.048259781657214895
FINE,330750,5072,209,0.000994166725,0.00553697775,upper,-1.7655643,-4.8875809,0.0,0.34161605315475924,0.9398395992013556,5.196687181877146,0.046192774950019076
FINE,330750,5072,210,0.0011591721,0.005972998449999999,upper,-1.8064763,-4.6151319,0.0,0.36610167704432983,0.9305748557022854,4.95607970486035,0.04405404182098089
FINE,330750,5072,211,0.0013368193,0.00640794855,upper,-1.8304536,-4.339043,0.0,0.3899519680210002,0.9208351984131302,4.709332505519228,0.04186073338239314
FINE,330750,5072,212,0.00152709705,0.006841818899999999,upper,-1.8381637,-4.0618464,0.0,0.41314214712815467,0.9106665505366596,4.458410547688782,0.03963031597945584
FINE,330750,5072,213,0.00172999325,0.0072746003000000005,upper,-1.8304337,-3.7856895,2.951158e-16,0.43565259550858687,0.900114890459341,4.204988681916964,0.037377677172595235
FINE,330750,5072,214,0.0019454950000000002,0.00770628345,upper,-1.8087019,-3.5124271,-2.9236707e-16,0.45746885199251547,0.8892256459733097,3.9507650387213404,0.035117911455300806
FINE,330750,5072,215,0.0021735886499999997,0.0081368588,upper,-1.7731635,-3.2442539,-7.0513902e-20,0.478581123748815,0.8780433406109981,3.6971981125666407,0.032863983222814586
FINE,330750,5072,216,0.00241425965,0.0085663167,upper,-1.7255519,-2.982829,2.8567946e-16,0.4989839126585905,0.8666112478544946,3.4459758003840393,0.030630896003413684
FINE,330750,5072,217,0.0026674926499999996,0.008994647500000001,upper,-1.667201,-2.7296221,6.8593427e-20,0.5186760227361135,0.8549708670116466,3.1984845572328227,0.028430973842069534
FINE,330750,5072,218,0.0029332715999999997,0.0094218413,upper,-1.5996006,-2.4859833,-1.3978729e-19,0.5376598897712443,0.8431618130176278,2.9561272686335616,0.026276686832298324
FINE,330750,5072,219,0.00321157965,0.00984788835,upper,-1.5241784,-2.252924,3.9638456e-22,0.5559414200861964,0.8312214731541429,2.720032710345031,0.024178068536400275
FINE,330750,5072,220,0.00350239905,0.010272778,upper,-1.4425562,-2.031574,7.6895518e-20,0.573529393571235,0.8191849819850285,2.4915832931696777,0.022147407050397135
FINE,330750,5072,221,0.0038057113000000004,0.010696500000000001,upper,-1.3563977,-1.822965,0.0,0.5904344569689771,0.8070855915104351,2.27215272476129,0.02019691310898924
FINE,330750,5072,222,0.0041214972,0.011119045000000001,upper,-1.2674508,-1.6278662,0.0,0.6066702394878178,0.7949535964569213,2.063002770615688,0.018337802405472784
FINE,330750,5072,223,0.0044497366,0.011540402,upper,-1.1775077,-1.4471491,-5.0574329e-16,0.6222528241709725,0.7828163404089422,1.8655594542961607,0.01658275070485476
FINE,330750,5072,224,0.0047904086000000005,0.011960559499999999,upper,-1.0883238,-1.281479,0.0,0.6371982916341273,0.7706999008294667,1.6811138043198057,0.01494323381617605
FINE,330750,5072,225,0.0051434916,0.012379508000000001,upper,-1.0021018,-1.1316015,1.3732163e-20,0.651524298580893,0.7586277666673396,1.5113579910540618,0.013434293253813883
FINE,330750,5072,226,0.0055089631,0.0127972365,upper,-0.9206537,-0.99819252,-4.7472765e-16,0.6652505568728456,0.7466201822750099,1.3577360678399972,0.012068765047466642
FINE,330750,5072,227,0.0058867999,0.0132137335,upper,-0.84603586,-0.88161424,0.0,0.6783961610806138,0.7346962968676826,1.2216661969543519,0.010859255084038684
FINE,330750,5072,228,0.006276978000000001,0.013628989000000001,upper,-0.77919672,-0.78098426,-1.1046997e-19,0.6909810444601101,0.7228728769270676,1.1029625022864489,0.009804111131435101
FINE,330750,5072,229,0.00667947255,0.014042991500000001,upper,-0.7158545,-0.6893657,1.0903244e-19,0.7030261021193396,0.7111640455892635,0.9935164989220633,0.008831257768196118
FINE,330750,5072,230,0.007094258000000001,0.0144557295,upper,-0.64431667,-0.5909993,0.0,0.7145514606005859,0.6995828829763983,0.873850411768839,0.0077675592157230135
FINE,330750,5072,231,0.007521308,0.014867192000000001,upper,-0.58650805,-0.50423451,8.4755004e-16,0.7255773477596718,0.6881406196541812,0.7725412035211193,0.006867032920187728
FINE,330750,5072,232,0.00796059535,0.0152773675,upper,-0.63547261,-0.51952618,-9.9459492e-20,0.7361240240600657,0.6768466748101936,0.8194262222629948,0.007283788642337731
FINE,330750,5072,233,0.00841209205,0.0156862445,upper,-0.80892554,-0.65328519,1.9436726e-19,0.7462111424955792,0.6657093440950353,1.0385273067391538,0.009231353837681368
FINE,330750,5072,234,0.0088757695,0.016093812,upper,-1.0436261,-0.83948153,3.8513265e-16,0.7558583662205359,0.6547351603621286,1.3384715930567048,0.011897525271615155
FINE,330750,5072,235,0.009351598249999999,0.016500057999999998,upper,-1.2768489,-1.0157561,2.0335844e-20,0.7650849574862666,0.6439293500285862,1.630973051633458,0.014497538236741849
FINE,330750,5072,236,0.00983954785,0.016904970499999998,upper,-1.4842608,-1.160469,3.6214571e-16,0.7739092480097168,0.6332965149478045,1.8836041329832645,0.01674314784874013
FINE,330750,5072,237,0.0103395875,0.017308538,upper,-1.6599933,-1.2717688,-3.515621e-16,0.7823492442789116,0.6228399954853701,2.090802977413491,0.018584915354786586
FINE,330750,5072,238,0.0108516855,0.017710748499999998,upper,-1.8021035,-1.3501878,3.4145481e-16,0.7904221294740003,0.612562533328465,2.2514969452397358,0.020013306179908763
FINE,330750,5072,239,0.011375808999999999,0.0181115905,upper,-1.9144675,-1.4014126,3.3197421e-16,0.7981445813459361,0.6024659552772426,2.3723252420844654,0.021087335485195247
FINE,330750,5072,240,0.0119119245,0.018511052,upper,-2.0004402,-1.4301058,-7.9386684e-20,0.8055333283829811,0.5925504677782614,2.458831113299521,0.021856276562662407
FINE,330750,5072,241,0.0124599985,0.0189091205,upper,-2.0628381,-1.4399067,-3.1396898e-16,0.8126038436676917,0.5828164318689836,2.5154714540424012,0.022359746258154678
FINE,330750,5072,242,0.013019995999999999,0.019305784,upper,-2.1076142,-1.4366374,0.0,0.8193705672825449,0.5732642265753907,2.550489870647027,0.02267102107241802
FINE,330750,5072,243,0.013591881,0.0197010305,upper,-2.1377349,-1.4231535,-7.2052579e-20,0.8258478822842897,0.5638929644237051,2.567950085995189,0.0228262229866239
FINE,330750,5072,244,0.014175617500000001,0.020094848,upper,-2.1556681,-1.4018615,2.8936806e-16,0.8320495345110295,0.5547013359637589,2.5712370860514344,0.02285544076490164
FINE,330750,5072,245,0.014771168500000001,0.020487224499999998,upper,-2.164189,-1.3753186,0.0,0.8379887574271033,0.5456874952074489,2.5640602128936205,0.022791646336832182
FINE,330750,5072,246,0.015378496000000002,0.020878147,upper,-2.1648435,-1.3446953,5.4825079e-16,0.8436780301392417,0.5368494960977133,2.5483298938497048,0.022651821278664042
FINE,330750,5072,247,0.015997561,0.021267602999999996,upper,-2.1591212,-1.3112679,-5.3378866e-16,0.8491288416118273,0.528185772567717,2.5259651322602865,0.022453023397869212
FINE,330750,5072,248,0.0166283245,0.021655581,upper,-2.1489173,-1.2764126,-5.2000912e-16,0.8543527432968736,0.519693553953776,2.4992767907784903,0.022215793695808804
FINE,330750,5072,249,0.0172707465,0.022042067999999998,upper,-2.1347977,-1.2406503,-1.0129042e-15,0.8593606047770046,0.5113700724106768,2.4689924762958864,0.021946599789296767
FINE,330750,5072,250,0.0179247855,0.0224270515,upper,-2.1174398,-1.2042752,4.9337138e-16,0.8641624612953316,0.5032129176481807,2.435818826256041,0.0216517229000537
FINE,330750,5072,251,0.0185904005,0.0228105195,upper,-2.0981128,-1.1682548,0.0,0.8687682180061861,0.4952189247013445,2.401315604265154,0.021345027593468034
FINE,330750,5072,252,0.0192675495,0.0231924595,upper,-2.0768449,-1.1323795,-4.6837409e-16,0.8731871066243222,0.4873851421874127,2.3653791327560914,0.021025592291165258
FINE,330750,5072,253,0.019956189,0.023572859,upper,-2.0540994,-1.0971091,-4.5649427e-16,0.8774279285346687,0.4797084846314065,2.328616725382632,0.020698815336734507
FINE,330750,5072,254,0.0206562755,0.0239517055,upper,-2.0305652,-1.0626307,0.0,0.8814991771398997,0.47218555748951063,2.291700422413885,0.020370670421456755
FINE,330750,5072,255,0.021367764,0.024328985999999997,upper,-2.0061803,-1.0290314,-5.2601069e-20,0.8854087889037717,0.4648131630364573,2.2545970096434393,0.020040862307941682
FINE,330750,5072,256,0.0220906095,0.024704688,upper,-1.9811735,-0.99629089,4.2315765e-16,0.8891641175200213,0.45758843092329354,2.2174795718798235,0.019710929527820654
FINE,330750,5072,257,0.022824766,0.0250787995,upper,-1.956056,-0.96456155,5.0035737e-20,0.8927723305112375,0.45050811965327975,2.1808554839108423,0.019385382079207487
FINE,330750,5072,258,0.023570187,0.025451308,upper,-1.9305511,-0.93371672,-6.6551239e-22,0.8962403528865107,0.4435687431028735,2.144405351033979,0.019061380898079815
FINE,330750,5072,259,0.024326825,0.025822200999999996,upper,-1.9047769,-0.90378246,-4.8283388e-20,0.8995747555451844,0.43676682473125394,2.108231409487616,0.01873983475100103
FINE,330750,5072,260,0.025094632,0.0261914655,upper,-1.8791952,-0.87505216,-4.6497096e-20,0.9027817136780791,0.4300990321408209,2.0728621500803555,0.018425441334047603
FINE,330750,5072,261,0.0258735595,0.026559089,upper,-1.8538001,-0.84729099,4.5998556e-20,0.9058667076689559,0.42356287365278655,2.0381767998078955,0.018117127109403514
FINE,330750,5072,262,0.026663557000000004,0.0269250595,upper,-1.8282532,-0.82032051,0.0,0.9088352777138226,0.41715517254714585,2.003781948646197,0.01781139509907731
FINE,330750,5072,263,0.0274645745,0.027289364499999996,upper,-1.8028392,-0.7943263,-4.3289688e-20,0.9116929810723644,0.41087213128099304,1.970002384455662,0.01751113230627255
FINE,330750,5072,264,0.028276561999999998,0.0276519915,upper,-1.778033,-0.76936874,3.4871636e-16,0.9144446339493196,0.40471102213961857,1.937284745002481,0.017220308844466497
FINE,330750,5072,265,0.0290994675,0.0280129285,upper,-1.7535606,-0.7453371,-3.4067844e-16,0.9170949345538595,0.3986688864404296,1.9053242553729657,0.01693621560331525
FINE,330750,5072,266,0.029933238,0.0283721625,upper,-1.7291944,-0.72212432,-3.3293205e-16,0.9196484685096519,0.3927425293596962,1.873859913664417,0.016656532565905928
FINE,330750,5072,267,0.030777821,0.0287296815,upper,-1.705131,-0.69975199,0.0,0.9221093486665354,0.3869293851619156,1.8430718430576452,0.016382860827179067
FINE,330750,5072,268,0.0316331625,0.0290854735,upper,-1.6818335,-0.67828447,-6.7915168e-20,0.9244817308888342,0.38122634910612485,1.813404257300309,0.016119148953780527
FINE,330750,5072,269,0.0324992085,0.029439526,upper,-1.6589247,-0.65770085,9.4772556e-22,0.9267695060925374,0.37563051337317394,1.7844933327951837,0.01586216295817941
FINE,330750,5072,270,0.033375904,0.029791827,upper,-1.6362772,-0.63780471,9.1999609e-22,0.9289762966427234,0.3701392174249721,1.7561392697662863,0.015610126842366989
FINE,330750,5072,271,0.034263193,0.030142364,upper,-1.6139355,-0.61858833,7.3144313e-20,0.9311056196462506,0.36474967452099505,1.7283743058265673,0.01536332716290282
FINE,330750,5072,272,0.0351610195,0.030491125,upper,-1.5923066,-0.60017069,0.0,0.9331606092521366,0.35945970196974963,1.701614974330577,0.015125466438494018
FINE,330750,5072,273,0.036069326,0.0308380985,upper,-1.5712033,-0.58250889,-2.8517244e-16,0.9351443056280486,0.35426702873882426,1.6756655126532491,0.01489480455691777
FINE,330750,5072,274,0.036988054500000006,0.031183272999999997,upper,-1.5505394,-0.56543335,0.0,0.9370599490389084,0.349168515057126,1.6503798943300958,0.014670043505156407
FINE,330750,5072,275,0.037917147,0.031526636,upper,-1.5300541,-0.54898605,-2.7336938e-16,0.938910499258366,0.344161407456452,1.625523670565268,0.014449099293913494
FINE,330750,5072,276,0.0388565445,0.0318681755,upper,-1.5101341,-0.53313619,0.0,0.9406983923153642,0.33924406361097753,1.6014440076042835,0.014235057845371409
FINE,330750,5072,277,0.039806187,0.032207880499999994,upper,-1.4908043,-0.51793686,0.0,0.9424262477046692,0.3344140661474896,1.578178473871249,0.014028253101077769
FINE,330750,5072,278,0.0407660145,0.032545739000000004,upper,-1.4719811,-0.50331167,2.569618e-16,0.9440966066711581,0.329668920694694,1.5556185766160229,0.013827720681031315
FINE,330750,5072,279,0.0417359655,0.0328817395,upper,-1.4534224,-0.48917476,-6.113134e-20,0.9457116634509167,0.3250068454862145,1.5335036612398998,0.013631143655465775
FINE,330750,5072,280,0.0427159785,0.033215870999999994,upper,-1.4352182,-0.4754936,2.4689955e-16,0.9472737094095377,0.32042552872936764,1.5119047563135102,0.013439153389453423
FINE,330750,5072,281,0.0437059915,0.033548122,upper,-1.417432,-0.46234451,0.0,0.9487848758225579,0.31592286940070297,1.4909032483577818,0.013252473318735837
FINE,330750,5072,282,0.0447059415,0.0338784815,upper,-1.4002755,-0.449709,-2.3730678e-16,0.9502471715628966,0.3114968907336229,1.4706907885187477,0.013072807009055535
FINE,330750,5072,283,0.045715764500000006,0.034206938000000006,upper,-1.3835191,-0.43754087,2.3274945e-16,0.9516625586901363,0.3071455263996905,1.451032047540203,0.012898062644801804
FINE,330750,5072,284,0.0467353965,0.034533480500000005,upper,-1.367084,-0.42578289,-2.2831836e-16,0.9530327935205308,0.30286712346250694,1.4318315226110745,0.01272739131209844
FINE,330750,5072,285,0.047764772999999996,0.034858098500000004,upper,-1.3509013,-0.41436026,0.0,0.9543596221977309,0.2986598592355599,1.4129984312188335,0.01255998605527852
FINE,330750,5072,286,0.048803828,0.035180781,upper,-1.3350515,-0.40335148,0.0,0.9556447330216543,0.29452189094865455,1.3946307748941975,0.012396717999059533
FINE,330750,5072,287,0.049852495499999996,0.035501517499999996,upper,-1.3197482,-0.39275064,5.2402097e-20,0.9568896497018047,0.2904517142203802,1.3769284894417388,0.012239364350593234
FINE,330750,5072,288,0.050910709,0.035820298,upper,-1.3048989,-0.38255178,2.1179737e-16,0.9580959950188611,0.2864473151014306,1.3597993402627904,0.012087105246780359
FINE,330750,5072,289,0.05197840149999999,0.0361371115,upper,-1.290333,-0.37269052,-3.8780955e-21,0.9592652971920145,0.2825067956759915,1.3430592733056825,0.011938304651606066
FINE,330750,5072,290,0.053055505,0.0364519475,upper,-1.2759928,-0.36312383,4.961922e-20,0.9603987172500437,0.2786293306607733,1.326638798040168,0.01179234487146816
FINE,330750,5072,291,0.05414195100000001,0.036764797,upper,-1.2619209,-0.3538152,-5.2820017e-20,0.9614976060026199,0.27481330690348793,1.3105670494593904,0.01164948488408347
FINE,330750,5072,292,0.05523767,0.0370756495,upper,-1.2481812,-0.34485282,1.9721726e-16,0.9625634419427526,0.2710564890116468,1.2949281866552007,0.01151047277026845
FINE,330750,5072,293,0.0563425925,0.037384494500000004,upper,-1.2348632,-0.33623849,1.9365509e-16,0.9635973266771095,0.2673577977556063,1.2798068605390112,0.011376060982568988
FINE,330750,5072,294,0.057456649,0.037691323,upper,-1.2219382,-0.32788504,9.2982601e-20,0.964600310283745,0.2637162137611242,1.2651505681652757,0.011245782828135785
FINE,330750,5072,295,0.058579768000000004,0.0379961255,upper,-1.2092656,-0.3197967,1.8718444e-16,0.9655735495149391,0.26013019908715207,1.2508236569367268,0.011118432506104238
FINE,330750,5072,296,0.059711877499999996,0.0382988925,upper,-1.1967831,-0.31193281,1.8398956e-16,0.96651813068134,0.2565983302054949,1.236754002825327,0.010993368914002906
FINE,330750,5072,297,0.0608529065,0.038599615000000004,upper,-1.1844913,-0.3043124,0.0,0.9674350631801787,0.2531193365382497,1.2229457684402343,0.010870629052802082
FINE,330750,5072,298,0.0620027825,0.038898284,upper,-1.1724687,-0.29691342,-4.3240761e-20,0.9683253112715869,0.24969199336539447,1.2094680225804295,0.010750826867381595
FINE,330750,5072,299,0.06316143199999999,0.039194890499999996,upper,-1.1607919,-0.2897743,-3.5011067e-16,0.9691897764923157,0.2463151987652712,1.1964034564166577,0.01063469739037029
FINE,330750,5072,300,0.064328781,0.039489426,upper,-1.1494507,-0.28286053,0.0,0.9700293608754136,0.24298773433989787,1.1837325671976795,0.010522067263979373
FINE,330750,5072,301,0.065504756,0.039781882000000005,upper,-1.1383792,-0.27616459,-3.3898478e-16,0.9708449991889304,0.2397081299202128,1.1713886509197775,0.010412343563731356
FINE,330750,5072,302,0.066689282,0.040072249500000004,upper,-1.1274802,-0.26965769,3.3362092e-16,0.9716374565582742,0.2364754807859958,1.159269425738205,0.010304617117672934
FINE,330750,5072,303,0.067882283,0.0403605205,upper,-1.1167284,-0.2633318,0.0,0.9724074334102795,0.23328905556933627,1.1473474241837411,0.010198643770522143
FINE,330750,5072,304,0.069083684,0.0406466875,upper,-1.1061526,-0.25715744,-2.1549892e-21,0.9731557280606767,0.23014762423864876,1.1356429126705032,0.010094603668182251
FINE,330750,5072,305,0.0702934085,0.040930742500000006,upper,-1.0958172,-0.25117707,1.5919795e-16,0.9738830733565125,0.22705012536810842,1.124227607806022,0.009993134291609085
FINE,330750,5072,306,0.0715113795,0.041212678,upper,-1.0857492,-0.24538933,-3.5603238e-22,0.9745901499183502,0.22399562424772446,1.1131266117588097,0.00989445877118942
FINE,330750,5072,307,0.0727375195,0.0414924865,upper,-1.0759531,-0.23976323,-3.7865102e-20,0.975277654259274,0.22098302446687632,1.1023366191823414,0.009798547726065256
FINE,330750,5072,308,0.0739717505,0.0417701605,upper,-1.06638,-0.2343103,-1.5204094e-16,0.9759462215844024,0.21801140469050845,1.0918118494096296,0.009704994216974485
FINE,330750,5072,309,0.07521399449999999,0.042045692999999995,upper,-1.0569495,-0.22902653,-7.3163232e-20,0.9765964023059517,0.21508014088490784,1.081472137457856,0.009613085666292053
FINE,330750,5072,310,0.076464172,0.042319077499999996,upper,-1.0476429,-0.22382744,-1.4756869e-16,0.9772287595177997,0.21218848124085882,1.0712803761382597,0.009522492232340085
FINE,330750,5072,311,0.07772220299999999,0.0425903075,upper,-1.0384706,-0.21876888,-3.5685249e-20,0.977843958073728,0.20933512285019223,1.061258212217798,0.009433406330824871
FINE,330750,5072,312,0.0789880085,0.042859376,upper,-1.0294571,-0.21386589,1.4346121e-16,0.9784425381116781,0.20651924756200618,1.0514320404830664,0.0093460625820717
FINE,330750,5072,313,0.08026150800000001,0.043126277,upper,-1.0206659,-0.20909286,-3.4673736e-20,0.9790249406749857,0.20374043667456132,1.0418580427984139,0.009260960380430346
FINE,330750,5072,314,0.0815426195,0.043391004500000004,upper,-1.0120709,-0.20446565,1.3940575e-16,0.9795917157934871,0.20099768742145235,1.032513392242783,0.009177896819935848
FINE,330750,5072,315,0.0828312625,0.0436535525,upper,-1.0036913,-0.19996979,1.4304044e-21,0.9801433534101488,0.1982902084468825,1.023413407912771,0.009097008070335743
FINE,330750,5072,316,0.08412735499999999,0.043913915500000004,upper,-0.99547077,-0.19557629,-3.4325231e-20,0.9806802951415481,0.19561737837187695,1.014496689649882,0.009017748352443395
FINE,330750,5072,317,0.08543081450000001,0.044172088,upper,-0.98736971,-0.19129064,1.3376166e-16,0.9812029817173777,0.19297851867222732,1.0057250878524848,0.008939778558688754
FINE,330750,5072,318,0.08674155800000001,0.044428065,upper,-0.97933019,-0.18711451,-3.2071323e-20,0.9817118029017865,0.19037314948102335,0.9970415850433475,0.008862591867051978
FINE,330750,5072,319,0.08805950200000001,0.044681842,upper,-0.97142943,-0.18302008,3.1914119e-20,0.9822072106809707,0.18780041343486745,0.9885162375045878,0.00878681100004078
FINE,330750,5072,320,0.089384563,0.044933414000000005,upper,-0.96364895,-0.17904529,3.24073e-20,0.9826896662939656,0.18525933109847537,0.9801376757617628,0.008712334895660114
FINE,330750,5072,321,0.0907166565,0.045182776,upper,-0.95604858,-0.17515912,-3.1078468e-20,0.9831595190941268,0.18274944600355267,0.9719584942858926,0.008639631060319045
FINE,330750,5072,322,0.0920556985,0.045429924000000003,upper,-0.94858336,-0.17139836,-1.2511827e-16,0.983617094790115,0.18027038258309108,0.9639408566607601,0.008568363170317868
FINE,330750,5072,323,0.093401603,0.045674854,upper,-0.94129931,-0.1677237,3.0029909e-20,0.9840627731633548,0.1778214229896039,0.9561224763784337,0.00849886645669719
FINE,330750,5072,324,0.09475428450000001,0.045917561999999995,upper,-0.93415805,-0.16414508,-2.9894004e-20,0.9844969166895725,0.1754018843363008,0.9484670762622763,0.00843081845566468
FINE,330750,5072,325,0.096113658,0.046158044499999995,upper,-0.92711877,-0.1606389,-2.4082577e-16,0.98491980998217,0.17301146755254726,0.94093001461433,0.008363822352127378
FINE,330750,5072,326,0.09747963600000001,0.0463962985,upper,-0.92012078,-0.1572068,2.9030883e-20,0.985331795724382,0.17064950141903323,0.9334515224804006,0.00829734686649245
FINE,330750,5072,327,0.09885213200000001,0.046632320500000005,upper,-0.91321947,-0.15386122,1.1744062e-16,0.9857332296474721,0.1683151804465771,0.9260879565480833,0.008231892947094074
FINE,330750,5072,328,0.1002310595,0.046866107500000004,upper,-0.90640456,-0.1505769,-1.1390077e-22,0.9861243353721577,0.16600841902391608,0.9188246274188153,0.008167330021500581
FINE,330750,5072,329,0.10161633,0.0470976575,upper,-0.89972266,-0.14739496,-1.4046037e-20,0.9865054181124924,0.16372861703042765,0.911714051846639,0.008104124905303458
FINE,330750,5072,330,0.10300785500000001,0.0473269675,upper,-0.8931608,-0.14426276,0.0,0.986876810119668,0.16147495672093753,0.9047345041553737,0.0080420844813811
FINE,330750,5072,331,0.104405545,0.047554035,upper,-0.8867262,-0.14122068,7.7907474e-22,0.987238732241466,0.1592472466395041,0.8978994539918511,0.007981328479927566
FINE,330750,5072,332,0.105809315,0.04777885900000001,upper,-0.88040353,-0.1382588,0.0,0.9875914443812802,0.15704502215892344,0.891191850140744,0.00792170533458439
FINE,330750,5072,333,0.107219075,0.0480014375,upper,-0.87422253,-0.13535139,-1.0930489e-16,0.9879351981813318,0.1548678281452056,0.88463678423587,0.007863438082096622
FINE,330750,5072,334,0.10863473,0.0482217685,upper,-0.86808926,-0.13251816,1.3239448e-20,0.988270257940645,0.15271508527297145,0.878144319000321,0.007805727280002853
FINE,330750,5072,335,0.110056195,0.04843985099999999,upper,-0.8620054,-0.1297358,2.1360878e-16,0.9885968757437805,0.15058624528699835,0.8717122723155728,0.0077485535316939805
FINE,330750,5072,336,0.11148337999999999,0.048655684000000005,upper,-0.85597845,-0.12700272,1.284141e-20,0.9889152031989327,0.14848138227405328,0.865347642233822,0.007691979042078418
FINE,330750,5072,337,0.11291619,0.048869267,upper,-0.85004717,-0.12433523,-9.7318685e-23,0.9892254674774682,0.14640004950130445,0.8590909929479049,0.007636364381759155
FINE,330750,5072,338,0.11435453500000001,0.0490805995,upper,-0.84419812,-0.12172263,-1.2654092e-20,0.9895279480932642,0.14434140065253062,0.852927248373101,0.007581575541094231
FINE,330750,5072,339,0.11579832500000001,0.049289681,upper,-0.83845133,-0.11918451,-2.0427888e-16,0.9898228279471243,0.14230519763788527,0.8468788418075521,0.007527811927178241
FINE,330750,5072,340,0.11724747,0.049496512,upper,-0.83278712,-0.11669944,0.0,0.9901103082522725,0.14029104566076192,0.8409229985573476,0.0074748710982875345
FINE,330750,5072,341,0.11870187999999998,0.0497010925,upper,-0.82723357,-0.11425887,-1.16279e-20,0.9903905974938109,0.13829846129242365,0.8350861755692494,0.007422988227282217
FINE,330750,5072,342,0.12016146,0.0499034225,upper,-0.82176871,-0.11187451,-9.8874391e-17,0.9906637755645008,0.13632785402949932,0.8293481047582711,0.007371983153406854
FINE,330750,5072,343,0.12162611,0.0501035035,upper,-0.81639369,-0.10952852,-9.783786e-17,0.9909300940248387,0.13437837904932579,0.8237073409702567,0.007321843030846726
FINE,330750,5072,344,0.123095745,0.050301336,upper,-0.81103047,-0.10726652,-1.1864072e-20,0.991189804910002,0.13244912473275242,0.8180924900224954,0.007271933244644403
FINE,330750,5072,345,0.12457027,0.050496921,upper,-0.80572242,-0.10500886,9.5822919e-17,0.991442953215454,0.13054068530316282,0.8125357441040062,0.007222539947591166
FINE,330750,5072,346,0.12604959,0.050690261,upper,-0.80046825,-0.10280867,9.488052e-17,0.9916897587103328,0.12865233176682714,0.8070427408191286,0.007173713251725588
FINE,330750,5072,347,0.127533615,0.050881357,upper,-0.79529037,-0.10065167,-8.2985542e-23,0.9919303711005101,0.1267838273929457,0.8016336758028537,0.007125632673803144
FINE,330750,5072,348,0.12902224,0.051070211000000004,upper,-0.79018282,-0.098524832,-1.1389354e-20,0.9921649342345611,0.12493495617852167,0.7963008812069963,0.0070782300551733
FINE,330750,5072,349,0.13051538000000001,0.051256825500000006,upper,-0.78514629,-0.096499539,9.2045621e-17,0.9923936722232203,0.12310483065790619,0.7910537693726984,0.007031589061090653
FINE,330750,5072,350,0.13201294000000002,0.051441202500000005,upper,-0.78018046,-0.09445117,1.8228669e-16,0.9926166548166724,0.12129376150717328,0.7858764560465861,0.006985568498191876
FINE,330750,5072,351,0.13351482,0.051623345,upper,-0.77530643,-0.092481504,1.0979414e-20,0.9928340313596499,0.11950140657810582,0.7808022782464169,0.006940464695523706
FINE,330750,5072,352,0.13502092999999998,0.051803256000000006,upper,-0.7704979,-0.090537446,-2.1825945e-20,0.9930459605496335,0.11772731304185903,0.7757985574542278,0.006895987177370913
FINE,330750,5072,353,0.13653116999999998,0.051980938500000004,upper,-0.76575059,-0.088643809,-8.8538672e-17,0.9932525543996835,0.11597138948250929,0.7708638752493169,0.006852123335549483
FINE,330750,5072,354,0.138045445,0.052156395999999994,upper,-0.76102774,-0.086763958,8.7719479e-17,0.9934539477597786,0.11423332998959332,0.7659573485031196,0.006808509764472174
FINE,330750,5072,355,0.13956366,0.0523296325,upper,-0.75634276,-0.08494311,8.6906868e-17,0.9936502650495574,0.11251289155889707,0.7610973788664193,0.006765310034368172
FINE,330750,5072,356,0.141085715,0.052500651499999995,upper,-0.7516985,-0.083152311,-2.7709351e-22,0.9938416302976003,0.11080980952699038,0.7562833544758998,0.006722518706452443
FINE,330750,5072,357,0.142611515,0.0526694575,upper,-0.74712198,-0.081383511,0.0,0.9940281848240607,0.10912363527386218,0.7515411701932285,0.0066803659572731424
FINE,330750,5072,358,0.14414096999999998,0.052836055,upper,-0.74258984,-0.079657069,0.0,0.9942100221920684,0.10745432412353983,0.7468497578170616,0.006638664513929437
FINE,330750,5072,359,0.145673975,0.053000448500000005,upper,-0.73812628,-0.077952396,8.3802587e-17,0.9943872192863584,0.1058019759737196,0.7422308565800699,0.006597607614045066
FINE,330750,5072,360,0.14721043,0.053162643,upper,-0.73371415,-0.076299915,-1.0105588e-20,0.9945599412541164,0.10416584494261408,0.7376705470363386,0.0065570715292118985
FINE,330750,5072,361,0.14875024,0.053322642999999996,upper,-0.7293699,-0.074681714,1.0085684e-20,0.9947282941434201,0.10254570118011552,0.7331831651540198,0.006517183690257954
FINE,330750,5072,362,0.15029331,0.053480454499999996,upper,-0.72508076,-0.073082574,8.1631275e-17,0.9948923308323552,0.10094181517569181,0.7287543750353673,0.006477816666981043
FINE,330750,5072,363,0.15183954,0.0536360835,upper,-0.72085184,-0.071515934,-9.8471021e-21,0.9950521851578877,0.09935365525491563,0.7243905680189534,0.0064390272712795855
FINE,330750,5072,364,0.15338883,0.053789535,upper,-0.71664708,-0.06998784,-4.0117399e-17,0.9952079859730635,0.09778069674244966,0.720056356898976,0.00640050095021312
FINE,330750,5072,365,0.15494109,0.0539408155,upper,-0.71247191,-0.068466978,0.0,0.9953597800317034,0.09622322118511084,0.7157539967843377,0.006362257749194113
FINE,330750,5072,366,0.156496215,0.0540899315,upper,-0.70832458,-0.066994669,-4.8015654e-21,0.9955076472738869,0.09468117140810305,0.7114856698810822,0.00632431706560962
FINE,330750,5072,367,0.1580541,0.054236888999999996,upper,-0.70423254,-0.065526391,3.9147073e-17,0.9956516935359411,0.0931542009735067,0.7072743796904,0.006286883375025778
FINE,330750,5072,368,0.15961465000000002,0.0543816955,upper,-0.70017608,-0.064103491,0.0,0.9957920337975315,0.0916418322894944,0.7031043240909761,0.00624981621414201
FINE,330750,5072,369,0.16117777,0.054524357499999995,upper,-0.69617243,-0.062712522,3.8517671e-17,0.995928766725101,0.09014372751012309,0.6989912901325572,0.006213255912289398
FINE,330750,5072,370,0.16274336,0.054664882,upper,-0.69220472,-0.061337445,0.0,0.9960619323611036,0.08866017652285631,0.6949169596938376,0.006177039641723001
FINE,330750,5072,371,0.16431131999999998,0.054803277,upper,-0.68829697,-0.059979048,-3.7920448e-17,0.9961916119223807,0.08719101063463443,0.6909053018376138,0.006141380460778789
FINE,330750,5072,372,0.16588155,0.054939550000000004,upper,-0.68443231,-0.058668917,4.6076471e-21,0.9963178998480303,0.08573588771576406,0.6869421933676535,0.0061061528299346975
FINE,330750,5072,373,0.167453945,0.0550737085,upper,-0.68062231,-0.057368899,4.5432118e-21,0.9964408707273986,0.08429466853854754,0.6830357795385198,0.006071429151453509
FINE,330750,5072,374,0.16902841,0.055205761000000006,upper,-0.6768418,-0.056094338,-4.4971861e-21,0.9965605964668218,0.08286722856287862,0.6791622502498067,0.006036997779998282
FINE,330750,5072,375,0.170604845,0.05533571599999999,upper,-0.67309356,-0.054832652,-7.3564958e-17,0.9966771406542544,0.0814535284518708,0.6753232777533663,0.006002873580029923
FINE,330750,5072,376,0.17218314499999998,0.055463582,upper,-0.66936768,-0.053613486,4.4710028e-21,0.9967906075093074,0.0800530123182507,0.6715113374494781,0.005968989666217583
FINE,330750,5072,377,0.17376322,0.0555893675,upper,-0.66567009,-0.052399127,3.6240311e-17,0.996901053972667,0.07866567604861527,0.6677292270688924,0.005935370907279043
FINE,330750,5072,378,0.17534496,0.0557130815,upper,-0.66201087,-0.051211309,-3.598091e-17,0.9970085151610202,0.07729178932084546,0.6639886882252279,0.005902121673113137
FINE,330750,5072,379,0.176928265,0.0558347335,upper,-0.65838731,-0.050055258,0.0,0.9971130853857798,0.07593085639218412,0.6602873406598155,0.005869220805865027
FINE,330750,5072,380,0.17851304,0.055954333,upper,-0.65480479,-0.048904779,0.0,0.9972148300084921,0.07458272461592205,0.6566284990131559,0.0058366977690058304
FINE,330750,5072,381,0.18009918,0.0560718895,upper,-0.65126069,-0.047788208,2.1438988e-21,0.9973138247640162,0.07324708140649161,0.6530116364239986,0.005804547879324432
FINE,330750,5072,382,0.18168658499999998,0.05618741199999999,upper,-0.64775477,-0.046676194,6.9985014e-17,0.9974101258677366,0.07192385429400915,0.6494342984533816,0.005772749319585615
FINE,330750,5072,383,0.18327515499999997,0.056300910999999995,upper,-0.64428797,-0.045599044,0.0,0.9975037688501693,0.07061325038339504,0.6458995750110403,0.005741329555653692
FINE,330750,5072,384,0.18486479,0.056412396999999996,upper,-0.64086495,-0.044536617,6.9050408e-17,0.9975948145393534,0.0693151210356963,0.6424106119378975,0.005710316550559089
FINE,330750,5072,385,0.186455385,0.056521880499999996,upper,-0.63746847,-0.043491497,3.4299562e-17,0.997683337221597,0.06802910134918055,0.638950357980386,0.005679558737603431
FINE,330750,5072,386,0.18804684499999996,0.056629372000000004,upper,-0.63410148,-0.042462493,4.1598584e-21,0.9977694009618638,0.06675494366864222,0.6355216351768764,0.005649081201572235
FINE,330750,5072,387,0.189639065,0.056734882,upper,-0.63074759,-0.041457854,-3.1030424e-21,0.9978530441234582,0.06549276550541845,0.6321085922654148,0.005618743042359243
FINE,330750,5072,388,0.19123194,0.0568384215,upper,-0.62744025,-0.040464474,-6.7287098e-17,0.9979343153001693,0.06424252755287826,0.6287436963613748,0.005588832856545554
FINE,330750,5072,389,0.19282537,0.056940002,upper,-0.62412622,-0.039486016,-2.0245936e-21,0.9980132813430869,0.06300389085449155,0.6253740294368,0.005558880261660445
FINE,330750,5072,390,0.194419255,0.0570396345,upper,-0.62091452,-0.038541162,-3.322828e-17,0.9980900062253918,0.06177652849584016,0.622109516324792,0.005529862367331484
FINE,330750,5072,391,0.1960135,0.0571373305,upper,-0.61759552,-0.037591665,-5.0548317e-22,0.9981645207769515,0.060560626335256586,0.6187385110321774,0.0054998978758415765
FINE,330750,5072,392,0.197608,0.057233102,upper,-0.61454875,-0.036683444,-3.2830433e-17,0.9982368602935033,0.05935630338362354,0.6156426083285172,0.005472378740697931
FINE,330750,5072,393,0.19920265,0.057326960999999996,upper,-0.61113328,-0.035754836,3.2638839e-17,0.9983119501200691,0.058079688768663706,0.6121782862869288,0.005441584766994923
FINE,330750,5072,394,0.20094562500000002,0.057427278,upper,-0.60769149,-0.034777348,0.0,0.998386052855035,0.056791631994010675,0.6086857704040386,0.005410540181369232
FINE,330750,5072,395,0.20283688,0.0575336885,upper,-0.6043549,-0.033731873,0.0,0.9984594531481188,0.0554862182812951,0.605295517029701,0.005380404595819564
FINE,330750,5072,396,0.204728135,0.05763747899999999,upper,-0.60056661,-0.032693474,-2.6975031e-17,0.9985347188199021,0.05411483448426223,0.6014558129831974,0.005346273893183977
FINE,330750,5072,397,0.206619385,0.0577386785,upper,-0.59699218,-0.031678193,0.0,0.9986073191657984,0.052758147318658445,0.5978320432058286,0.005314062606274032
FINE,330750,5072,398,0.208510635,0.057837315,upper,-0.59342125,-0.030693206,0.0,0.9986773410871765,0.05141564352458536,0.5942144670329514,0.005281906373626235
FINE,330750,5072,399,0.21040189000000004,0.057933416,upper,-0.58988609,-0.029714864,0.0,0.9987448343472253,0.05008748211612997,0.5906340279599657,0.005250080248533028
FINE,330750,5072,400,0.21229314500000002,0.058027009500000004,upper,-0.58638407,-0.028760253,0.0,0.9988098560519449,0.04877367582511056,0.5870889318043238,0.0052185682827051005
FINE,330750,5072,401,0.214184395,0.0581181225,upper,-0.58291934,-0.027830118,0.0,0.9988724970647386,0.047473514801981496,0.5835832902519432,0.005187407024461717
FINE,330750,5072,402,0.21607565,0.058206781,upper,-0.57948871,-0.026908385,-2.5902173e-17,0.9989328284864321,0.04618662330260244,0.5801131035979301,0.00515656092087049
FINE,330750,5072,403,0.217966905,0.05829301049999999,upper,-0.57609025,-0.026016502,2.5729981e-17,0.9989908991073569,0.04491306603511523,0.5766773976868107,0.00512602131277165
FINE,330750,5072,404,0.219858155,0.0583768365,upper,-0.57273086,-0.025131992,0.0,0.9990467677255908,0.043652673423851485,0.5732819930989647,0.005095839938657464
FINE,330750,5072,405,0.22174941,0.0584582845,upper,-0.56940754,-0.024272404,2.5390571e-17,0.9991005061631054,0.04240493585216784,0.5699246311616867,0.005065996721437215
FINE,330750,5072,406,0.22364066500000002,0.058537378,upper,-0.56611961,-0.023428901,0.0,0.9991521710599539,0.041169637673660345,0.5666041967763764,0.005036481749123346
FINE,330750,5072,407,0.225531915,0.058614141,upper,-0.56285615,-0.022603313,5.0115792e-17,0.9992018024747039,0.03994693894784393,0.5633098127784023,0.00500719833580802
FINE,330750,5072,408,0.22742316499999998,0.058688597999999995,upper,-0.55961863,-0.021785587,0.0,0.9992494658284348,0.03873635297221237,0.5600425112828794,0.004978155655847817
FINE,330750,5072,409,0.22931442,0.0587607715,upper,-0.55639974,-0.020993753,-4.9463108e-17,0.9992952207656217,0.037537471345141196,0.556795653418899,0.00494929469705688
FINE,330750,5072,410,0.231205675,0.058830684,upper,-0.55320792,-0.020206779,0.0,0.9993391010193756,0.03635053196015516,0.55357683261545,0.004920682956581777
FINE,330750,5072,411,0.233096925,0.0588983585,upper,-0.55004644,-0.019446862,4.8823059e-17,0.9993811635642634,0.035175132024470666,0.5503900971598924,0.004892356419199043
FINE,330750,5072,412,0.23498818,0.0589638165,upper,-0.54691584,-0.018692804,0.0,0.9994214578504813,0.03401102156681835,0.547235187494309,0.004864312777727191
FINE,330750,5072,413,0.236879435,0.05902708,upper,-0.54381407,-0.017952938,0.0,0.9994600231575616,0.032858212213790726,0.5441103244422729,0.004836536217264648
FINE,330750,5072,414,0.23877068499999998,0.05908817,upper,-0.54074503,-0.017235523,2.3942302e-17,0.9994969111704907,0.03171631379350767,0.5410196344716575,0.004809063417525844
FINE,330750,5072,415,0.24066193999999996,0.0591471075,upper,-0.53770072,-0.016522231,0.0,0.9995321590829086,0.0305853389560917,0.5379544996374803,0.004781817774555381
FINE,330750,5072,416,0.242553195,0.0592039135,upper,-0.53468991,-0.015831886,-1.1818297e-17,0.9995658159101356,0.029464888662692704,0.5349242409063775,0.004754882141390022
FINE,330750,5072,417,0.244444445,0.059258607000000005,upper,-0.53170466,-0.01514758,-1.1742815e-17,0.9995979193685851,0.02835488659818088,0.5319203797677179,0.004728181153490826
FINE,330750,5072,418,0.246335695,0.059311209000000004,upper,-0.52874575,-0.014476765,-1.1668177e-17,0.9996285025806058,0.02725539998708319,0.5289438923389533,0.004701723487457363
FINE,330750,5072,419,0.24822695,0.059361739000000004,upper,-0.52580808,-0.013824791,-1.1594056e-17,0.9996576154473793,0.026165853283610537,0.5259897888887475,0.0046754647901222
FINE,330750,5072,420,0.250118205,0.0594102155,upper,-0.52288744,-0.013179034,2.3041208e-17,0.9996852854581074,0.025086451294322864,0.5230534949134062,0.004649364399230278
FINE,330750,5072,421,0.252009455,0.059456658499999995,upper,-0.51998995,-0.012543924,0.0,0.9997115479325384,0.024017096625695372,0.5201412264586367,0.004623477568521215
FINE,330750,5072,422,0.25390071000000003,0.0595010865,upper,-0.51711701,-0.011928725,0.0,0.9997364471184107,0.022957271245883346,0.5172545732973381,0.004597818429309672
FINE,330750,5072,423,0.255791965,0.059543517500000004,upper,-0.51426656,-0.011318585,-1.1304002e-17,0.9997600141981207,0.021906939781119097,0.5143910988872211,0.004572365323441965
FINE,330750,5072,424,0.257683215,0.0595839695,upper,-0.5114438,-0.010721081,1.1232993e-17,0.9997822776396988,0.020866176400488257,0.5115561552160526,0.00454716582414269
FINE,330750,5072,425,0.25957446500000003,0.059622461,upper,-0.50864433,-0.010132817,1.116266e-17,0.9998032709651524,0.019834801924445214,0.50874524731001,0.004522179976088978
FINE,330750,5072,426,0.26146572,0.0596590095,upper,-0.50587133,-0.0095626297,0.0,0.9998230320694698,0.0188123508209882,0.5059617025423029,0.004497437355931581
FINE,330750,5072,427,0.263356975,0.0596936315,upper,-0.50311913,-0.0089947683,2.7149399e-24,0.9998415851268814,0.01779900702188436,0.5031995263909894,0.004472884679031017
FINE,330750,5072,428,0.265248225,0.059726345,upper,-0.50039197,-0.0084450835,-1.0954871e-17,0.9998589568503002,0.0167948327240719,0.5004632269051901,0.0044485620169350225
FINE,330750,5072,429,0.26713948,0.059757167,upper,-0.49768605,-0.0078970464,-5.4433403e-18,0.9998751852342622,0.015799175698431964,0.49774869825583057,0.004424432873385161
FINE,330750,5072,430,0.269030735,0.059786112999999995,upper,-0.49499798,-0.0073708393,0.0,0.9998902947877579,0.01481210279638482,0.49505285377095193,0.00440046981129735
FINE,330750,5072,431,0.270921985,0.0598132,upper,-0.49232925,-0.006843497,5.3759292e-18,0.9999043081373599,0.01383381973091919,0.49237680980086235,0.004376682753785443
FINE,330750,5072,432,0.27281323999999996,0.059838444500000004,upper,-0.48967959,-0.006324665,0.0,0.999917256128355,0.012863937839615142,0.4897204321122743,0.00435307050766466
FINE,330750,5072,433,0.274704495,0.059861862,upper,-0.48704392,-0.0058265162,5.3097579e-18,0.9999291641700055,0.01190237968953921,0.4870787692477627,0.004329589059980113
FINE,330750,5072,434,0.276595745,0.059883468499999995,upper,-0.48442859,-0.0053304633,-1.0553919e-17,0.9999400581204104,0.010948980142015789,0.4844579155766079,0.004306292582903181
FINE,330750,5072,435,0.278486995,0.059903279000000004,upper,-0.48183085,-0.0048440397,0.0,0.9999499629015282,0.0100035840193678,0.4818551983404439,0.004283157318581724
FINE,330750,5072,436,0.28037825000000005,0.059921309,upper,-0.47925576,-0.0043647538,0.0,0.9999589009284422,0.009066226005451492,0.4792756348776342,0.004260227865578971
FINE,330750,5072,437,0.28226950500000003,0.059937573499999994,upper,-0.47670039,-0.0039034424,0.0,0.9999668967824493,0.008136666349197921,0.4767163706917054,0.004237478850592937
FINE,330750,5072,438,0.284160755,0.059952087,upper,-0.47416512,-0.0034380458,0.0,0.9999739715181085,0.00721500424816145,0.47417758371681284,0.0042149118552605586
FINE,330750,5072,439,0.28605201,0.059964865,upper,-0.47164983,-0.0029906873,-5.1167279e-18,0.9999801477839306,0.006301114030724593,0.47165931136737327,0.004192527212154429
FINE,330750,5072,440,0.287943265,0.0599759215,upper,-0.46915542,-0.0025459573,0.0,0.9999854488946444,0.00539462686167515,0.4691623277596947,0.004170331802308397
FINE,330750,5072,441,0.289834515,0.0599852705,upper,-0.46667634,-0.0021115292,0.0,0.9999898944764083,0.004495658468093794,0.46668111670536505,0.0041482765929365785
FINE,330750,5072,442,0.291725765,0.059992926499999995,upper,-0.46421477,-0.0016849909,0.0,0.9999935048434826,0.0036042018322612066,0.4642178278997003,0.00412638069244178
FINE,330750,5072,443,0.29361702,0.059998903500000006,upper,-0.46176833,-0.0012622128,1.2482102e-18,0.9999963007681759,0.0027200091844984805,0.4617700550423071,0.004104622711487174
FINE,330750,5072,444,0.295508275,0.060003215,upper,-0.45933652,-0.00085668519,0.0,0.9999983019997897,0.0018428232518091375,0.4593373187658801,0.004082998389030045
FINE,330750,5072,445,0.297399525,0.060005874,upper,-0.45691608,-0.00045449463,0.0,0.9999995268614995,0.0009727675863199281,0.45691630593305527,0.004061478274960491
FINE,330750,5072,446,0.29929078,0.060006894500000005,upper,-0.45451306,-5.2694156e-05,3.8298434e-20,0.9999999939522128,0.00010997988041993261,0.45451306304649874,0.004040116115968878
FINE,330750,5072,447,0.301182035,0.060006290000000004,upper,-0.45212287,0.0003320619,0.0,0.9999997217911694,-0.0007459340344648853,0.4521229919116978,0.0040188710392150915
FINE,330750,5072,448,0.30307328499999997,0.060004073000000005,upper,-0.44974864,0.00071385984,1.2107252e-18,0.9999987278193426,-0.001595104917059026,0.44974920651982037,0.003997770724620625
FINE,330750,5072,449,0.30496453999999995,0.0600002565,upper,-0.44738979,0.0010884303,0.0,0.9999970292251307,-0.0024375276230492156,0.4473911139845771,0.00397680990208513
FINE,330750,5072,450,0.306855795,0.059994853,upper,-0.4450484,0.0014523357,0.0,0.9999946430333801,-0.0032732101280505575,0.4450507696904996,0.00395600684169333
FINE,330750,5072,451,0.308747045,0.059987875499999996,upper,-0.44272315,0.0018206626,-1.1888125e-18,0.9999915861613133,-0.004102146582069728,0.4427268936236947,0.003935350165543953
FINE,330750,5072,452,0.310638295,0.059979336499999994,upper,-0.44041571,0.0021711257,4.7265142e-18,0.9999878734980333,-0.004924718964684487,0.440421061481936,0.003914853879839431
FINE,330750,5072,453,0.31252955000000004,0.0599692475,upper,-0.43812121,0.0025165121,0.0,0.9999835214586129,-0.0057408023160455054,0.4381284372000005,0.0038944749973333376
FINE,330750,5072,454,0.314420805,0.0599576215,upper,-0.43584455,0.0028618424,2.3347266e-18,0.999978545817231,-0.006550412601963566,0.4358539455598872,0.0038742572938656643
FINE,330750,5072,455,0.316312055,0.05994447,upper,-0.43358065,0.0031922837,-2.3206116e-18,0.9999729605199494,-0.007353790109015831,0.4335924015889623,0.003854154680790776
FINE,330750,5072,456,0.31820331,0.059929805,upper,-0.43133038,0.0035254095,2.3065774e-18,0.9999667806149731,-0.008150930408621589,0.43134478683752936,0.003834175883000261
FINE,330750,5072,457,0.320094565,0.059913638000000005,upper,-0.42909245,0.0038432046,4.5853158e-18,0.9999600195472184,-0.008941996819879006,0.4291096606128752,0.0038143080943366684
FINE,330750,5072,458,0.321985815,0.0598959805,upper,-0.42686446,0.004161499,0.0,0.9999526933310271,-0.009726823737729928,0.4268847446315522,0.003794531063391575
FINE,330750,5072,459,0.32387707,0.0598768445,upper,-0.42464966,0.0044723285,0.0,0.999944813912083,-0.010505671341216027,0.4246732100598803,0.003774872978310047
FINE,330750,5072,460,0.32576832499999997,0.059856240500000005,upper,-0.42244369,0.0047738664,0.0,0.9999363947904872,-0.011278580291986199,0.4224706628160858,0.0037552947805874295
FINE,330750,5072,461,0.327659575,0.0598341805,upper,-0.42024971,0.0050774264,0.0,0.9999274500450059,-0.012045523919371475,0.4202803811636033,0.00373582561034314
FINE,330750,5072,462,0.329550825,0.05981067500000001,upper,-0.41806846,0.0053661121,-4.4485557e-18,0.999917988755103,-0.01280686393890568,0.4181028967526888,0.003716470193357234
FINE,330750,5072,463,0.33144208,0.0597857345,upper,-0.41589787,0.0056572233,-4.4216959e-18,0.999908026897812,-0.013562365034327721,0.41593634391017803,0.0036972119458682493
FINE,330750,5072,464,0.33333333499999995,0.05975937049999999,upper,-0.41374235,0.0059376442,-8.7901582e-18,0.9998975771627063,-0.014312064286806234,0.41378495328010706,0.003678088473600952
FINE,330750,5072,465,0.335224585,0.0597315935,upper,-0.41159916,0.0062158894,0.0,0.9998866494258307,-0.015056171491648371,0.4116460924956659,0.0036590763777392525
FINE,330750,5072,466,0.33711584000000006,0.059702413999999995,upper,-0.40947073,0.0064857679,-4.3422621e-18,0.9998752562137929,-0.015794683010495077,0.40952209171885895,0.0036401963708343017
FINE,330750,5072,467,0.339007095,0.0596718425,upper,-0.40735348,0.0067487054,8.632082e-18,0.9998634088852606,-0.016527660824993635,0.4074093794479328,0.0036214167062038473
FINE,330750,5072,468,0.34089834499999994,0.0596398895,upper,-0.40525035,0.007016611,0.0,0.9998511157309824,-0.017255328785905785,0.4053110885276389,0.0036027652313567905
FINE,330750,5072,469,0.342789595,0.0596065645,upper,-0.40315766,0.0072672965,0.0,0.9998383891927644,-0.017977638788736112,0.4032231541965718,0.003584205815080638
FINE,330750,5072,470,0.34468085000000004,0.059571877999999995,upper,-0.40107634,0.0075205595,1.6953611e-17,0.9998252449996546,-0.018694369777570035,0.40114684202429196,0.003565749706882595
FINE,330750,5072,471,0.346572105,0.0595358405,upper,-0.39900693,0.0077664671,-8.4257254e-18,0.9998116864535541,-0.019405968950299616,0.3990825074093513,0.0035474000658609005
FINE,330750,5072,472,0.34846335500000003,0.059498461,upper,-0.39694585,0.0080095411,-1.6749897e-17,0.9997977233375557,-0.02011249385433158,0.3970266489644406,0.0035291257685728054
FINE,330750,5072,473,0.35035461,0.0594597495,upper,-0.39489475,0.0082426597,0.0,0.9997833719597189,-0.02081367706231416,0.3949807647813206,0.0035109401313895166
FINE,330750,5072,474,0.352245865,0.059419716,upper,-0.39285303,0.0084765542,-8.274104e-18,0.999768636090956,-0.02150986491890457,0.3929444675231192,0.0034928397113166147
FINE,330750,5072,475,0.354137115,0.0593783695,upper,-0.39081835,0.0087023673,0.0,0.9997535279897212,-0.022200974575584034,0.3909152252507963,0.0034748020022293004
FINE,330750,5072,476,0.35602837000000004,0.05933572,upper,-0.38879438,0.0089298774,0.0,0.9997380612641192,-0.022886870905830973,0.3888969166428439,0.0034568614812697236
FINE,330750,5072,477,0.3579196250000001,0.059291777,upper,-0.38677827,0.0091429394,8.125108e-18,0.9997222351543513,-0.02356804060561879,0.3868863177605671,0.003438989491205041
FINE,330750,5072,478,0.359810875,0.059246548999999996,upper,-0.38477014,0.0093602893,0.0,0.999706060734808,-0.02424442472182277,0.38488397577708894,0.003421190895796346
FINE,330750,5072,479,0.361702125,0.0592000455,upper,-0.38277291,0.0095655318,0.0,0.9996895559323814,-0.024915693041094242,0.382892412274949,0.003403488109110658
FINE,330750,5072,480,0.36359338,0.059152276000000004,upper,-0.38078858,0.0097767533,7.978423e-18,0.9996727226874641,-0.025582171812267032,0.38091406711958,0.003385902818840711
FINE,330750,5072,481,0.36548463500000006,0.059103249,upper,-0.3788133,0.009974298,0.0,0.9996555652800444,-0.02624406227387168,0.37894458964494926,0.003368396352399549
FINE,330750,5072,482,0.367375885,0.059052973499999994,upper,-0.37684841,0.010171629,-1.5764379e-17,0.9996380990935048,-0.02690113084471132,0.37698565654144256,0.0033509836137017115
FINE,330750,5072,483,0.36926714000000005,0.0590014585,upper,-0.37489478,0.010364922,-1.5668707e-17,0.9996203264157639,-0.0275536388965508,0.37503803367314487,0.0033336714104279545
FINE,330750,5072,484,0.371158395,0.058948712,upper,-0.37294947,0.010551808,0.0,0.9996022530841449,-0.028201695500468953,0.3730987093747331,0.00331643297221985
FINE,330750,5072,485,0.37304964500000004,0.058894743,upper,-0.37101343,0.010740426,-7.7395253e-18,0.9995838974136881,-0.028844965440462937,0.3711688575690064,0.003299278733946724
FINE,330750,5072,486,0.374940895,0.0588395605,upper,-0.36908684,0.010919644,0.0,0.9995652631403145,-0.029483634837548588,0.3692483351424792,0.003282207423488704
FINE,330750,5072,487,0.37683215000000003,0.058783172499999994,upper,-0.36716894,0.011095508,1.529138e-17,0.9995463488674183,-0.030118042197546935,0.3673365483726674,0.0032652137633125988
FINE,330750,5072,488,0.378723405,0.058725586999999996,upper,-0.36525848,0.011271905,1.519841e-17,0.9995271683183884,-0.030748004706389005,0.3654323628066687,0.0032482876693926107
FINE,330750,5072,489,0.380614655,0.058666813,upper,-0.36335468,0.011441363,-1.5106038e-17,0.9995077336270396,-0.03137340306276649,0.3635347672025646,0.0032314201529116855
FINE,330750,5072,490,0.38250591,0.058606858500000004,upper,-0.36146144,0.011606401,-1.5013977e-17,0.999488040748826,-0.031994630800697206,0.36164772898676917,0.0032146464798823928
FINE,330750,5072,491,0.384397165,0.058545731000000004,upper,-0.35957201,0.011766662,-3.751929e-24,0.9994680976156424,-0.03261168270066539,0.3597644834381227,0.0031979065194499795
FINE,330750,5072,492,0.386288415,0.058483439,upper,-0.35769072,0.011928494,1.4831183e-17,0.9994479205455389,-0.03322430010095308,0.35788956216684503,0.003181240552594178
FINE,330750,5072,493,0.38817967,0.058419990500000005,upper,-0.35581737,0.012080805,0.0,0.9994275088231823,-0.03383274460471333,0.3560223944853009,0.003164643506536008
FINE,330750,5072,494,0.39007092499999996,0.058355393,upper,-0.35395015,0.012235282,0.0,0.999406865435139,-0.03443715030472219,0.3541615581770519,0.0031481027393515724
FINE,330750,5072,495,0.39196217499999997,0.058289654499999996,upper,-0.35208931,0.012380577,1.4560455e-17,0.9993860053937261,-0.03503729760086174,0.3523069110235527,0.0031316169868760243
FINE,330750,5072,496,0.393853425,0.058222783,upper,-0.35023768,0.012527058,0.0,0.9993649302987458,-0.03563335640916738,0.35046163578366674,0.00311521454029926
FINE,330750,5072,497,0.39574467999999996,0.0581547855,upper,-0.34839323,0.012667789,0.0,0.9993436441511285,-0.03622541779942138,0.3486234560149022,0.003098875164576908
FINE,330750,5072,498,0.39763593499999994,0.058085670000000006,upper,-0.3465577,0.012806639,0.0,0.9993221553158823,-0.03681344720098114,0.34679424423396354,0.0030826155043018983
FINE,330750,5072,499,0.399527185,0.058015444,upper,-0.34472935,0.012940931,1.4205633e-17,0.9993004663867688,-0.03739756515050468,0.34497215954238836,0.003066419195932341
FINE,330750,5072,500,0.40141844000000004,0.057944114500000005,upper,-0.34291052,0.013074305,0.0,0.9992785893047889,-0.03797763759149621,0.34315967190042224,0.00305030819467042
FINE,330750,5072,501,0.403309695,0.057871689500000004,upper,-0.34109895,0.013201912,-2.806217e-17,0.9992565252929749,-0.03855381510836822,0.34135433563240714,0.003034260761176952
FINE,330750,5072,502,0.4052009449999999,0.057798176,upper,-0.3392934,0.013325424,-8.3469975e-24,0.99923427662865,-0.039126211296498584,0.3395549684689147,0.003018266386390353
FINE,330750,5072,503,0.4070922,0.057723580999999996,upper,-0.33749616,0.013451098,-1.3857873e-17,0.9992118498804754,-0.03969482407617314,0.33776410132989826,0.0030023475673768736
FINE,330750,5072,504,0.408983455,0.057647911499999996,upper,-0.33570434,0.013567565,0.0,0.9991892451550214,-0.04025981081101351,0.33597839367993076,0.0029864746104882735
FINE,330750,5072,505,0.410874705,0.0575711745,upper,-0.33391759,0.013686498,-1.3686555e-17,0.9991664781898525,-0.040820936560631224,0.3341979580725383,0.0029706485162003405
FINE,330750,5072,506,0.412765955,0.0574933775,upper,-0.33213865,0.01379716,2.7202928e-17,0.9991435545312697,-0.04137822420814777,0.3324250933381329,0.0029548897185611815
FINE,330750,5072,507,0.41465721,0.057414527,upper,-0.33036581,0.013908617,-1.3516605e-17,0.9991204705870804,-0.04193191211775373,0.3306584584588055,0.0029391862974116043
FINE,330750,5072,508,0.416548465,0.05733463,upper,-0.3285985,0.014016674,0.0,0.9990972331589578,-0.04248198081675434,0.32889730824616653,0.0029235316288548138
FINE,330750,5072,509,0.418439715,0.057253693499999994,upper,-0.32683569,0.014120641,1.3348461e-17,0.9990738496740676,-0.04302839640793575,0.32714057955766235,0.0029079162627347766
FINE,330750,5072,510,0.42033097,0.057171724,upper,-0.32508098,0.014223242,0.0,0.9990503261987075,-0.043571156999282434,0.3253919822202163,0.0028923731752908115
FINE,330750,5072,511,0.42222222500000006,0.057088728500000005,upper,-0.32333057,0.014322886,-1.3181893e-17,0.999026655233774,-0.044110567128728136,0.3236476485063097,0.002876867986722753
FINE,330750,5072,512,0.424113475,0.057004713,upper,-0.32158526,0.014416663,-1.3099118e-17,0.9990028413694074,-0.044646645292235713,0.3219082441217784,0.0028614066144158077
FINE,330750,5072,513,0.426004725,0.056919684,upper,-0.31984529,0.014511006,1.3016625e-17,0.9989789072595677,-0.04517900895858776,0.3201742911663917,0.002845993699256815
FINE,330750,5072,514,0.42789598,0.0568336485,upper,-0.31811285,0.01460329,2.5869206e-17,0.9989548534935075,-0.04570777485028947,0.3184478593575456,0.0028306476387337386
FINE,330750,5072,515,0.42978723500000005,0.056746613,upper,-0.31638621,0.014690832,1.2853097e-17,0.9989306679181615,-0.04623332880699308,0.3167270941417,0.0028153519479262226
FINE,330750,5072,516,0.431678485,0.0566585835,upper,-0.3146643,0.014774218,-1.2771711e-17,0.9989063578797658,-0.04675562198689464,0.31501094761974596,0.0028000973121755195
FINE,330750,5072,517,0.43356974000000004,0.056569566,upper,-0.31294843,0.014861525,0.0,0.9988819348040415,-0.04727452085568677,0.31330110472584694,0.002784898708674195
FINE,330750,5072,518,0.435460995,0.056479567,upper,-0.31123908,0.014937673,0.0,0.9988574013111717,-0.0477900810408679,0.31159733123851185,0.002769754055453439
FINE,330750,5072,519,0.43735224500000003,0.056388593,upper,-0.30953409,0.015018657,0.0,0.998832758851629,-0.048302379287601116,0.3098982259401328,0.0027546508972456246
FINE,330750,5072,520,0.4392435,0.0562966495,upper,-0.30783644,0.015089606,0.0,0.9988080125204527,-0.04881141387978032,0.3082060478215204,0.00273960931396907
FINE,330750,5072,521,0.441134755,0.056203743,upper,-0.30614281,0.015167109,0.0,0.9987831642527119,-0.04931724653040121,0.3065182845387232,0.0027246069736775397
FINE,330750,5072,522,0.443026005,0.0561098795,upper,-0.30445433,0.015234937,0.0,0.9987582121054314,-0.0498200135684682,0.30483526706661174,0.0027096468183698823
FINE,330750,5072,523,0.444917255,0.0560150645,upper,-0.30276958,0.015306706,0.0,0.9987331740063823,-0.05031945090258046,0.3031562486670265,0.002694722210373569
FINE,330750,5072,524,0.44680851,0.0559193045,upper,-0.30109165,0.015368691,0.0,0.9987080550083425,-0.050815557277801904,0.30148362474854795,0.002679854442209315
FINE,330750,5072,525,0.448699765,0.0558226055,upper,-0.299418,0.015433667,0.0,0.9986828328048135,-0.051308863376155193,0.29981550034424775,0.0026650266697266466
FINE,330750,5072,526,0.450591015,0.055724972500000004,upper,-0.29774696,0.015494531,1.1978025e-17,0.9986575151186629,-0.051799300159535926,0.29814984506983616,0.0026502208450652105
FINE,330750,5072,527,0.45248226999999996,0.055626411,upper,-0.29608196,0.015551995,1.1900343e-17,0.9986321269346573,-0.052286471041392384,0.2964901163979855,0.0026354677013154266
FINE,330750,5072,528,0.45437352499999994,0.0555269275,upper,-0.29442121,0.015612075,0.0,0.9986066620800216,-0.052770583182275795,0.2948348400660965,0.002620754133920858
FINE,330750,5072,529,0.456264775,0.055426527499999996,upper,-0.29276429,0.015662677,1.1746457e-17,0.9985811182222954,-0.0532517636319216,0.2931829572572035,0.0026060707311751424
FINE,330750,5072,530,0.45815602499999997,0.055325216499999996,upper,-0.29111255,0.0157171,2.333977e-17,0.9985555001154717,-0.05373000269067712,0.2915365177804299,0.002591435713603821
FINE,330750,5072,531,0.46004727999999995,0.0552229995,upper,-0.28946491,0.015765673,9.5796758e-24,0.998529811554351,-0.05420530820161685,0.2898939251978681,0.0025768348906477167
FINE,330750,5072,532,0.46193853499999993,0.0551198825,upper,-0.2878223,0.015813942,1.1517729e-17,0.9985040560169246,-0.054677693054391095,0.288256403828776,0.0025622791451446756
FINE,330750,5072,533,0.463829785,0.055015871,upper,-0.28618288,0.015858655,0.0,0.9984782276565398,-0.05514733806681105,0.2866219374166141,0.0025477505548143478
FINE,330750,5072,534,0.46572104000000003,0.054910969500000004,upper,-0.2845494,0.015901226,0.0,0.9984523377483638,-0.055614110123486694,0.2849933461687567,0.0025332741881667264
FINE,330750,5072,535,0.467612295,0.054805184,upper,-0.28291919,0.015945978,0.0,0.998426392727871,-0.05607796630059801,0.28336820432210524,0.0025188284828631577
FINE,330750,5072,536,0.469503545,0.05469852,upper,-0.28129309,0.015981808,0.0,0.9984003867327805,-0.056539081809261094,0.2817467265912308,0.002504415347477607
FINE,330750,5072,537,0.4713948,0.054590981999999996,upper,-0.27967227,0.016020178,-1.1142419e-17,0.9983743236406157,-0.05699745516374458,0.28013072277955586,0.0024900508691516076
FINE,330750,5072,538,0.473286055,0.0544825755,upper,-0.2780536,0.016056773,0.0,0.9983482093784728,-0.05745304892516174,0.2785168242359874,0.0024757051043198877
FINE,330750,5072,539,0.475177305,0.054373305999999996,upper,-0.27643889,0.016087328,-1.0994532e-17,0.9983220411100192,-0.05790597753190301,0.2769065893607044,0.0024613919054284833
FINE,330750,5072,540,0.477068555,0.05426317800000001,upper,-0.27482794,0.016121097,9.6108288e-24,0.9982958237391668,-0.05835621907678976,0.2753003510171285,0.0024471142312633646
FINE,330750,5072,541,0.47895981,0.0541521965,upper,-0.27322069,0.016148541,-1.0847675e-17,0.9982695597068623,-0.05880379377784448,0.27369749338388216,0.0024328666078567303
FINE,330750,5072,542,0.480851065,0.0540403665,upper,-0.27161712,0.016176209,0.0,0.9982432433104067,-0.05924885809127523,0.2720983767189277,0.00241865223750158
FINE,330750,5072,543,0.482742315,0.053927693,upper,-0.27001591,0.016200361,0.0,0.9982168917781216,-0.05969117999190414,0.2705014610752258,0.002404457431779785
FINE,330750,5072,544,0.48463357,0.053814181,upper,-0.26842032,0.016224542,1.0629318e-17,0.9981905088352893,-0.06013075811218749,0.26891020981301417,0.0023903129761156817
FINE,330750,5072,545,0.48652482500000005,0.0536998355,upper,-0.2668273,0.016247757,-9.7896267e-24,0.9981640756877961,-0.060567961880253256,0.26732151879938587,0.002376191278216763
FINE,330750,5072,546,0.488416075,0.053584661,upper,-0.2652366,0.016265219,0.0,0.9981376019175899,-0.06100268549992595,0.26573484590401947,0.00236208751914684
FINE,330750,5072,547,0.49030733000000004,0.053468662,upper,-0.26365062,0.016286012,2.0827494e-17,0.9981110989375293,-0.061434796147767,0.26415313789104106,0.0023480278923648096
FINE,330750,5072,548,0.492198585,0.053351843499999996,upper,-0.26206742,0.016298837,0.0,0.9980845550731098,-0.061864536889179075,0.262573764292695,0.002333989015935067
FINE,330750,5072,549,0.49408983500000003,0.05323421,upper,-0.26048702,0.016313287,-1.0271256e-17,0.9980579751863421,-0.06229187882010752,0.26099733304048583,0.0023199762936932074
FINE,330750,5072,550,0.495981085,0.053115765999999995,upper,-0.25890988,0.016328706,-1.0200499e-17,0.9980313727137118,-0.06271665711104418,0.25942426480081143,0.0023059934648961018
FINE,330750,5072,551,0.49787234,0.052996516,upper,-0.25733694,0.016334745,1.0129855e-17,0.9980047489099203,-0.06313890364305517,0.2578548460805361,0.002292043076271432
FINE,330750,5072,552,0.49976359499999995,0.052876465,upper,-0.25576778,0.016347491,1.0059523e-17,0.9979780879361045,-0.06355891754425069,0.25628966887258664,0.002278130389978548
FINE,330750,5072,553,0.501654845,0.052755617000000005,upper,-0.25419995,0.016353388,0.0,0.9979514001512921,-0.06397658115338443,0.25472542987540325,0.0022642260433369176
FINE,330750,5072,554,0.5035461,0.0526339765,upper,-0.25263749,0.016357721,0.0,0.9979247055421341,-0.06439163042387533,0.2531664931423627,0.002250368827932113
FINE,330750,5072,555,0.505437355,0.052511548500000005,upper,-0.25107787,0.016364864,1.9700311e-17,0.9978979737701278,-0.06480458275055444,0.2516106159148091,0.0022365388081316364
FINE,330750,5072,556,0.5073286050000001,0.0523883365,upper,-0.2495202,0.016364112,1.9561834e-17,0.9978712012553254,-0.06521553269930493,0.2500562159927001,0.002222721919935112
FINE,330750,5072,557,0.509219855,0.052264344500000004,upper,-0.24796445,0.01636623,-9.7118649e-18,0.9978444277241131,-0.065623913781008,0.2485039607726146,0.0022089240957565742
FINE,330750,5072,558,0.51111111,0.0521395775,upper,-0.24641342,0.016363065,9.6430007e-18,0.9978176537058489,-0.06602976565878865,0.2469561099334434,0.0021951654216306083
FINE,330750,5072,559,0.513002365,0.05201404,upper,-0.24486478,0.01636272,0.0,0.9977908443883353,-0.06643365754504899,0.2454108709341495,0.0021814299638591066
FINE,330750,5072,560,0.5148936150000001,0.051887735500000004,upper,-0.24331655,0.016356952,0.0,0.9977640107961785,-0.06683546034795766,0.24386572123789835,0.0021676952998924298
FINE,330750,5072,561,0.51678487,0.051760667999999996,upper,-0.24177245,0.016350873,-3.7752411e-17,0.9977371732329792,-0.06723491019599914,0.24232471030639297,0.0021539974249457153
FINE,330750,5072,562,0.518676125,0.051632842,upper,-0.24022997,0.016342963,0.0,0.9977103254076138,-0.0676321415824854,0.24078523112885464,0.002140313165589819
FINE,330750,5072,563,0.5205673749999999,0.051504262,upper,-0.2386897,0.016334365,-3.7210844e-17,0.9976834611884587,-0.06802728328411375,0.239247948521156,0.0021266484312991644
FINE,330750,5072,564,0.52245863,0.051374931,upper,-0.23715241,0.016324145,0.0,0.997656574140974,-0.06842046531042632,0.23771356650657052,0.002113009480058405
FINE,330750,5072,565,0.5243498849999999,0.051244853,upper,-0.23561639,0.016309677,3.6673083e-17,0.9976296841464433,-0.06881143298804228,0.23618019698136733,0.002099379528723265
FINE,330750,5072,566,0.526241135,0.051114033,upper,-0.23408359,0.016298088,-1.8202746e-17,0.9976027879916314,-0.06920027016799864,0.2346502740999118,0.002085780214221438
FINE,330750,5072,567,0.5281323849999999,0.050982474,upper,-0.23255326,0.016279987,1.8069399e-17,0.9975758734534493,-0.0695871877832966,0.23312239998142573,0.0020721991109460066
FINE,330750,5072,568,0.53002364,0.050850179499999995,upper,-0.23102572,0.016264573,0.0,0.9975489576586717,-0.0699719734900881,0.23159753044912773,0.0020586447151033577
FINE,330750,5072,569,0.531914895,0.050717154,upper,-0.22950018,0.016245419,-1.7803829e-17,0.9975220392500357,-0.07035468151054446,0.2300744288416006,0.0020451060341475607
FINE,330750,5072,570,0.533806145,0.0505834015,upper,-0.22797627,0.016228313,3.5343915e-17,0.9974951215657802,-0.0707352984899979,0.22855313172180727,0.0020315833930827313
FINE,330750,5072,571,0.5356974,0.0504489255,upper,-0.226457,0.016204241,0.0,0.9974681883775731,-0.07111408562839283,0.22703600331743717,0.002018097807266108
FINE,330750,5072,572,0.537588655,0.050313729,upper,-0.22493815,0.016183232,0.0,0.9974412404436848,-0.07149106141444311,0.2255195437919038,0.0020046181670391448
FINE,330750,5072,573,0.5394799050000001,0.0501778165,upper,-0.22342174,0.016158619,0.0,0.9974143026518006,-0.07186590892504072,0.22400529284076037,0.001991158158584537
FINE,330750,5072,574,0.541371155,0.0500411915,upper,-0.22190863,0.016132792,0.0,0.9973873626397775,-0.0722388319843904,0.22249427727343332,0.001977726909097185
FINE,330750,5072,575,0.5432624100000001,0.049903856999999996,upper,-0.22039766,0.016105822,0.0,0.997360408856978,-0.0726100188998843,0.2209853443285394,0.001964314171809239
FINE,330750,5072,576,0.545153665,0.04976581649999999,upper,-0.21888902,0.016076291,1.6889549e-17,0.9973334483690618,-0.07297939958834962,0.21947857919151212,0.0019509207039245522
FINE,330750,5072,577,0.5470449150000001,0.049627074,upper,-0.21738095,0.016049353,1.6760618e-17,0.9973065138667252,-0.07334655683124683,0.21797260220745612,0.0019375342418440544
FINE,330750,5072,578,0.54893617,0.0494876335,upper,-0.2158783,0.016015989,-1.6632083e-17,0.9972795788143773,-0.07371188289426783,0.21647158880476766,0.0019241919004868236
FINE,330750,5072,579,0.550827425,0.049347497500000004,upper,-0.21437571,0.015984704,0.0,0.9972526138712173,-0.07407579987434831,0.21497081688255276,0.0019108517056226912
FINE,330750,5072,580,0.5527186749999999,0.049206669499999994,upper,-0.21287382,0.015953147,0.0,0.9972256618312583,-0.07443775510592052,0.21347075248560288,0.0018975177998720256
FINE,330750,5072,581,0.55460993,0.049065153,upper,-0.21137607,0.015915947,-3.249919e-17,0.9971987249146156,-0.07479774748389725,0.21197442446613562,0.0018842171063656499
FINE,330750,5072,582,0.5565011849999999,0.048922951500000006,upper,-0.20987942,0.015879735,-1.6122915e-17,0.9971717731156245,-0.07515620334637306,0.21047929397462542,0.0018709270575522259
FINE,330750,5072,583,0.558392435,0.048780067999999996,upper,-0.20838344,0.015842073,-1.5996576e-17,0.9971448228900642,-0.07551292726111411,0.2089847496781366,0.0018576422193612141
FINE,330750,5072,584,0.5602836849999999,0.048636505999999996,upper,-0.20689055,0.015802162,0.0,0.9971178912494775,-0.07586772008038212,0.20749314293872545,0.0018443834927886708
FINE,330750,5072,585,0.56217494,0.048492268500000005,upper,-0.20539909,0.015763869,1.5744934e-17,0.9970909551147139,-0.07622091070321402,0.20600311127917925,0.0018311387669260378
FINE,330750,5072,586,0.5640661950000001,0.0483473585,upper,-0.20390933,0.015721455,-1.5619998e-17,0.9970640208376078,-0.07657243858688652,0.20451448660358662,0.0018179065475874365
FINE,330750,5072,587,0.565957445,0.04820178,upper,-0.20242013,0.015679747,0.0,0.9970371032288972,-0.07692213455780737,0.20302649965898314,0.0018046799969687391
FINE,330750,5072,588,0.5678487,0.048055535499999996,upper,-0.20093516,0.015634718,0.0,0.9970101738413291,-0.07727039055733385,0.20154249956854906,0.0017914888850537694
FINE,330750,5072,589,0.569739955,0.0479086275,upper,-0.19944998,0.015587433,0.0,0.9969832308508417,-0.0776172493857976,0.20005813912798118,0.0017782945700264995
FINE,330750,5072,590,0.5716312050000001,0.047761059499999994,upper,-0.19796505,0.015543175,0.0,0.9969563199999257,-0.07796214473836294,0.198574286995645,0.0017651047732946223
FINE,330750,5072,591,0.57352246,0.047612835,upper,-0.1964847,0.015497073,-3.0000973e-17,0.996929422834021,-0.07830533754365546,0.19709488209891945,0.0017519545075459508
FINE,330750,5072,592,0.575413715,0.0474639565,upper,-0.19500536,0.015444645,0.0,0.9969025064121032,-0.07864726765289763,0.19561601127691347,0.0017388089891281198
FINE,330750,5072,593,0.577304965,0.047314427,upper,-0.19352636,0.015398175,-1.4755597e-17,0.9968755986221428,-0.07898759948083227,0.1941379708538001,0.0017256708520337787
FINE,330750,5072,594,0.5791962150000001,0.0471642495,upper,-0.19205122,0.015345165,0.0,0.9968487176649978,-0.07932612488738751,0.19266328485820594,0.0017125625320729416
FINE,330750,5072,595,0.5810874699999999,0.047013426999999997,upper,-0.19057774,0.015294128,0.0,0.9968218383838573,-0.079663181715438,0.19119043203988392,0.0016994705070211905
FINE,330750,5072,596,0.582978725,0.046861962,upper,-0.18910673,0.015237479,-2.8782756e-17,0.9967949348766519,-0.07999911127163319,0.18971961539310678,0.0016863965812720602
FINE,330750,5072,597,0.5848699749999999,0.046709856999999994,upper,-0.18763522,0.015184808,0.0,0.9967680546649155,-0.08033333803297366,0.18824863954005322,0.0016733212403560287
FINE,330750,5072,598,0.58676123,0.046557115499999996,upper,-0.18616871,0.015131178,0.0,0.9967411889530705,-0.08066599187030045,0.18678259283279544,0.0016602897140692928
FINE,330750,5072,599,0.588652485,0.0464037395,upper,-0.18470247,0.015071343,-1.4030598e-17,0.9967143028344245,-0.0809975217231174,0.18531633504988526,0.0016472563115545356
FINE,330750,5072,600,0.590543735,0.046249732,upper,-0.1832376,0.015013794,1.3910898e-17,0.9966874466684119,-0.08132732415124475,0.18385164736902582,0.0016342368655024517
FINE,330750,5072,601,0.5924349849999999,0.0460950965,upper,-0.18177572,0.014957331,0.0,0.996660607550744,-0.08165557762077079,0.182390049035644,0.0016212448803168355
FINE,330750,5072,602,0.59432624,0.045939834500000006,upper,-0.18031644,0.014893809,0.0,0.9966337587318383,-0.08198262594018182,0.18093048493041552,0.001608270977159249
FINE,330750,5072,603,0.5962174950000001,0.045783949000000004,upper,-0.17885788,0.014836528,-2.7109646e-17,0.9966069051449498,-0.08230842373296278,0.17947216948093678,0.0015953081731638825
FINE,330750,5072,604,0.598108745,0.0456274425,upper,-0.177401,0.014771356,-1.3436982e-17,0.9965800639231615,-0.08263277915517236,0.1780148981182032,0.001582354649939584
FINE,330750,5072,605,0.6,0.045470317499999996,upper,-0.17594698,0.0147103,1.3319329e-17,0.9965532474529044,-0.08295556033847444,0.1765608354777783,0.0015694296486913626
FINE,330750,5072,606,0.601891255,0.045312577,upper,-0.17449517,0.014645207,2.6404706e-17,0.9965264190111826,-0.08327722505432707,0.17510865909415377,0.0015565214141702558
FINE,330750,5072,607,0.6037825050000001,0.045154223,upper,-0.17304328,0.014579908,0.0,0.9964995960943372,-0.08359757761934568,0.17365640361755222,0.0015436124766004642
FINE,330750,5072,608,0.60567376,0.044995257999999996,upper,-0.17159569,0.014514057,0.0,0.9964727800571951,-0.0839166169783138,0.17220840482220304,0.0015307413761973603
FINE,330750,5072,609,0.607565015,0.044835684,upper,-0.1701481,0.01444734,0.0,0.9964459552678049,-0.08423454297633287,0.17076035112362567,0.0015178697877655616
FINE,330750,5072,610,0.6094562649999999,0.044675504000000005,upper,-0.1687027,0.0143778,-1.2737664e-17,0.9964191524922716,-0.08455100559179156,0.1693142588053556,0.0015050156338253832
FINE,330750,5072,611,0.6113475150000001,0.0445147205,upper,-0.16725945,0.014309341,0.0,0.9963923586654053,-0.08486617461150392,0.16787041692645996,0.0014921814837907553
FINE,330750,5072,612,0.6132387699999999,0.044353334999999994,upper,-0.16581858,0.014238228,0.0,0.9963655672760163,-0.08518014056540553,0.1664287377890458,0.0014793665581248514
FINE,330750,5072,613,0.615130025,0.0441913505,upper,-0.16437923,0.01416949,2.4785917e-17,0.9963387714105347,-0.0854929972813336,0.16498879223365756,0.001466567042076956
FINE,330750,5072,614,0.6170212749999999,0.044028768999999995,upper,-0.16294121,0.014095231,1.2278886e-17,0.9963119784568273,-0.08580467110503101,0.1635497159673538,0.0014537752530431448
FINE,330750,5072,615,0.61891253,0.0438655925,upper,-0.16150593,0.014025154,0.0,0.9962852122133643,-0.08611489955270107,0.16211374447168792,0.0014410110619705592
FINE,330750,5072,616,0.620803785,0.043701824,upper,-0.1600736,0.013949608,0.0,0.9962584332690031,-0.08642415252920477,0.16068025699324373,0.0014282689510510553
FINE,330750,5072,617,0.622695035,0.043537465,upper,-0.15864155,0.013874824,-2.3878514e-17,0.9962316393607952,-0.0867324664500131,0.15924712913431738,0.0014155300367494877
FINE,330750,5072,618,0.6245862849999999,0.0433725175,upper,-0.15721276,0.013799343,-2.3653497e-17,0.9962048741374856,-0.08703935170206824,0.1578172036572412,0.0014028195880643661
FINE,330750,5072,619,0.62647754,0.043206984,upper,-0.15578646,0.013722756,0.0,0.9961781075620822,-0.0873451659453939,0.15638967730664416,0.001390130464947948
FINE,330750,5072,620,0.6283687950000001,0.043040866,upper,-0.15436227,0.013645918,0.0,0.996151320373119,-0.0876501392976171,0.15496424568983574,0.0013774599616874288
FINE,330750,5072,621,0.630260045,0.042874166000000005,upper,-0.15293868,0.013567328,0.0,0.9961245552133221,-0.08795379753632676,0.15353927260993352,0.0013647935343105203
FINE,330750,5072,622,0.6321513000000001,0.042706886,upper,-0.15152032,0.013487474,-2.2978835e-23,0.9960978017980104,-0.08825627033345336,0.15211941183119054,0.0013521725496105825
FINE,330750,5072,623,0.634042555,0.042539028,upper,-0.15010246,0.013410506,1.1270001e-17,0.9960710303184858,-0.08855790512580072,0.15070031830357628,0.001339558384920678
FINE,330750,5072,624,0.6359338050000001,0.042370594,upper,-0.14868725,0.013328375,0.0,0.9960442608460269,-0.08885848544563357,0.14928342123942986,0.0013269637443504877
FINE,330750,5072,625,0.6378250599999999,0.0422015855,upper,-0.1472756,0.013244825,0.0,0.9960175061188272,-0.08915787965643747,0.14786995633757455,0.0013143996118895516
FINE,330750,5072,626,0.639716315,0.042032005,upper,-0.14586627,0.013166618,0.0,0.9959907356884233,-0.08945643868852202,0.14645929232527838,0.0013018603762246967
FINE,330750,5072,627,0.6416075649999999,0.041861854000000004,upper,-0.14445848,0.013081896,-2.1663715e-17,0.9959639595236878,-0.0897540602418533,0.14504959300923512,0.0012893297156376456
FINE,330750,5072,628,0.6434988150000001,0.041691134500000004,upper,-0.14305484,0.012998247,1.07233e-17,0.9959371998033405,-0.09005050831550726,0.1436441355174754,0.0012768367601553368
FINE,330750,5072,629,0.6453900699999999,0.041519848,upper,-0.14165301,0.012912718,0.0,0.9959104362801785,-0.09034601766665999,0.14224032363805308,0.0012643584323382496
FINE,330750,5072,630,0.647281325,0.0413479965,upper,-0.14025506,0.012830067,2.1014499e-17,0.995883660028158,-0.09064069554521421,0.14084064868704058,0.0012519168772181385
FINE,330750,5072,631,0.6491725749999999,0.041175582,upper,-0.13885789,0.012743474,0.0,0.9958568803744784,-0.09093444787764264,0.13944140592301557,0.0012394791637601384
FINE,330750,5072,632,0.65106383,0.0410026055,upper,-0.13746615,0.012656813,-1.0293029e-17,0.9958300982314269,-0.09122727364328351,0.13804757620099894,0.0012270895662311017
FINE,330750,5072,633,0.6529550850000001,0.040829068999999996,upper,-0.13607591,0.012568414,-2.0372891e-17,0.9958033054262381,-0.09151927066021866,0.13665509304951898,0.0012147119382179465
FINE,330750,5072,634,0.654846335,0.040654974499999996,upper,-0.13468874,0.012481678,-1.0080224e-17,0.9957765237144185,-0.09181021086582965,0.13526583078981452,0.001202362940353907
FINE,330750,5072,635,0.65673759,0.0404803235,upper,-0.1333056,0.012393298,9.9743783e-18,0.9957497420422272,-0.09210022379363603,0.13388044233212554,0.0011900483762855604
FINE,330750,5072,636,0.658628845,0.0403051175,upper,-0.13192604,0.012304301,0.0,0.9957229276075648,-0.0923896716988445,0.13249857310634644,0.001177765094278635
FINE,330750,5072,637,0.6605200950000001,0.040129358000000004,upper,-0.13054807,0.012215251,-9.7642121e-18,0.995696103291734,-0.09267831402036154,0.13111829345927203,0.0011654959418601959
FINE,330750,5072,638,0.662411345,0.039953046500000006,upper,-0.12917509,0.012124559,9.6597652e-18,0.9956693047165799,-0.09296577674178032,0.12974284109208817,0.0011532696985963394
FINE,330750,5072,639,0.6643026000000001,0.039776185000000006,upper,-0.1278052,0.012033367,-2.2297316e-23,0.9956424979899298,-0.09325243265659434,0.12837042932990217,0.0011410704829324637
FINE,330750,5072,640,0.666193855,0.0395987745,upper,-0.12643963,0.011942443,9.4519977e-18,0.9956156485100152,-0.09353865747369822,0.12700235430499254,0.0011289098160443781
FINE,330750,5072,641,0.668085105,0.0394208165,upper,-0.12507518,0.011850052,9.3487194e-18,0.9955888034771971,-0.09382395424859749,0.12563526753758658,0.0011167579336674362
FINE,330750,5072,642,0.6699763599999999,0.0392423125,upper,-0.12371754,0.011756856,0.0,0.9955619637822624,-0.09410832200185787,0.12427489506688807,0.001104665733927894
FINE,330750,5072,643,0.671867615,0.039063264,upper,-0.12236083,0.011666317,0.0,0.9955350951385773,-0.09439213074946379,0.12291570905491397,0.0010925840804881242
FINE,330750,5072,644,0.6737588649999999,0.0388836725,upper,-0.1210095,0.011570306,9.0415319e-18,0.9955082089899224,-0.09467526516296178,0.12156137240433264,0.0010805455324829568
FINE,330750,5072,645,0.675650115,0.038703538999999995,upper,-0.1196603,0.011477171,-1.7879786e-17,0.9954813296325917,-0.09495747655096545,0.12020943774433873,0.0010685283355052332
FINE,330750,5072,646,0.6775413699999999,0.038522865,upper,-0.11831672,0.011382779,8.8387114e-18,0.9954544466555548,-0.09523888194263433,0.11886298818306032,0.0010565598949605361
FINE,330750,5072,647,0.679432625,0.038341652000000004,upper,-0.11697576,0.011287439,8.7380856e-18,0.9954275242071903,-0.09551986207456345,0.11751906578550954,0.0010446139180934181
FINE,330750,5072,648,0.6813238749999999,0.038159900999999996,upper,-0.11563864,0.011192842,-2.1604152e-23,0.9954005861074982,-0.09580017315667576,0.1161790462343893,0.0010327026331945716
FINE,330750,5072,649,0.68321513,0.037977613,upper,-0.11430558,0.011096064,0.0,0.9953736581852959,-0.09607955344828391,0.11484286818974558,0.0010208254950199607
FINE,330750,5072,650,0.6851063850000001,0.03779479,upper,-0.11297767,0.010999784,0.0,0.9953466920486786,-0.09635851092536095,0.11351187291660786,0.0010089944259254033
FINE,330750,5072,651,0.686997635,0.0376114325,upper,-0.11165166,0.010901816,0.0,0.9953196993827782,-0.09663692886560493,0.11218261468408608,0.0009971787971918764
FINE,330750,5072,652,0.68888889,0.037427541499999994,upper,-0.11033226,0.010805839,0.0,0.9952927188112383,-0.0969144152401153,0.11086013659585227,0.0009854234364075757
FINE,330750,5072,653,0.690780145,0.037243119,upper,-0.10901548,0.010709501,0.0,0.9952657011972388,-0.0971914812129578,0.1095402404087952,0.0009736910258559574
FINE,330750,5072,654,0.6926713950000001,0.0370581655,upper,-0.10770428,0.01060922,-1.6091499e-17,0.9952386461431885,-0.09746813439824016,0.10822552269184739,0.0009620046461497546
FINE,330750,5072,655,0.694562645,0.036872682,upper,-0.10639639,0.010511544,-2.1859236e-23,0.9952116047186188,-0.0977438582898784,0.10691436089531182,0.000950349874624994
FINE,330750,5072,656,0.6964539,0.03668667,upper,-0.10509508,0.010413256,2.1734052e-23,0.9951845397859106,-0.09801903779932442,0.1056096961570415,0.0009387528547292577
FINE,330750,5072,657,0.6983451549999999,0.03650013,upper,-0.10379706,0.010314707,0.0,0.995157413500886,-0.09829406062538278,0.10430828819378733,0.0009271847839447763
FINE,330750,5072,658,0.7002364050000001,0.036313063,upper,-0.1025042,0.010213966,7.6599941e-18,0.995130289922699,-0.09856828129963964,0.10301180733816728,0.0009156605096725981
FINE,330750,5072,659,0.7021276599999999,0.0361254705,upper,-0.10121648,0.01011523,-7.5645835e-18,0.9951031698096855,-0.09884169886599571,0.10172064660259891,0.0009041835253564348
FINE,330750,5072,660,0.704018915,0.0359373535,upper,-0.099934704,0.010017099,0.0,0.9950759892074333,-0.09911496205340453,0.10043546882622224,0.0008927597228997533
FINE,330750,5072,661,0.7059101649999999,0.0357487125,upper,-0.098656228,0.009915391,0.0,0.995048761002022,-0.09938794307329778,0.09915322775279048,0.0008813620244692487
FINE,330750,5072,662,0.707801415,0.035559547999999996,upper,-0.097384907,0.0098143592,7.2817864e-18,0.9950215376350117,-0.09966012062232889,0.09787818012728548,0.0008700282677980932
FINE,330750,5072,663,0.7096926699999999,0.0353698615,upper,-0.096117419,0.0097145684,0.0,0.9949943067778556,-0.0999316240219009,0.09660707728406553,0.0008587295758583603
FINE,330750,5072,664,0.7115839249999999,0.035179654,upper,-0.094857457,0.0096146039,-2.0958896e-23,0.9949670163350074,-0.10020297603072136,0.09534345289255285,0.0008474973590449141
FINE,330750,5072,665,0.7134751749999999,0.034988926000000004,upper,-0.093600186,0.0095130282,7.0031555e-18,0.9949396928940824,-0.10047391454417082,0.09408235149609208,0.0008362875688541518
FINE,330750,5072,666,0.71536643,0.034797678,upper,-0.092351293,0.0094128063,0.0,0.9949123500769964,-0.10074430834676518,0.09282972861157485,0.0008251531432139986
FINE,330750,5072,667,0.7172576850000001,0.034605911,upper,-0.091105937,0.0093108591,-1.3639784e-17,0.9948849613864598,-0.10101442276755467,0.09158045767177876,0.0008140485126380334
FINE,330750,5072,668,0.719148935,0.034413626,upper,-0.08986737,0.0092082276,6.728872e-18,0.9948575540485898,-0.10128399257758894,0.09033787796287077,0.0008030033596699624
FINE,330750,5072,669,0.7210401900000001,0.0342208235,upper,-0.088634043,0.0091083822,0.0,0.9948301153206783,-0.10155314692832472,0.08910080009486389,0.0007920071119543457
FINE,330750,5072,670,0.722931445,0.034027504,upper,-0.087407429,0.0090069244,0.0,0.9948026047414344,-0.10182228439618309,0.08787024366074371,0.0007810688325399441
FINE,330750,5072,671,0.724822695,0.033833668,upper,-0.086184856,0.0089038012,6.4590504e-18,0.9947750762254797,-0.10209087971308294,0.08664354359418039,0.0007701648319482701
FINE,330750,5072,672,0.726713945,0.033639317,upper,-0.084970217,0.0088046136,-1.2740369e-17,0.9947475443683628,-0.10235879528947293,0.08542514434628222,0.0007593346164113975
FINE,330750,5072,673,0.7286052000000001,0.033444451,upper,-0.083760597,0.0087004069,-6.2817618e-18,0.9947199553835339,-0.10262655778004229,0.0842112301221709,0.0007485442677526301
FINE,330750,5072,674,0.7304964549999999,0.0332490705,upper,-0.082558505,0.0085995239,0.0,0.9946923084654745,-0.10289417612102877,0.08300515084863203,0.0007378235630989513
FINE,330750,5072,675,0.732387705,0.0330531765,upper,-0.081360078,0.0084979141,1.2213092e-17,0.9946646319949688,-0.1031613777453229,0.08180264856946937,0.0007271346539508388
FINE,330750,5072,676,0.7342789599999999,0.032856769,upper,-0.080171039,0.0083958287,-1.2039436e-17,0.994636912885402,-0.10342829170878379,0.08060944095369574,0.000716528364032851
FINE,330750,5072,677,0.736170215,0.032659848500000005,upper,-0.078986082,0.0082928623,2.0927668e-23,0.9946091361823461,-0.1036950636366423,0.07942020767237637,0.0007059574015322344
FINE,330750,5072,678,0.7380614649999999,0.032462416,upper,-0.077808675,0.0081918424,-2.0467463e-23,0.9945813444050831,-0.1039612878016499,0.07823869107325034,0.0006954550317622252
FINE,330750,5072,679,0.73995272,0.032264472,upper,-0.0766372,0.0080903003,5.7622605e-18,0.994553497211213,-0.10422735334328366,0.07706302586449654,0.0006850046743510803
FINE,330750,5072,680,0.7418439750000001,0.032066016,upper,-0.075473392,0.0079888085,5.6776703e-18,0.9945255654351578,-0.10449353901500157,0.07589499672678744,0.0006746221931269995
FINE,330750,5072,681,0.743735225,0.031867049,upper,-0.074314024,0.0078847046,0.0,0.9944976187027708,-0.10475918286488449,0.07473111511524756,0.0006642765788022006
FINE,330750,5072,682,0.7456264749999999,0.031667572000000005,upper,-0.073163481,0.0077860985,0.0,0.9944696452493174,-0.10502440039198857,0.07357659132163064,0.0006540141450811612
FINE,330750,5072,683,0.74751773,0.0314675845,upper,-0.072018081,0.0076817493,0.0,0.9944416027221848,-0.10528959481037217,0.07242658416584799,0.0006437918592519822
FINE,330750,5072,684,0.7494089850000001,0.031267087,upper,-0.070880887,0.007582799,0.0,0.9944134894432518,-0.10555478204844916,0.07128531087226503,0.0006336472077534669
FINE,330750,5072,685,0.751300235,0.03106608,upper,-0.069748158,0.007478623,0.0,0.9943853216889398,-0.10581980915492055,0.07014793098864261,0.0006235371643434898
FINE,330750,5072,686,0.75319149,0.030864562999999998,upper,-0.068624797,0.0073777237,5.1805778e-18,0.9943571135620126,-0.10608454509787381,0.06902021752627137,0.0006135130446779677
FINE,330750,5072,687,0.7550827449999999,0.030662537,upper,-0.067505698,0.0072770895,0.0,0.9943288486028848,-0.10634914591129278,0.0678967752195191,0.0006035268908401698
FINE,330750,5072,688,0.7569739950000001,0.0304600025,upper,-0.066395551,0.0071760478,-1.0038726e-17,0.9943005287055255,-0.10661359489254815,0.06678219571607344,0.0005936195174762084
FINE,330750,5072,689,0.758865245,0.0302569595,upper,-0.06529041,0.0070743119,9.8790899e-18,0.9942721700483658,-0.10687774261890748,0.06567252412050159,0.0005837557699600142
FINE,330750,5072,690,0.7607565000000001,0.030053408,upper,-0.064194357,0.0069743543,-9.7206354e-18,0.9942437429180897,-0.10714186701858278,0.06457208311885114,0.0005739740721675656
FINE,330750,5072,691,0.7626477549999999,0.029849348,upper,-0.063103233,0.0068732389,-9.5634195e-18,0.9942152170111247,-0.10740624871729944,0.06347642329798538,0.0005642348737598701
FINE,330750,5072,692,0.764539005,0.029644779500000003,upper,-0.062020473,0.0067718084,-9.4072036e-18,0.9941866516740544,-0.10767033775897786,0.06238904928477818,0.0005545693269758061
FINE,330750,5072,693,0.7664302599999999,0.029439702999999998,upper,-0.060943761,0.0066717202,4.625966e-18,0.9941580472486,-0.10793413311297964,0.06130783676390474,0.0005449585490124866
FINE,330750,5072,694,0.7683215149999999,0.0292341185,upper,-0.059875899,0.0065710798,9.0980079e-18,0.994129343789989,-0.10819818767283358,0.06023536710711923,0.0005354254853966153
FINE,330750,5072,695,0.7702127649999999,0.029028026,upper,-0.058812398,0.0064714412,4.4725535e-18,0.9941006014137317,-0.10846194848359071,0.059167345344432735,0.0005259319586171799
FINE,330750,5072,696,0.77210402,0.028821426,upper,-0.057759414,0.0063724398,0.0,0.9940717920582668,-0.10872567421757405,0.05810985199688125,0.0005165320177500555
FINE,330750,5072,697,0.7739952750000001,0.0286143175,upper,-0.056711051,0.0062714335,0.0,0.9940428690399217,-0.10898979085621396,0.05705673806784297,0.0005071710050474931
FINE,330750,5072,698,0.775886525,0.028406701,upper,-0.055671566,0.0061734864,0.0,0.9940139060016593,-0.1092536254562036,0.05601278654379374,0.0004978914359448333
FINE,330750,5072,699,0.777777775,0.028198577000000002,upper,-0.054638055,0.0060736047,4.1727079e-18,0.9939849060751478,-0.10951715160092386,0.054974565853997744,0.0004886628075910911
FINE,330750,5072,700,0.77966903,0.027989945000000002,upper,-0.053613893,0.0059751322,0.0,0.9939558093880837,-0.10978091356733781,0.05394579588286274,0.00047951818562544656
FINE,330750,5072,701,0.781560285,0.0277808045,upper,-0.052595124,0.0058766269,0.0,0.9939265983070918,-0.11004506884768989,0.05292238649666237,0.00047042121330366553
FINE,330750,5072,702,0.783451535,0.0275711555,upper,-0.051585106,0.0057776151,0.0,0.9938973490620481,-0.11030892768689865,0.05190762263075339,0.0004614010900511412
FINE,330750,5072,703,0.7853427900000001,0.027360998499999997,upper,-0.050581466,0.0056801587,0.0,0.9938680475623454,-0.11057261882858482,0.050899372879082125,0.0004524388700362856
FINE,330750,5072,704,0.7872340449999999,0.027150333,upper,-0.049586892,0.0055826924,7.6218685e-18,0.9938386166962674,-0.11083683486661634,0.049900136107197124,0.00044355676539730777
FINE,330750,5072,705,0.7891252950000001,0.0269391585,upper,-0.048597504,0.0054851649,3.7403341e-18,0.9938091027576779,-0.11110115785165946,0.048906050017899945,0.0004347204446035551
FINE,330750,5072,706,0.791016545,0.026727475,upper,-0.047617896,0.005387273,-7.3406244e-18,0.9937795527867517,-0.11136516718868532,0.047921645949862146,0.00042597018622099686
FINE,330750,5072,707,0.7929078,0.0265152825,upper,-0.046643752,0.0052919699,-7.2017091e-18,0.9937499199525723,-0.1116292819750098,0.046942963616458,0.00041727078770184886
FINE,330750,5072,708,0.7947990549999999,0.0263025805,upper,-0.045679511,0.0051942081,7.0641169e-18,0.9937201566754518,-0.11189392394994353,0.0459738511538996,0.0004086564547013298
FINE,330750,5072,709,0.7966903049999999,0.0260893685,upper,-0.044719882,0.0050986621,-6.9275379e-18,0.9936903265189685,-0.11215852612541748,0.04500957257281727,0.0004000850895361535
FINE,330750,5072,710,0.7985815600000001,0.025875646500000002,upper,-0.043770883,0.0050021734,3.3960727e-18,0.9936604296331494,-0.11242308740318796,0.044055754184556414,0.00039160670386272366
FINE,330750,5072,711,0.800472815,0.025661414,upper,-0.042827089,0.0049076447,0.0,0.9936304161323022,-0.11268804788773305,0.04310733116577472,0.00038317627702910863
FINE,330750,5072,712,0.8023640649999999,0.025446671,upper,-0.041892649,0.00481244,-6.5250346e-18,0.9936003357380502,-0.11295296729716331,0.04216812948929585,0.0003748278176826298
FINE,330750,5072,713,0.80425532,0.025231417,upper,-0.040964944,0.00471673,0.0,0.9935701590541531,-0.1132181038399099,0.0412355651526493,0.0003665383569124382
FINE,330750,5072,714,0.8061465750000001,0.025015651000000003,upper,-0.04004609,0.0046240577,-3.1312525e-18,0.9935398649062865,-0.11348364129687598,0.04031214175398785,0.0003583301489243364
FINE,330750,5072,715,0.808037825,0.0247993735,upper,-0.039133371,0.0045293284,0.0,0.9935094867258717,-0.11374928477003794,0.03939458320205173,0.00035017407290712654
FINE,330750,5072,716,0.809929075,0.0245825835,upper,-0.038230391,0.0044360515,0.0,0.9934790288226552,-0.11401499589788175,0.03848686811576567,0.0003421054943623615
FINE,330750,5072,717,0.81182033,0.024365280499999996,upper,-0.037333396,0.0043428271,0.0,0.9934484869035692,-0.11428081146460606,0.037585107572210244,0.0003340898450863133
FINE,330750,5072,718,0.8137115850000001,0.0241474645,upper,-0.036446242,0.0042510146,-2.8758168e-18,0.9934178114841631,-0.11454715983391105,0.036693287613304676,0.0003261625565627082
FINE,330750,5072,719,0.815602835,0.0239291345,upper,-0.035564584,0.0041580803,2.8134354e-18,0.9933870388565742,-0.11481372318572021,0.03580680146847409,0.0003182826797197697
FINE,330750,5072,720,0.8174940900000001,0.023710290000000002,upper,-0.034693303,0.0040661949,2.7515999e-18,0.9933561689752023,-0.11508050034175701,0.034930746300754996,0.00031049552267337776
FINE,330750,5072,721,0.8193853449999999,0.02349093,upper,-0.033827691,0.0039749185,5.3806748e-18,0.9933251644296892,-0.11534781190265725,0.03406039487631811,0.0003027590655672721
FINE,330750,5072,722,0.821276595,0.0232710545,upper,-0.032971268,0.0038846075,5.2593954e-18,0.993294107363708,-0.11561494832647845,0.033199284912090746,0.00029510475477413997
FINE,330750,5072,723,0.8231678499999999,0.0230506635,upper,-0.032121781,0.0037942373,2.5696193e-18,0.993262952701346,-0.11588229714241807,0.03234505997631344,0.00028751164423389725
FINE,330750,5072,724,0.8250591049999999,0.0228297555,upper,-0.031281423,0.0037048076,2.5101859e-18,0.993231616969815,-0.11615057060353554,0.03150001386412308,0.0002800001232366496
FINE,330750,5072,725,0.8269503549999999,0.0226083295,upper,-0.030447001,0.0036140016,0.0,0.9932001803214606,-0.11641907837385657,0.030660705618961337,0.00027253960550187854
FINE,330750,5072,726,0.828841605,0.022386385499999998,upper,-0.029622072,0.0035262244,0.0,0.9931686935378522,-0.11668738653477397,0.029831180457695342,0.0002651660485128475
FINE,330750,5072,727,0.83073286,0.022163923000000002,upper,-0.028803458,0.0034370207,0.0,0.9931370753666937,-0.116956186378019,0.02900776287214171,0.0002578467810857041
FINE,330750,5072,728,0.832624115,0.0219409405,upper,-0.027994226,0.0033491912,-2.2779311e-18,0.9931052893410263,-0.11722578335364789,0.028193825473629225,0.00025061178198781535
FINE,330750,5072,729,0.8345153649999999,0.0217174375,upper,-0.027190489,0.0032605619,0.0,0.9930734348955218,-0.11749533141708159,0.027385253108765314,0.0002434244720779139
FINE,330750,5072,730,0.83640662,0.021493414000000002,upper,-0.026396576,0.0031754868,0.0,0.993041481493761,-0.11776508834402613,0.02658685642093995,0.00023632761263057733
FINE,330750,5072,731,0.838297875,0.021268868500000003,upper,-0.025608622,0.0030872231,-2.1096735e-18,0.9930093280775563,-0.11803590280486823,0.02579400369098067,0.0002292800328087171
FINE,330750,5072,732,0.840189125,0.0210437995,upper,-0.024829475,0.0030017447,4.1094462e-18,0.9929770565538677,-0.11830707991332182,0.025010226651380137,0.00022231312579004567
FINE,330750,5072,733,0.8420803750000001,0.020818207,upper,-0.02405646,0.0029163062,-2.0003308e-18,0.9929447344537823,-0.11857805159686136,0.024232545193653882,0.00021540040172136785
FINE,330750,5072,734,0.84397163,0.0205920905,upper,-0.023292883,0.0028310971,1.9464844e-18,0.9929122786544208,-0.11884951366028364,0.02346426404942086,0.00020857123599485208
FINE,330750,5072,735,0.8458628850000001,0.0203654485,upper,-0.022535366,0.0027456471,0.0,0.9928796359952928,-0.1191219057346498,0.02270197270612751,0.00020179531294335567
FINE,330750,5072,736,0.847754135,0.02013828,upper,-0.02178645,0.0026625749,0.0,0.9928468927146962,-0.11939450417323384,0.02194850599579369,0.0001950978310737217
FINE,330750,5072,737,0.8496453900000001,0.019910584500000002,upper,-0.021044303,0.0025786067,0.0,0.9928140487783172,-0.1196673077678496,0.02120165458672883,0.00018845915188203403
FINE,330750,5072,738,0.8515366449999999,0.019682361,upper,-0.020311246,0.002495958,-1.3926123e-23,0.9927810162634904,-0.11994104279533052,0.020463987250751103,0.00018190210889556537
FINE,330750,5072,739,0.8534278949999999,0.019453607999999997,upper,-0.019584367,0.0024122225,1.6854682e-18,0.9927478667155252,-0.12021511191099861,0.019732324158015655,0.00017539843696013916
FINE,330750,5072,740,0.8553191499999999,0.019224325,upper,-0.018867124,0.0023310351,-1.6348587e-18,0.9927145999982311,-0.12048951386055226,0.01901053474076791,0.0001689825310290481
FINE,330750,5072,741,0.857210405,0.0189945105,upper,-0.018156267,0.002249143,3.1695537e-18,0.9926811428344591,-0.12076484861445531,0.018295001289074835,0.0001626222336806652
FINE,330750,5072,742,0.8591016549999999,0.0187641635,upper,-0.017454398,0.0021691402,-3.0705014e-18,0.9926475641848829,-0.12104054410741479,0.01758861956906676,0.0001563432850583712
FINE,330750,5072,743,0.860992905,0.0185332835,upper,-0.01675942,0.0020877694,0.0,0.992613902380728,-0.12131628415222168,0.016888913713612334,0.00015012367745433186
FINE,330750,5072,744,0.8628841599999999,0.018301869499999998,upper,-0.01607354,0.0020088406,-2.8753979e-18,0.9925800871867988,-0.1215926417191722,0.016198535969947227,0.0001439869863995309
FINE,330750,5072,745,0.864775415,0.01806992,upper,-0.015394255,0.0019297134,0.0,0.9925460473898774,-0.12187019246202574,0.015514681496216407,0.00013790827996636808
FINE,330750,5072,746,0.866666665,0.017837433,upper,-0.014723469,0.001851128,1.3422504e-18,0.9925118881904232,-0.12214807325815968,0.014839329736457393,0.00013190515321295462
FINE,330750,5072,747,0.86855792,0.0176044085,upper,-0.014059594,0.0017729478,0.0,0.9924776253967077,-0.1224261536066229,0.014170887646861124,0.00012596344574987667
FINE,330750,5072,748,0.8704491750000001,0.017370845000000003,upper,-0.013404166,0.0016956956,-1.2487744e-18,0.9924431517985899,-0.12270529918500286,0.01351094358819619,0.0001200972763395217
FINE,330750,5072,749,0.872340425,0.017136741,upper,-0.012754841,0.001619038,-2.4055825e-18,0.9924085379572013,-0.12298493318146778,0.012857130388934823,0.00011428560345719843
FINE,330750,5072,750,0.8742316750000001,0.016902096,upper,-0.012114167,0.0015426679,1.1573236e-18,0.9923738072896569,-0.12326486362881788,0.012211938776250776,0.0001085505669000069
FINE,330750,5072,751,0.87612293,0.016666908,upper,-0.011479626,0.0014664945,1.112286e-18,0.9923389037045922,-0.12354553894968448,0.01157285833314798,0.00010286985185020426
FINE,330750,5072,752,0.8780141850000001,0.016431176,upper,-0.010853443,0.0013917287,0.0,0.9923038186003966,-0.12382702286282717,0.0109422465554155,9.726441382591555e-05
FINE,330750,5072,753,0.879905435,0.016194899,upper,-0.010233081,0.0013170957,0.0,0.9922685793361317,-0.12410909097344608,0.010317428296153595,9.17104737435875e-05
FINE,330750,5072,754,0.8817966899999999,0.015958075000000002,upper,-0.0096214235,0.00124256,9.8016889e-19,0.9922331855700053,-0.12439174190274677,0.009701259891941786,8.623342126170477e-05
FINE,330750,5072,755,0.8836879449999999,0.015720703,upper,-0.0090158183,0.0011694695,-9.3704462e-19,0.9921975920254499,-0.12467533187803764,0.009091277205432728,8.08113529371798e-05
FINE,330750,5072,756,0.885579195,0.0154827815,upper,-0.008418576,0.0010956441,-1.2474153e-23,0.9921618590772748,-0.12495937496773045,0.00848950101686641,7.546223126103475e-05
FINE,330750,5072,757,0.88747045,0.0152443095,upper,-0.0078278644,0.001024553,8.5221463e-19,0.9921259864914624,-0.12524386982340643,0.00789454667253058,7.017374820027182e-05
FINE,330750,5072,758,0.889361705,0.0150052855,upper,-0.0072456726,0.00095226572,0.0,0.992089879377344,-0.1255295631994592,0.007307895955623146,6.495907516109463e-05
FINE,330750,5072,759,0.8912529549999999,0.014765707500000001,upper,-0.0066698424,0.00088133939,0.0,0.9920535943309284,-0.12581600047325367,0.0067277277236501625,5.9802024210223664e-05
FINE,330750,5072,760,0.893144205,0.0145255745,upper,-0.0061024598,0.00081040588,0.0,0.992017188838312,-0.12610272419473248,0.006155939404966237,5.471946137747766e-05
FINE,330750,5072,761,0.89503546,0.014284885,upper,-0.0055414986,0.00074028657,6.8795979e-19,0.9919806046157991,-0.12639018975408592,0.005590624091760306,4.969443637120272e-05
FINE,330750,5072,762,0.896926715,0.014043637500000001,upper,-0.004988484,0.00067185891,1.2959959e-18,0.9919437989568539,-0.12667872635547198,0.005033406001004858,4.4741386675598744e-05
FINE,330750,5072,763,0.898817965,0.0138018305,upper,-0.0044415808,0.0006022453,6.0844495e-19,0.9919068340767967,-0.1269678404626389,0.00448210013479406,3.984089008705831e-05
FINE,330750,5072,764,0.90070922,0.013559462500000001,upper,-0.0039024114,0.00053485907,0.0,0.9918697096349703,-0.1272575306559082,0.003938748506691314,3.501109783725612e-05
FINE,330750,5072,765,0.9026004750000001,0.013316531999999999,upper,-0.0033691986,0.0004670947,0.0,0.9918323447182075,-0.127548422063085,0.003401257339198332,3.023339857065184e-05
FINE,330750,5072,766,0.904491725,0.013073037,upper,-0.0028432225,0.00039958568,4.9238152e-19,0.9917948022864782,-0.1278400178251152,0.002870976337697827,2.551978966842513e-05
FINE,330750,5072,767,0.9063829800000001,0.012828975999999999,upper,-0.0023232374,0.00033347391,4.5448853e-19,0.9917570985486733,-0.12813218751866012,0.0023468159246324643,2.0860585996733014e-05
FINE,330750,5072,768,0.9082742349999999,0.012584347499999999,upper,-0.0018105694,0.00026731357,8.3407913e-19,0.9917191683021183,-0.12842543058971964,0.0018299062398509907,1.6265833243119916e-05
FINE,330750,5072,769,0.9101654849999999,0.01233915,upper,-0.0013038902,0.0002018312,0.0,0.9916810370310746,-0.12871954316642292,0.001319022805571386,1.1724647160634543e-05
FINE,330750,5072,770,0.912056735,0.0120933815,upper,-0.00080476483,0.00013694616,0.0,0.991642747625054,-0.12901418946237453,0.000815707205045594,7.250730711516391e-06
FINE,330750,5072,771,0.91394799,0.0118470405,upper,-0.00031225688,6.9720558e-05,1.0988094e-23,0.9916042729026718,-0.129309574127996,0.00031865079211420313,2.832451485459583e-06
FINE,330750,5072,772,0.9158392449999999,0.011600125499999999,upper,0.000173155,6.5020679e-06,-2.711224e-19,0.9915655345044007,-0.12960629144837882,-0.00017085182121984497,-1.5186828552875109e-06
FINE,330750,5072,773,0.917730495,0.011352634,upper,0.0006527379,-5.6311301e-05,-4.7116571e-19,0.9915266142018633,-0.1299037079123973,-0.0006545220467455055,-5.817973748848938e-06
FINE,330750,5072,774,0.9196217499999999,0.011104565,upper,0.0011248017,-0.00011847164,0.0,0.9914875284624551,-0.13020169316645694,-0.0011306520656635748,-1.0050240583676221e-05
FINE,330750,5072,775,0.921513005,0.0108559165,upper,0.0015911368,-0.00018006786,0.0,0.991448176075637,-0.13050101208915124,-0.001601028716221553,-1.4231366366413804e-05
FINE,330750,5072,776,0.9234042549999999,0.0106066865,upper,0.0020506709,-0.00024204721,1.3124596e-19,0.9914086174004254,-0.13080119779335667,-0.002064712866702826,-1.8353003259580677e-05
FINE,330750,5072,777,0.9252955049999999,0.0103568735,upper,0.0025046977,-0.00030260826,-1.9435577e-19,0.9913688848027655,-0.13110199939330092,-0.0025227519135359797,-2.2424461453653152e-05
FINE,330750,5072,778,0.9271867600000001,0.01010647515,upper,0.0029523921,-0.00036310583,6.3475911e-20,0.9913289242705913,-0.13140381997686496,-0.0029745051776358623,-2.6440046023429887e-05
FINE,330750,5072,779,0.929078015,0.009855489700000001,upper,0.0033944072,-0.00042305556,0.0,0.991288718530217,-0.13170678234138192,-0.0034205568500169734,-3.0404949777928654e-05
FINE,330750,5072,780,0.9309692650000001,0.00960391565,upper,0.0038305402,-0.00048220392,0.0,0.991248321038809,-0.13201047699990417,-0.0038606725114120875,-3.431708899032967e-05
FINE,330750,5072,781,0.93286052,0.00935175085,upper,0.0042604539,-0.00054107247,-7.1091888e-20,0.9912077158430876,-0.13231501824482733,-0.004294586792413599,-3.817410482145421e-05
FINE,330750,5072,782,0.9347517750000001,0.009098993350000001,upper,0.0046845729,-0.00059926811,0.0,0.9911668383881193,-0.13262088251742185,-0.004722668776104411,-4.197927800981699e-05
FINE,330750,5072,783,0.936643025,0.00884564115,upper,0.00510213,-0.00065707782,0.0,0.99112575661807,-0.13292755383387672,-0.00514419620390485,-4.572618847915422e-05
FINE,330750,5072,784,0.9385342799999999,0.0085916923,upper,0.0055145212,-0.0007141903,-5.2623721e-19,0.9910844699751884,-0.13323503058130004,-0.005560511487130307,-4.942676877449162e-05
FINE,330750,5072,785,0.9404255349999999,0.0083371448,upper,0.0059194811,-0.00077083339,-3.2585058e-19,0.9910429043461308,-0.133543857010294,-0.00596939980557895,-5.306133160514622e-05
FINE,330750,5072,786,0.942316785,0.008081996599999999,upper,0.0063211893,-0.00082703595,0.0,0.9910011051260805,-0.13385368743104217,-0.006375007393556691,-5.6666732387170586e-05
FINE,330750,5072,787,0.944208035,0.0078262457,upper,0.0067137106,-0.00088248798,4.4942842e-19,0.9909591150826177,-0.13416419878147504,-0.006771411007867772,-6.019032006993575e-05
FINE,330750,5072,788,0.94609929,0.00756988995,upper,0.0071061432,-0.00093800243,0.0,0.9909168830694097,-0.13447576305046793,-0.007167735862906324,-6.371320767027844e-05
FINE,330750,5072,789,0.9479905449999999,0.00731292725,upper,0.0074855714,-0.0009921886,0.0,0.9908743640371117,-0.1347887038814803,-0.007550996615829373,-6.711996991848332e-05
FINE,330750,5072,790,0.949881795,0.00705535555,upper,0.0078707126,-0.0010472007,1.2601783e-18,0.9908316263585654,-0.13510250999755896,-0.007940030409100053,-7.057804808088935e-05
FINE,330750,5072,791,0.95177305,0.0067971727,upper,0.0082348651,-0.0010997866,-1.3785648e-18,0.9907886641417019,-0.13541721828594003,-0.008307941033896274,-7.384836474574466e-05
FINE,330750,5072,792,0.953664305,0.0065383765,upper,0.0086154111,-0.0011546605,0.0,0.9907454043472258,-0.13573335538787853,-0.008692404897885923,-7.726582131454154e-05
FINE,330750,5072,793,0.955555555,0.0062789648,upper,0.0089595621,-0.0012049572,8.0578166e-19,0.9907018937952913,-0.13605057012164087,-0.009040190254078694,-8.035724670292173e-05
FINE,330750,5072,794,0.957446805,0.0060189354,upper,0.0093411709,-0.0012605134,-8.6283889e-19,0.9906581784263387,-0.13636852099003047,-0.009425801696209237,-8.378490396630433e-05
FINE,330750,5072,795,0.95933806,0.0057582861,upper,0.0096563038,-0.0013073595,-9.2015256e-19,0.990614205431132,-0.1366875853837756,-0.00974437152952216,-8.661663581797475e-05
FINE,330750,5072,796,0.961229315,0.005497014600000001,upper,0.010050306,-0.0013650206,0.0,0.9905699228411972,-0.13700813100828987,-0.010142549760144235,-9.015599786794876e-05
FINE,330750,5072,797,0.9631205650000001,0.00523511865,upper,0.010319169,-0.0014059846,1.0325782e-18,0.9905254030028918,-0.13732962537616847,-0.01041448237078261,-9.257317662917875e-05
FINE,330750,5072,798,0.96501182,0.00497259595,upper,0.01074775,-0.0014687947,0.0,0.9904806434212166,-0.13765207956254336,-0.010847620980235822,-9.64232976020962e-05
FINE,330750,5072,799,0.966903075,0.004709444199999999,upper,0.010935755,-0.0014990995,0.0,0.990435568602248,-0.1379760285250362,-0.011038000516893744,-9.811556015016661e-05
FINE,330750,5072,800,0.968794325,0.0044456611,upper,0.011442427,-0.0015731256,-1.1949015e-18,0.9903902483142323,-0.1383009618335071,-0.011550032901412387,-0.00010266695912366567
FINE,330750,5072,801,0.97068558,0.0041812442500000005,upper,0.011481099,-0.0015831366,0.0,0.9903446800104959,-0.1386268905187895,-0.011589710619448312,-0.00010301964995065166
FINE,330750,5072,802,0.9725768349999999,0.0039161913,upper,0.012148425,-0.001679864,1.3006822e-18,0.9902987871037514,-0.13895435315541158,-0.012263994958229952,-0.00010901328851759958
FINE,330750,5072,803,0.974468085,0.00365049985,upper,0.011901386,-0.0016505437,0.0,0.9902526167505565,-0.13928300333736193,-0.012015271313134,-0.00010680241167230223
FINE,330750,5072,804,0.9763593349999999,0.0033841675,upper,0.012911258,-0.0017951887,1.4032262e-18,0.9902062170330631,-0.13961249137906778,-0.013035438708220423,-0.00011587056629529266
FINE,330750,5072,805,0.97825059,0.0031171918,upper,0.012095664,-0.001686937,1.4708777e-18,0.9901595326263001,-0.13994320258328755,-0.012212712379381006,-0.00010855744337227562
FINE,330750,5072,806,0.9801418449999999,0.00284957025,upper,0.013811697,-0.0019304603,0.0,0.9901125108487182,-0.14027549985955112,-0.013945930279293226,-0.00012396382470482867
FINE,330750,5072,807,0.9820330949999999,0.0025813004,upper,0.011857909,-0.0016629228,1.5838202e-18,0.9900652274192052,-0.14060883846813318,-0.011973925014171416,-0.00010643488901485703
FINE,330750,5072,808,0.9839243500000001,0.0023123797500000003,upper,0.015009338,-0.0021077561,0.0,0.9900176778658684,-0.14094324216887288,-0.015156583931499155,-0.0001347251905022147
FINE,330750,5072,809,0.985815605,0.00204280575,upper,0.010716586,-0.0015109504,0.0,0.9899697829856985,-0.14127925812110273,-0.010822562268337358,-9.620055349633208e-05
FINE,330750,5072,810,0.987706855,0.0017725759,upper,0.016744839,-0.0023613735,0.0,0.9899216177192204,-0.1416163506526054,-0.016910487208925663,-0.00015031544185711702
FINE,330750,5072,811,0.98959811,0.0015016875999999998,upper,0.0079169942,-0.00112284,0.0,0.9898731775275915,-0.14195454346877853,-0.007996212444809995,-7.107744395386663e-05
FINE,330750,5072,812,0.9914893650000001,0.0012301382499999998,upper,0.020062751,-0.0028378738,0.0,0.9898243837057886,-0.1422943759305183,-0.02026241362535826,-0.0001801103433365179
FINE,330750,5072,813,0.993380615,0.000957925295,upper,0.00073750739,-0.00010105145,-2.0221303e-18,0.9897752850831112,-0.14263549711991727,-0.0007443801109935899,-6.616712097720799e-06
FINE,330750,5072,814,0.995271865,0.0006850460700000001,upper,0.025584199,-0.003604447,1.7167916e-18,0.9897259294301551,-0.14297756681946877,-0.02583670019579078,-0.00022965955729591805
FINE,330750,5072,815,0.99716312,0.0004114979,upper,-0.031578283,0.0045528555,-2.2600629e-18,0.9896762626410092,-0.1433209515909107,0.03190479668277603,0.00028359819273578694
FINE,330750,5072,816,0.999054375,0.000137278125,upper,0.012729384,0.024905334,-1.4582005e-18,0.9896513236104174,-0.1434930579371305,-0.009023909189739682,-8.02125261310194e-05
FINE,330750,5072,817,0.200945625,-0.057427278,lower,-0.2516029,0.014282675,0.0,0.9983860528550351,-0.056791631994010244,0.2520079626403702,0.0022400707790255128
FINE,330750,5072,818,0.20283688,-0.0575336885,lower,-0.25103595,0.013904321,0.0,0.9984594531481188,-0.055486218281296525,0.2514207155475777,0.0022348508048673577
FINE,330750,5072,819,0.204728135,-0.057637479,lower,-0.25030093,0.013519698,0.0,0.9985347188199021,-0.05411483448426223,0.2506657849774572,0.0022281403109107303
FINE,330750,5072,820,0.206619385,-0.0577386785,lower,-0.24961465,0.01314481,0.0,0.9986073191657985,-0.05275814731865662,0.24996051228346483,0.002221871220297465
FINE,330750,5072,821,0.208510635,-0.057837315,lower,-0.24894782,0.01277289,0.0,0.9986773410871765,-0.05141564352458573,0.24927527330606777,0.002215780207165047
FINE,330750,5072,822,0.21040189,-0.057933416,lower,-0.24828719,0.012410892,-9.217303e-18,0.9987448343472253,-0.05008748211612813,0.24859717877818324,0.002209752700250518
FINE,330750,5072,823,0.21229314500000002,-0.0580270095,lower,-0.24763804,0.012053777,0.0,0.9988098560519452,-0.04877367582510838,0.247931222097252,0.0022038330853089067
FINE,330750,5072,824,0.214184395,-0.058118122499999994,lower,-0.24700619,0.011700827,9.0909961e-18,0.9988724970647385,-0.04747351480198333,0.24728316917952717,0.0021980726149291303
FINE,330750,5072,825,0.21607565,-0.058206781,lower,-0.24639153,0.011356737,-9.0287113e-18,0.9989328284864318,-0.046186623302605756,0.24665311731176529,0.0021924721538823582
FINE,330750,5072,826,0.21796690500000002,-0.0582930105,lower,-0.24580074,0.011015029,0.0,0.9989908991073569,-0.04491306603511523,0.24604742097870938,0.0021870881864774166
FINE,330750,5072,827,0.219858155,-0.0583768365,lower,-0.2452408,0.010682843,0.0,0.9990467677255908,-0.04365267342384965,0.24547336321115532,0.002181985450765825
FINE,330750,5072,828,0.22174941000000004,-0.0584582845,lower,-0.2447181,0.010354308,0.0,0.9991005061631054,-0.04240493585216815,0.24493705134380703,0.0021772182341671734
FINE,330750,5072,829,0.223640665,-0.058537378,lower,-0.24424325,0.01003236,0.0,0.999152171059954,-0.04116963767365882,0.24444920213045082,0.0021728817967151186
FINE,330750,5072,830,0.225531915,-0.058614140999999995,lower,-0.2438287,0.0097166476,1.745264e-17,0.9992018024747038,-0.03994693894784546,0.24402222686351877,0.0021690864610090558
FINE,330750,5072,831,0.22742316499999998,-0.058688598,lower,-0.2434906,0.0094104978,0.0,0.9992494658284348,-0.03873635297221208,0.24367238034867011,0.002165976714210401
FINE,330750,5072,832,0.22931442000000002,-0.058760771499999996,lower,-0.2432482,0.0091080196,-1.7218291e-17,0.9992952207656217,-0.037537471345141196,0.2434186557445861,0.0021637213843963207
FINE,330750,5072,833,0.231205675,-0.05883068400000001,lower,-0.24312622,0.0088168223,8.5514488e-18,0.9993391010193754,-0.03635053196015936,0.2432860343098421,0.0021625425271985963
FINE,330750,5072,834,0.23309692499999998,-0.058898358500000005,lower,-0.2431579,0.008530366,1.6988538e-17,0.9993811635642634,-0.035175132024468835,0.24330748178210987,0.002162733171396532
FINE,330750,5072,835,0.23498818,-0.0589638165,lower,-0.24338103,0.0082555563,0.0,0.9994214578504814,-0.03401102156681627,0.2435210037191171,0.00216463114416993
FINE,330750,5072,836,0.236879435,-0.05902708,lower,-0.24384568,0.0079913165,0.0,0.9994600231575616,-0.032858212213790726,0.2439765893530959,0.0021686807942497416
FINE,330750,5072,837,0.23877068499999998,-0.05908817,lower,-0.24461497,0.0077352081,8.3266749e-18,0.9994969111704907,-0.03171631379350927,0.24473723922841994,0.002175442126474844
FINE,330750,5072,838,0.24066194,-0.059147107500000004,lower,-0.24576098,0.0074946159,4.1361947e-18,0.9995321590829085,-0.030585338956093527,0.2458752283253787,0.002185557585114477
FINE,330750,5072,839,0.242553195,-0.059203913500000004,lower,-0.2473767,0.0072647075,-4.1096129e-18,0.9995658159101357,-0.029464888662689256,0.24748334677031136,0.0021998519712916565
FINE,330750,5072,840,0.244444445,-0.059258607,lower,-0.24956589,0.0070517342,-4.0835769e-18,0.9995979193685851,-0.028354886598179044,0.24966549551293069,0.0022192488490038282
FINE,330750,5072,841,0.246335695,-0.059311209000000004,lower,-0.25244145,0.0068552123,-4.0582711e-18,0.9996285025806058,-0.02725539998708319,0.25253451020600975,0.0022447512018311977
FINE,330750,5072,842,0.24822695,-0.059361739,lower,-0.25610696,0.006672933,-4.033639e-18,0.9996576154473794,-0.026165853283610156,0.25619387591892673,0.0022772788970571263
FINE,330750,5072,843,0.25011820500000004,-0.0594102155,lower,-0.260635,0.0065088422,8.0195293e-18,0.9996852854581073,-0.025086451294326528,0.26071625812820654,0.0023174778500285025
FINE,330750,5072,844,0.252009455,-0.0594566585,lower,-0.26606258,0.0063594746,0.0,0.9997115479325384,-0.024017096625697558,0.26613856981468165,0.0023656761761305036
FINE,330750,5072,845,0.25390071000000003,-0.05950108650000001,lower,-0.27233629,0.0062184473,0.0,0.9997364471184108,-0.022957271245879683,0.27240727356740346,0.0024213979872658086
FINE,330750,5072,846,0.255791965,-0.0595435175,lower,-0.27935433,0.0060850743,-3.9421423e-18,0.9997600141981207,-0.021906939781117265,0.2794205942833602,0.0024837386158520908
FINE,330750,5072,847,0.257683215,-0.0595839695,lower,-0.28703381,0.0059534294,3.9205843e-18,0.9997822776396987,-0.02086617640049009,0.28709554162944884,0.0025519603700395453
FINE,330750,5072,848,0.25957446500000003,-0.059622461,lower,-0.29514285,0.0058185833,3.8990679e-18,0.9998032709651524,-0.01983480192444705,0.29520019727921376,0.0026240017535930113
FINE,330750,5072,849,0.26146572,-0.059659009500000006,lower,-0.30326257,0.0056690228,0.0,0.9998230320694698,-0.0188123508209882,0.3033155498963056,0.0026961382213004943
FINE,330750,5072,850,0.263356975,-0.0596936315,lower,-0.31099652,0.0055021616,3.8550326e-18,0.9998415851268815,-0.01779900702188253,0.3110451865386978,0.0027648461025662026
FINE,330750,5072,851,0.265248225,-0.059726345,lower,-0.31809083,0.0053106303,-3.8324204e-18,0.9998589568503002,-0.0167948327240719,0.3181351566149941,0.0028278680587999474
FINE,330750,5072,852,0.26713948,-0.059757167,lower,-0.32443038,0.0050979742,-1.9047376e-18,0.9998751852342621,-0.015799175698433796,0.3244704300882139,0.002884181600784124
FINE,330750,5072,853,0.269030735,-0.059786113,lower,-0.33002114,0.0048611315,0.0,0.9998902947877579,-0.014812102796386655,0.3300569385402767,0.002933839453691348
FINE,330750,5072,854,0.270921985,-0.059813200000000004,lower,-0.33495679,0.0046102454,1.8815955e-18,0.99990430813736,-0.013833819730915523,0.33498851466463986,0.00297767568590791
FINE,330750,5072,855,0.27281323999999996,-0.0598384445,lower,-0.33935343,0.0043454382,0.0,0.9999172561283551,-0.012863937839613308,0.3393812500302365,0.0030167222224909912
FINE,330750,5072,856,0.274704495,-0.059861862,lower,-0.34331059,0.0040662655,1.8586328e-18,0.9999291641700055,-0.011902379689541045,0.34333466954531094,0.003051863729291653
FINE,330750,5072,857,0.276595745,-0.059883468499999995,lower,-0.3469136,0.003780331,-1.8472452e-18,0.9999400581204104,-0.010948980142013955,0.34693419611581006,0.0030838595210294227
FINE,330750,5072,858,0.278486995,-0.059903279,lower,-0.3502307,0.0034869752,0.0,0.9999499629015282,-0.010003584019367948,0.35024805772136286,0.0031133160686343366
FINE,330750,5072,859,0.28037825,-0.059921309,lower,-0.35330761,0.0031885771,0.0,0.9999589009284422,-0.009066226005453327,0.3533219977458791,0.0031406399799633698
FINE,330750,5072,860,0.28226950500000003,-0.059937573499999994,lower,-0.35617626,0.0028826582,0.0,0.9999668967824493,-0.008136666349197802,0.35618792464775106,0.0031661148857577872
FINE,330750,5072,861,0.284160755,-0.059952087,lower,-0.35886307,0.0025765305,0.0,0.9999739715181085,-0.00721500424816145,0.35887231901758404,0.0031899761690451917
FINE,330750,5072,862,0.28605201,-0.059964865,lower,-0.3613923,0.0022645735,-1.7919185e-18,0.9999801477839306,-0.006301114030724593,0.3613993948978291,0.003212439065758481
FINE,330750,5072,863,0.287943265,-0.0599759215,lower,-0.36378257,0.0019513042,0.0,0.9999854488946444,-0.00539462686167515,0.36378780311955,0.0032336693610626665
FINE,330750,5072,864,0.289834515,-0.0599852705,lower,-0.36604241,0.0016353907,0.0,0.9999898944764083,-0.004495658468095629,0.36604606310783927,0.0032537427831807937
FINE,330750,5072,865,0.291725765,-0.0599929265,lower,-0.3681761,0.0013177105,0.0,0.9999935048434826,-0.003604201832259372,0.36817845793320303,0.0032726974038506935
FINE,330750,5072,866,0.29361702,-0.0599989035,lower,-0.37019412,0.00099967793,4.3740194e-19,0.9999963007681759,-0.002720009184496646,0.37019546969928135,0.0032906263973269453
FINE,330750,5072,867,0.295508275,-0.060003215,lower,-0.37211156,0.00067760443,0.0,0.9999983019997897,-0.001842823251810972,0.372112176859692,0.003307663794308373
FINE,330750,5072,868,0.297399525,-0.060005874,lower,-0.37392926,0.00035605431,0.0,0.9999995268614995,-0.0009727675863199281,0.37392942943776236,0.0033238171505578875
FINE,330750,5072,869,0.29929078,-0.060006894500000005,lower,-0.37564551,3.6339438e-05,1.3428894e-20,0.9999999939522128,-0.00010997988041809814,0.37564551172478294,0.003339071215331404
FINE,330750,5072,870,0.301182035,-0.06000629,lower,-0.37726306,-0.00028675306,0.0,0.9999997217911694,0.0007459340344648853,0.3772631689409522,0.0033534503905862417
FINE,330750,5072,871,0.30307328499999997,-0.060004073000000005,lower,-0.3787846,-0.00060850946,4.247274e-19,0.9999987278193426,0.0015951049170571914,0.3787850887539903,0.0033669785667021362
FINE,330750,5072,872,0.30496453999999995,-0.0600002565,lower,-0.38021608,-0.00093047243,0.0,0.9999970292251307,0.0024375276230492156,0.38021721851587525,0.003379708609030002
FINE,330750,5072,873,0.306855795,-0.059994853,lower,-0.38155718,-0.0012531787,0.0,0.9999946430333801,0.0032732101280505575,0.3815592379281363,0.0033916376704723225
FINE,330750,5072,874,0.308747045,-0.059987875499999996,lower,-0.38280553,-0.0015716093,-4.1738356e-19,0.9999915861613133,0.004102146582067893,0.38280875610774057,0.003402744498735472
FINE,330750,5072,875,0.310638295,-0.0599793365,lower,-0.38399173,-0.0018930306,1.6599644e-18,0.9999878734980333,0.004924718964686394,0.3839963961672275,0.0034133012992642446
FINE,330750,5072,876,0.31252955,-0.059969247499999996,lower,-0.38512572,-0.0022130304,0.0,0.9999835214586129,0.00574080231604734,0.38513207825992957,0.003423396251199374
FINE,330750,5072,877,0.314420805,-0.0599576215,lower,-0.38618907,-0.0025300285,8.2048815e-19,0.999978545817231,0.006550412601961635,0.3861973573596786,0.0034328653987526986
FINE,330750,5072,878,0.316312055,-0.05994447,lower,-0.38717769,-0.0028481918,-8.1580451e-19,0.9999729605199494,0.007353790109015831,0.38718816592126265,0.0034416725859667792
FINE,330750,5072,879,0.31820331,-0.059929805,lower,-0.38810237,-0.0031624747,8.1115842e-19,0.9999667806149731,0.008150930408621589,0.3881152545891398,0.0034499133741256872
FINE,330750,5072,880,0.320094565,-0.059913638000000005,lower,-0.38896951,-0.0034781964,1.6131247e-18,0.9999600195472184,0.008941996819879006,0.3889850608440197,0.003457644985280175
FINE,330750,5072,881,0.321985815,-0.0598959805,lower,-0.38977763,-0.0037900999,0.0,0.9999526933310271,0.009726823737729928,0.3897960565523602,0.00346485383602098
FINE,330750,5072,882,0.32387707,-0.0598768445,lower,-0.39053063,-0.0041011886,0.0,0.999944813912083,0.010505671341215873,0.3905521638818585,0.0034715747900609644
FINE,330750,5072,883,0.325768325,-0.059856240500000005,lower,-0.39123466,-0.0044112583,0.0,0.9999363947904872,0.011278580291986199,0.39125952816840726,0.0034778624726080646
FINE,330750,5072,884,0.327659575,-0.0598341805,lower,-0.39191364,-0.0047179344,0.0,0.9999274500450059,0.012045523919373486,0.39194203667472166,0.003483929214886415
FINE,330750,5072,885,0.329550825,-0.059810675,lower,-0.39256762,-0.0050254599,0.0,0.999917988755103,0.012806863938907514,0.3925997854219473,0.003489775870417309
FINE,330750,5072,886,0.33144208,-0.05978573449999999,lower,-0.39317956,-0.0053290654,-1.5595985e-18,0.9999080268978121,0.013562365034323856,0.39321567278639646,0.0034952504247679687
FINE,330750,5072,887,0.333333335,-0.0597593705,lower,-0.39374939,-0.005632063,0.0,0.9998975771627063,0.01431206428680419,0.39378966751801686,0.00350035260016015
FINE,330750,5072,888,0.3352245850000001,-0.0597315935,lower,-0.39428396,-0.0059324163,0.0,0.9998866494258306,0.015056171491650646,0.3943285871639209,0.00350514299701263
FINE,330750,5072,889,0.33711584,-0.059702413999999995,lower,-0.39478888,-0.0062317579,1.5338891e-18,0.9998752562137929,0.01579468301049554,0.394838061180985,0.003509671654942089
FINE,330750,5072,890,0.3390070949999999,-0.0596718425,lower,-0.39526204,-0.006529513,0.0,0.9998634088852606,0.01652766082499315,0.3953159682935586,0.0035139197181649653
FINE,330750,5072,891,0.340898345,-0.0596398895,lower,-0.39570505,-0.0068228137,0.0,0.9998511157309824,0.01725532878590528,0.3957638656365226,0.003517901027880201
FINE,330750,5072,892,0.34278959500000006,-0.0596065645,lower,-0.39612255,-0.0071174671,-8.1720212e-25,0.9998383891927644,0.017977638788734807,0.39618648756754477,0.0035216576672670646
FINE,330750,5072,893,0.34468085,-0.059571878,lower,-0.3965248,-0.0074080354,6.0024477e-18,0.9998252449996546,0.018694369777570313,0.39659399386153205,0.0035252799454358404
FINE,330750,5072,894,0.346572105,-0.0595358405,lower,-0.39692255,-0.0076979917,-2.98497e-18,0.999811686453554,0.019405968950301448,0.396997191094855,0.0035288639208431553
FINE,330750,5072,895,0.348463355,-0.059498461,lower,-0.39730575,-0.007985626,-5.9376695e-18,0.9997977233375557,0.020112493854329744,0.39738599517276807,0.0035323199570912716
FINE,330750,5072,896,0.35035461,-0.059459749500000006,lower,-0.39766492,-0.0082723527,0.0,0.9997833719597189,0.02081367706231202,0.39775095270533517,0.003535564024047424
FINE,330750,5072,897,0.352245865,-0.059419716000000004,lower,-0.39800113,-0.008555961,-2.9368898e-18,0.999768636090956,0.021509864918906406,0.3980930844681207,0.003538605195272184
FINE,330750,5072,898,0.354137115,-0.0593783695,lower,-0.39831892,-0.0088383941,0.0,0.9997535279897212,0.022200974575586195,0.39841696649775865,0.0035414841466467435
FINE,330750,5072,899,0.35602837,-0.05933572,lower,-0.39862218,-0.0091171795,0.0,0.9997380612641192,0.022886870905829474,0.3987264291203185,0.0035442349255139427
FINE,330750,5072,900,0.357919625,-0.059291777000000004,lower,-0.39890981,-0.0093967695,2.8900437e-18,0.9997222351543513,0.02356804060561661,0.3990204703233352,0.003546848625096313
FINE,330750,5072,901,0.359810875,-0.059246549,lower,-0.39917835,-0.0096723401,0.0,0.999706060734808,0.024244424721824247,0.3992955161305588,0.0035492934767160783
FINE,330750,5072,902,0.361702125,-0.0592000455,lower,-0.39943161,-0.009947619,0.0,0.9996895559323813,0.02491569304109827,0.3995554606477499,0.003551604094646666
FINE,330750,5072,903,0.36359337999999997,-0.059152276,lower,-0.39968106,-0.010218775,2.8443542e-18,0.9996727226874641,0.025582171812267407,0.39981167191457256,0.003553881528129534
FINE,330750,5072,904,0.365484635,-0.059103249,lower,-0.3999275,-0.01049078,-9.3894012e-25,0.9996555652800445,0.026244062273868014,0.40006507176715644,0.003556133971263613
FINE,330750,5072,905,0.36737588499999996,-0.0590529735,lower,-0.40017176,-0.010760112,-5.6291676e-18,0.9996380990935049,0.026901130844709492,0.40031639665811797,0.003558367970294382
FINE,330750,5072,906,0.36926714,-0.059001458500000006,lower,-0.40040853,-0.01102783,-5.59963e-18,0.9996203264157639,0.027553638896551824,0.40056036230388875,0.0035605365538123445
FINE,330750,5072,907,0.37115839500000003,-0.058948712,lower,-0.40062688,-0.011294043,0.0,0.9996022530841447,0.028201695500470785,0.4007860430557265,0.003562542604939791
FINE,330750,5072,908,0.373049645,-0.058894743,lower,-0.40083376,-0.011556994,-2.7706554e-18,0.9995838974136881,0.028844965440463784,0.4010003331283085,0.0035644474055849646
FINE,330750,5072,909,0.37494089499999994,-0.0588395605,lower,-0.40103132,-0.01181938,0.0,0.9995652631403145,0.029483634837546752,0.4012054551872339,0.0035662707127754123
FINE,330750,5072,910,0.37683215,-0.0587831725,lower,-0.40122057,-0.012079957,5.4839173e-18,0.9995463488674183,0.030118042197546494,0.401402380488675,0.003568021159899333
FINE,330750,5072,911,0.378723405,-0.058725586999999996,lower,-0.40140063,-0.012337861,5.4556058e-18,0.9995271683183884,0.030748004706388554,0.4015901996732119,0.0035696906637618835
FINE,330750,5072,912,0.380614655,-0.058666813000000005,lower,-0.40156946,-0.012594226,-5.4275799e-18,0.9995077336270395,0.03137340306276831,0.40176690458699565,0.003571261374106628
FINE,330750,5072,913,0.38250591,-0.0586068585,lower,-0.40173113,-0.012849474,-5.3997256e-18,0.9994880407488259,0.03199463080070087,0.40193657420812506,0.0035727695485166674
FINE,330750,5072,914,0.384397165,-0.058545731,lower,-0.40188732,-0.013103213,-1.115843e-24,0.9994680976156425,0.032611682700661726,0.4021008730009641,0.003574229982230792
FINE,330750,5072,915,0.386288415,-0.058483439000000005,lower,-0.40204464,-0.013354182,5.3446672e-18,0.999447920545539,0.03322430010095125,0.40226636276485056,0.003575701002354227
FINE,330750,5072,916,0.38817967,-0.058419990500000005,lower,-0.4022023,-0.013604939,0.0,0.9994275088231822,0.033832744604714665,0.4024323351585039,0.0035771763125200346
FINE,330750,5072,917,0.390070925,-0.058355393,lower,-0.40235738,-0.0138532,-5.2904071e-18,0.999406865435139,0.03443715030472219,0.40259579266109646,0.003578629268098635
FINE,330750,5072,918,0.39196217499999997,-0.058289654499999996,lower,-0.4025048,-0.014100627,5.2635608e-18,0.9993860053937261,0.03503729760086225,0.4027517120883584,0.003580015218563186
FINE,330750,5072,919,0.393853425,-0.058222783,lower,-0.40264402,-0.014345507,0.0,0.9993649302987458,0.03563335640916738,0.40289949154630805,0.0035813288137449607
FINE,330750,5072,920,0.39574467999999996,-0.0581547855,lower,-0.40277588,-0.014589127,0.0,0.9993436441511284,0.03622541779942268,0.4030400129162814,0.003582577892589168
FINE,330750,5072,921,0.397635935,-0.05808567,lower,-0.40290175,-0.014830782,0.0,0.9993221553158824,0.036813447200980606,0.4031746174006471,0.0035837743768946406
FINE,330750,5072,922,0.39952718500000006,-0.058015444,lower,-0.40302119,-0.015071141,0.0,0.9993004663867688,0.03739756515050394,0.40330288710819046,0.003584914552072804
FINE,330750,5072,923,0.40141844,-0.057944114500000005,lower,-0.40313742,-0.015309276,0.0,0.9992785893047889,0.037977637591498595,0.4034280024892884,0.0035860266887936744
FINE,330750,5072,924,0.403309695,-0.0578716895,lower,-0.40324711,-0.015546522,-1.0213576e-17,0.9992565252929748,0.038553815108368916,0.4035466837078002,0.0035870816329582242
FINE,330750,5072,925,0.405200945,-0.05779817599999999,lower,-0.40334831,-0.015782066,-5.081328e-18,0.9992342766286504,0.03912621129649493,0.40365694922124984,0.0035880617708555543
FINE,330750,5072,926,0.4070922,-0.057723581,lower,-0.40344979,-0.016015197,-5.0560806e-18,0.9992118498804754,0.03969482407617189,0.4037675314272495,0.0035890447237977735
FINE,330750,5072,927,0.408983455,-0.057647911499999996,lower,-0.40355014,-0.016248256,0.0,0.9991892451550213,0.04025981081101718,0.4038771114813722,0.003590018768723308
FINE,330750,5072,928,0.410874705,-0.057571174499999996,lower,-0.40364964,-0.016478808,0.0,0.9991664781898525,0.04082093656062939,0.4039858695973646,0.0035909855075321297
FINE,330750,5072,929,0.412765955,-0.057493377500000005,lower,-0.40374944,-0.016708748,9.9630229e-18,0.9991435545312698,0.041378224208144104,0.40409502894259103,0.0035919558128230315
FINE,330750,5072,930,0.41465721,-0.05741452700000001,lower,-0.40384969,-0.016936877,-4.956925e-18,0.9991204705870803,0.04193191211775556,0.40420468795715975,0.0035929305596191976
FINE,330750,5072,931,0.416548465,-0.05733463,lower,-0.40394502,-0.01716344,0.0,0.9990972331589578,0.04248198081675434,0.4043094887591694,0.003593862122303728
FINE,330750,5072,932,0.418439715,-0.0572536935,lower,-0.40403273,-0.01738853,4.9083928e-18,0.9990738496740676,0.04302839640793638,0.40440673551721446,0.0035947265379307953
FINE,330750,5072,933,0.42033096999999997,-0.057171724,lower,-0.4041182,-0.017611862,0.0,0.9990503261987074,0.0435711569992849,0.4045017887370862,0.0035955714554407664
FINE,330750,5072,934,0.422222225,-0.057088728500000005,lower,-0.40419911,-0.017833844,-4.8605694e-18,0.999026655233774,0.044110567128728136,0.40459234588469356,0.003596376407863943
FINE,330750,5072,935,0.42411347499999996,-0.057004713,lower,-0.40427513,-0.018055087,4.8369058e-18,0.9990028413694074,0.0446466452922344,0.404678102629996,0.003597138690044409
FINE,330750,5072,936,0.42600472500000003,-0.056919684,lower,-0.40434841,-0.018273973,4.8133773e-18,0.9989789072595677,0.04517900895858776,0.40476113276381964,0.003597876735678397
FINE,330750,5072,937,0.42789597999999995,-0.0568336485,lower,-0.40441977,-0.018491198,9.5801096e-18,0.9989548534935075,0.04570777485029081,0.4048422836051242,0.003598598076489993
FINE,330750,5072,938,0.429787235,-0.056746613,lower,-0.40448555,-0.018707658,4.7669516e-18,0.9989306679181615,0.04623332880699308,0.40491793792826775,0.00359927055936238
FINE,330750,5072,939,0.43167848499999995,-0.0566585835,lower,-0.40454634,-0.018922758,4.7439428e-18,0.9989063578797658,0.04675562198689464,0.4049886564029869,0.0035998991680265503
FINE,330750,5072,940,0.43356974,-0.056569566,lower,-0.40460923,-0.019135414,0.0,0.9988819348040415,0.04727452085568608,0.4050614680301986,0.003600546382490654
FINE,330750,5072,941,0.435460995,-0.056479567,lower,-0.40467261,-0.019348575,0.0,0.9988574013111718,0.0477900810408672,0.40513490157368465,0.003601199125099419
FINE,330750,5072,942,0.43735224500000003,-0.056388593,lower,-0.40473434,-0.019559004,0.0,0.9988327588516291,0.04830237928759929,0.405206663853889,0.0036018370120345687
FINE,330750,5072,943,0.4392435,-0.056296649500000004,lower,-0.4047965,-0.019769571,0.0,0.9988080125204527,0.04881141387978032,0.4052789683525422,0.003602479718689264
FINE,330750,5072,944,0.441134755,-0.056203743,lower,-0.40485884,-0.019977199,0.0,0.9987831642527117,0.04931724653040304,0.4053514137389523,0.003603123677679576
FINE,330750,5072,945,0.443026005,-0.0561098795,lower,-0.40491922,-0.020185009,0.0,0.9987582121054313,0.049820013568470024,0.4054220136365855,0.0036037512323252043
FINE,330750,5072,946,0.444917255,-0.056015064499999996,lower,-0.4049752,-0.020390019,0.0,0.9987331740063823,0.05031945090257973,0.4054881814498426,0.0036043393906652677
FINE,330750,5072,947,0.44680851000000005,-0.0559193045,lower,-0.40502944,-0.020595039,0.0,0.9987080550083427,0.05081555727779825,0.40555271262746123,0.0036049130011329886
FINE,330750,5072,948,0.448699765,-0.055822605500000004,lower,-0.40508092,-0.020798026,0.0,0.9986828328048134,0.051308863376157775,0.4056144837753078,0.003605462078002736
FINE,330750,5072,949,0.450591015,-0.0557249725,lower,-0.40512722,-0.020999916,4.522436e-18,0.9986575151186627,0.05179930015953775,0.4056711237843409,0.0036059655447496968
FINE,330750,5072,950,0.45248226999999996,-0.055626411,lower,-0.40517362,-0.021200631,4.5010306e-18,0.9986321269346573,0.05228647104139161,0.40572790009725535,0.003606470223086714
FINE,330750,5072,951,0.454373525,-0.055526927499999996,lower,-0.40521845,-0.021399224,4.4798675e-18,0.9986066620800219,0.0527705831822732,0.4057830932978684,0.0036069608293143856
FINE,330750,5072,952,0.45626477500000007,-0.0554265275,lower,-0.40525904,-0.021597847,4.458829e-18,0.9985811182222956,0.05325176363191794,0.4058341487762963,0.0036074146557893007
FINE,330750,5072,953,0.458156025,-0.0553252165,lower,-0.40529698,-0.02179404,8.8758074e-18,0.9985555001154717,0.053730002690679735,0.4058825223870311,0.0036078446434402766
FINE,330750,5072,954,0.46004727999999995,-0.0552229995,lower,-0.40533312,-0.021989675,2.5892667e-24,0.9985298115543509,0.054205308201618674,0.40592916104096555,0.003608259209253027
FINE,330750,5072,955,0.461938535,-0.0551198825,lower,-0.40537042,-0.022183906,4.3965133e-18,0.9985040560169247,0.054677693054390304,0.40597697336229976,0.0036086842076648866
FINE,330750,5072,956,0.46382978500000005,-0.055015871,lower,-0.40540705,-0.022377333,-2.6023624e-24,0.9984782276565396,0.05514733806681266,0.40602416311145073,0.003609103672101784
FINE,330750,5072,957,0.46572104,-0.054910969500000004,lower,-0.40544444,-0.022569626,0.0,0.9984523377483637,0.05561411012348568,0.4060721386108861,0.0036095301209856543
FINE,330750,5072,958,0.467612295,-0.05480518400000001,lower,-0.40548066,-0.022759925,0.0,0.998426392727871,0.05607796630059719,0.40611892299187047,0.0036099459821499597
FINE,330750,5072,959,0.469503545,-0.05469852,lower,-0.40551565,-0.022950363,0.0,0.9984003867327805,0.056539081809261094,0.40616457423740415,0.003610351770999148
FINE,330750,5072,960,0.4713948,-0.054590982,lower,-0.40555347,-0.023139072,-4.2951905e-18,0.9983743236406157,0.05699745516374458,0.4062130395302054,0.0036107825736018256
FINE,330750,5072,961,0.473286055,-0.0544825755,lower,-0.40558858,-0.023326472,0.0,0.9983482093784727,0.05745304892516356,0.40625880952442484,0.0036111894179948873
FINE,330750,5072,962,0.475177305,-0.054373305999999996,lower,-0.40562146,-0.02351339,-4.2555631e-18,0.9983220411100191,0.05790597753190484,0.40630240969826487,0.003611576975095688
FINE,330750,5072,963,0.477068555,-0.054263178,lower,-0.40565243,-0.023698381,4.235904e-18,0.9982958237391668,0.05835621907678976,0.4063440746720459,0.0036119473304181858
FINE,330750,5072,964,0.47895981,-0.0541521965,lower,-0.40568149,-0.023882683,0.0,0.9982695597068625,0.058803793777841694,0.4063838747695175,0.0036123011090623777
FINE,330750,5072,965,0.48085106499999997,-0.054040366500000006,lower,-0.4057086,-0.024065869,0.0,0.9982432433104069,0.05924885809127255,0.4064217439601487,0.0036126377240902107
FINE,330750,5072,966,0.48274231500000003,-0.053927693000000006,lower,-0.40573341,-0.024248005,0.0,0.9982168917781215,0.059691179991905964,0.40645733545163787,0.0036129540929034478
FINE,330750,5072,967,0.48463356999999996,-0.053814181,lower,-0.40576001,-0.02442854,8.3168739e-18,0.998190508835289,0.060130758112191075,0.406494697476686,0.003613286199792764
FINE,330750,5072,968,0.486524825,-0.0536998355,lower,-0.40578412,-0.024608172,4.1394202e-18,0.9981640756877961,0.060567961880253256,0.4065295978922245,0.003613596425708662
FINE,330750,5072,969,0.48841607499999995,-0.053584661,lower,-0.40580366,-0.024787092,0.0,0.9981376019175899,0.06100268549992595,0.40655997121951476,0.0036138664108401313
FINE,330750,5072,970,0.49030733,-0.053468662,lower,-0.40582402,-0.024964073,8.2033396e-18,0.9981110989375294,0.06143479614776427,0.40659112131321884,0.0036141433005619453
FINE,330750,5072,971,0.492198585,-0.0533518435,lower,-0.40584272,-0.02514127,0.0,0.9980845550731097,0.06186453688917999,0.40662070364621644,0.003614406254633035
FINE,330750,5072,972,0.49408983500000003,-0.05323420999999999,lower,-0.40586215,-0.02531688,2.7266551e-24,0.9980579751863421,0.062291878820108434,0.40665099165483864,0.0036146754813763437
FINE,330750,5072,973,0.49598108499999993,-0.053115766,lower,-0.40588152,-0.025490987,-4.0459002e-18,0.9980313727137117,0.06271665711104327,0.4066812000558289,0.0036149440004962573
FINE,330750,5072,974,0.49787233999999997,-0.052996516,lower,-0.40590172,-0.025665342,4.0275066e-18,0.9980047489099203,0.06313890364305515,0.40671232570620885,0.0036152206729440787
FINE,330750,5072,975,0.499763595,-0.052876465,lower,-0.40592208,-0.025837534,4.0092142e-18,0.9979780879361044,0.0635589175442516,0.4067435469424992,0.003615498195044437
FINE,330750,5072,976,0.501654845,-0.052755617,lower,-0.40593962,-0.026009588,0.0,0.9979514001512921,0.06397658115338353,0.40677201667333157,0.003615751259318503
FINE,330750,5072,977,0.5035461,-0.052633976500000006,lower,-0.40595927,-0.026180297,0.0,0.9979247055421343,0.06439163042387161,0.40680257698566097,0.0036160229065392087
FINE,330750,5072,978,0.5054373550000001,-0.052511548500000005,lower,-0.40598038,-0.026349912,7.910032e-18,0.9978979737701277,0.06480458275055626,0.40683459364510033,0.0036163074990675586
FINE,330750,5072,979,0.5073286050000001,-0.0523883365,lower,-0.40599813,-0.026519467,7.8743345e-18,0.9978712012553251,0.06521553269930683,0.4068633228578224,0.0036165628698473103
FINE,330750,5072,980,0.509219855,-0.052264344500000004,lower,-0.4060138,-0.026687157,-3.9193833e-18,0.9978444277241132,0.06562391378100618,0.4068899235991207,0.0036167993208810725
FINE,330750,5072,981,0.51111111,-0.052139577500000006,lower,-0.40603049,-0.02685422,-3.9016835e-18,0.9978176537058491,0.06602976565878672,0.40691756871838575,0.00361704505527454
FINE,330750,5072,982,0.5130023650000001,-0.05201404,lower,-0.40604673,-0.027020147,0.0,0.9977908443883351,0.06643365754505264,0.4069447567804373,0.0036172867269372204
FINE,330750,5072,983,0.5148936150000001,-0.0518877355,lower,-0.40605823,-0.02718528,-7.7333134e-18,0.9977640107961783,0.0668354603479596,0.40696722888508524,0.0036174864789785353
FINE,330750,5072,984,0.51678487,-0.051760667999999996,lower,-0.40607267,-0.027349554,-1.5397003e-17,0.9977371732329793,0.06723491019599732,0.406992642700059,0.00361771237955608
FINE,330750,5072,985,0.518676125,-0.051632842,lower,-0.40608503,-0.027512832,0.0,0.9977103254076138,0.06763214158248526,0.40701597917361976,0.00361791981487662
FINE,330750,5072,986,0.520567375,-0.051504261999999995,lower,-0.40609697,-0.027675118,-1.5259098e-17,0.9976834611884589,0.06802728328411194,0.40703889369985297,0.0036181234995542487
FINE,330750,5072,987,0.52245863,-0.051374931000000006,lower,-0.40610775,-0.027836448,0.0,0.997656574140974,0.0684204653104265,0.4070606493218486,0.0036183168828608763
FINE,330750,5072,988,0.5243498849999999,-0.051244853,lower,-0.40611528,-0.027997338,1.5122725e-17,0.997629684146443,0.06881143298804593,0.40707919546107496,0.0036184817374317773
FINE,330750,5072,989,0.526241135,-0.051114032999999996,lower,-0.40612333,-0.028156499,-7.5275557e-18,0.9976027879916316,0.06920027016799661,0.4070982036142304,0.003618650698793159
FINE,330750,5072,990,0.528132385,-0.050982474,lower,-0.40613169,-0.028315841,7.493912e-18,0.9975758734534494,0.06958718778329478,0.4071175951337845,0.003618823067855862
FINE,330750,5072,991,0.53002364,-0.050850179499999995,lower,-0.40614198,-0.028473711,0.0,0.9975489576586716,0.06997197349009016,0.4071388705616856,0.0036190121827705383
FINE,330750,5072,992,0.531914895,-0.050717154,lower,-0.4061514,-0.028631131,-7.4270417e-18,0.9975220392500357,0.07035468151054446,0.4071593068750486,0.0036191938388893206
FINE,330750,5072,993,0.533806145,-0.0505834015,lower,-0.40615993,-0.028786942,1.4787954e-17,0.9974951215657802,0.0707352984899979,0.4071788016854831,0.003619367126093183
FINE,330750,5072,994,0.5356974,-0.0504489255,lower,-0.40617146,-0.028943148,0.0,0.9974681883775731,0.07111408562839283,0.40720137588210115,0.003619567785618677
FINE,330750,5072,995,0.537588655,-0.050313729,lower,-0.40617982,-0.029097932,0.0,0.9974412404436848,0.07149106141444311,0.4072207455476379,0.0036197399604234477
FINE,330750,5072,996,0.5394799050000001,-0.0501778165,lower,-0.40618807,-0.02925191,0.0,0.997414302651801,0.0718659089250368,0.40724000568447427,0.0036199111616397714
FINE,330750,5072,997,0.5413711550000001,-0.050041191500000005,lower,-0.40619765,-0.029405446,0.0,0.9973873626397775,0.0722388319843904,0.40726061791699547,0.0036200943814844043
FINE,330750,5072,998,0.5432624100000001,-0.049903856999999996,lower,-0.40620768,-0.029557976,0.0,0.9973604088569779,0.07261001889988643,0.4072816630016468,0.003620281448903527
FINE,330750,5072,999,0.545153665,-0.0497658165,lower,-0.40621667,-0.029710297,7.1987047e-18,0.9973334483690619,0.0729793995883478,0.4073017119127487,0.003620459661446655
FINE,330750,5072,1000,0.5470449150000001,-0.04962707400000001,lower,-0.40622342,-0.029860626,0.0,0.9973065138667253,0.07334655683124651,0.4073194369531442,0.0036206172173612818
FINE,330750,5072,1001,0.5489361700000001,-0.0494876335,lower,-0.40623339,-0.030011216,-7.1348366e-18,0.997279578814377,0.07371188289427147,0.4073404473188432,0.0036208039761674955
FINE,330750,5072,1002,0.550827425,-0.0493474975,lower,-0.40624051,-0.030160751,0.0,0.9972526138712173,0.07407579987435048,0.4073585922130125,0.0036209652641156667
FINE,330750,5072,1003,0.5527186749999999,-0.049206669499999994,lower,-0.40624455,-0.03030895,0.0,0.9972256618312584,0.07443775510591868,0.40737362043670927,0.0036210988483263047
FINE,330750,5072,1004,0.55460993,-0.049065153,lower,-0.40625266,-0.030457272,-1.4080787e-17,0.9971987249146157,0.07479774748389507,0.4073927698852752,0.0036212690656468906
FINE,330750,5072,1005,0.556501185,-0.048922951500000006,lower,-0.406259,-0.030604676,-7.0091754e-18,0.9971717731156245,0.07515620334637306,0.4074101386269864,0.003621423454462101
FINE,330750,5072,1006,0.558392435,-0.048780067999999996,lower,-0.4062631,-0.030751279,-6.9781125e-18,0.9971448228900642,0.0755129272611145,0.40742526599058165,0.0036215579199162812
FINE,330750,5072,1007,0.5602836849999999,-0.048636506,lower,-0.40626792,-0.03089707,0.0,0.9971178912494775,0.07586772008038212,0.4074411019307754,0.0036216986838291144
FINE,330750,5072,1008,0.56217494,-0.048492268500000005,lower,-0.40627283,-0.031041849,0.0,0.9970909551147137,0.07622091070321767,0.4074570021025494,0.003621840018689328
FINE,330750,5072,1009,0.5640661950000001,-0.04834735849999999,lower,-0.40627517,-0.031186282,-6.8857667e-18,0.9970640208376078,0.07657243858688652,0.407470364229881,0.0036219587931544976
FINE,330750,5072,1010,0.565957445,-0.04820178,lower,-0.40627763,-0.031329665,0.0,0.9970371032288975,0.07692213455780374,0.4074838160286827,0.003622078364699402
FINE,330750,5072,1011,0.5678487,-0.0480555355,lower,-0.40628417,-0.031473013,0.0,0.997010173841329,0.07727039055733341,0.40750138296720606,0.003622234515264054
FINE,330750,5072,1012,0.5697399550000001,-0.047908627499999995,lower,-0.40628877,-0.031616096,0.0,0.9969832308508417,0.0776172493857976,0.40751704498085184,0.0036223737331631273
FINE,330750,5072,1013,0.5716312050000001,-0.0477610595,lower,-0.40629053,-0.031757205,0.0,0.9969563199999258,0.0779621447383634,0.40752977145231534,0.0036224868573539143
FINE,330750,5072,1014,0.57352246,-0.047612835,lower,-0.40629841,-0.031898146,-1.3469493e-17,0.9969294228340208,0.07830533754365727,0.4075486344692272,0.0036226545286153528
FINE,330750,5072,1015,0.575413715,-0.0474639565,lower,-0.40630343,-0.032039438,0.0,0.9969025064121034,0.07864726765289534,0.407564721986669,0.003622797528770391
FINE,330750,5072,1016,0.5773049650000001,-0.047314427,lower,-0.40630684,-0.032178696,-6.6752991e-18,0.9968755986221428,0.07898759948083227,0.4075790923007347,0.0036229252648954193
FINE,330750,5072,1017,0.5791962150000001,-0.0471642495,lower,-0.4063123,-0.032318276,0.0,0.9968487176649978,0.079326124887388,0.407595578824637,0.003623071811774551
FINE,330750,5072,1018,0.5810874699999999,-0.047013427,lower,-0.4063187,-0.032456723,0.0,0.9968218383838572,0.07966318171543983,0.40761295932597563,0.0036232263051197834
FINE,330750,5072,1019,0.582978725,-0.04686196199999999,lower,-0.4063242,-0.032595678,-6.5871428e-18,0.9967949348766522,0.07999911127163085,0.4076295297491041,0.003623373597769814
FINE,330750,5072,1020,0.584869975,-0.046709857,lower,-0.40632737,-0.032732722,-6.557891e-18,0.9967680546649157,0.08033333803297184,0.4076436709731767,0.0036234992975393487
FINE,330750,5072,1021,0.58676123,-0.046557115499999996,lower,-0.40633577,-0.032869376,0.0,0.9967411889530702,0.08066599187030461,0.4076630393211592,0.0036236714606325262
FINE,330750,5072,1022,0.588652485,-0.0464037395,lower,-0.40634079,-0.033006513,0.0,0.9967143028344245,0.0809975217231174,0.4076791229717612,0.003623814426415655
FINE,330750,5072,1023,0.590543735,-0.046249732,lower,-0.40634335,-0.033141967,6.4711661e-18,0.996687446668412,0.08132732415124237,0.4076926634754076,0.003623934786448068
FINE,330750,5072,1024,0.592434985,-0.0460950965,lower,-0.4063495,-0.033276772,0.0,0.9966606075507438,0.08165557762077261,0.4077097735869557,0.0036240868763284953
FINE,330750,5072,1025,0.59432624,-0.0459398345,lower,-0.40635501,-0.033411974,0.0,0.9966337587318379,0.08198262594018602,0.4077263223621788,0.0036242339765527004
FINE,330750,5072,1026,0.5962174950000001,-0.045783949,lower,-0.40635999,-0.033545583,-1.2771002e-17,0.9966069051449501,0.08230842373295914,0.407742256068566,0.0036243756094983645
FINE,330750,5072,1027,0.598108745,-0.045627442500000004,lower,-0.40636264,-0.033679485,-6.3572244e-18,0.9965800639231617,0.08263277915516873,0.4077559351932496,0.0036244972017177744
FINE,330750,5072,1028,0.6,-0.0454703175,lower,-0.40636895,-0.03381209,6.3289805e-18,0.9965532474529043,0.08295556033847626,0.4077731976586919,0.0036246506458550392
FINE,330750,5072,1029,0.601891255,-0.045312577,lower,-0.40637392,-0.033944847,1.2601881e-17,0.9965264190111824,0.08327722505432889,0.40778917994019054,0.0036247927105794715
FINE,330750,5072,1030,0.6037825050000001,-0.045154223,lower,-0.40637558,-0.034076538,0.0,0.9964995960943376,0.08359757761934325,0.4078018173630557,0.0036249050432271617
FINE,330750,5072,1031,0.6056737600000001,-0.044995257999999996,lower,-0.40638062,-0.03420782,0.0,0.9964727800571951,0.0839166169783138,0.4078178307013697,0.003625047384012175
FINE,330750,5072,1032,0.607565015,-0.044835684,lower,-0.40638312,-0.034338741,0.0,0.9964459552678046,0.08423454297633715,0.40783132436762864,0.003625167327712255
FINE,330750,5072,1033,0.6094562649999999,-0.044675504,lower,-0.40638486,-0.034469003,-6.1897567e-18,0.9964191524922716,0.08455100559179156,0.40784404665228696,0.003625280414686995
FINE,330750,5072,1034,0.6113475150000001,-0.0445147205,lower,-0.40639004,-0.034598906,0.0,0.9963923586654058,0.08486617461149965,0.4078602072916915,0.003625424064815035
FINE,330750,5072,1035,0.61323877,-0.044353334999999994,lower,-0.40639507,-0.034728306,0.0,0.9963655672760166,0.08518014056540373,0.40787621644540484,0.0036255663684035986
FINE,330750,5072,1036,0.615130025,-0.044191350500000004,lower,-0.40640162,-0.034857218,1.2214761e-17,0.9963387714105347,0.08549299728133428,0.4078937388137599,0.003625722122788977
FINE,330750,5072,1037,0.6170212749999999,-0.044028769,lower,-0.4064045,-0.034985809,6.0801616e-18,0.9963119784568271,0.08580467110503281,0.40790761728334607,0.003625845486963076
FINE,330750,5072,1038,0.61891253,-0.0438655925,lower,-0.40641162,-0.035113419,0.0,0.996285212213364,0.08611489955270288,0.40792567562781396,0.0036260060055805683
FINE,330750,5072,1039,0.620803785,-0.043701824,lower,-0.40641844,-0.03524137,0.0,0.9962584332690031,0.08642415252920477,0.4079435038222505,0.0036261644784200044
FINE,330750,5072,1040,0.622695035,-0.043537465,lower,-0.40642278,-0.035368608,-1.1998436e-17,0.9962316393607952,0.0867324664500131,0.4079588389997154,0.0036263007911085813
FINE,330750,5072,1041,0.6245862849999999,-0.0433725175,lower,-0.40642795,-0.035495206,-1.194479e-17,0.9962048741374858,0.08703935170206643,0.40797498449447767,0.0036264443066175794
FINE,330750,5072,1042,0.62647754,-0.043206984000000004,lower,-0.40643637,-0.035621464,0.0,0.9961781075620825,0.0873451659453921,0.40799437659530013,0.0036266166808471122
FINE,330750,5072,1043,0.6283687950000001,-0.043040866000000004,lower,-0.40644211,-0.035747623,0.0,0.9961513203731188,0.0876501392976189,0.4080111286672452,0.0036267655881532905
FINE,330750,5072,1044,0.630260045,-0.042874166000000005,lower,-0.40644625,-0.035872729,0.0,0.996124555213322,0.08795379753632858,0.4080262327429142,0.003626899846603682
FINE,330750,5072,1045,0.6321513000000001,-0.042706886,lower,-0.4064558,-0.035998044,-5.4316413e-24,0.9960978017980109,0.08825627033344897,0.40804678201079136,0.00362708250676259
FINE,330750,5072,1046,0.6340425550000001,-0.042539028000000007,lower,-0.4064634,-0.036122378,0.0,0.9960710303184859,0.0885579051257989,0.4080653397485971,0.0036272474644319743
FINE,330750,5072,1047,0.6359338050000001,-0.042370594000000004,lower,-0.40646838,-0.036246836,0.0,0.9960442608460266,0.08885848544563797,0.4080813360635383,0.0036273896538981183
FINE,330750,5072,1048,0.6378250599999999,-0.0422015855,lower,-0.40647698,-0.036370826,-5.7872251e-18,0.9960175061188272,0.08915787965643747,0.4081009336418256,0.0036275638545940053
FINE,330750,5072,1049,0.639716315,-0.042032005000000004,lower,-0.40648475,-0.03649396,0.0,0.9959907356884237,0.08945643868851942,0.40811966489386625,0.0036277303546121444
FINE,330750,5072,1050,0.641607565,-0.041861854000000004,lower,-0.40649056,-0.036617152,-1.147048e-17,0.9959639595236873,0.08975406024185692,0.4081364857130942,0.003627879873005282
FINE,330750,5072,1051,0.6434988150000001,-0.0416911345,lower,-0.40649833,-0.036739857,5.709322e-18,0.9959371998033402,0.09005050831550988,0.4081552513032233,0.0036280466782508737
FINE,330750,5072,1052,0.6453900699999999,-0.041519848,lower,-0.40650681,-0.036862305,0.0,0.9959104362801786,0.09034601766665817,0.4081747369567274,0.003628219884059799
FINE,330750,5072,1053,0.647281325,-0.0413479965,lower,-0.40651542,-0.036984143,1.1315416e-17,0.9958836600281582,0.09064069554521158,0.40819433277314754,0.003628394069094645
FINE,330750,5072,1054,0.649172575,-0.041175582,lower,-0.40652108,-0.037105569,0.0,0.9958568803744784,0.09093444787764264,0.40821098896546454,0.0036285421241374627
FINE,330750,5072,1055,0.65106383,-0.0410026055,lower,-0.40653006,-0.037227006,-5.6065874e-18,0.9958300982314267,0.09122727364328617,0.40823098784711004,0.0036287198919743116
FINE,330750,5072,1056,0.6529550850000001,-0.040829068999999996,lower,-0.40653715,-0.03734808,-1.1162163e-17,0.9958033054262381,0.09151927066021866,0.4082491067907219,0.003628880949250861
FINE,330750,5072,1057,0.654846335,-0.040654974499999996,lower,-0.40654194,-0.037468226,-5.5556603e-18,0.9957765237144185,0.09181021086582965,0.4082648854871443,0.0036290212043301713
FINE,330750,5072,1058,0.65673759,-0.0404803235,lower,-0.40655167,-0.037588354,5.5303335e-18,0.9957497420422272,0.09210022379363603,0.4082856163447711,0.0036292054786201877
FINE,330750,5072,1059,0.658628845,-0.0403051175,lower,-0.40655972,-0.03770841,0.0,0.9957229276075648,0.0923896716988445,0.40830470226589727,0.00362937513125242
FINE,330750,5072,1060,0.6605200950000001,-0.040129358000000004,lower,-0.40656688,-0.03782779,-5.4800207e-18,0.9956961032917342,0.09267831402035884,0.4083228739437943,0.0036295366572781716
FINE,330750,5072,1061,0.6624113450000001,-0.039953046500000006,lower,-0.40657514,-0.037947159,5.4549809e-18,0.9956693047165799,0.09296577674178032,0.408342174070425,0.0036297082139593335
FINE,330750,5072,1062,0.6643026000000001,-0.039776185000000006,lower,-0.40658687,-0.038066086,-5.3580723e-24,0.9956424979899295,0.09325243265659706,0.40836492201792196,0.003629910417937084
FINE,330750,5072,1063,0.666193855,-0.0395987745,lower,-0.40659722,-0.038185268,5.4050619e-18,0.9956156485100154,0.0935386574736955,0.40838635357666264,0.003630100920681446
FINE,330750,5072,1064,0.6680851050000001,-0.0394208165,lower,-0.40660445,-0.038303423,5.3802342e-18,0.9955888034771974,0.09382395424859477,0.4084046164711205,0.0036302632575210708
FINE,330750,5072,1065,0.66997636,-0.0392423125,lower,-0.40661718,-0.038421789,0.0,0.9955619637822621,0.0941083220018606,0.40842840831950517,0.003630474740617824
FINE,330750,5072,1066,0.671867615,-0.039063264,lower,-0.40662782,-0.038539545,0.0,0.9955350951385771,0.09439213074946654,0.40845009524035714,0.003630667513247619
FINE,330750,5072,1067,0.6737588649999999,-0.0388836725,lower,-0.40663747,-0.038657401,5.3061742e-18,0.9955082089899224,0.09467526516296178,0.40847083915807925,0.003630851903627371
FINE,330750,5072,1068,0.675650115,-0.038703538999999995,lower,-0.40664771,-0.038774681,-1.0563134e-17,0.9954813296325921,0.0949574765509627,0.4084921489046773,0.0036310413235971315
FINE,330750,5072,1069,0.67754137,-0.038522865,lower,-0.40666054,-0.038891752,5.2570749e-18,0.9954544466555546,0.0952388819426371,0.40851604979961936,0.0036312537759966164
FINE,330750,5072,1070,0.6794326249999999,-0.038341652000000004,lower,-0.40667278,-0.039008828,5.2326658e-18,0.9954275242071899,0.09551986207456624,0.4085393964281057,0.003631461301583162
FINE,330750,5072,1071,0.6813238749999999,-0.038159900999999996,lower,-0.40668227,-0.039125277,-5.2802632e-24,0.9954005861074986,0.09580017315667298,0.40855997822893075,0.003631644250923829
FINE,330750,5072,1072,0.68321513,-0.037977613,lower,-0.4066957,-0.039241757,0.0,0.9953736581852959,0.09607955344828391,0.4085845171663157,0.003631862374811695
FINE,330750,5072,1073,0.6851063850000001,-0.03779479,lower,-0.40670905,-0.039358156,0.0,0.9953466920486786,0.09635851092536095,0.4086090008486887,0.0036320800075438993
FINE,330750,5072,1074,0.686997635,-0.0376114325,lower,-0.4067199,-0.039474315,0.0,0.995319699382778,0.09663692886560775,0.4086310051716671,0.00363227560152593
FINE,330750,5072,1075,0.6888888899999999,-0.037427541499999994,lower,-0.40673415,-0.039589764,5.1115943e-18,0.9952927188112385,0.09691441524011249,0.40865635681443213,0.003632500949461619
FINE,330750,5072,1076,0.6907801450000001,-0.037243119,lower,-0.40674829,-0.039705371,0.0,0.9952657011972388,0.0971914812129578,0.4086816458772279,0.0036327257411309147
FINE,330750,5072,1077,0.692671395,-0.0370581655,lower,-0.40675947,-0.039820907,-1.0127502e-17,0.9952386461431881,0.09746813439824299,0.40870401374405674,0.0036329245666138375
FINE,330750,5072,1078,0.694562645,-0.036872682,lower,-0.40677294,-0.039936027,-5.4018959e-24,0.9952116047186192,0.09774385828987271,0.40872865173725914,0.003633143570997859
FINE,330750,5072,1079,0.6964539000000001,-0.03668667,lower,-0.40678871,-0.040050828,5.3767589e-24,0.9951845397859108,0.09801903779932156,0.40875557877508045,0.0036333829224451594
FINE,330750,5072,1080,0.698345155,-0.03650013,lower,-0.4068037,-0.040166008,0.0,0.9951574135008858,0.09829406062538563,0.408781797920022,0.003633615981511307
FINE,330750,5072,1081,0.7002364050000001,-0.036313063,lower,-0.40681397,-0.040280375,4.9685753e-18,0.9951302899226988,0.09856828129964251,0.40880327124455923,0.003633806855507193
FINE,330750,5072,1082,0.7021276599999999,-0.0361254705,lower,-0.40683132,-0.040394682,-4.944889e-18,0.9951031698096855,0.09884169886599571,0.40883181510389016,0.003634060578701246
FINE,330750,5072,1083,0.704018915,-0.0359373535,lower,-0.40684654,-0.040508893,0.0,0.9950759892074336,0.09911496205340346,0.40885826063864206,0.003634295650121263
FINE,330750,5072,1084,0.705910165,-0.035748712499999995,lower,-0.40685908,-0.040623097,0.0,0.9950487610020217,0.09938794307330066,0.4088820695085196,0.003634507284520174
FINE,330750,5072,1085,0.7078014149999999,-0.035559547999999996,lower,-0.40687297,-0.040737117,4.8744563e-18,0.9950215376350116,0.09966012062232997,0.4089072342255499,0.003634730970893777
FINE,330750,5072,1086,0.7096926699999999,-0.0353698615,lower,-0.40688876,-0.04085051,0.0,0.9949943067778562,0.09993162402189508,0.4089342574983242,0.0036349711777628815
FINE,330750,5072,1087,0.711583925,-0.035179654,lower,-0.40690507,-0.040964282,-5.3042709e-24,0.9949670163350076,0.10020297603071844,0.40896186639684895,0.003635216590194213
FINE,330750,5072,1088,0.713475175,-0.034988926000000004,lower,-0.40691839,-0.041077623,4.8044951e-18,0.9949396928940819,0.10047391454417373,0.40898648756253403,0.0036354354450003025
FINE,330750,5072,1089,0.71536643,-0.034797678,lower,-0.40693604,-0.041190933,0.0,0.9949123500769961,0.1007443083467681,0.40901544394266953,0.0036356928350459515
FINE,330750,5072,1090,0.7172576850000001,-0.034605911,lower,-0.40695232,-0.041304429,-9.516333e-18,0.9948849613864601,0.10101442276755355,0.4090430862225087,0.003635938544200077
FINE,330750,5072,1091,0.7191489350000001,-0.034413625999999996,lower,-0.40696667,-0.041417558,4.7350117e-18,0.9948575540485896,0.1012839925775919,0.4090688015325535,0.003636167124733809
FINE,330750,5072,1092,0.72104019,-0.0342208235,lower,-0.40698706,-0.041530351,0.0,0.9948301153206782,0.10155314692832587,0.40910052167091177,0.003636449081519216
FINE,330750,5072,1093,0.722931445,-0.034027504,lower,-0.40700422,-0.041643662,0.0,0.9948026047414351,0.10182228439617717,0.4091291109922184,0.003636703208819719
FINE,330750,5072,1094,0.7248226950000001,-0.033833668,lower,-0.40701961,-0.041756302,4.6659909e-18,0.9947750762254799,0.10209087971307997,0.4091559011677601,0.0036369413437134235
FINE,330750,5072,1095,0.7267139450000001,-0.033639317,lower,-0.40703831,-0.041868689,-9.2862331e-18,0.9947475443683624,0.1023587952894759,0.409185987902738,0.003637208781357671
FINE,330750,5072,1096,0.7286052000000001,-0.033444451,lower,-0.40705882,-0.041981757,-4.6202937e-18,0.9947199553835335,0.10262655778004527,0.4092179744793421,0.003637493106483041
FINE,330750,5072,1097,0.7304964549999999,-0.0332490705,lower,-0.40707751,-0.042094367,0.0,0.9946923084654745,0.10289417612102877,0.40924813335807847,0.003637761185405142
FINE,330750,5072,1098,0.732387705,-0.0330531765,lower,-0.4070945,-0.042206567,9.1495459e-18,0.9946646319949691,0.10316137774531989,0.4092765886312961,0.0036380141211670766
FINE,330750,5072,1099,0.73427896,-0.032856769,lower,-0.40711577,-0.042319133,-9.1041859e-18,0.9946369128854018,0.1034282917087868,0.4093093682925502,0.00363830549593378
FINE,330750,5072,1100,0.7361702149999999,-0.032659848500000005,lower,-0.40713491,-0.042431801,5.5009352e-24,0.9946091361823458,0.10369506363664531,0.4093400694496896,0.003638578395108352
FINE,330750,5072,1101,0.7380614649999999,-0.032462416,lower,-0.40715191,-0.042543587,-5.4285423e-24,0.9945813444050835,0.10396128780164689,0.40936858011711896,0.0036388318232632795
FINE,330750,5072,1102,0.73995272,-0.032264472,lower,-0.40717497,-0.042655781,4.4842792e-18,0.994553497211213,0.10422735334328366,0.4094031895487915,0.0036391394626559244
FINE,330750,5072,1103,0.7418439750000001,-0.032066016,lower,-0.40719481,-0.042768365,4.4618359e-18,0.9945255654351578,0.10449353901500157,0.409434666474247,0.003639419257548862
FINE,330750,5072,1104,0.743735225,-0.031867049,lower,-0.40721155,-0.042880178,0.0,0.9944976187027708,0.10475918286488449,0.409463009191645,0.0036396711928146225
FINE,330750,5072,1105,0.7456264749999999,-0.031667572000000005,lower,-0.4072334,-0.042991992,0.0,0.9944696452493174,0.10502440039198857,0.40949646301313053,0.003639968560116716
FINE,330750,5072,1106,0.74751773,-0.0314675845,lower,-0.40725486,-0.043104162,0.0,0.9944416027221844,0.10528959481037523,0.4095295954464196,0.0036402630706348408
FINE,330750,5072,1107,0.749408985,-0.031267087,lower,-0.40727583,-0.043216097,0.0,0.9944134894432519,0.10555478204844826,0.40956224497601623,0.0036405532886757
FINE,330750,5072,1108,0.751300235,-0.031066080000000003,lower,-0.40729374,-0.043328051,-4.3500841e-18,0.9943853216889406,0.10581980915491351,0.40959188275966607,0.0036408167356414764
FINE,330750,5072,1109,0.7531914900000001,-0.030864563,lower,-0.40731565,-0.043440015,4.3277793e-18,0.9943571135620128,0.10608454509787162,0.4096255282729548,0.003641115806870709
FINE,330750,5072,1110,0.755082745,-0.030662537,lower,-0.40733601,-0.043551631,0.0,0.9943288486028844,0.10634914591129675,0.409657624577687,0.003641401107357218
FINE,330750,5072,1111,0.7569739950000001,-0.0304600025,lower,-0.40735614,-0.043663434,-8.5669894e-18,0.9943005287055252,0.10661359489255125,0.4096895410375356,0.0036416848092225384
FINE,330750,5072,1112,0.758865245,-0.0302569595,lower,-0.40737696,-0.043775128,8.5227669e-18,0.9942721700483658,0.10687774261890748,0.40972216091040004,0.0036419747636480004
FINE,330750,5072,1113,0.7607565000000001,-0.030053408,lower,-0.40739989,-0.043886848,-8.4786781e-18,0.9942437429180898,0.10714186701858056,0.4097569103302987,0.0036422836473804327
FINE,330750,5072,1114,0.762647755,-0.029849347999999998,lower,-0.40742129,-0.043998857,-8.4347414e-18,0.9942152170111241,0.10740624871730345,0.4097901984305212,0.003642579541604633
FINE,330750,5072,1115,0.7645390049999999,-0.0296447795,lower,-0.40743899,-0.044110572,-8.3908049e-18,0.9941866516740541,0.10767033775898006,0.4098198054155402,0.0036428427148048016
FINE,330750,5072,1116,0.7664302599999999,-0.029439702999999998,lower,-0.40746343,-0.044222232,4.173427e-18,0.9941580472486007,0.10793413311297247,0.40985613616925765,0.0036431656548378457
FINE,330750,5072,1117,0.768321515,-0.0292341185,lower,-0.40748574,-0.044334527,8.3029842e-18,0.9941293437899894,0.10819818767283046,0.40989044678271036,0.0036434706380685366
FINE,330750,5072,1118,0.770212765,-0.029028026,lower,-0.40750395,-0.044445715,4.1296296e-18,0.9941006014137311,0.10846194848359475,0.40992059062411756,0.0036437385833254896
FINE,330750,5072,1119,0.77210402,-0.028821425999999997,lower,-0.40753014,-0.044557657,0.0,0.9940717920582663,0.1087256742175772,0.4099587778864367,0.003644078025657215
FINE,330750,5072,1120,0.7739952750000001,-0.0286143175,lower,-0.40755144,-0.044670032,0.0,0.9940428690399221,0.10898979085620991,0.4099921801441718,0.0036443749346148605
FINE,330750,5072,1121,0.7758865250000001,-0.028406701,lower,-0.40757185,-0.044781397,0.0,0.9940139060016592,0.1092536254562045,0.41002461657006595,0.0036446632584005863
FINE,330750,5072,1122,0.777777775,-0.028198577,lower,-0.40759578,-0.044893561,4.042645e-18,0.9939849060751473,0.10951715160092704,0.41006066802586894,0.0036449837157855017
FINE,330750,5072,1123,0.77966903,-0.027989945000000002,lower,-0.40762092,-0.045005557,0.0,0.9939558093880843,0.10978091356733373,0.41009793262518224,0.0036453149566682864
FINE,330750,5072,1124,0.7815602850000001,-0.0277808045,lower,-0.40764533,-0.045118126,0.0,0.9939265983070923,0.11004506884768671,0.4101345634446206,0.0036456405639521835
FINE,330750,5072,1125,0.7834515350000001,-0.0275711555,lower,-0.40766519,-0.045229962,0.0,0.9938973490620479,0.11030892768690094,0.4101666202534154,0.003645925513363692
FINE,330750,5072,1126,0.7853427900000001,-0.0273609985,lower,-0.40769249,-0.045342123,0.0,0.9938680475623451,0.11057261882858803,0.41020613632548886,0.0036462767673376786
FINE,330750,5072,1127,0.7872340449999999,-0.027150333,lower,-0.40771784,-0.045454916,7.86941e-18,0.9938386166962674,0.11083683486661726,0.410243813126558,0.003646611672236071
FINE,330750,5072,1128,0.7891252950000001,-0.0269391585,lower,-0.40774045,-0.045567121,3.9132569e-18,0.9938091027576781,0.11110115785165622,0.4102787306755784,0.003646922050449586
FINE,330750,5072,1129,0.7910165450000001,-0.026727475,lower,-0.40776504,-0.045679717,-7.7835799e-18,0.9937795527867512,0.11136516718868945,0.4103156884141088,0.0036472505636809672
FINE,330750,5072,1130,0.7929077999999999,-0.026515282499999997,lower,-0.40779287,-0.045792183,-7.7407518e-18,0.9937499199525719,0.11162928197501304,0.4103558804280879,0.003647607826027448
FINE,330750,5072,1131,0.7947990549999999,-0.0263025805,lower,-0.40781941,-0.045905458,7.6980002e-18,0.9937201566754525,0.11189392394993615,0.4103949098268296,0.0036479547540162627
FINE,330750,5072,1132,0.796690305,-0.0260893685,lower,-0.40784231,-0.046018003,-7.6552741e-18,0.993690326518968,0.11215852612542071,0.41043026958386536,0.0036482690629676922
FINE,330750,5072,1133,0.79858156,-0.025875646500000002,lower,-0.40787148,-0.046131121,-3.8063021e-18,0.9936604296331492,0.11242308740319122,0.4104719531000986,0.0036486395831119875
FINE,330750,5072,1134,0.800472815,-0.025661414,lower,-0.40789909,-0.046244492,0.0,0.9936304161323025,0.11268804788773068,0.4105121440657273,0.003648996836139798
FINE,330750,5072,1135,0.8023640649999999,-0.025446670999999997,lower,-0.40792389,-0.046357451,-3.7637473e-18,0.9936003357380502,0.11295296729716241,0.4105495257063542,0.0036493291173898155
FINE,330750,5072,1136,0.80425532,-0.025231417000000003,lower,-0.40795531,-0.046471227,0.0,0.9935701590541529,0.1132181038399132,0.41059360644774046,0.0036497209462021374
FINE,330750,5072,1137,0.806146575,-0.025015651,lower,-0.40798333,-0.046584927,-3.7212253e-18,0.9935398649062865,0.11348364129687598,0.41063432971772607,0.0036500829308242317
FINE,330750,5072,1138,0.808037825,-0.024799373500000003,lower,-0.40801085,-0.046698431,0.0,0.9935094867258719,0.11374928477003464,0.41067456328821955,0.0036504405625619515
FINE,330750,5072,1139,0.809929075,-0.024582583499999998,lower,-0.40804098,-0.046812661,0.0,0.9934790288226552,0.11401499589788175,0.41071750188212836,0.003650822238952252
FINE,330750,5072,1140,0.81182033,-0.0243652805,lower,-0.40807217,-0.046926548,0.0,0.9934484869035693,0.11428081146460516,0.41076148381862887,0.0036512131894989234
FINE,330750,5072,1141,0.8137115850000001,-0.0241474645,lower,-0.40810447,-0.047041222,-3.6366356e-18,0.9934178114841631,0.11454715983391105,0.4108066878195208,0.0036516150028401847
FINE,330750,5072,1142,0.815602835,-0.023929134500000004,lower,-0.408133,-0.047155607,3.6155786e-18,0.9933870388565741,0.1148137231857211,0.41084814313840284,0.0036519834945635808
FINE,330750,5072,1143,0.8174940900000001,-0.02371029,lower,-0.40816802,-0.047270586,3.5944746e-18,0.9933561689752026,0.11508050034175459,0.4108961433337218,0.003652410162966416
FINE,330750,5072,1144,0.819385345,-0.02349093,lower,-0.40820036,-0.047385808,7.1467475e-18,0.993325164429689,0.11534781190265969,0.4109415389852978,0.0036528136798693136
FINE,330750,5072,1145,0.8212765949999999,-0.0232710545,lower,-0.40823003,-0.047500477,7.1047207e-18,0.9932941073637079,0.1156149483264809,0.4109842484417479,0.0036531933194822036
FINE,330750,5072,1146,0.8231678499999999,-0.023050663500000002,lower,-0.40826801,-0.047615808,3.5313662e-18,0.9932629527013468,0.11588229714241137,0.41103531831743495,0.0036536472739327553
FINE,330750,5072,1147,0.825059105,-0.0228297555,lower,-0.40830295,-0.047731979,3.5103965e-18,0.9932316169698152,0.11615057060353308,0.4110834958389315,0.00365407551856828
FINE,330750,5072,1148,0.826950355,-0.0226083295,lower,-0.40833486,-0.047847681,0.0,0.9932001803214603,0.11641907837385904,0.4111286395078847,0.0036544767956256416
FINE,330750,5072,1149,0.828841605,-0.0223863855,lower,-0.40837021,-0.047963544,0.0,0.9931686935378514,0.11668738653478163,0.41117724854378407,0.0036549088759447474
FINE,330750,5072,1150,0.8307328599999999,-0.022163923,lower,-0.40840958,-0.048080071,3.4475465e-18,0.9931370753666937,0.116956186378019,0.4112299575778841,0.003655377400692303
FINE,330750,5072,1151,0.832624115,-0.021940940500000002,lower,-0.40844745,-0.048197213,-3.4266077e-18,0.9931052893410273,0.11722578335364021,0.411281279062242,0.003655833591664373
FINE,330750,5072,1152,0.834515365,-0.0217174375,lower,-0.40848166,-0.048313747,0.0,0.9930734348955217,0.11749533141708249,0.41132892490379075,0.0036562571102559177
FINE,330750,5072,1153,0.83640662,-0.021493414000000002,lower,-0.40852538,-0.048430908,0.0,0.9930414814937609,0.11776508834402703,0.4113861187422031,0.0036567654999306943
FINE,330750,5072,1154,0.8382978750000001,-0.0212688685,lower,-0.40856536,-0.048548993,-3.3638706e-18,0.9930093280775566,0.11803590280486481,0.41143973782838705,0.003657242114030107
FINE,330750,5072,1155,0.8401891250000001,-0.0210437995,lower,-0.40860259,-0.048666542,6.6859873e-18,0.9929770565538675,0.11830707991332436,0.41149059359198586,0.0036576941652620965
FINE,330750,5072,1156,0.8420803750000001,-0.020818207,lower,-0.40864283,-0.048784221,-3.3221486e-18,0.9929447344537818,0.11857805159686478,0.41154448419564277,0.003658173192850158
FINE,330750,5072,1157,0.84397163,-0.0205920905,lower,-0.40868818,-0.048902939,3.3013026e-18,0.9929122786544208,0.11884951366028364,0.4116036025796366,0.0036586986895967696
FINE,330750,5072,1158,0.8458628850000001,-0.0203654485,lower,-0.40873094,-0.04902196,0.0,0.9928796359952933,0.11912190573464636,0.41166021622526167,0.003659201922002326
FINE,330750,5072,1159,0.8477541350000001,-0.02013828,lower,-0.40877158,-0.049140611,0.0,0.9928468927146958,0.1193945041732382,0.4117147119181917,0.003659686328161704
FINE,330750,5072,1160,0.84964539,-0.0199105845,lower,-0.40881925,-0.049259893,0.0,0.9928140487783168,0.11966730776785306,0.4117762935872574,0.0036602337207756216
FINE,330750,5072,1161,0.8515366449999999,-0.019682361,lower,-0.40886628,-0.049380181,-5.7672663e-24,0.9927810162634914,0.1199410427953227,0.411837391376835,0.0036607768122385335
FINE,330750,5072,1162,0.853427895,-0.019453607999999997,lower,-0.40890909,-0.049500075,3.1971451e-18,0.9927478667155256,0.12021511191099513,0.4118942838338145,0.00366128252296724
FINE,330750,5072,1163,0.85531915,-0.019224325,lower,-0.40896072,-0.049620668,-3.1762834e-18,0.9927145999982306,0.12048951386055574,0.4119600477345444,0.003661867090973728
FINE,330750,5072,1164,0.857210405,-0.0189945105,lower,-0.40901059,-0.049742033,6.310831e-18,0.9926811428344586,0.1207648486144588,0.4120241889976166,0.00366243723553437
FINE,330750,5072,1165,0.8591016549999999,-0.0187641635,lower,-0.40905802,-0.049862878,-6.2692137e-18,0.9926475641848829,0.12104054410741479,0.41208587704717276,0.0036629855737526466
FINE,330750,5072,1166,0.860992905,-0.0185332835,lower,-0.4091104,-0.049984827,0.0,0.9926139023807284,0.12131628415221817,0.41215264412417224,0.003663579058881531
FINE,330750,5072,1167,0.86288416,-0.018301869499999998,lower,-0.40916733,-0.050106984,0.0,0.9925800871867988,0.1215926417191722,0.41222398463852994,0.0036642131967869326
FINE,330750,5072,1168,0.864775415,-0.01806992,lower,-0.40922402,-0.050230228,0.0,0.992546047389877,0.12187019246202926,0.4122952511017676,0.003664846676460157
FINE,330750,5072,1169,0.866666665,-0.017837433,lower,-0.40927628,-0.050353039,3.0511327e-18,0.9925118881904232,0.12214807325815968,0.4123621001508953,0.0036654408902301806
FINE,330750,5072,1170,0.86855792,-0.0176044085,lower,-0.40933861,-0.050476791,0.0,0.9924776253967077,0.1224261536066229,0.4124390910045244,0.0036661252533735506
FINE,330750,5072,1171,0.8704491750000001,-0.017370845000000003,lower,-0.4093996,-0.050601461,-3.0092683e-18,0.9924431517985899,0.12270529918500286,0.4125148967802852,0.003666799082491424
FINE,330750,5072,1172,0.872340425,-0.017136741,lower,-0.40945954,-0.050725701,-5.9767362e-18,0.9924085379572014,0.12298493318146687,0.4125896403920963,0.003667463470151967
FINE,330750,5072,1173,0.8742316750000001,-0.016902096000000002,lower,-0.40952532,-0.050851322,2.9674092e-18,0.9923738072896573,0.12326486362881431,0.4126703822615902,0.0036681811756585797
FINE,330750,5072,1174,0.8761229300000001,-0.016666908,lower,-0.40959343,-0.050977154,2.9464007e-18,0.9923389037045917,0.12354553894968895,0.4127534952558547,0.0036689199578298195
FINE,330750,5072,1175,0.878014185,-0.016431176,lower,-0.40966326,-0.051103981,0.0,0.9923038186003962,0.12382702286283073,0.4128384710619556,0.003669675298328494
FINE,330750,5072,1176,0.879905435,-0.016194899,lower,-0.40973182,-0.051230641,0.0,0.9922685793361326,0.1241090909734389,0.4129221992247046,0.0036704195486640407
FINE,330750,5072,1177,0.88179669,-0.015958075000000002,lower,-0.40980845,-0.051358786,2.8832192e-18,0.9922331855700057,0.12439174190274317,0.4130141526695566,0.003671236912618281
FINE,330750,5072,1178,0.883687945,-0.015720703,lower,-0.4098851,-0.05148732,-2.8620504e-18,0.9921975920254494,0.12467533187804124,0.41310620793562147,0.0036720551816499685
FINE,330750,5072,1179,0.885579195,-0.0154827815,lower,-0.4099604,-0.05161623,-6.2934853e-24,0.9921618590772738,0.12495937496773811,0.41319700445105384,0.003672862261787145
FINE,330750,5072,1180,0.8874704499999999,-0.015244309499999999,lower,-0.41004648,-0.05174581,2.8196117e-18,0.9921259864914624,0.12524386982340643,0.41329861396889844,0.0036737654575013197
FINE,330750,5072,1181,0.889361705,-0.0150052855,lower,-0.4101325,-0.051876933,0.0,0.9920898793773449,0.12552956319945197,0.41340039119334615,0.0036746701439408546
FINE,330750,5072,1182,0.891252955,-0.0147657075,lower,-0.41021819,-0.052007954,0.0,0.992053594330928,0.12581600047325683,0.41350186261450467,0.0036755721121289305
FINE,330750,5072,1183,0.8931442049999999,-0.014525574500000001,lower,-0.41031024,-0.052140312,0.0,0.992017188838312,0.12610272419473248,0.4136098462199364,0.0036765319663994347
FINE,330750,5072,1184,0.8950354600000001,-0.014284884999999999,lower,-0.41040824,-0.052273263,-2.7340411e-18,0.9919806046157998,0.12639018975407906,0.41372384168414117,0.0036775452594145883
FINE,330750,5072,1185,0.8969267150000001,-0.014043637500000001,lower,-0.41050864,-0.052407419,5.4249003e-18,0.9919437989568535,0.12667872635547517,0.41384040495670904,0.003678581377392969
FINE,330750,5072,1186,0.898817965,-0.0138018305,lower,-0.41060916,-0.05254186,2.6908122e-18,0.9919068340767963,0.12696784046264256,0.4139571584366231,0.0036796191861033166
FINE,330750,5072,1187,0.90070922,-0.013559462500000001,lower,-0.4107206,-0.052677622,0.0,0.9918697096349703,0.1272575306559082,0.41408494635964616,0.0036807550787524104
FINE,330750,5072,1188,0.9026004750000001,-0.013316531999999999,lower,-0.4108339,-0.052814574,0.0,0.991832344718208,0.12754842206308134,0.41421476590235967,0.003681909030243197
FINE,330750,5072,1189,0.9044917250000001,-0.013073037,lower,-0.41094751,-0.052952266,2.6252983e-18,0.9917948022864777,0.12784001782511842,0.41434502305989074,0.003683066871643473
FINE,330750,5072,1190,0.90638298,-0.012828976,lower,-0.41107346,-0.053090988,2.6032403e-18,0.9917570985486729,0.12813218751866381,0.41448768640993106,0.003684334990310498
FINE,330750,5072,1191,0.9082742349999999,-0.012584347499999999,lower,-0.41120176,-0.053231397,5.1621023e-18,0.991719168302119,0.12842543058971312,0.4146329325121845,0.0036856260667749736
FINE,330750,5072,1192,0.910165485,-0.012339149999999998,lower,-0.41133442,-0.053372375,0.0,0.991681037031075,0.1287195431664192,0.4147826119198826,0.0036869565503989564
FINE,330750,5072,1193,0.9120567350000001,-0.0120933815,lower,-0.4114748,-0.053514937,0.0,0.9916427476250536,0.1290141894623778,0.41494018747165456,0.0036883572219702627
FINE,330750,5072,1194,0.91394799,-0.0118470405,lower,-0.41162381,-0.053658427,6.8771218e-24,0.9916042729026713,0.1293095741279993,0.41510647716822563,0.00368983535260645
FINE,330750,5072,1195,0.9158392449999999,-0.0116001255,lower,-0.41178039,-0.053804468,-2.4909454e-18,0.9915655345044007,0.12960629144837882,0.4152806400696135,0.0036913834672854533
FINE,330750,5072,1196,0.917730495,-0.011352634,lower,-0.41193847,-0.053950549,-4.9359991e-18,0.9915266142018637,0.129903707912394,0.4154563327776053,0.0036929451802453802
FINE,330750,5072,1197,0.91962175,-0.011104565,lower,-0.41211288,-0.054098928,-2.4448783e-18,0.9914875284624551,0.13020169316645694,0.4156485528628346,0.0036946538032251964
FINE,330750,5072,1198,0.921513005,-0.0108559165,lower,-0.41229226,-0.054248895,0.0,0.9914481760756364,0.13050101208915502,0.4158459448893204,0.0036964083990161816
FINE,330750,5072,1199,0.9234042549999999,-0.0106066865,lower,-0.41247846,-0.054400481,2.3980502e-18,0.991408617400426,0.13080119779335286,0.41605034781139144,0.003698225313879035
FINE,330750,5072,1200,0.925295505,-0.0103568735,lower,-0.41267747,-0.054553848,-4.7485053e-18,0.9913688848027651,0.1311019993933047,0.416267721764525,0.0037001575267957775
FINE,330750,5072,1201,0.92718676,-0.01010647515,lower,-0.41288922,-0.05470944,-2.3502436e-18,0.9913289242705908,0.13140381997686873,0.4164980557103186,0.0037022049396472764
FINE,330750,5072,1202,0.929078015,-0.009855489700000001,lower,-0.41311101,-0.054867259,0.0,0.9912887185302175,0.13170678234137811,0.4167386738524049,0.0037043437675769323
FINE,330750,5072,1203,0.9309692650000001,-0.00960391565,lower,-0.41334171,-0.055026444,0.0,0.9912483210388094,0.13201047699990037,0.4169883431728587,0.0037065630504254108
FINE,330750,5072,1204,0.9328605200000001,-0.00935175085,lower,-0.41359282,-0.055188664,4.5528252e-18,0.9912077158430871,0.13231501824483116,0.417258683485369,0.003708966075425502
FINE,330750,5072,1205,0.934751775,-0.009098993350000001,lower,-0.41385593,-0.05535368,0.0,0.9911668383881188,0.13262088251742568,0.4175413275784618,0.0037114784673641047
FINE,330750,5072,1206,0.936643025,-0.00884564115,lower,-0.41413085,-0.055520628,0.0,0.9911257566180711,0.13292755383386906,0.4178359733124951,0.003714097540555512
FINE,330750,5072,1207,0.93853428,-0.0085916923,lower,-0.41443025,-0.055691021,8.7980386e-18,0.991084469975189,0.13323503058129618,0.4181553795489737,0.003716936707101988
FINE,330750,5072,1208,0.940425535,-0.0083371448,lower,-0.41474549,-0.055864834,4.3460533e-18,0.9910429043461303,0.13354385701029786,0.41849098037765897,0.003719919825579191
FINE,330750,5072,1209,0.942316785,-0.008081996599999999,lower,-0.4150788,-0.056041389,0.0,0.9910011051260801,0.13385368743104603,0.4188448960808149,0.0037230657429405765
FINE,330750,5072,1210,0.944208035,-0.0078262457,lower,-0.41543683,-0.056221922,-4.2373468e-18,0.9909591150826177,0.13416419878147504,0.4192238825486124,0.0037264345115432217
FINE,330750,5072,1211,0.94609929,-0.00756988995,lower,-0.41582204,-0.056406473,0.0,0.9909168830694104,0.13447576305046405,0.4196303832860241,0.0037300478514313254
FINE,330750,5072,1212,0.947990545,-0.00731292725,lower,-0.41623269,-0.056595759,0.0,0.9908743640371112,0.13478870388148417,0.42006277099600486,0.0037338912977422653
FINE,330750,5072,1213,0.9498817949999999,-0.00705535555,lower,-0.41666881,-0.056788953,-8.1312911e-18,0.9908316263585654,0.13510250999755896,0.42052096475562145,0.0037379641311610797
FINE,330750,5072,1214,0.9517730500000001,-0.0067971727,lower,-0.4171449,-0.056987972,8.0113758e-18,0.990788664141703,0.13541721828593223,0.42101959086852087,0.003742396363275741
FINE,330750,5072,1215,0.9536643050000001,-0.0065383765,lower,-0.41765404,-0.057192814,0.0,0.9907454043472252,0.13573335538788242,0.42155179328534725,0.0037471270514253087
FINE,330750,5072,1216,0.955555555,-0.0062789648,lower,-0.41820094,-0.057403312,-3.8808758e-18,0.9907018937952907,0.13605057012164454,0.42212221656944143,0.003752197480617257
FINE,330750,5072,1217,0.957446805,-0.006018935400000001,lower,-0.41879439,-0.057621089,3.8156664e-18,0.9906581784263382,0.13636852099003416,0.4227397902173346,0.0037576870241540854
FINE,330750,5072,1218,0.9593380599999999,-0.005758286100000001,lower,-0.41944041,-0.057846515,-3.7483939e-18,0.9906142054311325,0.1366875853837721,0.42341052893607456,0.0037636491460984406
FINE,330750,5072,1219,0.9612293150000001,-0.0054970146,lower,-0.42014055,-0.05808086,0.0,0.9905699228411972,0.1370081310082901,0.4241361422719123,0.0037700990424169986
FINE,330750,5072,1220,0.963120565,-0.00523511865,lower,-0.42089935,-0.058323927,-3.6065492e-18,0.9905254030028913,0.1373296253761722,0.4249211013277822,0.003777076456246953
FINE,330750,5072,1221,0.96501182,-0.00497259595,lower,-0.42173651,-0.058578462,0.0,0.9904806434212178,0.13765207956253542,0.4257852968908938,0.0037847581945857226
FINE,330750,5072,1222,0.9669030750000001,-0.004709444199999999,lower,-0.42265243,-0.058845554,0.0,0.9904355686022486,0.13797602852503224,0.42672927566544744,0.0037931491170261995
FINE,330750,5072,1223,0.9687943250000001,-0.0044456611,lower,-0.42365795,-0.059125781,3.3712757e-18,0.9903902483142318,0.1383009618335111,0.427763854682256,0.0038023453749533864
FINE,330750,5072,1224,0.97068558,-0.0041812442500000005,lower,-0.42477965,-0.059422979,0.0,0.9903446800104955,0.13862689051879348,0.4289158893583538,0.003812585683185367
FINE,330750,5072,1225,0.9725768349999999,-0.0039161913,lower,-0.42602353,-0.059739101,-3.194597e-18,0.9902987871037514,0.13895435315541146,0.43019159317419947,0.003823925272659551
FINE,330750,5072,1226,0.974468085,-0.0036504998500000003,lower,-0.42741579,-0.06007675,0.0,0.990252616750557,0.13928300333735802,0.4316172746587542,0.0038365979969667043
FINE,330750,5072,1227,0.976359335,-0.0033841674999999997,lower,-0.42898398,-0.060440383,-2.9966709e-18,0.9902062170330626,0.13961249137907203,0.4332208364541223,0.0038508518795921983
FINE,330750,5072,1228,0.9782505899999999,-0.0031171917999999995,lower,-0.43077949,-0.060837036,0.0,0.9901595326262995,0.13994320258329146,0.4350541481369106,0.0038671479834392055
FINE,330750,5072,1229,0.9801418449999999,-0.00284957025,lower,-0.43281615,-0.061270032,0.0,0.9901125108487193,0.14027549985954293,0.4371313693775862,0.0038856121722452104
FINE,330750,5072,1230,0.982033095,-0.0025813004,lower,-0.43523182,-0.061757364,-2.6427347e-18,0.9900652274192046,0.14060883846813735,0.43959152206726826,0.003907480196153496
FINE,330750,5072,1231,0.98392435,-0.00231237975,lower,-0.43796565,-0.062292015,-5.2922754e-23,0.9900176778658679,0.14094324216887696,0.4423733743533478,0.003932207772029758
FINE,330750,5072,1232,0.985815605,-0.00204280575,lower,-0.44154068,-0.062946652,0.0,0.9899697829856989,0.1412792581210986,0.44600498745472494,0.003964488777375333
FINE,330750,5072,1233,0.987706855,-0.0017725758999999998,lower,-0.44526239,-0.063628869,0.0,0.9899216177192204,0.14161635065260533,0.44978575364225915,0.003998095587931193
FINE,330750,5072,1234,0.98959811,-0.0015016876,lower,-0.45165295,-0.064681658,0.0,0.989873177527591,0.1419545434687825,0.4562609959884041,0.004055653297674703
FINE,330750,5072,1235,0.991489365,-0.00123013825,lower,-0.4563298,-0.065521873,0.0,0.9898243837057886,0.14229437593051836,0.4610097570799194,0.004097864507377062
FINE,330750,5072,1236,0.993380615,-0.000957925295,lower,-0.47261727,-0.06796098,1.5160712e-18,0.9897752850831124,0.14263549711990914,0.47747854131650846,0.0042442537005911865
FINE,330750,5072,1237,0.9952718650000001,-0.00068504607,lower,-0.47596285,-0.068704911,-9.3471896e-19,0.9897259294301558,0.14297756681946466,0.4808960350938037,0.004274631423056033
FINE,330750,5072,1238,0.9971631200000001,-0.0004114979,lower,-0.53843688,-0.078230816,8.8336086e-19,0.9896762626410086,0.14332095159091476,0.544090314059339,0.004836358347194125
FINE,330750,5072,1239,0.999054375,-0.000137278125,lower,-0.55074954,-0.10994143,-1.1233373e-18,0.9896513236104163,0.14349305793713876,0.5608258432235098,0.004985118606431198
