# Force coefficients
# liftDir       : (0.00000000e+00 1.00000000e+00 0.00000000e+00)
# dragDir       : (1.00000000e+00 0.00000000e+00 0.00000000e+00)
# pitchAxis     : (0.00000000e+00 0.00000000e+00 1.00000000e+00)
# magUInf       : 1.50000000e+01
# lRef          : 1.00000000e+00
# Aref          : 1.00000000e-02
# CofR          : (2.50000000e-01 0.00000000e+00 0.00000000e+00)
# Time          	Cm              	Cd              	Cl              	Cl(f)           	Cl(r)           
0               	-9.63270583e-03	5.09217807e-01	1.28057146e-03	-8.99242010e-03	1.02729916e-02
1               	1.78090690e+00	2.56780990e+00	1.65113091e+00	2.60647235e+00	-9.55341441e-01
2               	2.35189339e+00	3.05073479e+00	2.10475273e+00	3.40426975e+00	-1.29951702e+00
3               	2.04078212e+00	2.58473255e+00	1.62745036e+00	2.85450730e+00	-1.22705693e+00
4               	1.21687422e+00	1.54567462e+00	6.92968369e-01	1.56335841e+00	-8.70390037e-01
5               	3.20157698e-01	4.09265462e-01	-1.18548360e-01	2.60883518e-01	-3.79431878e-01
6               	-3.64333821e-01	-4.59975405e-01	-5.54901387e-01	-6.41784515e-01	8.68831275e-02
7               	-6.94268289e-01	-9.03594403e-01	-5.52556711e-01	-9.70546645e-01	4.17989933e-01
8               	-6.93531570e-01	-9.40253290e-01	-2.62559178e-01	-8.24811159e-01	5.62251981e-01
9               	-4.81561348e-01	-7.04804513e-01	9.46186490e-02	-4.34252023e-01	5.28870672e-01
10              	-1.75487869e-01	-3.40134494e-01	4.09061957e-01	2.90431091e-02	3.80018848e-01
11              	9.66303843e-02	7.45368459e-03	5.56210867e-01	3.74735818e-01	1.81475049e-01
12              	2.67484354e-01	2.50285986e-01	5.22351473e-01	5.28660090e-01	-6.30861726e-03
13              	3.21515777e-01	3.58901970e-01	3.62655949e-01	5.02843752e-01	-1.40187802e-01
14              	2.86110899e-01	3.50267800e-01	1.71307909e-01	3.71764853e-01	-2.00456944e-01
15              	2.05457637e-01	2.66053736e-01	2.86774008e-02	2.19796337e-01	-1.91118936e-01
16              	1.13863271e-01	1.56711453e-01	-4.43240840e-02	9.17012287e-02	-1.36025313e-01
17              	3.95102095e-02	5.57501704e-02	-4.34807105e-02	1.77698543e-02	-6.12505648e-02
18              	-8.57796458e-04	-1.46760399e-02	1.70031004e-02	7.64375372e-03	9.35934663e-03
19              	-7.06036521e-03	-4.74245348e-02	1.03828983e-01	4.48541265e-02	5.89748569e-02
20              	1.07096539e-02	-4.74891833e-02	1.82191028e-01	1.01805168e-01	8.03858602e-02
21              	3.87901365e-02	-2.70069078e-02	2.28999175e-01	1.53289724e-01	7.57094512e-02
22              	6.63805497e-02	1.07694051e-03	2.40304105e-01	1.86532602e-01	5.37715026e-02
23              	8.73573544e-02	2.75410519e-02	2.24590611e-01	1.99652660e-01	2.49379514e-02
24              	9.88670085e-02	4.66134902e-02	1.94174699e-01	1.95954358e-01	-1.77965885e-03
25              	1.01205120e-01	5.64249010e-02	1.61333031e-01	1.81871636e-01	-2.05386051e-02
26              	9.67518291e-02	5.77488373e-02	1.36073638e-01	1.64788648e-01	-2.87150101e-02
27              	8.90357283e-02	5.31482640e-02	1.23399551e-01	1.50735504e-01	-2.73359526e-02
28              	8.13135271e-02	4.55886567e-02	1.24312975e-01	1.43470015e-01	-1.91570395e-02
29              	7.56309754e-02	3.78852014e-02	1.34639469e-01	1.42950710e-01	-8.31124064e-03
30              	7.26293305e-02	3.16928285e-02	1.49016944e-01	1.47137803e-01	1.87914153e-03
31              	7.20805234e-02	2.77811127e-02	1.62142113e-01	1.53151580e-01	8.99053317e-03
32              	7.33853672e-02	2.59958536e-02	1.71671851e-01	1.59221293e-01	1.24505583e-02
33              	7.59276475e-02	2.57596115e-02	1.76996419e-01	1.64425857e-01	1.25705622e-02
34              	7.88193884e-02	2.62934898e-02	1.78001940e-01	1.67820358e-01	1.01815816e-02
35              	8.12794419e-02	2.68725481e-02	1.75819801e-01	1.69189343e-01	6.63045883e-03
36              	8.28993727e-02	2.70625365e-02	1.72343855e-01	1.69071300e-01	3.27255503e-03
37              	8.36699694e-02	2.67259485e-02	1.69358121e-01	1.68349030e-01	1.00909097e-03
38              	8.37993131e-02	2.59660337e-02	1.67886045e-01	1.67742335e-01	1.43709184e-04
39              	8.35539702e-02	2.49160928e-02	1.68002385e-01	1.67555162e-01	4.47222113e-04
40              	8.31413832e-02	2.37631701e-02	1.69330110e-01	1.67806438e-01	1.52367197e-03
41              	8.27320788e-02	2.27449545e-02	1.71479147e-01	1.68471652e-01	3.00749475e-03
42              	8.25071524e-02	2.21314036e-02	1.73822042e-01	1.69418173e-01	4.40386851e-03
43              	8.25228108e-02	2.19439486e-02	1.75714779e-01	1.70380200e-01	5.33457886e-03
44              	8.27400051e-02	2.20393218e-02	1.76817271e-01	1.71148641e-01	5.66863035e-03
45              	8.30759022e-02	2.22281666e-02	1.77122678e-01	1.71637241e-01	5.48543686e-03
46              	8.34549913e-02	2.24011301e-02	1.76880078e-01	1.71895030e-01	4.98504746e-03
47              	8.38263021e-02	2.24989324e-02	1.76394914e-01	1.72023759e-01	4.37115489e-03
48              	8.41893666e-02	2.25107116e-02	1.75905939e-01	1.72142336e-01	3.76360314e-03
49              	8.45462354e-02	2.23839263e-02	1.75600375e-01	1.72346423e-01	3.25395206e-03
50              	8.48734700e-02	2.20611119e-02	1.75633714e-01	1.72690327e-01	2.94338695e-03
51              	8.51395789e-02	2.15990630e-02	1.76030321e-01	1.73154739e-01	2.87558167e-03
52              	8.53425125e-02	2.11056092e-02	1.76700218e-01	1.73692621e-01	3.00759634e-03
53              	8.54988502e-02	2.06638899e-02	1.77511506e-01	1.74254603e-01	3.25690268e-03
54              	8.56279150e-02	2.03187225e-02	1.78334132e-01	1.74794981e-01	3.53915096e-03
55              	8.57653057e-02	2.00586303e-02	1.79156406e-01	1.75343509e-01	3.81289719e-03
56              	8.59358722e-02	1.98818223e-02	1.79985341e-01	1.75928543e-01	4.05679851e-03
57              	8.61665434e-02	1.98016122e-02	1.80865646e-01	1.76599367e-01	4.26627966e-03
58              	8.64168063e-02	1.98184824e-02	1.81659480e-01	1.77246546e-01	4.41293346e-03
59              	8.66544588e-02	1.99111597e-02	1.82304808e-01	1.77806863e-01	4.49794530e-03
60              	8.68476365e-02	2.00310219e-02	1.82766928e-01	1.78231101e-01	4.53582765e-03
61              	8.69869865e-02	2.01344695e-02	1.83080133e-01	1.78527053e-01	4.55308004e-03
62              	8.70802293e-02	2.01933646e-02	1.83309594e-01	1.78735026e-01	4.57456776e-03
63              	8.71503997e-02	2.02142204e-02	1.83552521e-01	1.78926660e-01	4.62586089e-03
64              	8.72147324e-02	2.01987439e-02	1.83878239e-01	1.79153852e-01	4.72438708e-03
65              	8.72921164e-02	2.01509426e-02	1.84364287e-01	1.79474260e-01	4.89002692e-03
66              	8.73961907e-02	2.00685192e-02	1.85046667e-01	1.79919524e-01	5.12714260e-03
67              	8.75243724e-02	1.99585426e-02	1.85874826e-01	1.80461785e-01	5.41304050e-03
68              	8.76776912e-02	1.98342589e-02	1.86822646e-01	1.81089014e-01	5.73363165e-03
69              	8.78335710e-02	1.97160737e-02	1.87771534e-01	1.81719338e-01	6.05219612e-03
70              	8.79712649e-02	1.96197789e-02	1.88630263e-01	1.82286396e-01	6.34386637e-03
71              	8.80937061e-02	1.95508938e-02	1.89414179e-01	1.82800796e-01	6.61338358e-03
72              	8.81983410e-02	1.95083470e-02	1.90120815e-01	1.83258749e-01	6.86206665e-03
73              	8.82913995e-02	1.94903096e-02	1.90784476e-01	1.83683637e-01	7.10083828e-03
74              	8.83724685e-02	1.94911232e-02	1.91413940e-01	1.84079438e-01	7.33450135e-03
75              	8.84454588e-02	1.95069562e-02	1.92033486e-01	1.84462202e-01	7.57128433e-03
76              	8.85094629e-02	1.95289729e-02	1.92643521e-01	1.84831223e-01	7.81229753e-03
77              	8.85619831e-02	1.95474765e-02	1.93233003e-01	1.85178484e-01	8.05451812e-03
78              	8.86057581e-02	1.95574698e-02	1.93809182e-01	1.85510349e-01	8.29883305e-03
79              	8.86442181e-02	1.95561857e-02	1.94383851e-01	1.85836143e-01	8.54770718e-03
80              	8.86807276e-02	1.95422371e-02	1.94969025e-01	1.86165240e-01	8.80378491e-03
81              	8.87180429e-02	1.95158632e-02	1.95573977e-01	1.86505031e-01	9.06894556e-03
82              	8.87576490e-02	1.94780682e-02	1.96204127e-01	1.86859713e-01	9.34441447e-03
83              	8.88020325e-02	1.94318964e-02	1.96881432e-01	1.87242748e-01	9.63868330e-03
84              	8.88489398e-02	1.93778255e-02	1.97594108e-01	1.87645994e-01	9.94811418e-03
85              	8.88959833e-02	1.93190964e-02	1.98329184e-01	1.88060575e-01	1.02686085e-02
86              	8.89394499e-02	1.92572720e-02	1.99066416e-01	1.88472658e-01	1.05937581e-02
87              	8.89753856e-02	1.91956780e-02	1.99776628e-01	1.88863699e-01	1.09129283e-02
88              	8.90015542e-02	1.91374204e-02	2.00438180e-01	1.89220644e-01	1.12175358e-02
89              	8.90199417e-02	1.90843958e-02	2.01073446e-01	1.89556665e-01	1.15167812e-02
90              	8.90316799e-02	1.90375494e-02	2.01689646e-01	1.89876503e-01	1.18131432e-02
91              	8.90380448e-02	1.89967626e-02	2.02293652e-01	1.90184871e-01	1.21087810e-02
92              	8.90402202e-02	1.89607938e-02	2.02890906e-01	1.90485673e-01	1.24052326e-02
93              	8.90393492e-02	1.89275337e-02	2.03486663e-01	1.90782681e-01	1.27039826e-02
94              	8.90364659e-02	1.88945975e-02	2.04086158e-01	1.91079545e-01	1.30066133e-02
95              	8.90320492e-02	1.88600360e-02	2.04691588e-01	1.91377843e-01	1.33137448e-02
96              	8.90259869e-02	1.88224254e-02	2.05302080e-01	1.91677027e-01	1.36250530e-02
97              	8.90179720e-02	1.87808755e-02	2.05915653e-01	1.91975799e-01	1.39398546e-02
98              	8.90079542e-02	1.87350414e-02	2.06544518e-01	1.92280213e-01	1.42643048e-02
99              	8.89953147e-02	1.86848225e-02	2.07168746e-01	1.92579687e-01	1.45890581e-02
100             	8.89795351e-02	1.86307456e-02	2.07786246e-01	1.92872658e-01	1.49135880e-02
101             	8.89601163e-02	1.85738290e-02	2.08395149e-01	1.93157691e-01	1.52374582e-02
102             	8.89366771e-02	1.85153562e-02	2.08992920e-01	1.93433137e-01	1.55597830e-02
103             	8.89093866e-02	1.84566889e-02	2.09589675e-01	1.93704224e-01	1.58854507e-02
104             	8.88785421e-02	1.83985083e-02	2.10170654e-01	1.93963869e-01	1.62067847e-02
105             	8.88446125e-02	1.83414121e-02	2.10736317e-01	1.94212771e-01	1.65235461e-02
106             	8.88079894e-02	1.82857089e-02	2.11287477e-01	1.94451728e-01	1.68357491e-02
107             	8.87688914e-02	1.82314465e-02	2.11824990e-01	1.94681386e-01	1.71436035e-02
108             	8.87277783e-02	1.81783057e-02	2.12350613e-01	1.94903085e-01	1.74475284e-02
109             	8.86848912e-02	1.81253467e-02	2.12872277e-01	1.95121029e-01	1.77512471e-02
110             	8.86417706e-02	1.80731314e-02	2.13375296e-01	1.95329418e-01	1.80458772e-02
111             	8.85983746e-02	1.80201971e-02	2.13868355e-01	1.95532552e-01	1.83358028e-02
112             	8.85549565e-02	1.79660778e-02	2.14349910e-01	1.95729912e-01	1.86199985e-02
113             	8.85114955e-02	1.79106111e-02	2.14816385e-01	1.95919688e-01	1.88966970e-02
114             	8.84681213e-02	1.78535860e-02	2.15265371e-01	1.96100807e-01	1.91645641e-02
115             	8.84249034e-02	1.77949283e-02	2.15694560e-01	1.96272183e-01	1.94223767e-02
116             	8.83819264e-02	1.77348474e-02	2.16100880e-01	1.96432367e-01	1.96685138e-02
117             	8.83393333e-02	1.76732902e-02	2.16483334e-01	1.96581000e-01	1.99023338e-02
118             	8.82966458e-02	1.76103208e-02	2.16840376e-01	1.96716834e-01	2.01235422e-02
119             	8.82534155e-02	1.75461383e-02	2.17170933e-01	1.96838882e-01	2.03320511e-02
120             	8.82094260e-02	1.74809152e-02	2.17475078e-01	1.96946965e-01	2.05281128e-02
121             	8.81643570e-02	1.74147853e-02	2.17752942e-01	1.97040828e-01	2.07121141e-02
122             	8.81182241e-02	1.73477334e-02	2.18006527e-01	1.97121488e-01	2.08850396e-02
123             	8.80711440e-02	1.72798085e-02	2.18238254e-01	1.97190271e-01	2.10479832e-02
124             	8.80232844e-02	1.72109781e-02	2.18451407e-01	1.97248988e-01	2.12024189e-02
125             	8.79746971e-02	1.71411721e-02	2.18648337e-01	1.97298866e-01	2.13494713e-02
126             	8.79247111e-02	1.70710778e-02	2.18827933e-01	1.97338678e-01	2.14892554e-02
127             	8.78743936e-02	1.69992041e-02	2.18999072e-01	1.97373930e-01	2.16251424e-02
128             	8.78231237e-02	1.69271562e-02	2.19159253e-01	1.97402750e-01	2.17565029e-02
129             	8.77732706e-02	1.68525854e-02	2.19321953e-01	1.97434247e-01	2.18877058e-02
130             	8.77260214e-02	1.67754247e-02	2.19492559e-01	1.97472301e-01	2.20202581e-02
131             	8.76832347e-02	1.66955380e-02	2.19679165e-01	1.97522817e-01	2.21563479e-02
132             	8.76460979e-02	1.66132489e-02	2.19887171e-01	1.97589683e-01	2.22974874e-02
133             	8.76148929e-02	1.65292872e-02	2.20118421e-01	1.97674103e-01	2.24443176e-02
134             	8.75885783e-02	1.64447642e-02	2.20369125e-01	1.97773141e-01	2.25959842e-02
135             	8.75658961e-02	1.63609559e-02	2.20633579e-01	1.97882686e-01	2.27508936e-02
136             	8.75459407e-02	1.62790256e-02	2.20906269e-01	1.97999075e-01	2.29071939e-02
137             	8.75273132e-02	1.62002435e-02	2.21178546e-01	1.98116586e-01	2.30619599e-02
138             	8.75085136e-02	1.61258209e-02	2.21440982e-01	1.98229005e-01	2.32119773e-02
139             	8.74893403e-02	1.60562567e-02	2.21689082e-01	1.98333881e-01	2.33552008e-02
140             	8.74710899e-02	1.59913882e-02	2.21922925e-01	1.98432552e-01	2.34903725e-02
141             	8.74560474e-02	1.59305055e-02	2.22148760e-01	1.98530428e-01	2.36183328e-02
142             	8.74466762e-02	1.58727699e-02	2.22378246e-01	1.98635799e-01	2.37424469e-02
143             	8.74451166e-02	1.58175225e-02	2.22623534e-01	1.98756884e-01	2.38666505e-02
144             	8.74529592e-02	1.57642156e-02	2.22895688e-01	1.98900803e-01	2.39948849e-02
145             	8.74710019e-02	1.57126116e-02	2.23199680e-01	1.99070842e-01	2.41288379e-02
146             	8.74988362e-02	1.56630490e-02	2.23536796e-01	1.99267234e-01	2.42695618e-02
147             	8.75354007e-02	1.56161235e-02	2.23907060e-01	1.99488931e-01	2.44181295e-02
148             	8.75794219e-02	1.55724157e-02	2.24309769e-01	1.99734306e-01	2.45754624e-02
149             	8.76289216e-02	1.55323842e-02	2.24740795e-01	1.99999319e-01	2.47414759e-02
150             	8.76822313e-02	1.54963429e-02	2.25198177e-01	2.00281320e-01	2.49168570e-02
151             	8.77380534e-02	1.54644480e-02	2.25679482e-01	2.00577794e-01	2.51016877e-02
152             	8.77960340e-02	1.54366429e-02	2.26184262e-01	2.00888165e-01	2.52960968e-02
153             	8.78561251e-02	1.54127743e-02	2.26709069e-01	2.01210659e-01	2.54984092e-02
154             	8.79172715e-02	1.53928146e-02	2.27244328e-01	2.01539435e-01	2.57048923e-02
155             	8.79779664e-02	1.53768156e-02	2.27776399e-01	2.01866166e-01	2.59102331e-02
156             	8.80362506e-02	1.53648993e-02	2.28292527e-01	2.02182514e-01	2.61100131e-02
157             	8.80908898e-02	1.53568992e-02	2.28786360e-01	2.02484070e-01	2.63022902e-02
158             	8.81410452e-02	1.53525356e-02	2.29258257e-01	2.02770174e-01	2.64880832e-02
159             	8.81860678e-02	1.53516339e-02	2.29710172e-01	2.03041154e-01	2.66690181e-02
160             	8.82267209e-02	1.53539331e-02	2.30147302e-01	2.03300372e-01	2.68469302e-02
161             	8.82641612e-02	1.53592040e-02	2.30575073e-01	2.03551698e-01	2.70233753e-02
162             	8.82993197e-02	1.53667180e-02	2.30994058e-01	2.03796349e-01	2.71977093e-02
163             	8.83339727e-02	1.53767828e-02	2.31411256e-01	2.04039601e-01	2.73716555e-02
164             	8.83687186e-02	1.53891082e-02	2.31825746e-01	2.04281591e-01	2.75441542e-02
165             	8.84038791e-02	1.54035426e-02	2.32237225e-01	2.04522492e-01	2.77147334e-02
166             	8.84398559e-02	1.54197548e-02	2.32649061e-01	2.04764386e-01	2.78846746e-02
167             	8.84746227e-02	1.54377709e-02	2.33060648e-01	2.05004947e-01	2.80557012e-02
168             	8.85073104e-02	1.54574720e-02	2.33471480e-01	2.05243050e-01	2.82284295e-02
169             	8.85387979e-02	1.54784529e-02	2.33892213e-01	2.05484904e-01	2.84073086e-02
170             	8.85706288e-02	1.55002074e-02	2.34329582e-01	2.05735420e-01	2.85941620e-02
171             	8.86024221e-02	1.55228948e-02	2.34770683e-01	2.05987764e-01	2.87829196e-02
172             	8.86339550e-02	1.55465371e-02	2.35207075e-01	2.06237492e-01	2.89695824e-02
173             	8.86644209e-02	1.55715877e-02	2.35636188e-01	2.06482515e-01	2.91536732e-02
174             	8.86920379e-02	1.55977831e-02	2.36045603e-01	2.06714839e-01	2.93307633e-02
175             	8.87162035e-02	1.56250114e-02	2.36440367e-01	2.06936387e-01	2.95039798e-02
176             	8.87367645e-02	1.56533848e-02	2.36819602e-01	2.07146565e-01	2.96730364e-02
177             	8.87543059e-02	1.56828509e-02	2.37187321e-01	2.07347966e-01	2.98393545e-02
178             	8.87694134e-02	1.57133805e-02	2.37546196e-01	2.07542511e-01	3.00036844e-02
179             	8.87831397e-02	1.57448683e-02	2.37897593e-01	2.07731936e-01	3.01656570e-02
180             	8.87965398e-02	1.57771968e-02	2.38239478e-01	2.07916279e-01	3.03231990e-02
181             	8.88107619e-02	1.58099229e-02	2.38579012e-01	2.08100268e-01	3.04787441e-02
182             	8.88267609e-02	1.58426970e-02	2.38919104e-01	2.08286313e-01	3.06327908e-02
183             	8.88453041e-02	1.58751397e-02	2.39263191e-01	2.08476900e-01	3.07862913e-02
184             	8.88662442e-02	1.59070201e-02	2.39613825e-01	2.08673157e-01	3.09406684e-02
185             	8.88886564e-02	1.59382578e-02	2.39972837e-01	2.08875075e-01	3.10977619e-02
186             	8.89126025e-02	1.59687106e-02	2.40341069e-01	2.09083137e-01	3.12579319e-02
187             	8.89383149e-02	1.59982701e-02	2.40717747e-01	2.09297188e-01	3.14205584e-02
188             	8.89655274e-02	1.60269498e-02	2.41099848e-01	2.09515451e-01	3.15843965e-02
189             	8.89935075e-02	1.60548594e-02	2.41483297e-01	2.09735156e-01	3.17481411e-02
190             	8.90211824e-02	1.60822028e-02	2.41863172e-01	2.09952769e-01	3.19104038e-02
191             	8.90473649e-02	1.61091973e-02	2.42235326e-01	2.10165028e-01	3.20702983e-02
192             	8.90709667e-02	1.61360499e-02	2.42597062e-01	2.10369498e-01	3.22275640e-02
193             	8.90911998e-02	1.61629171e-02	2.42947629e-01	2.10565014e-01	3.23826148e-02
194             	8.91081513e-02	1.61898448e-02	2.43288302e-01	2.10752302e-01	3.25359995e-02
195             	8.91225612e-02	1.62167620e-02	2.43621642e-01	2.10933382e-01	3.26882599e-02
196             	8.91352010e-02	1.62435582e-02	2.43950122e-01	2.11110262e-01	3.28398598e-02
197             	8.91469564e-02	1.62700552e-02	2.44276228e-01	2.11285070e-01	3.29911575e-02
198             	8.91587649e-02	1.62960154e-02	2.44602314e-01	2.11459922e-01	3.31423920e-02
199             	8.91711621e-02	1.63212046e-02	2.44929899e-01	2.11636112e-01	3.32937876e-02
200             	8.91837781e-02	1.63455144e-02	2.45258777e-01	2.11813167e-01	3.34456105e-02
201             	8.91959320e-02	1.63689702e-02	2.45588150e-01	2.11990007e-01	3.35981432e-02
202             	8.92077029e-02	1.63915444e-02	2.45918509e-01	2.12166957e-01	3.37515515e-02
203             	8.92193370e-02	1.64131953e-02	2.46250042e-01	2.12344358e-01	3.39056840e-02
204             	8.92303883e-02	1.64339891e-02	2.46580953e-01	2.12520865e-01	3.40600883e-02
205             	8.92401921e-02	1.64540337e-02	2.46908637e-01	2.12694510e-01	3.42141262e-02
206             	8.92483091e-02	1.64734192e-02	2.47230944e-01	2.12863781e-01	3.43671629e-02
207             	8.92544851e-02	1.64922125e-02	2.47546541e-01	2.13027756e-01	3.45187855e-02
208             	8.92584918e-02	1.65104468e-02	2.47849811e-01	2.13183397e-01	3.46664139e-02
209             	8.92598202e-02	1.65282297e-02	2.48147341e-01	2.13333491e-01	3.48138504e-02
210             	8.92587322e-02	1.65459995e-02	2.48434564e-01	2.13476014e-01	3.49585499e-02
211             	8.92554570e-02	1.65633472e-02	2.48718299e-01	2.13614607e-01	3.51036926e-02
212             	8.92503690e-02	1.65803291e-02	2.48998840e-01	2.13749789e-01	3.52490511e-02
213             	8.92439269e-02	1.65969593e-02	2.49276032e-01	2.13881943e-01	3.53940893e-02
214             	8.92364917e-02	1.66132086e-02	2.49549590e-01	2.14011287e-01	3.55383032e-02
215             	8.92280563e-02	1.66290506e-02	2.49818942e-01	2.14137527e-01	3.56814148e-02
216             	8.92180778e-02	1.66444977e-02	2.50082800e-01	2.14259478e-01	3.58233220e-02
217             	8.92067134e-02	1.66594436e-02	2.50337803e-01	2.14375615e-01	3.59621880e-02
218             	8.91940525e-02	1.66738290e-02	2.50590650e-01	2.14489377e-01	3.61012726e-02
219             	8.91807894e-02	1.66875640e-02	2.50843072e-01	2.14602325e-01	3.62407466e-02
220             	8.91675858e-02	1.67005905e-02	2.51096636e-01	2.14715904e-01	3.63807321e-02
221             	8.91544495e-02	1.67129031e-02	2.51352155e-01	2.14830527e-01	3.65216278e-02
222             	8.91410548e-02	1.67245544e-02	2.51609416e-01	2.14945763e-01	3.66636533e-02
223             	8.91270713e-02	1.67356363e-02	2.51867884e-01	2.15061013e-01	3.68068709e-02
224             	8.91120415e-02	1.67466292e-02	2.52122175e-01	2.15173129e-01	3.69490459e-02
225             	8.90959932e-02	1.67571011e-02	2.52378088e-01	2.15285037e-01	3.70930510e-02
226             	8.90794024e-02	1.67670590e-02	2.52635666e-01	2.15397236e-01	3.72384308e-02
227             	8.90627328e-02	1.67764983e-02	2.52894286e-01	2.15509876e-01	3.73844104e-02
228             	8.90465205e-02	1.67853923e-02	2.53153204e-01	2.15623123e-01	3.75300816e-02
229             	8.90318410e-02	1.67936188e-02	2.53409916e-01	2.15736799e-01	3.76731172e-02
230             	8.90169223e-02	1.68012163e-02	2.53670734e-01	2.15852290e-01	3.78184449e-02
231             	8.90032261e-02	1.68080809e-02	2.53933092e-01	2.15969772e-01	3.79633202e-02
232             	8.89907599e-02	1.68141909e-02	2.54197667e-01	2.16089594e-01	3.81080738e-02
233             	8.89794743e-02	1.68195600e-02	2.54465578e-01	2.16212263e-01	3.82533145e-02
234             	8.89692200e-02	1.68242681e-02	2.54737172e-01	2.16337806e-01	3.83993658e-02
235             	8.89596744e-02	1.68284573e-02	2.55011723e-01	2.16465536e-01	3.85461870e-02
236             	8.89503955e-02	1.68318892e-02	2.55295459e-01	2.16598125e-01	3.86973343e-02
237             	8.89405378e-02	1.68352006e-02	2.55578492e-01	2.16729784e-01	3.88487084e-02
238             	8.89300461e-02	1.68384887e-02	2.55859903e-01	2.16859998e-01	3.89999053e-02
239             	8.89183017e-02	1.68418971e-02	2.56144398e-01	2.16990501e-01	3.91538975e-02
240             	8.89061155e-02	1.68453665e-02	2.56424254e-01	2.17118243e-01	3.93060116e-02
241             	8.88936565e-02	1.68488309e-02	2.56699491e-01	2.17243402e-01	3.94560888e-02
242             	8.88810334e-02	1.68522060e-02	2.56971076e-01	2.17366572e-01	3.96045048e-02
243             	8.88688678e-02	1.68552649e-02	2.57235879e-01	2.17486807e-01	3.97490718e-02
244             	8.88566765e-02	1.68580336e-02	2.57503010e-01	2.17608181e-01	3.98948285e-02
245             	8.88447823e-02	1.68604606e-02	2.57773948e-01	2.17731756e-01	4.00421916e-02
246             	8.88332452e-02	1.68628123e-02	2.58042862e-01	2.17854676e-01	4.01881858e-02
247             	8.88225580e-02	1.68646937e-02	2.58317889e-01	2.17981502e-01	4.03363863e-02
248             	8.88132722e-02	1.68660815e-02	2.58599304e-01	2.18112924e-01	4.04863796e-02
249             	8.88053082e-02	1.68669481e-02	2.58880245e-01	2.18245431e-01	4.06348143e-02
250             	8.88001630e-02	1.68672828e-02	2.59168213e-01	2.18384270e-01	4.07839435e-02
251             	8.87977460e-02	1.68671379e-02	2.59460948e-01	2.18528220e-01	4.09327281e-02
252             	8.87971946e-02	1.68665942e-02	2.59755844e-01	2.18675117e-01	4.10807273e-02
253             	8.87959787e-02	1.68661699e-02	2.60043220e-01	2.18817589e-01	4.12256315e-02
254             	8.87961093e-02	1.68650574e-02	2.60338755e-01	2.18965487e-01	4.13732679e-02
255             	8.87948626e-02	1.68638997e-02	2.60632084e-01	2.19110905e-01	4.15211793e-02
256             	8.87907169e-02	1.68632235e-02	2.60916039e-01	2.19248736e-01	4.16673024e-02
257             	8.87857287e-02	1.68622981e-02	2.61205502e-01	2.19388480e-01	4.18170223e-02
258             	8.87794579e-02	1.68616240e-02	2.61493137e-01	2.19526026e-01	4.19671103e-02
259             	8.87724083e-02	1.68612317e-02	2.61778760e-01	2.19661788e-01	4.21169718e-02
260             	8.87648419e-02	1.68611108e-02	2.62062127e-01	2.19795905e-01	4.22662215e-02
261             	8.87570056e-02	1.68611951e-02	2.62342921e-01	2.19928466e-01	4.24144551e-02
262             	8.87491141e-02	1.68613908e-02	2.62621062e-01	2.20059645e-01	4.25614171e-02
263             	8.87412475e-02	1.68615914e-02	2.62896605e-01	2.20189550e-01	4.27070548e-02
264             	8.87331575e-02	1.68617145e-02	2.63169061e-01	2.20317688e-01	4.28513727e-02
265             	8.87235264e-02	1.68619842e-02	2.63437439e-01	2.20442246e-01	4.29951932e-02
266             	8.87131722e-02	1.68621356e-02	2.63700122e-01	2.20563233e-01	4.31368888e-02
267             	8.87017990e-02	1.68622029e-02	2.63956854e-01	2.20680226e-01	4.32766282e-02
268             	8.86893098e-02	1.68622402e-02	2.64208502e-01	2.20793561e-01	4.34149415e-02
269             	8.86759895e-02	1.68622711e-02	2.64457234e-01	2.20904607e-01	4.35526277e-02
270             	8.86621435e-02	1.68623159e-02	2.64705614e-01	2.21014950e-01	4.36906633e-02
271             	8.86482206e-02	1.68623839e-02	2.64955855e-01	2.21126148e-01	4.38297070e-02
272             	8.86349782e-02	1.68624295e-02	2.65209698e-01	2.21239827e-01	4.39698706e-02
273             	8.86228712e-02	1.68624067e-02	2.65467812e-01	2.21356777e-01	4.41110348e-02
274             	8.86119352e-02	1.68622916e-02	2.65729912e-01	2.21476891e-01	4.42530206e-02
275             	8.86016792e-02	1.68621414e-02	2.65994562e-01	2.21598960e-01	4.43956019e-02
276             	8.85915067e-02	1.68620029e-02	2.66260802e-01	2.21721908e-01	4.45388945e-02
277             	8.85814076e-02	1.68618734e-02	2.66528238e-01	2.21845527e-01	4.46827115e-02
278             	8.85716577e-02	1.68617271e-02	2.66796751e-01	2.21970033e-01	4.48267178e-02
279             	8.85626338e-02	1.68614975e-02	2.67066619e-01	2.22095943e-01	4.49706757e-02
280             	8.85546160e-02	1.68611079e-02	2.67338527e-01	2.22223880e-01	4.51146475e-02
281             	8.85477963e-02	1.68604649e-02	2.67613337e-01	2.22354465e-01	4.52588723e-02
282             	8.85423734e-02	1.68595071e-02	2.67891825e-01	2.22488286e-01	4.54035392e-02
283             	8.85381947e-02	1.68582396e-02	2.68173720e-01	2.22625055e-01	4.55486654e-02
284             	8.85346121e-02	1.68567487e-02	2.68457804e-01	2.22763514e-01	4.56942901e-02
285             	8.85307287e-02	1.68551547e-02	2.68742560e-01	2.22902008e-01	4.58405510e-02
286             	8.85258215e-02	1.68535835e-02	2.69026143e-01	2.23038893e-01	4.59872498e-02
287             	8.85195283e-02	1.68521365e-02	2.69306844e-01	2.23172950e-01	4.61338937e-02
288             	8.85118203e-02	1.68508662e-02	2.69583834e-01	2.23303737e-01	4.62800968e-02
289             	8.85028058e-02	1.68497859e-02	2.69856848e-01	2.23431230e-01	4.64256184e-02
290             	8.84916551e-02	1.68487543e-02	2.70116980e-01	2.23550145e-01	4.65668351e-02
291             	8.84801175e-02	1.68479693e-02	2.70371386e-01	2.23665811e-01	4.67055755e-02
292             	8.84697046e-02	1.68471028e-02	2.70631964e-01	2.23785686e-01	4.68462773e-02
293             	8.84606119e-02	1.68461755e-02	2.70897820e-01	2.23909522e-01	4.69882982e-02
294             	8.84527856e-02	1.68452260e-02	2.71166573e-01	2.24036072e-01	4.71305006e-02
295             	8.84456168e-02	1.68439905e-02	2.71429676e-01	2.24160455e-01	4.72692214e-02
296             	8.84391829e-02	1.68431378e-02	2.71699004e-01	2.24288685e-01	4.74103192e-02
297             	8.84321677e-02	1.68423481e-02	2.71963964e-01	2.24414150e-01	4.75498144e-02
298             	8.84237379e-02	1.68416221e-02	2.72222759e-01	2.24535118e-01	4.76876418e-02
299             	8.84135198e-02	1.68409517e-02	2.72474770e-01	2.24650905e-01	4.78238651e-02
300             	8.84016278e-02	1.68403104e-02	2.72720881e-01	2.24762068e-01	4.79588127e-02
301             	8.83868021e-02	1.68397500e-02	2.72963238e-01	2.24868421e-01	4.80948169e-02
302             	8.83710305e-02	1.68394930e-02	2.73205972e-01	2.24974016e-01	4.82319553e-02
303             	8.83568241e-02	1.68389288e-02	2.73449764e-01	2.25081706e-01	4.83680580e-02
304             	8.83448155e-02	1.68380126e-02	2.73697379e-01	2.25193505e-01	4.85038742e-02
305             	8.83352190e-02	1.68367421e-02	2.73950390e-01	2.25310414e-01	4.86399761e-02
306             	8.83264570e-02	1.68351369e-02	2.74210705e-01	2.25431809e-01	4.87788953e-02
307             	8.83198851e-02	1.68332357e-02	2.74477080e-01	2.25558425e-01	4.89186550e-02
308             	8.83140978e-02	1.68314024e-02	2.74750345e-01	2.25689270e-01	4.90610746e-02
309             	8.83092859e-02	1.68293502e-02	2.75023996e-01	2.25821284e-01	4.92027121e-02
310             	8.83045685e-02	1.68271408e-02	2.75295378e-01	2.25952258e-01	4.93431206e-02
311             	8.82993733e-02	1.68247991e-02	2.75563123e-01	2.26080935e-01	4.94821879e-02
312             	8.82935204e-02	1.68223233e-02	2.75827071e-01	2.26207056e-01	4.96200150e-02
313             	8.82871137e-02	1.68197106e-02	2.76087954e-01	2.26331091e-01	4.97568633e-02
314             	8.82800064e-02	1.68168269e-02	2.76349135e-01	2.26454574e-01	4.98945610e-02
315             	8.82738598e-02	1.68139453e-02	2.76614288e-01	2.26581004e-01	5.00332841e-02
316             	8.82682644e-02	1.68109330e-02	2.76877490e-01	2.26707009e-01	5.01704805e-02
317             	8.82633051e-02	1.68077964e-02	2.77139624e-01	2.26833117e-01	5.03065071e-02
318             	8.82587002e-02	1.68044103e-02	2.77403683e-01	2.26960542e-01	5.04431415e-02
319             	8.82557330e-02	1.68010436e-02	2.77674140e-01	2.27092803e-01	5.05813370e-02
320             	8.82526115e-02	1.67976387e-02	2.77942848e-01	2.27224036e-01	5.07188127e-02
321             	8.82491549e-02	1.67942046e-02	2.78210196e-01	2.27354253e-01	5.08559431e-02
322             	8.82437157e-02	1.67906660e-02	2.78469568e-01	2.27478500e-01	5.09910686e-02
323             	8.82398171e-02	1.67871522e-02	2.78738467e-01	2.27609051e-01	5.11294163e-02
324             	8.82343656e-02	1.67834653e-02	2.79000800e-01	2.27734766e-01	5.12660343e-02
325             	8.82291770e-02	1.67799097e-02	2.79263205e-01	2.27860779e-01	5.14024252e-02
326             	8.82245133e-02	1.67763079e-02	2.79529375e-01	2.27989201e-01	5.15401743e-02
327             	8.82193572e-02	1.67725505e-02	2.79792349e-01	2.28115531e-01	5.16768170e-02
328             	8.82149217e-02	1.67691056e-02	2.80057362e-01	2.28243603e-01	5.18137591e-02
329             	8.82114167e-02	1.67658277e-02	2.80328146e-01	2.28375490e-01	5.19526564e-02
330             	8.82075195e-02	1.67627579e-02	2.80591286e-01	2.28503162e-01	5.20881235e-02
331             	8.82044480e-02	1.67600143e-02	2.80860492e-01	2.28634694e-01	5.22257980e-02
332             	8.82006830e-02	1.67574540e-02	2.81125328e-01	2.28763347e-01	5.23619812e-02
333             	8.81976787e-02	1.67555212e-02	2.81391963e-01	2.28893660e-01	5.24983030e-02
334             	8.81936685e-02	1.67537867e-02	2.81653810e-01	2.29020573e-01	5.26332364e-02
335             	8.81899589e-02	1.67527592e-02	2.81917048e-01	2.29148483e-01	5.27685652e-02
336             	8.81856165e-02	1.67523199e-02	2.82184635e-01	2.29277934e-01	5.29067009e-02
337             	8.81805810e-02	1.67525025e-02	2.82454620e-01	2.29407891e-01	5.30467291e-02
338             	8.81746469e-02	1.67527680e-02	2.82716459e-01	2.29532876e-01	5.31835824e-02
339             	8.81692582e-02	1.67537016e-02	2.82975983e-01	2.29657250e-01	5.33187335e-02
340             	8.81634050e-02	1.67551878e-02	2.83236426e-01	2.29781618e-01	5.34548078e-02
341             	8.81573048e-02	1.67571994e-02	2.83497408e-01	2.29906009e-01	5.35913991e-02
342             	8.81496298e-02	1.67599418e-02	2.83763240e-01	2.30031250e-01	5.37319901e-02
343             	8.81432216e-02	1.67639059e-02	2.84038263e-01	2.30162353e-01	5.38759097e-02
344             	8.81375762e-02	1.67682360e-02	2.84307541e-01	2.30291346e-01	5.40161941e-02
345             	8.81314330e-02	1.67731406e-02	2.84574046e-01	2.30418456e-01	5.41555901e-02
346             	8.81262632e-02	1.67782507e-02	2.84833851e-01	2.30543189e-01	5.42906625e-02
347             	8.81216098e-02	1.67842046e-02	2.85092640e-01	2.30667930e-01	5.44247100e-02
348             	8.81172126e-02	1.67902334e-02	2.85349451e-01	2.30791938e-01	5.45575128e-02
349             	8.81128655e-02	1.67961867e-02	2.85600517e-01	2.30913124e-01	5.46873929e-02
350             	8.81087278e-02	1.68027090e-02	2.85853566e-01	2.31035511e-01	5.48180550e-02
351             	8.81043824e-02	1.68090119e-02	2.86103462e-01	2.31156113e-01	5.49473487e-02
352             	8.80996552e-02	1.68152442e-02	2.86352875e-01	2.31276093e-01	5.50767822e-02
353             	8.80945782e-02	1.68216008e-02	2.86603977e-01	2.31396567e-01	5.52074102e-02
354             	8.80893447e-02	1.68282596e-02	2.86858497e-01	2.31518593e-01	5.53399037e-02
355             	8.80825062e-02	1.68349179e-02	2.87108752e-01	2.31636882e-01	5.54718697e-02
356             	8.80784718e-02	1.68427320e-02	2.87377115e-01	2.31767029e-01	5.56100857e-02
357             	8.80737614e-02	1.68505564e-02	2.87641325e-01	2.31894424e-01	5.57469013e-02
358             	8.80699248e-02	1.68590842e-02	2.87910372e-01	2.32025111e-01	5.58852611e-02
359             	8.80651732e-02	1.68680871e-02	2.88172001e-01	2.32151174e-01	5.60208272e-02
360             	8.80600945e-02	1.68776541e-02	2.88432845e-01	2.32276517e-01	5.61563282e-02
361             	8.80545444e-02	1.68876766e-02	2.88692335e-01	2.32400712e-01	5.62916229e-02
362             	8.80476378e-02	1.68973374e-02	2.88943502e-01	2.32519389e-01	5.64241129e-02
363             	8.80402720e-02	1.69073974e-02	2.89195940e-01	2.32638242e-01	5.65576979e-02
364             	8.80317241e-02	1.69173739e-02	2.89440668e-01	2.32752058e-01	5.66886099e-02
365             	8.80231259e-02	1.69274967e-02	2.89688043e-01	2.32867148e-01	5.68208957e-02
366             	8.80145316e-02	1.69377090e-02	2.89938222e-01	2.32983642e-01	5.69545792e-02
367             	8.80058501e-02	1.69479531e-02	2.90190504e-01	2.33101102e-01	5.70894018e-02
368             	8.79969490e-02	1.69581947e-02	2.90444031e-01	2.33218965e-01	5.72250666e-02
369             	8.79876389e-02	1.69683812e-02	2.90697490e-01	2.33336384e-01	5.73611063e-02
370             	8.79778206e-02	1.69784682e-02	2.90949838e-01	2.33452740e-01	5.74970984e-02
371             	8.79674668e-02	1.69884181e-02	2.91200451e-01	2.33567692e-01	5.76327587e-02
372             	8.79564715e-02	1.69982030e-02	2.91448741e-01	2.33680842e-01	5.77678991e-02
373             	8.79445383e-02	1.70077884e-02	2.91693903e-01	2.33791490e-01	5.79024132e-02
374             	8.79313452e-02	1.70171273e-02	2.91935153e-01	2.33898921e-01	5.80362311e-02
375             	8.79168324e-02	1.70261841e-02	2.92172619e-01	2.34003142e-01	5.81694769e-02
376             	8.79011809e-02	1.70349363e-02	2.92407279e-01	2.34104821e-01	5.83024587e-02
377             	8.78844925e-02	1.70433829e-02	2.92639638e-01	2.34204312e-01	5.84353267e-02
378             	8.78668170e-02	1.70515321e-02	2.92869837e-01	2.34301736e-01	5.85681017e-02
379             	8.78482491e-02	1.70593865e-02	2.93098177e-01	2.34397338e-01	5.87008395e-02
380             	8.78287840e-02	1.70669570e-02	2.93324768e-01	2.34491168e-01	5.88335999e-02
381             	8.78084418e-02	1.70744301e-02	2.93556367e-01	2.34586626e-01	5.89697420e-02
382             	8.77874654e-02	1.70816342e-02	2.93785192e-01	2.34680061e-01	5.91051306e-02
383             	8.77659159e-02	1.70885272e-02	2.94010832e-01	2.34771332e-01	5.92395001e-02
384             	8.77435185e-02	1.70950610e-02	2.94232572e-01	2.34859805e-01	5.93727675e-02
385             	8.77199980e-02	1.71010603e-02	2.94443884e-01	2.34941940e-01	5.95019437e-02
386             	8.76951386e-02	1.71067001e-02	2.94658898e-01	2.35024588e-01	5.96343104e-02
387             	8.76690397e-02	1.71118889e-02	2.94871424e-01	2.35104752e-01	5.97666725e-02
388             	8.76418886e-02	1.71165650e-02	2.95082076e-01	2.35182927e-01	5.98991495e-02
389             	8.76137333e-02	1.71206724e-02	2.95291027e-01	2.35259247e-01	6.00317802e-02
390             	8.75846124e-02	1.71241934e-02	2.95498326e-01	2.35333775e-01	6.01645505e-02
391             	8.75545900e-02	1.71270792e-02	2.95697952e-01	2.35403566e-01	6.02943859e-02
392             	8.75229362e-02	1.71293729e-02	2.95901556e-01	2.35473714e-01	6.04278418e-02
393             	8.74896157e-02	1.71310753e-02	2.96101949e-01	2.35540590e-01	6.05613586e-02
394             	8.74544782e-02	1.71321516e-02	2.96298067e-01	2.35603512e-01	6.06945553e-02
395             	8.74175264e-02	1.71325988e-02	2.96489471e-01	2.35662262e-01	6.08272091e-02
396             	8.73788205e-02	1.71324202e-02	2.96676091e-01	2.35716866e-01	6.09592248e-02
397             	8.73382621e-02	1.71315899e-02	2.96857569e-01	2.35767047e-01	6.10905224e-02
398             	8.72959594e-02	1.71300578e-02	2.97034182e-01	2.35813051e-01	6.12211318e-02
399             	8.72520816e-02	1.71277834e-02	2.97206516e-01	2.35855340e-01	6.13511763e-02
400             	8.72066632e-02	1.71247488e-02	2.97375004e-01	2.35894165e-01	6.14808389e-02
401             	8.71597084e-02	1.71209452e-02	2.97540073e-01	2.35929745e-01	6.16103281e-02
402             	8.71112178e-02	1.71163650e-02	2.97702012e-01	2.35962224e-01	6.17397882e-02
403             	8.70611526e-02	1.71112594e-02	2.97865572e-01	2.35993939e-01	6.18716334e-02
404             	8.70100849e-02	1.71054133e-02	2.98024428e-01	2.36022299e-01	6.20021294e-02
405             	8.69580991e-02	1.70988523e-02	2.98179067e-01	2.36047633e-01	6.21314345e-02
406             	8.69052792e-02	1.70915953e-02	2.98330352e-01	2.36070455e-01	6.22598969e-02
407             	8.68517716e-02	1.70836665e-02	2.98479394e-01	2.36091468e-01	6.23879254e-02
408             	8.67978143e-02	1.70751137e-02	2.98627412e-01	2.36111520e-01	6.25158914e-02
409             	8.67437277e-02	1.70660092e-02	2.98775612e-01	2.36131534e-01	6.26440784e-02
410             	8.66898458e-02	1.70564547e-02	2.98924865e-01	2.36152278e-01	6.27725867e-02
411             	8.66364781e-02	1.70465673e-02	2.99075515e-01	2.36174236e-01	6.29012795e-02
412             	8.65840260e-02	1.70364633e-02	2.99227899e-01	2.36197975e-01	6.30299233e-02
413             	8.65330507e-02	1.70262562e-02	2.99382683e-01	2.36224392e-01	6.31582910e-02
414             	8.64841862e-02	1.70160581e-02	2.99540735e-01	2.36254554e-01	6.32861812e-02
415             	8.64381114e-02	1.70059657e-02	2.99703054e-01	2.36289639e-01	6.34134158e-02
416             	8.63955664e-02	1.69960645e-02	2.99870870e-01	2.36331001e-01	6.35398684e-02
417             	8.63571783e-02	1.69864333e-02	3.00045278e-01	2.36379817e-01	6.36654608e-02
418             	8.63235410e-02	1.69771510e-02	3.00227386e-01	2.36437234e-01	6.37901518e-02
419             	8.62953656e-02	1.69682844e-02	3.00418604e-01	2.36504668e-01	6.39139366e-02
420             	8.62734434e-02	1.69598903e-02	3.00620525e-01	2.36583706e-01	6.40368192e-02
421             	8.62585309e-02	1.69520423e-02	3.00834652e-01	2.36675857e-01	6.41587952e-02
422             	8.62515100e-02	1.69448153e-02	3.01062793e-01	2.36782906e-01	6.42798864e-02
423             	8.62530245e-02	1.69383196e-02	3.01306194e-01	2.36906121e-01	6.44000723e-02
424             	8.62635761e-02	1.69326880e-02	3.01565763e-01	2.37046457e-01	6.45193052e-02
425             	8.62836913e-02	1.69280351e-02	3.01842407e-01	2.37204895e-01	6.46375121e-02
426             	8.63138085e-02	1.69244561e-02	3.02136747e-01	2.37382182e-01	6.47545649e-02
427             	8.63543577e-02	1.69220247e-02	3.02449417e-01	2.37579066e-01	6.48703507e-02
428             	8.64058695e-02	1.69207920e-02	3.02781390e-01	2.37796564e-01	6.49848255e-02
429             	8.64686040e-02	1.69208101e-02	3.03133146e-01	2.38035177e-01	6.50979690e-02
430             	8.65426889e-02	1.69221133e-02	3.03504869e-01	2.38295124e-01	6.52097458e-02
431             	8.66283346e-02	1.69246973e-02	3.03896926e-01	2.38576798e-01	6.53201284e-02
432             	8.67255779e-02	1.69285541e-02	3.04309308e-01	2.38880232e-01	6.54290762e-02
433             	8.68342253e-02	1.69336858e-02	3.04741548e-01	2.39204999e-01	6.55365489e-02
434             	8.69539891e-02	1.69400853e-02	3.05193025e-01	2.39550502e-01	6.56425234e-02
435             	8.70845839e-02	1.69477389e-02	3.05663140e-01	2.39916154e-01	6.57469861e-02
436             	8.72257961e-02	1.69566245e-02	3.06151466e-01	2.40301529e-01	6.58499368e-02
437             	8.73774140e-02	1.69667016e-02	3.06657616e-01	2.40706222e-01	6.59513939e-02
438             	8.75392551e-02	1.69779256e-02	3.07181287e-01	2.41129898e-01	6.60513882e-02
439             	8.77111596e-02	1.69902656e-02	3.07722250e-01	2.41572285e-01	6.61499654e-02
440             	8.78928596e-02	1.70037061e-02	3.08280050e-01	2.42032885e-01	6.62471656e-02
441             	8.80840732e-02	1.70182176e-02	3.08854207e-01	2.42511177e-01	6.63430301e-02
442             	8.82845405e-02	1.70337534e-02	3.09444279e-01	2.43006680e-01	6.64375993e-02
443             	8.84940864e-02	1.70502599e-02	3.10050031e-01	2.43519102e-01	6.65309292e-02
444             	8.87232651e-02	1.70681445e-02	3.10702170e-01	2.44074350e-01	6.66278199e-02
445             	8.89566854e-02	1.70867329e-02	3.11357379e-01	2.44635375e-01	6.67220042e-02
446             	8.91932934e-02	1.71059189e-02	3.12013114e-01	2.45199850e-01	6.68132637e-02
447             	8.94330187e-02	1.71256157e-02	3.12669530e-01	2.45767784e-01	6.69017465e-02
448             	8.96763321e-02	1.71457666e-02	3.13328469e-01	2.46340567e-01	6.69879024e-02
449             	8.99238763e-02	1.71663165e-02	3.13992470e-01	2.46920111e-01	6.70723586e-02
450             	9.01759901e-02	1.71871857e-02	3.14663519e-01	2.47507750e-01	6.71557693e-02
451             	9.04325422e-02	1.72082580e-02	3.15342512e-01	2.48103798e-01	6.72387136e-02
452             	9.06928213e-02	1.72293768e-02	3.16028917e-01	2.48707280e-01	6.73216372e-02
453             	9.09555944e-02	1.72503613e-02	3.16720818e-01	2.49316003e-01	6.74048147e-02
454             	9.12193367e-02	1.72710443e-02	3.17415355e-01	2.49927014e-01	6.74883407e-02
455             	9.14824464e-02	1.72912738e-02	3.18109203e-01	2.50537048e-01	6.75721551e-02
456             	9.17433308e-02	1.73109212e-02	3.18798868e-01	2.51142765e-01	6.76561030e-02
457             	9.20005445e-02	1.73298840e-02	3.19481117e-01	2.51741103e-01	6.77400138e-02
458             	9.22529293e-02	1.73480442e-02	3.20153415e-01	2.52329637e-01	6.78237781e-02
459             	9.24994600e-02	1.73652885e-02	3.20813659e-01	2.52906289e-01	6.79073696e-02
460             	9.27391861e-02	1.73815085e-02	3.21460096e-01	2.53469234e-01	6.79908617e-02
461             	9.29711301e-02	1.73965830e-02	3.22091044e-01	2.54016652e-01	6.80743917e-02
462             	9.31945170e-02	1.74103902e-02	3.22705376e-01	2.54547205e-01	6.81581710e-02
463             	9.34039998e-02	1.74224715e-02	3.23289166e-01	2.55048583e-01	6.82405832e-02
464             	9.36009235e-02	1.74331900e-02	3.23846485e-01	2.55524166e-01	6.83223192e-02
465             	9.37920599e-02	1.74426242e-02	3.24396745e-01	2.55990433e-01	6.84063127e-02
466             	9.39766332e-02	1.74507112e-02	3.24938996e-01	2.56446131e-01	6.84928646e-02
467             	9.41532888e-02	1.74573991e-02	3.25470520e-01	2.56888549e-01	6.85819713e-02
468             	9.43204845e-02	1.74626502e-02	3.25987719e-01	2.57314344e-01	6.86733748e-02
469             	9.44768545e-02	1.74664514e-02	3.26487013e-01	2.57720361e-01	6.87666520e-02
470             	9.46176487e-02	1.74686146e-02	3.26953565e-01	2.58094431e-01	6.88591340e-02
471             	9.47440783e-02	1.74695752e-02	3.27389869e-01	2.58439013e-01	6.89508561e-02
472             	9.48616760e-02	1.74693265e-02	3.27812848e-01	2.58768100e-01	6.90447480e-02
473             	9.49706062e-02	1.74679327e-02	3.28222781e-01	2.59081997e-01	6.91407844e-02
474             	9.50709371e-02	1.74654611e-02	3.28619441e-01	2.59380658e-01	6.92387835e-02
475             	9.51626562e-02	1.74619751e-02	3.29002219e-01	2.59663766e-01	6.93384536e-02
476             	9.52457350e-02	1.74575379e-02	3.29370381e-01	2.59930925e-01	6.94394553e-02
477             	9.53203955e-02	1.74522355e-02	3.29723731e-01	2.60182261e-01	6.95414703e-02
478             	9.53850635e-02	1.74461102e-02	3.30053522e-01	2.60411824e-01	6.96416973e-02
479             	9.54412655e-02	1.74395677e-02	3.30363505e-01	2.60623018e-01	6.97404868e-02
480             	9.54925060e-02	1.74323468e-02	3.30668434e-01	2.60826723e-01	6.98417111e-02
481             	9.55394020e-02	1.74244980e-02	3.30969978e-01	2.61024391e-01	6.99455868e-02
482             	9.55822885e-02	1.74161015e-02	3.31268549e-01	2.61216563e-01	7.00519858e-02
483             	9.56212894e-02	1.74072571e-02	3.31563607e-01	2.61403093e-01	7.01605140e-02
484             	9.56563863e-02	1.73980748e-02	3.31854012e-01	2.61583392e-01	7.02706198e-02
485             	9.56876810e-02	1.73886566e-02	3.32138819e-01	2.61757091e-01	7.03817286e-02
486             	9.57153804e-02	1.73790836e-02	3.32417422e-01	2.61924091e-01	7.04933305e-02
487             	9.57396893e-02	1.73694264e-02	3.32689454e-01	2.62084417e-01	7.06050379e-02
488             	9.57609654e-02	1.73597320e-02	3.32955229e-01	2.62238580e-01	7.07166490e-02
489             	9.57796990e-02	1.73500313e-02	3.33215638e-01	2.62387518e-01	7.08281200e-02
490             	9.57962909e-02	1.73403492e-02	3.33471617e-01	2.62532099e-01	7.09395176e-02
491             	9.58108944e-02	1.73306929e-02	3.33723764e-01	2.62672776e-01	7.10509875e-02
492             	9.58235717e-02	1.73210516e-02	3.33972517e-01	2.62809830e-01	7.11626870e-02
493             	9.58345156e-02	1.73114111e-02	3.34218556e-01	2.62943794e-01	7.12747625e-02
494             	9.58439888e-02	1.73017507e-02	3.34462722e-01	2.63075350e-01	7.13873722e-02
495             	9.58522245e-02	1.72920603e-02	3.34705526e-01	2.63204988e-01	7.15005385e-02
496             	9.58593870e-02	1.72823450e-02	3.34947341e-01	2.63333058e-01	7.16142838e-02
497             	9.58647053e-02	1.72728601e-02	3.35179687e-01	2.63454549e-01	7.17251379e-02
498             	9.58694172e-02	1.72632436e-02	3.35414725e-01	2.63576780e-01	7.18379452e-02
499             	9.58736212e-02	1.72535023e-02	3.35652467e-01	2.63699854e-01	7.19526120e-02
500             	9.58765802e-02	1.72443613e-02	3.35881828e-01	2.63817494e-01	7.20643338e-02
501             	9.58798258e-02	1.72344763e-02	3.36124212e-01	2.63941932e-01	7.21822803e-02
502             	9.58818015e-02	1.72253181e-02	3.36356527e-01	2.64060065e-01	7.22964620e-02
503             	9.58831213e-02	1.72161706e-02	3.36589023e-01	2.64177633e-01	7.24113902e-02
504             	9.58837594e-02	1.72070330e-02	3.36821421e-01	2.64294470e-01	7.25269513e-02
505             	9.58835554e-02	1.71979020e-02	3.37052921e-01	2.64410016e-01	7.26429053e-02
506             	9.58823570e-02	1.71887852e-02	3.37282536e-01	2.64523625e-01	7.27589111e-02
507             	9.58808479e-02	1.71789650e-02	3.37520972e-01	2.64641334e-01	7.28796381e-02
508             	9.58776248e-02	1.71699905e-02	3.37743379e-01	2.64749314e-01	7.29940649e-02
509             	9.58732886e-02	1.71610620e-02	3.37961498e-01	2.64854038e-01	7.31074604e-02
510             	9.58679108e-02	1.71521421e-02	3.38176067e-01	2.64955944e-01	7.32201226e-02
511             	9.58616076e-02	1.71431800e-02	3.38388103e-01	2.65055659e-01	7.33324439e-02
512             	9.58545236e-02	1.71341420e-02	3.38598439e-01	2.65153743e-01	7.34446959e-02
513             	9.58475256e-02	1.71242228e-02	3.38818716e-01	2.65256883e-01	7.35618323e-02
514             	9.58393495e-02	1.71151044e-02	3.39025226e-01	2.65351963e-01	7.36732637e-02
515             	9.58304077e-02	1.71059007e-02	3.39229691e-01	2.65445253e-01	7.37844380e-02
516             	9.58211725e-02	1.70957472e-02	3.39443184e-01	2.65542764e-01	7.39004195e-02
517             	9.58108453e-02	1.70855585e-02	3.39652641e-01	2.65637166e-01	7.40154753e-02
518             	9.57986631e-02	1.70761897e-02	3.39846682e-01	2.65722004e-01	7.41246778e-02
519             	9.57859089e-02	1.70658852e-02	3.40048001e-01	2.65809910e-01	7.42380918e-02
520             	9.57721649e-02	1.70555745e-02	3.40245506e-01	2.65894918e-01	7.43505880e-02
521             	9.57576340e-02	1.70452905e-02	3.40439435e-01	2.65977352e-01	7.44620836e-02
522             	9.57425270e-02	1.70350690e-02	3.40630142e-01	2.66057598e-01	7.45725438e-02
523             	9.57269756e-02	1.70249066e-02	3.40818209e-01	2.66136080e-01	7.46821290e-02
524             	9.57110305e-02	1.70147752e-02	3.41004239e-01	2.66213150e-01	7.47910892e-02
525             	9.56945965e-02	1.70046291e-02	3.41188595e-01	2.66288894e-01	7.48997011e-02
526             	9.56775311e-02	1.69944145e-02	3.41371438e-01	2.66363250e-01	7.50081877e-02
527             	9.56597271e-02	1.69840884e-02	3.41552747e-01	2.66436101e-01	7.51166466e-02
528             	9.56411627e-02	1.69736071e-02	3.41732690e-01	2.66507508e-01	7.52251823e-02
529             	9.56223843e-02	1.69625962e-02	3.41918542e-01	2.66581655e-01	7.53368865e-02
530             	9.56027579e-02	1.69516275e-02	3.42099682e-01	2.66652599e-01	7.54470830e-02
531             	9.55823583e-02	1.69407156e-02	3.42276187e-01	2.66720452e-01	7.55557353e-02
532             	9.55612854e-02	1.69298443e-02	3.42448665e-01	2.66785618e-01	7.56630470e-02
533             	9.55396473e-02	1.69189741e-02	3.42617917e-01	2.66848606e-01	7.57693111e-02
534             	9.55175279e-02	1.69080576e-02	3.42784783e-01	2.66909919e-01	7.58748636e-02
535             	9.54949453e-02	1.68970551e-02	3.42949921e-01	2.66969906e-01	7.59800151e-02
536             	9.54718550e-02	1.68859303e-02	3.43113731e-01	2.67028721e-01	7.60850107e-02
537             	9.54483318e-02	1.68746557e-02	3.43276675e-01	2.67086669e-01	7.61900057e-02
538             	9.54245082e-02	1.68632179e-02	3.43439126e-01	2.67144071e-01	7.62950550e-02
539             	9.54005600e-02	1.68516278e-02	3.43601363e-01	2.67201242e-01	7.64001217e-02
540             	9.53766530e-02	1.68399216e-02	3.43763513e-01	2.67258410e-01	7.65051036e-02
541             	9.53528822e-02	1.68281534e-02	3.43925500e-01	2.67315632e-01	7.66098680e-02
542             	9.53291907e-02	1.68163709e-02	3.44086967e-01	2.67372674e-01	7.67142930e-02
543             	9.53054519e-02	1.68046088e-02	3.44247467e-01	2.67429185e-01	7.68182816e-02
544             	9.52815170e-02	1.67928765e-02	3.44406582e-01	2.67484808e-01	7.69217741e-02
545             	9.52572518e-02	1.67811675e-02	3.44563967e-01	2.67539235e-01	7.70247316e-02
546             	9.52325640e-02	1.67694633e-02	3.44719388e-01	2.67592258e-01	7.71271298e-02
547             	9.52074418e-02	1.67577344e-02	3.44872817e-01	2.67643850e-01	7.72289667e-02
548             	9.51819781e-02	1.67459576e-02	3.45024486e-01	2.67694221e-01	7.73302647e-02
549             	9.51563321e-02	1.67341177e-02	3.45174794e-01	2.67743729e-01	7.74310649e-02
550             	9.51306615e-02	1.67222067e-02	3.45324175e-01	2.67792749e-01	7.75314262e-02
551             	9.51050554e-02	1.67102218e-02	3.45472937e-01	2.67841524e-01	7.76314131e-02
552             	9.50795274e-02	1.66981628e-02	3.45621224e-01	2.67890140e-01	7.77310847e-02
553             	9.50540499e-02	1.66860323e-02	3.45769068e-01	2.67938584e-01	7.78304842e-02
554             	9.50285850e-02	1.66738318e-02	3.45916427e-01	2.67986798e-01	7.79296284e-02
555             	9.50031393e-02	1.66619593e-02	3.46057627e-01	2.68031953e-01	7.80256743e-02
556             	9.49775494e-02	1.66494606e-02	3.46205978e-01	2.68080538e-01	7.81254397e-02
557             	9.49520911e-02	1.66373085e-02	3.46348400e-01	2.68126291e-01	7.82221091e-02
558             	9.49265994e-02	1.66245493e-02	3.46497861e-01	2.68175530e-01	7.83223312e-02
559             	9.49013258e-02	1.66122167e-02	3.46640758e-01	2.68221705e-01	7.84190532e-02
560             	9.48761104e-02	1.65997642e-02	3.46784223e-01	2.68268222e-01	7.85160009e-02
561             	9.48509581e-02	1.65871970e-02	3.46928099e-01	2.68315008e-01	7.86130913e-02
562             	9.48259021e-02	1.65745292e-02	3.47072165e-01	2.68361985e-01	7.87101804e-02
563             	9.48009627e-02	1.65617775e-02	3.47216120e-01	2.68409023e-01	7.88070974e-02
564             	9.47761343e-02	1.65489647e-02	3.47359603e-01	2.68455936e-01	7.89036673e-02
565             	9.47513879e-02	1.65361152e-02	3.47502248e-01	2.68502512e-01	7.89997361e-02
566             	9.47267033e-02	1.65232531e-02	3.47643816e-01	2.68548611e-01	7.90952046e-02
567             	9.47020874e-02	1.65103946e-02	3.47784261e-01	2.68594218e-01	7.91900433e-02
568             	9.46775370e-02	1.64975455e-02	3.47923626e-01	2.68639350e-01	7.92842761e-02
569             	9.46533423e-02	1.64856575e-02	3.48055113e-01	2.68680899e-01	7.93742143e-02
570             	9.46286602e-02	1.64725635e-02	3.48194608e-01	2.68725964e-01	7.94686436e-02
571             	9.46043882e-02	1.64603632e-02	3.48327209e-01	2.68767992e-01	7.95592161e-02
572             	9.45796659e-02	1.64469248e-02	3.48468183e-01	2.68813757e-01	7.96544258e-02
573             	9.45551430e-02	1.64334579e-02	3.48609062e-01	2.68859674e-01	7.97493879e-02
574             	9.45312719e-02	1.64210165e-02	3.48742453e-01	2.68902498e-01	7.98399544e-02
575             	9.45074689e-02	1.64084306e-02	3.48876448e-01	2.68945693e-01	7.99307548e-02
576             	9.44837004e-02	1.63956617e-02	3.49011282e-01	2.68989341e-01	8.00219406e-02
577             	9.44595693e-02	1.63817050e-02	3.49153644e-01	2.69036391e-01	8.01172528e-02
578             	9.44361465e-02	1.63688122e-02	3.49288149e-01	2.69080221e-01	8.02079281e-02
579             	9.44128083e-02	1.63558379e-02	3.49422351e-01	2.69123984e-01	8.02983670e-02
580             	9.43894989e-02	1.63427735e-02	3.49556267e-01	2.69167632e-01	8.03886348e-02
581             	9.43662059e-02	1.63296207e-02	3.49689920e-01	2.69211166e-01	8.04787540e-02
582             	9.43429441e-02	1.63163940e-02	3.49823292e-01	2.69254590e-01	8.05687020e-02
583             	9.43197415e-02	1.63031142e-02	3.49956338e-01	2.69297910e-01	8.06584273e-02
584             	9.42966346e-02	1.62898090e-02	3.50089011e-01	2.69341140e-01	8.07478707e-02
585             	9.42736480e-02	1.62765055e-02	3.50221252e-01	2.69384274e-01	8.08369779e-02
586             	9.42507955e-02	1.62632288e-02	3.50352999e-01	2.69427295e-01	8.09257042e-02
587             	9.42280858e-02	1.62499979e-02	3.50484224e-01	2.69470198e-01	8.10140264e-02
588             	9.42055134e-02	1.62368201e-02	3.50614914e-01	2.69512970e-01	8.11019436e-02
589             	9.41830591e-02	1.62236931e-02	3.50745052e-01	2.69555585e-01	8.11894668e-02
590             	9.41607092e-02	1.62106117e-02	3.50874646e-01	2.69598032e-01	8.12766140e-02
591             	9.41384544e-02	1.61975687e-02	3.51003713e-01	2.69640311e-01	8.13634021e-02
592             	9.41162881e-02	1.61845559e-02	3.51132276e-01	2.69682426e-01	8.14498497e-02
593             	9.40942138e-02	1.61715634e-02	3.51260387e-01	2.69724408e-01	8.15359799e-02
594             	9.40727614e-02	1.61592991e-02	3.51381852e-01	2.69763687e-01	8.16181645e-02
595             	9.40506171e-02	1.61460804e-02	3.51511445e-01	2.69806339e-01	8.17051052e-02
596             	9.40291718e-02	1.61335700e-02	3.51634700e-01	2.69846522e-01	8.17881782e-02
597             	9.40071184e-02	1.61200928e-02	3.51766114e-01	2.69890175e-01	8.18759385e-02
598             	9.39859290e-02	1.61074009e-02	3.51890702e-01	2.69931280e-01	8.19594222e-02
599             	9.39648163e-02	1.60945654e-02	3.52016495e-01	2.69973064e-01	8.20434311e-02
600             	9.39438161e-02	1.60816075e-02	3.52143396e-01	2.70015514e-01	8.21278820e-02
601             	9.39229738e-02	1.60685682e-02	3.52271122e-01	2.70058535e-01	8.22125871e-02
602             	9.39023353e-02	1.60554980e-02	3.52399270e-01	2.70101970e-01	8.22972997e-02
603             	9.38819347e-02	1.60424484e-02	3.52527406e-01	2.70145638e-01	8.23817685e-02
604             	9.38618000e-02	1.60294694e-02	3.52655163e-01	2.70189382e-01	8.24657817e-02
605             	9.38419407e-02	1.60166024e-02	3.52782254e-01	2.70233068e-01	8.25491863e-02
606             	9.38223446e-02	1.60038755e-02	3.52908497e-01	2.70276593e-01	8.26319039e-02
607             	9.38029911e-02	1.59912996e-02	3.53033857e-01	2.70319920e-01	8.27139375e-02
608             	9.37838597e-02	1.59788709e-02	3.53158420e-01	2.70363070e-01	8.27953504e-02
609             	9.37649184e-02	1.59665730e-02	3.53282338e-01	2.70406088e-01	8.28762509e-02
610             	9.37461334e-02	1.59543818e-02	3.53405799e-01	2.70449033e-01	8.29567663e-02
611             	9.37274830e-02	1.59422760e-02	3.53528998e-01	2.70491982e-01	8.30370163e-02
612             	9.37089672e-02	1.59302329e-02	3.53652137e-01	2.70535036e-01	8.31171016e-02
613             	9.36906040e-02	1.59182326e-02	3.53775392e-01	2.70578300e-01	8.31970922e-02
614             	9.36724260e-02	1.59062611e-02	3.53898888e-01	2.70621870e-01	8.32770183e-02
615             	9.36544842e-02	1.58943147e-02	3.54022705e-01	2.70665837e-01	8.33568683e-02
616             	9.36368461e-02	1.58823988e-02	3.54146925e-01	2.70710308e-01	8.34366162e-02
617             	9.36195703e-02	1.58705271e-02	3.54271565e-01	2.70755353e-01	8.35162123e-02
618             	9.36026756e-02	1.58586977e-02	3.54396636e-01	2.70800994e-01	8.35956426e-02
619             	9.35861668e-02	1.58469276e-02	3.54521970e-01	2.70847152e-01	8.36748180e-02
620             	9.35700282e-02	1.58352202e-02	3.54647451e-01	2.70893754e-01	8.37536971e-02
621             	9.35542465e-02	1.58235834e-02	3.54772999e-01	2.70940746e-01	8.38322531e-02
622             	9.35387961e-02	1.58120200e-02	3.54898582e-01	2.70988087e-01	8.39104950e-02
623             	9.35236326e-02	1.58005266e-02	3.55024141e-01	2.71035703e-01	8.39884381e-02
624             	9.35087126e-02	1.57890956e-02	3.55149621e-01	2.71083523e-01	8.40660981e-02
625             	9.34939993e-02	1.57777203e-02	3.55274995e-01	2.71131497e-01	8.41434980e-02
626             	9.34794797e-02	1.57663990e-02	3.55400287e-01	2.71179623e-01	8.42206638e-02
627             	9.34651579e-02	1.57551296e-02	3.55525555e-01	2.71227935e-01	8.42976195e-02
628             	9.34510457e-02	1.57439071e-02	3.55650862e-01	2.71276477e-01	8.43743852e-02
629             	9.34371587e-02	1.57327302e-02	3.55776263e-01	2.71325290e-01	8.44509726e-02
630             	9.34235150e-02	1.57216044e-02	3.55901775e-01	2.71374402e-01	8.45273725e-02
631             	9.34101273e-02	1.57105365e-02	3.56027396e-01	2.71423825e-01	8.46035705e-02
632             	9.33969954e-02	1.56995248e-02	3.56153103e-01	2.71473547e-01	8.46795562e-02
633             	9.33841095e-02	1.56885601e-02	3.56278875e-01	2.71523547e-01	8.47553282e-02
634             	9.33714508e-02	1.56776372e-02	3.56404644e-01	2.71573773e-01	8.48308713e-02
635             	9.33589963e-02	1.56667562e-02	3.56530313e-01	2.71624153e-01	8.49061601e-02
636             	9.33467255e-02	1.56559165e-02	3.56655816e-01	2.71674633e-01	8.49811823e-02
637             	9.33346164e-02	1.56451071e-02	3.56781140e-01	2.71725186e-01	8.50559535e-02
638             	9.33221781e-02	1.56336969e-02	3.56912562e-01	2.71778459e-01	8.51341031e-02
639             	9.33101893e-02	1.56226150e-02	3.57041016e-01	2.71830697e-01	8.52103184e-02
640             	9.32985916e-02	1.56118434e-02	3.57166572e-01	2.71881878e-01	8.52846943e-02
641             	9.32872848e-02	1.56013407e-02	3.57289520e-01	2.71932045e-01	8.53574752e-02
642             	9.32761297e-02	1.55910125e-02	3.57410553e-01	2.71981406e-01	8.54291466e-02
643             	9.32649989e-02	1.55807630e-02	3.57530411e-01	2.72030204e-01	8.55002067e-02
644             	9.32538008e-02	1.55705096e-02	3.57649830e-01	2.72078716e-01	8.55711141e-02
645             	9.32424949e-02	1.55601927e-02	3.57769438e-01	2.72127214e-01	8.56422243e-02
646             	9.32306876e-02	1.55492055e-02	3.57893155e-01	2.72177265e-01	8.57158899e-02
647             	9.32189865e-02	1.55382615e-02	3.58016929e-01	2.72227451e-01	8.57894781e-02
648             	9.32074918e-02	1.55274235e-02	3.58140423e-01	2.72277703e-01	8.58627196e-02
649             	9.31962580e-02	1.55167426e-02	3.58263304e-01	2.72327910e-01	8.59353942e-02
650             	9.31856605e-02	1.55067712e-02	3.58382148e-01	2.72376734e-01	8.60054135e-02
651             	9.31747567e-02	1.54963103e-02	3.58504033e-01	2.72426773e-01	8.60772599e-02
652             	9.31643715e-02	1.54864838e-02	3.58622227e-01	2.72475485e-01	8.61467422e-02
653             	9.31535905e-02	1.54761220e-02	3.58743615e-01	2.72525398e-01	8.62182170e-02
654             	9.31432682e-02	1.54663541e-02	3.58861387e-01	2.72573962e-01	8.62874256e-02
655             	9.31325002e-02	1.54560260e-02	3.58982341e-01	2.72623671e-01	8.63586705e-02
656             	9.31221884e-02	1.54462829e-02	3.59099619e-01	2.72671998e-01	8.64276213e-02
657             	9.31114224e-02	1.54359848e-02	3.59219950e-01	2.72721398e-01	8.64985528e-02
658             	9.31011289e-02	1.54262786e-02	3.59336539e-01	2.72769398e-01	8.65671406e-02
659             	9.30903884e-02	1.54160196e-02	3.59456155e-01	2.72818466e-01	8.66376893e-02
660             	9.30801592e-02	1.54063523e-02	3.59572086e-01	2.72866202e-01	8.67058837e-02
661             	9.30695034e-02	1.53961422e-02	3.59691018e-01	2.72915012e-01	8.67760055e-02
662             	9.30593837e-02	1.53865317e-02	3.59806293e-01	2.72962530e-01	8.68437630e-02
663             	9.30492802e-02	1.53769231e-02	3.59921382e-01	2.73009971e-01	8.69114108e-02
664             	9.30391793e-02	1.53672893e-02	3.60036608e-01	2.73057483e-01	8.69791246e-02
665             	9.30290891e-02	1.53576238e-02	3.60152136e-01	2.73105157e-01	8.70469786e-02
666             	9.30190349e-02	1.53479440e-02	3.60267930e-01	2.73153000e-01	8.71149300e-02
667             	9.30090351e-02	1.53382671e-02	3.60383937e-01	2.73201004e-01	8.71829335e-02
668             	9.29991117e-02	1.53286170e-02	3.60500013e-01	2.73249118e-01	8.72508947e-02
669             	9.29892908e-02	1.53190150e-02	3.60616013e-01	2.73297297e-01	8.73187155e-02
670             	9.29795900e-02	1.53094781e-02	3.60731794e-01	2.73345487e-01	8.73863068e-02
671             	9.29700129e-02	1.53000141e-02	3.60847230e-01	2.73393628e-01	8.74536021e-02
672             	9.29610541e-02	1.52910955e-02	3.60957361e-01	2.73439735e-01	8.75176264e-02
673             	9.29519278e-02	1.52820116e-02	3.61069155e-01	2.73486506e-01	8.75826499e-02
674             	9.29426302e-02	1.52727423e-02	3.61182679e-01	2.73533970e-01	8.76487093e-02
675             	9.29331747e-02	1.52632902e-02	3.61297785e-01	2.73582067e-01	8.77157178e-02
676             	9.29236319e-02	1.52537146e-02	3.61413911e-01	2.73630588e-01	8.77833238e-02
677             	9.29140897e-02	1.52440941e-02	3.61530408e-01	2.73679294e-01	8.78511142e-02
678             	9.29046352e-02	1.52345189e-02	3.61646555e-01	2.73727913e-01	8.79186423e-02
679             	9.28957687e-02	1.52256155e-02	3.61758183e-01	2.73774860e-01	8.79833227e-02
680             	9.28870142e-02	1.52168601e-02	3.61868263e-01	2.73821146e-01	8.80471171e-02
681             	9.28782737e-02	1.52081466e-02	3.61977779e-01	2.73867163e-01	8.81106157e-02
682             	9.28694911e-02	1.51994007e-02	3.62087438e-01	2.73913210e-01	8.81742276e-02
683             	9.28602022e-02	1.51900275e-02	3.62201224e-01	2.73960814e-01	8.82404099e-02
684             	9.28514195e-02	1.51812351e-02	3.62311476e-01	2.74007158e-01	8.83043186e-02
685             	9.28426657e-02	1.51724411e-02	3.62421723e-01	2.74053527e-01	8.83681958e-02
686             	9.28339259e-02	1.51636134e-02	3.62532331e-01	2.74100092e-01	8.84322398e-02
687             	9.28252091e-02	1.51547464e-02	3.62643428e-01	2.74146923e-01	8.84965049e-02
688             	9.28165360e-02	1.51458507e-02	3.62754972e-01	2.74194022e-01	8.85609502e-02
689             	9.28079280e-02	1.51369433e-02	3.62866806e-01	2.74241331e-01	8.86254748e-02
690             	9.27994041e-02	1.51280463e-02	3.62978695e-01	2.74288752e-01	8.86899434e-02
691             	9.27909701e-02	1.51191841e-02	3.63090380e-01	2.74336160e-01	8.87542196e-02
692             	9.27826243e-02	1.51103764e-02	3.63201639e-01	2.74383444e-01	8.88181952e-02
693             	9.27743527e-02	1.51016344e-02	3.63312301e-01	2.74430503e-01	8.88817976e-02
694             	9.27661349e-02	1.50929586e-02	3.63422264e-01	2.74477267e-01	8.89449971e-02
695             	9.27579471e-02	1.50843422e-02	3.63531517e-01	2.74523706e-01	8.90078113e-02
696             	9.27497736e-02	1.50757784e-02	3.63640113e-01	2.74569830e-01	8.90702831e-02
697             	9.27415988e-02	1.50672563e-02	3.63748182e-01	2.74615690e-01	8.91324920e-02
698             	9.27330169e-02	1.50581912e-02	3.63859813e-01	2.74662923e-01	8.91968894e-02
699             	9.27249408e-02	1.50498318e-02	3.63966554e-01	2.74708218e-01	8.92583360e-02
700             	9.27168977e-02	1.50415354e-02	3.64072701e-01	2.74753248e-01	8.93194527e-02
701             	9.27088612e-02	1.50332652e-02	3.64178647e-01	2.74798185e-01	8.93804621e-02
702             	9.27004517e-02	1.50244331e-02	3.64288638e-01	2.74844771e-01	8.94438672e-02
703             	9.26921650e-02	1.50157002e-02	3.64398196e-01	2.74891263e-01	8.95069332e-02
704             	9.26840398e-02	1.50071055e-02	3.64506971e-01	2.74937525e-01	8.95694458e-02
705             	9.26760740e-02	1.49986565e-02	3.64614815e-01	2.74983482e-01	8.96313335e-02
706             	9.26682355e-02	1.49903503e-02	3.64721589e-01	2.75029030e-01	8.96925588e-02
707             	9.26607711e-02	1.49826672e-02	3.64823719e-01	2.75072630e-01	8.97510883e-02
708             	9.26528952e-02	1.49744610e-02	3.64929204e-01	2.75117497e-01	8.98117070e-02
709             	9.26449447e-02	1.49662410e-02	3.65034685e-01	2.75162287e-01	8.98723979e-02
710             	9.26369341e-02	1.49580009e-02	3.65140192e-01	2.75207030e-01	8.99331617e-02
711             	9.26289049e-02	1.49497594e-02	3.65245573e-01	2.75251691e-01	8.99938816e-02
712             	9.26208929e-02	1.49415323e-02	3.65350768e-01	2.75296277e-01	9.00544913e-02
713             	9.26129224e-02	1.49333346e-02	3.65455735e-01	2.75340790e-01	9.01149452e-02
714             	9.26049996e-02	1.49251716e-02	3.65560456e-01	2.75385227e-01	9.01752283e-02
715             	9.25971176e-02	1.49170410e-02	3.65664928e-01	2.75429582e-01	9.02353464e-02
716             	9.25892696e-02	1.49089377e-02	3.65769160e-01	2.75473850e-01	9.02953105e-02
717             	9.25814478e-02	1.49008515e-02	3.65873197e-01	2.75518046e-01	9.03551508e-02
718             	9.25736449e-02	1.48927723e-02	3.65977084e-01	2.75562187e-01	9.04148970e-02
719             	9.25658526e-02	1.48846951e-02	3.66080821e-01	2.75606263e-01	9.04745580e-02
720             	9.25580633e-02	1.48766231e-02	3.66184344e-01	2.75650235e-01	9.05341088e-02
721             	9.25502669e-02	1.48685636e-02	3.66287553e-01	2.75694043e-01	9.05935096e-02
722             	9.25424523e-02	1.48605193e-02	3.66390416e-01	2.75737660e-01	9.06527559e-02
723             	9.25346094e-02	1.48524933e-02	3.66492913e-01	2.75781066e-01	9.07118473e-02
724             	9.25267325e-02	1.48444882e-02	3.66595043e-01	2.75824254e-01	9.07707892e-02
725             	9.25188185e-02	1.48365033e-02	3.66696832e-01	2.75867234e-01	9.08295975e-02
726             	9.25107078e-02	1.48281541e-02	3.66802811e-01	2.75912113e-01	9.08906978e-02
727             	9.25026914e-02	1.48200473e-02	3.66906125e-01	2.75955754e-01	9.09503711e-02
728             	9.24947455e-02	1.48121423e-02	3.67007178e-01	2.75998334e-01	9.10088434e-02
729             	9.24868339e-02	1.48043937e-02	3.67106428e-01	2.76040048e-01	9.10663800e-02
730             	9.24789224e-02	1.47967455e-02	3.67204456e-01	2.76081150e-01	9.11233054e-02
731             	9.24709835e-02	1.47891395e-02	3.67301877e-01	2.76121922e-01	9.11799551e-02
732             	9.24630009e-02	1.47815241e-02	3.67399250e-01	2.76162626e-01	9.12366244e-02
733             	9.24548091e-02	1.47734408e-02	3.67500219e-01	2.76204919e-01	9.12953002e-02
734             	9.24466627e-02	1.47653879e-02	3.67601071e-01	2.76247198e-01	9.13538730e-02
735             	9.24385804e-02	1.47573918e-02	3.67701524e-01	2.76289342e-01	9.14121816e-02
736             	9.24306896e-02	1.47498755e-02	3.67798198e-01	2.76329788e-01	9.14684093e-02
737             	9.24226035e-02	1.47419295e-02	3.67897958e-01	2.76371583e-01	9.15263757e-02
738             	9.24145036e-02	1.47340217e-02	3.67997277e-01	2.76413142e-01	9.15841349e-02
739             	9.24065175e-02	1.47265650e-02	3.68092876e-01	2.76452956e-01	9.16399206e-02
740             	9.23983091e-02	1.47186745e-02	3.68191450e-01	2.76494034e-01	9.16974157e-02
741             	9.23900741e-02	1.47108111e-02	3.68289589e-01	2.76534868e-01	9.17547203e-02
742             	9.23818273e-02	1.47029940e-02	3.68387098e-01	2.76575376e-01	9.18117216e-02
743             	9.23735777e-02	1.46952334e-02	3.68483889e-01	2.76615522e-01	9.18683666e-02
744             	9.23653235e-02	1.46875281e-02	3.68579977e-01	2.76655312e-01	9.19246647e-02
745             	9.23571688e-02	1.46802505e-02	3.68672528e-01	2.76693433e-01	9.19790949e-02
746             	9.23487996e-02	1.46725351e-02	3.68768052e-01	2.76732826e-01	9.20352266e-02
747             	9.23403948e-02	1.46648020e-02	3.68863605e-01	2.76772197e-01	9.20914075e-02
748             	9.23319791e-02	1.46570652e-02	3.68959091e-01	2.76811525e-01	9.21475663e-02
749             	9.23235713e-02	1.46493410e-02	3.69054387e-01	2.76850765e-01	9.22036223e-02
750             	9.23152852e-02	1.46420242e-02	3.69146471e-01	2.76888521e-01	9.22579505e-02
751             	9.23068448e-02	1.46342803e-02	3.69241619e-01	2.76927654e-01	9.23139649e-02
752             	9.22984107e-02	1.46265447e-02	3.69336668e-01	2.76966745e-01	9.23699232e-02
753             	9.22900872e-02	1.46192276e-02	3.69428378e-01	2.77004276e-01	9.24241019e-02
754             	9.22815986e-02	1.46114843e-02	3.69523092e-01	2.77043145e-01	9.24799474e-02
755             	9.22730922e-02	1.46037631e-02	3.69617458e-01	2.77081821e-01	9.25356367e-02
756             	9.22645742e-02	1.45960857e-02	3.69711235e-01	2.77120192e-01	9.25910434e-02
757             	9.22561377e-02	1.45888447e-02	3.69801363e-01	2.77156819e-01	9.26445440e-02
758             	9.22475261e-02	1.45811955e-02	3.69894223e-01	2.77194638e-01	9.26995857e-02
759             	9.22389814e-02	1.45739567e-02	3.69983707e-01	2.77230835e-01	9.27528721e-02
760             	9.22302532e-02	1.45662773e-02	3.70076244e-01	2.77268375e-01	9.28078689e-02
761             	9.22215992e-02	1.45589984e-02	3.70165525e-01	2.77304362e-01	9.28611633e-02
762             	9.22127741e-02	1.45512766e-02	3.70257896e-01	2.77341722e-01	9.29161741e-02
763             	9.22040364e-02	1.45439690e-02	3.70346919e-01	2.77377496e-01	9.29694233e-02
764             	9.21952377e-02	1.45366285e-02	3.70435887e-01	2.77413181e-01	9.30227059e-02
765             	9.21862843e-02	1.45288512e-02	3.70527944e-01	2.77450256e-01	9.30776875e-02
766             	9.21773572e-02	1.45211278e-02	3.70619449e-01	2.77487082e-01	9.31323674e-02
767             	9.21685620e-02	1.45138831e-02	3.70707098e-01	2.77522111e-01	9.31849868e-02
768             	9.21597304e-02	1.45066486e-02	3.70794319e-01	2.77556890e-01	9.32374290e-02
769             	9.21508338e-02	1.44993884e-02	3.70881428e-01	2.77591548e-01	9.32898803e-02
770             	9.21418586e-02	1.44920817e-02	3.70968617e-01	2.77626167e-01	9.33424500e-02
771             	9.21328058e-02	1.44847232e-02	3.71055947e-01	2.77660779e-01	9.33951677e-02
772             	9.21236843e-02	1.44773205e-02	3.71143375e-01	2.77695372e-01	9.34480030e-02
773             	9.21145110e-02	1.44698889e-02	3.71230796e-01	2.77729909e-01	9.35008868e-02
774             	9.21053043e-02	1.44624470e-02	3.71318071e-01	2.77764340e-01	9.35537312e-02
775             	9.20960801e-02	1.44550132e-02	3.71405049e-01	2.77798605e-01	9.36064445e-02
776             	9.20868471e-02	1.44476018e-02	3.71491606e-01	2.77832650e-01	9.36589557e-02
777             	9.20776047e-02	1.44402218e-02	3.71577647e-01	2.77866428e-01	9.37112188e-02
778             	9.20683440e-02	1.44328752e-02	3.71663103e-01	2.77899895e-01	9.37632072e-02
779             	9.20590505e-02	1.44255562e-02	3.71747970e-01	2.77933036e-01	9.38149347e-02
780             	9.20498058e-02	1.44186537e-02	3.71827767e-01	2.77963689e-01	9.38640779e-02
781             	9.20403841e-02	1.44116019e-02	3.71908703e-01	2.77994736e-01	9.39139677e-02
782             	9.20307041e-02	1.44039703e-02	3.71995652e-01	2.78028530e-01	9.39671218e-02
783             	9.20211350e-02	1.43967632e-02	3.72077613e-01	2.78059942e-01	9.40176715e-02
784             	9.20115059e-02	1.43894556e-02	3.72160432e-01	2.78091722e-01	9.40687102e-02
785             	9.20018516e-02	1.43820729e-02	3.72243942e-01	2.78123822e-01	9.41201192e-02
786             	9.19922017e-02	1.43746439e-02	3.72327897e-01	2.78156150e-01	9.41717468e-02
787             	9.19825801e-02	1.43672113e-02	3.72411880e-01	2.78188520e-01	9.42233599e-02
788             	9.19729925e-02	1.43598104e-02	3.72495486e-01	2.78220735e-01	9.42747503e-02
789             	9.19634264e-02	1.43524668e-02	3.72578361e-01	2.78252607e-01	9.43257541e-02
790             	9.19538586e-02	1.43451947e-02	3.72660257e-01	2.78283987e-01	9.43762699e-02
791             	9.19442593e-02	1.43379930e-02	3.72741084e-01	2.78314801e-01	9.44262826e-02
792             	9.19346009e-02	1.43308504e-02	3.72820887e-01	2.78345044e-01	9.44758425e-02
793             	9.19248612e-02	1.43237504e-02	3.72899805e-01	2.78374764e-01	9.45250415e-02
794             	9.19150275e-02	1.43166729e-02	3.72978051e-01	2.78404053e-01	9.45739982e-02
795             	9.19050971e-02	1.43095990e-02	3.73055872e-01	2.78433033e-01	9.46228389e-02
796             	9.18952279e-02	1.43029245e-02	3.73130688e-01	2.78460572e-01	9.46701159e-02
797             	9.18852140e-02	1.42961758e-02	3.73205718e-01	2.78488073e-01	9.47176450e-02
798             	9.18750543e-02	1.42893036e-02	3.73281540e-01	2.78515824e-01	9.47657159e-02
799             	9.18647830e-02	1.42822894e-02	3.73358463e-01	2.78544015e-01	9.48144486e-02
800             	9.18544710e-02	1.42751651e-02	3.73436329e-01	2.78572636e-01	9.48636936e-02
801             	9.18441833e-02	1.42679666e-02	3.73514899e-01	2.78601633e-01	9.49132664e-02
802             	9.18338030e-02	1.42602911e-02	3.73596884e-01	2.78632245e-01	9.49646388e-02
803             	9.18237894e-02	1.42531576e-02	3.73675208e-01	2.78661393e-01	9.50138146e-02
804             	9.18137214e-02	1.42456452e-02	3.73755799e-01	2.78691621e-01	9.50641781e-02
805             	9.18039564e-02	1.42387208e-02	3.73831920e-01	2.78719916e-01	9.51120035e-02
806             	9.17941651e-02	1.42318464e-02	3.73906902e-01	2.78747616e-01	9.51592858e-02
807             	9.17842533e-02	1.42249704e-02	3.73980995e-01	2.78774751e-01	9.52062443e-02
808             	9.17739762e-02	1.42176019e-02	3.74057440e-01	2.78802696e-01	9.52547439e-02
809             	9.17636054e-02	1.42102826e-02	3.74132805e-01	2.78830008e-01	9.53027971e-02
810             	9.17531623e-02	1.42030375e-02	3.74207026e-01	2.78856675e-01	9.53503506e-02
811             	9.17426665e-02	1.41958878e-02	3.74280126e-01	2.78882730e-01	9.53973967e-02
812             	9.17321231e-02	1.41888336e-02	3.74352285e-01	2.78908266e-01	9.54440196e-02
813             	9.17215278e-02	1.41818572e-02	3.74423790e-01	2.78933423e-01	9.54903674e-02
814             	9.17108784e-02	1.41749384e-02	3.74494926e-01	2.78958341e-01	9.55365846e-02
815             	9.17001760e-02	1.41680525e-02	3.74565948e-01	2.78983150e-01	9.55827982e-02
816             	9.16894289e-02	1.41611828e-02	3.74637019e-01	2.79007938e-01	9.56290805e-02
817             	9.16786541e-02	1.41543206e-02	3.74708210e-01	2.79032759e-01	9.56754510e-02
818             	9.16678675e-02	1.41474603e-02	3.74779528e-01	2.79057631e-01	9.57218964e-02
819             	9.16570827e-02	1.41406050e-02	3.74850859e-01	2.79082512e-01	9.57683466e-02
820             	9.16462882e-02	1.41337235e-02	3.74922381e-01	2.79107478e-01	9.58149021e-02
821             	9.16355038e-02	1.41268462e-02	3.74993731e-01	2.79132369e-01	9.58613617e-02
822             	9.16247283e-02	1.41199755e-02	3.75064782e-01	2.79157119e-01	9.59076629e-02
823             	9.16140088e-02	1.41131383e-02	3.75135310e-01	2.79181664e-01	9.59536463e-02
824             	9.16033591e-02	1.41063958e-02	3.75204754e-01	2.79205736e-01	9.59990178e-02
825             	9.15930575e-02	1.41002398e-02	3.75268996e-01	2.79227555e-01	9.60414406e-02
826             	9.15825466e-02	1.40948232e-02	3.75325504e-01	2.79245299e-01	9.60802056e-02
827             	9.15718340e-02	1.40888904e-02	3.75386226e-01	2.79264947e-01	9.61212792e-02
828             	9.15602021e-02	1.40824823e-02	3.75449725e-01	2.79285064e-01	9.61646602e-02
829             	9.15487282e-02	1.40757171e-02	3.75516800e-01	2.79307128e-01	9.62096718e-02
830             	9.15366675e-02	1.40686938e-02	3.75585384e-01	2.79329360e-01	9.62560247e-02
831             	9.15251208e-02	1.40614972e-02	3.75656664e-01	2.79353453e-01	9.63032113e-02
832             	9.15134759e-02	1.40543358e-02	3.75727629e-01	2.79377290e-01	9.63503383e-02
833             	9.15025995e-02	1.40472881e-02	3.75799130e-01	2.79402164e-01	9.63969653e-02
834             	9.14916536e-02	1.40404749e-02	3.75868352e-01	2.79425830e-01	9.64425224e-02
835             	9.14813160e-02	1.40338330e-02	3.75936939e-01	2.79449786e-01	9.64871537e-02
836             	9.14707215e-02	1.40274114e-02	3.76002655e-01	2.79472049e-01	9.65306061e-02
837             	9.14601215e-02	1.40215035e-02	3.76062837e-01	2.79491540e-01	9.65712968e-02
838             	9.14509178e-02	1.40164243e-02	3.76117503e-01	2.79509669e-01	9.66078336e-02
839             	9.14394760e-02	1.40101332e-02	3.76178452e-01	2.79528702e-01	9.66497498e-02
840             	9.14279562e-02	1.40039330e-02	3.76238290e-01	2.79547101e-01	9.66911890e-02
841             	9.14163156e-02	1.39977089e-02	3.76298216e-01	2.79565424e-01	9.67327927e-02
842             	9.14045658e-02	1.39914160e-02	3.76358903e-01	2.79584017e-01	9.67748857e-02
843             	9.13927831e-02	1.39850329e-02	3.76420877e-01	2.79603222e-01	9.68176556e-02
844             	9.13808950e-02	1.39781655e-02	3.76488743e-01	2.79625267e-01	9.68634767e-02
845             	9.13689239e-02	1.39713009e-02	3.76557075e-01	2.79647462e-01	9.69096137e-02
846             	9.13574592e-02	1.39649461e-02	3.76621006e-01	2.79667962e-01	9.69530435e-02
847             	9.13464373e-02	1.39588530e-02	3.76683628e-01	2.79688252e-01	9.69953770e-02
848             	9.13352306e-02	1.39525553e-02	3.76749098e-01	2.79709780e-01	9.70393186e-02
849             	9.13247223e-02	1.39466655e-02	3.76810630e-01	2.79730037e-01	9.70805928e-02
850             	9.13143554e-02	1.39409285e-02	3.76870537e-01	2.79749624e-01	9.71209130e-02
851             	9.13039733e-02	1.39352473e-02	3.76929269e-01	2.79768608e-01	9.71606614e-02
852             	9.12933683e-02	1.39295248e-02	3.76987286e-01	2.79787011e-01	9.72002745e-02
853             	9.12819603e-02	1.39233256e-02	3.77048510e-01	2.79806215e-01	9.72422948e-02
854             	9.12708056e-02	1.39174012e-02	3.77105910e-01	2.79823760e-01	9.72821491e-02
855             	9.12589715e-02	1.39110625e-02	3.77166310e-01	2.79842127e-01	9.73241837e-02
856             	9.12475657e-02	1.39050681e-02	3.77223054e-01	2.79859093e-01	9.73639613e-02
857             	9.12356325e-02	1.38987333e-02	3.77282828e-01	2.79877047e-01	9.74057816e-02
858             	9.12242064e-02	1.38927671e-02	3.77339345e-01	2.79893879e-01	9.74454661e-02
859             	9.12129556e-02	1.38869358e-02	3.77395233e-01	2.79910572e-01	9.74846607e-02
860             	9.12012302e-02	1.38807916e-02	3.77454354e-01	2.79928407e-01	9.75259468e-02
861             	9.11901230e-02	1.38749848e-02	3.77510724e-01	2.79945485e-01	9.75652391e-02
862             	9.11791637e-02	1.38692927e-02	3.77566457e-01	2.79962392e-01	9.76040647e-02
863             	9.11676937e-02	1.38632677e-02	3.77625273e-01	2.79980330e-01	9.76449429e-02
864             	9.11567411e-02	1.38575447e-02	3.77681145e-01	2.79997314e-01	9.76838315e-02
865             	9.11453636e-02	1.38515301e-02	3.77739589e-01	2.80015158e-01	9.77244308e-02
866             	9.11344478e-02	1.38458108e-02	3.77794929e-01	2.80031912e-01	9.77630165e-02
867             	9.11231300e-02	1.38398161e-02	3.77852574e-01	2.80049417e-01	9.78031570e-02
868             	9.11121421e-02	1.38341092e-02	3.77907028e-01	2.80065656e-01	9.78413717e-02
869             	9.11008077e-02	1.38281699e-02	3.77963433e-01	2.80082524e-01	9.78809086e-02
870             	9.10897731e-02	1.38224927e-02	3.78016879e-01	2.80098213e-01	9.79186666e-02
871             	9.10788829e-02	1.38169494e-02	3.78069111e-01	2.80113438e-01	9.79556727e-02
872             	9.10674490e-02	1.38110774e-02	3.78123856e-01	2.80129377e-01	9.79944790e-02
873             	9.10557733e-02	1.38050670e-02	3.78179094e-01	2.80145320e-01	9.80337739e-02
874             	9.10444783e-02	1.37992955e-02	3.78231869e-01	2.80160413e-01	9.80714561e-02
875             	9.10329498e-02	1.37933901e-02	3.78285935e-01	2.80175917e-01	9.81100178e-02
876             	9.10218446e-02	1.37877221e-02	3.78337749e-01	2.80190719e-01	9.81470302e-02
877             	9.10105144e-02	1.37819219e-02	3.78390922e-01	2.80205975e-01	9.81849464e-02
878             	9.09995374e-02	1.37763197e-02	3.78442163e-01	2.80220619e-01	9.82215441e-02
879             	9.09883180e-02	1.37705811e-02	3.78494781e-01	2.80235709e-01	9.82590726e-02
880             	9.09772950e-02	1.37649977e-02	3.78545636e-01	2.80250113e-01	9.82955229e-02
881             	9.09660543e-02	1.37592907e-02	3.78597756e-01	2.80264932e-01	9.83328234e-02
882             	9.09545552e-02	1.37534163e-02	3.78650723e-01	2.80279917e-01	9.83708061e-02
883             	9.09413286e-02	1.37460941e-02	3.78712985e-01	2.80297821e-01	9.84151639e-02
884             	9.09308210e-02	1.37409034e-02	3.78760840e-01	2.80311241e-01	9.84495988e-02
885             	9.09221012e-02	1.37366191e-02	3.78803741e-01	2.80323972e-01	9.84797695e-02
886             	9.09113441e-02	1.37313452e-02	3.78851305e-01	2.80336997e-01	9.85143083e-02
887             	9.09010034e-02	1.37263859e-02	3.78896637e-01	2.80349322e-01	9.85473151e-02
888             	9.08899700e-02	1.37209922e-02	3.78945007e-01	2.80362473e-01	9.85825334e-02
889             	9.08782152e-02	1.37152209e-02	3.78995274e-01	2.80375852e-01	9.86194218e-02
890             	9.08654613e-02	1.37088278e-02	3.79049112e-01	2.80390017e-01	9.86590946e-02
891             	9.08534748e-02	1.37030624e-02	3.79098886e-01	2.80402918e-01	9.86959680e-02
892             	9.08438467e-02	1.36981755e-02	3.79144731e-01	2.80416212e-01	9.87285190e-02
893             	9.08332572e-02	1.36928037e-02	3.79193320e-01	2.80429917e-01	9.87634030e-02
894             	9.08223416e-02	1.36875407e-02	3.79240279e-01	2.80442481e-01	9.87977978e-02
895             	9.08088661e-02	1.36802436e-02	3.79299803e-01	2.80458768e-01	9.88410355e-02
896             	9.07980910e-02	1.36744826e-02	3.79351037e-01	2.80473609e-01	9.88774274e-02
897             	9.07868378e-02	1.36685515e-02	3.79402439e-01	2.80488058e-01	9.89143819e-02
898             	9.07767750e-02	1.36633727e-02	3.79448977e-01	2.80501264e-01	9.89477135e-02
899             	9.07661701e-02	1.36579170e-02	3.79496243e-01	2.80514291e-01	9.89819512e-02
900             	9.07566917e-02	1.36532546e-02	3.79537925e-01	2.80525654e-01	9.90122710e-02
901             	9.07473777e-02	1.36488046e-02	3.79577848e-01	2.80536302e-01	9.90415464e-02
902             	9.07372797e-02	1.36438619e-02	3.79620930e-01	2.80547745e-01	9.90731853e-02
903             	9.07260809e-02	1.36384518e-02	3.79666095e-01	2.80559128e-01	9.91069664e-02
904             	9.07145192e-02	1.36327361e-02	3.79713068e-01	2.80571053e-01	9.91420148e-02
905             	9.07036109e-02	1.36279055e-02	3.79754092e-01	2.80580657e-01	9.91734349e-02
906             	9.06915470e-02	1.36218350e-02	3.79803954e-01	2.80593524e-01	9.92104301e-02
907             	9.06804222e-02	1.36167286e-02	3.79847651e-01	2.80604248e-01	9.92434035e-02
908             	9.06678404e-02	1.36103127e-02	3.79900501e-01	2.80618091e-01	9.92824101e-02
909             	9.06557011e-02	1.36041048e-02	3.79952455e-01	2.80631928e-01	9.93205262e-02
910             	9.06465383e-02	1.35994134e-02	3.79996254e-01	2.80644665e-01	9.93515886e-02
911             	9.06356687e-02	1.35938142e-02	3.80044584e-01	2.80657961e-01	9.93866232e-02
912             	9.06257749e-02	1.35889469e-02	3.80087902e-01	2.80669726e-01	9.94181761e-02
913             	9.06177955e-02	1.35848163e-02	3.80127302e-01	2.80681447e-01	9.94458554e-02
914             	9.06074357e-02	1.35794499e-02	3.80172285e-01	2.80693578e-01	9.94787066e-02
915             	9.05978747e-02	1.35749047e-02	3.80211391e-01	2.80703570e-01	9.95078210e-02
916             	9.05864175e-02	1.35690375e-02	3.80257514e-01	2.80715175e-01	9.95423396e-02
917             	9.05760878e-02	1.35637388e-02	3.80300681e-01	2.80726429e-01	9.95742529e-02
918             	9.05661773e-02	1.35592399e-02	3.80338076e-01	2.80735215e-01	9.96028608e-02
919             	9.05550651e-02	1.35536101e-02	3.80383068e-01	2.80746599e-01	9.96364689e-02
920             	9.05444380e-02	1.35483418e-02	3.80426281e-01	2.80757579e-01	9.96687026e-02
921             	9.05339563e-02	1.35432607e-02	3.80468569e-01	2.80768241e-01	9.97003280e-02
922             	9.05235518e-02	1.35382663e-02	3.80510602e-01	2.80778853e-01	9.97317494e-02
923             	9.05131715e-02	1.35333014e-02	3.80552720e-01	2.80789531e-01	9.97631883e-02
924             	9.05016015e-02	1.35279790e-02	3.80595960e-01	2.80799581e-01	9.97963783e-02
925             	9.04904530e-02	1.35225381e-02	3.80640860e-01	2.80810883e-01	9.98299773e-02
926             	9.04798050e-02	1.35169791e-02	3.80687417e-01	2.80823513e-01	9.98639035e-02
927             	9.04711651e-02	1.35124009e-02	3.80728835e-01	2.80835582e-01	9.98932522e-02
928             	9.04600652e-02	1.35064061e-02	3.80777258e-01	2.80848694e-01	9.99285636e-02
929             	9.04508739e-02	1.35017908e-02	3.80816814e-01	2.80859281e-01	9.99575331e-02
930             	9.04415134e-02	1.34971123e-02	3.80856115e-01	2.80869571e-01	9.99865440e-02
931             	9.04323446e-02	1.34927459e-02	3.80892787e-01	2.80878738e-01	1.00014049e-01
932             	9.04248272e-02	1.34890083e-02	3.80926993e-01	2.80888324e-01	1.00038669e-01
933             	9.04146919e-02	1.34839976e-02	3.80967099e-01	2.80898241e-01	1.00068858e-01
934             	9.04052582e-02	1.34793349e-02	3.81005703e-01	2.80908109e-01	1.00097593e-01
935             	9.03957252e-02	1.34747632e-02	3.81043544e-01	2.80917497e-01	1.00126047e-01
936             	9.03858629e-02	1.34700836e-02	3.81081984e-01	2.80926855e-01	1.00155129e-01
937             	9.03744672e-02	1.34649329e-02	3.81122133e-01	2.80935534e-01	1.00186599e-01
938             	9.03631640e-02	1.34595302e-02	3.81164940e-01	2.80945634e-01	1.00219306e-01
939             	9.03523290e-02	1.34539984e-02	3.81209956e-01	2.80957307e-01	1.00252649e-01
940             	9.03423302e-02	1.34487359e-02	3.81254289e-01	2.80969475e-01	1.00284814e-01
941             	9.03325269e-02	1.34435932e-02	3.81297780e-01	2.80981417e-01	1.00316363e-01
942             	9.03243459e-02	1.34392049e-02	3.81337311e-01	2.80993001e-01	1.00344309e-01
943             	9.03166820e-02	1.34352884e-02	3.81373303e-01	2.81003333e-01	1.00369969e-01
944             	9.03089150e-02	1.34314495e-02	3.81407958e-01	2.81012894e-01	1.00395064e-01
945             	9.03007400e-02	1.34274816e-02	3.81442561e-01	2.81022021e-01	1.00420541e-01
946             	9.02909366e-02	1.34229600e-02	3.81478579e-01	2.81030226e-01	1.00448353e-01
947             	9.02808759e-02	1.34180547e-02	3.81517064e-01	2.81039408e-01	1.00477656e-01
948             	9.02695798e-02	1.34121167e-02	3.81561543e-01	2.81050351e-01	1.00511192e-01
949             	9.02603557e-02	1.34071627e-02	3.81601870e-01	2.81061291e-01	1.00540580e-01
950             	9.02511514e-02	1.34023067e-02	3.81641572e-01	2.81071938e-01	1.00569635e-01
951             	9.02427969e-02	1.33979160e-02	3.81679268e-01	2.81082431e-01	1.00596837e-01
952             	9.02349932e-02	1.33940200e-02	3.81714047e-01	2.81092017e-01	1.00622030e-01
953             	9.02270942e-02	1.33902224e-02	3.81748125e-01	2.81101157e-01	1.00646968e-01
954             	9.02189298e-02	1.33863315e-02	3.81782734e-01	2.81110297e-01	1.00672437e-01
955             	9.02093581e-02	1.33819614e-02	3.81819123e-01	2.81118920e-01	1.00700204e-01
956             	9.01997342e-02	1.33772652e-02	3.81858138e-01	2.81128803e-01	1.00729335e-01
957             	9.01901458e-02	1.33721951e-02	3.81900128e-01	2.81140210e-01	1.00759918e-01
958             	9.01812478e-02	1.33673274e-02	3.81941389e-01	2.81151942e-01	1.00789447e-01
959             	9.01723969e-02	1.33625295e-02	3.81981801e-01	2.81163298e-01	1.00818504e-01
960             	9.01637240e-02	1.33580231e-02	3.82019853e-01	2.81173651e-01	1.00846203e-01
961             	9.01555746e-02	1.33537105e-02	3.82056893e-01	2.81184021e-01	1.00872872e-01
962             	9.01483739e-02	1.33498695e-02	3.82091417e-01	2.81194083e-01	1.00897335e-01
963             	9.01415381e-02	1.33466895e-02	3.82120990e-01	2.81202033e-01	1.00918957e-01
964             	9.01330509e-02	1.33424232e-02	3.82156790e-01	2.81211446e-01	1.00945344e-01
965             	9.01249524e-02	1.33381498e-02	3.82193240e-01	2.81221573e-01	1.00971668e-01
966             	9.01163828e-02	1.33336153e-02	3.82230964e-01	2.81231865e-01	1.00999099e-01
967             	9.01077959e-02	1.33291936e-02	3.82267753e-01	2.81241673e-01	1.01026081e-01
968             	9.00995909e-02	1.33248122e-02	3.82304953e-01	2.81252068e-01	1.01052886e-01
969             	9.00911658e-02	1.33204409e-02	3.82341952e-01	2.81262142e-01	1.01079810e-01
970             	9.00834274e-02	1.33165798e-02	3.82376115e-01	2.81271485e-01	1.01104630e-01
971             	9.00762399e-02	1.33126665e-02	3.82411791e-01	2.81282135e-01	1.01129655e-01
972             	9.00686970e-02	1.33086169e-02	3.82448216e-01	2.81292805e-01	1.01155411e-01
973             	9.00606249e-02	1.33044173e-02	3.82485087e-01	2.81303168e-01	1.01181919e-01
974             	9.00526832e-02	1.33001649e-02	3.82522557e-01	2.81313962e-01	1.01208595e-01
975             	9.00457885e-02	1.32964029e-02	3.82557337e-01	2.81324457e-01	1.01232880e-01
976             	9.00390690e-02	1.32928225e-02	3.82590643e-01	2.81334391e-01	1.01256253e-01
977             	9.00313237e-02	1.32889950e-02	3.82624279e-01	2.81343463e-01	1.01280816e-01
978             	9.00234430e-02	1.32849163e-02	3.82659774e-01	2.81353330e-01	1.01306444e-01
979             	9.00155072e-02	1.32805297e-02	3.82697800e-01	2.81364407e-01	1.01333393e-01
980             	9.00077163e-02	1.32761633e-02	3.82735801e-01	2.81375617e-01	1.01360184e-01
981             	9.00002908e-02	1.32720885e-02	3.82771777e-01	2.81386179e-01	1.01385597e-01
982             	8.99931947e-02	1.32681188e-02	3.82807462e-01	2.81396926e-01	1.01410536e-01
983             	8.99862751e-02	1.32643774e-02	3.82841432e-01	2.81406991e-01	1.01434441e-01
984             	8.99793484e-02	1.32605195e-02	3.82876433e-01	2.81417565e-01	1.01458868e-01
985             	8.99727576e-02	1.32569768e-02	3.82909268e-01	2.81427392e-01	1.01481876e-01
986             	8.99660009e-02	1.32532168e-02	3.82943796e-01	2.81437899e-01	1.01505897e-01
987             	8.99594020e-02	1.32496670e-02	3.82976788e-01	2.81447796e-01	1.01528992e-01
988             	8.99527586e-02	1.32459656e-02	3.83011151e-01	2.81458334e-01	1.01552817e-01
989             	8.99460198e-02	1.32422998e-02	3.83045057e-01	2.81468548e-01	1.01576509e-01
990             	8.99393544e-02	1.32385668e-02	3.83079862e-01	2.81479285e-01	1.01600577e-01
991             	8.99324936e-02	1.32348170e-02	3.83114588e-01	2.81489788e-01	1.01624801e-01
992             	8.99258770e-02	1.32310799e-02	3.83149723e-01	2.81500738e-01	1.01648984e-01
993             	8.99190891e-02	1.32273442e-02	3.83184669e-01	2.81511424e-01	1.01673246e-01
994             	8.99126015e-02	1.32236642e-02	3.83219690e-01	2.81522447e-01	1.01697244e-01
995             	8.99060238e-02	1.32200212e-02	3.83254253e-01	2.81533150e-01	1.01721103e-01
996             	8.98997360e-02	1.32164288e-02	3.83288808e-01	2.81544140e-01	1.01744668e-01
997             	8.98934255e-02	1.32128688e-02	3.83322853e-01	2.81554852e-01	1.01768001e-01
998             	8.98873353e-02	1.32093384e-02	3.83356905e-01	2.81565788e-01	1.01791117e-01
999             	8.98811920e-02	1.32058260e-02	3.83390504e-01	2.81576444e-01	1.01814060e-01
1000            	8.98748787e-02	1.32021469e-02	3.83424907e-01	2.81587332e-01	1.01837575e-01
1001            	8.98690026e-02	1.31987244e-02	3.83457740e-01	2.81597873e-01	1.01859867e-01
1002            	8.98629106e-02	1.31950497e-02	3.83492467e-01	2.81609144e-01	1.01883323e-01
1003            	8.98569841e-02	1.31914843e-02	3.83526564e-01	2.81620266e-01	1.01906298e-01
1004            	8.98511670e-02	1.31880340e-02	3.83559989e-01	2.81631161e-01	1.01928827e-01
1005            	8.98454215e-02	1.31846618e-02	3.83593000e-01	2.81641922e-01	1.01951079e-01
1006            	8.98397313e-02	1.31813393e-02	3.83625806e-01	2.81652634e-01	1.01973172e-01
1007            	8.98340567e-02	1.31780505e-02	3.83658557e-01	2.81663335e-01	1.01995222e-01
1008            	8.98284085e-02	1.31747717e-02	3.83691431e-01	2.81674124e-01	1.02017307e-01
1009            	8.98227964e-02	1.31714861e-02	3.83724534e-01	2.81685063e-01	1.02039471e-01
1010            	8.98172017e-02	1.31681972e-02	3.83757840e-01	2.81696122e-01	1.02061719e-01
1011            	8.98116498e-02	1.31649022e-02	3.83791338e-01	2.81707319e-01	1.02084019e-01
1012            	8.98061599e-02	1.31616035e-02	3.83824959e-01	2.81718640e-01	1.02106320e-01
1013            	8.98007160e-02	1.31583165e-02	3.83858567e-01	2.81729999e-01	1.02128567e-01
1014            	8.97953414e-02	1.31550440e-02	3.83892097e-01	2.81741390e-01	1.02150707e-01
1015            	8.97900478e-02	1.31517868e-02	3.83925495e-01	2.81752796e-01	1.02172700e-01
1016            	8.97848098e-02	1.31485553e-02	3.83958679e-01	2.81764149e-01	1.02194529e-01
1017            	8.97796406e-02	1.31453453e-02	3.83991664e-01	2.81775473e-01	1.02216191e-01
1018            	8.97745436e-02	1.31421517e-02	3.84024482e-01	2.81786785e-01	1.02237698e-01
1019            	8.97694869e-02	1.31389805e-02	3.84057126e-01	2.81798050e-01	1.02259076e-01
1020            	8.97644806e-02	1.31358259e-02	3.84089663e-01	2.81809312e-01	1.02280351e-01
1021            	8.97595283e-02	1.31326833e-02	3.84122152e-01	2.81820604e-01	1.02301548e-01
1022            	8.97546020e-02	1.31295612e-02	3.84154586e-01	2.81831895e-01	1.02322691e-01
1023            	8.97497168e-02	1.31264561e-02	3.84187020e-01	2.81843227e-01	1.02343793e-01
1024            	8.97448827e-02	1.31233661e-02	3.84219481e-01	2.81854623e-01	1.02364858e-01
1025            	8.97400772e-02	1.31203010e-02	3.84251929e-01	2.81866042e-01	1.02385887e-01
1026            	8.97353203e-02	1.31172586e-02	3.84284379e-01	2.81877510e-01	1.02406869e-01
1027            	8.97306240e-02	1.31142362e-02	3.84316827e-01	2.81889038e-01	1.02427790e-01
1028            	8.97259652e-02	1.31112418e-02	3.84349212e-01	2.81900571e-01	1.02448641e-01
1029            	8.97213605e-02	1.31082702e-02	3.84381536e-01	2.81912129e-01	1.02469408e-01
1030            	8.97168171e-02	1.31053158e-02	3.84413797e-01	2.81923715e-01	1.02490081e-01
1031            	8.97123081e-02	1.31023840e-02	3.84445940e-01	2.81935278e-01	1.02510662e-01
1032            	8.97078476e-02	1.30994681e-02	3.84477989e-01	2.81946842e-01	1.02531147e-01
1033            	8.97034412e-02	1.30965618e-02	3.84509957e-01	2.81958420e-01	1.02551537e-01
1034            	8.96990621e-02	1.30936710e-02	3.84541809e-01	2.81969967e-01	1.02571842e-01
1035            	8.96947248e-02	1.30907903e-02	3.84573583e-01	2.81981516e-01	1.02592066e-01
1036            	8.96904374e-02	1.30879154e-02	3.84605304e-01	2.81993089e-01	1.02612214e-01
1037            	8.96861761e-02	1.30850549e-02	3.84636944e-01	2.82004648e-01	1.02632296e-01
1038            	8.96819572e-02	1.30822056e-02	3.84668537e-01	2.82016225e-01	1.02652311e-01
1039            	8.96777902e-02	1.30793653e-02	3.84700101e-01	2.82027841e-01	1.02672260e-01
1040            	8.96736516e-02	1.30765435e-02	3.84731600e-01	2.82039452e-01	1.02692148e-01
1041            	8.96695574e-02	1.30737375e-02	3.84763057e-01	2.82051086e-01	1.02711971e-01
1042            	8.96655163e-02	1.30709448e-02	3.84794484e-01	2.82062758e-01	1.02731725e-01
1043            	8.96615043e-02	1.30681743e-02	3.84825837e-01	2.82074423e-01	1.02751414e-01
1044            	8.96575358e-02	1.30654223e-02	3.84857138e-01	2.82086105e-01	1.02771033e-01
1045            	8.96536179e-02	1.30626854e-02	3.84888390e-01	2.82097813e-01	1.02790577e-01
1046            	8.96497250e-02	1.30599710e-02	3.84919551e-01	2.82109500e-01	1.02810051e-01
1047            	8.96458705e-02	1.30572742e-02	3.84950639e-01	2.82121190e-01	1.02829449e-01
1048            	8.96420628e-02	1.30545930e-02	3.84981645e-01	2.82132885e-01	1.02848760e-01
1049            	8.96382750e-02	1.30519308e-02	3.85012555e-01	2.82144553e-01	1.02868003e-01
1050            	8.96345212e-02	1.30492823e-02	3.85043395e-01	2.82156219e-01	1.02887176e-01
1051            	8.96308094e-02	1.30466428e-02	3.85074179e-01	2.82167899e-01	1.02906280e-01
1052            	8.96271166e-02	1.30440196e-02	3.85104873e-01	2.82179553e-01	1.02925320e-01
1053            	8.96234586e-02	1.30414081e-02	3.85135502e-01	2.82191210e-01	1.02944292e-01
1054            	8.96198442e-02	1.30388045e-02	3.85166079e-01	2.82202884e-01	1.02963195e-01
1055            	8.96162512e-02	1.30362168e-02	3.85196568e-01	2.82214535e-01	1.02982033e-01
1056            	8.96126946e-02	1.30336409e-02	3.85226992e-01	2.82226191e-01	1.03000802e-01
1057            	8.96091822e-02	1.30310735e-02	3.85257365e-01	2.82237864e-01	1.03019500e-01
1058            	8.96056904e-02	1.30285224e-02	3.85287648e-01	2.82249514e-01	1.03038133e-01
1059            	8.96022330e-02	1.30259840e-02	3.85317864e-01	2.82261165e-01	1.03056699e-01
1060            	8.95988167e-02	1.30234550e-02	3.85348022e-01	2.82272828e-01	1.03075194e-01
1061            	8.95954175e-02	1.30209434e-02	3.85378084e-01	2.82284460e-01	1.03093625e-01
1062            	8.95920487e-02	1.30184456e-02	3.85408072e-01	2.82296085e-01	1.03111987e-01
1063            	8.95887171e-02	1.30159581e-02	3.85437996e-01	2.82307715e-01	1.03130281e-01
1064            	8.95853999e-02	1.30134888e-02	3.85467822e-01	2.82319311e-01	1.03148511e-01
1065            	8.95821106e-02	1.30110335e-02	3.85497572e-01	2.82330897e-01	1.03166675e-01
1066            	8.95788566e-02	1.30085885e-02	3.85527258e-01	2.82342485e-01	1.03184772e-01
1067            	8.95756402e-02	1.30061515e-02	3.85556881e-01	2.82354081e-01	1.03202800e-01
1068            	8.95724342e-02	1.30037315e-02	3.85586398e-01	2.82365633e-01	1.03220765e-01
1069            	8.95692505e-02	1.30013254e-02	3.85615828e-01	2.82377164e-01	1.03238663e-01
1070            	8.95660969e-02	1.29989298e-02	3.85645184e-01	2.82388689e-01	1.03256495e-01
1071            	8.95629521e-02	1.29965527e-02	3.85674434e-01	2.82400169e-01	1.03274265e-01
1072            	8.95598321e-02	1.29941895e-02	3.85703605e-01	2.82411635e-01	1.03291970e-01
1073            	8.95567463e-02	1.29918361e-02	3.85732711e-01	2.82423102e-01	1.03309609e-01
1074            	8.95536733e-02	1.29894991e-02	3.85761719e-01	2.82434533e-01	1.03327186e-01
1075            	8.95506273e-02	1.29871736e-02	3.85790651e-01	2.82445953e-01	1.03344698e-01
1076            	8.95476149e-02	1.29848550e-02	3.85819516e-01	2.82457373e-01	1.03362143e-01
1077            	8.95446374e-02	1.29825407e-02	3.85848316e-01	2.82468796e-01	1.03379521e-01
1078            	8.95416657e-02	1.29802395e-02	3.85877005e-01	2.82480168e-01	1.03396837e-01
1079            	8.95387100e-02	1.29779490e-02	3.85905600e-01	2.82491510e-01	1.03414090e-01
1080            	8.95357772e-02	1.29756666e-02	3.85934111e-01	2.82502833e-01	1.03431278e-01
1081            	8.95328707e-02	1.29733910e-02	3.85962545e-01	2.82514143e-01	1.03448402e-01
1082            	8.95299653e-02	1.29711322e-02	3.85990862e-01	2.82525396e-01	1.03465466e-01
1083            	8.95270751e-02	1.29688872e-02	3.86019084e-01	2.82536617e-01	1.03482467e-01
1084            	8.95242099e-02	1.29666533e-02	3.86047229e-01	2.82547824e-01	1.03499405e-01
1085            	8.95213492e-02	1.29644378e-02	3.86075265e-01	2.82558982e-01	1.03516283e-01
1086            	8.95185088e-02	1.29622363e-02	3.86103217e-01	2.82570118e-01	1.03533100e-01
1087            	8.95156975e-02	1.29600441e-02	3.86131100e-01	2.82581247e-01	1.03549852e-01
1088            	8.95129177e-02	1.29578578e-02	3.86158914e-01	2.82592375e-01	1.03566540e-01
1089            	8.95101410e-02	1.29556854e-02	3.86186616e-01	2.82603449e-01	1.03583167e-01
1090            	8.95073775e-02	1.29535233e-02	3.86214220e-01	2.82614488e-01	1.03599733e-01
1091            	8.95046335e-02	1.29513684e-02	3.86241736e-01	2.82625502e-01	1.03616235e-01
1092            	8.95019118e-02	1.29492185e-02	3.86269169e-01	2.82636496e-01	1.03632673e-01
1093            	8.94991859e-02	1.29470830e-02	3.86296477e-01	2.82647424e-01	1.03649053e-01
1094            	8.94964694e-02	1.29449589e-02	3.86323682e-01	2.82658311e-01	1.03665372e-01
1095            	8.94937713e-02	1.29428432e-02	3.86350800e-01	2.82669171e-01	1.03681629e-01
1096            	8.94910967e-02	1.29407340e-02	3.86377837e-01	2.82680015e-01	1.03697822e-01
1097            	8.94884202e-02	1.29386401e-02	3.86404754e-01	2.82690797e-01	1.03713957e-01
1098            	8.94857547e-02	1.29365580e-02	3.86431571e-01	2.82701540e-01	1.03730031e-01
1099            	8.94831087e-02	1.29344841e-02	3.86458303e-01	2.82712260e-01	1.03746043e-01
1100            	8.94804855e-02	1.29324157e-02	3.86484955e-01	2.82722963e-01	1.03761992e-01
1101            	8.94778588e-02	1.29303614e-02	3.86511487e-01	2.82733602e-01	1.03777885e-01
1102            	8.94752405e-02	1.29283177e-02	3.86537917e-01	2.82744199e-01	1.03793718e-01
1103            	8.94726389e-02	1.29262813e-02	3.86564257e-01	2.82754767e-01	1.03809490e-01
1104            	8.94700576e-02	1.29242499e-02	3.86590513e-01	2.82765314e-01	1.03825199e-01
1105            	8.94674706e-02	1.29222325e-02	3.86616644e-01	2.82775793e-01	1.03840851e-01
1106            	8.94648905e-02	1.29202258e-02	3.86642670e-01	2.82786226e-01	1.03856445e-01
1107            	8.94623255e-02	1.29182267e-02	3.86668605e-01	2.82796628e-01	1.03871977e-01
1108            	8.94597797e-02	1.29162326e-02	3.86694453e-01	2.82807006e-01	1.03887447e-01
1109            	8.94572274e-02	1.29142527e-02	3.86720176e-01	2.82817316e-01	1.03902861e-01
1110            	8.94546813e-02	1.29122836e-02	3.86745793e-01	2.82827578e-01	1.03918215e-01
1111            	8.94521798e-02	1.29104251e-02	3.86770293e-01	2.82837327e-01	1.03932967e-01
1112            	8.94496593e-02	1.29085238e-02	3.86795137e-01	2.82847228e-01	1.03947909e-01
1113            	8.94471006e-02	1.29065881e-02	3.86820324e-01	2.82857263e-01	1.03963061e-01
1114            	8.94445327e-02	1.29046239e-02	3.86845831e-01	2.82867448e-01	1.03978383e-01
1115            	8.94419844e-02	1.29026431e-02	3.86871559e-01	2.82877764e-01	1.03993795e-01
1116            	8.94394775e-02	1.29006605e-02	3.86897362e-01	2.82888159e-01	1.04009204e-01
1117            	8.94369967e-02	1.28987000e-02	3.86923041e-01	2.82898517e-01	1.04024524e-01
1118            	8.94345553e-02	1.28967681e-02	3.86948476e-01	2.82908793e-01	1.04039683e-01
1119            	8.94321707e-02	1.28949417e-02	3.86972365e-01	2.82918353e-01	1.04054012e-01
1120            	8.94297740e-02	1.28930548e-02	3.86997169e-01	2.82928358e-01	1.04068810e-01
1121            	8.94273789e-02	1.28912559e-02	3.87020560e-01	2.82937659e-01	1.04082901e-01
1122            	8.94249203e-02	1.28893739e-02	3.87045075e-01	2.82947458e-01	1.04097617e-01
1123            	8.94224469e-02	1.28874808e-02	3.87069585e-01	2.82957239e-01	1.04112346e-01
1124            	8.94200054e-02	1.28856615e-02	3.87092836e-01	2.82966423e-01	1.04126413e-01
1125            	8.94174946e-02	1.28837642e-02	3.87117262e-01	2.82976126e-01	1.04141136e-01
1126            	8.94149873e-02	1.28818715e-02	3.87141689e-01	2.82985832e-01	1.04155857e-01
1127            	8.94125419e-02	1.28800692e-02	3.87164850e-01	2.82994967e-01	1.04169883e-01
1128            	8.94100785e-02	1.28781975e-02	3.87189172e-01	2.83004665e-01	1.04184508e-01
1129            	8.94076632e-02	1.28764216e-02	3.87212219e-01	2.83013773e-01	1.04198447e-01
1130            	8.94052170e-02	1.28745796e-02	3.87236420e-01	2.83023427e-01	1.04212993e-01
1131            	8.94028389e-02	1.28728232e-02	3.87259364e-01	2.83032521e-01	1.04226843e-01
1132            	8.94004743e-02	1.28710682e-02	3.87282248e-01	2.83041598e-01	1.04240650e-01
1133            	8.93980470e-02	1.28692342e-02	3.87306329e-01	2.83051211e-01	1.04255118e-01
1134            	8.93956741e-02	1.28674819e-02	3.87329129e-01	2.83060238e-01	1.04268890e-01
1135            	8.93933036e-02	1.28657280e-02	3.87351859e-01	2.83069233e-01	1.04282626e-01
1136            	8.93908895e-02	1.28638870e-02	3.87375782e-01	2.83078781e-01	1.04297002e-01
1137            	8.93885253e-02	1.28621376e-02	3.87398353e-01	2.83087702e-01	1.04310651e-01
1138            	8.93861588e-02	1.28603965e-02	3.87420792e-01	2.83096555e-01	1.04324237e-01
1139            	8.93837917e-02	1.28586565e-02	3.87443167e-01	2.83105375e-01	1.04337792e-01
1140            	8.93813760e-02	1.28568357e-02	3.87466699e-01	2.83114726e-01	1.04351974e-01
1141            	8.93790200e-02	1.28551131e-02	3.87488865e-01	2.83123452e-01	1.04365412e-01
1142            	8.93766647e-02	1.28534043e-02	3.87510875e-01	2.83132102e-01	1.04378773e-01
1143            	8.93743112e-02	1.28517010e-02	3.87532794e-01	2.83140708e-01	1.04392086e-01
1144            	8.93719059e-02	1.28499218e-02	3.87555810e-01	2.83149811e-01	1.04405999e-01
1145            	8.93695886e-02	1.28482304e-02	3.87577517e-01	2.83158347e-01	1.04419170e-01
1146            	8.93672569e-02	1.28465541e-02	3.87599044e-01	2.83166779e-01	1.04432265e-01
1147            	8.93649135e-02	1.28448847e-02	3.87620466e-01	2.83175147e-01	1.04445320e-01
1148            	8.93625623e-02	1.28432149e-02	3.87641849e-01	2.83183487e-01	1.04458362e-01
1149            	8.93602083e-02	1.28415401e-02	3.87663234e-01	2.83191825e-01	1.04471408e-01
1150            	8.93578568e-02	1.28398589e-02	3.87684637e-01	2.83200175e-01	1.04484462e-01
1151            	8.93554895e-02	1.28381817e-02	3.87706018e-01	2.83208499e-01	1.04497520e-01
1152            	8.93531241e-02	1.28365095e-02	3.87727377e-01	2.83216812e-01	1.04510564e-01
1153            	8.93507743e-02	1.28348432e-02	3.87748698e-01	2.83225123e-01	1.04523575e-01
1154            	8.93484482e-02	1.28331836e-02	3.87769957e-01	2.83233427e-01	1.04536530e-01
1155            	8.93461252e-02	1.28315406e-02	3.87791093e-01	2.83241672e-01	1.04549421e-01
1156            	8.93438155e-02	1.28299118e-02	3.87812100e-01	2.83249865e-01	1.04562235e-01
1157            	8.93415232e-02	1.28282934e-02	3.87832973e-01	2.83258010e-01	1.04574964e-01
1158            	8.93392473e-02	1.28266813e-02	3.87853708e-01	2.83266101e-01	1.04587607e-01
1159            	8.93369823e-02	1.28250723e-02	3.87874298e-01	2.83274131e-01	1.04600167e-01
1160            	8.93346985e-02	1.28234734e-02	3.87894707e-01	2.83282052e-01	1.04612655e-01
1161            	8.93324027e-02	1.28218810e-02	3.87914959e-01	2.83289882e-01	1.04625077e-01
1162            	8.93301014e-02	1.28202920e-02	3.87935081e-01	2.83297642e-01	1.04637439e-01
1163            	8.93278000e-02	1.28187041e-02	3.87955097e-01	2.83305348e-01	1.04649748e-01
1164            	8.93256013e-02	1.28172247e-02	3.87974050e-01	2.83312626e-01	1.04661424e-01
1165            	8.93233193e-02	1.28157047e-02	3.87993296e-01	2.83319967e-01	1.04673329e-01
1166            	8.93209701e-02	1.28141424e-02	3.88012892e-01	2.83327416e-01	1.04685476e-01
1167            	8.93185834e-02	1.28125449e-02	3.88032819e-01	2.83334993e-01	1.04697826e-01
1168            	8.93161951e-02	1.28109262e-02	3.88052999e-01	2.83342695e-01	1.04710305e-01
1169            	8.93138373e-02	1.28093029e-02	3.88073308e-01	2.83350492e-01	1.04722817e-01
1170            	8.93115098e-02	1.28076998e-02	3.88093579e-01	2.83358299e-01	1.04735279e-01
1171            	8.93092384e-02	1.28061286e-02	3.88113672e-01	2.83366074e-01	1.04747598e-01
1172            	8.93070308e-02	1.28045927e-02	3.88133486e-01	2.83373774e-01	1.04759712e-01
1173            	8.93049571e-02	1.28031548e-02	3.88151993e-01	2.83380953e-01	1.04771039e-01
1174            	8.93028307e-02	1.28016841e-02	3.88170933e-01	2.83388297e-01	1.04782636e-01
1175            	8.93006644e-02	1.28002152e-02	3.88189691e-01	2.83395510e-01	1.04794181e-01
1176            	8.92985474e-02	1.27988076e-02	3.88207368e-01	2.83402232e-01	1.04805137e-01
1177            	8.92962923e-02	1.27973243e-02	3.88225814e-01	2.83409199e-01	1.04816615e-01
1178            	8.92939891e-02	1.27958129e-02	3.88244353e-01	2.83416166e-01	1.04828187e-01
1179            	8.92917617e-02	1.27943528e-02	3.88262028e-01	2.83422776e-01	1.04839252e-01
1180            	8.92893941e-02	1.27928231e-02	3.88280620e-01	2.83429704e-01	1.04850916e-01
1181            	8.92870176e-02	1.27912894e-02	3.88299347e-01	2.83436691e-01	1.04862656e-01
1182            	8.92847730e-02	1.27898345e-02	3.88317181e-01	2.83443363e-01	1.04873817e-01
1183            	8.92824645e-02	1.27883267e-02	3.88335922e-01	2.83450425e-01	1.04885496e-01
1184            	8.92803059e-02	1.27868986e-02	3.88353736e-01	2.83457174e-01	1.04896562e-01
1185            	8.92780616e-02	1.27854212e-02	3.88372425e-01	2.83464274e-01	1.04908151e-01
1186            	8.92759476e-02	1.27840246e-02	3.88390118e-01	2.83471007e-01	1.04919111e-01
1187            	8.92738543e-02	1.27826365e-02	3.88407714e-01	2.83477711e-01	1.04930003e-01
1188            	8.92716604e-02	1.27811717e-02	3.88426273e-01	2.83484797e-01	1.04941476e-01
1189            	8.92695846e-02	1.27797717e-02	3.88443814e-01	2.83491492e-01	1.04952322e-01
1190            	8.92673857e-02	1.27783067e-02	3.88462175e-01	2.83498473e-01	1.04963702e-01
1191            	8.92652935e-02	1.27769181e-02	3.88479439e-01	2.83505013e-01	1.04974426e-01
1192            	8.92632007e-02	1.27755368e-02	3.88496533e-01	2.83511467e-01	1.04985066e-01
1193            	8.92610978e-02	1.27741535e-02	3.88513547e-01	2.83517871e-01	1.04995675e-01
1194            	8.92589789e-02	1.27727623e-02	3.88530542e-01	2.83524250e-01	1.05006292e-01
1195            	8.92568427e-02	1.27713611e-02	3.88547552e-01	2.83530619e-01	1.05016933e-01
1196            	8.92545560e-02	1.27698879e-02	3.88565508e-01	2.83537310e-01	1.05028198e-01
1197            	8.92523980e-02	1.27685002e-02	3.88582432e-01	2.83543614e-01	1.05038818e-01
1198            	8.92502641e-02	1.27671308e-02	3.88599226e-01	2.83549877e-01	1.05049349e-01
1199            	8.92481568e-02	1.27657753e-02	3.88615932e-01	2.83556123e-01	1.05059809e-01
1200            	8.92460739e-02	1.27644288e-02	3.88632582e-01	2.83562365e-01	1.05070217e-01
1201            	8.92440100e-02	1.27630868e-02	3.88649190e-01	2.83568605e-01	1.05080585e-01
1202            	8.92419382e-02	1.27617545e-02	3.88665731e-01	2.83574803e-01	1.05090927e-01
1203            	8.92398663e-02	1.27604282e-02	3.88682219e-01	2.83580976e-01	1.05101243e-01
1204            	8.92378012e-02	1.27591049e-02	3.88698661e-01	2.83587132e-01	1.05111529e-01
1205            	8.92357480e-02	1.27577823e-02	3.88715058e-01	2.83593277e-01	1.05121781e-01
1206            	8.92337087e-02	1.27564597e-02	3.88731403e-01	2.83599410e-01	1.05131993e-01
1207            	8.92316832e-02	1.27551370e-02	3.88747684e-01	2.83605525e-01	1.05142159e-01
1208            	8.92296491e-02	1.27538236e-02	3.88763859e-01	2.83611578e-01	1.05152280e-01
1209            	8.92276177e-02	1.27525190e-02	3.88779938e-01	2.83617587e-01	1.05162351e-01
1210            	8.92255977e-02	1.27512219e-02	3.88795930e-01	2.83623563e-01	1.05172368e-01
1211            	8.92235945e-02	1.27499309e-02	3.88811841e-01	2.83629515e-01	1.05182326e-01
1212            	8.92216098e-02	1.27486446e-02	3.88827669e-01	2.83635444e-01	1.05192225e-01
1213            	8.92196418e-02	1.27473621e-02	3.88843411e-01	2.83641347e-01	1.05202064e-01
1214            	8.92176668e-02	1.27460912e-02	3.88859034e-01	2.83647184e-01	1.05211850e-01
1215            	8.92156939e-02	1.27448300e-02	3.88874557e-01	2.83652972e-01	1.05221585e-01
1216            	8.92137303e-02	1.27435758e-02	3.88890001e-01	2.83658731e-01	1.05231270e-01
1217            	8.92117806e-02	1.27423261e-02	3.88905380e-01	2.83664470e-01	1.05240909e-01
1218            	8.92098463e-02	1.27410790e-02	3.88920702e-01	2.83670198e-01	1.05250505e-01
1219            	8.92079266e-02	1.27398335e-02	3.88935972e-01	2.83675913e-01	1.05260059e-01
1220            	8.92059992e-02	1.27385981e-02	3.88951157e-01	2.83681578e-01	1.05269579e-01
1221            	8.92040751e-02	1.27373713e-02	3.88966277e-01	2.83687214e-01	1.05279063e-01
1222            	8.92021637e-02	1.27361514e-02	3.88981345e-01	2.83692836e-01	1.05288509e-01
1223            	8.92002707e-02	1.27349366e-02	3.88996368e-01	2.83698455e-01	1.05297913e-01
1224            	8.91983987e-02	1.27337255e-02	3.89011344e-01	2.83704071e-01	1.05307273e-01
1225            	8.91965465e-02	1.27325173e-02	3.89026266e-01	2.83709680e-01	1.05316587e-01
1226            	8.91946912e-02	1.27313203e-02	3.89041098e-01	2.83715240e-01	1.05325858e-01
1227            	8.91929729e-02	1.27302344e-02	3.89054974e-01	2.83720460e-01	1.05334514e-01
1228            	8.91911928e-02	1.27291032e-02	3.89069217e-01	2.83725801e-01	1.05343416e-01
1229            	8.91893527e-02	1.27279212e-02	3.89083878e-01	2.83731292e-01	1.05352586e-01
1230            	8.91874599e-02	1.27266885e-02	3.89098975e-01	2.83736948e-01	1.05362028e-01
1231            	8.91855270e-02	1.27254110e-02	3.89114493e-01	2.83742773e-01	1.05371719e-01
1232            	8.91835416e-02	1.27240988e-02	3.89130438e-01	2.83748761e-01	1.05381677e-01
1233            	8.91815537e-02	1.27227670e-02	3.89146960e-01	2.83755034e-01	1.05391926e-01
1234            	8.91797449e-02	1.27215575e-02	3.89162428e-01	2.83760959e-01	1.05401469e-01
1235            	8.91781991e-02	1.27205302e-02	3.89175919e-01	2.83766159e-01	1.05409761e-01
1236            	8.91767143e-02	1.27195549e-02	3.89188787e-01	2.83771108e-01	1.05417679e-01
1237            	8.91752654e-02	1.27185804e-02	3.89201459e-01	2.83775995e-01	1.05425464e-01
1238            	8.91737118e-02	1.27175930e-02	3.89213940e-01	2.83780682e-01	1.05433258e-01
1239            	8.91721493e-02	1.27165584e-02	3.89226711e-01	2.83785505e-01	1.05441206e-01
1240            	8.91704111e-02	1.27154820e-02	3.89239504e-01	2.83790163e-01	1.05449341e-01
1241            	8.91686963e-02	1.27143361e-02	3.89252973e-01	2.83795183e-01	1.05457790e-01
1242            	8.91668207e-02	1.27131545e-02	3.89266589e-01	2.83800115e-01	1.05466474e-01
1243            	8.91650385e-02	1.27119357e-02	3.89280838e-01	2.83805458e-01	1.05475380e-01
1244            	8.91631695e-02	1.27107278e-02	3.89295038e-01	2.83810688e-01	1.05484349e-01
1245            	8.91614488e-02	1.27095360e-02	3.89309623e-01	2.83816260e-01	1.05493363e-01
1246            	8.91596907e-02	1.27083983e-02	3.89323905e-01	2.83821643e-01	1.05502262e-01
1247            	8.91581336e-02	1.27072939e-02	3.89338369e-01	2.83827318e-01	1.05511051e-01
1248            	8.91565638e-02	1.27062435e-02	3.89352371e-01	2.83832749e-01	1.05519621e-01
1249            	8.91551754e-02	1.27052132e-02	3.89366421e-01	2.83838386e-01	1.05528035e-01
1250            	8.91537381e-02	1.27042135e-02	3.89379950e-01	2.83843713e-01	1.05536237e-01
1251            	8.91524200e-02	1.27032078e-02	3.89393497e-01	2.83849169e-01	1.05544329e-01
1252            	8.91509793e-02	1.27022168e-02	3.89406545e-01	2.83854252e-01	1.05552293e-01
1253            	8.91495987e-02	1.27012080e-02	3.89419671e-01	2.83859434e-01	1.05560237e-01
1254            	8.91480891e-02	1.27001963e-02	3.89432448e-01	2.83864313e-01	1.05568135e-01
1255            	8.91466422e-02	1.26991578e-02	3.89445432e-01	2.83869358e-01	1.05576074e-01
1256            	8.91450805e-02	1.26981155e-02	3.89458172e-01	2.83874167e-01	1.05584006e-01
1257            	8.91436032e-02	1.26970525e-02	3.89471191e-01	2.83879199e-01	1.05591992e-01
1258            	8.91420356e-02	1.26959965e-02	3.89484002e-01	2.83884036e-01	1.05599965e-01
1259            	8.91405589e-02	1.26949426e-02	3.89497066e-01	2.83889092e-01	1.05607974e-01
1260            	8.91390122e-02	1.26939147e-02	3.89509912e-01	2.83893968e-01	1.05615944e-01
1261            	8.91375969e-02	1.26928932e-02	3.89523020e-01	2.83899107e-01	1.05623913e-01
1262            	8.91361435e-02	1.26918979e-02	3.89535899e-01	2.83904093e-01	1.05631806e-01
1263            	8.91348307e-02	1.26909060e-02	3.89549000e-01	2.83909331e-01	1.05639670e-01
1264            	8.91334779e-02	1.26899346e-02	3.89561836e-01	2.83914396e-01	1.05647440e-01
1265            	8.91322461e-02	1.26889602e-02	3.89574841e-01	2.83919667e-01	1.05655174e-01
1266            	8.91309356e-02	1.26880091e-02	3.89587523e-01	2.83924697e-01	1.05662826e-01
1267            	8.91297144e-02	1.26870570e-02	3.89600342e-01	2.83929885e-01	1.05670457e-01
1268            	8.91284202e-02	1.26861179e-02	3.89612880e-01	2.83934860e-01	1.05678020e-01
1269            	8.91272151e-02	1.26851695e-02	3.89625578e-01	2.83940004e-01	1.05685574e-01
1270            	8.91259389e-02	1.26842280e-02	3.89638021e-01	2.83944949e-01	1.05693072e-01
1271            	8.91247482e-02	1.26832742e-02	3.89650630e-01	2.83950063e-01	1.05700567e-01
1272            	8.91234858e-02	1.26823267e-02	3.89662992e-01	2.83954982e-01	1.05708010e-01
1273            	8.91223061e-02	1.26813691e-02	3.89675514e-01	2.83960063e-01	1.05715451e-01
1274            	8.91210425e-02	1.26804343e-02	3.89687747e-01	2.83964916e-01	1.05722831e-01
1275            	8.91198565e-02	1.26794945e-02	3.89700184e-01	2.83969948e-01	1.05730235e-01
1276            	8.91186181e-02	1.26785781e-02	3.89712372e-01	2.83974804e-01	1.05737568e-01
1277            	8.91174790e-02	1.26776553e-02	3.89724776e-01	2.83979867e-01	1.05744909e-01
1278            	8.91163015e-02	1.26767524e-02	3.89736950e-01	2.83984777e-01	1.05752174e-01
1279            	8.91152220e-02	1.26758435e-02	3.89749307e-01	2.83989876e-01	1.05759432e-01
1280            	8.91141019e-02	1.26749464e-02	3.89761450e-01	2.83994827e-01	1.05766623e-01
1281            	8.91130706e-02	1.26740441e-02	3.89773734e-01	2.83999938e-01	1.05773796e-01
1282            	8.91119712e-02	1.26731620e-02	3.89785773e-01	2.84004858e-01	1.05780915e-01
1283            	8.91109441e-02	1.26722819e-02	3.89797940e-01	2.84009914e-01	1.05788026e-01
1284            	8.91098688e-02	1.26714158e-02	3.89809912e-01	2.84014825e-01	1.05795087e-01
1285            	8.91088761e-02	1.26705464e-02	3.89822033e-01	2.84019892e-01	1.05802140e-01
1286            	8.91078438e-02	1.26696862e-02	3.89833975e-01	2.84024831e-01	1.05809144e-01
1287            	8.91068923e-02	1.26688199e-02	3.89846055e-01	2.84029920e-01	1.05816135e-01
1288            	8.91058987e-02	1.26679611e-02	3.89857948e-01	2.84034873e-01	1.05823075e-01
1289            	8.91049775e-02	1.26670964e-02	3.89869958e-01	2.84039957e-01	1.05830002e-01
1290            	8.91039939e-02	1.26662501e-02	3.89881750e-01	2.84044869e-01	1.05836881e-01
1291            	8.91030736e-02	1.26654070e-02	3.89893652e-01	2.84049900e-01	1.05843753e-01
1292            	8.91021147e-02	1.26645781e-02	3.89905383e-01	2.84054806e-01	1.05850577e-01
1293            	8.91012337e-02	1.26637483e-02	3.89917247e-01	2.84059857e-01	1.05857390e-01
1294            	8.91003247e-02	1.26629284e-02	3.89928958e-01	2.84064803e-01	1.05864154e-01
1295            	8.90994925e-02	1.26621044e-02	3.89940791e-01	2.84069888e-01	1.05870903e-01
1296            	8.90986293e-02	1.26612880e-02	3.89952463e-01	2.84074861e-01	1.05877602e-01
1297            	8.90978331e-02	1.26604666e-02	3.89964238e-01	2.84079952e-01	1.05884286e-01
1298            	8.90969843e-02	1.26596627e-02	3.89975822e-01	2.84084895e-01	1.05890927e-01
1299            	8.90961916e-02	1.26588622e-02	3.89987500e-01	2.84089942e-01	1.05897559e-01
1300            	8.90953679e-02	1.26580740e-02	3.89999035e-01	2.84094885e-01	1.05904149e-01
1301            	8.90946124e-02	1.26572848e-02	3.90010683e-01	2.84099954e-01	1.05910729e-01
1302            	8.90938356e-02	1.26565035e-02	3.90022204e-01	2.84104938e-01	1.05917266e-01
1303            	8.90931249e-02	1.26557183e-02	3.90033827e-01	2.84110038e-01	1.05923788e-01
1304            	8.90923904e-02	1.26549388e-02	3.90045312e-01	2.84115047e-01	1.05930266e-01
1305            	8.90917128e-02	1.26541552e-02	3.90056878e-01	2.84120152e-01	1.05936726e-01
1306            	8.90910073e-02	1.26533776e-02	3.90068301e-01	2.84125158e-01	1.05943143e-01
1307            	8.90903367e-02	1.26526080e-02	3.90079770e-01	2.84130221e-01	1.05949548e-01
1308            	8.90896360e-02	1.26518535e-02	3.90091105e-01	2.84135188e-01	1.05955916e-01
1309            	8.90889905e-02	1.26511029e-02	3.90102527e-01	2.84140254e-01	1.05962273e-01
1310            	8.90883331e-02	1.26503622e-02	3.90113851e-01	2.84145259e-01	1.05968593e-01
1311            	8.90877365e-02	1.26496207e-02	3.90125268e-01	2.84150370e-01	1.05974897e-01
1312            	8.90871298e-02	1.26488855e-02	3.90136586e-01	2.84155423e-01	1.05981163e-01
1313            	8.90865753e-02	1.26481468e-02	3.90147974e-01	2.84160562e-01	1.05987412e-01
1314            	8.90860037e-02	1.26474123e-02	3.90159251e-01	2.84165629e-01	1.05993622e-01
1315            	8.90854736e-02	1.26466752e-02	3.90170573e-01	2.84170760e-01	1.05999813e-01
1316            	8.90849086e-02	1.26459535e-02	3.90181760e-01	2.84175789e-01	1.06005972e-01
1317            	8.90843782e-02	1.26452379e-02	3.90192991e-01	2.84180874e-01	1.06012117e-01
1318            	8.90838366e-02	1.26445334e-02	3.90204135e-01	2.84185904e-01	1.06018231e-01
1319            	8.90833441e-02	1.26438301e-02	3.90215349e-01	2.84191018e-01	1.06024330e-01
1320            	8.90828510e-02	1.26431326e-02	3.90226496e-01	2.84196099e-01	1.06030397e-01
1321            	8.90824052e-02	1.26424336e-02	3.90237700e-01	2.84201255e-01	1.06036445e-01
1322            	8.90819558e-02	1.26417374e-02	3.90248830e-01	2.84206371e-01	1.06042459e-01
1323            	8.90815425e-02	1.26410388e-02	3.90259993e-01	2.84211539e-01	1.06048454e-01
1324            	8.90811203e-02	1.26403430e-02	3.90271071e-01	2.84216656e-01	1.06054415e-01
1325            	8.90807118e-02	1.26396567e-02	3.90282149e-01	2.84221786e-01	1.06060363e-01
1326            	8.90802926e-02	1.26389822e-02	3.90293151e-01	2.84226868e-01	1.06066283e-01
1327            	8.90799066e-02	1.26383131e-02	3.90304184e-01	2.84231999e-01	1.06072185e-01
1328            	8.90795271e-02	1.26376508e-02	3.90315179e-01	2.84237117e-01	1.06078063e-01
1329            	8.90791853e-02	1.26369897e-02	3.90326212e-01	2.84242291e-01	1.06083921e-01
1330            	8.90788532e-02	1.26363311e-02	3.90337209e-01	2.84247457e-01	1.06089751e-01
1331            	8.90785500e-02	1.26356714e-02	3.90348221e-01	2.84252661e-01	1.06095561e-01
1332            	8.90782503e-02	1.26350126e-02	3.90359186e-01	2.84257843e-01	1.06101343e-01
1333            	8.90779694e-02	1.26343533e-02	3.90370143e-01	2.84263041e-01	1.06107102e-01
1334            	8.90776890e-02	1.26336959e-02	3.90381044e-01	2.84268211e-01	1.06112833e-01
1335            	8.90774112e-02	1.26330504e-02	3.90391918e-01	2.84273370e-01	1.06118548e-01
1336            	8.90771351e-02	1.26324164e-02	3.90402752e-01	2.84278511e-01	1.06124241e-01
1337            	8.90768827e-02	1.26317901e-02	3.90413597e-01	2.84283681e-01	1.06129916e-01
1338            	8.90766491e-02	1.26311697e-02	3.90424434e-01	2.84288866e-01	1.06135568e-01
1339            	8.90764438e-02	1.26305517e-02	3.90435294e-01	2.84294091e-01	1.06141203e-01
1340            	8.90762569e-02	1.26299348e-02	3.90446144e-01	2.84299329e-01	1.06146815e-01
1341            	8.90760902e-02	1.26293171e-02	3.90456980e-01	2.84304580e-01	1.06152400e-01
1342            	8.90759315e-02	1.26286984e-02	3.90467811e-01	2.84309837e-01	1.06157974e-01
1343            	8.90757837e-02	1.26280789e-02	3.90478597e-01	2.84315082e-01	1.06163515e-01
1344            	8.90756393e-02	1.26274595e-02	3.90489366e-01	2.84320322e-01	1.06169044e-01
1345            	8.90754916e-02	1.26268519e-02	3.90500070e-01	2.84325526e-01	1.06174543e-01
1346            	8.90753492e-02	1.26262547e-02	3.90510756e-01	2.84330727e-01	1.06180029e-01
1347            	8.90752239e-02	1.26256654e-02	3.90521439e-01	2.84335943e-01	1.06185496e-01
1348            	8.90751204e-02	1.26250829e-02	3.90532072e-01	2.84341157e-01	1.06190916e-01
1349            	8.90750404e-02	1.26245007e-02	3.90542799e-01	2.84346440e-01	1.06196359e-01
1350            	8.90749815e-02	1.26239212e-02	3.90553450e-01	2.84351706e-01	1.06201743e-01
1351            	8.90749393e-02	1.26233380e-02	3.90564187e-01	2.84357033e-01	1.06207154e-01
1352            	8.90749076e-02	1.26227566e-02	3.90574810e-01	2.84362313e-01	1.06212497e-01
1353            	8.90748839e-02	1.26221702e-02	3.90585522e-01	2.84367645e-01	1.06217877e-01
1354            	8.90748649e-02	1.26215873e-02	3.90596096e-01	2.84372913e-01	1.06223183e-01
1355            	8.90748523e-02	1.26210021e-02	3.90606744e-01	2.84378224e-01	1.06228520e-01
1356            	8.90748348e-02	1.26204337e-02	3.90617238e-01	2.84383454e-01	1.06233784e-01
1357            	8.90748276e-02	1.26198732e-02	3.90627822e-01	2.84388739e-01	1.06239083e-01
1358            	8.90748364e-02	1.26193259e-02	3.90638281e-01	2.84393977e-01	1.06244304e-01
1359            	8.90748690e-02	1.26187825e-02	3.90648793e-01	2.84399265e-01	1.06249527e-01
1360            	8.90749251e-02	1.26182407e-02	3.90659336e-01	2.84404593e-01	1.06254743e-01
1361            	8.90750009e-02	1.26176986e-02	3.90669894e-01	2.84409948e-01	1.06259946e-01
1362            	8.90750909e-02	1.26171546e-02	3.90680452e-01	2.84415317e-01	1.06265135e-01
1363            	8.90751894e-02	1.26166084e-02	3.90690992e-01	2.84420685e-01	1.06270306e-01
1364            	8.90752924e-02	1.26160604e-02	3.90701500e-01	2.84426042e-01	1.06275457e-01
1365            	8.90753978e-02	1.26155120e-02	3.90711965e-01	2.84431380e-01	1.06280585e-01
1366            	8.90755060e-02	1.26149647e-02	3.90722385e-01	2.84436699e-01	1.06285686e-01
1367            	8.90756089e-02	1.26144298e-02	3.90732762e-01	2.84441990e-01	1.06290772e-01
1368            	8.90757190e-02	1.26139060e-02	3.90743118e-01	2.84447278e-01	1.06295840e-01
1369            	8.90758458e-02	1.26133906e-02	3.90753473e-01	2.84452582e-01	1.06300890e-01
1370            	8.90759948e-02	1.26128804e-02	3.90763840e-01	2.84457915e-01	1.06305925e-01
1371            	8.90761665e-02	1.26123722e-02	3.90774227e-01	2.84463280e-01	1.06310947e-01
1372            	8.90763576e-02	1.26118636e-02	3.90784628e-01	2.84468672e-01	1.06315956e-01
1373            	8.90765624e-02	1.26113529e-02	3.90795027e-01	2.84474076e-01	1.06320951e-01
1374            	8.90767753e-02	1.26108396e-02	3.90805412e-01	2.84479481e-01	1.06325931e-01
1375            	8.90769920e-02	1.26103237e-02	3.90815775e-01	2.84484880e-01	1.06330896e-01
1376            	8.90772101e-02	1.26098068e-02	3.90826101e-01	2.84490261e-01	1.06335840e-01
1377            	8.90774296e-02	1.26092903e-02	3.90836384e-01	2.84495621e-01	1.06340762e-01
1378            	8.90776524e-02	1.26087759e-02	3.90846624e-01	2.84500965e-01	1.06345660e-01
1379            	8.90778719e-02	1.26082747e-02	3.90856829e-01	2.84506287e-01	1.06350543e-01
1380            	8.90781000e-02	1.26077853e-02	3.90867018e-01	2.84511609e-01	1.06355409e-01
1381            	8.90783452e-02	1.26073048e-02	3.90877207e-01	2.84516948e-01	1.06360258e-01
1382            	8.90786119e-02	1.26068296e-02	3.90887408e-01	2.84522316e-01	1.06365092e-01
1383            	8.90788991e-02	1.26063566e-02	3.90897620e-01	2.84527709e-01	1.06369911e-01
1384            	8.90792014e-02	1.26058837e-02	3.90907816e-01	2.84533109e-01	1.06374707e-01
1385            	8.90795142e-02	1.26054080e-02	3.90918010e-01	2.84538519e-01	1.06379491e-01
1386            	8.90798319e-02	1.26049285e-02	3.90928190e-01	2.84543927e-01	1.06384263e-01
1387            	8.90801488e-02	1.26044460e-02	3.90938326e-01	2.84549312e-01	1.06389014e-01
1388            	8.90804640e-02	1.26039613e-02	3.90948418e-01	2.84554673e-01	1.06393745e-01
1389            	8.90807778e-02	1.26034758e-02	3.90958464e-01	2.84560010e-01	1.06398454e-01
1390            	8.90810962e-02	1.26029890e-02	3.90968522e-01	2.84565357e-01	1.06403165e-01
1391            	8.90814138e-02	1.26025124e-02	3.90978596e-01	2.84570712e-01	1.06407884e-01
1392            	8.90817430e-02	1.26020456e-02	3.90988701e-01	2.84576094e-01	1.06412608e-01
1393            	8.90820921e-02	1.26015873e-02	3.90998838e-01	2.84581511e-01	1.06417327e-01
1394            	8.90824646e-02	1.26011355e-02	3.91008997e-01	2.84586963e-01	1.06422034e-01
1395            	8.90828586e-02	1.26006877e-02	3.91019161e-01	2.84592439e-01	1.06426722e-01
1396            	8.90832690e-02	1.26002414e-02	3.91029314e-01	2.84597926e-01	1.06431388e-01
1397            	8.90836880e-02	1.25997949e-02	3.91039430e-01	2.84603403e-01	1.06436027e-01
1398            	8.90841082e-02	1.25993467e-02	3.91049491e-01	2.84608854e-01	1.06440637e-01
1399            	8.90845242e-02	1.25988963e-02	3.91059484e-01	2.84614266e-01	1.06445218e-01
1400            	8.90849332e-02	1.25984435e-02	3.91069407e-01	2.84619637e-01	1.06449770e-01
1401            	8.90853356e-02	1.25979890e-02	3.91079266e-01	2.84624969e-01	1.06454297e-01
1402            	8.90857342e-02	1.25975336e-02	3.91089079e-01	2.84630273e-01	1.06458805e-01
1403            	8.90861337e-02	1.25970782e-02	3.91098868e-01	2.84635568e-01	1.06463300e-01
1404            	8.90865301e-02	1.25966333e-02	3.91108650e-01	2.84640855e-01	1.06467795e-01
1405            	8.90869363e-02	1.25961979e-02	3.91118453e-01	2.84646163e-01	1.06472290e-01
1406            	8.90873612e-02	1.25957696e-02	3.91128294e-01	2.84651508e-01	1.06476786e-01
1407            	8.90878089e-02	1.25953460e-02	3.91138177e-01	2.84656897e-01	1.06481280e-01
1408            	8.90882783e-02	1.25949245e-02	3.91148093e-01	2.84662325e-01	1.06485768e-01
1409            	8.90887625e-02	1.25945037e-02	3.91157998e-01	2.84667761e-01	1.06490236e-01
1410            	8.90892567e-02	1.25940809e-02	3.91167901e-01	2.84673207e-01	1.06494694e-01
1411            	8.90897544e-02	1.25936547e-02	3.91177787e-01	2.84678648e-01	1.06499139e-01
1412            	8.90902503e-02	1.25932250e-02	3.91187640e-01	2.84684070e-01	1.06503570e-01
1413            	8.90907414e-02	1.25927926e-02	3.91197447e-01	2.84689465e-01	1.06507982e-01
1414            	8.90912272e-02	1.25923587e-02	3.91207204e-01	2.84694829e-01	1.06512375e-01
1415            	8.90917093e-02	1.25919247e-02	3.91216912e-01	2.84700165e-01	1.06516747e-01
1416            	8.90921908e-02	1.25914921e-02	3.91226581e-01	2.84705481e-01	1.06521100e-01
1417            	8.90926749e-02	1.25910621e-02	3.91236220e-01	2.84710785e-01	1.06525435e-01
1418            	8.90931561e-02	1.25906448e-02	3.91245834e-01	2.84716073e-01	1.06529761e-01
1419            	8.90936908e-02	1.25902314e-02	3.91255973e-01	2.84721677e-01	1.06534296e-01
1420            	8.90942127e-02	1.25898393e-02	3.91265728e-01	2.84727077e-01	1.06538651e-01
1421            	8.90947344e-02	1.25894599e-02	3.91275262e-01	2.84732365e-01	1.06542897e-01
1422            	8.90952579e-02	1.25890847e-02	3.91284664e-01	2.84737590e-01	1.06547074e-01
1423            	8.90957840e-02	1.25887069e-02	3.91294015e-01	2.84742792e-01	1.06551224e-01
1424            	8.90963100e-02	1.25883215e-02	3.91303362e-01	2.84747991e-01	1.06555371e-01
1425            	8.90968340e-02	1.25879255e-02	3.91312734e-01	2.84753201e-01	1.06559533e-01
1426            	8.90973557e-02	1.25875181e-02	3.91322153e-01	2.84758432e-01	1.06563721e-01
1427            	8.90978768e-02	1.25871003e-02	3.91331630e-01	2.84763692e-01	1.06567938e-01
1428            	8.90984010e-02	1.25866750e-02	3.91341166e-01	2.84768984e-01	1.06572182e-01
1429            	8.90989305e-02	1.25862463e-02	3.91350738e-01	2.84774299e-01	1.06576438e-01
1430            	8.90994714e-02	1.25858177e-02	3.91360352e-01	2.84779647e-01	1.06580704e-01
1431            	8.91000262e-02	1.25853930e-02	3.91369990e-01	2.84785021e-01	1.06584969e-01
1432            	8.91005872e-02	1.25849842e-02	3.91379623e-01	2.84790399e-01	1.06589224e-01
1433            	8.91011613e-02	1.25845911e-02	3.91389242e-01	2.84795782e-01	1.06593460e-01
1434            	8.91017508e-02	1.25842115e-02	3.91398835e-01	2.84801168e-01	1.06597667e-01
1435            	8.91023541e-02	1.25838416e-02	3.91408388e-01	2.84806548e-01	1.06601840e-01
1436            	8.91029655e-02	1.25834770e-02	3.91417885e-01	2.84811908e-01	1.06605977e-01
1437            	8.91035774e-02	1.25831134e-02	3.91427313e-01	2.84817234e-01	1.06610079e-01
1438            	8.91041820e-02	1.25827469e-02	3.91436666e-01	2.84822515e-01	1.06614151e-01
1439            	8.91047736e-02	1.25823748e-02	3.91445942e-01	2.84827745e-01	1.06618198e-01
1440            	8.91053494e-02	1.25819954e-02	3.91455152e-01	2.84832925e-01	1.06622226e-01
1441            	8.91059100e-02	1.25816086e-02	3.91464308e-01	2.84838064e-01	1.06626244e-01
1442            	8.91064591e-02	1.25812153e-02	3.91473429e-01	2.84843173e-01	1.06630255e-01
1443            	8.91070023e-02	1.25808173e-02	3.91482534e-01	2.84848269e-01	1.06634265e-01
1444            	8.91075459e-02	1.25804169e-02	3.91491639e-01	2.84853365e-01	1.06638274e-01
1445            	8.91080957e-02	1.25800164e-02	3.91500757e-01	2.84858474e-01	1.06642283e-01
1446            	8.91086563e-02	1.25796179e-02	3.91509893e-01	2.84863603e-01	1.06646290e-01
1447            	8.91092224e-02	1.25792319e-02	3.91519045e-01	2.84868745e-01	1.06650300e-01
1448            	8.91098030e-02	1.25788574e-02	3.91528226e-01	2.84873916e-01	1.06654310e-01
1449            	8.91104026e-02	1.25784921e-02	3.91537437e-01	2.84879121e-01	1.06658316e-01
1450            	8.91110211e-02	1.25781326e-02	3.91546669e-01	2.84884356e-01	1.06662313e-01
1451            	8.91116542e-02	1.25777757e-02	3.91555904e-01	2.84889606e-01	1.06666298e-01
1452            	8.91124128e-02	1.25773844e-02	3.91566364e-01	2.84895595e-01	1.06670769e-01
1453            	8.91130353e-02	1.25770395e-02	3.91575240e-01	2.84900655e-01	1.06674585e-01
1454            	8.91136422e-02	1.25766922e-02	3.91583988e-01	2.84905636e-01	1.06678352e-01
1455            	8.91142301e-02	1.25763379e-02	3.91592655e-01	2.84910558e-01	1.06682097e-01
1456            	8.91147995e-02	1.25759738e-02	3.91601291e-01	2.84915445e-01	1.06685846e-01
1457            	8.91153541e-02	1.25755989e-02	3.91609940e-01	2.84920324e-01	1.06689616e-01
1458            	8.91159007e-02	1.25752142e-02	3.91618636e-01	2.84925219e-01	1.06693417e-01
1459            	8.91165496e-02	1.25747836e-02	3.91628574e-01	2.84930836e-01	1.06697737e-01
1460            	8.91170909e-02	1.25744054e-02	3.91637127e-01	2.84935654e-01	1.06701472e-01
1461            	8.91176402e-02	1.25740307e-02	3.91645682e-01	2.84940481e-01	1.06705201e-01
1462            	8.91182021e-02	1.25736590e-02	3.91654282e-01	2.84945343e-01	1.06708939e-01
1463            	8.91187716e-02	1.25732986e-02	3.91662950e-01	2.84950247e-01	1.06712703e-01
1464            	8.91194673e-02	1.25729130e-02	3.91672895e-01	2.84955915e-01	1.06716980e-01
1465            	8.91200581e-02	1.25725818e-02	3.91681462e-01	2.84960789e-01	1.06720673e-01
1466            	8.91206622e-02	1.25722549e-02	3.91690039e-01	2.84965682e-01	1.06724357e-01
1467            	8.91212766e-02	1.25719258e-02	3.91698653e-01	2.84970603e-01	1.06728050e-01
1468            	8.91220069e-02	1.25715571e-02	3.91708483e-01	2.84976249e-01	1.06732235e-01
1469            	8.91226103e-02	1.25712248e-02	3.91716908e-01	2.84981064e-01	1.06735844e-01
1470            	8.91232027e-02	1.25708830e-02	3.91725301e-01	2.84985853e-01	1.06739448e-01
1471            	8.91237830e-02	1.25705293e-02	3.91733703e-01	2.84990634e-01	1.06743068e-01
1472            	8.91244550e-02	1.25701269e-02	3.91743275e-01	2.84996093e-01	1.06747183e-01
1473            	8.91250051e-02	1.25697662e-02	3.91751494e-01	2.85000752e-01	1.06750742e-01
1474            	8.91255487e-02	1.25694005e-02	3.91759710e-01	2.85005404e-01	1.06754307e-01
1475            	8.91261908e-02	1.25689927e-02	3.91769087e-01	2.85010734e-01	1.06758353e-01
1476            	8.91267285e-02	1.25686350e-02	3.91777163e-01	2.85015310e-01	1.06761853e-01
1477            	8.91272723e-02	1.25682777e-02	3.91785273e-01	2.85019909e-01	1.06765364e-01
1478            	8.91279252e-02	1.25678827e-02	3.91794572e-01	2.85025211e-01	1.06769361e-01
1479            	8.91284788e-02	1.25675375e-02	3.91802612e-01	2.85029785e-01	1.06772827e-01
1480            	8.91290334e-02	1.25672011e-02	3.91810706e-01	2.85034386e-01	1.06776320e-01
1481            	8.91297006e-02	1.25668361e-02	3.91820020e-01	2.85039711e-01	1.06780309e-01
1482            	8.91302662e-02	1.25665179e-02	3.91828085e-01	2.85044309e-01	1.06783777e-01
1483            	8.91308434e-02	1.25661981e-02	3.91836221e-01	2.85048954e-01	1.06787267e-01
1484            	8.91315363e-02	1.25658395e-02	3.91845573e-01	2.85054323e-01	1.06791250e-01
1485            	8.91321187e-02	1.25655167e-02	3.91853645e-01	2.85058941e-01	1.06794704e-01
1486            	8.91328014e-02	1.25651515e-02	3.91862841e-01	2.85064222e-01	1.06798619e-01
1487            	8.91333650e-02	1.25648219e-02	3.91870731e-01	2.85068730e-01	1.06802000e-01
1488            	8.91339189e-02	1.25644821e-02	3.91878625e-01	2.85073231e-01	1.06805393e-01
1489            	8.91345602e-02	1.25640945e-02	3.91887644e-01	2.85078382e-01	1.06809262e-01
1490            	8.91350889e-02	1.25637464e-02	3.91895418e-01	2.85082798e-01	1.06812620e-01
1491            	8.91357056e-02	1.25633544e-02	3.91904288e-01	2.85087850e-01	1.06816439e-01
1492            	8.91362197e-02	1.25630073e-02	3.91911938e-01	2.85092189e-01	1.06819749e-01
1493            	8.91367371e-02	1.25626567e-02	3.91919646e-01	2.85096560e-01	1.06823086e-01
1494            	8.91373559e-02	1.25622641e-02	3.91928524e-01	2.85101618e-01	1.06826906e-01
1495            	8.91378829e-02	1.25619191e-02	3.91936233e-01	2.85105999e-01	1.06830233e-01
1496            	8.91385145e-02	1.25615365e-02	3.91945083e-01	2.85111056e-01	1.06834027e-01
1497            	8.91390444e-02	1.25612110e-02	3.91952739e-01	2.85115414e-01	1.06837325e-01
1498            	8.91395832e-02	1.25608910e-02	3.91960477e-01	2.85119822e-01	1.06840655e-01
1499            	8.91402362e-02	1.25605386e-02	3.91969415e-01	2.85124944e-01	1.06844471e-01
1500            	8.91407921e-02	1.25602274e-02	3.91977164e-01	2.85129374e-01	1.06847790e-01
1501            	8.91414566e-02	1.25598785e-02	3.91986051e-01	2.85134482e-01	1.06851569e-01
1502            	8.91420139e-02	1.25595652e-02	3.91993703e-01	2.85138866e-01	1.06854838e-01
1503            	8.91426637e-02	1.25592088e-02	3.92002426e-01	2.85143877e-01	1.06858549e-01
1504            	8.91431992e-02	1.25588862e-02	3.92009915e-01	2.85148157e-01	1.06861758e-01
1505            	8.91437244e-02	1.25585516e-02	3.92017426e-01	2.85152437e-01	1.06864988e-01
1506            	8.91443310e-02	1.25581666e-02	3.92026035e-01	2.85157348e-01	1.06868686e-01
1507            	8.91449183e-02	1.25577834e-02	3.92034478e-01	2.85162157e-01	1.06872321e-01
1508            	8.91454033e-02	1.25574438e-02	3.92041727e-01	2.85166267e-01	1.06875460e-01
1509            	8.91458878e-02	1.25570993e-02	3.92049021e-01	2.85170398e-01	1.06878623e-01
1510            	8.91464641e-02	1.25567106e-02	3.92057429e-01	2.85175178e-01	1.06882250e-01
1511            	8.91469546e-02	1.25563679e-02	3.92064743e-01	2.85179326e-01	1.06885417e-01
1512            	8.91475435e-02	1.25559847e-02	3.92073173e-01	2.85184130e-01	1.06889043e-01
1513            	8.91481333e-02	1.25556133e-02	3.92081486e-01	2.85188876e-01	1.06892610e-01
1514            	8.91486340e-02	1.25552904e-02	3.92088657e-01	2.85192963e-01	1.06895695e-01
1515            	8.91491356e-02	1.25549742e-02	3.92095900e-01	2.85197086e-01	1.06898814e-01
1516            	8.91497376e-02	1.25546252e-02	3.92104290e-01	2.85201883e-01	1.06902407e-01
1517            	8.91503397e-02	1.25542864e-02	3.92112596e-01	2.85206638e-01	1.06905958e-01
1518            	8.91508484e-02	1.25539868e-02	3.92119774e-01	2.85210735e-01	1.06909039e-01
1519            	8.91514536e-02	1.25536466e-02	3.92128024e-01	2.85215465e-01	1.06912558e-01
1520            	8.91519610e-02	1.25533384e-02	3.92135163e-01	2.85219543e-01	1.06915621e-01
1521            	8.91525544e-02	1.25529819e-02	3.92143365e-01	2.85224237e-01	1.06919128e-01
1522            	8.91531299e-02	1.25526222e-02	3.92151428e-01	2.85228844e-01	1.06922584e-01
1523            	8.91536038e-02	1.25522974e-02	3.92158367e-01	2.85232787e-01	1.06925580e-01
1524            	8.91541521e-02	1.25519237e-02	3.92166320e-01	2.85237312e-01	1.06929008e-01
1525            	8.91546855e-02	1.25515511e-02	3.92174149e-01	2.85241760e-01	1.06932389e-01
1526            	8.91551301e-02	1.25512199e-02	3.92180918e-01	2.85245589e-01	1.06935329e-01
1527            	8.91556562e-02	1.25508428e-02	3.92188727e-01	2.85250020e-01	1.06938707e-01
1528            	8.91561803e-02	1.25504709e-02	3.92196470e-01	2.85254415e-01	1.06942055e-01
1529            	8.91566271e-02	1.25501433e-02	3.92203211e-01	2.85258233e-01	1.06944978e-01
1530            	8.91571653e-02	1.25497722e-02	3.92211030e-01	2.85262680e-01	1.06948350e-01
1531            	8.91577065e-02	1.25494072e-02	3.92218809e-01	2.85267111e-01	1.06951698e-01
1532            	8.91582479e-02	1.25490502e-02	3.92226509e-01	2.85271502e-01	1.06955007e-01
1533            	8.91587081e-02	1.25487365e-02	3.92233196e-01	2.85275306e-01	1.06957890e-01
1534            	8.91592568e-02	1.25483795e-02	3.92240941e-01	2.85279727e-01	1.06961213e-01
1535            	8.91597962e-02	1.25480356e-02	3.92248636e-01	2.85284114e-01	1.06964522e-01
1536            	8.91603297e-02	1.25477031e-02	3.92256259e-01	2.85288459e-01	1.06967800e-01
1537            	8.91607799e-02	1.25474104e-02	3.92262884e-01	2.85292222e-01	1.06970662e-01
1538            	8.91613231e-02	1.25470752e-02	3.92270581e-01	2.85296614e-01	1.06973968e-01
1539            	8.91618650e-02	1.25467378e-02	3.92278237e-01	2.85300983e-01	1.06977253e-01
1540            	8.91624002e-02	1.25463976e-02	3.92285807e-01	2.85305304e-01	1.06980503e-01
1541            	8.91629240e-02	1.25460548e-02	3.92293263e-01	2.85309556e-01	1.06983708e-01
1542            	8.91633602e-02	1.25457441e-02	3.92299719e-01	2.85313220e-01	1.06986499e-01
1543            	8.91638703e-02	1.25453808e-02	3.92307185e-01	2.85317463e-01	1.06989722e-01
1544            	8.91643701e-02	1.25450131e-02	3.92314604e-01	2.85321672e-01	1.06992932e-01
1545            	8.91648602e-02	1.25446446e-02	3.92321952e-01	2.85325836e-01	1.06996116e-01
1546            	8.91653431e-02	1.25442787e-02	3.92329219e-01	2.85329953e-01	1.06999267e-01
1547            	8.91658220e-02	1.25439176e-02	3.92336408e-01	2.85334026e-01	1.07002382e-01
1548            	8.91662305e-02	1.25435990e-02	3.92342677e-01	2.85337569e-01	1.07005108e-01
1549            	8.91667251e-02	1.25432335e-02	3.92349994e-01	2.85341722e-01	1.07008272e-01
1550            	8.91672252e-02	1.25428700e-02	3.92357327e-01	2.85345889e-01	1.07011438e-01
1551            	8.91677284e-02	1.25425102e-02	3.92364644e-01	2.85350050e-01	1.07014593e-01
1552            	8.91682323e-02	1.25421555e-02	3.92371916e-01	2.85354190e-01	1.07017726e-01
1553            	8.91687344e-02	1.25418063e-02	3.92379126e-01	2.85358297e-01	1.07020828e-01
1554            	8.91692326e-02	1.25414621e-02	3.92386264e-01	2.85362365e-01	1.07023900e-01
1555            	8.91697253e-02	1.25411215e-02	3.92393332e-01	2.85366392e-01	1.07026941e-01
1556            	8.91702064e-02	1.25407932e-02	3.92400343e-01	2.85370378e-01	1.07029965e-01
1557            	8.91706114e-02	1.25405053e-02	3.92406475e-01	2.85373849e-01	1.07032626e-01
1558            	8.91711048e-02	1.25401729e-02	3.92413679e-01	2.85377944e-01	1.07035735e-01
1559            	8.91716035e-02	1.25398364e-02	3.92420926e-01	2.85382067e-01	1.07038860e-01
1560            	8.91721042e-02	1.25394954e-02	3.92428172e-01	2.85386190e-01	1.07041982e-01
1561            	8.91726028e-02	1.25391508e-02	3.92435373e-01	2.85390290e-01	1.07045084e-01
1562            	8.91730956e-02	1.25388036e-02	3.92442501e-01	2.85394346e-01	1.07048155e-01
1563            	8.91735796e-02	1.25384548e-02	3.92449536e-01	2.85398347e-01	1.07051188e-01
1564            	8.91740535e-02	1.25381053e-02	3.92456475e-01	2.85402291e-01	1.07054184e-01
1565            	8.91745178e-02	1.25377554e-02	3.92463328e-01	2.85406182e-01	1.07057146e-01
1566            	8.91749740e-02	1.25374050e-02	3.92470113e-01	2.85410030e-01	1.07060082e-01
1567            	8.91754246e-02	1.25370539e-02	3.92476851e-01	2.85413850e-01	1.07063001e-01
1568            	8.91758724e-02	1.25367020e-02	3.92483567e-01	2.85417656e-01	1.07065911e-01
1569            	8.91763205e-02	1.25363491e-02	3.92490283e-01	2.85421462e-01	1.07068821e-01
1570            	8.91767712e-02	1.25359955e-02	3.92497015e-01	2.85425279e-01	1.07071736e-01
1571            	8.91772263e-02	1.25356415e-02	3.92503772e-01	2.85429112e-01	1.07074660e-01
1572            	8.91776868e-02	1.25352877e-02	3.92510559e-01	2.85432966e-01	1.07077593e-01
1573            	8.91781526e-02	1.25349347e-02	3.92517372e-01	2.85436839e-01	1.07080534e-01
1574            	8.91786231e-02	1.25345830e-02	3.92524204e-01	2.85440725e-01	1.07083479e-01
1575            	8.91790970e-02	1.25342330e-02	3.92531044e-01	2.85444619e-01	1.07086425e-01
1576            	8.91795726e-02	1.25338849e-02	3.92537879e-01	2.85448512e-01	1.07089367e-01
1577            	8.91800479e-02	1.25335385e-02	3.92544697e-01	2.85452396e-01	1.07092301e-01
1578            	8.91805170e-02	1.25332040e-02	3.92551494e-01	2.85456264e-01	1.07095230e-01
1579            	8.91809855e-02	1.25328784e-02	3.92558273e-01	2.85460122e-01	1.07098151e-01
1580            	8.91814566e-02	1.25325576e-02	3.92565035e-01	2.85463974e-01	1.07101061e-01
1581            	8.91819308e-02	1.25322378e-02	3.92571777e-01	2.85467819e-01	1.07103958e-01
1582            	8.91824061e-02	1.25319153e-02	3.92578493e-01	2.85471653e-01	1.07106841e-01
1583            	8.91828793e-02	1.25315875e-02	3.92585180e-01	2.85475469e-01	1.07109711e-01
1584            	8.91833470e-02	1.25312527e-02	3.92591833e-01	2.85479263e-01	1.07112569e-01
1585            	8.91838070e-02	1.25309104e-02	3.92598453e-01	2.85483033e-01	1.07115419e-01
1586            	8.91842589e-02	1.25305612e-02	3.92605042e-01	2.85486780e-01	1.07118262e-01
1587            	8.91847040e-02	1.25302064e-02	3.92611609e-01	2.85490508e-01	1.07121100e-01
1588            	8.91851450e-02	1.25298480e-02	3.92618160e-01	2.85494225e-01	1.07123935e-01
1589            	8.91855854e-02	1.25294880e-02	3.92624704e-01	2.85497938e-01	1.07126767e-01
1590            	8.91860286e-02	1.25291284e-02	3.92631250e-01	2.85501653e-01	1.07129596e-01
1591            	8.91864770e-02	1.25287706e-02	3.92637802e-01	2.85505378e-01	1.07132424e-01
1592            	8.91869322e-02	1.25284157e-02	3.92644363e-01	2.85509114e-01	1.07135249e-01
1593            	8.91873942e-02	1.25280641e-02	3.92650931e-01	2.85512860e-01	1.07138071e-01
1594            	8.91878620e-02	1.25277157e-02	3.92657504e-01	2.85516614e-01	1.07140890e-01
1595            	8.91883338e-02	1.25273701e-02	3.92664076e-01	2.85520372e-01	1.07143704e-01
1596            	8.91888075e-02	1.25270266e-02	3.92670641e-01	2.85524128e-01	1.07146513e-01
1597            	8.91892808e-02	1.25266844e-02	3.92677193e-01	2.85527878e-01	1.07149316e-01
1598            	8.91897521e-02	1.25263429e-02	3.92683729e-01	2.85531616e-01	1.07152112e-01
1599            	8.91902199e-02	1.25260014e-02	3.92690243e-01	2.85535341e-01	1.07154902e-01
1600            	8.91906837e-02	1.25256596e-02	3.92696735e-01	2.85539051e-01	1.07157684e-01
1601            	8.91911400e-02	1.25253276e-02	3.92703210e-01	2.85542745e-01	1.07160465e-01
1602            	8.91915961e-02	1.25250028e-02	3.92709681e-01	2.85546437e-01	1.07163245e-01
1603            	8.91920571e-02	1.25246819e-02	3.92716154e-01	2.85550134e-01	1.07166020e-01
1604            	8.91925248e-02	1.25243616e-02	3.92722630e-01	2.85553840e-01	1.07168790e-01
1605            	8.91929982e-02	1.25240389e-02	3.92729105e-01	2.85557550e-01	1.07171554e-01
1606            	8.91934742e-02	1.25237114e-02	3.92735570e-01	2.85561259e-01	1.07174311e-01
1607            	8.91939493e-02	1.25233779e-02	3.92742020e-01	2.85564959e-01	1.07177061e-01
1608            	8.91944205e-02	1.25230377e-02	3.92748448e-01	2.85568644e-01	1.07179803e-01
1609            	8.91948862e-02	1.25226915e-02	3.92754852e-01	2.85572312e-01	1.07182540e-01
1610            	8.91953468e-02	1.25223404e-02	3.92761233e-01	2.85575963e-01	1.07185270e-01
1611            	8.91958036e-02	1.25219862e-02	3.92767596e-01	2.85579602e-01	1.07187994e-01
1612            	8.91962592e-02	1.25216308e-02	3.92773947e-01	2.85583233e-01	1.07190714e-01
1613            	8.91967162e-02	1.25212757e-02	3.92780292e-01	2.85586862e-01	1.07193430e-01
1614            	8.91971770e-02	1.25209223e-02	3.92786637e-01	2.85590496e-01	1.07196142e-01
1615            	8.91976430e-02	1.25205716e-02	3.92792987e-01	2.85594136e-01	1.07198850e-01
1616            	8.91981149e-02	1.25202240e-02	3.92799342e-01	2.85597786e-01	1.07201556e-01
1617            	8.91985920e-02	1.25198794e-02	3.92805701e-01	2.85601443e-01	1.07204259e-01
1618            	8.91990731e-02	1.25195376e-02	3.92812063e-01	2.85605104e-01	1.07206958e-01
1619            	8.91995568e-02	1.25191979e-02	3.92818422e-01	2.85608768e-01	1.07209654e-01
1620            	8.92000413e-02	1.25188595e-02	3.92824775e-01	2.85612429e-01	1.07212346e-01
1621            	8.92005251e-02	1.25185218e-02	3.92831119e-01	2.85616085e-01	1.07215034e-01
1622            	8.92010072e-02	1.25181842e-02	3.92837450e-01	2.85619732e-01	1.07217718e-01
1623            	8.92014871e-02	1.25178464e-02	3.92843765e-01	2.85623370e-01	1.07220396e-01
1624            	8.92019646e-02	1.25175081e-02	3.92850065e-01	2.85626997e-01	1.07223068e-01
1625            	8.92024402e-02	1.25171694e-02	3.92856350e-01	2.85630615e-01	1.07225735e-01
1626            	8.92029119e-02	1.25168410e-02	3.92862628e-01	2.85634226e-01	1.07228402e-01
1627            	8.92033869e-02	1.25165204e-02	3.92868911e-01	2.85637842e-01	1.07231069e-01
1628            	8.92038696e-02	1.25162043e-02	3.92875205e-01	2.85641472e-01	1.07233733e-01
1629            	8.92043613e-02	1.25158893e-02	3.92881511e-01	2.85645117e-01	1.07236394e-01
1630            	8.92048602e-02	1.25155722e-02	3.92887820e-01	2.85648770e-01	1.07239050e-01
1631            	8.92053626e-02	1.25152507e-02	3.92894126e-01	2.85652425e-01	1.07241700e-01
1632            	8.92058645e-02	1.25149231e-02	3.92900418e-01	2.85656074e-01	1.07244344e-01
1633            	8.92063626e-02	1.25145889e-02	3.92906690e-01	2.85659708e-01	1.07246983e-01
1634            	8.92068550e-02	1.25142485e-02	3.92912940e-01	2.85663325e-01	1.07249615e-01
1635            	8.92073418e-02	1.25139032e-02	3.92919168e-01	2.85666926e-01	1.07252242e-01
1636            	8.92078244e-02	1.25135544e-02	3.92925378e-01	2.85670513e-01	1.07254864e-01
1637            	8.92083054e-02	1.25132041e-02	3.92931576e-01	2.85674093e-01	1.07257483e-01
1638            	8.92087874e-02	1.25128541e-02	3.92937769e-01	2.85677672e-01	1.07260097e-01
1639            	8.92092730e-02	1.25125058e-02	3.92943963e-01	2.85681255e-01	1.07262709e-01
1640            	8.92097641e-02	1.25121604e-02	3.92950163e-01	2.85684846e-01	1.07265317e-01
1641            	8.92102614e-02	1.25118182e-02	3.92956370e-01	2.85688447e-01	1.07267924e-01
1642            	8.92107646e-02	1.25114794e-02	3.92962585e-01	2.85692057e-01	1.07270528e-01
1643            	8.92112728e-02	1.25111436e-02	3.92968806e-01	2.85695676e-01	1.07273130e-01
1644            	8.92117843e-02	1.25108101e-02	3.92975029e-01	2.85699299e-01	1.07275730e-01
1645            	8.92122975e-02	1.25104781e-02	3.92981249e-01	2.85702922e-01	1.07278327e-01
1646            	8.92128108e-02	1.25101469e-02	3.92987463e-01	2.85706542e-01	1.07280921e-01
1647            	8.92133231e-02	1.25098160e-02	3.92993668e-01	2.85710157e-01	1.07283511e-01
1648            	8.92138337e-02	1.25094849e-02	3.92999861e-01	2.85713764e-01	1.07286097e-01
1649            	8.92143424e-02	1.25091533e-02	3.93006041e-01	2.85717363e-01	1.07288678e-01
1650            	8.92148497e-02	1.25088212e-02	3.93012208e-01	2.85720954e-01	1.07291255e-01
1651            	8.92153559e-02	1.25084885e-02	3.93018365e-01	2.85724538e-01	1.07293827e-01
1652            	8.92158619e-02	1.25081556e-02	3.93024512e-01	2.85728118e-01	1.07296394e-01
1653            	8.92163663e-02	1.25078331e-02	3.93030660e-01	2.85731696e-01	1.07298964e-01
1654            	8.92168760e-02	1.25075187e-02	3.93036821e-01	2.85735286e-01	1.07301534e-01
1655            	8.92173951e-02	1.25072090e-02	3.93043000e-01	2.85738895e-01	1.07304105e-01
1656            	8.92179242e-02	1.25069007e-02	3.93049196e-01	2.85742522e-01	1.07306674e-01
1657            	8.92184612e-02	1.25065906e-02	3.93055402e-01	2.85746162e-01	1.07309240e-01
1658            	8.92190019e-02	1.25062759e-02	3.93061609e-01	2.85749806e-01	1.07311802e-01
1659            	8.92195420e-02	1.25059552e-02	3.93067804e-01	2.85753444e-01	1.07314360e-01
1660            	8.92200778e-02	1.25056278e-02	3.93073981e-01	2.85757068e-01	1.07316913e-01
1661            	8.92206072e-02	1.25052941e-02	3.93080135e-01	2.85760675e-01	1.07319460e-01
1662            	8.92211303e-02	1.25049553e-02	3.93086266e-01	2.85764263e-01	1.07322003e-01
1663            	8.92216485e-02	1.25046131e-02	3.93092377e-01	2.85767837e-01	1.07324540e-01
1664            	8.92221644e-02	1.25042694e-02	3.93098476e-01	2.85771402e-01	1.07327074e-01
1665            	8.92226809e-02	1.25039261e-02	3.93104569e-01	2.85774965e-01	1.07329604e-01
1666            	8.92232006e-02	1.25035847e-02	3.93110663e-01	2.85778532e-01	1.07332131e-01
1667            	8.92237256e-02	1.25032461e-02	3.93116763e-01	2.85782107e-01	1.07334656e-01
1668            	8.92242566e-02	1.25029109e-02	3.93122872e-01	2.85785693e-01	1.07337179e-01
1669            	8.92247937e-02	1.25025791e-02	3.93128990e-01	2.85789289e-01	1.07339701e-01
1670            	8.92253359e-02	1.25022503e-02	3.93135117e-01	2.85792894e-01	1.07342222e-01
1671            	8.92258819e-02	1.25019240e-02	3.93141248e-01	2.85796506e-01	1.07344742e-01
1672            	8.92264299e-02	1.25015992e-02	3.93147380e-01	2.85800120e-01	1.07347260e-01
1673            	8.92269784e-02	1.25012752e-02	3.93153509e-01	2.85803733e-01	1.07349776e-01
1674            	8.92275262e-02	1.25009513e-02	3.93159633e-01	2.85807342e-01	1.07352290e-01
1675            	8.92280724e-02	1.25006269e-02	3.93165747e-01	2.85810946e-01	1.07354801e-01
1676            	8.92286168e-02	1.25003018e-02	3.93171851e-01	2.85814542e-01	1.07357309e-01
1677            	8.92291595e-02	1.24999761e-02	3.93177944e-01	2.85818132e-01	1.07359813e-01
1678            	8.92297011e-02	1.24996498e-02	3.93184027e-01	2.85821715e-01	1.07362313e-01
1679            	8.92302422e-02	1.24993231e-02	3.93190103e-01	2.85825293e-01	1.07364809e-01
1680            	8.92307835e-02	1.24989962e-02	3.93196171e-01	2.85828869e-01	1.07367302e-01
1681            	8.92313257e-02	1.24986694e-02	3.93202236e-01	2.85832444e-01	1.07369792e-01
1682            	8.92318679e-02	1.24983535e-02	3.93208307e-01	2.85836021e-01	1.07372285e-01
1683            	8.92324162e-02	1.24980461e-02	3.93214395e-01	2.85839614e-01	1.07374781e-01
1684            	8.92329739e-02	1.24977437e-02	3.93220504e-01	2.85843226e-01	1.07377278e-01
1685            	8.92335412e-02	1.24974429e-02	3.93226632e-01	2.85846857e-01	1.07379775e-01
1686            	8.92341154e-02	1.24971402e-02	3.93232771e-01	2.85850501e-01	1.07382270e-01
1687            	8.92346924e-02	1.24968332e-02	3.93238909e-01	2.85854147e-01	1.07384762e-01
1688            	8.92352674e-02	1.24965199e-02	3.93245035e-01	2.85857785e-01	1.07387250e-01
1689            	8.92358370e-02	1.24961998e-02	3.93251141e-01	2.85861408e-01	1.07389734e-01
1690            	8.92363992e-02	1.24958732e-02	3.93257223e-01	2.85865010e-01	1.07392212e-01
1691            	8.92369540e-02	1.24955413e-02	3.93263280e-01	2.85868594e-01	1.07394686e-01
1692            	8.92375031e-02	1.24952059e-02	3.93269316e-01	2.85872161e-01	1.07397155e-01
1693            	8.92380491e-02	1.24948690e-02	3.93275339e-01	2.85875718e-01	1.07399620e-01
1694            	8.92385953e-02	1.24945324e-02	3.93281355e-01	2.85879273e-01	1.07402082e-01
1695            	8.92391444e-02	1.24941975e-02	3.93287373e-01	2.85882831e-01	1.07404542e-01
1696            	8.92396983e-02	1.24938654e-02	3.93293398e-01	2.85886397e-01	1.07407001e-01
1697            	8.92402582e-02	1.24935367e-02	3.93299434e-01	2.85889975e-01	1.07409459e-01
1698            	8.92408240e-02	1.24932114e-02	3.93305480e-01	2.85893564e-01	1.07411916e-01
1699            	8.92413948e-02	1.24928890e-02	3.93311537e-01	2.85897163e-01	1.07414374e-01
1700            	8.92419689e-02	1.24925689e-02	3.93317599e-01	2.85900769e-01	1.07416831e-01
1701            	8.92425448e-02	1.24922503e-02	3.93323664e-01	2.85904377e-01	1.07419287e-01
1702            	8.92431207e-02	1.24919322e-02	3.93329727e-01	2.85907984e-01	1.07421743e-01
1703            	8.92436953e-02	1.24916141e-02	3.93335785e-01	2.85911588e-01	1.07424197e-01
1704            	8.92442677e-02	1.24912955e-02	3.93341834e-01	2.85915184e-01	1.07426649e-01
1705            	8.92448375e-02	1.24909760e-02	3.93347872e-01	2.85918773e-01	1.07429098e-01
1706            	8.92454049e-02	1.24906558e-02	3.93353898e-01	2.85922354e-01	1.07431544e-01
1707            	8.92459702e-02	1.24903349e-02	3.93359914e-01	2.85925927e-01	1.07433987e-01
1708            	8.92465341e-02	1.24900135e-02	3.93365920e-01	2.85929494e-01	1.07436426e-01
1709            	8.92470975e-02	1.24896919e-02	3.93371919e-01	2.85933057e-01	1.07438862e-01
1710            	8.92476610e-02	1.24893704e-02	3.93377914e-01	2.85936618e-01	1.07441296e-01
1711            	8.92482252e-02	1.24890491e-02	3.93383906e-01	2.85940178e-01	1.07443728e-01
1712            	8.92487904e-02	1.24887282e-02	3.93389896e-01	2.85943738e-01	1.07446158e-01
1713            	8.92493569e-02	1.24884078e-02	3.93395886e-01	2.85947300e-01	1.07448586e-01
1714            	8.92499238e-02	1.24880986e-02	3.93401886e-01	2.85950867e-01	1.07451019e-01
1715            	8.92504963e-02	1.24877980e-02	3.93407905e-01	2.85954449e-01	1.07453456e-01
1716            	8.92510770e-02	1.24875024e-02	3.93413944e-01	2.85958049e-01	1.07455895e-01
1717            	8.92516657e-02	1.24872080e-02	3.93420001e-01	2.85961666e-01	1.07458335e-01
1718            	8.92522594e-02	1.24869114e-02	3.93426066e-01	2.85965292e-01	1.07460773e-01
1719            	8.92528537e-02	1.24866101e-02	3.93432125e-01	2.85968916e-01	1.07463209e-01
1720            	8.92534444e-02	1.24863022e-02	3.93438170e-01	2.85972529e-01	1.07465641e-01
1721            	8.92540281e-02	1.24859873e-02	3.93444191e-01	2.85976124e-01	1.07468068e-01
1722            	8.92546029e-02	1.24856658e-02	3.93450184e-01	2.85979695e-01	1.07470489e-01
1723            	8.92551692e-02	1.24853389e-02	3.93456150e-01	2.85983244e-01	1.07472906e-01
1724            	8.92557289e-02	1.24850083e-02	3.93462094e-01	2.85986776e-01	1.07475318e-01
1725            	8.92562848e-02	1.24846761e-02	3.93468024e-01	2.85990297e-01	1.07477727e-01
1726            	8.92568400e-02	1.24843441e-02	3.93473946e-01	2.85993813e-01	1.07480133e-01
1727            	8.92573977e-02	1.24840140e-02	3.93479871e-01	2.85997333e-01	1.07482538e-01
1728            	8.92579599e-02	1.24836866e-02	3.93485803e-01	2.86000861e-01	1.07484942e-01
1729            	8.92585274e-02	1.24833625e-02	3.93491746e-01	2.86004401e-01	1.07487346e-01
1730            	8.92591003e-02	1.24830418e-02	3.93497701e-01	2.86007951e-01	1.07489750e-01
1731            	8.92596774e-02	1.24827238e-02	3.93503666e-01	2.86011510e-01	1.07492155e-01
1732            	8.92602573e-02	1.24824077e-02	3.93509637e-01	2.86015076e-01	1.07494561e-01
1733            	8.92608378e-02	1.24820929e-02	3.93515610e-01	2.86018643e-01	1.07496967e-01
1734            	8.92614174e-02	1.24817784e-02	3.93521580e-01	2.86022207e-01	1.07499373e-01
1735            	8.92619946e-02	1.24814637e-02	3.93527543e-01	2.86025766e-01	1.07501777e-01
1736            	8.92625685e-02	1.24811483e-02	3.93533495e-01	2.86029316e-01	1.07504179e-01
1737            	8.92631386e-02	1.24808320e-02	3.93539434e-01	2.86032856e-01	1.07506579e-01
1738            	8.92637050e-02	1.24805148e-02	3.93545360e-01	2.86036385e-01	1.07508975e-01
1739            	8.92642682e-02	1.24801968e-02	3.93551274e-01	2.86039905e-01	1.07511369e-01
1740            	8.92648288e-02	1.24798783e-02	3.93557175e-01	2.86043416e-01	1.07513759e-01
1741            	8.92653876e-02	1.24795596e-02	3.93563067e-01	2.86046921e-01	1.07516146e-01
1742            	8.92659456e-02	1.24792409e-02	3.93568953e-01	2.86050422e-01	1.07518531e-01
1743            	8.92665032e-02	1.24789225e-02	3.93574835e-01	2.86053921e-01	1.07520914e-01
1744            	8.92670609e-02	1.24786046e-02	3.93580713e-01	2.86057417e-01	1.07523295e-01
1745            	8.92676190e-02	1.24782871e-02	3.93586590e-01	2.86060914e-01	1.07525676e-01
1746            	8.92681775e-02	1.24779701e-02	3.93592467e-01	2.86064411e-01	1.07528056e-01
1747            	8.92687362e-02	1.24776534e-02	3.93598344e-01	2.86067908e-01	1.07530436e-01
1748            	8.92692948e-02	1.24773370e-02	3.93604220e-01	2.86071405e-01	1.07532815e-01
1749            	8.92698530e-02	1.24770316e-02	3.93610105e-01	2.86074905e-01	1.07535199e-01
1750            	8.92704153e-02	1.24767345e-02	3.93616006e-01	2.86078419e-01	1.07537588e-01
1751            	8.92709838e-02	1.24764420e-02	3.93621924e-01	2.86081946e-01	1.07539978e-01
1752            	8.92715581e-02	1.24761507e-02	3.93627853e-01	2.86085484e-01	1.07542368e-01
1753            	8.92721354e-02	1.24758569e-02	3.93633784e-01	2.86089027e-01	1.07544757e-01
1754            	8.92727115e-02	1.24755582e-02	3.93639706e-01	2.86092565e-01	1.07547142e-01
1755            	8.92732820e-02	1.24752527e-02	3.93645607e-01	2.86096086e-01	1.07549522e-01
1756            	8.92738441e-02	1.24749400e-02	3.93651481e-01	2.86099585e-01	1.07551896e-01
1757            	8.92743965e-02	1.24746204e-02	3.93657325e-01	2.86103059e-01	1.07554266e-01
1758            	8.92749396e-02	1.24742952e-02	3.93663142e-01	2.86106510e-01	1.07556631e-01
1759            	8.92754752e-02	1.24739663e-02	3.93668934e-01	2.86109942e-01	1.07558992e-01
1760            	8.92760066e-02	1.24736356e-02	3.93674713e-01	2.86113363e-01	1.07561350e-01
1761            	8.92765370e-02	1.24733049e-02	3.93680486e-01	2.86116780e-01	1.07563706e-01
1762            	8.92770690e-02	1.24729759e-02	3.93686261e-01	2.86120199e-01	1.07566061e-01
1763            	8.92776048e-02	1.24726497e-02	3.93692042e-01	2.86123626e-01	1.07568416e-01
1764            	8.92781083e-02	1.24723390e-02	3.93697510e-01	2.86126863e-01	1.07570647e-01
1765            	8.92786632e-02	1.24720134e-02	3.93703417e-01	2.86130372e-01	1.07573045e-01
1766            	8.92792228e-02	1.24716899e-02	3.93709345e-01	2.86133895e-01	1.07575450e-01
1767            	8.92797844e-02	1.24713689e-02	3.93715275e-01	2.86137422e-01	1.07577853e-01
1768            	8.92803448e-02	1.24710506e-02	3.93721186e-01	2.86140938e-01	1.07580248e-01
1769            	8.92809010e-02	1.24707347e-02	3.93727064e-01	2.86144433e-01	1.07582631e-01
1770            	8.92814128e-02	1.24704329e-02	3.93732568e-01	2.86147697e-01	1.07584871e-01
1771            	8.92819651e-02	1.24701148e-02	3.93738458e-01	2.86151194e-01	1.07587264e-01
1772            	8.92825105e-02	1.24697965e-02	3.93744318e-01	2.86154669e-01	1.07589648e-01
1773            	8.92830107e-02	1.24694906e-02	3.93749809e-01	2.86157915e-01	1.07591894e-01
1774            	8.92835507e-02	1.24691672e-02	3.93755687e-01	2.86161394e-01	1.07594293e-01
1775            	8.92840851e-02	1.24688436e-02	3.93761536e-01	2.86164853e-01	1.07596683e-01
1776            	8.92845769e-02	1.24685337e-02	3.93767018e-01	2.86168086e-01	1.07598932e-01
1777            	8.92851102e-02	1.24682075e-02	3.93772884e-01	2.86171552e-01	1.07601332e-01
1778            	8.92856029e-02	1.24678958e-02	3.93778391e-01	2.86174799e-01	1.07603593e-01
1779            	8.92861389e-02	1.24675684e-02	3.93784287e-01	2.86178283e-01	1.07606005e-01
1780            	8.92866343e-02	1.24672565e-02	3.93789817e-01	2.86181543e-01	1.07608274e-01
1781            	8.92871351e-02	1.24669424e-02	3.93795399e-01	2.86184835e-01	1.07610564e-01
1782            	8.92876798e-02	1.24666128e-02	3.93801373e-01	2.86188366e-01	1.07613007e-01
1783            	8.92881814e-02	1.24662996e-02	3.93806961e-01	2.86191662e-01	1.07615299e-01
1784            	8.92886857e-02	1.24659851e-02	3.93812580e-01	2.86194976e-01	1.07617604e-01
1785            	8.92891926e-02	1.24656688e-02	3.93818233e-01	2.86198309e-01	1.07619924e-01
1786            	8.92897014e-02	1.24653614e-02	3.93823925e-01	2.86201664e-01	1.07622261e-01
1787            	8.92902156e-02	1.24650607e-02	3.93829657e-01	2.86205044e-01	1.07624613e-01
1788            	8.92907370e-02	1.24647641e-02	3.93835419e-01	2.86208447e-01	1.07626973e-01
1789            	8.92912647e-02	1.24644689e-02	3.93841200e-01	2.86211864e-01	1.07629335e-01
1790            	8.92917948e-02	1.24641722e-02	3.93846978e-01	2.86215284e-01	1.07631694e-01
1791            	8.92923224e-02	1.24638720e-02	3.93852734e-01	2.86218689e-01	1.07634044e-01
1792            	8.92928425e-02	1.24635667e-02	3.93858449e-01	2.86222067e-01	1.07636382e-01
1793            	8.92933514e-02	1.24632553e-02	3.93864117e-01	2.86225410e-01	1.07638707e-01
1794            	8.92938474e-02	1.24629378e-02	3.93869733e-01	2.86228714e-01	1.07641019e-01
1795            	8.92943305e-02	1.24626149e-02	3.93875302e-01	2.86231981e-01	1.07643320e-01
1796            	8.92948030e-02	1.24622877e-02	3.93880834e-01	2.86235220e-01	1.07645614e-01
1797            	8.92952682e-02	1.24619577e-02	3.93886344e-01	2.86238440e-01	1.07647904e-01
1798            	8.92957301e-02	1.24616266e-02	3.93891844e-01	2.86241652e-01	1.07650192e-01
1799            	8.92961924e-02	1.24612959e-02	3.93897348e-01	2.86244866e-01	1.07652481e-01
1800            	8.92966581e-02	1.24609668e-02	3.93902866e-01	2.86248091e-01	1.07654775e-01
1801            	8.92971291e-02	1.24606401e-02	3.93908406e-01	2.86251332e-01	1.07657074e-01
1802            	8.92976063e-02	1.24603159e-02	3.93913973e-01	2.86254593e-01	1.07659380e-01
1803            	8.92980883e-02	1.24599947e-02	3.93919556e-01	2.86257866e-01	1.07661690e-01
1804            	8.92985735e-02	1.24596759e-02	3.93925150e-01	2.86261148e-01	1.07664001e-01
1805            	8.92990593e-02	1.24593591e-02	3.93930746e-01	2.86264432e-01	1.07666314e-01
1806            	8.92995434e-02	1.24590435e-02	3.93936333e-01	2.86267710e-01	1.07668623e-01
1807            	8.93000236e-02	1.24587283e-02	3.93941907e-01	2.86270977e-01	1.07670930e-01
1808            	8.93004983e-02	1.24584128e-02	3.93947461e-01	2.86274229e-01	1.07673232e-01
1809            	8.93009665e-02	1.24580967e-02	3.93952991e-01	2.86277462e-01	1.07675529e-01
1810            	8.93014279e-02	1.24577796e-02	3.93958497e-01	2.86280677e-01	1.07677821e-01
1811            	8.93018829e-02	1.24574613e-02	3.93963983e-01	2.86283874e-01	1.07680108e-01
1812            	8.93023324e-02	1.24571420e-02	3.93969448e-01	2.86287057e-01	1.07682392e-01
1813            	8.93027772e-02	1.24568220e-02	3.93974897e-01	2.86290226e-01	1.07684671e-01
1814            	8.93032185e-02	1.24565016e-02	3.93980332e-01	2.86293385e-01	1.07686948e-01
1815            	8.93036576e-02	1.24561809e-02	3.93985760e-01	2.86296538e-01	1.07689223e-01
1816            	8.93040955e-02	1.24558603e-02	3.93991185e-01	2.86299688e-01	1.07691497e-01
1817            	8.93045328e-02	1.24555398e-02	3.93996607e-01	2.86302836e-01	1.07693771e-01
1818            	8.93049698e-02	1.24552196e-02	3.94002030e-01	2.86305985e-01	1.07696045e-01
1819            	8.93054066e-02	1.24548997e-02	3.94007453e-01	2.86309133e-01	1.07698320e-01
1820            	8.93058427e-02	1.24545802e-02	3.94012874e-01	2.86312280e-01	1.07700594e-01
1821            	8.93062777e-02	1.24542608e-02	3.94018291e-01	2.86315423e-01	1.07702868e-01
1822            	8.93067112e-02	1.24539416e-02	3.94023703e-01	2.86318563e-01	1.07705140e-01
1823            	8.93071424e-02	1.24536225e-02	3.94029108e-01	2.86321696e-01	1.07707412e-01
1824            	8.93075709e-02	1.24533034e-02	3.94034504e-01	2.86324823e-01	1.07709681e-01
1825            	8.93079963e-02	1.24529841e-02	3.94039889e-01	2.86327941e-01	1.07711948e-01
1826            	8.93084183e-02	1.24526648e-02	3.94045263e-01	2.86331050e-01	1.07714213e-01
1827            	8.93088371e-02	1.24523563e-02	3.94050635e-01	2.86334154e-01	1.07716480e-01
1828            	8.93092571e-02	1.24520563e-02	3.94056010e-01	2.86337262e-01	1.07718748e-01
1829            	8.93096811e-02	1.24517611e-02	3.94061394e-01	2.86340378e-01	1.07721016e-01
1830            	8.93101091e-02	1.24514673e-02	3.94066784e-01	2.86343501e-01	1.07723283e-01
1831            	8.93105388e-02	1.24511714e-02	3.94072173e-01	2.86346625e-01	1.07725548e-01
1832            	8.93109667e-02	1.24508709e-02	3.94077551e-01	2.86349742e-01	1.07727809e-01
1833            	8.93113889e-02	1.24505637e-02	3.94082910e-01	2.86352844e-01	1.07730066e-01
1834            	8.93118025e-02	1.24502491e-02	3.94088243e-01	2.86355924e-01	1.07732319e-01
1835            	8.93122061e-02	1.24499275e-02	3.94093547e-01	2.86358980e-01	1.07734567e-01
1836            	8.93126000e-02	1.24495998e-02	3.94098823e-01	2.86362011e-01	1.07736811e-01
1837            	8.93129860e-02	1.24492677e-02	3.94104076e-01	2.86365024e-01	1.07739052e-01
1838            	8.93133667e-02	1.24489332e-02	3.94109314e-01	2.86368024e-01	1.07741290e-01
1839            	8.93137450e-02	1.24485983e-02	3.94114542e-01	2.86371016e-01	1.07743526e-01
1840            	8.93141237e-02	1.24482646e-02	3.94119769e-01	2.86374008e-01	1.07745761e-01
1841            	8.93145045e-02	1.24479333e-02	3.94124998e-01	2.86377004e-01	1.07747995e-01
1842            	8.93148883e-02	1.24476051e-02	3.94130232e-01	2.86380004e-01	1.07750228e-01
1843            	8.93152750e-02	1.24472802e-02	3.94135470e-01	2.86383010e-01	1.07752460e-01
1844            	8.93156637e-02	1.24469581e-02	3.94140712e-01	2.86386020e-01	1.07754692e-01
1845            	8.93160528e-02	1.24466382e-02	3.94145955e-01	2.86389030e-01	1.07756924e-01
1846            	8.93164407e-02	1.24463197e-02	3.94151192e-01	2.86392037e-01	1.07759156e-01
1847            	8.93168255e-02	1.24460017e-02	3.94156422e-01	2.86395037e-01	1.07761386e-01
1848            	8.93172059e-02	1.24456836e-02	3.94161640e-01	2.86398026e-01	1.07763614e-01
1849            	8.93175810e-02	1.24453649e-02	3.94166841e-01	2.86401001e-01	1.07765839e-01
1850            	8.93179501e-02	1.24450454e-02	3.94172023e-01	2.86403961e-01	1.07768061e-01
1851            	8.93183136e-02	1.24447250e-02	3.94177186e-01	2.86406907e-01	1.07770279e-01
1852            	8.93186720e-02	1.24444037e-02	3.94182332e-01	2.86409838e-01	1.07772494e-01
1853            	8.93190260e-02	1.24440819e-02	3.94187463e-01	2.86412757e-01	1.07774705e-01
1854            	8.93193765e-02	1.24437597e-02	3.94192580e-01	2.86415667e-01	1.07776914e-01
1855            	8.93197244e-02	1.24434373e-02	3.94197687e-01	2.86418568e-01	1.07779119e-01
1856            	8.93200704e-02	1.24431150e-02	3.94202785e-01	2.86421463e-01	1.07781322e-01
1857            	8.93204148e-02	1.24427931e-02	3.94207876e-01	2.86424353e-01	1.07783523e-01
1858            	8.93207579e-02	1.24424714e-02	3.94212960e-01	2.86427238e-01	1.07785722e-01
1859            	8.93211000e-02	1.24421500e-02	3.94218039e-01	2.86430120e-01	1.07787920e-01
1860            	8.93214408e-02	1.24418288e-02	3.94223114e-01	2.86432998e-01	1.07790116e-01
1861            	8.93217801e-02	1.24415077e-02	3.94228185e-01	2.86435873e-01	1.07792312e-01
1862            	8.93221177e-02	1.24411865e-02	3.94233250e-01	2.86438743e-01	1.07794507e-01
1863            	8.93224530e-02	1.24408652e-02	3.94238308e-01	2.86441607e-01	1.07796701e-01
1864            	8.93227857e-02	1.24405440e-02	3.94243356e-01	2.86444464e-01	1.07798892e-01
1865            	8.93231155e-02	1.24402227e-02	3.94248394e-01	2.86447313e-01	1.07801081e-01
1866            	8.93234423e-02	1.24399013e-02	3.94253421e-01	2.86450153e-01	1.07803268e-01
1867            	8.93237659e-02	1.24395800e-02	3.94258436e-01	2.86452984e-01	1.07805452e-01
1868            	8.93240863e-02	1.24392587e-02	3.94263440e-01	2.86455806e-01	1.07807634e-01
1869            	8.93244037e-02	1.24389375e-02	3.94268433e-01	2.86458620e-01	1.07809813e-01
1870            	8.93247182e-02	1.24386164e-02	3.94273415e-01	2.86461426e-01	1.07811989e-01
1871            	8.93250307e-02	1.24383069e-02	3.94278397e-01	2.86464229e-01	1.07814168e-01
1872            	8.93253454e-02	1.24380063e-02	3.94283384e-01	2.86467037e-01	1.07816347e-01
1873            	8.93256649e-02	1.24377110e-02	3.94288382e-01	2.86469856e-01	1.07818526e-01
1874            	8.93259891e-02	1.24374171e-02	3.94293388e-01	2.86472683e-01	1.07820705e-01
1875            	8.93263155e-02	1.24371211e-02	3.94298394e-01	2.86475513e-01	1.07822882e-01
1876            	8.93266401e-02	1.24368202e-02	3.94303391e-01	2.86478336e-01	1.07825055e-01
1877            	8.93269592e-02	1.24365123e-02	3.94308369e-01	2.86481143e-01	1.07827225e-01
1878            	8.93272697e-02	1.24361968e-02	3.94313320e-01	2.86483929e-01	1.07829390e-01
1879            	8.93275702e-02	1.24358740e-02	3.94318240e-01	2.86486690e-01	1.07831550e-01
1880            	8.93278611e-02	1.24355449e-02	3.94323133e-01	2.86489428e-01	1.07833705e-01
1881            	8.93281442e-02	1.24352114e-02	3.94328002e-01	2.86492145e-01	1.07835857e-01
1882            	8.93284220e-02	1.24348755e-02	3.94332854e-01	2.86494849e-01	1.07838005e-01
1883            	8.93286976e-02	1.24345394e-02	3.94337696e-01	2.86497546e-01	1.07840150e-01
1884            	8.93289737e-02	1.24342046e-02	3.94342535e-01	2.86500241e-01	1.07842294e-01
1885            	8.93292520e-02	1.24338725e-02	3.94347376e-01	2.86502940e-01	1.07844436e-01
1886            	8.93295334e-02	1.24335439e-02	3.94352219e-01	2.86505643e-01	1.07846576e-01
1887            	8.93298176e-02	1.24332187e-02	3.94357066e-01	2.86508351e-01	1.07848716e-01
1888            	8.93301038e-02	1.24328966e-02	3.94361917e-01	2.86511062e-01	1.07850854e-01
1889            	8.93303905e-02	1.24325767e-02	3.94366767e-01	2.86513774e-01	1.07852993e-01
1890            	8.93306759e-02	1.24322584e-02	3.94371612e-01	2.86516482e-01	1.07855130e-01
1891            	8.93309584e-02	1.24319406e-02	3.94376449e-01	2.86519183e-01	1.07857266e-01
1892            	8.93312367e-02	1.24316227e-02	3.94381274e-01	2.86521873e-01	1.07859400e-01
1893            	8.93315097e-02	1.24313044e-02	3.94386081e-01	2.86524550e-01	1.07861531e-01
1894            	8.93317773e-02	1.24309853e-02	3.94390870e-01	2.86527212e-01	1.07863658e-01
1895            	8.93320396e-02	1.24306654e-02	3.94395640e-01	2.86529860e-01	1.07865780e-01
1896            	8.93322973e-02	1.24303447e-02	3.94400394e-01	2.86532494e-01	1.07867900e-01
1897            	8.93325510e-02	1.24300234e-02	3.94405132e-01	2.86535117e-01	1.07870015e-01
1898            	8.93328017e-02	1.24297017e-02	3.94409858e-01	2.86537731e-01	1.07872127e-01
1899            	8.93330502e-02	1.24293800e-02	3.94414574e-01	2.86540337e-01	1.07874237e-01
1900            	8.93332972e-02	1.24290584e-02	3.94419280e-01	2.86542937e-01	1.07876343e-01
1901            	8.93335429e-02	1.24287372e-02	3.94423979e-01	2.86545532e-01	1.07878447e-01
1902            	8.93337877e-02	1.24284163e-02	3.94428672e-01	2.86548123e-01	1.07880548e-01
1903            	8.93340316e-02	1.24280958e-02	3.94433359e-01	2.86550711e-01	1.07882648e-01
1904            	8.93342745e-02	1.24277754e-02	3.94438043e-01	2.86553296e-01	1.07884747e-01
1905            	8.93345161e-02	1.24274551e-02	3.94442722e-01	2.86555877e-01	1.07886845e-01
1906            	8.93347562e-02	1.24271349e-02	3.94447395e-01	2.86558454e-01	1.07888941e-01
1907            	8.93349942e-02	1.24268147e-02	3.94452060e-01	2.86561024e-01	1.07891036e-01
1908            	8.93352299e-02	1.24264947e-02	3.94456716e-01	2.86563588e-01	1.07893128e-01
1909            	8.93354630e-02	1.24261748e-02	3.94461360e-01	2.86566143e-01	1.07895217e-01
1910            	8.93356934e-02	1.24258550e-02	3.94465994e-01	2.86568690e-01	1.07897303e-01
1911            	8.93359210e-02	1.24255354e-02	3.94470616e-01	2.86571229e-01	1.07899387e-01
1912            	8.93361460e-02	1.24252159e-02	3.94475228e-01	2.86573760e-01	1.07901468e-01
1913            	8.93363683e-02	1.24248967e-02	3.94479829e-01	2.86576283e-01	1.07903546e-01
1914            	8.93365882e-02	1.24245777e-02	3.94484419e-01	2.86578798e-01	1.07905621e-01
1915            	8.93368057e-02	1.24242592e-02	3.94488998e-01	2.86581304e-01	1.07907693e-01
1916            	8.93370210e-02	1.24239411e-02	3.94493565e-01	2.86583804e-01	1.07909762e-01
1917            	8.93372343e-02	1.24236233e-02	3.94498123e-01	2.86586296e-01	1.07911827e-01
1918            	8.93374457e-02	1.24233058e-02	3.94502672e-01	2.86588782e-01	1.07913890e-01
1919            	8.93376565e-02	1.24230002e-02	3.94507225e-01	2.86591269e-01	1.07915956e-01
1920            	8.93378707e-02	1.24227037e-02	3.94511787e-01	2.86593764e-01	1.07918023e-01
1921            	8.93380905e-02	1.24224122e-02	3.94516362e-01	2.86596272e-01	1.07920091e-01
1922            	8.93383157e-02	1.24221220e-02	3.94520948e-01	2.86598790e-01	1.07922158e-01
1923            	8.93385433e-02	1.24218294e-02	3.94525533e-01	2.86601310e-01	1.07924223e-01
1924            	8.93387691e-02	1.24215315e-02	3.94530108e-01	2.86603823e-01	1.07926285e-01
1925            	8.93389895e-02	1.24212265e-02	3.94534662e-01	2.86606320e-01	1.07928341e-01
1926            	8.93392022e-02	1.24209128e-02	3.94539200e-01	2.86608802e-01	1.07930398e-01
1927            	8.93394051e-02	1.24205919e-02	3.94543706e-01	2.86611258e-01	1.07932448e-01
1928            	8.93395987e-02	1.24202650e-02	3.94548180e-01	2.86613689e-01	1.07934491e-01
1929            	8.93397850e-02	1.24199343e-02	3.94552627e-01	2.86616098e-01	1.07936529e-01
1930            	8.93399665e-02	1.24196020e-02	3.94557053e-01	2.86618493e-01	1.07938560e-01
1931            	8.93401463e-02	1.24192701e-02	3.94561465e-01	2.86620879e-01	1.07940586e-01
1932            	8.93403270e-02	1.24189401e-02	3.94565875e-01	2.86623265e-01	1.07942611e-01
1933            	8.93405106e-02	1.24186131e-02	3.94570288e-01	2.86625655e-01	1.07944634e-01
1934            	8.93406979e-02	1.24182897e-02	3.94574709e-01	2.86628052e-01	1.07946657e-01
1935            	8.93408886e-02	1.24179697e-02	3.94579137e-01	2.86630457e-01	1.07948680e-01
1936            	8.93410818e-02	1.24176528e-02	3.94583571e-01	2.86632867e-01	1.07950704e-01
1937            	8.93412759e-02	1.24173383e-02	3.94588005e-01	2.86635279e-01	1.07952727e-01
1938            	8.93414691e-02	1.24170254e-02	3.94592435e-01	2.86637687e-01	1.07954749e-01
1939            	8.93416599e-02	1.24167131e-02	3.94596857e-01	2.86640088e-01	1.07956768e-01
1940            	8.93418469e-02	1.24164008e-02	3.94601266e-01	2.86642480e-01	1.07958786e-01
1941            	8.93420295e-02	1.24160878e-02	3.94605660e-01	2.86644860e-01	1.07960801e-01
1942            	8.93422073e-02	1.24157740e-02	3.94610038e-01	2.86647226e-01	1.07962811e-01
1943            	8.93423805e-02	1.24154594e-02	3.94614396e-01	2.86649579e-01	1.07964818e-01
1944            	8.93425498e-02	1.24151441e-02	3.94618737e-01	2.86651918e-01	1.07966819e-01
1945            	8.93427157e-02	1.24148285e-02	3.94623062e-01	2.86654247e-01	1.07968815e-01
1946            	8.93428792e-02	1.24145127e-02	3.94627373e-01	2.86656566e-01	1.07970807e-01
1947            	8.93430410e-02	1.24141969e-02	3.94631675e-01	2.86658878e-01	1.07972796e-01
1948            	8.93432020e-02	1.24138812e-02	3.94635971e-01	2.86661187e-01	1.07974783e-01
1949            	8.93433625e-02	1.24135658e-02	3.94640262e-01	2.86663493e-01	1.07976768e-01
1950            	8.93435228e-02	1.24132508e-02	3.94644549e-01	2.86665797e-01	1.07978752e-01
1951            	8.93436828e-02	1.24129362e-02	3.94648833e-01	2.86668099e-01	1.07980733e-01
1952            	8.93438423e-02	1.24126221e-02	3.94653112e-01	2.86670398e-01	1.07982713e-01
1953            	8.93440011e-02	1.24123085e-02	3.94657386e-01	2.86672694e-01	1.07984692e-01
1954            	8.93441588e-02	1.24119951e-02	3.94661654e-01	2.86674986e-01	1.07986668e-01
1955            	8.93443151e-02	1.24116818e-02	3.94665918e-01	2.86677274e-01	1.07988644e-01
1956            	8.93444697e-02	1.24113688e-02	3.94670174e-01	2.86679557e-01	1.07990617e-01
1957            	8.93446224e-02	1.24110561e-02	3.94674420e-01	2.86681832e-01	1.07992588e-01
1958            	8.93447729e-02	1.24107438e-02	3.94678655e-01	2.86684100e-01	1.07994554e-01
1959            	8.93449213e-02	1.24104319e-02	3.94682878e-01	2.86686360e-01	1.07996518e-01
1960            	8.93450674e-02	1.24101205e-02	3.94687088e-01	2.86688612e-01	1.07998477e-01
1961            	8.93452115e-02	1.24098095e-02	3.94691288e-01	2.86690856e-01	1.08000432e-01
1962            	8.93453538e-02	1.24094989e-02	3.94695479e-01	2.86693093e-01	1.08002386e-01
1963            	8.93454945e-02	1.24091885e-02	3.94699662e-01	2.86695325e-01	1.08004336e-01
1964            	8.93456337e-02	1.24088786e-02	3.94703836e-01	2.86697551e-01	1.08006284e-01
1965            	8.93457716e-02	1.24085690e-02	3.94708001e-01	2.86699772e-01	1.08008229e-01
1966            	8.93459085e-02	1.24082598e-02	3.94712159e-01	2.86701988e-01	1.08010171e-01
1967            	8.93460443e-02	1.24079509e-02	3.94716308e-01	2.86704199e-01	1.08012110e-01
1968            	8.93461793e-02	1.24076423e-02	3.94720452e-01	2.86706405e-01	1.08014047e-01
1969            	8.93463133e-02	1.24073337e-02	3.94724590e-01	2.86708608e-01	1.08015981e-01
1970            	8.93464466e-02	1.24070250e-02	3.94728723e-01	2.86710808e-01	1.08017915e-01
1971            	8.93465790e-02	1.24067165e-02	3.94732851e-01	2.86713004e-01	1.08019846e-01
1972            	8.93467120e-02	1.24064209e-02	3.94736980e-01	2.86715202e-01	1.08021778e-01
1973            	8.93468491e-02	1.24061349e-02	3.94741116e-01	2.86717407e-01	1.08023709e-01
1974            	8.93469923e-02	1.24058542e-02	3.94745266e-01	2.86719625e-01	1.08025641e-01
1975            	8.93471410e-02	1.24055745e-02	3.94749428e-01	2.86721855e-01	1.08027573e-01
1976            	8.93472922e-02	1.24052922e-02	3.94753593e-01	2.86724089e-01	1.08029504e-01
1977            	8.93474418e-02	1.24050042e-02	3.94757749e-01	2.86726317e-01	1.08031433e-01
1978            	8.93475859e-02	1.24047091e-02	3.94761884e-01	2.86728528e-01	1.08033356e-01
1979            	8.93477217e-02	1.24044062e-02	3.94765990e-01	2.86730717e-01	1.08035273e-01
1980            	8.93478485e-02	1.24040962e-02	3.94770063e-01	2.86732880e-01	1.08037183e-01
1981            	8.93479669e-02	1.24037805e-02	3.94774107e-01	2.86735021e-01	1.08039087e-01
1982            	8.93480790e-02	1.24034612e-02	3.94778129e-01	2.86737143e-01	1.08040985e-01
1983            	8.93481880e-02	1.24031405e-02	3.94782136e-01	2.86739256e-01	1.08042880e-01
1984            	8.93482969e-02	1.24028202e-02	3.94786139e-01	2.86741366e-01	1.08044772e-01
1985            	8.93484082e-02	1.24025023e-02	3.94790144e-01	2.86743480e-01	1.08046664e-01
1986            	8.93485235e-02	1.24021878e-02	3.94794155e-01	2.86745601e-01	1.08048554e-01
1987            	8.93486434e-02	1.24018773e-02	3.94798173e-01	2.86747730e-01	1.08050443e-01
1988            	8.93487675e-02	1.24015706e-02	3.94802197e-01	2.86749866e-01	1.08052331e-01
1989            	8.93488943e-02	1.24012672e-02	3.94806225e-01	2.86752007e-01	1.08054218e-01
1990            	8.93490221e-02	1.24009660e-02	3.94810254e-01	2.86754149e-01	1.08056105e-01
1991            	8.93491493e-02	1.24006660e-02	3.94814280e-01	2.86756289e-01	1.08057991e-01
1992            	8.93492671e-02	1.24003805e-02	3.94818139e-01	2.86758337e-01	1.08059803e-01
1993            	8.93493849e-02	1.24000817e-02	3.94822107e-01	2.86760439e-01	1.08061669e-01
1994            	8.93495002e-02	1.23997787e-02	3.94826104e-01	2.86762552e-01	1.08063552e-01
1995            	8.93496135e-02	1.23994719e-02	3.94830130e-01	2.86764678e-01	1.08065451e-01
1996            	8.93497245e-02	1.23991644e-02	3.94834148e-01	2.86766798e-01	1.08067349e-01
1997            	8.93498337e-02	1.23988575e-02	3.94838149e-01	2.86768908e-01	1.08069241e-01
1998            	8.93499418e-02	1.23985519e-02	3.94842130e-01	2.86771007e-01	1.08071123e-01
1999            	8.93500494e-02	1.23982477e-02	3.94846091e-01	2.86773095e-01	1.08072996e-01
2000            	8.93501503e-02	1.23979595e-02	3.94849878e-01	2.86775089e-01	1.08074789e-01
