# Force coefficients
# liftDir       : (-3.48994967e-02 9.99390827e-01 0.00000000e+00)
# dragDir       : (9.99390827e-01 3.48994967e-02 0.00000000e+00)
# pitchAxis     : (0.00000000e+00 0.00000000e+00 1.00000000e+00)
# magUInf       : 1.50000000e+01
# lRef          : 1.00000000e+00
# Aref          : 1.00000000e-02
# CofR          : (2.50000000e-01 0.00000000e+00 0.00000000e+00)
# Time          	Cm              	Cd              	Cl              	Cl(f)           	Cl(r)           
0               	5.37294538e-03	5.02827774e-01	5.36197559e-03	8.05393318e-03	-2.69195759e-03
1               	6.35154930e-01	1.49702988e+00	2.28983458e+00	1.78007222e+00	5.09762359e-01
2               	8.38970641e-01	1.60713579e+00	3.08070314e+00	2.37932221e+00	7.01380928e-01
3               	7.36360116e-01	1.28197794e+00	2.77771425e+00	2.12521724e+00	6.52497009e-01
4               	4.32471424e-01	7.23407412e-01	1.73812260e+00	1.30153272e+00	4.36589876e-01
5               	8.63411893e-02	1.66365480e-01	5.04297987e-01	3.38490183e-01	1.65807804e-01
6               	-1.83943288e-01	-2.40318520e-01	-5.00452685e-01	-4.34169631e-01	-6.62830546e-02
7               	-3.18902205e-01	-4.30586445e-01	-1.04302519e+00	-8.40414801e-01	-2.02610392e-01
8               	-3.21756887e-01	-4.28696539e-01	-1.10700264e+00	-8.75258209e-01	-2.31744435e-01
9               	-2.39759087e-01	-3.07802103e-01	-8.51065792e-01	-6.65291982e-01	-1.85773809e-01
10              	-1.09382026e-01	-1.30237806e-01	-3.94059146e-01	-3.06411599e-01	-8.76475465e-02
11              	1.33915364e-02	3.48935242e-02	6.26818646e-02	4.47324687e-02	1.79493960e-02
12              	9.31079921e-02	1.44179112e-01	3.84307806e-01	2.85261895e-01	9.90459108e-02
13              	1.19165360e-01	1.87660489e-01	5.17815209e-01	3.78072964e-01	1.39742245e-01
14              	1.02972205e-01	1.75854381e-01	4.88384587e-01	3.47164498e-01	1.41220089e-01
15              	6.39524905e-02	1.34278149e-01	3.63919905e-01	2.45912443e-01	1.18007462e-01
16              	1.64463129e-02	8.17976079e-02	1.93671718e-01	1.13282172e-01	8.03895460e-02
17              	-2.50945518e-02	3.45199238e-02	3.04951046e-02	-9.84699951e-03	4.03421041e-02
18              	-4.88883279e-02	2.30129453e-03	-7.67257885e-02	-8.72512222e-02	1.05254336e-02
19              	-5.29972683e-02	-1.20137213e-02	-1.12124104e-01	-1.09059320e-01	-3.06478370e-03
20              	-4.28805825e-02	-1.18772505e-02	-8.89050670e-02	-8.73331160e-02	-1.57195097e-03
21              	-2.59436432e-02	-2.99629918e-03	-3.12926331e-02	-4.15899598e-02	1.02973267e-02
22              	-8.00639536e-03	9.17575922e-03	3.87353672e-02	1.13612882e-02	2.73740789e-02
23              	6.06201605e-03	2.05524742e-02	1.01498777e-01	5.68114043e-02	4.46873722e-02
24              	1.33123720e-02	2.82550154e-02	1.42283643e-01	8.44541935e-02	5.78294494e-02
25              	1.37414533e-02	3.14039621e-02	1.56364595e-01	9.19237508e-02	6.44408442e-02
26              	1.00184066e-02	3.11492882e-02	1.52127422e-01	8.60821174e-02	6.60453042e-02
27              	3.96433782e-03	2.85614923e-02	1.34892269e-01	7.14104725e-02	6.34817969e-02
28              	-2.35929085e-03	2.49368651e-02	1.12032835e-01	5.36571268e-02	5.83757085e-02
29              	-7.27203557e-03	2.14402843e-02	9.08354963e-02	3.81457126e-02	5.26897837e-02
30              	-9.71235054e-03	1.88248216e-02	7.72153145e-02	2.88953067e-02	4.83200078e-02
31              	-9.93064358e-03	1.73102474e-02	7.21913690e-02	2.61650409e-02	4.60263281e-02
32              	-8.73923773e-03	1.67404729e-02	7.41427933e-02	2.83321589e-02	4.58106344e-02
33              	-6.90532213e-03	1.67701944e-02	8.02096064e-02	3.31994811e-02	4.70101253e-02
34              	-4.78265106e-03	1.71177037e-02	8.90428379e-02	3.97387679e-02	4.93040700e-02
35              	-2.93481850e-03	1.74607665e-02	9.83485796e-02	4.62394713e-02	5.21091083e-02
36              	-1.66567948e-03	1.75842448e-02	1.06381927e-01	5.15252839e-02	5.48566428e-02
37              	-1.16824439e-03	1.74079886e-02	1.11658501e-01	5.46610062e-02	5.69974950e-02
38              	-1.32905433e-03	1.69912282e-02	1.13924607e-01	5.56332490e-02	5.82913577e-02
39              	-1.86593986e-03	1.64326557e-02	1.13926857e-01	5.50974889e-02	5.88293686e-02
40              	-2.49849155e-03	1.58696328e-02	1.12612038e-01	5.38075274e-02	5.88045105e-02
41              	-3.08817287e-03	1.53478730e-02	1.10781915e-01	5.23027847e-02	5.84791304e-02
42              	-3.56814687e-03	1.49282313e-02	1.08934563e-01	5.08991348e-02	5.80354285e-02
43              	-3.86280273e-03	1.46643632e-02	1.07588800e-01	4.99315972e-02	5.76572027e-02
44              	-3.95849835e-03	1.45566359e-02	1.07030111e-01	4.95565570e-02	5.74735537e-02
45              	-3.89340602e-03	1.45684174e-02	1.07276113e-01	4.97446503e-02	5.75314623e-02
46              	-3.71874472e-03	1.46869036e-02	1.08210004e-01	5.03862574e-02	5.78237468e-02
47              	-3.48821847e-03	1.48208701e-02	1.09636782e-01	5.13301726e-02	5.83066095e-02
48              	-3.24774911e-03	1.49306038e-02	1.11324806e-01	5.24146537e-02	5.89101519e-02
49              	-3.02288026e-03	1.49894644e-02	1.13097958e-01	5.35260986e-02	5.95718591e-02
50              	-2.82602894e-03	1.49801466e-02	1.14823244e-01	5.45855931e-02	6.02376510e-02
51              	-2.64598647e-03	1.48935159e-02	1.16505537e-01	5.56067823e-02	6.08987552e-02
52              	-2.52017714e-03	1.47151752e-02	1.17855831e-01	5.64077385e-02	6.14480927e-02
53              	-2.46703402e-03	1.44662910e-02	1.18711622e-01	5.68887772e-02	6.18228452e-02
54              	-2.47520752e-03	1.41817382e-02	1.19095338e-01	5.70724615e-02	6.20228765e-02
55              	-2.52192664e-03	1.38986289e-02	1.19124240e-01	5.70401933e-02	6.20840466e-02
56              	-2.58089448e-03	1.36552291e-02	1.18974687e-01	5.69064493e-02	6.20682382e-02
57              	-2.63555650e-03	1.34511013e-02	1.18758065e-01	5.67434758e-02	6.20145888e-02
58              	-2.67217520e-03	1.33015459e-02	1.18602020e-01	5.66288348e-02	6.19731852e-02
59              	-2.68703692e-03	1.32003230e-02	1.18576167e-01	5.66010463e-02	6.19751202e-02
60              	-2.68020249e-03	1.31406412e-02	1.18676698e-01	5.66581464e-02	6.20185514e-02
61              	-2.64547390e-03	1.31249590e-02	1.18926228e-01	5.68176401e-02	6.21085879e-02
62              	-2.59385450e-03	1.31257504e-02	1.19270935e-01	5.70416131e-02	6.22293221e-02
63              	-2.54473683e-03	1.31107475e-02	1.19601524e-01	5.72560254e-02	6.23454990e-02
64              	-2.50553062e-03	1.30682294e-02	1.19862024e-01	5.74254814e-02	6.24365427e-02
65              	-2.46897703e-03	1.30018571e-02	1.20074704e-01	5.75683748e-02	6.25063289e-02
66              	-2.44619288e-03	1.29064809e-02	1.20190669e-01	5.76491416e-02	6.25415274e-02
67              	-2.42111417e-03	1.27887886e-02	1.20274322e-01	5.77160466e-02	6.25582750e-02
68              	-2.38709529e-03	1.26429004e-02	1.20334950e-01	5.77803795e-02	6.25545701e-02
69              	-2.34306698e-03	1.24579297e-02	1.20357981e-01	5.78359235e-02	6.25220575e-02
70              	-2.31444991e-03	1.22549403e-02	1.20303330e-01	5.78372150e-02	6.24661148e-02
71              	-2.30798212e-03	1.20543819e-02	1.20195843e-01	5.77899394e-02	6.24059036e-02
72              	-2.31861580e-03	1.18621271e-02	1.20072500e-01	5.77176341e-02	6.23548657e-02
73              	-2.34096935e-03	1.16897422e-02	1.19976894e-01	5.76474778e-02	6.23294165e-02
74              	-2.36904237e-03	1.15344414e-02	1.19927282e-01	5.75945987e-02	6.23326835e-02
75              	-2.39823034e-03	1.13943323e-02	1.19935199e-01	5.75693692e-02	6.23658299e-02
76              	-2.42573076e-03	1.12665586e-02	1.20003310e-01	5.75759242e-02	6.24273857e-02
77              	-2.45095947e-03	1.11451262e-02	1.20143044e-01	5.76205625e-02	6.25224814e-02
78              	-2.47022961e-03	1.10324522e-02	1.20346060e-01	5.77028003e-02	6.26432595e-02
79              	-2.48214598e-03	1.09260782e-02	1.20615993e-01	5.78258504e-02	6.27901424e-02
80              	-2.48812856e-03	1.08246206e-02	1.20915626e-01	5.79696846e-02	6.29459417e-02
81              	-2.48861676e-03	1.07245804e-02	1.21249062e-01	5.81359144e-02	6.31131479e-02
82              	-2.48854071e-03	1.06248349e-02	1.21572909e-01	5.82979137e-02	6.32749952e-02
83              	-2.48815231e-03	1.05224943e-02	1.21904092e-01	5.84638936e-02	6.34401982e-02
84              	-2.48917614e-03	1.04168833e-02	1.22239078e-01	5.86303631e-02	6.36087154e-02
85              	-2.49300063e-03	1.03083859e-02	1.22575150e-01	5.87945742e-02	6.37805755e-02
86              	-2.50051064e-03	1.01983056e-02	1.22909861e-01	5.89544199e-02	6.39554412e-02
87              	-2.51196600e-03	1.00885838e-02	1.23240864e-01	5.91084660e-02	6.41323980e-02
88              	-2.52699611e-03	9.98136791e-03	1.23566309e-01	5.92561582e-02	6.43101504e-02
89              	-2.54471739e-03	9.87857525e-03	1.23885194e-01	5.93978794e-02	6.44873142e-02
90              	-2.56391683e-03	9.78157907e-03	1.24197580e-01	5.95348734e-02	6.46627070e-02
91              	-2.58330976e-03	9.69106464e-03	1.24504512e-01	5.96689464e-02	6.48355659e-02
92              	-2.60170740e-03	9.60782268e-03	1.24796855e-01	5.97967201e-02	6.50001349e-02
93              	-2.61866563e-03	9.52919820e-03	1.25107509e-01	5.99350888e-02	6.51724201e-02
94              	-2.63319342e-03	9.45589112e-03	1.25416461e-01	6.00750373e-02	6.53414242e-02
95              	-2.64572177e-03	9.38719736e-03	1.25712007e-01	6.02102817e-02	6.55017253e-02
96              	-2.65591118e-03	9.32122289e-03	1.26026800e-01	6.03574888e-02	6.56693111e-02
97              	-2.66509414e-03	9.25756975e-03	1.26336413e-01	6.05031122e-02	6.58333005e-02
98              	-2.67459622e-03	9.19534693e-03	1.26637202e-01	6.06440049e-02	6.59931974e-02
99              	-2.68570637e-03	9.13378702e-03	1.26927352e-01	6.07779697e-02	6.61493824e-02
100             	-2.69971698e-03	9.07265167e-03	1.27196017e-01	6.08982913e-02	6.62977252e-02
101             	-2.71770876e-03	9.00988662e-03	1.27480742e-01	6.10226624e-02	6.64580799e-02
102             	-2.74033500e-03	8.94661966e-03	1.27749440e-01	6.11343848e-02	6.66150548e-02
103             	-2.76770326e-03	8.88318512e-03	1.27997992e-01	6.12312925e-02	6.67666991e-02
104             	-2.79952073e-03	8.81984594e-03	1.28227409e-01	6.13141836e-02	6.69132251e-02
105             	-2.83508816e-03	8.75692377e-03	1.28440672e-01	6.13852477e-02	6.70554240e-02
106             	-2.87337909e-03	8.69476822e-03	1.28642193e-01	6.14477175e-02	6.71944757e-02
107             	-2.91323762e-03	8.63374379e-03	1.28836952e-01	6.15052383e-02	6.73317136e-02
108             	-2.95356419e-03	8.57419115e-03	1.29029642e-01	6.15612568e-02	6.74683852e-02
109             	-2.99345418e-03	8.51640283e-03	1.29224011e-01	6.16185515e-02	6.76054599e-02
110             	-3.03230747e-03	8.46059639e-03	1.29422453e-01	6.16789190e-02	6.77435339e-02
111             	-3.06991064e-03	8.40691456e-03	1.29625807e-01	6.17429930e-02	6.78828143e-02
112             	-3.10639293e-03	8.35542589e-03	1.29833541e-01	6.18103774e-02	6.80231632e-02
113             	-3.14212601e-03	8.30618155e-03	1.30044165e-01	6.18799565e-02	6.81642086e-02
114             	-3.17764320e-03	8.25918280e-03	1.30255478e-01	6.19500958e-02	6.83053822e-02
115             	-3.21349045e-03	8.21437926e-03	1.30465068e-01	6.20190436e-02	6.84460245e-02
116             	-3.24900094e-03	8.17209440e-03	1.30665060e-01	6.20835288e-02	6.85815307e-02
117             	-3.28590474e-03	8.13169893e-03	1.30862036e-01	6.21451130e-02	6.87169225e-02
118             	-3.32418180e-03	8.09320446e-03	1.31055647e-01	6.22036417e-02	6.88520053e-02
119             	-3.36344499e-03	8.05673773e-03	1.31245807e-01	6.22594584e-02	6.89863484e-02
120             	-3.40295452e-03	8.02251673e-03	1.31432950e-01	6.23135205e-02	6.91194296e-02
121             	-3.44174758e-03	7.99081969e-03	1.31618027e-01	6.23672658e-02	6.92507609e-02
122             	-3.47887661e-03	7.96198606e-03	1.31802182e-01	6.24222146e-02	6.93799679e-02
123             	-3.51360560e-03	7.93639834e-03	1.31986540e-01	6.24796643e-02	6.95068755e-02
124             	-3.54411560e-03	7.91454556e-03	1.32166794e-01	6.25392816e-02	6.96275128e-02
125             	-3.57269472e-03	7.89648547e-03	1.32350776e-01	6.26026934e-02	6.97480828e-02
126             	-3.59990361e-03	7.88251379e-03	1.32539262e-01	6.26697272e-02	6.98695344e-02
127             	-3.62624755e-03	7.87294585e-03	1.32732305e-01	6.27399052e-02	6.99924003e-02
128             	-3.65196126e-03	7.86808717e-03	1.32929501e-01	6.28127893e-02	7.01167119e-02
129             	-3.67703463e-03	7.86824009e-03	1.33130056e-01	6.28879932e-02	7.02420625e-02
130             	-3.70133871e-03	7.87366614e-03	1.33332935e-01	6.29651286e-02	7.03678060e-02
131             	-3.72464759e-03	7.88457784e-03	1.33537153e-01	6.30439290e-02	7.04932242e-02
132             	-3.74668910e-03	7.90113253e-03	1.33741929e-01	6.31242752e-02	7.06176533e-02
133             	-3.76721845e-03	7.92340561e-03	1.33946803e-01	6.32061830e-02	7.07406199e-02
134             	-3.78603055e-03	7.95141023e-03	1.34151730e-01	6.32898346e-02	7.08618957e-02
135             	-3.80293907e-03	7.98511183e-03	1.34357098e-01	6.33756097e-02	7.09814879e-02
136             	-3.81776862e-03	8.02441070e-03	1.34563630e-01	6.34640464e-02	7.10995836e-02
137             	-3.83047842e-03	8.06913155e-03	1.34772034e-01	6.35555385e-02	7.12164954e-02
138             	-3.84110536e-03	8.11905248e-03	1.34982962e-01	6.36503754e-02	7.13325861e-02
139             	-3.84973029e-03	8.17391262e-03	1.35196924e-01	6.37487317e-02	7.14481922e-02
140             	-3.85649195e-03	8.23340648e-03	1.35414162e-01	6.38505892e-02	7.15635732e-02
141             	-3.86161150e-03	8.29718701e-03	1.35634628e-01	6.39557026e-02	7.16789256e-02
142             	-3.86540742e-03	8.36486694e-03	1.35857879e-01	6.40635321e-02	7.17943469e-02
143             	-3.86820232e-03	8.43604427e-03	1.36083236e-01	6.41734155e-02	7.19098202e-02
144             	-3.87030653e-03	8.51030939e-03	1.36309857e-01	6.42846218e-02	7.20252349e-02
145             	-3.87200374e-03	8.58725495e-03	1.36536874e-01	6.43964331e-02	7.21404406e-02
146             	-3.87352026e-03	8.66649424e-03	1.36763567e-01	6.45082632e-02	7.22553038e-02
147             	-3.87498680e-03	8.74767527e-03	1.36989452e-01	6.46197392e-02	7.23697128e-02
148             	-3.87656131e-03	8.83045680e-03	1.37214107e-01	6.47304922e-02	7.24836148e-02
149             	-3.87837358e-03	8.91452509e-03	1.37437267e-01	6.48402597e-02	7.25970069e-02
150             	-3.88050963e-03	8.99958348e-03	1.37658835e-01	6.49489077e-02	7.27099270e-02
151             	-3.88301609e-03	9.08535219e-03	1.37878835e-01	6.50564014e-02	7.28224336e-02
152             	-3.88589042e-03	9.17157772e-03	1.38097404e-01	6.51628115e-02	7.29345924e-02
153             	-3.88910598e-03	9.25803269e-03	1.38314747e-01	6.52682675e-02	7.30464794e-02
154             	-3.89313874e-03	9.34331245e-03	1.38521214e-01	6.53674682e-02	7.31537457e-02
155             	-3.89649469e-03	9.43097207e-03	1.38746854e-01	6.54769325e-02	7.32699219e-02
156             	-3.90100140e-03	9.51588943e-03	1.38953244e-01	6.55756206e-02	7.33776234e-02
157             	-3.90491075e-03	9.60293222e-03	1.39178202e-01	6.56841900e-02	7.34940116e-02
158             	-3.91011334e-03	9.68683388e-03	1.39382922e-01	6.57813475e-02	7.36015741e-02
159             	-3.91572096e-03	9.77021256e-03	1.39588807e-01	6.58786826e-02	7.37101245e-02
160             	-3.92086660e-03	9.85546546e-03	1.39813113e-01	6.59856898e-02	7.38274229e-02
161             	-3.92731083e-03	9.93716944e-03	1.40016344e-01	6.60808613e-02	7.39354830e-02
162             	-3.93407823e-03	1.00180707e-02	1.40219987e-01	6.61759155e-02	7.40440720e-02
163             	-3.94105560e-03	1.00982058e-02	1.40424777e-01	6.62713331e-02	7.41534443e-02
164             	-3.94812603e-03	1.01775982e-02	1.40631013e-01	6.63673806e-02	7.42636327e-02
165             	-3.95516375e-03	1.02562458e-02	1.40838607e-01	6.64641399e-02	7.43744674e-02
166             	-3.96204207e-03	1.03341139e-02	1.41047164e-01	6.65615397e-02	7.44856238e-02
167             	-3.96864995e-03	1.04111402e-02	1.41256170e-01	6.66594351e-02	7.45967350e-02
168             	-3.97487272e-03	1.04872513e-02	1.41465195e-01	6.67577247e-02	7.47074701e-02
169             	-3.98062299e-03	1.05623623e-02	1.41673942e-01	6.68563482e-02	7.48175942e-02
170             	-3.98582054e-03	1.06363919e-02	1.41882380e-01	6.69553694e-02	7.49270105e-02
171             	-3.99039123e-03	1.07092818e-02	1.42090734e-01	6.70549758e-02	7.50357582e-02
172             	-3.99426163e-03	1.07809996e-02	1.42299368e-01	6.71554222e-02	7.51439455e-02
173             	-3.99737347e-03	1.08515457e-02	1.42508752e-01	6.72570023e-02	7.52517493e-02
174             	-3.99968356e-03	1.09209602e-02	1.42719423e-01	6.73600278e-02	7.53593949e-02
175             	-4.00115702e-03	1.09892936e-02	1.42931795e-01	6.74647403e-02	7.54670544e-02
176             	-4.00177596e-03	1.10566124e-02	1.43146177e-01	6.75713128e-02	7.55748647e-02
177             	-4.00154498e-03	1.11229677e-02	1.43362694e-01	6.76798021e-02	7.56828920e-02
178             	-4.00050006e-03	1.11883842e-02	1.43581262e-01	6.77901309e-02	7.57911311e-02
179             	-3.99870121e-03	1.12528698e-02	1.43801651e-01	6.79021243e-02	7.58995267e-02
180             	-3.99624864e-03	1.13164149e-02	1.44023530e-01	6.80155163e-02	7.60080136e-02
181             	-3.99326465e-03	1.13789920e-02	1.44246523e-01	6.81299971e-02	7.61165264e-02
182             	-3.98989535e-03	1.14405676e-02	1.44470237e-01	6.82452231e-02	7.62250138e-02
183             	-3.98631918e-03	1.15011044e-02	1.44694320e-01	6.83608410e-02	7.63334793e-02
184             	-3.98273924e-03	1.15605689e-02	1.44918486e-01	6.84765038e-02	7.64419823e-02
185             	-3.97937548e-03	1.16189084e-02	1.45142382e-01	6.85918153e-02	7.65505663e-02
186             	-3.97647008e-03	1.16760592e-02	1.45365570e-01	6.87063151e-02	7.66592553e-02
187             	-3.97427293e-03	1.17319489e-02	1.45587560e-01	6.88195072e-02	7.67680531e-02
188             	-3.97303374e-03	1.17864955e-02	1.45807775e-01	6.89308540e-02	7.68769215e-02
189             	-3.97298462e-03	1.18396377e-02	1.46025710e-01	6.90398704e-02	7.69858396e-02
190             	-3.97433389e-03	1.18913238e-02	1.46240955e-01	6.91461435e-02	7.70948113e-02
191             	-3.97725386e-03	1.19415153e-02	1.46453214e-01	6.92493534e-02	7.72038611e-02
192             	-3.98189241e-03	1.19901596e-02	1.46662178e-01	6.93491967e-02	7.73129816e-02
193             	-3.98838196e-03	1.20372135e-02	1.46867556e-01	6.94453958e-02	7.74221597e-02
194             	-3.99684045e-03	1.20826297e-02	1.47069015e-01	6.95376670e-02	7.75313479e-02
195             	-4.00736070e-03	1.21263566e-02	1.47266205e-01	6.96257416e-02	7.76404630e-02
196             	-4.02000763e-03	1.21683488e-02	1.47458814e-01	6.97093993e-02	7.77494145e-02
197             	-4.03481454e-03	1.22085621e-02	1.47646575e-01	6.97884728e-02	7.78581019e-02
198             	-4.05178160e-03	1.22469578e-02	1.47829295e-01	6.98628660e-02	7.79664292e-02
199             	-4.07085440e-03	1.22835067e-02	1.48006966e-01	6.99326288e-02	7.80743376e-02
200             	-4.09192779e-03	1.23181904e-02	1.48179735e-01	6.99979397e-02	7.81817953e-02
201             	-4.11485072e-03	1.23510003e-02	1.48347825e-01	7.00590618e-02	7.82887632e-02
202             	-4.13940700e-03	1.23819348e-02	1.48511545e-01	7.01163653e-02	7.83951793e-02
203             	-4.16533983e-03	1.24109988e-02	1.48671275e-01	7.01702976e-02	7.85009773e-02
204             	-4.19236622e-03	1.24382008e-02	1.48827446e-01	7.02213569e-02	7.86060894e-02
205             	-4.22016568e-03	1.24635661e-02	1.48980620e-01	7.02701444e-02	7.87104758e-02
206             	-4.24838859e-03	1.24871315e-02	1.49131402e-01	7.03173125e-02	7.88140897e-02
207             	-4.27667459e-03	1.25089405e-02	1.49280396e-01	7.03635232e-02	7.89168724e-02
208             	-4.30464973e-03	1.25290408e-02	1.49428219e-01	7.04094596e-02	7.90187590e-02
209             	-4.33192493e-03	1.25474868e-02	1.49575557e-01	7.04558537e-02	7.91197036e-02
210             	-4.35813336e-03	1.25643291e-02	1.49723096e-01	7.05034145e-02	7.92196812e-02
211             	-4.38293440e-03	1.25796132e-02	1.49871443e-01	7.05527871e-02	7.93186559e-02
212             	-4.40602825e-03	1.25933889e-02	1.50021144e-01	7.06045435e-02	7.94166000e-02
213             	-4.42715328e-03	1.26057120e-02	1.50172717e-01	7.06592054e-02	7.95135120e-02
214             	-4.44613022e-03	1.26166633e-02	1.50326767e-01	7.07172532e-02	7.96095137e-02
215             	-4.46274798e-03	1.26262683e-02	1.50483493e-01	7.07789985e-02	7.97044944e-02
216             	-4.47688598e-03	1.26345832e-02	1.50643243e-01	7.08447353e-02	7.97985072e-02
217             	-4.48844720e-03	1.26416688e-02	1.50806366e-01	7.09147357e-02	7.98916301e-02
218             	-4.49733561e-03	1.26475964e-02	1.50973269e-01	7.09892990e-02	7.99839702e-02
219             	-4.50347086e-03	1.26524418e-02	1.51144250e-01	7.10686542e-02	8.00755960e-02
220             	-4.50681559e-03	1.26562817e-02	1.51319512e-01	7.11529406e-02	8.01665718e-02
221             	-4.50718414e-03	1.26591187e-02	1.51495648e-01	7.12406397e-02	8.02550080e-02
222             	-4.50492293e-03	1.26611180e-02	1.51681208e-01	7.13356808e-02	8.03455267e-02
223             	-4.49995757e-03	1.26623477e-02	1.51871480e-01	7.14357823e-02	8.04356974e-02
224             	-4.49256888e-03	1.26628669e-02	1.52062164e-01	7.15385129e-02	8.05236507e-02
225             	-4.48269160e-03	1.26627248e-02	1.52257863e-01	7.16462401e-02	8.06116233e-02
226             	-4.47039522e-03	1.26619760e-02	1.52458633e-01	7.17589215e-02	8.06997119e-02
227             	-4.45580070e-03	1.26607118e-02	1.52663948e-01	7.18761731e-02	8.07877745e-02
228             	-4.43899899e-03	1.26589972e-02	1.52873700e-01	7.19978511e-02	8.08758491e-02
229             	-4.42000320e-03	1.26568862e-02	1.53088462e-01	7.21242279e-02	8.09642343e-02
230             	-4.39895841e-03	1.26544557e-02	1.53307482e-01	7.22547824e-02	8.10526992e-02
231             	-4.37580513e-03	1.26517382e-02	1.53531471e-01	7.23899305e-02	8.11415408e-02
232             	-4.34996508e-03	1.26487026e-02	1.53763880e-01	7.25319751e-02	8.12319053e-02
233             	-4.32723834e-03	1.26462029e-02	1.53972833e-01	7.26591783e-02	8.13136550e-02
234             	-4.30350518e-03	1.26434467e-02	1.54182580e-01	7.27877847e-02	8.13947951e-02
235             	-4.27814565e-03	1.26402717e-02	1.54398388e-01	7.29210486e-02	8.14773399e-02
236             	-4.25080101e-03	1.26366234e-02	1.54623356e-01	7.30608770e-02	8.15624790e-02
237             	-4.22154570e-03	1.26325821e-02	1.54857644e-01	7.32072763e-02	8.16503677e-02
238             	-4.19082336e-03	1.26283046e-02	1.55098911e-01	7.33586321e-02	8.17402788e-02
239             	-4.15937487e-03	1.26239926e-02	1.55343105e-01	7.35121777e-02	8.18309274e-02
240             	-4.12799869e-03	1.26198079e-02	1.55585903e-01	7.36649526e-02	8.19209500e-02
241             	-4.09736060e-03	1.26158471e-02	1.55823962e-01	7.38146203e-02	8.20093415e-02
242             	-4.06781286e-03	1.26121372e-02	1.56055908e-01	7.39601412e-02	8.20957669e-02
243             	-4.03932253e-03	1.26086161e-02	1.56282615e-01	7.41019850e-02	8.21806301e-02
244             	-4.01171534e-03	1.26052065e-02	1.56505812e-01	7.42411905e-02	8.22646211e-02
245             	-3.98476590e-03	1.26018371e-02	1.56727461e-01	7.43789646e-02	8.23484964e-02
246             	-3.95823841e-03	1.25984476e-02	1.56949411e-01	7.45164671e-02	8.24329439e-02
247             	-3.93201822e-03	1.25950059e-02	1.57172621e-01	7.46542923e-02	8.25183287e-02
248             	-3.90614523e-03	1.25915062e-02	1.57396988e-01	7.47923489e-02	8.26046393e-02
249             	-3.88086051e-03	1.25879674e-02	1.57621132e-01	7.49297054e-02	8.26914264e-02
250             	-3.85615199e-03	1.25843641e-02	1.57845085e-01	7.50663906e-02	8.27786946e-02
251             	-3.83223139e-03	1.25807067e-02	1.58067556e-01	7.52015468e-02	8.28660096e-02
252             	-3.80926989e-03	1.25770035e-02	1.58287463e-01	7.53344614e-02	8.29530012e-02
253             	-3.78744861e-03	1.25732752e-02	1.58503668e-01	7.54643852e-02	8.30392824e-02
254             	-3.76681928e-03	1.25695241e-02	1.58715818e-01	7.55910899e-02	8.31247285e-02
255             	-3.74745320e-03	1.25657680e-02	1.58923467e-01	7.57142805e-02	8.32091869e-02
256             	-3.72927595e-03	1.25620167e-02	1.59127121e-01	7.58342846e-02	8.32928365e-02
257             	-3.71217364e-03	1.25582753e-02	1.59327507e-01	7.59515797e-02	8.33759270e-02
258             	-3.69588712e-03	1.25545159e-02	1.59526349e-01	7.60672875e-02	8.34590618e-02
259             	-3.68016322e-03	1.25506867e-02	1.59725303e-01	7.61824881e-02	8.35428146e-02
260             	-3.66491889e-03	1.25467663e-02	1.59924741e-01	7.62974515e-02	8.36272893e-02
261             	-3.65013702e-03	1.25427342e-02	1.60124552e-01	7.64121392e-02	8.37124132e-02
262             	-3.63589960e-03	1.25385729e-02	1.60323916e-01	7.65260584e-02	8.37978576e-02
263             	-3.62233468e-03	1.25342626e-02	1.60521760e-01	7.66385455e-02	8.38832148e-02
264             	-3.60959082e-03	1.25297798e-02	1.60716986e-01	7.67489022e-02	8.39680838e-02
265             	-3.59778892e-03	1.25251015e-02	1.60908777e-01	7.68565997e-02	8.40521775e-02
266             	-3.58833919e-03	1.25208582e-02	1.61084949e-01	7.69541354e-02	8.41308138e-02
267             	-3.57933905e-03	1.25161300e-02	1.61263556e-01	7.70524391e-02	8.42111172e-02
268             	-3.57086346e-03	1.25109730e-02	1.61443602e-01	7.71509377e-02	8.42926646e-02
269             	-3.56174712e-03	1.25047427e-02	1.61635536e-01	7.72560210e-02	8.43795152e-02
270             	-3.55370766e-03	1.24984948e-02	1.61821143e-01	7.73568640e-02	8.44642793e-02
271             	-3.54675555e-03	1.24922769e-02	1.61999617e-01	7.74530530e-02	8.45465641e-02
272             	-3.54082585e-03	1.24860425e-02	1.62171679e-01	7.75450136e-02	8.46266653e-02
273             	-3.53582593e-03	1.24797307e-02	1.62338955e-01	7.76336518e-02	8.47053036e-02
274             	-3.53165243e-03	1.24732731e-02	1.62503083e-01	7.77198889e-02	8.47831938e-02
275             	-3.52745596e-03	1.24660806e-02	1.62674847e-01	7.78099674e-02	8.48648794e-02
276             	-3.52479746e-03	1.24593169e-02	1.62833885e-01	7.78921453e-02	8.49417402e-02
277             	-3.52211510e-03	1.24517918e-02	1.63001200e-01	7.79784849e-02	8.50227151e-02
278             	-3.52017776e-03	1.24441721e-02	1.63165196e-01	7.80624204e-02	8.51027760e-02
279             	-3.51957160e-03	1.24371224e-02	1.63315959e-01	7.81384079e-02	8.51775511e-02
280             	-3.51894026e-03	1.24293005e-02	1.63474788e-01	7.82184535e-02	8.52563341e-02
281             	-3.51884071e-03	1.24213882e-02	1.63630887e-01	7.82966027e-02	8.53342841e-02
282             	-3.51919824e-03	1.24133834e-02	1.63784451e-01	7.83730273e-02	8.54114237e-02
283             	-3.51994725e-03	1.24052779e-02	1.63935827e-01	7.84479661e-02	8.54878606e-02
284             	-3.52078253e-03	1.23964727e-02	1.64090418e-01	7.85244264e-02	8.55659915e-02
285             	-3.52201023e-03	1.23877917e-02	1.64240697e-01	7.85983384e-02	8.56423589e-02
286             	-3.52357455e-03	1.23792318e-02	1.64387213e-01	7.86700320e-02	8.57171811e-02
287             	-3.52539804e-03	1.23707373e-02	1.64531261e-01	7.87402324e-02	8.57910285e-02
288             	-3.52737568e-03	1.23622381e-02	1.64674351e-01	7.88097999e-02	8.58645512e-02
289             	-3.52939954e-03	1.23536799e-02	1.64817722e-01	7.88794613e-02	8.59382604e-02
290             	-3.53136086e-03	1.23450296e-02	1.64962174e-01	7.89497259e-02	8.60124476e-02
291             	-3.53316247e-03	1.23362776e-02	1.65107969e-01	7.90208218e-02	8.60871468e-02
292             	-3.53473441e-03	1.23274331e-02	1.65254876e-01	7.90927034e-02	8.61621722e-02
293             	-3.53603886e-03	1.23185146e-02	1.65402359e-01	7.91651409e-02	8.62372186e-02
294             	-3.53707687e-03	1.23095466e-02	1.65549736e-01	7.92377910e-02	8.63119447e-02
295             	-3.53788115e-03	1.23005597e-02	1.65696363e-01	7.93103004e-02	8.63860627e-02
296             	-3.53849805e-03	1.22915873e-02	1.65841823e-01	7.93824136e-02	8.64594097e-02
297             	-3.53897153e-03	1.22826600e-02	1.65986020e-01	7.94540386e-02	8.65319817e-02
298             	-3.53933898e-03	1.22738082e-02	1.66129103e-01	7.95252124e-02	8.66038904e-02
299             	-3.53962500e-03	1.22650612e-02	1.66271378e-01	7.95960642e-02	8.66753142e-02
300             	-3.53984353e-03	1.22564470e-02	1.66413176e-01	7.96667444e-02	8.67464315e-02
301             	-3.53999284e-03	1.22479820e-02	1.66554848e-01	7.97374310e-02	8.68174167e-02
302             	-3.54006260e-03	1.22396757e-02	1.66696611e-01	7.98082431e-02	8.68883683e-02
303             	-3.54003608e-03	1.22315278e-02	1.66838547e-01	7.98792374e-02	8.69593096e-02
304             	-3.53989895e-03	1.22235306e-02	1.66980581e-01	7.99503916e-02	8.70301895e-02
305             	-3.53963797e-03	1.22156666e-02	1.67122589e-01	8.00216564e-02	8.71009323e-02
306             	-3.53924947e-03	1.22079130e-02	1.67264402e-01	8.00929517e-02	8.71714506e-02
307             	-3.53874250e-03	1.22002520e-02	1.67405797e-01	8.01641562e-02	8.72416412e-02
308             	-3.53813002e-03	1.21926695e-02	1.67546612e-01	8.02351760e-02	8.73114360e-02
309             	-3.53741866e-03	1.21851564e-02	1.67686834e-01	8.03059985e-02	8.73808358e-02
310             	-3.53662090e-03	1.21777196e-02	1.67826409e-01	8.03765836e-02	8.74498254e-02
311             	-3.53575498e-03	1.21703700e-02	1.67965351e-01	8.04469203e-02	8.75184302e-02
312             	-3.53483904e-03	1.21631216e-02	1.68103694e-01	8.05170079e-02	8.75866859e-02
313             	-3.53388472e-03	1.21559860e-02	1.68241534e-01	8.05868821e-02	8.76546515e-02
314             	-3.53290415e-03	1.21489714e-02	1.68378959e-01	8.06565751e-02	8.77223835e-02
315             	-3.53190706e-03	1.21420799e-02	1.68516069e-01	8.07261275e-02	8.77899417e-02
316             	-3.53090779e-03	1.21353077e-02	1.68652904e-01	8.07955442e-02	8.78573598e-02
317             	-3.52991916e-03	1.21286476e-02	1.68789439e-01	8.08648006e-02	8.79246389e-02
318             	-3.52896034e-03	1.21220950e-02	1.68925505e-01	8.09337923e-02	8.79917130e-02
319             	-3.52805233e-03	1.21156445e-02	1.69060876e-01	8.10023858e-02	8.80584905e-02
320             	-3.52720875e-03	1.21092871e-02	1.69195400e-01	8.10704913e-02	8.81249088e-02
321             	-3.52643858e-03	1.21030109e-02	1.69328998e-01	8.11380605e-02	8.81909377e-02
322             	-3.52573841e-03	1.20968078e-02	1.69461656e-01	8.12050894e-02	8.82565662e-02
323             	-3.52605021e-03	1.20913256e-02	1.69580359e-01	8.12641293e-02	8.83162297e-02
324             	-3.52512510e-03	1.20849676e-02	1.69717173e-01	8.13334612e-02	8.83837114e-02
325             	-3.52414893e-03	1.20786728e-02	1.69853837e-01	8.14027696e-02	8.84510675e-02
326             	-3.52421967e-03	1.20731429e-02	1.69975695e-01	8.14636276e-02	8.85120670e-02
327             	-3.52406361e-03	1.20674762e-02	1.70100844e-01	8.15263582e-02	8.85744854e-02
328             	-3.52247509e-03	1.20610019e-02	1.70243332e-01	8.15991910e-02	8.86441412e-02
329             	-3.52212589e-03	1.20553599e-02	1.70369088e-01	8.16624181e-02	8.87066699e-02
330             	-3.52166139e-03	1.20496631e-02	1.70495807e-01	8.17262421e-02	8.87695648e-02
331             	-3.52110016e-03	1.20439047e-02	1.70623439e-01	8.17906193e-02	8.88328197e-02
332             	-3.52047779e-03	1.20381016e-02	1.70751627e-01	8.18553358e-02	8.88962914e-02
333             	-3.51984348e-03	1.20322845e-02	1.70879808e-01	8.19200604e-02	8.89597474e-02
334             	-3.51925261e-03	1.20264870e-02	1.71007379e-01	8.19844370e-02	8.90229423e-02
335             	-3.51875511e-03	1.20207368e-02	1.71133832e-01	8.20481611e-02	8.90856713e-02
336             	-3.51839209e-03	1.20150527e-02	1.71258823e-01	8.21110192e-02	8.91478033e-02
337             	-3.51818212e-03	1.20094385e-02	1.71382306e-01	8.21729706e-02	8.92093349e-02
338             	-3.51811988e-03	1.20038878e-02	1.71504469e-01	8.22341144e-02	8.92703541e-02
339             	-3.51818424e-03	1.19983919e-02	1.71625597e-01	8.22946143e-02	8.93309828e-02
340             	-3.51834598e-03	1.19929444e-02	1.71745967e-01	8.23546376e-02	8.93913295e-02
341             	-3.51856709e-03	1.19875343e-02	1.71865910e-01	8.24143881e-02	8.94515222e-02
342             	-3.51881569e-03	1.19821570e-02	1.71985596e-01	8.24739824e-02	8.95116138e-02
343             	-3.51906097e-03	1.19768040e-02	1.72105173e-01	8.25335255e-02	8.95716474e-02
344             	-3.51928857e-03	1.19714711e-02	1.72224619e-01	8.25930208e-02	8.96315980e-02
345             	-3.51949520e-03	1.19661522e-02	1.72343844e-01	8.26524266e-02	8.96914170e-02
346             	-3.51968879e-03	1.19608415e-02	1.72462708e-01	8.27116653e-02	8.97510429e-02
347             	-3.51988759e-03	1.19555347e-02	1.72581043e-01	8.27706338e-02	8.98104090e-02
348             	-3.52011429e-03	1.19502293e-02	1.72698703e-01	8.28292370e-02	8.98694655e-02
349             	-3.52039229e-03	1.19449243e-02	1.72815596e-01	8.28874055e-02	8.99281901e-02
350             	-3.52074205e-03	1.19396213e-02	1.72931676e-01	8.29450960e-02	8.99865801e-02
351             	-3.52187859e-03	1.19350152e-02	1.73031494e-01	8.29938684e-02	9.00376256e-02
352             	-3.52226177e-03	1.19294032e-02	1.73152413e-01	8.30539446e-02	9.00984682e-02
353             	-3.52264720e-03	1.19238236e-02	1.73273294e-01	8.31139998e-02	9.01592942e-02
354             	-3.52305006e-03	1.19183552e-02	1.73392642e-01	8.31732710e-02	9.02193711e-02
355             	-3.52419169e-03	1.19137130e-02	1.73494001e-01	8.32228089e-02	9.02711923e-02
356             	-3.52460189e-03	1.19081896e-02	1.73614281e-01	8.32825387e-02	9.03317425e-02
357             	-3.52505381e-03	1.19027702e-02	1.73732494e-01	8.33411931e-02	9.03913007e-02
358             	-3.52623608e-03	1.18981549e-02	1.73832551e-01	8.33900396e-02	9.04425118e-02
359             	-3.52678648e-03	1.18926794e-02	1.73950461e-01	8.34484439e-02	9.05020168e-02
360             	-3.52803908e-03	1.18879807e-02	1.74050986e-01	8.34974541e-02	9.05535322e-02
361             	-3.52867880e-03	1.18824263e-02	1.74169427e-01	8.35560345e-02	9.06133921e-02
362             	-3.52998051e-03	1.18776834e-02	1.74270349e-01	8.36051939e-02	9.06651549e-02
363             	-3.53068545e-03	1.18721197e-02	1.74388646e-01	8.36636377e-02	9.07250086e-02
364             	-3.53144441e-03	1.18667203e-02	1.74503847e-01	8.37204789e-02	9.07833677e-02
365             	-3.53283103e-03	1.18621623e-02	1.74600524e-01	8.37674311e-02	9.08330932e-02
366             	-3.53376305e-03	1.18568017e-02	1.74713104e-01	8.38227892e-02	9.08903153e-02
367             	-3.53479399e-03	1.18515431e-02	1.74822843e-01	8.38766275e-02	9.09462155e-02
368             	-3.53638919e-03	1.18470402e-02	1.74915560e-01	8.39213907e-02	9.09941691e-02
369             	-3.53763021e-03	1.18416839e-02	1.75024659e-01	8.39746992e-02	9.10499596e-02
370             	-3.53892990e-03	1.18363903e-02	1.75132191e-01	8.40271655e-02	9.11050253e-02
371             	-3.54027067e-03	1.18311910e-02	1.75237711e-01	8.40785848e-02	9.11591261e-02
372             	-3.54202634e-03	1.18267268e-02	1.75327623e-01	8.41217849e-02	9.12058376e-02
373             	-3.54343323e-03	1.18213936e-02	1.75434487e-01	8.41738101e-02	9.12606765e-02
374             	-3.54481884e-03	1.18161037e-02	1.75540647e-01	8.42255045e-02	9.13151422e-02
375             	-3.54617531e-03	1.18108902e-02	1.75645376e-01	8.42765128e-02	9.13688634e-02
376             	-3.54751593e-03	1.18057567e-02	1.75748246e-01	8.43266069e-02	9.14216387e-02
377             	-3.54886524e-03	1.18006807e-02	1.75849201e-01	8.43757350e-02	9.14734655e-02
378             	-3.55025148e-03	1.17956313e-02	1.75948437e-01	8.44239669e-02	9.15244698e-02
379             	-3.55169708e-03	1.17905794e-02	1.76046325e-01	8.44714656e-02	9.15748598e-02
380             	-3.55321059e-03	1.17855041e-02	1.76143344e-01	8.45184615e-02	9.16248827e-02
381             	-3.55478591e-03	1.17803971e-02	1.76239944e-01	8.45651860e-02	9.16747578e-02
382             	-3.55640336e-03	1.17752607e-02	1.76336489e-01	8.46118411e-02	9.17246479e-02
383             	-3.55803502e-03	1.17701044e-02	1.76433198e-01	8.46585638e-02	9.17746339e-02
384             	-3.55965128e-03	1.17649404e-02	1.76530133e-01	8.47054154e-02	9.18247179e-02
385             	-3.56122736e-03	1.17597792e-02	1.76627228e-01	8.47523864e-02	9.18748412e-02
386             	-3.56274706e-03	1.17546283e-02	1.76724314e-01	8.47994100e-02	9.19249041e-02
387             	-3.56420690e-03	1.17494909e-02	1.76821167e-01	8.48463764e-02	9.19747902e-02
388             	-3.56561558e-03	1.17443677e-02	1.76917526e-01	8.48931474e-02	9.20243786e-02
389             	-3.56699014e-03	1.17392581e-02	1.77013166e-01	8.49395930e-02	9.20735733e-02
390             	-3.56835051e-03	1.17341608e-02	1.77107942e-01	8.49856207e-02	9.21223217e-02
391             	-3.56971529e-03	1.17290762e-02	1.77201794e-01	8.50311815e-02	9.21706121e-02
392             	-3.57109692e-03	1.17240053e-02	1.77294769e-01	8.50762874e-02	9.22184812e-02
393             	-3.57249891e-03	1.17189495e-02	1.77387016e-01	8.51210090e-02	9.22660068e-02
394             	-3.57391636e-03	1.17139119e-02	1.77478723e-01	8.51654450e-02	9.23132777e-02
395             	-3.57533764e-03	1.17088966e-02	1.77570069e-01	8.52096967e-02	9.23603719e-02
396             	-3.57674737e-03	1.17039087e-02	1.77661188e-01	8.52538468e-02	9.24073415e-02
397             	-3.57812902e-03	1.16989529e-02	1.77752161e-01	8.52979512e-02	9.24542093e-02
398             	-3.57946838e-03	1.16940327e-02	1.77842999e-01	8.53420312e-02	9.25009679e-02
399             	-3.58075553e-03	1.16891492e-02	1.77933675e-01	8.53860821e-02	9.25475932e-02
400             	-3.58198596e-03	1.16843026e-02	1.78024116e-01	8.54300722e-02	9.25940441e-02
401             	-3.58316174e-03	1.16794930e-02	1.78114210e-01	8.54739433e-02	9.26402668e-02
402             	-3.58428874e-03	1.16747192e-02	1.78203866e-01	8.55176443e-02	9.26862218e-02
403             	-3.58537571e-03	1.16699800e-02	1.78293014e-01	8.55611314e-02	9.27318828e-02
404             	-3.58643125e-03	1.16652736e-02	1.78381631e-01	8.56043841e-02	9.27772466e-02
405             	-3.58746271e-03	1.16605996e-02	1.78469719e-01	8.56473970e-02	9.28223224e-02
406             	-3.58847378e-03	1.16559570e-02	1.78557338e-01	8.56901951e-02	9.28671426e-02
407             	-3.58977513e-03	1.16519265e-02	1.78633717e-01	8.57270834e-02	9.29066336e-02
408             	-3.59071843e-03	1.16470757e-02	1.78725025e-01	8.57717940e-02	9.29532308e-02
409             	-3.59159149e-03	1.16422763e-02	1.78816429e-01	8.58166230e-02	9.29998060e-02
410             	-3.59238698e-03	1.16375899e-02	1.78906881e-01	8.58610535e-02	9.30458274e-02
411             	-3.59348144e-03	1.16336121e-02	1.78984753e-01	8.58988951e-02	9.30858580e-02
412             	-3.59412152e-03	1.16289131e-02	1.79076058e-01	8.59439074e-02	9.31321504e-02
413             	-3.59510125e-03	1.16248985e-02	1.79154953e-01	8.59823751e-02	9.31725776e-02
414             	-3.59559444e-03	1.16201669e-02	1.79247145e-01	8.60279779e-02	9.32191667e-02
415             	-3.59646781e-03	1.16161522e-02	1.79326454e-01	8.60667594e-02	9.32596950e-02
416             	-3.59684092e-03	1.16114614e-02	1.79418364e-01	8.61123412e-02	9.33060230e-02
417             	-3.59763310e-03	1.16075166e-02	1.79496886e-01	8.61508099e-02	9.33460761e-02
418             	-3.59838599e-03	1.16035057e-02	1.79576503e-01	8.61898656e-02	9.33866375e-02
419             	-3.59861615e-03	1.15988285e-02	1.79668652e-01	8.62357100e-02	9.34329423e-02
420             	-3.59930068e-03	1.15949226e-02	1.79747256e-01	8.62743275e-02	9.34729289e-02
421             	-3.59994547e-03	1.15909853e-02	1.79826552e-01	8.63133303e-02	9.35132212e-02
422             	-3.60005344e-03	1.15864259e-02	1.79917729e-01	8.63588111e-02	9.35589180e-02
423             	-3.60064324e-03	1.15826434e-02	1.79995172e-01	8.63969429e-02	9.35982293e-02
424             	-3.60120399e-03	1.15788399e-02	1.80073008e-01	8.64352999e-02	9.36377079e-02
425             	-3.60123791e-03	1.15744325e-02	1.80162256e-01	8.64798900e-02	9.36823659e-02
426             	-3.60177075e-03	1.15707744e-02	1.80238108e-01	8.65172833e-02	9.37208248e-02
427             	-3.60228318e-03	1.15670880e-02	1.80314420e-01	8.65549268e-02	9.37594932e-02
428             	-3.60227401e-03	1.15628035e-02	1.80402023e-01	8.65987377e-02	9.38032857e-02
429             	-3.60276231e-03	1.15592425e-02	1.80476775e-01	8.66356250e-02	9.38411496e-02
430             	-3.60322371e-03	1.15556490e-02	1.80552158e-01	8.66728552e-02	9.38793027e-02
431             	-3.60314826e-03	1.15514670e-02	1.80638732e-01	8.67162176e-02	9.39225141e-02
432             	-3.60356721e-03	1.15479953e-02	1.80712756e-01	8.67528109e-02	9.39599453e-02
433             	-3.60394636e-03	1.15444911e-02	1.80787443e-01	8.67897752e-02	9.39976679e-02
434             	-3.60376602e-03	1.15404069e-02	1.80873124e-01	8.68327960e-02	9.40403280e-02
435             	-3.60409222e-03	1.15370222e-02	1.80946384e-01	8.68690997e-02	9.40772841e-02
436             	-3.60437814e-03	1.15336057e-02	1.81020195e-01	8.69057194e-02	9.41144757e-02
437             	-3.60409802e-03	1.15296171e-02	1.81104705e-01	8.69482543e-02	9.41564504e-02
438             	-3.60434669e-03	1.15263186e-02	1.81176941e-01	8.69841236e-02	9.41928170e-02
439             	-3.60456455e-03	1.15229891e-02	1.81249672e-01	8.70202712e-02	9.42294003e-02
440             	-3.60422502e-03	1.15190985e-02	1.81332819e-01	8.70621843e-02	9.42706343e-02
441             	-3.60442842e-03	1.15158896e-02	1.81403948e-01	8.70975457e-02	9.43064025e-02
442             	-3.60460667e-03	1.15126533e-02	1.81475580e-01	8.71331833e-02	9.43423966e-02
443             	-3.60423078e-03	1.15088701e-02	1.81557444e-01	8.71744915e-02	9.43829530e-02
444             	-3.60439691e-03	1.15057578e-02	1.81627591e-01	8.72093988e-02	9.44181926e-02
445             	-3.60453306e-03	1.15026212e-02	1.81698279e-01	8.72446066e-02	9.44536728e-02
446             	-3.60410807e-03	1.14989526e-02	1.81779021e-01	8.72854026e-02	9.44936188e-02
447             	-3.60422159e-03	1.14959402e-02	1.81848297e-01	8.73199268e-02	9.45283700e-02
448             	-3.60429945e-03	1.14929038e-02	1.81918107e-01	8.73547539e-02	9.45633528e-02
449             	-3.60432211e-03	1.14898232e-02	1.81988897e-01	8.73901262e-02	9.45987704e-02
450             	-3.60374001e-03	1.14862228e-02	1.82069698e-01	8.74311089e-02	9.46385889e-02
451             	-3.60372089e-03	1.14832896e-02	1.82138867e-01	8.74657125e-02	9.46731543e-02
452             	-3.60366921e-03	1.14803561e-02	1.82208127e-01	8.75003942e-02	9.47077327e-02
453             	-3.60357621e-03	1.14773995e-02	1.82277850e-01	8.75353490e-02	9.47425014e-02
454             	-3.60343303e-03	1.14744165e-02	1.82348184e-01	8.75706589e-02	9.47775250e-02
455             	-3.60323300e-03	1.14714180e-02	1.82419067e-01	8.76063004e-02	9.48127664e-02
456             	-3.60241323e-03	1.14679566e-02	1.82498996e-01	8.76470845e-02	9.48519110e-02
457             	-3.60224144e-03	1.14651893e-02	1.82566620e-01	8.76810686e-02	9.48855515e-02
458             	-3.60208593e-03	1.14624565e-02	1.82633511e-01	8.77146698e-02	9.49188416e-02
459             	-3.60193834e-03	1.14597221e-02	1.82700272e-01	8.77481978e-02	9.49520745e-02
460             	-3.60178280e-03	1.14569707e-02	1.82767351e-01	8.77818926e-02	9.49854582e-02
461             	-3.60160086e-03	1.14542059e-02	1.82834955e-01	8.78158768e-02	9.50190785e-02
462             	-3.60137475e-03	1.14514426e-02	1.82903088e-01	8.78501694e-02	9.50529189e-02
463             	-3.60109262e-03	1.14486991e-02	1.82971582e-01	8.78846984e-02	9.50868836e-02
464             	-3.60075214e-03	1.14459905e-02	1.83040162e-01	8.79193286e-02	9.51208329e-02
465             	-3.60036080e-03	1.14433260e-02	1.83108525e-01	8.79539018e-02	9.51546234e-02
466             	-3.59993356e-03	1.14407078e-02	1.83176406e-01	8.79882692e-02	9.51881363e-02
467             	-3.59948939e-03	1.14381334e-02	1.83243613e-01	8.80223172e-02	9.52212960e-02
468             	-3.59904683e-03	1.14355978e-02	1.83310063e-01	8.80559849e-02	9.52540785e-02
469             	-3.59862062e-03	1.14330961e-02	1.83375767e-01	8.80892630e-02	9.52865043e-02
470             	-3.59821793e-03	1.14306244e-02	1.83440830e-01	8.81221969e-02	9.53186328e-02
471             	-3.59783878e-03	1.14281813e-02	1.83505394e-01	8.81548585e-02	9.53505360e-02
472             	-3.59747741e-03	1.14257682e-02	1.83569604e-01	8.81873244e-02	9.53822792e-02
473             	-3.59712384e-03	1.14233876e-02	1.83633573e-01	8.82196624e-02	9.54139101e-02
474             	-3.59676549e-03	1.14210419e-02	1.83697390e-01	8.82519297e-02	9.54454606e-02
475             	-3.59639001e-03	1.14187325e-02	1.83761108e-01	8.82841639e-02	9.54769439e-02
476             	-3.59598836e-03	1.14164596e-02	1.83824722e-01	8.83163727e-02	9.55083495e-02
477             	-3.59555718e-03	1.14142237e-02	1.83888166e-01	8.83485257e-02	9.55396401e-02
478             	-3.59509658e-03	1.14120228e-02	1.83951371e-01	8.83805889e-02	9.55707820e-02
479             	-3.59461042e-03	1.14098547e-02	1.84014269e-01	8.84125242e-02	9.56017451e-02
480             	-3.59410546e-03	1.14077169e-02	1.84076800e-01	8.84442943e-02	9.56325052e-02
481             	-3.59359038e-03	1.14056082e-02	1.84138905e-01	8.84758622e-02	9.56630430e-02
482             	-3.59307353e-03	1.14035278e-02	1.84200554e-01	8.85072036e-02	9.56933507e-02
483             	-3.59255969e-03	1.14014747e-02	1.84261772e-01	8.85383263e-02	9.57234457e-02
484             	-3.59205044e-03	1.13994488e-02	1.84322604e-01	8.85692517e-02	9.57533526e-02
485             	-3.59154597e-03	1.13974513e-02	1.84383087e-01	8.85999974e-02	9.57830893e-02
486             	-3.59104407e-03	1.13954838e-02	1.84443249e-01	8.86305806e-02	9.58126688e-02
487             	-3.59054184e-03	1.13935486e-02	1.84503098e-01	8.86610071e-02	9.58420908e-02
488             	-3.59003612e-03	1.13916482e-02	1.84562608e-01	8.86912681e-02	9.58713404e-02
489             	-3.58952288e-03	1.13897856e-02	1.84621744e-01	8.87213490e-02	9.59003947e-02
490             	-3.58899938e-03	1.13879653e-02	1.84680423e-01	8.87512121e-02	9.59292108e-02
491             	-3.58846956e-03	1.13861835e-02	1.84738720e-01	8.87808903e-02	9.59578294e-02
492             	-3.58742851e-03	1.13841821e-02	1.84803807e-01	8.88144749e-02	9.59893319e-02
493             	-3.58699794e-03	1.13825441e-02	1.84859693e-01	8.88428487e-02	9.60168445e-02
494             	-3.58660470e-03	1.13809407e-02	1.84914605e-01	8.88706976e-02	9.60439070e-02
495             	-3.58580178e-03	1.13791055e-02	1.84976010e-01	8.89022031e-02	9.60738066e-02
496             	-3.58505546e-03	1.13773435e-02	1.85036029e-01	8.89329588e-02	9.61030698e-02
497             	-3.58477441e-03	1.13758691e-02	1.85088047e-01	8.89592489e-02	9.61287978e-02
498             	-3.58414608e-03	1.13741861e-02	1.85145964e-01	8.89888361e-02	9.61571283e-02
499             	-3.58354383e-03	1.13725575e-02	1.85202976e-01	8.90179443e-02	9.61850320e-02
500             	-3.58307388e-03	1.13710252e-02	1.85257304e-01	8.90455780e-02	9.62117258e-02
501             	-3.58261986e-03	1.13695332e-02	1.85310886e-01	8.90728232e-02	9.62380630e-02
502             	-3.58216552e-03	1.13680642e-02	1.85364149e-01	8.90999089e-02	9.62642399e-02
503             	-3.58154155e-03	1.13665474e-02	1.85420126e-01	8.91285215e-02	9.62916046e-02
504             	-3.58085780e-03	1.13650532e-02	1.85476478e-01	8.91573811e-02	9.63190967e-02
505             	-3.58013479e-03	1.13635980e-02	1.85532654e-01	8.91861920e-02	9.63464616e-02
506             	-3.57937322e-03	1.13621776e-02	1.85588631e-01	8.92149424e-02	9.63736888e-02
507             	-3.57858790e-03	1.13607873e-02	1.85644213e-01	8.92435184e-02	9.64006942e-02
508             	-3.57779077e-03	1.13594182e-02	1.85699348e-01	8.92718831e-02	9.64274646e-02
509             	-3.57699527e-03	1.13580629e-02	1.85754002e-01	8.93000058e-02	9.64539964e-02
510             	-3.57621595e-03	1.13567182e-02	1.85808126e-01	8.93278472e-02	9.64802791e-02
511             	-3.57546572e-03	1.13553848e-02	1.85861668e-01	8.93553683e-02	9.65062997e-02
512             	-3.57476541e-03	1.13540575e-02	1.85914555e-01	8.93825122e-02	9.65320430e-02
513             	-3.57411634e-03	1.13527450e-02	1.85966796e-01	8.94092817e-02	9.65575143e-02
514             	-3.57351234e-03	1.13514559e-02	1.86018433e-01	8.94357042e-02	9.65827289e-02
515             	-3.57293661e-03	1.13501969e-02	1.86069618e-01	8.94618724e-02	9.66077456e-02
516             	-3.57236529e-03	1.13489695e-02	1.86120586e-01	8.94879275e-02	9.66326580e-02
517             	-3.57178836e-03	1.13477653e-02	1.86171476e-01	8.95139496e-02	9.66575263e-02
518             	-3.57118733e-03	1.13465868e-02	1.86222394e-01	8.95400096e-02	9.66823842e-02
519             	-3.57054652e-03	1.13454341e-02	1.86273406e-01	8.95661565e-02	9.67072495e-02
520             	-3.56970652e-03	1.13442415e-02	1.86326932e-01	8.95937596e-02	9.67331726e-02
521             	-3.56886584e-03	1.13431129e-02	1.86379295e-01	8.96207817e-02	9.67585134e-02
522             	-3.56805126e-03	1.13420223e-02	1.86430429e-01	8.96471630e-02	9.67832655e-02
523             	-3.56726924e-03	1.13409498e-02	1.86480568e-01	8.96730146e-02	9.68075531e-02
524             	-3.56653033e-03	1.13398835e-02	1.86529854e-01	8.96983968e-02	9.68314574e-02
525             	-3.56583942e-03	1.13388190e-02	1.86578457e-01	8.97233889e-02	9.68550677e-02
526             	-3.56520076e-03	1.13377480e-02	1.86626591e-01	8.97480950e-02	9.68784965e-02
527             	-3.56459961e-03	1.13366808e-02	1.86674468e-01	8.97726342e-02	9.69018334e-02
528             	-3.56400943e-03	1.13356256e-02	1.86722340e-01	8.97971608e-02	9.69251796e-02
529             	-3.56340567e-03	1.13345917e-02	1.86770351e-01	8.98217696e-02	9.69485810e-02
530             	-3.56277970e-03	1.13335762e-02	1.86818521e-01	8.98464810e-02	9.69720404e-02
531             	-3.56211725e-03	1.13325849e-02	1.86866819e-01	8.98712924e-02	9.69955269e-02
532             	-3.56141049e-03	1.13316196e-02	1.86915158e-01	8.98961685e-02	9.70189895e-02
533             	-3.56048877e-03	1.13306516e-02	1.86965934e-01	8.99224784e-02	9.70434559e-02
534             	-3.55974899e-03	1.13297494e-02	1.87013105e-01	8.99468035e-02	9.70663014e-02
535             	-3.55885029e-03	1.13288284e-02	1.87062180e-01	8.99722397e-02	9.70899403e-02
536             	-3.55816098e-03	1.13279573e-02	1.87107640e-01	8.99956590e-02	9.71119810e-02
537             	-3.55750354e-03	1.13270802e-02	1.87152651e-01	9.00188220e-02	9.71338290e-02
538             	-3.55672495e-03	1.13261580e-02	1.87199852e-01	9.00432012e-02	9.71566511e-02
539             	-3.55599666e-03	1.13252495e-02	1.87246355e-01	9.00671810e-02	9.71791743e-02
540             	-3.55547071e-03	1.13243784e-02	1.87289866e-01	9.00894621e-02	9.72004035e-02
541             	-3.55482026e-03	1.13234768e-02	1.87335685e-01	9.01130220e-02	9.72226626e-02
542             	-3.55418145e-03	1.13225990e-02	1.87381158e-01	9.01363974e-02	9.72447603e-02
543             	-3.55354128e-03	1.13217506e-02	1.87426267e-01	9.01595923e-02	9.72666749e-02
544             	-3.55290252e-03	1.13209213e-02	1.87470993e-01	9.01825941e-02	9.72883992e-02
545             	-3.55225735e-03	1.13201100e-02	1.87515375e-01	9.02054304e-02	9.73099451e-02
546             	-3.55161202e-03	1.13193040e-02	1.87559437e-01	9.02281063e-02	9.73313303e-02
547             	-3.55096129e-03	1.13185041e-02	1.87603238e-01	9.02506576e-02	9.73525801e-02
548             	-3.55030054e-03	1.13177117e-02	1.87646835e-01	9.02731171e-02	9.73737182e-02
549             	-3.54963900e-03	1.13169187e-02	1.87690247e-01	9.02954844e-02	9.73947624e-02
550             	-3.54897331e-03	1.13161307e-02	1.87733505e-01	9.03177790e-02	9.74157256e-02
551             	-3.54831209e-03	1.13153429e-02	1.87776595e-01	9.03399856e-02	9.74366098e-02
552             	-3.54765084e-03	1.13145630e-02	1.87819524e-01	9.03621110e-02	9.74574126e-02
553             	-3.54698434e-03	1.13137970e-02	1.87862287e-01	9.03841590e-02	9.74781277e-02
554             	-3.54632106e-03	1.13130387e-02	1.87904845e-01	9.04061016e-02	9.74987437e-02
555             	-3.54565670e-03	1.13122930e-02	1.87947190e-01	9.04279382e-02	9.75192516e-02
556             	-3.54499948e-03	1.13115530e-02	1.87989282e-01	9.04496416e-02	9.75396406e-02
557             	-3.54434448e-03	1.13108236e-02	1.88031121e-01	9.04712159e-02	9.75599048e-02
558             	-3.54368611e-03	1.13101082e-02	1.88072714e-01	9.04926711e-02	9.75800433e-02
559             	-3.54303255e-03	1.13093984e-02	1.88114048e-01	9.05139914e-02	9.76000565e-02
560             	-3.54237887e-03	1.13086981e-02	1.88155142e-01	9.05351920e-02	9.76199497e-02
561             	-3.54173241e-03	1.13080000e-02	1.88195990e-01	9.05562626e-02	9.76397274e-02
562             	-3.54108670e-03	1.13073093e-02	1.88236620e-01	9.05772235e-02	9.76593969e-02
563             	-3.54044777e-03	1.13066200e-02	1.88277029e-01	9.05980665e-02	9.76789621e-02
564             	-3.53968139e-03	1.13059125e-02	1.88318960e-01	9.06197988e-02	9.76991616e-02
565             	-3.53896739e-03	1.13052274e-02	1.88359867e-01	9.06409662e-02	9.77189010e-02
566             	-3.53829797e-03	1.13045649e-02	1.88399830e-01	9.06616171e-02	9.77382131e-02
567             	-3.53766180e-03	1.13039208e-02	1.88439027e-01	9.06818517e-02	9.77571753e-02
568             	-3.53705982e-03	1.13032797e-02	1.88477648e-01	9.07017643e-02	9.77758840e-02
569             	-3.53647427e-03	1.13026422e-02	1.88515934e-01	9.07214926e-02	9.77944411e-02
570             	-3.53589979e-03	1.13020007e-02	1.88554069e-01	9.07411346e-02	9.78129342e-02
571             	-3.53531519e-03	1.13013632e-02	1.88592227e-01	9.07607983e-02	9.78314287e-02
572             	-3.53471599e-03	1.13007267e-02	1.88630481e-01	9.07805248e-02	9.78499567e-02
573             	-3.53408617e-03	1.13001009e-02	1.88668871e-01	9.08003494e-02	9.78685218e-02
574             	-3.53343013e-03	1.12994817e-02	1.88707337e-01	9.08202384e-02	9.78870987e-02
575             	-3.53274197e-03	1.12988760e-02	1.88745812e-01	9.08401641e-02	9.79056480e-02
576             	-3.53203563e-03	1.12982767e-02	1.88784174e-01	9.08600514e-02	9.79241227e-02
577             	-3.53131220e-03	1.12976883e-02	1.88822340e-01	9.08798579e-02	9.79424823e-02
578             	-3.53058926e-03	1.12971025e-02	1.88860213e-01	9.08995171e-02	9.79606956e-02
579             	-3.52986743e-03	1.12965243e-02	1.88897762e-01	9.09190136e-02	9.79787485e-02
580             	-3.52916061e-03	1.12959463e-02	1.88934958e-01	9.09383183e-02	9.79966395e-02
581             	-3.52846347e-03	1.12953751e-02	1.88971836e-01	9.09574548e-02	9.80143817e-02
582             	-3.52778323e-03	1.12948046e-02	1.89008420e-01	9.09764270e-02	9.80319934e-02
583             	-3.52710814e-03	1.12942424e-02	1.89044781e-01	9.09952825e-02	9.80494987e-02
584             	-3.52644059e-03	1.12936829e-02	1.89080954e-01	9.10140366e-02	9.80669178e-02
585             	-3.52576606e-03	1.12931334e-02	1.89117003e-01	9.10327355e-02	9.80842677e-02
586             	-3.52508670e-03	1.12925878e-02	1.89152939e-01	9.10513829e-02	9.81015563e-02
587             	-3.52439009e-03	1.12920526e-02	1.89188793e-01	9.10700063e-02	9.81187865e-02
588             	-3.52368229e-03	1.12915210e-02	1.89224540e-01	9.10885876e-02	9.81359522e-02
589             	-3.52295486e-03	1.12909989e-02	1.89260183e-01	9.11071367e-02	9.81530465e-02
590             	-3.52221726e-03	1.12904790e-02	1.89295683e-01	9.11256241e-02	9.81700586e-02
591             	-3.52146383e-03	1.12899673e-02	1.89331035e-01	9.11440538e-02	9.81869814e-02
592             	-3.52070588e-03	1.12894564e-02	1.89366204e-01	9.11623959e-02	9.82038076e-02
593             	-3.51993819e-03	1.12889528e-02	1.89401194e-01	9.11806589e-02	9.82205353e-02
594             	-3.51917149e-03	1.12884496e-02	1.89435983e-01	9.11988199e-02	9.82371628e-02
595             	-3.51839891e-03	1.12879537e-02	1.89470590e-01	9.12168959e-02	9.82536937e-02
596             	-3.51762911e-03	1.12874585e-02	1.89505003e-01	9.12348725e-02	9.82701308e-02
597             	-3.51685418e-03	1.12869710e-02	1.89539244e-01	9.12527680e-02	9.82864764e-02
598             	-3.51608176e-03	1.12864851e-02	1.89573298e-01	9.12705675e-02	9.83027310e-02
599             	-3.51530097e-03	1.12860076e-02	1.89607201e-01	9.12882997e-02	9.83189016e-02
600             	-3.51451726e-03	1.12855319e-02	1.89640952e-01	9.13059588e-02	9.83349933e-02
601             	-3.51371961e-03	1.12850648e-02	1.89674585e-01	9.13235730e-02	9.83510122e-02
602             	-3.51291455e-03	1.12845994e-02	1.89708090e-01	9.13411305e-02	9.83669596e-02
603             	-3.51209276e-03	1.12841424e-02	1.89741488e-01	9.13586512e-02	9.83828367e-02
604             	-3.51126243e-03	1.12836868e-02	1.89774757e-01	9.13761163e-02	9.83986412e-02
605             	-3.51033099e-03	1.12832430e-02	1.89808964e-01	9.13941510e-02	9.84148129e-02
606             	-3.50950469e-03	1.12828046e-02	1.89841555e-01	9.14112730e-02	9.84302824e-02
607             	-3.50867078e-03	1.12823701e-02	1.89873974e-01	9.14283160e-02	9.84456575e-02
608             	-3.50775108e-03	1.12819346e-02	1.89907310e-01	9.14459037e-02	9.84614059e-02
609             	-3.50692167e-03	1.12815044e-02	1.89939225e-01	9.14626907e-02	9.84765341e-02
610             	-3.50600688e-03	1.12810728e-02	1.89972079e-01	9.14800325e-02	9.84920462e-02
611             	-3.50517488e-03	1.12806457e-02	1.90003626e-01	9.14966381e-02	9.85069878e-02
612             	-3.50425208e-03	1.12802179e-02	1.90036171e-01	9.15138336e-02	9.85223378e-02
613             	-3.50340349e-03	1.12797953e-02	1.90067507e-01	9.15303498e-02	9.85371568e-02
614             	-3.50245777e-03	1.12793744e-02	1.90099875e-01	9.15474798e-02	9.85523954e-02
615             	-3.50150303e-03	1.12789656e-02	1.90132021e-01	9.15645077e-02	9.85675138e-02
616             	-3.50055160e-03	1.12785616e-02	1.90163875e-01	9.15813860e-02	9.85824892e-02
617             	-3.49967293e-03	1.12781612e-02	1.90194531e-01	9.15975926e-02	9.85969385e-02
618             	-3.49870007e-03	1.12777600e-02	1.90226169e-01	9.16143844e-02	9.86117846e-02
619             	-3.49771650e-03	1.12773657e-02	1.90257648e-01	9.16311076e-02	9.86265406e-02
620             	-3.49673396e-03	1.12769722e-02	1.90288917e-01	9.16477247e-02	9.86411926e-02
621             	-3.49574522e-03	1.12765860e-02	1.90319987e-01	9.16642481e-02	9.86557386e-02
622             	-3.49475939e-03	1.12761993e-02	1.90350846e-01	9.16806637e-02	9.86701825e-02
623             	-3.49376666e-03	1.12758181e-02	1.90381539e-01	9.16970029e-02	9.86845362e-02
624             	-3.49277394e-03	1.12754348e-02	1.90412076e-01	9.17132639e-02	9.86988118e-02
625             	-3.49177000e-03	1.12750563e-02	1.90442505e-01	9.17294827e-02	9.87130227e-02
626             	-3.49076118e-03	1.12746760e-02	1.90472832e-01	9.17456550e-02	9.87271774e-02
627             	-3.48973679e-03	1.12743017e-02	1.90503091e-01	9.17618085e-02	9.87412821e-02
628             	-3.48870469e-03	1.12739270e-02	1.90533262e-01	9.17779264e-02	9.87553358e-02
629             	-3.48765564e-03	1.12735596e-02	1.90563365e-01	9.17940269e-02	9.87693381e-02
630             	-3.48659898e-03	1.12731929e-02	1.90593369e-01	9.18100856e-02	9.87832836e-02
631             	-3.48552706e-03	1.12728335e-02	1.90623282e-01	9.18261140e-02	9.87971681e-02
632             	-3.48445013e-03	1.12724744e-02	1.90653072e-01	9.18420859e-02	9.88109861e-02
633             	-3.48336092e-03	1.12721216e-02	1.90682750e-01	9.18580138e-02	9.88247357e-02
634             	-3.48247314e-03	1.12717612e-02	1.90710024e-01	9.18725391e-02	9.88374854e-02
635             	-3.48130176e-03	1.12713979e-02	1.90740353e-01	9.18888749e-02	9.88514785e-02
636             	-3.48011583e-03	1.12710416e-02	1.90770646e-01	9.19052072e-02	9.88654388e-02
637             	-3.47893795e-03	1.12706911e-02	1.90800672e-01	9.19213982e-02	9.88792741e-02
638             	-3.47776957e-03	1.12703534e-02	1.90830313e-01	9.19373868e-02	9.88929259e-02
639             	-3.47683336e-03	1.12700095e-02	1.90857258e-01	9.19517954e-02	9.89054621e-02
640             	-3.47563272e-03	1.12696658e-02	1.90886913e-01	9.19678237e-02	9.89190892e-02
641             	-3.47443882e-03	1.12693253e-02	1.90916310e-01	9.19837162e-02	9.89325938e-02
642             	-3.47346314e-03	1.12689858e-02	1.90943148e-01	9.19981106e-02	9.89450369e-02
643             	-3.47222062e-03	1.12686466e-02	1.90972701e-01	9.20141300e-02	9.89585712e-02
644             	-3.47120746e-03	1.12683000e-02	1.90999739e-01	9.20286619e-02	9.89710768e-02
645             	-3.46991536e-03	1.12679634e-02	1.91029504e-01	9.20448369e-02	9.89846676e-02
646             	-3.46863734e-03	1.12676386e-02	1.91058899e-01	9.20608123e-02	9.89980869e-02
647             	-3.46761284e-03	1.12673078e-02	1.91085532e-01	9.20751530e-02	9.90103787e-02
648             	-3.46655133e-03	1.12669725e-02	1.91112420e-01	9.20896585e-02	9.90227611e-02
649             	-3.46521780e-03	1.12666422e-02	1.91141938e-01	9.21057512e-02	9.90361868e-02
650             	-3.46412110e-03	1.12663170e-02	1.91168823e-01	9.21202902e-02	9.90485324e-02
651             	-3.46298827e-03	1.12659901e-02	1.91195941e-01	9.21349823e-02	9.90609588e-02
652             	-3.46158573e-03	1.12656740e-02	1.91225575e-01	9.21512017e-02	9.90743732e-02
653             	-3.46044405e-03	1.12653630e-02	1.91252399e-01	9.21657553e-02	9.90866434e-02
654             	-3.45928436e-03	1.12650500e-02	1.91279271e-01	9.21803510e-02	9.90989197e-02
655             	-3.45810640e-03	1.12647298e-02	1.91306251e-01	9.21950193e-02	9.91112321e-02
656             	-3.45689693e-03	1.12644124e-02	1.91333384e-01	9.22097953e-02	9.91235892e-02
657             	-3.45566301e-03	1.12640958e-02	1.91360628e-01	9.22246512e-02	9.91359772e-02
658             	-3.45441391e-03	1.12637792e-02	1.91387910e-01	9.22395408e-02	9.91483687e-02
659             	-3.45314465e-03	1.12634731e-02	1.91415174e-01	9.22544425e-02	9.91607318e-02
660             	-3.45186838e-03	1.12631728e-02	1.91442332e-01	9.22692978e-02	9.91730346e-02
661             	-3.45059705e-03	1.12628731e-02	1.91469310e-01	9.22840579e-02	9.91852520e-02
662             	-3.44932463e-03	1.12625809e-02	1.91496095e-01	9.22987230e-02	9.91973722e-02
663             	-3.44806032e-03	1.12622888e-02	1.91522664e-01	9.23132717e-02	9.92093923e-02
664             	-3.44680994e-03	1.12619912e-02	1.91549019e-01	9.23276995e-02	9.92213194e-02
665             	-3.44555993e-03	1.12616961e-02	1.91575220e-01	9.23420499e-02	9.92331698e-02
666             	-3.44431301e-03	1.12613985e-02	1.91601293e-01	9.23563337e-02	9.92449597e-02
667             	-3.44307011e-03	1.12610952e-02	1.91627268e-01	9.23705640e-02	9.92567043e-02
668             	-3.44181507e-03	1.12607964e-02	1.91653205e-01	9.23847873e-02	9.92684174e-02
669             	-3.44055081e-03	1.12604984e-02	1.91679108e-01	9.23990032e-02	9.92801048e-02
670             	-3.43928062e-03	1.12601983e-02	1.91704972e-01	9.24132053e-02	9.92917666e-02
671             	-3.43799220e-03	1.12599059e-02	1.91730816e-01	9.24274159e-02	9.93034003e-02
672             	-3.43669305e-03	1.12596162e-02	1.91756610e-01	9.24416121e-02	9.93149982e-02
673             	-3.43539066e-03	1.12593253e-02	1.91782322e-01	9.24557702e-02	9.93265515e-02
674             	-3.43407556e-03	1.12590417e-02	1.91807959e-01	9.24699040e-02	9.93380551e-02
675             	-3.43275668e-03	1.12587595e-02	1.91833494e-01	9.24839904e-02	9.93495037e-02
676             	-3.43144161e-03	1.12584742e-02	1.91858905e-01	9.24980108e-02	9.93608940e-02
677             	-3.43011967e-03	1.12581943e-02	1.91884217e-01	9.25119886e-02	9.93722280e-02
678             	-3.42879802e-03	1.12579142e-02	1.91909418e-01	9.25259110e-02	9.93835070e-02
679             	-3.42748199e-03	1.12576297e-02	1.91934503e-01	9.25397694e-02	9.93947334e-02
680             	-3.42615846e-03	1.12573500e-02	1.91959509e-01	9.25535959e-02	9.94059128e-02
681             	-3.42483283e-03	1.12570700e-02	1.91984430e-01	9.25673822e-02	9.94170479e-02
682             	-3.42350923e-03	1.12567858e-02	1.92009263e-01	9.25811222e-02	9.94281407e-02
683             	-3.42217410e-03	1.12565069e-02	1.92034041e-01	9.25948462e-02	9.94391945e-02
684             	-3.42083327e-03	1.12562282e-02	1.92058752e-01	9.26085425e-02	9.94502091e-02
685             	-3.41949169e-03	1.12559457e-02	1.92083384e-01	9.26222002e-02	9.94611836e-02
686             	-3.41813705e-03	1.12556689e-02	1.92107963e-01	9.26358445e-02	9.94721186e-02
687             	-3.41677647e-03	1.12553923e-02	1.92132472e-01	9.26494594e-02	9.94830123e-02
688             	-3.41541596e-03	1.12551120e-02	1.92156895e-01	9.26630316e-02	9.94938635e-02
689             	-3.41404383e-03	1.12548373e-02	1.92181258e-01	9.26765853e-02	9.95046730e-02
690             	-3.41266762e-03	1.12545625e-02	1.92205544e-01	9.26901045e-02	9.95154397e-02
691             	-3.41129358e-03	1.12542838e-02	1.92229738e-01	9.27035755e-02	9.95261626e-02
692             	-3.41015243e-03	1.12540047e-02	1.92251625e-01	9.27156601e-02	9.95359650e-02
693             	-3.40868492e-03	1.12537152e-02	1.92276528e-01	9.27295792e-02	9.95469491e-02
694             	-3.40720493e-03	1.12534295e-02	1.92301452e-01	9.27435210e-02	9.95579308e-02
695             	-3.40571764e-03	1.12531607e-02	1.92326219e-01	9.27573921e-02	9.95688274e-02
696             	-3.40449604e-03	1.12528941e-02	1.92348418e-01	9.27697132e-02	9.95787052e-02
697             	-3.40296994e-03	1.12526214e-02	1.92373318e-01	9.27836889e-02	9.95896288e-02
698             	-3.40170613e-03	1.12523520e-02	1.92395691e-01	9.27961395e-02	9.95995518e-02
699             	-3.40013080e-03	1.12520812e-02	1.92420756e-01	9.28102473e-02	9.96105090e-02
700             	-3.39884116e-03	1.12518065e-02	1.92443194e-01	9.28227559e-02	9.96204383e-02
701             	-3.39750480e-03	1.12515288e-02	1.92465952e-01	9.28354714e-02	9.96304810e-02
702             	-3.39585054e-03	1.12512552e-02	1.92491388e-01	9.28498436e-02	9.96415447e-02
703             	-3.39450192e-03	1.12509827e-02	1.92514046e-01	9.28625213e-02	9.96515251e-02
704             	-3.39312240e-03	1.12507121e-02	1.92536844e-01	9.28752995e-02	9.96615443e-02
705             	-3.39171298e-03	1.12504379e-02	1.92559818e-01	9.28881961e-02	9.96716221e-02
706             	-3.39027764e-03	1.12501579e-02	1.92582959e-01	9.29012020e-02	9.96817573e-02
707             	-3.38880836e-03	1.12498828e-02	1.92606250e-01	9.29143165e-02	9.96919332e-02
708             	-3.38731730e-03	1.12496103e-02	1.92629607e-01	9.29274860e-02	9.97021206e-02
709             	-3.38581763e-03	1.12493377e-02	1.92652937e-01	9.29406506e-02	9.97122859e-02
710             	-3.38430745e-03	1.12490732e-02	1.92676184e-01	9.29537843e-02	9.97223992e-02
711             	-3.38280097e-03	1.12488105e-02	1.92699273e-01	9.29668358e-02	9.97324377e-02
712             	-3.38130904e-03	1.12485440e-02	1.92722161e-01	9.29797713e-02	9.97423893e-02
713             	-3.37982369e-03	1.12482796e-02	1.92744863e-01	9.29926076e-02	9.97522550e-02
714             	-3.37835060e-03	1.12480111e-02	1.92767388e-01	9.30053434e-02	9.97620446e-02
715             	-3.37689142e-03	1.12477342e-02	1.92789765e-01	9.30179912e-02	9.97717740e-02
716             	-3.37543031e-03	1.12474574e-02	1.92812063e-01	9.30306011e-02	9.97814617e-02
717             	-3.37396747e-03	1.12471771e-02	1.92834313e-01	9.30431892e-02	9.97911241e-02
718             	-3.37250221e-03	1.12468910e-02	1.92856542e-01	9.30557687e-02	9.98007731e-02
719             	-3.37103377e-03	1.12465986e-02	1.92878761e-01	9.30683465e-02	9.98104141e-02
720             	-3.36954701e-03	1.12463111e-02	1.92901001e-01	9.30809536e-02	9.98200476e-02
721             	-3.36804590e-03	1.12460257e-02	1.92923247e-01	9.30935776e-02	9.98296695e-02
722             	-3.36653516e-03	1.12457403e-02	1.92945473e-01	9.31062015e-02	9.98392718e-02
723             	-3.36501992e-03	1.12454528e-02	1.92967651e-01	9.31188054e-02	9.98488453e-02
724             	-3.36349014e-03	1.12451729e-02	1.92989784e-01	9.31314020e-02	9.98583823e-02
725             	-3.36195388e-03	1.12448959e-02	1.93011847e-01	9.31439695e-02	9.98678773e-02
726             	-3.36041797e-03	1.12446178e-02	1.93033818e-01	9.31564911e-02	9.98773270e-02
727             	-3.35887283e-03	1.12443464e-02	1.93055719e-01	9.31689865e-02	9.98867322e-02
728             	-3.35732578e-03	1.12440758e-02	1.93077540e-01	9.31814442e-02	9.98960958e-02
729             	-3.35578206e-03	1.12438013e-02	1.93099280e-01	9.31938581e-02	9.99054222e-02
730             	-3.35424496e-03	1.12435199e-02	1.93120942e-01	9.32062262e-02	9.99147161e-02
731             	-3.35270102e-03	1.12432411e-02	1.93142560e-01	9.32185792e-02	9.99239813e-02
732             	-3.35115418e-03	1.12429610e-02	1.93164133e-01	9.32309125e-02	9.99332208e-02
733             	-3.34960676e-03	1.12426767e-02	1.93185661e-01	9.32432238e-02	9.99424373e-02
734             	-3.34806040e-03	1.12423867e-02	1.93207140e-01	9.32555097e-02	9.99516305e-02
735             	-3.34650092e-03	1.12421016e-02	1.93228598e-01	9.32677978e-02	9.99607997e-02
736             	-3.34493312e-03	1.12418178e-02	1.93250019e-01	9.32800763e-02	9.99699426e-02
737             	-3.34336111e-03	1.12415323e-02	1.93271392e-01	9.32923348e-02	9.99790570e-02
738             	-3.34178851e-03	1.12412431e-02	1.93292705e-01	9.33045639e-02	9.99881409e-02
739             	-3.34020283e-03	1.12409600e-02	1.93313982e-01	9.33167884e-02	9.99971941e-02
740             	-3.33861054e-03	1.12406788e-02	1.93335212e-01	9.33289954e-02	1.00006216e-01
741             	-3.33701692e-03	1.12403958e-02	1.93356383e-01	9.33411744e-02	1.00015208e-01
742             	-3.33542623e-03	1.12401083e-02	1.93377487e-01	9.33533172e-02	1.00024170e-01
743             	-3.33382576e-03	1.12398263e-02	1.93398552e-01	9.33654503e-02	1.00033102e-01
744             	-3.33221595e-03	1.12395454e-02	1.93419614e-01	9.33775912e-02	1.00042023e-01
745             	-3.33060888e-03	1.12392620e-02	1.93440601e-01	9.33896918e-02	1.00050910e-01
746             	-3.32900791e-03	1.12389734e-02	1.93461506e-01	9.34017449e-02	1.00059761e-01
747             	-3.32739876e-03	1.12386896e-02	1.93482361e-01	9.34137818e-02	1.00068579e-01
748             	-3.32578600e-03	1.12384059e-02	1.93503165e-01	9.34257965e-02	1.00077368e-01
749             	-3.32417295e-03	1.12381189e-02	1.93523915e-01	9.34377847e-02	1.00086131e-01
750             	-3.32256195e-03	1.12378262e-02	1.93544612e-01	9.34497438e-02	1.00094868e-01
751             	-3.32093843e-03	1.12375384e-02	1.93565287e-01	9.34617052e-02	1.00103582e-01
752             	-3.31930757e-03	1.12372514e-02	1.93585936e-01	9.34736602e-02	1.00112275e-01
753             	-3.31767388e-03	1.12369618e-02	1.93606547e-01	9.34855994e-02	1.00120947e-01
754             	-3.31604140e-03	1.12366674e-02	1.93627108e-01	9.34975128e-02	1.00129596e-01
755             	-3.31439709e-03	1.12363786e-02	1.93647645e-01	9.35094256e-02	1.00138220e-01
756             	-3.31274778e-03	1.12360909e-02	1.93668141e-01	9.35213228e-02	1.00146818e-01
757             	-3.31109892e-03	1.12358007e-02	1.93688582e-01	9.35331922e-02	1.00155390e-01
758             	-3.30945461e-03	1.12355051e-02	1.93708958e-01	9.35450244e-02	1.00163934e-01
759             	-3.30780114e-03	1.12352148e-02	1.93729298e-01	9.35568479e-02	1.00172450e-01
760             	-3.30614481e-03	1.12349249e-02	1.93749590e-01	9.35686501e-02	1.00180940e-01
761             	-3.30449038e-03	1.12346318e-02	1.93769823e-01	9.35804214e-02	1.00189402e-01
762             	-3.30284132e-03	1.12343329e-02	1.93789991e-01	9.35921541e-02	1.00197837e-01
763             	-3.30118333e-03	1.12340389e-02	1.93810123e-01	9.36038780e-02	1.00206245e-01
764             	-3.29952271e-03	1.12337452e-02	1.93830205e-01	9.36155800e-02	1.00214625e-01
765             	-3.29786429e-03	1.12334480e-02	1.93850227e-01	9.36272494e-02	1.00222978e-01
766             	-3.29621159e-03	1.12331451e-02	1.93870180e-01	9.36388782e-02	1.00231301e-01
767             	-3.29455006e-03	1.12328469e-02	1.93890095e-01	9.36504973e-02	1.00239597e-01
768             	-3.29288729e-03	1.12325490e-02	1.93909949e-01	9.36620873e-02	1.00247862e-01
769             	-3.29122522e-03	1.12322475e-02	1.93929754e-01	9.36736520e-02	1.00256102e-01
770             	-3.28956560e-03	1.12319403e-02	1.93949518e-01	9.36851935e-02	1.00264325e-01
771             	-3.28790195e-03	1.12316380e-02	1.93969214e-01	9.36967050e-02	1.00272509e-01
772             	-3.28622981e-03	1.12313360e-02	1.93988917e-01	9.37082288e-02	1.00280688e-01
773             	-3.28455202e-03	1.12310316e-02	1.94008630e-01	9.37197627e-02	1.00288867e-01
774             	-3.28286952e-03	1.12307227e-02	1.94028357e-01	9.37313091e-02	1.00297048e-01
775             	-3.28116936e-03	1.12304203e-02	1.94048120e-01	9.37428905e-02	1.00305229e-01
776             	-3.27945979e-03	1.12301199e-02	1.94067883e-01	9.37544817e-02	1.00313401e-01
777             	-3.27774889e-03	1.12298181e-02	1.94087608e-01	9.37660552e-02	1.00321553e-01
778             	-3.27604481e-03	1.12295118e-02	1.94107252e-01	9.37775810e-02	1.00329671e-01
779             	-3.27433858e-03	1.12292103e-02	1.94126814e-01	9.37890686e-02	1.00337746e-01
780             	-3.27263861e-03	1.12289084e-02	1.94146271e-01	9.38004971e-02	1.00345774e-01
781             	-3.27095097e-03	1.12286018e-02	1.94165608e-01	9.38118531e-02	1.00353755e-01
782             	-3.26928269e-03	1.12282878e-02	1.94184796e-01	9.38231151e-02	1.00361680e-01
783             	-3.26760841e-03	1.12279761e-02	1.94203956e-01	9.38343697e-02	1.00369586e-01
784             	-3.26592876e-03	1.12276632e-02	1.94223115e-01	9.38456290e-02	1.00377487e-01
785             	-3.26424385e-03	1.12273467e-02	1.94242290e-01	9.38569012e-02	1.00385389e-01
786             	-3.26255431e-03	1.12270255e-02	1.94261485e-01	9.38681882e-02	1.00393297e-01
787             	-3.26084810e-03	1.12267102e-02	1.94280717e-01	9.38795102e-02	1.00401206e-01
788             	-3.25913252e-03	1.12263973e-02	1.94299955e-01	9.38908448e-02	1.00409110e-01
789             	-3.25741473e-03	1.12260833e-02	1.94319165e-01	9.39021679e-02	1.00416997e-01
790             	-3.25570132e-03	1.12257658e-02	1.94338316e-01	9.39134565e-02	1.00424859e-01
791             	-3.25386254e-03	1.12254545e-02	1.94358231e-01	9.39252530e-02	1.00432978e-01
792             	-3.25217414e-03	1.12251477e-02	1.94377048e-01	9.39363501e-02	1.00440698e-01
793             	-3.25050468e-03	1.12248360e-02	1.94395706e-01	9.39473484e-02	1.00448358e-01
794             	-3.24885932e-03	1.12245149e-02	1.94414194e-01	9.39582378e-02	1.00455956e-01
795             	-3.24711778e-03	1.12241818e-02	1.94433363e-01	9.39695638e-02	1.00463799e-01
796             	-3.24550518e-03	1.12238550e-02	1.94451579e-01	9.39802843e-02	1.00471295e-01
797             	-3.24376977e-03	1.12235249e-02	1.94470626e-01	9.39915434e-02	1.00479083e-01
798             	-3.24215900e-03	1.12231971e-02	1.94488778e-01	9.40022302e-02	1.00486548e-01
799             	-3.24042727e-03	1.12228628e-02	1.94507766e-01	9.40134556e-02	1.00494310e-01
800             	-3.23870641e-03	1.12225279e-02	1.94526651e-01	9.40246193e-02	1.00502032e-01
801             	-3.23699258e-03	1.12222033e-02	1.94545388e-01	9.40357017e-02	1.00509687e-01
802             	-3.23539883e-03	1.12218848e-02	1.94563218e-01	9.40462101e-02	1.00517008e-01
803             	-3.23367318e-03	1.12215586e-02	1.94581942e-01	9.40572979e-02	1.00524644e-01
804             	-3.23196878e-03	1.12212295e-02	1.94600494e-01	9.40682780e-02	1.00532216e-01
805             	-3.23026089e-03	1.12209061e-02	1.94618990e-01	9.40792343e-02	1.00539756e-01
806             	-3.22855430e-03	1.12205838e-02	1.94637432e-01	9.40901615e-02	1.00547270e-01
807             	-3.22685358e-03	1.12202590e-02	1.94655810e-01	9.41010512e-02	1.00554758e-01
808             	-3.22516262e-03	1.12199287e-02	1.94674116e-01	9.41118952e-02	1.00562220e-01
809             	-3.22348375e-03	1.12195917e-02	1.94692346e-01	9.41226893e-02	1.00569657e-01
810             	-3.22180390e-03	1.12192580e-02	1.94710531e-01	9.41334617e-02	1.00577070e-01
811             	-3.22012602e-03	1.12189247e-02	1.94728672e-01	9.41442102e-02	1.00584462e-01
812             	-3.21845105e-03	1.12185893e-02	1.94746776e-01	9.41549367e-02	1.00591839e-01
813             	-3.21677925e-03	1.12182501e-02	1.94764847e-01	9.41656440e-02	1.00599203e-01
814             	-3.21511059e-03	1.12179064e-02	1.94782889e-01	9.41763338e-02	1.00606555e-01
815             	-3.21343187e-03	1.12175687e-02	1.94800929e-01	9.41870327e-02	1.00613896e-01
816             	-3.21174756e-03	1.12172338e-02	1.94818956e-01	9.41977305e-02	1.00621226e-01
817             	-3.21006384e-03	1.12168987e-02	1.94836940e-01	9.42084063e-02	1.00628534e-01
818             	-3.20838193e-03	1.12165609e-02	1.94854888e-01	9.42190623e-02	1.00635826e-01
819             	-3.20670526e-03	1.12162190e-02	1.94872788e-01	9.42296888e-02	1.00643099e-01
820             	-3.20502357e-03	1.12158826e-02	1.94890656e-01	9.42403044e-02	1.00650352e-01
821             	-3.20334260e-03	1.12155479e-02	1.94908478e-01	9.42508966e-02	1.00657582e-01
822             	-3.20166623e-03	1.12152118e-02	1.94926248e-01	9.42614577e-02	1.00664790e-01
823             	-3.19999720e-03	1.12148718e-02	1.94943959e-01	9.42719825e-02	1.00671977e-01
824             	-3.19833710e-03	1.12145268e-02	1.94961612e-01	9.42824689e-02	1.00679143e-01
825             	-3.19667405e-03	1.12141863e-02	1.94979230e-01	9.42929409e-02	1.00686289e-01
826             	-3.19501096e-03	1.12138473e-02	1.94996815e-01	9.43033965e-02	1.00693418e-01
827             	-3.19334987e-03	1.12135069e-02	1.95014365e-01	9.43138328e-02	1.00700533e-01
828             	-3.19169252e-03	1.12131632e-02	1.95031879e-01	9.43242468e-02	1.00707632e-01
829             	-3.19004025e-03	1.12128150e-02	1.95049351e-01	9.43346352e-02	1.00714716e-01
830             	-3.18838148e-03	1.12124722e-02	1.95066805e-01	9.43450208e-02	1.00721784e-01
831             	-3.18672066e-03	1.12121316e-02	1.95084229e-01	9.43553941e-02	1.00728835e-01
832             	-3.18506099e-03	1.12117901e-02	1.95101618e-01	9.43657482e-02	1.00735870e-01
833             	-3.18340529e-03	1.12114455e-02	1.95118964e-01	9.43760768e-02	1.00742887e-01
834             	-3.18175580e-03	1.12110965e-02	1.95136261e-01	9.43863747e-02	1.00749886e-01
835             	-3.18010164e-03	1.12107528e-02	1.95153530e-01	9.43966635e-02	1.00756867e-01
836             	-3.17844740e-03	1.12104108e-02	1.95170763e-01	9.44069343e-02	1.00763829e-01
837             	-3.17679603e-03	1.12100677e-02	1.95187956e-01	9.44171818e-02	1.00770774e-01
838             	-3.17514985e-03	1.12097214e-02	1.95205103e-01	9.44274016e-02	1.00777701e-01
839             	-3.17351047e-03	1.12093705e-02	1.95222202e-01	9.44375906e-02	1.00784611e-01
840             	-3.17186657e-03	1.12090248e-02	1.95239276e-01	9.44477715e-02	1.00791505e-01
841             	-3.17022213e-03	1.12086809e-02	1.95256319e-01	9.44579374e-02	1.00798382e-01
842             	-3.16857968e-03	1.12083361e-02	1.95273326e-01	9.44680833e-02	1.00805243e-01
843             	-3.16705698e-03	1.12079946e-02	1.95289492e-01	9.44776888e-02	1.00811803e-01
844             	-3.16539641e-03	1.12076358e-02	1.95306638e-01	9.44879225e-02	1.00818715e-01
845             	-3.16372166e-03	1.12072830e-02	1.95323823e-01	9.44981898e-02	1.00825633e-01
846             	-3.16204078e-03	1.12069348e-02	1.95341000e-01	9.45084592e-02	1.00832541e-01
847             	-3.16036270e-03	1.12065889e-02	1.95358113e-01	9.45186938e-02	1.00839419e-01
848             	-3.15881485e-03	1.12062494e-02	1.95374298e-01	9.45283343e-02	1.00845964e-01
849             	-3.15713862e-03	1.12058941e-02	1.95391372e-01	9.45385473e-02	1.00852825e-01
850             	-3.15546457e-03	1.12055451e-02	1.95408366e-01	9.45487185e-02	1.00859648e-01
851             	-3.15391952e-03	1.12052062e-02	1.95424435e-01	9.45582980e-02	1.00866137e-01
852             	-3.15224184e-03	1.12048541e-02	1.95441415e-01	9.45684656e-02	1.00872949e-01
853             	-3.15057427e-03	1.12045005e-02	1.95458315e-01	9.45785833e-02	1.00879732e-01
854             	-3.14904067e-03	1.12041526e-02	1.95474290e-01	9.45881041e-02	1.00886185e-01
855             	-3.14737112e-03	1.12037980e-02	1.95491163e-01	9.45982103e-02	1.00892953e-01
856             	-3.14570589e-03	1.12034476e-02	1.95507967e-01	9.46082778e-02	1.00899690e-01
857             	-3.14417061e-03	1.12031066e-02	1.95523853e-01	9.46177558e-02	1.00906097e-01
858             	-3.14250407e-03	1.12027515e-02	1.95540638e-01	9.46278150e-02	1.00912823e-01
859             	-3.14084944e-03	1.12023947e-02	1.95557328e-01	9.46378144e-02	1.00919513e-01
860             	-3.13931963e-03	1.12020535e-02	1.95573099e-01	9.46472301e-02	1.00925869e-01
861             	-3.13765494e-03	1.12017025e-02	1.95589770e-01	9.46572299e-02	1.00932540e-01
862             	-3.13611934e-03	1.12013604e-02	1.95605534e-01	9.46666477e-02	1.00938886e-01
863             	-3.13444780e-03	1.12010035e-02	1.95622228e-01	9.46766664e-02	1.00945562e-01
864             	-3.13278575e-03	1.12006454e-02	1.95638844e-01	9.46866361e-02	1.00952208e-01
865             	-3.13124975e-03	1.12003038e-02	1.95654537e-01	9.46960186e-02	1.00958518e-01
866             	-3.12970133e-03	1.11999608e-02	1.95670293e-01	9.47054453e-02	1.00964848e-01
867             	-3.12801280e-03	1.11996050e-02	1.95686993e-01	9.47154837e-02	1.00971509e-01
868             	-3.12645841e-03	1.11992580e-02	1.95702763e-01	9.47249233e-02	1.00977840e-01
869             	-3.12476874e-03	1.11988963e-02	1.95719450e-01	9.47349561e-02	1.00984494e-01
870             	-3.12322109e-03	1.11985434e-02	1.95735158e-01	9.47443578e-02	1.00990800e-01
871             	-3.12166086e-03	1.11981937e-02	1.95750905e-01	9.47537918e-02	1.00997114e-01
872             	-3.12008877e-03	1.11978443e-02	1.95766708e-01	9.47632652e-02	1.01003443e-01
873             	-3.11837600e-03	1.11974845e-02	1.95783436e-01	9.47733420e-02	1.01010094e-01
874             	-3.11680894e-03	1.11971374e-02	1.95799150e-01	9.47827662e-02	1.01016384e-01
875             	-3.11524095e-03	1.11967871e-02	1.95814860e-01	9.47921892e-02	1.01022671e-01
876             	-3.11367278e-03	1.11964322e-02	1.95830569e-01	9.48016120e-02	1.01028958e-01
877             	-3.11209399e-03	1.11960817e-02	1.95846305e-01	9.48110584e-02	1.01035246e-01
878             	-3.11050691e-03	1.11957332e-02	1.95862068e-01	9.48205273e-02	1.01041541e-01
879             	-3.10891318e-03	1.11953848e-02	1.95877858e-01	9.48300156e-02	1.01047842e-01
880             	-3.10731271e-03	1.11950348e-02	1.95893679e-01	9.48395266e-02	1.01054152e-01
881             	-3.10571264e-03	1.11946828e-02	1.95909485e-01	9.48490299e-02	1.01060455e-01
882             	-3.10411733e-03	1.11943285e-02	1.95925249e-01	9.48585074e-02	1.01066742e-01
883             	-3.10252097e-03	1.11939808e-02	1.95940965e-01	9.48679613e-02	1.01073003e-01
884             	-3.10093264e-03	1.11936371e-02	1.95956588e-01	9.48773615e-02	1.01079227e-01
885             	-3.09935232e-03	1.11932938e-02	1.95972136e-01	9.48867158e-02	1.01085420e-01
886             	-3.09778183e-03	1.11929486e-02	1.95987609e-01	9.48960227e-02	1.01091586e-01
887             	-3.09622166e-03	1.11925999e-02	1.96003014e-01	9.49052855e-02	1.01097729e-01
888             	-3.09467102e-03	1.11922470e-02	1.96018364e-01	9.49145110e-02	1.01103853e-01
889             	-3.09311844e-03	1.11918991e-02	1.96033691e-01	9.49237268e-02	1.01109964e-01
890             	-3.09156478e-03	1.11915538e-02	1.96049003e-01	9.49329368e-02	1.01116066e-01
891             	-3.09000988e-03	1.11912090e-02	1.96064309e-01	9.49421448e-02	1.01122165e-01
892             	-3.08845405e-03	1.11908631e-02	1.96079610e-01	9.49513511e-02	1.01128259e-01
893             	-3.08689830e-03	1.11905150e-02	1.96094902e-01	9.49605527e-02	1.01134349e-01
894             	-3.08534412e-03	1.11901641e-02	1.96110175e-01	9.49697434e-02	1.01140432e-01
895             	-3.08378363e-03	1.11898196e-02	1.96125436e-01	9.49789344e-02	1.01146502e-01
896             	-3.08222144e-03	1.11894784e-02	1.96140671e-01	9.49881141e-02	1.01152557e-01
897             	-3.08066075e-03	1.11891381e-02	1.96155870e-01	9.49972741e-02	1.01158596e-01
898             	-3.07910444e-03	1.11887963e-02	1.96171023e-01	9.50064072e-02	1.01164616e-01
899             	-3.07755478e-03	1.11884514e-02	1.96186126e-01	9.50155084e-02	1.01170618e-01
900             	-3.07601331e-03	1.11881029e-02	1.96201176e-01	9.50245749e-02	1.01176601e-01
901             	-3.07447129e-03	1.11877595e-02	1.96216191e-01	9.50336241e-02	1.01182567e-01
902             	-3.07293158e-03	1.11874188e-02	1.96231169e-01	9.50426528e-02	1.01188516e-01
903             	-3.07139525e-03	1.11870784e-02	1.96246113e-01	9.50516612e-02	1.01194452e-01
904             	-3.06986299e-03	1.11867364e-02	1.96261025e-01	9.50606495e-02	1.01200375e-01
905             	-3.06833541e-03	1.11863918e-02	1.96275905e-01	9.50696173e-02	1.01206288e-01
906             	-3.06681295e-03	1.11860439e-02	1.96290753e-01	9.50785638e-02	1.01212190e-01
907             	-3.06528674e-03	1.11857019e-02	1.96305584e-01	9.50875051e-02	1.01218079e-01
908             	-3.06375978e-03	1.11853632e-02	1.96320390e-01	9.50964355e-02	1.01223955e-01
909             	-3.06223383e-03	1.11850253e-02	1.96335170e-01	9.51053514e-02	1.01229819e-01
910             	-3.05996284e-03	1.11847975e-02	1.96351052e-01	9.51155630e-02	1.01235489e-01
911             	-3.05704137e-03	1.11845948e-02	1.96368577e-01	9.51272473e-02	1.01241330e-01
912             	-3.05496003e-03	1.11842660e-02	1.96384068e-01	9.51370739e-02	1.01246994e-01
913             	-3.05348571e-03	1.11838452e-02	1.96398498e-01	9.51457634e-02	1.01252735e-01
914             	-3.05172356e-03	1.11834776e-02	1.96413371e-01	9.51549622e-02	1.01258409e-01
915             	-3.04978964e-03	1.11831347e-02	1.96428522e-01	9.51644714e-02	1.01264051e-01
916             	-3.04780449e-03	1.11827943e-02	1.96443796e-01	9.51740933e-02	1.01269702e-01
917             	-3.04587127e-03	1.11824402e-02	1.96459053e-01	9.51836554e-02	1.01275398e-01
918             	-3.04406265e-03	1.11820647e-02	1.96474179e-01	9.51930271e-02	1.01281152e-01
919             	-3.04240356e-03	1.11816788e-02	1.96489116e-01	9.52021544e-02	1.01286962e-01
920             	-3.04089700e-03	1.11812856e-02	1.96503826e-01	9.52110160e-02	1.01292810e-01
921             	-3.03951705e-03	1.11808911e-02	1.96518316e-01	9.52196408e-02	1.01298675e-01
922             	-3.03822217e-03	1.11805017e-02	1.96532616e-01	9.52280860e-02	1.01304530e-01
923             	-3.03696672e-03	1.11801217e-02	1.96546770e-01	9.52364181e-02	1.01310352e-01
924             	-3.03570982e-03	1.11797528e-02	1.96560820e-01	9.52447002e-02	1.01316120e-01
925             	-3.03441013e-03	1.11794037e-02	1.96574830e-01	9.52530050e-02	1.01321825e-01
926             	-3.03305220e-03	1.11790670e-02	1.96588836e-01	9.52613657e-02	1.01327470e-01
927             	-3.03163118e-03	1.11787339e-02	1.96602870e-01	9.52698036e-02	1.01333066e-01
928             	-3.03015217e-03	1.11783966e-02	1.96616954e-01	9.52783250e-02	1.01338629e-01
929             	-3.02862743e-03	1.11780489e-02	1.96631102e-01	9.52869236e-02	1.01344178e-01
930             	-3.02707314e-03	1.11776873e-02	1.96645311e-01	9.52955824e-02	1.01349729e-01
931             	-3.02549612e-03	1.11773217e-02	1.96659587e-01	9.53042974e-02	1.01355290e-01
932             	-3.02391511e-03	1.11769504e-02	1.96673902e-01	9.53130360e-02	1.01360866e-01
933             	-3.02234421e-03	1.11765735e-02	1.96688226e-01	9.53217687e-02	1.01366457e-01
934             	-3.02079343e-03	1.11761925e-02	1.96702525e-01	9.53304691e-02	1.01372056e-01
935             	-3.01926842e-03	1.11758093e-02	1.96716770e-01	9.53391163e-02	1.01377653e-01
936             	-3.01777062e-03	1.11754260e-02	1.96730936e-01	9.53476975e-02	1.01383239e-01
937             	-3.01628777e-03	1.11750551e-02	1.96745031e-01	9.53562277e-02	1.01388803e-01
938             	-3.01481789e-03	1.11746940e-02	1.96759049e-01	9.53647066e-02	1.01394342e-01
939             	-3.01335602e-03	1.11743399e-02	1.96772998e-01	9.53731429e-02	1.01399855e-01
940             	-3.01189699e-03	1.11739896e-02	1.96786891e-01	9.53815487e-02	1.01405343e-01
941             	-3.01043644e-03	1.11736400e-02	1.96800746e-01	9.53899364e-02	1.01410809e-01
942             	-3.00897133e-03	1.11732887e-02	1.96814576e-01	9.53983167e-02	1.01416259e-01
943             	-3.00749043e-03	1.11729443e-02	1.96828413e-01	9.54067162e-02	1.01421697e-01
944             	-3.00599689e-03	1.11726021e-02	1.96842260e-01	9.54151333e-02	1.01427127e-01
945             	-3.00449379e-03	1.11722585e-02	1.96856117e-01	9.54235647e-02	1.01432552e-01
946             	-3.00298534e-03	1.11719106e-02	1.96869977e-01	9.54320031e-02	1.01437974e-01
947             	-3.00147639e-03	1.11715569e-02	1.96883828e-01	9.54404376e-02	1.01443390e-01
948             	-2.99997164e-03	1.11711968e-02	1.96897656e-01	9.54488565e-02	1.01448800e-01
949             	-2.99846566e-03	1.11708411e-02	1.96911465e-01	9.54572666e-02	1.01454198e-01
950             	-2.99696405e-03	1.11704875e-02	1.96925238e-01	9.54656549e-02	1.01459583e-01
951             	-2.99546948e-03	1.11701341e-02	1.96938968e-01	9.54740146e-02	1.01464954e-01
952             	-2.99398339e-03	1.11697793e-02	1.96952651e-01	9.54823422e-02	1.01470309e-01
953             	-2.99250628e-03	1.11694225e-02	1.96966285e-01	9.54906364e-02	1.01475649e-01
954             	-2.99103779e-03	1.11690634e-02	1.96979872e-01	9.54988984e-02	1.01480974e-01
955             	-2.98956786e-03	1.11687126e-02	1.96993432e-01	9.55071482e-02	1.01486284e-01
956             	-2.98809794e-03	1.11683671e-02	1.97006966e-01	9.55153852e-02	1.01491581e-01
957             	-2.98662801e-03	1.11680241e-02	1.97020478e-01	9.55236112e-02	1.01496867e-01
958             	-2.98515841e-03	1.11676813e-02	1.97033971e-01	9.55318271e-02	1.01502144e-01
959             	-2.98369006e-03	1.11673366e-02	1.97047443e-01	9.55400312e-02	1.01507411e-01
960             	-2.98222424e-03	1.11669891e-02	1.97060890e-01	9.55482208e-02	1.01512669e-01
961             	-2.98075362e-03	1.11666484e-02	1.97074325e-01	9.55564087e-02	1.01517916e-01
962             	-2.97928229e-03	1.11663110e-02	1.97087738e-01	9.55645866e-02	1.01523151e-01
963             	-2.97781268e-03	1.11659739e-02	1.97101124e-01	9.55727494e-02	1.01528375e-01
964             	-2.97634701e-03	1.11656346e-02	1.97114478e-01	9.55808920e-02	1.01533586e-01
965             	-2.97488723e-03	1.11652917e-02	1.97127794e-01	9.55890098e-02	1.01538784e-01
966             	-2.97343484e-03	1.11649444e-02	1.97141068e-01	9.55970993e-02	1.01543969e-01
967             	-2.97199079e-03	1.11645930e-02	1.97154297e-01	9.56051579e-02	1.01549139e-01
968             	-2.97054677e-03	1.11642486e-02	1.97167495e-01	9.56132009e-02	1.01554294e-01
969             	-2.96910501e-03	1.11639087e-02	1.97180660e-01	9.56212250e-02	1.01559435e-01
970             	-2.96766588e-03	1.11635711e-02	1.97193793e-01	9.56292306e-02	1.01564562e-01
971             	-2.96622970e-03	1.11632338e-02	1.97206896e-01	9.56372181e-02	1.01569677e-01
972             	-2.96479708e-03	1.11628953e-02	1.97219968e-01	9.56451868e-02	1.01574781e-01
973             	-2.96336885e-03	1.11625548e-02	1.97233008e-01	9.56531352e-02	1.01579873e-01
974             	-2.96194588e-03	1.11622119e-02	1.97246015e-01	9.56610614e-02	1.01584953e-01
975             	-2.96052066e-03	1.11618770e-02	1.97258999e-01	9.56689789e-02	1.01590020e-01
976             	-2.95909624e-03	1.11615471e-02	1.97271957e-01	9.56768821e-02	1.01595075e-01
977             	-2.95767395e-03	1.11612193e-02	1.97284886e-01	9.56847691e-02	1.01600117e-01
978             	-2.95625503e-03	1.11608910e-02	1.97297785e-01	9.56926375e-02	1.01605148e-01
979             	-2.95484086e-03	1.11605603e-02	1.97310651e-01	9.57004846e-02	1.01610166e-01
980             	-2.95343276e-03	1.11602263e-02	1.97323480e-01	9.57083070e-02	1.01615173e-01
981             	-2.95203180e-03	1.11598887e-02	1.97336268e-01	9.57161022e-02	1.01620166e-01
982             	-2.95063062e-03	1.11595581e-02	1.97349027e-01	9.57238831e-02	1.01625144e-01
983             	-2.94923180e-03	1.11592318e-02	1.97361754e-01	9.57316453e-02	1.01630109e-01
984             	-2.94783602e-03	1.11589071e-02	1.97374449e-01	9.57393886e-02	1.01635061e-01
985             	-2.94644397e-03	1.11585818e-02	1.97387112e-01	9.57471122e-02	1.01640000e-01
986             	-2.94505648e-03	1.11582544e-02	1.97399742e-01	9.57548148e-02	1.01644928e-01
987             	-2.94367456e-03	1.11579241e-02	1.97412337e-01	9.57624941e-02	1.01649843e-01
988             	-2.94229907e-03	1.11575908e-02	1.97424894e-01	9.57701480e-02	1.01654746e-01
989             	-2.94092007e-03	1.11572648e-02	1.97437442e-01	9.57778008e-02	1.01659641e-01
990             	-2.93954407e-03	1.11569439e-02	1.97449952e-01	9.57854318e-02	1.01664520e-01
991             	-2.93817192e-03	1.11566252e-02	1.97462425e-01	9.57930404e-02	1.01669384e-01
992             	-2.93680428e-03	1.11563064e-02	1.97474861e-01	9.58006262e-02	1.01674235e-01
993             	-2.93544186e-03	1.11559856e-02	1.97487262e-01	9.58081890e-02	1.01679073e-01
994             	-2.93408541e-03	1.11556619e-02	1.97499626e-01	9.58157278e-02	1.01683899e-01
995             	-2.93273506e-03	1.11553350e-02	1.97511957e-01	9.58232435e-02	1.01688714e-01
996             	-2.93138394e-03	1.11550155e-02	1.97524264e-01	9.58307481e-02	1.01693516e-01
997             	-2.93003461e-03	1.11547006e-02	1.97536544e-01	9.58382373e-02	1.01698307e-01
998             	-2.92868778e-03	1.11543876e-02	1.97548796e-01	9.58457104e-02	1.01703086e-01
999             	-2.92734428e-03	1.11540740e-02	1.97561020e-01	9.58531659e-02	1.01707854e-01
1000            	-2.92600520e-03	1.11537583e-02	1.97573213e-01	9.58606013e-02	1.01712612e-01
1001            	-2.92467177e-03	1.11534394e-02	1.97585371e-01	9.58680137e-02	1.01717357e-01
1002            	-2.92334507e-03	1.11531172e-02	1.97597490e-01	9.58753998e-02	1.01722090e-01
1003            	-2.92201881e-03	1.11528025e-02	1.97609578e-01	9.58827701e-02	1.01726808e-01
1004            	-2.92069545e-03	1.11524925e-02	1.97621632e-01	9.58901207e-02	1.01731512e-01
1005            	-2.91937551e-03	1.11521843e-02	1.97633655e-01	9.58974520e-02	1.01736203e-01
1006            	-2.91805950e-03	1.11518758e-02	1.97645647e-01	9.59047639e-02	1.01740883e-01
1007            	-2.91674814e-03	1.11515651e-02	1.97657608e-01	9.59120557e-02	1.01745552e-01
1008            	-2.91544231e-03	1.11512516e-02	1.97669535e-01	9.59193254e-02	1.01750210e-01
1009            	-2.91414281e-03	1.11509349e-02	1.97681428e-01	9.59265711e-02	1.01754857e-01
1010            	-2.91284350e-03	1.11506259e-02	1.97693293e-01	9.59338028e-02	1.01759490e-01
1011            	-2.91154666e-03	1.11503217e-02	1.97705127e-01	9.59410169e-02	1.01764110e-01
1012            	-2.91025280e-03	1.11500195e-02	1.97716933e-01	9.59482136e-02	1.01768719e-01
1013            	-2.90896248e-03	1.11497170e-02	1.97728710e-01	9.59553924e-02	1.01773317e-01
1014            	-2.90767658e-03	1.11494124e-02	1.97740456e-01	9.59625516e-02	1.01777905e-01
1015            	-2.90639619e-03	1.11491046e-02	1.97752170e-01	9.59696887e-02	1.01782481e-01
1016            	-2.90512233e-03	1.11487936e-02	1.97763846e-01	9.59768009e-02	1.01787046e-01
1017            	-2.90385569e-03	1.11484798e-02	1.97775483e-01	9.59838860e-02	1.01791597e-01
1018            	-2.90259006e-03	1.11481745e-02	1.97787088e-01	9.59909540e-02	1.01796134e-01
1019            	-2.90132720e-03	1.11478751e-02	1.97798660e-01	9.59980028e-02	1.01800657e-01
1020            	-2.90006699e-03	1.11475788e-02	1.97810203e-01	9.60050343e-02	1.01805168e-01
1021            	-2.89880950e-03	1.11472831e-02	1.97821719e-01	9.60120501e-02	1.01809669e-01
1022            	-2.89755544e-03	1.11469860e-02	1.97833209e-01	9.60190492e-02	1.01814160e-01
1023            	-2.89630600e-03	1.11466864e-02	1.97844670e-01	9.60260289e-02	1.01818641e-01
1024            	-2.89506254e-03	1.11463836e-02	1.97856097e-01	9.60329858e-02	1.01823111e-01
1025            	-2.89382616e-03	1.11460779e-02	1.97867486e-01	9.60399167e-02	1.01827569e-01
1026            	-2.89259128e-03	1.11457805e-02	1.97878842e-01	9.60468299e-02	1.01832012e-01
1027            	-2.89135980e-03	1.11454886e-02	1.97890165e-01	9.60537227e-02	1.01836442e-01
1028            	-2.89013161e-03	1.11451994e-02	1.97901458e-01	9.60605972e-02	1.01840860e-01
1029            	-2.88890671e-03	1.11449103e-02	1.97912723e-01	9.60674547e-02	1.01845268e-01
1030            	-2.88768565e-03	1.11446195e-02	1.97923961e-01	9.60742947e-02	1.01849666e-01
1031            	-2.88646946e-03	1.11443259e-02	1.97935168e-01	9.60811146e-02	1.01854053e-01
1032            	-2.88525936e-03	1.11440291e-02	1.97946341e-01	9.60879111e-02	1.01858430e-01
1033            	-2.88405620e-03	1.11437294e-02	1.97957476e-01	9.60946817e-02	1.01862794e-01
1034            	-2.88285455e-03	1.11434381e-02	1.97968578e-01	9.61014344e-02	1.01867144e-01
1035            	-2.88165608e-03	1.11431526e-02	1.97979647e-01	9.61081674e-02	1.01871480e-01
1036            	-2.88045854e-03	1.11428696e-02	1.97990700e-01	9.61148913e-02	1.01875808e-01
1037            	-2.87926494e-03	1.11425871e-02	1.98001720e-01	9.61215952e-02	1.01880125e-01
1038            	-2.87807590e-03	1.11423031e-02	1.98012709e-01	9.61282785e-02	1.01884430e-01
1039            	-2.87689237e-03	1.11420162e-02	1.98023663e-01	9.61349393e-02	1.01888724e-01
1040            	-2.87571535e-03	1.11417262e-02	1.98034581e-01	9.61415753e-02	1.01893006e-01
1041            	-2.87454551e-03	1.11414331e-02	1.98045461e-01	9.61481850e-02	1.01897276e-01
1042            	-2.87337746e-03	1.11411484e-02	1.98056308e-01	9.61547767e-02	1.01901532e-01
1043            	-2.87221249e-03	1.11408694e-02	1.98067125e-01	9.61613498e-02	1.01905775e-01
1044            	-2.87105020e-03	1.11405930e-02	1.98077915e-01	9.61679073e-02	1.01910008e-01
1045            	-2.86989047e-03	1.11403169e-02	1.98088682e-01	9.61744505e-02	1.01914231e-01
1046            	-2.86873399e-03	1.11400391e-02	1.98099425e-01	9.61809785e-02	1.01918446e-01
1047            	-2.86758200e-03	1.11397584e-02	1.98110139e-01	9.61874877e-02	1.01922652e-01
1048            	-2.86643594e-03	1.11394744e-02	1.98120820e-01	9.61939740e-02	1.01926846e-01
1049            	-2.86529698e-03	1.11391873e-02	1.98131462e-01	9.62004338e-02	1.01931028e-01
1050            	-2.86416034e-03	1.11389087e-02	1.98142068e-01	9.62068736e-02	1.01935194e-01
1051            	-2.86302761e-03	1.11386357e-02	1.98152639e-01	9.62132918e-02	1.01939347e-01
1052            	-2.86189837e-03	1.11383653e-02	1.98163179e-01	9.62196913e-02	1.01943488e-01
1053            	-2.86077232e-03	1.11380951e-02	1.98173694e-01	9.62260746e-02	1.01947619e-01
1054            	-2.85964982e-03	1.11378232e-02	1.98184183e-01	9.62324418e-02	1.01951741e-01
1055            	-2.85853189e-03	1.11375483e-02	1.98194645e-01	9.62387905e-02	1.01955854e-01
1056            	-2.85741967e-03	1.11372700e-02	1.98205074e-01	9.62451175e-02	1.01959957e-01
1057            	-2.85631419e-03	1.11369888e-02	1.98215468e-01	9.62514196e-02	1.01964048e-01
1058            	-2.85520978e-03	1.11367158e-02	1.98225834e-01	9.62577071e-02	1.01968127e-01
1059            	-2.85410988e-03	1.11364485e-02	1.98236162e-01	9.62639710e-02	1.01972191e-01
1060            	-2.85301388e-03	1.11361839e-02	1.98246457e-01	9.62702147e-02	1.01976242e-01
1061            	-2.85192134e-03	1.11359195e-02	1.98256725e-01	9.62764413e-02	1.01980284e-01
1062            	-2.85083247e-03	1.11356533e-02	1.98266967e-01	9.62826512e-02	1.01984316e-01
1063            	-2.84974807e-03	1.11353841e-02	1.98277182e-01	9.62888430e-02	1.01988339e-01
1064            	-2.84866922e-03	1.11351114e-02	1.98287366e-01	9.62950138e-02	1.01992352e-01
1065            	-2.84759689e-03	1.11348357e-02	1.98297515e-01	9.63011607e-02	1.01996354e-01
1066            	-2.84653124e-03	1.11345576e-02	1.98307628e-01	9.63072828e-02	1.02000345e-01
1067            	-2.84546835e-03	1.11342889e-02	1.98317705e-01	9.63133843e-02	1.02004321e-01
1068            	-2.84440892e-03	1.11340269e-02	1.98327750e-01	9.63194659e-02	1.02008284e-01
1069            	-2.84335210e-03	1.11337686e-02	1.98337767e-01	9.63255315e-02	1.02012236e-01
1070            	-2.84229754e-03	1.11335112e-02	1.98347762e-01	9.63315833e-02	1.02016178e-01
1071            	-2.84124561e-03	1.11332526e-02	1.98357734e-01	9.63376215e-02	1.02020113e-01
1072            	-2.84019799e-03	1.11329911e-02	1.98367679e-01	9.63436416e-02	1.02024038e-01
1073            	-2.83915621e-03	1.11327260e-02	1.98377592e-01	9.63496396e-02	1.02027952e-01
1074            	-2.83812155e-03	1.11324573e-02	1.98387467e-01	9.63556120e-02	1.02031855e-01
1075            	-2.83709477e-03	1.11321857e-02	1.98397303e-01	9.63615565e-02	1.02035746e-01
1076            	-2.83607123e-03	1.11319228e-02	1.98407103e-01	9.63674802e-02	1.02039623e-01
1077            	-2.83505155e-03	1.11316661e-02	1.98416870e-01	9.63733836e-02	1.02043487e-01
1078            	-2.83403481e-03	1.11314127e-02	1.98426611e-01	9.63792704e-02	1.02047340e-01
1079            	-2.83302201e-03	1.11311607e-02	1.98436314e-01	9.63851350e-02	1.02051179e-01
1080            	-2.83201181e-03	1.11309071e-02	1.98445999e-01	9.63909875e-02	1.02055011e-01
1081            	-2.83100644e-03	1.11306509e-02	1.98455651e-01	9.63968192e-02	1.02058832e-01
1082            	-2.83000525e-03	1.11303910e-02	1.98465283e-01	9.64026363e-02	1.02062647e-01
1083            	-2.82900945e-03	1.11301274e-02	1.98474888e-01	9.64084347e-02	1.02066454e-01
1084            	-2.82801999e-03	1.11298610e-02	1.98484461e-01	9.64142107e-02	1.02070251e-01
1085            	-2.82703288e-03	1.11296031e-02	1.98494004e-01	9.64199691e-02	1.02074035e-01
1086            	-2.82604933e-03	1.11293514e-02	1.98503514e-01	9.64257076e-02	1.02077806e-01
1087            	-2.82491723e-03	1.11290922e-02	1.98513856e-01	9.64320110e-02	1.02081845e-01
1088            	-2.82398761e-03	1.11288521e-02	1.98523019e-01	9.64375219e-02	1.02085497e-01
1089            	-2.82307476e-03	1.11286108e-02	1.98532066e-01	9.64429585e-02	1.02089108e-01
1090            	-2.82216452e-03	1.11283632e-02	1.98541108e-01	9.64483896e-02	1.02092719e-01
1091            	-2.82110424e-03	1.11280958e-02	1.98551042e-01	9.64544168e-02	1.02096625e-01
1092            	-2.82022306e-03	1.11278429e-02	1.98559932e-01	9.64597429e-02	1.02100189e-01
1093            	-2.81934071e-03	1.11275853e-02	1.98568840e-01	9.64650795e-02	1.02103761e-01
1094            	-2.81830163e-03	1.11273212e-02	1.98578668e-01	9.64710325e-02	1.02107636e-01
1095            	-2.81742442e-03	1.11270813e-02	1.98587521e-01	9.64763361e-02	1.02111185e-01
1096            	-2.81644518e-03	1.11268342e-02	1.98596975e-01	9.64820423e-02	1.02114933e-01
1097            	-2.81549000e-03	1.11265914e-02	1.98606257e-01	9.64876386e-02	1.02118619e-01
1098            	-2.81455320e-03	1.11263491e-02	1.98615409e-01	9.64931512e-02	1.02122258e-01
1099            	-2.81363162e-03	1.11261043e-02	1.98624458e-01	9.64985974e-02	1.02125861e-01
1100            	-2.81272868e-03	1.11258557e-02	1.98633393e-01	9.65039679e-02	1.02129425e-01
1101            	-2.81184064e-03	1.11256031e-02	1.98642247e-01	9.65092828e-02	1.02132964e-01
1102            	-2.81095791e-03	1.11253464e-02	1.98651085e-01	9.65145845e-02	1.02136500e-01
1103            	-2.81001619e-03	1.11250933e-02	1.98660285e-01	9.65201265e-02	1.02140159e-01
1104            	-2.80907449e-03	1.11248491e-02	1.98669479e-01	9.65256651e-02	1.02143814e-01
1105            	-2.80814059e-03	1.11246121e-02	1.98678609e-01	9.65311639e-02	1.02147445e-01
1106            	-2.80721634e-03	1.11243785e-02	1.98687661e-01	9.65366140e-02	1.02151047e-01
1107            	-2.80635277e-03	1.11241476e-02	1.98696325e-01	9.65418099e-02	1.02154515e-01
1108            	-2.80549007e-03	1.11239109e-02	1.98704984e-01	9.65470018e-02	1.02157982e-01
1109            	-2.80457169e-03	1.11236629e-02	1.98713994e-01	9.65524251e-02	1.02161568e-01
1110            	-2.80370672e-03	1.11234141e-02	1.98722683e-01	9.65576350e-02	1.02165048e-01
1111            	-2.80284907e-03	1.11231615e-02	1.98731335e-01	9.65628183e-02	1.02168516e-01
1112            	-2.80194738e-03	1.11229023e-02	1.98740265e-01	9.65681853e-02	1.02172080e-01
1113            	-2.80104882e-03	1.11226557e-02	1.98749158e-01	9.65735304e-02	1.02175628e-01
1114            	-2.80021359e-03	1.11224235e-02	1.98757641e-01	9.65786069e-02	1.02179034e-01
1115            	-2.79933459e-03	1.11221928e-02	1.98766380e-01	9.65838556e-02	1.02182525e-01
1116            	-2.79846171e-03	1.11219647e-02	1.98775068e-01	9.65890722e-02	1.02185996e-01
1117            	-2.79759654e-03	1.11217363e-02	1.98783697e-01	9.65942519e-02	1.02189445e-01
1118            	-2.79678769e-03	1.11215080e-02	1.98791973e-01	9.65991989e-02	1.02192774e-01
1119            	-2.79593068e-03	1.11212694e-02	1.98800560e-01	9.66043494e-02	1.02196211e-01
1120            	-2.79507557e-03	1.11210256e-02	1.98809147e-01	9.66094977e-02	1.02199649e-01
1121            	-2.79427411e-03	1.11207821e-02	1.98817408e-01	9.66144299e-02	1.02202978e-01
1122            	-2.79342814e-03	1.11205309e-02	1.98825959e-01	9.66195513e-02	1.02206408e-01
1123            	-2.79258243e-03	1.11202901e-02	1.98834494e-01	9.66246647e-02	1.02209830e-01
1124            	-2.79174202e-03	1.11200584e-02	1.98842980e-01	9.66297479e-02	1.02213232e-01
1125            	-2.79095597e-03	1.11198360e-02	1.98851106e-01	9.66345971e-02	1.02216509e-01
1126            	-2.79012311e-03	1.11196107e-02	1.98859513e-01	9.66396334e-02	1.02219880e-01
1127            	-2.78929066e-03	1.11193847e-02	1.98867906e-01	9.66446624e-02	1.02223244e-01
1128            	-2.78846271e-03	1.11191564e-02	1.98876263e-01	9.66496690e-02	1.02226594e-01
1129            	-2.78764259e-03	1.11189250e-02	1.98884570e-01	9.66546422e-02	1.02229927e-01
1130            	-2.78683232e-03	1.11186899e-02	1.98892818e-01	9.66595766e-02	1.02233241e-01
1131            	-2.78603258e-03	1.11184514e-02	1.98901008e-01	9.66644715e-02	1.02236537e-01
1132            	-2.78524268e-03	1.11182101e-02	1.98909147e-01	9.66693306e-02	1.02239816e-01
1133            	-2.78450180e-03	1.11179813e-02	1.98916968e-01	9.66739824e-02	1.02242986e-01
1134            	-2.78371518e-03	1.11177537e-02	1.98925081e-01	9.66788253e-02	1.02246256e-01
1135            	-2.78292299e-03	1.11175298e-02	1.98933222e-01	9.66836881e-02	1.02249534e-01
1136            	-2.78212823e-03	1.11173083e-02	1.98941366e-01	9.66885546e-02	1.02252811e-01
1137            	-2.78133440e-03	1.11170873e-02	1.98949486e-01	9.66934087e-02	1.02256078e-01
1138            	-2.78054475e-03	1.11168650e-02	1.98957566e-01	9.66982383e-02	1.02259328e-01
1139            	-2.77976178e-03	1.11166398e-02	1.98965595e-01	9.67030357e-02	1.02262559e-01
1140            	-2.77898699e-03	1.11164107e-02	1.98973571e-01	9.67077984e-02	1.02265772e-01
1141            	-2.77822093e-03	1.11161776e-02	1.98981497e-01	9.67125274e-02	1.02268969e-01
1142            	-2.77746327e-03	1.11159414e-02	1.98989378e-01	9.67172256e-02	1.02272152e-01
1143            	-2.77671011e-03	1.11157140e-02	1.98997224e-01	9.67219020e-02	1.02275322e-01
1144            	-2.77596064e-03	1.11154933e-02	1.99005043e-01	9.67265611e-02	1.02278482e-01
1145            	-2.77521318e-03	1.11152767e-02	1.99012843e-01	9.67312081e-02	1.02281634e-01
1146            	-2.77446669e-03	1.11150617e-02	1.99020626e-01	9.67358462e-02	1.02284780e-01
1147            	-2.77372100e-03	1.11148460e-02	1.99028394e-01	9.67404761e-02	1.02287918e-01
1148            	-2.77297676e-03	1.11146278e-02	1.99036146e-01	9.67450964e-02	1.02291050e-01
1149            	-2.77223510e-03	1.11144061e-02	1.99043878e-01	9.67497041e-02	1.02294174e-01
1150            	-2.77149726e-03	1.11141805e-02	1.99051586e-01	9.67542960e-02	1.02297290e-01
1151            	-2.77076420e-03	1.11139515e-02	1.99059267e-01	9.67588693e-02	1.02300398e-01
1152            	-2.77003637e-03	1.11137200e-02	1.99066917e-01	9.67634223e-02	1.02303495e-01
1153            	-2.76931374e-03	1.11134875e-02	1.99074537e-01	9.67679546e-02	1.02306582e-01
1154            	-2.76859321e-03	1.11132657e-02	1.99082129e-01	9.67724711e-02	1.02309658e-01
1155            	-2.76787454e-03	1.11130521e-02	1.99089696e-01	9.67769735e-02	1.02312723e-01
1156            	-2.76715813e-03	1.11128438e-02	1.99097234e-01	9.67814589e-02	1.02315775e-01
1157            	-2.76644194e-03	1.11126373e-02	1.99104756e-01	9.67859363e-02	1.02318820e-01
1158            	-2.76572660e-03	1.11124296e-02	1.99112263e-01	9.67904048e-02	1.02321858e-01
1159            	-2.76501353e-03	1.11122187e-02	1.99119749e-01	9.67948612e-02	1.02324888e-01
1160            	-2.76430443e-03	1.11120034e-02	1.99127211e-01	9.67993012e-02	1.02327910e-01
1161            	-2.76360080e-03	1.11117833e-02	1.99134643e-01	9.68037208e-02	1.02330922e-01
1162            	-2.76290353e-03	1.11115591e-02	1.99142042e-01	9.68081175e-02	1.02333925e-01
1163            	-2.76221269e-03	1.11113320e-02	1.99149406e-01	9.68124904e-02	1.02336916e-01
1164            	-2.76152764e-03	1.11111035e-02	1.99156737e-01	9.68168411e-02	1.02339896e-01
1165            	-2.76084494e-03	1.11108858e-02	1.99164041e-01	9.68211755e-02	1.02342865e-01
1166            	-2.76016358e-03	1.11106766e-02	1.99171322e-01	9.68254975e-02	1.02345825e-01
1167            	-2.75948206e-03	1.11104728e-02	1.99178587e-01	9.68298115e-02	1.02348776e-01
1168            	-2.75879980e-03	1.11102714e-02	1.99185839e-01	9.68341199e-02	1.02351719e-01
1169            	-2.75811743e-03	1.11100694e-02	1.99193078e-01	9.68384214e-02	1.02354656e-01
1170            	-2.75743651e-03	1.11098645e-02	1.99200298e-01	9.68427126e-02	1.02357586e-01
1171            	-2.75675900e-03	1.11096552e-02	1.99207495e-01	9.68469886e-02	1.02360507e-01
1172            	-2.75608669e-03	1.11094413e-02	1.99214663e-01	9.68512448e-02	1.02363418e-01
1173            	-2.75542070e-03	1.11092231e-02	1.99221798e-01	9.68554783e-02	1.02366320e-01
1174            	-2.75476129e-03	1.11090017e-02	1.99228898e-01	9.68596879e-02	1.02369211e-01
1175            	-2.75410788e-03	1.11087786e-02	1.99235966e-01	9.68638750e-02	1.02372091e-01
1176            	-2.75345732e-03	1.11085660e-02	1.99243005e-01	9.68680451e-02	1.02374960e-01
1177            	-2.75280833e-03	1.11083616e-02	1.99250022e-01	9.68722028e-02	1.02377819e-01
1178            	-2.75215914e-03	1.11081627e-02	1.99257024e-01	9.68763530e-02	1.02380671e-01
1179            	-2.75150899e-03	1.11079660e-02	1.99264015e-01	9.68804984e-02	1.02383516e-01
1180            	-2.75085834e-03	1.11077688e-02	1.99270993e-01	9.68846380e-02	1.02386355e-01
1181            	-2.75020870e-03	1.11075689e-02	1.99277954e-01	9.68887683e-02	1.02389186e-01
1182            	-2.74956199e-03	1.11073648e-02	1.99284893e-01	9.68928846e-02	1.02392009e-01
1183            	-2.74892003e-03	1.11071560e-02	1.99291804e-01	9.68969822e-02	1.02394822e-01
1184            	-2.74828401e-03	1.11069429e-02	1.99298684e-01	9.69010579e-02	1.02397626e-01
1185            	-2.74765427e-03	1.11067267e-02	1.99305530e-01	9.69051108e-02	1.02400419e-01
1186            	-2.74703037e-03	1.11065087e-02	1.99312344e-01	9.69091417e-02	1.02403202e-01
1187            	-2.74641133e-03	1.11062907e-02	1.99319128e-01	9.69131527e-02	1.02405975e-01
1188            	-2.74579402e-03	1.11060844e-02	1.99325888e-01	9.69171500e-02	1.02408738e-01
1189            	-2.74517712e-03	1.11058873e-02	1.99332631e-01	9.69211382e-02	1.02411492e-01
1190            	-2.74455916e-03	1.11056961e-02	1.99339362e-01	9.69251217e-02	1.02414240e-01
1191            	-2.74393982e-03	1.11055073e-02	1.99346084e-01	9.69291020e-02	1.02416982e-01
1192            	-2.74332002e-03	1.11053176e-02	1.99352794e-01	9.69330770e-02	1.02419717e-01
1193            	-2.74270158e-03	1.11051244e-02	1.99359487e-01	9.69370421e-02	1.02422445e-01
1194            	-2.74208665e-03	1.11049263e-02	1.99366157e-01	9.69409920e-02	1.02425165e-01
1195            	-2.74147701e-03	1.11047227e-02	1.99372798e-01	9.69449220e-02	1.02427876e-01
1196            	-2.74087369e-03	1.11045142e-02	1.99379406e-01	9.69488292e-02	1.02430577e-01
1197            	-2.74027679e-03	1.11043021e-02	1.99385980e-01	9.69527133e-02	1.02433267e-01
1198            	-2.73968557e-03	1.11040882e-02	1.99392523e-01	9.69565759e-02	1.02435947e-01
1199            	-2.73909872e-03	1.11038742e-02	1.99399038e-01	9.69604202e-02	1.02438618e-01
1200            	-2.73851339e-03	1.11036722e-02	1.99405530e-01	9.69642515e-02	1.02441278e-01
1201            	-2.73792808e-03	1.11034796e-02	1.99412006e-01	9.69680750e-02	1.02443931e-01
1202            	-2.73734128e-03	1.11032933e-02	1.99418473e-01	9.69718953e-02	1.02446578e-01
1203            	-2.73675272e-03	1.11031097e-02	1.99424932e-01	9.69757133e-02	1.02449219e-01
1204            	-2.73616347e-03	1.11029254e-02	1.99431381e-01	9.69795268e-02	1.02451854e-01
1205            	-2.73557547e-03	1.11027377e-02	1.99437813e-01	9.69833309e-02	1.02454482e-01
1206            	-2.73499097e-03	1.11025450e-02	1.99444222e-01	9.69871200e-02	1.02457102e-01
1207            	-2.73441182e-03	1.11023468e-02	1.99450602e-01	9.69908891e-02	1.02459713e-01
1208            	-2.73383908e-03	1.11021434e-02	1.99456949e-01	9.69946355e-02	1.02462314e-01
1209            	-2.73327287e-03	1.11019363e-02	1.99463263e-01	9.69983587e-02	1.02464904e-01
1210            	-2.73271237e-03	1.11017271e-02	1.99469546e-01	9.70020605e-02	1.02467485e-01
1211            	-2.73215621e-03	1.11015176e-02	1.99475801e-01	9.70057442e-02	1.02470057e-01
1212            	-2.73160175e-03	1.11013200e-02	1.99482033e-01	9.70094150e-02	1.02472618e-01
1213            	-2.73104733e-03	1.11011319e-02	1.99488251e-01	9.70130782e-02	1.02475173e-01
1214            	-2.73049131e-03	1.11009501e-02	1.99494460e-01	9.70167387e-02	1.02477721e-01
1215            	-2.72993335e-03	1.11007709e-02	1.99500662e-01	9.70203977e-02	1.02480264e-01
1216            	-2.72937443e-03	1.11005912e-02	1.99506855e-01	9.70240531e-02	1.02482802e-01
1217            	-2.72881651e-03	1.11004081e-02	1.99513033e-01	9.70276998e-02	1.02485333e-01
1218            	-2.72829451e-03	1.11002223e-02	1.99518971e-01	9.70311909e-02	1.02487780e-01
1219            	-2.72774110e-03	1.11000265e-02	1.99525131e-01	9.70348244e-02	1.02490307e-01
1220            	-2.72718894e-03	1.10998254e-02	1.99531294e-01	9.70384582e-02	1.02492836e-01
1221            	-2.72663981e-03	1.10996212e-02	1.99537445e-01	9.70420828e-02	1.02495362e-01
1222            	-2.72609701e-03	1.10994162e-02	1.99543555e-01	9.70456804e-02	1.02497874e-01
1223            	-2.72556114e-03	1.10992121e-02	1.99549614e-01	9.70492458e-02	1.02500368e-01
1224            	-2.72503166e-03	1.10990101e-02	1.99555622e-01	9.70527794e-02	1.02502843e-01
1225            	-2.72453836e-03	1.10988236e-02	1.99561372e-01	9.70561475e-02	1.02505224e-01
1226            	-2.72401173e-03	1.10986419e-02	1.99567339e-01	9.70596578e-02	1.02507681e-01
1227            	-2.72348022e-03	1.10984656e-02	1.99573326e-01	9.70631829e-02	1.02510143e-01
1228            	-2.72294683e-03	1.10982918e-02	1.99579310e-01	9.70667082e-02	1.02512602e-01
1229            	-2.72241428e-03	1.10981174e-02	1.99585275e-01	9.70702230e-02	1.02515052e-01
1230            	-2.72188553e-03	1.10979398e-02	1.99591206e-01	9.70737175e-02	1.02517489e-01
1231            	-2.72139415e-03	1.10977592e-02	1.99596886e-01	9.70770488e-02	1.02519837e-01
1232            	-2.72087479e-03	1.10975683e-02	1.99602768e-01	9.70805094e-02	1.02522259e-01
1233            	-2.72035779e-03	1.10973714e-02	1.99608648e-01	9.70839660e-02	1.02524682e-01
1234            	-2.71984611e-03	1.10971710e-02	1.99614499e-01	9.70874033e-02	1.02527096e-01
1235            	-2.71934051e-03	1.10969693e-02	1.99620311e-01	9.70908150e-02	1.02529496e-01
1236            	-2.71884075e-03	1.10967682e-02	1.99626080e-01	9.70941993e-02	1.02531881e-01
1237            	-2.71837597e-03	1.10965724e-02	1.99631603e-01	9.70974257e-02	1.02534178e-01
1238            	-2.71787990e-03	1.10963843e-02	1.99637333e-01	9.71007864e-02	1.02536546e-01
1239            	-2.71737989e-03	1.10962060e-02	1.99643076e-01	9.71041579e-02	1.02538918e-01
1240            	-2.71690850e-03	1.10960366e-02	1.99648605e-01	9.71073942e-02	1.02541211e-01
1241            	-2.71640177e-03	1.10958664e-02	1.99654362e-01	9.71107794e-02	1.02543583e-01
1242            	-2.71589292e-03	1.10956958e-02	1.99660119e-01	9.71141668e-02	1.02545953e-01
