# Force coefficients
# liftDir       : (-1.39173101e-01 9.90268069e-01 0.00000000e+00)
# dragDir       : (9.90268069e-01 1.39173101e-01 0.00000000e+00)
# pitchAxis     : (0.00000000e+00 0.00000000e+00 1.00000000e+00)
# magUInf       : 1.50000000e+01
# lRef          : 1.00000000e+00
# Aref          : 1.00000000e-02
# CofR          : (2.50000000e-01 0.00000000e+00 0.00000000e+00)
# Time          	Cm              	Cd              	Cl              	Cl(f)           	Cl(r)           
0               	2.14263683e-02	5.05618230e-01	2.11874353e-02	3.20200860e-02	-1.08326507e-02
1               	2.57892782e+00	2.75978055e+00	9.20436352e+00	7.18110958e+00	2.02325394e+00
2               	3.43344499e+00	3.25545960e+00	1.24190463e+01	9.64296815e+00	2.77607817e+00
3               	3.02776909e+00	2.72289579e+00	1.12366381e+01	8.64608814e+00	2.59054997e+00
4               	1.80729630e+00	1.60788415e+00	7.17237318e+00	5.39348290e+00	1.77889029e+00
5               	3.94204775e-01	4.13842836e-01	2.29466946e+00	1.54153950e+00	7.53129954e-01
6               	-7.14953264e-01	-4.91922821e-01	-1.70136695e+00	-1.56563674e+00	-1.35730209e-01
7               	-1.29506125e+00	-9.51594345e-01	-3.95124316e+00	-3.27068283e+00	-6.80560335e-01
8               	-1.32702618e+00	-9.78426000e-01	-4.32125366e+00	-3.48765301e+00	-8.33600648e-01
9               	-9.98904208e-01	-7.19145380e-01	-3.38712990e+00	-2.69246916e+00	-6.94660742e-01
10              	-4.83361516e-01	-3.21318760e-01	-1.70627196e+00	-1.33649750e+00	-3.69774466e-01
11              	1.48189425e-03	4.97476733e-02	-7.12589753e-03	-2.08105451e-03	-5.04484301e-03
12              	3.31231141e-01	3.03628155e-01	1.24493680e+00	9.53699542e-01	2.91237260e-01
13              	4.52586939e-01	4.01313797e-01	1.82426499e+00	1.36471943e+00	4.59545555e-01
14              	4.08436005e-01	3.76099242e-01	1.81798554e+00	1.31742877e+00	5.00556764e-01
15              	2.57168574e-01	2.79995845e-01	1.41134346e+00	9.62840305e-01	4.48503158e-01
16              	6.88978861e-02	1.55513319e-01	8.15383276e-01	4.76589524e-01	3.38793752e-01
17              	-8.80583974e-02	4.60006359e-02	2.61819406e-01	4.28513058e-02	2.18968101e-01
18              	-1.77767314e-01	-2.36649304e-02	-1.06484028e-01	-2.31009328e-01	1.24525300e-01
19              	-1.96154535e-01	-4.95699808e-02	-2.47275144e-01	-3.19792107e-01	7.25169630e-02
20              	-1.65964323e-01	-4.20299396e-02	-2.09098249e-01	-2.70513448e-01	6.14151985e-02
21              	-1.05293426e-01	-1.42193790e-02	-4.76309724e-02	-1.29108912e-01	8.14779397e-02
22              	-3.81179189e-02	2.16957164e-02	1.65880044e-01	4.48221029e-02	1.21057941e-01
23              	1.42584445e-02	5.30043194e-02	3.57588962e-01	1.93052925e-01	1.64536036e-01
24              	4.17037409e-02	7.25880817e-02	4.83364126e-01	2.83385804e-01	1.99978322e-01
25              	4.54674275e-02	7.93998788e-02	5.34667267e-01	3.12801061e-01	2.21866206e-01
26              	3.44857053e-02	7.68401921e-02	5.30398923e-01	2.99685167e-01	2.30713756e-01
27              	1.54947951e-02	6.87146148e-02	4.91247957e-01	2.61118773e-01	2.30129183e-01
28              	-5.68024151e-03	5.78466134e-02	4.34028619e-01	2.11334068e-01	2.22694551e-01
29              	-2.34381768e-02	4.73502627e-02	3.77762031e-01	1.65442838e-01	2.12319192e-01
30              	-3.42186214e-02	3.95687534e-02	3.37056932e-01	1.34309845e-01	2.02747087e-01
31              	-3.65735185e-02	3.59939891e-02	3.21945295e-01	1.24399129e-01	1.97546166e-01
32              	-3.43191913e-02	3.49336232e-02	3.21927386e-01	1.26644502e-01	1.95282885e-01
33              	-2.91909992e-02	3.57532074e-02	3.33312420e-01	1.37465211e-01	1.95847209e-01
34              	-2.18540711e-02	3.80817491e-02	3.54546115e-01	1.55418986e-01	1.99127128e-01
35              	-1.42992488e-02	4.09975535e-02	3.80330798e-01	1.75866150e-01	2.04464648e-01
36              	-8.23053048e-03	4.35815995e-02	4.04812460e-01	1.94175699e-01	2.10636760e-01
37              	-5.05698416e-03	4.50571533e-02	4.21968136e-01	2.05927084e-01	2.16041052e-01
38              	-4.13861991e-03	4.55523077e-02	4.32539601e-01	2.12131180e-01	2.20408420e-01
39              	-4.86558028e-03	4.52540650e-02	4.37427776e-01	2.13848308e-01	2.23579468e-01
40              	-6.44672044e-03	4.44758467e-02	4.38191871e-01	2.12649215e-01	2.25542656e-01
41              	-8.44810547e-03	4.34053345e-02	4.36533816e-01	2.09818803e-01	2.26715014e-01
42              	-1.05230368e-02	4.22155513e-02	4.33411345e-01	2.06182636e-01	2.27228709e-01
43              	-1.23268549e-02	4.11048441e-02	4.29910048e-01	2.02628169e-01	2.27281879e-01
44              	-1.35898098e-02	4.02428119e-02	4.27100807e-01	1.99960594e-01	2.27140213e-01
45              	-1.42119255e-02	3.97094945e-02	4.25672940e-01	1.98624544e-01	2.27048395e-01
46              	-1.42362898e-02	3.95038780e-02	4.25877421e-01	1.98702421e-01	2.27175000e-01
47              	-1.37223078e-02	3.96239136e-02	4.27830704e-01	2.00193044e-01	2.27637660e-01
48              	-1.28116137e-02	3.99772887e-02	4.31361389e-01	2.02869081e-01	2.28492308e-01
49              	-1.16700139e-02	4.04681575e-02	4.36082796e-01	2.06371384e-01	2.29711412e-01
50              	-1.04706951e-02	4.09861130e-02	4.41462279e-01	2.10260445e-01	2.31201835e-01
51              	-9.37883467e-03	4.14214679e-02	4.46871015e-01	2.14056673e-01	2.32814342e-01
52              	-8.51935869e-03	4.16903552e-02	4.51729269e-01	2.17345276e-01	2.34383993e-01
53              	-7.95867987e-03	4.17494484e-02	4.55621045e-01	2.19851843e-01	2.35769203e-01
54              	-7.70462050e-03	4.15984112e-02	4.58338890e-01	2.21464825e-01	2.36874066e-01
55              	-7.71402642e-03	4.12754457e-02	4.59893365e-01	2.22232656e-01	2.37660709e-01
56              	-7.89271678e-03	4.08797221e-02	4.60465712e-01	2.22340139e-01	2.38125573e-01
57              	-8.11319522e-03	4.04844383e-02	4.60562444e-01	2.22168027e-01	2.38394417e-01
58              	-8.37399975e-03	4.00436128e-02	4.60376671e-01	2.21814336e-01	2.38562335e-01
59              	-8.59560405e-03	3.96372764e-02	4.60156491e-01	2.21482641e-01	2.38673850e-01
60              	-8.76147898e-03	3.92731562e-02	4.59997626e-01	2.21237334e-01	2.38760292e-01
61              	-8.82495874e-03	3.90007563e-02	4.60094816e-01	2.21222449e-01	2.38872367e-01
62              	-8.77753818e-03	3.88252338e-02	4.60525334e-01	2.21485129e-01	2.39040205e-01
63              	-8.62560039e-03	3.87366925e-02	4.61312721e-01	2.22030760e-01	2.39281961e-01
64              	-8.39190385e-03	3.87104174e-02	4.62415086e-01	2.22815639e-01	2.39599447e-01
65              	-8.11161451e-03	3.87120541e-02	4.63732716e-01	2.23754743e-01	2.39977972e-01
66              	-7.86586694e-03	3.86856659e-02	4.64984125e-01	2.24626196e-01	2.40357930e-01
67              	-7.63370565e-03	3.86306389e-02	4.66242934e-01	2.25487761e-01	2.40755173e-01
68              	-7.43253192e-03	3.85330192e-02	4.67438720e-01	2.26286828e-01	2.41151892e-01
69              	-7.27238727e-03	3.83876765e-02	4.68523509e-01	2.26989367e-01	2.41534142e-01
70              	-7.14555819e-03	3.81950822e-02	4.69524188e-01	2.27616536e-01	2.41907652e-01
71              	-7.05670989e-03	3.79573617e-02	4.70414079e-01	2.28150329e-01	2.42263749e-01
72              	-7.02654380e-03	3.76912748e-02	4.71091134e-01	2.28519023e-01	2.42572111e-01
73              	-7.04347920e-03	3.74065226e-02	4.71614308e-01	2.28763675e-01	2.42850633e-01
74              	-7.09822889e-03	3.71255685e-02	4.72020050e-01	2.28911796e-01	2.43108254e-01
75              	-7.17423112e-03	3.68662562e-02	4.72370927e-01	2.29011232e-01	2.43359695e-01
76              	-7.25907971e-03	3.66216054e-02	4.72780869e-01	2.29131355e-01	2.43649514e-01
77              	-7.34244605e-03	3.63950096e-02	4.73336247e-01	2.29325677e-01	2.44010569e-01
78              	-7.40597533e-03	3.62146482e-02	4.73982129e-01	2.29585089e-01	2.44397040e-01
79              	-7.44427202e-03	3.60662876e-02	4.74855400e-01	2.29983428e-01	2.44871972e-01
80              	-7.45742669e-03	3.59505467e-02	4.75846733e-01	2.30465940e-01	2.45380793e-01
81              	-7.44965526e-03	3.58547788e-02	4.76948922e-01	2.31024806e-01	2.45924116e-01
82              	-7.43125930e-03	3.57670994e-02	4.78096866e-01	2.31617174e-01	2.46479692e-01
83              	-7.38940664e-03	3.56853375e-02	4.79486233e-01	2.32353710e-01	2.47132523e-01
84              	-7.35277951e-03	3.55972822e-02	4.80868798e-01	2.33081619e-01	2.47787178e-01
85              	-7.33065776e-03	3.54980829e-02	4.82202655e-01	2.33770670e-01	2.48431985e-01
86              	-7.33112777e-03	3.53858885e-02	4.83435647e-01	2.34386696e-01	2.49048951e-01
87              	-7.35277931e-03	3.52607689e-02	4.84615252e-01	2.34954847e-01	2.49660405e-01
88              	-7.39483346e-03	3.51276094e-02	4.85722358e-01	2.35466346e-01	2.50256013e-01
89              	-7.45267013e-03	3.49890422e-02	4.86806916e-01	2.35950788e-01	2.50856128e-01
90              	-7.52104923e-03	3.48488089e-02	4.87912122e-01	2.36435012e-01	2.51477110e-01
91              	-7.59292775e-03	3.47146514e-02	4.89016846e-01	2.36915495e-01	2.52101351e-01
92              	-7.66227304e-03	3.45903972e-02	4.90128154e-01	2.37401804e-01	2.52726350e-01
93              	-7.72458010e-03	3.44778546e-02	4.91249880e-01	2.37900360e-01	2.53349520e-01
94              	-7.77856322e-03	3.43765439e-02	4.92352576e-01	2.38397725e-01	2.53954851e-01
95              	-7.82206914e-03	3.42849795e-02	4.93499370e-01	2.38927616e-01	2.54571754e-01
96              	-7.85975481e-03	3.41997511e-02	4.94617949e-01	2.39449220e-01	2.55168729e-01
97              	-7.89315142e-03	3.41183931e-02	4.95737000e-01	2.39975349e-01	2.55761651e-01
98              	-7.92577856e-03	3.40384560e-02	4.96850880e-01	2.40499661e-01	2.56351219e-01
99              	-7.96104564e-03	3.39580741e-02	4.97952857e-01	2.41015383e-01	2.56937474e-01
100             	-8.00190097e-03	3.38759490e-02	4.99036162e-01	2.41516180e-01	2.57519982e-01
101             	-8.05051475e-03	3.37913151e-02	5.00094902e-01	2.41996936e-01	2.58097966e-01
102             	-8.10816839e-03	3.37040132e-02	5.01125455e-01	2.42454559e-01	2.58670896e-01
103             	-8.17517419e-03	3.36142953e-02	5.02126649e-01	2.42888150e-01	2.59238499e-01
104             	-8.25103871e-03	3.35226090e-02	5.03100066e-01	2.43298994e-01	2.59801072e-01
105             	-8.33469871e-03	3.34294900e-02	5.04048599e-01	2.43689601e-01	2.60358998e-01
106             	-8.42467882e-03	3.33355295e-02	5.04976260e-01	2.44063451e-01	2.60912809e-01
107             	-8.51926773e-03	3.32413991e-02	5.05887462e-01	2.44424463e-01	2.61462999e-01
108             	-8.61678152e-03	3.31477804e-02	5.06786468e-01	2.44776453e-01	2.62010016e-01
109             	-8.71575060e-03	3.30553473e-02	5.07677035e-01	2.45122767e-01	2.62554268e-01
110             	-8.81508328e-03	3.29646618e-02	5.08561780e-01	2.45465807e-01	2.63095973e-01
111             	-8.91406421e-03	3.28761820e-02	5.09442688e-01	2.45807280e-01	2.63635408e-01
112             	-9.01249572e-03	3.27900959e-02	5.10320845e-01	2.46147927e-01	2.64172918e-01
113             	-9.11054175e-03	3.27063497e-02	5.11195861e-01	2.46487389e-01	2.64708472e-01
114             	-9.20574922e-03	3.26258189e-02	5.12043596e-01	2.46816049e-01	2.65227547e-01
115             	-9.30311330e-03	3.25460571e-02	5.12900552e-01	2.47147163e-01	2.65753389e-01
116             	-9.40244228e-03	3.24675100e-02	5.13765483e-01	2.47480299e-01	2.66285184e-01
117             	-9.50320370e-03	3.23907602e-02	5.14633913e-01	2.47813753e-01	2.66820160e-01
118             	-9.60171249e-03	3.23176052e-02	5.15478543e-01	2.48137559e-01	2.67340984e-01
119             	-9.70020480e-03	3.22462403e-02	5.16321354e-01	2.48460472e-01	2.67860882e-01
120             	-9.80095930e-03	3.21756178e-02	5.17186056e-01	2.48792069e-01	2.68393988e-01
121             	-9.89689193e-03	3.21091166e-02	5.18025768e-01	2.49115992e-01	2.68909776e-01
122             	-9.98988597e-03	3.20451606e-02	5.18864348e-01	2.49442288e-01	2.69422060e-01
123             	-1.00794409e-02	3.19837899e-02	5.19705116e-01	2.49773117e-01	2.69931999e-01
124             	-1.01651277e-02	3.19251905e-02	5.20549712e-01	2.50109728e-01	2.70439984e-01
125             	-1.02466502e-02	3.18696417e-02	5.21398108e-01	2.50452404e-01	2.70945704e-01
126             	-1.03239336e-02	3.18174680e-02	5.22250061e-01	2.50801097e-01	2.71448964e-01
127             	-1.03947321e-02	3.17693504e-02	5.23073054e-01	2.51141795e-01	2.71931259e-01
128             	-1.04643760e-02	3.17239293e-02	5.23916021e-01	2.51493634e-01	2.72422386e-01
129             	-1.05330730e-02	3.16818709e-02	5.24775022e-01	2.51854438e-01	2.72920584e-01
130             	-1.06005767e-02	3.16440243e-02	5.25644544e-01	2.52221695e-01	2.73422849e-01
131             	-1.06664833e-02	3.16110873e-02	5.26518057e-01	2.52592545e-01	2.73925512e-01
132             	-1.07302355e-02	3.15833457e-02	5.27388752e-01	2.52964140e-01	2.74424611e-01
133             	-1.07902273e-02	3.15610658e-02	5.28221964e-01	2.53320755e-01	2.74901209e-01
134             	-1.08482341e-02	3.15429997e-02	5.29079748e-01	2.53691640e-01	2.75388108e-01
135             	-1.09024448e-02	3.15298235e-02	5.29901447e-01	2.54048278e-01	2.75853168e-01
136             	-1.09535987e-02	3.15207210e-02	5.30720794e-01	2.54406798e-01	2.76313996e-01
137             	-1.10020184e-02	3.15156332e-02	5.31544672e-01	2.54770318e-01	2.76774354e-01
138             	-1.10478054e-02	3.15148169e-02	5.32377508e-01	2.55140949e-01	2.77236560e-01
139             	-1.10906263e-02	3.15190724e-02	5.33254670e-01	2.55536709e-01	2.77717961e-01
140             	-1.11301375e-02	3.15283477e-02	5.34095944e-01	2.55917835e-01	2.78178110e-01
141             	-1.11662327e-02	3.15420084e-02	5.34936528e-01	2.56302032e-01	2.78634497e-01
142             	-1.11993387e-02	3.15596096e-02	5.35779227e-01	2.56690275e-01	2.79088952e-01
143             	-1.12299237e-02	3.15807281e-02	5.36623116e-01	2.57081634e-01	2.79541482e-01
144             	-1.12585346e-02	3.16050170e-02	5.37467339e-01	2.57475135e-01	2.79992204e-01
145             	-1.12856930e-02	3.16321494e-02	5.38311056e-01	2.57869835e-01	2.80441221e-01
146             	-1.13118628e-02	3.16617350e-02	5.39152093e-01	2.58264184e-01	2.80887909e-01
147             	-1.13375288e-02	3.16933858e-02	5.39989503e-01	2.58657222e-01	2.81332280e-01
148             	-1.13631723e-02	3.17266885e-02	5.40823344e-01	2.59048500e-01	2.81774845e-01
149             	-1.13891476e-02	3.17612119e-02	5.41652512e-01	2.59437109e-01	2.82215404e-01
150             	-1.14157807e-02	3.17964810e-02	5.42475890e-01	2.59822164e-01	2.82653726e-01
151             	-1.14434137e-02	3.18320714e-02	5.43294296e-01	2.60203734e-01	2.83090562e-01
152             	-1.14723475e-02	3.18676214e-02	5.44108479e-01	2.60581892e-01	2.83526587e-01
153             	-1.15026973e-02	3.19028922e-02	5.44917549e-01	2.60956077e-01	2.83961472e-01
154             	-1.15344681e-02	3.19377427e-02	5.45721065e-01	2.61326064e-01	2.84395000e-01
155             	-1.15670149e-02	3.19708381e-02	5.46482005e-01	2.61673988e-01	2.84808017e-01
156             	-1.16012688e-02	3.20029220e-02	5.47253448e-01	2.62025455e-01	2.85227993e-01
157             	-1.16370675e-02	3.20343968e-02	5.48036426e-01	2.62381146e-01	2.85655281e-01
158             	-1.16741695e-02	3.20658263e-02	5.48830370e-01	2.62741016e-01	2.86089355e-01
159             	-1.17120789e-02	3.20977959e-02	5.49630554e-01	2.63103198e-01	2.86527356e-01
160             	-1.17502530e-02	3.21306006e-02	5.50430814e-01	2.63465154e-01	2.86965660e-01
161             	-1.17882614e-02	3.21640875e-02	5.51224380e-01	2.63823929e-01	2.87400451e-01
162             	-1.18258571e-02	3.21978005e-02	5.52005941e-01	2.64177113e-01	2.87828828e-01
163             	-1.18628755e-02	3.22311379e-02	5.52772360e-01	2.64523305e-01	2.88249056e-01
164             	-1.18992116e-02	3.22636145e-02	5.53524444e-01	2.64863010e-01	2.88661434e-01
165             	-1.19348813e-02	3.22939797e-02	5.54226416e-01	2.65178327e-01	2.89048089e-01
166             	-1.19702041e-02	3.23230416e-02	5.54973301e-01	2.65516446e-01	2.89456855e-01
167             	-1.20050826e-02	3.23504265e-02	5.55680990e-01	2.65835413e-01	2.89845578e-01
168             	-1.20389264e-02	3.23778112e-02	5.56444476e-01	2.66183312e-01	2.90261164e-01
169             	-1.20712777e-02	3.24059167e-02	5.57212226e-01	2.66534835e-01	2.90677391e-01
170             	-1.21026173e-02	3.24336072e-02	5.57936175e-01	2.66865470e-01	2.91070705e-01
171             	-1.21313903e-02	3.24624872e-02	5.58717021e-01	2.67227120e-01	2.91489901e-01
172             	-1.21592159e-02	3.24905149e-02	5.59452652e-01	2.67567110e-01	2.91885542e-01
173             	-1.21852560e-02	3.25181730e-02	5.60201155e-01	2.67915321e-01	2.92285833e-01
174             	-1.22093716e-02	3.25455947e-02	5.60963802e-01	2.68272529e-01	2.92691273e-01
175             	-1.22315191e-02	3.25730839e-02	5.61739830e-01	2.68638396e-01	2.93101434e-01
176             	-1.22517027e-02	3.26008688e-02	5.62525092e-01	2.69010843e-01	2.93514249e-01
177             	-1.22701113e-02	3.26287419e-02	5.63309400e-01	2.69384589e-01	2.93924811e-01
178             	-1.22872931e-02	3.26561445e-02	5.64085833e-01	2.69755624e-01	2.94330210e-01
179             	-1.23040543e-02	3.26823432e-02	5.64851266e-01	2.70121579e-01	2.94729687e-01
180             	-1.23212660e-02	3.27067230e-02	5.65606393e-01	2.70481931e-01	2.95124462e-01
181             	-1.23396309e-02	3.27288770e-02	5.66352820e-01	2.70836779e-01	2.95516041e-01
182             	-1.23596151e-02	3.27486227e-02	5.67091355e-01	2.71186063e-01	2.95905293e-01
183             	-1.23814611e-02	3.27660363e-02	5.67823592e-01	2.71530335e-01	2.96293257e-01
184             	-1.24052728e-02	3.27813588e-02	5.68552500e-01	2.71870977e-01	2.96681523e-01
185             	-1.24309806e-02	3.27949550e-02	5.69280548e-01	2.72209293e-01	2.97071255e-01
186             	-1.24583829e-02	3.28071845e-02	5.70006809e-01	2.72545022e-01	2.97461787e-01
187             	-1.24873348e-02	3.28182671e-02	5.70729073e-01	2.72877202e-01	2.97851871e-01
188             	-1.25178587e-02	3.28282605e-02	5.71445602e-01	2.73204942e-01	2.98240660e-01
189             	-1.25501840e-02	3.28370140e-02	5.72154496e-01	2.73527064e-01	2.98627432e-01
190             	-1.25847851e-02	3.28442174e-02	5.72853553e-01	2.73841991e-01	2.99011562e-01
191             	-1.26226014e-02	3.28494049e-02	5.73542236e-01	2.74148517e-01	2.99393719e-01
192             	-1.26647753e-02	3.28521206e-02	5.74222225e-01	2.74446337e-01	2.99775888e-01
193             	-1.27095106e-02	3.28517165e-02	5.74855863e-01	2.74718421e-01	3.00137442e-01
194             	-1.27643972e-02	3.28472489e-02	5.75526461e-01	2.74998833e-01	3.00527628e-01
195             	-1.28273718e-02	3.28393475e-02	5.76185098e-01	2.75265177e-01	3.00919921e-01
196             	-1.28944341e-02	3.28284807e-02	5.76791526e-01	2.75501329e-01	3.01290197e-01
197             	-1.29762250e-02	3.28123402e-02	5.77415703e-01	2.75731626e-01	3.01684076e-01
198             	-1.30618457e-02	3.27933294e-02	5.77983372e-01	2.75929840e-01	3.02053532e-01
199             	-1.31573700e-02	3.27695422e-02	5.78530660e-01	2.76107960e-01	3.02422700e-01
200             	-1.32706017e-02	3.27394304e-02	5.79088739e-01	2.76273768e-01	3.02814971e-01
201             	-1.33858964e-02	3.27073179e-02	5.79592292e-01	2.76410250e-01	3.03182042e-01
202             	-1.35188965e-02	3.26694135e-02	5.80103385e-01	2.76532796e-01	3.03570589e-01
203             	-1.36514587e-02	3.26304772e-02	5.80562163e-01	2.76629623e-01	3.03932540e-01
204             	-1.37920837e-02	3.25878490e-02	5.81001650e-01	2.76708742e-01	3.04292909e-01
205             	-1.39506198e-02	3.25395260e-02	5.81450763e-01	2.76774762e-01	3.04676001e-01
206             	-1.41083070e-02	3.24901380e-02	5.81853170e-01	2.76818278e-01	3.05034892e-01
207             	-1.42757122e-02	3.24367342e-02	5.82239214e-01	2.76843895e-01	3.05395319e-01
208             	-1.44543323e-02	3.23788863e-02	5.82609675e-01	2.76850505e-01	3.05759170e-01
209             	-1.46455746e-02	3.23163507e-02	5.82964302e-01	2.76836576e-01	3.06127725e-01
210             	-1.48507201e-02	3.22490613e-02	5.83302045e-01	2.76800303e-01	3.06501743e-01
211             	-1.50847725e-02	3.21742516e-02	5.83642681e-01	2.76736568e-01	3.06906113e-01
212             	-1.53148831e-02	3.21001471e-02	5.83934281e-01	2.76652257e-01	3.07282024e-01
213             	-1.55577763e-02	3.20219069e-02	5.84200933e-01	2.76542690e-01	3.07658243e-01
214             	-1.58128552e-02	3.19391819e-02	5.84442863e-01	2.76408576e-01	3.08034287e-01
215             	-1.61000797e-02	3.18466957e-02	5.84672394e-01	2.76236118e-01	3.08436277e-01
216             	-1.63733027e-02	3.17565218e-02	5.84865923e-01	2.76059659e-01	3.08806264e-01
217             	-1.66551428e-02	3.16616576e-02	5.85040943e-01	2.75865329e-01	3.09175614e-01
218             	-1.69682454e-02	3.15554282e-02	5.85204405e-01	2.75633957e-01	3.09570448e-01
219             	-1.72582942e-02	3.14540325e-02	5.85354579e-01	2.75418995e-01	3.09935584e-01
220             	-1.75499020e-02	3.13495286e-02	5.85501161e-01	2.75200678e-01	3.10300482e-01
221             	-1.78407559e-02	3.12425343e-02	5.85650644e-01	2.74984566e-01	3.10666078e-01
222             	-1.81286586e-02	3.11338381e-02	5.85809347e-01	2.74776015e-01	3.11033332e-01
223             	-1.84378786e-02	3.10154311e-02	5.85978535e-01	2.74551389e-01	3.11427146e-01
224             	-1.87074045e-02	3.09090365e-02	5.86166138e-01	2.74375665e-01	3.11790474e-01
225             	-1.89632609e-02	3.08049136e-02	5.86375298e-01	2.74224388e-01	3.12150910e-01
226             	-1.92028559e-02	3.07036755e-02	5.86610249e-01	2.74102268e-01	3.12507980e-01
227             	-1.94475038e-02	3.05969469e-02	5.86875815e-01	2.73990404e-01	3.12885411e-01
228             	-1.96461942e-02	3.05048739e-02	5.87164270e-01	2.73935941e-01	3.13228329e-01
229             	-1.98232810e-02	3.04170168e-02	5.87484134e-01	2.73918786e-01	3.13565348e-01
230             	-1.99790166e-02	3.03330220e-02	5.87837622e-01	2.73939795e-01	3.13897828e-01
231             	-2.01143182e-02	3.02525543e-02	5.88226108e-01	2.73998736e-01	3.14227372e-01
232             	-2.02301790e-02	3.01755047e-02	5.88649976e-01	2.74094809e-01	3.14555167e-01
233             	-2.03273727e-02	3.01020260e-02	5.89108512e-01	2.74226883e-01	3.14881629e-01
234             	-2.04065263e-02	3.00323594e-02	5.89600321e-01	2.74393634e-01	3.15206687e-01
235             	-2.04680654e-02	2.99668374e-02	5.90123032e-01	2.74593451e-01	3.15529581e-01
236             	-2.05124438e-02	2.99056894e-02	5.90673825e-01	2.74824469e-01	3.15849356e-01
237             	-2.05401770e-02	2.98490185e-02	5.91250041e-01	2.75084843e-01	3.16165197e-01
238             	-2.05518481e-02	2.97967959e-02	5.91849486e-01	2.75372895e-01	3.16476591e-01
239             	-2.05481087e-02	2.97488887e-02	5.92470654e-01	2.75687218e-01	3.16783436e-01
240             	-2.05297138e-02	2.97051349e-02	5.93112348e-01	2.76026460e-01	3.17085888e-01
241             	-2.04974358e-02	2.96654053e-02	5.93774112e-01	2.76389620e-01	3.17384492e-01
242             	-2.04521088e-02	2.96296189e-02	5.94456010e-01	2.76775896e-01	3.17680114e-01
243             	-2.03866618e-02	2.95978207e-02	5.95222120e-01	2.77224398e-01	3.17997722e-01
244             	-2.03196864e-02	2.95709831e-02	5.95924231e-01	2.77642429e-01	3.18281802e-01
245             	-2.02428014e-02	2.95476866e-02	5.96643404e-01	2.78078901e-01	3.18564504e-01
246             	-2.01449061e-02	2.95291950e-02	5.97454229e-01	2.78582208e-01	3.18872021e-01
247             	-2.00405326e-02	2.95148077e-02	5.98265556e-01	2.79092245e-01	3.19173311e-01
248             	-1.99317097e-02	2.95037059e-02	5.99072232e-01	2.79604406e-01	3.19467825e-01
249             	-1.98337889e-02	2.94923456e-02	5.99798684e-01	2.80065553e-01	3.19733131e-01
250             	-1.97176630e-02	2.94843767e-02	6.00614228e-01	2.80589451e-01	3.20024777e-01
251             	-1.95998629e-02	2.94776631e-02	6.01430484e-01	2.81115379e-01	3.20315105e-01
252             	-1.94810978e-02	2.94720653e-02	6.02247025e-01	2.81642415e-01	3.20604611e-01
253             	-1.93619608e-02	2.94674126e-02	6.03063439e-01	2.82169759e-01	3.20893680e-01
254             	-1.92429745e-02	2.94634981e-02	6.03879046e-01	2.82696548e-01	3.21182497e-01
255             	-1.91245897e-02	2.94601038e-02	6.04693001e-01	2.83221911e-01	3.21471090e-01
256             	-1.90070724e-02	2.94570326e-02	6.05505013e-01	2.83745434e-01	3.21759579e-01
257             	-1.88904568e-02	2.94541648e-02	6.06315502e-01	2.84267294e-01	3.22048208e-01
258             	-1.87746223e-02	2.94514717e-02	6.07125221e-01	2.84787988e-01	3.22337233e-01
259             	-1.86593677e-02	2.94490020e-02	6.07934953e-01	2.85308109e-01	3.22626844e-01
260             	-1.85445573e-02	2.94468109e-02	6.08745053e-01	2.85827969e-01	3.22917084e-01
261             	-1.84301070e-02	2.94449621e-02	6.09555517e-01	2.86347651e-01	3.23207865e-01
262             	-1.83160230e-02	2.94434999e-02	6.10366104e-01	2.86867029e-01	3.23499075e-01
263             	-1.82025210e-02	2.94423778e-02	6.11176182e-01	2.87385570e-01	3.23790612e-01
264             	-1.80900522e-02	2.94414481e-02	6.11984551e-01	2.87902223e-01	3.24082328e-01
265             	-1.79792009e-02	2.94404848e-02	6.12789699e-01	2.88415649e-01	3.24374050e-01
266             	-1.78705606e-02	2.94392244e-02	6.13590221e-01	2.88924550e-01	3.24665671e-01
267             	-1.77646557e-02	2.94374055e-02	6.14385061e-01	2.89427875e-01	3.24957186e-01
268             	-1.76618943e-02	2.94347708e-02	6.15173645e-01	2.89924928e-01	3.25248717e-01
269             	-1.75626672e-02	2.94310639e-02	6.15955202e-01	2.90414934e-01	3.25540268e-01
270             	-1.74673905e-02	2.94260206e-02	6.16728437e-01	2.90896828e-01	3.25831609e-01
271             	-1.73878980e-02	2.94178644e-02	6.17420570e-01	2.91322387e-01	3.26098183e-01
272             	-1.72986378e-02	2.94088628e-02	6.18196259e-01	2.91799492e-01	3.26396767e-01
273             	-1.72128056e-02	2.93984256e-02	6.18967275e-01	2.92270832e-01	3.26696443e-01
274             	-1.71307299e-02	2.93866548e-02	6.19729410e-01	2.92733975e-01	3.26995435e-01
275             	-1.70631668e-02	2.93725795e-02	6.20408446e-01	2.93141056e-01	3.27267390e-01
276             	-1.69879550e-02	2.93568043e-02	6.21160260e-01	2.93592175e-01	3.27568085e-01
277             	-1.69264625e-02	2.93389813e-02	6.21830135e-01	2.93988605e-01	3.27841530e-01
278             	-1.68577555e-02	2.93190541e-02	6.22570954e-01	2.94427722e-01	3.28143233e-01
279             	-1.68016865e-02	2.92977798e-02	6.23231253e-01	2.94813940e-01	3.28417313e-01
280             	-1.67388356e-02	2.92743417e-02	6.23958943e-01	2.95240636e-01	3.28718307e-01
281             	-1.66877671e-02	2.92502974e-02	6.24606571e-01	2.95615518e-01	3.28991052e-01
282             	-1.66387293e-02	2.92245690e-02	6.25252751e-01	2.95987646e-01	3.29265105e-01
283             	-1.65835717e-02	2.91964805e-02	6.25964189e-01	2.96398523e-01	3.29565666e-01
284             	-1.65391543e-02	2.91687700e-02	6.26597905e-01	2.96759798e-01	3.29838107e-01
285             	-1.64969106e-02	2.91397148e-02	6.27228951e-01	2.97117565e-01	3.30111386e-01
286             	-1.64568613e-02	2.91092938e-02	6.27858424e-01	2.97472351e-01	3.30386073e-01
287             	-1.64123104e-02	2.90762735e-02	6.28548243e-01	2.97861811e-01	3.30686432e-01
288             	-1.63775613e-02	2.90445106e-02	6.29161622e-01	2.98203250e-01	3.30958372e-01
289             	-1.63455468e-02	2.90115854e-02	6.29768597e-01	2.98538752e-01	3.31229845e-01
290             	-1.63163451e-02	2.89773735e-02	6.30369200e-01	2.98868255e-01	3.31500945e-01
291             	-1.62898259e-02	2.89418512e-02	6.30964736e-01	2.99192542e-01	3.31772194e-01
292             	-1.62657891e-02	2.89051236e-02	6.31556212e-01	2.99512317e-01	3.32043895e-01
293             	-1.62439737e-02	2.88673942e-02	6.32144178e-01	2.99828115e-01	3.32316063e-01
294             	-1.62241363e-02	2.88289198e-02	6.32728501e-01	3.00140114e-01	3.32588387e-01
295             	-1.62060753e-02	2.87899500e-02	6.33308448e-01	3.00448149e-01	3.32860299e-01
296             	-1.61896359e-02	2.87506826e-02	6.33883079e-01	3.00751904e-01	3.33131176e-01
297             	-1.61747324e-02	2.87112423e-02	6.34451277e-01	3.01050906e-01	3.33400371e-01
298             	-1.61613130e-02	2.86716842e-02	6.35012211e-01	3.01344792e-01	3.33667418e-01
299             	-1.61493615e-02	2.86320002e-02	6.35565522e-01	3.01633399e-01	3.33932122e-01
300             	-1.61388761e-02	2.85921460e-02	6.36111423e-01	3.01916835e-01	3.34194588e-01
301             	-1.61298820e-02	2.85521005e-02	6.36650117e-01	3.02195177e-01	3.34454941e-01
302             	-1.61223349e-02	2.85118026e-02	6.37182991e-01	3.02469160e-01	3.34713830e-01
303             	-1.61161967e-02	2.84712590e-02	6.37710756e-01	3.02739181e-01	3.34971575e-01
304             	-1.61113849e-02	2.84305185e-02	6.38233845e-01	3.03005538e-01	3.35228308e-01
305             	-1.61077677e-02	2.83896630e-02	6.38752624e-01	3.03268544e-01	3.35484080e-01
306             	-1.61051991e-02	2.83487801e-02	6.39267396e-01	3.03528499e-01	3.35738897e-01
307             	-1.61035209e-02	2.83079678e-02	6.39778394e-01	3.03785676e-01	3.35992718e-01
308             	-1.61025735e-02	2.82673069e-02	6.40285982e-01	3.04040418e-01	3.36245564e-01
309             	-1.61022081e-02	2.82268887e-02	6.40790314e-01	3.04292949e-01	3.36497365e-01
310             	-1.61022844e-02	2.81867842e-02	6.41291689e-01	3.04543560e-01	3.36748129e-01
311             	-1.61026726e-02	2.81470445e-02	6.41790563e-01	3.04792609e-01	3.36997954e-01
312             	-1.61032644e-02	2.81077020e-02	6.42287427e-01	3.05040449e-01	3.37246978e-01
313             	-1.61039903e-02	2.80687827e-02	6.42782549e-01	3.05287284e-01	3.37495265e-01
314             	-1.61048126e-02	2.80303034e-02	6.43276002e-01	3.05533189e-01	3.37742814e-01
315             	-1.61057082e-02	2.79922635e-02	6.43767852e-01	3.05778218e-01	3.37989634e-01
316             	-1.61066666e-02	2.79546515e-02	6.44258239e-01	3.06022453e-01	3.38235786e-01
317             	-1.61076835e-02	2.79174416e-02	6.44747090e-01	3.06265861e-01	3.38481228e-01
318             	-1.61087620e-02	2.78806024e-02	6.45234260e-01	3.06508368e-01	3.38725892e-01
319             	-1.61099195e-02	2.78440902e-02	6.45719564e-01	3.06749863e-01	3.38969702e-01
320             	-1.61112164e-02	2.78078282e-02	6.46203123e-01	3.06990345e-01	3.39212778e-01
321             	-1.61127265e-02	2.77717465e-02	6.46684719e-01	3.07229633e-01	3.39455086e-01
322             	-1.61145192e-02	2.77357729e-02	6.47163997e-01	3.07467480e-01	3.39696518e-01
323             	-1.61166812e-02	2.76998283e-02	6.47640514e-01	3.07703576e-01	3.39936938e-01
324             	-1.61192627e-02	2.76638439e-02	6.48113830e-01	3.07937652e-01	3.40176178e-01
325             	-1.61222810e-02	2.76277540e-02	6.48583688e-01	3.08169563e-01	3.40414125e-01
326             	-1.61257461e-02	2.75914889e-02	6.49050152e-01	3.08399330e-01	3.40650822e-01
327             	-1.61296531e-02	2.75549919e-02	6.49513511e-01	3.08627102e-01	3.40886409e-01
328             	-1.61339935e-02	2.75182229e-02	6.49974076e-01	3.08853044e-01	3.41121032e-01
329             	-1.61387410e-02	2.74811700e-02	6.50431993e-01	3.09077256e-01	3.41354738e-01
330             	-1.61438643e-02	2.74438318e-02	6.50887450e-01	3.09299861e-01	3.41587589e-01
331             	-1.61493276e-02	2.74062213e-02	6.51340583e-01	3.09520964e-01	3.41819619e-01
332             	-1.61551045e-02	2.73683584e-02	6.51791478e-01	3.09740635e-01	3.42050844e-01
333             	-1.61611911e-02	2.73302723e-02	6.52240073e-01	3.09958845e-01	3.42281228e-01
334             	-1.61675922e-02	2.72919990e-02	6.52686280e-01	3.10175548e-01	3.42510732e-01
335             	-1.61743324e-02	2.72535649e-02	6.53129907e-01	3.10390621e-01	3.42739286e-01
336             	-1.61814315e-02	2.72149967e-02	6.53570882e-01	3.10604010e-01	3.42966873e-01
337             	-1.61889140e-02	2.71763036e-02	6.54009204e-01	3.10815688e-01	3.43193516e-01
338             	-1.61968114e-02	2.71374895e-02	6.54444790e-01	3.11025584e-01	3.43419207e-01
339             	-1.62051467e-02	2.70985662e-02	6.54877511e-01	3.11233609e-01	3.43643902e-01
340             	-1.62139311e-02	2.70595522e-02	6.55307200e-01	3.11439669e-01	3.43867531e-01
341             	-1.62231778e-02	2.70204437e-02	6.55733792e-01	3.11643718e-01	3.44090074e-01
342             	-1.62328921e-02	2.69812283e-02	6.56157361e-01	3.11845788e-01	3.44311573e-01
343             	-1.62430676e-02	2.69418906e-02	6.56577993e-01	3.12045929e-01	3.44532064e-01
344             	-1.62536928e-02	2.69024142e-02	6.56995775e-01	3.12244195e-01	3.44751580e-01
345             	-1.62647502e-02	2.68627886e-02	6.57410706e-01	3.12440603e-01	3.44970103e-01
346             	-1.62752173e-02	2.68208320e-02	6.57864613e-01	3.12657089e-01	3.45207524e-01
347             	-1.62868786e-02	2.67822088e-02	6.58264301e-01	3.12845272e-01	3.45419029e-01
348             	-1.62990502e-02	2.67433624e-02	6.58657231e-01	3.13029565e-01	3.45627666e-01
349             	-1.63118426e-02	2.67039377e-02	6.59045396e-01	3.13210855e-01	3.45834540e-01
350             	-1.63253157e-02	2.66637367e-02	6.59431459e-01	3.13390414e-01	3.46041045e-01
351             	-1.63389884e-02	2.66202884e-02	6.59857407e-01	3.13589715e-01	3.46267692e-01
352             	-1.63533650e-02	2.65800857e-02	6.60237019e-01	3.13765145e-01	3.46471875e-01
353             	-1.63682094e-02	2.65395278e-02	6.60616117e-01	3.13939849e-01	3.46676268e-01
354             	-1.63834708e-02	2.64985672e-02	6.60996182e-01	3.14114620e-01	3.46881562e-01
355             	-1.63988447e-02	2.64547119e-02	6.61417129e-01	3.14309720e-01	3.47107409e-01
356             	-1.64142551e-02	2.64146311e-02	6.61792651e-01	3.14482070e-01	3.47310580e-01
357             	-1.64298052e-02	2.63745235e-02	6.62166794e-01	3.14653592e-01	3.47513202e-01
358             	-1.64455535e-02	2.63341910e-02	6.62540402e-01	3.14824647e-01	3.47715754e-01
359             	-1.64615254e-02	2.62909862e-02	6.62952156e-01	3.15014552e-01	3.47937603e-01
360             	-1.64774176e-02	2.62513950e-02	6.63318253e-01	3.15181709e-01	3.48136544e-01
361             	-1.64936346e-02	2.62115481e-02	6.63681987e-01	3.15347359e-01	3.48334628e-01
362             	-1.65102935e-02	2.61712402e-02	6.64044429e-01	3.15511921e-01	3.48532508e-01
363             	-1.65274683e-02	2.61303991e-02	6.64406780e-01	3.15675922e-01	3.48730858e-01
364             	-1.65451775e-02	2.60890770e-02	6.64769974e-01	3.15839810e-01	3.48930165e-01
365             	-1.65633837e-02	2.60474231e-02	6.65134281e-01	3.16003757e-01	3.49130524e-01
366             	-1.65819861e-02	2.60056291e-02	6.65499425e-01	3.16167726e-01	3.49331699e-01
367             	-1.66008594e-02	2.59638990e-02	6.65864256e-01	3.16331269e-01	3.49532988e-01
368             	-1.66198849e-02	2.59223726e-02	6.66227380e-01	3.16493805e-01	3.49733575e-01
369             	-1.66389771e-02	2.58811045e-02	6.66587403e-01	3.16654724e-01	3.49932678e-01
370             	-1.66580942e-02	2.58400863e-02	6.66942949e-01	3.16813380e-01	3.50129569e-01
371             	-1.66772553e-02	2.57992230e-02	6.67293411e-01	3.16969450e-01	3.50323961e-01
372             	-1.66965166e-02	2.57583942e-02	6.67638750e-01	3.17122858e-01	3.50515892e-01
373             	-1.67159512e-02	2.57174974e-02	6.67979376e-01	3.17273737e-01	3.50705639e-01
374             	-1.67356314e-02	2.56764622e-02	6.68316134e-01	3.17422435e-01	3.50893698e-01
375             	-1.67556094e-02	2.56352696e-02	6.68650034e-01	3.17569407e-01	3.51080626e-01
376             	-1.67759016e-02	2.55939583e-02	6.68981982e-01	3.17715089e-01	3.51266893e-01
377             	-1.67964904e-02	2.55525867e-02	6.69312945e-01	3.17859982e-01	3.51452963e-01
378             	-1.68173203e-02	2.55112462e-02	6.69643472e-01	3.18004416e-01	3.51639056e-01
379             	-1.68383120e-02	2.54700337e-02	6.69973696e-01	3.18148536e-01	3.51825160e-01
380             	-1.68593804e-02	2.54290144e-02	6.70303585e-01	3.18292412e-01	3.52011173e-01
381             	-1.68804014e-02	2.53882539e-02	6.70632876e-01	3.18436036e-01	3.52196839e-01
382             	-1.69012936e-02	2.53477748e-02	6.70961068e-01	3.18579240e-01	3.52381828e-01
383             	-1.69220225e-02	2.53075508e-02	6.71287674e-01	3.18721814e-01	3.52565860e-01
384             	-1.69425965e-02	2.52675175e-02	6.71612331e-01	3.18863569e-01	3.52748762e-01
385             	-1.69630518e-02	2.52276042e-02	6.71934722e-01	3.19004309e-01	3.52930413e-01
386             	-1.69834414e-02	2.51877432e-02	6.72254708e-01	3.19143912e-01	3.53110795e-01
387             	-1.70038276e-02	2.51478742e-02	6.72572361e-01	3.19282353e-01	3.53290008e-01
388             	-1.70242556e-02	2.51079961e-02	6.72887592e-01	3.19419541e-01	3.53468052e-01
389             	-1.70447703e-02	2.50681061e-02	6.73200547e-01	3.19555503e-01	3.53645044e-01
390             	-1.70654011e-02	2.50282216e-02	6.73511448e-01	3.19690323e-01	3.53821125e-01
391             	-1.70861593e-02	2.49883675e-02	6.73820565e-01	3.19824123e-01	3.53996442e-01
392             	-1.71070336e-02	2.49485858e-02	6.74128147e-01	3.19957040e-01	3.54171107e-01
393             	-1.71280005e-02	2.49089140e-02	6.74434442e-01	3.20089220e-01	3.54345221e-01
394             	-1.71490163e-02	2.48694051e-02	6.74739458e-01	3.20220713e-01	3.54518745e-01
395             	-1.71700356e-02	2.48300890e-02	6.75043260e-01	3.20351594e-01	3.54691666e-01
396             	-1.71910168e-02	2.47909732e-02	6.75345983e-01	3.20481974e-01	3.54864008e-01
397             	-1.72119217e-02	2.47520632e-02	6.75647640e-01	3.20611898e-01	3.55035742e-01
398             	-1.72327169e-02	2.47133619e-02	6.75948154e-01	3.20741360e-01	3.55206794e-01
399             	-1.72533760e-02	2.46748731e-02	6.76247317e-01	3.20870283e-01	3.55377035e-01
400             	-1.72738769e-02	2.46366117e-02	6.76544673e-01	3.20998460e-01	3.55546213e-01
401             	-1.72942263e-02	2.45985586e-02	6.76840056e-01	3.21125802e-01	3.55714255e-01
402             	-1.73144465e-02	2.45606827e-02	6.77133388e-01	3.21252247e-01	3.55881140e-01
403             	-1.73345710e-02	2.45229492e-02	6.77424740e-01	3.21377799e-01	3.56046941e-01
404             	-1.73546258e-02	2.44853446e-02	6.77714115e-01	3.21502432e-01	3.56211683e-01
405             	-1.73746303e-02	2.44478575e-02	6.78001655e-01	3.21626197e-01	3.56375458e-01
406             	-1.73945923e-02	2.44104920e-02	6.78287466e-01	3.21749141e-01	3.56538325e-01
407             	-1.74145125e-02	2.43732464e-02	6.78571720e-01	3.21871348e-01	3.56700373e-01
408             	-1.74343850e-02	2.43361274e-02	6.78854584e-01	3.21992907e-01	3.56861677e-01
409             	-1.74542106e-02	2.42991026e-02	6.79136617e-01	3.22114098e-01	3.57022519e-01
410             	-1.74739737e-02	2.42621654e-02	6.79418254e-01	3.22235153e-01	3.57183101e-01
411             	-1.74936316e-02	2.42253546e-02	6.79699432e-01	3.22356084e-01	3.57343347e-01
412             	-1.75131391e-02	2.41887094e-02	6.79979926e-01	3.22476824e-01	3.57503102e-01
413             	-1.75324620e-02	2.41522517e-02	6.80259504e-01	3.22597290e-01	3.57662214e-01
414             	-1.75515732e-02	2.41160009e-02	6.80537874e-01	3.22717364e-01	3.57820510e-01
415             	-1.75704564e-02	2.40799642e-02	6.80814729e-01	3.22836908e-01	3.57977821e-01
416             	-1.75890959e-02	2.40441745e-02	6.81089382e-01	3.22955595e-01	3.58133787e-01
417             	-1.76074947e-02	2.40086446e-02	6.81361349e-01	3.23073180e-01	3.58288169e-01
418             	-1.76257091e-02	2.39732787e-02	6.81631477e-01	3.23190029e-01	3.58441447e-01
419             	-1.76438245e-02	2.39379285e-02	6.81901570e-01	3.23306961e-01	3.58594610e-01
420             	-1.76618660e-02	2.39025991e-02	6.82172080e-01	3.23424174e-01	3.58747906e-01
421             	-1.76797993e-02	2.38674039e-02	6.82442238e-01	3.23541320e-01	3.58900918e-01
422             	-1.76975800e-02	2.38324505e-02	6.82711076e-01	3.23657958e-01	3.59053118e-01
423             	-1.77151836e-02	2.37977682e-02	6.82978153e-01	3.23773893e-01	3.59204260e-01
424             	-1.77325963e-02	2.37633398e-02	6.83243397e-01	3.23889102e-01	3.59354295e-01
425             	-1.77498088e-02	2.37291320e-02	6.83506945e-01	3.24003664e-01	3.59503281e-01
426             	-1.77668145e-02	2.36951103e-02	6.83769091e-01	3.24117731e-01	3.59651360e-01
427             	-1.77836085e-02	2.36612590e-02	6.84030094e-01	3.24231438e-01	3.59798655e-01
428             	-1.78001833e-02	2.36275789e-02	6.84290189e-01	3.24344911e-01	3.59945278e-01
429             	-1.78165259e-02	2.35940924e-02	6.84549467e-01	3.24458208e-01	3.60091260e-01
430             	-1.78326240e-02	2.35608275e-02	6.84807948e-01	3.24571350e-01	3.60236598e-01
431             	-1.78484755e-02	2.35277937e-02	6.85065726e-01	3.24684388e-01	3.60381338e-01
432             	-1.78640793e-02	2.34949892e-02	6.85323012e-01	3.24797427e-01	3.60525585e-01
433             	-1.78794324e-02	2.34624146e-02	6.85579935e-01	3.24910535e-01	3.60669400e-01
434             	-1.78945284e-02	2.34300835e-02	6.85836390e-01	3.25023667e-01	3.60812723e-01
435             	-1.79093628e-02	2.33980101e-02	6.86092138e-01	3.25136706e-01	3.60955432e-01
436             	-1.79239335e-02	2.33662025e-02	6.86346915e-01	3.25249524e-01	3.61097391e-01
437             	-1.79382516e-02	2.33346477e-02	6.86600625e-01	3.25362061e-01	3.61238564e-01
438             	-1.79523322e-02	2.33033251e-02	6.86853266e-01	3.25474301e-01	3.61378965e-01
439             	-1.79661930e-02	2.32722136e-02	6.87104871e-01	3.25586242e-01	3.61518628e-01
440             	-1.79798443e-02	2.32413019e-02	6.87355505e-01	3.25697908e-01	3.61657597e-01
441             	-1.79932865e-02	2.32105894e-02	6.87605191e-01	3.25809309e-01	3.61795882e-01
442             	-1.80065205e-02	2.31800659e-02	6.87854128e-01	3.25920543e-01	3.61933584e-01
443             	-1.80195378e-02	2.31497360e-02	6.88102440e-01	3.26031682e-01	3.62070758e-01
444             	-1.80323252e-02	2.31196146e-02	6.88350145e-01	3.26142747e-01	3.62207398e-01
445             	-1.80448693e-02	2.30897165e-02	6.88597191e-01	3.26253726e-01	3.62343465e-01
446             	-1.80571610e-02	2.30600512e-02	6.88843522e-01	3.26364600e-01	3.62478922e-01
447             	-1.80691936e-02	2.30306200e-02	6.89089097e-01	3.26475355e-01	3.62613742e-01
448             	-1.80809616e-02	2.30014232e-02	6.89333812e-01	3.26585945e-01	3.62747868e-01
449             	-1.80929110e-02	2.29706778e-02	6.89597836e-01	3.26706007e-01	3.62891829e-01
450             	-1.81038425e-02	2.29429212e-02	6.89834489e-01	3.26813402e-01	3.63021087e-01
451             	-1.81148740e-02	2.29136367e-02	6.90088410e-01	3.26929331e-01	3.63159079e-01
452             	-1.81250854e-02	2.28868258e-02	6.90316639e-01	3.27033234e-01	3.63283405e-01
453             	-1.81354654e-02	2.28582102e-02	6.90562035e-01	3.27145552e-01	3.63416483e-01
454             	-1.81452488e-02	2.28316571e-02	6.90784521e-01	3.27247012e-01	3.63537509e-01
455             	-1.81553236e-02	2.28030908e-02	6.91025862e-01	3.27357607e-01	3.63668254e-01
456             	-1.81652278e-02	2.27748770e-02	6.91265227e-01	3.27467386e-01	3.63797841e-01
457             	-1.81749501e-02	2.27470928e-02	6.91502713e-01	3.27576406e-01	3.63926307e-01
458             	-1.81842238e-02	2.27212854e-02	6.91720531e-01	3.27676042e-01	3.64044489e-01
459             	-1.81937029e-02	2.26935869e-02	6.91958459e-01	3.27785527e-01	3.64172933e-01
460             	-1.82029516e-02	2.26662172e-02	6.92196388e-01	3.27895242e-01	3.64301146e-01
461             	-1.82119034e-02	2.26392671e-02	6.92433807e-01	3.28005000e-01	3.64428807e-01
462             	-1.82205052e-02	2.26127627e-02	6.92670047e-01	3.28114518e-01	3.64555529e-01
463             	-1.82286392e-02	2.25881216e-02	6.92886522e-01	3.28214622e-01	3.64671900e-01
464             	-1.82366476e-02	2.25616547e-02	6.93122565e-01	3.28324635e-01	3.64797930e-01
465             	-1.82443344e-02	2.25353908e-02	6.93358248e-01	3.28434789e-01	3.64923458e-01
466             	-1.82516965e-02	2.25094087e-02	6.93593017e-01	3.28544812e-01	3.65048205e-01
467             	-1.82587447e-02	2.24837479e-02	6.93826121e-01	3.28654316e-01	3.65171805e-01
468             	-1.82655648e-02	2.24598580e-02	6.94038661e-01	3.28753766e-01	3.65284895e-01
469             	-1.82721414e-02	2.24330580e-02	6.94280748e-01	3.28868233e-01	3.65412515e-01
470             	-1.82784160e-02	2.24072974e-02	6.94515363e-01	3.28979265e-01	3.65536097e-01
471             	-1.82844578e-02	2.23824224e-02	6.94742677e-01	3.29086881e-01	3.65655796e-01
472             	-1.82903616e-02	2.23580702e-02	6.94964429e-01	3.29191853e-01	3.65772576e-01
473             	-1.82962023e-02	2.23338847e-02	6.95182938e-01	3.29295267e-01	3.65887671e-01
474             	-1.83020112e-02	2.23096430e-02	6.95400331e-01	3.29398154e-01	3.66002177e-01
475             	-1.83077650e-02	2.22852916e-02	6.95618135e-01	3.29501303e-01	3.66116833e-01
476             	-1.83133941e-02	2.22609149e-02	6.95837125e-01	3.29605168e-01	3.66231957e-01
477             	-1.83188042e-02	2.22366674e-02	6.96057394e-01	3.29709893e-01	3.66347501e-01
478             	-1.83239043e-02	2.22126979e-02	6.96278529e-01	3.29815360e-01	3.66463169e-01
479             	-1.83286277e-02	2.21891004e-02	6.96499926e-01	3.29921335e-01	3.66578591e-01
480             	-1.83329450e-02	2.21658937e-02	6.96720984e-01	3.30027547e-01	3.66693437e-01
481             	-1.83368640e-02	2.21430333e-02	6.96941257e-01	3.30133765e-01	3.66807493e-01
482             	-1.83404222e-02	2.21204394e-02	6.97160535e-01	3.30239845e-01	3.66920690e-01
483             	-1.83436752e-02	2.20980282e-02	6.97378783e-01	3.30345716e-01	3.67033067e-01
484             	-1.83466809e-02	2.20757376e-02	6.97596078e-01	3.30451358e-01	3.67144720e-01
485             	-1.83494879e-02	2.20535395e-02	6.97812538e-01	3.30556781e-01	3.67255757e-01
486             	-1.83521304e-02	2.20314368e-02	6.98028272e-01	3.30662005e-01	3.67366266e-01
487             	-1.83546243e-02	2.20094588e-02	6.98243361e-01	3.30767056e-01	3.67476305e-01
488             	-1.83569694e-02	2.19876450e-02	6.98457835e-01	3.30871948e-01	3.67585887e-01
489             	-1.83591530e-02	2.19660352e-02	6.98671688e-01	3.30976691e-01	3.67694997e-01
490             	-1.83611548e-02	2.19446595e-02	6.98884914e-01	3.31081302e-01	3.67803612e-01
491             	-1.83629527e-02	2.19235357e-02	6.99097511e-01	3.31185803e-01	3.67911708e-01
492             	-1.83645249e-02	2.19026697e-02	6.99309495e-01	3.31290222e-01	3.68019272e-01
493             	-1.83658527e-02	2.18820595e-02	6.99520896e-01	3.31394595e-01	3.68126301e-01
494             	-1.83669248e-02	2.18616982e-02	6.99731751e-01	3.31498950e-01	3.68232800e-01
495             	-1.83677388e-02	2.18415770e-02	6.99942085e-01	3.31603304e-01	3.68338781e-01
496             	-1.83682979e-02	2.18216872e-02	7.00151921e-01	3.31707663e-01	3.68444258e-01
497             	-1.83686097e-02	2.18020205e-02	7.00361289e-01	3.31812035e-01	3.68549254e-01
498             	-1.83686854e-02	2.17825711e-02	7.00570199e-01	3.31916414e-01	3.68653785e-01
499             	-1.83685383e-02	2.17633341e-02	7.00778644e-01	3.32020784e-01	3.68757860e-01
500             	-1.83681802e-02	2.17443087e-02	7.00986612e-01	3.32125126e-01	3.68861486e-01
501             	-1.83676231e-02	2.17254937e-02	7.01194068e-01	3.32229411e-01	3.68964657e-01
502             	-1.83668764e-02	2.17068883e-02	7.01400973e-01	3.32333610e-01	3.69067363e-01
503             	-1.83659487e-02	2.16884920e-02	7.01607293e-01	3.32437698e-01	3.69169595e-01
504             	-1.83648395e-02	2.16703052e-02	7.01813020e-01	3.32541670e-01	3.69271349e-01
505             	-1.83635462e-02	2.16523285e-02	7.02018164e-01	3.32645536e-01	3.69372628e-01
506             	-1.83620678e-02	2.16345612e-02	7.02222743e-01	3.32749304e-01	3.69473439e-01
507             	-1.83604043e-02	2.16170045e-02	7.02426760e-01	3.32852975e-01	3.69573784e-01
508             	-1.83585579e-02	2.15996552e-02	7.02630239e-01	3.32956562e-01	3.69673678e-01
509             	-1.83565304e-02	2.15825128e-02	7.02833193e-01	3.33060066e-01	3.69773127e-01
510             	-1.83543191e-02	2.15655727e-02	7.03035698e-01	3.33163530e-01	3.69872168e-01
511             	-1.83519190e-02	2.15488316e-02	7.03237836e-01	3.33266999e-01	3.69970837e-01
512             	-1.83493278e-02	2.15322908e-02	7.03439609e-01	3.33370477e-01	3.70069132e-01
513             	-1.83465451e-02	2.15159505e-02	7.03640987e-01	3.33473949e-01	3.70167039e-01
514             	-1.83435783e-02	2.14998109e-02	7.03841867e-01	3.33577355e-01	3.70264512e-01
515             	-1.83404525e-02	2.14838727e-02	7.04041983e-01	3.33680539e-01	3.70361444e-01
516             	-1.83372190e-02	2.14681386e-02	7.04240774e-01	3.33783168e-01	3.70457606e-01
517             	-1.83339568e-02	2.14525912e-02	7.04437585e-01	3.33884835e-01	3.70552749e-01
518             	-1.83307074e-02	2.14371814e-02	7.04632413e-01	3.33985499e-01	3.70646914e-01
519             	-1.83274351e-02	2.14218753e-02	7.04825960e-01	3.34085545e-01	3.70740415e-01
520             	-1.83241195e-02	2.14066654e-02	7.05018632e-01	3.34185196e-01	3.70833435e-01
521             	-1.83206825e-02	2.13915768e-02	7.05211161e-01	3.34284898e-01	3.70926263e-01
522             	-1.83170933e-02	2.13766381e-02	7.05403746e-01	3.34384780e-01	3.71018966e-01
523             	-1.83132961e-02	2.13618836e-02	7.05596677e-01	3.34485043e-01	3.71111635e-01
524             	-1.83092787e-02	2.13473328e-02	7.05789862e-01	3.34585652e-01	3.71204210e-01
525             	-1.83050499e-02	2.13329904e-02	7.05983038e-01	3.34686469e-01	3.71296569e-01
526             	-1.83006322e-02	2.13188531e-02	7.06175850e-01	3.34787293e-01	3.71388557e-01
527             	-1.82960849e-02	2.13049008e-02	7.06367670e-01	3.34887750e-01	3.71479920e-01
528             	-1.82914670e-02	2.12911245e-02	7.06557931e-01	3.34987498e-01	3.71570432e-01
529             	-1.82867648e-02	2.12774464e-02	7.06747288e-01	3.35086879e-01	3.71660409e-01
530             	-1.82818717e-02	2.12638463e-02	7.06937193e-01	3.35186725e-01	3.71750468e-01
531             	-1.82767887e-02	2.12503119e-02	7.07127856e-01	3.35287139e-01	3.71840716e-01
532             	-1.82715165e-02	2.12369336e-02	7.07318890e-01	3.35387929e-01	3.71930962e-01
533             	-1.82661127e-02	2.12237079e-02	7.07509669e-01	3.35488722e-01	3.72020947e-01
534             	-1.82605911e-02	2.12106782e-02	7.07699787e-01	3.35589302e-01	3.72110485e-01
535             	-1.82542479e-02	2.11975782e-02	7.07896959e-01	3.35694232e-01	3.72202728e-01
536             	-1.82493142e-02	2.11852610e-02	7.08075335e-01	3.35788353e-01	3.72286982e-01
537             	-1.82430574e-02	2.11723864e-02	7.08268649e-01	3.35891267e-01	3.72377382e-01
538             	-1.82373947e-02	2.11598867e-02	7.08453305e-01	3.35989258e-01	3.72464047e-01
539             	-1.82327500e-02	2.11478867e-02	7.08624326e-01	3.36079413e-01	3.72544913e-01
540             	-1.82268824e-02	2.11351284e-02	7.08810909e-01	3.36178572e-01	3.72632337e-01
541             	-1.82211537e-02	2.11226657e-02	7.08994225e-01	3.36275959e-01	3.72718266e-01
542             	-1.82154271e-02	2.11104730e-02	7.09175706e-01	3.36372426e-01	3.72803280e-01
543             	-1.82096110e-02	2.10985017e-02	7.09356389e-01	3.36468583e-01	3.72887805e-01
544             	-1.82036596e-02	2.10867122e-02	7.09536763e-01	3.36564722e-01	3.72972041e-01
545             	-1.81975499e-02	2.10750719e-02	7.09717166e-01	3.36661033e-01	3.73056133e-01
546             	-1.81912549e-02	2.10635552e-02	7.09897958e-01	3.36757724e-01	3.73140234e-01
547             	-1.81841081e-02	2.10520197e-02	7.10086353e-01	3.36859068e-01	3.73227284e-01
548             	-1.81775090e-02	2.10408888e-02	7.10266839e-01	3.36955911e-01	3.73310929e-01
549             	-1.81708708e-02	2.10298985e-02	7.10445766e-01	3.37052012e-01	3.73393754e-01
550             	-1.81642123e-02	2.10189711e-02	7.10623333e-01	3.37147454e-01	3.73475879e-01
551             	-1.81575257e-02	2.10080543e-02	7.10800110e-01	3.37242529e-01	3.73557581e-01
552             	-1.81508050e-02	2.09971461e-02	7.10976450e-01	3.37337420e-01	3.73639030e-01
553             	-1.81433708e-02	2.09861464e-02	7.11159656e-01	3.37436457e-01	3.73723199e-01
554             	-1.81366330e-02	2.09755123e-02	7.11334265e-01	3.37530499e-01	3.73803765e-01
555             	-1.81299072e-02	2.09649887e-02	7.11507644e-01	3.37623915e-01	3.73883729e-01
556             	-1.81231527e-02	2.09545357e-02	7.11680390e-01	3.37717042e-01	3.73963348e-01
557             	-1.81163278e-02	2.09441448e-02	7.11853003e-01	3.37810174e-01	3.74042829e-01
558             	-1.81093969e-02	2.09338336e-02	7.12025791e-01	3.37903499e-01	3.74122292e-01
559             	-1.81023365e-02	2.09236330e-02	7.12198846e-01	3.37997087e-01	3.74201760e-01
560             	-1.80951376e-02	2.09135721e-02	7.12372076e-01	3.38090900e-01	3.74281176e-01
561             	-1.80878055e-02	2.09036663e-02	7.12545269e-01	3.38184829e-01	3.74360440e-01
562             	-1.80803577e-02	2.08939138e-02	7.12718169e-01	3.38278727e-01	3.74439442e-01
563             	-1.80728209e-02	2.08842978e-02	7.12890521e-01	3.38372439e-01	3.74518081e-01
564             	-1.80652252e-02	2.08747937e-02	7.13062119e-01	3.38465834e-01	3.74596285e-01
565             	-1.80575986e-02	2.08653755e-02	7.13232834e-01	3.38558819e-01	3.74674016e-01
566             	-1.80499620e-02	2.08560227e-02	7.13402628e-01	3.38651352e-01	3.74751276e-01
567             	-1.80423289e-02	2.08467239e-02	7.13571526e-01	3.38743434e-01	3.74828092e-01
568             	-1.80347040e-02	2.08374761e-02	7.13739607e-01	3.38835100e-01	3.74904508e-01
569             	-1.80270855e-02	2.08282852e-02	7.13906961e-01	3.38926395e-01	3.74980566e-01
570             	-1.80194644e-02	2.08191626e-02	7.14073677e-01	3.39017374e-01	3.75056303e-01
571             	-1.80118277e-02	2.08101220e-02	7.14239840e-01	3.39108092e-01	3.75131748e-01
572             	-1.80041606e-02	2.08011751e-02	7.14405516e-01	3.39198598e-01	3.75206919e-01
573             	-1.79964469e-02	2.07923306e-02	7.14570770e-01	3.39288938e-01	3.75281832e-01
574             	-1.79886748e-02	2.07835923e-02	7.14735634e-01	3.39379142e-01	3.75356492e-01
575             	-1.79808393e-02	2.07749599e-02	7.14900103e-01	3.39469212e-01	3.75430891e-01
576             	-1.79729394e-02	2.07664290e-02	7.15064175e-01	3.39559148e-01	3.75505027e-01
577             	-1.79649788e-02	2.07579930e-02	7.15227826e-01	3.39648934e-01	3.75578892e-01
578             	-1.79569656e-02	2.07496448e-02	7.15391014e-01	3.39738541e-01	3.75652473e-01
579             	-1.79489105e-02	2.07413768e-02	7.15553692e-01	3.39827935e-01	3.75725756e-01
580             	-1.79408252e-02	2.07331821e-02	7.15715816e-01	3.39917083e-01	3.75798733e-01
581             	-1.79327206e-02	2.07250556e-02	7.15877343e-01	3.40005951e-01	3.75871392e-01
582             	-1.79246048e-02	2.07169935e-02	7.16038253e-01	3.40094522e-01	3.75943731e-01
583             	-1.79164821e-02	2.07089940e-02	7.16198556e-01	3.40182796e-01	3.76015760e-01
584             	-1.79083525e-02	2.07010573e-02	7.16358276e-01	3.40270785e-01	3.76087490e-01
585             	-1.79002125e-02	2.06931859e-02	7.16517449e-01	3.40358512e-01	3.76158937e-01
586             	-1.78920565e-02	2.06853836e-02	7.16676110e-01	3.40445999e-01	3.76230112e-01
587             	-1.78838773e-02	2.06776534e-02	7.16834300e-01	3.40533273e-01	3.76301027e-01
588             	-1.78756689e-02	2.06699983e-02	7.16992049e-01	3.40620356e-01	3.76371694e-01
589             	-1.78674284e-02	2.06624201e-02	7.17149366e-01	3.40707255e-01	3.76442112e-01
590             	-1.78591551e-02	2.06549195e-02	7.17306242e-01	3.40793966e-01	3.76512276e-01
591             	-1.78508504e-02	2.06474950e-02	7.17462662e-01	3.40880481e-01	3.76582182e-01
592             	-1.78425180e-02	2.06401439e-02	7.17618607e-01	3.40966785e-01	3.76651822e-01
593             	-1.78341625e-02	2.06328621e-02	7.17774060e-01	3.41052867e-01	3.76721192e-01
594             	-1.78257881e-02	2.06256461e-02	7.17929010e-01	3.41138717e-01	3.76790293e-01
595             	-1.78167404e-02	2.06184712e-02	7.18089503e-01	3.41228011e-01	3.76861492e-01
596             	-1.78085420e-02	2.06115042e-02	7.18241063e-01	3.41311989e-01	3.76929073e-01
597             	-1.77997379e-02	2.06045172e-02	7.18397734e-01	3.41399129e-01	3.76998605e-01
598             	-1.77918070e-02	2.05976128e-02	7.18545958e-01	3.41481172e-01	3.77064786e-01
599             	-1.77838911e-02	2.05906235e-02	7.18694134e-01	3.41563176e-01	3.77130958e-01
600             	-1.77752691e-02	2.05835519e-02	7.18848880e-01	3.41649171e-01	3.77199709e-01
601             	-1.77666927e-02	2.05766242e-02	7.19002466e-01	3.41734540e-01	3.77267926e-01
602             	-1.77587797e-02	2.05698808e-02	7.19148943e-01	3.41815692e-01	3.77333251e-01
603             	-1.77501249e-02	2.05631385e-02	7.19301673e-01	3.41900711e-01	3.77400961e-01
604             	-1.77414701e-02	2.05565389e-02	7.19453387e-01	3.41985223e-01	3.77468164e-01
605             	-1.77334465e-02	2.05500711e-02	7.19598367e-01	3.42065737e-01	3.77532630e-01
606             	-1.77246781e-02	2.05435608e-02	7.19749716e-01	3.42150180e-01	3.77599536e-01
607             	-1.77159156e-02	2.05371432e-02	7.19900294e-01	3.42234232e-01	3.77666063e-01
608             	-1.77072015e-02	2.05308142e-02	7.20049754e-01	3.42317675e-01	3.77732079e-01
609             	-1.76985585e-02	2.05245491e-02	7.20197998e-01	3.42400441e-01	3.77797558e-01
610             	-1.76906323e-02	2.05182914e-02	7.20339700e-01	3.42479218e-01	3.77860483e-01
611             	-1.76820393e-02	2.05119167e-02	7.20487706e-01	3.42561814e-01	3.77925892e-01
612             	-1.76734508e-02	2.05056006e-02	7.20635349e-01	3.42644224e-01	3.77991125e-01
613             	-1.76648717e-02	2.04993865e-02	7.20782303e-01	3.42726280e-01	3.78056023e-01
614             	-1.76563032e-02	2.04932819e-02	7.20928393e-01	3.42807893e-01	3.78120500e-01
615             	-1.76477428e-02	2.04872698e-02	7.21073606e-01	3.42889060e-01	3.78184546e-01
616             	-1.76391836e-02	2.04813242e-02	7.21218057e-01	3.42969845e-01	3.78248212e-01
617             	-1.76306174e-02	2.04754225e-02	7.21361926e-01	3.43050345e-01	3.78311580e-01
618             	-1.76220996e-02	2.04695164e-02	7.21505212e-01	3.43130507e-01	3.78374706e-01
619             	-1.76135974e-02	2.04636215e-02	7.21648117e-01	3.43210461e-01	3.78437656e-01
620             	-1.76050842e-02	2.04577589e-02	7.21790766e-01	3.43290299e-01	3.78500467e-01
621             	-1.75965432e-02	2.04519483e-02	7.21933204e-01	3.43370059e-01	3.78563145e-01
622             	-1.75879665e-02	2.04462030e-02	7.22075417e-01	3.43449742e-01	3.78625675e-01
623             	-1.75793539e-02	2.04405273e-02	7.22217363e-01	3.43529327e-01	3.78688035e-01
624             	-1.75707744e-02	2.04348820e-02	7.22358810e-01	3.43608631e-01	3.78750179e-01
625             	-1.75622059e-02	2.04292770e-02	7.22499789e-01	3.43687689e-01	3.78812100e-01
626             	-1.75536312e-02	2.04237184e-02	7.22640337e-01	3.43766537e-01	3.78873800e-01
627             	-1.75450382e-02	2.04182093e-02	7.22780490e-01	3.43845207e-01	3.78935283e-01
628             	-1.75364198e-02	2.04127504e-02	7.22920282e-01	3.43923721e-01	3.78996561e-01
629             	-1.75278396e-02	2.04073036e-02	7.23059559e-01	3.44001940e-01	3.79057619e-01
630             	-1.75192679e-02	2.04018858e-02	7.23198411e-01	3.44079937e-01	3.79118473e-01
631             	-1.75106834e-02	2.03965105e-02	7.23336908e-01	3.44157770e-01	3.79179137e-01
632             	-1.75020729e-02	2.03911863e-02	7.23475089e-01	3.44235472e-01	3.79239617e-01
633             	-1.74934315e-02	2.03859171e-02	7.23612971e-01	3.44313054e-01	3.79299917e-01
634             	-1.74848274e-02	2.03806644e-02	7.23750367e-01	3.44390356e-01	3.79360011e-01
635             	-1.74762344e-02	2.03754430e-02	7.23887342e-01	3.44467437e-01	3.79419905e-01
636             	-1.74676318e-02	2.03702634e-02	7.24023956e-01	3.44544346e-01	3.79479610e-01
637             	-1.74590058e-02	2.03651317e-02	7.24160251e-01	3.44621120e-01	3.79539131e-01
638             	-1.74504184e-02	2.03600117e-02	7.24296066e-01	3.44697615e-01	3.79598451e-01
639             	-1.74418370e-02	2.03549217e-02	7.24431490e-01	3.44773908e-01	3.79657582e-01
640             	-1.74332372e-02	2.03498754e-02	7.24566594e-01	3.44850060e-01	3.79716534e-01
641             	-1.74246062e-02	2.03448797e-02	7.24701416e-01	3.44926102e-01	3.79775314e-01
642             	-1.74160072e-02	2.03398978e-02	7.24835788e-01	3.45001887e-01	3.79833901e-01
643             	-1.74074076e-02	2.03349477e-02	7.24969801e-01	3.45077493e-01	3.79892308e-01
644             	-1.73987861e-02	2.03300407e-02	7.25103515e-01	3.45152972e-01	3.79950544e-01
645             	-1.73901317e-02	2.03251824e-02	7.25236955e-01	3.45228346e-01	3.80008609e-01
646             	-1.73815082e-02	2.03203345e-02	7.25369964e-01	3.45303474e-01	3.80066490e-01
647             	-1.73728840e-02	2.03155143e-02	7.25502621e-01	3.45378427e-01	3.80124195e-01
648             	-1.73642383e-02	2.03107336e-02	7.25634983e-01	3.45453253e-01	3.80181730e-01
649             	-1.73555593e-02	2.03059986e-02	7.25767082e-01	3.45527982e-01	3.80239101e-01
650             	-1.73469135e-02	2.03012716e-02	7.25898746e-01	3.45602459e-01	3.80296287e-01
651             	-1.73382696e-02	2.02965699e-02	7.26030063e-01	3.45676762e-01	3.80353301e-01
652             	-1.73296075e-02	2.02919050e-02	7.26161087e-01	3.45750936e-01	3.80410151e-01
653             	-1.73209149e-02	2.02872837e-02	7.26291861e-01	3.45825016e-01	3.80466846e-01
654             	-1.73127968e-02	2.02826513e-02	7.26417672e-01	3.45896039e-01	3.80521633e-01
655             	-1.73040275e-02	2.02779836e-02	7.26548920e-01	3.45970432e-01	3.80578487e-01
656             	-1.72951780e-02	2.02733890e-02	7.26680372e-01	3.46045008e-01	3.80635364e-01
657             	-1.72862715e-02	2.02688962e-02	7.26811628e-01	3.46119543e-01	3.80692086e-01
658             	-1.72774074e-02	2.02644605e-02	7.26942183e-01	3.46193684e-01	3.80748499e-01
659             	-1.72685816e-02	2.02600725e-02	7.27071915e-01	3.46267376e-01	3.80804539e-01
660             	-1.72603386e-02	2.02556889e-02	7.27196266e-01	3.46337795e-01	3.80858472e-01
661             	-1.72515423e-02	2.02512250e-02	7.27325372e-01	3.46411144e-01	3.80914228e-01
662             	-1.72427289e-02	2.02467768e-02	7.27454357e-01	3.46484450e-01	3.80969907e-01
663             	-1.72344515e-02	2.02423618e-02	7.27578416e-01	3.46554756e-01	3.81023659e-01
664             	-1.72254981e-02	2.02379640e-02	7.27707732e-01	3.46628368e-01	3.81079364e-01
665             	-1.72165422e-02	2.02336241e-02	7.27836821e-01	3.46701868e-01	3.81134952e-01
666             	-1.72081556e-02	2.02293411e-02	7.27960696e-01	3.46772192e-01	3.81188503e-01
667             	-1.71991241e-02	2.02250857e-02	7.28089486e-01	3.46845619e-01	3.81243867e-01
668             	-1.71901266e-02	2.02208703e-02	7.28217752e-01	3.46918749e-01	3.81299003e-01
669             	-1.71817282e-02	2.02166803e-02	7.28340632e-01	3.46988588e-01	3.81352044e-01
670             	-1.71727161e-02	2.02124918e-02	7.28468187e-01	3.47061377e-01	3.81406810e-01
671             	-1.71643177e-02	2.02082909e-02	7.28590555e-01	3.47130960e-01	3.81459595e-01
672             	-1.71552899e-02	2.02040874e-02	7.28717869e-01	3.47203644e-01	3.81514224e-01
673             	-1.71468052e-02	2.01999287e-02	7.28840230e-01	3.47273310e-01	3.81566920e-01
674             	-1.71377075e-02	2.01957768e-02	7.28967501e-01	3.47346043e-01	3.81621458e-01
675             	-1.71291774e-02	2.01916759e-02	7.29089671e-01	3.47415658e-01	3.81674013e-01
676             	-1.71199818e-02	2.01876264e-02	7.29216754e-01	3.47488395e-01	3.81728359e-01
677             	-1.71114067e-02	2.01835995e-02	7.29338515e-01	3.47557851e-01	3.81780664e-01
678             	-1.71022056e-02	2.01796021e-02	7.29464958e-01	3.47630273e-01	3.81834684e-01
679             	-1.70935790e-02	2.01756419e-02	7.29586199e-01	3.47699520e-01	3.81886678e-01
680             	-1.70849760e-02	2.01716450e-02	7.29707131e-01	3.47768590e-01	3.81938542e-01
681             	-1.70757032e-02	2.01676625e-02	7.29833218e-01	3.47840906e-01	3.81992312e-01
682             	-1.70670658e-02	2.01636881e-02	7.29954087e-01	3.47909978e-01	3.82044109e-01
683             	-1.70583999e-02	2.01597242e-02	7.30074864e-01	3.47979032e-01	3.82095832e-01
684             	-1.70490286e-02	2.01558211e-02	7.30200839e-01	3.48051391e-01	3.82149448e-01
685             	-1.70402855e-02	2.01519535e-02	7.30321493e-01	3.48120461e-01	3.82201032e-01
686             	-1.70315178e-02	2.01481109e-02	7.30441866e-01	3.48189415e-01	3.82252451e-01
687             	-1.70226734e-02	2.01442906e-02	7.30562341e-01	3.48258497e-01	3.82303844e-01
688             	-1.70137880e-02	2.01404600e-02	7.30683001e-01	3.48327712e-01	3.82355288e-01
689             	-1.70041850e-02	2.01366894e-02	7.30809000e-01	3.48400315e-01	3.82408685e-01
690             	-1.69952616e-02	2.01329469e-02	7.30929417e-01	3.48469447e-01	3.82459970e-01
691             	-1.69863516e-02	2.01292307e-02	7.31049272e-01	3.48538285e-01	3.82510988e-01
692             	-1.69774133e-02	2.01255311e-02	7.31168849e-01	3.48607011e-01	3.82561838e-01
693             	-1.69684821e-02	2.01218071e-02	7.31288242e-01	3.48675639e-01	3.82612603e-01
694             	-1.69595000e-02	2.01180863e-02	7.31407733e-01	3.48744366e-01	3.82663367e-01
695             	-1.69504338e-02	2.01143950e-02	7.31527466e-01	3.48813299e-01	3.82714167e-01
696             	-1.69413391e-02	2.01107146e-02	7.31647292e-01	3.48882307e-01	3.82764985e-01
697             	-1.69321846e-02	2.01070759e-02	7.31767224e-01	3.48951427e-01	3.82815797e-01
698             	-1.69230330e-02	2.01034533e-02	7.31887017e-01	3.49020475e-01	3.82866541e-01
699             	-1.69138524e-02	2.00998696e-02	7.32006659e-01	3.49089477e-01	3.82917182e-01
700             	-1.69046295e-02	2.00963323e-02	7.32126111e-01	3.49158426e-01	3.82967685e-01
701             	-1.68954332e-02	2.00927986e-02	7.32245148e-01	3.49227141e-01	3.83018007e-01
702             	-1.68862335e-02	2.00892810e-02	7.32363823e-01	3.49295678e-01	3.83068145e-01
703             	-1.68770858e-02	2.00857440e-02	7.32482009e-01	3.49363919e-01	3.83118091e-01
704             	-1.68679424e-02	2.00822123e-02	7.32599855e-01	3.49431985e-01	3.83167870e-01
705             	-1.68587691e-02	2.00787045e-02	7.32717493e-01	3.49499977e-01	3.83217515e-01
706             	-1.68496163e-02	2.00751916e-02	7.32834834e-01	3.49567801e-01	3.83267033e-01
707             	-1.68404342e-02	2.00717019e-02	7.32952051e-01	3.49635591e-01	3.83316460e-01
708             	-1.68312661e-02	2.00682115e-02	7.33069073e-01	3.49703270e-01	3.83365803e-01
709             	-1.68220596e-02	2.00647515e-02	7.33186041e-01	3.49770961e-01	3.83415080e-01
710             	-1.68127841e-02	2.00613404e-02	7.33303032e-01	3.49838732e-01	3.83464300e-01
711             	-1.68041988e-02	2.00579721e-02	7.33414316e-01	3.49902959e-01	3.83511357e-01
712             	-1.67951104e-02	2.00544917e-02	7.33529948e-01	3.49969864e-01	3.83560085e-01
713             	-1.67852315e-02	2.00510030e-02	7.33651902e-01	3.50040719e-01	3.83611182e-01
714             	-1.67753852e-02	2.00478301e-02	7.33771499e-01	3.50110364e-01	3.83661135e-01
715             	-1.67653649e-02	2.00446951e-02	7.33892042e-01	3.50180656e-01	3.83711386e-01
716             	-1.67555248e-02	2.00414834e-02	7.34011504e-01	3.50250227e-01	3.83761277e-01
717             	-1.67459800e-02	2.00383612e-02	7.34127515e-01	3.50317778e-01	3.83809737e-01
718             	-1.67366944e-02	2.00350536e-02	7.34242229e-01	3.50384420e-01	3.83857809e-01
719             	-1.67276795e-02	2.00317446e-02	7.34354181e-01	3.50449411e-01	3.83904770e-01
720             	-1.67187283e-02	2.00282428e-02	7.34466629e-01	3.50514586e-01	3.83952043e-01
721             	-1.67098752e-02	2.00247757e-02	7.34577890e-01	3.50579070e-01	3.83998820e-01
722             	-1.67008731e-02	2.00212914e-02	7.34690491e-01	3.50644372e-01	3.84046118e-01
723             	-1.66918511e-02	2.00178923e-02	7.34802942e-01	3.50709620e-01	3.84093322e-01
724             	-1.66826422e-02	2.00145815e-02	7.34916453e-01	3.50775585e-01	3.84140869e-01
725             	-1.66732135e-02	2.00113562e-02	7.35031368e-01	3.50842471e-01	3.84188898e-01
726             	-1.66635872e-02	2.00082366e-02	7.35147155e-01	3.50909990e-01	3.84237165e-01
727             	-1.66538167e-02	2.00051826e-02	7.35263610e-01	3.50977988e-01	3.84285622e-01
728             	-1.66439739e-02	2.00021872e-02	7.35379931e-01	3.51045992e-01	3.84333939e-01
729             	-1.66340448e-02	1.99992369e-02	7.35496137e-01	3.51114024e-01	3.84382113e-01
730             	-1.66242044e-02	1.99962532e-02	7.35611374e-01	3.51181483e-01	3.84429891e-01
731             	-1.66144086e-02	1.99932376e-02	7.35725926e-01	3.51248555e-01	3.84477372e-01
732             	-1.66047710e-02	1.99901401e-02	7.35839404e-01	3.51314931e-01	3.84524473e-01
733             	-1.65952064e-02	1.99869976e-02	7.35952291e-01	3.51380939e-01	3.84571352e-01
734             	-1.65857711e-02	1.99837957e-02	7.36064471e-01	3.51446465e-01	3.84618007e-01
735             	-1.65763601e-02	1.99805919e-02	7.36176421e-01	3.51511851e-01	3.84664571e-01
736             	-1.65669894e-02	1.99773825e-02	7.36288202e-01	3.51577112e-01	3.84711090e-01
737             	-1.65575657e-02	1.99742226e-02	7.36400111e-01	3.51642490e-01	3.84757621e-01
738             	-1.65480255e-02	1.99711427e-02	7.36512360e-01	3.51708155e-01	3.84804206e-01
739             	-1.65384155e-02	1.99681113e-02	7.36624837e-01	3.51774003e-01	3.84850834e-01
740             	-1.65287019e-02	1.99651441e-02	7.36737546e-01	3.51840071e-01	3.84897475e-01
741             	-1.65189531e-02	1.99621963e-02	7.36850279e-01	3.51906186e-01	3.84944092e-01
742             	-1.65091421e-02	1.99592797e-02	7.36963025e-01	3.51972370e-01	3.84990655e-01
743             	-1.64993416e-02	1.99563510e-02	7.37075567e-01	3.52038442e-01	3.85037125e-01
744             	-1.64895244e-02	1.99534289e-02	7.37187901e-01	3.52104426e-01	3.85083475e-01
745             	-1.64797719e-02	1.99504789e-02	7.37299713e-01	3.52170085e-01	3.85129629e-01
746             	-1.64699919e-02	1.99475303e-02	7.37411473e-01	3.52235745e-01	3.85175729e-01
747             	-1.64602418e-02	1.99445596e-02	7.37523026e-01	3.52301271e-01	3.85221755e-01
748             	-1.64504690e-02	1.99416036e-02	7.37634485e-01	3.52366774e-01	3.85267712e-01
749             	-1.64407200e-02	1.99386414e-02	7.37745740e-01	3.52432150e-01	3.85313590e-01
750             	-1.64309371e-02	1.99357084e-02	7.37856922e-01	3.52497524e-01	3.85359398e-01
751             	-1.64211833e-02	1.99327765e-02	7.37967797e-01	3.52562715e-01	3.85405082e-01
752             	-1.64113826e-02	1.99298770e-02	7.38078654e-01	3.52627944e-01	3.85450709e-01
753             	-1.64015829e-02	1.99269814e-02	7.38189386e-01	3.52693110e-01	3.85496276e-01
754             	-1.63917311e-02	1.99241184e-02	7.38300122e-01	3.52758330e-01	3.85541792e-01
755             	-1.63818800e-02	1.99212576e-02	7.38410737e-01	3.52823488e-01	3.85587248e-01
756             	-1.63719864e-02	1.99184250e-02	7.38521299e-01	3.52888663e-01	3.85632636e-01
757             	-1.63620993e-02	1.99155902e-02	7.38631721e-01	3.52953761e-01	3.85677960e-01
758             	-1.63521692e-02	1.99127806e-02	7.38742121e-01	3.53018891e-01	3.85723230e-01
759             	-1.63422520e-02	1.99099656e-02	7.38852361e-01	3.53083929e-01	3.85768433e-01
760             	-1.63322993e-02	1.99071728e-02	7.38962545e-01	3.53148973e-01	3.85813572e-01
761             	-1.63223780e-02	1.99043712e-02	7.39072450e-01	3.53213847e-01	3.85858603e-01
762             	-1.63124229e-02	1.99015894e-02	7.39182301e-01	3.53278728e-01	3.85903574e-01
763             	-1.63024873e-02	1.98987980e-02	7.39291968e-01	3.53343497e-01	3.85948471e-01
764             	-1.62925266e-02	1.98960264e-02	7.39401517e-01	3.53408232e-01	3.85993285e-01
765             	-1.62825795e-02	1.98932458e-02	7.39510923e-01	3.53472882e-01	3.86038041e-01
766             	-1.62725920e-02	1.98904866e-02	7.39620314e-01	3.53537565e-01	3.86082749e-01
767             	-1.62626146e-02	1.98877214e-02	7.39729570e-01	3.53602170e-01	3.86127400e-01
768             	-1.62525957e-02	1.98849798e-02	7.39838803e-01	3.53666806e-01	3.86171997e-01
769             	-1.62425870e-02	1.98822334e-02	7.39947889e-01	3.53731357e-01	3.86216532e-01
770             	-1.62325383e-02	1.98795107e-02	7.40056938e-01	3.53795931e-01	3.86261007e-01
771             	-1.62225041e-02	1.98767823e-02	7.40165815e-01	3.53860403e-01	3.86305412e-01
772             	-1.62124344e-02	1.98740758e-02	7.40274638e-01	3.53924884e-01	3.86349753e-01
773             	-1.62023829e-02	1.98713619e-02	7.40383278e-01	3.53989256e-01	3.86394022e-01
774             	-1.61922983e-02	1.98686690e-02	7.40491859e-01	3.54053631e-01	3.86438228e-01
775             	-1.61822315e-02	1.98659688e-02	7.40600268e-01	3.54117902e-01	3.86482365e-01
776             	-1.61721511e-02	1.98632865e-02	7.40708487e-01	3.54182092e-01	3.86526394e-01
777             	-1.61620816e-02	1.98605962e-02	7.40816594e-01	3.54246215e-01	3.86570378e-01
778             	-1.61519700e-02	1.98579279e-02	7.40924717e-01	3.54310389e-01	3.86614329e-01
779             	-1.61418653e-02	1.98552551e-02	7.41032748e-01	3.54374509e-01	3.86658239e-01
780             	-1.61317196e-02	1.98526062e-02	7.41140780e-01	3.54438670e-01	3.86702110e-01
781             	-1.61215851e-02	1.98499527e-02	7.41248680e-01	3.54502755e-01	3.86745925e-01
782             	-1.61114148e-02	1.98473218e-02	7.41356537e-01	3.54566854e-01	3.86789683e-01
783             	-1.61012612e-02	1.98446840e-02	7.41464219e-01	3.54630848e-01	3.86833371e-01
784             	-1.60910781e-02	1.98420646e-02	7.41571825e-01	3.54694834e-01	3.86876990e-01
785             	-1.60809174e-02	1.98394341e-02	7.41679234e-01	3.54758699e-01	3.86920534e-01
786             	-1.60707312e-02	1.98368190e-02	7.41786554e-01	3.54822546e-01	3.86964008e-01
787             	-1.60605683e-02	1.98341914e-02	7.41893685e-01	3.54886274e-01	3.87007411e-01
788             	-1.60503759e-02	1.98315799e-02	7.42000761e-01	3.54950005e-01	3.87050757e-01
789             	-1.60401998e-02	1.98289587e-02	7.42107698e-01	3.55013649e-01	3.87094049e-01
790             	-1.60299876e-02	1.98263571e-02	7.42214623e-01	3.55077324e-01	3.87137299e-01
791             	-1.60197884e-02	1.98237489e-02	7.42321424e-01	3.55140924e-01	3.87180500e-01
792             	-1.60095533e-02	1.98211620e-02	7.42428208e-01	3.55204551e-01	3.87223657e-01
793             	-1.59999595e-02	1.98186002e-02	7.42530347e-01	3.55265214e-01	3.87265133e-01
794             	-1.59896282e-02	1.98159342e-02	7.42637790e-01	3.55329267e-01	3.87308523e-01
795             	-1.59792099e-02	1.98132989e-02	7.42745808e-01	3.55393694e-01	3.87352114e-01
796             	-1.59687001e-02	1.98107452e-02	7.42854063e-01	3.55458331e-01	3.87395731e-01
797             	-1.59582320e-02	1.98082381e-02	7.42961787e-01	3.55522662e-01	3.87439126e-01
798             	-1.59477947e-02	1.98057751e-02	7.43068859e-01	3.55586635e-01	3.87482224e-01
799             	-1.59374520e-02	1.98032946e-02	7.43175157e-01	3.55650127e-01	3.87525031e-01
800             	-1.59277943e-02	1.98008266e-02	7.43276328e-01	3.55710370e-01	3.87565958e-01
801             	-1.59174499e-02	1.97981833e-02	7.43382795e-01	3.55773947e-01	3.87608847e-01
802             	-1.59070292e-02	1.97955574e-02	7.43489684e-01	3.55837813e-01	3.87651871e-01
803             	-1.58966268e-02	1.97929575e-02	7.43596432e-01	3.55901589e-01	3.87694843e-01
804             	-1.58862135e-02	1.97904201e-02	7.43702928e-01	3.55965250e-01	3.87737677e-01
805             	-1.58765235e-02	1.97879350e-02	7.43804142e-01	3.56025547e-01	3.87778594e-01
806             	-1.58660891e-02	1.97853579e-02	7.43910643e-01	3.56089233e-01	3.87821411e-01
807             	-1.58556418e-02	1.97828006e-02	7.44017174e-01	3.56152945e-01	3.87864229e-01
808             	-1.58451725e-02	1.97802973e-02	7.44123495e-01	3.56216575e-01	3.87906920e-01
809             	-1.58347522e-02	1.97778121e-02	7.44229326e-01	3.56279911e-01	3.87949415e-01
810             	-1.58250198e-02	1.97753781e-02	7.44329930e-01	3.56339945e-01	3.87989985e-01
811             	-1.58145608e-02	1.97728051e-02	7.44435956e-01	3.56403417e-01	3.88032539e-01
812             	-1.58040483e-02	1.97702645e-02	7.44542126e-01	3.56467015e-01	3.88075111e-01
813             	-1.57935737e-02	1.97677458e-02	7.44647949e-01	3.56530401e-01	3.88117548e-01
814             	-1.57837638e-02	1.97652995e-02	7.44748739e-01	3.56590606e-01	3.88158134e-01
815             	-1.57732306e-02	1.97627415e-02	7.44854862e-01	3.56654200e-01	3.88200662e-01
816             	-1.57626750e-02	1.97602346e-02	7.44960846e-01	3.56717748e-01	3.88243098e-01
817             	-1.57521892e-02	1.97577550e-02	7.45066217e-01	3.56780919e-01	3.88285298e-01
818             	-1.57424123e-02	1.97553398e-02	7.45166234e-01	3.56840705e-01	3.88325529e-01
819             	-1.57318814e-02	1.97528002e-02	7.45271835e-01	3.56904036e-01	3.88367799e-01
820             	-1.57213342e-02	1.97503000e-02	7.45377290e-01	3.56967311e-01	3.88409979e-01
821             	-1.57108572e-02	1.97478195e-02	7.45482162e-01	3.57030224e-01	3.88451938e-01
822             	-1.57010840e-02	1.97454017e-02	7.45581749e-01	3.57089791e-01	3.88491959e-01
823             	-1.56905410e-02	1.97428615e-02	7.45687037e-01	3.57152978e-01	3.88534059e-01
824             	-1.56799819e-02	1.97403661e-02	7.45792171e-01	3.57216104e-01	3.88576068e-01
825             	-1.56695038e-02	1.97378960e-02	7.45896633e-01	3.57278813e-01	3.88617820e-01
826             	-1.56597203e-02	1.97354909e-02	7.45995870e-01	3.57338215e-01	3.88657655e-01
827             	-1.56491577e-02	1.97329676e-02	7.46100827e-01	3.57401256e-01	3.88699571e-01
828             	-1.56385831e-02	1.97304898e-02	7.46205578e-01	3.57464206e-01	3.88741372e-01
829             	-1.56287443e-02	1.97280633e-02	7.46305043e-01	3.57523777e-01	3.88781266e-01
830             	-1.56180673e-02	1.97255634e-02	7.46410356e-01	3.57587111e-01	3.88823245e-01
831             	-1.56074559e-02	1.97230995e-02	7.46515086e-01	3.57650087e-01	3.88864999e-01
832             	-1.55975743e-02	1.97207158e-02	7.46614333e-01	3.57709592e-01	3.88904741e-01
833             	-1.55869149e-02	1.97182312e-02	7.46719196e-01	3.57772683e-01	3.88946513e-01
834             	-1.55762960e-02	1.97157964e-02	7.46823458e-01	3.57835433e-01	3.88988025e-01
835             	-1.55664607e-02	1.97134049e-02	7.46922122e-01	3.57894600e-01	3.89027522e-01
836             	-1.55557905e-02	1.97109273e-02	7.47026640e-01	3.57957530e-01	3.89069110e-01
837             	-1.55451976e-02	1.97084724e-02	7.47130549e-01	3.58020077e-01	3.89110472e-01
838             	-1.55353359e-02	1.97060891e-02	7.47229035e-01	3.58079182e-01	3.89149853e-01
839             	-1.55246711e-02	1.97036026e-02	7.47333341e-01	3.58142000e-01	3.89191342e-01
840             	-1.55140373e-02	1.97011712e-02	7.47437123e-01	3.58204524e-01	3.89232599e-01
841             	-1.55041813e-02	1.96987913e-02	7.47535353e-01	3.58263495e-01	3.89271858e-01
842             	-1.54934819e-02	1.96963354e-02	7.47639436e-01	3.58326236e-01	3.89313200e-01
843             	-1.54828677e-02	1.96939077e-02	7.47742824e-01	3.58388544e-01	3.89354279e-01
844             	-1.54729944e-02	1.96915506e-02	7.47840721e-01	3.58447366e-01	3.89393355e-01
845             	-1.54623199e-02	1.96890891e-02	7.47944389e-01	3.58509875e-01	3.89434515e-01
846             	-1.54516873e-02	1.96866768e-02	7.48047468e-01	3.58572047e-01	3.89475421e-01
847             	-1.54411841e-02	1.96842840e-02	7.48149540e-01	3.58633586e-01	3.89515954e-01
848             	-1.54314108e-02	1.96819399e-02	7.48246257e-01	3.58691717e-01	3.89554539e-01
849             	-1.54208185e-02	1.96794690e-02	7.48348956e-01	3.58753660e-01	3.89595297e-01
850             	-1.54102223e-02	1.96770365e-02	7.48451457e-01	3.58815506e-01	3.89635951e-01
851             	-1.53997106e-02	1.96746280e-02	7.48553292e-01	3.58876935e-01	3.89676356e-01
852             	-1.53898941e-02	1.96722822e-02	7.48650015e-01	3.58935114e-01	3.89714902e-01
853             	-1.53792436e-02	1.96698313e-02	7.48752735e-01	3.58997124e-01	3.89755611e-01
854             	-1.53685900e-02	1.96674344e-02	7.48855179e-01	3.59058999e-01	3.89796179e-01
855             	-1.53580347e-02	1.96650678e-02	7.48956804e-01	3.59120368e-01	3.89836437e-01
856             	-1.53482013e-02	1.96627586e-02	7.49053127e-01	3.59178362e-01	3.89874765e-01
857             	-1.53375387e-02	1.96603360e-02	7.49155392e-01	3.59240157e-01	3.89915234e-01
858             	-1.53268883e-02	1.96579540e-02	7.49257305e-01	3.59301764e-01	3.89955541e-01
859             	-1.53163446e-02	1.96555904e-02	7.49358388e-01	3.59362849e-01	3.89995539e-01
860             	-1.53058686e-02	1.96532535e-02	7.49458729e-01	3.59423496e-01	3.90035233e-01
861             	-1.52961384e-02	1.96509249e-02	7.49553912e-01	3.59480817e-01	3.90073094e-01
862             	-1.52855137e-02	1.96484888e-02	7.49655376e-01	3.59542174e-01	3.90113202e-01
863             	-1.52749004e-02	1.96460697e-02	7.49756758e-01	3.59603479e-01	3.90153280e-01
864             	-1.52643134e-02	1.96437073e-02	7.49857662e-01	3.59664518e-01	3.90193144e-01
865             	-1.52538204e-02	1.96413694e-02	7.49957802e-01	3.59725080e-01	3.90232721e-01
866             	-1.52433687e-02	1.96390581e-02	7.50057372e-01	3.59785317e-01	3.90272054e-01
867             	-1.52329889e-02	1.96367295e-02	7.50156421e-01	3.59845222e-01	3.90311199e-01
868             	-1.52226120e-02	1.96343943e-02	7.50255283e-01	3.59905030e-01	3.90350254e-01
869             	-1.52128726e-02	1.96320530e-02	7.50349850e-01	3.59962052e-01	3.90387798e-01
870             	-1.52022029e-02	1.96296154e-02	7.50450900e-01	3.60023247e-01	3.90427653e-01
871             	-1.51915053e-02	1.96272170e-02	7.50552097e-01	3.60084543e-01	3.90467554e-01
872             	-1.51808293e-02	1.96248989e-02	7.50652779e-01	3.60145560e-01	3.90507219e-01
873             	-1.51702676e-02	1.96226201e-02	7.50752489e-01	3.60205977e-01	3.90546512e-01
874             	-1.51597802e-02	1.96203691e-02	7.50851363e-01	3.60265901e-01	3.90585462e-01
875             	-1.51493942e-02	1.96180902e-02	7.50949508e-01	3.60325360e-01	3.90624148e-01
876             	-1.51390307e-02	1.96157877e-02	7.51047361e-01	3.60384650e-01	3.90662711e-01
877             	-1.51286917e-02	1.96134382e-02	7.51145160e-01	3.60443888e-01	3.90701272e-01
878             	-1.51183074e-02	1.96110785e-02	7.51243192e-01	3.60503288e-01	3.90739903e-01
879             	-1.51079032e-02	1.96087063e-02	7.51341440e-01	3.60562817e-01	3.90778623e-01
880             	-1.50974377e-02	1.96063630e-02	7.51439935e-01	3.60622530e-01	3.90817405e-01
881             	-1.50869608e-02	1.96040366e-02	7.51538470e-01	3.60682274e-01	3.90856196e-01
882             	-1.50764473e-02	1.96017506e-02	7.51636987e-01	3.60742046e-01	3.90894941e-01
883             	-1.50659523e-02	1.95994749e-02	7.51735288e-01	3.60801692e-01	3.90933596e-01
884             	-1.50554468e-02	1.95972209e-02	7.51833394e-01	3.60861250e-01	3.90972144e-01
885             	-1.50449765e-02	1.95949547e-02	7.51931214e-01	3.60920630e-01	3.91010583e-01
886             	-1.50345019e-02	1.95926912e-02	7.52028859e-01	3.60979928e-01	3.91048932e-01
887             	-1.50240593e-02	1.95904051e-02	7.52126304e-01	3.61039093e-01	3.91087211e-01
888             	-1.50136023e-02	1.95881206e-02	7.52223689e-01	3.61098242e-01	3.91125447e-01
889             	-1.50031636e-02	1.95858206e-02	7.52320984e-01	3.61157328e-01	3.91163656e-01
890             	-1.49926983e-02	1.95835337e-02	7.52418297e-01	3.61216450e-01	3.91201847e-01
891             	-1.49822423e-02	1.95812433e-02	7.52515553e-01	3.61275534e-01	3.91240019e-01
892             	-1.49717556e-02	1.95789750e-02	7.52612820e-01	3.61334654e-01	3.91278166e-01
893             	-1.49612793e-02	1.95767073e-02	7.52709992e-01	3.61393717e-01	3.91316275e-01
894             	-1.49507779e-02	1.95744608e-02	7.52807118e-01	3.61452781e-01	3.91354337e-01
895             	-1.49402932e-02	1.95722110e-02	7.52904098e-01	3.61511756e-01	3.91392342e-01
896             	-1.49297893e-02	1.95699767e-02	7.53000996e-01	3.61570709e-01	3.91430287e-01
897             	-1.49193067e-02	1.95677334e-02	7.53097728e-01	3.61629557e-01	3.91468171e-01
898             	-1.49088081e-02	1.95655013e-02	7.53194374e-01	3.61688379e-01	3.91505995e-01
899             	-1.48983314e-02	1.95632581e-02	7.53290866e-01	3.61747102e-01	3.91543764e-01
900             	-1.48878380e-02	1.95610259e-02	7.53387291e-01	3.61805808e-01	3.91581484e-01
901             	-1.48773650e-02	1.95587841e-02	7.53483581e-01	3.61864425e-01	3.91619155e-01
902             	-1.48668733e-02	1.95565557e-02	7.53579819e-01	3.61923036e-01	3.91656783e-01
903             	-1.48563990e-02	1.95543207e-02	7.53675936e-01	3.61981569e-01	3.91694367e-01
904             	-1.48459035e-02	1.95521014e-02	7.53772013e-01	3.62040103e-01	3.91731910e-01
905             	-1.48354240e-02	1.95498771e-02	7.53867971e-01	3.62098561e-01	3.91769409e-01
906             	-1.48249232e-02	1.95476689e-02	7.53963881e-01	3.62157018e-01	3.91806864e-01
907             	-1.48144388e-02	1.95454552e-02	7.54059665e-01	3.62215394e-01	3.91844272e-01
908             	-1.48039348e-02	1.95432565e-02	7.54155392e-01	3.62273761e-01	3.91881631e-01
909             	-1.47934489e-02	1.95410511e-02	7.54250980e-01	3.62332041e-01	3.91918939e-01
910             	-1.47830031e-02	1.95388262e-02	7.54346384e-01	3.62390189e-01	3.91956195e-01
911             	-1.47725512e-02	1.95366096e-02	7.54441696e-01	3.62448297e-01	3.91993399e-01
912             	-1.47621217e-02	1.95343856e-02	7.54536859e-01	3.62506308e-01	3.92030551e-01
913             	-1.47516695e-02	1.95321802e-02	7.54631963e-01	3.62564312e-01	3.92067651e-01
914             	-1.47412254e-02	1.95299755e-02	7.54726949e-01	3.62622249e-01	3.92104700e-01
915             	-1.47307490e-02	1.95277940e-02	7.54821900e-01	3.62680201e-01	3.92141699e-01
916             	-1.47202756e-02	1.95256148e-02	7.54916746e-01	3.62738098e-01	3.92178649e-01
917             	-1.47097696e-02	1.95234576e-02	7.55011565e-01	3.62796013e-01	3.92215552e-01
918             	-1.46992696e-02	1.95212995e-02	7.55106281e-01	3.62853871e-01	3.92252410e-01
919             	-1.46888015e-02	1.95191259e-02	7.55200843e-01	3.62911620e-01	3.92289223e-01
920             	-1.46783240e-02	1.95169624e-02	7.55295332e-01	3.62969342e-01	3.92325990e-01
921             	-1.46678696e-02	1.95147913e-02	7.55389680e-01	3.63026970e-01	3.92362710e-01
922             	-1.46573978e-02	1.95126366e-02	7.55483967e-01	3.63084586e-01	3.92399381e-01
923             	-1.46469415e-02	1.95104791e-02	7.55578125e-01	3.63142121e-01	3.92436004e-01
924             	-1.46364621e-02	1.95083405e-02	7.55672229e-01	3.63199653e-01	3.92472577e-01
925             	-1.46259946e-02	1.95062000e-02	7.55766209e-01	3.63257110e-01	3.92509099e-01
926             	-1.46155601e-02	1.95040447e-02	7.55860018e-01	3.63314449e-01	3.92545569e-01
927             	-1.46051133e-02	1.95019018e-02	7.55953750e-01	3.63371762e-01	3.92581988e-01
928             	-1.45946834e-02	1.94997544e-02	7.56047348e-01	3.63428990e-01	3.92618357e-01
929             	-1.45842280e-02	1.94976272e-02	7.56140899e-01	3.63486221e-01	3.92654677e-01
930             	-1.45737798e-02	1.94955008e-02	7.56234339e-01	3.63543390e-01	3.92690950e-01
931             	-1.45633013e-02	1.94933965e-02	7.56327746e-01	3.63600572e-01	3.92727174e-01
932             	-1.45528291e-02	1.94912925e-02	7.56421046e-01	3.63657694e-01	3.92763352e-01
933             	-1.45423869e-02	1.94891747e-02	7.56514190e-01	3.63714708e-01	3.92799482e-01
934             	-1.45319325e-02	1.94870690e-02	7.56607264e-01	3.63771699e-01	3.92835564e-01
935             	-1.45214982e-02	1.94849576e-02	7.56700200e-01	3.63828602e-01	3.92871598e-01
936             	-1.45111019e-02	1.94828305e-02	7.56792962e-01	3.63885379e-01	3.92907583e-01
937             	-1.45006941e-02	1.94807175e-02	7.56885646e-01	3.63942129e-01	3.92943517e-01
938             	-1.44903021e-02	1.94786031e-02	7.56978197e-01	3.63998797e-01	3.92979401e-01
939             	-1.44798809e-02	1.94765129e-02	7.57070704e-01	3.64055471e-01	3.93015233e-01
940             	-1.44694623e-02	1.94744272e-02	7.57163102e-01	3.64112089e-01	3.93051013e-01
941             	-1.44590079e-02	1.94723668e-02	7.57255471e-01	3.64168728e-01	3.93086744e-01
942             	-1.44485545e-02	1.94703093e-02	7.57347741e-01	3.64225316e-01	3.93122425e-01
943             	-1.44381271e-02	1.94682392e-02	7.57439864e-01	3.64281805e-01	3.93158059e-01
944             	-1.44276849e-02	1.94661817e-02	7.57531922e-01	3.64338276e-01	3.93193646e-01
945             	-1.44172620e-02	1.94641179e-02	7.57623850e-01	3.64394663e-01	3.93229187e-01
946             	-1.44068785e-02	1.94620371e-02	7.57715605e-01	3.64450924e-01	3.93264681e-01
947             	-1.43964869e-02	1.94599687e-02	7.57807279e-01	3.64507153e-01	3.93300127e-01
948             	-1.43861150e-02	1.94578972e-02	7.57898817e-01	3.64563293e-01	3.93335523e-01
949             	-1.43757185e-02	1.94558481e-02	7.57990304e-01	3.64619433e-01	3.93370870e-01
950             	-1.43653289e-02	1.94538020e-02	7.58081676e-01	3.64675509e-01	3.93406167e-01
951             	-1.43549657e-02	1.94517466e-02	7.58172894e-01	3.64731481e-01	3.93441413e-01
952             	-1.43445827e-02	1.94497090e-02	7.58264051e-01	3.64787443e-01	3.93476608e-01
953             	-1.43342111e-02	1.94476707e-02	7.58355085e-01	3.64843332e-01	3.93511754e-01
954             	-1.43238697e-02	1.94456205e-02	7.58445960e-01	3.64899110e-01	3.93546850e-01
955             	-1.43135111e-02	1.94435874e-02	7.58536768e-01	3.64954873e-01	3.93581895e-01
956             	-1.43031647e-02	1.94415541e-02	7.58627455e-01	3.65010563e-01	3.93616892e-01
957             	-1.42927882e-02	1.94395451e-02	7.58718103e-01	3.65066264e-01	3.93651840e-01
958             	-1.42824158e-02	1.94375394e-02	7.58808650e-01	3.65121909e-01	3.93686741e-01
959             	-1.42720710e-02	1.94355230e-02	7.58899045e-01	3.65177452e-01	3.93721594e-01
960             	-1.42617108e-02	1.94335218e-02	7.58989373e-01	3.65232976e-01	3.93756397e-01
961             	-1.42513684e-02	1.94315168e-02	7.59079570e-01	3.65288416e-01	3.93791153e-01
962             	-1.42410635e-02	1.94294967e-02	7.59169594e-01	3.65343733e-01	3.93825860e-01
963             	-1.42307483e-02	1.94274908e-02	7.59259538e-01	3.65399021e-01	3.93860517e-01
964             	-1.42204515e-02	1.94254823e-02	7.59349347e-01	3.65454222e-01	3.93895125e-01
965             	-1.42101294e-02	1.94234965e-02	7.59439107e-01	3.65509424e-01	3.93929683e-01
966             	-1.41998146e-02	1.94215132e-02	7.59528752e-01	3.65564562e-01	3.93964191e-01
967             	-1.41895277e-02	1.94195194e-02	7.59618243e-01	3.65619594e-01	3.93998649e-01
968             	-1.41792246e-02	1.94175413e-02	7.59707666e-01	3.65674609e-01	3.94033058e-01
969             	-1.41689377e-02	1.94155603e-02	7.59796958e-01	3.65729541e-01	3.94067417e-01
970             	-1.41586863e-02	1.94135650e-02	7.59886079e-01	3.65784353e-01	3.94101726e-01
971             	-1.41484234e-02	1.94115842e-02	7.59975122e-01	3.65839137e-01	3.94135984e-01
972             	-1.41381778e-02	1.94096011e-02	7.60064032e-01	3.65893838e-01	3.94170194e-01
973             	-1.41279657e-02	1.94076062e-02	7.60152777e-01	3.65948423e-01	3.94204354e-01
974             	-1.41177372e-02	1.94056295e-02	7.60241454e-01	3.66002990e-01	3.94238464e-01
975             	-1.41075200e-02	1.94036546e-02	7.60330011e-01	3.66057485e-01	3.94272525e-01
976             	-1.40973304e-02	1.94016713e-02	7.60418413e-01	3.66111876e-01	3.94306537e-01
977             	-1.40871199e-02	1.93997087e-02	7.60506757e-01	3.66166258e-01	3.94340498e-01
978             	-1.40769184e-02	1.93977489e-02	7.60594984e-01	3.66220574e-01	3.94374410e-01
979             	-1.40667441e-02	1.93957804e-02	7.60683058e-01	3.66274785e-01	3.94408273e-01
980             	-1.40565510e-02	1.93938312e-02	7.60771068e-01	3.66328983e-01	3.94442085e-01
981             	-1.40463702e-02	1.93918827e-02	7.60858953e-01	3.66383106e-01	3.94475847e-01
982             	-1.40362198e-02	1.93899236e-02	7.60946678e-01	3.66437119e-01	3.94509559e-01
983             	-1.40260527e-02	1.93879824e-02	7.61034337e-01	3.66491116e-01	3.94543221e-01
984             	-1.40158991e-02	1.93860413e-02	7.61121869e-01	3.66545035e-01	3.94576834e-01
985             	-1.40057770e-02	1.93840892e-02	7.61209241e-01	3.66598844e-01	3.94610398e-01
986             	-1.39956389e-02	1.93821549e-02	7.61296545e-01	3.66652634e-01	3.94643912e-01
987             	-1.39855149e-02	1.93802206e-02	7.61383722e-01	3.66706346e-01	3.94677376e-01
988             	-1.39754221e-02	1.93782758e-02	7.61470739e-01	3.66759947e-01	3.94710792e-01
989             	-1.39653132e-02	1.93763492e-02	7.61557686e-01	3.66813530e-01	3.94744156e-01
990             	-1.39552181e-02	1.93744231e-02	7.61644507e-01	3.66867035e-01	3.94777472e-01
991             	-1.39451552e-02	1.93724863e-02	7.61731160e-01	3.66920425e-01	3.94810735e-01
992             	-1.39350774e-02	1.93705677e-02	7.61817737e-01	3.66973791e-01	3.94843946e-01
993             	-1.39250142e-02	1.93686493e-02	7.61904183e-01	3.67027077e-01	3.94877106e-01
994             	-1.39149645e-02	1.93667216e-02	7.61990576e-01	3.67080323e-01	3.94910253e-01
995             	-1.39049050e-02	1.93648125e-02	7.62076858e-01	3.67133524e-01	3.94943334e-01
996             	-1.38948660e-02	1.93629033e-02	7.62162970e-01	3.67186619e-01	3.94976351e-01
997             	-1.38848641e-02	1.93609821e-02	7.62248884e-01	3.67239578e-01	3.95009306e-01
998             	-1.38748513e-02	1.93590771e-02	7.62334701e-01	3.67292499e-01	3.95042202e-01
999             	-1.38648561e-02	1.93571704e-02	7.62420377e-01	3.67345333e-01	3.95075045e-01
1000            	-1.38548937e-02	1.93552516e-02	7.62505891e-01	3.67398052e-01	3.95107839e-01
1001            	-1.38449154e-02	1.93533500e-02	7.62591346e-01	3.67450758e-01	3.95140589e-01
1002            	-1.38349502e-02	1.93514486e-02	7.62676688e-01	3.67503394e-01	3.95173294e-01
1003            	-1.38250146e-02	1.93495373e-02	7.62761884e-01	3.67555928e-01	3.95205957e-01
1004            	-1.38150616e-02	1.93476447e-02	7.62847026e-01	3.67608451e-01	3.95238574e-01
1005            	-1.38051209e-02	1.93457533e-02	7.62932052e-01	3.67660905e-01	3.95271147e-01
1006            	-1.37952102e-02	1.93438521e-02	7.63016922e-01	3.67713251e-01	3.95303671e-01
1007            	-1.37852845e-02	1.93419687e-02	7.63101720e-01	3.67765576e-01	3.95336145e-01
1008            	-1.37753745e-02	1.93400848e-02	7.63186383e-01	3.67817817e-01	3.95368566e-01
1009            	-1.37654983e-02	1.93381891e-02	7.63270871e-01	3.67869937e-01	3.95400934e-01
1010            	-1.37556109e-02	1.93363095e-02	7.63355271e-01	3.67922025e-01	3.95433246e-01
1011            	-1.37457421e-02	1.93344282e-02	7.63439526e-01	3.67974021e-01	3.95465505e-01
1012            	-1.37359085e-02	1.93325346e-02	7.63523605e-01	3.68025894e-01	3.95497711e-01
1013            	-1.37260642e-02	1.93306570e-02	7.63607601e-01	3.68077736e-01	3.95529865e-01
1014            	-1.37162374e-02	1.93287785e-02	7.63691461e-01	3.68129493e-01	3.95561968e-01
1015            	-1.37064438e-02	1.93268891e-02	7.63775157e-01	3.68181134e-01	3.95594022e-01
1016            	-1.36966376e-02	1.93250170e-02	7.63858778e-01	3.68232751e-01	3.95626026e-01
1017            	-1.36868470e-02	1.93231451e-02	7.63942271e-01	3.68284288e-01	3.95657982e-01
1018            	-1.36770882e-02	1.93212631e-02	7.64025603e-01	3.68335713e-01	3.95689890e-01
1019            	-1.36673165e-02	1.93193983e-02	7.64108860e-01	3.68387114e-01	3.95721747e-01
1020            	-1.36575604e-02	1.93175335e-02	7.64191988e-01	3.68438433e-01	3.95753554e-01
1021            	-1.36478363e-02	1.93156579e-02	7.64274951e-01	3.68489639e-01	3.95785312e-01
1022            	-1.36381007e-02	1.93137985e-02	7.64357834e-01	3.68540817e-01	3.95817018e-01
1023            	-1.36275921e-02	1.93120366e-02	7.64445253e-01	3.68595034e-01	3.95850218e-01
1024            	-1.36181994e-02	1.93102010e-02	7.64525887e-01	3.68644744e-01	3.95881143e-01
1025            	-1.36088195e-02	1.93083377e-02	7.64606364e-01	3.68694363e-01	3.95912001e-01
1026            	-1.35986888e-02	1.93065122e-02	7.64691413e-01	3.68747018e-01	3.95944395e-01
1027            	-1.35895459e-02	1.93045921e-02	7.64770546e-01	3.68795727e-01	3.95974819e-01
1028            	-1.35796065e-02	1.93027253e-02	7.64854468e-01	3.68847627e-01	3.96006840e-01
1029            	-1.35698260e-02	1.93008725e-02	7.64937381e-01	3.68898865e-01	3.96038517e-01
1030            	-1.35602016e-02	1.92990192e-02	7.65019350e-01	3.68949473e-01	3.96069876e-01
1031            	-1.35513838e-02	1.92970971e-02	7.65096269e-01	3.68996750e-01	3.96099518e-01
1032            	-1.35417592e-02	1.92951889e-02	7.65178223e-01	3.69047352e-01	3.96130871e-01
1033            	-1.35321817e-02	1.92932818e-02	7.65259939e-01	3.69097788e-01	3.96162151e-01
1034            	-1.35225880e-02	1.92914190e-02	7.65341560e-01	3.69148192e-01	3.96193368e-01
1035            	-1.35130038e-02	1.92895844e-02	7.65423020e-01	3.69198506e-01	3.96224514e-01
1036            	-1.35034512e-02	1.92877588e-02	7.65504250e-01	3.69248674e-01	3.96255576e-01
1037            	-1.34938932e-02	1.92859572e-02	7.65585301e-01	3.69298758e-01	3.96286544e-01
1038            	-1.34843674e-02	1.92841497e-02	7.65666097e-01	3.69348681e-01	3.96317416e-01
1039            	-1.34748942e-02	1.92823175e-02	7.65746612e-01	3.69398412e-01	3.96348200e-01
1040            	-1.34654263e-02	1.92804851e-02	7.65826974e-01	3.69448061e-01	3.96378914e-01
1041            	-1.34559864e-02	1.92786376e-02	7.65907183e-01	3.69497605e-01	3.96409578e-01
1042            	-1.34465817e-02	1.92767705e-02	7.65987263e-01	3.69547050e-01	3.96440213e-01
1043            	-1.34371596e-02	1.92749177e-02	7.66067340e-01	3.69596511e-01	3.96470830e-01
1044            	-1.34277437e-02	1.92730683e-02	7.66147373e-01	3.69645943e-01	3.96501430e-01
1045            	-1.34183482e-02	1.92712162e-02	7.66227322e-01	3.69695313e-01	3.96532009e-01
1046            	-1.34089309e-02	1.92693895e-02	7.66307244e-01	3.69744691e-01	3.96562553e-01
1047            	-1.33995248e-02	1.92675698e-02	7.66387047e-01	3.69793999e-01	3.96593048e-01
1048            	-1.33901513e-02	1.92657440e-02	7.66466663e-01	3.69843180e-01	3.96623483e-01
1049            	-1.33807724e-02	1.92639348e-02	7.66546150e-01	3.69892303e-01	3.96653847e-01
1050            	-1.33714199e-02	1.92621220e-02	7.66625439e-01	3.69941300e-01	3.96684140e-01
1051            	-1.33621113e-02	1.92602937e-02	7.66704501e-01	3.69990139e-01	3.96714362e-01
1052            	-1.33528035e-02	1.92584754e-02	7.66783428e-01	3.70038911e-01	3.96744518e-01
1053            	-1.33435223e-02	1.92566513e-02	7.66862186e-01	3.70087571e-01	3.96774615e-01
1054            	-1.33342799e-02	1.92548133e-02	7.66940765e-01	3.70136103e-01	3.96804662e-01
1055            	-1.33250311e-02	1.92529896e-02	7.67019263e-01	3.70184601e-01	3.96834663e-01
1056            	-1.33158000e-02	1.92511658e-02	7.67097642e-01	3.70233021e-01	3.96864621e-01
1057            	-1.33065996e-02	1.92493337e-02	7.67175876e-01	3.70281338e-01	3.96894537e-01
1058            	-1.32973871e-02	1.92475197e-02	7.67254046e-01	3.70329636e-01	3.96924410e-01
1059            	-1.32881893e-02	1.92457078e-02	7.67332096e-01	3.70377859e-01	3.96954237e-01
1060            	-1.32790220e-02	1.92438874e-02	7.67409989e-01	3.70425973e-01	3.96984017e-01
1061            	-1.32698457e-02	1.92420832e-02	7.67487794e-01	3.70474051e-01	3.97013743e-01
1062            	-1.32606887e-02	1.92402780e-02	7.67565450e-01	3.70522036e-01	3.97043414e-01
1063            	-1.32510334e-02	1.92384989e-02	7.67646026e-01	3.70571980e-01	3.97074047e-01
1064            	-1.32420934e-02	1.92367305e-02	7.67722164e-01	3.70618989e-01	3.97103175e-01
1065            	-1.32332068e-02	1.92349257e-02	7.67798002e-01	3.70665794e-01	3.97132208e-01
1066            	-1.32243340e-02	1.92330717e-02	7.67873891e-01	3.70712611e-01	3.97161279e-01
1067            	-1.32154519e-02	1.92311778e-02	7.67950018e-01	3.70759557e-01	3.97190461e-01
1068            	-1.32065013e-02	1.92292966e-02	7.68026514e-01	3.70806756e-01	3.97219758e-01
1069            	-1.31969849e-02	1.92274720e-02	7.68106299e-01	3.70856164e-01	3.97250134e-01
1070            	-1.31881486e-02	1.92256725e-02	7.68181954e-01	3.70902828e-01	3.97279126e-01
1071            	-1.31793048e-02	1.92238911e-02	7.68257450e-01	3.70949420e-01	3.97308030e-01
1072            	-1.31704444e-02	1.92220984e-02	7.68332984e-01	3.70996048e-01	3.97336936e-01
1073            	-1.31610463e-02	1.92203201e-02	7.68411672e-01	3.71044790e-01	3.97366882e-01
1074            	-1.31522747e-02	1.92185529e-02	7.68486442e-01	3.71090946e-01	3.97395496e-01
1075            	-1.31435101e-02	1.92167582e-02	7.68561168e-01	3.71137074e-01	3.97424094e-01
1076            	-1.31342197e-02	1.92149631e-02	7.68639058e-01	3.71185309e-01	3.97453749e-01
1077            	-1.31255880e-02	1.92131434e-02	7.68713118e-01	3.71230971e-01	3.97482147e-01
1078            	-1.31169336e-02	1.92113109e-02	7.68787286e-01	3.71276709e-01	3.97510577e-01
1079            	-1.31077344e-02	1.92094944e-02	7.68864712e-01	3.71324622e-01	3.97540091e-01
1080            	-1.30991557e-02	1.92076749e-02	7.68938465e-01	3.71370077e-01	3.97568388e-01
1081            	-1.30900324e-02	1.92058938e-02	7.69015294e-01	3.71417615e-01	3.97597679e-01
1082            	-1.30815093e-02	1.92041106e-02	7.69088476e-01	3.71462729e-01	3.97625747e-01
1083            	-1.30724789e-02	1.92023261e-02	7.69164677e-01	3.71509859e-01	3.97654817e-01
1084            	-1.30640500e-02	1.92005130e-02	7.69237342e-01	3.71554621e-01	3.97682721e-01
1085            	-1.30550730e-02	1.91987137e-02	7.69313169e-01	3.71601511e-01	3.97711657e-01
1086            	-1.30466546e-02	1.91969031e-02	7.69385647e-01	3.71646169e-01	3.97739478e-01
1087            	-1.30377147e-02	1.91950917e-02	7.69461264e-01	3.71692917e-01	3.97768347e-01
1088            	-1.30292925e-02	1.91932960e-02	7.69533645e-01	3.71737530e-01	3.97796115e-01
1089            	-1.30203324e-02	1.91915177e-02	7.69609167e-01	3.71784251e-01	3.97824916e-01
1090            	-1.30119318e-02	1.91897305e-02	7.69681364e-01	3.71828750e-01	3.97852614e-01
1091            	-1.30030303e-02	1.91879416e-02	7.69756594e-01	3.71875267e-01	3.97881327e-01
1092            	-1.29941824e-02	1.91861936e-02	7.69831325e-01	3.71921480e-01	3.97909845e-01
1093            	-1.29859178e-02	1.91844257e-02	7.69902557e-01	3.71965361e-01	3.97937196e-01
1094            	-1.29771711e-02	1.91826354e-02	7.69976723e-01	3.72011190e-01	3.97965532e-01
1095            	-1.29689765e-02	1.91808080e-02	7.70047701e-01	3.72054874e-01	3.97992827e-01
1096            	-1.29602322e-02	1.91789932e-02	7.70121883e-01	3.72100709e-01	3.98021174e-01
1097            	-1.29519975e-02	1.91771785e-02	7.70193008e-01	3.72144507e-01	3.98048502e-01
1098            	-1.29432409e-02	1.91753766e-02	7.70267243e-01	3.72190380e-01	3.98076862e-01
1099            	-1.29345011e-02	1.91736364e-02	7.70341122e-01	3.72236060e-01	3.98105062e-01
1100            	-1.29263115e-02	1.91718945e-02	7.70411628e-01	3.72279502e-01	3.98132125e-01
1101            	-1.29176357e-02	1.91701434e-02	7.70485015e-01	3.72324872e-01	3.98160143e-01
1102            	-1.29090411e-02	1.91683871e-02	7.70557944e-01	3.72369931e-01	3.98188013e-01
1103            	-1.29009616e-02	1.91666166e-02	7.70627714e-01	3.72412896e-01	3.98214819e-01
1104            	-1.28923947e-02	1.91648281e-02	7.70700430e-01	3.72457820e-01	3.98242610e-01
1105            	-1.28843388e-02	1.91630135e-02	7.70770188e-01	3.72500755e-01	3.98269433e-01
1106            	-1.28757833e-02	1.91611896e-02	7.70843036e-01	3.72545735e-01	3.98297302e-01
1107            	-1.28672382e-02	1.91594186e-02	7.70915656e-01	3.72590590e-01	3.98325066e-01
1108            	-1.28592184e-02	1.91576517e-02	7.70985084e-01	3.72633324e-01	3.98351760e-01
1109            	-1.28507176e-02	1.91558837e-02	7.71057373e-01	3.72677969e-01	3.98379404e-01
1110            	-1.28422833e-02	1.91541240e-02	7.71129254e-01	3.72722344e-01	3.98406910e-01
1111            	-1.28343429e-02	1.91523634e-02	7.71198040e-01	3.72764677e-01	3.98433363e-01
1112            	-1.28259175e-02	1.91505931e-02	7.71269694e-01	3.72808930e-01	3.98460765e-01
1113            	-1.28175372e-02	1.91488288e-02	7.71341062e-01	3.72852994e-01	3.98488068e-01
1114            	-1.28096778e-02	1.91470364e-02	7.71409382e-01	3.72895013e-01	3.98514369e-01
1115            	-1.28013105e-02	1.91452536e-02	7.71480639e-01	3.72939009e-01	3.98541630e-01
1116            	-1.27929700e-02	1.91434946e-02	7.71551674e-01	3.72982867e-01	3.98568807e-01
1117            	-1.27851358e-02	1.91417212e-02	7.71619707e-01	3.73024718e-01	3.98594989e-01
1118            	-1.27768402e-02	1.91399338e-02	7.71690565e-01	3.73068442e-01	3.98622123e-01
1119            	-1.27685495e-02	1.91381860e-02	7.71761227e-01	3.73112064e-01	3.98649163e-01
1120            	-1.27603121e-02	1.91364584e-02	7.71831483e-01	3.73155429e-01	3.98676054e-01
1121            	-1.27525853e-02	1.91347023e-02	7.71898714e-01	3.73196772e-01	3.98701942e-01
1122            	-1.27444271e-02	1.91329125e-02	7.71968615e-01	3.73239880e-01	3.98728734e-01
1123            	-1.27362637e-02	1.91311478e-02	7.72038412e-01	3.73282942e-01	3.98755470e-01
1124            	-1.27285701e-02	1.91293711e-02	7.72105396e-01	3.73324128e-01	3.98781268e-01
1125            	-1.27204003e-02	1.91275858e-02	7.72175256e-01	3.73367227e-01	3.98808028e-01
1126            	-1.27122630e-02	1.91258162e-02	7.72244935e-01	3.73410205e-01	3.98834731e-01
1127            	-1.27041424e-02	1.91240899e-02	7.72314318e-01	3.73453017e-01	3.98861301e-01
1128            	-1.26965074e-02	1.91223523e-02	7.72380757e-01	3.73493871e-01	3.98886886e-01
1129            	-1.26884357e-02	1.91205928e-02	7.72449830e-01	3.73536479e-01	3.98913351e-01
1130            	-1.26804047e-02	1.91188302e-02	7.72518701e-01	3.73578946e-01	3.98939755e-01
1131            	-1.26723899e-02	1.91170948e-02	7.72587320e-01	3.73621270e-01	3.98966050e-01
1132            	-1.26648494e-02	1.91153407e-02	7.72653099e-01	3.73661700e-01	3.98991399e-01
1133            	-1.26568709e-02	1.91135632e-02	7.72721550e-01	3.73703904e-01	3.99017646e-01
1134            	-1.26489226e-02	1.91117883e-02	7.72789869e-01	3.73746012e-01	3.99043857e-01
1135            	-1.26409816e-02	1.91100493e-02	7.72857984e-01	3.73788010e-01	3.99069973e-01
1136            	-1.26335045e-02	1.91083002e-02	7.72923302e-01	3.73828146e-01	3.99095155e-01
1137            	-1.26255910e-02	1.91065330e-02	7.72991261e-01	3.73870039e-01	3.99121221e-01
1138            	-1.26177057e-02	1.91047706e-02	7.73059082e-01	3.73911835e-01	3.99147247e-01
1139            	-1.26098277e-02	1.91030431e-02	7.73126686e-01	3.73953515e-01	3.99173171e-01
1140            	-1.26024129e-02	1.91013028e-02	7.73191492e-01	3.73993333e-01	3.99198159e-01
1141            	-1.25945667e-02	1.90995414e-02	7.73258912e-01	3.74034890e-01	3.99224023e-01
1142            	-1.25867503e-02	1.90977820e-02	7.73326190e-01	3.74076345e-01	3.99249845e-01
1143            	-1.25789428e-02	1.90960557e-02	7.73393251e-01	3.74117683e-01	3.99275568e-01
1144            	-1.25711810e-02	1.90943417e-02	7.73459966e-01	3.74158802e-01	3.99301164e-01
1145            	-1.25639076e-02	1.90925948e-02	7.73523800e-01	3.74197992e-01	3.99325808e-01
1146            	-1.25562220e-02	1.90908086e-02	7.73590217e-01	3.74238887e-01	3.99351331e-01
1147            	-1.25485091e-02	1.90890485e-02	7.73656685e-01	3.74279833e-01	3.99376852e-01
1148            	-1.25408185e-02	1.90873088e-02	7.73722965e-01	3.74320664e-01	3.99402301e-01
1149            	-1.25335784e-02	1.90855553e-02	7.73786571e-01	3.74359707e-01	3.99426864e-01
1150            	-1.25259187e-02	1.90837815e-02	7.73852761e-01	3.74400462e-01	3.99452299e-01
1151            	-1.25182375e-02	1.90820463e-02	7.73918923e-01	3.74441224e-01	3.99477699e-01
1152            	-1.25105814e-02	1.90803352e-02	7.73984842e-01	3.74481840e-01	3.99503002e-01
1153            	-1.25033878e-02	1.90786056e-02	7.74047996e-01	3.74520610e-01	3.99527386e-01
1154            	-1.24957878e-02	1.90768469e-02	7.74113656e-01	3.74561040e-01	3.99552616e-01
1155            	-1.24881795e-02	1.90751154e-02	7.74179226e-01	3.74601434e-01	3.99577793e-01
1156            	-1.24806061e-02	1.90733988e-02	7.74244522e-01	3.74641655e-01	3.99602867e-01
1157            	-1.24734979e-02	1.90716591e-02	7.74307062e-01	3.74680033e-01	3.99627029e-01
1158            	-1.24659897e-02	1.90698883e-02	7.74372091e-01	3.74720056e-01	3.99652035e-01
1159            	-1.24584731e-02	1.90681467e-02	7.74437046e-01	3.74760050e-01	3.99676996e-01
1160            	-1.24509883e-02	1.90664240e-02	7.74501749e-01	3.74799886e-01	3.99701863e-01
1161            	-1.24439598e-02	1.90646835e-02	7.74563740e-01	3.74837910e-01	3.99725830e-01
1162            	-1.24365299e-02	1.90629159e-02	7.74628223e-01	3.74877581e-01	3.99750641e-01
1163            	-1.24290870e-02	1.90611800e-02	7.74692648e-01	3.74917237e-01	3.99775411e-01
1164            	-1.24216719e-02	1.90594642e-02	7.74756834e-01	3.74956745e-01	3.99800089e-01
1165            	-1.24147075e-02	1.90577309e-02	7.74818333e-01	3.74994459e-01	3.99823874e-01
1166            	-1.24073438e-02	1.90559697e-02	7.74882307e-01	3.75033810e-01	3.99848497e-01
1167            	-1.23999681e-02	1.90542384e-02	7.74946217e-01	3.75073140e-01	3.99873077e-01
1168            	-1.23926218e-02	1.90525255e-02	7.75009882e-01	3.75112319e-01	3.99897563e-01
1169            	-1.23857255e-02	1.90507940e-02	7.75070865e-01	3.75149707e-01	3.99921158e-01
1170            	-1.23784352e-02	1.90490330e-02	7.75134297e-01	3.75188713e-01	3.99945584e-01
1171            	-1.23711354e-02	1.90473010e-02	7.75197659e-01	3.75227694e-01	3.99969965e-01
1172            	-1.23638660e-02	1.90455871e-02	7.75260773e-01	3.75266520e-01	3.99994253e-01
1173            	-1.23570436e-02	1.90438554e-02	7.75321225e-01	3.75303569e-01	4.00017656e-01
1174            	-1.23498303e-02	1.90420949e-02	7.75384110e-01	3.75342225e-01	4.00041885e-01
1175            	-1.23426070e-02	1.90403639e-02	7.75446927e-01	3.75380857e-01	4.00066071e-01
1176            	-1.23354132e-02	1.90386516e-02	7.75509502e-01	3.75419338e-01	4.00090164e-01
1177            	-1.23286621e-02	1.90369226e-02	7.75569436e-01	3.75456056e-01	4.00113380e-01
1178            	-1.23215224e-02	1.90351650e-02	7.75631787e-01	3.75494371e-01	4.00137416e-01
1179            	-1.23143725e-02	1.90334367e-02	7.75694074e-01	3.75532664e-01	4.00161409e-01
1180            	-1.23072515e-02	1.90317269e-02	7.75756121e-01	3.75570809e-01	4.00185312e-01
1181            	-1.23005700e-02	1.90300004e-02	7.75815544e-01	3.75607202e-01	4.00208342e-01
1182            	-1.22935034e-02	1.90282447e-02	7.75877367e-01	3.75645180e-01	4.00232187e-01
1183            	-1.22864278e-02	1.90265175e-02	7.75939120e-01	3.75683132e-01	4.00255988e-01
1184            	-1.22793818e-02	1.90248082e-02	7.76000632e-01	3.75720934e-01	4.00279698e-01
1185            	-1.22727724e-02	1.90230825e-02	7.76059535e-01	3.75756995e-01	4.00302540e-01
1186            	-1.22657812e-02	1.90213272e-02	7.76120821e-01	3.75794629e-01	4.00326192e-01
1187            	-1.22587809e-02	1.90196004e-02	7.76182039e-01	3.75832239e-01	4.00349800e-01
1188            	-1.22518097e-02	1.90178916e-02	7.76243018e-01	3.75869699e-01	4.00373319e-01
1189            	-1.22452712e-02	1.90161672e-02	7.76301409e-01	3.75905433e-01	4.00395976e-01
1190            	-1.22383538e-02	1.90144135e-02	7.76362167e-01	3.75942730e-01	4.00419437e-01
1191            	-1.22314278e-02	1.90126881e-02	7.76422857e-01	3.75980001e-01	4.00442856e-01
1192            	-1.22245309e-02	1.90109810e-02	7.76483308e-01	3.76017123e-01	4.00466185e-01
1193            	-1.22176932e-02	1.90092778e-02	7.76543379e-01	3.76053996e-01	4.00489383e-01
1194            	-1.22112961e-02	1.90075443e-02	7.76600857e-01	3.76089133e-01	4.00511725e-01
1195            	-1.22044911e-02	1.90057964e-02	7.76660759e-01	3.76125888e-01	4.00534870e-01
1196            	-1.21976868e-02	1.90040595e-02	7.76720638e-01	3.76162632e-01	4.00558006e-01
1197            	-1.21909085e-02	1.90023338e-02	7.76780352e-01	3.76199267e-01	4.00581084e-01
1198            	-1.21841849e-02	1.90006117e-02	7.76839751e-01	3.76235690e-01	4.00604060e-01
1199            	-1.21778506e-02	1.89988924e-02	7.76896703e-01	3.76270501e-01	4.00626202e-01
1200            	-1.21711233e-02	1.89971537e-02	7.76956043e-01	3.76306898e-01	4.00649145e-01
1201            	-1.21644020e-02	1.89954227e-02	7.77015348e-01	3.76343272e-01	4.00672076e-01
1202            	-1.21577145e-02	1.89936986e-02	7.77074461e-01	3.76379516e-01	4.00694945e-01
1203            	-1.21514170e-02	1.89919835e-02	7.77131111e-01	3.76414139e-01	4.00716973e-01
1204            	-1.21447187e-02	1.89902559e-02	7.77190183e-01	3.76450373e-01	4.00739810e-01
1205            	-1.21380371e-02	1.89885394e-02	7.77249143e-01	3.76486534e-01	4.00762609e-01
1206            	-1.21314038e-02	1.89868285e-02	7.77307817e-01	3.76522505e-01	4.00785312e-01
1207            	-1.21251736e-02	1.89851217e-02	7.77363951e-01	3.76556802e-01	4.00807149e-01
1208            	-1.21185574e-02	1.89833955e-02	7.77422436e-01	3.76592660e-01	4.00829775e-01
1209            	-1.21119675e-02	1.89816738e-02	7.77480767e-01	3.76628416e-01	4.00852351e-01
1210            	-1.21054309e-02	1.89799536e-02	7.77538802e-01	3.76663970e-01	4.00874832e-01
1211            	-1.20992933e-02	1.89782370e-02	7.77594331e-01	3.76697872e-01	4.00896459e-01
1212            	-1.20927716e-02	1.89765016e-02	7.77652212e-01	3.76733334e-01	4.00918878e-01
1213            	-1.20862710e-02	1.89747739e-02	7.77709971e-01	3.76768714e-01	4.00941256e-01
1214            	-1.20798171e-02	1.89730517e-02	7.77767464e-01	3.76803915e-01	4.00963549e-01
1215            	-1.20737522e-02	1.89713375e-02	7.77822499e-01	3.76837497e-01	4.00985002e-01
1216            	-1.20673012e-02	1.89696070e-02	7.77879890e-01	3.76872644e-01	4.01007246e-01
1217            	-1.20608677e-02	1.89678858e-02	7.77937169e-01	3.76907717e-01	4.01029452e-01
1218            	-1.20544789e-02	1.89661703e-02	7.77994186e-01	3.76942614e-01	4.01051572e-01
1219            	-1.20484763e-02	1.89644620e-02	7.78048755e-01	3.76975901e-01	4.01072854e-01
1220            	-1.20420922e-02	1.89627358e-02	7.78105656e-01	3.77010736e-01	4.01094920e-01
1221            	-1.20357285e-02	1.89610169e-02	7.78162433e-01	3.77045488e-01	4.01116945e-01
1222            	-1.20294124e-02	1.89593021e-02	7.78218936e-01	3.77080055e-01	4.01138880e-01
1223            	-1.20234820e-02	1.89575936e-02	7.78272999e-01	3.77113017e-01	4.01159981e-01
1224            	-1.20171762e-02	1.89558658e-02	7.78329367e-01	3.77147507e-01	4.01181860e-01
1225            	-1.20108922e-02	1.89541451e-02	7.78385608e-01	3.77181912e-01	4.01203696e-01
1226            	-1.20046560e-02	1.89524287e-02	7.78441576e-01	3.77216132e-01	4.01225444e-01
1227            	-1.19988011e-02	1.89507197e-02	7.78495127e-01	3.77248762e-01	4.01246365e-01
1228            	-1.19925735e-02	1.89489918e-02	7.78550972e-01	3.77282912e-01	4.01268059e-01
1229            	-1.19863661e-02	1.89472718e-02	7.78606694e-01	3.77316981e-01	4.01289713e-01
1230            	-1.19802047e-02	1.89455569e-02	7.78662151e-01	3.77350871e-01	4.01311280e-01
1231            	-1.19744561e-02	1.89438249e-02	7.78715150e-01	3.77383119e-01	4.01332031e-01
1232            	-1.19683281e-02	1.89420830e-02	7.78770441e-01	3.77416892e-01	4.01353549e-01
1233            	-1.19622116e-02	1.89403578e-02	7.78825624e-01	3.77450600e-01	4.01375024e-01
1234            	-1.19561295e-02	1.89386460e-02	7.78880560e-01	3.77484151e-01	4.01396410e-01
1235            	-1.19504453e-02	1.89369241e-02	7.78933076e-01	3.77516092e-01	4.01416983e-01
1236            	-1.19444143e-02	1.89351697e-02	7.78987815e-01	3.77549493e-01	4.01438322e-01
1237            	-1.19383769e-02	1.89334441e-02	7.79042475e-01	3.77582860e-01	4.01459614e-01
1238            	-1.19323644e-02	1.89317394e-02	7.79096903e-01	3.77616087e-01	4.01480816e-01
1239            	-1.19267386e-02	1.89300299e-02	7.79148943e-01	3.77647733e-01	4.01501210e-01
1240            	-1.19207619e-02	1.89282914e-02	7.79203205e-01	3.77680840e-01	4.01522364e-01
1241            	-1.19147765e-02	1.89265817e-02	7.79257393e-01	3.77713920e-01	4.01543473e-01
1242            	-1.19088169e-02	1.89248908e-02	7.79311353e-01	3.77746860e-01	4.01564493e-01
1243            	-1.19032450e-02	1.89231916e-02	7.79362938e-01	3.77778224e-01	4.01584714e-01
1244            	-1.18973307e-02	1.89214594e-02	7.79416722e-01	3.77811030e-01	4.01605692e-01
1245            	-1.18914152e-02	1.89197516e-02	7.79470419e-01	3.77843794e-01	4.01626625e-01
1246            	-1.18855324e-02	1.89180591e-02	7.79523874e-01	3.77876405e-01	4.01647470e-01
1247            	-1.18800383e-02	1.89163567e-02	7.79574963e-01	3.77907443e-01	4.01667520e-01
1248            	-1.18742087e-02	1.89146198e-02	7.79628225e-01	3.77939904e-01	4.01688321e-01
1249            	-1.18684173e-02	1.89128808e-02	7.79681326e-01	3.77972246e-01	4.01709081e-01
1250            	-1.18629740e-02	1.89111573e-02	7.79732203e-01	3.78003128e-01	4.01729076e-01
1251            	-1.18571706e-02	1.89094231e-02	7.79785315e-01	3.78035487e-01	4.01749828e-01
1252            	-1.18513888e-02	1.89077082e-02	7.79838256e-01	3.78067739e-01	4.01770517e-01
1253            	-1.18456588e-02	1.89060062e-02	7.79890846e-01	3.78099764e-01	4.01791082e-01
1254            	-1.18403196e-02	1.89042930e-02	7.79941038e-01	3.78130199e-01	4.01810838e-01
1255            	-1.18346239e-02	1.89025666e-02	7.79993383e-01	3.78162067e-01	4.01831315e-01
1256            	-1.18289447e-02	1.89008520e-02	7.80045576e-01	3.78193843e-01	4.01851733e-01
1257            	-1.18236254e-02	1.88991352e-02	7.80095537e-01	3.78224143e-01	4.01871394e-01
1258            	-1.18179632e-02	1.88973937e-02	7.80147691e-01	3.78255882e-01	4.01891808e-01
1259            	-1.18123353e-02	1.88956614e-02	7.80199664e-01	3.78287497e-01	4.01912168e-01
1260            	-1.18070527e-02	1.88939535e-02	7.80249386e-01	3.78317640e-01	4.01931746e-01
1261            	-1.18014173e-02	1.88922366e-02	7.80301291e-01	3.78349228e-01	4.01952063e-01
1262            	-1.17958120e-02	1.88905365e-02	7.80352975e-01	3.78380676e-01	4.01972300e-01
1263            	-1.17905862e-02	1.88888339e-02	7.80402314e-01	3.78410571e-01	4.01991743e-01
1264            	-1.17850380e-02	1.88870997e-02	7.80453755e-01	3.78441839e-01	4.02011915e-01
1265            	-1.17795054e-02	1.88853920e-02	7.80504987e-01	3.78472988e-01	4.02031999e-01
1266            	-1.17743375e-02	1.88836902e-02	7.80553912e-01	3.78502618e-01	4.02051293e-01
1267            	-1.17688351e-02	1.88819642e-02	7.80604960e-01	3.78533645e-01	4.02071315e-01
1268            	-1.17636889e-02	1.88802365e-02	7.80653823e-01	3.78563222e-01	4.02090600e-01
1269            	-1.17582073e-02	1.88784860e-02	7.80704871e-01	3.78594228e-01	4.02110643e-01
1270            	-1.17527373e-02	1.88767767e-02	7.80755705e-01	3.78625115e-01	4.02130590e-01
1271            	-1.17476317e-02	1.88750860e-02	7.80804190e-01	3.78654463e-01	4.02149727e-01
1272            	-1.17421993e-02	1.88733775e-02	7.80854724e-01	3.78685163e-01	4.02169561e-01
1273            	-1.17371295e-02	1.88716671e-02	7.80903007e-01	3.78714374e-01	4.02188633e-01
1274            	-1.17317364e-02	1.88699282e-02	7.80953406e-01	3.78744967e-01	4.02208439e-01
1275            	-1.17263633e-02	1.88682228e-02	7.81003552e-01	3.78775413e-01	4.02228139e-01
1276            	-1.17213550e-02	1.88665300e-02	7.81051361e-01	3.78804325e-01	4.02247035e-01
1277            	-1.17160269e-02	1.88648141e-02	7.81101204e-01	3.78834575e-01	4.02266629e-01
1278            	-1.17110560e-02	1.88630962e-02	7.81148839e-01	3.78863364e-01	4.02285476e-01
1279            	-1.17057657e-02	1.88613501e-02	7.81198583e-01	3.78893526e-01	4.02305057e-01
1280            	-1.17008000e-02	1.88596335e-02	7.81246187e-01	3.78922293e-01	4.02323893e-01
1281            	-1.16954929e-02	1.88579143e-02	7.81295916e-01	3.78952465e-01	4.02343451e-01
1282            	-1.16905359e-02	1.88562139e-02	7.81343409e-01	3.78981169e-01	4.02362240e-01
1283            	-1.16852585e-02	1.88545006e-02	7.81392940e-01	3.79011211e-01	4.02381728e-01
1284            	-1.16803515e-02	1.88527943e-02	7.81440151e-01	3.79039724e-01	4.02400427e-01
1285            	-1.16751085e-02	1.88510888e-02	7.81489398e-01	3.79069591e-01	4.02419808e-01
1286            	-1.16702215e-02	1.88493988e-02	7.81536346e-01	3.79097951e-01	4.02438394e-01
1287            	-1.16650199e-02	1.88476901e-02	7.81585292e-01	3.79127626e-01	4.02457666e-01
1288            	-1.16601856e-02	1.88459847e-02	7.81631937e-01	3.79155783e-01	4.02476154e-01
1289            	-1.16550533e-02	1.88442508e-02	7.81680557e-01	3.79185225e-01	4.02495332e-01
1290            	-1.16502577e-02	1.88425441e-02	7.81726949e-01	3.79213217e-01	4.02513732e-01
1291            	-1.16451433e-02	1.88408269e-02	7.81775356e-01	3.79242535e-01	4.02532821e-01
1292            	-1.16403794e-02	1.88391239e-02	7.81821526e-01	3.79270384e-01	4.02551142e-01
1293            	-1.16353092e-02	1.88374010e-02	7.81869688e-01	3.79299535e-01	4.02570153e-01
1294            	-1.16305973e-02	1.88356856e-02	7.81915605e-01	3.79327205e-01	4.02588400e-01
1295            	-1.16255560e-02	1.88339701e-02	7.81963548e-01	3.79356218e-01	4.02607330e-01
1296            	-1.16208526e-02	1.88322757e-02	7.82009287e-01	3.79383791e-01	4.02625496e-01
1297            	-1.16158378e-02	1.88305659e-02	7.82057011e-01	3.79412668e-01	4.02644343e-01
1298            	-1.16111728e-02	1.88288655e-02	7.82102514e-01	3.79440084e-01	4.02662430e-01
1299            	-1.16065074e-02	1.88271359e-02	7.82148112e-01	3.79467548e-01	4.02680563e-01
1300            	-1.16014940e-02	1.88254100e-02	7.82195863e-01	3.79496437e-01	4.02699426e-01
1301            	-1.15968167e-02	1.88237174e-02	7.82241401e-01	3.79523884e-01	4.02717517e-01
1302            	-1.15918357e-02	1.88220210e-02	7.82288848e-01	3.79552588e-01	4.02736260e-01
1303            	-1.15872203e-02	1.88203401e-02	7.82333942e-01	3.79579750e-01	4.02754191e-01
1304            	-1.15823303e-02	1.88186322e-02	7.82380849e-01	3.79608094e-01	4.02772755e-01
1305            	-1.15777794e-02	1.88169474e-02	7.82425486e-01	3.79634964e-01	4.02790522e-01
1306            	-1.15732230e-02	1.88152383e-02	7.82470191e-01	3.79661873e-01	4.02808319e-01
1307            	-1.15683504e-02	1.88135084e-02	7.82516967e-01	3.79690133e-01	4.02826834e-01
1308            	-1.15638221e-02	1.88117972e-02	7.82561553e-01	3.79716954e-01	4.02844599e-01
1309            	-1.15590109e-02	1.88100702e-02	7.82608015e-01	3.79744997e-01	4.02863018e-01
1310            	-1.15545265e-02	1.88083836e-02	7.82652251e-01	3.79771599e-01	4.02880652e-01
1311            	-1.15500336e-02	1.88066866e-02	7.82696533e-01	3.79798233e-01	4.02898300e-01
1312            	-1.15452298e-02	1.88049768e-02	7.82742817e-01	3.79826179e-01	4.02916638e-01
1313            	-1.15407709e-02	1.88032862e-02	7.82786873e-01	3.79852665e-01	4.02934207e-01
1314            	-1.15363203e-02	1.88015736e-02	7.82830947e-01	3.79879153e-01	4.02951794e-01
1315            	-1.15315487e-02	1.87998653e-02	7.82877006e-01	3.79906954e-01	4.02970052e-01
1316            	-1.15271166e-02	1.87981891e-02	7.82920805e-01	3.79933286e-01	4.02987519e-01
1317            	-1.15226884e-02	1.87964990e-02	7.82964590e-01	3.79959607e-01	4.03004983e-01
1318            	-1.15179721e-02	1.87947914e-02	7.83010263e-01	3.79987159e-01	4.03023103e-01
1319            	-1.15136165e-02	1.87930990e-02	7.83053627e-01	3.80013197e-01	4.03040430e-01
1320            	-1.15092854e-02	1.87913796e-02	7.83096935e-01	3.80039182e-01	4.03057753e-01
1321            	-1.15046517e-02	1.87896584e-02	7.83142151e-01	3.80066424e-01	4.03075727e-01
1322            	-1.15003538e-02	1.87879694e-02	7.83185126e-01	3.80092209e-01	4.03092917e-01
1323            	-1.14960574e-02	1.87862675e-02	7.83228105e-01	3.80117995e-01	4.03110110e-01
1324            	-1.14917488e-02	1.87845498e-02	7.83271210e-01	3.80143856e-01	4.03127354e-01
1325            	-1.14871492e-02	1.87828217e-02	7.83316237e-01	3.80170969e-01	4.03145268e-01
1326            	-1.14828997e-02	1.87811242e-02	7.83358976e-01	3.80196588e-01	4.03162388e-01
1327            	-1.14786407e-02	1.87794368e-02	7.83401680e-01	3.80222199e-01	4.03179481e-01
1328            	-1.14740932e-02	1.87777471e-02	7.83446197e-01	3.80249005e-01	4.03197192e-01
1329            	-1.14698873e-02	1.87760836e-02	7.83488427e-01	3.80274326e-01	4.03214101e-01
1330            	-1.14656950e-02	1.87743970e-02	7.83530606e-01	3.80299608e-01	4.03230998e-01
1331            	-1.14615037e-02	1.87726831e-02	7.83572873e-01	3.80324933e-01	4.03247940e-01
1332            	-1.14570408e-02	1.87709472e-02	7.83617003e-01	3.80351460e-01	4.03265542e-01
1333            	-1.14528944e-02	1.87692621e-02	7.83658937e-01	3.80376574e-01	4.03282363e-01
1334            	-1.14487496e-02	1.87675771e-02	7.83700834e-01	3.80401667e-01	4.03299166e-01
1335            	-1.14445962e-02	1.87658847e-02	7.83742795e-01	3.80426801e-01	4.03315994e-01
1336            	-1.14401653e-02	1.87641833e-02	7.83786571e-01	3.80453120e-01	4.03333451e-01
1337            	-1.14360802e-02	1.87625100e-02	7.83828064e-01	3.80477952e-01	4.03350112e-01
1338            	-1.14320220e-02	1.87608167e-02	7.83869446e-01	3.80502701e-01	4.03366745e-01
1339            	-1.14279455e-02	1.87591230e-02	7.83910895e-01	3.80527502e-01	4.03383393e-01
1340            	-1.14238511e-02	1.87574262e-02	7.83952453e-01	3.80552376e-01	4.03400078e-01
1341            	-1.14194767e-02	1.87557286e-02	7.83995811e-01	3.80578429e-01	4.03417382e-01
1342            	-1.14154438e-02	1.87540679e-02	7.84036870e-01	3.80602991e-01	4.03433879e-01
1343            	-1.14114385e-02	1.87523928e-02	7.84077779e-01	3.80627451e-01	4.03450328e-01
1344            	-1.14074510e-02	1.87506946e-02	7.84118656e-01	3.80651877e-01	4.03466779e-01
1345            	-1.14034430e-02	1.87489993e-02	7.84159620e-01	3.80676367e-01	4.03483253e-01
1346            	-1.13991595e-02	1.87473047e-02	7.84202349e-01	3.80702015e-01	4.03500334e-01
1347            	-1.13952082e-02	1.87456498e-02	7.84242814e-01	3.80726199e-01	4.03516615e-01
1348            	-1.13912782e-02	1.87439827e-02	7.84283153e-01	3.80750298e-01	4.03532855e-01
1349            	-1.13873594e-02	1.87422944e-02	7.84323485e-01	3.80774383e-01	4.03549102e-01
1350            	-1.13834476e-02	1.87405864e-02	7.84363868e-01	3.80798487e-01	4.03565382e-01
1351            	-1.13795099e-02	1.87388903e-02	7.84404361e-01	3.80822670e-01	4.03581690e-01
1352            	-1.13753010e-02	1.87372045e-02	7.84446570e-01	3.80847984e-01	4.03598586e-01
1353            	-1.13714234e-02	1.87355653e-02	7.84486486e-01	3.80871820e-01	4.03614666e-01
1354            	-1.13675722e-02	1.87339158e-02	7.84526221e-01	3.80895538e-01	4.03630683e-01
1355            	-1.13637380e-02	1.87322431e-02	7.84565902e-01	3.80919213e-01	4.03646689e-01
1356            	-1.13599158e-02	1.87305456e-02	7.84605603e-01	3.80942886e-01	4.03662717e-01
1357            	-1.13560719e-02	1.87288548e-02	7.84645399e-01	3.80966627e-01	4.03678771e-01
1358            	-1.13522148e-02	1.87271725e-02	7.84685253e-01	3.80990412e-01	4.03694841e-01
1359            	-1.13481022e-02	1.87254976e-02	7.84726739e-01	3.81015267e-01	4.03711472e-01
1360            	-1.13443267e-02	1.87238656e-02	7.84765908e-01	3.81038627e-01	4.03727281e-01
1361            	-1.13405882e-02	1.87222185e-02	7.84804854e-01	3.81061839e-01	4.03743015e-01
1362            	-1.13368750e-02	1.87205435e-02	7.84843722e-01	3.81084986e-01	4.03758736e-01
1363            	-1.13331466e-02	1.87188650e-02	7.84882657e-01	3.81108182e-01	4.03774475e-01
1364            	-1.13294048e-02	1.87171841e-02	7.84921683e-01	3.81131437e-01	4.03790246e-01
1365            	-1.13256526e-02	1.87155065e-02	7.84960776e-01	3.81154735e-01	4.03806040e-01
1366            	-1.13218991e-02	1.87138353e-02	7.84999875e-01	3.81178038e-01	4.03821836e-01
1367            	-1.13181559e-02	1.87121703e-02	7.85038908e-01	3.81201298e-01	4.03837610e-01
1368            	-1.13144346e-02	1.87105078e-02	7.85077812e-01	3.81224471e-01	4.03853341e-01
1369            	-1.13107123e-02	1.87088666e-02	7.85116599e-01	3.81247587e-01	4.03869012e-01
1370            	-1.13070021e-02	1.87072332e-02	7.85155236e-01	3.81270616e-01	4.03884620e-01
1371            	-1.13033107e-02	1.87055979e-02	7.85193716e-01	3.81293547e-01	4.03900169e-01
1372            	-1.12996443e-02	1.87039531e-02	7.85232041e-01	3.81316376e-01	4.03915665e-01
1373            	-1.12960080e-02	1.87022947e-02	7.85270218e-01	3.81339101e-01	4.03931117e-01
1374            	-1.12924048e-02	1.87006221e-02	7.85308254e-01	3.81361722e-01	4.03946532e-01
1375            	-1.12888036e-02	1.86989612e-02	7.85346214e-01	3.81384303e-01	4.03961910e-01
1376            	-1.12852102e-02	1.86973076e-02	7.85384092e-01	3.81406836e-01	4.03977256e-01
1377            	-1.12816265e-02	1.86956584e-02	7.85421890e-01	3.81429318e-01	4.03992571e-01
1378            	-1.12780569e-02	1.86940097e-02	7.85459596e-01	3.81451741e-01	4.04007855e-01
1379            	-1.12745063e-02	1.86923581e-02	7.85497198e-01	3.81474092e-01	4.04023105e-01
1380            	-1.12709797e-02	1.86907008e-02	7.85534683e-01	3.81496362e-01	4.04038321e-01
1381            	-1.12674486e-02	1.86890600e-02	7.85572100e-01	3.81518601e-01	4.04053499e-01
1382            	-1.12639219e-02	1.86874276e-02	7.85609430e-01	3.81540793e-01	4.04068637e-01
1383            	-1.12604048e-02	1.86857974e-02	7.85646664e-01	3.81562927e-01	4.04083737e-01
1384            	-1.12569035e-02	1.86841640e-02	7.85683790e-01	3.81584992e-01	4.04098799e-01
1385            	-1.12534246e-02	1.86825232e-02	7.85720797e-01	3.81606974e-01	4.04113823e-01
1386            	-1.12499734e-02	1.86808729e-02	7.85757675e-01	3.81628864e-01	4.04128811e-01
1387            	-1.12465533e-02	1.86792128e-02	7.85794419e-01	3.81650656e-01	4.04143763e-01
1388            	-1.12431326e-02	1.86775681e-02	7.85831087e-01	3.81672411e-01	4.04158676e-01
1389            	-1.12397169e-02	1.86759333e-02	7.85867669e-01	3.81694118e-01	4.04173552e-01
1390            	-1.12363084e-02	1.86743040e-02	7.85904163e-01	3.81715773e-01	4.04188390e-01
1391            	-1.12329115e-02	1.86726756e-02	7.85940560e-01	3.81737369e-01	4.04203192e-01
1392            	-1.12295313e-02	1.86710443e-02	7.85976853e-01	3.81758895e-01	4.04217958e-01
1393            	-1.12261731e-02	1.86694069e-02	7.86013031e-01	3.81780342e-01	4.04232689e-01
1394            	-1.12228411e-02	1.86677621e-02	7.86049086e-01	3.81801702e-01	4.04247384e-01
1395            	-1.12195052e-02	1.86661342e-02	7.86085072e-01	3.81823031e-01	4.04262041e-01
1396            	-1.12161726e-02	1.86645162e-02	7.86120977e-01	3.81844316e-01	4.04276661e-01
1397            	-1.12128470e-02	1.86629028e-02	7.86156795e-01	3.81865550e-01	4.04291244e-01
1398            	-1.12095341e-02	1.86612890e-02	7.86192516e-01	3.81886724e-01	4.04305792e-01
1399            	-1.12062400e-02	1.86596704e-02	7.86228130e-01	3.81907825e-01	4.04320305e-01
1400            	-1.12029702e-02	1.86580444e-02	7.86263625e-01	3.81928842e-01	4.04334783e-01
1401            	-1.11997288e-02	1.86564099e-02	7.86298995e-01	3.81949769e-01	4.04349226e-01
1402            	-1.11964848e-02	1.86547916e-02	7.86334292e-01	3.81970661e-01	4.04363631e-01
1403            	-1.11932448e-02	1.86531830e-02	7.86369508e-01	3.81991509e-01	4.04377999e-01
1404            	-1.11900117e-02	1.86515792e-02	7.86404636e-01	3.82012306e-01	4.04392330e-01
1405            	-1.11867903e-02	1.86499754e-02	7.86439670e-01	3.82033044e-01	4.04406625e-01
1406            	-1.11835865e-02	1.86483675e-02	7.86474598e-01	3.82053713e-01	4.04420886e-01
1407            	-1.11804054e-02	1.86467527e-02	7.86509412e-01	3.82074301e-01	4.04435112e-01
1408            	-1.11772508e-02	1.86451299e-02	7.86544104e-01	3.82094801e-01	4.04449303e-01
1409            	-1.11740923e-02	1.86435239e-02	7.86578729e-01	3.82115272e-01	4.04463457e-01
1410            	-1.11709364e-02	1.86419280e-02	7.86613274e-01	3.82135701e-01	4.04477574e-01
1411            	-1.11677866e-02	1.86403372e-02	7.86647736e-01	3.82156082e-01	4.04491655e-01
1412            	-1.11646482e-02	1.86387464e-02	7.86682106e-01	3.82176405e-01	4.04505701e-01
1413            	-1.11615271e-02	1.86371514e-02	7.86716372e-01	3.82196659e-01	4.04519713e-01
1414            	-1.11584287e-02	1.86355496e-02	7.86750527e-01	3.82216835e-01	4.04533692e-01
1415            	-1.11553570e-02	1.86339397e-02	7.86784560e-01	3.82236923e-01	4.04547637e-01
1416            	-1.11522814e-02	1.86323466e-02	7.86818526e-01	3.82256982e-01	4.04561544e-01
1417            	-1.11492085e-02	1.86307636e-02	7.86852414e-01	3.82276998e-01	4.04575415e-01
1418            	-1.11461415e-02	1.86291857e-02	7.86886218e-01	3.82296968e-01	4.04589251e-01
1419            	-1.11430857e-02	1.86276079e-02	7.86919931e-01	3.82316880e-01	4.04603051e-01
1420            	-1.11400467e-02	1.86260260e-02	7.86953543e-01	3.82336725e-01	4.04616818e-01
1421            	-1.11370299e-02	1.86244373e-02	7.86987044e-01	3.82356492e-01	4.04630552e-01
1422            	-1.11340393e-02	1.86228405e-02	7.87020425e-01	3.82376173e-01	4.04644252e-01
1423            	-1.11310443e-02	1.86212606e-02	7.87053741e-01	3.82395826e-01	4.04657915e-01
1424            	-1.11280515e-02	1.86196908e-02	7.87086982e-01	3.82415439e-01	4.04671542e-01
1425            	-1.11250643e-02	1.86181262e-02	7.87120140e-01	3.82435006e-01	4.04685134e-01
1426            	-1.11220879e-02	1.86165617e-02	7.87153208e-01	3.82454516e-01	4.04698692e-01
1427            	-1.11191283e-02	1.86149931e-02	7.87186176e-01	3.82473960e-01	4.04712216e-01
1428            	-1.11161907e-02	1.86134177e-02	7.87219033e-01	3.82493326e-01	4.04725707e-01
1429            	-1.11132791e-02	1.86118342e-02	7.87251772e-01	3.82512607e-01	4.04739165e-01
1430            	-1.11103630e-02	1.86102676e-02	7.87284447e-01	3.82531860e-01	4.04752586e-01
1431            	-1.11074487e-02	1.86087112e-02	7.87317047e-01	3.82551075e-01	4.04765972e-01
1432            	-1.11045396e-02	1.86071601e-02	7.87349568e-01	3.82570244e-01	4.04779323e-01
1433            	-1.11016409e-02	1.86056091e-02	7.87382000e-01	3.82589359e-01	4.04792641e-01
1434            	-1.10987584e-02	1.86040542e-02	7.87414335e-01	3.82608409e-01	4.04805926e-01
1435            	-1.10958976e-02	1.86024926e-02	7.87446562e-01	3.82627383e-01	4.04819178e-01
1436            	-1.10930621e-02	1.86009232e-02	7.87478672e-01	3.82646274e-01	4.04832398e-01
1437            	-1.10902215e-02	1.85993708e-02	7.87510721e-01	3.82665139e-01	4.04845582e-01
1438            	-1.10873823e-02	1.85978288e-02	7.87542698e-01	3.82683967e-01	4.04858731e-01
1439            	-1.10845480e-02	1.85962922e-02	7.87574596e-01	3.82702750e-01	4.04871846e-01
1440            	-1.10817239e-02	1.85947558e-02	7.87606407e-01	3.82721479e-01	4.04884927e-01
1441            	-1.10789159e-02	1.85932155e-02	7.87638120e-01	3.82740144e-01	4.04897976e-01
1442            	-1.10761293e-02	1.85916685e-02	7.87669726e-01	3.82758734e-01	4.04910992e-01
1443            	-1.10733681e-02	1.85901137e-02	7.87701216e-01	3.82777240e-01	4.04923976e-01
1444            	-1.10706338e-02	1.85885515e-02	7.87732586e-01	3.82795659e-01	4.04936927e-01
1445            	-1.10678936e-02	1.85870081e-02	7.87763894e-01	3.82814053e-01	4.04949841e-01
1446            	-1.10651518e-02	1.85854778e-02	7.87795135e-01	3.82832416e-01	4.04962719e-01
1447            	-1.10624106e-02	1.85839556e-02	7.87826307e-01	3.82850743e-01	4.04975564e-01
1448            	-1.10596746e-02	1.85824363e-02	7.87857403e-01	3.82869027e-01	4.04988376e-01
1449            	-1.10569499e-02	1.85809152e-02	7.87888413e-01	3.82887256e-01	4.05001156e-01
1450            	-1.10542429e-02	1.85793888e-02	7.87919325e-01	3.82905419e-01	4.05013905e-01
1451            	-1.10515588e-02	1.85778552e-02	7.87950128e-01	3.82923505e-01	4.05026623e-01
1452            	-1.10489006e-02	1.85763141e-02	7.87980817e-01	3.82941508e-01	4.05039309e-01
1453            	-1.10462366e-02	1.85747912e-02	7.88011447e-01	3.82959487e-01	4.05051960e-01
1454            	-1.10435722e-02	1.85732805e-02	7.88042009e-01	3.82977432e-01	4.05064577e-01
1455            	-1.10409104e-02	1.85717769e-02	7.88072498e-01	3.82995338e-01	4.05077159e-01
1456            	-1.10382560e-02	1.85702752e-02	7.88102907e-01	3.83013197e-01	4.05089709e-01
1457            	-1.10356149e-02	1.85687709e-02	7.88133225e-01	3.83030997e-01	4.05102227e-01
1458            	-1.10329928e-02	1.85672607e-02	7.88163442e-01	3.83048728e-01	4.05114714e-01
1459            	-1.10303942e-02	1.85657430e-02	7.88193549e-01	3.83066380e-01	4.05127169e-01
1460            	-1.10278214e-02	1.85642180e-02	7.88223542e-01	3.83083950e-01	4.05139592e-01
1461            	-1.10252420e-02	1.85627116e-02	7.88253477e-01	3.83101497e-01	4.05151981e-01
1462            	-1.10226609e-02	1.85612179e-02	7.88283349e-01	3.83119013e-01	4.05164335e-01
1463            	-1.10200809e-02	1.85597319e-02	7.88313152e-01	3.83136495e-01	4.05176657e-01
1464            	-1.10175069e-02	1.85582483e-02	7.88342879e-01	3.83153932e-01	4.05188946e-01
1465            	-1.10149449e-02	1.85567624e-02	7.88372519e-01	3.83171315e-01	4.05201204e-01
1466            	-1.10124009e-02	1.85552709e-02	7.88402062e-01	3.83188630e-01	4.05213432e-01
1467            	-1.10098798e-02	1.85537720e-02	7.88431498e-01	3.83205869e-01	4.05225629e-01
1468            	-1.10073841e-02	1.85522657e-02	7.88460821e-01	3.83223026e-01	4.05237795e-01
1469            	-1.10048817e-02	1.85507780e-02	7.88490089e-01	3.83240163e-01	4.05249926e-01
1470            	-1.10023777e-02	1.85493029e-02	7.88519293e-01	3.83257269e-01	4.05262024e-01
1471            	-1.09998749e-02	1.85478353e-02	7.88548429e-01	3.83274340e-01	4.05274089e-01
1472            	-1.09973784e-02	1.85463698e-02	7.88577490e-01	3.83291366e-01	4.05286123e-01
1473            	-1.09948940e-02	1.85449019e-02	7.88606464e-01	3.83308338e-01	4.05298126e-01
1474            	-1.09924275e-02	1.85434282e-02	7.88635343e-01	3.83325244e-01	4.05310099e-01
1475            	-1.09899836e-02	1.85419472e-02	7.88664116e-01	3.83342074e-01	4.05322042e-01
1476            	-1.09875647e-02	1.85404588e-02	7.88692778e-01	3.83358824e-01	4.05333954e-01
1477            	-1.09851386e-02	1.85389892e-02	7.88721386e-01	3.83375555e-01	4.05345832e-01
1478            	-1.09827102e-02	1.85375324e-02	7.88749934e-01	3.83392257e-01	4.05357677e-01
1479            	-1.09802824e-02	1.85360833e-02	7.88778415e-01	3.83408925e-01	4.05369490e-01
1480            	-1.09778602e-02	1.85346365e-02	7.88806825e-01	3.83425552e-01	4.05381272e-01
1481            	-1.09754496e-02	1.85331874e-02	7.88835150e-01	3.83442126e-01	4.05393025e-01
1482            	-1.09730566e-02	1.85317326e-02	7.88863381e-01	3.83458634e-01	4.05404747e-01
1483            	-1.09706860e-02	1.85302705e-02	7.88891507e-01	3.83475068e-01	4.05416440e-01
1484            	-1.09683404e-02	1.85288010e-02	7.88919523e-01	3.83491421e-01	4.05428102e-01
1485            	-1.09660201e-02	1.85273256e-02	7.88947426e-01	3.83507693e-01	4.05439733e-01
1486            	-1.09636903e-02	1.85258714e-02	7.88975279e-01	3.83523949e-01	4.05451330e-01
1487            	-1.09613545e-02	1.85244329e-02	7.89003077e-01	3.83540184e-01	4.05462893e-01
1488            	-1.09590147e-02	1.85230046e-02	7.89030819e-01	3.83556395e-01	4.05474424e-01
1489            	-1.09566759e-02	1.85215809e-02	7.89058498e-01	3.83572573e-01	4.05485925e-01
1490            	-1.09543447e-02	1.85201563e-02	7.89086105e-01	3.83588708e-01	4.05497397e-01
1491            	-1.09520283e-02	1.85187267e-02	7.89113624e-01	3.83604784e-01	4.05508841e-01
1492            	-1.09497329e-02	1.85172896e-02	7.89141045e-01	3.83620790e-01	4.05520255e-01
1493            	-1.09474624e-02	1.85158447e-02	7.89168358e-01	3.83636717e-01	4.05531641e-01
1494            	-1.09452180e-02	1.85143928e-02	7.89195559e-01	3.83652562e-01	4.05542998e-01
1495            	-1.09429657e-02	1.85129613e-02	7.89222710e-01	3.83668389e-01	4.05554321e-01
1496            	-1.09407089e-02	1.85115446e-02	7.89249804e-01	3.83684193e-01	4.05565611e-01
1497            	-1.09384499e-02	1.85101375e-02	7.89276840e-01	3.83699970e-01	4.05576870e-01
1498            	-1.09361931e-02	1.85087344e-02	7.89303809e-01	3.83715711e-01	4.05588098e-01
1499            	-1.09339449e-02	1.85073302e-02	7.89330702e-01	3.83731406e-01	4.05599296e-01
1500            	-1.09317117e-02	1.85059210e-02	7.89357508e-01	3.83747042e-01	4.05610466e-01
1501            	-1.09294991e-02	1.85045045e-02	7.89384214e-01	3.83762608e-01	4.05621606e-01
1502            	-1.09273104e-02	1.85030803e-02	7.89410815e-01	3.83778097e-01	4.05632718e-01
1503            	-1.09251467e-02	1.85016496e-02	7.89437308e-01	3.83793507e-01	4.05643801e-01
1504            	-1.09229736e-02	1.85002396e-02	7.89463755e-01	3.83808904e-01	4.05654851e-01
1505            	-1.09207946e-02	1.84988448e-02	7.89490150e-01	3.83824280e-01	4.05665869e-01
1506            	-1.09186123e-02	1.84974600e-02	7.89516489e-01	3.83839632e-01	4.05676857e-01
1507            	-1.09164314e-02	1.84960792e-02	7.89542767e-01	3.83854952e-01	4.05687815e-01
1508            	-1.09142586e-02	1.84946974e-02	7.89568971e-01	3.83870227e-01	4.05698744e-01
1509            	-1.09121006e-02	1.84933105e-02	7.89595090e-01	3.83885445e-01	4.05709646e-01
1510            	-1.09099630e-02	1.84919163e-02	7.89621113e-01	3.83900594e-01	4.05720520e-01
1511            	-1.09078494e-02	1.84905142e-02	7.89647032e-01	3.83915667e-01	4.05731365e-01
1512            	-1.09057608e-02	1.84891056e-02	7.89672843e-01	3.83930661e-01	4.05742182e-01
1513            	-1.09036629e-02	1.84877176e-02	7.89698609e-01	3.83945642e-01	4.05752967e-01
1514            	-1.09015594e-02	1.84863449e-02	7.89724321e-01	3.83960601e-01	4.05763720e-01
1515            	-1.08994531e-02	1.84849820e-02	7.89749974e-01	3.83975534e-01	4.05774440e-01
1516            	-1.08973484e-02	1.84836232e-02	7.89775563e-01	3.83990433e-01	4.05785130e-01
1517            	-1.08952514e-02	1.84822631e-02	7.89801082e-01	3.84005289e-01	4.05795792e-01
1518            	-1.08931687e-02	1.84808978e-02	7.89826519e-01	3.84020091e-01	4.05806428e-01
1519            	-1.08911055e-02	1.84795252e-02	7.89851865e-01	3.84034827e-01	4.05817038e-01
1520            	-1.08890654e-02	1.84781448e-02	7.89877113e-01	3.84049491e-01	4.05827622e-01
1521            	-1.08870494e-02	1.84767580e-02	7.89902259e-01	3.84064080e-01	4.05838179e-01
1522            	-1.08850233e-02	1.84753922e-02	7.89927363e-01	3.84078658e-01	4.05848705e-01
1523            	-1.08829907e-02	1.84740418e-02	7.89952419e-01	3.84093219e-01	4.05859200e-01
1524            	-1.08809544e-02	1.84727015e-02	7.89977421e-01	3.84107756e-01	4.05869665e-01
1525            	-1.08789192e-02	1.84713653e-02	7.90002363e-01	3.84122262e-01	4.05880101e-01
1526            	-1.08768919e-02	1.84700280e-02	7.90027232e-01	3.84136724e-01	4.05890508e-01
1527            	-1.08748794e-02	1.84686855e-02	7.90052015e-01	3.84151128e-01	4.05900887e-01
1528            	-1.08728871e-02	1.84673353e-02	7.90076703e-01	3.84165464e-01	4.05911238e-01
1529            	-1.08709186e-02	1.84659772e-02	7.90101288e-01	3.84179725e-01	4.05921562e-01
1530            	-1.08689747e-02	1.84646123e-02	7.90125767e-01	3.84193909e-01	4.05931858e-01
1531            	-1.08670542e-02	1.84632430e-02	7.90150144e-01	3.84208018e-01	4.05942126e-01
1532            	-1.08651202e-02	1.84618974e-02	7.90174484e-01	3.84222122e-01	4.05952362e-01
1533            	-1.08631749e-02	1.84605703e-02	7.90198785e-01	3.84236217e-01	4.05962567e-01
1534            	-1.08612204e-02	1.84592557e-02	7.90223046e-01	3.84250302e-01	4.05972743e-01
1535            	-1.08592623e-02	1.84579473e-02	7.90247259e-01	3.84264367e-01	4.05982892e-01
1536            	-1.08573081e-02	1.84566389e-02	7.90271411e-01	3.84278397e-01	4.05993014e-01
1537            	-1.08553663e-02	1.84553255e-02	7.90295487e-01	3.84292377e-01	4.06003110e-01
1538            	-1.08534441e-02	1.84540043e-02	7.90319472e-01	3.84306292e-01	4.06013180e-01
1539            	-1.08515462e-02	1.84526741e-02	7.90343357e-01	3.84320132e-01	4.06023224e-01
1540            	-1.08496746e-02	1.84513361e-02	7.90367135e-01	3.84333893e-01	4.06033242e-01
1541            	-1.08478282e-02	1.84499924e-02	7.90390806e-01	3.84347575e-01	4.06043231e-01
1542            	-1.08459703e-02	1.84486717e-02	7.90414438e-01	3.84361249e-01	4.06053189e-01
1543            	-1.08441026e-02	1.84473687e-02	7.90438027e-01	3.84374911e-01	4.06063116e-01
1544            	-1.08422268e-02	1.84460780e-02	7.90461575e-01	3.84388561e-01	4.06073014e-01
1545            	-1.08403475e-02	1.84447934e-02	7.90485073e-01	3.84402189e-01	4.06082884e-01
1546            	-1.08384720e-02	1.84435089e-02	7.90508512e-01	3.84415784e-01	4.06092728e-01
1547            	-1.08366079e-02	1.84422199e-02	7.90531877e-01	3.84429331e-01	4.06102547e-01
1548            	-1.08347621e-02	1.84409233e-02	7.90555156e-01	3.84442816e-01	4.06112340e-01
1549            	-1.08329392e-02	1.84396183e-02	7.90578337e-01	3.84456230e-01	4.06122108e-01
1550            	-1.08311412e-02	1.84383058e-02	7.90601417e-01	3.84469568e-01	4.06131850e-01
1551            	-1.08293672e-02	1.84369880e-02	7.90624396e-01	3.84482831e-01	4.06141565e-01
1552            	-1.08275804e-02	1.84356936e-02	7.90647338e-01	3.84496089e-01	4.06151249e-01
1553            	-1.08257831e-02	1.84344171e-02	7.90670242e-01	3.84509338e-01	4.06160904e-01
1554            	-1.08239773e-02	1.84331529e-02	7.90693106e-01	3.84522576e-01	4.06170530e-01
1555            	-1.08221680e-02	1.84318947e-02	7.90715922e-01	3.84535793e-01	4.06180129e-01
1556            	-1.08203627e-02	1.84306364e-02	7.90738679e-01	3.84548977e-01	4.06189702e-01
1557            	-1.08185691e-02	1.84293732e-02	7.90761362e-01	3.84562112e-01	4.06199250e-01
1558            	-1.08167942e-02	1.84281022e-02	7.90783958e-01	3.84575185e-01	4.06208773e-01
1559            	-1.08150426e-02	1.84268225e-02	7.90806457e-01	3.84588186e-01	4.06218271e-01
1560            	-1.08133159e-02	1.84255352e-02	7.90828855e-01	3.84601112e-01	4.06227743e-01
1561            	-1.08116130e-02	1.84242424e-02	7.90851153e-01	3.84613963e-01	4.06237189e-01
1562            	-1.08098971e-02	1.84229730e-02	7.90873417e-01	3.84626811e-01	4.06246606e-01
1563            	-1.08081701e-02	1.84217215e-02	7.90895646e-01	3.84639653e-01	4.06255993e-01
1564            	-1.08064340e-02	1.84204826e-02	7.90917836e-01	3.84652484e-01	4.06265352e-01
1565            	-1.08046938e-02	1.84192497e-02	7.90939983e-01	3.84665298e-01	4.06274685e-01
1566            	-1.08029570e-02	1.84180168e-02	7.90962073e-01	3.84678079e-01	4.06283993e-01
1567            	-1.08012315e-02	1.84167791e-02	7.90984091e-01	3.84690814e-01	4.06293277e-01
1568            	-1.07995242e-02	1.84155336e-02	7.91006024e-01	3.84703488e-01	4.06302536e-01
1569            	-1.07978399e-02	1.84142795e-02	7.91027862e-01	3.84716091e-01	4.06311771e-01
1570            	-1.07961803e-02	1.84130176e-02	7.91049601e-01	3.84728620e-01	4.06320981e-01
1571            	-1.07945444e-02	1.84117502e-02	7.91071240e-01	3.84741076e-01	4.06330165e-01
1572            	-1.07929289e-02	1.84104805e-02	7.91092785e-01	3.84753463e-01	4.06339321e-01
1573            	-1.07912953e-02	1.84092375e-02	7.91114305e-01	3.84765857e-01	4.06348448e-01
1574            	-1.07896450e-02	1.84080155e-02	7.91135801e-01	3.84778256e-01	4.06357545e-01
1575            	-1.07879804e-02	1.84068081e-02	7.91157271e-01	3.84790655e-01	4.06366616e-01
1576            	-1.07863079e-02	1.84056079e-02	7.91178706e-01	3.84803045e-01	4.06375661e-01
