# Force coefficients
# liftDir       : (-1.04528463e-01 9.94521895e-01 0.00000000e+00)
# dragDir       : (9.94521895e-01 1.04528463e-01 0.00000000e+00)
# pitchAxis     : (0.00000000e+00 0.00000000e+00 1.00000000e+00)
# magUInf       : 1.50000000e+01
# lRef          : 1.00000000e+00
# Aref          : 1.00000000e-02
# CofR          : (2.50000000e-01 0.00000000e+00 0.00000000e+00)
# Time          	Cm              	Cd              	Cl              	Cl(f)           	Cl(r)           
0               	1.60926597e-02	5.04320260e-01	1.59815620e-02	2.40834407e-02	-8.10187870e-03
1               	1.92347383e+00	2.17021330e+00	6.89264121e+00	5.36979444e+00	1.52284677e+00
2               	2.55603915e+00	2.48599004e+00	9.30316704e+00	7.20762267e+00	2.09554437e+00
3               	2.25449525e+00	2.05003984e+00	8.43045455e+00	6.46972252e+00	1.96073202e+00
4               	1.34369205e+00	1.19465572e+00	5.38210231e+00	4.03474320e+00	1.34735911e+00
5               	2.90710901e-01	2.98387432e-01	1.71744921e+00	1.14943550e+00	5.68013701e-01
6               	-5.41936385e-01	-3.73367369e-01	-1.30099833e+00	-1.19243555e+00	-1.08562781e-01
7               	-9.69673923e-01	-7.07540070e-01	-2.98681199e+00	-2.46307992e+00	-5.23732073e-01
8               	-9.91697169e-01	-7.20908049e-01	-3.26052206e+00	-2.62195820e+00	-6.38563863e-01
9               	-7.47701687e-01	-5.25609314e-01	-2.55884025e+00	-2.02712181e+00	-5.31718438e-01
10              	-3.61203456e-01	-2.34129942e-01	-1.28736264e+00	-1.00488478e+00	-2.82477867e-01
11              	5.50574448e-03	4.03753800e-02	7.47064834e-03	9.24106865e-03	-1.77042031e-03
12              	2.50275857e-01	2.27376500e-01	9.52538989e-01	7.26545351e-01	2.25993637e-01
13              	3.40084651e-01	3.04178787e-01	1.39209273e+00	1.03613102e+00	3.55961716e-01
14              	3.05803660e-01	2.88710175e-01	1.38626385e+00	9.98935586e-01	3.87328266e-01
15              	1.93156004e-01	2.15968595e-01	1.07638822e+00	7.31350113e-01	3.45038106e-01
16              	5.19250710e-02	1.23016332e-01	6.19760952e-01	3.61805547e-01	2.57955405e-01
17              	-6.65525955e-02	4.07741511e-02	1.93224665e-01	3.00597371e-02	1.63164928e-01
18              	-1.33559728e-01	-1.26822836e-02	-8.89717744e-02	-1.78045616e-01	8.90738412e-02
19              	-1.47358786e-01	-3.33133054e-02	-1.96938129e-01	-2.45827850e-01	4.88897215e-02
20              	-1.24436036e-01	-2.95796443e-02	-1.68085319e-01	-2.08478695e-01	4.03933760e-02
21              	-7.91034679e-02	-1.01387123e-02	-4.42786332e-02	-1.01242785e-01	5.69641513e-02
22              	-2.86350765e-02	1.54198591e-02	1.20779663e-01	3.17547552e-02	8.90249081e-02
23              	1.06693614e-02	3.81079287e-02	2.69574463e-01	1.45456593e-01	1.24117870e-01
24              	3.17183055e-02	5.28763476e-02	3.69750741e-01	2.16593676e-01	1.53157065e-01
25              	3.45489805e-02	5.83665845e-02	4.11206624e-01	2.40152292e-01	1.71054331e-01
26              	2.54416698e-02	5.67169614e-02	4.07374686e-01	2.29129013e-01	1.78245673e-01
27              	9.85025625e-03	5.04673276e-02	3.73411746e-01	1.96556129e-01	1.76855617e-01
28              	-7.34067441e-03	4.21284724e-02	3.24098330e-01	1.54708491e-01	1.69389840e-01
29              	-2.04880381e-02	3.45270415e-02	2.79143679e-01	1.19083801e-01	1.60059878e-01
30              	-2.71846752e-02	2.92872908e-02	2.50125851e-01	9.78782504e-02	1.52247601e-01
31              	-2.79290955e-02	2.67445450e-02	2.39547557e-01	9.18446829e-02	1.47702874e-01
32              	-2.48596992e-02	2.62735978e-02	2.43048816e-01	9.66647090e-02	1.46384107e-01
33              	-1.95346067e-02	2.72400442e-02	2.56608863e-01	1.08769825e-01	1.47839038e-01
34              	-1.34596327e-02	2.89827808e-02	2.76240366e-01	1.24660550e-01	1.51579816e-01
35              	-8.34078404e-03	3.07098712e-02	2.96293555e-01	1.39805994e-01	1.56487562e-01
36              	-5.10764086e-03	3.18908400e-02	3.12638093e-01	1.51211406e-01	1.61426687e-01
37              	-4.04192206e-03	3.22935428e-02	3.22799914e-01	1.57358035e-01	1.65441879e-01
38              	-4.55026073e-03	3.20388333e-02	3.27470303e-01	1.59184891e-01	1.68285412e-01
39              	-5.93740160e-03	3.13535223e-02	3.28054343e-01	1.58089770e-01	1.69964573e-01
40              	-7.44631426e-03	3.05334422e-02	3.26536622e-01	1.55821997e-01	1.70714625e-01
41              	-8.79293733e-03	2.97158103e-02	3.24332064e-01	1.53373095e-01	1.70958969e-01
42              	-1.02623916e-02	2.88564754e-02	3.21056777e-01	1.50265997e-01	1.70790780e-01
43              	-1.10443130e-02	2.82959653e-02	3.19196372e-01	1.48553873e-01	1.70642499e-01
44              	-1.12336086e-02	2.80137944e-02	3.18899840e-01	1.48216312e-01	1.70683529e-01
45              	-1.10291016e-02	2.79494149e-02	3.19831196e-01	1.48886496e-01	1.70944700e-01
46              	-1.05427014e-02	2.80538240e-02	3.21835084e-01	1.50374840e-01	1.71460243e-01
47              	-9.87260868e-03	2.82721964e-02	3.24727285e-01	1.52491034e-01	1.72236251e-01
48              	-9.11521043e-03	2.85417046e-02	3.28257548e-01	1.55013563e-01	1.73243984e-01
49              	-8.36785307e-03	2.87958897e-02	3.32090554e-01	1.57677424e-01	1.74413130e-01
50              	-7.62947774e-03	2.90125914e-02	3.36224983e-01	1.60483014e-01	1.75741969e-01
51              	-7.08547814e-03	2.90983072e-02	3.39819822e-01	1.62824433e-01	1.76995389e-01
52              	-6.76502225e-03	2.90407369e-02	3.42618472e-01	1.64544214e-01	1.78074258e-01
53              	-6.65403602e-03	2.88546079e-02	3.44539777e-01	1.65615853e-01	1.78923925e-01
54              	-6.71409774e-03	2.85878999e-02	3.45564699e-01	1.66068252e-01	1.79496447e-01
55              	-6.86356002e-03	2.82695867e-02	3.46056425e-01	1.66164652e-01	1.79891772e-01
56              	-7.02945374e-03	2.79620218e-02	3.46228289e-01	1.66084691e-01	1.80143598e-01
57              	-7.18831681e-03	2.76635962e-02	3.46271923e-01	1.65947645e-01	1.80324278e-01
58              	-7.32744765e-03	2.73761884e-02	3.46277554e-01	1.65811329e-01	1.80466225e-01
59              	-7.40970068e-03	2.71340702e-02	3.46373731e-01	1.65777165e-01	1.80596566e-01
60              	-7.42190818e-03	2.69425033e-02	3.46630840e-01	1.65893512e-01	1.80737328e-01
61              	-7.35456550e-03	2.68137454e-02	3.47109413e-01	1.66200141e-01	1.80909272e-01
62              	-7.21413124e-03	2.67407714e-02	3.47818653e-01	1.66695195e-01	1.81123458e-01
63              	-7.02007219e-03	2.67058368e-02	3.48718530e-01	1.67339193e-01	1.81379337e-01
64              	-6.83258034e-03	2.66684117e-02	3.49616484e-01	1.67975662e-01	1.81640822e-01
65              	-6.64427399e-03	2.66226053e-02	3.50548100e-01	1.68629776e-01	1.81918324e-01
66              	-6.47585830e-03	2.65520903e-02	3.51442106e-01	1.69245195e-01	1.82196911e-01
67              	-6.35240992e-03	2.64453555e-02	3.52198128e-01	1.69746654e-01	1.82451474e-01
68              	-6.24428461e-03	2.63067807e-02	3.52939231e-01	1.70225331e-01	1.82713900e-01
69              	-6.17448913e-03	2.61352030e-02	3.53558369e-01	1.70604695e-01	1.82953673e-01
70              	-6.13519789e-03	2.59331528e-02	3.54086816e-01	1.70908210e-01	1.83178606e-01
71              	-6.12533676e-03	2.57079164e-02	3.54524244e-01	1.71136785e-01	1.83387459e-01
72              	-6.13629644e-03	2.54482843e-02	3.54922155e-01	1.71324781e-01	1.83597374e-01
73              	-6.17904729e-03	2.52088563e-02	3.55208926e-01	1.71425416e-01	1.83783510e-01
74              	-6.23625918e-03	2.49912912e-02	3.55464556e-01	1.71496019e-01	1.83968537e-01
75              	-6.29455942e-03	2.48038907e-02	3.55731145e-01	1.71571013e-01	1.84160132e-01
76              	-6.34915021e-03	2.46362084e-02	3.56059984e-01	1.71680842e-01	1.84379142e-01
77              	-6.39896604e-03	2.44749127e-02	3.56564996e-01	1.71883532e-01	1.84681464e-01
78              	-6.43303448e-03	2.43307259e-02	3.57255934e-01	1.72194932e-01	1.85061001e-01
79              	-6.45026217e-03	2.42097630e-02	3.58040678e-01	1.72570077e-01	1.85470601e-01
80              	-6.44981984e-03	2.41047265e-02	3.58941779e-01	1.73021069e-01	1.85920709e-01
81              	-6.43846121e-03	2.40094178e-02	3.59898758e-01	1.73510918e-01	1.86387840e-01
82              	-6.42282242e-03	2.39165946e-02	3.60879434e-01	1.74016895e-01	1.86862540e-01
83              	-6.40951843e-03	2.38204311e-02	3.61859377e-01	1.74520170e-01	1.87339207e-01
84              	-6.40658847e-03	2.37178237e-02	3.62793851e-01	1.74990337e-01	1.87803514e-01
85              	-6.41438490e-03	2.36071491e-02	3.63713807e-01	1.75442519e-01	1.88271289e-01
86              	-6.43440530e-03	2.34894953e-02	3.64619270e-01	1.75875230e-01	1.88744040e-01
87              	-6.46629459e-03	2.33674787e-02	3.65512353e-01	1.76289882e-01	1.89222471e-01
88              	-6.50809871e-03	2.32444489e-02	3.66396011e-01	1.76689907e-01	1.89706104e-01
89              	-6.55659379e-03	2.31225153e-02	3.67296898e-01	1.77091855e-01	1.90205043e-01
90              	-6.60798808e-03	2.30066119e-02	3.68186782e-01	1.77485403e-01	1.90701379e-01
91              	-6.65885026e-03	2.28984583e-02	3.69065060e-01	1.77873680e-01	1.91191380e-01
92              	-6.70696634e-03	2.27988930e-02	3.69909028e-01	1.78247548e-01	1.91661480e-01
93              	-6.75096927e-03	2.27060023e-02	3.70752099e-01	1.78625080e-01	1.92127019e-01
94              	-6.79031368e-03	2.26188007e-02	3.71599043e-01	1.79009208e-01	1.92589835e-01
95              	-6.82536817e-03	2.25361948e-02	3.72451555e-01	1.79400409e-01	1.93051146e-01
96              	-6.85734816e-03	2.24570410e-02	3.73308150e-01	1.79796727e-01	1.93511423e-01
97              	-6.88810133e-03	2.23801541e-02	3.74164507e-01	1.80194152e-01	1.93970355e-01
98              	-6.91982711e-03	2.23043774e-02	3.75014733e-01	1.80587539e-01	1.94427194e-01
99              	-6.95474257e-03	2.22286761e-02	3.75852749e-01	1.80971632e-01	1.94881117e-01
100             	-6.99487829e-03	2.21521691e-02	3.76672891e-01	1.81341567e-01	1.95331324e-01
101             	-7.04174378e-03	2.20742579e-02	3.77470986e-01	1.81693749e-01	1.95777237e-01
102             	-7.09621093e-03	2.19946629e-02	3.78244792e-01	1.82026185e-01	1.96218607e-01
103             	-7.15844351e-03	2.19134332e-02	3.78993739e-01	1.82338426e-01	1.96655313e-01
104             	-7.22795371e-03	2.18308640e-02	3.79718974e-01	1.82631533e-01	1.97087441e-01
105             	-7.30374310e-03	2.17474567e-02	3.80423268e-01	1.82907891e-01	1.97515377e-01
106             	-7.38434362e-03	2.16640004e-02	3.81110866e-01	1.83171090e-01	1.97939777e-01
107             	-7.46799664e-03	2.15813975e-02	3.81786710e-01	1.83425358e-01	1.98361352e-01
108             	-7.55304872e-03	2.15004059e-02	3.82455584e-01	1.83674743e-01	1.98780841e-01
109             	-7.63818520e-03	2.14215596e-02	3.83121519e-01	1.83922574e-01	1.99198945e-01
110             	-7.72260657e-03	2.13451529e-02	3.83787128e-01	1.84170958e-01	1.99616171e-01
111             	-7.80601329e-03	2.12712678e-02	3.84453342e-01	1.84420658e-01	2.00032684e-01
112             	-7.88850916e-03	2.11998408e-02	3.85119968e-01	1.84671475e-01	2.00448493e-01
113             	-7.97052957e-03	2.11307024e-02	3.85785693e-01	1.84922317e-01	2.00863376e-01
114             	-8.05012264e-03	2.10641692e-02	3.86428745e-01	1.85164250e-01	2.01264495e-01
115             	-8.13221951e-03	2.09986256e-02	3.87079449e-01	1.85407505e-01	2.01671944e-01
116             	-8.21694198e-03	2.09341772e-02	3.87732899e-01	1.85649508e-01	2.02083392e-01
117             	-8.30407056e-03	2.08711144e-02	3.88385457e-01	1.85888658e-01	2.02496799e-01
118             	-8.39301544e-03	2.08097593e-02	3.89033531e-01	1.86123750e-01	2.02909781e-01
119             	-8.48289036e-03	2.07503951e-02	3.89674365e-01	1.86354292e-01	2.03320073e-01
120             	-8.56947068e-03	2.06943853e-02	3.90289211e-01	1.86575135e-01	2.03714076e-01
121             	-8.65550278e-03	2.06403799e-02	3.90900513e-01	1.86794754e-01	2.04105759e-01
122             	-8.74013077e-03	2.05886765e-02	3.91513329e-01	1.87016534e-01	2.04496795e-01
123             	-8.82229830e-03	2.05397917e-02	3.92131355e-01	1.87243379e-01	2.04887976e-01
124             	-8.90097756e-03	2.04942956e-02	3.92756427e-01	1.87477236e-01	2.05279191e-01
125             	-8.97530263e-03	2.04527298e-02	3.93388477e-01	1.87718936e-01	2.05669541e-01
126             	-9.04481075e-03	2.04154913e-02	3.94026450e-01	1.87968414e-01	2.06058036e-01
127             	-9.10957224e-03	2.03827915e-02	3.94668279e-01	1.88224567e-01	2.06443712e-01
128             	-9.16764214e-03	2.03549822e-02	3.95286879e-01	1.88475797e-01	2.06811082e-01
129             	-9.22355585e-03	2.03311789e-02	3.95915976e-01	1.88734432e-01	2.07181544e-01
130             	-9.27773712e-03	2.03117429e-02	3.96555924e-01	1.89000225e-01	2.07555699e-01
131             	-9.33022509e-03	2.02971936e-02	3.97204874e-01	1.89272212e-01	2.07932662e-01
132             	-9.38074511e-03	2.02880039e-02	3.97859894e-01	1.89549202e-01	2.08310692e-01
133             	-9.42882342e-03	2.02845350e-02	3.98517318e-01	1.89829836e-01	2.08687483e-01
134             	-9.47391582e-03	2.02869002e-02	3.99174136e-01	1.90113152e-01	2.09060984e-01
135             	-9.51508808e-03	2.02948341e-02	3.99800507e-01	1.90385165e-01	2.09415342e-01
136             	-9.55323348e-03	2.03076175e-02	4.00428373e-01	1.90660953e-01	2.09767420e-01
137             	-9.58849870e-03	2.03251350e-02	4.01062333e-01	1.90942668e-01	2.10119665e-01
138             	-9.62088305e-03	2.03474222e-02	4.01705147e-01	1.91231691e-01	2.10473457e-01
139             	-9.65029477e-03	2.03745097e-02	4.02357166e-01	1.91528288e-01	2.10828878e-01
140             	-9.67614431e-03	2.04071371e-02	4.03048696e-01	1.91848204e-01	2.11200492e-01
141             	-9.69935504e-03	2.04438485e-02	4.03705722e-01	1.92153506e-01	2.11552216e-01
142             	-9.71983616e-03	2.04845519e-02	4.04363484e-01	1.92461906e-01	2.11901578e-01
143             	-9.73820214e-03	2.05287003e-02	4.05021975e-01	1.92772786e-01	2.12249190e-01
144             	-9.75515585e-03	2.05758393e-02	4.05681207e-01	1.93085448e-01	2.12595759e-01
145             	-9.77133496e-03	2.06255590e-02	4.06339376e-01	1.93398353e-01	2.12941023e-01
146             	-9.78728378e-03	2.06775540e-02	4.06995224e-01	1.93710328e-01	2.13284896e-01
147             	-9.80350889e-03	2.07315644e-02	4.07648350e-01	1.94020666e-01	2.13627684e-01
148             	-9.82041685e-03	2.07873222e-02	4.08298039e-01	1.94328603e-01	2.13969436e-01
149             	-9.83835126e-03	2.08445361e-02	4.08943671e-01	1.94633484e-01	2.14310187e-01
150             	-9.85754751e-03	2.09028932e-02	4.09584895e-01	1.94934900e-01	2.14649995e-01
151             	-9.87813763e-03	2.09620424e-02	4.10221016e-01	1.95232371e-01	2.14988646e-01
152             	-9.90019589e-03	2.10216753e-02	4.10852217e-01	1.95525913e-01	2.15326304e-01
153             	-9.92373331e-03	2.10815508e-02	4.11479104e-01	1.95815819e-01	2.15663285e-01
154             	-9.94865824e-03	2.11414604e-02	4.12101318e-01	1.96102001e-01	2.15999317e-01
155             	-9.97484070e-03	2.12012443e-02	4.12719182e-01	1.96384750e-01	2.16334432e-01
156             	-1.00020949e-02	2.12608048e-02	4.13333124e-01	1.96664467e-01	2.16668657e-01
157             	-1.00301994e-02	2.13200732e-02	4.13943043e-01	1.96941322e-01	2.17001721e-01
158             	-1.00589114e-02	2.13790113e-02	4.14548858e-01	1.97215517e-01	2.17333340e-01
159             	-1.00880048e-02	2.14376062e-02	4.15151063e-01	1.97487527e-01	2.17663536e-01
160             	-1.01172838e-02	2.14958336e-02	4.15750369e-01	1.97757901e-01	2.17992468e-01
161             	-1.01463306e-02	2.15520584e-02	4.16317432e-01	1.98012385e-01	2.18305047e-01
162             	-1.01757084e-02	2.16091860e-02	4.16922118e-01	1.98285351e-01	2.18636767e-01
163             	-1.02046375e-02	2.16643946e-02	4.17496629e-01	1.98543677e-01	2.18952952e-01
164             	-1.02332611e-02	2.17208161e-02	4.18109316e-01	1.98821397e-01	2.19287919e-01
165             	-1.02612305e-02	2.17754220e-02	4.18690306e-01	1.99083922e-01	2.19606383e-01
166             	-1.02886138e-02	2.18296684e-02	4.19278295e-01	1.99350534e-01	2.19927761e-01
167             	-1.03151932e-02	2.18835288e-02	4.19872142e-01	1.99620878e-01	2.20251264e-01
168             	-1.03408290e-02	2.19369927e-02	4.20470233e-01	1.99894287e-01	2.20575945e-01
169             	-1.03654771e-02	2.19900313e-02	4.21071386e-01	2.00170216e-01	2.20901170e-01
170             	-1.03890774e-02	2.20425457e-02	4.21672727e-01	2.00447286e-01	2.21225441e-01
171             	-1.04122327e-02	2.20927446e-02	4.22232699e-01	2.00704117e-01	2.21528582e-01
172             	-1.04340146e-02	2.21434937e-02	4.22844139e-01	2.00988055e-01	2.21856084e-01
173             	-1.04553250e-02	2.21920529e-02	4.23416106e-01	2.01252728e-01	2.22163378e-01
174             	-1.04756616e-02	2.22397696e-02	4.23999192e-01	2.01523934e-01	2.22475257e-01
175             	-1.04948880e-02	2.22869744e-02	4.24595457e-01	2.01802841e-01	2.22792617e-01
176             	-1.05127151e-02	2.23339095e-02	4.25201763e-01	2.02088167e-01	2.23113597e-01
177             	-1.05289418e-02	2.23805918e-02	4.25812059e-01	2.02377088e-01	2.23434971e-01
178             	-1.05435851e-02	2.24268716e-02	4.26421580e-01	2.02667205e-01	2.23754375e-01
179             	-1.05568294e-02	2.24724425e-02	4.27026813e-01	2.02956577e-01	2.24070236e-01
180             	-1.05690300e-02	2.25170364e-02	4.27627924e-01	2.03244932e-01	2.24382992e-01
181             	-1.05805624e-02	2.25603994e-02	4.28224959e-01	2.03531917e-01	2.24693042e-01
182             	-1.05918355e-02	2.26023713e-02	4.28818805e-01	2.03817567e-01	2.25001238e-01
183             	-1.06032811e-02	2.26429512e-02	4.29411857e-01	2.04102648e-01	2.25309210e-01
184             	-1.06152986e-02	2.26821650e-02	4.30004778e-01	2.04387091e-01	2.25617688e-01
185             	-1.06282297e-02	2.27200486e-02	4.30597122e-01	2.04670332e-01	2.25926791e-01
186             	-1.06423833e-02	2.27566651e-02	4.31188819e-01	2.04952026e-01	2.26236793e-01
187             	-1.06580787e-02	2.27920829e-02	4.31780441e-01	2.05232142e-01	2.26548299e-01
188             	-1.06756090e-02	2.28262622e-02	4.32370684e-01	2.05509733e-01	2.26860951e-01
189             	-1.06953111e-02	2.28590553e-02	4.32957402e-01	2.05783390e-01	2.27174012e-01
190             	-1.07176427e-02	2.28902737e-02	4.33539351e-01	2.06052033e-01	2.27487318e-01
191             	-1.07430969e-02	2.29196619e-02	4.34114347e-01	2.06314077e-01	2.27800271e-01
192             	-1.07721601e-02	2.29468632e-02	4.34679350e-01	2.06567515e-01	2.28111835e-01
193             	-1.08052853e-02	2.29715624e-02	4.35231752e-01	2.06810590e-01	2.28421161e-01
194             	-1.08430019e-02	2.29935729e-02	4.35771746e-01	2.07042871e-01	2.28728875e-01
195             	-1.08859106e-02	2.30128051e-02	4.36301018e-01	2.07264598e-01	2.29036420e-01
196             	-1.09345367e-02	2.30292161e-02	4.36819965e-01	2.07475446e-01	2.29344519e-01
197             	-1.09870448e-02	2.30417376e-02	4.37298088e-01	2.07661999e-01	2.29636089e-01
198             	-1.10485690e-02	2.30517861e-02	4.37798694e-01	2.07850778e-01	2.29947916e-01
199             	-1.11168048e-02	2.30591726e-02	4.38290210e-01	2.08028300e-01	2.30261910e-01
200             	-1.11916527e-02	2.30641498e-02	4.38770695e-01	2.08193695e-01	2.30577000e-01
201             	-1.12690916e-02	2.30662220e-02	4.39210662e-01	2.08336239e-01	2.30874423e-01
202             	-1.13567017e-02	2.30656978e-02	4.39664697e-01	2.08475647e-01	2.31189050e-01
203             	-1.14502776e-02	2.30625717e-02	4.40103723e-01	2.08601584e-01	2.31502139e-01
204             	-1.15444516e-02	2.30566840e-02	4.40502689e-01	2.08706893e-01	2.31795796e-01
205             	-1.16500112e-02	2.30473713e-02	4.40914386e-01	2.08807182e-01	2.32107204e-01
206             	-1.17612551e-02	2.30352438e-02	4.41314129e-01	2.08895810e-01	2.32418320e-01
207             	-1.18774932e-02	2.30204932e-02	4.41701709e-01	2.08973361e-01	2.32728347e-01
208             	-1.19907061e-02	2.30039140e-02	4.42056939e-01	2.09037763e-01	2.33019176e-01
209             	-1.21142805e-02	2.29835617e-02	4.42422732e-01	2.09097086e-01	2.33325647e-01
210             	-1.22399843e-02	2.29609198e-02	4.42779848e-01	2.09149940e-01	2.33629908e-01
211             	-1.23665411e-02	2.29363193e-02	4.43129380e-01	2.09198149e-01	2.33931231e-01
212             	-1.24842847e-02	2.29114943e-02	4.43456973e-01	2.09244202e-01	2.34212771e-01
213             	-1.26095209e-02	2.28829826e-02	4.43800929e-01	2.09290943e-01	2.34509985e-01
214             	-1.27323742e-02	2.28532539e-02	4.44146606e-01	2.09340929e-01	2.34805677e-01
215             	-1.28428713e-02	2.28247115e-02	4.44480864e-01	2.09397561e-01	2.35083303e-01
216             	-1.29581016e-02	2.27930546e-02	4.44840570e-01	2.09462183e-01	2.35378387e-01
217             	-1.30674499e-02	2.27614275e-02	4.45209575e-01	2.09537338e-01	2.35672237e-01
218             	-1.31612328e-02	2.27324913e-02	4.45571331e-01	2.09624433e-01	2.35946898e-01
219             	-1.32550233e-02	2.27016034e-02	4.45963249e-01	2.09726601e-01	2.36236648e-01
220             	-1.33392204e-02	2.26718117e-02	4.46366703e-01	2.09844131e-01	2.36522572e-01
221             	-1.34064488e-02	2.26453210e-02	4.46761938e-01	2.09974520e-01	2.36787418e-01
222             	-1.34692227e-02	2.26175936e-02	4.47192504e-01	2.10127029e-01	2.37065475e-01
223             	-1.35159477e-02	2.25929746e-02	4.47614487e-01	2.10291296e-01	2.37323191e-01
224             	-1.35565736e-02	2.25672058e-02	4.48079047e-01	2.10482950e-01	2.37596097e-01
225             	-1.35832716e-02	2.25443059e-02	4.48533422e-01	2.10683439e-01	2.37849982e-01
226             	-1.36026039e-02	2.25205195e-02	4.49036708e-01	2.10915750e-01	2.38120958e-01
227             	-1.36105580e-02	2.24994408e-02	4.49525247e-01	2.11152066e-01	2.38373182e-01
228             	-1.36100046e-02	2.24779105e-02	4.50066089e-01	2.11423040e-01	2.38643049e-01
229             	-1.36009133e-02	2.24588453e-02	4.50584695e-01	2.11691434e-01	2.38893261e-01
230             	-1.35824561e-02	2.24396951e-02	4.51156607e-01	2.11995847e-01	2.39160760e-01
231             	-1.35561571e-02	2.24219976e-02	4.51736877e-01	2.12312282e-01	2.39424596e-01
232             	-1.35257594e-02	2.24061133e-02	4.52282144e-01	2.12615313e-01	2.39666831e-01
233             	-1.34852880e-02	2.23903452e-02	4.52880160e-01	2.12954792e-01	2.39925368e-01
234             	-1.34390255e-02	2.23755277e-02	4.53482575e-01	2.13302262e-01	2.40180313e-01
235             	-1.33877264e-02	2.23615618e-02	4.54087709e-01	2.13656128e-01	2.40431581e-01
236             	-1.33320451e-02	2.23483086e-02	4.54694808e-01	2.14015359e-01	2.40679449e-01
237             	-1.32725617e-02	2.23356247e-02	4.55304104e-01	2.14379490e-01	2.40924614e-01
238             	-1.32097151e-02	2.23233956e-02	4.55916638e-01	2.14748604e-01	2.41168034e-01
239             	-1.31439142e-02	2.23115586e-02	4.56533494e-01	2.15122833e-01	2.41410661e-01
240             	-1.30755260e-02	2.23000862e-02	4.57155652e-01	2.15502300e-01	2.41653352e-01
241             	-1.30048913e-02	2.22889892e-02	4.57783830e-01	2.15887024e-01	2.41896806e-01
242             	-1.29323749e-02	2.22782902e-02	4.58418112e-01	2.16276681e-01	2.42141431e-01
243             	-1.28583779e-02	2.22680032e-02	4.59057850e-01	2.16670547e-01	2.42387303e-01
244             	-1.27833377e-02	2.22581137e-02	4.59701761e-01	2.17067543e-01	2.42634218e-01
245             	-1.27076988e-02	2.22485703e-02	4.60348195e-01	2.17466399e-01	2.42881796e-01
246             	-1.26319231e-02	2.22392805e-02	4.60995221e-01	2.17865688e-01	2.43129534e-01
247             	-1.25564529e-02	2.22301269e-02	4.61640947e-01	2.18264021e-01	2.43376926e-01
248             	-1.24816839e-02	2.22209854e-02	4.62283792e-01	2.18660212e-01	2.43623580e-01
249             	-1.24079688e-02	2.22117273e-02	4.62922537e-01	2.19053300e-01	2.43869238e-01
250             	-1.23355965e-02	2.22022409e-02	4.63556530e-01	2.19442668e-01	2.44113861e-01
251             	-1.22647948e-02	2.21924421e-02	4.64185584e-01	2.19827997e-01	2.44357587e-01
252             	-1.21957425e-02	2.21822813e-02	4.64809697e-01	2.20209106e-01	2.44600591e-01
253             	-1.21285364e-02	2.21717378e-02	4.65429141e-01	2.20586034e-01	2.44843107e-01
254             	-1.20632123e-02	2.21608128e-02	4.66044307e-01	2.20958941e-01	2.45085366e-01
255             	-1.19997664e-02	2.21495226e-02	4.66655561e-01	2.21328014e-01	2.45327547e-01
256             	-1.19381643e-02	2.21378905e-02	4.67263182e-01	2.21693427e-01	2.45569756e-01
257             	-1.18783722e-02	2.21259289e-02	4.67867253e-01	2.22055254e-01	2.45811999e-01
258             	-1.18203440e-02	2.21136483e-02	4.68467716e-01	2.22413514e-01	2.46054202e-01
259             	-1.17640331e-02	2.21010454e-02	4.69064435e-01	2.22768184e-01	2.46296251e-01
260             	-1.17094112e-02	2.20881086e-02	4.69657202e-01	2.23119190e-01	2.46538012e-01
261             	-1.16564785e-02	2.20748163e-02	4.70245793e-01	2.23466418e-01	2.46779375e-01
262             	-1.16052628e-02	2.20611379e-02	4.70829931e-01	2.23809703e-01	2.47020229e-01
263             	-1.15558001e-02	2.20470463e-02	4.71409349e-01	2.24148874e-01	2.47260475e-01
264             	-1.15081284e-02	2.20325210e-02	4.71983846e-01	2.24483794e-01	2.47500051e-01
265             	-1.14623227e-02	2.20175417e-02	4.72553187e-01	2.24814271e-01	2.47738916e-01
266             	-1.14184691e-02	2.20020904e-02	4.73117120e-01	2.25140091e-01	2.47977029e-01
267             	-1.13766174e-02	2.19861525e-02	4.73675554e-01	2.25461160e-01	2.48214395e-01
268             	-1.13367820e-02	2.19697258e-02	4.74228480e-01	2.25777458e-01	2.48451022e-01
269             	-1.12989792e-02	2.19528152e-02	4.74775799e-01	2.26088920e-01	2.48686879e-01
270             	-1.12632220e-02	2.19354171e-02	4.75317452e-01	2.26395504e-01	2.48921948e-01
271             	-1.12294854e-02	2.19175255e-02	4.75853643e-01	2.26697336e-01	2.49156307e-01
272             	-1.11977408e-02	2.18991368e-02	4.76384440e-01	2.26994479e-01	2.49389961e-01
273             	-1.11679461e-02	2.18802477e-02	4.76909899e-01	2.27287003e-01	2.49622896e-01
274             	-1.11400500e-02	2.18608527e-02	4.77430127e-01	2.27575014e-01	2.49855113e-01
275             	-1.11139893e-02	2.18409436e-02	4.77945293e-01	2.27858657e-01	2.50086636e-01
276             	-1.10896872e-02	2.18205154e-02	4.78455528e-01	2.28138077e-01	2.50317451e-01
277             	-1.10670686e-02	2.17995696e-02	4.78960862e-01	2.28413362e-01	2.50547500e-01
278             	-1.10497822e-02	2.17790297e-02	4.79420832e-01	2.28660634e-01	2.50760198e-01
279             	-1.10298069e-02	2.17564145e-02	4.79926279e-01	2.28933332e-01	2.50992946e-01
280             	-1.10109343e-02	2.17333774e-02	4.80430976e-01	2.29204554e-01	2.51226422e-01
281             	-1.09931374e-02	2.17100850e-02	4.80933425e-01	2.29473575e-01	2.51459850e-01
282             	-1.09799560e-02	2.16877143e-02	4.81389789e-01	2.29714938e-01	2.51674850e-01
283             	-1.09643432e-02	2.16633647e-02	4.81889324e-01	2.29980319e-01	2.51909005e-01
284             	-1.09532706e-02	2.16399608e-02	4.82341432e-01	2.30217445e-01	2.52123987e-01
285             	-1.09400407e-02	2.16144113e-02	4.82836280e-01	2.30478099e-01	2.52358181e-01
286             	-1.09312459e-02	2.15899797e-02	4.83282120e-01	2.30709814e-01	2.52572306e-01
287             	-1.09235443e-02	2.15647664e-02	4.83727368e-01	2.30940140e-01	2.52787229e-01
288             	-1.09167987e-02	2.15387284e-02	4.84174404e-01	2.31170403e-01	2.53004001e-01
289             	-1.09108586e-02	2.15119548e-02	4.84624750e-01	2.31401517e-01	2.53223234e-01
290             	-1.09056018e-02	2.14846330e-02	4.85078367e-01	2.31633582e-01	2.53444785e-01
291             	-1.09009247e-02	2.14569567e-02	4.85534420e-01	2.31866285e-01	2.53668135e-01
292             	-1.08967863e-02	2.14290992e-02	4.85990836e-01	2.32098632e-01	2.53892204e-01
293             	-1.08932144e-02	2.14011683e-02	4.86444925e-01	2.32329248e-01	2.54115677e-01
294             	-1.08903119e-02	2.13732136e-02	4.86893607e-01	2.32556492e-01	2.54337115e-01
295             	-1.08881976e-02	2.13451643e-02	4.87335112e-01	2.32779358e-01	2.54555753e-01
296             	-1.08870121e-02	2.13169479e-02	4.87767794e-01	2.32996885e-01	2.54770909e-01
297             	-1.08868782e-02	2.12885105e-02	4.88190772e-01	2.33208508e-01	2.54982264e-01
298             	-1.08878411e-02	2.12597912e-02	4.88604868e-01	2.33414593e-01	2.55190275e-01
299             	-1.08898724e-02	2.12308057e-02	4.89011694e-01	2.33615975e-01	2.55395720e-01
300             	-1.08928516e-02	2.12016302e-02	4.89413549e-01	2.33813923e-01	2.55599626e-01
301             	-1.08965858e-02	2.11724021e-02	4.89812794e-01	2.34009811e-01	2.55802983e-01
302             	-1.09008321e-02	2.11432979e-02	4.90211499e-01	2.34204917e-01	2.56006582e-01
303             	-1.09053231e-02	2.11144919e-02	4.90611412e-01	2.34400383e-01	2.56211029e-01
304             	-1.09098143e-02	2.10861499e-02	4.91013160e-01	2.34596766e-01	2.56416394e-01
305             	-1.09141149e-02	2.10583885e-02	4.91416421e-01	2.34794096e-01	2.56622325e-01
306             	-1.09181096e-02	2.10312429e-02	4.91820325e-01	2.34992053e-01	2.56828272e-01
307             	-1.09217658e-02	2.10046572e-02	4.92223894e-01	2.35190181e-01	2.57033713e-01
308             	-1.09251317e-02	2.09785052e-02	4.92626176e-01	2.35387956e-01	2.57238220e-01
309             	-1.09283068e-02	2.09526204e-02	4.93026581e-01	2.35584984e-01	2.57441597e-01
310             	-1.09314128e-02	2.09268393e-02	4.93424812e-01	2.35780993e-01	2.57643819e-01
311             	-1.09345798e-02	2.09010281e-02	4.93820744e-01	2.35975792e-01	2.57844952e-01
312             	-1.09379242e-02	2.08750951e-02	4.94214459e-01	2.36169305e-01	2.58045154e-01
313             	-1.09415347e-02	2.08490058e-02	4.94606024e-01	2.36361477e-01	2.58244547e-01
314             	-1.09454646e-02	2.08227745e-02	4.94995559e-01	2.36552315e-01	2.58443244e-01
315             	-1.09497250e-02	2.07964501e-02	4.95383300e-01	2.36741925e-01	2.58641375e-01
316             	-1.09543114e-02	2.07701183e-02	4.95768972e-01	2.36930174e-01	2.58838797e-01
317             	-1.09591918e-02	2.07438653e-02	4.96152358e-01	2.37116987e-01	2.59035371e-01
318             	-1.09643080e-02	2.07177669e-02	4.96533426e-01	2.37302405e-01	2.59231021e-01
319             	-1.09695935e-02	2.06918841e-02	4.96912177e-01	2.37486495e-01	2.59425682e-01
320             	-1.09749884e-02	2.06662573e-02	4.97288651e-01	2.37669337e-01	2.59619314e-01
321             	-1.09804410e-02	2.06409038e-02	4.97663027e-01	2.37851072e-01	2.59811954e-01
322             	-1.09859179e-02	2.06158217e-02	4.98035399e-01	2.38031782e-01	2.60003617e-01
323             	-1.09914000e-02	2.05909889e-02	4.98405951e-01	2.38211575e-01	2.60194375e-01
324             	-1.09968781e-02	2.05663708e-02	4.98774908e-01	2.38390576e-01	2.60384332e-01
325             	-1.10023600e-02	2.05419201e-02	4.99142515e-01	2.38568898e-01	2.60573618e-01
326             	-1.10078737e-02	2.05175878e-02	4.99508759e-01	2.38746506e-01	2.60762253e-01
327             	-1.10134619e-02	2.04933176e-02	4.99873625e-01	2.38923351e-01	2.60950275e-01
328             	-1.10191690e-02	2.04690588e-02	5.00236962e-01	2.39099312e-01	2.61137650e-01
329             	-1.10250325e-02	2.04447664e-02	5.00598534e-01	2.39274235e-01	2.61324300e-01
330             	-1.10310805e-02	2.04204004e-02	5.00958124e-01	2.39447982e-01	2.61510143e-01
331             	-1.10373411e-02	2.03959288e-02	5.01315503e-01	2.39620411e-01	2.61695093e-01
332             	-1.10438286e-02	2.03713279e-02	5.01670567e-01	2.39791455e-01	2.61879112e-01
333             	-1.10505437e-02	2.03465840e-02	5.02023308e-01	2.39961110e-01	2.62062197e-01
334             	-1.10574728e-02	2.03216980e-02	5.02373785e-01	2.40129420e-01	2.62244366e-01
335             	-1.10645900e-02	2.02966820e-02	5.02722195e-01	2.40296507e-01	2.62425687e-01
336             	-1.10718698e-02	2.02715570e-02	5.03068720e-01	2.40462490e-01	2.62606230e-01
337             	-1.10792914e-02	2.02463490e-02	5.03413528e-01	2.40627473e-01	2.62786056e-01
338             	-1.10868366e-02	2.02210889e-02	5.03756757e-01	2.40791542e-01	2.62965215e-01
339             	-1.10944882e-02	2.01958076e-02	5.04098532e-01	2.40954778e-01	2.63143754e-01
340             	-1.11022259e-02	2.01705352e-02	5.04438900e-01	2.41117224e-01	2.63321676e-01
341             	-1.11092733e-02	2.01439192e-02	5.04811438e-01	2.41296446e-01	2.63514992e-01
342             	-1.11169861e-02	2.01195291e-02	5.05141608e-01	2.41453818e-01	2.63687790e-01
343             	-1.11248482e-02	2.00951790e-02	5.05466846e-01	2.41608575e-01	2.63858271e-01
344             	-1.11329573e-02	2.00706572e-02	5.05788189e-01	2.41761137e-01	2.64027052e-01
345             	-1.11413763e-02	2.00458283e-02	5.06107498e-01	2.41912373e-01	2.64195125e-01
346             	-1.11496300e-02	2.00192006e-02	5.06458434e-01	2.42079587e-01	2.64378847e-01
347             	-1.11584446e-02	1.99945339e-02	5.06773069e-01	2.42228090e-01	2.64544979e-01
348             	-1.11674859e-02	1.99697167e-02	5.07087390e-01	2.42376209e-01	2.64711181e-01
349             	-1.11763289e-02	1.99432373e-02	5.07433465e-01	2.42540403e-01	2.64893061e-01
350             	-1.11854531e-02	1.99188240e-02	5.07744331e-01	2.42686712e-01	2.65057619e-01
351             	-1.11946400e-02	1.98943142e-02	5.08054491e-01	2.42832605e-01	2.65221885e-01
352             	-1.12035584e-02	1.98681321e-02	5.08395244e-01	2.42994063e-01	2.65401180e-01
353             	-1.12126294e-02	1.98439353e-02	5.08701332e-01	2.43138037e-01	2.65563296e-01
354             	-1.12217438e-02	1.98195453e-02	5.09006805e-01	2.43281659e-01	2.65725146e-01
355             	-1.12306434e-02	1.97933783e-02	5.09342574e-01	2.43440644e-01	2.65901930e-01
356             	-1.12396886e-02	1.97691615e-02	5.09644715e-01	2.43582669e-01	2.66062046e-01
357             	-1.12488225e-02	1.97447366e-02	5.09946538e-01	2.43724446e-01	2.66222091e-01
358             	-1.12578374e-02	1.97185382e-02	5.10278124e-01	2.43881224e-01	2.66396899e-01
359             	-1.12670060e-02	1.96943434e-02	5.10576694e-01	2.44021341e-01	2.66555353e-01
360             	-1.12762998e-02	1.96699977e-02	5.10874671e-01	2.44161036e-01	2.66713635e-01
361             	-1.12857436e-02	1.96454365e-02	5.11172944e-01	2.44300729e-01	2.66872216e-01
362             	-1.12951606e-02	1.96191628e-02	5.11500673e-01	2.44455176e-01	2.67045497e-01
363             	-1.13046301e-02	1.95950389e-02	5.11795906e-01	2.44593323e-01	2.67202583e-01
364             	-1.13141763e-02	1.95709027e-02	5.12090047e-01	2.44730847e-01	2.67359200e-01
365             	-1.13238126e-02	1.95466643e-02	5.12383715e-01	2.44868045e-01	2.67515670e-01
366             	-1.13335372e-02	1.95222797e-02	5.12677821e-01	2.45005373e-01	2.67672448e-01
367             	-1.13433298e-02	1.94977594e-02	5.12973134e-01	2.45143237e-01	2.67829897e-01
368             	-1.13531528e-02	1.94731735e-02	5.13269700e-01	2.45281697e-01	2.67988003e-01
369             	-1.13629619e-02	1.94486129e-02	5.13567021e-01	2.45420549e-01	2.68146472e-01
370             	-1.13727178e-02	1.94241543e-02	5.13864307e-01	2.45559436e-01	2.68304871e-01
371             	-1.13823954e-02	1.93998473e-02	5.14160515e-01	2.45697862e-01	2.68462653e-01
372             	-1.13919974e-02	1.93757015e-02	5.14454558e-01	2.45835281e-01	2.68619276e-01
373             	-1.14015533e-02	1.93516857e-02	5.14745608e-01	2.45971251e-01	2.68774357e-01
374             	-1.14111150e-02	1.93277481e-02	5.15033070e-01	2.46105420e-01	2.68927650e-01
375             	-1.14207445e-02	1.93038266e-02	5.15316777e-01	2.46237644e-01	2.69079133e-01
376             	-1.14305011e-02	1.92798676e-02	5.15596928e-01	2.46367963e-01	2.69228965e-01
377             	-1.14404298e-02	1.92558366e-02	5.15874039e-01	2.46496590e-01	2.69377449e-01
378             	-1.14505522e-02	1.92317212e-02	5.16148915e-01	2.46623905e-01	2.69525010e-01
379             	-1.14608587e-02	1.92075403e-02	5.16422387e-01	2.46750335e-01	2.69672052e-01
380             	-1.14713129e-02	1.91833338e-02	5.16695192e-01	2.46876283e-01	2.69818909e-01
381             	-1.14818608e-02	1.91591581e-02	5.16967754e-01	2.47002016e-01	2.69965738e-01
382             	-1.14924375e-02	1.91350656e-02	5.17240287e-01	2.47127706e-01	2.70112581e-01
383             	-1.15029782e-02	1.91110942e-02	5.17512826e-01	2.47253435e-01	2.70259391e-01
384             	-1.15134296e-02	1.90872657e-02	5.17785160e-01	2.47379151e-01	2.70406010e-01
385             	-1.15237572e-02	1.90635840e-02	5.18056880e-01	2.47504683e-01	2.70552197e-01
386             	-1.15339488e-02	1.90400339e-02	5.18327528e-01	2.47629815e-01	2.70697713e-01
387             	-1.15440162e-02	1.90165885e-02	5.18596641e-01	2.47754304e-01	2.70842337e-01
388             	-1.15539893e-02	1.89932087e-02	5.18863950e-01	2.47877986e-01	2.70985964e-01
389             	-1.15639101e-02	1.89698614e-02	5.19129243e-01	2.48000711e-01	2.71128532e-01
390             	-1.15738241e-02	1.89465223e-02	5.19392460e-01	2.48122406e-01	2.71270054e-01
391             	-1.15837722e-02	1.89231768e-02	5.19653699e-01	2.48243078e-01	2.71410622e-01
392             	-1.15937805e-02	1.88998297e-02	5.19913101e-01	2.48362770e-01	2.71550331e-01
393             	-1.16038639e-02	1.88764855e-02	5.20170957e-01	2.48481615e-01	2.71689342e-01
394             	-1.16140147e-02	1.88531685e-02	5.20427512e-01	2.48599741e-01	2.71827770e-01
395             	-1.16242105e-02	1.88299074e-02	5.20682995e-01	2.48717287e-01	2.71965708e-01
396             	-1.16344159e-02	1.88067359e-02	5.20937531e-01	2.48834350e-01	2.72103182e-01
397             	-1.16445911e-02	1.87836814e-02	5.21191190e-01	2.48951004e-01	2.72240186e-01
398             	-1.16546988e-02	1.87607645e-02	5.21443918e-01	2.49067260e-01	2.72376658e-01
399             	-1.16647065e-02	1.87379959e-02	5.21695644e-01	2.49183115e-01	2.72512528e-01
400             	-1.16745900e-02	1.87153812e-02	5.21946222e-01	2.49298521e-01	2.72647701e-01
401             	-1.16843416e-02	1.86929062e-02	5.22195619e-01	2.49413468e-01	2.72782151e-01
402             	-1.16939663e-02	1.86705375e-02	5.22444036e-01	2.49528052e-01	2.72915984e-01
403             	-1.17034685e-02	1.86482792e-02	5.22691272e-01	2.49642167e-01	2.73049104e-01
404             	-1.17128617e-02	1.86261195e-02	5.22937324e-01	2.49755801e-01	2.73181524e-01
405             	-1.17221617e-02	1.86040490e-02	5.23182214e-01	2.49868946e-01	2.73313269e-01
406             	-1.17313826e-02	1.85820580e-02	5.23426065e-01	2.49981650e-01	2.73444415e-01
407             	-1.17405327e-02	1.85601463e-02	5.23668972e-01	2.50093953e-01	2.73575019e-01
408             	-1.17496126e-02	1.85383245e-02	5.23910933e-01	2.50205854e-01	2.73705079e-01
409             	-1.17586173e-02	1.85166052e-02	5.24151931e-01	2.50317348e-01	2.73834583e-01
410             	-1.17675375e-02	1.84949987e-02	5.24391984e-01	2.50428454e-01	2.73963529e-01
411             	-1.17763622e-02	1.84735151e-02	5.24631062e-01	2.50539169e-01	2.74091893e-01
412             	-1.17850773e-02	1.84521720e-02	5.24869011e-01	2.50649428e-01	2.74219583e-01
413             	-1.17936752e-02	1.84309596e-02	5.25105965e-01	2.50759307e-01	2.74346658e-01
414             	-1.18021464e-02	1.84098805e-02	5.25341931e-01	2.50868819e-01	2.74473112e-01
415             	-1.18104834e-02	1.83889378e-02	5.25576913e-01	2.50977973e-01	2.74598940e-01
416             	-1.18186819e-02	1.83681295e-02	5.25810992e-01	2.51086814e-01	2.74724178e-01
417             	-1.18267392e-02	1.83474541e-02	5.26044231e-01	2.51195376e-01	2.74848855e-01
418             	-1.18346541e-02	1.83269109e-02	5.26276666e-01	2.51303679e-01	2.74972987e-01
419             	-1.18424263e-02	1.83065027e-02	5.26508269e-01	2.51411708e-01	2.75096561e-01
420             	-1.18500554e-02	1.82862324e-02	5.26738988e-01	2.51519439e-01	2.75219549e-01
421             	-1.18575418e-02	1.82660992e-02	5.26968823e-01	2.51626870e-01	2.75341953e-01
422             	-1.18648875e-02	1.82460986e-02	5.27197791e-01	2.51734008e-01	2.75463783e-01
423             	-1.18720936e-02	1.82262300e-02	5.27425875e-01	2.51840844e-01	2.75585031e-01
424             	-1.18791616e-02	1.82064906e-02	5.27653061e-01	2.51947369e-01	2.75705692e-01
425             	-1.18860924e-02	1.81868790e-02	5.27879309e-01	2.52053562e-01	2.75825747e-01
426             	-1.18928862e-02	1.81673937e-02	5.28104592e-01	2.52159410e-01	2.75945182e-01
427             	-1.18995419e-02	1.81480320e-02	5.28328923e-01	2.52264919e-01	2.76064003e-01
428             	-1.19060599e-02	1.81287879e-02	5.28552367e-01	2.52370124e-01	2.76182243e-01
429             	-1.19124355e-02	1.81096635e-02	5.28774959e-01	2.52475044e-01	2.76299915e-01
430             	-1.19186655e-02	1.80906590e-02	5.28996733e-01	2.52579701e-01	2.76417032e-01
431             	-1.19247485e-02	1.80717757e-02	5.29217682e-01	2.52684093e-01	2.76533590e-01
432             	-1.19306834e-02	1.80530130e-02	5.29437817e-01	2.52788225e-01	2.76649592e-01
433             	-1.19364693e-02	1.80343698e-02	5.29657154e-01	2.52892108e-01	2.76765046e-01
434             	-1.19421039e-02	1.80158456e-02	5.29875705e-01	2.52995749e-01	2.76879956e-01
435             	-1.19475850e-02	1.79974405e-02	5.30093454e-01	2.53099142e-01	2.76994312e-01
436             	-1.19529123e-02	1.79791524e-02	5.30310399e-01	2.53202287e-01	2.77108112e-01
437             	-1.19580858e-02	1.79609776e-02	5.30526562e-01	2.53305195e-01	2.77221367e-01
438             	-1.19631062e-02	1.79429120e-02	5.30741969e-01	2.53407878e-01	2.77334091e-01
439             	-1.19679754e-02	1.79249532e-02	5.30956601e-01	2.53510325e-01	2.77446276e-01
440             	-1.19726955e-02	1.79071006e-02	5.31170414e-01	2.53612512e-01	2.77557903e-01
441             	-1.19772691e-02	1.78893526e-02	5.31383370e-01	2.53714416e-01	2.77668954e-01
442             	-1.19816987e-02	1.78717064e-02	5.31595454e-01	2.53816028e-01	2.77779426e-01
443             	-1.19857085e-02	1.78531202e-02	5.31824932e-01	2.53926758e-01	2.77898175e-01
444             	-1.19897632e-02	1.78361098e-02	5.32032830e-01	2.54026652e-01	2.78006178e-01
445             	-1.19936892e-02	1.78192581e-02	5.32237507e-01	2.54125064e-01	2.78112443e-01
446             	-1.19975347e-02	1.78024468e-02	5.32439256e-01	2.54222093e-01	2.78217163e-01
447             	-1.20013391e-02	1.77855754e-02	5.32639178e-01	2.54318250e-01	2.78320928e-01
448             	-1.20051183e-02	1.77685885e-02	5.32838776e-01	2.54414270e-01	2.78424506e-01
449             	-1.20085691e-02	1.77504423e-02	5.33057086e-01	2.54519974e-01	2.78537112e-01
450             	-1.20121304e-02	1.77337100e-02	5.33257802e-01	2.54616771e-01	2.78641032e-01
451             	-1.20155448e-02	1.77171010e-02	5.33458551e-01	2.54713731e-01	2.78744820e-01
452             	-1.20187884e-02	1.77005986e-02	5.33659265e-01	2.54810844e-01	2.78848421e-01
453             	-1.20214676e-02	1.76831808e-02	5.33877882e-01	2.54917473e-01	2.78960409e-01
454             	-1.20242342e-02	1.76672263e-02	5.34077213e-01	2.55014372e-01	2.79062840e-01
455             	-1.20268021e-02	1.76514042e-02	5.34274771e-01	2.55110583e-01	2.79164188e-01
456             	-1.20292106e-02	1.76356063e-02	5.34470888e-01	2.55206233e-01	2.79264654e-01
457             	-1.20307887e-02	1.76181416e-02	5.34692672e-01	2.55315547e-01	2.79377125e-01
458             	-1.20324814e-02	1.76022668e-02	5.34896626e-01	2.55415832e-01	2.79480794e-01
459             	-1.20344952e-02	1.75875093e-02	5.35081467e-01	2.55506238e-01	2.79575229e-01
460             	-1.20365249e-02	1.75724579e-02	5.35266232e-01	2.55596591e-01	2.79669641e-01
461             	-1.20381493e-02	1.75560722e-02	5.35469210e-01	2.55696456e-01	2.79772755e-01
462             	-1.20401143e-02	1.75407218e-02	5.35656350e-01	2.55788061e-01	2.79868289e-01
463             	-1.20420054e-02	1.75252857e-02	5.35844698e-01	2.55880344e-01	2.79964355e-01
464             	-1.20430348e-02	1.75083049e-02	5.36059399e-01	2.55986665e-01	2.80072734e-01
465             	-1.20438574e-02	1.74924072e-02	5.36267155e-01	2.56089720e-01	2.80177435e-01
466             	-1.20445107e-02	1.74774893e-02	5.36466781e-01	2.56188880e-01	2.80277901e-01
467             	-1.20453213e-02	1.74637452e-02	5.36651228e-01	2.56280293e-01	2.80370935e-01
468             	-1.20464876e-02	1.74505359e-02	5.36821055e-01	2.56364040e-01	2.80457015e-01
469             	-1.20476518e-02	1.74365744e-02	5.36995105e-01	2.56449901e-01	2.80545204e-01
470             	-1.20479894e-02	1.74205040e-02	5.37198450e-01	2.56551236e-01	2.80647214e-01
471             	-1.20481575e-02	1.74049786e-02	5.37399914e-01	2.56651800e-01	2.80748115e-01
472             	-1.20481406e-02	1.73902179e-02	5.37597399e-01	2.56750559e-01	2.80846840e-01
473             	-1.20479655e-02	1.73761565e-02	5.37790029e-01	2.56847049e-01	2.80942980e-01
474             	-1.20476832e-02	1.73625645e-02	5.37978027e-01	2.56941330e-01	2.81036697e-01
475             	-1.20473479e-02	1.73491759e-02	5.38162366e-01	2.57033835e-01	2.81128531e-01
476             	-1.20469981e-02	1.73357853e-02	5.38344335e-01	2.57125170e-01	2.81219166e-01
477             	-1.20466467e-02	1.73222918e-02	5.38525190e-01	2.57215948e-01	2.81309242e-01
478             	-1.20462778e-02	1.73086980e-02	5.38705925e-01	2.57306685e-01	2.81399240e-01
479             	-1.20458513e-02	1.72950777e-02	5.38887176e-01	2.57397737e-01	2.81489439e-01
480             	-1.20453155e-02	1.72815323e-02	5.39069215e-01	2.57489292e-01	2.81579923e-01
481             	-1.20446201e-02	1.72681530e-02	5.39251990e-01	2.57581375e-01	2.81670615e-01
482             	-1.20437277e-02	1.72549980e-02	5.39435214e-01	2.57673879e-01	2.81761335e-01
483             	-1.20426195e-02	1.72420847e-02	5.39618490e-01	2.57766626e-01	2.81851865e-01
484             	-1.20412983e-02	1.72293957e-02	5.39801389e-01	2.57859396e-01	2.81941993e-01
485             	-1.20397852e-02	1.72168920e-02	5.39983532e-01	2.57951981e-01	2.82031551e-01
486             	-1.20381143e-02	1.72045283e-02	5.40164637e-01	2.58044204e-01	2.82120433e-01
487             	-1.20363245e-02	1.71922646e-02	5.40344545e-01	2.58135948e-01	2.82208597e-01
488             	-1.20344531e-02	1.71800740e-02	5.40523212e-01	2.58227153e-01	2.82296059e-01
489             	-1.20325292e-02	1.71679450e-02	5.40700683e-01	2.58317812e-01	2.82382871e-01
490             	-1.20305708e-02	1.71558800e-02	5.40877073e-01	2.58407966e-01	2.82469107e-01
491             	-1.20285839e-02	1.71438912e-02	5.41052528e-01	2.58497680e-01	2.82554848e-01
492             	-1.20265617e-02	1.71319948e-02	5.41227221e-01	2.58587049e-01	2.82640172e-01
493             	-1.20244886e-02	1.71202074e-02	5.41401310e-01	2.58676166e-01	2.82725144e-01
494             	-1.20223444e-02	1.71085435e-02	5.41574907e-01	2.58765109e-01	2.82809798e-01
495             	-1.20201082e-02	1.70970129e-02	5.41748070e-01	2.58853927e-01	2.82894143e-01
496             	-1.20177625e-02	1.70856189e-02	5.41920815e-01	2.58942645e-01	2.82978170e-01
497             	-1.20152951e-02	1.70743594e-02	5.42093122e-01	2.59031266e-01	2.83061856e-01
498             	-1.20127020e-02	1.70632281e-02	5.42264932e-01	2.59119764e-01	2.83145168e-01
499             	-1.20099857e-02	1.70522168e-02	5.42436185e-01	2.59208107e-01	2.83228078e-01
500             	-1.20071561e-02	1.70413156e-02	5.42606808e-01	2.59296248e-01	2.83310560e-01
501             	-1.20042264e-02	1.70305152e-02	5.42776742e-01	2.59384144e-01	2.83392597e-01
502             	-1.20012137e-02	1.70198076e-02	5.42945923e-01	2.59471748e-01	2.83474175e-01
503             	-1.19981342e-02	1.70091891e-02	5.43114300e-01	2.59559016e-01	2.83555284e-01
504             	-1.19949987e-02	1.69986555e-02	5.43281897e-01	2.59645950e-01	2.83635947e-01
505             	-1.19918121e-02	1.69882043e-02	5.43448791e-01	2.59732583e-01	2.83716207e-01
506             	-1.19885752e-02	1.69778374e-02	5.43615032e-01	2.59818941e-01	2.83796091e-01
507             	-1.19852880e-02	1.69675609e-02	5.43780630e-01	2.59905027e-01	2.83875603e-01
508             	-1.19819461e-02	1.69573793e-02	5.43945608e-01	2.59990858e-01	2.83954750e-01
509             	-1.19785436e-02	1.69472962e-02	5.44109985e-01	2.60076449e-01	2.84033536e-01
510             	-1.19750731e-02	1.69373123e-02	5.44273794e-01	2.60161824e-01	2.84111970e-01
511             	-1.19715299e-02	1.69274284e-02	5.44437034e-01	2.60246987e-01	2.84190047e-01
512             	-1.19679132e-02	1.69176446e-02	5.44599669e-01	2.60331922e-01	2.84267748e-01
513             	-1.19642250e-02	1.69079597e-02	5.44761654e-01	2.60416602e-01	2.84345052e-01
514             	-1.19604721e-02	1.68983714e-02	5.44922918e-01	2.60500987e-01	2.84421931e-01
515             	-1.19566671e-02	1.68888767e-02	5.45083364e-01	2.60585015e-01	2.84498349e-01
516             	-1.19528236e-02	1.68794697e-02	5.45242923e-01	2.60668638e-01	2.84574285e-01
517             	-1.19489584e-02	1.68701421e-02	5.45401558e-01	2.60751820e-01	2.84649737e-01
518             	-1.19450792e-02	1.68608855e-02	5.45559328e-01	2.60834585e-01	2.84724743e-01
519             	-1.19411831e-02	1.68516962e-02	5.45716361e-01	2.60916997e-01	2.84799363e-01
520             	-1.19372575e-02	1.68425767e-02	5.45872806e-01	2.60999145e-01	2.84873660e-01
521             	-1.19333048e-02	1.68335270e-02	5.46028673e-01	2.61081032e-01	2.84947641e-01
522             	-1.19281061e-02	1.68242835e-02	5.46196700e-01	2.61170244e-01	2.85026456e-01
523             	-1.19233158e-02	1.68154420e-02	5.46358443e-01	2.61255906e-01	2.85102537e-01
524             	-1.19200369e-02	1.68071433e-02	5.46502033e-01	2.61330980e-01	2.85171053e-01
525             	-1.19157248e-02	1.67983847e-02	5.46656784e-01	2.61412667e-01	2.85244117e-01
526             	-1.19127332e-02	1.67899310e-02	5.46796674e-01	2.61485604e-01	2.85311070e-01
527             	-1.19095649e-02	1.67813141e-02	5.46938187e-01	2.61559529e-01	2.85378658e-01
528             	-1.19062529e-02	1.67724806e-02	5.47082422e-01	2.61634958e-01	2.85447464e-01
529             	-1.19024310e-02	1.67637152e-02	5.47231045e-01	2.61713091e-01	2.85517953e-01
530             	-1.18981303e-02	1.67550156e-02	5.47384690e-01	2.61794215e-01	2.85590475e-01
531             	-1.18928304e-02	1.67464918e-02	5.47546695e-01	2.61880517e-01	2.85666178e-01
532             	-1.18882875e-02	1.67386869e-02	5.47696101e-01	2.61959763e-01	2.85736338e-01
533             	-1.18820000e-02	1.67306562e-02	5.47862755e-01	2.62049377e-01	2.85813377e-01
534             	-1.18757514e-02	1.67228903e-02	5.48026785e-01	2.62137641e-01	2.85889144e-01
535             	-1.18707518e-02	1.67154039e-02	5.48176451e-01	2.62217474e-01	2.85958977e-01
536             	-1.18666871e-02	1.67079952e-02	5.48314045e-01	2.62290336e-01	2.86023710e-01
537             	-1.18630882e-02	1.67003238e-02	5.48446801e-01	2.62360312e-01	2.86086489e-01
538             	-1.18596523e-02	1.66922960e-02	5.48579461e-01	2.62430078e-01	2.86149383e-01
539             	-1.18557291e-02	1.66838372e-02	5.48720330e-01	2.62504436e-01	2.86215894e-01
540             	-1.18509933e-02	1.66753017e-02	5.48870997e-01	2.62584505e-01	2.86286492e-01
541             	-1.18462263e-02	1.66672727e-02	5.49020494e-01	2.62664021e-01	2.86356473e-01
542             	-1.18414511e-02	1.66597407e-02	5.49167668e-01	2.62742383e-01	2.86425285e-01
543             	-1.18366842e-02	1.66525559e-02	5.49312163e-01	2.62819397e-01	2.86492766e-01
544             	-1.18319394e-02	1.66455260e-02	5.49454170e-01	2.62895145e-01	2.86559024e-01
545             	-1.18272245e-02	1.66384911e-02	5.49594221e-01	2.62969886e-01	2.86624335e-01
546             	-1.18225381e-02	1.66313614e-02	5.49732986e-01	2.63043955e-01	2.86689031e-01
547             	-1.18178700e-02	1.66241211e-02	5.49871091e-01	2.63117675e-01	2.86753415e-01
548             	-1.18132041e-02	1.66168084e-02	5.50009004e-01	2.63191298e-01	2.86817706e-01
549             	-1.18085229e-02	1.66094867e-02	5.50146978e-01	2.63264966e-01	2.86882012e-01
550             	-1.18038110e-02	1.66022180e-02	5.50285076e-01	2.63338727e-01	2.86946349e-01
551             	-1.17991037e-02	1.65950228e-02	5.50423077e-01	2.63412435e-01	2.87010642e-01
552             	-1.17943813e-02	1.65879307e-02	5.50560822e-01	2.63486029e-01	2.87074792e-01
553             	-1.17896303e-02	1.65809495e-02	5.50698113e-01	2.63559426e-01	2.87138687e-01
554             	-1.17848438e-02	1.65740697e-02	5.50834785e-01	2.63632549e-01	2.87202236e-01
555             	-1.17800217e-02	1.65672736e-02	5.50970721e-01	2.63705339e-01	2.87265382e-01
556             	-1.17752148e-02	1.65605178e-02	5.51105747e-01	2.63777658e-01	2.87328088e-01
557             	-1.17704122e-02	1.65537978e-02	5.51239907e-01	2.63849541e-01	2.87390366e-01
558             	-1.17656032e-02	1.65471148e-02	5.51373292e-01	2.63921043e-01	2.87452249e-01
559             	-1.17607782e-02	1.65404733e-02	5.51506020e-01	2.63992232e-01	2.87513788e-01
560             	-1.17559314e-02	1.65338798e-02	5.51638195e-01	2.64063166e-01	2.87575029e-01
561             	-1.17511081e-02	1.65273158e-02	5.51769772e-01	2.64133778e-01	2.87635994e-01
562             	-1.17462906e-02	1.65207952e-02	5.51900848e-01	2.64204134e-01	2.87696715e-01
563             	-1.17414614e-02	1.65143293e-02	5.52031494e-01	2.64274285e-01	2.87757208e-01
564             	-1.17366077e-02	1.65079250e-02	5.52161738e-01	2.64344261e-01	2.87817477e-01
565             	-1.17317697e-02	1.65015596e-02	5.52291456e-01	2.64413959e-01	2.87877498e-01
566             	-1.17269274e-02	1.64952419e-02	5.52420669e-01	2.64483407e-01	2.87937262e-01
567             	-1.17220650e-02	1.64889784e-02	5.52549380e-01	2.64552625e-01	2.87996755e-01
568             	-1.17171728e-02	1.64827726e-02	5.52677579e-01	2.64621616e-01	2.88055962e-01
569             	-1.17122939e-02	1.64765998e-02	5.52805139e-01	2.64690276e-01	2.88114864e-01
570             	-1.17074115e-02	1.64704686e-02	5.52932105e-01	2.64758641e-01	2.88173464e-01
571             	-1.17025125e-02	1.64643859e-02	5.53058522e-01	2.64826748e-01	2.88231773e-01
572             	-1.16975887e-02	1.64583565e-02	5.53184430e-01	2.64894626e-01	2.88289804e-01
573             	-1.16926853e-02	1.64523573e-02	5.53309737e-01	2.64962183e-01	2.88347554e-01
574             	-1.16877852e-02	1.64463992e-02	5.53434502e-01	2.65029466e-01	2.88405036e-01
575             	-1.16828730e-02	1.64404907e-02	5.53558782e-01	2.65096518e-01	2.88462264e-01
576             	-1.16779867e-02	1.64346116e-02	5.53682491e-01	2.65163259e-01	2.88519232e-01
577             	-1.16731017e-02	1.64287752e-02	5.53805694e-01	2.65229745e-01	2.88575948e-01
578             	-1.16681967e-02	1.64229915e-02	5.53928438e-01	2.65296022e-01	2.88632416e-01
579             	-1.16633081e-02	1.64172402e-02	5.54050631e-01	2.65362007e-01	2.88688623e-01
580             	-1.16584096e-02	1.64115341e-02	5.54172336e-01	2.65427758e-01	2.88744577e-01
581             	-1.16534811e-02	1.64058820e-02	5.54293603e-01	2.65493320e-01	2.88800283e-01
582             	-1.16485625e-02	1.64002614e-02	5.54414331e-01	2.65558603e-01	2.88855728e-01
583             	-1.16432131e-02	1.63946660e-02	5.54538552e-01	2.65626063e-01	2.88912489e-01
584             	-1.16383617e-02	1.63892024e-02	5.54657152e-01	2.65690214e-01	2.88966938e-01
585             	-1.16335628e-02	1.63837463e-02	5.54774838e-01	2.65753856e-01	2.89020982e-01
586             	-1.16287663e-02	1.63782894e-02	5.54892057e-01	2.65817262e-01	2.89074795e-01
587             	-1.16239292e-02	1.63728422e-02	5.55009161e-01	2.65880651e-01	2.89128510e-01
588             	-1.16186665e-02	1.63673833e-02	5.55130076e-01	2.65946371e-01	2.89183705e-01
589             	-1.16138611e-02	1.63620409e-02	5.55246067e-01	2.66009172e-01	2.89236894e-01
590             	-1.16086101e-02	1.63567349e-02	5.55365574e-01	2.66074177e-01	2.89291397e-01
591             	-1.16038435e-02	1.63515156e-02	5.55480044e-01	2.66136178e-01	2.89343865e-01
592             	-1.15990594e-02	1.63463092e-02	5.55594150e-01	2.66198016e-01	2.89396134e-01
593             	-1.15938103e-02	1.63411029e-02	5.55712030e-01	2.66262205e-01	2.89449825e-01
594             	-1.15890167e-02	1.63359610e-02	5.55825256e-01	2.66323611e-01	2.89501645e-01
595             	-1.15837895e-02	1.63308233e-02	5.55942042e-01	2.66387232e-01	2.89554811e-01
596             	-1.15789762e-02	1.63257736e-02	5.56054279e-01	2.66448164e-01	2.89606116e-01
597             	-1.15737604e-02	1.63207143e-02	5.56169941e-01	2.66511210e-01	2.89658731e-01
598             	-1.15689724e-02	1.63157252e-02	5.56281093e-01	2.66571574e-01	2.89709519e-01
599             	-1.15637953e-02	1.63107156e-02	5.56395654e-01	2.66634032e-01	2.89761622e-01
600             	-1.15590384e-02	1.63057708e-02	5.56505828e-01	2.66693876e-01	2.89811952e-01
601             	-1.15538292e-02	1.63008379e-02	5.56619601e-01	2.66755971e-01	2.89863630e-01
602             	-1.15486663e-02	1.62959582e-02	5.56732532e-01	2.66817600e-01	2.89914932e-01
603             	-1.15439190e-02	1.62911477e-02	5.56841025e-01	2.66876594e-01	2.89964432e-01
604             	-1.15387279e-02	1.62863445e-02	5.56952964e-01	2.66937754e-01	2.90015210e-01
605             	-1.15339531e-02	1.62815790e-02	5.57060731e-01	2.66996412e-01	2.90064318e-01
606             	-1.15287340e-02	1.62768091e-02	5.57172145e-01	2.67057339e-01	2.90114807e-01
607             	-1.15235575e-02	1.62720787e-02	5.57282909e-01	2.67117897e-01	2.90165012e-01
608             	-1.15187852e-02	1.62674114e-02	5.57389470e-01	2.67175950e-01	2.90213520e-01
609             	-1.15135667e-02	1.62627574e-02	5.57499524e-01	2.67236195e-01	2.90263329e-01
610             	-1.15083830e-02	1.62581452e-02	5.57608893e-01	2.67296064e-01	2.90312830e-01
611             	-1.15035932e-02	1.62535878e-02	5.57714126e-01	2.67353470e-01	2.90360656e-01
612             	-1.14984144e-02	1.62490074e-02	5.57822690e-01	2.67412931e-01	2.90409760e-01
613             	-1.14932438e-02	1.62444728e-02	5.57930692e-01	2.67472102e-01	2.90458590e-01
614             	-1.14884383e-02	1.62399988e-02	5.58034733e-01	2.67528928e-01	2.90505805e-01
615             	-1.14832258e-02	1.62355120e-02	5.58142160e-01	2.67587854e-01	2.90554306e-01
616             	-1.14783731e-02	1.62310761e-02	5.58245829e-01	2.67644541e-01	2.90601287e-01
617             	-1.14731095e-02	1.62266309e-02	5.58352999e-01	2.67703390e-01	2.90649609e-01
618             	-1.14682120e-02	1.62222476e-02	5.58456375e-01	2.67759975e-01	2.90696399e-01
619             	-1.14628533e-02	1.62178974e-02	5.58563281e-01	2.67818787e-01	2.90744494e-01
620             	-1.14578984e-02	1.62136001e-02	5.58666174e-01	2.67875189e-01	2.90790985e-01
621             	-1.14525188e-02	1.62093250e-02	5.58772354e-01	2.67933658e-01	2.90838696e-01
622             	-1.14475729e-02	1.62050854e-02	5.58874361e-01	2.67989607e-01	2.90884753e-01
623             	-1.14425953e-02	1.62008503e-02	5.58976232e-01	2.68045521e-01	2.90930711e-01
624             	-1.14372298e-02	1.61966024e-02	5.59081423e-01	2.68103482e-01	2.90977941e-01
625             	-1.14322600e-02	1.61924139e-02	5.59182584e-01	2.68159032e-01	2.91023552e-01
626             	-1.14272294e-02	1.61882572e-02	5.59283678e-01	2.68214610e-01	2.91069069e-01
627             	-1.14221611e-02	1.61841096e-02	5.59384792e-01	2.68270235e-01	2.91114557e-01
628             	-1.14170211e-02	1.61799925e-02	5.59486054e-01	2.68326006e-01	2.91160048e-01
629             	-1.14118492e-02	1.61758962e-02	5.59587335e-01	2.68381818e-01	2.91205517e-01
630             	-1.14066248e-02	1.61718447e-02	5.59688588e-01	2.68437669e-01	2.91250919e-01
631             	-1.14013961e-02	1.61678228e-02	5.59789580e-01	2.68493394e-01	2.91296186e-01
632             	-1.13961448e-02	1.61638456e-02	5.59890241e-01	2.68548976e-01	2.91341265e-01
633             	-1.13909168e-02	1.61598891e-02	5.59990379e-01	2.68604273e-01	2.91386106e-01
634             	-1.13856876e-02	1.61559638e-02	5.60090002e-01	2.68659313e-01	2.91430688e-01
635             	-1.13804384e-02	1.61520749e-02	5.60189149e-01	2.68714136e-01	2.91475013e-01
636             	-1.13752109e-02	1.61481946e-02	5.60287756e-01	2.68768667e-01	2.91519089e-01
637             	-1.13699768e-02	1.61443351e-02	5.60385947e-01	2.68822997e-01	2.91562951e-01
638             	-1.13647706e-02	1.61404770e-02	5.60483698e-01	2.68877078e-01	2.91606619e-01
639             	-1.13595564e-02	1.61366402e-02	5.60581140e-01	2.68931014e-01	2.91650126e-01
640             	-1.13543624e-02	1.61328113e-02	5.60678245e-01	2.68984760e-01	2.91693485e-01
641             	-1.13491493e-02	1.61290128e-02	5.60775120e-01	2.69038411e-01	2.91736709e-01
642             	-1.13439434e-02	1.61252315e-02	5.60871712e-01	2.69091912e-01	2.91779799e-01
643             	-1.13387060e-02	1.61214884e-02	5.60968098e-01	2.69145343e-01	2.91822755e-01
644             	-1.13334663e-02	1.61177671e-02	5.61064198e-01	2.69198633e-01	2.91865565e-01
645             	-1.13281888e-02	1.61140854e-02	5.61160076e-01	2.69251849e-01	2.91908227e-01
646             	-1.13229079e-02	1.61104235e-02	5.61255635e-01	2.69304909e-01	2.91950725e-01
647             	-1.13175929e-02	1.61067969e-02	5.61350931e-01	2.69357873e-01	2.91993058e-01
648             	-1.13122227e-02	1.61032151e-02	5.61446015e-01	2.69410785e-01	2.92035230e-01
649             	-1.13068447e-02	1.60996512e-02	5.61540780e-01	2.69463545e-01	2.92077235e-01
650             	-1.13014399e-02	1.60961153e-02	5.61635273e-01	2.69516197e-01	2.92119077e-01
651             	-1.12960521e-02	1.60925838e-02	5.61729404e-01	2.69568650e-01	2.92160754e-01
652             	-1.12906553e-02	1.60890716e-02	5.61823240e-01	2.69620965e-01	2.92202276e-01
653             	-1.12852855e-02	1.60855603e-02	5.61916707e-01	2.69673068e-01	2.92243639e-01
654             	-1.12799073e-02	1.60820698e-02	5.62009895e-01	2.69725040e-01	2.92284855e-01
655             	-1.12745493e-02	1.60785849e-02	5.62102742e-01	2.69776822e-01	2.92325920e-01
656             	-1.12691718e-02	1.60751271e-02	5.62195342e-01	2.69828499e-01	2.92366843e-01
657             	-1.12638016e-02	1.60716818e-02	5.62287632e-01	2.69880015e-01	2.92407618e-01
658             	-1.12583984e-02	1.60682697e-02	5.62379707e-01	2.69931455e-01	2.92448252e-01
659             	-1.12529909e-02	1.60648744e-02	5.62471500e-01	2.69982759e-01	2.92488741e-01
660             	-1.12475433e-02	1.60615142e-02	5.62563096e-01	2.70034005e-01	2.92529092e-01
661             	-1.12420894e-02	1.60581703e-02	5.62654418e-01	2.70085119e-01	2.92569298e-01
662             	-1.12365970e-02	1.60548598e-02	5.62745538e-01	2.70136172e-01	2.92609366e-01
663             	-1.12315156e-02	1.60515919e-02	5.62832776e-01	2.70184872e-01	2.92647904e-01
664             	-1.12262182e-02	1.60482797e-02	5.62921758e-01	2.70234661e-01	2.92687097e-01
665             	-1.12207189e-02	1.60449498e-02	5.63012414e-01	2.70285488e-01	2.92726926e-01
666             	-1.12150155e-02	1.60416720e-02	5.63104326e-01	2.70337148e-01	2.92767179e-01
667             	-1.12092007e-02	1.60384630e-02	5.63196687e-01	2.70389143e-01	2.92807544e-01
668             	-1.12033187e-02	1.60353445e-02	5.63288808e-01	2.70441085e-01	2.92847723e-01
669             	-1.11974762e-02	1.60322753e-02	5.63380008e-01	2.70492528e-01	2.92887480e-01
670             	-1.11916955e-02	1.60292354e-02	5.63470025e-01	2.70543317e-01	2.92926708e-01
671             	-1.11860363e-02	1.60261709e-02	5.63558749e-01	2.70593338e-01	2.92965411e-01
672             	-1.11804626e-02	1.60230778e-02	5.63646461e-01	2.70642768e-01	2.93003693e-01
673             	-1.11753407e-02	1.60199342e-02	5.63730386e-01	2.70689852e-01	2.93040534e-01
674             	-1.11698655e-02	1.60167376e-02	5.63817246e-01	2.70738758e-01	2.93078489e-01
675             	-1.11643357e-02	1.60135310e-02	5.63904699e-01	2.70788014e-01	2.93116685e-01
676             	-1.11586964e-02	1.60103798e-02	5.63992809e-01	2.70837708e-01	2.93155101e-01
677             	-1.11529789e-02	1.60072960e-02	5.64081300e-01	2.70887671e-01	2.93193629e-01
678             	-1.11471672e-02	1.60043045e-02	5.64169927e-01	2.70937796e-01	2.93232131e-01
679             	-1.11416982e-02	1.60013636e-02	5.64255191e-01	2.70985897e-01	2.93269294e-01
680             	-1.11358236e-02	1.59984481e-02	5.64343119e-01	2.71035736e-01	2.93307383e-01
681             	-1.11299134e-02	1.59955365e-02	5.64430980e-01	2.71085577e-01	2.93345404e-01
682             	-1.11243478e-02	1.59926365e-02	5.64515493e-01	2.71133399e-01	2.93382094e-01
683             	-1.11184034e-02	1.59897111e-02	5.64602858e-01	2.71183025e-01	2.93419832e-01
684             	-1.11124169e-02	1.59868016e-02	5.64690225e-01	2.71232696e-01	2.93457529e-01
685             	-1.11068289e-02	1.59838986e-02	5.64774166e-01	2.71280254e-01	2.93493912e-01
686             	-1.11008488e-02	1.59810062e-02	5.64860950e-01	2.71329626e-01	2.93531324e-01
687             	-1.10948714e-02	1.59781298e-02	5.64947590e-01	2.71378924e-01	2.93568666e-01
688             	-1.10892614e-02	1.59752891e-02	5.65030880e-01	2.71426178e-01	2.93604701e-01
689             	-1.10832980e-02	1.59724492e-02	5.65116808e-01	2.71475106e-01	2.93641702e-01
690             	-1.10776787e-02	1.59696346e-02	5.65199587e-01	2.71522115e-01	2.93677472e-01
691             	-1.10716619e-02	1.59668163e-02	5.65285374e-01	2.71571025e-01	2.93714349e-01
692             	-1.10659730e-02	1.59640289e-02	5.65368130e-01	2.71618092e-01	2.93750038e-01
693             	-1.10598652e-02	1.59612474e-02	5.65454011e-01	2.71667140e-01	2.93786871e-01
694             	-1.10540892e-02	1.59585051e-02	5.65536799e-01	2.71714310e-01	2.93822489e-01
695             	-1.10478998e-02	1.59557746e-02	5.65622596e-01	2.71763398e-01	2.93859198e-01
696             	-1.10420604e-02	1.59530807e-02	5.65705163e-01	2.71810521e-01	2.93894642e-01
697             	-1.10358306e-02	1.59503930e-02	5.65790539e-01	2.71859439e-01	2.93931100e-01
698             	-1.10299682e-02	1.59477311e-02	5.65872608e-01	2.71906336e-01	2.93966272e-01
699             	-1.10241313e-02	1.59450589e-02	5.65954210e-01	2.71952974e-01	2.94001236e-01
700             	-1.10178494e-02	1.59423866e-02	5.66039055e-01	2.72001678e-01	2.94037377e-01
701             	-1.10119578e-02	1.59397248e-02	5.66120693e-01	2.72048389e-01	2.94072304e-01
702             	-1.10060416e-02	1.59370792e-02	5.66202159e-01	2.72095038e-01	2.94107121e-01
703             	-1.09996968e-02	1.59344345e-02	5.66286882e-01	2.72143744e-01	2.94143138e-01
704             	-1.09937135e-02	1.59318352e-02	5.66368409e-01	2.72190491e-01	2.94177918e-01
705             	-1.09877406e-02	1.59292466e-02	5.66449577e-01	2.72237048e-01	2.94212529e-01
706             	-1.09817256e-02	1.59266728e-02	5.66530690e-01	2.72283619e-01	2.94247070e-01
707             	-1.09752695e-02	1.59241000e-02	5.66615096e-01	2.72332278e-01	2.94282817e-01
708             	-1.09691853e-02	1.59215715e-02	5.66696215e-01	2.72378922e-01	2.94317293e-01
709             	-1.09631217e-02	1.59190499e-02	5.66776886e-01	2.72425321e-01	2.94351565e-01
710             	-1.09570326e-02	1.59165379e-02	5.66857374e-01	2.72471654e-01	2.94385719e-01
711             	-1.09509290e-02	1.59140153e-02	5.66937808e-01	2.72517975e-01	2.94419833e-01
712             	-1.09443584e-02	1.59115084e-02	5.67021575e-01	2.72566429e-01	2.94455146e-01
713             	-1.09381990e-02	1.59090320e-02	5.67101985e-01	2.72612793e-01	2.94489191e-01
714             	-1.09320436e-02	1.59065813e-02	5.67181944e-01	2.72658928e-01	2.94523016e-01
715             	-1.09259053e-02	1.59041255e-02	5.67261568e-01	2.72704879e-01	2.94556689e-01
716             	-1.09197372e-02	1.59016744e-02	5.67341116e-01	2.72750821e-01	2.94590295e-01
717             	-1.09135509e-02	1.58992140e-02	5.67420686e-01	2.72796792e-01	2.94623894e-01
718             	-1.09073071e-02	1.58967685e-02	5.67500425e-01	2.72842906e-01	2.94657520e-01
719             	-1.09010304e-02	1.58943317e-02	5.67580275e-01	2.72889107e-01	2.94691168e-01
720             	-1.08946957e-02	1.58919268e-02	5.67660243e-01	2.72935426e-01	2.94724817e-01
721             	-1.08883386e-02	1.58895411e-02	5.67740175e-01	2.72981749e-01	2.94758426e-01
722             	-1.08819423e-02	1.58871884e-02	5.67820030e-01	2.73028072e-01	2.94791957e-01
723             	-1.08755463e-02	1.58848475e-02	5.67899654e-01	2.73074281e-01	2.94825373e-01
724             	-1.08691333e-02	1.58825271e-02	5.67979041e-01	2.73120387e-01	2.94858654e-01
725             	-1.08627388e-02	1.58802046e-02	5.68058095e-01	2.73166309e-01	2.94891787e-01
726             	-1.08563392e-02	1.58778914e-02	5.68136876e-01	2.73212099e-01	2.94924777e-01
727             	-1.08499630e-02	1.58755696e-02	5.68215342e-01	2.73257708e-01	2.94957634e-01
728             	-1.08435800e-02	1.58732558e-02	5.68293595e-01	2.73303217e-01	2.94990377e-01
729             	-1.08372142e-02	1.58709367e-02	5.68371614e-01	2.73348593e-01	2.95023021e-01
730             	-1.08308307e-02	1.58686321e-02	5.68449513e-01	2.73393926e-01	2.95055587e-01
731             	-1.08244516e-02	1.58663300e-02	5.68527264e-01	2.73439181e-01	2.95088084e-01
732             	-1.08185251e-02	1.58640870e-02	5.68601225e-01	2.73482087e-01	2.95119137e-01
733             	-1.08122561e-02	1.58617716e-02	5.68678103e-01	2.73526795e-01	2.95151308e-01
734             	-1.08048421e-02	1.58594597e-02	5.68763238e-01	2.73576777e-01	2.95186461e-01
735             	-1.07982624e-02	1.58572660e-02	5.68841806e-01	2.73622641e-01	2.95219166e-01
736             	-1.07913030e-02	1.58551463e-02	5.68922226e-01	2.73669810e-01	2.95252416e-01
737             	-1.07848144e-02	1.58530426e-02	5.68998754e-01	2.73714563e-01	2.95284192e-01
738             	-1.07790346e-02	1.58509029e-02	5.69069700e-01	2.73755815e-01	2.95313884e-01
739             	-1.07726502e-02	1.58486387e-02	5.69145495e-01	2.73800097e-01	2.95345398e-01
740             	-1.07663660e-02	1.58463482e-02	5.69220543e-01	2.73843906e-01	2.95376638e-01
741             	-1.07601336e-02	1.58440445e-02	5.69295330e-01	2.73887531e-01	2.95407798e-01
742             	-1.07538436e-02	1.58417710e-02	5.69370443e-01	2.73931378e-01	2.95439065e-01
743             	-1.07474647e-02	1.58395329e-02	5.69446165e-01	2.73975618e-01	2.95470547e-01
744             	-1.07409581e-02	1.58373587e-02	5.69522514e-01	2.74020299e-01	2.95502215e-01
745             	-1.07343543e-02	1.58352341e-02	5.69599311e-01	2.74065301e-01	2.95534010e-01
746             	-1.07276401e-02	1.58331645e-02	5.69676450e-01	2.74110585e-01	2.95565865e-01
747             	-1.07208752e-02	1.58311189e-02	5.69753619e-01	2.74155934e-01	2.95597685e-01
748             	-1.07140697e-02	1.58290945e-02	5.69830631e-01	2.74201246e-01	2.95629385e-01
749             	-1.07072851e-02	1.58270588e-02	5.69907238e-01	2.74246334e-01	2.95660904e-01
750             	-1.07005221e-02	1.58250141e-02	5.69983380e-01	2.74291168e-01	2.95692212e-01
751             	-1.06938239e-02	1.58229389e-02	5.70058965e-01	2.74335658e-01	2.95723306e-01
752             	-1.06871694e-02	1.58208479e-02	5.70134080e-01	2.74379870e-01	2.95754209e-01
753             	-1.06805800e-02	1.58187315e-02	5.70208752e-01	2.74423796e-01	2.95784956e-01
754             	-1.06740164e-02	1.58166139e-02	5.70283146e-01	2.74467557e-01	2.95815589e-01
755             	-1.06674866e-02	1.58144907e-02	5.70357324e-01	2.74511176e-01	2.95846149e-01
756             	-1.06609452e-02	1.58123866e-02	5.70431446e-01	2.74554778e-01	2.95876668e-01
757             	-1.06544004e-02	1.58102944e-02	5.70505534e-01	2.74598366e-01	2.95907167e-01
758             	-1.06478130e-02	1.58082331e-02	5.70579687e-01	2.74642031e-01	2.95937657e-01
759             	-1.06412016e-02	1.58061888e-02	5.70653861e-01	2.74685729e-01	2.95968132e-01
760             	-1.06345467e-02	1.58041727e-02	5.70728032e-01	2.74729469e-01	2.95998563e-01
761             	-1.06278687e-02	1.58021663e-02	5.70802179e-01	2.74773221e-01	2.96028958e-01
762             	-1.06211488e-02	1.58001795e-02	5.70876310e-01	2.74817006e-01	2.96059304e-01
763             	-1.06144223e-02	1.57981926e-02	5.70950321e-01	2.74860738e-01	2.96089583e-01
764             	-1.06076779e-02	1.57962155e-02	5.71024192e-01	2.74904418e-01	2.96119774e-01
765             	-1.06009439e-02	1.57942313e-02	5.71097882e-01	2.74947997e-01	2.96149885e-01
766             	-1.05942447e-02	1.57922289e-02	5.71171335e-01	2.74991423e-01	2.96179912e-01
767             	-1.05875516e-02	1.57902285e-02	5.71244611e-01	2.75034754e-01	2.96209857e-01
768             	-1.05808847e-02	1.57882208e-02	5.71317675e-01	2.75077953e-01	2.96239722e-01
769             	-1.05742098e-02	1.57862265e-02	5.71390609e-01	2.75121095e-01	2.96269514e-01
770             	-1.05675445e-02	1.57842356e-02	5.71463385e-01	2.75164148e-01	2.96299237e-01
771             	-1.05608546e-02	1.57822662e-02	5.71536086e-01	2.75207188e-01	2.96328898e-01
772             	-1.05541605e-02	1.57803050e-02	5.71608681e-01	2.75250180e-01	2.96358501e-01
773             	-1.05474776e-02	1.57783418e-02	5.71681138e-01	2.75293091e-01	2.96388046e-01
774             	-1.05407735e-02	1.57763948e-02	5.71753527e-01	2.75335990e-01	2.96417537e-01
775             	-1.05345714e-02	1.57744470e-02	5.71822167e-01	2.75376512e-01	2.96445655e-01
776             	-1.05281483e-02	1.57724666e-02	5.71892381e-01	2.75418042e-01	2.96474339e-01
777             	-1.05214977e-02	1.57704694e-02	5.71964258e-01	2.75460632e-01	2.96503627e-01
778             	-1.05146182e-02	1.57685075e-02	5.72037535e-01	2.75504150e-01	2.96533386e-01
779             	-1.05075686e-02	1.57665953e-02	5.72111769e-01	2.75548316e-01	2.96563453e-01
780             	-1.05004414e-02	1.57647335e-02	5.72186281e-01	2.75592699e-01	2.96593582e-01
781             	-1.04932949e-02	1.57629289e-02	5.72260475e-01	2.75636943e-01	2.96623532e-01
782             	-1.04862313e-02	1.57611418e-02	5.72333785e-01	2.75680661e-01	2.96653124e-01
783             	-1.04792795e-02	1.57593561e-02	5.72405979e-01	2.75723710e-01	2.96682269e-01
784             	-1.04724932e-02	1.57575305e-02	5.72476937e-01	2.75765975e-01	2.96710962e-01
785             	-1.04658755e-02	1.57556401e-02	5.72546852e-01	2.75807551e-01	2.96739302e-01
786             	-1.04593609e-02	1.57537057e-02	5.72616113e-01	2.75848696e-01	2.96767417e-01
787             	-1.04529181e-02	1.57517307e-02	5.72685069e-01	2.75889616e-01	2.96795453e-01
788             	-1.04464589e-02	1.57497557e-02	5.72754154e-01	2.75930618e-01	2.96823536e-01
789             	-1.04399542e-02	1.57477924e-02	5.72823603e-01	2.75971847e-01	2.96851756e-01
790             	-1.04333826e-02	1.57458519e-02	5.72893534e-01	2.76013384e-01	2.96880149e-01
791             	-1.04266939e-02	1.57439660e-02	5.72964030e-01	2.76055321e-01	2.96908709e-01
792             	-1.04199106e-02	1.57421260e-02	5.73034946e-01	2.76097562e-01	2.96937384e-01
793             	-1.04130226e-02	1.57403424e-02	5.73106153e-01	2.76140054e-01	2.96966099e-01
794             	-1.04060833e-02	1.57385879e-02	5.73177384e-01	2.76182609e-01	2.96994775e-01
795             	-1.03991445e-02	1.57368356e-02	5.73248396e-01	2.76225053e-01	2.97023342e-01
796             	-1.03922085e-02	1.57350874e-02	5.73319090e-01	2.76267336e-01	2.97051753e-01
797             	-1.03853204e-02	1.57333185e-02	5.73389340e-01	2.76309350e-01	2.97079991e-01
798             	-1.03785078e-02	1.57315136e-02	5.73459108e-01	2.76351046e-01	2.97108062e-01
799             	-1.03717379e-02	1.57296929e-02	5.73528514e-01	2.76392519e-01	2.97135995e-01
800             	-1.03650217e-02	1.57278504e-02	5.73597609e-01	2.76433783e-01	2.97163826e-01
801             	-1.03583126e-02	1.57260125e-02	5.73666567e-01	2.76474971e-01	2.97191596e-01
802             	-1.03520390e-02	1.57242099e-02	5.73732492e-01	2.76514207e-01	2.97218285e-01
803             	-1.03452601e-02	1.57223170e-02	5.73802136e-01	2.76555808e-01	2.97246328e-01
804             	-1.03383942e-02	1.57204693e-02	5.73872203e-01	2.76597707e-01	2.97274496e-01
805             	-1.03315055e-02	1.57186705e-02	5.73942234e-01	2.76639611e-01	2.97302622e-01
806             	-1.03246453e-02	1.57169066e-02	5.74011886e-01	2.76681298e-01	2.97330588e-01
807             	-1.03177905e-02	1.57151813e-02	5.74081162e-01	2.76722790e-01	2.97358371e-01
808             	-1.03109650e-02	1.57134626e-02	5.74150037e-01	2.76764053e-01	2.97385983e-01
809             	-1.03041350e-02	1.57117514e-02	5.74218663e-01	2.76805197e-01	2.97413467e-01
810             	-1.02977614e-02	1.57100567e-02	5.74284037e-01	2.76844257e-01	2.97439780e-01
811             	-1.02908394e-02	1.57082511e-02	5.74353380e-01	2.76885851e-01	2.97467530e-01
812             	-1.02838673e-02	1.57064660e-02	5.74422935e-01	2.76927600e-01	2.97495335e-01
813             	-1.02769214e-02	1.57047071e-02	5.74492215e-01	2.76969186e-01	2.97523029e-01
814             	-1.02700522e-02	1.57029654e-02	5.74560917e-01	2.77010406e-01	2.97550511e-01
815             	-1.02636789e-02	1.57012803e-02	5.74626008e-01	2.77049325e-01	2.97576683e-01
816             	-1.02568012e-02	1.56995091e-02	5.74694671e-01	2.77090534e-01	2.97604137e-01
817             	-1.02499411e-02	1.56977397e-02	5.74763212e-01	2.77131665e-01	2.97631547e-01
818             	-1.02430861e-02	1.56959998e-02	5.74831503e-01	2.77172665e-01	2.97658838e-01
819             	-1.02362795e-02	1.56942758e-02	5.74899319e-01	2.77213380e-01	2.97685939e-01
820             	-1.02299701e-02	1.56925849e-02	5.74963638e-01	2.77251849e-01	2.97711789e-01
821             	-1.02230897e-02	1.56908189e-02	5.75031864e-01	2.77292842e-01	2.97739022e-01
822             	-1.02161845e-02	1.56890717e-02	5.75100140e-01	2.77333886e-01	2.97766255e-01
823             	-1.02092991e-02	1.56873456e-02	5.75168172e-01	2.77374787e-01	2.97793385e-01
824             	-1.02028823e-02	1.56856881e-02	5.75232726e-01	2.77413481e-01	2.97819245e-01
825             	-1.01959351e-02	1.56839623e-02	5.75300909e-01	2.77454519e-01	2.97846389e-01
826             	-1.01889995e-02	1.56822506e-02	5.75368934e-01	2.77495467e-01	2.97873467e-01
827             	-1.01820850e-02	1.56805747e-02	5.75436560e-01	2.77536195e-01	2.97900365e-01
828             	-1.01756903e-02	1.56789429e-02	5.75500510e-01	2.77574565e-01	2.97925945e-01
829             	-1.01687911e-02	1.56772208e-02	5.75568032e-01	2.77615225e-01	2.97952807e-01
830             	-1.01618815e-02	1.56755214e-02	5.75635456e-01	2.77655846e-01	2.97979609e-01
831             	-1.01554675e-02	1.56738701e-02	5.75699412e-01	2.77694239e-01	2.98005174e-01
832             	-1.01485294e-02	1.56721419e-02	5.75767047e-01	2.77734994e-01	2.98032053e-01
833             	-1.01415967e-02	1.56704532e-02	5.75834425e-01	2.77775616e-01	2.98058809e-01
834             	-1.01351633e-02	1.56688230e-02	5.75898263e-01	2.77813968e-01	2.98084295e-01
835             	-1.01282128e-02	1.56671218e-02	5.75965673e-01	2.77854624e-01	2.98111049e-01
836             	-1.01212812e-02	1.56654579e-02	5.76032706e-01	2.77895072e-01	2.98137634e-01
837             	-1.01148594e-02	1.56638456e-02	5.76096134e-01	2.77933207e-01	2.98162926e-01
838             	-1.01079188e-02	1.56621548e-02	5.76163155e-01	2.77973659e-01	2.98189496e-01
839             	-1.01009993e-02	1.56604952e-02	5.76229814e-01	2.78013908e-01	2.98215906e-01
840             	-1.00945885e-02	1.56588843e-02	5.76292910e-01	2.78051866e-01	2.98241043e-01
841             	-1.00876553e-02	1.56571951e-02	5.76359636e-01	2.78092163e-01	2.98267473e-01
842             	-1.00811894e-02	1.56555693e-02	5.76423023e-01	2.78130322e-01	2.98292701e-01
843             	-1.00741684e-02	1.56538866e-02	5.76490162e-01	2.78170913e-01	2.98319250e-01
844             	-1.00676637e-02	1.56522620e-02	5.76553747e-01	2.78209210e-01	2.98344537e-01
845             	-1.00606095e-02	1.56506031e-02	5.76620895e-01	2.78249838e-01	2.98371057e-01
846             	-1.00540917e-02	1.56490104e-02	5.76684273e-01	2.78288045e-01	2.98396228e-01
847             	-1.00470740e-02	1.56473592e-02	5.76751016e-01	2.78328434e-01	2.98422582e-01
848             	-1.00405887e-02	1.56457762e-02	5.76813946e-01	2.78366384e-01	2.98447562e-01
849             	-1.00335890e-02	1.56441327e-02	5.76880316e-01	2.78406569e-01	2.98473747e-01
850             	-1.00271474e-02	1.56425331e-02	5.76942882e-01	2.78444294e-01	2.98498588e-01
851             	-1.00201616e-02	1.56408819e-02	5.77009035e-01	2.78484356e-01	2.98524679e-01
852             	-1.00137118e-02	1.56392863e-02	5.77071491e-01	2.78522034e-01	2.98549457e-01
853             	-1.00067389e-02	1.56376262e-02	5.77137526e-01	2.78562024e-01	2.98575502e-01
854             	-1.00002794e-02	1.56360393e-02	5.77199914e-01	2.78599678e-01	2.98600236e-01
855             	-9.99328286e-03	1.56344016e-02	5.77265884e-01	2.78639659e-01	2.98626225e-01
856             	-9.98683358e-03	1.56328190e-02	5.77328109e-01	2.78677221e-01	2.98650888e-01
857             	-9.97983428e-03	1.56311962e-02	5.77393902e-01	2.78717116e-01	2.98676785e-01
858             	-9.97337634e-03	1.56296324e-02	5.77455939e-01	2.78754593e-01	2.98701346e-01
859             	-9.96640198e-03	1.56280064e-02	5.77521456e-01	2.78794326e-01	2.98727130e-01
860             	-9.95995308e-03	1.56264469e-02	5.77583256e-01	2.78831675e-01	2.98751581e-01
861             	-9.95297638e-03	1.56248310e-02	5.77648559e-01	2.78871303e-01	2.98777256e-01
862             	-9.94655425e-03	1.56232620e-02	5.77710109e-01	2.78908500e-01	2.98801609e-01
863             	-9.94003181e-03	1.56216747e-02	5.77772287e-01	2.78946112e-01	2.98826175e-01
864             	-9.93339620e-03	1.56200688e-02	5.77835249e-01	2.78984228e-01	2.98851021e-01
865             	-9.92667321e-03	1.56184558e-02	5.77898810e-01	2.79022732e-01	2.98876078e-01
866             	-9.91987121e-03	1.56168706e-02	5.77962705e-01	2.79061481e-01	2.98901224e-01
867             	-9.91305321e-03	1.56153096e-02	5.78026541e-01	2.79100218e-01	2.98926324e-01
868             	-9.90627082e-03	1.56137611e-02	5.78090015e-01	2.79138736e-01	2.98951278e-01
869             	-9.89952165e-03	1.56122317e-02	5.78153036e-01	2.79176996e-01	2.98976039e-01
870             	-9.89283037e-03	1.56106975e-02	5.78215574e-01	2.79214956e-01	2.99000617e-01
871             	-9.88619999e-03	1.56091410e-02	5.78277721e-01	2.79252660e-01	2.99025060e-01
872             	-9.87913286e-03	1.56075515e-02	5.78342627e-01	2.79292181e-01	2.99050446e-01
873             	-9.87229797e-03	1.56059910e-02	5.78405898e-01	2.79330651e-01	2.99075247e-01
874             	-9.86568300e-03	1.56044347e-02	5.78467716e-01	2.79368175e-01	2.99099541e-01
875             	-9.85918589e-03	1.56028791e-02	5.78528702e-01	2.79405165e-01	2.99123537e-01
876             	-9.85317726e-03	1.56013341e-02	5.78586512e-01	2.79440079e-01	2.99146433e-01
877             	-9.84653855e-03	1.55996776e-02	5.78648895e-01	2.79477909e-01	2.99170986e-01
878             	-9.83980763e-03	1.55980524e-02	5.78711816e-01	2.79516100e-01	2.99195715e-01
879             	-9.83347798e-03	1.55965012e-02	5.78771958e-01	2.79552501e-01	2.99219457e-01
880             	-9.82695372e-03	1.55949445e-02	5.78833392e-01	2.79589742e-01	2.99243650e-01
881             	-9.82021801e-03	1.55934149e-02	5.78895992e-01	2.79627778e-01	2.99268214e-01
882             	-9.81335738e-03	1.55919144e-02	5.78959153e-01	2.79666219e-01	2.99292934e-01
883             	-9.80647908e-03	1.55904344e-02	5.79022177e-01	2.79704609e-01	2.99317568e-01
884             	-9.80036597e-03	1.55889690e-02	5.79079797e-01	2.79739533e-01	2.99340265e-01
885             	-9.79311309e-03	1.55874197e-02	5.79144874e-01	2.79779324e-01	2.99365550e-01
886             	-9.78613902e-03	1.55858957e-02	5.79208029e-01	2.79817876e-01	2.99390154e-01
887             	-9.77938916e-03	1.55844007e-02	5.79269558e-01	2.79855390e-01	2.99414168e-01
888             	-9.77279942e-03	1.55828985e-02	5.79330077e-01	2.79892239e-01	2.99437838e-01
889             	-9.76677128e-03	1.55813960e-02	5.79387064e-01	2.79926761e-01	2.99460303e-01
890             	-9.76014361e-03	1.55797952e-02	5.79448291e-01	2.79964002e-01	2.99484289e-01
891             	-9.75392258e-03	1.55782293e-02	5.79506969e-01	2.79999562e-01	2.99507407e-01
892             	-9.74751458e-03	1.55766402e-02	5.79567067e-01	2.80036019e-01	2.99531048e-01
893             	-9.74090715e-03	1.55750810e-02	5.79628360e-01	2.80073273e-01	2.99555087e-01
894             	-9.73490445e-03	1.55735607e-02	5.79685413e-01	2.80107802e-01	2.99577611e-01
895             	-9.72764034e-03	1.55720047e-02	5.79750638e-01	2.80147679e-01	2.99602959e-01
896             	-9.72055145e-03	1.55705530e-02	5.79814217e-01	2.80186557e-01	2.99627660e-01
897             	-9.71370417e-03	1.55691608e-02	5.79875829e-01	2.80224210e-01	2.99651619e-01
898             	-9.70707495e-03	1.55677681e-02	5.79935831e-01	2.80260841e-01	2.99674991e-01
899             	-9.70101561e-03	1.55663729e-02	5.79992010e-01	2.80294989e-01	2.99697021e-01
900             	-9.69485763e-03	1.55648727e-02	5.80049141e-01	2.80329713e-01	2.99719428e-01
901             	-9.68851429e-03	1.55632850e-02	5.80107875e-01	2.80365423e-01	2.99742452e-01
902             	-9.68197441e-03	1.55616826e-02	5.80168024e-01	2.80402037e-01	2.99765986e-01
903             	-9.67532174e-03	1.55601091e-02	5.80228909e-01	2.80439133e-01	2.99789776e-01
904             	-9.66936570e-03	1.55585813e-02	5.80285085e-01	2.80473177e-01	2.99811908e-01
905             	-9.66224368e-03	1.55570164e-02	5.80348892e-01	2.80512202e-01	2.99836690e-01
906             	-9.65533856e-03	1.55555546e-02	5.80410901e-01	2.80550112e-01	2.99860789e-01
907             	-9.64867068e-03	1.55541529e-02	5.80471062e-01	2.80586860e-01	2.99884202e-01
908             	-9.64218983e-03	1.55527557e-02	5.80529861e-01	2.80622741e-01	2.99907121e-01
909             	-9.63580074e-03	1.55513411e-02	5.80587941e-01	2.80658170e-01	2.99929771e-01
910             	-9.62989333e-03	1.55499073e-02	5.80642943e-01	2.80691578e-01	2.99951365e-01
911             	-9.62339639e-03	1.55483495e-02	5.80702121e-01	2.80727664e-01	2.99974457e-01
912             	-9.61725542e-03	1.55468275e-02	5.80759008e-01	2.80762249e-01	2.99996760e-01
913             	-9.61092142e-03	1.55452912e-02	5.80817262e-01	2.80797710e-01	3.00019552e-01
914             	-9.60443088e-03	1.55437703e-02	5.80876537e-01	2.80833838e-01	3.00042699e-01
915             	-9.59857573e-03	1.55422771e-02	5.80931534e-01	2.80867191e-01	3.00064343e-01
916             	-9.59148194e-03	1.55407621e-02	5.80994462e-01	2.80905749e-01	3.00088713e-01
917             	-9.58458890e-03	1.55393354e-02	5.81055770e-01	2.80943296e-01	3.00112474e-01
918             	-9.57793918e-03	1.55379607e-02	5.81115231e-01	2.80979676e-01	3.00135555e-01
919             	-9.57150172e-03	1.55365855e-02	5.81173203e-01	2.81015100e-01	3.00158103e-01
920             	-9.56561122e-03	1.55352138e-02	5.81227531e-01	2.81048154e-01	3.00179377e-01
921             	-9.55920500e-03	1.55337227e-02	5.81285457e-01	2.81083523e-01	3.00201933e-01
922             	-9.55323103e-03	1.55322270e-02	5.81340750e-01	2.81117144e-01	3.00223606e-01
923             	-9.54706896e-03	1.55307000e-02	5.81397391e-01	2.81151627e-01	3.00245765e-01
924             	-9.54073208e-03	1.55291752e-02	5.81455221e-01	2.81186878e-01	3.00268343e-01
925             	-9.53498380e-03	1.55276786e-02	5.81509110e-01	2.81219571e-01	3.00289539e-01
926             	-9.52800369e-03	1.55261465e-02	5.81571027e-01	2.81257510e-01	3.00313517e-01
927             	-9.52117603e-03	1.55247298e-02	5.81631551e-01	2.81294600e-01	3.00336952e-01
928             	-9.51456768e-03	1.55233900e-02	5.81690309e-01	2.81330587e-01	3.00359722e-01
929             	-9.50816278e-03	1.55220686e-02	5.81747552e-01	2.81365613e-01	3.00381939e-01
930             	-9.50233374e-03	1.55207352e-02	5.81801072e-01	2.81398202e-01	3.00402870e-01
931             	-9.49641124e-03	1.55193172e-02	5.81855381e-01	2.81431279e-01	3.00424102e-01
932             	-9.49031239e-03	1.55178237e-02	5.81911114e-01	2.81465245e-01	3.00445870e-01
933             	-9.48405383e-03	1.55162975e-02	5.81968072e-01	2.81499982e-01	3.00468090e-01
934             	-9.47836392e-03	1.55148013e-02	5.82021198e-01	2.81532235e-01	3.00488963e-01
935             	-9.47144519e-03	1.55132790e-02	5.82082250e-01	2.81569680e-01	3.00512570e-01
936             	-9.46470892e-03	1.55118605e-02	5.82141838e-01	2.81606210e-01	3.00535628e-01
937             	-9.45821365e-03	1.55105149e-02	5.82199597e-01	2.81641585e-01	3.00558012e-01
938             	-9.45190353e-03	1.55092099e-02	5.82255858e-01	2.81676025e-01	3.00579832e-01
939             	-9.44573774e-03	1.55078862e-02	5.82311110e-01	2.81709817e-01	3.00601293e-01
940             	-9.44007843e-03	1.55065306e-02	5.82363199e-01	2.81741521e-01	3.00621678e-01
941             	-9.43390503e-03	1.55050424e-02	5.82418988e-01	2.81775589e-01	3.00643399e-01
942             	-9.42809030e-03	1.55035704e-02	5.82472563e-01	2.81808191e-01	3.00664372e-01
943             	-9.42210127e-03	1.55020722e-02	5.82527440e-01	2.81841619e-01	3.00685821e-01
944             	-9.41595547e-03	1.55005843e-02	5.82583381e-01	2.81875735e-01	3.00707646e-01
945             	-9.41039646e-03	1.54991279e-02	5.82635392e-01	2.81907300e-01	3.00728093e-01
946             	-9.40362015e-03	1.54976627e-02	5.82695128e-01	2.81943944e-01	3.00751184e-01
947             	-9.39700100e-03	1.54962988e-02	5.82753483e-01	2.81979740e-01	3.00773742e-01
948             	-9.39059098e-03	1.54949995e-02	5.82810161e-01	2.82014490e-01	3.00795672e-01
949             	-9.38437229e-03	1.54937103e-02	5.82865428e-01	2.82048342e-01	3.00817086e-01
950             	-9.37827018e-03	1.54924060e-02	5.82919800e-01	2.82081630e-01	3.00838170e-01
951             	-9.37225919e-03	1.54910518e-02	5.82973648e-01	2.82114565e-01	3.00859083e-01
952             	-9.36630135e-03	1.54896384e-02	5.83027345e-01	2.82147371e-01	3.00879974e-01
953             	-9.36074972e-03	1.54882013e-02	5.83078688e-01	2.82178594e-01	3.00900093e-01
954             	-9.35464931e-03	1.54866953e-02	5.83133760e-01	2.82212231e-01	3.00921529e-01
955             	-9.34889023e-03	1.54852438e-02	5.83186706e-01	2.82244463e-01	3.00942243e-01
956             	-9.34261854e-03	1.54837834e-02	5.83242934e-01	2.82278849e-01	3.00964086e-01
957             	-9.33678106e-03	1.54824024e-02	5.83296281e-01	2.82311360e-01	3.00984922e-01
958             	-9.33048941e-03	1.54810362e-02	5.83352261e-01	2.82345641e-01	3.01006620e-01
959             	-9.32431412e-03	1.54797158e-02	5.83407228e-01	2.82379300e-01	3.01027928e-01
960             	-9.31828444e-03	1.54784057e-02	5.83461087e-01	2.82412259e-01	3.01048828e-01
961             	-9.31237494e-03	1.54770726e-02	5.83514135e-01	2.82444693e-01	3.01069442e-01
962             	-9.30649977e-03	1.54757191e-02	5.83566903e-01	2.82476952e-01	3.01089951e-01
963             	-9.30062082e-03	1.54743354e-02	5.83619765e-01	2.82509262e-01	3.01110503e-01
964             	-9.29472404e-03	1.54729276e-02	5.83672862e-01	2.82541707e-01	3.01131155e-01
965             	-9.28880166e-03	1.54715083e-02	5.83726250e-01	2.82574323e-01	3.01151926e-01
966             	-9.28282886e-03	1.54701142e-02	5.83779902e-01	2.82607122e-01	3.01172780e-01
967             	-9.27684600e-03	1.54687459e-02	5.83833563e-01	2.82639936e-01	3.01193628e-01
968             	-9.27087101e-03	1.54673967e-02	5.83887114e-01	2.82672686e-01	3.01214428e-01
969             	-9.26493273e-03	1.54660546e-02	5.83940389e-01	2.82705262e-01	3.01235127e-01
970             	-9.25901727e-03	1.54647295e-02	5.83993353e-01	2.82737659e-01	3.01255694e-01
971             	-9.25314300e-03	1.54634018e-02	5.84045976e-01	2.82769845e-01	3.01276131e-01
972             	-9.24731378e-03	1.54620584e-02	5.84098300e-01	2.82801836e-01	3.01296464e-01
973             	-9.24152684e-03	1.54606925e-02	5.84150406e-01	2.82833676e-01	3.01316730e-01
974             	-9.23574079e-03	1.54593273e-02	5.84202443e-01	2.82865481e-01	3.01336962e-01
975             	-9.22995601e-03	1.54579599e-02	5.84254472e-01	2.82897280e-01	3.01357192e-01
976             	-9.22417084e-03	1.54565908e-02	5.84306529e-01	2.82929094e-01	3.01377435e-01
977             	-9.21838827e-03	1.54552210e-02	5.84358608e-01	2.82960916e-01	3.01397692e-01
978             	-9.21258065e-03	1.54538741e-02	5.84410737e-01	2.82992788e-01	3.01417949e-01
979             	-9.20676500e-03	1.54525418e-02	5.84462851e-01	2.83024660e-01	3.01438190e-01
980             	-9.20095552e-03	1.54512156e-02	5.84514883e-01	2.83056486e-01	3.01458397e-01
981             	-9.19516697e-03	1.54498869e-02	5.84566774e-01	2.83088220e-01	3.01478554e-01
982             	-9.18937804e-03	1.54485717e-02	5.84618538e-01	2.83119891e-01	3.01498647e-01
983             	-9.18360588e-03	1.54472573e-02	5.84670139e-01	2.83151464e-01	3.01518675e-01
984             	-9.17786033e-03	1.54459350e-02	5.84721562e-01	2.83182921e-01	3.01538641e-01
985             	-9.17214879e-03	1.54445992e-02	5.84772805e-01	2.83214254e-01	3.01558551e-01
986             	-9.16644211e-03	1.54432704e-02	5.84823938e-01	2.83245527e-01	3.01578411e-01
987             	-9.16074991e-03	1.54419417e-02	5.84874962e-01	2.83276731e-01	3.01598231e-01
988             	-9.15507636e-03	1.54406087e-02	5.84925882e-01	2.83307865e-01	3.01618017e-01
989             	-9.14942571e-03	1.54392690e-02	5.84976699e-01	2.83338924e-01	3.01637775e-01
990             	-9.14376852e-03	1.54379440e-02	5.85027466e-01	2.83369965e-01	3.01657502e-01
991             	-9.13811589e-03	1.54366260e-02	5.85078164e-01	2.83400966e-01	3.01677198e-01
992             	-9.13247472e-03	1.54353090e-02	5.85128774e-01	2.83431912e-01	3.01696862e-01
993             	-9.12685258e-03	1.54339878e-02	5.85179275e-01	2.83462785e-01	3.01716490e-01
994             	-9.12122375e-03	1.54326812e-02	5.85229707e-01	2.83493630e-01	3.01736077e-01
995             	-9.11560206e-03	1.54313794e-02	5.85280041e-01	2.83524418e-01	3.01755622e-01
996             	-9.10999618e-03	1.54300753e-02	5.85330257e-01	2.83555132e-01	3.01775125e-01
997             	-9.10441450e-03	1.54287632e-02	5.85380339e-01	2.83585755e-01	3.01794584e-01
998             	-9.09883130e-03	1.54274623e-02	5.85430335e-01	2.83616336e-01	3.01813999e-01
999             	-9.09325917e-03	1.54261641e-02	5.85480225e-01	2.83646853e-01	3.01833372e-01
1000            	-9.08770540e-03	1.54248624e-02	5.85529998e-01	2.83677294e-01	3.01852704e-01
1001            	-9.08216714e-03	1.54235530e-02	5.85579705e-01	2.83707686e-01	3.01872020e-01
1002            	-9.07664094e-03	1.54222558e-02	5.85629247e-01	2.83737983e-01	3.01891264e-01
1003            	-9.07111620e-03	1.54209621e-02	5.85678749e-01	2.83768258e-01	3.01910491e-01
1004            	-9.06561194e-03	1.54196662e-02	5.85728119e-01	2.83798448e-01	3.01929672e-01
1005            	-9.06013437e-03	1.54183633e-02	5.85777348e-01	2.83828540e-01	3.01948808e-01
1006            	-9.05465652e-03	1.54170728e-02	5.85826486e-01	2.83858587e-01	3.01967900e-01
1007            	-9.04918914e-03	1.54157861e-02	5.85875521e-01	2.83888571e-01	3.01986950e-01
1008            	-9.04373792e-03	1.54144973e-02	5.85924447e-01	2.83918486e-01	3.02005961e-01
1009            	-9.03830879e-03	1.54132017e-02	5.85973257e-01	2.83948320e-01	3.02024937e-01
1010            	-9.03287533e-03	1.54119188e-02	5.86022000e-01	2.83978124e-01	3.02043875e-01
1011            	-9.02744896e-03	1.54106404e-02	5.86070657e-01	2.84007880e-01	3.02062778e-01
1012            	-9.02203628e-03	1.54093604e-02	5.86119220e-01	2.84037574e-01	3.02081646e-01
1013            	-9.01664496e-03	1.54080741e-02	5.86167670e-01	2.84067190e-01	3.02100480e-01
1014            	-9.01125075e-03	1.54068006e-02	5.86216044e-01	2.84096771e-01	3.02119273e-01
1015            	-9.00586662e-03	1.54055311e-02	5.86264317e-01	2.84126292e-01	3.02138025e-01
1016            	-9.00050049e-03	1.54042591e-02	5.86312470e-01	2.84155734e-01	3.02156735e-01
1017            	-8.99515966e-03	1.54029797e-02	5.86360489e-01	2.84185085e-01	3.02175404e-01
1018            	-8.98981915e-03	1.54017117e-02	5.86408420e-01	2.84214391e-01	3.02194029e-01
1019            	-8.98449034e-03	1.54004468e-02	5.86456244e-01	2.84243632e-01	3.02212612e-01
1020            	-8.97917960e-03	1.53991791e-02	5.86503952e-01	2.84272797e-01	3.02231156e-01
1021            	-8.97389310e-03	1.53979042e-02	5.86551536e-01	2.84301875e-01	3.02249661e-01
1022            	-8.96860533e-03	1.53966414e-02	5.86599042e-01	2.84330916e-01	3.02268126e-01
1023            	-8.96332710e-03	1.53953827e-02	5.86646453e-01	2.84359899e-01	3.02286553e-01
1024            	-8.95806504e-03	1.53941223e-02	5.86693757e-01	2.84388813e-01	3.02304943e-01
1025            	-8.95282580e-03	1.53928554e-02	5.86740942e-01	2.84417645e-01	3.02323297e-01
1026            	-8.94758484e-03	1.53916008e-02	5.86788050e-01	2.84446440e-01	3.02341610e-01
1027            	-8.94235348e-03	1.53903503e-02	5.86835062e-01	2.84475177e-01	3.02359884e-01
1028            	-8.93713835e-03	1.53890979e-02	5.86881965e-01	2.84503844e-01	3.02378121e-01
1029            	-8.93194608e-03	1.53878388e-02	5.86928749e-01	2.84532428e-01	3.02396321e-01
1030            	-8.92675244e-03	1.53865917e-02	5.86975455e-01	2.84560975e-01	3.02414480e-01
1031            	-8.92156881e-03	1.53853483e-02	5.87022063e-01	2.84589463e-01	3.02432600e-01
1032            	-8.91640180e-03	1.53841027e-02	5.87068563e-01	2.84617880e-01	3.02450683e-01
1033            	-8.91125829e-03	1.53828501e-02	5.87114941e-01	2.84646212e-01	3.02468729e-01
1034            	-8.90614441e-03	1.53815878e-02	5.87161183e-01	2.84674447e-01	3.02486736e-01
1035            	-8.90103386e-03	1.53803366e-02	5.87207334e-01	2.84702633e-01	3.02504701e-01
1036            	-8.89593492e-03	1.53790903e-02	5.87253382e-01	2.84730756e-01	3.02522626e-01
1037            	-8.89085146e-03	1.53778444e-02	5.87299320e-01	2.84758808e-01	3.02540511e-01
1038            	-8.88578778e-03	1.53765952e-02	5.87345140e-01	2.84786782e-01	3.02558358e-01
1039            	-8.88071848e-03	1.53753615e-02	5.87390889e-01	2.84814726e-01	3.02576163e-01
1040            	-8.87565404e-03	1.53741349e-02	5.87436551e-01	2.84842621e-01	3.02593930e-01
1041            	-8.87060153e-03	1.53729085e-02	5.87482114e-01	2.84870455e-01	3.02611659e-01
1042            	-8.86556891e-03	1.53716766e-02	5.87527564e-01	2.84898213e-01	3.02629351e-01
1043            	-8.86053420e-03	1.53704569e-02	5.87572939e-01	2.84925935e-01	3.02647004e-01
1044            	-8.85550980e-03	1.53692403e-02	5.87618220e-01	2.84953600e-01	3.02664620e-01
1045            	-8.85050367e-03	1.53680205e-02	5.87663391e-01	2.84981192e-01	3.02682199e-01
1046            	-8.84552365e-03	1.53667924e-02	5.87708435e-01	2.85008694e-01	3.02699741e-01
1047            	-8.84057606e-03	1.53655533e-02	5.87753339e-01	2.85036094e-01	3.02717246e-01
1048            	-8.83563513e-03	1.53643239e-02	5.87798147e-01	2.85063438e-01	3.02734709e-01
1049            	-8.83070872e-03	1.53630983e-02	5.87842844e-01	2.85090714e-01	3.02752131e-01
1050            	-8.82579948e-03	1.53618726e-02	5.87887428e-01	2.85117915e-01	3.02769514e-01
1051            	-8.82091024e-03	1.53606435e-02	5.87931896e-01	2.85145038e-01	3.02786858e-01
1052            	-8.81604419e-03	1.53594087e-02	5.87976241e-01	2.85172076e-01	3.02804165e-01
1053            	-8.81117454e-03	1.53581888e-02	5.88020513e-01	2.85199082e-01	3.02821431e-01
1054            	-8.80631010e-03	1.53569767e-02	5.88064695e-01	2.85226038e-01	3.02838658e-01
1055            	-8.80145596e-03	1.53557667e-02	5.88108781e-01	2.85252935e-01	3.02855847e-01
1056            	-8.79661829e-03	1.53545539e-02	5.88152761e-01	2.85279762e-01	3.02872999e-01
1057            	-8.79177454e-03	1.53533559e-02	5.88196673e-01	2.85306562e-01	3.02890111e-01
1058            	-8.78693678e-03	1.53521635e-02	5.88240499e-01	2.85333313e-01	3.02907186e-01
1059            	-8.78211311e-03	1.53509696e-02	5.88284226e-01	2.85360000e-01	3.02924226e-01
1060            	-8.77731210e-03	1.53497688e-02	5.88327836e-01	2.85386606e-01	3.02941230e-01
1061            	-8.77254133e-03	1.53485574e-02	5.88371314e-01	2.85413115e-01	3.02958198e-01
1062            	-8.76777733e-03	1.53473552e-02	5.88414697e-01	2.85439571e-01	3.02975126e-01
1063            	-8.76302891e-03	1.53461559e-02	5.88457972e-01	2.85465957e-01	3.02992015e-01
1064            	-8.75829983e-03	1.53449552e-02	5.88501129e-01	2.85492265e-01	3.03008864e-01
1065            	-8.75359353e-03	1.53437499e-02	5.88544164e-01	2.85518489e-01	3.03025676e-01
1066            	-8.74891286e-03	1.53425378e-02	5.88587072e-01	2.85544623e-01	3.03042449e-01
1067            	-8.74423138e-03	1.53413394e-02	5.88629899e-01	2.85570718e-01	3.03059181e-01
1068            	-8.73955624e-03	1.53401483e-02	5.88672637e-01	2.85596762e-01	3.03075875e-01
1069            	-8.73489147e-03	1.53389593e-02	5.88715278e-01	2.85622748e-01	3.03092531e-01
1070            	-8.73024240e-03	1.53377677e-02	5.88757815e-01	2.85648665e-01	3.03109150e-01
1071            	-8.72561489e-03	1.53365699e-02	5.88800235e-01	2.85674503e-01	3.03125733e-01
1072            	-8.72098563e-03	1.53353854e-02	5.88842580e-01	2.85700304e-01	3.03142276e-01
1073            	-8.71636411e-03	1.53342067e-02	5.88884834e-01	2.85726053e-01	3.03158781e-01
1074            	-8.71175576e-03	1.53330283e-02	5.88926991e-01	2.85751740e-01	3.03175251e-01
1075            	-8.70716697e-03	1.53318456e-02	5.88969036e-01	2.85777351e-01	3.03191685e-01
1076            	-8.70260369e-03	1.53306554e-02	5.89010958e-01	2.85802875e-01	3.03208083e-01
1077            	-8.69804237e-03	1.53294774e-02	5.89052796e-01	2.85828356e-01	3.03224441e-01
1078            	-8.69349163e-03	1.53283045e-02	5.89094538e-01	2.85853777e-01	3.03240760e-01
1079            	-8.68895604e-03	1.53271317e-02	5.89136173e-01	2.85879131e-01	3.03257043e-01
1080            	-8.68444037e-03	1.53259547e-02	5.89177695e-01	2.85904407e-01	3.03273288e-01
1081            	-8.67994915e-03	1.53247707e-02	5.89219096e-01	2.85929599e-01	3.03289497e-01
1082            	-8.67545807e-03	1.53235994e-02	5.89260418e-01	2.85954751e-01	3.03305667e-01
1083            	-8.67097537e-03	1.53224340e-02	5.89301648e-01	2.85979849e-01	3.03321800e-01
1084            	-8.66650553e-03	1.53212694e-02	5.89342778e-01	2.86004884e-01	3.03337895e-01
1085            	-8.66205393e-03	1.53201009e-02	5.89383799e-01	2.86029845e-01	3.03353953e-01
1086            	-8.65762607e-03	1.53189253e-02	5.89424698e-01	2.86054723e-01	3.03369975e-01
1087            	-8.65319863e-03	1.53177622e-02	5.89465516e-01	2.86079559e-01	3.03385957e-01
1088            	-8.64878012e-03	1.53166045e-02	5.89506240e-01	2.86104340e-01	3.03401900e-01
1089            	-8.64437490e-03	1.53154472e-02	5.89546864e-01	2.86129057e-01	3.03417807e-01
1090            	-8.63998823e-03	1.53142858e-02	5.89587380e-01	2.86153702e-01	3.03433678e-01
1091            	-8.63562531e-03	1.53131173e-02	5.89627776e-01	2.86178263e-01	3.03449513e-01
1092            	-8.63126303e-03	1.53119611e-02	5.89668093e-01	2.86202784e-01	3.03465310e-01
1093            	-8.62690985e-03	1.53108105e-02	5.89708318e-01	2.86227249e-01	3.03481069e-01
1094            	-8.62257041e-03	1.53096602e-02	5.89748441e-01	2.86251650e-01	3.03496791e-01
1095            	-8.61824975e-03	1.53085059e-02	5.89788454e-01	2.86275977e-01	3.03512477e-01
1096            	-8.61395272e-03	1.53073446e-02	5.89828348e-01	2.86300221e-01	3.03528127e-01
1097            	-8.60965580e-03	1.53061956e-02	5.89868165e-01	2.86324427e-01	3.03543738e-01
1098            	-8.60536720e-03	1.53050524e-02	5.89907892e-01	2.86348579e-01	3.03559313e-01
1099            	-8.60109137e-03	1.53039097e-02	5.89947521e-01	2.86372669e-01	3.03574852e-01
1100            	-8.59683351e-03	1.53027632e-02	5.89987044e-01	2.86396688e-01	3.03590355e-01
1101            	-8.59259887e-03	1.53016095e-02	5.90026448e-01	2.86420625e-01	3.03605823e-01
1102            	-8.58836482e-03	1.53004680e-02	5.90065774e-01	2.86444522e-01	3.03621252e-01
1103            	-8.58413941e-03	1.52993321e-02	5.90105007e-01	2.86468364e-01	3.03636643e-01
1104            	-8.57992700e-03	1.52981965e-02	5.90144143e-01	2.86492144e-01	3.03651998e-01
1105            	-8.57573213e-03	1.52970570e-02	5.90183174e-01	2.86515855e-01	3.03667319e-01
1106            	-8.57155981e-03	1.52959106e-02	5.90222093e-01	2.86539487e-01	3.03682606e-01
1107            	-8.56738780e-03	1.52947766e-02	5.90260934e-01	2.86563079e-01	3.03697855e-01
1108            	-8.56322440e-03	1.52936481e-02	5.90299685e-01	2.86586618e-01	3.03713067e-01
1109            	-8.55907432e-03	1.52925200e-02	5.90338336e-01	2.86610094e-01	3.03728242e-01
1110            	-8.55494263e-03	1.52913878e-02	5.90376878e-01	2.86633497e-01	3.03743382e-01
1111            	-8.55083410e-03	1.52902486e-02	5.90415304e-01	2.86656818e-01	3.03758486e-01
1112            	-8.54672605e-03	1.52891215e-02	5.90453653e-01	2.86680100e-01	3.03773552e-01
1113            	-8.54262644e-03	1.52879998e-02	5.90491912e-01	2.86703330e-01	3.03788583e-01
1114            	-8.53853957e-03	1.52868786e-02	5.90530076e-01	2.86726498e-01	3.03803578e-01
1115            	-8.53447055e-03	1.52857534e-02	5.90568134e-01	2.86749596e-01	3.03818537e-01
1116            	-8.53042447e-03	1.52846210e-02	5.90606076e-01	2.86772614e-01	3.03833463e-01
1117            	-8.52637949e-03	1.52835005e-02	5.90643939e-01	2.86795590e-01	3.03848349e-01
1118            	-8.52234321e-03	1.52823855e-02	5.90681711e-01	2.86818513e-01	3.03863199e-01
1119            	-8.51831925e-03	1.52812710e-02	5.90719390e-01	2.86841376e-01	3.03878014e-01
1120            	-8.51431249e-03	1.52801527e-02	5.90756966e-01	2.86864171e-01	3.03892796e-01
1121            	-8.51032790e-03	1.52790276e-02	5.90794430e-01	2.86886887e-01	3.03907543e-01
1122            	-8.50634398e-03	1.52779146e-02	5.90831817e-01	2.86909564e-01	3.03922252e-01
1123            	-8.50236859e-03	1.52768071e-02	5.90869114e-01	2.86932189e-01	3.03936926e-01
1124            	-8.49840611e-03	1.52757000e-02	5.90906315e-01	2.86954751e-01	3.03951563e-01
1125            	-8.49446142e-03	1.52745889e-02	5.90943409e-01	2.86977243e-01	3.03966166e-01
1126            	-8.49053924e-03	1.52734709e-02	5.90980391e-01	2.86999656e-01	3.03980735e-01
1127            	-8.48661759e-03	1.52723648e-02	5.91017298e-01	2.87022031e-01	3.03995266e-01
1128            	-8.48270409e-03	1.52712642e-02	5.91054118e-01	2.87044355e-01	3.04009763e-01
1129            	-8.47880287e-03	1.52701641e-02	5.91090845e-01	2.87066619e-01	3.04024225e-01
1130            	-8.47491893e-03	1.52690602e-02	5.91127468e-01	2.87088815e-01	3.04038653e-01
1131            	-8.47105733e-03	1.52679494e-02	5.91163980e-01	2.87110933e-01	3.04053047e-01
1132            	-8.46719709e-03	1.52668504e-02	5.91200412e-01	2.87133009e-01	3.04067403e-01
1133            	-8.46334551e-03	1.52657566e-02	5.91236755e-01	2.87155032e-01	3.04081723e-01
1134            	-8.45950615e-03	1.52646632e-02	5.91273006e-01	2.87176997e-01	3.04096009e-01
1135            	-8.45568372e-03	1.52635660e-02	5.91309157e-01	2.87198895e-01	3.04110262e-01
1136            	-8.45188305e-03	1.52624621e-02	5.91345197e-01	2.87220716e-01	3.04124482e-01
1137            	-8.44810855e-03	1.52613499e-02	5.91381117e-01	2.87242450e-01	3.04138667e-01
1138            	-8.44433715e-03	1.52602498e-02	5.91416955e-01	2.87264141e-01	3.04152815e-01
1139            	-8.44057439e-03	1.52591565e-02	5.91452703e-01	2.87285777e-01	3.04166926e-01
1140            	-8.43682207e-03	1.52580659e-02	5.91488360e-01	2.87307358e-01	3.04181002e-01
1141            	-8.43308323e-03	1.52569744e-02	5.91523921e-01	2.87328877e-01	3.04195044e-01
1142            	-8.42936157e-03	1.52558787e-02	5.91559383e-01	2.87350330e-01	3.04209053e-01
1143            	-8.42534897e-03	1.52547914e-02	5.91596682e-01	2.87372992e-01	3.04223690e-01
1144            	-8.42149767e-03	1.52537363e-02	5.91632815e-01	2.87394910e-01	3.04237905e-01
1145            	-8.41777128e-03	1.52526925e-02	5.91668073e-01	2.87416265e-01	3.04251808e-01
1146            	-8.41414888e-03	1.52516382e-02	5.91702653e-01	2.87437178e-01	3.04265476e-01
1147            	-8.41061219e-03	1.52505578e-02	5.91736743e-01	2.87457759e-01	3.04278984e-01
1148            	-8.40713873e-03	1.52494457e-02	5.91770537e-01	2.87478130e-01	3.04292407e-01
1149            	-8.40370044e-03	1.52483062e-02	5.91804240e-01	2.87498420e-01	3.04305821e-01
1150            	-8.40024113e-03	1.52471720e-02	5.91838081e-01	2.87518799e-01	3.04319282e-01
1151            	-8.39674121e-03	1.52460503e-02	5.91872183e-01	2.87539351e-01	3.04332833e-01
1152            	-8.39318831e-03	1.52449471e-02	5.91906599e-01	2.87560111e-01	3.04346488e-01
1153            	-8.38958325e-03	1.52438648e-02	5.91941298e-01	2.87581066e-01	3.04360232e-01
1154            	-8.38593940e-03	1.52428010e-02	5.91976182e-01	2.87602152e-01	3.04374031e-01
1155            	-8.38204520e-03	1.52417494e-02	5.92012555e-01	2.87624232e-01	3.04388323e-01
1156            	-8.37842838e-03	1.52407424e-02	5.92046986e-01	2.87645065e-01	3.04401922e-01
1157            	-8.37484317e-03	1.52397335e-02	5.92081113e-01	2.87665714e-01	3.04415400e-01
1158            	-8.37129136e-03	1.52387046e-02	5.92115003e-01	2.87686210e-01	3.04428793e-01
1159            	-8.36777442e-03	1.52376477e-02	5.92148714e-01	2.87706582e-01	3.04442131e-01
1160            	-8.36429318e-03	1.52365638e-02	5.92182288e-01	2.87726851e-01	3.04455437e-01
1161            	-8.36084691e-03	1.52354596e-02	5.92215754e-01	2.87747030e-01	3.04468724e-01
1162            	-8.35740681e-03	1.52343651e-02	5.92249172e-01	2.87767179e-01	3.04481993e-01
1163            	-8.35397331e-03	1.52332817e-02	5.92282550e-01	2.87787302e-01	3.04495248e-01
1164            	-8.35054391e-03	1.52322089e-02	5.92315894e-01	2.87807403e-01	3.04508491e-01
1165            	-8.34711832e-03	1.52311439e-02	5.92349203e-01	2.87827483e-01	3.04521720e-01
1166            	-8.34369832e-03	1.52300824e-02	5.92382471e-01	2.87847537e-01	3.04534934e-01
1167            	-8.34028724e-03	1.52290204e-02	5.92415684e-01	2.87867555e-01	3.04548129e-01
1168            	-8.33664188e-03	1.52279745e-02	5.92450249e-01	2.87888483e-01	3.04561766e-01
1169            	-8.33327622e-03	1.52269583e-02	5.92482934e-01	2.87908191e-01	3.04574743e-01
1170            	-8.32993531e-03	1.52259335e-02	5.92515421e-01	2.87927775e-01	3.04587646e-01
1171            	-8.32660886e-03	1.52248902e-02	5.92547834e-01	2.87947308e-01	3.04600526e-01
1172            	-8.32329119e-03	1.52238268e-02	5.92580249e-01	2.87966833e-01	3.04613416e-01
1173            	-8.31998099e-03	1.52227482e-02	5.92612694e-01	2.87986366e-01	3.04626328e-01
1174            	-8.31665401e-03	1.52216825e-02	5.92645203e-01	2.88005947e-01	3.04639255e-01
1175            	-8.31331854e-03	1.52206298e-02	5.92677734e-01	2.88025549e-01	3.04652186e-01
1176            	-8.30998201e-03	1.52195879e-02	5.92710240e-01	2.88045138e-01	3.04665102e-01
1177            	-8.30643888e-03	1.52185503e-02	5.92744009e-01	2.88065565e-01	3.04678443e-01
1178            	-8.30318512e-03	1.52175328e-02	5.92775904e-01	2.88084767e-01	3.04691137e-01
1179            	-8.29997441e-03	1.52164993e-02	5.92807549e-01	2.88103800e-01	3.04703749e-01
1180            	-8.29676729e-03	1.52154627e-02	5.92839124e-01	2.88122795e-01	3.04716329e-01
1181            	-8.29355663e-03	1.52144183e-02	5.92870720e-01	2.88141804e-01	3.04728917e-01
1182            	-8.29033768e-03	1.52133681e-02	5.92902381e-01	2.88160853e-01	3.04741528e-01
1183            	-8.28711191e-03	1.52123160e-02	5.92934101e-01	2.88179939e-01	3.04754162e-01
1184            	-8.28388567e-03	1.52112652e-02	5.92965840e-01	2.88199034e-01	3.04766806e-01
1185            	-8.28066761e-03	1.52102171e-02	5.92997541e-01	2.88218103e-01	3.04779438e-01
1186            	-8.27723134e-03	1.52091894e-02	5.93030512e-01	2.88238024e-01	3.04792487e-01
1187            	-8.27406217e-03	1.52081958e-02	5.93061678e-01	2.88256777e-01	3.04804901e-01
1188            	-8.27092261e-03	1.52071967e-02	5.93092615e-01	2.88275385e-01	3.04817230e-01
1189            	-8.26780189e-03	1.52061796e-02	5.93123451e-01	2.88293924e-01	3.04829528e-01
1190            	-8.26469289e-03	1.52051415e-02	5.93154273e-01	2.88312444e-01	3.04841830e-01
1191            	-8.26159214e-03	1.52040863e-02	5.93185121e-01	2.88330969e-01	3.04854153e-01
1192            	-8.25847457e-03	1.52030421e-02	5.93216037e-01	2.88349544e-01	3.04866493e-01
1193            	-8.25534655e-03	1.52020101e-02	5.93246988e-01	2.88368147e-01	3.04878840e-01
1194            	-8.25201059e-03	1.52009869e-02	5.93279207e-01	2.88387593e-01	3.04891614e-01
1195            	-8.24893564e-03	1.51999916e-02	5.93309698e-01	2.88405913e-01	3.04903785e-01
1196            	-8.24589313e-03	1.51989877e-02	5.93339976e-01	2.88424095e-01	3.04915881e-01
1197            	-8.24287369e-03	1.51979655e-02	5.93370148e-01	2.88442200e-01	3.04927948e-01
1198            	-8.23984516e-03	1.51969437e-02	5.93400336e-01	2.88460323e-01	3.04940013e-01
1199            	-8.23680731e-03	1.51959210e-02	5.93430571e-01	2.88478478e-01	3.04952093e-01
1200            	-8.23376162e-03	1.51948989e-02	5.93460851e-01	2.88496664e-01	3.04964187e-01
1201            	-8.23071362e-03	1.51938788e-02	5.93491144e-01	2.88514858e-01	3.04976286e-01
1202            	-8.22747339e-03	1.51928576e-02	5.93522656e-01	2.88533854e-01	3.04988801e-01
1203            	-8.22449732e-03	1.51918580e-02	5.93552452e-01	2.88551729e-01	3.05000723e-01
1204            	-8.22156174e-03	1.51908467e-02	5.93582019e-01	2.88569448e-01	3.05012571e-01
1205            	-8.21862989e-03	1.51898375e-02	5.93611512e-01	2.88587126e-01	3.05024386e-01
1206            	-8.21569512e-03	1.51888251e-02	5.93641009e-01	2.88604809e-01	3.05036200e-01
1207            	-8.21275271e-03	1.51878097e-02	5.93670551e-01	2.88622523e-01	3.05048028e-01
1208            	-8.20980335e-03	1.51867935e-02	5.93700137e-01	2.88640265e-01	3.05059872e-01
1209            	-8.20685206e-03	1.51857784e-02	5.93729738e-01	2.88658017e-01	3.05071721e-01
1210            	-8.20390651e-03	1.51847650e-02	5.93759310e-01	2.88675748e-01	3.05083561e-01
1211            	-8.20097493e-03	1.51837521e-02	5.93788804e-01	2.88693427e-01	3.05095377e-01
1212            	-8.19784664e-03	1.51827549e-02	5.93819453e-01	2.88711880e-01	3.05107573e-01
1213            	-8.19496682e-03	1.51817898e-02	5.93848399e-01	2.88729233e-01	3.05119166e-01
1214            	-8.19211515e-03	1.51808183e-02	5.93877128e-01	2.88746449e-01	3.05130679e-01
1215            	-8.18928089e-03	1.51798297e-02	5.93905764e-01	2.88763601e-01	3.05142163e-01
1216            	-8.18645646e-03	1.51788220e-02	5.93934395e-01	2.88780741e-01	3.05153654e-01
1217            	-8.18363809e-03	1.51777995e-02	5.93963060e-01	2.88797892e-01	3.05165168e-01
1218            	-8.18082538e-03	1.51767696e-02	5.93991760e-01	2.88815055e-01	3.05176706e-01
1219            	-8.17799526e-03	1.51757599e-02	5.94020511e-01	2.88832260e-01	3.05188251e-01
1220            	-8.17515497e-03	1.51747687e-02	5.94049266e-01	2.88849478e-01	3.05199788e-01
1221            	-8.17231099e-03	1.51737911e-02	5.94077981e-01	2.88866679e-01	3.05211301e-01
1222            	-8.16947191e-03	1.51728198e-02	5.94106613e-01	2.88883835e-01	3.05222779e-01
1223            	-8.16664646e-03	1.51718472e-02	5.94135134e-01	2.88900920e-01	3.05234213e-01
1224            	-8.16384214e-03	1.51708672e-02	5.94163523e-01	2.88917919e-01	3.05245604e-01
1225            	-8.16106442e-03	1.51698761e-02	5.94191775e-01	2.88934823e-01	3.05256952e-01
1226            	-8.15829183e-03	1.51688939e-02	5.94219931e-01	2.88951674e-01	3.05268257e-01
1227            	-8.15552874e-03	1.51679159e-02	5.94247994e-01	2.88968468e-01	3.05279526e-01
1228            	-8.15277653e-03	1.51669389e-02	5.94275971e-01	2.88985209e-01	3.05290762e-01
1229            	-8.15003752e-03	1.51659601e-02	5.94303862e-01	2.89001894e-01	3.05301969e-01
1230            	-8.14731491e-03	1.51649774e-02	5.94331666e-01	2.89018518e-01	3.05313148e-01
1231            	-8.14461135e-03	1.51639893e-02	5.94359379e-01	2.89035078e-01	3.05324301e-01
1232            	-8.14192855e-03	1.51629955e-02	5.94387000e-01	2.89051572e-01	3.05335429e-01
1233            	-8.13924288e-03	1.51620168e-02	5.94414571e-01	2.89068043e-01	3.05346528e-01
1234            	-8.13655791e-03	1.51610482e-02	5.94442087e-01	2.89084485e-01	3.05357601e-01
1235            	-8.13387554e-03	1.51600849e-02	5.94469543e-01	2.89100896e-01	3.05368647e-01
1236            	-8.13119958e-03	1.51591221e-02	5.94496932e-01	2.89117267e-01	3.05379666e-01
1237            	-8.12853534e-03	1.51581557e-02	5.94524242e-01	2.89133586e-01	3.05390656e-01
1238            	-8.12588821e-03	1.51571829e-02	5.94551459e-01	2.89149841e-01	3.05401618e-01
1239            	-8.12326226e-03	1.51562023e-02	5.94578574e-01	2.89166025e-01	3.05412549e-01
1240            	-8.12063577e-03	1.51552346e-02	5.94605626e-01	2.89182177e-01	3.05423449e-01
1241            	-8.11801341e-03	1.51542748e-02	5.94632608e-01	2.89198290e-01	3.05434317e-01
1242            	-8.11539737e-03	1.51533186e-02	5.94659517e-01	2.89214361e-01	3.05445156e-01
1243            	-8.11279116e-03	1.51523620e-02	5.94686351e-01	2.89230384e-01	3.05455966e-01
1244            	-8.11019908e-03	1.51514013e-02	5.94713100e-01	2.89246351e-01	3.05466749e-01
1245            	-8.10762557e-03	1.51504343e-02	5.94739756e-01	2.89262252e-01	3.05477504e-01
1246            	-8.10507348e-03	1.51494603e-02	5.94766314e-01	2.89278083e-01	3.05488230e-01
1247            	-8.10252015e-03	1.51484999e-02	5.94792814e-01	2.89293887e-01	3.05498927e-01
1248            	-8.09996937e-03	1.51475483e-02	5.94819252e-01	2.89309656e-01	3.05509595e-01
1249            	-8.09742285e-03	1.51466012e-02	5.94845626e-01	2.89325390e-01	3.05520236e-01
1250            	-8.09488392e-03	1.51456544e-02	5.94871931e-01	2.89341082e-01	3.05530850e-01
1251            	-8.09235705e-03	1.51447040e-02	5.94898159e-01	2.89356723e-01	3.05541437e-01
1252            	-8.08984712e-03	1.51437476e-02	5.94924298e-01	2.89372302e-01	3.05551996e-01
1253            	-8.08735802e-03	1.51427839e-02	5.94950339e-01	2.89387811e-01	3.05562527e-01
1254            	-8.08486802e-03	1.51418335e-02	5.94976318e-01	2.89403291e-01	3.05573027e-01
1255            	-8.08238102e-03	1.51408913e-02	5.95002233e-01	2.89418736e-01	3.05583498e-01
1256            	-8.07989897e-03	1.51399531e-02	5.95028082e-01	2.89434142e-01	3.05593940e-01
1257            	-8.07742512e-03	1.51390147e-02	5.95053862e-01	2.89449506e-01	3.05604356e-01
1258            	-8.07496380e-03	1.51380725e-02	5.95079564e-01	2.89464818e-01	3.05614746e-01
1259            	-8.07251946e-03	1.51371240e-02	5.95105179e-01	2.89480070e-01	3.05625109e-01
1260            	-8.07009584e-03	1.51361684e-02	5.95130698e-01	2.89495253e-01	3.05635445e-01
1261            	-8.06769457e-03	1.51352060e-02	5.95156117e-01	2.89510364e-01	3.05645753e-01
1262            	-8.06529181e-03	1.51342586e-02	5.95181477e-01	2.89525447e-01	3.05656030e-01
1263            	-8.06288962e-03	1.51333222e-02	5.95206778e-01	2.89540499e-01	3.05666279e-01
1264            	-8.06048858e-03	1.51323926e-02	5.95232021e-01	2.89555522e-01	3.05676499e-01
1265            	-8.05809137e-03	1.51314653e-02	5.95257204e-01	2.89570511e-01	3.05686693e-01
1266            	-8.05570247e-03	1.51305362e-02	5.95282319e-01	2.89585457e-01	3.05696862e-01
1267            	-8.05332739e-03	1.51296019e-02	5.95307354e-01	2.89600350e-01	3.05707005e-01
1268            	-8.05097108e-03	1.51286607e-02	5.95332298e-01	2.89615178e-01	3.05717120e-01
1269            	-8.04863656e-03	1.51277123e-02	5.95357145e-01	2.89629936e-01	3.05727209e-01
1270            	-8.04630122e-03	1.51267780e-02	5.95381934e-01	2.89644666e-01	3.05737268e-01
1271            	-8.04396790e-03	1.51258535e-02	5.95406663e-01	2.89659364e-01	3.05747300e-01
1272            	-8.04163737e-03	1.51249347e-02	5.95431333e-01	2.89674029e-01	3.05757304e-01
1273            	-8.03931240e-03	1.51240173e-02	5.95455940e-01	2.89688658e-01	3.05767283e-01
1274            	-8.03699724e-03	1.51230975e-02	5.95480477e-01	2.89703241e-01	3.05777236e-01
1275            	-8.03469700e-03	1.51221722e-02	5.95504930e-01	2.89717768e-01	3.05787162e-01
1276            	-8.03241570e-03	1.51212400e-02	5.95529293e-01	2.89732231e-01	3.05797062e-01
1277            	-8.03015566e-03	1.51203009e-02	5.95553560e-01	2.89746624e-01	3.05806935e-01
1278            	-8.02789401e-03	1.51193763e-02	5.95577771e-01	2.89760991e-01	3.05816779e-01
1279            	-8.02563327e-03	1.51184620e-02	5.95601925e-01	2.89775329e-01	3.05826596e-01
1280            	-8.02337419e-03	1.51175537e-02	5.95626023e-01	2.89789637e-01	3.05836386e-01
1281            	-8.02111954e-03	1.51166472e-02	5.95650062e-01	2.89803911e-01	3.05846150e-01
1282            	-8.01887388e-03	1.51157382e-02	5.95674032e-01	2.89818142e-01	3.05855890e-01
1283            	-8.01664238e-03	1.51148240e-02	5.95697922e-01	2.89832319e-01	3.05865604e-01
1284            	-8.01442917e-03	1.51139027e-02	5.95721725e-01	2.89846433e-01	3.05875292e-01
1285            	-8.01223685e-03	1.51129744e-02	5.95745435e-01	2.89860481e-01	3.05884954e-01
1286            	-8.01004296e-03	1.51120605e-02	5.95769091e-01	2.89874502e-01	3.05894588e-01
1287            	-8.00785001e-03	1.51111567e-02	5.95792690e-01	2.89888495e-01	3.05904195e-01
1288            	-8.00565890e-03	1.51102589e-02	5.95816233e-01	2.89902457e-01	3.05913775e-01
1289            	-8.00347243e-03	1.51093625e-02	5.95839716e-01	2.89916386e-01	3.05923330e-01
1290            	-8.00129525e-03	1.51084638e-02	5.95863129e-01	2.89930269e-01	3.05932860e-01
1291            	-7.99913215e-03	1.51075596e-02	5.95886464e-01	2.89944100e-01	3.05942364e-01
1292            	-7.99698711e-03	1.51066484e-02	5.95909713e-01	2.89957869e-01	3.05951843e-01
1293            	-7.99486267e-03	1.51057302e-02	5.95932870e-01	2.89971572e-01	3.05961297e-01
1294            	-7.99273642e-03	1.51048264e-02	5.95955973e-01	2.89985250e-01	3.05970723e-01
1295            	-7.99061080e-03	1.51039328e-02	5.95979022e-01	2.89998900e-01	3.05980122e-01
1296            	-7.98848668e-03	1.51030451e-02	5.96002017e-01	2.90012522e-01	3.05989495e-01
1297            	-7.98636697e-03	1.51021591e-02	5.96024953e-01	2.90026109e-01	3.05998843e-01
1298            	-7.98425616e-03	1.51012706e-02	5.96047821e-01	2.90039654e-01	3.06008167e-01
1299            	-7.98215888e-03	1.51003768e-02	5.96070613e-01	2.90053148e-01	3.06017466e-01
1300            	-7.98007911e-03	1.50994760e-02	5.96093323e-01	2.90066582e-01	3.06026740e-01
1301            	-7.97801956e-03	1.50985683e-02	5.96115942e-01	2.90079952e-01	3.06035991e-01
1302            	-7.97598085e-03	1.50976548e-02	5.96138470e-01	2.90093254e-01	3.06045216e-01
1303            	-7.97393868e-03	1.50967579e-02	5.96160948e-01	2.90106536e-01	3.06054413e-01
1304            	-7.97189397e-03	1.50958738e-02	5.96183378e-01	2.90119795e-01	3.06063583e-01
1305            	-7.96984703e-03	1.50949981e-02	5.96205759e-01	2.90133033e-01	3.06072727e-01
1306            	-7.96780050e-03	1.50941260e-02	5.96228090e-01	2.90146244e-01	3.06081845e-01
1307            	-7.96575904e-03	1.50932526e-02	5.96250364e-01	2.90159423e-01	3.06090941e-01
1308            	-7.96372844e-03	1.50923744e-02	5.96272571e-01	2.90172557e-01	3.06100014e-01
1309            	-7.96171435e-03	1.50914890e-02	5.96294699e-01	2.90185635e-01	3.06109064e-01
1310            	-7.95972077e-03	1.50905958e-02	5.96316738e-01	2.90198648e-01	3.06118090e-01
1311            	-7.95774953e-03	1.50896957e-02	5.96338683e-01	2.90211592e-01	3.06127091e-01
1312            	-7.95577707e-03	1.50888112e-02	5.96360573e-01	2.90224510e-01	3.06136064e-01
1313            	-7.95380456e-03	1.50879383e-02	5.96382408e-01	2.90237400e-01	3.06145009e-01
1314            	-7.95183147e-03	1.50870732e-02	5.96404193e-01	2.90250265e-01	3.06153928e-01
1315            	-7.94985952e-03	1.50862112e-02	5.96425928e-01	2.90263104e-01	3.06162823e-01
1316            	-7.94789275e-03	1.50853481e-02	5.96447607e-01	2.90275911e-01	3.06171696e-01
1317            	-7.94593635e-03	1.50844804e-02	5.96469221e-01	2.90288674e-01	3.06180547e-01
1318            	-7.94399548e-03	1.50836060e-02	5.96490759e-01	2.90301384e-01	3.06189375e-01
1319            	-7.94207392e-03	1.50827243e-02	5.96512211e-01	2.90314031e-01	3.06198179e-01
1320            	-7.94017371e-03	1.50818361e-02	5.96533570e-01	2.90326611e-01	3.06206959e-01
1321            	-7.93827120e-03	1.50809637e-02	5.96554877e-01	2.90339167e-01	3.06215710e-01
1322            	-7.93636730e-03	1.50801033e-02	5.96576135e-01	2.90351700e-01	3.06224435e-01
1323            	-7.93446181e-03	1.50792506e-02	5.96597346e-01	2.90364211e-01	3.06233135e-01
1324            	-7.93255707e-03	1.50784011e-02	5.96618510e-01	2.90376698e-01	3.06241812e-01
1325            	-7.93065739e-03	1.50775503e-02	5.96639619e-01	2.90389152e-01	3.06250467e-01
1326            	-7.92876831e-03	1.50766946e-02	5.96660664e-01	2.90401564e-01	3.06259100e-01
1327            	-7.92689519e-03	1.50758320e-02	5.96681632e-01	2.90413921e-01	3.06267711e-01
1328            	-7.92504203e-03	1.50749619e-02	5.96702511e-01	2.90426213e-01	3.06276298e-01
1329            	-7.92321023e-03	1.50740852e-02	5.96723299e-01	2.90438439e-01	3.06284860e-01
1330            	-7.92137572e-03	1.50732243e-02	5.96744038e-01	2.90450643e-01	3.06293395e-01
1331            	-7.91953935e-03	1.50723755e-02	5.96764731e-01	2.90462826e-01	3.06301905e-01
1332            	-7.91770088e-03	1.50715346e-02	5.96785380e-01	2.90474989e-01	3.06310391e-01
1333            	-7.91586250e-03	1.50706969e-02	5.96805984e-01	2.90487129e-01	3.06318854e-01
1334            	-7.91402863e-03	1.50698581e-02	5.96826536e-01	2.90499239e-01	3.06327297e-01
1335            	-7.91220511e-03	1.50690145e-02	5.96847023e-01	2.90511306e-01	3.06335716e-01
1336            	-7.91039725e-03	1.50681640e-02	5.96867433e-01	2.90523319e-01	3.06344114e-01
1337            	-7.90860847e-03	1.50673059e-02	5.96887759e-01	2.90535271e-01	3.06352488e-01
1338            	-7.90684037e-03	1.50664411e-02	5.96907998e-01	2.90547159e-01	3.06360840e-01
1339            	-7.90506930e-03	1.50655924e-02	5.96928190e-01	2.90559026e-01	3.06369164e-01
1340            	-7.90329617e-03	1.50647557e-02	5.96948335e-01	2.90570872e-01	3.06377464e-01
1341            	-7.90152094e-03	1.50639269e-02	5.96968438e-01	2.90582698e-01	3.06385740e-01
1342            	-7.89974601e-03	1.50631013e-02	5.96988495e-01	2.90594501e-01	3.06393993e-01
1343            	-7.89797611e-03	1.50622744e-02	5.97008497e-01	2.90606273e-01	3.06402225e-01
1344            	-7.89621660e-03	1.50614426e-02	5.97028435e-01	2.90618001e-01	3.06410434e-01
1345            	-7.89447245e-03	1.50606037e-02	5.97048299e-01	2.90629677e-01	3.06418622e-01
1346            	-7.89274732e-03	1.50597574e-02	5.97068081e-01	2.90641293e-01	3.06426788e-01
1347            	-7.89104265e-03	1.50589044e-02	5.97087777e-01	2.90652846e-01	3.06434931e-01
1348            	-7.88935760e-03	1.50580470e-02	5.97107386e-01	2.90664335e-01	3.06443051e-01
1349            	-7.88766647e-03	1.50572082e-02	5.97126955e-01	2.90675811e-01	3.06451144e-01
1350            	-7.88596921e-03	1.50563842e-02	5.97146485e-01	2.90687273e-01	3.06459212e-01
1351            	-7.88426545e-03	1.50555704e-02	5.97165981e-01	2.90698725e-01	3.06467256e-01
1352            	-7.88255773e-03	1.50547614e-02	5.97185443e-01	2.90710164e-01	3.06475279e-01
1353            	-7.88085140e-03	1.50539519e-02	5.97204863e-01	2.90721580e-01	3.06483283e-01
1354            	-7.87915348e-03	1.50531375e-02	5.97224226e-01	2.90732959e-01	3.06491266e-01
1355            	-7.87747059e-03	1.50523154e-02	5.97243518e-01	2.90744289e-01	3.06499230e-01
1356            	-7.87580772e-03	1.50514847e-02	5.97262728e-01	2.90755556e-01	3.06507172e-01
1357            	-7.87416736e-03	1.50506462e-02	5.97281848e-01	2.90766757e-01	3.06515091e-01
1358            	-7.87254932e-03	1.50498019e-02	5.97300874e-01	2.90777888e-01	3.06522986e-01
1359            	-7.87092750e-03	1.50489755e-02	5.97319854e-01	2.90788999e-01	3.06530854e-01
1360            	-7.86930070e-03	1.50481634e-02	5.97338794e-01	2.90800096e-01	3.06538698e-01
1361            	-7.86766762e-03	1.50473615e-02	5.97357701e-01	2.90811183e-01	3.06546518e-01
1362            	-7.86603025e-03	1.50465647e-02	5.97376576e-01	2.90822258e-01	3.06554318e-01
1363            	-7.86439351e-03	1.50457678e-02	5.97395411e-01	2.90833312e-01	3.06562099e-01
1364            	-7.86276405e-03	1.50449665e-02	5.97414193e-01	2.90844332e-01	3.06569860e-01
1365            	-7.86114866e-03	1.50441580e-02	5.97432905e-01	2.90855304e-01	3.06577601e-01
1366            	-7.85955244e-03	1.50433412e-02	5.97451536e-01	2.90866215e-01	3.06585320e-01
1367            	-7.85797769e-03	1.50425167e-02	5.97470080e-01	2.90877062e-01	3.06593018e-01
1368            	-7.85642395e-03	1.50416866e-02	5.97488537e-01	2.90887845e-01	3.06600692e-01
1369            	-7.85486551e-03	1.50408743e-02	5.97506952e-01	2.90898611e-01	3.06608342e-01
1370            	-7.85330162e-03	1.50400765e-02	5.97525331e-01	2.90909364e-01	3.06615967e-01
1371            	-7.85173136e-03	1.50392887e-02	5.97543678e-01	2.90920108e-01	3.06623571e-01
1372            	-7.85015703e-03	1.50385058e-02	5.97561994e-01	2.90930840e-01	3.06631154e-01
1373            	-7.84858396e-03	1.50377226e-02	5.97580266e-01	2.90941549e-01	3.06638717e-01
1374            	-7.84701867e-03	1.50369348e-02	5.97598484e-01	2.90952223e-01	3.06646261e-01
1375            	-7.84546735e-03	1.50361397e-02	5.97616634e-01	2.90962850e-01	3.06653784e-01
1376            	-7.84393478e-03	1.50353363e-02	5.97634706e-01	2.90973418e-01	3.06661288e-01
1377            	-7.84242330e-03	1.50345252e-02	5.97652693e-01	2.90983923e-01	3.06668770e-01
1378            	-7.84093247e-03	1.50337085e-02	5.97670594e-01	2.90994365e-01	3.06676230e-01
1379            	-7.83945960e-03	1.50328891e-02	5.97688415e-01	2.91004748e-01	3.06683667e-01
1380            	-7.83797752e-03	1.50320907e-02	5.97706202e-01	2.91015123e-01	3.06691078e-01
1381            	-7.83648511e-03	1.50313094e-02	5.97723961e-01	2.91025495e-01	3.06698466e-01
1382            	-7.83498165e-03	1.50305400e-02	5.97741699e-01	2.91035868e-01	3.06705831e-01
1383            	-7.83347030e-03	1.50297764e-02	5.97759416e-01	2.91046238e-01	3.06713179e-01
1384            	-7.83195779e-03	1.50290126e-02	5.97777101e-01	2.91056592e-01	3.06720508e-01
1385            	-7.83045234e-03	1.50282436e-02	5.97794735e-01	2.91066915e-01	3.06727820e-01
1386            	-7.82896185e-03	1.50274661e-02	5.97812303e-01	2.91077190e-01	3.06735113e-01
1387            	-7.82749218e-03	1.50266788e-02	5.97829790e-01	2.91087403e-01	3.06742387e-01
1388            	-7.82604640e-03	1.50258825e-02	5.97847185e-01	2.91097546e-01	3.06749639e-01
1389            	-7.82462391e-03	1.50250797e-02	5.97864488e-01	2.91107620e-01	3.06756868e-01
1390            	-7.82322119e-03	1.50242734e-02	5.97881706e-01	2.91117632e-01	3.06764074e-01
1391            	-7.82180980e-03	1.50234882e-02	5.97898890e-01	2.91127635e-01	3.06771255e-01
1392            	-7.82038755e-03	1.50227203e-02	5.97916049e-01	2.91137637e-01	3.06778412e-01
1393            	-7.81895313e-03	1.50219650e-02	5.97933192e-01	2.91147643e-01	3.06785549e-01
1394            	-7.81750949e-03	1.50212163e-02	5.97950317e-01	2.91157649e-01	3.06792668e-01
1395            	-7.81606335e-03	1.50204678e-02	5.97967411e-01	2.91167642e-01	3.06799769e-01
1396            	-7.81462330e-03	1.50197144e-02	5.97984458e-01	2.91177606e-01	3.06806852e-01
1397            	-7.81319730e-03	1.50189527e-02	5.98001439e-01	2.91187522e-01	3.06813917e-01
1398            	-7.81179126e-03	1.50181812e-02	5.98018343e-01	2.91197380e-01	3.06820963e-01
1399            	-7.81040822e-03	1.50174007e-02	5.98035161e-01	2.91207172e-01	3.06827988e-01
1400            	-7.80904786e-03	1.50166133e-02	5.98051891e-01	2.91216898e-01	3.06834993e-01
1401            	-7.80770709e-03	1.50158224e-02	5.98068538e-01	2.91226562e-01	3.06841976e-01
1402            	-7.80635777e-03	1.50150524e-02	5.98085153e-01	2.91236219e-01	3.06848935e-01
1403            	-7.80499796e-03	1.50142997e-02	5.98101743e-01	2.91245873e-01	3.06855869e-01
1404            	-7.80362641e-03	1.50135595e-02	5.98118314e-01	2.91255530e-01	3.06862783e-01
1405            	-7.80224581e-03	1.50128257e-02	5.98134867e-01	2.91265188e-01	3.06869679e-01
1406            	-7.80086243e-03	1.50120921e-02	5.98151392e-01	2.91274833e-01	3.06876558e-01
1407            	-7.79948460e-03	1.50113538e-02	5.98167871e-01	2.91284451e-01	3.06883420e-01
1408            	-7.79812030e-03	1.50106071e-02	5.98184289e-01	2.91294024e-01	3.06890265e-01
1409            	-7.79677553e-03	1.50098508e-02	5.98200630e-01	2.91303540e-01	3.06897091e-01
1410            	-7.79545348e-03	1.50090854e-02	5.98216886e-01	2.91312990e-01	3.06903897e-01
1411            	-7.79415414e-03	1.50083132e-02	5.98233054e-01	2.91322373e-01	3.06910681e-01
1412            	-7.79287427e-03	1.50075374e-02	5.98249139e-01	2.91331695e-01	3.06917444e-01
1413            	-7.79160876e-03	1.50067615e-02	5.98265152e-01	2.91340967e-01	3.06924185e-01
1414            	-7.79032867e-03	1.50060096e-02	5.98281146e-01	2.91350244e-01	3.06930902e-01
1415            	-7.78903215e-03	1.50052773e-02	5.98297130e-01	2.91359533e-01	3.06937597e-01
1416            	-7.78771927e-03	1.50045589e-02	5.98313109e-01	2.91368835e-01	3.06944274e-01
1417            	-7.78639480e-03	1.50038469e-02	5.98329079e-01	2.91378145e-01	3.06950935e-01
1418            	-7.78506751e-03	1.50031345e-02	5.98345023e-01	2.91387444e-01	3.06957579e-01
1419            	-7.78374741e-03	1.50024158e-02	5.98360918e-01	2.91396712e-01	3.06964206e-01
1420            	-7.78244344e-03	1.50016871e-02	5.98376747e-01	2.91405930e-01	3.06970817e-01
1421            	-7.78116188e-03	1.50009471e-02	5.98392494e-01	2.91415085e-01	3.06977409e-01
1422            	-7.77990557e-03	1.50001969e-02	5.98408152e-01	2.91424170e-01	3.06983981e-01
1423            	-7.77867347e-03	1.49994391e-02	5.98423720e-01	2.91433186e-01	3.06990533e-01
1424            	-7.77746154e-03	1.49986777e-02	5.98439205e-01	2.91442141e-01	3.06997064e-01
1425            	-7.77626397e-03	1.49979163e-02	5.98454618e-01	2.91451045e-01	3.07003573e-01
1426            	-7.77505119e-03	1.49971797e-02	5.98470011e-01	2.91459954e-01	3.07010057e-01
1427            	-7.77392711e-03	1.49964701e-02	5.98484590e-01	2.91468368e-01	3.07016222e-01
1428            	-7.77264927e-03	1.49957526e-02	5.98500250e-01	2.91477476e-01	3.07022774e-01
1429            	-7.77135157e-03	1.49950480e-02	5.98515946e-01	2.91486621e-01	3.07029325e-01
1430            	-7.77004603e-03	1.49943525e-02	5.98531619e-01	2.91495763e-01	3.07035855e-01
1431            	-7.76874802e-03	1.49936596e-02	5.98547201e-01	2.91504852e-01	3.07042348e-01
1432            	-7.76758076e-03	1.49929678e-02	5.98561825e-01	2.91513332e-01	3.07048493e-01
