# Force coefficients
# liftDir       : (-1.73648178e-01 9.84807753e-01 0.00000000e+00)
# dragDir       : (9.84807753e-01 1.73648178e-01 0.00000000e+00)
# pitchAxis     : (0.00000000e+00 0.00000000e+00 1.00000000e+00)
# magUInf       : 1.50000000e+01
# lRef          : 1.00000000e+00
# Aref          : 1.00000000e-02
# CofR          : (2.50000000e-01 0.00000000e+00 0.00000000e+00)
# Time          	Cm              	Cd              	Cl              	Cl(f)           	Cl(r)           
0               	2.67339722e-02	5.07276181e-01	2.62900855e-02	3.98790150e-02	-1.35889295e-02
1               	3.25710221e+00	3.52296418e+00	1.15363111e+01	9.02525776e+00	2.51105334e+00
2               	4.32040958e+00	4.24190154e+00	1.55019172e+01	1.20713682e+01	3.43054903e+00
3               	3.80779681e+00	3.58471935e+00	1.40012891e+01	1.08084414e+01	3.19284776e+00
4               	2.27874510e+00	2.14077162e+00	8.94050393e+00	6.74899707e+00	2.19150686e+00
5               	4.99321179e-01	5.65461497e-01	2.85654959e+00	1.92759597e+00	9.28953615e-01
6               	-8.97555581e-01	-6.46265644e-01	-2.12219000e+00	-1.95865058e+00	-1.63539420e-01
7               	-1.62960238e+00	-1.27705969e+00	-4.92861236e+00	-4.09390856e+00	-8.34703804e-01
8               	-1.67068385e+00	-1.31986351e+00	-5.38452030e+00	-4.36294400e+00	-1.02157630e+00
9               	-1.26205340e+00	-9.58209038e-01	-4.21823384e+00	-3.37117032e+00	-8.47063518e-01
10              	-6.17344651e-01	-4.32069133e-01	-2.13892494e+00	-1.68680712e+00	-4.52117820e-01
11              	-1.00827436e-02	6.00427411e-02	-3.51623284e-02	-2.76639079e-02	-7.49842056e-03
12              	4.07395836e-01	3.96106780e-01	1.52188164e+00	1.16833666e+00	3.53544983e-01
13              	5.60944864e-01	5.28665231e-01	2.24238442e+00	1.68213707e+00	5.60247345e-01
14              	5.10703280e-01	4.99509709e-01	2.24461959e+00	1.63301307e+00	6.11606514e-01
15              	3.22951705e-01	3.71274727e-01	1.74684322e+00	1.19637332e+00	5.50469907e-01
16              	9.51834016e-02	2.07988726e-01	1.03395260e+00	6.12159702e-01	4.21792898e-01
17              	-1.01310698e-01	5.91917517e-02	3.51766733e-01	7.45726680e-02	2.77194065e-01
18              	-2.16630663e-01	-3.75575893e-02	-1.11394943e-01	-2.72328135e-01	1.60933192e-01
19              	-2.42842105e-01	-7.28088554e-02	-2.92255782e-01	-3.88969996e-01	9.67142136e-02
20              	-2.11378789e-01	-6.33935980e-02	-2.60516220e-01	-3.41636899e-01	8.11206787e-02
21              	-1.36971020e-01	-2.36304714e-02	-6.71593159e-02	-1.70550678e-01	1.03391362e-01
22              	-5.30972936e-02	2.66191631e-02	1.92944099e-01	4.33747558e-02	1.49569343e-01
23              	1.37407643e-02	7.03849575e-02	4.29701492e-01	2.28591510e-01	2.01109982e-01
24              	4.93020346e-02	9.71912113e-02	5.84605037e-01	3.41604553e-01	2.43000484e-01
25              	5.46484785e-02	1.05597897e-01	6.43899804e-01	3.76598381e-01	2.67301424e-01
26              	4.35259200e-02	1.03095563e-01	6.44484458e-01	3.65768149e-01	2.78716309e-01
27              	2.24907087e-02	9.34515028e-02	6.04788328e-01	3.24884873e-01	2.79903455e-01
28              	-3.24044924e-03	7.91748153e-02	5.39148416e-01	2.66333759e-01	2.72814657e-01
29              	-2.56630374e-02	6.49290887e-02	4.72319112e-01	2.10496518e-01	2.61822593e-01
30              	-3.88885816e-02	5.47730790e-02	4.26360821e-01	1.74291829e-01	2.52068992e-01
31              	-4.38753910e-02	4.88623120e-02	4.02850738e-01	1.57549978e-01	2.45300760e-01
32              	-4.22545107e-02	4.69087472e-02	4.00200265e-01	1.57845622e-01	2.42354643e-01
33              	-3.65379149e-02	4.76846094e-02	4.12051518e-01	1.69487844e-01	2.42563674e-01
34              	-2.80367881e-02	5.06547597e-02	4.35701553e-01	1.89813988e-01	2.45887564e-01
35              	-1.83450773e-02	5.50069751e-02	4.67170436e-01	2.15240141e-01	2.51930295e-01
36              	-1.08782977e-02	5.88326640e-02	4.95727610e-01	2.36985507e-01	2.58742102e-01
37              	-6.31342526e-03	6.14773614e-02	5.17834005e-01	2.52603577e-01	2.65230428e-01
38              	-4.64597806e-03	6.27001588e-02	5.31834991e-01	2.61271518e-01	2.70563474e-01
39              	-5.05508824e-03	6.27657133e-02	5.39136024e-01	2.64512924e-01	2.74623100e-01
40              	-6.71232482e-03	6.20246450e-02	5.41645835e-01	2.64110593e-01	2.77535242e-01
41              	-8.99383217e-03	6.07740620e-02	5.40940585e-01	2.61476460e-01	2.79464124e-01
42              	-1.14526188e-02	5.92574597e-02	5.38198599e-01	2.57646681e-01	2.80551918e-01
43              	-1.36988789e-02	5.77273267e-02	5.34583101e-01	2.53592672e-01	2.80990429e-01
44              	-1.53976120e-02	5.64299243e-02	5.31308376e-01	2.50256576e-01	2.81051800e-01
45              	-1.63341579e-02	5.55481336e-02	5.29413737e-01	2.48372711e-01	2.81041027e-01
46              	-1.64671532e-02	5.51546143e-02	5.29501370e-01	2.48283532e-01	2.81217838e-01
47              	-1.59147801e-02	5.52114185e-02	5.31647051e-01	2.49908746e-01	2.81738306e-01
48              	-1.48674412e-02	5.56204689e-02	5.35592840e-01	2.52928979e-01	2.82663861e-01
49              	-1.35224938e-02	5.62635039e-02	5.40939531e-01	2.56947272e-01	2.83992259e-01
50              	-1.20811187e-02	5.70024689e-02	5.47139805e-01	2.61488784e-01	2.85651021e-01
51              	-1.07391315e-02	5.76899268e-02	5.53514628e-01	2.66018183e-01	2.87496446e-01
52              	-9.65179108e-03	5.81999255e-02	5.59396859e-01	2.70046638e-01	2.89350220e-01
53              	-8.91029023e-03	5.84516277e-02	5.64261161e-01	2.73220291e-01	2.91040871e-01
54              	-8.53386849e-03	5.84210205e-02	5.67809471e-01	2.75370867e-01	2.92438604e-01
55              	-8.50149421e-03	5.81537788e-02	5.69789650e-01	2.76393331e-01	2.93396319e-01
56              	-8.65799233e-03	5.77247686e-02	5.70816499e-01	2.76750257e-01	2.94066242e-01
57              	-8.90573474e-03	5.72115672e-02	5.71192075e-01	2.76690303e-01	2.94501772e-01
58              	-9.16318818e-03	5.66809080e-02	5.71229221e-01	2.76451422e-01	2.94777799e-01
59              	-9.37883242e-03	5.61773803e-02	5.71166964e-01	2.76204650e-01	2.94962314e-01
60              	-9.52873169e-03	5.57167565e-02	5.71147756e-01	2.76045146e-01	2.95102610e-01
61              	-9.57904795e-03	5.53368754e-02	5.71325161e-01	2.76083533e-01	2.95241629e-01
62              	-9.51046834e-03	5.50799031e-02	5.71836202e-01	2.76407633e-01	2.95428569e-01
63              	-9.33262300e-03	5.49372116e-02	5.72713397e-01	2.77024076e-01	2.95689322e-01
64              	-9.06910858e-03	5.48825713e-02	5.73928274e-01	2.77895029e-01	2.96033246e-01
65              	-8.75389176e-03	5.48777988e-02	5.75397297e-01	2.78944757e-01	2.96452540e-01
66              	-8.42401892e-03	5.48818294e-02	5.77004047e-01	2.80078005e-01	2.96926043e-01
67              	-8.15795739e-03	5.48388171e-02	5.78459832e-01	2.81071959e-01	2.97387874e-01
68              	-7.91774051e-03	5.47525133e-02	5.79890843e-01	2.82027681e-01	2.97863162e-01
69              	-7.69444306e-03	5.46155171e-02	5.81320960e-01	2.82966037e-01	2.98354923e-01
70              	-7.51355223e-03	5.44190257e-02	5.82627952e-01	2.83800424e-01	2.98827528e-01
71              	-7.36574524e-03	5.41636797e-02	5.83834595e-01	2.84551552e-01	2.99283043e-01
72              	-7.29995193e-03	5.38644060e-02	5.84719587e-01	2.85059842e-01	2.99659746e-01
73              	-7.29327307e-03	5.35340992e-02	5.85387849e-01	2.85400651e-01	2.99987198e-01
74              	-7.33289739e-03	5.31961626e-02	5.85901090e-01	2.85617648e-01	3.00283442e-01
75              	-7.40276320e-03	5.28720690e-02	5.86333398e-01	2.85763936e-01	3.00569462e-01
76              	-7.48341601e-03	5.25717306e-02	5.86787378e-01	2.85910273e-01	3.00877105e-01
77              	-7.55926942e-03	5.23032016e-02	5.87344629e-01	2.86113045e-01	3.01231584e-01
78              	-7.61777908e-03	5.20756911e-02	5.88039497e-01	2.86401969e-01	3.01637528e-01
79              	-7.64885637e-03	5.18861816e-02	5.88982330e-01	2.86842309e-01	3.02140021e-01
80              	-7.61998764e-03	5.17423463e-02	5.90430538e-01	2.87595281e-01	3.02835257e-01
81              	-7.57509350e-03	5.16372345e-02	5.91901018e-01	2.88375415e-01	3.03525602e-01
82              	-7.52971979e-03	5.15477357e-02	5.93310426e-01	2.89125493e-01	3.04184933e-01
83              	-7.48094522e-03	5.14612280e-02	5.94750485e-01	2.89894297e-01	3.04856188e-01
84              	-7.44928355e-03	5.13627504e-02	5.96095623e-01	2.90598528e-01	3.05497095e-01
85              	-7.42470155e-03	5.12509774e-02	5.97523553e-01	2.91337075e-01	3.06186478e-01
86              	-7.42378617e-03	5.11256872e-02	5.98842321e-01	2.91997375e-01	3.06844947e-01
87              	-7.43859171e-03	5.09889709e-02	6.00194394e-01	2.92658605e-01	3.07535789e-01
88              	-7.46781253e-03	5.08451888e-02	6.01602723e-01	2.93333549e-01	3.08269174e-01
89              	-7.50930595e-03	5.06974008e-02	6.03108555e-01	2.94044972e-01	3.09063584e-01
90              	-7.55803553e-03	5.05516809e-02	6.04734888e-01	2.94809409e-01	3.09925480e-01
91              	-7.61266098e-03	5.04179961e-02	6.06238208e-01	2.95506443e-01	3.10731765e-01
92              	-7.66193922e-03	5.02932591e-02	6.07900078e-01	2.96288100e-01	3.11611978e-01
93              	-7.71087135e-03	5.01826588e-02	6.09378699e-01	2.96978478e-01	3.12400221e-01
94              	-7.76209271e-03	5.00772634e-02	6.10602363e-01	2.97539089e-01	3.13063274e-01
95              	-7.80684670e-03	4.99763246e-02	6.11904169e-01	2.98145238e-01	3.13758931e-01
96              	-7.84993602e-03	4.98765494e-02	6.13171714e-01	2.98735921e-01	3.14435793e-01
97              	-7.89454268e-03	4.97759427e-02	6.14392969e-01	2.99301942e-01	3.15091027e-01
98              	-7.94401707e-03	4.96714532e-02	6.15519381e-01	2.99815673e-01	3.15703707e-01
99              	-7.99558152e-03	4.95659695e-02	6.16693105e-01	3.00350971e-01	3.16342134e-01
100             	-8.04829070e-03	4.94628937e-02	6.17943317e-01	3.00923368e-01	3.17019949e-01
101             	-8.10028920e-03	4.93664417e-02	6.19310489e-01	3.01554955e-01	3.17755534e-01
102             	-8.14999696e-03	4.92803768e-02	6.20775773e-01	3.02237889e-01	3.18537883e-01
103             	-8.19544864e-03	4.92080430e-02	6.22364588e-01	3.02986846e-01	3.19377743e-01
104             	-8.24622121e-03	4.91378974e-02	6.23840433e-01	3.03673995e-01	3.20166438e-01
105             	-8.30743949e-03	4.90597664e-02	6.25090414e-01	3.04237768e-01	3.20852647e-01
106             	-8.37951623e-03	4.89715103e-02	6.26225927e-01	3.04733447e-01	3.21492480e-01
107             	-8.46321513e-03	4.88715106e-02	6.27283464e-01	3.05178517e-01	3.22104947e-01
108             	-8.55548340e-03	4.87625388e-02	6.28259656e-01	3.05574345e-01	3.22685312e-01
109             	-8.65211974e-03	4.86485234e-02	6.29166559e-01	3.05931160e-01	3.23235399e-01
110             	-8.76819561e-03	4.85258649e-02	6.30254776e-01	3.06359192e-01	3.23895584e-01
111             	-8.88123130e-03	4.84108310e-02	6.31305278e-01	3.06771408e-01	3.24533870e-01
112             	-8.99775671e-03	4.83019662e-02	6.32418648e-01	3.07211567e-01	3.25207081e-01
113             	-9.10455405e-03	4.82039944e-02	6.33450530e-01	3.07620711e-01	3.25829819e-01
114             	-9.20671018e-03	4.81113082e-02	6.34446874e-01	3.08016727e-01	3.26430147e-01
115             	-9.32350072e-03	4.80165072e-02	6.35663692e-01	3.08508345e-01	3.27155347e-01
116             	-9.43254467e-03	4.79277251e-02	6.36785635e-01	3.08960273e-01	3.27825362e-01
117             	-9.54051804e-03	4.78402382e-02	6.37880416e-01	3.09399690e-01	3.28480726e-01
118             	-9.64739172e-03	4.77524750e-02	6.38935472e-01	3.09820344e-01	3.29115128e-01
119             	-9.75108811e-03	4.76649963e-02	6.39934326e-01	3.10216075e-01	3.29718251e-01
120             	-9.84987536e-03	4.75772860e-02	6.40856130e-01	3.10578189e-01	3.30277940e-01
121             	-9.95889321e-03	4.74839876e-02	6.41905838e-01	3.10994026e-01	3.30911812e-01
122             	-1.00641732e-02	4.73945888e-02	6.42950883e-01	3.11411268e-01	3.31539614e-01
123             	-1.01634677e-02	4.73109825e-02	6.43986788e-01	3.11829926e-01	3.32156861e-01
124             	-1.02540571e-02	4.72347170e-02	6.44992695e-01	3.12242290e-01	3.32750405e-01
125             	-1.03387290e-02	4.71626753e-02	6.46011065e-01	3.12666803e-01	3.33344261e-01
126             	-1.04164857e-02	4.70956814e-02	6.47009034e-01	3.13088031e-01	3.33921003e-01
127             	-1.04878630e-02	4.70314560e-02	6.47968230e-01	3.13496252e-01	3.34471978e-01
128             	-1.05597311e-02	4.69679060e-02	6.48973724e-01	3.13927131e-01	3.35046593e-01
129             	-1.06327717e-02	4.69062846e-02	6.50013667e-01	3.14374062e-01	3.35639605e-01
130             	-1.07068581e-02	4.68479512e-02	6.51073410e-01	3.14829847e-01	3.36243563e-01
131             	-1.07815282e-02	4.67940891e-02	6.52148013e-01	3.15292478e-01	3.36855535e-01
132             	-1.08558977e-02	4.67450099e-02	6.53224840e-01	3.15756523e-01	3.37468318e-01
133             	-1.09289991e-02	4.67005884e-02	6.54295627e-01	3.16218814e-01	3.38076813e-01
134             	-1.09997742e-02	4.66601540e-02	6.55352373e-01	3.16676413e-01	3.38675961e-01
135             	-1.10675208e-02	4.66230898e-02	6.56391503e-01	3.17128231e-01	3.39263273e-01
136             	-1.11317843e-02	4.65886354e-02	6.57408003e-01	3.17572217e-01	3.39835786e-01
137             	-1.11925217e-02	4.65566277e-02	6.58406690e-01	3.18010823e-01	3.40395867e-01
138             	-1.12496204e-02	4.65271218e-02	6.59390292e-01	3.18445526e-01	3.40944766e-01
139             	-1.13031848e-02	4.65006779e-02	6.60365880e-01	3.18879755e-01	3.41486125e-01
140             	-1.13530599e-02	4.64779604e-02	6.61339130e-01	3.19316505e-01	3.42022625e-01
141             	-1.13992441e-02	4.64597445e-02	6.62315880e-01	3.19758696e-01	3.42557184e-01
142             	-1.14414763e-02	4.64463356e-02	6.63296059e-01	3.20206553e-01	3.43089506e-01
143             	-1.14798317e-02	4.64378665e-02	6.64280833e-01	3.20660585e-01	3.43620248e-01
144             	-1.15145283e-02	4.64338380e-02	6.65268160e-01	3.21119552e-01	3.44148608e-01
145             	-1.15461719e-02	4.64337067e-02	6.66256061e-01	3.21581859e-01	3.44674202e-01
146             	-1.15753791e-02	4.64365263e-02	6.67240158e-01	3.22044700e-01	3.45195458e-01
147             	-1.16030055e-02	4.64416609e-02	6.68221973e-01	3.22507981e-01	3.45713992e-01
148             	-1.16296069e-02	4.64484115e-02	6.69199577e-01	3.22970182e-01	3.46229395e-01
149             	-1.16557572e-02	4.64565633e-02	6.70174667e-01	3.23431576e-01	3.46743091e-01
150             	-1.16816354e-02	4.64658585e-02	6.71147176e-01	3.23891953e-01	3.47255223e-01
151             	-1.17074503e-02	4.64764735e-02	6.72120956e-01	3.24353028e-01	3.47767928e-01
152             	-1.17332731e-02	4.64879848e-02	6.73094492e-01	3.24813973e-01	3.48280519e-01
153             	-1.17592915e-02	4.65003479e-02	6.74069435e-01	3.25275426e-01	3.48794009e-01
154             	-1.17854693e-02	4.65132194e-02	6.75044575e-01	3.25736818e-01	3.49307757e-01
155             	-1.18119952e-02	4.65264521e-02	6.76018786e-01	3.26197398e-01	3.49821388e-01
156             	-1.18389034e-02	4.65394509e-02	6.76987498e-01	3.26654845e-01	3.50332652e-01
157             	-1.18665084e-02	4.65517729e-02	6.77949030e-01	3.27108007e-01	3.50841024e-01
158             	-1.18948776e-02	4.65627903e-02	6.78899871e-01	3.27555058e-01	3.51344813e-01
159             	-1.19241281e-02	4.65723519e-02	6.79838651e-01	3.27995198e-01	3.51843454e-01
160             	-1.19541964e-02	4.65801753e-02	6.80763035e-01	3.28427321e-01	3.52335714e-01
161             	-1.19852376e-02	4.65862446e-02	6.81674979e-01	3.28852252e-01	3.52822727e-01
162             	-1.20171053e-02	4.65904298e-02	6.82573512e-01	3.29269651e-01	3.53303861e-01
163             	-1.20495688e-02	4.65930323e-02	6.83460940e-01	3.29680901e-01	3.53780039e-01
164             	-1.20821080e-02	4.65943394e-02	6.84339343e-01	3.30087564e-01	3.54251780e-01
165             	-1.21143876e-02	4.65948255e-02	6.85213204e-01	3.30492215e-01	3.54720990e-01
166             	-1.21457105e-02	4.65949200e-02	6.86084119e-01	3.30896349e-01	3.55187770e-01
167             	-1.21754537e-02	4.65952085e-02	6.86953848e-01	3.31301470e-01	3.55652378e-01
168             	-1.22030155e-02	4.65960037e-02	6.87823594e-01	3.31708781e-01	3.56114812e-01
169             	-1.22288378e-02	4.65971500e-02	6.88673448e-01	3.32107886e-01	3.56565562e-01
170             	-1.22525963e-02	4.65976332e-02	6.89520787e-01	3.32507797e-01	3.57012990e-01
171             	-1.22763962e-02	4.65951747e-02	6.90326506e-01	3.32886857e-01	3.57439649e-01
172             	-1.22941125e-02	4.65965735e-02	6.91257949e-01	3.33334862e-01	3.57923087e-01
173             	-1.23100058e-02	4.66004401e-02	6.92186704e-01	3.33783346e-01	3.58403358e-01
174             	-1.23263550e-02	4.66047898e-02	6.93072710e-01	3.34210000e-01	3.58862710e-01
175             	-1.23412975e-02	4.66088907e-02	6.93944028e-01	3.34630716e-01	3.59313311e-01
176             	-1.23522654e-02	4.66134732e-02	6.94834720e-01	3.35065094e-01	3.59769625e-01
177             	-1.23637758e-02	4.66155008e-02	6.95686292e-01	3.35479370e-01	3.60206922e-01
178             	-1.23698291e-02	4.66179026e-02	6.96571411e-01	3.35915876e-01	3.60655535e-01
179             	-1.23762157e-02	4.66179883e-02	6.97425000e-01	3.36336284e-01	3.61088716e-01
180             	-1.23794591e-02	4.66175036e-02	6.98288300e-01	3.36764691e-01	3.61523609e-01
181             	-1.23797517e-02	4.66168772e-02	6.99161346e-01	3.37200921e-01	3.61960424e-01
182             	-1.23744030e-02	4.66182495e-02	7.00073217e-01	3.37662206e-01	3.62411012e-01
183             	-1.23711488e-02	4.66186283e-02	7.00954200e-01	3.38105951e-01	3.62848249e-01
184             	-1.23644538e-02	4.66200609e-02	7.01867706e-01	3.38569399e-01	3.63298307e-01
185             	-1.23634314e-02	4.66183267e-02	7.02731494e-01	3.39002316e-01	3.63729178e-01
186             	-1.23653282e-02	4.66135122e-02	7.03583801e-01	3.39426572e-01	3.64157228e-01
187             	-1.23708986e-02	4.66050009e-02	7.04424150e-01	3.39841176e-01	3.64582973e-01
188             	-1.23805200e-02	4.65927650e-02	7.05250494e-01	3.40244727e-01	3.65005767e-01
189             	-1.23942237e-02	4.65770752e-02	7.06059316e-01	3.40635434e-01	3.65423882e-01
190             	-1.24119151e-02	4.65581946e-02	7.06848600e-01	3.41012385e-01	3.65836215e-01
191             	-1.24333770e-02	4.65362757e-02	7.07618310e-01	3.41375778e-01	3.66242532e-01
192             	-1.24589609e-02	4.65108183e-02	7.08338083e-01	3.41710080e-01	3.66628002e-01
193             	-1.24863715e-02	4.64824181e-02	7.09133651e-01	3.42080454e-01	3.67053197e-01
194             	-1.25166954e-02	4.64546316e-02	7.09887892e-01	3.42427250e-01	3.67460641e-01
195             	-1.25502501e-02	4.64251485e-02	7.10625111e-01	3.42762305e-01	3.67862806e-01
196             	-1.25877168e-02	4.63931774e-02	7.11343810e-01	3.43084188e-01	3.68259622e-01
197             	-1.26300701e-02	4.63578873e-02	7.12043210e-01	3.43391535e-01	3.68651675e-01
198             	-1.26756154e-02	4.63197317e-02	7.12703195e-01	3.43675982e-01	3.69027213e-01
199             	-1.27283863e-02	4.62762115e-02	7.13354255e-01	3.43948741e-01	3.69405514e-01
200             	-1.27897057e-02	4.62272559e-02	7.13988553e-01	3.44204571e-01	3.69783982e-01
201             	-1.28612177e-02	4.61724824e-02	7.14598823e-01	3.44438194e-01	3.70160629e-01
202             	-1.29446039e-02	4.61112361e-02	7.15178883e-01	3.44644838e-01	3.70534045e-01
203             	-1.30411705e-02	4.60429864e-02	7.15723770e-01	3.44820714e-01	3.70903055e-01
204             	-1.31517078e-02	4.59673401e-02	7.16230731e-01	3.44963658e-01	3.71267073e-01
205             	-1.32759460e-02	4.58844786e-02	7.16698362e-01	3.45073235e-01	3.71625127e-01
206             	-1.34124739e-02	4.57951883e-02	7.17128085e-01	3.45151569e-01	3.71976516e-01
207             	-1.35586672e-02	4.57008598e-02	7.17524567e-01	3.45203616e-01	3.72320951e-01
208             	-1.37105722e-02	4.56035539e-02	7.17896609e-01	3.45237732e-01	3.72658877e-01
209             	-1.38633436e-02	4.55058504e-02	7.18256328e-01	3.45264820e-01	3.72991507e-01
210             	-1.40107337e-02	4.54112662e-02	7.18620520e-01	3.45299526e-01	3.73320994e-01
211             	-1.41452913e-02	4.53241983e-02	7.19010054e-01	3.45359735e-01	3.73650318e-01
212             	-1.42625151e-02	4.52473542e-02	7.19439755e-01	3.45457362e-01	3.73982392e-01
213             	-1.43603266e-02	4.51822028e-02	7.19916915e-01	3.45598131e-01	3.74318784e-01
214             	-1.44400432e-02	4.51283194e-02	7.20439522e-01	3.45779718e-01	3.74659804e-01
215             	-1.45048445e-02	4.50844241e-02	7.21001660e-01	3.45995986e-01	3.75005675e-01
216             	-1.45642990e-02	4.50457503e-02	7.21584386e-01	3.46227894e-01	3.75356492e-01
217             	-1.46283470e-02	4.50073655e-02	7.22167407e-01	3.46455357e-01	3.75712051e-01
218             	-1.47056021e-02	4.49647946e-02	7.22733294e-01	3.46661045e-01	3.76072249e-01
219             	-1.48056987e-02	4.49129803e-02	7.23263116e-01	3.46825859e-01	3.76437256e-01
220             	-1.49334875e-02	4.48491829e-02	7.23722585e-01	3.46927805e-01	3.76794780e-01
221             	-1.51001502e-02	4.47670487e-02	7.24146244e-01	3.46972972e-01	3.77173272e-01
222             	-1.53023167e-02	4.46693275e-02	7.24503661e-01	3.46949514e-01	3.77554147e-01
223             	-1.55376965e-02	4.45569273e-02	7.24792360e-01	3.46858484e-01	3.77933877e-01
224             	-1.58028365e-02	4.44308718e-02	7.25014999e-01	3.46704663e-01	3.78310336e-01
225             	-1.60804562e-02	4.42986975e-02	7.25179356e-01	3.46509222e-01	3.78670134e-01
226             	-1.63824792e-02	4.41531730e-02	7.25299371e-01	3.46267206e-01	3.79032165e-01
227             	-1.67058646e-02	4.39956285e-02	7.25384708e-01	3.45986490e-01	3.79398219e-01
228             	-1.70454769e-02	4.38288188e-02	7.25444381e-01	3.45676714e-01	3.79767667e-01
229             	-1.73958442e-02	4.36558111e-02	7.25485918e-01	3.45347115e-01	3.80138803e-01
230             	-1.77520200e-02	4.34793348e-02	7.25515160e-01	3.45005560e-01	3.80509600e-01
231             	-1.81292975e-02	4.32919963e-02	7.25527164e-01	3.44634284e-01	3.80892880e-01
232             	-1.84806832e-02	4.31178313e-02	7.25544560e-01	3.44291597e-01	3.81252963e-01
233             	-1.88302391e-02	4.29436618e-02	7.25560964e-01	3.43950243e-01	3.81610721e-01
234             	-1.91795712e-02	4.27686013e-02	7.25578901e-01	3.43609879e-01	3.81969022e-01
235             	-1.95496448e-02	4.25828467e-02	7.25593906e-01	3.43247308e-01	3.82346598e-01
236             	-1.99148003e-02	4.24002638e-02	7.25611519e-01	3.42890959e-01	3.82720560e-01
237             	-2.02554340e-02	4.22300417e-02	7.25632095e-01	3.42560613e-01	3.83071481e-01
238             	-2.06185088e-02	4.20491217e-02	7.25650077e-01	3.42206529e-01	3.83443547e-01
239             	-2.09806409e-02	4.18695969e-02	7.25664879e-01	3.41851799e-01	3.83813080e-01
240             	-2.13417049e-02	4.16915777e-02	7.25675475e-01	3.41496033e-01	3.84179443e-01
241             	-2.17019280e-02	4.15148620e-02	7.25681933e-01	3.41139039e-01	3.84542894e-01
242             	-2.20621328e-02	4.13389113e-02	7.25684778e-01	3.40780256e-01	3.84904522e-01
243             	-2.24236482e-02	4.11630920e-02	7.25684600e-01	3.40418652e-01	3.85265948e-01
244             	-2.27881049e-02	4.09868033e-02	7.25681882e-01	3.40052836e-01	3.85629046e-01
245             	-2.31570102e-02	4.08096652e-02	7.25677169e-01	3.39681574e-01	3.85995595e-01
246             	-2.35318708e-02	4.06313666e-02	7.25670482e-01	3.39303370e-01	3.86367112e-01
247             	-2.39142899e-02	4.04515405e-02	7.25660670e-01	3.38916045e-01	3.86744625e-01
248             	-2.43061030e-02	4.02695798e-02	7.25644947e-01	3.38516371e-01	3.87128576e-01
249             	-2.47094264e-02	4.00845244e-02	7.25618760e-01	3.38099953e-01	3.87518806e-01
250             	-2.51267662e-02	3.98948963e-02	7.25575495e-01	3.37660981e-01	3.87914514e-01
251             	-2.55952042e-02	3.96855058e-02	7.25487437e-01	3.37148514e-01	3.88338923e-01
252             	-2.60721618e-02	3.94724686e-02	7.25360652e-01	3.36608164e-01	3.88752488e-01
253             	-2.65586983e-02	3.92538544e-02	7.25191293e-01	3.36036948e-01	3.89154345e-01
254             	-2.70561364e-02	3.90277338e-02	7.24980070e-01	3.35433899e-01	3.89546172e-01
255             	-2.76010473e-02	3.87764789e-02	7.24693086e-01	3.34745496e-01	3.89947590e-01
256             	-2.81481773e-02	3.85207165e-02	7.24379233e-01	3.34041439e-01	3.90337794e-01
257             	-2.86917573e-02	3.82629449e-02	7.24053831e-01	3.33335158e-01	3.90718673e-01
258             	-2.91902930e-02	3.80230589e-02	7.23776527e-01	3.32697970e-01	3.91078556e-01
259             	-2.97194101e-02	3.77647716e-02	7.23471338e-01	3.32016259e-01	3.91455079e-01
260             	-3.01956631e-02	3.75294763e-02	7.23241169e-01	3.31424922e-01	3.91816248e-01
261             	-3.06884794e-02	3.72835284e-02	7.23014561e-01	3.30818801e-01	3.92195760e-01
262             	-3.11160631e-02	3.70671943e-02	7.22883295e-01	3.30325584e-01	3.92557710e-01
263             	-3.15106852e-02	3.68637586e-02	7.22816763e-01	3.29897696e-01	3.92919067e-01
264             	-3.18663997e-02	3.66753164e-02	7.22822789e-01	3.29544995e-01	3.93277794e-01
265             	-3.21769170e-02	3.65039215e-02	7.22908166e-01	3.29277166e-01	3.93631000e-01
266             	-3.24368197e-02	3.63510681e-02	7.23077520e-01	3.29101940e-01	3.93975580e-01
267             	-3.26195254e-02	3.62290792e-02	7.23340276e-01	3.29050613e-01	3.94289664e-01
268             	-3.27537400e-02	3.61219984e-02	7.23691558e-01	3.29092039e-01	3.94599519e-01
269             	-3.28373910e-02	3.60305885e-02	7.24134010e-01	3.29229614e-01	3.94904396e-01
270             	-3.28688866e-02	3.59558468e-02	7.24667343e-01	3.29464785e-01	3.95202558e-01
271             	-3.28477922e-02	3.58985694e-02	7.25288316e-01	3.29796366e-01	3.95491950e-01
272             	-3.27748537e-02	3.58591579e-02	7.25992119e-01	3.30221206e-01	3.95770913e-01
273             	-3.26586146e-02	3.58392755e-02	7.26725129e-01	3.30703950e-01	3.96021179e-01
274             	-3.24886776e-02	3.58326400e-02	7.27591916e-01	3.31307280e-01	3.96284636e-01
275             	-3.22795490e-02	3.58407320e-02	7.28520723e-01	3.31980812e-01	3.96539910e-01
276             	-3.20399284e-02	3.58608714e-02	7.29494643e-01	3.32707393e-01	3.96787250e-01
277             	-3.17810056e-02	3.58888128e-02	7.30493511e-01	3.33465750e-01	3.97027761e-01
278             	-3.15357378e-02	3.59149728e-02	7.31423988e-01	3.34176256e-01	3.97247732e-01
279             	-3.12916028e-02	3.59378149e-02	7.32356782e-01	3.34886788e-01	3.97469994e-01
280             	-3.10372736e-02	3.59572526e-02	7.33353229e-01	3.35639341e-01	3.97713888e-01
281             	-3.08205718e-02	3.59652732e-02	7.34244484e-01	3.36301670e-01	3.97942814e-01
282             	-3.06226010e-02	3.59636999e-02	7.35108331e-01	3.36931564e-01	3.98176766e-01
283             	-3.04439075e-02	3.59526818e-02	7.35942617e-01	3.37527401e-01	3.98415216e-01
284             	-3.02828346e-02	3.59334653e-02	7.36746975e-01	3.38090653e-01	3.98656322e-01
285             	-3.01357378e-02	3.59080605e-02	7.37523729e-01	3.38626127e-01	3.98897602e-01
286             	-2.99980979e-02	3.58787207e-02	7.38276985e-01	3.39140394e-01	3.99136590e-01
287             	-2.98648636e-02	3.58477760e-02	7.39012929e-01	3.39641601e-01	3.99371328e-01
288             	-2.97316660e-02	3.58170752e-02	7.39737660e-01	3.40137164e-01	3.99600496e-01
289             	-2.95940734e-02	3.57884724e-02	7.40459232e-01	3.40635542e-01	3.99823689e-01
290             	-2.94480033e-02	3.57636653e-02	7.41187000e-01	3.41145497e-01	4.00041504e-01
291             	-2.92905431e-02	3.57438343e-02	7.41929588e-01	3.41674251e-01	4.00255337e-01
292             	-2.91201559e-02	3.57296118e-02	7.42693830e-01	3.42226759e-01	4.00467071e-01
293             	-2.89366299e-02	3.57212377e-02	7.43484425e-01	3.42805583e-01	4.00678842e-01
294             	-2.87415436e-02	3.57183736e-02	7.44302593e-01	3.43409753e-01	4.00892840e-01
295             	-2.85381433e-02	3.57200263e-02	7.45145443e-01	3.44034578e-01	4.01110865e-01
296             	-2.83299713e-02	3.57250179e-02	7.46008360e-01	3.44674209e-01	4.01334151e-01
297             	-2.81204114e-02	3.57322135e-02	7.46885687e-01	3.45322432e-01	4.01563255e-01
298             	-2.79119587e-02	3.57407800e-02	7.47772384e-01	3.45974233e-01	4.01798151e-01
299             	-2.77062468e-02	3.57500639e-02	7.48663889e-01	3.46625697e-01	4.02038191e-01
300             	-2.75040900e-02	3.57596671e-02	7.49556391e-01	3.47274105e-01	4.02282285e-01
301             	-2.73054967e-02	3.57694547e-02	7.50447111e-01	3.47918059e-01	4.02529052e-01
302             	-2.71100809e-02	3.57793997e-02	7.51333690e-01	3.48556764e-01	4.02776926e-01
303             	-2.69171973e-02	3.57895734e-02	7.52214428e-01	3.49190017e-01	4.03024411e-01
304             	-2.67257166e-02	3.58002631e-02	7.53089260e-01	3.49818913e-01	4.03270347e-01
305             	-2.65348084e-02	3.58116108e-02	7.53958606e-01	3.50444495e-01	4.03514111e-01
306             	-2.63442127e-02	3.58235374e-02	7.54822761e-01	3.51067168e-01	4.03755593e-01
307             	-2.61538040e-02	3.58359270e-02	7.55683004e-01	3.51687698e-01	4.03995306e-01
308             	-2.59639352e-02	3.58486370e-02	7.56540337e-01	3.52306233e-01	4.04234104e-01
309             	-2.57755551e-02	3.58614632e-02	7.57395067e-01	3.52921978e-01	4.04473089e-01
310             	-2.55897691e-02	3.58741915e-02	7.58247172e-01	3.53533817e-01	4.04713355e-01
311             	-2.54072414e-02	3.58867090e-02	7.59097086e-01	3.54141301e-01	4.04955784e-01
312             	-2.52277795e-02	3.58991565e-02	7.59946380e-01	3.54745410e-01	4.05200969e-01
313             	-2.50508726e-02	3.59117135e-02	7.60796704e-01	3.55347480e-01	4.05449225e-01
314             	-2.48760325e-02	3.59245109e-02	7.61648918e-01	3.55948426e-01	4.05700491e-01
315             	-2.47029328e-02	3.59376390e-02	7.62502818e-01	3.56548476e-01	4.05954342e-01
316             	-2.45313803e-02	3.59510658e-02	7.63357648e-01	3.57147444e-01	4.06210204e-01
317             	-2.43617286e-02	3.59645488e-02	7.64211160e-01	3.57743851e-01	4.06467308e-01
318             	-2.41947426e-02	3.59776084e-02	7.65060298e-01	3.58335406e-01	4.06724891e-01
319             	-2.40312917e-02	3.59896925e-02	7.65902099e-01	3.58919758e-01	4.06982341e-01
320             	-2.38726879e-02	3.60001575e-02	7.66732517e-01	3.59493571e-01	4.07238946e-01
321             	-2.37201834e-02	3.60083833e-02	7.67548385e-01	3.60054009e-01	4.07494376e-01
322             	-2.35748038e-02	3.60138258e-02	7.68347930e-01	3.60599161e-01	4.07748769e-01
323             	-2.34373715e-02	3.60160792e-02	7.69129658e-01	3.61127458e-01	4.08002200e-01
324             	-2.33082020e-02	3.60149559e-02	7.69893080e-01	3.61638338e-01	4.08254742e-01
325             	-2.31871496e-02	3.60104555e-02	7.70638532e-01	3.62132117e-01	4.08506416e-01
326             	-2.30737183e-02	3.60026880e-02	7.71366904e-01	3.62609734e-01	4.08757170e-01
327             	-2.29674580e-02	3.59918219e-02	7.72078948e-01	3.63072016e-01	4.09006932e-01
328             	-2.28677475e-02	3.59780805e-02	7.72775836e-01	3.63520170e-01	4.09255665e-01
329             	-2.27737086e-02	3.59617142e-02	7.73459964e-01	3.63956273e-01	4.09503690e-01
330             	-2.26846654e-02	3.59429491e-02	7.74133075e-01	3.64381872e-01	4.09751203e-01
331             	-2.26000846e-02	3.59220098e-02	7.74796377e-01	3.64798104e-01	4.09998273e-01
332             	-2.25194001e-02	3.58991524e-02	7.75451277e-01	3.65206238e-01	4.10245039e-01
333             	-2.24421962e-02	3.58746159e-02	7.76098791e-01	3.65607199e-01	4.10491592e-01
334             	-2.23600548e-02	3.58481007e-02	7.76789918e-01	3.66034904e-01	4.10755014e-01
335             	-2.22809428e-02	3.58213516e-02	7.77470442e-01	3.66454278e-01	4.11016164e-01
336             	-2.22153362e-02	3.57949175e-02	7.78075911e-01	3.66822620e-01	4.11253292e-01
337             	-2.21551484e-02	3.57664580e-02	7.78662338e-01	3.67176021e-01	4.11486317e-01
338             	-2.21000778e-02	3.57354921e-02	7.79234912e-01	3.67517378e-01	4.11717534e-01
339             	-2.20496478e-02	3.57019974e-02	7.79798700e-01	3.67849702e-01	4.11948998e-01
340             	-2.19972175e-02	3.56651410e-02	7.80399671e-01	3.68202618e-01	4.12197053e-01
341             	-2.19551444e-02	3.56292519e-02	7.80944915e-01	3.68517313e-01	4.12427602e-01
342             	-2.19167083e-02	3.55921787e-02	7.81483880e-01	3.68825232e-01	4.12658648e-01
343             	-2.18765377e-02	3.55525190e-02	7.82057392e-01	3.69152158e-01	4.12905234e-01
344             	-2.18446441e-02	3.55148279e-02	7.82578005e-01	3.69444358e-01	4.13133646e-01
345             	-2.18155584e-02	3.54760911e-02	7.83092993e-01	3.69730938e-01	4.13362055e-01
346             	-2.17851087e-02	3.54342983e-02	7.83639799e-01	3.70034791e-01	4.13605008e-01
347             	-2.17614849e-02	3.53944348e-02	7.84136620e-01	3.70306825e-01	4.13829795e-01
348             	-2.17404187e-02	3.53531854e-02	7.84627674e-01	3.70573418e-01	4.14054256e-01
349             	-2.17186295e-02	3.53083997e-02	7.85147518e-01	3.70855129e-01	4.14292388e-01
350             	-2.17026071e-02	3.52657317e-02	7.85621110e-01	3.71107948e-01	4.14513162e-01
351             	-2.16887952e-02	3.52217977e-02	7.86089945e-01	3.71356177e-01	4.14733768e-01
352             	-2.16741908e-02	3.51745211e-02	7.86586850e-01	3.71619234e-01	4.14967616e-01
353             	-2.16640287e-02	3.51299523e-02	7.87042076e-01	3.71857009e-01	4.15185067e-01
354             	-2.16552348e-02	3.50845649e-02	7.87495113e-01	3.72092322e-01	4.15402791e-01
355             	-2.16476070e-02	3.50383194e-02	7.87948021e-01	3.72326404e-01	4.15621618e-01
356             	-2.16410295e-02	3.49914081e-02	7.88401166e-01	3.72559554e-01	4.15841613e-01
357             	-2.16354322e-02	3.49440768e-02	7.88854147e-01	3.72791641e-01	4.16062506e-01
358             	-2.16284490e-02	3.48944402e-02	7.89334239e-01	3.73038670e-01	4.16295568e-01
359             	-2.16248825e-02	3.48484290e-02	7.89773649e-01	3.73261942e-01	4.16511707e-01
360             	-2.16223858e-02	3.48022048e-02	7.90207450e-01	3.73481339e-01	4.16726111e-01
361             	-2.16209718e-02	3.47553505e-02	7.90637234e-01	3.73697645e-01	4.16939589e-01
362             	-2.16207061e-02	3.47077040e-02	7.91064014e-01	3.73911301e-01	4.17152713e-01
363             	-2.16216407e-02	3.46593405e-02	7.91488292e-01	3.74122505e-01	4.17365787e-01
364             	-2.16238002e-02	3.46104968e-02	7.91910157e-01	3.74331278e-01	4.17578879e-01
365             	-2.16300276e-02	3.45643249e-02	7.92283125e-01	3.74511535e-01	4.17771590e-01
366             	-2.16344393e-02	3.45131350e-02	7.92716143e-01	3.74723632e-01	4.17992511e-01
367             	-2.16394875e-02	3.44626853e-02	7.93148951e-01	3.74934988e-01	4.18213963e-01
368             	-2.16478270e-02	3.44163475e-02	7.93530629e-01	3.75117487e-01	4.18413141e-01
369             	-2.16566379e-02	3.43692638e-02	7.93920981e-01	3.75303853e-01	4.18617129e-01
370             	-2.16657404e-02	3.43215738e-02	7.94320704e-01	3.75494612e-01	4.18826092e-01
371             	-2.16749437e-02	3.42737033e-02	7.94728414e-01	3.75689264e-01	4.19039151e-01
372             	-2.16841352e-02	3.42261461e-02	7.95141260e-01	3.75886495e-01	4.19254765e-01
373             	-2.16933751e-02	3.41792916e-02	7.95555217e-01	3.76084233e-01	4.19470984e-01
374             	-2.17027576e-02	3.41333470e-02	7.95966302e-01	3.76280393e-01	4.19685909e-01
375             	-2.17124505e-02	3.40882845e-02	7.96370975e-01	3.76473037e-01	4.19897938e-01
376             	-2.17228299e-02	3.40438424e-02	7.96766276e-01	3.76660308e-01	4.20105968e-01
377             	-2.17344268e-02	3.39995869e-02	7.97150322e-01	3.76840734e-01	4.20309588e-01
378             	-2.17476256e-02	3.39550303e-02	7.97523194e-01	3.77013971e-01	4.20509222e-01
379             	-2.17626967e-02	3.39097131e-02	7.97886534e-01	3.77180571e-01	4.20705964e-01
380             	-2.17797457e-02	3.38633014e-02	7.98242862e-01	3.77341685e-01	4.20901177e-01
381             	-2.17987536e-02	3.38156335e-02	7.98594637e-01	3.77498565e-01	4.21096072e-01
382             	-2.18195230e-02	3.37667506e-02	7.98943922e-01	3.77652438e-01	4.21291484e-01
383             	-2.18417538e-02	3.37168198e-02	7.99292084e-01	3.77804288e-01	4.21487796e-01
384             	-2.18651026e-02	3.36660652e-02	7.99639781e-01	3.77954788e-01	4.21684993e-01
385             	-2.18892192e-02	3.36147139e-02	7.99987023e-01	3.78104292e-01	4.21882731e-01
386             	-2.19137700e-02	3.35629675e-02	8.00333313e-01	3.78252886e-01	4.22080426e-01
387             	-2.19384902e-02	3.35109660e-02	8.00677952e-01	3.78400486e-01	4.22277466e-01
388             	-2.19632332e-02	3.34587600e-02	8.01020321e-01	3.78546927e-01	4.22473394e-01
389             	-2.19879651e-02	3.34063398e-02	8.01359898e-01	3.78691984e-01	4.22667914e-01
390             	-2.20127836e-02	3.33536438e-02	8.01696426e-01	3.78835429e-01	4.22860996e-01
391             	-2.20378696e-02	3.33006293e-02	8.02029540e-01	3.78976901e-01	4.23052640e-01
392             	-2.20634694e-02	3.32472877e-02	8.02358689e-01	3.79115875e-01	4.23242814e-01
393             	-2.20898680e-02	3.31936126e-02	8.02683388e-01	3.79251826e-01	4.23431562e-01
394             	-2.21173191e-02	3.31395946e-02	8.03003518e-01	3.79384440e-01	4.23619078e-01
395             	-2.21460256e-02	3.30852244e-02	8.03319356e-01	3.79513653e-01	4.23805704e-01
396             	-2.21761092e-02	3.30305356e-02	8.03631181e-01	3.79639481e-01	4.23991700e-01
397             	-2.22076201e-02	3.29755797e-02	8.03939229e-01	3.79761994e-01	4.24177235e-01
398             	-2.22405276e-02	3.29204391e-02	8.04243601e-01	3.79881273e-01	4.24362328e-01
399             	-2.22747228e-02	3.28652100e-02	8.04544271e-01	3.79997412e-01	4.24546858e-01
400             	-2.23100889e-02	3.28099521e-02	8.04841152e-01	3.80110487e-01	4.24730665e-01
401             	-2.23464452e-02	3.27546921e-02	8.05134387e-01	3.80220748e-01	4.24913639e-01
402             	-2.23835413e-02	3.26994669e-02	8.05424180e-01	3.80328549e-01	4.25095631e-01
403             	-2.24211137e-02	3.26443191e-02	8.05710715e-01	3.80434244e-01	4.25276471e-01
404             	-2.24589412e-02	3.25892601e-02	8.05994295e-01	3.80538206e-01	4.25456089e-01
405             	-2.24968885e-02	3.25342666e-02	8.06275299e-01	3.80640761e-01	4.25634538e-01
406             	-2.25348784e-02	3.24793009e-02	8.06554171e-01	3.80742207e-01	4.25811964e-01
407             	-2.25729049e-02	3.24243353e-02	8.06831217e-01	3.80842704e-01	4.25988514e-01
408             	-2.26110411e-02	3.23693403e-02	8.07106559e-01	3.80942238e-01	4.26164321e-01
409             	-2.26493465e-02	3.23143108e-02	8.07380149e-01	3.81040728e-01	4.26339421e-01
410             	-2.26879438e-02	3.22592253e-02	8.07651787e-01	3.81137950e-01	4.26513837e-01
411             	-2.27269765e-02	3.22040726e-02	8.07921123e-01	3.81233585e-01	4.26687538e-01
412             	-2.27665532e-02	3.21488591e-02	8.08187804e-01	3.81327349e-01	4.26860455e-01
413             	-2.28067292e-02	3.20935976e-02	8.08451535e-01	3.81419038e-01	4.27032497e-01
414             	-2.28475147e-02	3.20383290e-02	8.08711899e-01	3.81508435e-01	4.27203464e-01
415             	-2.28889010e-02	3.19830617e-02	8.08968812e-01	3.81595505e-01	4.27373307e-01
416             	-2.29308607e-02	3.19278054e-02	8.09222257e-01	3.81680268e-01	4.27541989e-01
417             	-2.29733262e-02	3.18725866e-02	8.09472284e-01	3.81762816e-01	4.27709468e-01
418             	-2.30162028e-02	3.18174464e-02	8.09718958e-01	3.81843276e-01	4.27875682e-01
419             	-2.30593613e-02	3.17624386e-02	8.09962469e-01	3.81921873e-01	4.28040596e-01
420             	-2.31026853e-02	3.17075580e-02	8.10203430e-01	3.81999030e-01	4.28204400e-01
421             	-2.31460410e-02	3.16527708e-02	8.10442765e-01	3.82075341e-01	4.28367424e-01
422             	-2.31893722e-02	3.15980332e-02	8.10681291e-01	3.82151273e-01	4.28530018e-01
423             	-2.32326628e-02	3.15433350e-02	8.10919425e-01	3.82227050e-01	4.28692375e-01
424             	-2.32759102e-02	3.14887183e-02	8.11157044e-01	3.82302612e-01	4.28854432e-01
425             	-2.33191771e-02	3.14342234e-02	8.11393590e-01	3.82377618e-01	4.29015972e-01
426             	-2.33625345e-02	3.13798645e-02	8.11628408e-01	3.82451670e-01	4.29176739e-01
427             	-2.34060276e-02	3.13256231e-02	8.11861002e-01	3.82524473e-01	4.29336529e-01
428             	-2.34496648e-02	3.12714582e-02	8.12091051e-01	3.82595861e-01	4.29495190e-01
429             	-2.34934290e-02	3.12173218e-02	8.12318426e-01	3.82665784e-01	4.29652642e-01
430             	-2.35372764e-02	3.11631811e-02	8.12543140e-01	3.82734293e-01	4.29808846e-01
431             	-2.35811808e-02	3.11090157e-02	8.12765346e-01	3.82801492e-01	4.29963854e-01
432             	-2.36251237e-02	3.10548508e-02	8.12985133e-01	3.82867443e-01	4.30117690e-01
433             	-2.36690428e-02	3.10007707e-02	8.13202516e-01	3.82932215e-01	4.30270301e-01
434             	-2.37128446e-02	3.09468237e-02	8.13417936e-01	3.82996124e-01	4.30421813e-01
435             	-2.37477779e-02	3.09022665e-02	8.13597537e-01	3.83050991e-01	4.30546547e-01
436             	-2.37948092e-02	3.08436421e-02	8.13827640e-01	3.83119011e-01	4.30708629e-01
437             	-2.38418339e-02	3.07856885e-02	8.14058427e-01	3.83187380e-01	4.30871047e-01
438             	-2.38880539e-02	3.07295866e-02	8.14285334e-01	3.83254613e-01	4.31030721e-01
439             	-2.39238520e-02	3.06847078e-02	8.14472252e-01	3.83312274e-01	4.31159978e-01
440             	-2.39617568e-02	3.06372293e-02	8.14667477e-01	3.83371982e-01	4.31295495e-01
441             	-2.40124583e-02	3.05770203e-02	8.14906695e-01	3.83440889e-01	4.31465806e-01
442             	-2.40518976e-02	3.05288212e-02	8.15105191e-01	3.83500698e-01	4.31604493e-01
443             	-2.40929365e-02	3.04791017e-02	8.15307947e-01	3.83561037e-01	4.31746910e-01
444             	-2.41356897e-02	3.04278804e-02	8.15514795e-01	3.83621708e-01	4.31893087e-01
445             	-2.41798897e-02	3.03755799e-02	8.15724254e-01	3.83682237e-01	4.32042017e-01
446             	-2.42248730e-02	3.03229101e-02	8.15933841e-01	3.83742047e-01	4.32191793e-01
447             	-2.42698536e-02	3.02705180e-02	8.16141317e-01	3.83800805e-01	4.32340512e-01
448             	-2.43140819e-02	3.02188533e-02	8.16345275e-01	3.83858555e-01	4.32486719e-01
449             	-2.43570316e-02	3.01681400e-02	8.16545026e-01	3.83915482e-01	4.32629545e-01
450             	-2.43986093e-02	3.01182752e-02	8.16741082e-01	3.83971932e-01	4.32769150e-01
451             	-2.44390838e-02	3.00689365e-02	8.16934931e-01	3.84028382e-01	4.32906549e-01
452             	-2.44789086e-02	3.00197410e-02	8.17128583e-01	3.84085383e-01	4.33043200e-01
453             	-2.45183650e-02	2.99706011e-02	8.17322709e-01	3.84142990e-01	4.33179720e-01
454             	-2.45575858e-02	2.99216464e-02	8.17516887e-01	3.84200858e-01	4.33316029e-01
455             	-2.45966463e-02	2.98730434e-02	8.17710423e-01	3.84258565e-01	4.33451858e-01
456             	-2.46356279e-02	2.98248768e-02	8.17902928e-01	3.84315836e-01	4.33587092e-01
457             	-2.46746055e-02	2.97771542e-02	8.18094340e-01	3.84372564e-01	4.33721775e-01
458             	-2.47136030e-02	2.97298716e-02	8.18284682e-01	3.84428738e-01	4.33855944e-01
459             	-2.47526095e-02	2.96829957e-02	8.18474098e-01	3.84484439e-01	4.33989658e-01
460             	-2.47915851e-02	2.96364742e-02	8.18662771e-01	3.84539800e-01	4.34122971e-01
461             	-2.48304436e-02	2.95902766e-02	8.18850813e-01	3.84594963e-01	4.34255850e-01
462             	-2.48690696e-02	2.95444040e-02	8.19038209e-01	3.84650035e-01	4.34388174e-01
463             	-2.49073833e-02	2.94988357e-02	8.19224829e-01	3.84705031e-01	4.34519798e-01
464             	-2.49453376e-02	2.94535345e-02	8.19410550e-01	3.84759937e-01	4.34650612e-01
465             	-2.49828887e-02	2.94084717e-02	8.19595255e-01	3.84814739e-01	4.34780516e-01
466             	-2.50200233e-02	2.93636136e-02	8.19778838e-01	3.84869396e-01	4.34909442e-01
467             	-2.50567130e-02	2.93189786e-02	8.19961181e-01	3.84923878e-01	4.35037304e-01
468             	-2.50929734e-02	2.92745668e-02	8.20142349e-01	3.84978201e-01	4.35164148e-01
469             	-2.51288349e-02	2.92303805e-02	8.20322519e-01	3.85032424e-01	4.35290094e-01
470             	-2.51643386e-02	2.91864259e-02	8.20501959e-01	3.85086641e-01	4.35415318e-01
471             	-2.51995281e-02	2.91427073e-02	8.20680880e-01	3.85140912e-01	4.35539968e-01
472             	-2.52344201e-02	2.90992475e-02	8.20859361e-01	3.85195260e-01	4.35664101e-01
473             	-2.52690351e-02	2.90560702e-02	8.21037554e-01	3.85249742e-01	4.35787812e-01
474             	-2.53033832e-02	2.90132052e-02	8.21215476e-01	3.85304355e-01	4.35911121e-01
475             	-2.53412202e-02	2.89675334e-02	8.21401422e-01	3.85359491e-01	4.36041931e-01
476             	-2.53739330e-02	2.89267004e-02	8.21573866e-01	3.85413000e-01	4.36160866e-01
477             	-2.54062110e-02	2.88861531e-02	8.21745840e-01	3.85466709e-01	4.36279131e-01
478             	-2.54381057e-02	2.88457573e-02	8.21917879e-01	3.85520834e-01	4.36397045e-01
479             	-2.54730241e-02	2.88026446e-02	8.22098158e-01	3.85576055e-01	4.36522103e-01
480             	-2.55063562e-02	2.87611716e-02	8.22273915e-01	3.85630601e-01	4.36643314e-01
481             	-2.55350809e-02	2.87237836e-02	8.22438063e-01	3.85683951e-01	4.36754112e-01
482             	-2.55670943e-02	2.86831675e-02	8.22612926e-01	3.85739369e-01	4.36873557e-01
483             	-2.55981377e-02	2.86434786e-02	8.22785887e-01	3.85794806e-01	4.36991081e-01
484             	-2.56250756e-02	2.86074073e-02	8.22948601e-01	3.85849225e-01	4.37099376e-01
485             	-2.56564459e-02	2.85670967e-02	8.23126588e-01	3.85906848e-01	4.37219740e-01
486             	-2.56874027e-02	2.85274941e-02	8.23303638e-01	3.85964416e-01	4.37339222e-01
487             	-2.57141327e-02	2.84919076e-02	8.23468262e-01	3.86019998e-01	4.37448264e-01
488             	-2.57456942e-02	2.84519219e-02	8.23648752e-01	3.86078682e-01	4.37570070e-01
489             	-2.57765106e-02	2.84130462e-02	8.23825865e-01	3.86136422e-01	4.37689443e-01
490             	-2.58025554e-02	2.83785936e-02	8.23987531e-01	3.86191210e-01	4.37796321e-01
491             	-2.58330850e-02	2.83397627e-02	8.24164483e-01	3.86249157e-01	4.37915327e-01
492             	-2.58625397e-02	2.83020396e-02	8.24337435e-01	3.86306178e-01	4.38031257e-01
493             	-2.58908375e-02	2.82653690e-02	8.24506448e-01	3.86362386e-01	4.38144061e-01
494             	-2.59180383e-02	2.82295088e-02	8.24672391e-01	3.86418157e-01	4.38254234e-01
495             	-2.59442653e-02	2.81941991e-02	8.24836479e-01	3.86473974e-01	4.38362505e-01
496             	-2.59696719e-02	2.81592367e-02	8.24999903e-01	3.86530280e-01	4.38469623e-01
497             	-2.59967311e-02	2.81222258e-02	8.25171320e-01	3.86588929e-01	4.38582391e-01
498             	-2.60204273e-02	2.80884697e-02	8.25333408e-01	3.86646277e-01	4.38687131e-01
499             	-2.60457346e-02	2.80527709e-02	8.25504034e-01	3.86706282e-01	4.38797752e-01
500             	-2.60680777e-02	2.80201089e-02	8.25665865e-01	3.86764855e-01	4.38901010e-01
501             	-2.60922042e-02	2.79853769e-02	8.25837022e-01	3.86826307e-01	4.39010715e-01
502             	-2.61137670e-02	2.79534308e-02	8.25999651e-01	3.86886059e-01	4.39113593e-01
503             	-2.61371488e-02	2.79194274e-02	8.26171526e-01	3.86948614e-01	4.39222912e-01
504             	-2.61581763e-02	2.78880935e-02	8.26334519e-01	3.87009083e-01	4.39325436e-01
505             	-2.61809272e-02	2.78547692e-02	8.26506425e-01	3.87072285e-01	4.39434140e-01
506             	-2.62032750e-02	2.78219685e-02	8.26677734e-01	3.87135592e-01	4.39542142e-01
507             	-2.62230883e-02	2.77919679e-02	8.26838506e-01	3.87196165e-01	4.39642341e-01
508             	-2.62443606e-02	2.77599380e-02	8.27008178e-01	3.87259728e-01	4.39748450e-01
509             	-2.62651409e-02	2.77283131e-02	8.27177102e-01	3.87323410e-01	4.39853692e-01
510             	-2.62834887e-02	2.76993762e-02	8.27335095e-01	3.87384059e-01	4.39951036e-01
511             	-2.63033650e-02	2.76681109e-02	8.27503351e-01	3.87448311e-01	4.40055041e-01
512             	-2.63228021e-02	2.76371792e-02	8.27671487e-01	3.87512941e-01	4.40158545e-01
513             	-2.63416144e-02	2.76068055e-02	8.27838772e-01	3.87577772e-01	4.40261000e-01
514             	-2.63580232e-02	2.75792707e-02	8.27994599e-01	3.87639276e-01	4.40355323e-01
515             	-2.63756129e-02	2.75494050e-02	8.28162298e-01	3.87705536e-01	4.40456762e-01
516             	-2.63926346e-02	2.75199586e-02	8.28330516e-01	3.87772623e-01	4.40557892e-01
517             	-2.64089575e-02	2.74911813e-02	8.28498120e-01	3.87840103e-01	4.40658017e-01
518             	-2.64245696e-02	2.74631001e-02	8.28664802e-01	3.87907831e-01	4.40756970e-01
519             	-2.64395293e-02	2.74356311e-02	8.28830578e-01	3.87975760e-01	4.40854818e-01
520             	-2.64539253e-02	2.74086506e-02	8.28995701e-01	3.88043925e-01	4.40951776e-01
521             	-2.64678481e-02	2.73820378e-02	8.29160518e-01	3.88112411e-01	4.41048107e-01
522             	-2.64813650e-02	2.73557150e-02	8.29325317e-01	3.88181294e-01	4.41144024e-01
523             	-2.64945152e-02	2.73296516e-02	8.29490294e-01	3.88250632e-01	4.41239662e-01
524             	-2.65073178e-02	2.73038474e-02	8.29655574e-01	3.88320469e-01	4.41335105e-01
525             	-2.65197699e-02	2.72783193e-02	8.29821210e-01	3.88390835e-01	4.41430375e-01
526             	-2.65318589e-02	2.72530905e-02	8.29987164e-01	3.88461723e-01	4.41525441e-01
527             	-2.65435703e-02	2.72281743e-02	8.30153355e-01	3.88533107e-01	4.41620248e-01
528             	-2.65548842e-02	2.72035709e-02	8.30319744e-01	3.88604988e-01	4.41714756e-01
529             	-2.65657580e-02	2.71792832e-02	8.30486302e-01	3.88677393e-01	4.41808909e-01
530             	-2.65761507e-02	2.71553131e-02	8.30652994e-01	3.88750346e-01	4.41902648e-01
531             	-2.65860313e-02	2.71316653e-02	8.30819751e-01	3.88823844e-01	4.41995907e-01
532             	-2.65953892e-02	2.71083369e-02	8.30986540e-01	3.88897881e-01	4.42088659e-01
533             	-2.66045739e-02	2.70839537e-02	8.31164002e-01	3.88977427e-01	4.42186575e-01
534             	-2.66128632e-02	2.70610575e-02	8.31334479e-01	3.89054376e-01	4.42280103e-01
535             	-2.66204476e-02	2.70391689e-02	8.31499826e-01	3.89129465e-01	4.42370361e-01
536             	-2.66276884e-02	2.70166054e-02	8.31670816e-01	3.89207720e-01	4.42463097e-01
537             	-2.66344377e-02	2.69947129e-02	8.31838896e-01	3.89285010e-01	4.42553886e-01
538             	-2.66407643e-02	2.69733448e-02	8.32004599e-01	3.89361535e-01	4.42643064e-01
539             	-2.66467453e-02	2.69523270e-02	8.32168788e-01	3.89437649e-01	4.42731139e-01
540             	-2.66524435e-02	2.69315148e-02	8.32332440e-01	3.89513776e-01	4.42818663e-01
541             	-2.66578845e-02	2.69108360e-02	8.32496434e-01	3.89590333e-01	4.42906102e-01
542             	-2.66630590e-02	2.68902948e-02	8.32661370e-01	3.89667626e-01	4.42993744e-01
543             	-2.66679258e-02	2.68699466e-02	8.32827540e-01	3.89745844e-01	4.43081696e-01
544             	-2.66724315e-02	2.68498679e-02	8.32994934e-01	3.89825036e-01	4.43169899e-01
545             	-2.66765196e-02	2.68301246e-02	8.33163361e-01	3.89905161e-01	4.43258200e-01
546             	-2.66801427e-02	2.68107542e-02	8.33332539e-01	3.89986127e-01	4.43346412e-01
547             	-2.66832675e-02	2.67917612e-02	8.33502182e-01	3.90067824e-01	4.43434359e-01
548             	-2.66858817e-02	2.67731221e-02	8.33672050e-01	3.90150143e-01	4.43521907e-01
549             	-2.66879938e-02	2.67547954e-02	8.33841978e-01	3.90232995e-01	4.43608983e-01
550             	-2.66896271e-02	2.67367383e-02	8.34011901e-01	3.90316323e-01	4.43695577e-01
551             	-2.66908159e-02	2.67189138e-02	8.34181813e-01	3.90400091e-01	4.43781723e-01
552             	-2.66916026e-02	2.67013001e-02	8.34351728e-01	3.90484261e-01	4.43867467e-01
553             	-2.66920266e-02	2.66838942e-02	8.34521659e-01	3.90568803e-01	4.43952856e-01
554             	-2.66921194e-02	2.66667070e-02	8.34691622e-01	3.90653692e-01	4.44037930e-01
555             	-2.66919041e-02	2.66497621e-02	8.34861604e-01	3.90738898e-01	4.44122706e-01
556             	-2.66914057e-02	2.66330837e-02	8.35031486e-01	3.90824337e-01	4.44207149e-01
557             	-2.66906584e-02	2.66167553e-02	8.35200617e-01	3.90909650e-01	4.44290967e-01
558             	-2.66896767e-02	2.66008229e-02	8.35368656e-01	3.90994651e-01	4.44374005e-01
559             	-2.66884350e-02	2.65852531e-02	8.35536079e-01	3.91079604e-01	4.44456474e-01
560             	-2.66868714e-02	2.65700346e-02	8.35703590e-01	3.91164924e-01	4.44538666e-01
561             	-2.66857275e-02	2.65558674e-02	8.35860867e-01	3.91244706e-01	4.44616161e-01
562             	-2.66833921e-02	2.65407880e-02	8.36032839e-01	3.91333027e-01	4.44699811e-01
563             	-2.66805676e-02	2.65260492e-02	8.36207053e-01	3.91422959e-01	4.44784094e-01
564             	-2.66772901e-02	2.65117795e-02	8.36382168e-01	3.91513794e-01	4.44868374e-01
565             	-2.66736082e-02	2.64979941e-02	8.36557069e-01	3.91604926e-01	4.44952143e-01
566             	-2.66704983e-02	2.64851891e-02	8.36720260e-01	3.91689632e-01	4.45030628e-01
567             	-2.66660175e-02	2.64717635e-02	8.36896771e-01	3.91782368e-01	4.45114403e-01
568             	-2.66611788e-02	2.64586455e-02	8.37073354e-01	3.91875498e-01	4.45197856e-01
569             	-2.66560609e-02	2.64458893e-02	8.37249025e-01	3.91968451e-01	4.45280573e-01
570             	-2.66507372e-02	2.64334902e-02	8.37423230e-01	3.92060878e-01	4.45362352e-01
571             	-2.66452661e-02	2.64214055e-02	8.37595863e-01	3.92152665e-01	4.45443197e-01
572             	-2.66396834e-02	2.64095822e-02	8.37767178e-01	3.92243905e-01	4.45523272e-01
573             	-2.66339987e-02	2.63979811e-02	8.37937654e-01	3.92334828e-01	4.45602826e-01
574             	-2.66282081e-02	2.63865872e-02	8.38107742e-01	3.92425663e-01	4.45682079e-01
575             	-2.66222702e-02	2.63754069e-02	8.38278041e-01	3.92516750e-01	4.45761291e-01
576             	-2.66161542e-02	2.63644666e-02	8.38448815e-01	3.92608253e-01	4.45840561e-01
577             	-2.66098162e-02	2.63537908e-02	8.38620335e-01	3.92700351e-01	4.45919984e-01
578             	-2.66032232e-02	2.63434043e-02	8.38792619e-01	3.92793086e-01	4.45999533e-01
579             	-2.65963438e-02	2.63333245e-02	8.38965575e-01	3.92886444e-01	4.46079131e-01
580             	-2.65891639e-02	2.63235515e-02	8.39139019e-01	3.92980346e-01	4.46158673e-01
581             	-2.65816856e-02	2.63140724e-02	8.39312745e-01	3.93074687e-01	4.46238058e-01
582             	-2.65739317e-02	2.63048608e-02	8.39486541e-01	3.93169339e-01	4.46317202e-01
583             	-2.65659403e-02	2.62958844e-02	8.39660221e-01	3.93264170e-01	4.46396051e-01
584             	-2.65577589e-02	2.62871104e-02	8.39833636e-01	3.93359059e-01	4.46474577e-01
585             	-2.65494339e-02	2.62785113e-02	8.40006710e-01	3.93453921e-01	4.46552789e-01
586             	-2.65410048e-02	2.62700675e-02	8.40179426e-01	3.93548708e-01	4.46630718e-01
587             	-2.65324987e-02	2.62617690e-02	8.40351813e-01	3.93643408e-01	4.46708405e-01
588             	-2.65239309e-02	2.62536142e-02	8.40523921e-01	3.93738029e-01	4.46785891e-01
589             	-2.65153028e-02	2.62456085e-02	8.40695811e-01	3.93832603e-01	4.46863208e-01
590             	-2.65077116e-02	2.62379001e-02	8.40857683e-01	3.93921130e-01	4.46936553e-01
591             	-2.64986668e-02	2.62299621e-02	8.41033053e-01	3.94017860e-01	4.47015193e-01
592             	-2.64905856e-02	2.62224025e-02	8.41198820e-01	3.94108824e-01	4.47089995e-01
593             	-2.64821225e-02	2.62149035e-02	8.41367671e-01	3.94201713e-01	4.47165958e-01
594             	-2.64732292e-02	2.62075443e-02	8.41539483e-01	3.94296512e-01	4.47242971e-01
595             	-2.64639105e-02	2.62004156e-02	8.41713514e-01	3.94392847e-01	4.47320667e-01
596             	-2.64542214e-02	2.61935767e-02	8.41888726e-01	3.94490141e-01	4.47398584e-01
597             	-2.64442521e-02	2.61870369e-02	8.42064080e-01	3.94587788e-01	4.47476292e-01
598             	-2.64341090e-02	2.61807589e-02	8.42238742e-01	3.94685262e-01	4.47553480e-01
599             	-2.64238918e-02	2.61746740e-02	8.42412245e-01	3.94782230e-01	4.47630014e-01
600             	-2.64136849e-02	2.61687049e-02	8.42584465e-01	3.94878548e-01	4.47705917e-01
601             	-2.64035448e-02	2.61627873e-02	8.42755539e-01	3.94974224e-01	4.47781314e-01
602             	-2.63935045e-02	2.61568799e-02	8.42925728e-01	3.95069359e-01	4.47856368e-01
603             	-2.63835732e-02	2.61509693e-02	8.43095320e-01	3.95164087e-01	4.47931233e-01
604             	-2.63737397e-02	2.61450654e-02	8.43264574e-01	3.95258547e-01	4.48006027e-01
605             	-2.63639834e-02	2.61391924e-02	8.43433664e-01	3.95352849e-01	4.48080816e-01
606             	-2.63542725e-02	2.61333821e-02	8.43602696e-01	3.95447075e-01	4.48155620e-01
607             	-2.63432266e-02	2.61276788e-02	8.43783094e-01	3.95548320e-01	4.48234774e-01
608             	-2.63338182e-02	2.61222828e-02	8.43947953e-01	3.95640159e-01	4.48307795e-01
609             	-2.63244397e-02	2.61169316e-02	8.44112297e-01	3.95731709e-01	4.48380588e-01
610             	-2.63136805e-02	2.61116135e-02	8.44288467e-01	3.95830553e-01	4.48457914e-01
611             	-2.63044116e-02	2.61064729e-02	8.44450488e-01	3.95920832e-01	4.48529656e-01
612             	-2.62937595e-02	2.61013503e-02	8.44624447e-01	3.96018464e-01	4.48605983e-01
613             	-2.62845341e-02	2.60963621e-02	8.44785013e-01	3.96107972e-01	4.48677040e-01
614             	-2.62739027e-02	2.60913813e-02	8.44957985e-01	3.96205090e-01	4.48752895e-01
615             	-2.62646401e-02	2.60865205e-02	8.45118279e-01	3.96294500e-01	4.48823780e-01
616             	-2.62539696e-02	2.60816851e-02	8.45291243e-01	3.96391652e-01	4.48899591e-01
617             	-2.62433981e-02	2.60770369e-02	8.45462623e-01	3.96487914e-01	4.48974710e-01
618             	-2.62342191e-02	2.60724864e-02	8.45621140e-01	3.96576351e-01	4.49044789e-01
619             	-2.62237187e-02	2.60679325e-02	8.45792025e-01	3.96672294e-01	4.49119731e-01
620             	-2.62133341e-02	2.60634972e-02	8.45961610e-01	3.96767471e-01	4.49194139e-01
621             	-2.62031091e-02	2.60591693e-02	8.46129462e-01	3.96861622e-01	4.49267840e-01
622             	-2.61942240e-02	2.60548377e-02	8.46285176e-01	3.96948364e-01	4.49336812e-01
623             	-2.61840609e-02	2.60504428e-02	8.46453540e-01	3.97042709e-01	4.49410831e-01
624             	-2.61739557e-02	2.60461310e-02	8.46621397e-01	3.97136743e-01	4.49484654e-01
625             	-2.61639390e-02	2.60419323e-02	8.46788201e-01	3.97230161e-01	4.49558039e-01
626             	-2.61540303e-02	2.60378385e-02	8.46953698e-01	3.97322819e-01	4.49630879e-01
627             	-2.61442347e-02	2.60338202e-02	8.47117930e-01	3.97414730e-01	4.49703200e-01
628             	-2.61345445e-02	2.60298445e-02	8.47281144e-01	3.97506027e-01	4.49775116e-01
629             	-2.61249433e-02	2.60258893e-02	8.47443679e-01	3.97596896e-01	4.49846783e-01
630             	-2.61154126e-02	2.60219470e-02	8.47605863e-01	3.97687519e-01	4.49918344e-01
631             	-2.61059316e-02	2.60180264e-02	8.47767953e-01	3.97778045e-01	4.49989908e-01
632             	-2.60964812e-02	2.60141459e-02	8.47930099e-01	3.97868568e-01	4.50061531e-01
633             	-2.60870507e-02	2.60103233e-02	8.48092331e-01	3.97959115e-01	4.50133216e-01
634             	-2.60776371e-02	2.60065713e-02	8.48254596e-01	3.98049661e-01	4.50204935e-01
635             	-2.60682418e-02	2.60028944e-02	8.48416792e-01	3.98140154e-01	4.50276638e-01
636             	-2.60588726e-02	2.59992874e-02	8.48578794e-01	3.98230524e-01	4.50348270e-01
637             	-2.60495399e-02	2.59957390e-02	8.48740499e-01	3.98320710e-01	4.50419789e-01
638             	-2.60402526e-02	2.59922356e-02	8.48901836e-01	3.98410666e-01	4.50491171e-01
639             	-2.60310196e-02	2.59887640e-02	8.49062766e-01	3.98500363e-01	4.50562403e-01
640             	-2.60218520e-02	2.59853115e-02	8.49223268e-01	3.98589782e-01	4.50633486e-01
641             	-2.60127625e-02	2.59818688e-02	8.49383334e-01	3.98678905e-01	4.50704430e-01
642             	-2.60037626e-02	2.59784290e-02	8.49542960e-01	3.98767717e-01	4.50775243e-01
643             	-2.59948577e-02	2.59749904e-02	8.49702157e-01	3.98856221e-01	4.50845936e-01
644             	-2.59860490e-02	2.59715543e-02	8.49860945e-01	3.98944424e-01	4.50916522e-01
645             	-2.59773354e-02	2.59681241e-02	8.50019344e-01	3.99032337e-01	4.50987007e-01
646             	-2.59687129e-02	2.59647038e-02	8.50177369e-01	3.99119971e-01	4.51057397e-01
647             	-2.59601726e-02	2.59612984e-02	8.50335049e-01	3.99207352e-01	4.51127697e-01
648             	-2.59517016e-02	2.59579127e-02	8.50492419e-01	3.99294508e-01	4.51197911e-01
649             	-2.59432926e-02	2.59545492e-02	8.50649491e-01	3.99381453e-01	4.51268038e-01
650             	-2.59349432e-02	2.59512070e-02	8.50806264e-01	3.99468189e-01	4.51338075e-01
651             	-2.59266537e-02	2.59478835e-02	8.50962741e-01	3.99554717e-01	4.51408024e-01
652             	-2.59184285e-02	2.59445734e-02	8.51118907e-01	3.99641025e-01	4.51477882e-01
653             	-2.59102741e-02	2.59412709e-02	8.51274743e-01	3.99727098e-01	4.51547646e-01
654             	-2.59021952e-02	2.59379709e-02	8.51430238e-01	3.99812924e-01	4.51617314e-01
655             	-2.58941967e-02	2.59346689e-02	8.51585372e-01	3.99898489e-01	4.51686883e-01
656             	-2.58862841e-02	2.59313603e-02	8.51740123e-01	3.99983778e-01	4.51756346e-01
657             	-2.58784582e-02	2.59280426e-02	8.51894497e-01	4.00068791e-01	4.51825707e-01
658             	-2.58707173e-02	2.59247147e-02	8.52048510e-01	4.00153538e-01	4.51894972e-01
659             	-2.58630583e-02	2.59213762e-02	8.52202184e-01	4.00238034e-01	4.51964150e-01
660             	-2.58554805e-02	2.59180274e-02	8.52355522e-01	4.00322280e-01	4.52033241e-01
661             	-2.58479834e-02	2.59146686e-02	8.52508521e-01	4.00406277e-01	4.52102244e-01
662             	-2.58405662e-02	2.59113003e-02	8.52661185e-01	4.00490026e-01	4.52171159e-01
663             	-2.58332258e-02	2.59079237e-02	8.52813517e-01	4.00573533e-01	4.52239984e-01
664             	-2.58259580e-02	2.59045402e-02	8.52965530e-01	4.00656807e-01	4.52308723e-01
665             	-2.58187618e-02	2.59011498e-02	8.53117221e-01	4.00739848e-01	4.52377372e-01
666             	-2.58116369e-02	2.58977520e-02	8.53268587e-01	4.00822656e-01	4.52445930e-01
667             	-2.58045815e-02	2.58943465e-02	8.53419626e-01	4.00905231e-01	4.52514395e-01
668             	-2.57975948e-02	2.58909328e-02	8.53570339e-01	4.00987575e-01	4.52582764e-01
669             	-2.57906753e-02	2.58875102e-02	8.53720731e-01	4.01069690e-01	4.52651041e-01
670             	-2.57838211e-02	2.58840784e-02	8.53870808e-01	4.01151583e-01	4.52719225e-01
671             	-2.57770311e-02	2.58806363e-02	8.54020580e-01	4.01233259e-01	4.52787321e-01
672             	-2.57703061e-02	2.58771825e-02	8.54170046e-01	4.01314717e-01	4.52855329e-01
673             	-2.57636472e-02	2.58737148e-02	8.54319206e-01	4.01395956e-01	4.52923250e-01
674             	-2.57570527e-02	2.58702323e-02	8.54468069e-01	4.01476982e-01	4.52991087e-01
675             	-2.57505218e-02	2.58667345e-02	8.54616634e-01	4.01557795e-01	4.53058839e-01
676             	-2.57440527e-02	2.58632206e-02	8.54764905e-01	4.01638400e-01	4.53126505e-01
677             	-2.57369686e-02	2.58597152e-02	8.54921600e-01	4.01723832e-01	4.53197769e-01
678             	-2.57308318e-02	2.58562888e-02	8.55065671e-01	4.01802004e-01	4.53263667e-01
679             	-2.57247906e-02	2.58527593e-02	8.55209189e-01	4.01879804e-01	4.53329385e-01
680             	-2.57181889e-02	2.58491144e-02	8.55361270e-01	4.01962446e-01	4.53398824e-01
681             	-2.57124237e-02	2.58455000e-02	8.55502234e-01	4.02038693e-01	4.53463541e-01
682             	-2.57060930e-02	2.58417617e-02	8.55652156e-01	4.02119985e-01	4.53532171e-01
683             	-2.56999362e-02	2.58380689e-02	8.55800015e-01	4.02200071e-01	4.53599944e-01
684             	-2.56939366e-02	2.58344067e-02	8.55945921e-01	4.02279024e-01	4.53666897e-01
685             	-2.56880687e-02	2.58307421e-02	8.56090232e-01	4.02357048e-01	4.53733185e-01
686             	-2.56822991e-02	2.58270463e-02	8.56233477e-01	4.02434439e-01	4.53799038e-01
687             	-2.56765863e-02	2.58233090e-02	8.56376253e-01	4.02511540e-01	4.53864713e-01
688             	-2.56708899e-02	2.58195402e-02	8.56519094e-01	4.02588657e-01	4.53930437e-01
689             	-2.56651785e-02	2.58157622e-02	8.56662381e-01	4.02666012e-01	4.53996369e-01
690             	-2.56594279e-02	2.58120023e-02	8.56806313e-01	4.02743729e-01	4.54062585e-01
691             	-2.56536272e-02	2.58082814e-02	8.56950907e-01	4.02821826e-01	4.54129081e-01
692             	-2.56477796e-02	2.58046072e-02	8.57096005e-01	4.02900223e-01	4.54195782e-01
693             	-2.56414600e-02	2.58010366e-02	8.57247533e-01	4.02982306e-01	4.54265226e-01
694             	-2.56356942e-02	2.57974941e-02	8.57390619e-01	4.03059615e-01	4.54331004e-01
695             	-2.56299755e-02	2.57938929e-02	8.57533017e-01	4.03136533e-01	4.54396484e-01
696             	-2.56242939e-02	2.57901935e-02	8.57675181e-01	4.03213297e-01	4.54461885e-01
697             	-2.56186407e-02	2.57863969e-02	8.57817407e-01	4.03290063e-01	4.54527344e-01
698             	-2.56130054e-02	2.57825325e-02	8.57959848e-01	4.03366918e-01	4.54592929e-01
699             	-2.56073771e-02	2.57786413e-02	8.58102512e-01	4.03443879e-01	4.54658633e-01
700             	-2.56017481e-02	2.57747588e-02	8.58245312e-01	4.03520908e-01	4.54724404e-01
701             	-2.55961114e-02	2.57709081e-02	8.58388135e-01	4.03597956e-01	4.54790179e-01
702             	-2.55904634e-02	2.57670942e-02	8.58530858e-01	4.03674966e-01	4.54855892e-01
703             	-2.55848030e-02	2.57633095e-02	8.58673406e-01	4.03751900e-01	4.54921506e-01
704             	-2.55791286e-02	2.57595397e-02	8.58815759e-01	4.03828751e-01	4.54987008e-01
705             	-2.55734393e-02	2.57557699e-02	8.58957934e-01	4.03905528e-01	4.55052406e-01
706             	-2.55677353e-02	2.57519886e-02	8.59099922e-01	4.03982226e-01	4.55117696e-01
707             	-2.55620147e-02	2.57481897e-02	8.59241742e-01	4.04058856e-01	4.55182886e-01
708             	-2.55562796e-02	2.57443712e-02	8.59383397e-01	4.04135419e-01	4.55247978e-01
709             	-2.55505323e-02	2.57405353e-02	8.59524875e-01	4.04211905e-01	4.55312970e-01
710             	-2.55447682e-02	2.57366882e-02	8.59666206e-01	4.04288335e-01	4.55377871e-01
711             	-2.55389784e-02	2.57328378e-02	8.59807451e-01	4.04364747e-01	4.55442704e-01
712             	-2.55331562e-02	2.57289908e-02	8.59948662e-01	4.04441175e-01	4.55507487e-01
713             	-2.55272995e-02	2.57251511e-02	8.60089847e-01	4.04517624e-01	4.55572223e-01
714             	-2.55214071e-02	2.57213208e-02	8.60231012e-01	4.04594099e-01	4.55636913e-01
715             	-2.55154769e-02	2.57175006e-02	8.60372174e-01	4.04670610e-01	4.55701564e-01
716             	-2.55095076e-02	2.57136905e-02	8.60513322e-01	4.04747153e-01	4.55766169e-01
717             	-2.55034969e-02	2.57098891e-02	8.60654445e-01	4.04823725e-01	4.55830719e-01
718             	-2.54974427e-02	2.57060962e-02	8.60795532e-01	4.04900324e-01	4.55895209e-01
719             	-2.54913417e-02	2.57023122e-02	8.60936563e-01	4.04976940e-01	4.55959623e-01
720             	-2.54851897e-02	2.56985367e-02	8.61077530e-01	4.05053575e-01	4.56023955e-01
721             	-2.54789841e-02	2.56947693e-02	8.61218427e-01	4.05130229e-01	4.56088197e-01
722             	-2.54727238e-02	2.56910099e-02	8.61359244e-01	4.05206898e-01	4.56152346e-01
723             	-2.54664057e-02	2.56872603e-02	8.61499995e-01	4.05283592e-01	4.56216403e-01
724             	-2.54605084e-02	2.56835684e-02	8.61633933e-01	4.05356458e-01	4.56277475e-01
725             	-2.54542089e-02	2.56797456e-02	8.61773494e-01	4.05432538e-01	4.56340956e-01
726             	-2.54475108e-02	2.56759241e-02	8.61917969e-01	4.05511474e-01	4.56406495e-01
727             	-2.54403489e-02	2.56722523e-02	8.62067105e-01	4.05593203e-01	4.56473901e-01
728             	-2.54329020e-02	2.56689629e-02	8.62215165e-01	4.05674680e-01	4.56540484e-01
729             	-2.54256468e-02	2.56655900e-02	8.62361238e-01	4.05754972e-01	4.56606266e-01
730             	-2.54186984e-02	2.56620818e-02	8.62503533e-01	4.05833068e-01	4.56670465e-01
731             	-2.54119937e-02	2.56584523e-02	8.62641822e-01	4.05908917e-01	4.56732905e-01
732             	-2.54055794e-02	2.56546168e-02	8.62776643e-01	4.05982742e-01	4.56793901e-01
733             	-2.53995737e-02	2.56507162e-02	8.62905579e-01	4.06053216e-01	4.56852363e-01
734             	-2.53942524e-02	2.56468483e-02	8.63023921e-01	4.06117708e-01	4.56906213e-01
735             	-2.53866671e-02	2.56425426e-02	8.63173242e-01	4.06199954e-01	4.56973288e-01
736             	-2.53779971e-02	2.56387244e-02	8.63334032e-01	4.06289019e-01	4.57045013e-01
737             	-2.53704125e-02	2.56354898e-02	8.63479255e-01	4.06369215e-01	4.57110040e-01
738             	-2.53626551e-02	2.56325214e-02	8.63624122e-01	4.06449406e-01	4.57174716e-01
739             	-2.53548327e-02	2.56295937e-02	8.63767528e-01	4.06528932e-01	4.57238597e-01
740             	-2.53469826e-02	2.56265619e-02	8.63909408e-01	4.06607722e-01	4.57301687e-01
741             	-2.53391535e-02	2.56233165e-02	8.64049891e-01	4.06685792e-01	4.57364099e-01
742             	-2.53313185e-02	2.56198722e-02	8.64189758e-01	4.06763560e-01	4.57426197e-01
743             	-2.53234572e-02	2.56162786e-02	8.64329620e-01	4.06841353e-01	4.57488267e-01
744             	-2.53155223e-02	2.56126427e-02	8.64470030e-01	4.06919493e-01	4.57550537e-01
745             	-2.53074918e-02	2.56090478e-02	8.64611151e-01	4.06998084e-01	4.57613067e-01
746             	-2.52993205e-02	2.56055663e-02	8.64753207e-01	4.07077283e-01	4.57675924e-01
747             	-2.52909957e-02	2.56022292e-02	8.64896046e-01	4.07157027e-01	4.57739019e-01
748             	-2.52825155e-02	2.55990340e-02	8.65039399e-01	4.07237184e-01	4.57802215e-01
749             	-2.52738705e-02	2.55959553e-02	8.65183217e-01	4.07317738e-01	4.57865479e-01
750             	-2.52650711e-02	2.55929559e-02	8.65327310e-01	4.07398584e-01	4.57928726e-01
751             	-2.52561289e-02	2.55899990e-02	8.65471574e-01	4.07479658e-01	4.57991916e-01
752             	-2.52470590e-02	2.55870553e-02	8.65615925e-01	4.07560904e-01	4.58055021e-01
753             	-2.52378902e-02	2.55841079e-02	8.65760154e-01	4.07642187e-01	4.58117967e-01
754             	-2.52286084e-02	2.55811495e-02	8.65904513e-01	4.07723648e-01	4.58180865e-01
755             	-2.52192252e-02	2.55781860e-02	8.66048962e-01	4.07805256e-01	4.58243706e-01
756             	-2.52097415e-02	2.55752257e-02	8.66193556e-01	4.07887037e-01	4.58306520e-01
757             	-2.52001584e-02	2.55722810e-02	8.66338307e-01	4.07968995e-01	4.58369312e-01
758             	-2.51904723e-02	2.55693644e-02	8.66483240e-01	4.08051147e-01	4.58432092e-01
759             	-2.51806762e-02	2.55664858e-02	8.66628383e-01	4.08133515e-01	4.58494868e-01
760             	-2.51707823e-02	2.55636464e-02	8.66773582e-01	4.08216009e-01	4.58557573e-01
761             	-2.51607640e-02	2.55608512e-02	8.66919059e-01	4.08298766e-01	4.58620294e-01
762             	-2.51506230e-02	2.55581000e-02	8.67064788e-01	4.08381771e-01	4.58683017e-01
763             	-2.51403561e-02	2.55553933e-02	8.67210780e-01	4.08465034e-01	4.58745746e-01
764             	-2.51299610e-02	2.55527317e-02	8.67357039e-01	4.08548558e-01	4.58808480e-01
765             	-2.51194451e-02	2.55501123e-02	8.67503515e-01	4.08632313e-01	4.58871203e-01
766             	-2.51088123e-02	2.55475325e-02	8.67650189e-01	4.08716282e-01	4.58933907e-01
767             	-2.50980644e-02	2.55449902e-02	8.67797052e-01	4.08800461e-01	4.58996590e-01
768             	-2.50872036e-02	2.55424835e-02	8.67944087e-01	4.08884840e-01	4.59059247e-01
769             	-2.50762327e-02	2.55400102e-02	8.68091281e-01	4.08969408e-01	4.59121873e-01
770             	-2.50651528e-02	2.55375682e-02	8.68238648e-01	4.09054171e-01	4.59184477e-01
771             	-2.50539613e-02	2.55351568e-02	8.68386229e-01	4.09139153e-01	4.59247076e-01
772             	-2.50426519e-02	2.55327773e-02	8.68534092e-01	4.09224394e-01	4.59309698e-01
773             	-2.50312286e-02	2.55304303e-02	8.68682209e-01	4.09309876e-01	4.59372333e-01
774             	-2.50196948e-02	2.55281167e-02	8.68830543e-01	4.09395577e-01	4.59434966e-01
775             	-2.50080532e-02	2.55258360e-02	8.68979073e-01	4.09481483e-01	4.59497590e-01
776             	-2.49963075e-02	2.55235869e-02	8.69127783e-01	4.09567584e-01	4.59560199e-01
777             	-2.49844575e-02	2.55213694e-02	8.69276678e-01	4.09653882e-01	4.59622797e-01
778             	-2.49725046e-02	2.55191834e-02	8.69425753e-01	4.09740372e-01	4.59685381e-01
779             	-2.49604471e-02	2.55170301e-02	8.69575024e-01	4.09827065e-01	4.59747959e-01
780             	-2.49482860e-02	2.55149096e-02	8.69724501e-01	4.09913964e-01	4.59810536e-01
781             	-2.49360225e-02	2.55128221e-02	8.69874189e-01	4.10001072e-01	4.59873117e-01
782             	-2.49236586e-02	2.55107682e-02	8.70024087e-01	4.10088385e-01	4.59935702e-01
783             	-2.49112166e-02	2.55087457e-02	8.70174029e-01	4.10175798e-01	4.59998231e-01
784             	-2.48986674e-02	2.55067571e-02	8.70324267e-01	4.10263466e-01	4.60060801e-01
785             	-2.48860120e-02	2.55048027e-02	8.70474800e-01	4.10351388e-01	4.60123412e-01
786             	-2.48732546e-02	2.55028828e-02	8.70625597e-01	4.10439544e-01	4.60186053e-01
787             	-2.48603966e-02	2.55009979e-02	8.70776641e-01	4.10527924e-01	4.60248717e-01
788             	-2.48474408e-02	2.54991473e-02	8.70927903e-01	4.10616511e-01	4.60311392e-01
789             	-2.48343928e-02	2.54973283e-02	8.71079344e-01	4.10705279e-01	4.60374065e-01
790             	-2.48212582e-02	2.54955368e-02	8.71230949e-01	4.10794217e-01	4.60436733e-01
791             	-2.48080428e-02	2.54937692e-02	8.71382704e-01	4.10883309e-01	4.60499395e-01
792             	-2.47947515e-02	2.54920230e-02	8.71534592e-01	4.10972545e-01	4.60562048e-01
793             	-2.47813883e-02	2.54902968e-02	8.71686607e-01	4.11061915e-01	4.60624692e-01
794             	-2.47679557e-02	2.54885895e-02	8.71838750e-01	4.11151419e-01	4.60687331e-01
795             	-2.47544538e-02	2.54869016e-02	8.71991046e-01	4.11241069e-01	4.60749977e-01
796             	-2.47408849e-02	2.54852333e-02	8.72143496e-01	4.11330863e-01	4.60812633e-01
797             	-2.47272504e-02	2.54835857e-02	8.72296100e-01	4.11420800e-01	4.60875300e-01
798             	-2.47135504e-02	2.54819603e-02	8.72448862e-01	4.11510881e-01	4.60937982e-01
799             	-2.46997841e-02	2.54803588e-02	8.72601788e-01	4.11601110e-01	4.61000678e-01
800             	-2.46859523e-02	2.54787812e-02	8.72754879e-01	4.11691487e-01	4.61063392e-01
801             	-2.46720579e-02	2.54772271e-02	8.72908120e-01	4.11782002e-01	4.61126118e-01
802             	-2.46581030e-02	2.54756952e-02	8.73061504e-01	4.11872649e-01	4.61188855e-01
803             	-2.46440911e-02	2.54741835e-02	8.73215018e-01	4.11963418e-01	4.61251600e-01
804             	-2.46300214e-02	2.54726911e-02	8.73368676e-01	4.12054317e-01	4.61314359e-01
805             	-2.46158931e-02	2.54712173e-02	8.73522488e-01	4.12145351e-01	4.61377137e-01
806             	-2.46017070e-02	2.54697614e-02	8.73676454e-01	4.12236520e-01	4.61439934e-01
807             	-2.45874683e-02	2.54683217e-02	8.73830554e-01	4.12327808e-01	4.61502745e-01
808             	-2.45731808e-02	2.54668966e-02	8.73984779e-01	4.12419209e-01	4.61565570e-01
809             	-2.45588519e-02	2.54654834e-02	8.74139101e-01	4.12510699e-01	4.61628403e-01
810             	-2.45444850e-02	2.54640799e-02	8.74293521e-01	4.12602276e-01	4.61691246e-01
811             	-2.45301896e-02	2.54626170e-02	8.74447786e-01	4.12693703e-01	4.61754083e-01
812             	-2.45159052e-02	2.54611340e-02	8.74602044e-01	4.12785117e-01	4.61816927e-01
813             	-2.45015886e-02	2.54596614e-02	8.74756391e-01	4.12876607e-01	4.61879784e-01
814             	-2.44872106e-02	2.54582202e-02	8.74910886e-01	4.12968232e-01	4.61942653e-01
815             	-2.44727554e-02	2.54568215e-02	8.75065557e-01	4.13060023e-01	4.62005534e-01
816             	-2.44582168e-02	2.54554677e-02	8.75220433e-01	4.13152000e-01	4.62068433e-01
817             	-2.44436025e-02	2.54541534e-02	8.75375498e-01	4.13244147e-01	4.62131352e-01
818             	-2.44289265e-02	2.54528681e-02	8.75530730e-01	4.13336438e-01	4.62194292e-01
819             	-2.44142104e-02	2.54515987e-02	8.75686078e-01	4.13428829e-01	4.62257249e-01
820             	-2.43994731e-02	2.54503339e-02	8.75841502e-01	4.13521278e-01	4.62320224e-01
821             	-2.43847293e-02	2.54490654e-02	8.75996978e-01	4.13613760e-01	4.62383218e-01
822             	-2.43699901e-02	2.54477874e-02	8.76152482e-01	4.13706251e-01	4.62446231e-01
823             	-2.43552627e-02	2.54464973e-02	8.76307996e-01	4.13798735e-01	4.62509261e-01
824             	-2.43406686e-02	2.54451217e-02	8.76463204e-01	4.13890933e-01	4.62572270e-01
825             	-2.43261414e-02	2.54437026e-02	8.76618259e-01	4.13982988e-01	4.62635271e-01
826             	-2.43116290e-02	2.54422742e-02	8.76773284e-01	4.14075013e-01	4.62698271e-01
827             	-2.42970921e-02	2.54408627e-02	8.76928365e-01	4.14167090e-01	4.62761275e-01
828             	-2.42825047e-02	2.54394836e-02	8.77083570e-01	4.14259280e-01	4.62824289e-01
829             	-2.42678585e-02	2.54381404e-02	8.77238923e-01	4.14351603e-01	4.62887320e-01
830             	-2.42531566e-02	2.54368286e-02	8.77394426e-01	4.14444056e-01	4.62950369e-01
831             	-2.42384095e-02	2.54355391e-02	8.77550070e-01	4.14536626e-01	4.63013445e-01
832             	-2.42236337e-02	2.54342602e-02	8.77705834e-01	4.14629283e-01	4.63076551e-01
833             	-2.42088504e-02	2.54329793e-02	8.77861669e-01	4.14721984e-01	4.63139685e-01
834             	-2.41942012e-02	2.54316120e-02	8.78017219e-01	4.14814408e-01	4.63202811e-01
835             	-2.41796402e-02	2.54301884e-02	8.78172578e-01	4.14906649e-01	4.63265929e-01
836             	-2.41651284e-02	2.54287368e-02	8.78327840e-01	4.14998792e-01	4.63329048e-01
837             	-2.41506326e-02	2.54272798e-02	8.78483083e-01	4.15090909e-01	4.63392174e-01
838             	-2.41361321e-02	2.54258317e-02	8.78638346e-01	4.15183041e-01	4.63455305e-01
839             	-2.41216158e-02	2.54243986e-02	8.78793659e-01	4.15275214e-01	4.63518445e-01
840             	-2.41070806e-02	2.54229802e-02	8.78949038e-01	4.15367438e-01	4.63581600e-01
841             	-2.40925307e-02	2.54215713e-02	8.79104484e-01	4.15459711e-01	4.63644773e-01
842             	-2.40780958e-02	2.54200913e-02	8.79259680e-01	4.15551744e-01	4.63707936e-01
843             	-2.40637255e-02	2.54185705e-02	8.79414734e-01	4.15643642e-01	4.63771093e-01
844             	-2.40493865e-02	2.54170320e-02	8.79569717e-01	4.15735472e-01	4.63834245e-01
845             	-2.40350568e-02	2.54154915e-02	8.79724674e-01	4.15827280e-01	4.63897394e-01
846             	-2.40207240e-02	2.54139573e-02	8.79879644e-01	4.15919098e-01	4.63960546e-01
847             	-2.40063850e-02	2.54124308e-02	8.80034650e-01	4.16010940e-01	4.64023710e-01
848             	-2.39920449e-02	2.54109079e-02	8.80189687e-01	4.16102799e-01	4.64086888e-01
849             	-2.39778379e-02	2.54093070e-02	8.80344423e-01	4.16194374e-01	4.64150050e-01
850             	-2.39637141e-02	2.54076582e-02	8.80498975e-01	4.16285774e-01	4.64213202e-01
851             	-2.39496381e-02	2.54059849e-02	8.80653424e-01	4.16377074e-01	4.64276350e-01
852             	-2.39355836e-02	2.54043037e-02	8.80807839e-01	4.16468336e-01	4.64339503e-01
853             	-2.39215356e-02	2.54026238e-02	8.80962259e-01	4.16559594e-01	4.64402665e-01
854             	-2.39074882e-02	2.54009476e-02	8.81116700e-01	4.16650862e-01	4.64465838e-01
855             	-2.38934444e-02	2.53992724e-02	8.81271155e-01	4.16742133e-01	4.64529022e-01
856             	-2.38795354e-02	2.53975177e-02	8.81425300e-01	4.16833115e-01	4.64592185e-01
857             	-2.38657096e-02	2.53957137e-02	8.81579255e-01	4.16923918e-01	4.64655337e-01
858             	-2.38519324e-02	2.53938832e-02	8.81733096e-01	4.17014616e-01	4.64718481e-01
859             	-2.38381796e-02	2.53920418e-02	8.81886882e-01	4.17105262e-01	4.64781621e-01
860             	-2.38244379e-02	2.53901977e-02	8.82040651e-01	4.17195888e-01	4.64844764e-01
861             	-2.38107051e-02	2.53883520e-02	8.82194412e-01	4.17286501e-01	4.64907911e-01
862             	-2.37971113e-02	2.53864269e-02	8.82347843e-01	4.17376810e-01	4.64971033e-01
863             	-2.37836057e-02	2.53844527e-02	8.82501055e-01	4.17466922e-01	4.65034133e-01
864             	-2.37701525e-02	2.53824520e-02	8.82654128e-01	4.17556911e-01	4.65097217e-01
865             	-2.37567257e-02	2.53804409e-02	8.82807125e-01	4.17646837e-01	4.65160288e-01
866             	-2.37433095e-02	2.53784286e-02	8.82960083e-01	4.17736732e-01	4.65223351e-01
867             	-2.37300203e-02	2.53763435e-02	8.83112743e-01	4.17826351e-01	4.65286392e-01
868             	-2.37168001e-02	2.53742198e-02	8.83265236e-01	4.17915818e-01	4.65349418e-01
869             	-2.37036118e-02	2.53720803e-02	8.83417651e-01	4.18005214e-01	4.65412438e-01
870             	-2.36904341e-02	2.53699390e-02	8.83570038e-01	4.18094585e-01	4.65475453e-01
871             	-2.36772591e-02	2.53678007e-02	8.83722413e-01	4.18183948e-01	4.65538466e-01
872             	-2.36642130e-02	2.53655895e-02	8.83874469e-01	4.18273022e-01	4.65601448e-01
873             	-2.36512408e-02	2.53633373e-02	8.84026335e-01	4.18361927e-01	4.65664408e-01
874             	-2.36383084e-02	2.53610652e-02	8.84178087e-01	4.18450735e-01	4.65727352e-01
875             	-2.36253939e-02	2.53587872e-02	8.84329775e-01	4.18539494e-01	4.65790282e-01
876             	-2.36124890e-02	2.53565082e-02	8.84481417e-01	4.18628219e-01	4.65853197e-01
877             	-2.35997184e-02	2.53541524e-02	8.84632713e-01	4.18716638e-01	4.65916075e-01
878             	-2.35870260e-02	2.53517519e-02	8.84783791e-01	4.18804870e-01	4.65978922e-01
879             	-2.35743761e-02	2.53493287e-02	8.84934737e-01	4.18892993e-01	4.66041745e-01
880             	-2.35617445e-02	2.53468973e-02	8.85085614e-01	4.18981063e-01	4.66104552e-01
881             	-2.35491191e-02	2.53444644e-02	8.85236457e-01	4.19069109e-01	4.66167347e-01
882             	-2.35366239e-02	2.53419550e-02	8.85386975e-01	4.19156864e-01	4.66230111e-01
883             	-2.35242007e-02	2.53394026e-02	8.85537302e-01	4.19244450e-01	4.66292852e-01
884             	-2.35118122e-02	2.53368299e-02	8.85687523e-01	4.19331949e-01	4.66355573e-01
885             	-2.34994358e-02	2.53342510e-02	8.85837683e-01	4.19419406e-01	4.66418278e-01
886             	-2.34871864e-02	2.53315973e-02	8.85987512e-01	4.19506570e-01	4.66480943e-01
887             	-2.34750006e-02	2.53289069e-02	8.86137137e-01	4.19593568e-01	4.66543569e-01
888             	-2.34628381e-02	2.53262051e-02	8.86286641e-01	4.19680482e-01	4.66606159e-01
889             	-2.34506713e-02	2.53235079e-02	8.86436100e-01	4.19767379e-01	4.66668721e-01
890             	-2.34386147e-02	2.53207458e-02	8.86585269e-01	4.19854020e-01	4.66731249e-01
891             	-2.34266015e-02	2.53179565e-02	8.86734308e-01	4.19940552e-01	4.66793755e-01
892             	-2.34145938e-02	2.53151636e-02	8.86883303e-01	4.20027058e-01	4.66856245e-01
893             	-2.34025715e-02	2.53123797e-02	8.87032301e-01	4.20113579e-01	4.66918722e-01
894             	-2.33906580e-02	2.53095314e-02	8.87181020e-01	4.20199852e-01	4.66981168e-01
895             	-2.33787915e-02	2.53066545e-02	8.87329587e-01	4.20286002e-01	4.67043585e-01
896             	-2.33669373e-02	2.53037704e-02	8.87478066e-01	4.20372096e-01	4.67105970e-01
897             	-2.33550783e-02	2.53008894e-02	8.87626482e-01	4.20458163e-01	4.67168320e-01
898             	-2.33433382e-02	2.52979368e-02	8.87774557e-01	4.20543940e-01	4.67230616e-01
899             	-2.33316532e-02	2.52949480e-02	8.87922433e-01	4.20629563e-01	4.67292870e-01
900             	-2.33199843e-02	2.52919465e-02	8.88070199e-01	4.20715115e-01	4.67355084e-01
901             	-2.33083100e-02	2.52889459e-02	8.88217904e-01	4.20800642e-01	4.67417262e-01
902             	-2.32967475e-02	2.52858767e-02	8.88365288e-01	4.20885897e-01	4.67479391e-01
903             	-2.32852288e-02	2.52827772e-02	8.88512505e-01	4.20971024e-01	4.67541481e-01
904             	-2.32737135e-02	2.52796721e-02	8.88659642e-01	4.21056108e-01	4.67603535e-01
905             	-2.32621781e-02	2.52765758e-02	8.88806759e-01	4.21141201e-01	4.67665557e-01
906             	-2.32507423e-02	2.52734173e-02	8.88953586e-01	4.21226051e-01	4.67727535e-01
907             	-2.32393430e-02	2.52702330e-02	8.89100260e-01	4.21310787e-01	4.67789473e-01
908             	-2.32279434e-02	2.52670453e-02	8.89246856e-01	4.21395485e-01	4.67851372e-01
909             	-2.32165239e-02	2.52638658e-02	8.89393422e-01	4.21480187e-01	4.67913235e-01
910             	-2.32052053e-02	2.52606225e-02	8.89539686e-01	4.21564638e-01	4.67975048e-01
911             	-2.31939221e-02	2.52573524e-02	8.89685796e-01	4.21648976e-01	4.68036820e-01
912             	-2.31826328e-02	2.52540794e-02	8.89831861e-01	4.21733298e-01	4.68098564e-01
913             	-2.31714409e-02	2.52507436e-02	8.89977645e-01	4.21817382e-01	4.68160264e-01
914             	-2.31602695e-02	2.52473894e-02	8.90123298e-01	4.21901379e-01	4.68221918e-01
915             	-2.31490734e-02	2.52440450e-02	8.90268903e-01	4.21985378e-01	4.68283525e-01
916             	-2.31379558e-02	2.52406494e-02	8.90414226e-01	4.22069157e-01	4.68345069e-01
917             	-2.31268373e-02	2.52372472e-02	8.90559445e-01	4.22152885e-01	4.68406560e-01
918             	-2.31156753e-02	2.52338642e-02	8.90704658e-01	4.22236654e-01	4.68468004e-01
919             	-2.31044505e-02	2.52305117e-02	8.90849923e-01	4.22320511e-01	4.68529412e-01
920             	-2.30932879e-02	2.52271152e-02	8.90994971e-01	4.22404197e-01	4.68590773e-01
921             	-2.30821298e-02	2.52237070e-02	8.91139932e-01	4.22487836e-01	4.68652096e-01
922             	-2.30709482e-02	2.52203044e-02	8.91284862e-01	4.22571483e-01	4.68713379e-01
923             	-2.30598585e-02	2.52168407e-02	8.91429488e-01	4.22654885e-01	4.68774602e-01
924             	-2.30487873e-02	2.52133578e-02	8.91573961e-01	4.22738193e-01	4.68835768e-01
925             	-2.30376902e-02	2.52098818e-02	8.91718388e-01	4.22821504e-01	4.68896884e-01
926             	-2.30266685e-02	2.52063525e-02	8.91862550e-01	4.22904607e-01	4.68957944e-01
927             	-2.30156406e-02	2.52028168e-02	8.92006625e-01	4.22987672e-01	4.69018953e-01
928             	-2.30045600e-02	2.51993025e-02	8.92150719e-01	4.23070799e-01	4.69079919e-01
929             	-2.29935304e-02	2.51957489e-02	8.92294606e-01	4.23153773e-01	4.69140834e-01
930             	-2.29824527e-02	2.51922023e-02	8.92438645e-01	4.23236870e-01	4.69201775e-01
931             	-2.29713144e-02	2.51886869e-02	8.92582673e-01	4.23320022e-01	4.69262651e-01
932             	-2.29602282e-02	2.51851358e-02	8.92726431e-01	4.23402987e-01	4.69323444e-01
933             	-2.29491223e-02	2.51815879e-02	8.92870079e-01	4.23485917e-01	4.69384162e-01
934             	-2.29379612e-02	2.51780630e-02	8.93013703e-01	4.23568891e-01	4.69444813e-01
935             	-2.29268565e-02	2.51744943e-02	8.93157079e-01	4.23651683e-01	4.69505396e-01
936             	-2.29157314e-02	2.51709243e-02	8.93300398e-01	4.23734468e-01	4.69565930e-01
937             	-2.29045464e-02	2.51673774e-02	8.93443763e-01	4.23817335e-01	4.69626428e-01
938             	-2.28934115e-02	2.51637907e-02	8.93586929e-01	4.23900053e-01	4.69686876e-01
939             	-2.28822489e-02	2.51602083e-02	8.93730070e-01	4.23982786e-01	4.69747284e-01
940             	-2.28710176e-02	2.51566553e-02	8.93873279e-01	4.24065622e-01	4.69807657e-01
941             	-2.28598281e-02	2.51530674e-02	8.94016305e-01	4.24148325e-01	4.69867981e-01
942             	-2.28486039e-02	2.51494877e-02	8.94159304e-01	4.24231048e-01	4.69928256e-01
943             	-2.28373073e-02	2.51459388e-02	8.94302351e-01	4.24313868e-01	4.69988483e-01
944             	-2.28260489e-02	2.51423555e-02	8.94445195e-01	4.24396549e-01	4.70048646e-01
945             	-2.28147512e-02	2.51387800e-02	8.94588010e-01	4.24479254e-01	4.70108756e-01
946             	-2.28035071e-02	2.51351588e-02	8.94730591e-01	4.24561789e-01	4.70168803e-01
947             	-2.27922212e-02	2.51315473e-02	8.94873136e-01	4.24644347e-01	4.70228789e-01
948             	-2.27808422e-02	2.51279772e-02	8.95015755e-01	4.24727035e-01	4.70288720e-01
949             	-2.27694789e-02	2.51243859e-02	8.95158214e-01	4.24809628e-01	4.70348586e-01
950             	-2.27580499e-02	2.51208189e-02	8.95300707e-01	4.24892304e-01	4.70408403e-01
951             	-2.27465192e-02	2.51172985e-02	8.95443316e-01	4.24975139e-01	4.70468177e-01
952             	-2.27350076e-02	2.51137554e-02	8.95585775e-01	4.25057880e-01	4.70527895e-01
953             	-2.27234423e-02	2.51102299e-02	8.95728250e-01	4.25140683e-01	4.70587567e-01
954             	-2.27119242e-02	2.51066639e-02	8.95870520e-01	4.25223336e-01	4.70647184e-01
955             	-2.27003579e-02	2.51031115e-02	8.96012791e-01	4.25306038e-01	4.70706754e-01
956             	-2.26886938e-02	2.50996033e-02	8.96155166e-01	4.25388889e-01	4.70766277e-01
957             	-2.26770446e-02	2.50960746e-02	8.96297387e-01	4.25471649e-01	4.70825738e-01
958             	-2.26653268e-02	2.50925713e-02	8.96439638e-01	4.25554492e-01	4.70885146e-01
959             	-2.26535015e-02	2.50891164e-02	8.96582006e-01	4.25637502e-01	4.70944505e-01
960             	-2.26416895e-02	2.50856399e-02	8.96724228e-01	4.25720424e-01	4.71003803e-01
961             	-2.26298154e-02	2.50821834e-02	8.96866475e-01	4.25803422e-01	4.71063053e-01
962             	-2.26179793e-02	2.50786896e-02	8.97008533e-01	4.25886287e-01	4.71122246e-01
963             	-2.26060842e-02	2.50752142e-02	8.97150614e-01	4.25969223e-01	4.71181391e-01
964             	-2.25940798e-02	2.50717881e-02	8.97292827e-01	4.26052334e-01	4.71240493e-01
965             	-2.25820790e-02	2.50683472e-02	8.97434925e-01	4.26135384e-01	4.71299542e-01
966             	-2.25700004e-02	2.50649375e-02	8.97577083e-01	4.26218541e-01	4.71358542e-01
967             	-2.25579439e-02	2.50615023e-02	8.97719075e-01	4.26301593e-01	4.71417481e-01
968             	-2.25458134e-02	2.50580961e-02	8.97861106e-01	4.26384740e-01	4.71476366e-01
969             	-2.25335608e-02	2.50547476e-02	8.98003285e-01	4.26468082e-01	4.71535203e-01
970             	-2.25213041e-02	2.50513894e-02	8.98145350e-01	4.26551371e-01	4.71593979e-01
971             	-2.25089649e-02	2.50480645e-02	8.98287474e-01	4.26634772e-01	4.71652702e-01
972             	-2.24966460e-02	2.50447141e-02	8.98429439e-01	4.26718074e-01	4.71711366e-01
973             	-2.24842494e-02	2.50413927e-02	8.98571471e-01	4.26801486e-01	4.71769985e-01
974             	-2.24717295e-02	2.50381285e-02	8.98713670e-01	4.26885106e-01	4.71828565e-01
975             	-2.24592071e-02	2.50348535e-02	8.98855765e-01	4.26968675e-01	4.71887089e-01
976             	-2.24466054e-02	2.50316110e-02	8.98997917e-01	4.27052353e-01	4.71945564e-01
977             	-2.24340302e-02	2.50283410e-02	8.99139890e-01	4.27135915e-01	4.72003975e-01
978             	-2.24213849e-02	2.50250977e-02	8.99281896e-01	4.27219563e-01	4.72062333e-01
979             	-2.24086195e-02	2.50219102e-02	8.99424061e-01	4.27303411e-01	4.72120650e-01
980             	-2.23958514e-02	2.50187119e-02	8.99566119e-01	4.27387208e-01	4.72178911e-01
981             	-2.23829978e-02	2.50155494e-02	8.99708260e-01	4.27471132e-01	4.72237128e-01
982             	-2.23701615e-02	2.50123650e-02	8.99850256e-01	4.27554966e-01	4.72295289e-01
983             	-2.23572462e-02	2.50092128e-02	8.99992315e-01	4.27638911e-01	4.72353404e-01
984             	-2.23442057e-02	2.50061213e-02	9.00134540e-01	4.27723065e-01	4.72411476e-01
985             	-2.23311582e-02	2.50030232e-02	9.00276673e-01	4.27807179e-01	4.72469495e-01
986             	-2.23180251e-02	2.49999621e-02	9.00418887e-01	4.27891418e-01	4.72527469e-01
987             	-2.23049118e-02	2.49968788e-02	9.00560946e-01	4.27975561e-01	4.72585385e-01
988             	-2.22917227e-02	2.49938270e-02	9.00703057e-01	4.28059806e-01	4.72643251e-01
989             	-2.22784112e-02	2.49908344e-02	9.00845330e-01	4.28144254e-01	4.72701076e-01
990             	-2.22650960e-02	2.49878335e-02	9.00987503e-01	4.28228656e-01	4.72758848e-01
991             	-2.22516993e-02	2.49848677e-02	9.01129749e-01	4.28313175e-01	4.72816574e-01
992             	-2.22383241e-02	2.49818786e-02	9.01271844e-01	4.28397598e-01	4.72874246e-01
993             	-2.22248764e-02	2.49789195e-02	9.01413990e-01	4.28482118e-01	4.72931871e-01
994             	-2.22113095e-02	2.49760187e-02	9.01556289e-01	4.28566835e-01	4.72989454e-01
995             	-2.21977392e-02	2.49731108e-02	9.01698487e-01	4.28651504e-01	4.73046983e-01
996             	-2.21840872e-02	2.49702394e-02	9.01840756e-01	4.28736291e-01	4.73104465e-01
997             	-2.21704559e-02	2.49673465e-02	9.01982875e-01	4.28820981e-01	4.73161893e-01
998             	-2.21567521e-02	2.49644847e-02	9.02125048e-01	4.28905772e-01	4.73219276e-01
999             	-2.21429278e-02	2.49616828e-02	9.02267389e-01	4.28990767e-01	4.73276623e-01
1000            	-2.21290978e-02	2.49588761e-02	9.02409648e-01	4.29075726e-01	4.73333922e-01
1001            	-2.21151857e-02	2.49561072e-02	9.02551990e-01	4.29160809e-01	4.73391181e-01
1002            	-2.21012952e-02	2.49533177e-02	9.02694189e-01	4.29245799e-01	4.73448390e-01
1003            	-2.20873356e-02	2.49505594e-02	9.02836438e-01	4.29330883e-01	4.73505554e-01
1004            	-2.20733982e-02	2.49477813e-02	9.02978536e-01	4.29415870e-01	4.73562666e-01
1005            	-2.20593805e-02	2.49450414e-02	9.03120707e-01	4.29500973e-01	4.73619734e-01
1006            	-2.20452332e-02	2.49423695e-02	9.03263056e-01	4.29586295e-01	4.73676761e-01
1007            	-2.20310729e-02	2.49396998e-02	9.03405327e-01	4.29671591e-01	4.73733737e-01
1008            	-2.20168256e-02	2.49370726e-02	9.03547685e-01	4.29757017e-01	4.73790668e-01
1009            	-2.20025982e-02	2.49344275e-02	9.03689896e-01	4.29842350e-01	4.73847546e-01
1010            	-2.19883035e-02	2.49318138e-02	9.03832149e-01	4.29927771e-01	4.73904378e-01
1011            	-2.19740372e-02	2.49291778e-02	9.03974239e-01	4.30013082e-01	4.73961157e-01
1012            	-2.19597035e-02	2.49265743e-02	9.04116372e-01	4.30098483e-01	4.74017889e-01
1013            	-2.19452544e-02	2.49240322e-02	9.04258657e-01	4.30184074e-01	4.74074583e-01
1014            	-2.19308045e-02	2.49214870e-02	9.04400852e-01	4.30269621e-01	4.74131230e-01
1015            	-2.19162784e-02	2.49189805e-02	9.04543121e-01	4.30355282e-01	4.74187839e-01
1016            	-2.19017801e-02	2.49164548e-02	9.04685242e-01	4.30440841e-01	4.74244401e-01
1017            	-2.18872227e-02	2.49139588e-02	9.04827393e-01	4.30526474e-01	4.74300919e-01
1018            	-2.18727007e-02	2.49114405e-02	9.04969365e-01	4.30611982e-01	4.74357383e-01
1019            	-2.18581147e-02	2.49089556e-02	9.05111370e-01	4.30697570e-01	4.74413800e-01
1020            	-2.18435518e-02	2.49064558e-02	9.05253223e-01	4.30783060e-01	4.74470163e-01
1021            	-2.18289102e-02	2.49039979e-02	9.05395147e-01	4.30868663e-01	4.74526484e-01
1022            	-2.18142789e-02	2.49015322e-02	9.05536951e-01	4.30954196e-01	4.74582754e-01
1023            	-2.17995584e-02	2.48991148e-02	9.05678846e-01	4.31039865e-01	4.74638982e-01
1024            	-2.17847055e-02	2.48967714e-02	9.05820928e-01	4.31125759e-01	4.74695170e-01
1025            	-2.17685939e-02	2.48946612e-02	9.05970984e-01	4.31216898e-01	4.74754086e-01
1026            	-2.17529478e-02	2.48926250e-02	9.06117236e-01	4.31305670e-01	4.74811566e-01
1027            	-2.17389630e-02	2.48903140e-02	9.06252554e-01	4.31387314e-01	4.74865240e-01
1028            	-2.17249654e-02	2.48878532e-02	9.06388034e-01	4.31469052e-01	4.74918982e-01
1029            	-2.17097539e-02	2.48854149e-02	9.06532096e-01	4.31556294e-01	4.74975802e-01
1030            	-2.16946953e-02	2.48830027e-02	9.06674988e-01	4.31642798e-01	4.75032189e-01
1031            	-2.16798227e-02	2.48806009e-02	9.06816785e-01	4.31728570e-01	4.75088215e-01
1032            	-2.16649884e-02	2.48782701e-02	9.06957917e-01	4.31813970e-01	4.75143947e-01
1033            	-2.16502531e-02	2.48759416e-02	9.07098371e-01	4.31898933e-01	4.75199439e-01
1034            	-2.16354849e-02	2.48736542e-02	9.07238560e-01	4.31983795e-01	4.75254765e-01
1035            	-2.16207505e-02	2.48713419e-02	9.07378500e-01	4.32068499e-01	4.75310000e-01
1036            	-2.16059187e-02	2.48690601e-02	9.07518633e-01	4.32153398e-01	4.75365235e-01
1037            	-2.15910575e-02	2.48667638e-02	9.07658965e-01	4.32238425e-01	4.75420540e-01
1038            	-2.15760452e-02	2.48645233e-02	9.07799850e-01	4.32323880e-01	4.75475970e-01
1039            	-2.15609733e-02	2.48622963e-02	9.07941118e-01	4.32409586e-01	4.75531532e-01
1040            	-2.15457533e-02	2.48601435e-02	9.08082898e-01	4.32495695e-01	4.75587202e-01
1041            	-2.15305072e-02	2.48580069e-02	9.08224824e-01	4.32581905e-01	4.75642919e-01
1042            	-2.15151698e-02	2.48559300e-02	9.08366900e-01	4.32668280e-01	4.75698620e-01
1043            	-2.14998748e-02	2.48538403e-02	9.08508718e-01	4.32754484e-01	4.75754234e-01
1044            	-2.14845550e-02	2.48517749e-02	9.08650329e-01	4.32840610e-01	4.75809720e-01
1045            	-2.14693308e-02	2.48496637e-02	9.08791435e-01	4.32926387e-01	4.75865048e-01
1046            	-2.14541158e-02	2.48475529e-02	9.08932211e-01	4.33011990e-01	4.75920221e-01
1047            	-2.14390077e-02	2.48453857e-02	9.09072492e-01	4.33097238e-01	4.75975254e-01
1048            	-2.14238949e-02	2.48432239e-02	9.09212582e-01	4.33182396e-01	4.76030186e-01
1049            	-2.14088553e-02	2.48410246e-02	9.09352394e-01	4.33267342e-01	4.76085052e-01
1050            	-2.13937679e-02	2.48388572e-02	9.09492250e-01	4.33352357e-01	4.76139893e-01
1051            	-2.13777902e-02	2.48367953e-02	9.09637735e-01	4.33441077e-01	4.76196658e-01
1052            	-2.13629690e-02	2.48347250e-02	9.09775427e-01	4.33524744e-01	4.76250682e-01
1053            	-2.13482168e-02	2.48325870e-02	9.09912837e-01	4.33608201e-01	4.76304635e-01
1054            	-2.13324380e-02	2.48305467e-02	9.10056468e-01	4.33695796e-01	4.76360672e-01
1055            	-2.13177987e-02	2.48284033e-02	9.10192988e-01	4.33778695e-01	4.76414293e-01
1056            	-2.13021448e-02	2.48263508e-02	9.10335678e-01	4.33865694e-01	4.76469984e-01
1057            	-2.12875808e-02	2.48241945e-02	9.10471605e-01	4.33948222e-01	4.76523383e-01
1058            	-2.12719810e-02	2.48221316e-02	9.10613836e-01	4.34034937e-01	4.76578899e-01
1059            	-2.12574217e-02	2.48199741e-02	9.10749623e-01	4.34117390e-01	4.76632233e-01
1060            	-2.12418106e-02	2.48179222e-02	9.10891781e-01	4.34204080e-01	4.76687701e-01
1061            	-2.12272175e-02	2.48157853e-02	9.11027619e-01	4.34286592e-01	4.76741027e-01
1062            	-2.12115703e-02	2.48137637e-02	9.11169799e-01	4.34373329e-01	4.76796470e-01
1063            	-2.11960649e-02	2.48117724e-02	9.11311064e-01	4.34459467e-01	4.76851597e-01
1064            	-2.11815248e-02	2.48097212e-02	9.11445919e-01	4.34541435e-01	4.76904484e-01
1065            	-2.11660845e-02	2.48076797e-02	9.11586653e-01	4.34627242e-01	4.76959411e-01
1066            	-2.11515391e-02	2.48055666e-02	9.11721550e-01	4.34709236e-01	4.77012314e-01
1067            	-2.11360479e-02	2.48034838e-02	9.11862657e-01	4.34795281e-01	4.77067376e-01
1068            	-2.11205677e-02	2.48014818e-02	9.12003349e-01	4.34881107e-01	4.77122242e-01
1069            	-2.11061127e-02	2.47993781e-02	9.12137722e-01	4.34962748e-01	4.77174974e-01
1070            	-2.10906651e-02	2.47973606e-02	9.12278137e-01	4.35048403e-01	4.77229734e-01
1071            	-2.10753378e-02	2.47953514e-02	9.12417873e-01	4.35133599e-01	4.77284274e-01
1072            	-2.10609168e-02	2.47932749e-02	9.12551643e-01	4.35214905e-01	4.77336739e-01
1073            	-2.10456083e-02	2.47912127e-02	9.12691256e-01	4.35300020e-01	4.77391236e-01
1074            	-2.10302987e-02	2.47892076e-02	9.12830568e-01	4.35384985e-01	4.77445583e-01
1075            	-2.10151319e-02	2.47871960e-02	9.12969069e-01	4.35469403e-01	4.77499667e-01
1076            	-2.10008585e-02	2.47850987e-02	9.13101722e-01	4.35550003e-01	4.77551720e-01
1077            	-2.09857166e-02	2.47829943e-02	9.13240173e-01	4.35634370e-01	4.77605803e-01
1078            	-2.09705355e-02	2.47809432e-02	9.13378607e-01	4.35718768e-01	4.77659839e-01
1079            	-2.09554538e-02	2.47788956e-02	9.13516516e-01	4.35802804e-01	4.77713712e-01
1080            	-2.09412187e-02	2.47767812e-02	9.13648848e-01	4.35883205e-01	4.77765643e-01
1081            	-2.09261114e-02	2.47746783e-02	9.13786970e-01	4.35967373e-01	4.77819596e-01
1082            	-2.09109541e-02	2.47726423e-02	9.13925110e-01	4.36051601e-01	4.77873509e-01
1083            	-2.08958970e-02	2.47706153e-02	9.14062695e-01	4.36135451e-01	4.77927245e-01
1084            	-2.08808830e-02	2.47686286e-02	9.14199680e-01	4.36218957e-01	4.77980723e-01
1085            	-2.08668218e-02	2.47664898e-02	9.14330862e-01	4.36298609e-01	4.78032253e-01
1086            	-2.08518341e-02	2.47643808e-02	9.14467863e-01	4.36382098e-01	4.78085766e-01
1087            	-2.08368857e-02	2.47622641e-02	9.14604820e-01	4.36465524e-01	4.78139296e-01
1088            	-2.08219200e-02	2.47602074e-02	9.14741598e-01	4.36548879e-01	4.78192719e-01
1089            	-2.08070733e-02	2.47581467e-02	9.14877732e-01	4.36631793e-01	4.78245939e-01
1090            	-2.07922669e-02	2.47561130e-02	9.15013323e-01	4.36714395e-01	4.78298929e-01
1091            	-2.07783554e-02	2.47539275e-02	9.15143487e-01	4.36793388e-01	4.78350099e-01
1092            	-2.07635613e-02	2.47517654e-02	9.15279231e-01	4.36876054e-01	4.78403177e-01
1093            	-2.07487763e-02	2.47496044e-02	9.15415117e-01	4.36958782e-01	4.78456335e-01
1094            	-2.07339438e-02	2.47475164e-02	9.15550995e-01	4.37041554e-01	4.78509441e-01
1095            	-2.07192044e-02	2.47454392e-02	9.15686352e-01	4.37123972e-01	4.78562381e-01
1096            	-2.07044887e-02	2.47434001e-02	9.15821232e-01	4.37206127e-01	4.78615105e-01
1097            	-2.06898853e-02	2.47413204e-02	9.15955537e-01	4.37287883e-01	4.78667654e-01
1098            	-2.06753229e-02	2.47392289e-02	9.16089372e-01	4.37369363e-01	4.78720009e-01
1099            	-2.06608840e-02	2.47370649e-02	9.16222678e-01	4.37450455e-01	4.78772223e-01
1100            	-2.06464535e-02	2.47348873e-02	9.16355800e-01	4.37531447e-01	4.78824354e-01
1101            	-2.06321060e-02	2.47326582e-02	9.16488674e-01	4.37612231e-01	4.78876443e-01
1102            	-2.06177274e-02	2.47304486e-02	9.16621581e-01	4.37693063e-01	4.78928518e-01
1103            	-2.06033987e-02	2.47282215e-02	9.16754377e-01	4.37773790e-01	4.78980587e-01
1104            	-2.05890179e-02	2.47260384e-02	9.16887258e-01	4.37854611e-01	4.79032647e-01
1105            	-2.05746777e-02	2.47238490e-02	9.17020013e-01	4.37935329e-01	4.79084684e-01
1106            	-2.05602859e-02	2.47217018e-02	9.17152806e-01	4.38016117e-01	4.79136689e-01
1107            	-2.05459431e-02	2.47195367e-02	9.17285408e-01	4.38096761e-01	4.79188647e-01
1108            	-2.05315638e-02	2.47173973e-02	9.17417969e-01	4.38177420e-01	4.79240548e-01
1109            	-2.05172487e-02	2.47152243e-02	9.17550275e-01	4.38257889e-01	4.79292386e-01
1110            	-2.05029108e-02	2.47130649e-02	9.17682493e-01	4.38338336e-01	4.79344157e-01
1111            	-2.04886489e-02	2.47108650e-02	9.17814417e-01	4.38418560e-01	4.79395857e-01
1112            	-2.04743748e-02	2.47086758e-02	9.17946213e-01	4.38498732e-01	4.79447481e-01
1113            	-2.04601815e-02	2.47064475e-02	9.18077697e-01	4.38578667e-01	4.79499030e-01
1114            	-2.04459749e-02	2.47042337e-02	9.18209062e-01	4.38658556e-01	4.79550506e-01
1115            	-2.04318445e-02	2.47019862e-02	9.18340134e-01	4.38738223e-01	4.79601911e-01
1116            	-2.04176948e-02	2.46997583e-02	9.18471109e-01	4.38817860e-01	4.79653249e-01
1117            	-2.04036139e-02	2.46975014e-02	9.18601819e-01	4.38897296e-01	4.79704523e-01
1118            	-2.03895067e-02	2.46952677e-02	9.18732458e-01	4.38976722e-01	4.79755736e-01
1119            	-2.03754627e-02	2.46930072e-02	9.18862850e-01	4.39055962e-01	4.79806887e-01
1120            	-2.03613892e-02	2.46907701e-02	9.18993181e-01	4.39135202e-01	4.79857980e-01
1121            	-2.03473748e-02	2.46885063e-02	9.19123283e-01	4.39214267e-01	4.79909016e-01
1122            	-2.03333282e-02	2.46862654e-02	9.19253340e-01	4.39293342e-01	4.79959998e-01
1123            	-2.03193403e-02	2.46839970e-02	9.19383166e-01	4.39372243e-01	4.80010923e-01
1124            	-2.03053234e-02	2.46817496e-02	9.19512929e-01	4.39451141e-01	4.80061788e-01
1125            	-2.02913692e-02	2.46794724e-02	9.19642438e-01	4.39529850e-01	4.80112588e-01
1126            	-2.02773908e-02	2.46772134e-02	9.19771860e-01	4.39608539e-01	4.80163321e-01
1127            	-2.02634802e-02	2.46749218e-02	9.19901006e-01	4.39687023e-01	4.80213983e-01
1128            	-2.02495502e-02	2.46726459e-02	9.20030045e-01	4.39765472e-01	4.80264573e-01
1129            	-2.02356870e-02	2.46703379e-02	9.20158811e-01	4.39843719e-01	4.80315093e-01
1130            	-2.02218000e-02	2.46680480e-02	9.20287489e-01	4.39921945e-01	4.80365545e-01
1131            	-2.02079750e-02	2.46657290e-02	9.20415910e-01	4.39999980e-01	4.80415930e-01
1132            	-2.01941227e-02	2.46634310e-02	9.20544253e-01	4.40078004e-01	4.80466249e-01
1133            	-2.01803280e-02	2.46611069e-02	9.20672355e-01	4.40155849e-01	4.80516505e-01
1134            	-2.01665027e-02	2.46588058e-02	9.20800393e-01	4.40233694e-01	4.80566699e-01
1135            	-2.01527337e-02	2.46564796e-02	9.20928193e-01	4.40311363e-01	4.80616830e-01
1136            	-2.01389342e-02	2.46541764e-02	9.21055925e-01	4.40389028e-01	4.80666897e-01
1137            	-2.01251915e-02	2.46518474e-02	9.21183414e-01	4.40466516e-01	4.80716899e-01
1138            	-2.01114197e-02	2.46495396e-02	9.21310828e-01	4.40543994e-01	4.80766834e-01
1139            	-2.00977054e-02	2.46472046e-02	9.21437993e-01	4.40621291e-01	4.80816702e-01
1140            	-2.00839630e-02	2.46448893e-02	9.21565078e-01	4.40698576e-01	4.80866502e-01
1141            	-2.00702773e-02	2.46425463e-02	9.21691916e-01	4.40775681e-01	4.80916235e-01
1142            	-2.00565626e-02	2.46402229e-02	9.21818678e-01	4.40852777e-01	4.80965902e-01
1143            	-2.00429043e-02	2.46378718e-02	9.21945192e-01	4.40929692e-01	4.81015500e-01
1144            	-2.00292175e-02	2.46355404e-02	9.22071623e-01	4.41006594e-01	4.81065029e-01
1145            	-2.00155855e-02	2.46331823e-02	9.22197809e-01	4.41083319e-01	4.81114490e-01
1146            	-2.00019231e-02	2.46308448e-02	9.22323920e-01	4.41160037e-01	4.81163883e-01
1147            	-1.99883132e-02	2.46284822e-02	9.22449793e-01	4.41236583e-01	4.81213210e-01
1148            	-1.99746705e-02	2.46261421e-02	9.22575598e-01	4.41313129e-01	4.81262470e-01
1149            	-1.99610772e-02	2.46237790e-02	9.22701172e-01	4.41389509e-01	4.81311663e-01
1150            	-1.99474493e-02	2.46214398e-02	9.22826681e-01	4.41465891e-01	4.81360790e-01
1151            	-1.99338692e-02	2.46190788e-02	9.22951960e-01	4.41542111e-01	4.81409849e-01
1152            	-1.99202545e-02	2.46167415e-02	9.23077171e-01	4.41618331e-01	4.81458840e-01
1153            	-1.99066872e-02	2.46143821e-02	9.23202154e-01	4.41694390e-01	4.81507764e-01
1154            	-1.98930843e-02	2.46120461e-02	9.23327074e-01	4.41770453e-01	4.81556621e-01
1155            	-1.98795271e-02	2.46096878e-02	9.23451773e-01	4.41846360e-01	4.81605414e-01
1156            	-1.98659341e-02	2.46073522e-02	9.23576414e-01	4.41922273e-01	4.81654141e-01
1157            	-1.98523859e-02	2.46049940e-02	9.23700838e-01	4.41998033e-01	4.81702805e-01
1158            	-1.98388024e-02	2.46026581e-02	9.23825200e-01	4.42073797e-01	4.81751402e-01
1159            	-1.98252652e-02	2.46002994e-02	9.23949335e-01	4.42149402e-01	4.81799932e-01
1160            	-1.98116936e-02	2.45979628e-02	9.24073400e-01	4.42225006e-01	4.81848394e-01
1161            	-1.97981667e-02	2.45956040e-02	9.24197243e-01	4.42300455e-01	4.81896788e-01
1162            	-1.97846046e-02	2.45932675e-02	9.24321018e-01	4.42375904e-01	4.81945113e-01
1163            	-1.97710872e-02	2.45909093e-02	9.24444562e-01	4.42451194e-01	4.81993368e-01
1164            	-1.97575343e-02	2.45885741e-02	9.24568035e-01	4.42526483e-01	4.82041552e-01
1165            	-1.97440242e-02	2.45862185e-02	9.24691283e-01	4.42601617e-01	4.82089666e-01
1166            	-1.97304760e-02	2.45838874e-02	9.24814472e-01	4.42676760e-01	4.82137712e-01
1167            	-1.97169668e-02	2.45815376e-02	9.24937457e-01	4.42751762e-01	4.82185695e-01
1168            	-1.97034174e-02	2.45792133e-02	9.25060394e-01	4.42826780e-01	4.82233615e-01
1169            	-1.96899059e-02	2.45768711e-02	9.25183130e-01	4.42901659e-01	4.82281471e-01
1170            	-1.96763534e-02	2.45745546e-02	9.25305821e-01	4.42976557e-01	4.82329264e-01
1171            	-1.96628381e-02	2.45722201e-02	9.25428310e-01	4.43051317e-01	4.82376993e-01
1172            	-1.96492837e-02	2.45699100e-02	9.25550743e-01	4.43126088e-01	4.82424655e-01
1173            	-1.96357689e-02	2.45675803e-02	9.25672959e-01	4.43200711e-01	4.82472249e-01
1174            	-1.96222175e-02	2.45652732e-02	9.25795109e-01	4.43275337e-01	4.82519772e-01
1175            	-1.96087064e-02	2.45629459e-02	9.25917037e-01	4.43349812e-01	4.82567225e-01
1176            	-1.95951584e-02	2.45606412e-02	9.26038897e-01	4.43424290e-01	4.82614607e-01
1177            	-1.95816480e-02	2.45583177e-02	9.26160544e-01	4.43498624e-01	4.82661920e-01
1178            	-1.95682116e-02	2.45559544e-02	9.26281910e-01	4.43572744e-01	4.82709167e-01
1179            	-1.95547448e-02	2.45536106e-02	9.26403205e-01	4.43646858e-01	4.82756348e-01
1180            	-1.95413051e-02	2.45512553e-02	9.26524319e-01	4.43720854e-01	4.82803465e-01
1181            	-1.95278009e-02	2.45489404e-02	9.26645433e-01	4.43794915e-01	4.82850517e-01
1182            	-1.95143034e-02	2.45466262e-02	9.26766405e-01	4.43868899e-01	4.82897506e-01
1183            	-1.95007368e-02	2.45443547e-02	9.26887383e-01	4.43942955e-01	4.82944429e-01
1184            	-1.94871839e-02	2.45420793e-02	9.27008201e-01	4.44016917e-01	4.82991285e-01
1185            	-1.94735771e-02	2.45398368e-02	9.27128991e-01	4.44090919e-01	4.83038073e-01
1186            	-1.94600010e-02	2.45375794e-02	9.27249585e-01	4.44164792e-01	4.83084794e-01
1187            	-1.94463868e-02	2.45353447e-02	9.27370124e-01	4.44238675e-01	4.83131449e-01
1188            	-1.94328136e-02	2.45330885e-02	9.27490455e-01	4.44312414e-01	4.83178041e-01
1189            	-1.94192087e-02	2.45308519e-02	9.27610722e-01	4.44386152e-01	4.83224570e-01
1190            	-1.94056467e-02	2.45285939e-02	9.27730776e-01	4.44459742e-01	4.83271035e-01
1191            	-1.93920518e-02	2.45263571e-02	9.27850769e-01	4.44533333e-01	4.83317436e-01
1192            	-1.93784960e-02	2.45241016e-02	9.27970558e-01	4.44606783e-01	4.83363775e-01
1193            	-1.93650149e-02	2.45218069e-02	9.28090070e-01	4.44680020e-01	4.83410050e-01
1194            	-1.93515063e-02	2.45195308e-02	9.28209504e-01	4.44753246e-01	4.83456258e-01
1195            	-1.93380241e-02	2.45172441e-02	9.28328753e-01	4.44826352e-01	4.83502401e-01
1196            	-1.93244781e-02	2.45149974e-02	9.28447992e-01	4.44899518e-01	4.83548474e-01
1197            	-1.93109360e-02	2.45127525e-02	9.28567089e-01	4.44972609e-01	4.83594481e-01
1198            	-1.92973232e-02	2.45105504e-02	9.28686193e-01	4.45045773e-01	4.83640420e-01
1199            	-1.92837179e-02	2.45083465e-02	9.28805154e-01	4.45118859e-01	4.83686295e-01
1200            	-1.92700540e-02	2.45061773e-02	9.28924104e-01	4.45191998e-01	4.83732106e-01
1201            	-1.92564137e-02	2.45039966e-02	9.29042883e-01	4.45265028e-01	4.83777855e-01
1202            	-1.92427315e-02	2.45018410e-02	9.29161623e-01	4.45338080e-01	4.83823543e-01
1203            	-1.92290876e-02	2.44996665e-02	9.29280164e-01	4.45410995e-01	4.83869170e-01
1204            	-1.92154138e-02	2.44975119e-02	9.29398640e-01	4.45483906e-01	4.83914734e-01
1205            	-1.92017827e-02	2.44953368e-02	9.29516909e-01	4.45556672e-01	4.83960237e-01
1206            	-1.91881219e-02	2.44931819e-02	9.29635114e-01	4.45629435e-01	4.84005679e-01
1207            	-1.91745003e-02	2.44910092e-02	9.29753116e-01	4.45702058e-01	4.84051058e-01
1208            	-1.91609499e-02	2.44887996e-02	9.29870854e-01	4.45774477e-01	4.84096377e-01
1209            	-1.91473715e-02	2.44866097e-02	9.29988520e-01	4.45846889e-01	4.84141632e-01
1210            	-1.91338164e-02	2.44844110e-02	9.30106014e-01	4.45919190e-01	4.84186823e-01
1211            	-1.91201986e-02	2.44822519e-02	9.30223500e-01	4.45991551e-01	4.84231948e-01
1212            	-1.91065837e-02	2.44800952e-02	9.30340849e-01	4.46063841e-01	4.84277008e-01
1213            	-1.90929010e-02	2.44779800e-02	9.30458200e-01	4.46136199e-01	4.84322001e-01
1214            	-1.90792266e-02	2.44758627e-02	9.30575405e-01	4.46208476e-01	4.84366929e-01
1215            	-1.90654973e-02	2.44737782e-02	9.30692594e-01	4.46280800e-01	4.84411794e-01
1216            	-1.90517911e-02	2.44716825e-02	9.30809618e-01	4.46353018e-01	4.84456600e-01
1217            	-1.90380455e-02	2.44696112e-02	9.30926603e-01	4.46425256e-01	4.84501347e-01
1218            	-1.90243348e-02	2.44675230e-02	9.31043409e-01	4.46497370e-01	4.84546040e-01
1219            	-1.90106983e-02	2.44653966e-02	9.31159956e-01	4.46569280e-01	4.84590676e-01
1220            	-1.89970455e-02	2.44632845e-02	9.31276413e-01	4.46641161e-01	4.84635252e-01
1221            	-1.89834299e-02	2.44611578e-02	9.31392675e-01	4.46712908e-01	4.84679768e-01
1222            	-1.89697681e-02	2.44590636e-02	9.31508899e-01	4.46784681e-01	4.84724218e-01
1223            	-1.89561215e-02	2.44569672e-02	9.31624963e-01	4.46856360e-01	4.84768603e-01
1224            	-1.89424171e-02	2.44549085e-02	9.31741010e-01	4.46928088e-01	4.84812922e-01
1225            	-1.89287243e-02	2.44528473e-02	9.31856907e-01	4.46999729e-01	4.84857178e-01
1226            	-1.89149783e-02	2.44508192e-02	9.31972784e-01	4.47071414e-01	4.84901370e-01
1227            	-1.89012522e-02	2.44487824e-02	9.32088503e-01	4.47142999e-01	4.84945504e-01
1228            	-1.88874844e-02	2.44467714e-02	9.32204189e-01	4.47214610e-01	4.84989579e-01
1229            	-1.88737478e-02	2.44447456e-02	9.32319703e-01	4.47286104e-01	4.85033599e-01
1230            	-1.88600809e-02	2.44426838e-02	9.32434970e-01	4.47357404e-01	4.85077566e-01
1231            	-1.88463965e-02	2.44406368e-02	9.32550160e-01	4.47428683e-01	4.85121476e-01
1232            	-1.88327483e-02	2.44385761e-02	9.32665163e-01	4.47499833e-01	4.85165330e-01
1233            	-1.88190581e-02	2.44365464e-02	9.32780124e-01	4.47571004e-01	4.85209120e-01
1234            	-1.88053874e-02	2.44345129e-02	9.32894923e-01	4.47642074e-01	4.85252849e-01
1235            	-1.87916680e-02	2.44325131e-02	9.33009689e-01	4.47713177e-01	4.85296513e-01
1236            	-1.87779683e-02	2.44305077e-02	9.33124288e-01	4.47784176e-01	4.85340112e-01
1237            	-1.87643251e-02	2.44284745e-02	9.33238651e-01	4.47855001e-01	4.85383651e-01
1238            	-1.87506538e-02	2.44264614e-02	9.33352947e-01	4.47925820e-01	4.85427127e-01
1239            	-1.87370093e-02	2.44244380e-02	9.33467074e-01	4.47996528e-01	4.85470546e-01
1240            	-1.87233175e-02	2.44224467e-02	9.33581180e-01	4.48067272e-01	4.85513907e-01
1241            	-1.87096428e-02	2.44204519e-02	9.33695137e-01	4.48137926e-01	4.85557211e-01
1242            	-1.86959206e-02	2.44184901e-02	9.33809072e-01	4.48208615e-01	4.85600456e-01
1243            	-1.86822208e-02	2.44165218e-02	9.33922848e-01	4.48279203e-01	4.85643645e-01
1244            	-1.86685818e-02	2.44145241e-02	9.34036394e-01	4.48349615e-01	4.85686779e-01
1245            	-1.86549224e-02	2.44125439e-02	9.34149864e-01	4.48420009e-01	4.85729854e-01
1246            	-1.86412977e-02	2.44105507e-02	9.34263148e-01	4.48490276e-01	4.85772872e-01
1247            	-1.86276348e-02	2.44085862e-02	9.34376387e-01	4.48560559e-01	4.85815828e-01
1248            	-1.86139941e-02	2.44066161e-02	9.34489464e-01	4.48630738e-01	4.85858726e-01
1249            	-1.86003115e-02	2.44046763e-02	9.34602504e-01	4.48700940e-01	4.85901564e-01
1250            	-1.85866531e-02	2.44027292e-02	9.34715379e-01	4.48771036e-01	4.85944343e-01
1251            	-1.85730555e-02	2.44007532e-02	9.34828020e-01	4.48840955e-01	4.85987066e-01
1252            	-1.85594390e-02	2.43987946e-02	9.34940581e-01	4.48910851e-01	4.86029729e-01
1253            	-1.85458577e-02	2.43968237e-02	9.35052956e-01	4.48980620e-01	4.86072336e-01
1254            	-1.85323378e-02	2.43948257e-02	9.35165095e-01	4.49050210e-01	4.86114886e-01
1255            	-1.85187904e-02	2.43928520e-02	9.35277169e-01	4.49119794e-01	4.86157375e-01
1256            	-1.85052651e-02	2.43908748e-02	9.35389083e-01	4.49189276e-01	4.86199807e-01
1257            	-1.84916890e-02	2.43889352e-02	9.35500976e-01	4.49258799e-01	4.86242177e-01
1258            	-1.84781254e-02	2.43869966e-02	9.35612725e-01	4.49328237e-01	4.86284488e-01
1259            	-1.84645142e-02	2.43850918e-02	9.35724448e-01	4.49397710e-01	4.86326738e-01
1260            	-1.84509248e-02	2.43831805e-02	9.35836015e-01	4.49467083e-01	4.86368932e-01
1261            	-1.84373972e-02	2.43812391e-02	9.35947351e-01	4.49536279e-01	4.86411073e-01
1262            	-1.84238581e-02	2.43793105e-02	9.36058599e-01	4.49605441e-01	4.86453158e-01
1263            	-1.84103633e-02	2.43773647e-02	9.36169650e-01	4.49674462e-01	4.86495188e-01
1264            	-1.83969395e-02	2.43753870e-02	9.36280454e-01	4.49743287e-01	4.86537166e-01
1265            	-1.83835013e-02	2.43734278e-02	9.36391170e-01	4.49812084e-01	4.86579086e-01
1266            	-1.83700970e-02	2.43714602e-02	9.36501703e-01	4.49880754e-01	4.86620948e-01
1267            	-1.83566539e-02	2.43695256e-02	9.36612188e-01	4.49949440e-01	4.86662748e-01
1268            	-1.83432301e-02	2.43675897e-02	9.36722512e-01	4.50018026e-01	4.86704486e-01
1269            	-1.83297652e-02	2.43656854e-02	9.36832791e-01	4.50086630e-01	4.86746161e-01
1270            	-1.83163250e-02	2.43637741e-02	9.36942901e-01	4.50155126e-01	4.86787776e-01
1271            	-1.83029480e-02	2.43618326e-02	9.37052773e-01	4.50223438e-01	4.86829334e-01
1272            	-1.82895619e-02	2.43599033e-02	9.37162547e-01	4.50291711e-01	4.86870835e-01
1273            	-1.82762202e-02	2.43579567e-02	9.37272126e-01	4.50359843e-01	4.86912283e-01
1274            	-1.82629498e-02	2.43559783e-02	9.37381458e-01	4.50427779e-01	4.86953679e-01
1275            	-1.82496684e-02	2.43540170e-02	9.37490700e-01	4.50495681e-01	4.86995018e-01
1276            	-1.82364236e-02	2.43520466e-02	9.37599759e-01	4.50563456e-01	4.87036303e-01
1277            	-1.82231454e-02	2.43501070e-02	9.37708768e-01	4.50631239e-01	4.87077529e-01
1278            	-1.82098909e-02	2.43481644e-02	9.37817615e-01	4.50698917e-01	4.87118699e-01
1279            	-1.81966930e-02	2.43461986e-02	9.37926237e-01	4.50766425e-01	4.87159811e-01
1280            	-1.81834773e-02	2.43442520e-02	9.38034774e-01	4.50833910e-01	4.87200864e-01
1281            	-1.81702966e-02	2.43422944e-02	9.38143126e-01	4.50901266e-01	4.87241860e-01
1282            	-1.81571793e-02	2.43403090e-02	9.38251239e-01	4.50968440e-01	4.87282799e-01
1283            	-1.81440465e-02	2.43383420e-02	9.38359264e-01	4.51035586e-01	4.87323679e-01
1284            	-1.81309481e-02	2.43363655e-02	9.38467107e-01	4.51102605e-01	4.87364501e-01
1285            	-1.81178186e-02	2.43344171e-02	9.38574891e-01	4.51169627e-01	4.87405264e-01
1286            	-1.81047168e-02	2.43324630e-02	9.38682505e-01	4.51236536e-01	4.87445970e-01
1287            	-1.80916780e-02	2.43304823e-02	9.38789882e-01	4.51303263e-01	4.87486619e-01
1288            	-1.80786306e-02	2.43285168e-02	9.38897157e-01	4.51369948e-01	4.87527209e-01
1289            	-1.80656264e-02	2.43265372e-02	9.39004233e-01	4.51436490e-01	4.87567743e-01
1290            	-1.80526920e-02	2.43245279e-02	9.39111061e-01	4.51502838e-01	4.87608222e-01
1291            	-1.80397490e-02	2.43225349e-02	9.39217789e-01	4.51569145e-01	4.87648643e-01
1292            	-1.80268442e-02	2.43205317e-02	9.39324328e-01	4.51635320e-01	4.87689008e-01
1293            	-1.80140014e-02	2.43185036e-02	9.39430633e-01	4.51701315e-01	4.87729318e-01
1294            	-1.80011421e-02	2.43164968e-02	9.39536850e-01	4.51767283e-01	4.87769567e-01
1295            	-1.79883143e-02	2.43144836e-02	9.39642884e-01	4.51833128e-01	4.87809756e-01
1296            	-1.79755435e-02	2.43124479e-02	9.39748689e-01	4.51898801e-01	4.87849888e-01
1297            	-1.79627533e-02	2.43104343e-02	9.39854410e-01	4.51964452e-01	4.87889958e-01
1298            	-1.79499945e-02	2.43084136e-02	9.39959949e-01	4.52029980e-01	4.87929969e-01
1299            	-1.79372949e-02	2.43063688e-02	9.40065255e-01	4.52095332e-01	4.87969922e-01
1300            	-1.79245785e-02	2.43043447e-02	9.40170474e-01	4.52160658e-01	4.88009815e-01
1301            	-1.79118951e-02	2.43023126e-02	9.40275515e-01	4.52225862e-01	4.88049652e-01
1302            	-1.78992726e-02	2.43002560e-02	9.40380326e-01	4.52290891e-01	4.88089436e-01
1303            	-1.78866354e-02	2.42982194e-02	9.40485053e-01	4.52355891e-01	4.88129162e-01
1304            	-1.78740342e-02	2.42961740e-02	9.40589596e-01	4.52420764e-01	4.88168832e-01
1305            	-1.78614968e-02	2.42941030e-02	9.40693902e-01	4.52485454e-01	4.88208448e-01
1306            	-1.78489482e-02	2.42920506e-02	9.40798110e-01	4.52550107e-01	4.88248003e-01
1307            	-1.78364379e-02	2.42899881e-02	9.40902124e-01	4.52614624e-01	4.88287500e-01
1308            	-1.78239931e-02	2.42878990e-02	9.41005889e-01	4.52678951e-01	4.88326938e-01
1309            	-1.78115379e-02	2.42858277e-02	9.41109549e-01	4.52743237e-01	4.88366312e-01
1310            	-1.77991204e-02	2.42837462e-02	9.41213013e-01	4.52807386e-01	4.88405627e-01
1311            	-1.77867670e-02	2.42816383e-02	9.41316234e-01	4.52871350e-01	4.88444884e-01
1312            	-1.77744017e-02	2.42795490e-02	9.41419358e-01	4.52935277e-01	4.88484080e-01
1313            	-1.77620724e-02	2.42774502e-02	9.41522295e-01	4.52999075e-01	4.88523220e-01
1314            	-1.77498054e-02	2.42753261e-02	9.41624999e-01	4.53062694e-01	4.88562305e-01
1315            	-1.77375263e-02	2.42732210e-02	9.41727608e-01	4.53126278e-01	4.88601331e-01
1316            	-1.77252835e-02	2.42711067e-02	9.41830031e-01	4.53189732e-01	4.88640299e-01
1317            	-1.77131040e-02	2.42689668e-02	9.41932215e-01	4.53253004e-01	4.88679212e-01
1318            	-1.77009147e-02	2.42668448e-02	9.42034298e-01	4.53316234e-01	4.88718064e-01
1319            	-1.76887640e-02	2.42647124e-02	9.42136186e-01	4.53379329e-01	4.88756857e-01
1320            	-1.76766790e-02	2.42625533e-02	9.42237824e-01	4.53442233e-01	4.88795591e-01
1321            	-1.76645866e-02	2.42604107e-02	9.42339350e-01	4.53505088e-01	4.88834262e-01
1322            	-1.76525334e-02	2.42582572e-02	9.42440677e-01	4.53567805e-01	4.88872872e-01
1323            	-1.76405451e-02	2.42560771e-02	9.42541756e-01	4.53630333e-01	4.88911423e-01
1324            	-1.76285492e-02	2.42539135e-02	9.42642725e-01	4.53692813e-01	4.88949912e-01
1325            	-1.76165914e-02	2.42517393e-02	9.42743501e-01	4.53755159e-01	4.88988342e-01
1326            	-1.76046969e-02	2.42495390e-02	9.42844040e-01	4.53817323e-01	4.89026717e-01
1327            	-1.75927939e-02	2.42473553e-02	9.42944477e-01	4.53879445e-01	4.89065032e-01
1328            	-1.75809286e-02	2.42451615e-02	9.43044726e-01	4.53941434e-01	4.89103292e-01
1329            	-1.75691264e-02	2.42429419e-02	9.43144738e-01	4.54003243e-01	4.89141495e-01
1330            	-1.75573162e-02	2.42407391e-02	9.43244646e-01	4.54065007e-01	4.89179639e-01
1331            	-1.75455444e-02	2.42385261e-02	9.43344359e-01	4.54126635e-01	4.89217724e-01
1332            	-1.75338365e-02	2.42362871e-02	9.43443828e-01	4.54188077e-01	4.89255750e-01
1333            	-1.75221226e-02	2.42340638e-02	9.43543182e-01	4.54249469e-01	4.89293714e-01
1334            	-1.75104478e-02	2.42318297e-02	9.43642338e-01	4.54310721e-01	4.89331617e-01
1335            	-1.74988373e-02	2.42295690e-02	9.43741249e-01	4.54371787e-01	4.89369462e-01
1336            	-1.74872211e-02	2.42273237e-02	9.43840047e-01	4.54432802e-01	4.89407245e-01
1337            	-1.74756437e-02	2.42250677e-02	9.43938650e-01	4.54493681e-01	4.89444969e-01
1338            	-1.74641296e-02	2.42227859e-02	9.44037011e-01	4.54554376e-01	4.89482635e-01
1339            	-1.74526102e-02	2.42205197e-02	9.44135257e-01	4.54615018e-01	4.89520238e-01
1340            	-1.74411294e-02	2.42182430e-02	9.44233304e-01	4.54675523e-01	4.89557782e-01
1341            	-1.74297116e-02	2.42159405e-02	9.44331110e-01	4.54735844e-01	4.89595267e-01
1342            	-1.74182882e-02	2.42136535e-02	9.44428804e-01	4.54796114e-01	4.89632690e-01
1343            	-1.74069023e-02	2.42113562e-02	9.44526305e-01	4.54856250e-01	4.89670055e-01
1344            	-1.73955784e-02	2.42090336e-02	9.44623569e-01	4.54916206e-01	4.89707363e-01
1345            	-1.73842488e-02	2.42067264e-02	9.44720719e-01	4.54976111e-01	4.89744608e-01
1346            	-1.73729573e-02	2.42044087e-02	9.44817676e-01	4.55035881e-01	4.89781795e-01
1347            	-1.73617275e-02	2.42020657e-02	9.44914396e-01	4.55095470e-01	4.89818925e-01
1348            	-1.73504926e-02	2.41997377e-02	9.45011002e-01	4.55155008e-01	4.89855993e-01
1349            	-1.73392963e-02	2.41973992e-02	9.45107410e-01	4.55214409e-01	4.89893001e-01
1350            	-1.73281626e-02	2.41950351e-02	9.45203575e-01	4.55273625e-01	4.89929950e-01
1351            	-1.73170254e-02	2.41926855e-02	9.45299618e-01	4.55332784e-01	4.89966835e-01
1352            	-1.73059271e-02	2.41903250e-02	9.45395463e-01	4.55391805e-01	4.90003659e-01
1353            	-1.72948904e-02	2.41879397e-02	9.45491068e-01	4.55450643e-01	4.90040424e-01
1354            	-1.72838494e-02	2.41855694e-02	9.45586554e-01	4.55509428e-01	4.90077127e-01
1355            	-1.72728460e-02	2.41831891e-02	9.45681846e-01	4.55568077e-01	4.90113769e-01
1356            	-1.72619029e-02	2.41807846e-02	9.45776904e-01	4.55626549e-01	4.90150355e-01
1357            	-1.72509554e-02	2.41783952e-02	9.45871846e-01	4.55684967e-01	4.90186878e-01
1358            	-1.72400455e-02	2.41759959e-02	9.45966592e-01	4.55743250e-01	4.90223341e-01
1359            	-1.72291961e-02	2.41735723e-02	9.46061099e-01	4.55801353e-01	4.90259746e-01
1360            	-1.72183432e-02	2.41711631e-02	9.46155486e-01	4.55859400e-01	4.90296086e-01
1361            	-1.72075275e-02	2.41687436e-02	9.46249678e-01	4.55917311e-01	4.90332366e-01
1362            	-1.71967710e-02	2.41662999e-02	9.46343635e-01	4.55975047e-01	4.90368589e-01
1363            	-1.71860101e-02	2.41638708e-02	9.46437478e-01	4.56032729e-01	4.90404749e-01
1364            	-1.71752851e-02	2.41614321e-02	9.46531130e-01	4.56090280e-01	4.90440850e-01
1365            	-1.71646187e-02	2.41589698e-02	9.46624548e-01	4.56147655e-01	4.90476893e-01
1366            	-1.71539491e-02	2.41565216e-02	9.46717846e-01	4.56204974e-01	4.90512872e-01
1367            	-1.71433159e-02	2.41540640e-02	9.46810949e-01	4.56262158e-01	4.90548790e-01
1368            	-1.71327405e-02	2.41515830e-02	9.46903818e-01	4.56319169e-01	4.90584650e-01
1369            	-1.71221620e-02	2.41491160e-02	9.46996568e-01	4.56376122e-01	4.90620446e-01
1370            	-1.71116200e-02	2.41466392e-02	9.47089124e-01	4.56432942e-01	4.90656182e-01
1371            	-1.71011357e-02	2.41441392e-02	9.47181447e-01	4.56489588e-01	4.90691859e-01
1372            	-1.70906477e-02	2.41416535e-02	9.47273651e-01	4.56546178e-01	4.90727473e-01
1373            	-1.70801939e-02	2.41391595e-02	9.47365668e-01	4.56602640e-01	4.90763028e-01
1374            	-1.70697957e-02	2.41366436e-02	9.47457456e-01	4.56658932e-01	4.90798524e-01
1375            	-1.70593931e-02	2.41341426e-02	9.47549127e-01	4.56715170e-01	4.90833956e-01
1376            	-1.70490240e-02	2.41316336e-02	9.47640610e-01	4.56771281e-01	4.90869329e-01
1377            	-1.70387098e-02	2.41291029e-02	9.47731866e-01	4.56827223e-01	4.90904643e-01
1378            	-1.70283913e-02	2.41265869e-02	9.47823005e-01	4.56883111e-01	4.90939894e-01
1379            	-1.70181063e-02	2.41240624e-02	9.47913958e-01	4.56938873e-01	4.90975085e-01
1380            	-1.70078760e-02	2.41215161e-02	9.48004686e-01	4.56994467e-01	4.91010219e-01
1381            	-1.69976425e-02	2.41189837e-02	9.48095292e-01	4.57050003e-01	4.91045288e-01
1382            	-1.69874425e-02	2.41164431e-02	9.48185709e-01	4.57105412e-01	4.91080297e-01
1383            	-1.69772965e-02	2.41138810e-02	9.48275900e-01	4.57160653e-01	4.91115246e-01
1384            	-1.69671470e-02	2.41113329e-02	9.48365970e-01	4.57215838e-01	4.91150132e-01
1385            	-1.69570305e-02	2.41087767e-02	9.48455852e-01	4.57270896e-01	4.91184957e-01
1386            	-1.69469667e-02	2.41061996e-02	9.48545510e-01	4.57325788e-01	4.91219722e-01
1387            	-1.69374251e-02	2.41035900e-02	9.48631843e-01	4.57378496e-01	4.91253347e-01
1388            	-1.69272723e-02	2.41009629e-02	9.48722084e-01	4.57433770e-01	4.91288314e-01
1389            	-1.69171084e-02	2.40983599e-02	9.48812458e-01	4.57489121e-01	4.91323337e-01
1390            	-1.69069227e-02	2.40958256e-02	9.48902716e-01	4.57544435e-01	4.91358281e-01
1391            	-1.68967944e-02	2.40933221e-02	9.48992506e-01	4.57599458e-01	4.91393047e-01
1392            	-1.68867687e-02	2.40908073e-02	9.49081664e-01	4.57654063e-01	4.91427601e-01
1393            	-1.68767896e-02	2.40882878e-02	9.49170359e-01	4.57708390e-01	4.91461969e-01
1394            	-1.68669057e-02	2.40857226e-02	9.49258507e-01	4.57762348e-01	4.91496159e-01
1395            	-1.68576412e-02	2.40830523e-02	9.49343027e-01	4.57813872e-01	4.91529155e-01
1396            	-1.68477687e-02	2.40803462e-02	9.49431411e-01	4.57867937e-01	4.91563474e-01
1397            	-1.68378802e-02	2.40776590e-02	9.49519959e-01	4.57922099e-01	4.91597860e-01
1398            	-1.68280221e-02	2.40750056e-02	9.49608364e-01	4.57976160e-01	4.91632204e-01
1399            	-1.68182357e-02	2.40723780e-02	9.49696366e-01	4.58029947e-01	4.91666419e-01
1400            	-1.68084754e-02	2.40697950e-02	9.49783966e-01	4.58083507e-01	4.91700458e-01
1401            	-1.67987776e-02	2.40672120e-02	9.49871096e-01	4.58136770e-01	4.91734326e-01
1402            	-1.67896570e-02	2.40645570e-02	9.49954703e-01	4.58187694e-01	4.91767008e-01
1403            	-1.67799183e-02	2.40618790e-02	9.50042123e-01	4.58241143e-01	4.91800980e-01
1404            	-1.67701613e-02	2.40592165e-02	9.50129630e-01	4.58294654e-01	4.91834977e-01
1405            	-1.67604399e-02	2.40565735e-02	9.50216918e-01	4.58348019e-01	4.91868899e-01
1406            	-1.67508003e-02	2.40539379e-02	9.50303736e-01	4.58401068e-01	4.91902668e-01
1407            	-1.67411998e-02	2.40513304e-02	9.50390099e-01	4.58453850e-01	4.91936249e-01
1408            	-1.67316736e-02	2.40487114e-02	9.50475962e-01	4.58506307e-01	4.91969655e-01
1409            	-1.67227263e-02	2.40460186e-02	9.50558329e-01	4.58556438e-01	4.92001891e-01
1410            	-1.67131749e-02	2.40433002e-02	9.50644468e-01	4.58609059e-01	4.92035409e-01
1411            	-1.67036083e-02	2.40406014e-02	9.50730701e-01	4.58661742e-01	4.92068959e-01
1412            	-1.66940757e-02	2.40379284e-02	9.50816734e-01	4.58714291e-01	4.92102443e-01
1413            	-1.66846197e-02	2.40352697e-02	9.50902327e-01	4.58766544e-01	4.92135783e-01
1414            	-1.66751958e-02	2.40326449e-02	9.50987498e-01	4.58818553e-01	4.92168945e-01
1415            	-1.66663419e-02	2.40299761e-02	9.51069089e-01	4.58868203e-01	4.92200887e-01
1416            	-1.66569278e-02	2.40272554e-02	9.51154366e-01	4.58920255e-01	4.92234111e-01
1417            	-1.66475425e-02	2.40245309e-02	9.51239573e-01	4.58972244e-01	4.92267329e-01
1418            	-1.66381545e-02	2.40218541e-02	9.51324577e-01	4.59024134e-01	4.92300443e-01
1419            	-1.66288203e-02	2.40192011e-02	9.51409138e-01	4.59075749e-01	4.92333389e-01
1420            	-1.66195683e-02	2.40165440e-02	9.51493167e-01	4.59127015e-01	4.92366152e-01
1421            	-1.66108436e-02	2.40138635e-02	9.51573720e-01	4.59176016e-01	4.92397704e-01
1422            	-1.66015400e-02	2.40111421e-02	9.51657985e-01	4.59227452e-01	4.92430532e-01
1423            	-1.65922503e-02	2.40084262e-02	9.51742220e-01	4.59278860e-01	4.92463360e-01
1424            	-1.65830212e-02	2.40057209e-02	9.51826146e-01	4.59330052e-01	4.92496094e-01
1425            	-1.65738141e-02	2.40030588e-02	9.51909724e-01	4.59381048e-01	4.92528676e-01
1426            	-1.65646745e-02	2.40004045e-02	9.51992816e-01	4.59431734e-01	4.92561083e-01
1427            	-1.65561124e-02	2.39976952e-02	9.52072375e-01	4.59480075e-01	4.92592300e-01
1428            	-1.65470121e-02	2.39949227e-02	9.52155562e-01	4.59530769e-01	4.92624793e-01
1429            	-1.65378793e-02	2.39921875e-02	9.52238802e-01	4.59581522e-01	4.92657280e-01
1430            	-1.65287732e-02	2.39894858e-02	9.52321785e-01	4.59632120e-01	4.92689666e-01
1431            	-1.65197285e-02	2.39868015e-02	9.52404338e-01	4.59682441e-01	4.92721898e-01
1432            	-1.65112611e-02	2.39840786e-02	9.52483327e-01	4.59730402e-01	4.92752925e-01
1433            	-1.65021967e-02	2.39813454e-02	9.52565972e-01	4.59780789e-01	4.92785183e-01
1434            	-1.64931387e-02	2.39786357e-02	9.52648499e-01	4.59831111e-01	4.92817388e-01
1435            	-1.64841374e-02	2.39759427e-02	9.52730634e-01	4.59881180e-01	4.92849454e-01
1436            	-1.64752227e-02	2.39732477e-02	9.52812245e-01	4.59930900e-01	4.92881345e-01
1437            	-1.64668331e-02	2.39705408e-02	9.52890392e-01	4.59978363e-01	4.92912029e-01
1438            	-1.64578840e-02	2.39677949e-02	9.52972130e-01	4.60028181e-01	4.92943949e-01
1439            	-1.64489613e-02	2.39650564e-02	9.53053739e-01	4.60077908e-01	4.92975831e-01
1440            	-1.64401079e-02	2.39623271e-02	9.53134965e-01	4.60127375e-01	4.93007590e-01
1441            	-1.64317660e-02	2.39596079e-02	9.53212801e-01	4.60174634e-01	4.93038166e-01
1442            	-1.64228634e-02	2.39568704e-02	9.53294192e-01	4.60224233e-01	4.93069960e-01
1443            	-1.64139968e-02	2.39541534e-02	9.53375348e-01	4.60273677e-01	4.93101671e-01
1444            	-1.64052119e-02	2.39514477e-02	9.53456004e-01	4.60322790e-01	4.93133214e-01
1445            	-1.63969493e-02	2.39487451e-02	9.53533184e-01	4.60369643e-01	4.93163541e-01
1446            	-1.63881370e-02	2.39460123e-02	9.53613856e-01	4.60418791e-01	4.93195065e-01
1447            	-1.63793684e-02	2.39432880e-02	9.53694261e-01	4.60467762e-01	4.93226499e-01
1448            	-1.63706852e-02	2.39405664e-02	9.53774168e-01	4.60516399e-01	4.93257769e-01
1449            	-1.63625204e-02	2.39378461e-02	9.53850644e-01	4.60562802e-01	4.93287843e-01
1450            	-1.63538071e-02	2.39350956e-02	9.53930618e-01	4.60611502e-01	4.93319116e-01
1451            	-1.63451337e-02	2.39323582e-02	9.54010353e-01	4.60660043e-01	4.93350310e-01
1452            	-1.63370204e-02	2.39296021e-02	9.54086645e-01	4.60706302e-01	4.93380343e-01
1453            	-1.63283193e-02	2.39268539e-02	9.54166522e-01	4.60754942e-01	4.93411580e-01
1454            	-1.63196494e-02	2.39241465e-02	9.54246094e-01	4.60803397e-01	4.93442696e-01
1455            	-1.63115437e-02	2.39214327e-02	9.54322109e-01	4.60849511e-01	4.93472598e-01
1456            	-1.63029226e-02	2.39186862e-02	9.54401485e-01	4.60897820e-01	4.93503665e-01
1457            	-1.62943216e-02	2.39159868e-02	9.54480502e-01	4.60945929e-01	4.93534572e-01
1458            	-1.62862798e-02	2.39132789e-02	9.54555946e-01	4.60991693e-01	4.93564253e-01
1459            	-1.62777175e-02	2.39105346e-02	9.54634753e-01	4.61039659e-01	4.93595094e-01
1460            	-1.62692344e-02	2.39077940e-02	9.54713115e-01	4.61087323e-01	4.93625792e-01
1461            	-1.62612761e-02	2.39050644e-02	9.54788011e-01	4.61132729e-01	4.93655282e-01
1462            	-1.62527796e-02	2.39023128e-02	9.54866321e-01	4.61180381e-01	4.93685940e-01
1463            	-1.62443439e-02	2.38995794e-02	9.54944243e-01	4.61227777e-01	4.93716465e-01
1464            	-1.62364795e-02	2.38968281e-02	9.55018640e-01	4.61272840e-01	4.93745799e-01
1465            	-1.62280498e-02	2.38940763e-02	9.55096495e-01	4.61320198e-01	4.93776297e-01
1466            	-1.62201368e-02	2.38913303e-02	9.55171065e-01	4.61365396e-01	4.93805669e-01
1467            	-1.62116838e-02	2.38885736e-02	9.55249089e-01	4.61412861e-01	4.93836228e-01
1468            	-1.62033082e-02	2.38858479e-02	9.55326616e-01	4.61460000e-01	4.93866616e-01
1469            	-1.61954659e-02	2.38831496e-02	9.55400566e-01	4.61504817e-01	4.93895749e-01
1470            	-1.61871061e-02	2.38804329e-02	9.55477756e-01	4.61551772e-01	4.93925984e-01
1471            	-1.61793012e-02	2.38776982e-02	9.55551492e-01	4.61596445e-01	4.93955047e-01
1472            	-1.61709913e-02	2.38749269e-02	9.55628548e-01	4.61643282e-01	4.93985265e-01
1473            	-1.61631894e-02	2.38721810e-02	9.55702251e-01	4.61687936e-01	4.94014315e-01
1474            	-1.61548558e-02	2.38694345e-02	9.55779285e-01	4.61734787e-01	4.94044498e-01
1475            	-1.61470823e-02	2.38666971e-02	9.55852795e-01	4.61779315e-01	4.94073480e-01
1476            	-1.61388171e-02	2.38639447e-02	9.55929483e-01	4.61825924e-01	4.94103559e-01
1477            	-1.61310804e-02	2.38612257e-02	9.56002646e-01	4.61870243e-01	4.94132403e-01
1478            	-1.61228337e-02	2.38585020e-02	9.56078988e-01	4.61916660e-01	4.94162328e-01
1479            	-1.61151613e-02	2.38557747e-02	9.56151722e-01	4.61960700e-01	4.94191022e-01
1480            	-1.61070104e-02	2.38530165e-02	9.56227587e-01	4.62006783e-01	4.94220804e-01
1481            	-1.60993876e-02	2.38502812e-02	9.56299964e-01	4.62050595e-01	4.94249370e-01
1482            	-1.60917268e-02	2.38475098e-02	9.56372646e-01	4.62094596e-01	4.94278050e-01
1483            	-1.60835376e-02	2.38447331e-02	9.56448723e-01	4.62140824e-01	4.94307899e-01
1484            	-1.60759239e-02	2.38419766e-02	9.56521197e-01	4.62184675e-01	4.94336523e-01
1485            	-1.60677861e-02	2.38392540e-02	9.56596787e-01	4.62230608e-01	4.94366180e-01
1486            	-1.60602233e-02	2.38365544e-02	9.56668643e-01	4.62274098e-01	4.94394545e-01
1487            	-1.60526591e-02	2.38338110e-02	9.56740589e-01	4.62317635e-01	4.94422954e-01
1488            	-1.60446039e-02	2.38310429e-02	9.56815748e-01	4.62363270e-01	4.94452478e-01
1489            	-1.60370874e-02	2.38283114e-02	9.56887325e-01	4.62406575e-01	4.94480750e-01
1490            	-1.60290864e-02	2.38255779e-02	9.56961933e-01	4.62451880e-01	4.94510053e-01
1491            	-1.60216726e-02	2.38228474e-02	9.57032832e-01	4.62494744e-01	4.94538089e-01
1492            	-1.60142667e-02	2.38200624e-02	9.57103852e-01	4.62537659e-01	4.94566193e-01
1493            	-1.60063217e-02	2.38172873e-02	9.57178195e-01	4.62582776e-01	4.94595419e-01
1494            	-1.59989270e-02	2.38145422e-02	9.57248990e-01	4.62625568e-01	4.94623422e-01
1495            	-1.59910618e-02	2.38117932e-02	9.57322789e-01	4.62670333e-01	4.94652456e-01
1496            	-1.59837801e-02	2.38090503e-02	9.57392913e-01	4.62712676e-01	4.94680236e-01
1497            	-1.59764548e-02	2.38062908e-02	9.57463246e-01	4.62755168e-01	4.94708078e-01
1498            	-1.59686175e-02	2.38035265e-02	9.57536827e-01	4.62799796e-01	4.94737031e-01
1499            	-1.59613378e-02	2.38007817e-02	9.57606859e-01	4.62842091e-01	4.94764767e-01
1500            	-1.59536062e-02	2.37980214e-02	9.57679835e-01	4.62886311e-01	4.94793524e-01
1501            	-1.59464056e-02	2.37952976e-02	9.57749248e-01	4.62928218e-01	4.94821030e-01
1502            	-1.59391879e-02	2.37925383e-02	9.57818817e-01	4.62970220e-01	4.94848596e-01
1503            	-1.59314822e-02	2.37897606e-02	9.57891563e-01	4.63014299e-01	4.94877264e-01
1504            	-1.59243397e-02	2.37869960e-02	9.57960771e-01	4.63056046e-01	4.94904725e-01
1505            	-1.59167059e-02	2.37842468e-02	9.58032974e-01	4.63099781e-01	4.94933193e-01
1506            	-1.59096214e-02	2.37815195e-02	9.58101607e-01	4.63141182e-01	4.94960425e-01
1507            	-1.59025341e-02	2.37787482e-02	9.58170368e-01	4.63182650e-01	4.94987718e-01
1508            	-1.58949775e-02	2.37759508e-02	9.58242253e-01	4.63226149e-01	4.95016104e-01
1509            	-1.58879285e-02	2.37732007e-02	9.58310726e-01	4.63267435e-01	4.95043292e-01
1510            	-1.58804166e-02	2.37704504e-02	9.58382123e-01	4.63310645e-01	4.95071478e-01
1511            	-1.58734590e-02	2.37677139e-02	9.58449966e-01	4.63351524e-01	4.95098442e-01
1512            	-1.58665085e-02	2.37649275e-02	9.58517920e-01	4.63392451e-01	4.95125468e-01
1513            	-1.58590489e-02	2.37621455e-02	9.58589047e-01	4.63435474e-01	4.95153572e-01
1514            	-1.58521134e-02	2.37593958e-02	9.58656756e-01	4.63476265e-01	4.95180492e-01
1515            	-1.58447354e-02	2.37566351e-02	9.58727330e-01	4.63518930e-01	4.95208400e-01
1516            	-1.58379137e-02	2.37538831e-02	9.58794370e-01	4.63559271e-01	4.95235099e-01
1517            	-1.58310562e-02	2.37511112e-02	9.58861594e-01	4.63599741e-01	4.95261853e-01
1518            	-1.58237195e-02	2.37483277e-02	9.58931913e-01	4.63642237e-01	4.95289676e-01
1519            	-1.58169134e-02	2.37455674e-02	9.58998825e-01	4.63682499e-01	4.95316326e-01
1520            	-1.58096837e-02	2.37427875e-02	9.59068547e-01	4.63724590e-01	4.95343957e-01
1521            	-1.58029579e-02	2.37400480e-02	9.59134854e-01	4.63764469e-01	4.95370385e-01
1522            	-1.57962185e-02	2.37372742e-02	9.59201304e-01	4.63804433e-01	4.95396870e-01
1523            	-1.57890208e-02	2.37344782e-02	9.59270788e-01	4.63846373e-01	4.95424415e-01
1524            	-1.57823552e-02	2.37317009e-02	9.59336885e-01	4.63886087e-01	4.95450798e-01
1525            	-1.57752289e-02	2.37289331e-02	9.59405838e-01	4.63927690e-01	4.95478148e-01
1526            	-1.57686214e-02	2.37261919e-02	9.59471373e-01	4.63967065e-01	4.95504308e-01
1527            	-1.57620130e-02	2.37234080e-02	9.59537025e-01	4.64006500e-01	4.95530526e-01
1528            	-1.57549649e-02	2.37205940e-02	9.59605655e-01	4.64047862e-01	4.95557792e-01
1529            	-1.57483966e-02	2.37178300e-02	9.59671017e-01	4.64087112e-01	4.95583905e-01
1530            	-1.57413949e-02	2.37150609e-02	9.59739164e-01	4.64128187e-01	4.95610977e-01
1531            	-1.57349161e-02	2.37123104e-02	9.59803911e-01	4.64167040e-01	4.95636872e-01
1532            	-1.57284470e-02	2.37095112e-02	9.59868753e-01	4.64205930e-01	4.95662824e-01
1533            	-1.57215037e-02	2.37067097e-02	9.59936612e-01	4.64246802e-01	4.95689810e-01
1534            	-1.57150550e-02	2.37039440e-02	9.60001201e-01	4.64285546e-01	4.95715656e-01
1535            	-1.57081933e-02	2.37011626e-02	9.60068516e-01	4.64326065e-01	4.95742451e-01
1536            	-1.57018550e-02	2.36983953e-02	9.60132455e-01	4.64364372e-01	4.95768082e-01
1537            	-1.56954862e-02	2.36956077e-02	9.60196559e-01	4.64402794e-01	4.95793766e-01
1538            	-1.56886699e-02	2.36928036e-02	9.60263609e-01	4.64443134e-01	4.95820474e-01
1539            	-1.56823513e-02	2.36900278e-02	9.60327409e-01	4.64481353e-01	4.95846056e-01
1540            	-1.56756377e-02	2.36872289e-02	9.60393879e-01	4.64521302e-01	4.95872577e-01
1541            	-1.56693973e-02	2.36844740e-02	9.60457089e-01	4.64559147e-01	4.95897942e-01
1542            	-1.56631463e-02	2.36816859e-02	9.60520424e-01	4.64597066e-01	4.95923359e-01
1543            	-1.56564686e-02	2.36788712e-02	9.60586640e-01	4.64636852e-01	4.95949789e-01
1544            	-1.56502890e-02	2.36760802e-02	9.60649631e-01	4.64674527e-01	4.95975105e-01
1545            	-1.56436818e-02	2.36732926e-02	9.60715327e-01	4.64713982e-01	4.96001345e-01
1546            	-1.56375605e-02	2.36705360e-02	9.60777767e-01	4.64751323e-01	4.96026444e-01
1547            	-1.56314411e-02	2.36677379e-02	9.60840307e-01	4.64788713e-01	4.96051595e-01
1548            	-1.56249138e-02	2.36649053e-02	9.60905669e-01	4.64827921e-01	4.96077748e-01
1549            	-1.56188810e-02	2.36620952e-02	9.60967838e-01	4.64865038e-01	4.96102800e-01
1550            	-1.56124323e-02	2.36592862e-02	9.61032669e-01	4.64903902e-01	4.96128767e-01
1551            	-1.56064572e-02	2.36565127e-02	9.61094292e-01	4.64940689e-01	4.96153603e-01
1552            	-1.56004801e-02	2.36537016e-02	9.61156021e-01	4.64977531e-01	4.96178491e-01
1553            	-1.55940977e-02	2.36508589e-02	9.61220543e-01	4.65016174e-01	4.96204369e-01
1554            	-1.55881928e-02	2.36480450e-02	9.61281928e-01	4.65052771e-01	4.96229157e-01
1555            	-1.55818732e-02	2.36452347e-02	9.61345946e-01	4.65091100e-01	4.96254846e-01
1556            	-1.55760134e-02	2.36424638e-02	9.61406807e-01	4.65127390e-01	4.96279417e-01
1557            	-1.55701489e-02	2.36396567e-02	9.61467776e-01	4.65163739e-01	4.96304037e-01
1558            	-1.55638863e-02	2.36368166e-02	9.61531497e-01	4.65201862e-01	4.96329635e-01
1559            	-1.55580488e-02	2.36340356e-02	9.61592204e-01	4.65238053e-01	4.96354151e-01
1560            	-1.55521939e-02	2.36312388e-02	9.61653040e-01	4.65274326e-01	4.96378714e-01
1561            	-1.55459409e-02	2.36284274e-02	9.61716564e-01	4.65312341e-01	4.96404223e-01
1562            	-1.55401667e-02	2.36256511e-02	9.61776901e-01	4.65348284e-01	4.96428617e-01
1563            	-1.55344192e-02	2.36228384e-02	9.61837213e-01	4.65384187e-01	4.96453025e-01
1564            	-1.55282689e-02	2.36200209e-02	9.61900157e-01	4.65421810e-01	4.96478347e-01
1565            	-1.55225825e-02	2.36172455e-02	9.61959926e-01	4.65457380e-01	4.96502545e-01
1566            	-1.55169106e-02	2.36144369e-02	9.62019690e-01	4.65492935e-01	4.96526756e-01
1567            	-1.55108741e-02	2.36115936e-02	9.62082019e-01	4.65530136e-01	4.96551884e-01
1568            	-1.55053122e-02	2.36087789e-02	9.62141194e-01	4.65565285e-01	4.96575909e-01
1569            	-1.54997302e-02	2.36059554e-02	9.62200448e-01	4.65600494e-01	4.96599954e-01
1570            	-1.54941199e-02	2.36031158e-02	9.62259927e-01	4.65635844e-01	4.96624083e-01
1571            	-1.54881195e-02	2.36002711e-02	9.62322040e-01	4.65672901e-01	4.96649140e-01
1572            	-1.54825800e-02	2.35974832e-02	9.62380977e-01	4.65707909e-01	4.96673069e-01
1573            	-1.54770669e-02	2.35946737e-02	9.62439813e-01	4.65742839e-01	4.96696973e-01
1574            	-1.54711656e-02	2.35918650e-02	9.62501146e-01	4.65779407e-01	4.96721738e-01
1575            	-1.54657145e-02	2.35891010e-02	9.62559318e-01	4.65813944e-01	4.96745373e-01
1576            	-1.54602792e-02	2.35863001e-02	9.62617462e-01	4.65848452e-01	4.96769010e-01
1577            	-1.54544938e-02	2.35834557e-02	9.62678109e-01	4.65884561e-01	4.96793548e-01
1578            	-1.54491672e-02	2.35806370e-02	9.62735700e-01	4.65918683e-01	4.96817017e-01
1579            	-1.54438210e-02	2.35778068e-02	9.62793395e-01	4.65952877e-01	4.96840519e-01
1580            	-1.54381008e-02	2.35749592e-02	9.62853658e-01	4.65988728e-01	4.96864930e-01
1581            	-1.54328099e-02	2.35721613e-02	9.62910947e-01	4.66022663e-01	4.96888283e-01
1582            	-1.54275276e-02	2.35693378e-02	9.62968272e-01	4.66056608e-01	4.96911663e-01
1583            	-1.54222408e-02	2.35664862e-02	9.63025770e-01	4.66090644e-01	4.96935126e-01
1584            	-1.54165579e-02	2.35636464e-02	9.63085847e-01	4.66126365e-01	4.96959481e-01
1585            	-1.54112973e-02	2.35608777e-02	9.63142872e-01	4.66160139e-01	4.96982733e-01
1586            	-1.54060501e-02	2.35580946e-02	9.63199806e-01	4.66193853e-01	4.97005953e-01
1587            	-1.54008096e-02	2.35552827e-02	9.63256781e-01	4.66227581e-01	4.97029200e-01
1588            	-1.53952388e-02	2.35524398e-02	9.63316122e-01	4.66262822e-01	4.97053300e-01
1589            	-1.53900841e-02	2.35496659e-02	9.63372397e-01	4.66296114e-01	4.97076282e-01
1590            	-1.53849440e-02	2.35468723e-02	9.63428578e-01	4.66329345e-01	4.97099233e-01
1591            	-1.53798072e-02	2.35440484e-02	9.63484832e-01	4.66362609e-01	4.97122223e-01
1592            	-1.53743382e-02	2.35411948e-02	9.63543474e-01	4.66397399e-01	4.97146075e-01
1593            	-1.53693145e-02	2.35383876e-02	9.63599056e-01	4.66430214e-01	4.97168843e-01
1594            	-1.53642830e-02	2.35355797e-02	9.63654615e-01	4.66463024e-01	4.97191590e-01
1595            	-1.53592382e-02	2.35327575e-02	9.63710290e-01	4.66495907e-01	4.97214383e-01
1596            	-1.53538502e-02	2.35299185e-02	9.63768363e-01	4.66530332e-01	4.97238032e-01
1597            	-1.53488892e-02	2.35271344e-02	9.63823428e-01	4.66562825e-01	4.97260603e-01
1598            	-1.53439567e-02	2.35243230e-02	9.63878395e-01	4.66595241e-01	4.97283154e-01
1599            	-1.53389941e-02	2.35215076e-02	9.63933500e-01	4.66627756e-01	4.97305744e-01
1600            	-1.53336835e-02	2.35186798e-02	9.63990989e-01	4.66661811e-01	4.97329178e-01
1601            	-1.53287875e-02	2.35159100e-02	9.64045506e-01	4.66693966e-01	4.97351541e-01
1602            	-1.53239152e-02	2.35131141e-02	9.64099932e-01	4.66726051e-01	4.97373881e-01
1603            	-1.53190555e-02	2.35102838e-02	9.64154415e-01	4.66758152e-01	4.97396263e-01
1604            	-1.53138408e-02	2.35074492e-02	9.64211276e-01	4.66791797e-01	4.97419479e-01
1605            	-1.53090263e-02	2.35046812e-02	9.64265213e-01	4.66823580e-01	4.97441633e-01
1606            	-1.53042284e-02	2.35018934e-02	9.64319071e-01	4.66855307e-01	4.97463764e-01
1607            	-1.52994369e-02	2.34990762e-02	9.64372996e-01	4.66887061e-01	4.97485935e-01
1608            	-1.52943370e-02	2.34962256e-02	9.64429194e-01	4.66920260e-01	4.97508934e-01
1609            	-1.52896132e-02	2.34934553e-02	9.64482534e-01	4.66951654e-01	4.97530880e-01
1610            	-1.52848952e-02	2.34906738e-02	9.64535816e-01	4.66983013e-01	4.97552803e-01
1611            	-1.52801737e-02	2.34878696e-02	9.64589183e-01	4.67014418e-01	4.97574765e-01
1612            	-1.52751393e-02	2.34850366e-02	9.64644816e-01	4.67047268e-01	4.97597547e-01
1613            	-1.52705146e-02	2.34822560e-02	9.64697551e-01	4.67078261e-01	4.97619290e-01
1614            	-1.52658800e-02	2.34794753e-02	9.64750258e-01	4.67109249e-01	4.97641009e-01
1615            	-1.52612326e-02	2.34766794e-02	9.64803066e-01	4.67140300e-01	4.97662765e-01
1616            	-1.52562679e-02	2.34738601e-02	9.64858129e-01	4.67172797e-01	4.97685333e-01
1617            	-1.52517013e-02	2.34710972e-02	9.64910338e-01	4.67203468e-01	4.97706870e-01
1618            	-1.52471639e-02	2.34683062e-02	9.64962445e-01	4.67234059e-01	4.97728387e-01
1619            	-1.52425996e-02	2.34655107e-02	9.65014678e-01	4.67264739e-01	4.97749938e-01
1620            	-1.52377136e-02	2.34626983e-02	9.65069158e-01	4.67296865e-01	4.97772292e-01
1621            	-1.52332117e-02	2.34599488e-02	9.65120828e-01	4.67327202e-01	4.97793626e-01
1622            	-1.52287318e-02	2.34571756e-02	9.65172411e-01	4.67357473e-01	4.97814937e-01
1623            	-1.52239693e-02	2.34543584e-02	9.65226114e-01	4.67389088e-01	4.97837026e-01
1624            	-1.52195579e-02	2.34516105e-02	9.65277120e-01	4.67419002e-01	4.97858118e-01
1625            	-1.52151456e-02	2.34488408e-02	9.65328146e-01	4.67448927e-01	4.97879219e-01
1626            	-1.52107207e-02	2.34460441e-02	9.65379345e-01	4.67478952e-01	4.97900393e-01
1627            	-1.52059901e-02	2.34432175e-02	9.65432795e-01	4.67510408e-01	4.97922388e-01
1628            	-1.52016365e-02	2.34404537e-02	9.65483533e-01	4.67540130e-01	4.97943403e-01
1629            	-1.51972658e-02	2.34376994e-02	9.65534267e-01	4.67569868e-01	4.97964399e-01
1630            	-1.51925892e-02	2.34349267e-02	9.65587127e-01	4.67600974e-01	4.97986152e-01
1631            	-1.51882803e-02	2.34322084e-02	9.65637273e-01	4.67630356e-01	4.98006917e-01
1632            	-1.51839894e-02	2.34294560e-02	9.65687376e-01	4.67659699e-01	4.98027678e-01
1633            	-1.51794215e-02	2.34266499e-02	9.65739597e-01	4.67690377e-01	4.98049220e-01
1634            	-1.51752267e-02	2.34238831e-02	9.65789188e-01	4.67719367e-01	4.98069821e-01
1635            	-1.51710126e-02	2.34211086e-02	9.65838859e-01	4.67748417e-01	4.98090442e-01
1636            	-1.51664917e-02	2.34183077e-02	9.65890719e-01	4.67778868e-01	4.98111851e-01
1637            	-1.51623115e-02	2.34155710e-02	9.65940039e-01	4.67807708e-01	4.98132331e-01
1638            	-1.51581332e-02	2.34128150e-02	9.65989393e-01	4.67836563e-01	4.98152830e-01
1639            	-1.51536701e-02	2.34100216e-02	9.66040867e-01	4.67866763e-01	4.98174103e-01
1640            	-1.51495611e-02	2.34072817e-02	9.66089769e-01	4.67895323e-01	4.98194445e-01
1641            	-1.51454262e-02	2.34045430e-02	9.66138738e-01	4.67923943e-01	4.98214795e-01
1642            	-1.51409870e-02	2.34017803e-02	9.66189842e-01	4.67953934e-01	4.98235908e-01
1643            	-1.51368848e-02	2.33990775e-02	9.66238414e-01	4.67982322e-01	4.98256092e-01
1644            	-1.51327895e-02	2.33963491e-02	9.66286993e-01	4.68010707e-01	4.98276286e-01
1645            	-1.51284206e-02	2.33935752e-02	9.66337643e-01	4.68040401e-01	4.98297242e-01
1646            	-1.51244062e-02	2.33908488e-02	9.66385746e-01	4.68068467e-01	4.98317279e-01
1647            	-1.51201024e-02	2.33881039e-02	9.66435830e-01	4.68097812e-01	4.98338017e-01
1648            	-1.51161256e-02	2.33854151e-02	9.66483425e-01	4.68125587e-01	4.98357838e-01
1649            	-1.51121473e-02	2.33826937e-02	9.66531092e-01	4.68153399e-01	4.98377693e-01
1650            	-1.51078865e-02	2.33799217e-02	9.66580901e-01	4.68182564e-01	4.98398337e-01
1651            	-1.51039543e-02	2.33772004e-02	9.66628333e-01	4.68210212e-01	4.98418121e-01
1652            	-1.51000286e-02	2.33744541e-02	9.66675838e-01	4.68237891e-01	4.98437948e-01
1653            	-1.50957883e-02	2.33717008e-02	9.66725494e-01	4.68266959e-01	4.98458535e-01
1654            	-1.50918546e-02	2.33690276e-02	9.66772739e-01	4.68294515e-01	4.98478224e-01
1655            	-1.50876506e-02	2.33663293e-02	9.66821888e-01	4.68323293e-01	4.98498595e-01
1656            	-1.50837799e-02	2.33636778e-02	9.66868547e-01	4.68350493e-01	4.98518053e-01
1657            	-1.50799227e-02	2.33609835e-02	9.66915218e-01	4.68377686e-01	4.98537532e-01
1658            	-1.50758059e-02	2.33582268e-02	9.66963935e-01	4.68406162e-01	4.98557774e-01
1659            	-1.50719762e-02	2.33555434e-02	9.67010368e-01	4.68433208e-01	4.98577160e-01
1660            	-1.50681291e-02	2.33528495e-02	9.67056910e-01	4.68460326e-01	4.98596584e-01
1661            	-1.50639988e-02	2.33501273e-02	9.67105512e-01	4.68488757e-01	4.98616755e-01
1662            	-1.50601879e-02	2.33474698e-02	9.67151721e-01	4.68515672e-01	4.98636048e-01
1663            	-1.50561317e-02	2.33447748e-02	9.67199764e-01	4.68543750e-01	4.98656014e-01
1664            	-1.50524108e-02	2.33421231e-02	9.67245357e-01	4.68570268e-01	4.98675089e-01
1665            	-1.50486666e-02	2.33394587e-02	9.67291033e-01	4.68596850e-01	4.98694183e-01
1666            	-1.50446372e-02	2.33367551e-02	9.67338775e-01	4.68624750e-01	4.98714025e-01
1667            	-1.50409088e-02	2.33341087e-02	9.67384244e-01	4.68651213e-01	4.98733031e-01
1668            	-1.50371772e-02	2.33314406e-02	9.67429795e-01	4.68677720e-01	4.98752075e-01
1669            	-1.50331831e-02	2.33287331e-02	9.67477340e-01	4.68705487e-01	4.98771853e-01
1670            	-1.50295092e-02	2.33260849e-02	9.67522523e-01	4.68731752e-01	4.98790771e-01
1671            	-1.50258084e-02	2.33234443e-02	9.67567764e-01	4.68758074e-01	4.98809690e-01
1672            	-1.50218290e-02	2.33207815e-02	9.67614964e-01	4.68785653e-01	4.98829311e-01
1673            	-1.50181571e-02	2.33181819e-02	9.67659798e-01	4.68811742e-01	4.98848056e-01
1674            	-1.50144933e-02	2.33155578e-02	9.67704617e-01	4.68837815e-01	4.98866802e-01
1675            	-1.50105818e-02	2.33128847e-02	9.67751334e-01	4.68865085e-01	4.98886249e-01
1676            	-1.50069948e-02	2.33102592e-02	9.67795685e-01	4.68890848e-01	4.98904837e-01
1677            	-1.50033860e-02	2.33076315e-02	9.67840094e-01	4.68916661e-01	4.98923433e-01
1678            	-1.49995057e-02	2.33049751e-02	9.67886453e-01	4.68943721e-01	4.98942732e-01
1679            	-1.49959249e-02	2.33023829e-02	9.67930517e-01	4.68969334e-01	4.98961183e-01
1680            	-1.49923480e-02	2.32997704e-02	9.67974598e-01	4.68994951e-01	4.98979647e-01
1681            	-1.49885236e-02	2.32971144e-02	9.68020575e-01	4.69021764e-01	4.98998811e-01
1682            	-1.49850126e-02	2.32945125e-02	9.68064239e-01	4.69047107e-01	4.99017132e-01
1683            	-1.49814759e-02	2.32919136e-02	9.68107970e-01	4.69072509e-01	4.99035461e-01
1684            	-1.49776690e-02	2.32892887e-02	9.68153622e-01	4.69099142e-01	4.99054480e-01
1685            	-1.49741555e-02	2.32867281e-02	9.68197007e-01	4.69124348e-01	4.99072659e-01
1686            	-1.49706460e-02	2.32841462e-02	9.68240404e-01	4.69149556e-01	4.99090848e-01
1687            	-1.49668937e-02	2.32815185e-02	9.68285661e-01	4.69175937e-01	4.99109724e-01
1688            	-1.49634515e-02	2.32789424e-02	9.68328632e-01	4.69200865e-01	4.99127768e-01
1689            	-1.49599854e-02	2.32763675e-02	9.68371665e-01	4.69225847e-01	4.99145818e-01
1690            	-1.49562548e-02	2.32737651e-02	9.68416589e-01	4.69252040e-01	4.99164550e-01
1691            	-1.49528136e-02	2.32712265e-02	9.68459280e-01	4.69276826e-01	4.99182453e-01
1692            	-1.49493771e-02	2.32686671e-02	9.68501979e-01	4.69301613e-01	4.99200367e-01
1693            	-1.49457022e-02	2.32660624e-02	9.68546512e-01	4.69327554e-01	4.99218958e-01
1694            	-1.49423320e-02	2.32635103e-02	9.68588795e-01	4.69352066e-01	4.99236730e-01
1695            	-1.49389370e-02	2.32609607e-02	9.68631141e-01	4.69376634e-01	4.99254508e-01
1696            	-1.49352808e-02	2.32583844e-02	9.68675353e-01	4.69402396e-01	4.99272957e-01
1697            	-1.49319084e-02	2.32558724e-02	9.68717366e-01	4.69426774e-01	4.99290591e-01
1698            	-1.49283082e-02	2.32533202e-02	9.68761077e-01	4.69452230e-01	4.99308847e-01
1699            	-1.49250072e-02	2.32508111e-02	9.68802567e-01	4.69476276e-01	4.99326291e-01
1700            	-1.49217217e-02	2.32482618e-02	9.68844085e-01	4.69500321e-01	4.99343764e-01
1701            	-1.49182088e-02	2.32456528e-02	9.68887451e-01	4.69525517e-01	4.99361934e-01
1702            	-1.49149384e-02	2.32431265e-02	9.68928800e-01	4.69549462e-01	4.99379338e-01
1703            	-1.49114163e-02	2.32405790e-02	9.68971927e-01	4.69574547e-01	4.99397380e-01
1704            	-1.49081594e-02	2.32380967e-02	9.69012957e-01	4.69598319e-01	4.99414638e-01
1705            	-1.49046696e-02	2.32355727e-02	9.69055708e-01	4.69623185e-01	4.99432524e-01
1706            	-1.49014560e-02	2.32330917e-02	9.69096383e-01	4.69646736e-01	4.99449647e-01
1707            	-1.48982453e-02	2.32305731e-02	9.69137154e-01	4.69670332e-01	4.99466822e-01
1708            	-1.48948021e-02	2.32279992e-02	9.69179787e-01	4.69695092e-01	4.99484696e-01
1709            	-1.48915894e-02	2.32255115e-02	9.69220472e-01	4.69718647e-01	4.99501825e-01
1710            	-1.48881269e-02	2.32230067e-02	9.69262903e-01	4.69743324e-01	4.99519578e-01
1711            	-1.48849270e-02	2.32205668e-02	9.69303252e-01	4.69766699e-01	4.99536553e-01
1712            	-1.48815033e-02	2.32180843e-02	9.69345263e-01	4.69791128e-01	4.99554135e-01
1713            	-1.48783577e-02	2.32156405e-02	9.69385198e-01	4.69814241e-01	4.99570957e-01
1714            	-1.48750045e-02	2.32131333e-02	9.69426802e-01	4.69838396e-01	4.99588405e-01
1715            	-1.48719284e-02	2.32106583e-02	9.69466402e-01	4.69861272e-01	4.99605129e-01
1716            	-1.48686011e-02	2.32081522e-02	9.69507784e-01	4.69885291e-01	4.99622493e-01
1717            	-1.48655107e-02	2.32057072e-02	9.69547278e-01	4.69908128e-01	4.99639150e-01
1718            	-1.48621820e-02	2.32032244e-02	9.69588533e-01	4.69932085e-01	4.99656449e-01
1719            	-1.48591015e-02	2.32007949e-02	9.69627884e-01	4.69954840e-01	4.99673043e-01
1720            	-1.48557973e-02	2.31983203e-02	9.69668949e-01	4.69978677e-01	4.99690272e-01
1721            	-1.48527521e-02	2.31958918e-02	9.69708080e-01	4.70001288e-01	4.99706792e-01
1722            	-1.48494964e-02	2.31934115e-02	9.69748881e-01	4.70024944e-01	4.99723937e-01
1723            	-1.48464595e-02	2.31910049e-02	9.69787818e-01	4.70047449e-01	4.99740368e-01
1724            	-1.48431819e-02	2.31885664e-02	9.69828470e-01	4.70071053e-01	4.99757417e-01
1725            	-1.48401462e-02	2.31861805e-02	9.69867222e-01	4.70093465e-01	4.99773757e-01
1726            	-1.48368890e-02	2.31837474e-02	9.69907647e-01	4.70116935e-01	4.99790713e-01
1727            	-1.48338888e-02	2.31813553e-02	9.69946155e-01	4.70139189e-01	4.99806966e-01
1728            	-1.48306838e-02	2.31789075e-02	9.69986300e-01	4.70162466e-01	4.99823834e-01
1729            	-1.48277408e-02	2.31764994e-02	9.70024528e-01	4.70184523e-01	4.99840005e-01
1730            	-1.48245544e-02	2.31740674e-02	9.70064460e-01	4.70207676e-01	4.99856784e-01
1731            	-1.48215960e-02	2.31716979e-02	9.70102547e-01	4.70229677e-01	4.99872869e-01
1732            	-1.48184114e-02	2.31692906e-02	9.70142300e-01	4.70252738e-01	4.99889561e-01
1733            	-1.48154695e-02	2.31669319e-02	9.70180188e-01	4.70274624e-01	4.99905563e-01
1734            	-1.48123176e-02	2.31645241e-02	9.70219706e-01	4.70297536e-01	4.99922171e-01
1735            	-1.48092156e-02	2.31621359e-02	9.70258851e-01	4.70320210e-01	4.99938641e-01
1736            	-1.48063767e-02	2.31597818e-02	9.70296046e-01	4.70341647e-01	4.99954400e-01
1737            	-1.48033045e-02	2.31573903e-02	9.70334898e-01	4.70364144e-01	4.99970753e-01
1738            	-1.48004466e-02	2.31550459e-02	9.70372039e-01	4.70385573e-01	4.99986466e-01
1739            	-1.47973602e-02	2.31526543e-02	9.70410908e-01	4.70408094e-01	5.00002814e-01
1740            	-1.47944971e-02	2.31503103e-02	9.70448074e-01	4.70429540e-01	5.00018534e-01
1741            	-1.47914188e-02	2.31479235e-02	9.70486911e-01	4.70452037e-01	5.00034874e-01
1742            	-1.47885782e-02	2.31455867e-02	9.70523961e-01	4.70473402e-01	5.00050559e-01
1743            	-1.47855386e-02	2.31432058e-02	9.70562590e-01	4.70495756e-01	5.00066834e-01
1744            	-1.47825044e-02	2.31408811e-02	9.70600914e-01	4.70517953e-01	5.00082962e-01
1745            	-1.47796984e-02	2.31386121e-02	9.70637357e-01	4.70538980e-01	5.00098377e-01
1746            	-1.47766855e-02	2.31362891e-02	9.70675350e-01	4.70560989e-01	5.00114360e-01
1747            	-1.47739044e-02	2.31339928e-02	9.70711605e-01	4.70581898e-01	5.00129707e-01
1748            	-1.47709227e-02	2.31316322e-02	9.70749489e-01	4.70603822e-01	5.00145667e-01
1749            	-1.47681752e-02	2.31293067e-02	9.70785673e-01	4.70624661e-01	5.00161012e-01
1750            	-1.47652338e-02	2.31269301e-02	9.70823456e-01	4.70646494e-01	5.00176962e-01
1751            	-1.47624841e-02	2.31246338e-02	9.70859575e-01	4.70667304e-01	5.00192272e-01
1752            	-1.47595083e-02	2.31223178e-02	9.70897300e-01	4.70689142e-01	5.00208158e-01
1753            	-1.47567489e-02	2.31200629e-02	9.70933270e-01	4.70709886e-01	5.00223384e-01
1754            	-1.47537841e-02	2.31177694e-02	9.70970776e-01	4.70731604e-01	5.00239172e-01
1755            	-1.47508630e-02	2.31154963e-02	9.71007909e-01	4.70753091e-01	5.00254817e-01
1756            	-1.47481921e-02	2.31132525e-02	9.71043169e-01	4.70773393e-01	5.00269777e-01
1757            	-1.47453490e-02	2.31109360e-02	9.71079894e-01	4.70794598e-01	5.00285296e-01
1758            	-1.47427410e-02	2.31086412e-02	9.71114928e-01	4.70814723e-01	5.00300205e-01
1759            	-1.47399052e-02	2.31063135e-02	9.71151613e-01	4.70835901e-01	5.00315712e-01
1760            	-1.47372593e-02	2.31040486e-02	9.71186727e-01	4.70856104e-01	5.00330623e-01
1761            	-1.47343939e-02	2.31017560e-02	9.71223455e-01	4.70877333e-01	5.00346121e-01
1762            	-1.47317343e-02	2.30995236e-02	9.71258531e-01	4.70897531e-01	5.00361000e-01
1763            	-1.47288740e-02	2.30972565e-02	9.71295128e-01	4.70918690e-01	5.00376438e-01
1764            	-1.47262394e-02	2.30950365e-02	9.71329991e-01	4.70938756e-01	5.00391235e-01
1765            	-1.47234241e-02	2.30927675e-02	9.71366306e-01	4.70959729e-01	5.00406577e-01
1766            	-1.47208440e-02	2.30905359e-02	9.71400860e-01	4.70979586e-01	5.00421274e-01
1767            	-1.47180475e-02	2.30882798e-02	9.71436929e-01	4.71000417e-01	5.00436512e-01
1768            	-1.47154540e-02	2.30860802e-02	9.71471316e-01	4.71020204e-01	5.00451112e-01
1769            	-1.47126614e-02	2.30838406e-02	9.71507192e-01	4.71040934e-01	5.00466257e-01
1770            	-1.47100858e-02	2.30816451e-02	9.71541379e-01	4.71060604e-01	5.00480775e-01
1771            	-1.47073268e-02	2.30794007e-02	9.71577029e-01	4.71081188e-01	5.00495841e-01
1772            	-1.47047936e-02	2.30771958e-02	9.71610988e-01	4.71100701e-01	5.00510288e-01
1773            	-1.47020883e-02	2.30749389e-02	9.71646385e-01	4.71121104e-01	5.00525281e-01
1774            	-1.46996082e-02	2.30727237e-02	9.71680099e-01	4.71140441e-01	5.00539657e-01
1775            	-1.46969126e-02	2.30704905e-02	9.71715324e-01	4.71160749e-01	5.00554574e-01
1776            	-1.46944058e-02	2.30683217e-02	9.71748938e-01	4.71180063e-01	5.00568875e-01
1777            	-1.46916980e-02	2.30661203e-02	9.71784031e-01	4.71200317e-01	5.00583713e-01
1778            	-1.46891950e-02	2.30639672e-02	9.71817487e-01	4.71219549e-01	5.00597939e-01
1779            	-1.46865091e-02	2.30617680e-02	9.71852380e-01	4.71239681e-01	5.00612699e-01
1780            	-1.46840414e-02	2.30596071e-02	9.71885618e-01	4.71258767e-01	5.00626850e-01
1781            	-1.46814062e-02	2.30573931e-02	9.71920255e-01	4.71278721e-01	5.00641534e-01
1782            	-1.46789928e-02	2.30552171e-02	9.71953236e-01	4.71297625e-01	5.00655611e-01
1783            	-1.46763719e-02	2.30530204e-02	9.71987685e-01	4.71317471e-01	5.00670214e-01
1784            	-1.46739377e-02	2.30508851e-02	9.72020551e-01	4.71336338e-01	5.00684213e-01
1785            	-1.46713116e-02	2.30487156e-02	9.72054848e-01	4.71356112e-01	5.00698736e-01
1786            	-1.46688869e-02	2.30465931e-02	9.72087542e-01	4.71374884e-01	5.00712658e-01
1787            	-1.46662869e-02	2.30444244e-02	9.72121633e-01	4.71394530e-01	5.00727103e-01
1788            	-1.46638995e-02	2.30422942e-02	9.72154108e-01	4.71413154e-01	5.00740953e-01
1789            	-1.46613503e-02	2.30401120e-02	9.72187947e-01	4.71432623e-01	5.00755324e-01
1790            	-1.46590156e-02	2.30379684e-02	9.72220174e-01	4.71451071e-01	5.00769103e-01
1791            	-1.46564778e-02	2.30358054e-02	9.72253836e-01	4.71470440e-01	5.00783396e-01
1792            	-1.46541191e-02	2.30337042e-02	9.72285959e-01	4.71488861e-01	5.00797099e-01
1793            	-1.46515723e-02	2.30315701e-02	9.72319484e-01	4.71508169e-01	5.00811314e-01
1794            	-1.46492199e-02	2.30294827e-02	9.72351446e-01	4.71526503e-01	5.00824943e-01
1795            	-1.46466969e-02	2.30273497e-02	9.72384771e-01	4.71545689e-01	5.00839082e-01
1796            	-1.46443807e-02	2.30252545e-02	9.72416518e-01	4.71563878e-01	5.00852639e-01
1797            	-1.46419081e-02	2.30231071e-02	9.72449595e-01	4.71582889e-01	5.00866705e-01
1798            	-1.46396448e-02	2.30209975e-02	9.72481095e-01	4.71600903e-01	5.00880192e-01
1799            	-1.46371847e-02	2.30188681e-02	9.72513995e-01	4.71619813e-01	5.00894182e-01
1800            	-1.46348987e-02	2.30167996e-02	9.72545390e-01	4.71637797e-01	5.00907594e-01
1801            	-1.46324304e-02	2.30146981e-02	9.72578154e-01	4.71656646e-01	5.00921507e-01
1802            	-1.46301509e-02	2.30126429e-02	9.72609391e-01	4.71674545e-01	5.00934846e-01
1803            	-1.46277062e-02	2.30105425e-02	9.72641959e-01	4.71693273e-01	5.00948686e-01
1804            	-1.46254624e-02	2.30084797e-02	9.72672985e-01	4.71711030e-01	5.00961955e-01
1805            	-1.46230671e-02	2.30063653e-02	9.72705309e-01	4.71729588e-01	5.00975722e-01
1806            	-1.46208751e-02	2.30042886e-02	9.72736093e-01	4.71747171e-01	5.00988922e-01
1807            	-1.46185363e-02	2.30021613e-02	9.72768158e-01	4.71765543e-01	5.01002615e-01
1808            	-1.46163507e-02	2.30001074e-02	9.72798783e-01	4.71783041e-01	5.01015742e-01
1809            	-1.46139779e-02	2.29980305e-02	9.72830759e-01	4.71801401e-01	5.01029357e-01
1810            	-1.46117745e-02	2.29960098e-02	9.72861271e-01	4.71818861e-01	5.01042410e-01
1811            	-1.46093984e-02	2.29939523e-02	9.72893103e-01	4.71837153e-01	5.01055950e-01
1812            	-1.46072085e-02	2.29919366e-02	9.72923447e-01	4.71854515e-01	5.01068932e-01
1813            	-1.46048649e-02	2.29898725e-02	9.72955071e-01	4.71872670e-01	5.01082400e-01
1814            	-1.46027186e-02	2.29878439e-02	9.72985193e-01	4.71889878e-01	5.01095315e-01
1815            	-1.46004308e-02	2.29857628e-02	9.73016566e-01	4.71907852e-01	5.01108714e-01
1816            	-1.45983395e-02	2.29837200e-02	9.73046444e-01	4.71924882e-01	5.01121561e-01
1817            	-1.45960626e-02	2.29816597e-02	9.73077648e-01	4.71942761e-01	5.01134886e-01
1818            	-1.45939437e-02	2.29796623e-02	9.73107434e-01	4.71959773e-01	5.01147661e-01
1819            	-1.45916514e-02	2.29776346e-02	9.73138518e-01	4.71977608e-01	5.01160911e-01
1820            	-1.45895316e-02	2.29756545e-02	9.73168164e-01	4.71994550e-01	5.01173614e-01
1821            	-1.45872552e-02	2.29736313e-02	9.73199070e-01	4.72012280e-01	5.01186790e-01
1822            	-1.45851650e-02	2.29716454e-02	9.73228521e-01	4.72029095e-01	5.01199425e-01
1823            	-1.45829336e-02	2.29696087e-02	9.73259199e-01	4.72046666e-01	5.01212533e-01
1824            	-1.45808930e-02	2.29676082e-02	9.73288417e-01	4.72063316e-01	5.01225102e-01
1825            	-1.45788642e-02	2.29655814e-02	9.73317679e-01	4.72079975e-01	5.01237704e-01
1826            	-1.45766423e-02	2.29635414e-02	9.73348331e-01	4.72097523e-01	5.01250808e-01
1827            	-1.45745709e-02	2.29615763e-02	9.73377589e-01	4.72114224e-01	5.01263365e-01
1828            	-1.45723299e-02	2.29595941e-02	9.73408074e-01	4.72131707e-01	5.01276367e-01
1829            	-1.45702639e-02	2.29576663e-02	9.73437061e-01	4.72148266e-01	5.01288794e-01
1830            	-1.45680531e-02	2.29556968e-02	9.73467202e-01	4.72165548e-01	5.01301654e-01
1831            	-1.45660331e-02	2.29537588e-02	9.73495848e-01	4.72181891e-01	5.01313957e-01
1832            	-1.45640300e-02	2.29517855e-02	9.73524503e-01	4.72198222e-01	5.01326282e-01
1833            	-1.45618900e-02	2.29497557e-02	9.73554420e-01	4.72215320e-01	5.01339100e-01
1834            	-1.45599354e-02	2.29477709e-02	9.73582910e-01	4.72231520e-01	5.01351390e-01
1835            	-1.45579496e-02	2.29458027e-02	9.73611498e-01	4.72247800e-01	5.01363699e-01
1836            	-1.45557853e-02	2.29438239e-02	9.73641381e-01	4.72264905e-01	5.01376476e-01
1837            	-1.45537789e-02	2.29419161e-02	9.73669826e-01	4.72281134e-01	5.01388692e-01
1838            	-1.45516202e-02	2.29399841e-02	9.73699408e-01	4.72298084e-01	5.01401324e-01
1839            	-1.45496423e-02	2.29380960e-02	9.73727488e-01	4.72314102e-01	5.01413386e-01
1840            	-1.45476780e-02	2.29361791e-02	9.73755542e-01	4.72330093e-01	5.01425449e-01
1841            	-1.45455800e-02	2.29342059e-02	9.73784800e-01	4.72346820e-01	5.01437980e-01
1842            	-1.45436683e-02	2.29322703e-02	9.73812627e-01	4.72362645e-01	5.01449982e-01
1843            	-1.45417736e-02	2.29303131e-02	9.73840454e-01	4.72378453e-01	5.01462001e-01
1844            	-1.45397019e-02	2.29283463e-02	9.73869557e-01	4.72395076e-01	5.01474480e-01
1845            	-1.45377761e-02	2.29264556e-02	9.73897283e-01	4.72410865e-01	5.01486417e-01
