# Force coefficients
# liftDir       : (0.00000000e+00 1.00000000e+00 0.00000000e+00)
# dragDir       : (1.00000000e+00 0.00000000e+00 0.00000000e+00)
# pitchAxis     : (0.00000000e+00 0.00000000e+00 1.00000000e+00)
# magUInf       : 1.50000000e+01
# lRef          : 1.00000000e+00
# Aref          : 1.00000000e-02
# CofR          : (2.50000000e-01 0.00000000e+00 0.00000000e+00)
# Time          	Cm              	Cd              	Cl              	Cl(f)           	Cl(r)           
0               	-9.63210102e-03	5.09140482e-01	1.27914649e-03	-8.99252777e-03	1.02716743e-02
1               	9.83744223e-01	1.70195792e+00	8.12670842e-01	1.39007964e+00	-5.77408802e-01
2               	1.26515795e+00	1.85305831e+00	1.04194440e+00	1.78613015e+00	-7.44185749e-01
3               	1.11133848e+00	1.49433510e+00	8.58205472e-01	1.54044121e+00	-6.82235742e-01
4               	6.91850152e-01	8.56820732e-01	4.51881271e-01	9.17790788e-01	-4.65909517e-01
5               	2.26437039e-01	2.11589882e-01	7.73654429e-02	2.65119760e-01	-1.87754318e-01
6               	-1.34004744e-01	-2.58569184e-01	-1.33658175e-01	-2.00833832e-01	6.71756570e-02
7               	-3.14012521e-01	-4.83931555e-01	-1.45664543e-01	-3.86844792e-01	2.41180249e-01
8               	-3.27782599e-01	-4.89092991e-01	-3.00313649e-02	-3.42798281e-01	3.12766916e-01
9               	-2.47724657e-01	-3.62340299e-01	8.61331534e-02	-2.04658080e-01	2.90791234e-01
10              	-9.69325007e-02	-1.60482899e-01	2.21454284e-01	1.37946414e-02	2.07659643e-01
11              	4.90450258e-02	2.89183048e-02	2.97709700e-01	1.97899876e-01	9.98098244e-02
12              	1.53209389e-01	1.57372374e-01	3.07864951e-01	3.07141865e-01	7.23086653e-04
13              	1.97768374e-01	2.10614747e-01	2.59080577e-01	3.27308663e-01	-6.82280850e-02
14              	1.96138852e-01	2.01181970e-01	1.95764401e-01	2.94021052e-01	-9.82566512e-02
15              	1.69842346e-01	1.57532146e-01	1.52813416e-01	2.46249054e-01	-9.34356384e-02
16              	1.29867221e-01	1.01067447e-01	1.30353571e-01	1.95044007e-01	-6.46904357e-02
17              	8.76190842e-02	4.82175474e-02	1.23702462e-01	1.49470315e-01	-2.57678532e-02
18              	5.55868028e-02	1.00880795e-02	1.30973688e-01	1.21073647e-01	9.90004119e-03
19              	3.95077584e-02	-9.33404441e-03	1.46682330e-01	1.12848923e-01	3.38334064e-02
20              	3.76466230e-02	-1.27282957e-02	1.62372723e-01	1.18832984e-01	4.35397384e-02
21              	4.52690086e-02	-5.07764138e-03	1.72503036e-01	1.31520527e-01	4.09825095e-02
22              	5.78420495e-02	7.29507429e-03	1.76308683e-01	1.45996391e-01	3.03122917e-02
23              	7.23056625e-02	2.02344841e-02	1.76982402e-01	1.60796863e-01	1.61855384e-02
24              	8.45369973e-02	3.03084924e-02	1.76103915e-01	1.72588955e-01	3.51496027e-03
25              	9.26844965e-02	3.62290857e-02	1.75352726e-01	1.80360859e-01	-5.00813357e-03
26              	9.69546077e-02	3.83880971e-02	1.77130478e-01	1.85519847e-01	-8.38936855e-03
27              	9.75009070e-02	3.74681247e-02	1.80752594e-01	1.87877204e-01	-7.12461001e-03
28              	9.52676584e-02	3.46796202e-02	1.85232075e-01	1.87883696e-01	-2.65162075e-03
29              	9.15934265e-02	3.12181323e-02	1.88964175e-01	1.86075514e-01	2.88866125e-03
30              	8.79649568e-02	2.79949763e-02	1.91675804e-01	1.83802859e-01	7.87294530e-03
31              	8.50207675e-02	2.54803165e-02	1.93038467e-01	1.81540001e-01	1.14984662e-02
32              	8.29661558e-02	2.37991691e-02	1.92859376e-01	1.79395844e-01	1.34635320e-02
33              	8.18695645e-02	2.28798022e-02	1.91164962e-01	1.77452046e-01	1.37129166e-02
34              	8.18773484e-02	2.25881118e-02	1.88929597e-01	1.76342147e-01	1.25874500e-02
35              	8.29049915e-02	2.27113799e-02	1.87462888e-01	1.76636436e-01	1.08264526e-02
36              	8.45748277e-02	2.30114180e-02	1.87548064e-01	1.78348859e-01	9.19920412e-03
37              	8.63710388e-02	2.32906746e-02	1.89134770e-01	1.80938424e-01	8.19634629e-03
38              	8.78751375e-02	2.34144591e-02	1.91623026e-01	1.83686650e-01	7.93637545e-03
39              	8.89888467e-02	2.33456309e-02	1.94601476e-01	1.86289585e-01	8.31189134e-03
40              	8.99100688e-02	2.31111005e-02	1.98557829e-01	1.89188983e-01	9.36884561e-03
41              	9.04312469e-02	2.27631625e-02	2.02453817e-01	1.91658156e-01	1.07956619e-02
42              	9.05782402e-02	2.23843866e-02	2.05719009e-01	1.93437745e-01	1.22812642e-02
43              	9.04558362e-02	2.20553597e-02	2.08184939e-01	1.94548306e-01	1.36366333e-02
44              	9.01788491e-02	2.18111436e-02	2.09572706e-01	1.94965202e-01	1.46075041e-02
45              	8.99022588e-02	2.16462146e-02	2.10090222e-01	1.94947370e-01	1.51428523e-02
46              	8.97179999e-02	2.15580491e-02	2.10199732e-01	1.94817866e-01	1.53818660e-02
47              	8.96748677e-02	2.15168183e-02	2.10236847e-01	1.94793291e-01	1.54435557e-02
48              	8.97833574e-02	2.14923447e-02	2.10460886e-01	1.95013800e-01	1.54470855e-02
49              	9.00258358e-02	2.14538075e-02	2.11037245e-01	1.95544458e-01	1.54927866e-02
50              	9.03991571e-02	2.13855821e-02	2.12134434e-01	1.96466374e-01	1.56680599e-02
51              	9.08854810e-02	2.12524536e-02	2.13888381e-01	1.97829672e-01	1.60587095e-02
52              	9.13606825e-02	2.10427314e-02	2.16006910e-01	1.99364137e-01	1.66427725e-02
53              	9.18068593e-02	2.07447025e-02	2.18533419e-01	2.01073569e-01	1.74598504e-02
54              	9.21014629e-02	2.04292837e-02	2.20826931e-01	2.02514928e-01	1.83120024e-02
55              	9.22355926e-02	2.01517476e-02	2.22564795e-01	2.03517990e-01	1.90468049e-02
56              	9.22725957e-02	1.99145823e-02	2.23891016e-01	2.04218104e-01	1.96729123e-02
57              	9.22654406e-02	1.97143836e-02	2.24989811e-01	2.04760346e-01	2.02294647e-02
58              	9.22546819e-02	1.95529143e-02	2.25997781e-01	2.05253572e-01	2.07442085e-02
59              	9.22760463e-02	1.94349311e-02	2.27025744e-01	2.05788918e-01	2.12368259e-02
60              	9.23448949e-02	1.93590162e-02	2.28008673e-01	2.06349231e-01	2.16594416e-02
61              	9.24681971e-02	1.93137103e-02	2.28979242e-01	2.06957818e-01	2.20214237e-02
62              	9.26222967e-02	1.92763272e-02	2.29875229e-01	2.07559911e-01	2.23153180e-02
63              	9.28026464e-02	1.92360304e-02	2.30753866e-01	2.08179579e-01	2.25742864e-02
64              	9.30136113e-02	1.91867270e-02	2.31691936e-01	2.08859579e-01	2.28323567e-02
65              	9.32806319e-02	1.91251974e-02	2.32831620e-01	2.09696442e-01	2.31351781e-02
66              	9.34943951e-02	1.90286304e-02	2.33807108e-01	2.10397949e-01	2.34091588e-02
67              	9.36640184e-02	1.89035763e-02	2.34664237e-01	2.10996137e-01	2.36681000e-02
68              	9.38510088e-02	1.87421366e-02	2.35703288e-01	2.11702653e-01	2.40006350e-02
69              	9.39721228e-02	1.85615775e-02	2.36541421e-01	2.12242833e-01	2.42985877e-02
70              	9.40377591e-02	1.83756475e-02	2.37179711e-01	2.12627615e-01	2.45520963e-02
71              	9.40716010e-02	1.81861647e-02	2.37712232e-01	2.12927717e-01	2.47845149e-02
72              	9.40887768e-02	1.79966501e-02	2.38189119e-01	2.13183336e-01	2.50057826e-02
73              	9.40999018e-02	1.78265144e-02	2.38583778e-01	2.13391791e-01	2.51919871e-02
74              	9.41183048e-02	1.76714172e-02	2.38966306e-01	2.13601458e-01	2.53648483e-02
75              	9.41597608e-02	1.75203824e-02	2.39447610e-01	2.13883566e-01	2.55640444e-02
76              	9.42244454e-02	1.73836524e-02	2.39992439e-01	2.14220665e-01	2.57717739e-02
77              	9.43206640e-02	1.72574943e-02	2.40655607e-01	2.14648468e-01	2.60071396e-02
78              	9.44260533e-02	1.71435846e-02	2.41343207e-01	2.15097657e-01	2.62455501e-02
79              	9.45323571e-02	1.70362210e-02	2.42042818e-01	2.15553766e-01	2.64890518e-02
80              	9.46572927e-02	1.69274074e-02	2.42885343e-01	2.16099964e-01	2.67853786e-02
81              	9.47592048e-02	1.68167513e-02	2.43671837e-01	2.16595123e-01	2.70767136e-02
82              	9.48372410e-02	1.67026936e-02	2.44399126e-01	2.17036804e-01	2.73623222e-02
83              	9.49009209e-02	1.65811895e-02	2.45141331e-01	2.17471586e-01	2.76697444e-02
84              	9.49504756e-02	1.64517156e-02	2.45903772e-01	2.17902361e-01	2.80014102e-02
85              	9.49875289e-02	1.63126962e-02	2.46709669e-01	2.18342364e-01	2.83673057e-02
86              	9.50110478e-02	1.61650751e-02	2.47554470e-01	2.18788283e-01	2.87661872e-02
87              	9.50187016e-02	1.60183007e-02	2.48355459e-01	2.19196431e-01	2.91590279e-02
88              	9.50127499e-02	1.58794136e-02	2.49074666e-01	2.19550083e-01	2.95245829e-02
89              	9.49939102e-02	1.57406083e-02	2.49801187e-01	2.19894503e-01	2.99066831e-02
90              	9.49663583e-02	1.56125699e-02	2.50462585e-01	2.20197651e-01	3.02649344e-02
91              	9.49310868e-02	1.54934048e-02	2.51089339e-01	2.20475756e-01	3.06135829e-02
92              	9.48946219e-02	1.53899875e-02	2.51629124e-01	2.20709184e-01	3.09199402e-02
93              	9.48561321e-02	1.52973419e-02	2.52124155e-01	2.20918210e-01	3.12059456e-02
94              	9.48068528e-02	1.52062223e-02	2.52677460e-01	2.21145583e-01	3.15318769e-02
95              	9.47538760e-02	1.51212732e-02	2.53202815e-01	2.21355284e-01	3.18475315e-02
96              	9.46955362e-02	1.50404099e-02	2.53701919e-01	2.21546496e-01	3.21554233e-02
97              	9.46304936e-02	1.49620326e-02	2.54174274e-01	2.21717630e-01	3.24566432e-02
98              	9.45401327e-02	1.48788799e-02	2.54703985e-01	2.21892125e-01	3.28118596e-02
99              	9.44446065e-02	1.47978579e-02	2.55171847e-01	2.22030530e-01	3.31413169e-02
100             	9.43392375e-02	1.47176918e-02	2.55595116e-01	2.22136795e-01	3.34583206e-02
101             	9.42263333e-02	1.46393434e-02	2.55970281e-01	2.22211474e-01	3.37588071e-02
102             	9.40764801e-02	1.45543617e-02	2.56368077e-01	2.22260519e-01	3.41075583e-02
103             	9.39187294e-02	1.44711151e-02	2.56725234e-01	2.22281347e-01	3.44438878e-02
104             	9.37666979e-02	1.43932266e-02	2.57030967e-01	2.22282181e-01	3.47487855e-02
105             	9.36149381e-02	1.43192670e-02	2.57305272e-01	2.22267574e-01	3.50376981e-02
106             	9.34637676e-02	1.42490054e-02	2.57560408e-01	2.22243972e-01	3.53164365e-02
107             	9.32694273e-02	1.41722954e-02	2.57856944e-01	2.22197899e-01	3.56590445e-02
108             	9.30822212e-02	1.41000465e-02	2.58139740e-01	2.22152091e-01	3.59876487e-02
109             	9.29143380e-02	1.40346089e-02	2.58394673e-01	2.22111675e-01	3.62829987e-02
110             	9.27513633e-02	1.39725944e-02	2.58638279e-01	2.22070503e-01	3.65677763e-02
111             	9.25458113e-02	1.39041852e-02	2.58922312e-01	2.22006967e-01	3.69153446e-02
112             	9.23488511e-02	1.38391134e-02	2.59190683e-01	2.21944193e-01	3.72464903e-02
113             	9.21681973e-02	1.37790263e-02	2.59435950e-01	2.21886172e-01	3.75497778e-02
114             	9.19947409e-02	1.37220706e-02	2.59669427e-01	2.21829454e-01	3.78399725e-02
115             	9.18298401e-02	1.36684594e-02	2.59895712e-01	2.21777696e-01	3.81180159e-02
116             	9.16388231e-02	1.36103530e-02	2.60150903e-01	2.21714275e-01	3.84366284e-02
117             	9.14616753e-02	1.35563697e-02	2.60406692e-01	2.21665021e-01	3.87416705e-02
118             	9.12926311e-02	1.35054150e-02	2.60670965e-01	2.21628114e-01	3.90428515e-02
119             	9.11379460e-02	1.34595322e-02	2.60942336e-01	2.21609114e-01	3.93332219e-02
120             	9.10000507e-02	1.34198073e-02	2.61220195e-01	2.21610148e-01	3.96100469e-02
121             	9.08547730e-02	1.33803347e-02	2.61537511e-01	2.21623528e-01	3.99139825e-02
122             	9.07222375e-02	1.33464634e-02	2.61871561e-01	2.21658018e-01	4.02135429e-02
123             	9.06086202e-02	1.33201745e-02	2.62213126e-01	2.21715183e-01	4.04979430e-02
124             	9.05130550e-02	1.33014440e-02	2.62560029e-01	2.21793069e-01	4.07669594e-02
125             	9.04152189e-02	1.32852417e-02	2.62952232e-01	2.21891335e-01	4.10608970e-02
126             	9.03339312e-02	1.32761897e-02	2.63352376e-01	2.22010119e-01	4.13422570e-02
127             	9.02689818e-02	1.32740317e-02	2.63755457e-01	2.22146710e-01	4.16087467e-02
128             	9.02089708e-02	1.32760434e-02	2.64191822e-01	2.22304882e-01	4.18869404e-02
129             	9.01665624e-02	1.32851199e-02	2.64620043e-01	2.22476584e-01	4.21434592e-02
130             	9.01320362e-02	1.32989182e-02	2.65067978e-01	2.22666025e-01	4.24019529e-02
131             	9.01041109e-02	1.33169715e-02	2.65539974e-01	2.22874098e-01	4.26658762e-02
132             	9.00823819e-02	1.33389991e-02	2.66036035e-01	2.23100400e-01	4.29356358e-02
133             	9.00668307e-02	1.33648981e-02	2.66552907e-01	2.23343284e-01	4.32096227e-02
134             	9.00576505e-02	1.33947270e-02	2.67085645e-01	2.23600473e-01	4.34851722e-02
135             	9.00548300e-02	1.34286272e-02	2.67628651e-01	2.23869155e-01	4.37594953e-02
136             	9.00581121e-02	1.34667324e-02	2.68176745e-01	2.24146484e-01	4.40302601e-02
137             	9.00670532e-02	1.35091142e-02	2.68726103e-01	2.24430105e-01	4.42959982e-02
138             	9.00811039e-02	1.35557171e-02	2.69274768e-01	2.24718488e-01	4.45562799e-02
139             	9.00993614e-02	1.36063098e-02	2.69822038e-01	2.25010381e-01	4.48116578e-02
140             	9.01209801e-02	1.36604500e-02	2.70353853e-01	2.25297907e-01	4.50559465e-02
141             	9.01449065e-02	1.37179475e-02	2.70917571e-01	2.25603692e-01	4.53138788e-02
142             	9.01699914e-02	1.37779517e-02	2.71477363e-01	2.25908673e-01	4.55686903e-02
143             	9.01955115e-02	1.38399215e-02	2.72031926e-01	2.26211474e-01	4.58204513e-02
144             	9.02209142e-02	1.39034033e-02	2.72582891e-01	2.26512360e-01	4.60705312e-02
145             	9.02451822e-02	1.39677280e-02	2.73117852e-01	2.26804108e-01	4.63137440e-02
146             	9.02696492e-02	1.40334094e-02	2.73684914e-01	2.27112106e-01	4.65728078e-02
147             	9.02927375e-02	1.40994688e-02	2.74248549e-01	2.27417012e-01	4.68315372e-02
148             	9.03143309e-02	1.41656657e-02	2.74806609e-01	2.27717635e-01	4.70889736e-02
149             	9.03345075e-02	1.42318871e-02	2.75359351e-01	2.28014183e-01	4.73451682e-02
150             	9.03533878e-02	1.42980746e-02	2.75907985e-01	2.28307380e-01	4.76006046e-02
151             	9.03704632e-02	1.43639611e-02	2.76438919e-01	2.28589923e-01	4.78489962e-02
152             	9.03877684e-02	1.44301777e-02	2.76998103e-01	2.28886820e-01	4.81112830e-02
153             	9.04040167e-02	1.44961998e-02	2.77553277e-01	2.29180655e-01	4.83726216e-02
154             	9.04192286e-02	1.45620052e-02	2.78102184e-01	2.29470321e-01	4.86318633e-02
155             	9.04334950e-02	1.46275987e-02	2.78644517e-01	2.29755753e-01	4.88887635e-02
156             	9.04463811e-02	1.46927209e-02	2.79166684e-01	2.30029723e-01	4.91369611e-02
157             	9.04598116e-02	1.47579902e-02	2.79713242e-01	2.30316432e-01	4.93968092e-02
158             	9.04728178e-02	1.48229022e-02	2.80257167e-01	2.30601401e-01	4.96557655e-02
159             	9.04854975e-02	1.48873673e-02	2.80797750e-01	2.30884373e-01	4.99133774e-02
160             	9.04972659e-02	1.49509930e-02	2.81319469e-01	2.31157000e-01	5.01624685e-02
161             	9.05101002e-02	1.50144291e-02	2.81864496e-01	2.31442348e-01	5.04221478e-02
162             	9.05230832e-02	1.50771570e-02	2.82408910e-01	2.31727538e-01	5.06813719e-02
163             	9.05354587e-02	1.51387573e-02	2.82935156e-01	2.32003037e-01	5.09321193e-02
164             	9.05484571e-02	1.51996076e-02	2.83467002e-01	2.32281958e-01	5.11850438e-02
165             	9.05633083e-02	1.52600563e-02	2.84023219e-01	2.32574918e-01	5.14483010e-02
166             	9.05789305e-02	1.53197077e-02	2.84579055e-01	2.32868458e-01	5.17105969e-02
167             	9.05942942e-02	1.53782481e-02	2.85114631e-01	2.33151610e-01	5.19630214e-02
168             	9.06109198e-02	1.54361754e-02	2.85654562e-01	2.33438201e-01	5.22163614e-02
169             	9.06290679e-02	1.54935250e-02	2.86200285e-01	2.33729210e-01	5.24710744e-02
170             	9.06502391e-02	1.55507626e-02	2.86771917e-01	2.34036197e-01	5.27357193e-02
171             	9.06726562e-02	1.56073660e-02	2.87341401e-01	2.34343357e-01	5.29980442e-02
172             	9.06959502e-02	1.56633401e-02	2.87905941e-01	2.34648921e-01	5.32570202e-02
173             	9.07198427e-02	1.57186928e-02	2.88463966e-01	2.34951826e-01	5.35121404e-02
174             	9.07443020e-02	1.57733898e-02	2.89015381e-01	2.35251993e-01	5.37633886e-02
175             	9.07695229e-02	1.58273653e-02	2.89561222e-01	2.35550134e-01	5.40110880e-02
176             	9.07949070e-02	1.58801610e-02	2.90087521e-01	2.35838667e-01	5.42488534e-02
177             	9.08238510e-02	1.59332013e-02	2.90650428e-01	2.36149065e-01	5.45013629e-02
178             	9.08536271e-02	1.59849616e-02	2.91199583e-01	2.36453419e-01	5.47461646e-02
179             	9.08859528e-02	1.60363023e-02	2.91762152e-01	2.36767029e-01	5.49951233e-02
180             	9.09208468e-02	1.60872771e-02	2.92335978e-01	2.37088836e-01	5.52471420e-02
181             	9.09584010e-02	1.61380174e-02	2.92919660e-01	2.37418231e-01	5.55014292e-02
182             	9.09974293e-02	1.61882986e-02	2.93494784e-01	2.37744821e-01	5.57499628e-02
183             	9.10390644e-02	1.62386252e-02	2.94077998e-01	2.38078063e-01	5.59999344e-02
184             	9.10835629e-02	1.62890760e-02	2.94668806e-01	2.38417966e-01	5.62508403e-02
185             	9.11310515e-02	1.63395768e-02	2.95265041e-01	2.38763572e-01	5.65014688e-02
186             	9.11765255e-02	1.63879573e-02	2.95811734e-01	2.39082393e-01	5.67293416e-02
187             	9.12245086e-02	1.64358106e-02	2.96360553e-01	2.39404785e-01	5.69557678e-02
188             	9.12761664e-02	1.64832653e-02	2.96922848e-01	2.39737590e-01	5.71852575e-02
189             	9.13323089e-02	1.65303418e-02	2.97505368e-01	2.40084993e-01	5.74203753e-02
190             	9.13932919e-02	1.65769819e-02	2.98109423e-01	2.40448003e-01	5.76614195e-02
191             	9.14591485e-02	1.66231552e-02	2.98732419e-01	2.40825358e-01	5.79070607e-02
192             	9.15335235e-02	1.66699885e-02	2.99398646e-01	2.41232846e-01	5.81657994e-02
193             	9.16124721e-02	1.67166569e-02	3.00074813e-01	2.41649879e-01	5.84249344e-02
194             	9.17029752e-02	1.67654583e-02	3.00801519e-01	2.42103735e-01	5.86977841e-02
195             	9.17896462e-02	1.68125797e-02	3.01475795e-01	2.42527544e-01	5.89482512e-02
196             	9.18641128e-02	1.68557892e-02	3.02051068e-01	2.42889647e-01	5.91614211e-02
197             	9.19384031e-02	1.68977731e-02	3.02606556e-01	2.43241681e-01	5.93648748e-02
198             	9.20144099e-02	1.69384659e-02	3.03159990e-01	2.43594405e-01	5.95655853e-02
199             	9.20934882e-02	1.69776250e-02	3.03726127e-01	2.43956551e-01	5.97695751e-02
200             	9.21760933e-02	1.70149376e-02	3.04313843e-01	2.44333015e-01	5.99808282e-02
201             	9.22617072e-02	1.70501618e-02	3.04925359e-01	2.44724387e-01	6.02009722e-02
202             	9.23488862e-02	1.70832009e-02	3.05556304e-01	2.45127038e-01	6.04292659e-02
203             	9.24355630e-02	1.71141189e-02	3.06197517e-01	2.45534321e-01	6.06631954e-02
204             	9.25193914e-02	1.71430602e-02	3.06837156e-01	2.45937969e-01	6.08991864e-02
205             	9.25881384e-02	1.71687442e-02	3.07403728e-01	2.46290002e-01	6.11137257e-02
206             	9.26554929e-02	1.71931058e-02	3.07979432e-01	2.46645209e-01	6.13342232e-02
207             	9.27208476e-02	1.72161908e-02	3.08561229e-01	2.47001462e-01	6.15597667e-02
208             	9.27836534e-02	1.72379653e-02	3.09145263e-01	2.47356285e-01	6.17889780e-02
209             	9.28430870e-02	1.72583289e-02	3.09725544e-01	2.47705859e-01	6.20196848e-02
210             	9.28982954e-02	1.72771519e-02	3.10295760e-01	2.48046175e-01	6.22495844e-02
211             	9.29486865e-02	1.72943080e-02	3.10851698e-01	2.48374536e-01	6.24771627e-02
212             	9.29938098e-02	1.73096264e-02	3.11390091e-01	2.48688856e-01	6.27012359e-02
213             	9.30337920e-02	1.73229617e-02	3.11912314e-01	2.48989949e-01	6.29223651e-02
214             	9.30688053e-02	1.73341517e-02	3.12420235e-01	2.49278923e-01	6.31413120e-02
215             	9.30990617e-02	1.73430677e-02	3.12915889e-01	2.49557006e-01	6.33588826e-02
216             	9.31250747e-02	1.73495998e-02	3.13403006e-01	2.49826578e-01	6.35764285e-02
217             	9.31473390e-02	1.73537330e-02	3.13884482e-01	2.50089580e-01	6.37949022e-02
218             	9.31708166e-02	1.73546337e-02	3.14417022e-01	2.50379328e-01	6.40376944e-02
219             	9.31855279e-02	1.73549796e-02	3.14871308e-01	2.50621182e-01	6.42501262e-02
220             	9.32009029e-02	1.73520992e-02	3.15371487e-01	2.50886646e-01	6.44848405e-02
221             	9.32127285e-02	1.73481035e-02	3.15851243e-01	2.51138350e-01	6.47128932e-02
222             	9.32190337e-02	1.73450385e-02	3.16265422e-01	2.51351744e-01	6.49136771e-02
223             	9.32260995e-02	1.73388392e-02	3.16727712e-01	2.51589955e-01	6.51377564e-02
224             	9.32305540e-02	1.73326408e-02	3.17166164e-01	2.51813636e-01	6.53525282e-02
225             	9.32327668e-02	1.73267263e-02	3.17577332e-01	2.52021433e-01	6.55558994e-02
226             	9.32364123e-02	1.73172729e-02	3.18045087e-01	2.52258956e-01	6.57861310e-02
227             	9.32388241e-02	1.73073040e-02	3.18504451e-01	2.52491049e-01	6.60134012e-02
228             	9.32399050e-02	1.72971535e-02	3.18950703e-01	2.52715257e-01	6.62354468e-02
229             	9.32391090e-02	1.72876935e-02	3.19368804e-01	2.52923511e-01	6.64452928e-02
230             	9.32364733e-02	1.72795853e-02	3.19750850e-01	2.53111898e-01	6.66389516e-02
231             	9.32350715e-02	1.72670763e-02	3.20199411e-01	2.53334777e-01	6.68646339e-02
232             	9.32323491e-02	1.72541767e-02	3.20639220e-01	2.53551959e-01	6.70872610e-02
233             	9.32282800e-02	1.72410803e-02	3.21066807e-01	2.53761684e-01	6.73051236e-02
234             	9.32230270e-02	1.72278389e-02	3.21482369e-01	2.53964212e-01	6.75181576e-02
235             	9.32168450e-02	1.72144311e-02	3.21888482e-01	2.54161086e-01	6.77273958e-02
236             	9.32100669e-02	1.72007739e-02	3.22288731e-01	2.54354432e-01	6.79342987e-02
237             	9.32029145e-02	1.71869280e-02	3.22684376e-01	2.54545102e-01	6.81392734e-02
238             	9.31955205e-02	1.71736799e-02	3.23066431e-01	2.54728736e-01	6.83376952e-02
239             	9.31880772e-02	1.71621951e-02	3.23422284e-01	2.54899219e-01	6.85230650e-02
240             	9.31823074e-02	1.71450225e-02	3.23852748e-01	2.55108681e-01	6.87440664e-02
241             	9.31770894e-02	1.71274725e-02	3.24282188e-01	2.55318183e-01	6.89640045e-02
242             	9.31723964e-02	1.71100884e-02	3.24702622e-01	2.55523707e-01	6.91789145e-02
243             	9.31679358e-02	1.70944859e-02	3.25097515e-01	2.55716693e-01	6.93808219e-02
244             	9.31636310e-02	1.70812624e-02	3.25460292e-01	2.55893777e-01	6.95665152e-02
245             	9.31612974e-02	1.70634283e-02	3.25883782e-01	2.56103188e-01	6.97805934e-02
246             	9.31593783e-02	1.70460340e-02	3.26301524e-01	2.56310140e-01	6.99913835e-02
247             	9.31577433e-02	1.70291119e-02	3.26712390e-01	2.56513939e-01	7.01984519e-02
248             	9.31559723e-02	1.70141118e-02	3.27099911e-01	2.56705928e-01	7.03939830e-02
249             	9.31544287e-02	1.69994890e-02	3.27482993e-01	2.56895925e-01	7.05870678e-02
250             	9.31528055e-02	1.69867060e-02	3.27843086e-01	2.57074349e-01	7.07687376e-02
251             	9.31529488e-02	1.69689620e-02	3.28270451e-01	2.57288174e-01	7.09822766e-02
252             	9.31527644e-02	1.69528410e-02	3.28673991e-01	2.57489760e-01	7.11842312e-02
253             	9.31522290e-02	1.69388944e-02	3.29043712e-01	2.57674085e-01	7.13696272e-02
254             	9.31530800e-02	1.69214466e-02	3.29457652e-01	2.57881906e-01	7.15757459e-02
255             	9.31540872e-02	1.69043843e-02	3.29861868e-01	2.58085021e-01	7.17768470e-02
256             	9.31548269e-02	1.68893199e-02	3.30235897e-01	2.58272775e-01	7.19631214e-02
257             	9.31567411e-02	1.68714084e-02	3.30646882e-01	2.58480182e-01	7.21666998e-02
258             	9.31587714e-02	1.68539583e-02	3.31049702e-01	2.58683622e-01	7.23660795e-02
259             	9.31604775e-02	1.68384773e-02	3.31424595e-01	2.58872775e-01	7.25518199e-02
260             	9.31628189e-02	1.68215921e-02	3.31820399e-01	2.59073019e-01	7.27473807e-02
261             	9.31651793e-02	1.68053759e-02	3.32207746e-01	2.59269052e-01	7.29386936e-02
262             	9.31675358e-02	1.67897994e-02	3.32587189e-01	2.59461130e-01	7.31260589e-02
263             	9.31697289e-02	1.67756637e-02	3.32947262e-01	2.59643360e-01	7.33039021e-02
264             	9.31725112e-02	1.67599577e-02	3.33332488e-01	2.59838755e-01	7.34937329e-02
265             	9.31753752e-02	1.67443099e-02	3.33716161e-01	2.60033456e-01	7.36827053e-02
266             	9.31782815e-02	1.67286294e-02	3.34098368e-01	2.60227466e-01	7.38709027e-02
267             	9.31811946e-02	1.67128977e-02	3.34478776e-01	2.60420582e-01	7.40581933e-02
268             	9.31840861e-02	1.66971542e-02	3.34856789e-01	2.60612481e-01	7.42443084e-02
269             	9.31869316e-02	1.66814554e-02	3.35231709e-01	2.60802786e-01	7.44289229e-02
270             	9.31897470e-02	1.66657937e-02	3.35604209e-01	2.60991851e-01	7.46123574e-02
271             	9.31925574e-02	1.66501598e-02	3.35974706e-01	2.61179911e-01	7.47947957e-02
272             	9.31953695e-02	1.66345194e-02	3.36343653e-01	2.61367196e-01	7.49764572e-02
273             	9.31981612e-02	1.66188399e-02	3.36711364e-01	2.61553843e-01	7.51575206e-02
274             	9.32008839e-02	1.66030899e-02	3.37077929e-01	2.61739849e-01	7.53380808e-02
275             	9.32035130e-02	1.65872515e-02	3.37443439e-01	2.61925233e-01	7.55182068e-02
276             	9.32060054e-02	1.65713377e-02	3.37807449e-01	2.62109730e-01	7.56977190e-02
277             	9.32083735e-02	1.65553385e-02	3.38170386e-01	2.62293566e-01	7.58768193e-02
278             	9.32105894e-02	1.65392714e-02	3.38532068e-01	2.62476623e-01	7.60554445e-02
279             	9.32126342e-02	1.65231468e-02	3.38892330e-01	2.62658799e-01	7.62335306e-02
280             	9.32144669e-02	1.65069775e-02	3.39250946e-01	2.62839940e-01	7.64110059e-02
281             	9.32160518e-02	1.64907722e-02	3.39607727e-01	2.63019915e-01	7.65878118e-02
282             	9.32173386e-02	1.64745328e-02	3.39962478e-01	2.63198578e-01	7.67639007e-02
283             	9.32182837e-02	1.64582555e-02	3.40315080e-01	2.63375824e-01	7.69392563e-02
284             	9.32188216e-02	1.64419334e-02	3.40665396e-01	2.63551520e-01	7.71138765e-02
285             	9.32188811e-02	1.64255513e-02	3.41013318e-01	2.63725540e-01	7.72877777e-02
286             	9.32183862e-02	1.64090937e-02	3.41358698e-01	2.63897735e-01	7.74609627e-02
287             	9.32172443e-02	1.63925548e-02	3.41701183e-01	2.64067836e-01	7.76333472e-02
288             	9.32154090e-02	1.63759221e-02	3.42040713e-01	2.64235766e-01	7.78049476e-02
289             	9.32128664e-02	1.63591893e-02	3.42377282e-01	2.64401507e-01	7.79757745e-02
290             	9.32096720e-02	1.63423704e-02	3.42710899e-01	2.64565122e-01	7.81457778e-02
291             	9.32062271e-02	1.63241290e-02	3.43056777e-01	2.64734616e-01	7.83221615e-02
292             	9.32022377e-02	1.63062412e-02	3.43393725e-01	2.64899100e-01	7.84946249e-02
293             	9.31977800e-02	1.62887993e-02	3.43721495e-01	2.65058527e-01	7.86629675e-02
294             	9.31927294e-02	1.62730413e-02	3.44028174e-01	2.65206817e-01	7.88213578e-02
295             	9.31875666e-02	1.62559162e-02	3.44349648e-01	2.65362390e-01	7.89872572e-02
296             	9.31821182e-02	1.62388542e-02	3.44669369e-01	2.65516803e-01	7.91525662e-02
297             	9.31762775e-02	1.62230063e-02	3.44974970e-01	2.65663763e-01	7.93112077e-02
298             	9.31704527e-02	1.62055920e-02	3.45297388e-01	2.65819147e-01	7.94782411e-02
299             	9.31643588e-02	1.61892201e-02	3.45606979e-01	2.65967848e-01	7.96391308e-02
300             	9.31583164e-02	1.61713390e-02	3.45931259e-01	2.66123946e-01	7.98073132e-02
301             	9.31520306e-02	1.61545958e-02	3.46240670e-01	2.66272365e-01	7.99683042e-02
302             	9.31457560e-02	1.61365321e-02	3.46561638e-01	2.66426575e-01	8.01350631e-02
303             	9.31392270e-02	1.61197433e-02	3.46866307e-01	2.66572380e-01	8.02939264e-02
304             	9.31325524e-02	1.61028450e-02	3.47170552e-01	2.66717829e-01	8.04527237e-02
305             	9.31257230e-02	1.60857889e-02	3.47475325e-01	2.66863385e-01	8.06119393e-02
306             	9.31187362e-02	1.60685890e-02	3.47780498e-01	2.67008985e-01	8.07715128e-02
307             	9.31116249e-02	1.60512940e-02	3.48085473e-01	2.67154362e-01	8.09311118e-02
308             	9.31044334e-02	1.60339819e-02	3.48389375e-01	2.67299121e-01	8.10902540e-02
309             	9.30971986e-02	1.60167267e-02	3.48691483e-01	2.67442940e-01	8.12485428e-02
310             	9.30899514e-02	1.59995832e-02	3.48991408e-01	2.67585656e-01	8.14057527e-02
311             	9.30825189e-02	1.59839912e-02	3.49271282e-01	2.67718160e-01	8.15531220e-02
312             	9.30753479e-02	1.59668125e-02	3.49572462e-01	2.67861579e-01	8.17108829e-02
313             	9.30682238e-02	1.59495994e-02	3.49873502e-01	2.68004975e-01	8.18685270e-02
314             	9.30609470e-02	1.59337943e-02	3.50155668e-01	2.68138781e-01	8.20168872e-02
315             	9.30537087e-02	1.59177164e-02	3.50441427e-01	2.68274422e-01	8.21670046e-02
316             	9.30467012e-02	1.58997964e-02	3.50750140e-01	2.68421771e-01	8.23283688e-02
317             	9.30395169e-02	1.58833358e-02	3.51038394e-01	2.68558714e-01	8.24796801e-02
318             	9.30323676e-02	1.58666706e-02	3.51328166e-01	2.68696451e-01	8.26317157e-02
319             	9.30252520e-02	1.58498790e-02	3.51618495e-01	2.68834500e-01	8.27839956e-02
320             	9.30181678e-02	1.58330211e-02	3.51908612e-01	2.68972474e-01	8.29361383e-02
321             	9.30111009e-02	1.58161612e-02	3.52197699e-01	2.69109950e-01	8.30877485e-02
322             	9.30040372e-02	1.57993648e-02	3.52484981e-01	2.69246527e-01	8.32384531e-02
323             	9.29969733e-02	1.57826923e-02	3.52769887e-01	2.69381917e-01	8.33879700e-02
324             	9.29898928e-02	1.57661984e-02	3.53052005e-01	2.69515895e-01	8.35361095e-02
325             	9.29828044e-02	1.57525948e-02	3.53299390e-01	2.69632499e-01	8.36668904e-02
326             	9.29756125e-02	1.57383362e-02	3.53557493e-01	2.69754359e-01	8.38031339e-02
327             	9.29683869e-02	1.57232370e-02	3.53828054e-01	2.69882414e-01	8.39456404e-02
328             	9.29612074e-02	1.57072921e-02	3.54109496e-01	2.70015955e-01	8.40935405e-02
329             	9.29541299e-02	1.56906675e-02	3.54397886e-01	2.70153073e-01	8.42448129e-02
330             	9.29471688e-02	1.56736381e-02	3.54688529e-01	2.70291433e-01	8.43970955e-02
331             	9.29402881e-02	1.56565368e-02	3.54976774e-01	2.70428675e-01	8.45480989e-02
332             	9.29334175e-02	1.56396747e-02	3.55258997e-01	2.70562916e-01	8.46960812e-02
333             	9.29264824e-02	1.56232733e-02	3.55533228e-01	2.70693096e-01	8.48401315e-02
334             	9.29194303e-02	1.56074360e-02	3.55799148e-01	2.70819004e-01	8.49801436e-02
335             	9.29122325e-02	1.55921369e-02	3.56057946e-01	2.70941206e-01	8.51167405e-02
336             	9.29049052e-02	1.55772520e-02	3.56311728e-01	2.71060769e-01	8.52509586e-02
337             	9.28974752e-02	1.55625933e-02	3.56563350e-01	2.71179150e-01	8.53842000e-02
338             	9.28900152e-02	1.55479823e-02	3.56815208e-01	2.71297619e-01	8.55175888e-02
339             	9.28825951e-02	1.55332505e-02	3.57069337e-01	2.71417264e-01	8.56520736e-02
340             	9.28752776e-02	1.55183184e-02	3.57326535e-01	2.71538545e-01	8.57879899e-02
341             	9.28681107e-02	1.55031816e-02	3.57586672e-01	2.71661446e-01	8.59252252e-02
342             	9.28611204e-02	1.54878961e-02	3.57848798e-01	2.71785519e-01	8.60632785e-02
343             	9.28543029e-02	1.54725490e-02	3.58111564e-01	2.71910085e-01	8.62014791e-02
344             	9.28476248e-02	1.54572305e-02	3.58373554e-01	2.72034402e-01	8.63391522e-02
345             	9.28410455e-02	1.54420604e-02	3.58633002e-01	2.72157546e-01	8.64754556e-02
346             	9.28344998e-02	1.54270520e-02	3.58889567e-01	2.72279283e-01	8.66102839e-02
347             	9.28279506e-02	1.54122264e-02	3.59142843e-01	2.72399372e-01	8.67434707e-02
348             	9.28213246e-02	1.53975537e-02	3.59393080e-01	2.72517865e-01	8.68752153e-02
349             	9.28145993e-02	1.53829884e-02	3.59640812e-01	2.72635005e-01	8.70058067e-02
350             	9.28077741e-02	1.53684894e-02	3.59886606e-01	2.72751077e-01	8.71355287e-02
351             	9.28008708e-02	1.53540167e-02	3.60131100e-01	2.72866421e-01	8.72646791e-02
352             	9.27939044e-02	1.53394945e-02	3.60375442e-01	2.72981625e-01	8.73938168e-02
353             	9.27869307e-02	1.53249884e-02	3.60618975e-01	2.73096418e-01	8.75225568e-02
354             	9.27799650e-02	1.53104845e-02	3.60862041e-01	2.73210985e-01	8.76510554e-02
355             	9.27730509e-02	1.52960193e-02	3.61104389e-01	2.73325246e-01	8.77791437e-02
356             	9.27662149e-02	1.52816248e-02	3.61345792e-01	2.73439111e-01	8.79066809e-02
357             	9.27594563e-02	1.52673159e-02	3.61586174e-01	2.73552543e-01	8.80336308e-02
358             	9.27527603e-02	1.52531029e-02	3.61825384e-01	2.73665452e-01	8.81599316e-02
359             	9.27461064e-02	1.52389871e-02	3.62063306e-01	2.73777760e-01	8.82855467e-02
360             	9.27394744e-02	1.52249619e-02	3.62299900e-01	2.73889424e-01	8.84104754e-02
361             	9.27328406e-02	1.52110129e-02	3.62535163e-01	2.74000422e-01	8.85347407e-02
362             	9.27261864e-02	1.51971272e-02	3.62769084e-01	2.74110728e-01	8.86583556e-02
363             	9.27195002e-02	1.51833060e-02	3.63001494e-01	2.74220247e-01	8.87812467e-02
364             	9.27127565e-02	1.51695296e-02	3.63232529e-01	2.74329021e-01	8.89035079e-02
365             	9.27059535e-02	1.51557936e-02	3.63462206e-01	2.74437057e-01	8.90251496e-02
366             	9.26990984e-02	1.51420943e-02	3.63690574e-01	2.74544385e-01	8.91461884e-02
367             	9.26922047e-02	1.51284364e-02	3.63917608e-01	2.74651009e-01	8.92665994e-02
368             	9.26852813e-02	1.51148196e-02	3.64143345e-01	2.74756954e-01	8.93863912e-02
369             	9.26783314e-02	1.51012481e-02	3.64367754e-01	2.74862208e-01	8.95055456e-02
370             	9.26713553e-02	1.50877229e-02	3.64590863e-01	2.74966787e-01	8.96240761e-02
371             	9.26643563e-02	1.50742463e-02	3.64812710e-01	2.75070711e-01	8.97419986e-02
372             	9.26573365e-02	1.50608220e-02	3.65033311e-01	2.75173992e-01	8.98593192e-02
373             	9.26502967e-02	1.50474537e-02	3.65252675e-01	2.75276634e-01	8.99760411e-02
374             	9.26432368e-02	1.50341432e-02	3.65470819e-01	2.75378646e-01	9.00921729e-02
375             	9.26361553e-02	1.50208896e-02	3.65687782e-01	2.75480046e-01	9.02077357e-02
376             	9.26290489e-02	1.50076951e-02	3.65903552e-01	2.75580825e-01	9.03227271e-02
377             	9.26219129e-02	1.49945618e-02	3.66118110e-01	2.75680968e-01	9.04371419e-02
378             	9.26147452e-02	1.49814879e-02	3.66331464e-01	2.75780477e-01	9.05509871e-02
379             	9.26075474e-02	1.49684740e-02	3.66543588e-01	2.75879341e-01	9.06642465e-02
380             	9.26003121e-02	1.49555107e-02	3.66754532e-01	2.75977578e-01	9.07769538e-02
381             	9.25930486e-02	1.49426032e-02	3.66964177e-01	2.76075137e-01	9.08890398e-02
382             	9.25857550e-02	1.49297460e-02	3.67172526e-01	2.76172018e-01	9.10005078e-02
383             	9.25784278e-02	1.49169342e-02	3.67379569e-01	2.76268212e-01	9.11113569e-02
384             	9.25710582e-02	1.49041615e-02	3.67585320e-01	2.76363718e-01	9.12216016e-02
385             	9.25636343e-02	1.48914242e-02	3.67789769e-01	2.76458519e-01	9.13312502e-02
386             	9.25561599e-02	1.48787180e-02	3.67992945e-01	2.76552632e-01	9.14403124e-02
387             	9.25486364e-02	1.48660509e-02	3.68194732e-01	2.76646003e-01	9.15487297e-02
388             	9.25410644e-02	1.48534218e-02	3.68395158e-01	2.76738643e-01	9.16565147e-02
389             	9.25334480e-02	1.48408301e-02	3.68594277e-01	2.76830587e-01	9.17636907e-02
390             	9.25257947e-02	1.48282733e-02	3.68792182e-01	2.76921886e-01	9.18702965e-02
391             	9.25181088e-02	1.48157504e-02	3.68988922e-01	2.77012570e-01	9.19763521e-02
392             	9.25103914e-02	1.48032676e-02	3.69184449e-01	2.77102616e-01	9.20818329e-02
393             	9.25026539e-02	1.47908267e-02	3.69378753e-01	2.77192031e-01	9.21867227e-02
394             	9.24948904e-02	1.47784347e-02	3.69571762e-01	2.77280771e-01	9.22909903e-02
395             	9.24870866e-02	1.47660895e-02	3.69763494e-01	2.77368833e-01	9.23946603e-02
396             	9.24792422e-02	1.47537942e-02	3.69953910e-01	2.77456197e-01	9.24977129e-02
397             	9.24713496e-02	1.47415425e-02	3.70143087e-01	2.77542893e-01	9.26001940e-02
398             	9.24634032e-02	1.47293221e-02	3.70331176e-01	2.77628991e-01	9.27021848e-02
399             	9.24554122e-02	1.47171366e-02	3.70518147e-01	2.77714486e-01	9.28036611e-02
400             	9.24473819e-02	1.47049863e-02	3.70704025e-01	2.77799394e-01	9.29046304e-02
401             	9.24393272e-02	1.46928776e-02	3.70888766e-01	2.77883710e-01	9.30050556e-02
402             	9.24312586e-02	1.46808170e-02	3.71072310e-01	2.77967414e-01	9.31048964e-02
403             	9.24231834e-02	1.46688095e-02	3.71254617e-01	2.78050492e-01	9.32041249e-02
404             	9.24151096e-02	1.46568585e-02	3.71435675e-01	2.78132947e-01	9.33027277e-02
405             	9.24070363e-02	1.46449635e-02	3.71615498e-01	2.78214786e-01	9.34007129e-02
406             	9.23989585e-02	1.46331200e-02	3.71794138e-01	2.78296027e-01	9.34981104e-02
407             	9.23908658e-02	1.46213259e-02	3.71971594e-01	2.78376663e-01	9.35949314e-02
408             	9.23827435e-02	1.46095753e-02	3.72147926e-01	2.78456706e-01	9.36912193e-02
409             	9.23745960e-02	1.45978693e-02	3.72323131e-01	2.78536161e-01	9.37869694e-02
410             	9.23664242e-02	1.45862100e-02	3.72497214e-01	2.78615031e-01	9.38821830e-02
411             	9.23582318e-02	1.45746004e-02	3.72670175e-01	2.78693320e-01	9.39768559e-02
412             	9.23500209e-02	1.45630441e-02	3.72842007e-01	2.78771024e-01	9.40709826e-02
413             	9.23417897e-02	1.45515446e-02	3.73012687e-01	2.78848133e-01	9.41645538e-02
414             	9.23335495e-02	1.45400990e-02	3.73182292e-01	2.78924695e-01	9.42575963e-02
415             	9.23253065e-02	1.45287069e-02	3.73350852e-01	2.79000732e-01	9.43501192e-02
416             	9.23170649e-02	1.45173711e-02	3.73518343e-01	2.79076237e-01	9.44421068e-02
417             	9.23088268e-02	1.45060888e-02	3.73684808e-01	2.79151231e-01	9.45335774e-02
418             	9.23005911e-02	1.44948584e-02	3.73850271e-01	2.79225726e-01	9.46245443e-02
419             	9.22923542e-02	1.44836821e-02	3.74014692e-01	2.79299700e-01	9.47149920e-02
420             	9.22841093e-02	1.44725591e-02	3.74178059e-01	2.79373139e-01	9.48049200e-02
421             	9.22758483e-02	1.44614872e-02	3.74340352e-01	2.79446024e-01	9.48943278e-02
422             	9.22675676e-02	1.44504687e-02	3.74501521e-01	2.79518328e-01	9.49831930e-02
423             	9.22592644e-02	1.44395079e-02	3.74661511e-01	2.79590020e-01	9.50714912e-02
424             	9.22509413e-02	1.44286087e-02	3.74820309e-01	2.79661096e-01	9.51592131e-02
425             	9.22425998e-02	1.44177705e-02	3.74977942e-01	2.79731571e-01	9.52463713e-02
426             	9.22342429e-02	1.44069915e-02	3.75134455e-01	2.79801471e-01	9.53329849e-02
427             	9.22258735e-02	1.43962709e-02	3.75289887e-01	2.79870817e-01	9.54190699e-02
428             	9.22174887e-02	1.43856058e-02	3.75444267e-01	2.79939622e-01	9.55046447e-02
429             	9.22090856e-02	1.43749952e-02	3.75597602e-01	2.80007887e-01	9.55897154e-02
430             	9.22006586e-02	1.43644386e-02	3.75749875e-01	2.80075596e-01	9.56742787e-02
431             	9.21922046e-02	1.43539344e-02	3.75901093e-01	2.80142751e-01	9.57583417e-02
432             	9.21837268e-02	1.43434805e-02	3.76051291e-01	2.80209372e-01	9.58419189e-02
433             	9.21752308e-02	1.43330767e-02	3.76200496e-01	2.80275479e-01	9.59250171e-02
434             	9.21667224e-02	1.43227235e-02	3.76348725e-01	2.80341085e-01	9.60076403e-02
435             	9.21582053e-02	1.43124239e-02	3.76495962e-01	2.80406186e-01	9.60897756e-02
436             	9.21496842e-02	1.43021811e-02	3.76642197e-01	2.80470783e-01	9.61714145e-02
437             	9.21411623e-02	1.42919954e-02	3.76787454e-01	2.80534889e-01	9.62525646e-02
438             	9.21326408e-02	1.42818670e-02	3.76931751e-01	2.80598516e-01	9.63332344e-02
439             	9.21241160e-02	1.42717957e-02	3.77075084e-01	2.80661658e-01	9.64134259e-02
440             	9.21155832e-02	1.42617825e-02	3.77217432e-01	2.80724299e-01	9.64931330e-02
441             	9.21070371e-02	1.42518284e-02	3.77358761e-01	2.80786417e-01	9.65723433e-02
442             	9.20984647e-02	1.42419328e-02	3.77499025e-01	2.80847977e-01	9.66510480e-02
443             	9.20898571e-02	1.42320959e-02	3.77638183e-01	2.80908949e-01	9.67292345e-02
444             	9.20812049e-02	1.42223169e-02	3.77776207e-01	2.80969308e-01	9.68068984e-02
445             	9.20725132e-02	1.42125955e-02	3.77913123e-01	2.81029075e-01	9.68840482e-02
446             	9.20637916e-02	1.42029316e-02	3.78048982e-01	2.81088283e-01	9.69606993e-02
447             	9.20550515e-02	1.41933234e-02	3.78183858e-01	2.81146981e-01	9.70368776e-02
448             	9.20462993e-02	1.41837685e-02	3.78317810e-01	2.81205204e-01	9.71126057e-02
449             	9.20375397e-02	1.41742648e-02	3.78450882e-01	2.81262981e-01	9.71879013e-02
450             	9.20287739e-02	1.41648131e-02	3.78583074e-01	2.81320311e-01	9.72627629e-02
451             	9.20199982e-02	1.41554138e-02	3.78714361e-01	2.81377179e-01	9.73371824e-02
452             	9.20112090e-02	1.41460688e-02	3.78844711e-01	2.81433564e-01	9.74111465e-02
453             	9.20024025e-02	1.41367773e-02	3.78974104e-01	2.81489454e-01	9.74846494e-02
454             	9.19935740e-02	1.41275401e-02	3.79102523e-01	2.81544836e-01	9.75576877e-02
455             	9.19847194e-02	1.41183558e-02	3.79229968e-01	2.81599703e-01	9.76302645e-02
456             	9.19758373e-02	1.41092267e-02	3.79356421e-01	2.81654048e-01	9.77023733e-02
457             	9.19669375e-02	1.41001580e-02	3.79481824e-01	2.81707850e-01	9.77739745e-02
458             	9.19580065e-02	1.40911418e-02	3.79606279e-01	2.81761146e-01	9.78451328e-02
459             	9.19490427e-02	1.40821730e-02	3.79729808e-01	2.81813947e-01	9.79158613e-02
460             	9.19400538e-02	1.40732587e-02	3.79852395e-01	2.81866251e-01	9.79861438e-02
461             	9.19310492e-02	1.40643926e-02	3.79974101e-01	2.81918100e-01	9.80560014e-02
462             	9.19220413e-02	1.40555921e-02	3.80094851e-01	2.81969467e-01	9.81253843e-02
463             	9.19130293e-02	1.40468432e-02	3.80214702e-01	2.82020381e-01	9.81943218e-02
464             	9.19040246e-02	1.40381805e-02	3.80333454e-01	2.82070752e-01	9.82627024e-02
465             	9.18950288e-02	1.40295735e-02	3.80451262e-01	2.82120660e-01	9.83306021e-02
466             	9.18852876e-02	1.40197193e-02	3.80580728e-01	2.82175651e-01	9.84050762e-02
467             	9.18766344e-02	1.40116665e-02	3.80691867e-01	2.82222568e-01	9.84692992e-02
468             	9.18679243e-02	1.40037029e-02	3.80802131e-01	2.82268990e-01	9.85331413e-02
469             	9.18590989e-02	1.39957146e-02	3.80912502e-01	2.82315350e-01	9.85971522e-02
470             	9.18501511e-02	1.39877085e-02	3.81023208e-01	2.82361755e-01	9.86614528e-02
471             	9.18403032e-02	1.39783322e-02	3.81146558e-01	2.82413582e-01	9.87329759e-02
472             	9.18307455e-02	1.39693745e-02	3.81265393e-01	2.82463442e-01	9.88019510e-02
473             	9.18221545e-02	1.39618723e-02	3.81369163e-01	2.82506736e-01	9.88624272e-02
474             	9.18134614e-02	1.39543928e-02	3.81472736e-01	2.82549829e-01	9.89229065e-02
475             	9.18038194e-02	1.39456035e-02	3.81588606e-01	2.82598122e-01	9.89904836e-02
476             	9.17951557e-02	1.39383251e-02	3.81689895e-01	2.82640103e-01	9.90497918e-02
477             	9.17855304e-02	1.39297287e-02	3.81803515e-01	2.82687288e-01	9.91162272e-02
478             	9.17760938e-02	1.39214237e-02	3.81914104e-01	2.82733146e-01	9.91809585e-02
479             	9.17667796e-02	1.39132462e-02	3.82022456e-01	2.82778008e-01	9.92444485e-02
480             	9.17583634e-02	1.39064293e-02	3.82117560e-01	2.82817143e-01	9.93004166e-02
481             	9.17489192e-02	1.38983157e-02	3.82224899e-01	2.82861369e-01	9.93635305e-02
482             	9.17396293e-02	1.38905095e-02	3.82329332e-01	2.82904295e-01	9.94250366e-02
483             	9.17303533e-02	1.38827079e-02	3.82433048e-01	2.82946877e-01	9.94861707e-02
484             	9.17211826e-02	1.38751246e-02	3.82534564e-01	2.82988464e-01	9.95460992e-02
485             	9.17120164e-02	1.38675552e-02	3.82635337e-01	2.83029685e-01	9.96056523e-02
486             	9.17029042e-02	1.38601531e-02	3.82734491e-01	2.83070149e-01	9.96643411e-02
487             	9.16937674e-02	1.38527432e-02	3.82833247e-01	2.83110391e-01	9.97228561e-02
488             	9.16846425e-02	1.38454412e-02	3.82931011e-01	2.83150148e-01	9.97808631e-02
489             	9.16754820e-02	1.38381020e-02	3.83028680e-01	2.83189822e-01	9.98388579e-02
490             	9.16663224e-02	1.38308266e-02	3.83125728e-01	2.83229187e-01	9.98965417e-02
491             	9.16571386e-02	1.38235040e-02	3.83222711e-01	2.83268494e-01	9.99542167e-02
492             	9.16479646e-02	1.38162450e-02	3.83318988e-01	2.83307459e-01	1.00011529e-01
493             	9.16387814e-02	1.38089562e-02	3.83414981e-01	2.83346272e-01	1.00068709e-01
494             	9.16296230e-02	1.38017537e-02	3.83510018e-01	2.83384632e-01	1.00125386e-01
495             	9.16204675e-02	1.37945564e-02	3.83604440e-01	2.83422687e-01	1.00181752e-01
496             	9.16113385e-02	1.37874659e-02	3.83697729e-01	2.83460203e-01	1.00237526e-01
497             	9.16022176e-02	1.37804034e-02	3.83790245e-01	2.83497340e-01	1.00292905e-01
498             	9.15931216e-02	1.37734550e-02	3.83881610e-01	2.83533927e-01	1.00347683e-01
499             	9.15840295e-02	1.37665350e-02	3.83972262e-01	2.83570160e-01	1.00402101e-01
500             	9.15749552e-02	1.37597169e-02	3.84061913e-01	2.83605912e-01	1.00456001e-01
501             	9.15658854e-02	1.37529187e-02	3.84150977e-01	2.83641374e-01	1.00509603e-01
502             	9.15568303e-02	1.37462021e-02	3.84239248e-01	2.83676454e-01	1.00562793e-01
503             	9.15477780e-02	1.37394871e-02	3.84327135e-01	2.83711346e-01	1.00615790e-01
504             	9.15387478e-02	1.37328443e-02	3.84414321e-01	2.83745908e-01	1.00668413e-01
505             	9.15297307e-02	1.37262032e-02	3.84501126e-01	2.83780294e-01	1.00720832e-01
506             	9.15207444e-02	1.37196373e-02	3.84587183e-01	2.83814336e-01	1.00772847e-01
507             	9.15117801e-02	1.37130828e-02	3.84672761e-01	2.83848161e-01	1.00824600e-01
508             	9.15028499e-02	1.37066087e-02	3.84757523e-01	2.83881611e-01	1.00875911e-01
509             	9.14939401e-02	1.37001488e-02	3.84841774e-01	2.83914827e-01	1.00926947e-01
510             	9.14850655e-02	1.36937742e-02	3.84925150e-01	2.83947640e-01	1.00977509e-01
511             	9.14762082e-02	1.36874175e-02	3.85007987e-01	2.83980202e-01	1.01027786e-01
512             	9.14673771e-02	1.36811409e-02	3.85089984e-01	2.84012369e-01	1.01077615e-01
513             	9.14585614e-02	1.36748833e-02	3.85171437e-01	2.84044280e-01	1.01127157e-01
514             	9.14497689e-02	1.36687004e-02	3.85252096e-01	2.84075817e-01	1.01176279e-01
515             	9.14409977e-02	1.36625376e-02	3.85332229e-01	2.84107112e-01	1.01225117e-01
516             	9.14322467e-02	1.36564412e-02	3.85411655e-01	2.84138074e-01	1.01273581e-01
517             	9.14235149e-02	1.36503606e-02	3.85490611e-01	2.84168820e-01	1.01321791e-01
518             	9.14148127e-02	1.36443510e-02	3.85568812e-01	2.84199219e-01	1.01369593e-01
519             	9.14061337e-02	1.36383573e-02	3.85646566e-01	2.84229417e-01	1.01417149e-01
520             	9.13974897e-02	1.36324327e-02	3.85723608e-01	2.84259294e-01	1.01464314e-01
521             	9.13888755e-02	1.36265315e-02	3.85800162e-01	2.84288956e-01	1.01511205e-01
522             	9.13802907e-02	1.36206950e-02	3.85876034e-01	2.84318308e-01	1.01557726e-01
523             	9.13717351e-02	1.36148843e-02	3.85951404e-01	2.84347437e-01	1.01603967e-01
524             	9.13632054e-02	1.36091347e-02	3.86026102e-01	2.84376256e-01	1.01649846e-01
525             	9.13547050e-02	1.36034096e-02	3.86100302e-01	2.84404856e-01	1.01695446e-01
526             	9.13462336e-02	1.35977456e-02	3.86173818e-01	2.84433143e-01	1.01740675e-01
527             	9.13377927e-02	1.35921058e-02	3.86246842e-01	2.84461214e-01	1.01785628e-01
528             	9.13293813e-02	1.35865253e-02	3.86319193e-01	2.84488978e-01	1.01830215e-01
529             	9.13209998e-02	1.35809687e-02	3.86391064e-01	2.84516532e-01	1.01874532e-01
530             	9.13126488e-02	1.35754709e-02	3.86462257e-01	2.84543777e-01	1.01918480e-01
531             	9.13043268e-02	1.35699969e-02	3.86532981e-01	2.84570817e-01	1.01962164e-01
532             	9.12960324e-02	1.35645785e-02	3.86603060e-01	2.84597562e-01	1.02005498e-01
533             	9.12877671e-02	1.35591845e-02	3.86672681e-01	2.84624107e-01	1.02048573e-01
534             	9.12795305e-02	1.35538455e-02	3.86741664e-01	2.84650363e-01	1.02091302e-01
535             	9.12713348e-02	1.35485400e-02	3.86810148e-01	2.84676409e-01	1.02133739e-01
536             	9.12631636e-02	1.35432857e-02	3.86878034e-01	2.84702181e-01	1.02175854e-01
537             	9.12550280e-02	1.35380627e-02	3.86945424e-01	2.84727740e-01	1.02217684e-01
538             	9.12469138e-02	1.35328841e-02	3.87012267e-01	2.84753047e-01	1.02259220e-01
539             	9.12388277e-02	1.35277275e-02	3.87078698e-01	2.84778177e-01	1.02300521e-01
540             	9.12307726e-02	1.35226200e-02	3.87144521e-01	2.84803033e-01	1.02341488e-01
541             	9.12227500e-02	1.35175361e-02	3.87209916e-01	2.84827708e-01	1.02382208e-01
542             	9.12147600e-02	1.35125006e-02	3.87274702e-01	2.84852111e-01	1.02422591e-01
543             	9.12068038e-02	1.35074908e-02	3.87339043e-01	2.84876325e-01	1.02462718e-01
544             	9.11988807e-02	1.35025302e-02	3.87402766e-01	2.84900263e-01	1.02502502e-01
545             	9.11909899e-02	1.34975966e-02	3.87466046e-01	2.84924013e-01	1.02542033e-01
546             	9.11831318e-02	1.34927140e-02	3.87528702e-01	2.84947483e-01	1.02581219e-01
547             	9.11753015e-02	1.34878558e-02	3.87590951e-01	2.84970777e-01	1.02620174e-01
548             	9.11674999e-02	1.34830427e-02	3.87652623e-01	2.84993811e-01	1.02658811e-01
549             	9.11597293e-02	1.34782551e-02	3.87713882e-01	2.85016670e-01	1.02697212e-01
550             	9.11519892e-02	1.34735111e-02	3.87774578e-01	2.85039278e-01	1.02735300e-01
551             	9.11442802e-02	1.34687907e-02	3.87834886e-01	2.85061723e-01	1.02773163e-01
552             	9.11366044e-02	1.34641142e-02	3.87894623e-01	2.85083916e-01	1.02810707e-01
553             	9.11289638e-02	1.34594648e-02	3.87953928e-01	2.85105928e-01	1.02848000e-01
554             	9.11213566e-02	1.34548595e-02	3.88012665e-01	2.85127689e-01	1.02884976e-01
555             	9.11137826e-02	1.34502793e-02	3.88071005e-01	2.85149285e-01	1.02921720e-01
556             	9.11062394e-02	1.34457401e-02	3.88128811e-01	2.85170645e-01	1.02958166e-01
557             	9.10987272e-02	1.34412244e-02	3.88186240e-01	2.85191847e-01	1.02994393e-01
558             	9.10912445e-02	1.34367480e-02	3.88243149e-01	2.85212819e-01	1.03030330e-01
559             	9.10837921e-02	1.34322941e-02	3.88299686e-01	2.85233635e-01	1.03066051e-01
560             	9.10763695e-02	1.34278785e-02	3.88355708e-01	2.85254224e-01	1.03101485e-01
561             	9.10689801e-02	1.34234869e-02	3.88411347e-01	2.85274653e-01	1.03136693e-01
562             	9.10616217e-02	1.34191345e-02	3.88466458e-01	2.85294851e-01	1.03171608e-01
563             	9.10542996e-02	1.34148095e-02	3.88521160e-01	2.85314880e-01	1.03206280e-01
564             	9.10470051e-02	1.34105212e-02	3.88575358e-01	2.85334684e-01	1.03240674e-01
565             	9.10397440e-02	1.34062565e-02	3.88629177e-01	2.85354332e-01	1.03274844e-01
566             	9.10325140e-02	1.34020284e-02	3.88682494e-01	2.85373761e-01	1.03308733e-01
567             	9.10253175e-02	1.33978236e-02	3.88735435e-01	2.85393035e-01	1.03342400e-01
568             	9.10181528e-02	1.33936539e-02	3.88787888e-01	2.85412097e-01	1.03375791e-01
569             	9.10110239e-02	1.33895079e-02	3.88839966e-01	2.85431007e-01	1.03408959e-01
570             	9.10039287e-02	1.33853975e-02	3.88891562e-01	2.85449710e-01	1.03441852e-01
571             	9.09968702e-02	1.33813088e-02	3.88942812e-01	2.85468276e-01	1.03474536e-01
572             	9.09898436e-02	1.33772559e-02	3.88993583e-01	2.85486635e-01	1.03506948e-01
573             	9.09828514e-02	1.33732202e-02	3.89044010e-01	2.85504856e-01	1.03539154e-01
574             	9.09758889e-02	1.33692166e-02	3.89093964e-01	2.85522871e-01	1.03571093e-01
575             	9.09689569e-02	1.33652338e-02	3.89143569e-01	2.85540741e-01	1.03602827e-01
576             	9.09620550e-02	1.33612856e-02	3.89192712e-01	2.85558411e-01	1.03634301e-01
577             	9.09551872e-02	1.33573618e-02	3.89241511e-01	2.85575943e-01	1.03665568e-01
578             	9.09483540e-02	1.33534719e-02	3.89289850e-01	2.85593279e-01	1.03696571e-01
579             	9.09415530e-02	1.33496029e-02	3.89337858e-01	2.85610482e-01	1.03727376e-01
580             	9.09347831e-02	1.33457675e-02	3.89385428e-01	2.85627497e-01	1.03757931e-01
581             	9.09280442e-02	1.33419539e-02	3.89432669e-01	2.85644378e-01	1.03788290e-01
582             	9.09213365e-02	1.33381712e-02	3.89479463e-01	2.85661068e-01	1.03818395e-01
583             	9.09146595e-02	1.33344078e-02	3.89525921e-01	2.85677620e-01	1.03848301e-01
584             	9.09080158e-02	1.33306786e-02	3.89571930e-01	2.85693981e-01	1.03877949e-01
585             	9.09014077e-02	1.33269723e-02	3.89617603e-01	2.85710209e-01	1.03907394e-01
586             	9.08948353e-02	1.33232975e-02	3.89662837e-01	2.85726254e-01	1.03936583e-01
587             	9.08882966e-02	1.33196418e-02	3.89707751e-01	2.85742172e-01	1.03965579e-01
588             	9.08817928e-02	1.33160151e-02	3.89752241e-01	2.85757913e-01	1.03994328e-01
589             	9.08753221e-02	1.33124061e-02	3.89796428e-01	2.85773536e-01	1.04022892e-01
590             	9.08688848e-02	1.33088292e-02	3.89840220e-01	2.85788995e-01	1.04051225e-01
591             	9.08624817e-02	1.33052732e-02	3.89883724e-01	2.85804344e-01	1.04079380e-01
592             	9.08561128e-02	1.33017472e-02	3.89926839e-01	2.85819532e-01	1.04107306e-01
593             	9.08497766e-02	1.32982397e-02	3.89969663e-01	2.85834608e-01	1.04135055e-01
594             	9.08434731e-02	1.32947603e-02	3.90012092e-01	2.85849519e-01	1.04162573e-01
595             	9.08372007e-02	1.32912983e-02	3.90054219e-01	2.85864310e-01	1.04189909e-01
596             	9.08309608e-02	1.32878691e-02	3.90095944e-01	2.85878933e-01	1.04217011e-01
597             	9.08247547e-02	1.32844577e-02	3.90137350e-01	2.85893430e-01	1.04243920e-01
598             	9.08185820e-02	1.32810788e-02	3.90178347e-01	2.85907755e-01	1.04270592e-01
599             	9.08124422e-02	1.32777161e-02	3.90219037e-01	2.85921961e-01	1.04297076e-01
600             	9.08063343e-02	1.32743834e-02	3.90259346e-01	2.85936007e-01	1.04323339e-01
601             	9.08002582e-02	1.32710693e-02	3.90299377e-01	2.85949947e-01	1.04349430e-01
602             	9.07942156e-02	1.32677832e-02	3.90339045e-01	2.85963738e-01	1.04375307e-01
603             	9.07884510e-02	1.32646789e-02	3.90376889e-01	2.85976896e-01	1.04399994e-01
604             	9.07828953e-02	1.32617377e-02	3.90413167e-01	2.85989479e-01	1.04423688e-01
605             	9.07777674e-02	1.32591126e-02	3.90446627e-01	2.86001081e-01	1.04445546e-01
606             	9.07712855e-02	1.32555426e-02	3.90488774e-01	2.86015673e-01	1.04473102e-01
607             	9.07648094e-02	1.32519254e-02	3.90531097e-01	2.86030358e-01	1.04500739e-01
608             	9.07583225e-02	1.32482277e-02	3.90573816e-01	2.86045230e-01	1.04528585e-01
609             	9.07520488e-02	1.32446457e-02	3.90615118e-01	2.86059608e-01	1.04555510e-01
610             	9.07460709e-02	1.32412770e-02	3.90654242e-01	2.86073192e-01	1.04581050e-01
611             	9.07406078e-02	1.32383159e-02	3.90689611e-01	2.86085414e-01	1.04604198e-01
612             	9.07358459e-02	1.32359375e-02	3.90719824e-01	2.86095758e-01	1.04624066e-01
613             	9.07300582e-02	1.32329024e-02	3.90755955e-01	2.86108035e-01	1.04647919e-01
614             	9.07242518e-02	1.32298766e-02	3.90791968e-01	2.86120236e-01	1.04671732e-01
615             	9.07187093e-02	1.32270092e-02	3.90826370e-01	2.86131894e-01	1.04694476e-01
616             	9.07133407e-02	1.32242514e-02	3.90859677e-01	2.86143179e-01	1.04716498e-01
617             	9.07084559e-02	1.32218134e-02	3.90890036e-01	2.86153474e-01	1.04736562e-01
618             	9.07024881e-02	1.32186023e-02	3.90927272e-01	2.86166124e-01	1.04761148e-01
619             	9.06965108e-02	1.32153209e-02	3.90964996e-01	2.86179009e-01	1.04785987e-01
620             	9.06906180e-02	1.32120461e-02	3.91002534e-01	2.86191885e-01	1.04810649e-01
621             	9.06851418e-02	1.32090182e-02	3.91037640e-01	2.86203962e-01	1.04833678e-01
622             	9.06803819e-02	1.32065252e-02	3.91068037e-01	2.86214400e-01	1.04853636e-01
623             	9.06747565e-02	1.32034467e-02	3.91103647e-01	2.86226580e-01	1.04877067e-01
624             	9.06694025e-02	1.32005544e-02	3.91137445e-01	2.86238125e-01	1.04899320e-01
625             	9.06642755e-02	1.31978423e-02	3.91169479e-01	2.86249015e-01	1.04920464e-01
626             	9.06596786e-02	1.31955279e-02	3.91197942e-01	2.86258650e-01	1.04939292e-01
627             	9.06540576e-02	1.31925305e-02	3.91232345e-01	2.86270230e-01	1.04962115e-01
628             	9.06484716e-02	1.31895427e-02	3.91266469e-01	2.86281706e-01	1.04984763e-01
629             	9.06431835e-02	1.31867198e-02	3.91298842e-01	2.86292605e-01	1.05006238e-01
630             	9.06385494e-02	1.31843565e-02	3.91327161e-01	2.86302130e-01	1.05025031e-01
631             	9.06330631e-02	1.31814250e-02	3.91360438e-01	2.86313282e-01	1.05047156e-01
632             	9.06282252e-02	1.31789235e-02	3.91389980e-01	2.86323215e-01	1.05066765e-01
633             	9.06233078e-02	1.31763670e-02	3.91419972e-01	2.86333294e-01	1.05086678e-01
634             	9.06183284e-02	1.31737568e-02	3.91450393e-01	2.86343525e-01	1.05106868e-01
635             	9.06133389e-02	1.31711236e-02	3.91480921e-01	2.86353799e-01	1.05127122e-01
636             	9.06083761e-02	1.31684830e-02	3.91511363e-01	2.86364058e-01	1.05147305e-01
637             	9.06034382e-02	1.31658434e-02	3.91541659e-01	2.86374268e-01	1.05167391e-01
638             	9.05985005e-02	1.31631814e-02	3.91571978e-01	2.86384489e-01	1.05187488e-01
639             	9.05935851e-02	1.31605303e-02	3.91602102e-01	2.86394636e-01	1.05207466e-01
640             	9.05886971e-02	1.31578909e-02	3.91632003e-01	2.86404699e-01	1.05227304e-01
641             	9.05838550e-02	1.31552944e-02	3.91661483e-01	2.86414596e-01	1.05246886e-01
642             	9.05790581e-02	1.31527355e-02	3.91690555e-01	2.86424335e-01	1.05266219e-01
643             	9.05743157e-02	1.31502331e-02	3.91719106e-01	2.86433869e-01	1.05285237e-01
644             	9.05696215e-02	1.31477717e-02	3.91747220e-01	2.86443231e-01	1.05303988e-01
645             	9.05649741e-02	1.31453560e-02	3.91774889e-01	2.86452419e-01	1.05322470e-01
646             	9.05603671e-02	1.31429659e-02	3.91802232e-01	2.86461483e-01	1.05340749e-01
647             	9.05557948e-02	1.31405997e-02	3.91829299e-01	2.86470444e-01	1.05358855e-01
648             	9.05512521e-02	1.31382377e-02	3.91856216e-01	2.86479360e-01	1.05376856e-01
649             	9.05467358e-02	1.31358818e-02	3.91883013e-01	2.86488242e-01	1.05394771e-01
650             	9.05422440e-02	1.31335182e-02	3.91909771e-01	2.86497130e-01	1.05412642e-01
651             	9.05377764e-02	1.31311555e-02	3.91936473e-01	2.86506013e-01	1.05430460e-01
652             	9.05333340e-02	1.31287858e-02	3.91963147e-01	2.86514907e-01	1.05448239e-01
653             	9.05289193e-02	1.31264236e-02	3.91989723e-01	2.86523781e-01	1.05465942e-01
654             	9.05245344e-02	1.31240648e-02	3.92016186e-01	2.86532628e-01	1.05483559e-01
655             	9.05201817e-02	1.31217255e-02	3.92042447e-01	2.86541405e-01	1.05501042e-01
656             	9.05158631e-02	1.31194015e-02	3.92068488e-01	2.86550107e-01	1.05518381e-01
657             	9.05115786e-02	1.31171056e-02	3.92094243e-01	2.86558700e-01	1.05535543e-01
658             	9.05073305e-02	1.31148320e-02	3.92119713e-01	2.86567187e-01	1.05552526e-01
659             	9.05031148e-02	1.31125881e-02	3.92144873e-01	2.86575551e-01	1.05569322e-01
660             	9.04989298e-02	1.31103625e-02	3.92169777e-01	2.86583818e-01	1.05585959e-01
661             	9.04947757e-02	1.31081615e-02	3.92194424e-01	2.86591988e-01	1.05602436e-01
662             	9.04906498e-02	1.31059728e-02	3.92218871e-01	2.86600085e-01	1.05618786e-01
663             	9.04865490e-02	1.31037998e-02	3.92243137e-01	2.86608117e-01	1.05635019e-01
664             	9.04824764e-02	1.31016327e-02	3.92267267e-01	2.86616110e-01	1.05651157e-01
665             	9.04784331e-02	1.30994790e-02	3.92291247e-01	2.86624057e-01	1.05667190e-01
666             	9.04744216e-02	1.30973300e-02	3.92315111e-01	2.86631977e-01	1.05683134e-01
667             	9.04704417e-02	1.30951936e-02	3.92338840e-01	2.86639862e-01	1.05698978e-01
668             	9.04664961e-02	1.30930634e-02	3.92362445e-01	2.86647719e-01	1.05714726e-01
669             	9.04625849e-02	1.30909494e-02	3.92385884e-01	2.86655527e-01	1.05730357e-01
670             	9.04587050e-02	1.30888386e-02	3.92409161e-01	2.86663285e-01	1.05745875e-01
671             	9.04548541e-02	1.30867460e-02	3.92432261e-01	2.86670985e-01	1.05761277e-01
672             	9.04510326e-02	1.30846600e-02	3.92455191e-01	2.86678628e-01	1.05776563e-01
673             	9.04472413e-02	1.30825961e-02	3.92477934e-01	2.86686208e-01	1.05791726e-01
674             	9.04434815e-02	1.30805424e-02	3.92500499e-01	2.86693731e-01	1.05806768e-01
675             	9.04397521e-02	1.30785115e-02	3.92522889e-01	2.86701197e-01	1.05821692e-01
676             	9.04360526e-02	1.30764896e-02	3.92545122e-01	2.86708614e-01	1.05836508e-01
677             	9.04323799e-02	1.30744832e-02	3.92567183e-01	2.86715971e-01	1.05851211e-01
678             	9.04287365e-02	1.30724860e-02	3.92589093e-01	2.86723283e-01	1.05865810e-01
679             	9.04251192e-02	1.30705047e-02	3.92610838e-01	2.86730538e-01	1.05880300e-01
680             	9.04215285e-02	1.30685268e-02	3.92632437e-01	2.86737747e-01	1.05894690e-01
681             	9.04179643e-02	1.30665668e-02	3.92653883e-01	2.86744906e-01	1.05908977e-01
682             	9.04144308e-02	1.30646139e-02	3.92675187e-01	2.86752024e-01	1.05923163e-01
683             	9.04109257e-02	1.30626766e-02	3.92696326e-01	2.86759088e-01	1.05937237e-01
684             	9.04074553e-02	1.30607512e-02	3.92717320e-01	2.86766115e-01	1.05951205e-01
685             	9.04040171e-02	1.30588449e-02	3.92738154e-01	2.86773094e-01	1.05965060e-01
686             	9.04006137e-02	1.30569462e-02	3.92758844e-01	2.86780036e-01	1.05978808e-01
687             	9.03972408e-02	1.30550674e-02	3.92779392e-01	2.86786937e-01	1.05992455e-01
688             	9.03938997e-02	1.30531964e-02	3.92799818e-01	2.86793809e-01	1.06006009e-01
689             	9.03905842e-02	1.30513376e-02	3.92820113e-01	2.86800641e-01	1.06019472e-01
690             	9.03872974e-02	1.30494874e-02	3.92840297e-01	2.86807446e-01	1.06032851e-01
691             	9.03840348e-02	1.30476502e-02	3.92860356e-01	2.86814213e-01	1.06046143e-01
692             	9.03807992e-02	1.30458169e-02	3.92880291e-01	2.86820945e-01	1.06059346e-01
693             	9.03775871e-02	1.30439995e-02	3.92900096e-01	2.86827635e-01	1.06072461e-01
694             	9.03744053e-02	1.30421901e-02	3.92919767e-01	2.86834289e-01	1.06085478e-01
695             	9.03712470e-02	1.30403932e-02	3.92939293e-01	2.86840893e-01	1.06098399e-01
696             	9.03681213e-02	1.30386083e-02	3.92958682e-01	2.86847462e-01	1.06111220e-01
697             	9.03650228e-02	1.30368394e-02	3.92977927e-01	2.86853986e-01	1.06123941e-01
698             	9.03619563e-02	1.30350782e-02	3.92997033e-01	2.86860473e-01	1.06136560e-01
699             	9.03589156e-02	1.30333336e-02	3.93016016e-01	2.86866923e-01	1.06149092e-01
700             	9.03559084e-02	1.30315981e-02	3.93034875e-01	2.86873346e-01	1.06161529e-01
701             	9.03529221e-02	1.30298708e-02	3.93053631e-01	2.86879738e-01	1.06173894e-01
702             	9.03499650e-02	1.30281529e-02	3.93072286e-01	2.86886108e-01	1.06186178e-01
703             	9.03470292e-02	1.30264446e-02	3.93090845e-01	2.86892451e-01	1.06198393e-01
704             	9.03441221e-02	1.30247414e-02	3.93109287e-01	2.86898766e-01	1.06210521e-01
705             	9.03412314e-02	1.30230482e-02	3.93127652e-01	2.86905057e-01	1.06222595e-01
706             	9.03383735e-02	1.30213655e-02	3.93145879e-01	2.86911313e-01	1.06234566e-01
707             	9.03355407e-02	1.30196940e-02	3.93163973e-01	2.86917527e-01	1.06246446e-01
708             	9.03325505e-02	1.30179066e-02	3.93183002e-01	2.86924051e-01	1.06258950e-01
709             	9.03300143e-02	1.30164289e-02	3.93199416e-01	2.86929722e-01	1.06269694e-01
710             	9.03271068e-02	1.30146898e-02	3.93218058e-01	2.86936136e-01	1.06281922e-01
711             	9.03243395e-02	1.30130437e-02	3.93235922e-01	2.86942301e-01	1.06293621e-01
712             	9.03216894e-02	1.30114714e-02	3.93253108e-01	2.86948243e-01	1.06304864e-01
713             	9.03193043e-02	1.30100715e-02	3.93268771e-01	2.86953690e-01	1.06315081e-01
714             	9.03166114e-02	1.30084558e-02	3.93286315e-01	2.86959769e-01	1.06326546e-01
715             	9.03139790e-02	1.30068622e-02	3.93303605e-01	2.86965782e-01	1.06337824e-01
716             	9.03113884e-02	1.30052740e-02	3.93320745e-01	2.86971761e-01	1.06348984e-01
717             	9.03086796e-02	1.30035730e-02	3.93338660e-01	2.86978010e-01	1.06360650e-01
718             	9.03061441e-02	1.30019933e-02	3.93355639e-01	2.86983964e-01	1.06371676e-01
719             	9.03036571e-02	1.30004374e-02	3.93372349e-01	2.86989832e-01	1.06382517e-01
720             	9.03010554e-02	1.29987864e-02	3.93389750e-01	2.86995930e-01	1.06393820e-01
721             	9.02986191e-02	1.29972651e-02	3.93406190e-01	2.87001714e-01	1.06404476e-01
722             	9.02962242e-02	1.29957722e-02	3.93422364e-01	2.87007406e-01	1.06414958e-01
723             	9.02938554e-02	1.29942991e-02	3.93438395e-01	2.87013053e-01	1.06425342e-01
724             	9.02915067e-02	1.29928351e-02	3.93454337e-01	2.87018675e-01	1.06435662e-01
725             	9.02891796e-02	1.29913749e-02	3.93470200e-01	2.87024279e-01	1.06445920e-01
726             	9.02868770e-02	1.29899202e-02	3.93486003e-01	2.87029879e-01	1.06456124e-01
727             	9.02845942e-02	1.29884621e-02	3.93501799e-01	2.87035494e-01	1.06466305e-01
728             	9.02823243e-02	1.29869916e-02	3.93517638e-01	2.87041143e-01	1.06476495e-01
729             	9.02800580e-02	1.29855063e-02	3.93533597e-01	2.87046856e-01	1.06486740e-01
730             	9.02779534e-02	1.29841243e-02	3.93548654e-01	2.87052280e-01	1.06496374e-01
731             	9.02754080e-02	1.29823808e-02	3.93566746e-01	2.87058781e-01	1.06507965e-01
732             	9.02727582e-02	1.29805424e-02	3.93585551e-01	2.87065534e-01	1.06520017e-01
733             	9.02705542e-02	1.29790548e-02	3.93601395e-01	2.87071252e-01	1.06530143e-01
734             	9.02684675e-02	1.29776677e-02	3.93616318e-01	2.87076627e-01	1.06539692e-01
735             	9.02665935e-02	1.29764557e-02	3.93629677e-01	2.87081432e-01	1.06548245e-01
736             	9.02644952e-02	1.29750849e-02	3.93644503e-01	2.87086746e-01	1.06557756e-01
737             	9.02624360e-02	1.29737425e-02	3.93659105e-01	2.87091988e-01	1.06567116e-01
738             	9.02604134e-02	1.29724132e-02	3.93673563e-01	2.87097195e-01	1.06576368e-01
739             	9.02584165e-02	1.29710789e-02	3.93687992e-01	2.87102413e-01	1.06585580e-01
740             	9.02565706e-02	1.29698361e-02	3.93701568e-01	2.87107355e-01	1.06594213e-01
741             	9.02543562e-02	1.29682587e-02	3.93717946e-01	2.87113329e-01	1.06604617e-01
742             	9.02521645e-02	1.29666616e-02	3.93734441e-01	2.87119385e-01	1.06615056e-01
743             	9.02500402e-02	1.29650956e-02	3.93750607e-01	2.87125344e-01	1.06625263e-01
744             	9.02481069e-02	1.29636967e-02	3.93765471e-01	2.87130842e-01	1.06634629e-01
745             	9.02462644e-02	1.29623755e-02	3.93779673e-01	2.87136101e-01	1.06643572e-01
746             	9.02444702e-02	1.29610994e-02	3.93793498e-01	2.87141219e-01	1.06652279e-01
747             	9.02426994e-02	1.29598452e-02	3.93807127e-01	2.87146263e-01	1.06660864e-01
748             	9.02409406e-02	1.29586032e-02	3.93820688e-01	2.87151285e-01	1.06669403e-01
749             	9.02391893e-02	1.29573578e-02	3.93834267e-01	2.87156323e-01	1.06677944e-01
750             	9.02374428e-02	1.29560972e-02	3.93847927e-01	2.87161406e-01	1.06686521e-01
751             	9.02356929e-02	1.29548083e-02	3.93861761e-01	2.87166574e-01	1.06695188e-01
752             	9.02339373e-02	1.29534925e-02	3.93875819e-01	2.87171847e-01	1.06703972e-01
753             	9.02321780e-02	1.29521490e-02	3.93890097e-01	2.87177227e-01	1.06712871e-01
754             	9.02304196e-02	1.29507828e-02	3.93904550e-01	2.87182695e-01	1.06721855e-01
755             	9.02286680e-02	1.29494028e-02	3.93919094e-01	2.87188215e-01	1.06730879e-01
756             	9.02269302e-02	1.29480264e-02	3.93933636e-01	2.87193748e-01	1.06739888e-01
757             	9.02252148e-02	1.29466642e-02	3.93948069e-01	2.87199249e-01	1.06748819e-01
758             	9.02235281e-02	1.29453240e-02	3.93962301e-01	2.87204678e-01	1.06757622e-01
759             	9.02218730e-02	1.29440106e-02	3.93976268e-01	2.87210007e-01	1.06766261e-01
760             	9.02202497e-02	1.29427310e-02	3.93989957e-01	2.87215228e-01	1.06774729e-01
761             	9.02186582e-02	1.29414821e-02	3.94003370e-01	2.87220343e-01	1.06783027e-01
762             	9.02170961e-02	1.29402563e-02	3.94016552e-01	2.87225372e-01	1.06791180e-01
763             	9.02155589e-02	1.29390445e-02	3.94029563e-01	2.87230341e-01	1.06799223e-01
764             	9.02140421e-02	1.29378438e-02	3.94042482e-01	2.87235283e-01	1.06807199e-01
765             	9.02125437e-02	1.29366448e-02	3.94055375e-01	2.87240231e-01	1.06815144e-01
766             	9.02110616e-02	1.29354398e-02	3.94068291e-01	2.87245207e-01	1.06823084e-01
767             	9.02095938e-02	1.29342238e-02	3.94081262e-01	2.87250225e-01	1.06831037e-01
768             	9.02081392e-02	1.29330008e-02	3.94094305e-01	2.87255292e-01	1.06839013e-01
769             	9.02066996e-02	1.29317707e-02	3.94107406e-01	2.87260403e-01	1.06847003e-01
770             	9.02052767e-02	1.29305342e-02	3.94120542e-01	2.87265547e-01	1.06854994e-01
771             	9.02038709e-02	1.29292936e-02	3.94133675e-01	2.87270708e-01	1.06862967e-01
772             	9.02024823e-02	1.29280584e-02	3.94146778e-01	2.87275871e-01	1.06870907e-01
773             	9.02011128e-02	1.29268309e-02	3.94159812e-01	2.87281019e-01	1.06878793e-01
774             	9.01997634e-02	1.29256127e-02	3.94172746e-01	2.87286137e-01	1.06886610e-01
775             	9.01984336e-02	1.29244048e-02	3.94185555e-01	2.87291211e-01	1.06894344e-01
776             	9.01971210e-02	1.29232071e-02	3.94198229e-01	2.87296236e-01	1.06901994e-01
777             	9.01958232e-02	1.29220245e-02	3.94210785e-01	2.87301216e-01	1.06909569e-01
778             	9.01945404e-02	1.29208542e-02	3.94223240e-01	2.87306160e-01	1.06917080e-01
779             	9.01932731e-02	1.29196922e-02	3.94235617e-01	2.87311082e-01	1.06924536e-01
780             	9.01926830e-02	1.29188457e-02	3.94248897e-01	2.87317132e-01	1.06931766e-01
781             	9.01927366e-02	1.29181173e-02	3.94265010e-01	2.87325242e-01	1.06939768e-01
782             	9.01932537e-02	1.29175562e-02	3.94281513e-01	2.87334010e-01	1.06947503e-01
783             	9.01939724e-02	1.29170510e-02	3.94297922e-01	2.87342933e-01	1.06954989e-01
784             	9.01946048e-02	1.29164949e-02	3.94313758e-01	2.87351484e-01	1.06962274e-01
785             	9.01947815e-02	1.29158952e-02	3.94326818e-01	2.87358190e-01	1.06968627e-01
786             	9.01945134e-02	1.29151002e-02	3.94339351e-01	2.87364189e-01	1.06975162e-01
787             	9.01937039e-02	1.29140739e-02	3.94351401e-01	2.87369405e-01	1.06981997e-01
788             	9.01923268e-02	1.29128121e-02	3.94362976e-01	2.87373815e-01	1.06989161e-01
789             	9.01904277e-02	1.29113458e-02	3.94374112e-01	2.87377483e-01	1.06996628e-01
790             	9.01881211e-02	1.29097250e-02	3.94384818e-01	2.87380530e-01	1.07004288e-01
791             	9.01855710e-02	1.29080162e-02	3.94395142e-01	2.87383142e-01	1.07012000e-01
792             	9.01829642e-02	1.29062914e-02	3.94405184e-01	2.87385556e-01	1.07019628e-01
793             	9.01804823e-02	1.29046235e-02	3.94415105e-01	2.87388035e-01	1.07027070e-01
794             	9.01782774e-02	1.29030619e-02	3.94425083e-01	2.87390819e-01	1.07034264e-01
795             	9.01764494e-02	1.29016346e-02	3.94435297e-01	2.87394098e-01	1.07041199e-01
796             	9.01750367e-02	1.29003475e-02	3.94445894e-01	2.87397984e-01	1.07047910e-01
797             	9.01740187e-02	1.28991873e-02	3.94456964e-01	2.87402501e-01	1.07054463e-01
798             	9.01733260e-02	1.28981336e-02	3.94468541e-01	2.87407596e-01	1.07060944e-01
799             	9.01728600e-02	1.28971494e-02	3.94480584e-01	2.87413152e-01	1.07067432e-01
800             	9.01725025e-02	1.28961975e-02	3.94492937e-01	2.87418971e-01	1.07073966e-01
801             	9.01721387e-02	1.28952410e-02	3.94505453e-01	2.87424865e-01	1.07080588e-01
802             	9.01716693e-02	1.28942512e-02	3.94517945e-01	2.87430642e-01	1.07087303e-01
803             	9.01710241e-02	1.28932162e-02	3.94530258e-01	2.87436153e-01	1.07094105e-01
804             	9.01701708e-02	1.28921258e-02	3.94542255e-01	2.87441298e-01	1.07100957e-01
805             	9.01691123e-02	1.28909792e-02	3.94553855e-01	2.87446040e-01	1.07107815e-01
806             	9.01678795e-02	1.28897835e-02	3.94565025e-01	2.87450392e-01	1.07114633e-01
807             	9.01665242e-02	1.28885510e-02	3.94575792e-01	2.87454420e-01	1.07121372e-01
808             	9.01651092e-02	1.28873037e-02	3.94586238e-01	2.87458228e-01	1.07128010e-01
809             	9.01637013e-02	1.28860552e-02	3.94596468e-01	2.87461935e-01	1.07134533e-01
810             	9.01623581e-02	1.28848165e-02	3.94606602e-01	2.87465659e-01	1.07140943e-01
811             	9.01611212e-02	1.28835954e-02	3.94616753e-01	2.87469498e-01	1.07147255e-01
812             	9.01600126e-02	1.28823958e-02	3.94627017e-01	2.87473521e-01	1.07153496e-01
813             	9.01590359e-02	1.28812257e-02	3.94637473e-01	2.87477773e-01	1.07159701e-01
814             	9.01581816e-02	1.28800819e-02	3.94648155e-01	2.87482259e-01	1.07165896e-01
815             	9.01574280e-02	1.28789588e-02	3.94659062e-01	2.87486959e-01	1.07172103e-01
816             	9.01567443e-02	1.28778500e-02	3.94670158e-01	2.87491823e-01	1.07178335e-01
817             	9.01560966e-02	1.28767494e-02	3.94681380e-01	2.87496787e-01	1.07184593e-01
818             	9.01554528e-02	1.28756591e-02	3.94692662e-01	2.87501784e-01	1.07190878e-01
819             	9.01547897e-02	1.28745738e-02	3.94703927e-01	2.87506753e-01	1.07197174e-01
820             	9.01540924e-02	1.28734890e-02	3.94715107e-01	2.87511646e-01	1.07203461e-01
821             	9.01533532e-02	1.28724016e-02	3.94726146e-01	2.87516426e-01	1.07209720e-01
822             	9.01525718e-02	1.28713101e-02	3.94737009e-01	2.87521076e-01	1.07215933e-01
823             	9.01517545e-02	1.28702213e-02	3.94747696e-01	2.87525602e-01	1.07222093e-01
824             	9.01509155e-02	1.28691342e-02	3.94758215e-01	2.87530023e-01	1.07228192e-01
825             	9.01500712e-02	1.28680478e-02	3.94768595e-01	2.87534369e-01	1.07234227e-01
826             	9.01492367e-02	1.28669611e-02	3.94778875e-01	2.87538674e-01	1.07240201e-01
827             	9.01484241e-02	1.28658736e-02	3.94789093e-01	2.87542971e-01	1.07246122e-01
828             	9.01476413e-02	1.28647923e-02	3.94799299e-01	2.87547291e-01	1.07252008e-01
829             	9.01468961e-02	1.28637155e-02	3.94809529e-01	2.87551660e-01	1.07257868e-01
830             	9.01461917e-02	1.28626414e-02	3.94819803e-01	2.87556093e-01	1.07263710e-01
831             	9.01455266e-02	1.28615683e-02	3.94830132e-01	2.87560593e-01	1.07269539e-01
832             	9.01448950e-02	1.28604949e-02	3.94840513e-01	2.87565151e-01	1.07275361e-01
833             	9.01442889e-02	1.28594207e-02	3.94850931e-01	2.87569754e-01	1.07281177e-01
834             	9.01436995e-02	1.28583534e-02	3.94861375e-01	2.87574387e-01	1.07286988e-01
835             	9.01431220e-02	1.28572919e-02	3.94871822e-01	2.87579033e-01	1.07292789e-01
836             	9.01425529e-02	1.28562352e-02	3.94882252e-01	2.87583679e-01	1.07298573e-01
837             	9.01419882e-02	1.28551821e-02	3.94892641e-01	2.87588309e-01	1.07304332e-01
838             	9.01414244e-02	1.28541316e-02	3.94902971e-01	2.87592910e-01	1.07310061e-01
839             	9.01408591e-02	1.28530832e-02	3.94913229e-01	2.87597474e-01	1.07315755e-01
840             	9.01402906e-02	1.28520442e-02	3.94923417e-01	2.87601999e-01	1.07321418e-01
841             	9.01397231e-02	1.28510130e-02	3.94933535e-01	2.87606491e-01	1.07327045e-01
842             	9.01391611e-02	1.28499876e-02	3.94943593e-01	2.87610958e-01	1.07332635e-01
843             	9.01386083e-02	1.28489661e-02	3.94953598e-01	2.87615407e-01	1.07338191e-01
844             	9.01380667e-02	1.28479465e-02	3.94963558e-01	2.87619846e-01	1.07343712e-01
845             	9.01375372e-02	1.28469275e-02	3.94973482e-01	2.87624278e-01	1.07349204e-01
846             	9.01370194e-02	1.28459159e-02	3.94983388e-01	2.87628713e-01	1.07354674e-01
847             	9.01365166e-02	1.28449094e-02	3.94993282e-01	2.87633158e-01	1.07360124e-01
848             	9.01360314e-02	1.28439060e-02	3.95003173e-01	2.87637618e-01	1.07365555e-01
849             	9.01355639e-02	1.28429037e-02	3.95013060e-01	2.87642094e-01	1.07370966e-01
850             	9.01351123e-02	1.28419009e-02	3.95022940e-01	2.87646582e-01	1.07376358e-01
851             	9.01346737e-02	1.28408966e-02	3.95032806e-01	2.87651077e-01	1.07381729e-01
852             	9.01342438e-02	1.28398983e-02	3.95042659e-01	2.87655573e-01	1.07387086e-01
853             	9.01338232e-02	1.28389046e-02	3.95052492e-01	2.87660069e-01	1.07392423e-01
854             	9.01334126e-02	1.28379141e-02	3.95062300e-01	2.87664562e-01	1.07397737e-01
855             	9.01330114e-02	1.28369253e-02	3.95072077e-01	2.87669050e-01	1.07403027e-01
856             	9.01326181e-02	1.28359371e-02	3.95081818e-01	2.87673527e-01	1.07408291e-01
857             	9.01322308e-02	1.28349490e-02	3.95091517e-01	2.87677989e-01	1.07413528e-01
858             	9.01318467e-02	1.28339685e-02	3.95101179e-01	2.87682436e-01	1.07418743e-01
859             	9.01314684e-02	1.28329942e-02	3.95110804e-01	2.87686870e-01	1.07423934e-01
860             	9.01310988e-02	1.28320246e-02	3.95120397e-01	2.87691297e-01	1.07429100e-01
861             	9.01307392e-02	1.28310579e-02	3.95129960e-01	2.87695719e-01	1.07434241e-01
862             	9.01303899e-02	1.28300927e-02	3.95139495e-01	2.87700137e-01	1.07439358e-01
863             	9.01300500e-02	1.28291279e-02	3.95149001e-01	2.87704551e-01	1.07444451e-01
864             	9.01297170e-02	1.28281709e-02	3.95158486e-01	2.87708960e-01	1.07449526e-01
865             	9.01293935e-02	1.28272199e-02	3.95167951e-01	2.87713369e-01	1.07454582e-01
866             	9.01290819e-02	1.28262728e-02	3.95177399e-01	2.87717781e-01	1.07459617e-01
867             	9.01287826e-02	1.28253277e-02	3.95186828e-01	2.87722197e-01	1.07464631e-01
868             	9.01284948e-02	1.28243829e-02	3.95196238e-01	2.87726614e-01	1.07469624e-01
869             	9.01282164e-02	1.28234374e-02	3.95205623e-01	2.87731028e-01	1.07474595e-01
870             	9.01279451e-02	1.28224906e-02	3.95214979e-01	2.87735435e-01	1.07479544e-01
871             	9.01276779e-02	1.28215506e-02	3.95224310e-01	2.87739833e-01	1.07484477e-01
872             	9.01274170e-02	1.28206162e-02	3.95233618e-01	2.87744226e-01	1.07489392e-01
873             	9.01271653e-02	1.28196859e-02	3.95242903e-01	2.87748617e-01	1.07494286e-01
874             	9.01269237e-02	1.28187582e-02	3.95252167e-01	2.87753007e-01	1.07499160e-01
875             	9.01266917e-02	1.28178315e-02	3.95261408e-01	2.87757396e-01	1.07504012e-01
876             	9.01264679e-02	1.28169050e-02	3.95270621e-01	2.87761779e-01	1.07508843e-01
877             	9.01262504e-02	1.28159782e-02	3.95279803e-01	2.87766152e-01	1.07513651e-01
878             	9.01260361e-02	1.28150592e-02	3.95288960e-01	2.87770516e-01	1.07518444e-01
879             	9.01258276e-02	1.28141466e-02	3.95298091e-01	2.87774873e-01	1.07523218e-01
880             	9.01256280e-02	1.28132389e-02	3.95307199e-01	2.87779228e-01	1.07527972e-01
881             	9.01254386e-02	1.28123342e-02	3.95316287e-01	2.87783582e-01	1.07532705e-01
882             	9.01252592e-02	1.28114309e-02	3.95325354e-01	2.87787936e-01	1.07537418e-01
883             	9.01250882e-02	1.28105278e-02	3.95334396e-01	2.87792286e-01	1.07542110e-01
884             	9.01249239e-02	1.28096243e-02	3.95343412e-01	2.87796630e-01	1.07546782e-01
885             	9.01247626e-02	1.28087283e-02	3.95352405e-01	2.87800965e-01	1.07551440e-01
886             	9.01246069e-02	1.28078383e-02	3.95361375e-01	2.87805295e-01	1.07556081e-01
887             	9.01244598e-02	1.28069527e-02	3.95370326e-01	2.87809623e-01	1.07560703e-01
888             	9.01243223e-02	1.28060695e-02	3.95379258e-01	2.87813951e-01	1.07565307e-01
889             	9.01241940e-02	1.28051872e-02	3.95388169e-01	2.87818279e-01	1.07569891e-01
890             	9.01240733e-02	1.28043045e-02	3.95397056e-01	2.87822601e-01	1.07574455e-01
891             	9.01239584e-02	1.28034210e-02	3.95405915e-01	2.87826916e-01	1.07578999e-01
892             	9.01238451e-02	1.28025444e-02	3.95414750e-01	2.87831220e-01	1.07583530e-01
893             	9.01237361e-02	1.28016733e-02	3.95423561e-01	2.87835516e-01	1.07588044e-01
894             	9.01236342e-02	1.28008063e-02	3.95432350e-01	2.87839809e-01	1.07592541e-01
895             	9.01235409e-02	1.27999416e-02	3.95441118e-01	2.87844100e-01	1.07597018e-01
896             	9.01234560e-02	1.27990776e-02	3.95449865e-01	2.87848388e-01	1.07601476e-01
897             	9.01233780e-02	1.27982134e-02	3.95458586e-01	2.87852671e-01	1.07605915e-01
898             	9.01233053e-02	1.27973485e-02	3.95467279e-01	2.87856945e-01	1.07610334e-01
899             	9.01232365e-02	1.27964830e-02	3.95475942e-01	2.87861208e-01	1.07614735e-01
900             	9.01231678e-02	1.27956254e-02	3.95484581e-01	2.87865459e-01	1.07619123e-01
901             	9.01231030e-02	1.27947746e-02	3.95493199e-01	2.87869703e-01	1.07623497e-01
902             	9.01230457e-02	1.27939294e-02	3.95501799e-01	2.87873945e-01	1.07627854e-01
903             	9.01229978e-02	1.27930878e-02	3.95510383e-01	2.87878189e-01	1.07632194e-01
904             	9.01229591e-02	1.27922481e-02	3.95518951e-01	2.87882434e-01	1.07636516e-01
905             	9.01229282e-02	1.27914088e-02	3.95527498e-01	2.87886677e-01	1.07640821e-01
906             	9.01229029e-02	1.27905690e-02	3.95536019e-01	2.87890912e-01	1.07645107e-01
907             	9.01228811e-02	1.27897285e-02	3.95544512e-01	2.87895137e-01	1.07649375e-01
908             	9.01228583e-02	1.27888954e-02	3.95552978e-01	2.87899347e-01	1.07653631e-01
909             	9.01228377e-02	1.27880685e-02	3.95561420e-01	2.87903547e-01	1.07657872e-01
910             	9.01228228e-02	1.27872462e-02	3.95569840e-01	2.87907743e-01	1.07662097e-01
911             	9.01228157e-02	1.27864267e-02	3.95578242e-01	2.87911937e-01	1.07666305e-01
912             	9.01228163e-02	1.27856083e-02	3.95586624e-01	2.87916128e-01	1.07670496e-01
913             	9.01228234e-02	1.27847896e-02	3.95594984e-01	2.87920315e-01	1.07674669e-01
914             	9.01228350e-02	1.27839699e-02	3.95603319e-01	2.87924494e-01	1.07678824e-01
915             	9.01228495e-02	1.27831493e-02	3.95611625e-01	2.87928662e-01	1.07682963e-01
916             	9.01228623e-02	1.27823360e-02	3.95619906e-01	2.87932815e-01	1.07687091e-01
917             	9.01228769e-02	1.27815290e-02	3.95628164e-01	2.87936959e-01	1.07691205e-01
918             	9.01228971e-02	1.27807269e-02	3.95636402e-01	2.87941098e-01	1.07695304e-01
919             	9.01229250e-02	1.27799278e-02	3.95644623e-01	2.87945236e-01	1.07699386e-01
920             	9.01229606e-02	1.27791301e-02	3.95652825e-01	2.87949373e-01	1.07703452e-01
921             	9.01230027e-02	1.27783324e-02	3.95661007e-01	2.87953506e-01	1.07707501e-01
922             	9.01230492e-02	1.27775339e-02	3.95669164e-01	2.87957631e-01	1.07711533e-01
923             	9.01230983e-02	1.27767345e-02	3.95677292e-01	2.87961744e-01	1.07715548e-01
924             	9.01231486e-02	1.27759346e-02	3.95685390e-01	2.87965843e-01	1.07719546e-01
925             	9.01231960e-02	1.27751429e-02	3.95693461e-01	2.87969926e-01	1.07723534e-01
926             	9.01232445e-02	1.27743584e-02	3.95701510e-01	2.87974000e-01	1.07727511e-01
927             	9.01232986e-02	1.27735795e-02	3.95709544e-01	2.87978070e-01	1.07731473e-01
928             	9.01233606e-02	1.27728044e-02	3.95717564e-01	2.87982143e-01	1.07735421e-01
929             	9.01234308e-02	1.27720310e-02	3.95725570e-01	2.87986216e-01	1.07739354e-01
930             	9.01235076e-02	1.27712577e-02	3.95733557e-01	2.87990286e-01	1.07743271e-01
931             	9.01235887e-02	1.27704836e-02	3.95741520e-01	2.87994349e-01	1.07747171e-01
932             	9.01236717e-02	1.27697082e-02	3.95749453e-01	2.87998398e-01	1.07751055e-01
933             	9.01237552e-02	1.27689318e-02	3.95757353e-01	2.88002432e-01	1.07754921e-01
934             	9.01238343e-02	1.27681633e-02	3.95765224e-01	2.88006446e-01	1.07758778e-01
935             	9.01239131e-02	1.27674013e-02	3.95773070e-01	2.88010448e-01	1.07762622e-01
936             	9.01239962e-02	1.27666444e-02	3.95780897e-01	2.88014445e-01	1.07766452e-01
937             	9.01240864e-02	1.27658907e-02	3.95788710e-01	2.88018442e-01	1.07770269e-01
938             	9.01241840e-02	1.27651384e-02	3.95796510e-01	2.88022439e-01	1.07774071e-01
939             	9.01242879e-02	1.27643861e-02	3.95804292e-01	2.88026434e-01	1.07777858e-01
940             	9.01243959e-02	1.27636327e-02	3.95812053e-01	2.88030423e-01	1.07781631e-01
941             	9.01245060e-02	1.27628780e-02	3.95819788e-01	2.88034400e-01	1.07785388e-01
942             	9.01246165e-02	1.27621225e-02	3.95827491e-01	2.88038362e-01	1.07789129e-01
943             	9.01247224e-02	1.27613749e-02	3.95835167e-01	2.88042306e-01	1.07792861e-01
944             	9.01248279e-02	1.27606341e-02	3.95842818e-01	2.88046237e-01	1.07796581e-01
945             	9.01249374e-02	1.27598985e-02	3.95850451e-01	2.88050163e-01	1.07800288e-01
946             	9.01250536e-02	1.27591663e-02	3.95858070e-01	2.88054089e-01	1.07803982e-01
947             	9.01251769e-02	1.27584354e-02	3.95865675e-01	2.88058014e-01	1.07807661e-01
948             	9.01253061e-02	1.27577044e-02	3.95873263e-01	2.88061938e-01	1.07811325e-01
949             	9.01254391e-02	1.27569721e-02	3.95880829e-01	2.88065854e-01	1.07814976e-01
950             	9.01255737e-02	1.27562384e-02	3.95888369e-01	2.88069758e-01	1.07818611e-01
951             	9.01257084e-02	1.27555036e-02	3.95895879e-01	2.88073648e-01	1.07822231e-01
952             	9.01258379e-02	1.27547765e-02	3.95903359e-01	2.88077517e-01	1.07825842e-01
953             	9.01259663e-02	1.27540560e-02	3.95910816e-01	2.88081374e-01	1.07829442e-01
954             	9.01260984e-02	1.27533406e-02	3.95918255e-01	2.88085226e-01	1.07833029e-01
955             	9.01262367e-02	1.27526284e-02	3.95925681e-01	2.88089077e-01	1.07836604e-01
956             	9.01263818e-02	1.27519175e-02	3.95933093e-01	2.88092928e-01	1.07840165e-01
957             	9.01265326e-02	1.27512065e-02	3.95940489e-01	2.88096777e-01	1.07843712e-01
958             	9.01266871e-02	1.27504943e-02	3.95947865e-01	2.88100619e-01	1.07847245e-01
959             	9.01268430e-02	1.27497807e-02	3.95955214e-01	2.88104450e-01	1.07850764e-01
960             	9.01270238e-02	1.27490192e-02	3.95962993e-01	2.88108521e-01	1.07854473e-01
961             	9.01272142e-02	1.27482396e-02	3.95970912e-01	2.88112670e-01	1.07858242e-01
962             	9.01274197e-02	1.27474414e-02	3.95979091e-01	2.88116965e-01	1.07862126e-01
963             	9.01276036e-02	1.27466989e-02	3.95986790e-01	2.88120998e-01	1.07865791e-01
964             	9.01277760e-02	1.27459950e-02	3.95994159e-01	2.88124856e-01	1.07869304e-01
965             	9.01279241e-02	1.27453399e-02	3.96001048e-01	2.88128448e-01	1.07872600e-01
966             	9.01280508e-02	1.27447166e-02	3.96007577e-01	2.88131839e-01	1.07875738e-01
967             	9.01281605e-02	1.27441074e-02	3.96013895e-01	2.88135108e-01	1.07878787e-01
968             	9.01282625e-02	1.27434923e-02	3.96020192e-01	2.88138359e-01	1.07881834e-01
969             	9.01283656e-02	1.27428597e-02	3.96026600e-01	2.88141666e-01	1.07884934e-01
970             	9.01284801e-02	1.27422018e-02	3.96033225e-01	2.88145093e-01	1.07888132e-01
971             	9.01286131e-02	1.27415201e-02	3.96040099e-01	2.88148663e-01	1.07891437e-01
972             	9.01287667e-02	1.27408312e-02	3.96047210e-01	2.88152372e-01	1.07894838e-01
973             	9.01289436e-02	1.27401398e-02	3.96054496e-01	2.88156192e-01	1.07898304e-01
974             	9.01291458e-02	1.27394475e-02	3.96061904e-01	2.88160098e-01	1.07901806e-01
975             	9.01293677e-02	1.27387591e-02	3.96069339e-01	2.88164037e-01	1.07905302e-01
976             	9.01296049e-02	1.27380703e-02	3.96076778e-01	2.88167994e-01	1.07908784e-01
977             	9.01298420e-02	1.27373893e-02	3.96084085e-01	2.88171885e-01	1.07912201e-01
978             	9.01300742e-02	1.27367089e-02	3.96091284e-01	2.88175716e-01	1.07915568e-01
979             	9.01302884e-02	1.27360374e-02	3.96098278e-01	2.88179428e-01	1.07918851e-01
980             	9.01304864e-02	1.27353664e-02	3.96105147e-01	2.88183060e-01	1.07922087e-01
981             	9.01306640e-02	1.27347031e-02	3.96111852e-01	2.88186590e-01	1.07925262e-01
982             	9.01308266e-02	1.27340502e-02	3.96118509e-01	2.88190081e-01	1.07928428e-01
983             	9.01309789e-02	1.27334101e-02	3.96125107e-01	2.88193532e-01	1.07931575e-01
984             	9.01311355e-02	1.27327708e-02	3.96131752e-01	2.88197012e-01	1.07934741e-01
985             	9.01312996e-02	1.27321357e-02	3.96138411e-01	2.88200505e-01	1.07937906e-01
986             	9.01314797e-02	1.27314946e-02	3.96145158e-01	2.88204059e-01	1.07941099e-01
987             	9.01316722e-02	1.27308531e-02	3.96151927e-01	2.88207636e-01	1.07944291e-01
988             	9.01318799e-02	1.27302036e-02	3.96158766e-01	2.88211263e-01	1.07947503e-01
989             	9.01320947e-02	1.27295543e-02	3.96165588e-01	2.88214889e-01	1.07950699e-01
990             	9.01323174e-02	1.27288997e-02	3.96172432e-01	2.88218533e-01	1.07953898e-01
991             	9.01325394e-02	1.27282490e-02	3.96179215e-01	2.88222147e-01	1.07957068e-01
992             	9.01327621e-02	1.27275969e-02	3.96185981e-01	2.88225752e-01	1.07960228e-01
993             	9.01329756e-02	1.27269627e-02	3.96192670e-01	2.88229310e-01	1.07963359e-01
994             	9.01331860e-02	1.27263363e-02	3.96199340e-01	2.88232856e-01	1.07966484e-01
995             	9.01333926e-02	1.27257202e-02	3.96205944e-01	2.88236365e-01	1.07969580e-01
996             	9.01336005e-02	1.27251046e-02	3.96212532e-01	2.88239867e-01	1.07972666e-01
997             	9.01338072e-02	1.27244915e-02	3.96219065e-01	2.88243340e-01	1.07975725e-01
998             	9.01340154e-02	1.27238728e-02	3.96225591e-01	2.88246811e-01	1.07978780e-01
999             	9.01342215e-02	1.27232525e-02	3.96232072e-01	2.88250258e-01	1.07981815e-01
1000            	9.01344284e-02	1.27226256e-02	3.96238554e-01	2.88253705e-01	1.07984849e-01
1001            	9.01346333e-02	1.27219985e-02	3.96245000e-01	2.88257133e-01	1.07987867e-01
1002            	9.01348405e-02	1.27213677e-02	3.96251457e-01	2.88260569e-01	1.07990888e-01
1003            	9.01350475e-02	1.27207407e-02	3.96257884e-01	2.88263989e-01	1.07993894e-01
1004            	9.01352551e-02	1.27201251e-02	3.96264328e-01	2.88267419e-01	1.07996909e-01
1005            	9.01354639e-02	1.27195228e-02	3.96270754e-01	2.88270841e-01	1.07999913e-01
1006            	9.01356805e-02	1.27189259e-02	3.96277199e-01	2.88274280e-01	1.08002919e-01
1007            	9.01359021e-02	1.27183358e-02	3.96283613e-01	2.88277709e-01	1.08005904e-01
1008            	9.01361310e-02	1.27177441e-02	3.96290029e-01	2.88281145e-01	1.08008883e-01
1009            	9.01363602e-02	1.27171529e-02	3.96296393e-01	2.88284557e-01	1.08011836e-01
1010            	9.01365904e-02	1.27165553e-02	3.96302746e-01	2.88287964e-01	1.08014783e-01
1011            	9.01368152e-02	1.27159561e-02	3.96309039e-01	2.88291334e-01	1.08017704e-01
1012            	9.01370373e-02	1.27153508e-02	3.96315317e-01	2.88294696e-01	1.08020621e-01
1013            	9.01372526e-02	1.27147465e-02	3.96321537e-01	2.88298021e-01	1.08023516e-01
1014            	9.01374662e-02	1.27141396e-02	3.96327752e-01	2.88301342e-01	1.08026410e-01
1015            	9.01376756e-02	1.27135371e-02	3.96333924e-01	2.88304638e-01	1.08029286e-01
1016            	9.01378831e-02	1.27129461e-02	3.96340109e-01	2.88307938e-01	1.08032171e-01
1017            	9.01380891e-02	1.27123685e-02	3.96346268e-01	2.88311223e-01	1.08035045e-01
1018            	9.01383024e-02	1.27117960e-02	3.96352452e-01	2.88314528e-01	1.08037923e-01
1019            	9.01385202e-02	1.27112301e-02	3.96358603e-01	2.88317822e-01	1.08040781e-01
1020            	9.01387465e-02	1.27106621e-02	3.96364767e-01	2.88321130e-01	1.08043637e-01
1021            	9.01389739e-02	1.27100942e-02	3.96370885e-01	2.88324416e-01	1.08046469e-01
1022            	9.01392042e-02	1.27095199e-02	3.96376999e-01	2.88327704e-01	1.08049295e-01
1023            	9.01394303e-02	1.27089438e-02	3.96383057e-01	2.88330959e-01	1.08052098e-01
1024            	9.01396551e-02	1.27083621e-02	3.96389105e-01	2.88334208e-01	1.08054898e-01
1025            	9.01398733e-02	1.27077807e-02	3.96395098e-01	2.88337422e-01	1.08057676e-01
1026            	9.01400904e-02	1.27071970e-02	3.96401090e-01	2.88340635e-01	1.08060455e-01
1027            	9.01403029e-02	1.27066173e-02	3.96407038e-01	2.88343822e-01	1.08063216e-01
1028            	9.01405117e-02	1.27060498e-02	3.96412993e-01	2.88347008e-01	1.08065985e-01
1029            	9.01407175e-02	1.27054950e-02	3.96418919e-01	2.88350177e-01	1.08068742e-01
1030            	9.01409288e-02	1.27049459e-02	3.96424861e-01	2.88353359e-01	1.08071502e-01
1031            	9.01411431e-02	1.27044023e-02	3.96430773e-01	2.88356530e-01	1.08074244e-01
1032            	9.01413642e-02	1.27038571e-02	3.96436690e-01	2.88359709e-01	1.08076981e-01
1033            	9.01415864e-02	1.27033107e-02	3.96442567e-01	2.88362870e-01	1.08079697e-01
1034            	9.01418414e-02	1.27027275e-02	3.96448769e-01	2.88366226e-01	1.08082543e-01
1035            	9.01420316e-02	1.27022106e-02	3.96454185e-01	2.88369124e-01	1.08085061e-01
1036            	9.01423139e-02	1.27015907e-02	3.96460660e-01	2.88372644e-01	1.08088016e-01
1037            	9.01425425e-02	1.27010132e-02	3.96466588e-01	2.88375837e-01	1.08090752e-01
1038            	9.01427058e-02	1.27005046e-02	3.96471764e-01	2.88378588e-01	1.08093176e-01
1039            	9.01429092e-02	1.26999418e-02	3.96477478e-01	2.88381648e-01	1.08095830e-01
1040            	9.01430915e-02	1.26994036e-02	3.96482955e-01	2.88384569e-01	1.08098386e-01
1041            	9.01432334e-02	1.26989202e-02	3.96487995e-01	2.88387231e-01	1.08100764e-01
1042            	9.01434676e-02	1.26983482e-02	3.96494151e-01	2.88390543e-01	1.08103608e-01
1043            	9.01436713e-02	1.26978135e-02	3.96499933e-01	2.88393638e-01	1.08106295e-01
1044            	9.01438398e-02	1.26973275e-02	3.96505198e-01	2.88396439e-01	1.08108759e-01
1045            	9.01441040e-02	1.26967569e-02	3.96511441e-01	2.88399825e-01	1.08111617e-01
1046            	9.01443672e-02	1.26961913e-02	3.96517576e-01	2.88403155e-01	1.08114421e-01
1047            	9.01446186e-02	1.26956363e-02	3.96523511e-01	2.88406374e-01	1.08117137e-01
1048            	9.01448498e-02	1.26950944e-02	3.96529201e-01	2.88409450e-01	1.08119751e-01
1049            	9.01450308e-02	1.26945864e-02	3.96534392e-01	2.88412227e-01	1.08122165e-01
1050            	9.01451586e-02	1.26941268e-02	3.96539014e-01	2.88414666e-01	1.08124348e-01
1051            	9.01453180e-02	1.26936132e-02	3.96544134e-01	2.88417385e-01	1.08126749e-01
1052            	9.01454435e-02	1.26931328e-02	3.96548895e-01	2.88419891e-01	1.08129004e-01
1053            	9.01456599e-02	1.26925504e-02	3.96554766e-01	2.88423043e-01	1.08131723e-01
1054            	9.01458835e-02	1.26919793e-02	3.96560716e-01	2.88426241e-01	1.08134474e-01
1055            	9.01461105e-02	1.26914280e-02	3.96566626e-01	2.88429423e-01	1.08137202e-01
1056            	9.01463366e-02	1.26909004e-02	3.96572399e-01	2.88432536e-01	1.08139863e-01
1057            	9.01465284e-02	1.26904143e-02	3.96577711e-01	2.88435384e-01	1.08142327e-01
1058            	9.01467068e-02	1.26899478e-02	3.96582785e-01	2.88438099e-01	1.08144686e-01
1059            	9.01468510e-02	1.26895123e-02	3.96587439e-01	2.88440570e-01	1.08146868e-01
1060            	9.01470754e-02	1.26889823e-02	3.96593045e-01	2.88443598e-01	1.08149447e-01
1061            	9.01472963e-02	1.26884412e-02	3.96598649e-01	2.88446621e-01	1.08152028e-01
1062            	9.01475087e-02	1.26878971e-02	3.96604186e-01	2.88449602e-01	1.08154584e-01
1063            	9.01477086e-02	1.26873582e-02	3.96609603e-01	2.88452510e-01	1.08157093e-01
1064            	9.01478953e-02	1.26868300e-02	3.96614885e-01	2.88455338e-01	1.08159547e-01
1065            	9.01480677e-02	1.26863162e-02	3.96620018e-01	2.88458077e-01	1.08161942e-01
1066            	9.01482059e-02	1.26858355e-02	3.96624798e-01	2.88460605e-01	1.08164193e-01
1067            	9.01483123e-02	1.26853948e-02	3.96629199e-01	2.88462912e-01	1.08166287e-01
1068            	9.01484863e-02	1.26848873e-02	3.96634484e-01	2.88465728e-01	1.08168756e-01
1069            	9.01486685e-02	1.26843824e-02	3.96639865e-01	2.88468601e-01	1.08171264e-01
1070            	9.01488552e-02	1.26838836e-02	3.96645238e-01	2.88471474e-01	1.08173764e-01
1071            	9.01490469e-02	1.26833898e-02	3.96650571e-01	2.88474332e-01	1.08176238e-01
1072            	9.01492377e-02	1.26829008e-02	3.96655804e-01	2.88477140e-01	1.08178664e-01
1073            	9.01494257e-02	1.26824133e-02	3.96660945e-01	2.88479898e-01	1.08181047e-01
1074            	9.01496052e-02	1.26819263e-02	3.96665976e-01	2.88482593e-01	1.08183383e-01
1075            	9.01497758e-02	1.26814374e-02	3.96670927e-01	2.88485239e-01	1.08185688e-01
1076            	9.01499353e-02	1.26809463e-02	3.96675808e-01	2.88487839e-01	1.08187969e-01
1077            	9.01500870e-02	1.26804525e-02	3.96680661e-01	2.88490418e-01	1.08190244e-01
1078            	9.01502319e-02	1.26799574e-02	3.96685496e-01	2.88492980e-01	1.08192516e-01
1079            	9.01503753e-02	1.26794615e-02	3.96690348e-01	2.88495550e-01	1.08194799e-01
1080            	9.01505183e-02	1.26789672e-02	3.96695211e-01	2.88498124e-01	1.08197087e-01
1081            	9.01506650e-02	1.26784751e-02	3.96700104e-01	2.88500717e-01	1.08199387e-01
1082            	9.01508090e-02	1.26779992e-02	3.96704997e-01	2.88503308e-01	1.08201690e-01
1083            	9.01509544e-02	1.26775342e-02	3.96709899e-01	2.88505904e-01	1.08203995e-01
1084            	9.01511021e-02	1.26770755e-02	3.96714786e-01	2.88508495e-01	1.08206291e-01
1085            	9.01512542e-02	1.26766176e-02	3.96719664e-01	2.88511086e-01	1.08208578e-01
1086            	9.01514074e-02	1.26761570e-02	3.96724505e-01	2.88513660e-01	1.08210845e-01
1087            	9.01515605e-02	1.26756905e-02	3.96729315e-01	2.88516218e-01	1.08213097e-01
1088            	9.01517093e-02	1.26752179e-02	3.96734075e-01	2.88518747e-01	1.08215328e-01
1089            	9.01518533e-02	1.26747393e-02	3.96738799e-01	2.88521253e-01	1.08217546e-01
1090            	9.01519903e-02	1.26742568e-02	3.96743480e-01	2.88523730e-01	1.08219750e-01
1091            	9.01521219e-02	1.26737724e-02	3.96748138e-01	2.88526191e-01	1.08221947e-01
1092            	9.01522479e-02	1.26732890e-02	3.96752768e-01	2.88528632e-01	1.08224136e-01
1093            	9.01523710e-02	1.26728084e-02	3.96757388e-01	2.88531065e-01	1.08226323e-01
1094            	9.01524917e-02	1.26723321e-02	3.96761992e-01	2.88533488e-01	1.08228504e-01
1095            	9.01526125e-02	1.26718604e-02	3.96766595e-01	2.88535910e-01	1.08230685e-01
1096            	9.01527327e-02	1.26713934e-02	3.96771183e-01	2.88538324e-01	1.08232859e-01
1097            	9.01528474e-02	1.26709424e-02	3.96775757e-01	2.88540726e-01	1.08235031e-01
1098            	9.01529577e-02	1.26705017e-02	3.96780305e-01	2.88543110e-01	1.08237195e-01
1099            	9.01530682e-02	1.26700649e-02	3.96784841e-01	2.88545489e-01	1.08239352e-01
1100            	9.01531795e-02	1.26696270e-02	3.96789356e-01	2.88547857e-01	1.08241498e-01
1101            	9.01532925e-02	1.26691838e-02	3.96793855e-01	2.88550220e-01	1.08243635e-01
1102            	9.01534047e-02	1.26687337e-02	3.96798325e-01	2.88552567e-01	1.08245758e-01
