# Force coefficients
# liftDir       : (-2.58819045e-01 9.65925826e-01 0.00000000e+00)
# dragDir       : (9.65925826e-01 2.58819045e-01 0.00000000e+00)
# pitchAxis     : (0.00000000e+00 0.00000000e+00 1.00000000e+00)
# magUInf       : 1.50000000e+01
# lRef          : 1.00000000e+00
# Aref          : 1.00000000e-02
# CofR          : (2.50000000e-01 0.00000000e+00 0.00000000e+00)
# Time          	Cm              	Cd              	Cl              	Cl(f)           	Cl(r)           
9500            	5.23422956e-02	5.23874668e-02	1.60839617e+00	8.56540382e-01	7.51855791e-01
9501            	5.22211628e-02	5.22377687e-02	1.60797319e+00	8.56207757e-01	7.51765432e-01
9502            	5.22569274e-02	5.22671256e-02	1.60806148e+00	8.56287667e-01	7.51773812e-01
9503            	5.22945400e-02	5.22972159e-02	1.60814837e+00	8.56368725e-01	7.51779645e-01
9504            	5.23305822e-02	5.23292617e-02	1.60823170e+00	8.56446434e-01	7.51785270e-01
9505            	5.23611806e-02	5.23612660e-02	1.60830630e+00	8.56514328e-01	7.51791967e-01
9506            	5.23838290e-02	5.23883539e-02	1.60836395e+00	8.56565805e-01	7.51798147e-01
9507            	5.24005922e-02	5.24124074e-02	1.60841057e+00	8.56605878e-01	7.51804693e-01
9508            	5.24127846e-02	5.24342845e-02	1.60845175e+00	8.56638661e-01	7.51813092e-01
9509            	5.24210166e-02	5.24534405e-02	1.60848995e+00	8.56665993e-01	7.51823960e-01
9510            	5.24264382e-02	5.24690594e-02	1.60852696e+00	8.56689919e-01	7.51837043e-01
9511            	5.24304718e-02	5.24806948e-02	1.60856347e+00	8.56712204e-01	7.51851261e-01
9512            	5.24344889e-02	5.24882821e-02	1.60859839e+00	8.56733682e-01	7.51864704e-01
9513            	5.24392403e-02	5.24923584e-02	1.60862941e+00	8.56753946e-01	7.51875466e-01
9514            	5.24446617e-02	5.24935675e-02	1.60865419e+00	8.56771755e-01	7.51882431e-01
9515            	5.24517145e-02	5.24930010e-02	1.60867456e+00	8.56788996e-01	7.51885568e-01
9516            	5.24583243e-02	5.24910353e-02	1.60868431e+00	8.56800480e-01	7.51883831e-01
9517            	5.24628790e-02	5.24884714e-02	1.60868252e+00	8.56804140e-01	7.51878382e-01
9518            	5.24668402e-02	5.24865497e-02	1.60867471e+00	8.56804195e-01	7.51870515e-01
9519            	5.24701394e-02	5.24858428e-02	1.60866344e+00	8.56801861e-01	7.51861583e-01
9520            	5.24724961e-02	5.24864414e-02	1.60865057e+00	8.56797783e-01	7.51852791e-01
9521            	5.24736022e-02	5.24882288e-02	1.60863751e+00	8.56792360e-01	7.51845155e-01
9522            	5.24733611e-02	5.24910750e-02	1.60862575e+00	8.56786235e-01	7.51839513e-01
9523            	5.24719261e-02	5.24946388e-02	1.60861655e+00	8.56780200e-01	7.51836348e-01
9524            	5.24706826e-02	5.24995377e-02	1.60861291e+00	8.56777136e-01	7.51835771e-01
9525            	5.24696426e-02	5.25050211e-02	1.60861356e+00	8.56776424e-01	7.51837139e-01
9526            	5.24686259e-02	5.25102978e-02	1.60861651e+00	8.56776880e-01	7.51839628e-01
9527            	5.24689291e-02	5.25166755e-02	1.60862423e+00	8.56781045e-01	7.51843186e-01
9528            	5.24673287e-02	5.25196420e-02	1.60862600e+00	8.56780329e-01	7.51845671e-01
9529            	5.24654637e-02	5.25212648e-02	1.60862589e+00	8.56778409e-01	7.51847482e-01
9530            	5.24632156e-02	5.25215073e-02	1.60862346e+00	8.56774946e-01	7.51848514e-01
9531            	5.24604377e-02	5.25203742e-02	1.60861848e+00	8.56769678e-01	7.51848803e-01
9532            	5.24570680e-02	5.25179861e-02	1.60861099e+00	8.56762564e-01	7.51848428e-01
9533            	5.24533817e-02	5.25145870e-02	1.60860231e+00	8.56754535e-01	7.51847772e-01
9534            	5.24481357e-02	5.25094449e-02	1.60858939e+00	8.56742829e-01	7.51846558e-01
9535            	5.24413089e-02	5.25025389e-02	1.60857267e+00	8.56727646e-01	7.51845028e-01
9536            	5.24327483e-02	5.24945556e-02	1.60855206e+00	8.56708780e-01	7.51843284e-01
9537            	5.24229819e-02	5.24859165e-02	1.60852888e+00	8.56687420e-01	7.51841456e-01
9538            	5.24123650e-02	5.24770648e-02	1.60850398e+00	8.56664356e-01	7.51839626e-01
9539            	5.24014575e-02	5.24685861e-02	1.60847858e+00	8.56640746e-01	7.51837831e-01
9540            	5.23905759e-02	5.24607649e-02	1.60845334e+00	8.56617244e-01	7.51836093e-01
9541            	5.23801597e-02	5.24539715e-02	1.60842917e+00	8.56594743e-01	7.51834424e-01
9542            	5.23703806e-02	5.24482725e-02	1.60840645e+00	8.56573606e-01	7.51832845e-01
9543            	5.23613621e-02	5.24436472e-02	1.60838549e+00	8.56554107e-01	7.51831383e-01
9544            	5.23532646e-02	5.24401081e-02	1.60836666e+00	8.56536595e-01	7.51830066e-01
9545            	5.23459556e-02	5.24374131e-02	1.60834977e+00	8.56520840e-01	7.51828929e-01
9546            	5.23393613e-02	5.24353995e-02	1.60833471e+00	8.56506714e-01	7.51827992e-01
9547            	5.23331992e-02	5.24337184e-02	1.60832093e+00	8.56493666e-01	7.51827267e-01
9548            	5.23272032e-02	5.24320497e-02	1.60830791e+00	8.56481156e-01	7.51826750e-01
9549            	5.23212382e-02	5.24302180e-02	1.60829531e+00	8.56468891e-01	7.51826415e-01
9550            	5.23150683e-02	5.24279777e-02	1.60828261e+00	8.56456373e-01	7.51826237e-01
9551            	5.23086187e-02	5.24252427e-02	1.60826959e+00	8.56443416e-01	7.51826178e-01
9552            	5.23017388e-02	5.24218722e-02	1.60825589e+00	8.56429683e-01	7.51826205e-01
9553            	5.22948157e-02	5.24179440e-02	1.60824200e+00	8.56415816e-01	7.51826185e-01
9554            	5.22865865e-02	5.24130347e-02	1.60822580e+00	8.56399486e-01	7.51826313e-01
9555            	5.22780777e-02	5.24075792e-02	1.60820900e+00	8.56382578e-01	7.51826423e-01
9556            	5.22695474e-02	5.24018160e-02	1.60819210e+00	8.56365599e-01	7.51826504e-01
9557            	5.22610918e-02	5.23958740e-02	1.60817532e+00	8.56348754e-01	7.51826570e-01
9558            	5.22528331e-02	5.23899077e-02	1.60815894e+00	8.56332304e-01	7.51826638e-01
9559            	5.22449716e-02	5.23841453e-02	1.60814340e+00	8.56316673e-01	7.51826730e-01
9560            	5.22375883e-02	5.23787180e-02	1.60812892e+00	8.56302048e-01	7.51826872e-01
9561            	5.22307996e-02	5.23737830e-02	1.60811575e+00	8.56288674e-01	7.51827075e-01
9562            	5.22245722e-02	5.23693714e-02	1.60810385e+00	8.56276497e-01	7.51827352e-01
9563            	5.22188630e-02	5.23654919e-02	1.60809313e+00	8.56265427e-01	7.51827701e-01
9564            	5.22136631e-02	5.23621644e-02	1.60808353e+00	8.56255429e-01	7.51828103e-01
9565            	5.22088751e-02	5.23593210e-02	1.60807485e+00	8.56246301e-01	7.51828550e-01
9566            	5.22044169e-02	5.23568808e-02	1.60806688e+00	8.56237859e-01	7.51829025e-01
9567            	5.22002494e-02	5.23547780e-02	1.60805951e+00	8.56230003e-01	7.51829504e-01
9568            	5.21962930e-02	5.23529048e-02	1.60805255e+00	8.56222569e-01	7.51829983e-01
9569            	5.21925412e-02	5.23511934e-02	1.60804599e+00	8.56215537e-01	7.51830454e-01
9570            	5.21889248e-02	5.23495276e-02	1.60803970e+00	8.56208774e-01	7.51830924e-01
9571            	5.21853854e-02	5.23477984e-02	1.60803357e+00	8.56202169e-01	7.51831398e-01
9572            	5.21818820e-02	5.23459146e-02	1.60802751e+00	8.56195638e-01	7.51831874e-01
9573            	5.21783662e-02	5.23437986e-02	1.60802146e+00	8.56189096e-01	7.51832363e-01
9574            	5.21748368e-02	5.23414161e-02	1.60801542e+00	8.56182544e-01	7.51832871e-01
9575            	5.21713137e-02	5.23387703e-02	1.60800944e+00	8.56176036e-01	7.51833408e-01
9576            	5.21678549e-02	5.23359057e-02	1.60800367e+00	8.56169690e-01	7.51833980e-01
9577            	5.21645087e-02	5.23328651e-02	1.60799817e+00	8.56163594e-01	7.51834576e-01
9578            	5.21613491e-02	5.23297314e-02	1.60799309e+00	8.56157892e-01	7.51835194e-01
9579            	5.21584349e-02	5.23265849e-02	1.60798851e+00	8.56152689e-01	7.51835819e-01
9580            	5.21557871e-02	5.23234785e-02	1.60798445e+00	8.56148011e-01	7.51836437e-01
9581            	5.21534673e-02	5.23205121e-02	1.60798100e+00	8.56143969e-01	7.51837035e-01
9582            	5.21514702e-02	5.23177210e-02	1.60797813e+00	8.56140537e-01	7.51837596e-01
9583            	5.21498313e-02	5.23151799e-02	1.60797588e+00	8.56137771e-01	7.51838109e-01
9584            	5.21482215e-02	5.23125709e-02	1.60797333e+00	8.56134885e-01	7.51838442e-01
9585            	5.21472245e-02	5.23105497e-02	1.60797204e+00	8.56133246e-01	7.51838797e-01
9586            	5.21466878e-02	5.23089284e-02	1.60797149e+00	8.56132431e-01	7.51839055e-01
9587            	5.21465460e-02	5.23076453e-02	1.60797151e+00	8.56132299e-01	7.51839206e-01
9588            	5.21468037e-02	5.23066950e-02	1.60797210e+00	8.56132853e-01	7.51839246e-01
9589            	5.21471847e-02	5.23057676e-02	1.60797238e+00	8.56133374e-01	7.51839005e-01
9590            	5.21480080e-02	5.23052226e-02	1.60797357e+00	8.56134792e-01	7.51838776e-01
9591            	5.21492753e-02	5.23049771e-02	1.60797546e+00	8.56137005e-01	7.51838454e-01
9592            	5.21508912e-02	5.23049257e-02	1.60797790e+00	8.56139842e-01	7.51838060e-01
9593            	5.21526556e-02	5.23048040e-02	1.60798012e+00	8.56142716e-01	7.51837405e-01
9594            	5.21549121e-02	5.23050435e-02	1.60798349e+00	8.56146656e-01	7.51836831e-01
9595            	5.21575419e-02	5.23054731e-02	1.60798760e+00	8.56151344e-01	7.51836260e-01
9596            	5.21604173e-02	5.23058747e-02	1.60799184e+00	8.56156335e-01	7.51835501e-01
9597            	5.21636198e-02	5.23064984e-02	1.60799698e+00	8.56162110e-01	7.51834870e-01
9598            	5.21672882e-02	5.23074314e-02	1.60800318e+00	8.56168878e-01	7.51834302e-01
9599            	5.21713048e-02	5.23085813e-02	1.60801021e+00	8.56176409e-01	7.51833800e-01
9600            	5.21756836e-02	5.23098002e-02	1.60801768e+00	8.56184525e-01	7.51833157e-01
9601            	5.21806099e-02	5.23114906e-02	1.60802651e+00	8.56193863e-01	7.51832643e-01
9602            	5.21859674e-02	5.23135346e-02	1.60803632e+00	8.56204125e-01	7.51832190e-01
9603            	5.21918618e-02	5.23158574e-02	1.60804695e+00	8.56215339e-01	7.51831616e-01
9604            	5.21981335e-02	5.23185756e-02	1.60805857e+00	8.56227420e-01	7.51831153e-01
9605            	5.22048243e-02	5.23217348e-02	1.60807114e+00	8.56240397e-01	7.51830748e-01
9606            	5.22121111e-02	5.23253016e-02	1.60808468e+00	8.56254449e-01	7.51830227e-01
9607            	5.22196971e-02	5.23292590e-02	1.60809899e+00	8.56269191e-01	7.51829797e-01
9608            	5.22275508e-02	5.23335750e-02	1.60811395e+00	8.56284527e-01	7.51829425e-01
9609            	5.22355082e-02	5.23380845e-02	1.60812921e+00	8.56300113e-01	7.51829097e-01
9610            	5.22439839e-02	5.23429148e-02	1.60814526e+00	8.56316616e-01	7.51828648e-01
9611            	5.22527742e-02	5.23481448e-02	1.60816210e+00	8.56333823e-01	7.51828274e-01
9612            	5.22616051e-02	5.23535219e-02	1.60817911e+00	8.56351160e-01	7.51827949e-01
9613            	5.22709419e-02	5.23592439e-02	1.60819698e+00	8.56369431e-01	7.51827548e-01
9614            	5.22803030e-02	5.23651523e-02	1.60821511e+00	8.56387857e-01	7.51827251e-01
9615            	5.22895848e-02	5.23711433e-02	1.60823323e+00	8.56406198e-01	7.51827028e-01
9616            	5.22993368e-02	5.23774739e-02	1.60825222e+00	8.56425448e-01	7.51826774e-01
9617            	5.23089849e-02	5.23838993e-02	1.60827124e+00	8.56444604e-01	7.51826634e-01
9618            	5.23183696e-02	5.23902574e-02	1.60828989e+00	8.56463316e-01	7.51826577e-01
9619            	5.23276332e-02	5.23966340e-02	1.60830843e+00	8.56481848e-01	7.51826582e-01
9620            	5.23373449e-02	5.24032794e-02	1.60832790e+00	8.56501297e-01	7.51826607e-01
9621            	5.23469180e-02	5.24099583e-02	1.60834732e+00	8.56520578e-01	7.51826741e-01
9622            	5.23560732e-02	5.24164131e-02	1.60836604e+00	8.56539091e-01	7.51826945e-01
9623            	5.23647997e-02	5.24226350e-02	1.60838398e+00	8.56556788e-01	7.51827188e-01
9624            	5.23739224e-02	5.24291026e-02	1.60840278e+00	8.56575314e-01	7.51827469e-01
9625            	5.23826350e-02	5.24354221e-02	1.60842093e+00	8.56593102e-01	7.51827832e-01
9626            	5.23908634e-02	5.24414969e-02	1.60843818e+00	8.56609956e-01	7.51828229e-01
9627            	5.23985669e-02	5.24473024e-02	1.60845444e+00	8.56625789e-01	7.51828655e-01
9628            	5.24066512e-02	5.24534055e-02	1.60847165e+00	8.56642478e-01	7.51829175e-01
9629            	5.24142380e-02	5.24593149e-02	1.60848798e+00	8.56658230e-01	7.51829754e-01
9630            	5.24212110e-02	5.24648979e-02	1.60850314e+00	8.56672779e-01	7.51830357e-01
9631            	5.24275510e-02	5.24701198e-02	1.60851704e+00	8.56686071e-01	7.51830969e-01
9632            	5.24333322e-02	5.24750299e-02	1.60852986e+00	8.56698261e-01	7.51831597e-01
9633            	5.24386085e-02	5.24796368e-02	1.60854170e+00	8.56709459e-01	7.51832242e-01
9634            	5.24441967e-02	5.24844938e-02	1.60855450e+00	8.56721449e-01	7.51833055e-01
9635            	5.24490183e-02	5.24888991e-02	1.60856582e+00	8.56731928e-01	7.51833891e-01
9636            	5.24531007e-02	5.24928143e-02	1.60857567e+00	8.56740937e-01	7.51834736e-01
9637            	5.24564430e-02	5.24962547e-02	1.60858405e+00	8.56748466e-01	7.51835580e-01
9638            	5.24590520e-02	5.24992025e-02	1.60859096e+00	8.56754531e-01	7.51836427e-01
9639            	5.24610398e-02	5.25017530e-02	1.60859665e+00	8.56759364e-01	7.51837284e-01
9640            	5.24624075e-02	5.25038757e-02	1.60860113e+00	8.56762973e-01	7.51838158e-01
9641            	5.24632570e-02	5.25056569e-02	1.60860461e+00	8.56765564e-01	7.51839050e-01
9642            	5.24635469e-02	5.25070346e-02	1.60860701e+00	8.56767054e-01	7.51839960e-01
9643            	5.24633548e-02	5.25080819e-02	1.60860848e+00	8.56767597e-01	7.51840887e-01
9644            	5.24626079e-02	5.25087161e-02	1.60860887e+00	8.56767045e-01	7.51841829e-01
9645            	5.24613691e-02	5.25090035e-02	1.60860830e+00	8.56765518e-01	7.51842780e-01
9646            	5.24595520e-02	5.25088519e-02	1.60860658e+00	8.56762840e-01	7.51843736e-01
9647            	5.24572269e-02	5.25083338e-02	1.60860383e+00	8.56759140e-01	7.51844686e-01
9648            	5.24543191e-02	5.25073641e-02	1.60859989e+00	8.56754265e-01	7.51845627e-01
9649            	5.24509183e-02	5.25060273e-02	1.60859493e+00	8.56748383e-01	7.51846547e-01
9650            	5.24469604e-02	5.25042447e-02	1.60858880e+00	8.56741363e-01	7.51847442e-01
9651            	5.24425484e-02	5.25021122e-02	1.60858171e+00	8.56733402e-01	7.51848306e-01
9652            	5.24376344e-02	5.24995660e-02	1.60857354e+00	8.56724405e-01	7.51849136e-01
9653            	5.24323367e-02	5.24967135e-02	1.60856453e+00	8.56714601e-01	7.51849928e-01
9654            	5.24266124e-02	5.24934970e-02	1.60855459e+00	8.56703907e-01	7.51850682e-01
9655            	5.24205837e-02	5.24900272e-02	1.60854396e+00	8.56692562e-01	7.51851395e-01
9656            	5.24142109e-02	5.24862515e-02	1.60853256e+00	8.56680493e-01	7.51852071e-01
9657            	5.24076182e-02	5.24822822e-02	1.60852065e+00	8.56667943e-01	7.51852707e-01
9658            	5.24007592e-02	5.24780639e-02	1.60850814e+00	8.56654829e-01	7.51853311e-01
9659            	5.23937500e-02	5.24737014e-02	1.60849527e+00	8.56641383e-01	7.51853883e-01
9660            	5.23865392e-02	5.24691364e-02	1.60848194e+00	8.56627510e-01	7.51854432e-01
9661            	5.23792348e-02	5.24644692e-02	1.60846838e+00	8.56613427e-01	7.51854957e-01
9662            	5.23717820e-02	5.24596422e-02	1.60845451e+00	8.56599035e-01	7.51855471e-01
9663            	5.23642907e-02	5.24547535e-02	1.60844052e+00	8.56584549e-01	7.51855968e-01
9664            	5.23566992e-02	5.24497398e-02	1.60842632e+00	8.56569857e-01	7.51856459e-01
9665            	5.23491032e-02	5.24446865e-02	1.60841208e+00	8.56555145e-01	7.51856939e-01
9666            	5.23414309e-02	5.24395228e-02	1.60839769e+00	8.56540278e-01	7.51857416e-01
9667            	5.23337782e-02	5.24343318e-02	1.60838332e+00	8.56525441e-01	7.51857884e-01
9668            	5.23260763e-02	5.24290460e-02	1.60836885e+00	8.56510500e-01	7.51858348e-01
9669            	5.23184258e-02	5.24237508e-02	1.60835445e+00	8.56495648e-01	7.51858797e-01
9670            	5.23107508e-02	5.24183753e-02	1.60833998e+00	8.56480739e-01	7.51859238e-01
9671            	5.23031487e-02	5.24130023e-02	1.60832562e+00	8.56465957e-01	7.51859659e-01
9672            	5.22955552e-02	5.24075714e-02	1.60831124e+00	8.56451177e-01	7.51860067e-01
9673            	5.22880755e-02	5.24021706e-02	1.60829705e+00	8.56436599e-01	7.51860448e-01
9674            	5.22806456e-02	5.23967412e-02	1.60828291e+00	8.56422099e-01	7.51860808e-01
9675            	5.22733636e-02	5.23913662e-02	1.60826900e+00	8.56407866e-01	7.51861138e-01
9676            	5.22661564e-02	5.23859810e-02	1.60825520e+00	8.56393759e-01	7.51861446e-01
9677            	5.22591169e-02	5.23806655e-02	1.60824168e+00	8.56379957e-01	7.51861723e-01
9678            	5.22521681e-02	5.23753551e-02	1.60822829e+00	8.56366314e-01	7.51861978e-01
9679            	5.22453913e-02	5.23701219e-02	1.60821519e+00	8.56352988e-01	7.51862206e-01
9680            	5.22387101e-02	5.23649047e-02	1.60820225e+00	8.56339837e-01	7.51862417e-01
9681            	5.22322094e-02	5.23597773e-02	1.60818963e+00	8.56327025e-01	7.51862606e-01
9682            	5.22258194e-02	5.23546835e-02	1.60817721e+00	8.56314422e-01	7.51862783e-01
9683            	5.22196113e-02	5.23496837e-02	1.60816510e+00	8.56302162e-01	7.51862939e-01
9684            	5.22135160e-02	5.23447210e-02	1.60815319e+00	8.56290113e-01	7.51863081e-01
9685            	5.22075950e-02	5.23398440e-02	1.60814158e+00	8.56278387e-01	7.51863197e-01
9686            	5.22017883e-02	5.23350015e-02	1.60813016e+00	8.56266866e-01	7.51863290e-01
9687            	5.21961524e-02	5.23302371e-02	1.60811899e+00	8.56255649e-01	7.51863344e-01
9688            	5.21906492e-02	5.23255196e-02	1.60810802e+00	8.56244662e-01	7.51863363e-01
9689            	5.21853487e-02	5.23209051e-02	1.60809737e+00	8.56234033e-01	7.51863335e-01
9690            	5.21802559e-02	5.23163987e-02	1.60808704e+00	8.56223778e-01	7.51863266e-01
9691            	5.21754348e-02	5.23120532e-02	1.60807717e+00	8.56214018e-01	7.51863149e-01
9692            	5.21708431e-02	5.23078387e-02	1.60806766e+00	8.56204675e-01	7.51862989e-01
9693            	5.21664926e-02	5.23037653e-02	1.60805855e+00	8.56195766e-01	7.51862781e-01
9694            	5.21623457e-02	5.22998073e-02	1.60804975e+00	8.56187222e-01	7.51862530e-01
9695            	5.21584313e-02	5.22959866e-02	1.60804132e+00	8.56179093e-01	7.51862231e-01
9696            	5.21547700e-02	5.22923225e-02	1.60803332e+00	8.56171428e-01	7.51861888e-01
9697            	5.21514088e-02	5.22888495e-02	1.60802581e+00	8.56164315e-01	7.51861497e-01
9698            	5.21483600e-02	5.22855825e-02	1.60801885e+00	8.56157784e-01	7.51861064e-01
9699            	5.21452849e-02	5.22822021e-02	1.60801133e+00	8.56150951e-01	7.51860381e-01
9700            	5.21427893e-02	5.22793000e-02	1.60800523e+00	8.56145405e-01	7.51859826e-01
9701            	5.21407121e-02	5.22766924e-02	1.60799993e+00	8.56140677e-01	7.51859252e-01
9702            	5.21390897e-02	5.22744197e-02	1.60799552e+00	8.56136852e-01	7.51858673e-01
9703            	5.21387003e-02	5.22731124e-02	1.60799393e+00	8.56135663e-01	7.51858263e-01
9704            	5.21383075e-02	5.22717594e-02	1.60799218e+00	8.56134399e-01	7.51857784e-01
9705            	5.21376341e-02	5.22700942e-02	1.60798925e+00	8.56132260e-01	7.51856992e-01
9706            	5.21381207e-02	5.22693699e-02	1.60798908e+00	8.56132660e-01	7.51856419e-01
9707            	5.21394706e-02	5.22692709e-02	1.60799074e+00	8.56134839e-01	7.51855898e-01
9708            	5.21405893e-02	5.22689653e-02	1.60799172e+00	8.56136448e-01	7.51855270e-01
9709            	5.21423601e-02	5.22690772e-02	1.60799351e+00	8.56139116e-01	7.51854396e-01
9710            	5.21449760e-02	5.22698823e-02	1.60799721e+00	8.56143583e-01	7.51853631e-01
9711            	5.21482627e-02	5.22711796e-02	1.60800227e+00	8.56149397e-01	7.51852871e-01
9712            	5.21521738e-02	5.22729507e-02	1.60800857e+00	8.56156458e-01	7.51852111e-01
9713            	5.21564952e-02	5.22749625e-02	1.60801519e+00	8.56164093e-01	7.51851102e-01
9714            	5.21612566e-02	5.22773848e-02	1.60802292e+00	8.56172716e-01	7.51850202e-01
9715            	5.21664799e-02	5.22801905e-02	1.60803163e+00	8.56182293e-01	7.51849333e-01
9716            	5.21720610e-02	5.22832280e-02	1.60804069e+00	8.56192404e-01	7.51848282e-01
9717            	5.21779528e-02	5.22865996e-02	1.60805065e+00	8.56203277e-01	7.51847371e-01
9718            	5.21840605e-02	5.22901610e-02	1.60806124e+00	8.56214678e-01	7.51846557e-01
9719            	5.21904695e-02	5.22939855e-02	1.60807257e+00	8.56226755e-01	7.51845816e-01
9720            	5.21972411e-02	5.22980262e-02	1.60808435e+00	8.56239417e-01	7.51844935e-01
9721            	5.22042845e-02	5.23023650e-02	1.60809697e+00	8.56252769e-01	7.51844200e-01
9722            	5.22115031e-02	5.23068557e-02	1.60811009e+00	8.56266549e-01	7.51843542e-01
9723            	5.22191799e-02	5.23116487e-02	1.60812391e+00	8.56281136e-01	7.51842777e-01
9724            	5.22269246e-02	5.23165869e-02	1.60813814e+00	8.56295997e-01	7.51842147e-01
9725            	5.22348749e-02	5.23217415e-02	1.60815295e+00	8.56311348e-01	7.51841598e-01
9726            	5.22429118e-02	5.23270069e-02	1.60816804e+00	8.56326932e-01	7.51841108e-01
9727            	5.22514814e-02	5.23326431e-02	1.60818400e+00	8.56343480e-01	7.51840517e-01
9728            	5.22600329e-02	5.23383838e-02	1.60820014e+00	8.56360105e-01	7.51840039e-01
9729            	5.22687229e-02	5.23443076e-02	1.60821667e+00	8.56377060e-01	7.51839614e-01
9730            	5.22776191e-02	5.23504760e-02	1.60823370e+00	8.56394467e-01	7.51839229e-01
9731            	5.22869596e-02	5.23569343e-02	1.60825150e+00	8.56412711e-01	7.51838792e-01
9732            	5.22962048e-02	5.23634595e-02	1.60826934e+00	8.56430877e-01	7.51838467e-01
9733            	5.23052476e-02	5.23698943e-02	1.60828694e+00	8.56448718e-01	7.51838223e-01
9734            	5.23141909e-02	5.23763310e-02	1.60830447e+00	8.56466428e-01	7.51838046e-01
9735            	5.23234528e-02	5.23829559e-02	1.60832270e+00	8.56484803e-01	7.51837897e-01
9736            	5.23324020e-02	5.23894955e-02	1.60834053e+00	8.56502668e-01	7.51837864e-01
9737            	5.23409665e-02	5.23958264e-02	1.60835777e+00	8.56519850e-01	7.51837917e-01
9738            	5.23491919e-02	5.24019888e-02	1.60837444e+00	8.56536411e-01	7.51838027e-01
9739            	5.23571730e-02	5.24080504e-02	1.60839070e+00	8.56552523e-01	7.51838177e-01
9740            	5.23654298e-02	5.24142645e-02	1.60840765e+00	8.56569257e-01	7.51838397e-01
9741            	5.23731773e-02	5.24202384e-02	1.60842373e+00	8.56585043e-01	7.51838689e-01
9742            	5.23804441e-02	5.24259287e-02	1.60843896e+00	8.56599925e-01	7.51839037e-01
9743            	5.23872766e-02	5.24313733e-02	1.60845340e+00	8.56613976e-01	7.51839423e-01
9744            	5.23936453e-02	5.24365442e-02	1.60846698e+00	8.56627137e-01	7.51839846e-01
9745            	5.23996338e-02	5.24414952e-02	1.60847987e+00	8.56639568e-01	7.51840301e-01
9746            	5.24052932e-02	5.24462581e-02	1.60849215e+00	8.56651370e-01	7.51840784e-01
9747            	5.24112328e-02	5.24511962e-02	1.60850531e+00	8.56663888e-01	7.51841422e-01
9748            	5.24163955e-02	5.24556859e-02	1.60851696e+00	8.56674877e-01	7.51842086e-01
9749            	5.24208983e-02	5.24597691e-02	1.60852737e+00	8.56684582e-01	7.51842786e-01
9750            	5.24246758e-02	5.24633912e-02	1.60853636e+00	8.56692857e-01	7.51843505e-01
9751            	5.24277474e-02	5.24665741e-02	1.60854398e+00	8.56699739e-01	7.51844245e-01
9752            	5.24301322e-02	5.24693090e-02	1.60855026e+00	8.56705263e-01	7.51844999e-01
9753            	5.24319003e-02	5.24716515e-02	1.60855533e+00	8.56709568e-01	7.51845767e-01
9754            	5.24330440e-02	5.24735646e-02	1.60855918e+00	8.56712636e-01	7.51846548e-01
9755            	5.24335825e-02	5.24750454e-02	1.60856185e+00	8.56714508e-01	7.51847343e-01
9756            	5.24335962e-02	5.24761748e-02	1.60856349e+00	8.56715343e-01	7.51848150e-01
9757            	5.24330267e-02	5.24768882e-02	1.60856400e+00	8.56715026e-01	7.51848972e-01
9758            	5.24319396e-02	5.24772575e-02	1.60856348e+00	8.56713682e-01	7.51849803e-01
9759            	5.24302464e-02	5.24771902e-02	1.60856177e+00	8.56711132e-01	7.51850639e-01
9760            	5.24280258e-02	5.24767655e-02	1.60855900e+00	8.56707524e-01	7.51851472e-01
9761            	5.24251822e-02	5.24758789e-02	1.60855496e+00	8.56702662e-01	7.51852298e-01
9762            	5.24218180e-02	5.24746268e-02	1.60854985e+00	8.56696742e-01	7.51853106e-01
9763            	5.24178378e-02	5.24729034e-02	1.60854347e+00	8.56689571e-01	7.51853896e-01
9764            	5.24133659e-02	5.24708232e-02	1.60853605e+00	8.56681390e-01	7.51854659e-01
9765            	5.24083134e-02	5.24682841e-02	1.60852742e+00	8.56672024e-01	7.51855397e-01
9766            	5.24028304e-02	5.24654194e-02	1.60851786e+00	8.56661761e-01	7.51856100e-01
9767            	5.23968408e-02	5.24621378e-02	1.60850723e+00	8.56650453e-01	7.51856772e-01
9768            	5.23905066e-02	5.24585822e-02	1.60849581e+00	8.56638414e-01	7.51857401e-01
9769            	5.23837586e-02	5.24546675e-02	1.60848350e+00	8.56625510e-01	7.51857993e-01
9770            	5.23767688e-02	5.24505451e-02	1.60847061e+00	8.56612073e-01	7.51858536e-01
9771            	5.23694689e-02	5.24461354e-02	1.60845702e+00	8.56597977e-01	7.51859040e-01
9772            	5.23620389e-02	5.24415974e-02	1.60844307e+00	8.56583572e-01	7.51859494e-01
9773            	5.23544065e-02	5.24368504e-02	1.60842864e+00	8.56568728e-01	7.51859915e-01
9774            	5.23467365e-02	5.24320410e-02	1.60841406e+00	8.56553768e-01	7.51860295e-01
9775            	5.23389477e-02	5.24270849e-02	1.60839921e+00	8.56538550e-01	7.51860655e-01
9776            	5.23312012e-02	5.24221269e-02	1.60838438e+00	8.56523391e-01	7.51860989e-01
9777            	5.23234039e-02	5.24170756e-02	1.60836944e+00	8.56508125e-01	7.51861318e-01
9778            	5.23156952e-02	5.24120555e-02	1.60835466e+00	8.56493026e-01	7.51861636e-01
9779            	5.23079794e-02	5.24069741e-02	1.60833988e+00	8.56477921e-01	7.51861962e-01
9780            	5.23003966e-02	5.24019541e-02	1.60832536e+00	8.56463079e-01	7.51862286e-01
9781            	5.22928564e-02	5.23969070e-02	1.60831095e+00	8.56448333e-01	7.51862620e-01
9782            	5.22854955e-02	5.23919479e-02	1.60829690e+00	8.56433943e-01	7.51862952e-01
9783            	5.22782192e-02	5.23869850e-02	1.60828302e+00	8.56419730e-01	7.51863292e-01
9784            	5.22711530e-02	5.23821249e-02	1.60826955e+00	8.56405930e-01	7.51863624e-01
9785            	5.22642054e-02	5.23772822e-02	1.60825632e+00	8.56392367e-01	7.51863956e-01
9786            	5.22574985e-02	5.23725620e-02	1.60824355e+00	8.56379272e-01	7.51864275e-01
9787            	5.22509553e-02	5.23678928e-02	1.60823109e+00	8.56366501e-01	7.51864591e-01
9788            	5.22446919e-02	5.23633716e-02	1.60821916e+00	8.56354273e-01	7.51864889e-01
9789            	5.22386220e-02	5.23589195e-02	1.60820761e+00	8.56342426e-01	7.51865182e-01
9790            	5.22328380e-02	5.23546127e-02	1.60819658e+00	8.56331131e-01	7.51865454e-01
9791            	5.22272514e-02	5.23503735e-02	1.60818594e+00	8.56320222e-01	7.51865719e-01
9792            	5.22219316e-02	5.23462605e-02	1.60817579e+00	8.56309827e-01	7.51865964e-01
9793            	5.22168009e-02	5.23422088e-02	1.60816600e+00	8.56299803e-01	7.51866201e-01
9794            	5.22119434e-02	5.23382894e-02	1.60815672e+00	8.56290306e-01	7.51866419e-01
9795            	5.22073367e-02	5.23344853e-02	1.60814794e+00	8.56281305e-01	7.51866632e-01
9796            	5.22030713e-02	5.23308731e-02	1.60813981e+00	8.56272976e-01	7.51866833e-01
9797            	5.21990843e-02	5.23274052e-02	1.60813223e+00	8.56265200e-01	7.51867031e-01
9798            	5.21954132e-02	5.23241125e-02	1.60812526e+00	8.56258042e-01	7.51867216e-01
9799            	5.21919967e-02	5.23209471e-02	1.60811878e+00	8.56251386e-01	7.51867393e-01
9800            	5.21888863e-02	5.23179483e-02	1.60811288e+00	8.56245327e-01	7.51867554e-01
9801            	5.21860651e-02	5.23151044e-02	1.60810754e+00	8.56239836e-01	7.51867706e-01
9802            	5.21835299e-02	5.23124131e-02	1.60810275e+00	8.56234906e-01	7.51867846e-01
9803            	5.21813161e-02	5.23099028e-02	1.60809856e+00	8.56230594e-01	7.51867962e-01
9804            	5.21793976e-02	5.23075588e-02	1.60809490e+00	8.56226847e-01	7.51868052e-01
9805            	5.21777868e-02	5.23053914e-02	1.60809179e+00	8.56223680e-01	7.51868107e-01
9806            	5.21764872e-02	5.23034111e-02	1.60808923e+00	8.56221103e-01	7.51868128e-01
9807            	5.21755040e-02	5.23016211e-02	1.60808724e+00	8.56219122e-01	7.51868114e-01
9808            	5.21748560e-02	5.23000452e-02	1.60808585e+00	8.56217779e-01	7.51868067e-01
9809            	5.21745477e-02	5.22986856e-02	1.60808507e+00	8.56217083e-01	7.51867988e-01
9810            	5.21745969e-02	5.22975657e-02	1.60808495e+00	8.56217071e-01	7.51867877e-01
9811            	5.21747563e-02	5.22964376e-02	1.60808463e+00	8.56217069e-01	7.51867557e-01
9812            	5.21754187e-02	5.22957324e-02	1.60808553e+00	8.56218186e-01	7.51867349e-01
9813            	5.21764853e-02	5.22953116e-02	1.60808722e+00	8.56220095e-01	7.51867125e-01
9814            	5.21779989e-02	5.22952235e-02	1.60808978e+00	8.56222888e-01	7.51866890e-01
9815            	5.21799129e-02	5.22954288e-02	1.60809311e+00	8.56226467e-01	7.51866641e-01
9816            	5.21821084e-02	5.22957787e-02	1.60809661e+00	8.56230415e-01	7.51866198e-01
9817            	5.21846979e-02	5.22964846e-02	1.60810114e+00	8.56235265e-01	7.51865870e-01
9818            	5.21877173e-02	5.22975221e-02	1.60810652e+00	8.56240977e-01	7.51865543e-01
9819            	5.21909977e-02	5.22986816e-02	1.60811210e+00	8.56247050e-01	7.51865054e-01
9820            	5.21947050e-02	5.23002483e-02	1.60811877e+00	8.56254088e-01	7.51864678e-01
9821            	5.21987909e-02	5.23021112e-02	1.60812622e+00	8.56261901e-01	7.51864319e-01
9822            	5.22033237e-02	5.23042567e-02	1.60813426e+00	8.56270455e-01	7.51863808e-01
9823            	5.22081964e-02	5.23067480e-02	1.60814319e+00	8.56279789e-01	7.51863396e-01
9824            	5.22135187e-02	5.23096201e-02	1.60815304e+00	8.56290039e-01	7.51863001e-01
9825            	5.22192095e-02	5.23127062e-02	1.60816335e+00	8.56300886e-01	7.51862467e-01
9826            	5.22252142e-02	5.23161439e-02	1.60817446e+00	8.56312443e-01	7.51862014e-01
9827            	5.22314346e-02	5.23197860e-02	1.60818605e+00	8.56324460e-01	7.51861591e-01
9828            	5.22381387e-02	5.23237480e-02	1.60819837e+00	8.56337322e-01	7.51861044e-01
9829            	5.22449602e-02	5.23279111e-02	1.60821108e+00	8.56350499e-01	7.51860579e-01
9830            	5.22522410e-02	5.23323994e-02	1.60822455e+00	8.56364515e-01	7.51860033e-01
9831            	5.22600058e-02	5.23372510e-02	1.60823886e+00	8.56379434e-01	7.51859422e-01
9832            	5.22675103e-02	5.23421058e-02	1.60825304e+00	8.56394032e-01	7.51859011e-01
9833            	5.22753196e-02	5.23472780e-02	1.60826792e+00	8.56409279e-01	7.51858640e-01
9834            	5.22833442e-02	5.23526553e-02	1.60828319e+00	8.56424939e-01	7.51858251e-01
9835            	5.22911072e-02	5.23579468e-02	1.60829806e+00	8.56440139e-01	7.51857925e-01
9836            	5.22993801e-02	5.23636701e-02	1.60831396e+00	8.56456360e-01	7.51857600e-01
9837            	5.23076609e-02	5.23694017e-02	1.60832983e+00	8.56472578e-01	7.51857256e-01
9838            	5.23162154e-02	5.23754025e-02	1.60834634e+00	8.56489385e-01	7.51856954e-01
9839            	5.23261743e-02	5.23822938e-02	1.60836569e+00	8.56509021e-01	7.51856672e-01
9840            	5.23344206e-02	5.23882310e-02	1.60838181e+00	8.56525325e-01	7.51856484e-01
9841            	5.23421817e-02	5.23938989e-02	1.60839705e+00	8.56540706e-01	7.51856343e-01
9842            	5.23506726e-02	5.24001066e-02	1.60841391e+00	8.56557628e-01	7.51856282e-01
9843            	5.23578001e-02	5.24055207e-02	1.60842790e+00	8.56571752e-01	7.51856152e-01
9844            	5.23648636e-02	5.24109722e-02	1.60844189e+00	8.56585809e-01	7.51856082e-01
9845            	5.23719854e-02	5.24164795e-02	1.60845594e+00	8.56599953e-01	7.51855983e-01
9846            	5.23789651e-02	5.24219372e-02	1.60846984e+00	8.56613884e-01	7.51855954e-01
9847            	5.23881837e-02	5.24289707e-02	1.60848900e+00	8.56632686e-01	7.51856319e-01
9848            	5.23958969e-02	5.24351027e-02	1.60850519e+00	8.56648491e-01	7.51856698e-01
9849            	5.24023439e-02	5.24404486e-02	1.60851880e+00	8.56661743e-01	7.51857056e-01
9850            	5.24070861e-02	5.24446126e-02	1.60852865e+00	8.56671410e-01	7.51857238e-01
9851            	5.24124451e-02	5.24492011e-02	1.60854014e+00	8.56682517e-01	7.51857626e-01
9852            	5.24168164e-02	5.24531799e-02	1.60854960e+00	8.56691618e-01	7.51857985e-01
9853            	5.24203032e-02	5.24565839e-02	1.60855716e+00	8.56698881e-01	7.51858275e-01
9854            	5.24229791e-02	5.24594406e-02	1.60856290e+00	8.56704431e-01	7.51858473e-01
9855            	5.24245509e-02	5.24615014e-02	1.60856610e+00	8.56707603e-01	7.51858501e-01
9856            	5.24269292e-02	5.24641977e-02	1.60857157e+00	8.56712715e-01	7.51858856e-01
9857            	5.24280706e-02	5.24659878e-02	1.60857414e+00	8.56715143e-01	7.51859002e-01
9858            	5.24297581e-02	5.24682082e-02	1.60857842e+00	8.56718968e-01	7.51859452e-01
9859            	5.24300161e-02	5.24694236e-02	1.60857944e+00	8.56719736e-01	7.51859704e-01
9860            	5.24297468e-02	5.24702780e-02	1.60857952e+00	8.56719507e-01	7.51860014e-01
9861            	5.24292146e-02	5.24710472e-02	1.60857943e+00	8.56718930e-01	7.51860501e-01
9862            	5.24277745e-02	5.24711710e-02	1.60857740e+00	8.56716473e-01	7.51860924e-01
9863            	5.24257619e-02	5.24709023e-02	1.60857422e+00	8.56712872e-01	7.51861348e-01
9864            	5.24235624e-02	5.24705002e-02	1.60857106e+00	8.56709091e-01	7.51861967e-01
9865            	5.24209573e-02	5.24698687e-02	1.60856723e+00	8.56704570e-01	7.51862656e-01
9866            	5.24176973e-02	5.24687285e-02	1.60856207e+00	8.56698732e-01	7.51863338e-01
9867            	5.24140738e-02	5.24673428e-02	1.60855644e+00	8.56692295e-01	7.51864148e-01
9868            	5.24098927e-02	5.24655893e-02	1.60854997e+00	8.56684876e-01	7.51865090e-01
9869            	5.24050407e-02	5.24633558e-02	1.60854200e+00	8.56676041e-01	7.51865960e-01
9870            	5.23994161e-02	5.24605084e-02	1.60853237e+00	8.56665600e-01	7.51866768e-01
9871            	5.23932778e-02	5.24571289e-02	1.60852095e+00	8.56653753e-01	7.51867197e-01
9872            	5.23866589e-02	5.24532924e-02	1.60850822e+00	8.56640767e-01	7.51867449e-01
9873            	5.23797923e-02	5.24492340e-02	1.60849481e+00	8.56627198e-01	7.51867613e-01
9874            	5.23724332e-02	5.24448564e-02	1.60848064e+00	8.56612756e-01	7.51867889e-01
9875            	5.23650030e-02	5.24403380e-02	1.60846616e+00	8.56598085e-01	7.51868079e-01
9876            	5.23571832e-02	5.24355448e-02	1.60845112e+00	8.56582744e-01	7.51868378e-01
9877            	5.23489452e-02	5.24304302e-02	1.60843538e+00	8.56566635e-01	7.51868745e-01
9878            	5.23413104e-02	5.24255693e-02	1.60842050e+00	8.56551563e-01	7.51868942e-01
9879            	5.23339517e-02	5.24208177e-02	1.60840611e+00	8.56537005e-01	7.51869101e-01
9880            	5.23266802e-02	5.24160452e-02	1.60839192e+00	8.56522642e-01	7.51869281e-01
9881            	5.23191449e-02	5.24110473e-02	1.60837737e+00	8.56507829e-01	7.51869540e-01
9882            	5.23117503e-02	5.24061464e-02	1.60836324e+00	8.56493370e-01	7.51869869e-01
9883            	5.23045319e-02	5.24013470e-02	1.60834951e+00	8.56479285e-01	7.51870221e-01
9884            	5.22973849e-02	5.23965578e-02	1.60833596e+00	8.56465367e-01	7.51870597e-01
9885            	5.22898999e-02	5.23915132e-02	1.60832183e+00	8.56450816e-01	7.51871016e-01
9886            	5.22826287e-02	5.23865988e-02	1.60830817e+00	8.56436715e-01	7.51871458e-01
9887            	5.22756161e-02	5.23818045e-02	1.60829498e+00	8.56423104e-01	7.51871871e-01
9888            	5.22687732e-02	5.23770396e-02	1.60828208e+00	8.56409813e-01	7.51872267e-01
9889            	5.22621659e-02	5.23723633e-02	1.60826961e+00	8.56396971e-01	7.51872640e-01
9890            	5.22551518e-02	5.23672827e-02	1.60825627e+00	8.56383287e-01	7.51872983e-01
9891            	5.22486501e-02	5.23625064e-02	1.60824394e+00	8.56370618e-01	7.51873317e-01
9892            	5.22424194e-02	5.23578138e-02	1.60823206e+00	8.56358449e-01	7.51873610e-01
9893            	5.22365494e-02	5.23532888e-02	1.60822081e+00	8.56346956e-01	7.51873857e-01
9894            	5.22309311e-02	5.23488541e-02	1.60821001e+00	8.56335937e-01	7.51874074e-01
9895            	5.22255942e-02	5.23445482e-02	1.60819971e+00	8.56325450e-01	7.51874262e-01
9896            	5.22204321e-02	5.23402943e-02	1.60818974e+00	8.56315301e-01	7.51874437e-01
9897            	5.22149901e-02	5.23357366e-02	1.60817901e+00	8.56304498e-01	7.51874517e-01
9898            	5.22100243e-02	5.23315173e-02	1.60816938e+00	8.56294712e-01	7.51874664e-01
9899            	5.22053677e-02	5.23274715e-02	1.60816037e+00	8.56285550e-01	7.51874815e-01
9900            	5.22011163e-02	5.23236790e-02	1.60815217e+00	8.56277201e-01	7.51874968e-01
9901            	5.21972113e-02	5.23200991e-02	1.60814469e+00	8.56269556e-01	7.51875133e-01
9902            	5.21936505e-02	5.23167285e-02	1.60813790e+00	8.56262602e-01	7.51875301e-01
9903            	5.21903643e-02	5.23135118e-02	1.60813168e+00	8.56256203e-01	7.51875474e-01
9904            	5.21869525e-02	5.23101080e-02	1.60812497e+00	8.56249437e-01	7.51875532e-01
9905            	5.21840022e-02	5.23070431e-02	1.60811935e+00	8.56243678e-01	7.51875673e-01
9906            	5.21813981e-02	5.23041794e-02	1.60811439e+00	8.56238595e-01	7.51875799e-01
9907            	5.21791117e-02	5.23015020e-02	1.60811004e+00	8.56234134e-01	7.51875910e-01
9908            	5.21771085e-02	5.22989843e-02	1.60810620e+00	8.56230208e-01	7.51875990e-01
9909            	5.21750080e-02	5.22963014e-02	1.60810181e+00	8.56225911e-01	7.51875895e-01
9910            	5.21733440e-02	5.22939607e-02	1.60809839e+00	8.56222537e-01	7.51875849e-01
9911            	5.21720937e-02	5.22918868e-02	1.60809570e+00	8.56219944e-01	7.51875756e-01
9912            	5.21712982e-02	5.22901227e-02	1.60809384e+00	8.56218220e-01	7.51875624e-01
9913            	5.21706321e-02	5.22883699e-02	1.60809183e+00	8.56216547e-01	7.51875283e-01
9914            	5.21704760e-02	5.22870385e-02	1.60809096e+00	8.56215956e-01	7.51875004e-01
9915            	5.21707814e-02	5.22860323e-02	1.60809097e+00	8.56216268e-01	7.51874705e-01
9916            	5.21713012e-02	5.22851278e-02	1.60809105e+00	8.56216828e-01	7.51874226e-01
9917            	5.21722417e-02	5.22845871e-02	1.60809216e+00	8.56218322e-01	7.51873838e-01
9918            	5.21736476e-02	5.22844034e-02	1.60809424e+00	8.56220770e-01	7.51873475e-01
9919            	5.21752490e-02	5.22843091e-02	1.60809640e+00	8.56223450e-01	7.51872952e-01
9920            	5.21772827e-02	5.22846089e-02	1.60809960e+00	8.56227085e-01	7.51872520e-01
9921            	5.21795777e-02	5.22850575e-02	1.60810306e+00	8.56231108e-01	7.51871952e-01
9922            	5.21821397e-02	5.22857093e-02	1.60810672e+00	8.56235501e-01	7.51871222e-01
9923            	5.21855030e-02	5.22870405e-02	1.60811254e+00	8.56241775e-01	7.51870769e-01
9924            	5.21892876e-02	5.22887166e-02	1.60811910e+00	8.56248839e-01	7.51870264e-01
9925            	5.21934962e-02	5.22907154e-02	1.60812626e+00	8.56256625e-01	7.51869633e-01
9926            	5.21981083e-02	5.22930954e-02	1.60813463e+00	8.56265422e-01	7.51869205e-01
9927            	5.22031757e-02	5.22957784e-02	1.60814366e+00	8.56275007e-01	7.51868656e-01
9928            	5.22085518e-02	5.22986808e-02	1.60815308e+00	8.56285092e-01	7.51867989e-01
9929            	5.22142964e-02	5.23019252e-02	1.60816332e+00	8.56295957e-01	7.51867364e-01
9930            	5.22203547e-02	5.23053922e-02	1.60817400e+00	8.56307355e-01	7.51866646e-01
9931            	5.22265982e-02	5.23090933e-02	1.60818534e+00	8.56319267e-01	7.51866070e-01
9932            	5.22331600e-02	5.23130989e-02	1.60819726e+00	8.56331789e-01	7.51865469e-01
9933            	5.22403105e-02	5.23175478e-02	1.60821007e+00	8.56345343e-01	7.51864722e-01
9934            	5.22474725e-02	5.23220822e-02	1.60822305e+00	8.56358996e-01	7.51864052e-01
9935            	5.22552516e-02	5.23271204e-02	1.60823715e+00	8.56373825e-01	7.51863322e-01
9936            	5.22632374e-02	5.23324242e-02	1.60825182e+00	8.56389145e-01	7.51862670e-01
9937            	5.22712652e-02	5.23378301e-02	1.60826669e+00	8.56404608e-01	7.51862077e-01
9938            	5.22795862e-02	5.23435622e-02	1.60828224e+00	8.56420705e-01	7.51861533e-01
9939            	5.22887513e-02	5.23498717e-02	1.60829927e+00	8.56438384e-01	7.51860881e-01
9940            	5.22974387e-02	5.23559627e-02	1.60831554e+00	8.56455210e-01	7.51860333e-01
9941            	5.23062119e-02	5.23621568e-02	1.60833203e+00	8.56472226e-01	7.51859802e-01
9942            	5.23149137e-02	5.23684417e-02	1.60834859e+00	8.56489206e-01	7.51859379e-01
9943            	5.23251333e-02	5.23757735e-02	1.60836815e+00	8.56509210e-01	7.51858944e-01
9944            	5.23337387e-02	5.23821304e-02	1.60838465e+00	8.56526063e-01	7.51858585e-01
9945            	5.23423341e-02	5.23885598e-02	1.60840115e+00	8.56542910e-01	7.51858242e-01
9946            	5.23505618e-02	5.23948612e-02	1.60841712e+00	8.56559121e-01	7.51857997e-01
9947            	5.23596757e-02	5.24017806e-02	1.60843483e+00	8.56577090e-01	7.51857738e-01
9948            	5.23677728e-02	5.24081128e-02	1.60845067e+00	8.56593106e-01	7.51857561e-01
9949            	5.23758146e-02	5.24145011e-02	1.60846648e+00	8.56609052e-01	7.51857423e-01
9950            	5.23835385e-02	5.24206811e-02	1.60848166e+00	8.56624367e-01	7.51857290e-01
9951            	5.23923865e-02	5.24276738e-02	1.60849932e+00	8.56642049e-01	7.51857276e-01
9952            	5.23998172e-02	5.24337930e-02	1.60851425e+00	8.56656942e-01	7.51857308e-01
9953            	5.24066253e-02	5.24395747e-02	1.60852800e+00	8.56670627e-01	7.51857376e-01
9954            	5.24127677e-02	5.24448992e-02	1.60854046e+00	8.56682998e-01	7.51857463e-01
9955            	5.24199386e-02	5.24510202e-02	1.60855538e+00	8.56697631e-01	7.51857754e-01
9956            	5.24253319e-02	5.24559881e-02	1.60856669e+00	8.56708675e-01	7.51858011e-01
9957            	5.24299238e-02	5.24604700e-02	1.60857641e+00	8.56718127e-01	7.51858279e-01
9958            	5.24337395e-02	5.24644063e-02	1.60858457e+00	8.56726024e-01	7.51858544e-01
9959            	5.24380996e-02	5.24688094e-02	1.60859426e+00	8.56735228e-01	7.51859029e-01
9960            	5.24403157e-02	5.24716526e-02	1.60859915e+00	8.56739893e-01	7.51859261e-01
9961            	5.24422528e-02	5.24744023e-02	1.60860379e+00	8.56744150e-01	7.51859644e-01
9962            	5.24442825e-02	5.24772632e-02	1.60860893e+00	8.56748748e-01	7.51860183e-01
9963            	5.24448005e-02	5.24790212e-02	1.60861063e+00	8.56750117e-01	7.51860516e-01
9964            	5.24449659e-02	5.24805120e-02	1.60861178e+00	8.56750858e-01	7.51860926e-01
9965            	5.24446492e-02	5.24817128e-02	1.60861203e+00	8.56750666e-01	7.51861367e-01
9966            	5.24433800e-02	5.24821835e-02	1.60861027e+00	8.56748513e-01	7.51861753e-01
9967            	5.24418828e-02	5.24825149e-02	1.60860829e+00	8.56746027e-01	7.51862261e-01
9968            	5.24397631e-02	5.24824204e-02	1.60860511e+00	8.56742320e-01	7.51862793e-01
9969            	5.24369199e-02	5.24817956e-02	1.60860040e+00	8.56737122e-01	7.51863282e-01
9970            	5.24335951e-02	5.24808269e-02	1.60859495e+00	8.56731071e-01	7.51863880e-01
9971            	5.24297100e-02	5.24795010e-02	1.60858838e+00	8.56723898e-01	7.51864478e-01
9972            	5.24250658e-02	5.24775569e-02	1.60858012e+00	8.56715128e-01	7.51864996e-01
9973            	5.24197758e-02	5.24751113e-02	1.60857073e+00	8.56705138e-01	7.51865587e-01
9974            	5.24139920e-02	5.24723138e-02	1.60856029e+00	8.56694135e-01	7.51866151e-01
9975            	5.24076765e-02	5.24690281e-02	1.60854858e+00	8.56681966e-01	7.51866613e-01
9976            	5.24009116e-02	5.24653992e-02	1.60853603e+00	8.56668926e-01	7.51867103e-01
9977            	5.23937915e-02	5.24614744e-02	1.60852270e+00	8.56655142e-01	7.51867559e-01
9978            	5.23865348e-02	5.24573583e-02	1.60850887e+00	8.56640970e-01	7.51867901e-01
9979            	5.23788055e-02	5.24528287e-02	1.60849412e+00	8.56625866e-01	7.51868255e-01
9980            	5.23710067e-02	5.24482283e-02	1.60847918e+00	8.56610598e-01	7.51868585e-01
9981            	5.23632013e-02	5.24434964e-02	1.60846406e+00	8.56595231e-01	7.51868828e-01
9982            	5.23554895e-02	5.24387533e-02	1.60844903e+00	8.56580003e-01	7.51869024e-01
9983            	5.23473350e-02	5.24336297e-02	1.60843322e+00	8.56563944e-01	7.51869274e-01
9984            	5.23393215e-02	5.24285955e-02	1.60841774e+00	8.56548192e-01	7.51869548e-01
9985            	5.23314024e-02	5.24235369e-02	1.60840244e+00	8.56532620e-01	7.51869816e-01
9986            	5.23236809e-02	5.24185578e-02	1.60838753e+00	8.56517445e-01	7.51870084e-01
9987            	5.23154917e-02	5.24131820e-02	1.60837182e+00	8.56501402e-01	7.51870419e-01
9988            	5.23075770e-02	5.24079798e-02	1.60835673e+00	8.56485940e-01	7.51870786e-01
9989            	5.22998449e-02	5.24028149e-02	1.60834199e+00	8.56470837e-01	7.51871148e-01
9990            	5.22922626e-02	5.23976547e-02	1.60832754e+00	8.56456034e-01	7.51871509e-01
9991            	5.22848950e-02	5.23925749e-02	1.60831353e+00	8.56441660e-01	7.51871870e-01
9992            	5.22770538e-02	5.23870688e-02	1.60829861e+00	8.56426358e-01	7.51872250e-01
9993            	5.22696975e-02	5.23818693e-02	1.60828467e+00	8.56412031e-01	7.51872636e-01
9994            	5.22626229e-02	5.23767811e-02	1.60827123e+00	8.56398237e-01	7.51872991e-01
9995            	5.22559111e-02	5.23718779e-02	1.60825845e+00	8.56385134e-01	7.51873311e-01
9996            	5.22494379e-02	5.23670643e-02	1.60824610e+00	8.56372489e-01	7.51873614e-01
9997            	5.22432283e-02	5.23623692e-02	1.60823425e+00	8.56360355e-01	7.51873898e-01
9998            	5.22371875e-02	5.23577163e-02	1.60822274e+00	8.56348556e-01	7.51874181e-01
9999            	5.22306748e-02	5.23526006e-02	1.60821018e+00	8.56335765e-01	7.51874415e-01
10000           	5.22247205e-02	5.23478500e-02	1.60819879e+00	8.56324117e-01	7.51874676e-01
10001           	5.22190611e-02	5.23432302e-02	1.60818795e+00	8.56313034e-01	7.51874912e-01
10002           	5.22137660e-02	5.23388015e-02	1.60817778e+00	8.56302655e-01	7.51875123e-01
10003           	5.22087589e-02	5.23345111e-02	1.60816817e+00	8.56292843e-01	7.51875325e-01
10004           	5.22039947e-02	5.23303264e-02	1.60815905e+00	8.56283517e-01	7.51875528e-01
10005           	5.21995263e-02	5.23262921e-02	1.60815051e+00	8.56274780e-01	7.51875727e-01
10006           	5.21947851e-02	5.23219424e-02	1.60814123e+00	8.56265400e-01	7.51875830e-01
10007           	5.21905745e-02	5.23179718e-02	1.60813313e+00	8.56257141e-01	7.51875992e-01
10008           	5.21866966e-02	5.23141848e-02	1.60812567e+00	8.56249533e-01	7.51876139e-01
10009           	5.21831612e-02	5.23105949e-02	1.60811887e+00	8.56242595e-01	7.51876273e-01
10010           	5.21799701e-02	5.23072081e-02	1.60811271e+00	8.56236323e-01	7.51876383e-01
10011           	5.21770791e-02	5.23040004e-02	1.60810710e+00	8.56230630e-01	7.51876471e-01
10012           	5.21740085e-02	5.23005563e-02	1.60810079e+00	8.56224405e-01	7.51876388e-01
10013           	5.21713462e-02	5.22974343e-02	1.60809541e+00	8.56219050e-01	7.51876358e-01
10014           	5.21690376e-02	5.22945324e-02	1.60809065e+00	8.56214361e-01	7.51876286e-01
10015           	5.21671089e-02	5.22918805e-02	1.60808658e+00	8.56210400e-01	7.51876183e-01
10016           	5.21651716e-02	5.22891324e-02	1.60808210e+00	8.56206219e-01	7.51875876e-01
10017           	5.21636954e-02	5.22867556e-02	1.60807863e+00	8.56203008e-01	7.51875617e-01
10018           	5.21627608e-02	5.22847606e-02	1.60807619e+00	8.56200855e-01	7.51875334e-01
10019           	5.21623322e-02	5.22831176e-02	1.60807472e+00	8.56199691e-01	7.51875027e-01
10020           	5.21620761e-02	5.22815249e-02	1.60807317e+00	8.56198661e-01	7.51874509e-01
10021           	5.21623416e-02	5.22803807e-02	1.60807280e+00	8.56198743e-01	7.51874060e-01
10022           	5.21631055e-02	5.22796024e-02	1.60807343e+00	8.56199820e-01	7.51873609e-01
10023           	5.21643595e-02	5.22792001e-02	1.60807504e+00	8.56201878e-01	7.51873160e-01
10024           	5.21657750e-02	5.22788491e-02	1.60807655e+00	8.56204052e-01	7.51872502e-01
10025           	5.21675951e-02	5.22788783e-02	1.60807905e+00	8.56207118e-01	7.51871928e-01
10026           	5.21699405e-02	5.22793279e-02	1.60808261e+00	8.56211244e-01	7.51871363e-01
10027           	5.21725565e-02	5.22799214e-02	1.60808632e+00	8.56215716e-01	7.51870603e-01
10028           	5.21756135e-02	5.22809319e-02	1.60809108e+00	8.56221154e-01	7.51869927e-01
10029           	5.21790864e-02	5.22822682e-02	1.60809675e+00	8.56227461e-01	7.51869288e-01
10030           	5.21829757e-02	5.22838657e-02	1.60810290e+00	8.56234424e-01	7.51868473e-01
10031           	5.21872195e-02	5.22858026e-02	1.60810992e+00	8.56242182e-01	7.51867743e-01
10032           	5.21919566e-02	5.22881496e-02	1.60811804e+00	8.56250977e-01	7.51867064e-01
10033           	5.21972842e-02	5.22909028e-02	1.60812700e+00	8.56260784e-01	7.51866216e-01
10034           	5.22029687e-02	5.22940125e-02	1.60813682e+00	8.56271378e-01	7.51865440e-01
10035           	5.22091918e-02	5.22975028e-02	1.60814749e+00	8.56282935e-01	7.51864551e-01
10036           	5.22162586e-02	5.23015436e-02	1.60815914e+00	8.56295828e-01	7.51863311e-01
10037           	5.22233946e-02	5.23058407e-02	1.60817177e+00	8.56309279e-01	7.51862489e-01
10038           	5.22308603e-02	5.23105406e-02	1.60818540e+00	8.56323559e-01	7.51861838e-01
10039           	5.22382972e-02	5.23153598e-02	1.60819933e+00	8.56337960e-01	7.51861366e-01
10040           	5.22458676e-02	5.23203636e-02	1.60821366e+00	8.56352695e-01	7.51860960e-01
10041           	5.22538723e-02	5.23256108e-02	1.60822854e+00	8.56368140e-01	7.51860396e-01
10042           	5.22625083e-02	5.23313202e-02	1.60824443e+00	8.56384721e-01	7.51859705e-01
10043           	5.22711932e-02	5.23371631e-02	1.60826046e+00	8.56401425e-01	7.51859039e-01
10044           	5.22802521e-02	5.23433716e-02	1.60827723e+00	8.56418868e-01	7.51858364e-01
10045           	5.22896526e-02	5.23498532e-02	1.60829456e+00	8.56436932e-01	7.51857627e-01
10046           	5.22994041e-02	5.23567404e-02	1.60831268e+00	8.56455742e-01	7.51856934e-01
10047           	5.23101463e-02	5.23643501e-02	1.60833270e+00	8.56476496e-01	7.51856203e-01
10048           	5.23191704e-02	5.23710125e-02	1.60834982e+00	8.56494081e-01	7.51855740e-01
10049           	5.23283062e-02	5.23778120e-02	1.60836727e+00	8.56511939e-01	7.51855327e-01
10050           	5.23377064e-02	5.23847717e-02	1.60838523e+00	8.56530323e-01	7.51854911e-01
10051           	5.23471861e-02	5.23919112e-02	1.60840347e+00	8.56548922e-01	7.51854549e-01
10052           	5.23559554e-02	5.23986442e-02	1.60842048e+00	8.56566196e-01	7.51854285e-01
10053           	5.23651727e-02	5.24056600e-02	1.60843840e+00	8.56584371e-01	7.51854026e-01
10054           	5.23744227e-02	5.24128497e-02	1.60845653e+00	8.56602687e-01	7.51853842e-01
10055           	5.23828768e-02	5.24195806e-02	1.60847322e+00	8.56619489e-01	7.51853735e-01
10056           	5.23916693e-02	5.24265415e-02	1.60849068e+00	8.56637011e-01	7.51853673e-01
10057           	5.24002278e-02	5.24335110e-02	1.60850787e+00	8.56654162e-01	7.51853706e-01
10058           	5.24077602e-02	5.24398480e-02	1.60852310e+00	8.56669309e-01	7.51853788e-01
10059           	5.24154298e-02	5.24462907e-02	1.60853876e+00	8.56684811e-01	7.51853952e-01
10060           	5.24225385e-02	5.24524994e-02	1.60855349e+00	8.56699282e-01	7.51854205e-01
10061           	5.24285564e-02	5.24580050e-02	1.60856607e+00	8.56711591e-01	7.51854478e-01
10062           	5.24345396e-02	5.24634944e-02	1.60857878e+00	8.56723930e-01	7.51854851e-01
10063           	5.24397623e-02	5.24685646e-02	1.60859009e+00	8.56734808e-01	7.51855283e-01
10064           	5.24438651e-02	5.24728764e-02	1.60859913e+00	8.56743428e-01	7.51855698e-01
10065           	5.24477902e-02	5.24770669e-02	1.60860800e+00	8.56751789e-01	7.51856208e-01
10066           	5.24508713e-02	5.24807415e-02	1.60861523e+00	8.56758485e-01	7.51856742e-01
10067           	5.24528445e-02	5.24836395e-02	1.60862013e+00	8.56762911e-01	7.51857222e-01
10068           	5.24544952e-02	5.24863078e-02	1.60862457e+00	8.56766780e-01	7.51857790e-01
10069           	5.24553363e-02	5.24884844e-02	1.60862739e+00	8.56769031e-01	7.51858358e-01
10070           	5.24550815e-02	5.24898415e-02	1.60862787e+00	8.56769016e-01	7.51858853e-01
10071           	5.24538958e-02	5.24904876e-02	1.60862638e+00	8.56767084e-01	7.51859293e-01
10072           	5.24524471e-02	5.24909656e-02	1.60862456e+00	8.56764727e-01	7.51859832e-01
10073           	5.24502915e-02	5.24909683e-02	1.60862136e+00	8.56760973e-01	7.51860390e-01
10074           	5.24473029e-02	5.24903179e-02	1.60861643e+00	8.56755517e-01	7.51860911e-01
10075           	5.24439046e-02	5.24893930e-02	1.60861087e+00	8.56749338e-01	7.51861529e-01
10076           	5.24398271e-02	5.24880022e-02	1.60860395e+00	8.56741802e-01	7.51862148e-01
10077           	5.24351090e-02	5.24861179e-02	1.60859560e+00	8.56732911e-01	7.51862693e-01
10078           	5.24297632e-02	5.24837174e-02	1.60858586e+00	8.56722695e-01	7.51863169e-01
10079           	5.24238429e-02	5.24808708e-02	1.60857513e+00	8.56711410e-01	7.51863724e-01
10080           	5.24175301e-02	5.24777535e-02	1.60856361e+00	8.56699333e-01	7.51864273e-01
10081           	5.24107764e-02	5.24742175e-02	1.60855104e+00	8.56686295e-01	7.51864742e-01
10082           	5.24035785e-02	5.24703295e-02	1.60853763e+00	8.56672396e-01	7.51865239e-01
10083           	5.23960723e-02	5.24661892e-02	1.60852356e+00	8.56657851e-01	7.51865707e-01
10084           	5.23882890e-02	5.24617115e-02	1.60850872e+00	8.56642651e-01	7.51866073e-01
10085           	5.23804025e-02	5.24570724e-02	1.60849353e+00	8.56627166e-01	7.51866361e-01
10086           	5.23719700e-02	5.24519776e-02	1.60847732e+00	8.56610629e-01	7.51866689e-01
10087           	5.23635602e-02	5.24468902e-02	1.60846116e+00	8.56594139e-01	7.51867019e-01
10088           	5.23551723e-02	5.24417146e-02	1.60844494e+00	8.56577643e-01	7.51867298e-01
10089           	5.23468020e-02	5.24364483e-02	1.60842870e+00	8.56561153e-01	7.51867548e-01
10090           	5.23379857e-02	5.24308097e-02	1.60841165e+00	8.56543813e-01	7.51867842e-01
10091           	5.23293454e-02	5.24252633e-02	1.60839501e+00	8.56526850e-01	7.51868159e-01
10092           	5.23209834e-02	5.24198400e-02	1.60837885e+00	8.56510407e-01	7.51868440e-01
10093           	5.23128392e-02	5.24144896e-02	1.60836309e+00	8.56494384e-01	7.51868705e-01
10094           	5.23048182e-02	5.24091439e-02	1.60834759e+00	8.56478614e-01	7.51868978e-01
10095           	5.22969587e-02	5.24038527e-02	1.60833245e+00	8.56463182e-01	7.51869265e-01
10096           	5.22885534e-02	5.23980822e-02	1.60831628e+00	8.56446696e-01	7.51869589e-01
10097           	5.22806832e-02	5.23926537e-02	1.60830123e+00	8.56431299e-01	7.51869932e-01
10098           	5.22730809e-02	5.23873295e-02	1.60828667e+00	8.56416417e-01	7.51870255e-01
10099           	5.22657289e-02	5.23820945e-02	1.60827258e+00	8.56402017e-01	7.51870559e-01
10100           	5.22586669e-02	5.23769958e-02	1.60825902e+00	8.56388179e-01	7.51870845e-01
10101           	5.22518035e-02	5.23719599e-02	1.60824586e+00	8.56374733e-01	7.51871126e-01
10102           	5.22450901e-02	5.23669422e-02	1.60823300e+00	8.56361588e-01	7.51871408e-01
10103           	5.22385963e-02	5.23620007e-02	1.60822056e+00	8.56348876e-01	7.51871684e-01
10104           	5.22322894e-02	5.23571079e-02	1.60820849e+00	8.56336537e-01	7.51871958e-01
10105           	5.22255510e-02	5.23517698e-02	1.60819545e+00	8.56323275e-01	7.51872173e-01
10106           	5.22195152e-02	5.23469072e-02	1.60818387e+00	8.56311449e-01	7.51872418e-01
10107           	5.22138306e-02	5.23422223e-02	1.60817293e+00	8.56300297e-01	7.51872636e-01
10108           	5.22085003e-02	5.23377211e-02	1.60816266e+00	8.56289831e-01	7.51872831e-01
10109           	5.22035327e-02	5.23334154e-02	1.60815307e+00	8.56280067e-01	7.51873001e-01
10110           	5.21988483e-02	5.23292470e-02	1.60814402e+00	8.56270859e-01	7.51873163e-01
10111           	5.21944275e-02	5.23252014e-02	1.60813550e+00	8.56262180e-01	7.51873325e-01
10112           	5.21902874e-02	5.23212929e-02	1.60812754e+00	8.56254056e-01	7.51873481e-01
10113           	5.21863603e-02	5.23174751e-02	1.60811999e+00	8.56246355e-01	7.51873634e-01
10114           	5.21821314e-02	5.23133065e-02	1.60811156e+00	8.56237913e-01	7.51873651e-01
10115           	5.21783532e-02	5.23094778e-02	1.60810420e+00	8.56230451e-01	7.51873745e-01
10116           	5.21748728e-02	5.23058208e-02	1.60809738e+00	8.56223562e-01	7.51873817e-01
10117           	5.21717606e-02	5.23023917e-02	1.60809123e+00	8.56217376e-01	7.51873855e-01
10118           	5.21689969e-02	5.22991827e-02	1.60808571e+00	8.56211851e-01	7.51873857e-01
10119           	5.21665569e-02	5.22961745e-02	1.60808074e+00	8.56206928e-01	7.51873814e-01
10120           	5.21639913e-02	5.22929544e-02	1.60807506e+00	8.56201523e-01	7.51873540e-01
10121           	5.21619011e-02	5.22901110e-02	1.60807045e+00	8.56197125e-01	7.51873323e-01
10122           	5.21602913e-02	5.22875890e-02	1.60806671e+00	8.56193648e-01	7.51873065e-01
10123           	5.21591547e-02	5.22853832e-02	1.60806386e+00	8.56191083e-01	7.51872774e-01
10124           	5.21581431e-02	5.22831728e-02	1.60806079e+00	8.56188537e-01	7.51872250e-01
10125           	5.21576595e-02	5.22814094e-02	1.60805893e+00	8.56187124e-01	7.51871805e-01
10126           	5.21577108e-02	5.22800286e-02	1.60805815e+00	8.56186784e-01	7.51871363e-01
10127           	5.21582928e-02	5.22790425e-02	1.60805845e+00	8.56187517e-01	7.51870931e-01
10128           	5.21591393e-02	5.22781859e-02	1.60805885e+00	8.56188562e-01	7.51870283e-01
10129           	5.21603855e-02	5.22776963e-02	1.60806023e+00	8.56190501e-01	7.51869730e-01
10130           	5.21621380e-02	5.22776020e-02	1.60806268e+00	8.56193476e-01	7.51869200e-01
10131           	5.21642559e-02	5.22777315e-02	1.60806545e+00	8.56196983e-01	7.51868471e-01
10132           	5.21667661e-02	5.22782338e-02	1.60806921e+00	8.56201370e-01	7.51867838e-01
10133           	5.21697795e-02	5.22791384e-02	1.60807404e+00	8.56206801e-01	7.51867242e-01
10134           	5.21732238e-02	5.22803202e-02	1.60807935e+00	8.56212899e-01	7.51866452e-01
10135           	5.21770188e-02	5.22818446e-02	1.60808553e+00	8.56219784e-01	7.51865746e-01
10136           	5.21812794e-02	5.22837464e-02	1.60809274e+00	8.56227647e-01	7.51865088e-01
10137           	5.21860475e-02	5.22859763e-02	1.60810058e+00	8.56236339e-01	7.51864244e-01
10138           	5.21911690e-02	5.22885511e-02	1.60810929e+00	8.56245813e-01	7.51863475e-01
10139           	5.21967451e-02	5.22915087e-02	1.60811902e+00	8.56256255e-01	7.51862765e-01
10140           	5.22029195e-02	5.22948690e-02	1.60812960e+00	8.56267721e-01	7.51861882e-01
10141           	5.22094113e-02	5.22985621e-02	1.60814097e+00	8.56279895e-01	7.51861072e-01
10142           	5.22164177e-02	5.23026149e-02	1.60815315e+00	8.56292993e-01	7.51860158e-01
10143           	5.22246134e-02	5.23074896e-02	1.60816701e+00	8.56308119e-01	7.51858892e-01
10144           	5.22325864e-02	5.23124613e-02	1.60818141e+00	8.56323293e-01	7.51858120e-01
10145           	5.22404989e-02	5.23175821e-02	1.60819621e+00	8.56338605e-01	7.51857607e-01
10146           	5.22486126e-02	5.23229613e-02	1.60821162e+00	8.56354422e-01	7.51857197e-01
10147           	5.22571782e-02	5.23285928e-02	1.60822766e+00	8.56371011e-01	7.51856654e-01
10148           	5.22664027e-02	5.23347104e-02	1.60824482e+00	8.56388814e-01	7.51856009e-01
10149           	5.22754521e-02	5.23408253e-02	1.60826179e+00	8.56406348e-01	7.51855444e-01
10150           	5.22848760e-02	5.23473135e-02	1.60827951e+00	8.56424633e-01	7.51854881e-01
10151           	5.22952528e-02	5.23544868e-02	1.60829894e+00	8.56444723e-01	7.51854218e-01
10152           	5.23047245e-02	5.23612646e-02	1.60831689e+00	8.56463170e-01	7.51853721e-01
10153           	5.23147639e-02	5.23684539e-02	1.60833585e+00	8.56482689e-01	7.51853161e-01
10154           	5.23249950e-02	5.23759084e-02	1.60835531e+00	8.56502649e-01	7.51852659e-01
10155           	5.23347461e-02	5.23831354e-02	1.60837402e+00	8.56521758e-01	7.51852266e-01
10156           	5.23449838e-02	5.23906656e-02	1.60839366e+00	8.56541815e-01	7.51851848e-01
10157           	5.23550807e-02	5.23982240e-02	1.60841321e+00	8.56561686e-01	7.51851524e-01
10158           	5.23645170e-02	5.24054186e-02	1.60843163e+00	8.56580332e-01	7.51851298e-01
10159           	5.23743653e-02	5.24128896e-02	1.60845093e+00	8.56599828e-01	7.51851098e-01
10160           	5.23841513e-02	5.24205090e-02	1.60847033e+00	8.56619316e-01	7.51851013e-01
10161           	5.23930289e-02	5.24276071e-02	1.60848809e+00	8.56637073e-01	7.51851015e-01
10162           	5.24021456e-02	5.24348768e-02	1.60850647e+00	8.56655382e-01	7.51851091e-01
10163           	5.24108886e-02	5.24420675e-02	1.60852435e+00	8.56673063e-01	7.51851286e-01
10164           	5.24186716e-02	5.24486619e-02	1.60854037e+00	8.56688858e-01	7.51851515e-01
10165           	5.24265301e-02	5.24553157e-02	1.60855674e+00	8.56704900e-01	7.51851840e-01
10166           	5.24337401e-02	5.24616655e-02	1.60857199e+00	8.56719735e-01	7.51852255e-01
10167           	5.24398296e-02	5.24672627e-02	1.60858498e+00	8.56732321e-01	7.51852662e-01
10168           	5.24458332e-02	5.24728033e-02	1.60859800e+00	8.56744832e-01	7.51853166e-01
10169           	5.24510304e-02	5.24778917e-02	1.60860950e+00	8.56755779e-01	7.51853718e-01
10170           	5.24550364e-02	5.24821431e-02	1.60861851e+00	8.56764293e-01	7.51854221e-01
10171           	5.24588427e-02	5.24862470e-02	1.60862730e+00	8.56772495e-01	7.51854809e-01
10172           	5.24618446e-02	5.24899030e-02	1.60863452e+00	8.56779107e-01	7.51855418e-01
10173           	5.24636599e-02	5.24927165e-02	1.60863925e+00	8.56783283e-01	7.51855964e-01
10174           	5.24651090e-02	5.24952711e-02	1.60864343e+00	8.56786826e-01	7.51856608e-01
10175           	5.24657336e-02	5.24973374e-02	1.60864599e+00	8.56788726e-01	7.51857259e-01
10176           	5.24652276e-02	5.24985710e-02	1.60864613e+00	8.56788293e-01	7.51857838e-01
10177           	5.24637504e-02	5.24990722e-02	1.60864422e+00	8.56785859e-01	7.51858358e-01
10178           	5.24619672e-02	5.24993815e-02	1.60864192e+00	8.56782928e-01	7.51858994e-01
10179           	5.24594631e-02	5.24992134e-02	1.60863823e+00	8.56778577e-01	7.51859651e-01
10180           	5.24560988e-02	5.24983670e-02	1.60863271e+00	8.56772456e-01	7.51860259e-01
10181           	5.24522844e-02	5.24972108e-02	1.60862650e+00	8.56765534e-01	7.51860965e-01
10182           	5.24477759e-02	5.24955770e-02	1.60861889e+00	8.56757221e-01	7.51861670e-01
10183           	5.24424747e-02	5.24932832e-02	1.60860952e+00	8.56747235e-01	7.51862285e-01
10184           	5.24366037e-02	5.24905312e-02	1.60859883e+00	8.56736019e-01	7.51862811e-01
10185           	5.24301672e-02	5.24873523e-02	1.60858716e+00	8.56723745e-01	7.51863411e-01
10186           	5.24232342e-02	5.24837987e-02	1.60857448e+00	8.56710473e-01	7.51864005e-01
10187           	5.24159507e-02	5.24799143e-02	1.60856090e+00	8.56696400e-01	7.51864499e-01
10188           	5.24081100e-02	5.24755672e-02	1.60854625e+00	8.56681237e-01	7.51865017e-01
10189           	5.23999327e-02	5.24709424e-02	1.60853088e+00	8.56665372e-01	7.51865506e-01
10190           	5.23916292e-02	5.24661238e-02	1.60851501e+00	8.56649134e-01	7.51865875e-01
10191           	5.23832097e-02	5.24611181e-02	1.60849874e+00	8.56632577e-01	7.51866158e-01
10192           	5.23742114e-02	5.24556176e-02	1.60848138e+00	8.56614899e-01	7.51866476e-01
10193           	5.23652384e-02	5.24501235e-02	1.60846408e+00	8.56597278e-01	7.51866801e-01
10194           	5.23563369e-02	5.24445748e-02	1.60844681e+00	8.56579744e-01	7.51867070e-01
10195           	5.23475165e-02	5.24389851e-02	1.60842965e+00	8.56562341e-01	7.51867308e-01
10196           	5.23382595e-02	5.24330273e-02	1.60841169e+00	8.56544103e-01	7.51867584e-01
10197           	5.23292295e-02	5.24272068e-02	1.60839424e+00	8.56526351e-01	7.51867892e-01
10198           	5.23204234e-02	5.24214450e-02	1.60837719e+00	8.56509016e-01	7.51868169e-01
10199           	5.23119248e-02	5.24158326e-02	1.60836070e+00	8.56492274e-01	7.51868424e-01
10200           	5.23036255e-02	5.24102944e-02	1.60834462e+00	8.56475936e-01	7.51868685e-01
10201           	5.22948173e-02	5.24043015e-02	1.60832759e+00	8.56458612e-01	7.51868978e-01
10202           	5.22865223e-02	5.23986400e-02	1.60831164e+00	8.56442340e-01	7.51869296e-01
10203           	5.22785487e-02	5.23931193e-02	1.60829629e+00	8.56426692e-01	7.51869595e-01
10204           	5.22708783e-02	5.23877260e-02	1.60828151e+00	8.56411635e-01	7.51869878e-01
10205           	5.22635283e-02	5.23824896e-02	1.60826736e+00	8.56397207e-01	7.51870150e-01
10206           	5.22563968e-02	5.23773308e-02	1.60825364e+00	8.56383219e-01	7.51870425e-01
10207           	5.22488106e-02	5.23717198e-02	1.60823897e+00	8.56368296e-01	7.51870675e-01
10208           	5.22418455e-02	5.23665107e-02	1.60822560e+00	8.56354644e-01	7.51870953e-01
10209           	5.22352218e-02	5.23614591e-02	1.60821287e+00	8.56341656e-01	7.51871213e-01
10210           	5.22289373e-02	5.23565673e-02	1.60820080e+00	8.56329335e-01	7.51871460e-01
10211           	5.22229508e-02	5.23518094e-02	1.60818931e+00	8.56317604e-01	7.51871703e-01
10212           	5.22172832e-02	5.23472073e-02	1.60817844e+00	8.56306503e-01	7.51871936e-01
10213           	5.22118707e-02	5.23427121e-02	1.60816808e+00	8.56295911e-01	7.51872170e-01
10214           	5.22066653e-02	5.23382840e-02	1.60815814e+00	8.56285734e-01	7.51872403e-01
10215           	5.22016899e-02	5.23339436e-02	1.60814863e+00	8.56276006e-01	7.51872626e-01
10216           	5.21963937e-02	5.23292356e-02	1.60813827e+00	8.56265531e-01	7.51872743e-01
10217           	5.21916473e-02	5.23249207e-02	1.60812917e+00	8.56256230e-01	7.51872936e-01
10218           	5.21872438e-02	5.23207938e-02	1.60812071e+00	8.56247597e-01	7.51873109e-01
10219           	5.21832220e-02	5.23168875e-02	1.60811295e+00	8.56239697e-01	7.51873253e-01
10220           	5.21795177e-02	5.23131574e-02	1.60810577e+00	8.56232405e-01	7.51873370e-01
10221           	5.21760907e-02	5.23095727e-02	1.60809910e+00	8.56225642e-01	7.51873460e-01
10222           	5.21729483e-02	5.23061346e-02	1.60809293e+00	8.56219412e-01	7.51873515e-01
10223           	5.21696295e-02	5.23024322e-02	1.60808602e+00	8.56212639e-01	7.51873380e-01
10224           	5.21667895e-02	5.22990936e-02	1.60808023e+00	8.56206906e-01	7.51873327e-01
10225           	5.21643467e-02	5.22959945e-02	1.60807518e+00	8.56201937e-01	7.51873243e-01
10226           	5.21623129e-02	5.22931469e-02	1.60807087e+00	8.56197750e-01	7.51873124e-01
10227           	5.21606783e-02	5.22905579e-02	1.60806730e+00	8.56194328e-01	7.51872971e-01
10228           	5.21590758e-02	5.22878881e-02	1.60806331e+00	8.56190732e-01	7.51872580e-01
10229           	5.21579242e-02	5.22855988e-02	1.60806038e+00	8.56188112e-01	7.51872264e-01
10230           	5.21572604e-02	5.22836612e-02	1.60805839e+00	8.56186457e-01	7.51871936e-01
10231           	5.21571007e-02	5.22820971e-02	1.60805741e+00	8.56185803e-01	7.51871602e-01
10232           	5.21570642e-02	5.22805356e-02	1.60805620e+00	8.56185164e-01	7.51871035e-01
10233           	5.21574777e-02	5.22793771e-02	1.60805608e+00	8.56185518e-01	7.51870563e-01
10234           	5.21584438e-02	5.22786368e-02	1.60805708e+00	8.56186985e-01	7.51870098e-01
10235           	5.21597756e-02	5.22781049e-02	1.60805838e+00	8.56188965e-01	7.51869414e-01
10236           	5.21615838e-02	5.22779993e-02	1.60806082e+00	8.56191995e-01	7.51868827e-01
10237           	5.21639720e-02	5.22783369e-02	1.60806449e+00	8.56196216e-01	7.51868272e-01
10238           	5.21669431e-02	5.22791298e-02	1.60806935e+00	8.56201618e-01	7.51867732e-01
10239           	5.21702086e-02	5.22800607e-02	1.60807435e+00	8.56207382e-01	7.51866965e-01
10240           	5.21738727e-02	5.22813773e-02	1.60808032e+00	8.56214033e-01	7.51866288e-01
10241           	5.21780424e-02	5.22831038e-02	1.60808734e+00	8.56221713e-01	7.51865628e-01
10242           	5.21826844e-02	5.22851330e-02	1.60809490e+00	8.56230132e-01	7.51864763e-01
10243           	5.21876581e-02	5.22875058e-02	1.60810330e+00	8.56239310e-01	7.51863994e-01
10244           	5.21930778e-02	5.22902566e-02	1.60811272e+00	8.56249436e-01	7.51863281e-01
10245           	5.21990612e-02	5.22933835e-02	1.60812292e+00	8.56260519e-01	7.51862397e-01
10246           	5.22053984e-02	5.22968786e-02	1.60813402e+00	8.56272409e-01	7.51861612e-01
10247           	5.22122848e-02	5.23007505e-02	1.60814601e+00	8.56285292e-01	7.51860722e-01
10248           	5.22202087e-02	5.23053533e-02	1.60815946e+00	8.56299938e-01	7.51859520e-01
10249           	5.22281947e-02	5.23102344e-02	1.60817393e+00	8.56315162e-01	7.51858773e-01
10250           	5.22362061e-02	5.23152601e-02	1.60818890e+00	8.56330656e-01	7.51858244e-01
10251           	5.22446787e-02	5.23207136e-02	1.60820484e+00	8.56347101e-01	7.51857743e-01
10252           	5.22539338e-02	5.23267319e-02	1.60822215e+00	8.56365007e-01	7.51857139e-01
10253           	5.22628758e-02	5.23327250e-02	1.60823922e+00	8.56382486e-01	7.51856734e-01
10254           	5.22721802e-02	5.23389271e-02	1.60825683e+00	8.56400595e-01	7.51856234e-01
10255           	5.22821716e-02	5.23456230e-02	1.60827562e+00	8.56419980e-01	7.51855636e-01
10256           	5.22917888e-02	5.23521947e-02	1.60829384e+00	8.56438707e-01	7.51855130e-01
10257           	5.23019684e-02	5.23592886e-02	1.60831318e+00	8.56458560e-01	7.51854623e-01
10258           	5.23128074e-02	5.23668540e-02	1.60833372e+00	8.56479670e-01	7.51854055e-01
10259           	5.23233594e-02	5.23743325e-02	1.60835380e+00	8.56500260e-01	7.51853541e-01
10260           	5.23340264e-02	5.23820017e-02	1.60837420e+00	8.56521127e-01	7.51853074e-01
10261           	5.23445128e-02	5.23897523e-02	1.60839455e+00	8.56541789e-01	7.51852763e-01
10262           	5.23574616e-02	5.23991849e-02	1.60842009e+00	8.56567506e-01	7.51852583e-01
10263           	5.23674924e-02	5.24068431e-02	1.60843999e+00	8.56587488e-01	7.51852503e-01
10264           	5.23767964e-02	5.24140767e-02	1.60845854e+00	8.56606068e-01	7.51852475e-01
10265           	5.23854966e-02	5.24209426e-02	1.60847590e+00	8.56623446e-01	7.51852453e-01
10266           	5.23940295e-02	5.24277937e-02	1.60849308e+00	8.56640568e-01	7.51852509e-01
10267           	5.24041181e-02	5.24357225e-02	1.60851373e+00	8.56660985e-01	7.51852749e-01
10268           	5.24115803e-02	5.24419205e-02	1.60852878e+00	8.56675970e-01	7.51852810e-01
10269           	5.24192698e-02	5.24482174e-02	1.60854430e+00	8.56691421e-01	7.51852881e-01
10270           	5.24270893e-02	5.24546857e-02	1.60856021e+00	8.56707192e-01	7.51853014e-01
10271           	5.24347212e-02	5.24610226e-02	1.60857586e+00	8.56722651e-01	7.51853208e-01
10272           	5.24443629e-02	5.24689146e-02	1.60859653e+00	8.56742629e-01	7.51853903e-01
10273           	5.24510862e-02	5.24749305e-02	1.60861101e+00	8.56756590e-01	7.51854417e-01
10274           	5.24558748e-02	5.24796471e-02	1.60862138e+00	8.56766563e-01	7.51854813e-01
10275           	5.24597350e-02	5.24837684e-02	1.60862988e+00	8.56774676e-01	7.51855206e-01
10276           	5.24636194e-02	5.24878940e-02	1.60863867e+00	8.56782952e-01	7.51855713e-01
10277           	5.24669359e-02	5.24917390e-02	1.60864649e+00	8.56790179e-01	7.51856307e-01
10278           	5.24693102e-02	5.24949265e-02	1.60865241e+00	8.56795513e-01	7.51856893e-01
10279           	5.24715695e-02	5.24980620e-02	1.60865836e+00	8.56800749e-01	7.51857610e-01
10280           	5.24730941e-02	5.25007963e-02	1.60866298e+00	8.56804583e-01	7.51858395e-01
10281           	5.24734257e-02	5.25026659e-02	1.60866509e+00	8.56805969e-01	7.51859118e-01
10282           	5.24732497e-02	5.25041610e-02	1.60866639e+00	8.56806447e-01	7.51859948e-01
10283           	5.24722266e-02	5.25051482e-02	1.60866605e+00	8.56805254e-01	7.51860801e-01
10284           	5.24700159e-02	5.25052345e-02	1.60866314e+00	8.56801587e-01	7.51861555e-01
10285           	5.24671116e-02	5.25047866e-02	1.60865901e+00	8.56796614e-01	7.51862391e-01
10286           	5.24634289e-02	5.25038418e-02	1.60865331e+00	8.56790084e-01	7.51863227e-01
10287           	5.24587590e-02	5.25021035e-02	1.60864537e+00	8.56781446e-01	7.51863928e-01
10288           	5.24532512e-02	5.24996691e-02	1.60863553e+00	8.56771014e-01	7.51864512e-01
10289           	5.24472197e-02	5.24968443e-02	1.60862472e+00	8.56759578e-01	7.51865139e-01
10290           	5.24406597e-02	5.24936626e-02	1.60861284e+00	8.56747078e-01	7.51865759e-01
10291           	5.24335460e-02	5.24899726e-02	1.60859960e+00	8.56733347e-01	7.51866255e-01
10292           	5.24259502e-02	5.24858934e-02	1.60858540e+00	8.56718651e-01	7.51866750e-01
10293           	5.24180102e-02	5.24815765e-02	1.60857048e+00	8.56703251e-01	7.51867230e-01
10294           	5.24097673e-02	5.24769057e-02	1.60855470e+00	8.56687118e-01	7.51867583e-01
10295           	5.24014077e-02	5.24720656e-02	1.60853850e+00	8.56670659e-01	7.51867844e-01
10296           	5.23925362e-02	5.24667899e-02	1.60852137e+00	8.56653222e-01	7.51868149e-01
10297           	5.23835253e-02	5.24613977e-02	1.60850407e+00	8.56635558e-01	7.51868508e-01
10298           	5.23744405e-02	5.24558296e-02	1.60848654e+00	8.56617712e-01	7.51868831e-01
10299           	5.23654255e-02	5.24502426e-02	1.60846911e+00	8.56599982e-01	7.51869131e-01
10300           	5.23558962e-02	5.24442312e-02	1.60845079e+00	8.56581293e-01	7.51869500e-01
10301           	5.23464590e-02	5.24382765e-02	1.60843276e+00	8.56562837e-01	7.51869919e-01
10302           	5.23372653e-02	5.24324249e-02	1.60841511e+00	8.56544818e-01	7.51870287e-01
10303           	5.23282845e-02	5.24266510e-02	1.60839780e+00	8.56527186e-01	7.51870617e-01
10304           	5.23188243e-02	5.24204489e-02	1.60837956e+00	8.56508604e-01	7.51870956e-01
10305           	5.23097662e-02	5.24145105e-02	1.60836211e+00	8.56490823e-01	7.51871291e-01
10306           	5.23010566e-02	5.24087182e-02	1.60834524e+00	8.56473679e-01	7.51871565e-01
10307           	5.22926605e-02	5.24030460e-02	1.60832892e+00	8.56457120e-01	7.51871799e-01
10308           	5.22845791e-02	5.23975167e-02	1.60831318e+00	8.56441167e-01	7.51872009e-01
10309           	5.22760938e-02	5.23915802e-02	1.60829659e+00	8.56424391e-01	7.51872203e-01
10310           	5.22681316e-02	5.23859566e-02	1.60828113e+00	8.56408698e-01	7.51872435e-01
10311           	5.22605045e-02	5.23804647e-02	1.60826631e+00	8.56393661e-01	7.51872652e-01
10312           	5.22532676e-02	5.23751679e-02	1.60825225e+00	8.56379393e-01	7.51872858e-01
10313           	5.22463277e-02	5.23700057e-02	1.60823881e+00	8.56365731e-01	7.51873076e-01
10314           	5.22396436e-02	5.23649493e-02	1.60822592e+00	8.56352603e-01	7.51873315e-01
10315           	5.22326318e-02	5.23595346e-02	1.60821231e+00	8.56338785e-01	7.51873521e-01
10316           	5.22262659e-02	5.23545640e-02	1.60820012e+00	8.56326324e-01	7.51873792e-01
10317           	5.22202734e-02	5.23497920e-02	1.60818867e+00	8.56314608e-01	7.51874062e-01
10318           	5.22146318e-02	5.23452049e-02	1.60817793e+00	8.56303597e-01	7.51874333e-01
10319           	5.22093324e-02	5.23407988e-02	1.60816786e+00	8.56293263e-01	7.51874598e-01
10320           	5.22042920e-02	5.23365089e-02	1.60815831e+00	8.56283448e-01	7.51874864e-01
10321           	5.21994872e-02	5.23323130e-02	1.60814924e+00	8.56274107e-01	7.51875132e-01
10322           	5.21944548e-02	5.23278169e-02	1.60813950e+00	8.56264204e-01	7.51875295e-01
10323           	5.21899668e-02	5.23236983e-02	1.60813097e+00	8.56255450e-01	7.51875517e-01
10324           	5.21858124e-02	5.23197464e-02	1.60812305e+00	8.56247336e-01	7.51875712e-01
10325           	5.21819699e-02	5.23159502e-02	1.60811570e+00	8.56239818e-01	7.51875878e-01
10326           	5.21784107e-02	5.23122930e-02	1.60810885e+00	8.56232835e-01	7.51876013e-01
10327           	5.21751434e-02	5.23087842e-02	1.60810250e+00	8.56226395e-01	7.51876108e-01
10328           	5.21717087e-02	5.23050194e-02	1.60809543e+00	8.56219425e-01	7.51876007e-01
10329           	5.21687207e-02	5.23015933e-02	1.60808940e+00	8.56213419e-01	7.51875977e-01
10330           	5.21661355e-02	5.22984040e-02	1.60808410e+00	8.56208184e-01	7.51875913e-01
10331           	5.21639667e-02	5.22954624e-02	1.60807956e+00	8.56203746e-01	7.51875812e-01
10332           	5.21621876e-02	5.22927611e-02	1.60807574e+00	8.56200057e-01	7.51875682e-01
10333           	5.21604207e-02	5.22899512e-02	1.60807148e+00	8.56196163e-01	7.51875321e-01
10334           	5.21590987e-02	5.22875109e-02	1.60806828e+00	8.56193239e-01	7.51875041e-01
10335           	5.21582459e-02	5.22854022e-02	1.60806601e+00	8.56191249e-01	7.51874757e-01
10336           	5.21578817e-02	5.22836536e-02	1.60806471e+00	8.56190236e-01	7.51874473e-01
10337           	5.21576853e-02	5.22819541e-02	1.60806330e+00	8.56189333e-01	7.51873963e-01
10338           	5.21579239e-02	5.22806460e-02	1.60806294e+00	8.56189395e-01	7.51873547e-01
10339           	5.21586790e-02	5.22797230e-02	1.60806362e+00	8.56190491e-01	7.51873133e-01
10340           	5.21597530e-02	5.22789686e-02	1.60806450e+00	8.56192005e-01	7.51872498e-01
10341           	5.21613133e-02	5.22786462e-02	1.60806655e+00	8.56194587e-01	7.51871960e-01
10342           	5.21634455e-02	5.22787557e-02	1.60806979e+00	8.56198339e-01	7.51871448e-01
10343           	5.21659848e-02	5.22791029e-02	1.60807342e+00	8.56202693e-01	7.51870724e-01
10344           	5.21690893e-02	5.22799654e-02	1.60807836e+00	8.56208269e-01	7.51870091e-01
10345           	5.21726914e-02	5.22812077e-02	1.60808438e+00	8.56214880e-01	7.51869497e-01
10346           	5.21766713e-02	5.22826618e-02	1.60809075e+00	8.56222047e-01	7.51868704e-01
10347           	5.21811193e-02	5.22845644e-02	1.60809823e+00	8.56230234e-01	7.51867996e-01
10348           	5.21861179e-02	5.22869223e-02	1.60810691e+00	8.56239572e-01	7.51867336e-01
10349           	5.21914671e-02	5.22894706e-02	1.60811593e+00	8.56249432e-01	7.51866498e-01
10350           	5.21972085e-02	5.22924148e-02	1.60812590e+00	8.56260160e-01	7.51865743e-01
10351           	5.22035066e-02	5.22957435e-02	1.60813674e+00	8.56271874e-01	7.51864861e-01
10352           	5.22107120e-02	5.22996778e-02	1.60814858e+00	8.56285003e-01	7.51863579e-01
10353           	5.22182951e-02	5.23040091e-02	1.60816177e+00	8.56299179e-01	7.51862589e-01
10354           	5.22262761e-02	5.23087649e-02	1.60817626e+00	8.56314407e-01	7.51861855e-01
10355           	5.22344779e-02	5.23139172e-02	1.60819184e+00	8.56330400e-01	7.51861444e-01
10356           	5.22429953e-02	5.23193891e-02	1.60820804e+00	8.56347014e-01	7.51861023e-01
10357           	5.22515596e-02	5.23249713e-02	1.60822444e+00	8.56363782e-01	7.51860663e-01
10358           	5.22604348e-02	5.23307620e-02	1.60824132e+00	8.56381096e-01	7.51860227e-01
10359           	5.22693412e-02	5.23366160e-02	1.60825825e+00	8.56398465e-01	7.51859783e-01
10360           	5.22787745e-02	5.23429304e-02	1.60827617e+00	8.56416861e-01	7.51859312e-01
10361           	5.22892529e-02	5.23498887e-02	1.60829575e+00	8.56437127e-01	7.51858622e-01
10362           	5.22992530e-02	5.23566582e-02	1.60831456e+00	8.56456534e-01	7.51858028e-01
10363           	5.23094943e-02	5.23636814e-02	1.60833382e+00	8.56476403e-01	7.51857414e-01
10364           	5.23198567e-02	5.23709861e-02	1.60835349e+00	8.56496603e-01	7.51856889e-01
10365           	5.23315623e-02	5.23792247e-02	1.60837578e+00	8.56519452e-01	7.51856327e-01
10366           	5.23414394e-02	5.23864898e-02	1.60839482e+00	8.56538851e-01	7.51855972e-01
10367           	5.23516924e-02	5.23940331e-02	1.60841465e+00	8.56559017e-01	7.51855632e-01
10368           	5.23621993e-02	5.24018997e-02	1.60843515e+00	8.56579773e-01	7.51855374e-01
10369           	5.23726636e-02	5.24097518e-02	1.60845571e+00	8.56600519e-01	7.51855192e-01
10370           	5.23844376e-02	5.24185266e-02	1.60847925e+00	8.56624063e-01	7.51855188e-01
10371           	5.23944485e-02	5.24262138e-02	1.60849945e+00	8.56644173e-01	7.51855276e-01
10372           	5.24029623e-02	5.24329814e-02	1.60851670e+00	8.56661310e-01	7.51855385e-01
10373           	5.24113622e-02	5.24398107e-02	1.60853396e+00	8.56678340e-01	7.51855616e-01
10374           	5.24198798e-02	5.24467518e-02	1.60855155e+00	8.56695654e-01	7.51855894e-01
10375           	5.24278807e-02	5.24534362e-02	1.60856821e+00	8.56711985e-01	7.51856223e-01
10376           	5.24359831e-02	5.24602981e-02	1.60858538e+00	8.56728675e-01	7.51856709e-01
10377           	5.24421842e-02	5.24658402e-02	1.60859836e+00	8.56741363e-01	7.51856995e-01
10378           	5.24485914e-02	5.24714585e-02	1.60861184e+00	8.56754510e-01	7.51857328e-01
10379           	5.24545466e-02	5.24768715e-02	1.60862455e+00	8.56766822e-01	7.51857729e-01
10380           	5.24603338e-02	5.24821335e-02	1.60863711e+00	8.56778890e-01	7.51858222e-01
10381           	5.24674921e-02	5.24885350e-02	1.60865343e+00	8.56794208e-01	7.51859224e-01
10382           	5.24710518e-02	5.24923617e-02	1.60866157e+00	8.56801839e-01	7.51859736e-01
10383           	5.24731417e-02	5.24952563e-02	1.60866663e+00	8.56806456e-01	7.51860173e-01
10384           	5.24749294e-02	5.24981580e-02	1.60867157e+00	8.56810715e-01	7.51860857e-01
10385           	5.24758801e-02	5.25004507e-02	1.60867475e+00	8.56813254e-01	7.51861494e-01
10386           	5.24758265e-02	5.25020304e-02	1.60867582e+00	8.56813739e-01	7.51862086e-01
10387           	5.24755615e-02	5.25036260e-02	1.60867697e+00	8.56814047e-01	7.51862924e-01
10388           	5.24745769e-02	5.25046212e-02	1.60867661e+00	8.56812882e-01	7.51863728e-01
10389           	5.24725490e-02	5.25047776e-02	1.60867399e+00	8.56809542e-01	7.51864444e-01
10390           	5.24700984e-02	5.25047381e-02	1.60867092e+00	8.56805559e-01	7.51865362e-01
10391           	5.24668566e-02	5.25040315e-02	1.60866612e+00	8.56799916e-01	7.51866203e-01
10392           	5.24626378e-02	5.25025259e-02	1.60865911e+00	8.56792194e-01	7.51866919e-01
10393           	5.24577190e-02	5.25005723e-02	1.60865095e+00	8.56783195e-01	7.51867757e-01
10394           	5.24521230e-02	5.24980875e-02	1.60864120e+00	8.56772724e-01	7.51868478e-01
10395           	5.24457905e-02	5.24950252e-02	1.60862976e+00	8.56760670e-01	7.51869089e-01
10396           	5.24387929e-02	5.24914132e-02	1.60861675e+00	8.56747167e-01	7.51869582e-01
10397           	5.24313546e-02	5.24874478e-02	1.60860264e+00	8.56732675e-01	7.51869965e-01
10398           	5.24233423e-02	5.24831564e-02	1.60858763e+00	8.56717157e-01	7.51870473e-01
10399           	5.24150036e-02	5.24785264e-02	1.60857178e+00	8.56700894e-01	7.51870886e-01
10400           	5.24064265e-02	5.24736731e-02	1.60855535e+00	8.56684103e-01	7.51871250e-01
10401           	5.23976133e-02	5.24685622e-02	1.60853838e+00	8.56666801e-01	7.51871575e-01
10402           	5.23885800e-02	5.24631858e-02	1.60852091e+00	8.56649034e-01	7.51871874e-01
10403           	5.23790036e-02	5.24574448e-02	1.60850260e+00	8.56630304e-01	7.51872297e-01
10404           	5.23696202e-02	5.24516967e-02	1.60848449e+00	8.56611867e-01	7.51872627e-01
10405           	5.23601769e-02	5.24457997e-02	1.60846622e+00	8.56593289e-01	7.51872935e-01
10406           	5.23508273e-02	5.24398926e-02	1.60844808e+00	8.56574869e-01	7.51873214e-01
10407           	5.23409831e-02	5.24335712e-02	1.60842903e+00	8.56555500e-01	7.51873534e-01
10408           	5.23315040e-02	5.24274038e-02	1.60841061e+00	8.56536808e-01	7.51873800e-01
10409           	5.23223001e-02	5.24213508e-02	1.60839262e+00	8.56518613e-01	7.51874012e-01
10410           	5.23134411e-02	5.24154638e-02	1.60837526e+00	8.56501070e-01	7.51874187e-01
10411           	5.23049025e-02	5.24097440e-02	1.60835853e+00	8.56484167e-01	7.51874362e-01
10412           	5.22961299e-02	5.24039137e-02	1.60834155e+00	8.56466904e-01	7.51874644e-01
10413           	5.22876551e-02	5.23981989e-02	1.60832510e+00	8.56450205e-01	7.51874895e-01
10414           	5.22795386e-02	5.23926531e-02	1.60830936e+00	8.56434218e-01	7.51875141e-01
10415           	5.22717609e-02	5.23872555e-02	1.60829431e+00	8.56418918e-01	7.51875396e-01
10416           	5.22643115e-02	5.23820120e-02	1.60827996e+00	8.56404290e-01	7.51875667e-01
10417           	5.22570716e-02	5.23768332e-02	1.60826607e+00	8.56390107e-01	7.51875964e-01
10418           	5.22494501e-02	5.23713595e-02	1.60825156e+00	8.56375231e-01	7.51876331e-01
10419           	5.22423216e-02	5.23660931e-02	1.60823788e+00	8.56361262e-01	7.51876618e-01
10420           	5.22355520e-02	5.23609890e-02	1.60822488e+00	8.56347991e-01	7.51876887e-01
10421           	5.22291290e-02	5.23560337e-02	1.60821254e+00	8.56335400e-01	7.51877142e-01
10422           	5.22230081e-02	5.23511958e-02	1.60820079e+00	8.56323402e-01	7.51877386e-01
10423           	5.22172053e-02	5.23465001e-02	1.60818964e+00	8.56312024e-01	7.51877613e-01
10424           	5.22116575e-02	5.23419092e-02	1.60817898e+00	8.56301145e-01	7.51877830e-01
10425           	5.22063401e-02	5.23374122e-02	1.60816876e+00	8.56290719e-01	7.51878039e-01
10426           	5.22008498e-02	5.23327685e-02	1.60815812e+00	8.56279909e-01	7.51878209e-01
10427           	5.21959117e-02	5.23284262e-02	1.60814850e+00	8.56270163e-01	7.51878339e-01
10428           	5.21913576e-02	5.23242949e-02	1.60813965e+00	8.56261181e-01	7.51878466e-01
10429           	5.21871790e-02	5.23203593e-02	1.60813155e+00	8.56252953e-01	7.51878595e-01
10430           	5.21833447e-02	5.23165957e-02	1.60812413e+00	8.56245410e-01	7.51878721e-01
10431           	5.21797860e-02	5.23129604e-02	1.60811726e+00	8.56238417e-01	7.51878845e-01
10432           	5.21764903e-02	5.23094553e-02	1.60811091e+00	8.56231947e-01	7.51878966e-01
10433           	5.21730532e-02	5.23058121e-02	1.60810409e+00	8.56225099e-01	7.51878993e-01
10434           	5.21700247e-02	5.23023891e-02	1.60809804e+00	8.56219043e-01	7.51878994e-01
10435           	5.21673547e-02	5.22991785e-02	1.60809265e+00	8.56213682e-01	7.51878972e-01
10436           	5.21650819e-02	5.22962057e-02	1.60808802e+00	8.56209091e-01	7.51878928e-01
10437           	5.21631880e-02	5.22934534e-02	1.60808407e+00	8.56205224e-01	7.51878848e-01
10438           	5.21612969e-02	5.22906689e-02	1.60807983e+00	8.56201212e-01	7.51878618e-01
10439           	5.21598669e-02	5.22881617e-02	1.60807644e+00	8.56198086e-01	7.51878352e-01
10440           	5.21589038e-02	5.22859759e-02	1.60807394e+00	8.56195876e-01	7.51878068e-01
10441           	5.21584009e-02	5.22841201e-02	1.60807236e+00	8.56194581e-01	7.51877779e-01
10442           	5.21580446e-02	5.22823820e-02	1.60807078e+00	8.56193434e-01	7.51877345e-01
10443           	5.21581614e-02	5.22809615e-02	1.60807011e+00	8.56193216e-01	7.51876893e-01
10444           	5.21587718e-02	5.22799010e-02	1.60807043e+00	8.56193985e-01	7.51876442e-01
10445           	5.21598976e-02	5.22792272e-02	1.60807179e+00	8.56195791e-01	7.51875996e-01
10446           	5.21613257e-02	5.22788042e-02	1.60807345e+00	8.56198052e-01	7.51875401e-01
10447           	5.21631512e-02	5.22786365e-02	1.60807589e+00	8.56201094e-01	7.51874792e-01
10448           	5.21655043e-02	5.22788763e-02	1.60807940e+00	8.56205206e-01	7.51874197e-01
10449           	5.21682554e-02	5.22794494e-02	1.60808346e+00	8.56209986e-01	7.51873475e-01
10450           	5.21715463e-02	5.22804128e-02	1.60808861e+00	8.56215850e-01	7.51872758e-01
10451           	5.21753314e-02	5.22817590e-02	1.60809482e+00	8.56222741e-01	7.51872079e-01
10452           	5.21795233e-02	5.22834422e-02	1.60810165e+00	8.56230348e-01	7.51871301e-01
10453           	5.21841850e-02	5.22854681e-02	1.60810944e+00	8.56238903e-01	7.51870533e-01
10454           	5.21892528e-02	5.22878308e-02	1.60811816e+00	8.56248333e-01	7.51869828e-01
10455           	5.21947783e-02	5.22905821e-02	1.60812765e+00	8.56258601e-01	7.51869045e-01
10456           	5.22007802e-02	5.22936957e-02	1.60813808e+00	8.56269819e-01	7.51868259e-01
10457           	5.22074446e-02	5.22973793e-02	1.60814974e+00	8.56282314e-01	7.51867425e-01
10458           	5.22148672e-02	5.23014828e-02	1.60816210e+00	8.56295916e-01	7.51866182e-01
10459           	5.22224448e-02	5.23059343e-02	1.60817574e+00	8.56310314e-01	7.51865424e-01
10460           	5.22304259e-02	5.23107739e-02	1.60819043e+00	8.56325643e-01	7.51864791e-01
10461           	5.22387037e-02	5.23159367e-02	1.60820596e+00	8.56341683e-01	7.51864276e-01
10462           	5.22472954e-02	5.23214230e-02	1.60822221e+00	8.56358399e-01	7.51863809e-01
10463           	5.22565968e-02	5.23273856e-02	1.60823957e+00	8.56376382e-01	7.51863189e-01
10464           	5.22654947e-02	5.23332736e-02	1.60825651e+00	8.56393752e-01	7.51862762e-01
10465           	5.22747015e-02	5.23393225e-02	1.60827385e+00	8.56411627e-01	7.51862224e-01
10466           	5.22846713e-02	5.23459112e-02	1.60829244e+00	8.56430893e-01	7.51861550e-01
10467           	5.22946093e-02	5.23526496e-02	1.60831120e+00	8.56450211e-01	7.51860992e-01
10468           	5.23048982e-02	5.23597666e-02	1.60833067e+00	8.56470233e-01	7.51860437e-01
10469           	5.23149610e-02	5.23667628e-02	1.60834975e+00	8.56489835e-01	7.51859913e-01
10470           	5.23271491e-02	5.23752087e-02	1.60837299e+00	8.56513642e-01	7.51859344e-01
10471           	5.23373134e-02	5.23825378e-02	1.60839257e+00	8.56533600e-01	7.51858973e-01
10472           	5.23475609e-02	5.23900873e-02	1.60841256e+00	8.56553840e-01	7.51858718e-01
10473           	5.23572516e-02	5.23974008e-02	1.60843159e+00	8.56573046e-01	7.51858542e-01
10474           	5.23667446e-02	5.24045645e-02	1.60845024e+00	8.56591864e-01	7.51858375e-01
10475           	5.23775207e-02	5.24126081e-02	1.60847159e+00	8.56613314e-01	7.51858273e-01
10476           	5.23868869e-02	5.24198108e-02	1.60849023e+00	8.56632002e-01	7.51858229e-01
10477           	5.23962893e-02	5.24271344e-02	1.60850907e+00	8.56650822e-01	7.51858244e-01
10478           	5.24048994e-02	5.24339050e-02	1.60852633e+00	8.56668066e-01	7.51858267e-01
10479           	5.24154326e-02	5.24420524e-02	1.60854807e+00	8.56689467e-01	7.51858602e-01
10480           	5.24226265e-02	5.24479907e-02	1.60856262e+00	8.56703938e-01	7.51858685e-01
10481           	5.24299454e-02	5.24541602e-02	1.60857777e+00	8.56718829e-01	7.51858938e-01
10482           	5.24371365e-02	5.24602656e-02	1.60859271e+00	8.56733491e-01	7.51859218e-01
10483           	5.24439119e-02	5.24662150e-02	1.60860707e+00	8.56747445e-01	7.51859622e-01
10484           	5.24514151e-02	5.24728223e-02	1.60862350e+00	8.56763166e-01	7.51860335e-01
10485           	5.24561598e-02	5.24774945e-02	1.60863380e+00	8.56773062e-01	7.51860742e-01
10486           	5.24607993e-02	5.24820756e-02	1.60864408e+00	8.56782839e-01	7.51861240e-01
10487           	5.24648561e-02	5.24863416e-02	1.60865334e+00	8.56791529e-01	7.51861816e-01
10488           	5.24677041e-02	5.24897504e-02	1.60866009e+00	8.56797748e-01	7.51862340e-01
10489           	5.24703693e-02	5.24930169e-02	1.60866671e+00	8.56803727e-01	7.51862988e-01
10490           	5.24723980e-02	5.24959656e-02	1.60867220e+00	8.56808498e-01	7.51863702e-01
10491           	5.24732094e-02	5.24980732e-02	1.60867514e+00	8.56810782e-01	7.51864363e-01
10492           	5.24735854e-02	5.24998950e-02	1.60867747e+00	8.56812320e-01	7.51865149e-01
10493           	5.24731786e-02	5.25012739e-02	1.60867828e+00	8.56812319e-01	7.51865961e-01
10494           	5.24715669e-02	5.25017803e-02	1.60867651e+00	8.56809822e-01	7.51866688e-01
10495           	5.24693110e-02	5.25018244e-02	1.60867366e+00	8.56806141e-01	7.51867519e-01
10496           	5.24662721e-02	5.25013628e-02	1.60866922e+00	8.56800881e-01	7.51868337e-01
10497           	5.24622095e-02	5.25001050e-02	1.60866251e+00	8.56793465e-01	7.51869046e-01
10498           	5.24574354e-02	5.24982950e-02	1.60865451e+00	8.56784690e-01	7.51869819e-01
10499           	5.24520194e-02	5.24960350e-02	1.60864513e+00	8.56774585e-01	7.51870546e-01
10500           	5.24458485e-02	5.24931454e-02	1.60863399e+00	8.56762844e-01	7.51871147e-01
10501           	5.24390217e-02	5.24896735e-02	1.60862128e+00	8.56749660e-01	7.51871617e-01
10502           	5.24317095e-02	5.24858290e-02	1.60860764e+00	8.56735531e-01	7.51872112e-01
10503           	5.24240140e-02	5.24816949e-02	1.60859320e+00	8.56720613e-01	7.51872585e-01
10504           	5.24159444e-02	5.24771845e-02	1.60857781e+00	8.56704848e-01	7.51872959e-01
10505           	5.24074386e-02	5.24723200e-02	1.60856157e+00	8.56688226e-01	7.51873348e-01
10506           	5.23986842e-02	5.24672553e-02	1.60854482e+00	8.56671095e-01	7.51873726e-01
10507           	5.23897207e-02	5.24619450e-02	1.60852753e+00	8.56653485e-01	7.51874044e-01
10508           	5.23807537e-02	5.24565652e-02	1.60851010e+00	8.56635804e-01	7.51874296e-01
10509           	5.23717928e-02	5.24511074e-02	1.60849261e+00	8.56618096e-01	7.51874510e-01
10510           	5.23623390e-02	5.24452267e-02	1.60847425e+00	8.56599467e-01	7.51874788e-01
10511           	5.23529989e-02	5.24394247e-02	1.60845622e+00	8.56581107e-01	7.51875109e-01
10512           	5.23437744e-02	5.24336261e-02	1.60843838e+00	8.56562963e-01	7.51875414e-01
10513           	5.23347082e-02	5.24278475e-02	1.60842082e+00	8.56545117e-01	7.51875700e-01
10514           	5.23252869e-02	5.24217533e-02	1.60840260e+00	8.56526586e-01	7.51876012e-01
10515           	5.23160636e-02	5.24157770e-02	1.60838482e+00	8.56508473e-01	7.51876346e-01
10516           	5.23071261e-02	5.24099014e-02	1.60836752e+00	8.56490887e-01	7.51876635e-01
10517           	5.22985920e-02	5.24042267e-02	1.60835093e+00	8.56474059e-01	7.51876875e-01
10518           	5.22903551e-02	5.23986748e-02	1.60833490e+00	8.56457806e-01	7.51877096e-01
10519           	5.22817223e-02	5.23927293e-02	1.60831806e+00	8.56440752e-01	7.51877308e-01
10520           	5.22735642e-02	5.23870869e-02	1.60830221e+00	8.56424671e-01	7.51877542e-01
10521           	5.22657782e-02	5.23816135e-02	1.60828707e+00	8.56409313e-01	7.51877757e-01
10522           	5.22583235e-02	5.23762815e-02	1.60827257e+00	8.56394610e-01	7.51877962e-01
10523           	5.22512130e-02	5.23711227e-02	1.60825876e+00	8.56380591e-01	7.51878165e-01
10524           	5.22437884e-02	5.23656332e-02	1.60824425e+00	8.56365911e-01	7.51878334e-01
10525           	5.22368917e-02	5.23604897e-02	1.60823091e+00	8.56352349e-01	7.51878566e-01
10526           	5.22304419e-02	5.23555906e-02	1.60821846e+00	8.56339671e-01	7.51878787e-01
10527           	5.22243789e-02	5.23508927e-02	1.60820678e+00	8.56327768e-01	7.51879010e-01
10528           	5.22186307e-02	5.23463427e-02	1.60819574e+00	8.56316503e-01	7.51879241e-01
10529           	5.22131367e-02	5.23418929e-02	1.60818523e+00	8.56305754e-01	7.51879481e-01
10530           	5.22079190e-02	5.23375624e-02	1.60817527e+00	8.56295555e-01	7.51879717e-01
10531           	5.22024476e-02	5.23329217e-02	1.60816462e+00	8.56284756e-01	7.51879861e-01
10532           	5.21975127e-02	5.23286490e-02	1.60815518e+00	8.56275104e-01	7.51880079e-01
10533           	5.21929809e-02	5.23245969e-02	1.60814652e+00	8.56266239e-01	7.51880277e-01
10534           	5.21887995e-02	5.23207304e-02	1.60813852e+00	8.56258061e-01	7.51880462e-01
10535           	5.21848952e-02	5.23169974e-02	1.60813105e+00	8.56250421e-01	7.51880631e-01
10536           	5.21812455e-02	5.23133809e-02	1.60812404e+00	8.56243265e-01	7.51880774e-01
10537           	5.21773724e-02	5.23094720e-02	1.60811625e+00	8.56235500e-01	7.51880755e-01
10538           	5.21739217e-02	5.23058714e-02	1.60810946e+00	8.56228653e-01	7.51880809e-01
10539           	5.21708526e-02	5.23024851e-02	1.60810338e+00	8.56222541e-01	7.51880836e-01
10540           	5.21681884e-02	5.22993303e-02	1.60809803e+00	8.56217203e-01	7.51880827e-01
10541           	5.21658895e-02	5.22963857e-02	1.60809334e+00	8.56212562e-01	7.51880783e-01
10542           	5.21635586e-02	5.22932934e-02	1.60808816e+00	8.56207638e-01	7.51880521e-01
10543           	5.21616780e-02	5.22905533e-02	1.60808400e+00	8.56203680e-01	7.51880324e-01
10544           	5.21602540e-02	5.22881162e-02	1.60808072e+00	8.56200615e-01	7.51880107e-01
10545           	5.21593079e-02	5.22860111e-02	1.60807838e+00	8.56198497e-01	7.51879881e-01
10546           	5.21584070e-02	5.22838422e-02	1.60807568e+00	8.56196247e-01	7.51879433e-01
10547           	5.21579476e-02	5.22820607e-02	1.60807405e+00	8.56194973e-01	7.51879077e-01
10548           	5.21580059e-02	5.22806585e-02	1.60807345e+00	8.56194732e-01	7.51878720e-01
10549           	5.21585224e-02	5.22795847e-02	1.60807376e+00	8.56195403e-01	7.51878359e-01
10550           	5.21592016e-02	5.22785520e-02	1.60807394e+00	8.56196170e-01	7.51877767e-01
10551           	5.21603944e-02	5.22779795e-02	1.60807530e+00	8.56198046e-01	7.51877257e-01
10552           	5.21620840e-02	5.22777727e-02	1.60807766e+00	8.56200915e-01	7.51876747e-01
10553           	5.21640787e-02	5.22777229e-02	1.60808019e+00	8.56204174e-01	7.51876017e-01
10554           	5.21666231e-02	5.22781734e-02	1.60808399e+00	8.56208618e-01	7.51875372e-01
10555           	5.21698194e-02	5.22791365e-02	1.60808913e+00	8.56214387e-01	7.51874748e-01
10556           	5.21733527e-02	5.22802765e-02	1.60809455e+00	8.56220626e-01	7.51873921e-01
10557           	5.21773382e-02	5.22818418e-02	1.60810105e+00	8.56227862e-01	7.51873186e-01
10558           	5.21818823e-02	5.22838570e-02	1.60810877e+00	8.56236266e-01	7.51872501e-01
10559           	5.21867559e-02	5.22860422e-02	1.60811680e+00	8.56245155e-01	7.51871643e-01
10560           	5.21920345e-02	5.22886255e-02	1.60812583e+00	8.56254948e-01	7.51870879e-01
10561           	5.21978665e-02	5.22915865e-02	1.60813572e+00	8.56265726e-01	7.51869993e-01
10562           	5.22042851e-02	5.22948976e-02	1.60814601e+00	8.56277291e-01	7.51868721e-01
10563           	5.22110903e-02	5.22986867e-02	1.60815800e+00	8.56290091e-01	7.51867910e-01
10564           	5.22183587e-02	5.23029660e-02	1.60817128e+00	8.56304001e-01	7.51867284e-01
10565           	5.22259929e-02	5.23076693e-02	1.60818563e+00	8.56318809e-01	7.51866823e-01
10566           	5.22339638e-02	5.23125836e-02	1.60820053e+00	8.56334226e-01	7.51866299e-01
10567           	5.22425920e-02	5.23179514e-02	1.60821641e+00	8.56350799e-01	7.51865615e-01
10568           	5.22510272e-02	5.23233335e-02	1.60823227e+00	8.56367164e-01	7.51865110e-01
10569           	5.22598088e-02	5.23290232e-02	1.60824874e+00	8.56384181e-01	7.51864563e-01
10570           	5.22692704e-02	5.23351781e-02	1.60826628e+00	8.56402411e-01	7.51863870e-01
10571           	5.22787735e-02	5.23414762e-02	1.60828396e+00	8.56420754e-01	7.51863207e-01
10572           	5.22884708e-02	5.23479667e-02	1.60830200e+00	8.56439473e-01	7.51862532e-01
10573           	5.22981651e-02	5.23546280e-02	1.60832027e+00	8.56458300e-01	7.51861969e-01
10574           	5.23100809e-02	5.23627512e-02	1.60834262e+00	8.56481391e-01	7.51861229e-01
10575           	5.23204466e-02	5.23701172e-02	1.60836242e+00	8.56501654e-01	7.51860761e-01
10576           	5.23302067e-02	5.23771828e-02	1.60838121e+00	8.56520810e-01	7.51860397e-01
10577           	5.23396479e-02	5.23841201e-02	1.60839948e+00	8.56539387e-01	7.51860091e-01
10578           	5.23491683e-02	5.23912377e-02	1.60841808e+00	8.56558210e-01	7.51859873e-01
10579           	5.23600630e-02	5.23992868e-02	1.60843948e+00	8.56579805e-01	7.51859679e-01
10580           	5.23695288e-02	5.24064210e-02	1.60845804e+00	8.56598550e-01	7.51859493e-01
10581           	5.23789626e-02	5.24135402e-02	1.60847658e+00	8.56617253e-01	7.51859327e-01
10582           	5.23878375e-02	5.24204037e-02	1.60849421e+00	8.56634942e-01	7.51859267e-01
10583           	5.23990809e-02	5.24289239e-02	1.60851714e+00	8.56657650e-01	7.51859489e-01
10584           	5.24069285e-02	5.24352767e-02	1.60853291e+00	8.56673381e-01	7.51859524e-01
10585           	5.24145971e-02	5.24415221e-02	1.60854844e+00	8.56688815e-01	7.51859621e-01
10586           	5.24224134e-02	5.24479669e-02	1.60856445e+00	8.56704638e-01	7.51859811e-01
10587           	5.24298880e-02	5.24542248e-02	1.60857992e+00	8.56719846e-01	7.51860070e-01
10588           	5.24368616e-02	5.24602170e-02	1.60859447e+00	8.56734098e-01	7.51860375e-01
10589           	5.24433605e-02	5.24660238e-02	1.60860840e+00	8.56747560e-01	7.51860839e-01
10590           	5.24485251e-02	5.24708964e-02	1.60861935e+00	8.56758202e-01	7.51861151e-01
10591           	5.24534448e-02	5.24756699e-02	1.60863004e+00	8.56768463e-01	7.51861574e-01
10592           	5.24587131e-02	5.24808309e-02	1.60864199e+00	8.56779708e-01	7.51862282e-01
10593           	5.24625720e-02	5.24849719e-02	1.60865101e+00	8.56788076e-01	7.51862932e-01
10594           	5.24675083e-02	5.24900595e-02	1.60866329e+00	8.56799153e-01	7.51864136e-01
10595           	5.24690590e-02	5.24926302e-02	1.60866762e+00	8.56802869e-01	7.51864751e-01
10596           	5.24696295e-02	5.24945894e-02	1.60867014e+00	8.56804698e-01	7.51865439e-01
10597           	5.24694460e-02	5.24960118e-02	1.60867112e+00	8.56805005e-01	7.51866113e-01
10598           	5.24684986e-02	5.24969604e-02	1.60867063e+00	8.56803815e-01	7.51866818e-01
10599           	5.24666054e-02	5.24972112e-02	1.60866803e+00	8.56800623e-01	7.51867412e-01
10600           	5.24636737e-02	5.24966360e-02	1.60866305e+00	8.56795200e-01	7.51867852e-01
10601           	5.24604630e-02	5.24958588e-02	1.60865766e+00	8.56789294e-01	7.51868368e-01
10602           	5.24567555e-02	5.24947267e-02	1.60865127e+00	8.56782388e-01	7.51868877e-01
10603           	5.24523815e-02	5.24930482e-02	1.60864344e+00	8.56774103e-01	7.51869340e-01
10604           	5.24476896e-02	5.24911563e-02	1.60863521e+00	8.56765294e-01	7.51869915e-01
10605           	5.24424883e-02	5.24889164e-02	1.60862599e+00	8.56755485e-01	7.51870508e-01
10606           	5.24366320e-02	5.24861518e-02	1.60861539e+00	8.56744329e-01	7.51871065e-01
10607           	5.24302846e-02	5.24830119e-02	1.60860371e+00	8.56732137e-01	7.51871568e-01
10608           	5.24233829e-02	5.24794775e-02	1.60859113e+00	8.56718947e-01	7.51872181e-01
10609           	5.24159861e-02	5.24755804e-02	1.60857759e+00	8.56704779e-01	7.51872807e-01
10610           	5.24082268e-02	5.24713719e-02	1.60856318e+00	8.56689816e-01	7.51873363e-01
10611           	5.23998528e-02	5.24666806e-02	1.60854763e+00	8.56673669e-01	7.51873964e-01
10612           	5.23910672e-02	5.24616466e-02	1.60853119e+00	8.56656663e-01	7.51874529e-01
10613           	5.23821163e-02	5.24564001e-02	1.60851418e+00	8.56639206e-01	7.51874973e-01
10614           	5.23730825e-02	5.24509687e-02	1.60849675e+00	8.56621457e-01	7.51875292e-01
10615           	5.23636422e-02	5.24451754e-02	1.60847844e+00	8.56602865e-01	7.51875580e-01
10616           	5.23541790e-02	5.24393094e-02	1.60846001e+00	8.56584184e-01	7.51875826e-01
10617           	5.23448491e-02	5.24334015e-02	1.60844167e+00	8.56565682e-01	7.51875984e-01
10618           	5.23358341e-02	5.24276145e-02	1.60842381e+00	8.56547738e-01	7.51876070e-01
10619           	5.23264816e-02	5.24214892e-02	1.60840528e+00	8.56529124e-01	7.51876160e-01
10620           	5.23173097e-02	5.24154472e-02	1.60838719e+00	8.56510905e-01	7.51876286e-01
10621           	5.23085424e-02	5.24096207e-02	1.60836989e+00	8.56493487e-01	7.51876403e-01
10622           	5.23001461e-02	5.24039868e-02	1.60835336e+00	8.56476828e-01	7.51876536e-01
10623           	5.22920169e-02	5.23984777e-02	1.60833746e+00	8.56460746e-01	7.51876712e-01
10624           	5.22835663e-02	5.23926837e-02	1.60832100e+00	8.56444068e-01	7.51876936e-01
10625           	5.22755025e-02	5.23871525e-02	1.60830547e+00	8.56428238e-01	7.51877233e-01
10626           	5.22677593e-02	5.23817749e-02	1.60829061e+00	8.56413064e-01	7.51877545e-01
10627           	5.22603935e-02	5.23766023e-02	1.60827650e+00	8.56398644e-01	7.51877857e-01
10628           	5.22532936e-02	5.23715501e-02	1.60826294e+00	8.56384762e-01	7.51878175e-01
10629           	5.22458147e-02	5.23661258e-02	1.60824856e+00	8.56370095e-01	7.51878466e-01
10630           	5.22388898e-02	5.23610587e-02	1.60823533e+00	8.56356557e-01	7.51878778e-01
10631           	5.22323410e-02	5.23561653e-02	1.60822279e+00	8.56343737e-01	7.51879055e-01
10632           	5.22261492e-02	5.23514269e-02	1.60821090e+00	8.56331599e-01	7.51879301e-01
10633           	5.22203255e-02	5.23468613e-02	1.60819968e+00	8.56320166e-01	7.51879515e-01
10634           	5.22147728e-02	5.23423964e-02	1.60818897e+00	8.56309256e-01	7.51879711e-01
10635           	5.22094369e-02	5.23379926e-02	1.60817866e+00	8.56298767e-01	7.51879893e-01
10636           	5.22038392e-02	5.23332653e-02	1.60816760e+00	8.56287641e-01	7.51879962e-01
10637           	5.21987687e-02	5.23288958e-02	1.60815773e+00	8.56277636e-01	7.51880098e-01
10638           	5.21940611e-02	5.23247191e-02	1.60814857e+00	8.56268348e-01	7.51880226e-01
10639           	5.21897567e-02	5.23207733e-02	1.60814020e+00	8.56259856e-01	7.51880343e-01
10640           	5.21857685e-02	5.23169998e-02	1.60813245e+00	8.56251995e-01	7.51880458e-01
10641           	5.21820347e-02	5.23133532e-02	1.60812521e+00	8.56244640e-01	7.51880571e-01
10642           	5.21781117e-02	5.23094508e-02	1.60811730e+00	8.56236760e-01	7.51880537e-01
10643           	5.21746338e-02	5.23058780e-02	1.60811045e+00	8.56229857e-01	7.51880590e-01
10644           	5.21715275e-02	5.23025192e-02	1.60810432e+00	8.56223688e-01	7.51880633e-01
10645           	5.21688259e-02	5.22993980e-02	1.60809897e+00	8.56218310e-01	7.51880658e-01
10646           	5.21664654e-02	5.22964714e-02	1.60809425e+00	8.56213592e-01	7.51880661e-01
10647           	5.21640309e-02	5.22933708e-02	1.60808899e+00	8.56208527e-01	7.51880465e-01
10648           	5.21620262e-02	5.22906015e-02	1.60808471e+00	8.56204381e-01	7.51880328e-01
10649           	5.21604560e-02	5.22881141e-02	1.60808124e+00	8.56201076e-01	7.51880164e-01
10650           	5.21593554e-02	5.22859469e-02	1.60807866e+00	8.56198688e-01	7.51879977e-01
10651           	5.21583104e-02	5.22837212e-02	1.60807574e+00	8.56196180e-01	7.51879560e-01
10652           	5.21577172e-02	5.22818807e-02	1.60807386e+00	8.56194648e-01	7.51879213e-01
10653           	5.21576526e-02	5.22804215e-02	1.60807301e+00	8.56194156e-01	7.51878851e-01
10654           	5.21580609e-02	5.22792963e-02	1.60807307e+00	8.56194597e-01	7.51878475e-01
10655           	5.21586307e-02	5.22782100e-02	1.60807299e+00	8.56195126e-01	7.51877865e-01
10656           	5.21596946e-02	5.22775630e-02	1.60807405e+00	8.56196722e-01	7.51877333e-01
10657           	5.21612451e-02	5.22772724e-02	1.60807609e+00	8.56199292e-01	7.51876802e-01
10658           	5.21630849e-02	5.22771292e-02	1.60807829e+00	8.56202229e-01	7.51876059e-01
10659           	5.21654621e-02	5.22774732e-02	1.60808174e+00	8.56206332e-01	7.51875408e-01
10660           	5.21683415e-02	5.22782004e-02	1.60808627e+00	8.56211475e-01	7.51874792e-01
10661           	5.21715784e-02	5.22791342e-02	1.60809112e+00	8.56217141e-01	7.51873984e-01
10662           	5.21753239e-02	5.22805433e-02	1.60809718e+00	8.56223915e-01	7.51873267e-01
10663           	5.21795097e-02	5.22822996e-02	1.60810424e+00	8.56231628e-01	7.51872608e-01
10664           	5.21841003e-02	5.22842993e-02	1.60811175e+00	8.56239976e-01	7.51871776e-01
10665           	5.21891879e-02	5.22867724e-02	1.60812042e+00	8.56249400e-01	7.51871024e-01
10666           	5.21947013e-02	5.22895113e-02	1.60812971e+00	8.56259556e-01	7.51870153e-01
10667           	5.22008778e-02	5.22926658e-02	1.60813951e+00	8.56270632e-01	7.51868876e-01
10668           	5.22076785e-02	5.22964184e-02	1.60815115e+00	8.56283252e-01	7.51867895e-01
10669           	5.22147021e-02	5.23005077e-02	1.60816399e+00	8.56296699e-01	7.51867295e-01
10670           	5.22221102e-02	5.23049912e-02	1.60817777e+00	8.56310995e-01	7.51866774e-01
10671           	5.22297481e-02	5.23097852e-02	1.60819227e+00	8.56325882e-01	7.51866386e-01
10672           	5.22374882e-02	5.23146915e-02	1.60820703e+00	8.56341006e-01	7.51866029e-01
10673           	5.22457147e-02	5.23198464e-02	1.60822236e+00	8.56356893e-01	7.51865464e-01
10674           	5.22545837e-02	5.23254571e-02	1.60823862e+00	8.56373895e-01	7.51864728e-01
10675           	5.22636332e-02	5.23312767e-02	1.60825526e+00	8.56391263e-01	7.51863997e-01
10676           	5.22731636e-02	5.23374833e-02	1.60827269e+00	8.56409511e-01	7.51863184e-01
10677           	5.22824630e-02	5.23437131e-02	1.60828995e+00	8.56427436e-01	7.51862510e-01
10678           	5.22922695e-02	5.23504734e-02	1.60830825e+00	8.56446394e-01	7.51861856e-01
10679           	5.23029176e-02	5.23578427e-02	1.60832812e+00	8.56466978e-01	7.51861142e-01
10680           	5.23124676e-02	5.23646784e-02	1.60834621e+00	8.56485573e-01	7.51860638e-01
10681           	5.23224578e-02	5.23718193e-02	1.60836515e+00	8.56505032e-01	7.51860116e-01
10682           	5.23330346e-02	5.23793927e-02	1.60838533e+00	8.56525699e-01	7.51859629e-01
10683           	5.23433507e-02	5.23869005e-02	1.60840530e+00	8.56546001e-01	7.51859299e-01
10684           	5.23535971e-02	5.23944925e-02	1.60842534e+00	8.56566267e-01	7.51859073e-01
10685           	5.23633216e-02	5.24017592e-02	1.60844445e+00	8.56585548e-01	7.51858905e-01
10686           	5.23756948e-02	5.24108846e-02	1.60846952e+00	8.56610457e-01	7.51859067e-01
10687           	5.23843148e-02	5.24176809e-02	1.60848690e+00	8.56627766e-01	7.51859137e-01
10688           	5.23917510e-02	5.24237520e-02	1.60850188e+00	8.56642690e-01	7.51859188e-01
10689           	5.23995530e-02	5.24300207e-02	1.60851754e+00	8.56658321e-01	7.51859215e-01
10690           	5.24079535e-02	5.24367397e-02	1.60853454e+00	8.56675223e-01	7.51859316e-01
10691           	5.24152401e-02	5.24427133e-02	1.60854915e+00	8.56689816e-01	7.51859336e-01
10692           	5.24226139e-02	5.24488811e-02	1.60856420e+00	8.56704714e-01	7.51859486e-01
10693           	5.24301076e-02	5.24551619e-02	1.60857964e+00	8.56719926e-01	7.51859710e-01
10694           	5.24360890e-02	5.24604518e-02	1.60859186e+00	8.56732017e-01	7.51859839e-01
10695           	5.24422591e-02	5.24660255e-02	1.60860489e+00	8.56744702e-01	7.51860184e-01
10696           	5.24480124e-02	5.24713023e-02	1.60861719e+00	8.56756608e-01	7.51860583e-01
10697           	5.24524732e-02	5.24757295e-02	1.60862684e+00	8.56765893e-01	7.51860947e-01
10698           	5.24568756e-02	5.24802764e-02	1.60863695e+00	8.56775350e-01	7.51861599e-01
10699           	5.24604829e-02	5.24842389e-02	1.60864552e+00	8.56783245e-01	7.51862279e-01
10700           	5.24627502e-02	5.24873010e-02	1.60865131e+00	8.56788404e-01	7.51862904e-01
10701           	5.24646941e-02	5.24902978e-02	1.60865698e+00	8.56793182e-01	7.51863793e-01
10702           	5.24656396e-02	5.24925313e-02	1.60866051e+00	8.56795894e-01	7.51864615e-01
10703           	5.24653767e-02	5.24939211e-02	1.60866140e+00	8.56796076e-01	7.51865323e-01
10704           	5.24646192e-02	5.24950921e-02	1.60866167e+00	8.56795456e-01	7.51866218e-01
10705           	5.24628879e-02	5.24954684e-02	1.60865973e+00	8.56792751e-01	7.51866976e-01
10706           	5.24601434e-02	5.24950876e-02	1.60865545e+00	8.56787870e-01	7.51867583e-01
10707           	5.24568399e-02	5.24943946e-02	1.60865034e+00	8.56782009e-01	7.51868329e-01
10708           	5.24527174e-02	5.24929815e-02	1.60864330e+00	8.56774368e-01	7.51868933e-01
10709           	5.24478427e-02	5.24909638e-02	1.60863447e+00	8.56765079e-01	7.51869394e-01
10710           	5.24424185e-02	5.24886133e-02	1.60862480e+00	8.56754819e-01	7.51869982e-01
10711           	5.24363637e-02	5.24856776e-02	1.60861365e+00	8.56743191e-01	7.51870463e-01
10712           	5.24298329e-02	5.24823339e-02	1.60860132e+00	8.56730494e-01	7.51870828e-01
10713           	5.24228134e-02	5.24786971e-02	1.60858827e+00	8.56716950e-01	7.51871324e-01
10714           	5.24154957e-02	5.24747739e-02	1.60857447e+00	8.56702729e-01	7.51871737e-01
10715           	5.24078928e-02	5.24705574e-02	1.60855989e+00	8.56687840e-01	7.51872054e-01
10716           	5.23997948e-02	5.24660139e-02	1.60854458e+00	8.56672084e-01	7.51872494e-01
10717           	5.23914894e-02	5.24612351e-02	1.60852872e+00	8.56655849e-01	7.51872870e-01
10718           	5.23830753e-02	5.24562756e-02	1.60851248e+00	8.56639314e-01	7.51873163e-01
10719           	5.23741717e-02	5.24509735e-02	1.60849548e+00	8.56621914e-01	7.51873571e-01
10720           	5.23651737e-02	5.24455079e-02	1.60847819e+00	8.56604269e-01	7.51873922e-01
10721           	5.23562768e-02	5.24400057e-02	1.60846094e+00	8.56586749e-01	7.51874195e-01
10722           	5.23470951e-02	5.24343280e-02	1.60844328e+00	8.56568737e-01	7.51874547e-01
10723           	5.23379555e-02	5.24285663e-02	1.60842559e+00	8.56550749e-01	7.51874838e-01
10724           	5.23290912e-02	5.24228781e-02	1.60840830e+00	8.56533241e-01	7.51875058e-01
10725           	5.23205288e-02	5.24173245e-02	1.60839154e+00	8.56516298e-01	7.51875240e-01
10726           	5.23115963e-02	5.24115102e-02	1.60837422e+00	8.56498707e-01	7.51875514e-01
10727           	5.23028605e-02	5.24057036e-02	1.60835719e+00	8.56481457e-01	7.51875736e-01
10728           	5.22944807e-02	5.24000746e-02	1.60834083e+00	8.56464894e-01	7.51875933e-01
10729           	5.22863958e-02	5.23945751e-02	1.60832505e+00	8.56448919e-01	7.51876128e-01
10730           	5.22779480e-02	5.23888001e-02	1.60830869e+00	8.56432293e-01	7.51876397e-01
10731           	5.22699457e-02	5.23832218e-02	1.60829311e+00	8.56416501e-01	7.51876609e-01
10732           	5.22623248e-02	5.23778293e-02	1.60827827e+00	8.56401459e-01	7.51876809e-01
10733           	5.22551319e-02	5.23726704e-02	1.60826427e+00	8.56387265e-01	7.51877001e-01
10734           	5.22482378e-02	5.23676491e-02	1.60825089e+00	8.56373683e-01	7.51877207e-01
10735           	5.22410292e-02	5.23623764e-02	1.60823698e+00	8.56359520e-01	7.51877461e-01
10736           	5.22343667e-02	5.23573785e-02	1.60822407e+00	8.56346404e-01	7.51877670e-01
10737           	5.22280868e-02	5.23525768e-02	1.60821193e+00	8.56334052e-01	7.51877878e-01
10738           	5.22221642e-02	5.23479479e-02	1.60820051e+00	8.56322421e-01	7.51878093e-01
10739           	5.22166056e-02	5.23435034e-02	1.60818983e+00	8.56311518e-01	7.51878307e-01
10740           	5.22113072e-02	5.23391694e-02	1.60817967e+00	8.56301144e-01	7.51878530e-01
10741           	5.22062124e-02	5.23349075e-02	1.60816995e+00	8.56291185e-01	7.51878761e-01
10742           	5.22008880e-02	5.23304498e-02	1.60815971e+00	8.56280741e-01	7.51878965e-01
10743           	5.21960358e-02	5.23262346e-02	1.60815034e+00	8.56271208e-01	7.51879137e-01
10744           	5.21915238e-02	5.23221974e-02	1.60814165e+00	8.56262347e-01	7.51879299e-01
10745           	5.21873872e-02	5.23183587e-02	1.60813366e+00	8.56254219e-01	7.51879445e-01
10746           	5.21835415e-02	5.23146563e-02	1.60812624e+00	8.56246661e-01	7.51879578e-01
10747           	5.21799403e-02	5.23110594e-02	1.60811927e+00	8.56239576e-01	7.51879696e-01
10748           	5.21761840e-02	5.23073005e-02	1.60811180e+00	8.56232084e-01	7.51879716e-01
10749           	5.21728402e-02	5.23037569e-02	1.60810509e+00	8.56225387e-01	7.51879706e-01
10750           	5.21698865e-02	5.23004466e-02	1.60809912e+00	8.56219448e-01	7.51879675e-01
10751           	5.21673350e-02	5.22973747e-02	1.60809391e+00	8.56214290e-01	7.51879620e-01
10752           	5.21651326e-02	5.22945084e-02	1.60808935e+00	8.56209808e-01	7.51879543e-01
10753           	5.21629028e-02	5.22915915e-02	1.60808447e+00	8.56205140e-01	7.51879334e-01
10754           	5.21610779e-02	5.22889051e-02	1.60808035e+00	8.56201252e-01	7.51879097e-01
10755           	5.21597066e-02	5.22865312e-02	1.60807711e+00	8.56198262e-01	7.51878849e-01
10756           	5.21588206e-02	5.22845014e-02	1.60807484e+00	8.56196240e-01	7.51878599e-01
10757           	5.21580384e-02	5.22825391e-02	1.60807250e+00	8.56194288e-01	7.51878211e-01
10758           	5.21576895e-02	5.22808565e-02	1.60807101e+00	8.56193193e-01	7.51877814e-01
10759           	5.21578911e-02	5.22795800e-02	1.60807062e+00	8.56193201e-01	7.51877418e-01
10760           	5.21585654e-02	5.22786455e-02	1.60807118e+00	8.56194157e-01	7.51877026e-01
10761           	5.21594458e-02	5.22778788e-02	1.60807187e+00	8.56195382e-01	7.51876490e-01
10762           	5.21607964e-02	5.22774384e-02	1.60807347e+00	8.56197531e-01	7.51875938e-01
10763           	5.21626240e-02	5.22773543e-02	1.60807603e+00	8.56200639e-01	7.51875391e-01
10764           	5.21647756e-02	5.22775353e-02	1.60807898e+00	8.56204264e-01	7.51874713e-01
10765           	5.21674254e-02	5.22780737e-02	1.60808292e+00	8.56208885e-01	7.51874034e-01
10766           	5.21705500e-02	5.22789746e-02	1.60808787e+00	8.56214483e-01	7.51873383e-01
10767           	5.21740538e-02	5.22801875e-02	1.60809335e+00	8.56220727e-01	7.51872619e-01
10768           	5.21780302e-02	5.22817475e-02	1.60809977e+00	8.56227917e-01	7.51871857e-01
10769           	5.21824322e-02	5.22836518e-02	1.60810716e+00	8.56236014e-01	7.51871149e-01
10770           	5.21872801e-02	5.22859301e-02	1.60811526e+00	8.56244911e-01	7.51870351e-01
10771           	5.21926114e-02	5.22885745e-02	1.60812432e+00	8.56254772e-01	7.51869549e-01
10772           	5.21984108e-02	5.22916099e-02	1.60813422e+00	8.56265521e-01	7.51868699e-01
10773           	5.22049427e-02	5.22950686e-02	1.60814471e+00	8.56277299e-01	7.51867414e-01
10774           	5.22118762e-02	5.22990248e-02	1.60815692e+00	8.56290336e-01	7.51866584e-01
10775           	5.22190745e-02	5.23032635e-02	1.60817000e+00	8.56304075e-01	7.51865926e-01
10776           	5.22264771e-02	5.23077520e-02	1.60818380e+00	8.56318376e-01	7.51865422e-01
10777           	5.22343987e-02	5.23127273e-02	1.60819866e+00	8.56333730e-01	7.51864932e-01
10778           	5.22428933e-02	5.23180798e-02	1.60821435e+00	8.56350069e-01	7.51864283e-01
10779           	5.22510939e-02	5.23234055e-02	1.60822983e+00	8.56366009e-01	7.51863821e-01
10780           	5.22598324e-02	5.23290906e-02	1.60824611e+00	8.56382888e-01	7.51863224e-01
10781           	5.22692064e-02	5.23352149e-02	1.60826336e+00	8.56400888e-01	7.51862475e-01
10782           	5.22785588e-02	5.23414723e-02	1.60828079e+00	8.56418955e-01	7.51861837e-01
10783           	5.22882682e-02	5.23481004e-02	1.60829892e+00	8.56437730e-01	7.51861193e-01
10784           	5.22978205e-02	5.23546526e-02	1.60831680e+00	8.56456219e-01	7.51860578e-01
10785           	5.23094561e-02	5.23626225e-02	1.60833859e+00	8.56478753e-01	7.51859841e-01
10786           	5.23192899e-02	5.23696299e-02	1.60835730e+00	8.56497941e-01	7.51859361e-01
10787           	5.23291531e-02	5.23768279e-02	1.60837630e+00	8.56517303e-01	7.51858997e-01
10788           	5.23386265e-02	5.23838958e-02	1.60839468e+00	8.56535967e-01	7.51858714e-01
10789           	5.23479971e-02	5.23908878e-02	1.60841287e+00	8.56554433e-01	7.51858439e-01
10790           	5.23586595e-02	5.23987652e-02	1.60843370e+00	8.56575508e-01	7.51858189e-01
10791           	5.23678685e-02	5.24057567e-02	1.60845180e+00	8.56593770e-01	7.51858033e-01
10792           	5.23770760e-02	5.24128253e-02	1.60847002e+00	8.56612084e-01	7.51857932e-01
10793           	5.23856820e-02	5.24194821e-02	1.60848703e+00	8.56629198e-01	7.51857834e-01
10794           	5.23963343e-02	5.24276077e-02	1.60850863e+00	8.56650648e-01	7.51857979e-01
10795           	5.24037902e-02	5.24336493e-02	1.60852348e+00	8.56665531e-01	7.51857950e-01
10796           	5.24113944e-02	5.24399351e-02	1.60853895e+00	8.56680872e-01	7.51858083e-01
10797           	5.24189981e-02	5.24462392e-02	1.60855445e+00	8.56696222e-01	7.51858226e-01
10798           	5.24263328e-02	5.24524927e-02	1.60856965e+00	8.56711155e-01	7.51858490e-01
10799           	5.24344205e-02	5.24594238e-02	1.60858689e+00	8.56727867e-01	7.51859026e-01
10800           	5.24397972e-02	5.24644826e-02	1.60859825e+00	8.56738922e-01	7.51859328e-01
10801           	5.24451266e-02	5.24694652e-02	1.60860968e+00	8.56749967e-01	7.51859713e-01
10802           	5.24499284e-02	5.24741805e-02	1.60862020e+00	8.56760028e-01	7.51860171e-01
10803           	5.24535450e-02	5.24780638e-02	1.60862828e+00	8.56767685e-01	7.51860595e-01
10804           	5.24570584e-02	5.24818537e-02	1.60863639e+00	8.56775254e-01	7.51861137e-01
10805           	5.24599557e-02	5.24853372e-02	1.60864339e+00	8.56781649e-01	7.51861738e-01
10806           	5.24616542e-02	5.24879976e-02	1.60864791e+00	8.56785607e-01	7.51862299e-01
10807           	5.24630083e-02	5.24904330e-02	1.60865198e+00	8.56789000e-01	7.51862983e-01
10808           	5.24635976e-02	5.24924480e-02	1.60865460e+00	8.56790895e-01	7.51863700e-01
10809           	5.24629850e-02	5.24936037e-02	1.60865466e+00	8.56790316e-01	7.51864346e-01
10810           	5.24618171e-02	5.24943644e-02	1.60865383e+00	8.56788733e-01	7.51865099e-01
10811           	5.24598618e-02	5.24946346e-02	1.60865143e+00	8.56785578e-01	7.51865855e-01
10812           	5.24568558e-02	5.24941011e-02	1.60864675e+00	8.56780229e-01	7.51866517e-01
10813           	5.24532051e-02	5.24930676e-02	1.60864091e+00	8.56773661e-01	7.51867250e-01
10814           	5.24489005e-02	5.24915972e-02	1.60863372e+00	8.56765762e-01	7.51867962e-01
10815           	5.24437696e-02	5.24894462e-02	1.60862463e+00	8.56756085e-01	7.51868545e-01
10816           	5.24379224e-02	5.24866772e-02	1.60861388e+00	8.56744861e-01	7.51869016e-01
10817           	5.24316128e-02	5.24835560e-02	1.60860227e+00	8.56732748e-01	7.51869522e-01
10818           	5.24248652e-02	5.24801239e-02	1.60858977e+00	8.56719752e-01	7.51870022e-01
10819           	5.24177942e-02	5.24763980e-02	1.60857643e+00	8.56706008e-01	7.51870420e-01
10820           	5.24102233e-02	5.24722533e-02	1.60856212e+00	8.56691283e-01	7.51870836e-01
10821           	5.24023008e-02	5.24678392e-02	1.60854712e+00	8.56675859e-01	7.51871257e-01
10822           	5.23942194e-02	5.24632215e-02	1.60853159e+00	8.56660014e-01	7.51871576e-01
10823           	5.23859755e-02	5.24583875e-02	1.60851560e+00	8.56643777e-01	7.51871825e-01
10824           	5.23771841e-02	5.24530855e-02	1.60849862e+00	8.56626494e-01	7.51872126e-01
10825           	5.23683518e-02	5.24477671e-02	1.60848164e+00	8.56609172e-01	7.51872468e-01
10826           	5.23595303e-02	5.24423597e-02	1.60846461e+00	8.56591834e-01	7.51872773e-01
10827           	5.23508531e-02	5.24369945e-02	1.60844780e+00	8.56574753e-01	7.51873047e-01
10828           	5.23417167e-02	5.24312434e-02	1.60843017e+00	8.56556800e-01	7.51873367e-01
10829           	5.23326853e-02	5.24255408e-02	1.60841281e+00	8.56539091e-01	7.51873721e-01
10830           	5.23239098e-02	5.24199334e-02	1.60839586e+00	8.56521842e-01	7.51874022e-01
10831           	5.23153427e-02	5.24143806e-02	1.60837926e+00	8.56504972e-01	7.51874287e-01
10832           	5.23063071e-02	5.24083942e-02	1.60836172e+00	8.56487168e-01	7.51874553e-01
10833           	5.22976672e-02	5.24026547e-02	1.60834498e+00	8.56470159e-01	7.51874825e-01
10834           	5.22893523e-02	5.23970415e-02	1.60832881e+00	8.56453758e-01	7.51875054e-01
10835           	5.22813339e-02	5.23915363e-02	1.60831318e+00	8.56437926e-01	7.51875258e-01
10836           	5.22736338e-02	5.23861814e-02	1.60829817e+00	8.56422719e-01	7.51875451e-01
10837           	5.22655518e-02	5.23804493e-02	1.60828236e+00	8.56406733e-01	7.51875629e-01
10838           	5.22580587e-02	5.23751079e-02	1.60826781e+00	8.56391962e-01	7.51875844e-01
10839           	5.22509185e-02	5.23699371e-02	1.60825394e+00	8.56377890e-01	7.51876053e-01
10840           	5.22440973e-02	5.23649140e-02	1.60824072e+00	8.56364459e-01	7.51876265e-01
10841           	5.22376269e-02	5.23600781e-02	1.60822821e+00	8.56351733e-01	7.51876479e-01
10842           	5.22314180e-02	5.23553621e-02	1.60821626e+00	8.56339546e-01	7.51876710e-01
10843           	5.22248721e-02	5.23502920e-02	1.60820354e+00	8.56326640e-01	7.51876896e-01
10844           	5.22189290e-02	5.23456265e-02	1.60819213e+00	8.56314994e-01	7.51877136e-01
10845           	5.22133339e-02	5.23411302e-02	1.60818140e+00	8.56304034e-01	7.51877366e-01
10846           	5.22080656e-02	5.23367871e-02	1.60817131e+00	8.56293719e-01	7.51877587e-01
10847           	5.22031315e-02	5.23326091e-02	1.60816185e+00	8.56284059e-01	7.51877796e-01
10848           	5.21984779e-02	5.23285605e-02	1.60815296e+00	8.56274958e-01	7.51878002e-01
10849           	5.21940823e-02	5.23246244e-02	1.60814458e+00	8.56266374e-01	7.51878209e-01
10850           	5.21894726e-02	5.23204059e-02	1.60813553e+00	8.56257238e-01	7.51878293e-01
10851           	5.21853143e-02	5.23165021e-02	1.60812752e+00	8.56249073e-01	7.51878444e-01
10852           	5.21814449e-02	5.23127397e-02	1.60812004e+00	8.56241463e-01	7.51878573e-01
10853           	5.21779140e-02	5.23091613e-02	1.60811317e+00	8.56234501e-01	7.51878673e-01
10854           	5.21746989e-02	5.23057586e-02	1.60810689e+00	8.56228144e-01	7.51878747e-01
10855           	5.21717831e-02	5.23025215e-02	1.60810115e+00	8.56222358e-01	7.51878792e-01
10856           	5.21687434e-02	5.22990691e-02	1.60809476e+00	8.56216126e-01	7.51878639e-01
10857           	5.21661342e-02	5.22959434e-02	1.60808937e+00	8.56210819e-01	7.51878551e-01
10858           	5.21639300e-02	5.22930660e-02	1.60808472e+00	8.56206291e-01	7.51878431e-01
10859           	5.21621487e-02	5.22904537e-02	1.60808086e+00	8.56202578e-01	7.51878280e-01
10860           	5.21603942e-02	5.22877574e-02	1.60807662e+00	8.56198704e-01	7.51877916e-01
10861           	5.21591297e-02	5.22854672e-02	1.60807351e+00	8.56195885e-01	7.51877626e-01
10862           	5.21583673e-02	5.22835215e-02	1.60807139e+00	8.56194061e-01	7.51877327e-01
10863           	5.21581049e-02	5.22819320e-02	1.60807026e+00	8.56193237e-01	7.51877027e-01
10864           	5.21580321e-02	5.22804024e-02	1.60806909e+00	8.56192577e-01	7.51876512e-01
10865           	5.21583995e-02	5.22792535e-02	1.60806897e+00	8.56192885e-01	7.51876086e-01
10866           	5.21592661e-02	5.22784731e-02	1.60806986e+00	8.56194195e-01	7.51875663e-01
10867           	5.21604272e-02	5.22778480e-02	1.60807092e+00	8.56195887e-01	7.51875033e-01
10868           	5.21620281e-02	5.22776187e-02	1.60807304e+00	8.56198550e-01	7.51874494e-01
10869           	5.21641694e-02	5.22778048e-02	1.60807630e+00	8.56202320e-01	7.51873981e-01
10870           	5.21666934e-02	5.22782219e-02	1.60807992e+00	8.56206651e-01	7.51873264e-01
10871           	5.21696136e-02	5.22790093e-02	1.60808449e+00	8.56211860e-01	7.51872632e-01
10872           	5.21730343e-02	5.22801906e-02	1.60809014e+00	8.56218105e-01	7.51872037e-01
10873           	5.21768660e-02	5.22816232e-02	1.60809621e+00	8.56224973e-01	7.51871241e-01
10874           	5.21810377e-02	5.22833852e-02	1.60810312e+00	8.56232598e-01	7.51870523e-01
10875           	5.21856751e-02	5.22855256e-02	1.60811106e+00	8.56241205e-01	7.51869855e-01
10876           	5.21908135e-02	5.22879868e-02	1.60811963e+00	8.56250627e-01	7.51869000e-01
10877           	5.21963231e-02	5.22908103e-02	1.60812909e+00	8.56260867e-01	7.51868221e-01
10878           	5.22023602e-02	5.22939907e-02	1.60813936e+00	8.56272041e-01	7.51867321e-01
10879           	5.22092839e-02	5.22977537e-02	1.60815060e+00	8.56284585e-01	7.51866017e-01
10880           	5.22165440e-02	5.23018867e-02	1.60816311e+00	8.56298101e-01	7.51865013e-01
10881           	5.22240397e-02	5.23064212e-02	1.60817688e+00	8.56312481e-01	7.51864401e-01
10882           	5.22318715e-02	5.23113131e-02	1.60819146e+00	8.56327599e-01	7.51863856e-01
10883           	5.22395935e-02	5.23162313e-02	1.60820615e+00	8.56342668e-01	7.51863481e-01
10884           	5.22477721e-02	5.23215434e-02	1.60822169e+00	8.56358617e-01	7.51863073e-01
10885           	5.22568300e-02	5.23274374e-02	1.60823858e+00	8.56376122e-01	7.51862462e-01
10886           	5.22656817e-02	5.23332489e-02	1.60825517e+00	8.56393269e-01	7.51861905e-01
10887           	5.22747980e-02	5.23392818e-02	1.60827219e+00	8.56410895e-01	7.51861299e-01
10888           	5.22841857e-02	5.23456556e-02	1.60828985e+00	8.56429110e-01	7.51860739e-01
10889           	5.22947952e-02	5.23528192e-02	1.60830958e+00	8.56449583e-01	7.51859993e-01
10890           	5.23045081e-02	5.23595474e-02	1.60832781e+00	8.56468413e-01	7.51859397e-01
10891           	5.23141878e-02	5.23663668e-02	1.60834604e+00	8.56487210e-01	7.51858834e-01
10892           	5.23240692e-02	5.23735125e-02	1.60836487e+00	8.56506506e-01	7.51858368e-01
10893           	5.23351438e-02	5.23814930e-02	1.60838607e+00	8.56528180e-01	7.51857892e-01
10894           	5.23445783e-02	5.23885628e-02	1.60840431e+00	8.56546732e-01	7.51857576e-01
10895           	5.23541965e-02	5.23957468e-02	1.60842293e+00	8.56565660e-01	7.51857267e-01
10896           	5.23644332e-02	5.24033642e-02	1.60844291e+00	8.56585887e-01	7.51857021e-01
10897           	5.23732473e-02	5.24100878e-02	1.60846015e+00	8.56603321e-01	7.51856826e-01
10898           	5.23823033e-02	5.24171024e-02	1.60847815e+00	8.56621381e-01	7.51856774e-01
10899           	5.23915020e-02	5.24242370e-02	1.60849649e+00	8.56639747e-01	7.51856743e-01
10900           	5.24004219e-02	5.24313223e-02	1.60851454e+00	8.56657693e-01	7.51856849e-01
10901           	5.24111308e-02	5.24397376e-02	1.60853687e+00	8.56679566e-01	7.51857304e-01
10902           	5.24182919e-02	5.24458255e-02	1.60855159e+00	8.56694087e-01	7.51857503e-01
10903           	5.24251143e-02	5.24517688e-02	1.60856579e+00	8.56708008e-01	7.51857779e-01
10904           	5.24309892e-02	5.24570897e-02	1.60857805e+00	8.56720015e-01	7.51858037e-01
10905           	5.24370423e-02	5.24624809e-02	1.60859078e+00	8.56732431e-01	7.51858347e-01
10906           	5.24426143e-02	5.24676229e-02	1.60860261e+00	8.56743920e-01	7.51858691e-01
10907           	5.24482160e-02	5.24727775e-02	1.60861472e+00	8.56755578e-01	7.51859146e-01
10908           	5.24542487e-02	5.24784039e-02	1.60862823e+00	8.56768362e-01	7.51859865e-01
10909           	5.24578240e-02	5.24823415e-02	1.60863643e+00	8.56776037e-01	7.51860389e-01
10910           	5.24601743e-02	5.24854568e-02	1.60864208e+00	8.56781214e-01	7.51860866e-01
10911           	5.24622134e-02	5.24883423e-02	1.60864730e+00	8.56785866e-01	7.51861439e-01
10912           	5.24634493e-02	5.24907467e-02	1.60865101e+00	8.56788952e-01	7.51862053e-01
10913           	5.24636641e-02	5.24924412e-02	1.60865259e+00	8.56789957e-01	7.51862629e-01
10914           	5.24634988e-02	5.24938534e-02	1.60865362e+00	8.56790309e-01	7.51863312e-01
10915           	5.24625613e-02	5.24947849e-02	1.60865317e+00	8.56789148e-01	7.51864025e-01
10916           	5.24606285e-02	5.24949947e-02	1.60865057e+00	8.56785911e-01	7.51864655e-01
10917           	5.24581742e-02	5.24948135e-02	1.60864707e+00	8.56781711e-01	7.51865362e-01
10918           	5.24549646e-02	5.24941367e-02	1.60864209e+00	8.56776011e-01	7.51866082e-01
10919           	5.24508857e-02	5.24927841e-02	1.60863513e+00	8.56768449e-01	7.51866678e-01
10920           	5.24460398e-02	5.24908077e-02	1.60862644e+00	8.56759259e-01	7.51867180e-01
10921           	5.24406430e-02	5.24883832e-02	1.60861679e+00	8.56749038e-01	7.51867752e-01
10922           	5.24347938e-02	5.24856853e-02	1.60860627e+00	8.56737930e-01	7.51868343e-01
10923           	5.24283750e-02	5.24824941e-02	1.60859445e+00	8.56725600e-01	7.51868850e-01
10924           	5.24213718e-02	5.24788157e-02	1.60858154e+00	8.56712141e-01	7.51869398e-01
10925           	5.24140379e-02	5.24749455e-02	1.60856796e+00	8.56698016e-01	7.51869940e-01
10926           	5.24063348e-02	5.24707047e-02	1.60855341e+00	8.56683038e-01	7.51870369e-01
10927           	5.23984547e-02	5.24662700e-02	1.60853830e+00	8.56667607e-01	7.51870697e-01
10928           	5.23900573e-02	5.24614043e-02	1.60852223e+00	8.56651170e-01	7.51871055e-01
10929           	5.23814518e-02	5.24563702e-02	1.60850578e+00	8.56634342e-01	7.51871438e-01
10930           	5.23728107e-02	5.24512092e-02	1.60848912e+00	8.56617368e-01	7.51871747e-01
10931           	5.23641281e-02	5.24459141e-02	1.60847227e+00	8.56600264e-01	7.51872008e-01
10932           	5.23548861e-02	5.24401300e-02	1.60845439e+00	8.56582083e-01	7.51872311e-01
10933           	5.23457630e-02	5.24344282e-02	1.60843681e+00	8.56564169e-01	7.51872643e-01
10934           	5.23367856e-02	5.24287284e-02	1.60841942e+00	8.56546497e-01	7.51872926e-01
10935           	5.23280603e-02	5.24231424e-02	1.60840246e+00	8.56529289e-01	7.51873168e-01
10936           	5.23188998e-02	5.24171675e-02	1.60838465e+00	8.56511227e-01	7.51873427e-01
10937           	5.23100247e-02	5.24113563e-02	1.60836747e+00	8.56493759e-01	7.51873709e-01
10938           	5.23015089e-02	5.24057123e-02	1.60835091e+00	8.56476966e-01	7.51873948e-01
10939           	5.22932946e-02	5.24001943e-02	1.60833492e+00	8.56460754e-01	7.51874164e-01
10940           	5.22852936e-02	5.23947412e-02	1.60831935e+00	8.56444968e-01	7.51874381e-01
10941           	5.22769310e-02	5.23889377e-02	1.60830304e+00	8.56428453e-01	7.51874591e-01
10942           	5.22690794e-02	5.23834569e-02	1.60828784e+00	8.56413002e-01	7.51874843e-01
10943           	5.22615489e-02	5.23781102e-02	1.60827326e+00	8.56398181e-01	7.51875083e-01
10944           	5.22543966e-02	5.23729605e-02	1.60825942e+00	8.56384104e-01	7.51875311e-01
10945           	5.22475164e-02	5.23679334e-02	1.60824612e+00	8.56370576e-01	7.51875543e-01
10946           	5.22408583e-02	5.23629899e-02	1.60823329e+00	8.56357506e-01	7.51875789e-01
10947           	5.22344745e-02	5.23581742e-02	1.60822103e+00	8.56344989e-01	7.51876040e-01
10948           	5.22277377e-02	5.23529887e-02	1.60820796e+00	8.56331715e-01	7.51876240e-01
10949           	5.22215748e-02	5.23481771e-02	1.60819615e+00	8.56319648e-01	7.51876498e-01
10950           	5.22157986e-02	5.23435645e-02	1.60818506e+00	8.56308328e-01	7.51876731e-01
10951           	5.22103667e-02	5.23391221e-02	1.60817463e+00	8.56297679e-01	7.51876946e-01
10952           	5.22052297e-02	5.23348145e-02	1.60816476e+00	8.56287609e-01	7.51877149e-01
10953           	5.22004084e-02	5.23306610e-02	1.60815549e+00	8.56278155e-01	7.51877338e-01
10954           	5.21958719e-02	5.23266406e-02	1.60814680e+00	8.56269270e-01	7.51877526e-01
10955           	5.21915861e-02	5.23227266e-02	1.60813860e+00	8.56260884e-01	7.51877712e-01
10956           	5.21870712e-02	5.23185128e-02	1.60812967e+00	8.56251908e-01	7.51877765e-01
10957           	5.21830180e-02	5.23146274e-02	1.60812183e+00	8.56243933e-01	7.51877897e-01
10958           	5.21792565e-02	5.23108913e-02	1.60811453e+00	8.56236521e-01	7.51878008e-01
10959           	5.21758513e-02	5.23073586e-02	1.60810789e+00	8.56229794e-01	7.51878091e-01
10960           	5.21727764e-02	5.23040181e-02	1.60810185e+00	8.56223703e-01	7.51878151e-01
10961           	5.21700224e-02	5.23008634e-02	1.60809641e+00	8.56218226e-01	7.51878181e-01
10962           	5.21671434e-02	5.22974903e-02	1.60809030e+00	8.56212291e-01	7.51878005e-01
10963           	5.21647032e-02	5.22944539e-02	1.60808520e+00	8.56207303e-01	7.51877896e-01
10964           	5.21626884e-02	5.22916841e-02	1.60808089e+00	8.56203134e-01	7.51877757e-01
10965           	5.21611001e-02	5.22891845e-02	1.60807738e+00	8.56199789e-01	7.51877589e-01
10966           	5.21595564e-02	5.22866150e-02	1.60807352e+00	8.56196316e-01	7.51877203e-01
10967           	5.21585085e-02	5.22844617e-02	1.60807081e+00	8.56193912e-01	7.51876895e-01
10968           	5.21579610e-02	5.22826557e-02	1.60806908e+00	8.56192501e-01	7.51876579e-01
10969           	5.21579148e-02	5.22812104e-02	1.60806835e+00	8.56192091e-01	7.51876261e-01
10970           	5.21580732e-02	5.22798376e-02	1.60806759e+00	8.56191870e-01	7.51875724e-01
10971           	5.21586582e-02	5.22788408e-02	1.60806786e+00	8.56192590e-01	7.51875274e-01
10972           	5.21597440e-02	5.22782164e-02	1.60806914e+00	8.56194315e-01	7.51874827e-01
10973           	5.21611477e-02	5.22777660e-02	1.60807064e+00	8.56196465e-01	7.51874170e-01
10974           	5.21629864e-02	5.22777112e-02	1.60807318e+00	8.56199579e-01	7.51873606e-01
10975           	5.21653693e-02	5.22780756e-02	1.60807688e+00	8.56203807e-01	7.51873069e-01
10976           	5.21681469e-02	5.22786799e-02	1.60808095e+00	8.56208621e-01	7.51872327e-01
10977           	5.21713141e-02	5.22796518e-02	1.60808597e+00	8.56214301e-01	7.51871672e-01
10978           	5.21749778e-02	5.22810162e-02	1.60809207e+00	8.56221013e-01	7.51871058e-01
10979           	5.21790689e-02	5.22826435e-02	1.60809863e+00	8.56228385e-01	7.51870247e-01
10980           	5.21835011e-02	5.22846050e-02	1.60810604e+00	8.56236521e-01	7.51869519e-01
10981           	5.21884000e-02	5.22869491e-02	1.60811449e+00	8.56245644e-01	7.51868844e-01
10982           	5.21938296e-02	5.22896371e-02	1.60812363e+00	8.56255647e-01	7.51867988e-01
10983           	5.21996337e-02	5.22926958e-02	1.60813368e+00	8.56266476e-01	7.51867208e-01
10984           	5.22059727e-02	5.22961193e-02	1.60814457e+00	8.56278259e-01	7.51866314e-01
10985           	5.22132532e-02	5.23001685e-02	1.60815656e+00	8.56291533e-01	7.51865026e-01
10986           	5.22208319e-02	5.23045652e-02	1.60816973e+00	8.56305697e-01	7.51864033e-01
10987           	5.22287852e-02	5.23093775e-02	1.60818415e+00	8.56320861e-01	7.51863290e-01
10988           	5.22371312e-02	5.23146303e-02	1.60819974e+00	8.56337001e-01	7.51862739e-01
10989           	5.22455806e-02	5.23200767e-02	1.60821579e+00	8.56353478e-01	7.51862316e-01
10990           	5.22539252e-02	5.23256467e-02	1.60823197e+00	8.56369908e-01	7.51862057e-01
10991           	5.22630890e-02	5.23317455e-02	1.60824933e+00	8.56387753e-01	7.51861575e-01
10992           	5.22722826e-02	5.23378974e-02	1.60826676e+00	8.56405663e-01	7.51861098e-01
10993           	5.22815155e-02	5.23441418e-02	1.60828427e+00	8.56423651e-01	7.51860620e-01
10994           	5.22908299e-02	5.23505336e-02	1.60830191e+00	8.56441784e-01	7.51860124e-01
10995           	5.23003018e-02	5.23571187e-02	1.60831978e+00	8.56460192e-01	7.51859588e-01
10996           	5.23098082e-02	5.23637720e-02	1.60833765e+00	8.56478635e-01	7.51859019e-01
10997           	5.23194883e-02	5.23706045e-02	1.60835583e+00	8.56497403e-01	7.51858426e-01
10998           	5.23294385e-02	5.23777059e-02	1.60837454e+00	8.56516710e-01	7.51857833e-01
10999           	5.23394606e-02	5.23849281e-02	1.60839348e+00	8.56536201e-01	7.51857280e-01
11000           	5.23495158e-02	5.23922577e-02	1.60841262e+00	8.56555823e-01	7.51856792e-01
11001           	5.23595670e-02	5.23996847e-02	1.60843192e+00	8.56575526e-01	7.51856392e-01
11002           	5.23695760e-02	5.24071959e-02	1.60845136e+00	8.56595257e-01	7.51856105e-01
11003           	5.23793454e-02	5.24146485e-02	1.60847061e+00	8.56614648e-01	7.51855957e-01
11004           	5.23888610e-02	5.24220373e-02	1.60848963e+00	8.56633674e-01	7.51855952e-01
11005           	5.23981034e-02	5.24293531e-02	1.60850836e+00	8.56652284e-01	7.51856077e-01
11006           	5.24070231e-02	5.24365568e-02	1.60852668e+00	8.56670364e-01	7.51856318e-01
11007           	5.24154577e-02	5.24435219e-02	1.60854424e+00	8.56687578e-01	7.51856662e-01
11008           	5.24233497e-02	5.24501855e-02	1.60856086e+00	8.56703779e-01	7.51857080e-01
11009           	5.24306740e-02	5.24565168e-02	1.60857643e+00	8.56718890e-01	7.51857542e-01
11010           	5.24373460e-02	5.24624538e-02	1.60859076e+00	8.56732726e-01	7.51858034e-01
11011           	5.24433216e-02	5.24679397e-02	1.60860372e+00	8.56745179e-01	7.51858536e-01
11012           	5.24485906e-02	5.24729545e-02	1.60861525e+00	8.56756217e-01	7.51859036e-01
11013           	5.24531472e-02	5.24774900e-02	1.60862535e+00	8.56765824e-01	7.51859530e-01
11014           	5.24569924e-02	5.24815727e-02	1.60863404e+00	8.56774011e-01	7.51860026e-01
11015           	5.24600785e-02	5.24851524e-02	1.60864122e+00	8.56780687e-01	7.51860530e-01
11016           	5.24623914e-02	5.24882111e-02	1.60864687e+00	8.56785829e-01	7.51861046e-01
11017           	5.24639793e-02	5.24908113e-02	1.60865113e+00	8.56789542e-01	7.51861583e-01
11018           	5.24647812e-02	5.24928823e-02	1.60865385e+00	8.56791707e-01	7.51862145e-01
11019           	5.24647809e-02	5.24943961e-02	1.60865503e+00	8.56792294e-01	7.51862732e-01
11020           	5.24640600e-02	5.24954404e-02	1.60865481e+00	8.56791466e-01	7.51863346e-01
11021           	5.24621420e-02	5.24955244e-02	1.60865182e+00	8.56788054e-01	7.51863770e-01
11022           	5.24595681e-02	5.24951851e-02	1.60864765e+00	8.56783394e-01	7.51864257e-01
11023           	5.24567518e-02	5.24947455e-02	1.60864336e+00	8.56778434e-01	7.51864930e-01
11024           	5.24533187e-02	5.24939275e-02	1.60863801e+00	8.56772324e-01	7.51865686e-01
11025           	5.24489743e-02	5.24923707e-02	1.60863062e+00	8.56764282e-01	7.51866334e-01
11026           	5.24441428e-02	5.24905026e-02	1.60862247e+00	8.56755378e-01	7.51867092e-01
11027           	5.24386474e-02	5.24881631e-02	1.60861300e+00	8.56745150e-01	7.51867855e-01
11028           	5.24324488e-02	5.24851972e-02	1.60860186e+00	8.56733380e-01	7.51868482e-01
11029           	5.24257246e-02	5.24818393e-02	1.60858975e+00	8.56720600e-01	7.51869151e-01
11030           	5.24185011e-02	5.24780879e-02	1.60857655e+00	8.56706775e-01	7.51869773e-01
11031           	5.24108404e-02	5.24738794e-02	1.60856216e+00	8.56691919e-01	7.51870238e-01
11032           	5.24026899e-02	5.24692731e-02	1.60854676e+00	8.56676072e-01	7.51870692e-01
11033           	5.23942279e-02	5.24644092e-02	1.60853066e+00	8.56659556e-01	7.51871100e-01
11034           	5.23857375e-02	5.24594242e-02	1.60851419e+00	8.56642834e-01	7.51871359e-01
11035           	5.23767798e-02	5.24540300e-02	1.60849678e+00	8.56625168e-01	7.51871608e-01
11036           	5.23676647e-02	5.24484761e-02	1.60847903e+00	8.56607181e-01	7.51871852e-01
11037           	5.23587468e-02	5.24429550e-02	1.60846150e+00	8.56589498e-01	7.51872005e-01
11038           	5.23494571e-02	5.24370848e-02	1.60844327e+00	8.56571091e-01	7.51872177e-01
11039           	5.23402220e-02	5.24312095e-02	1.60842522e+00	8.56552832e-01	7.51872388e-01
11040           	5.23313752e-02	5.24255206e-02	1.60840788e+00	8.56535313e-01	7.51872563e-01
11041           	5.23227982e-02	5.24199434e-02	1.60839109e+00	8.56518343e-01	7.51872746e-01
11042           	5.23138094e-02	5.24140021e-02	1.60837362e+00	8.56500619e-01	7.51873000e-01
11043           	5.23051545e-02	5.24082883e-02	1.60835693e+00	8.56483618e-01	7.51873309e-01
11044           	5.22968052e-02	5.24027177e-02	1.60834085e+00	8.56467232e-01	7.51873621e-01
11045           	5.22888180e-02	5.23973496e-02	1.60832550e+00	8.56451567e-01	7.51873931e-01
11046           	5.22804601e-02	5.23916436e-02	1.60830943e+00	8.56435175e-01	7.51874255e-01
11047           	5.22724858e-02	5.23861635e-02	1.60829417e+00	8.56419569e-01	7.51874598e-01
11048           	5.22649171e-02	5.23808867e-02	1.60827963e+00	8.56404732e-01	7.51874897e-01
11049           	5.22576812e-02	5.23757540e-02	1.60826569e+00	8.56390529e-01	7.51875166e-01
11050           	5.22506843e-02	5.23706960e-02	1.60825221e+00	8.56376788e-01	7.51875420e-01
11051           	5.22433690e-02	5.23653005e-02	1.60823798e+00	8.56362357e-01	7.51875619e-01
11052           	5.22365741e-02	5.23602236e-02	1.60822484e+00	8.56348995e-01	7.51875847e-01
11053           	5.22301291e-02	5.23552982e-02	1.60821237e+00	8.56336315e-01	7.51876057e-01
11054           	5.22240989e-02	5.23505849e-02	1.60820069e+00	8.56324445e-01	7.51876247e-01
11055           	5.22183912e-02	5.23460207e-02	1.60818966e+00	8.56313219e-01	7.51876437e-01
11056           	5.22129394e-02	5.23415585e-02	1.60817915e+00	8.56302512e-01	7.51876633e-01
11057           	5.22077577e-02	5.23372158e-02	1.60816917e+00	8.56292345e-01	7.51876829e-01
11058           	5.22022757e-02	5.23325352e-02	1.60815843e+00	8.56281493e-01	7.51876942e-01
11059           	5.21973034e-02	5.23282097e-02	1.60814887e+00	8.56271738e-01	7.51877131e-01
11060           	5.21927308e-02	5.23241138e-02	1.60814009e+00	8.56262774e-01	7.51877312e-01
11061           	5.21885256e-02	5.23202281e-02	1.60813203e+00	8.56254540e-01	7.51877489e-01
11062           	5.21846259e-02	5.23165064e-02	1.60812457e+00	8.56246912e-01	7.51877660e-01
11063           	5.21810049e-02	5.23129265e-02	1.60811764e+00	8.56239823e-01	7.51877813e-01
11064           	5.21771720e-02	5.23090718e-02	1.60810998e+00	8.56232160e-01	7.51877816e-01
11065           	5.21737745e-02	5.23055323e-02	1.60810332e+00	8.56225436e-01	7.51877887e-01
11066           	5.21707630e-02	5.23022091e-02	1.60809738e+00	8.56219452e-01	7.51877926e-01
11067           	5.21681407e-02	5.22991111e-02	1.60809216e+00	8.56214219e-01	7.51877938e-01
11068           	5.21658684e-02	5.22962130e-02	1.60808757e+00	8.56209654e-01	7.51877917e-01
11069           	5.21635248e-02	5.22931359e-02	1.60808241e+00	8.56204731e-01	7.51877681e-01
11070           	5.21616046e-02	5.22903915e-02	1.60807822e+00	8.56200712e-01	7.51877503e-01
11071           	5.21601442e-02	5.22879551e-02	1.60807489e+00	8.56197587e-01	7.51877299e-01
11072           	5.21591321e-02	5.22858210e-02	1.60807241e+00	8.56195336e-01	7.51877072e-01
11073           	5.21582081e-02	5.22836643e-02	1.60806966e+00	8.56193039e-01	7.51876623e-01
11074           	5.21577674e-02	5.22819258e-02	1.60806803e+00	8.56191784e-01	7.51876250e-01
11075           	5.21578191e-02	5.22805385e-02	1.60806738e+00	8.56191508e-01	7.51875870e-01
11076           	5.21583746e-02	5.22795224e-02	1.60806773e+00	8.56192238e-01	7.51875489e-01
11077           	5.21591553e-02	5.22786031e-02	1.60806807e+00	8.56193190e-01	7.51874879e-01
11078           	5.21603551e-02	5.22780570e-02	1.60806942e+00	8.56195064e-01	7.51874354e-01
11079           	5.21620757e-02	5.22779049e-02	1.60807183e+00	8.56197990e-01	7.51873838e-01
11080           	5.21641540e-02	5.22779592e-02	1.60807453e+00	8.56201419e-01	7.51873111e-01
11081           	5.21666650e-02	5.22784078e-02	1.60807828e+00	8.56205805e-01	7.51872475e-01
11082           	5.21697145e-02	5.22792775e-02	1.60808318e+00	8.56211303e-01	7.51871874e-01
11083           	5.21731914e-02	5.22804139e-02	1.60808853e+00	8.56217459e-01	7.51871076e-01
11084           	5.21770458e-02	5.22819091e-02	1.60809483e+00	8.56224460e-01	7.51870369e-01
11085           	5.21813876e-02	5.22837983e-02	1.60810221e+00	8.56232491e-01	7.51869716e-01
11086           	5.21862139e-02	5.22859990e-02	1.60811020e+00	8.56241312e-01	7.51868884e-01
11087           	5.21913938e-02	5.22885470e-02	1.60811906e+00	8.56250925e-01	7.51868137e-01
11088           	5.21970822e-02	5.22914346e-02	1.60812870e+00	8.56261431e-01	7.51867267e-01
11089           	5.22035792e-02	5.22948551e-02	1.60813915e+00	8.56273153e-01	7.51865995e-01
11090           	5.22104979e-02	5.22987009e-02	1.60815102e+00	8.56286006e-01	7.51865010e-01
11091           	5.22176862e-02	5.23029352e-02	1.60816418e+00	8.56299774e-01	7.51864402e-01
11092           	5.22252898e-02	5.23076152e-02	1.60817836e+00	8.56314471e-01	7.51863892e-01
11093           	5.22328972e-02	5.23124232e-02	1.60819287e+00	8.56329330e-01	7.51863536e-01
11094           	5.22406977e-02	5.23174207e-02	1.60820780e+00	8.56344596e-01	7.51863201e-01
11095           	5.22490936e-02	5.23227593e-02	1.60822349e+00	8.56360841e-01	7.51862654e-01
11096           	5.22582100e-02	5.23286128e-02	1.60824030e+00	8.56378358e-01	7.51861938e-01
11097           	5.22675428e-02	5.23346965e-02	1.60825752e+00	8.56396303e-01	7.51861218e-01
11098           	5.22773478e-02	5.23411556e-02	1.60827554e+00	8.56415115e-01	7.51860420e-01
11099           	5.22868303e-02	5.23475658e-02	1.60829318e+00	8.56433423e-01	7.51859762e-01
11100           	5.22965672e-02	5.23542892e-02	1.60831141e+00	8.56452274e-01	7.51859140e-01
11101           	5.23071976e-02	5.23616717e-02	1.60833133e+00	8.56472865e-01	7.51858470e-01
11102           	5.23167859e-02	5.23685748e-02	1.60834956e+00	8.56491566e-01	7.51857995e-01
11103           	5.23268751e-02	5.23758432e-02	1.60836877e+00	8.56511259e-01	7.51857508e-01
11104           	5.23375725e-02	5.23835727e-02	1.60838928e+00	8.56532211e-01	7.51857066e-01
11105           	5.23473675e-02	5.23907822e-02	1.60840821e+00	8.56551471e-01	7.51856736e-01
11106           	5.23573707e-02	5.23982624e-02	1.60842783e+00	8.56571287e-01	7.51856545e-01
11107           	5.23672730e-02	5.24056673e-02	1.60844731e+00	8.56590928e-01	7.51856382e-01
11108           	5.23768648e-02	5.24129816e-02	1.60846641e+00	8.56610071e-01	7.51856341e-01
11109           	5.23883395e-02	5.24216438e-02	1.60848979e+00	8.56633233e-01	7.51856554e-01
11110           	5.23978908e-02	5.24291024e-02	1.60850923e+00	8.56652505e-01	7.51856723e-01
11111           	5.24055718e-02	5.24353957e-02	1.60852488e+00	8.56668012e-01	7.51856868e-01
11112           	5.24125485e-02	5.24413019e-02	1.60853914e+00	8.56682117e-01	7.51857020e-01
11113           	5.24199024e-02	5.24476266e-02	1.60855445e+00	8.56697129e-01	7.51857324e-01
11114           	5.24279708e-02	5.24544630e-02	1.60857144e+00	8.56713689e-01	7.51857747e-01
11115           	5.24345194e-02	5.24602727e-02	1.60858498e+00	8.56727007e-01	7.51857969e-01
11116           	5.24405890e-02	5.24656733e-02	1.60859758e+00	8.56739381e-01	7.51858203e-01
11117           	5.24477157e-02	5.24718342e-02	1.60861291e+00	8.56754169e-01	7.51858738e-01
11118           	5.24540961e-02	5.24776198e-02	1.60862720e+00	8.56767698e-01	7.51859506e-01
11119           	5.24591240e-02	5.24824929e-02	1.60863870e+00	8.56778473e-01	7.51860224e-01
11120           	5.24621944e-02	5.24860085e-02	1.60864591e+00	8.56785148e-01	7.51860759e-01
11121           	5.24633095e-02	5.24881382e-02	1.60864868e+00	8.56787651e-01	7.51861032e-01
11122           	5.24632401e-02	5.24894716e-02	1.60864885e+00	8.56787664e-01	7.51861184e-01
11123           	5.24631861e-02	5.24909712e-02	1.60864946e+00	8.56787918e-01	7.51861545e-01
11124           	5.24627970e-02	5.24922053e-02	1.60864939e+00	8.56787491e-01	7.51861897e-01
11125           	5.24624687e-02	5.24936166e-02	1.60864991e+00	8.56787426e-01	7.51862488e-01
11126           	5.24627535e-02	5.24956043e-02	1.60865260e+00	8.56789056e-01	7.51863549e-01
11127           	5.24619712e-02	5.24967837e-02	1.60865321e+00	8.56788578e-01	7.51864636e-01
11128           	5.24594695e-02	5.24965514e-02	1.60864950e+00	8.56784220e-01	7.51865281e-01
11129           	5.24558910e-02	5.24954423e-02	1.60864337e+00	8.56777578e-01	7.51865796e-01
11130           	5.24515392e-02	5.24937030e-02	1.60863561e+00	8.56769343e-01	7.51866264e-01
11131           	5.24468462e-02	5.24917302e-02	1.60862740e+00	8.56760545e-01	7.51866853e-01
11132           	5.24416391e-02	5.24894577e-02	1.60861829e+00	8.56750782e-01	7.51867504e-01
11133           	5.24357661e-02	5.24866706e-02	1.60860775e+00	8.56739642e-01	7.51868110e-01
11134           	5.24293904e-02	5.24835576e-02	1.60859634e+00	8.56727560e-01	7.51868780e-01
11135           	5.24224925e-02	5.24801369e-02	1.60858388e+00	8.56714434e-01	7.51869449e-01
11136           	5.24150412e-02	5.24762165e-02	1.60857006e+00	8.56700072e-01	7.51869990e-01
11137           	5.24072530e-02	5.24719831e-02	1.60855533e+00	8.56684917e-01	7.51870411e-01
11138           	5.23988646e-02	5.24672590e-02	1.60853944e+00	8.56668584e-01	7.51870855e-01
11139           	5.23903163e-02	5.24624105e-02	1.60852320e+00	8.56651918e-01	7.51871285e-01
11140           	5.23816231e-02	5.24573132e-02	1.60850650e+00	8.56634871e-01	7.51871625e-01
11141           	5.23723817e-02	5.24516872e-02	1.60848870e+00	8.56616734e-01	7.51871970e-01
11142           	5.23631747e-02	5.24460467e-02	1.60847095e+00	8.56598651e-01	7.51872302e-01
11143           	5.23540725e-02	5.24403391e-02	1.60845324e+00	8.56580693e-01	7.51872548e-01
11144           	5.23450802e-02	5.24345909e-02	1.60843565e+00	8.56562903e-01	7.51872743e-01
11145           	5.23357110e-02	5.24285050e-02	1.60841732e+00	8.56544372e-01	7.51872950e-01
11146           	5.23265885e-02	5.24225832e-02	1.60839955e+00	8.56526363e-01	7.51873186e-01
11147           	5.23177146e-02	5.24167491e-02	1.60838222e+00	8.56508824e-01	7.51873395e-01
11148           	5.23091679e-02	5.24110963e-02	1.60836551e+00	8.56491924e-01	7.51873589e-01
11149           	5.23008358e-02	5.24055473e-02	1.60834927e+00	8.56475469e-01	7.51873797e-01
11150           	5.22920262e-02	5.23995836e-02	1.60833213e+00	8.56458091e-01	7.51874039e-01
11151           	5.22837080e-02	5.23939533e-02	1.60831606e+00	8.56441739e-01	7.51874323e-01
11152           	5.22757170e-02	5.23884745e-02	1.60830062e+00	8.56426029e-01	7.51874595e-01
11153           	5.22680303e-02	5.23831260e-02	1.60828578e+00	8.56410921e-01	7.51874861e-01
11154           	5.22606609e-02	5.23779305e-02	1.60827156e+00	8.56396441e-01	7.51875119e-01
11155           	5.22529148e-02	5.23723543e-02	1.60825653e+00	8.56381182e-01	7.51875352e-01
11156           	5.22457026e-02	5.23671030e-02	1.60824266e+00	8.56367031e-01	7.51875626e-01
11157           	5.22389168e-02	5.23620645e-02	1.60822958e+00	8.56353709e-01	7.51875875e-01
11158           	5.22325120e-02	5.23572087e-02	1.60821725e+00	8.56341136e-01	7.51876112e-01
11159           	5.22264220e-02	5.23524909e-02	1.60820554e+00	8.56329193e-01	7.51876349e-01
11160           	5.22206548e-02	5.23479259e-02	1.60819447e+00	8.56317889e-01	7.51876580e-01
11161           	5.22151304e-02	5.23434552e-02	1.60818389e+00	8.56307075e-01	7.51876814e-01
11162           	5.22092762e-02	5.23386159e-02	1.60817249e+00	8.56295519e-01	7.51876967e-01
11163           	5.22039757e-02	5.23341554e-02	1.60816230e+00	8.56285127e-01	7.51877175e-01
11164           	5.21990023e-02	5.23298636e-02	1.60815274e+00	8.56275374e-01	7.51877369e-01
11165           	5.21943882e-02	5.23257705e-02	1.60814388e+00	8.56266330e-01	7.51877554e-01
11166           	5.21901379e-02	5.23218833e-02	1.60813572e+00	8.56258000e-01	7.51877724e-01
11167           	5.21861603e-02	5.23181328e-02	1.60812809e+00	8.56250203e-01	7.51877882e-01
11168           	5.21823964e-02	5.23144704e-02	1.60812085e+00	8.56242821e-01	7.51878028e-01
11169           	5.21783941e-02	5.23105021e-02	1.60811282e+00	8.56234803e-01	7.51878015e-01
11170           	5.21748313e-02	5.23068516e-02	1.60810582e+00	8.56227741e-01	7.51878078e-01
11171           	5.21716180e-02	5.23033932e-02	1.60809947e+00	8.56221355e-01	7.51878119e-01
11172           	5.21688045e-02	5.23001669e-02	1.60809387e+00	8.56215738e-01	7.51878129e-01
11173           	5.21663414e-02	5.22971425e-02	1.60808890e+00	8.56210792e-01	7.51878109e-01
11174           	5.21638087e-02	5.22939449e-02	1.60808338e+00	8.56205499e-01	7.51877881e-01
11175           	5.21617357e-02	5.22911044e-02	1.60807890e+00	8.56201187e-01	7.51877716e-01
11176           	5.21601170e-02	5.22885625e-02	1.60807528e+00	8.56197759e-01	7.51877525e-01
11177           	5.21589863e-02	5.22863569e-02	1.60807261e+00	8.56195291e-01	7.51877318e-01
11178           	5.21579369e-02	5.22841130e-02	1.60806965e+00	8.56192761e-01	7.51876888e-01
11179           	5.21573534e-02	5.22822706e-02	1.60806779e+00	8.56191247e-01	7.51876541e-01
11180           	5.21573069e-02	5.22808208e-02	1.60806699e+00	8.56190803e-01	7.51876189e-01
11181           	5.21577389e-02	5.22797134e-02	1.60806715e+00	8.56191312e-01	7.51875834e-01
11182           	5.21583438e-02	5.22786561e-02	1.60806719e+00	8.56191941e-01	7.51875253e-01
11183           	5.21594279e-02	5.22780313e-02	1.60806837e+00	8.56193612e-01	7.51874756e-01
11184           	5.21609910e-02	5.22777592e-02	1.60807050e+00	8.56196243e-01	7.51874261e-01
11185           	5.21628418e-02	5.22776338e-02	1.60807279e+00	8.56199237e-01	7.51873553e-01
11186           	5.21652168e-02	5.22779874e-02	1.60807630e+00	8.56203367e-01	7.51872934e-01
11187           	5.21680837e-02	5.22787147e-02	1.60808085e+00	8.56208511e-01	7.51872343e-01
11188           	5.21713078e-02	5.22796456e-02	1.60808572e+00	8.56214168e-01	7.51871552e-01
11189           	5.21750307e-02	5.22810444e-02	1.60809176e+00	8.56220909e-01	7.51870847e-01
11190           	5.21791865e-02	5.22827811e-02	1.60809876e+00	8.56228565e-01	7.51870192e-01
11191           	5.21837446e-02	5.22847549e-02	1.60810620e+00	8.56236844e-01	7.51869355e-01
11192           	5.21887960e-02	5.22872005e-02	1.60811479e+00	8.56246191e-01	7.51868599e-01
11193           	5.21942719e-02	5.22899062e-02	1.60812398e+00	8.56256260e-01	7.51867716e-01
11194           	5.22004326e-02	5.22930546e-02	1.60813375e+00	8.56267306e-01	7.51866441e-01
11195           	5.22070806e-02	5.22967584e-02	1.60814541e+00	8.56279786e-01	7.51865625e-01
11196           	5.22142744e-02	5.23010075e-02	1.60815851e+00	8.56293527e-01	7.51864978e-01
11197           	5.22216674e-02	5.23055190e-02	1.60817232e+00	8.56307827e-01	7.51864492e-01
11198           	5.22294731e-02	5.23103075e-02	1.60818683e+00	8.56322889e-01	7.51863943e-01
11199           	5.22380217e-02	5.23156254e-02	1.60820250e+00	8.56339273e-01	7.51863229e-01
11200           	5.22461874e-02	5.23207953e-02	1.60821782e+00	8.56355096e-01	7.51862721e-01
11201           	5.22548037e-02	5.23263671e-02	1.60823395e+00	8.56371780e-01	7.51862173e-01
11202           	5.22641765e-02	5.23324788e-02	1.60825131e+00	8.56389831e-01	7.51861478e-01
11203           	5.22734046e-02	5.23385723e-02	1.60826846e+00	8.56407636e-01	7.51860827e-01
11204           	5.22829075e-02	5.23449298e-02	1.60828614e+00	8.56425976e-01	7.51860161e-01
11205           	5.22925362e-02	5.23515575e-02	1.60830426e+00	8.56444668e-01	7.51859596e-01
11206           	5.23041511e-02	5.23594649e-02	1.60832598e+00	8.56467140e-01	7.51858838e-01
11207           	5.23142467e-02	5.23665974e-02	1.60834522e+00	8.56486854e-01	7.51858361e-01
11208           	5.23238854e-02	5.23735516e-02	1.60836372e+00	8.56505743e-01	7.51857972e-01
11209           	5.23333190e-02	5.23804798e-02	1.60838190e+00	8.56524270e-01	7.51857632e-01
11210           	5.23427879e-02	5.23875410e-02	1.60840033e+00	8.56542952e-01	7.51857376e-01
11211           	5.23534978e-02	5.23954342e-02	1.60842126e+00	8.56564126e-01	7.51857131e-01
11212           	5.23630278e-02	5.24025945e-02	1.60843985e+00	8.56582950e-01	7.51856895e-01
11213           	5.23726746e-02	5.24098596e-02	1.60845869e+00	8.56602021e-01	7.51856672e-01
11214           	5.23816924e-02	5.24168150e-02	1.60847652e+00	8.56619954e-01	7.51856569e-01
11215           	5.23930276e-02	5.24253835e-02	1.60849954e+00	8.56642799e-01	7.51856744e-01
11216           	5.24010089e-02	5.24318129e-02	1.60851551e+00	8.56658766e-01	7.51856748e-01
11217           	5.24089105e-02	5.24382142e-02	1.60853144e+00	8.56674632e-01	7.51856811e-01
11218           	5.24169591e-02	5.24448229e-02	1.60854788e+00	8.56690901e-01	7.51856983e-01
11219           	5.24245374e-02	5.24511505e-02	1.60856352e+00	8.56706297e-01	7.51857222e-01
11220           	5.24317980e-02	5.24573269e-02	1.60857863e+00	8.56721115e-01	7.51857519e-01
11221           	5.24384893e-02	5.24632624e-02	1.60859290e+00	8.56734939e-01	7.51857961e-01
11222           	5.24438597e-02	5.24682766e-02	1.60860423e+00	8.56745976e-01	7.51858256e-01
11223           	5.24489804e-02	5.24731860e-02	1.60861527e+00	8.56756615e-01	7.51858654e-01
11224           	5.24542352e-02	5.24782864e-02	1.60862701e+00	8.56767738e-01	7.51859267e-01
11225           	5.24584206e-02	5.24826319e-02	1.60863658e+00	8.56776710e-01	7.51859869e-01
11226           	5.24627238e-02	5.24871791e-02	1.60864690e+00	8.56786175e-01	7.51860727e-01
11227           	5.24652807e-02	5.24904645e-02	1.60865348e+00	8.56792023e-01	7.51861461e-01
11228           	5.24666278e-02	5.24929074e-02	1.60865748e+00	8.56795366e-01	7.51862110e-01
11229           	5.24664691e-02	5.24942665e-02	1.60865815e+00	8.56795546e-01	7.51862608e-01
11230           	5.24659462e-02	5.24955051e-02	1.60865850e+00	8.56795196e-01	7.51863304e-01
11231           	5.24647228e-02	5.24962123e-02	1.60865723e+00	8.56793338e-01	7.51863892e-01
11232           	5.24631016e-02	5.24967494e-02	1.60865551e+00	8.56790856e-01	7.51864652e-01
11233           	5.24604790e-02	5.24964389e-02	1.60865136e+00	8.56786159e-01	7.51865201e-01
11234           	5.24575759e-02	5.24960278e-02	1.60864707e+00	8.56781112e-01	7.51865960e-01
11235           	5.24536282e-02	5.24947424e-02	1.60864033e+00	8.56773791e-01	7.51866535e-01
11236           	5.24490664e-02	5.24929472e-02	1.60863247e+00	8.56765302e-01	7.51867169e-01
11237           	5.24439849e-02	5.24907710e-02	1.60862352e+00	8.56755744e-01	7.51867774e-01
11238           	5.24382311e-02	5.24880523e-02	1.60861308e+00	8.56744772e-01	7.51868310e-01
11239           	5.24318549e-02	5.24848226e-02	1.60860126e+00	8.56732485e-01	7.51868775e-01
11240           	5.24249940e-02	5.24812807e-02	1.60858864e+00	8.56719316e-01	7.51869328e-01
11241           	5.24177306e-02	5.24774392e-02	1.60857516e+00	8.56705313e-01	7.51869852e-01
11242           	5.24100111e-02	5.24732141e-02	1.60856068e+00	8.56690351e-01	7.51870329e-01
11243           	5.24020220e-02	5.24687602e-02	1.60854553e+00	8.56674787e-01	7.51870743e-01
11244           	5.23934456e-02	5.24638681e-02	1.60852934e+00	8.56658116e-01	7.51871225e-01
11245           	5.23851087e-02	5.24590331e-02	1.60851329e+00	8.56641751e-01	7.51871534e-01
11246           	5.23755637e-02	5.24534391e-02	1.60849536e+00	8.56623242e-01	7.51872115e-01
11247           	5.23664694e-02	5.24479323e-02	1.60847781e+00	8.56605374e-01	7.51872435e-01
11248           	5.23576499e-02	5.24424746e-02	1.60846055e+00	8.56587927e-01	7.51872627e-01
11249           	5.23484552e-02	5.24366352e-02	1.60844254e+00	8.56569727e-01	7.51872817e-01
11250           	5.23393923e-02	5.24308405e-02	1.60842486e+00	8.56551821e-01	7.51873037e-01
11251           	5.23305887e-02	5.24251512e-02	1.60840763e+00	8.56534405e-01	7.51873227e-01
11252           	5.23213924e-02	5.24191047e-02	1.60838966e+00	8.56516220e-01	7.51873435e-01
11253           	5.23124370e-02	5.24132048e-02	1.60837225e+00	8.56498563e-01	7.51873689e-01
11254           	5.23037856e-02	5.24074685e-02	1.60835542e+00	8.56481493e-01	7.51873922e-01
11255           	5.22954399e-02	5.24018848e-02	1.60833917e+00	8.56465023e-01	7.51874143e-01
11256           	5.22873475e-02	5.23964066e-02	1.60832343e+00	8.56449063e-01	7.51874368e-01
11257           	5.22789176e-02	5.23906095e-02	1.60830701e+00	8.56432423e-01	7.51874588e-01
11258           	5.22709675e-02	5.23851179e-02	1.60829167e+00	8.56416800e-01	7.51874865e-01
11259           	5.22633316e-02	5.23797539e-02	1.60827694e+00	8.56401802e-01	7.51875139e-01
11260           	5.22560915e-02	5.23745869e-02	1.60826299e+00	8.56387585e-01	7.51875402e-01
11261           	5.22491483e-02	5.23695452e-02	1.60824963e+00	8.56373966e-01	7.51875669e-01
11262           	5.22418544e-02	5.23641343e-02	1.60823551e+00	8.56359607e-01	7.51875898e-01
11263           	5.22351335e-02	5.23591025e-02	1.60822261e+00	8.56346440e-01	7.51876173e-01
11264           	5.22287914e-02	5.23542560e-02	1.60821045e+00	8.56334014e-01	7.51876432e-01
11265           	5.22228106e-02	5.23495810e-02	1.60819897e+00	8.56322298e-01	7.51876677e-01
11266           	5.22171954e-02	5.23450908e-02	1.60818820e+00	8.56311296e-01	7.51876905e-01
11267           	5.22118428e-02	5.23407110e-02	1.60817794e+00	8.56300814e-01	7.51877128e-01
11268           	5.22066932e-02	5.23363975e-02	1.60816809e+00	8.56290736e-01	7.51877349e-01
11269           	5.22017700e-02	5.23321733e-02	1.60815866e+00	8.56281100e-01	7.51877560e-01
11270           	5.21965586e-02	5.23276210e-02	1.60814845e+00	8.56270783e-01	7.51877666e-01
11271           	5.21918386e-02	5.23234163e-02	1.60813936e+00	8.56261520e-01	7.51877843e-01
11272           	5.21874794e-02	5.23194098e-02	1.60813095e+00	8.56252953e-01	7.51877994e-01
11273           	5.21834558e-02	5.23155862e-02	1.60812316e+00	8.56245037e-01	7.51878126e-01
11274           	5.21797300e-02	5.23119178e-02	1.60811594e+00	8.56237698e-01	7.51878238e-01
11275           	5.21763088e-02	5.23084076e-02	1.60810926e+00	8.56230941e-01	7.51878323e-01
11276           	5.21727293e-02	5.23046541e-02	1.60810194e+00	8.56223697e-01	7.51878239e-01
11277           	5.21696263e-02	5.23012472e-02	1.60809571e+00	8.56217479e-01	7.51878226e-01
11278           	5.21669386e-02	5.22980760e-02	1.60809024e+00	8.56212060e-01	7.51878183e-01
11279           	5.21646530e-02	5.22951410e-02	1.60808554e+00	8.56207424e-01	7.51878118e-01
11280           	5.21623813e-02	5.22920987e-02	1.60808048e+00	8.56202619e-01	7.51877857e-01
11281           	5.21605676e-02	5.22894157e-02	1.60807645e+00	8.56198794e-01	7.51877659e-01
11282           	5.21592391e-02	5.22870641e-02	1.60807338e+00	8.56195930e-01	7.51877452e-01
11283           	5.21584120e-02	5.22850688e-02	1.60807130e+00	8.56194064e-01	7.51877240e-01
11284           	5.21576853e-02	5.22830605e-02	1.60806901e+00	8.56192190e-01	7.51876820e-01
11285           	5.21573942e-02	5.22814346e-02	1.60806775e+00	8.56191268e-01	7.51876480e-01
11286           	5.21576208e-02	5.22801926e-02	1.60806752e+00	8.56191378e-01	7.51876137e-01
11287           	5.21582935e-02	5.22792729e-02	1.60806816e+00	8.56192374e-01	7.51875787e-01
11288           	5.21591279e-02	5.22783996e-02	1.60806867e+00	8.56193464e-01	7.51875208e-01
11289           	5.21604289e-02	5.22779477e-02	1.60807025e+00	8.56195556e-01	7.51874698e-01
11290           	5.21621932e-02	5.22778359e-02	1.60807276e+00	8.56198572e-01	7.51874185e-01
11291           	5.21642513e-02	5.22778748e-02	1.60807541e+00	8.56201955e-01	7.51873452e-01
11292           	5.21668294e-02	5.22783846e-02	1.60807924e+00	8.56206451e-01	7.51872792e-01
11293           	5.21698988e-02	5.22792664e-02	1.60808412e+00	8.56211958e-01	7.51872161e-01
11294           	5.21733398e-02	5.22803613e-02	1.60808934e+00	8.56218009e-01	7.51871330e-01
11295           	5.21772889e-02	5.22819261e-02	1.60809574e+00	8.56225157e-01	7.51870580e-01
11296           	5.21816801e-02	5.22838392e-02	1.60810314e+00	8.56233251e-01	7.51869891e-01
11297           	5.21865074e-02	5.22860184e-02	1.60811108e+00	8.56242046e-01	7.51869031e-01
11298           	5.21918458e-02	5.22886819e-02	1.60812020e+00	8.56251946e-01	7.51868254e-01
11299           	5.21976441e-02	5.22916420e-02	1.60813003e+00	8.56262657e-01	7.51867369e-01
11300           	5.22041963e-02	5.22950796e-02	1.60814056e+00	8.56274478e-01	7.51866086e-01
11301           	5.22113537e-02	5.22990981e-02	1.60815287e+00	8.56287791e-01	7.51865084e-01
11302           	5.22188955e-02	5.23035222e-02	1.60816646e+00	8.56302127e-01	7.51864336e-01
11303           	5.22267886e-02	5.23083518e-02	1.60818118e+00	8.56317379e-01	7.51863802e-01
11304           	5.22349783e-02	5.23135547e-02	1.60819678e+00	8.56333366e-01	7.51863409e-01
11305           	5.22434135e-02	5.23190664e-02	1.60821296e+00	8.56349895e-01	7.51863068e-01
11306           	5.22518707e-02	5.23246448e-02	1.60822916e+00	8.56366449e-01	7.51862708e-01
11307           	5.22604672e-02	5.23303434e-02	1.60824549e+00	8.56383213e-01	7.51862279e-01
11308           	5.22693496e-02	5.23362599e-02	1.60826221e+00	8.56400456e-01	7.51861757e-01
11309           	5.22783979e-02	5.23422827e-02	1.60827910e+00	8.56417950e-01	7.51861154e-01
11310           	5.22877353e-02	5.23485285e-02	1.60829644e+00	8.56435954e-01	7.51860483e-01
11311           	5.22974290e-02	5.23550811e-02	1.60831439e+00	8.56454622e-01	7.51859764e-01
11312           	5.23072815e-02	5.23618059e-02	1.60833265e+00	8.56473607e-01	7.51859044e-01
11313           	5.23173546e-02	5.23687900e-02	1.60835143e+00	8.56493067e-01	7.51858358e-01
11314           	5.23276962e-02	5.23761063e-02	1.60837087e+00	8.56513132e-01	7.51857739e-01
11315           	5.23382633e-02	5.23837428e-02	1.60839096e+00	8.56533744e-01	7.51857217e-01
11316           	5.23487414e-02	5.23914521e-02	1.60841113e+00	8.56554305e-01	7.51856822e-01
11317           	5.23590267e-02	5.23991473e-02	1.60843116e+00	8.56574607e-01	7.51856554e-01
11318           	5.23690831e-02	5.24067925e-02	1.60845098e+00	8.56594573e-01	7.51856407e-01
11319           	5.23788994e-02	5.24143686e-02	1.60847055e+00	8.56614174e-01	7.51856375e-01
11320           	5.23883337e-02	5.24217547e-02	1.60848958e+00	8.56633124e-01	7.51856457e-01
11321           	5.23974002e-02	5.24289507e-02	1.60850807e+00	8.56651434e-01	7.51856634e-01
11322           	5.24061144e-02	5.24359653e-02	1.60852600e+00	8.56669112e-01	7.51856884e-01
11323           	5.24144665e-02	5.24427894e-02	1.60854331e+00	8.56686122e-01	7.51857188e-01
11324           	5.24223353e-02	5.24493380e-02	1.60855975e+00	8.56702211e-01	7.51857540e-01
11325           	5.24296762e-02	5.24555714e-02	1.60857520e+00	8.56717274e-01	7.51857922e-01
11326           	5.24364750e-02	5.24614803e-02	1.60858959e+00	8.56731270e-01	7.51858319e-01
11327           	5.24426547e-02	5.24670222e-02	1.60860278e+00	8.56744045e-01	7.51858736e-01
11328           	5.24481590e-02	5.24721412e-02	1.60861465e+00	8.56755486e-01	7.51859168e-01
11329           	5.24529702e-02	5.24768198e-02	1.60862517e+00	8.56765557e-01	7.51859616e-01
11330           	5.24570725e-02	5.24810466e-02	1.60863432e+00	8.56774232e-01	7.51860087e-01
11331           	5.24604656e-02	5.24848477e-02	1.60864212e+00	8.56781523e-01	7.51860592e-01
11332           	5.24630825e-02	5.24881516e-02	1.60864844e+00	8.56787300e-01	7.51861135e-01
11333           	5.24648992e-02	5.24909244e-02	1.60865324e+00	8.56791517e-01	7.51861718e-01
11334           	5.24659660e-02	5.24932243e-02	1.60865661e+00	8.56794273e-01	7.51862341e-01
11335           	5.24662162e-02	5.24949673e-02	1.60865842e+00	8.56795428e-01	7.51862996e-01
11336           	5.24656310e-02	5.24961177e-02	1.60865861e+00	8.56794938e-01	7.51863676e-01
11337           	5.24638763e-02	5.24963434e-02	1.60865606e+00	8.56791905e-01	7.51864152e-01
11338           	5.24614641e-02	5.24961498e-02	1.60865229e+00	8.56787607e-01	7.51864679e-01
11339           	5.24587024e-02	5.24957293e-02	1.60864817e+00	8.56782786e-01	7.51865381e-01
11340           	5.24553741e-02	5.24949865e-02	1.60864303e+00	8.56776891e-01	7.51866143e-01
11341           	5.24511650e-02	5.24935411e-02	1.60863591e+00	8.56769120e-01	7.51866789e-01
11342           	5.24463658e-02	5.24916662e-02	1.60862782e+00	8.56760274e-01	7.51867542e-01
11343           	5.24409694e-02	5.24893942e-02	1.60861851e+00	8.56750223e-01	7.51868284e-01
11344           	5.24348940e-02	5.24865328e-02	1.60860758e+00	8.56738683e-01	7.51868895e-01
11345           	5.24281835e-02	5.24831626e-02	1.60859547e+00	8.56725920e-01	7.51869553e-01
11346           	5.24210407e-02	5.24794755e-02	1.60858241e+00	8.56712244e-01	7.51870163e-01
11347           	5.24134766e-02	5.24753637e-02	1.60856821e+00	8.56697580e-01	7.51870627e-01
11348           	5.24053132e-02	5.24707417e-02	1.60855281e+00	8.56681718e-01	7.51871091e-01
11349           	5.23969076e-02	5.24659380e-02	1.60853683e+00	8.56665325e-01	7.51871510e-01
11350           	5.23883491e-02	5.24609014e-02	1.60852029e+00	8.56648492e-01	7.51871794e-01
11351           	5.23793883e-02	5.24555277e-02	1.60850291e+00	8.56630842e-01	7.51872066e-01
11352           	5.23703324e-02	5.24500632e-02	1.60848533e+00	8.56612996e-01	7.51872332e-01
11353           	5.23613458e-02	5.24445133e-02	1.60846772e+00	8.56595205e-01	7.51872513e-01
11354           	5.23520279e-02	5.24386560e-02	1.60844947e+00	8.56576761e-01	7.51872705e-01
11355           	5.23428168e-02	5.24328462e-02	1.60843149e+00	8.56558564e-01	7.51872930e-01
11356           	5.23338690e-02	5.24271042e-02	1.60841397e+00	8.56540857e-01	7.51873118e-01
11357           	5.23252187e-02	5.24215034e-02	1.60839704e+00	8.56523741e-01	7.51873304e-01
11358           	5.23161718e-02	5.24155530e-02	1.60837944e+00	8.56505893e-01	7.51873550e-01
11359           	5.23073853e-02	5.24097579e-02	1.60836248e+00	8.56488627e-01	7.51873856e-01
11360           	5.22989457e-02	5.24041418e-02	1.60834620e+00	8.56472047e-01	7.51874156e-01
11361           	5.22907895e-02	5.23986570e-02	1.60833049e+00	8.56456036e-01	7.51874457e-01
11362           	5.22822226e-02	5.23927924e-02	1.60831398e+00	8.56439215e-01	7.51874770e-01
11363           	5.22741365e-02	5.23872414e-02	1.60829847e+00	8.56423369e-01	7.51875096e-01
11364           	5.22664191e-02	5.23818641e-02	1.60828361e+00	8.56408225e-01	7.51875387e-01
11365           	5.22590271e-02	5.23766238e-02	1.60826935e+00	8.56393703e-01	7.51875649e-01
11366           	5.22519631e-02	5.23715380e-02	1.60825570e+00	8.56379814e-01	7.51875888e-01
11367           	5.22445445e-02	5.23660852e-02	1.60824125e+00	8.56365170e-01	7.51876081e-01
11368           	5.22376510e-02	5.23609547e-02	1.60822792e+00	8.56351611e-01	7.51876309e-01
11369           	5.22311821e-02	5.23560403e-02	1.60821539e+00	8.56338877e-01	7.51876512e-01
11370           	5.22250881e-02	5.23513087e-02	1.60820359e+00	8.56326882e-01	7.51876705e-01
11371           	5.22193000e-02	5.23467127e-02	1.60819240e+00	8.56315500e-01	7.51876901e-01
11372           	5.22138223e-02	5.23422636e-02	1.60818183e+00	8.56304739e-01	7.51877095e-01
11373           	5.22085722e-02	5.23379014e-02	1.60817174e+00	8.56294441e-01	7.51877297e-01
11374           	5.22030057e-02	5.23331852e-02	1.60816085e+00	8.56283428e-01	7.51877417e-01
11375           	5.21979918e-02	5.23288549e-02	1.60815120e+00	8.56273590e-01	7.51877606e-01
11376           	5.21933400e-02	5.23247245e-02	1.60814227e+00	8.56264473e-01	7.51877793e-01
11377           	5.21890465e-02	5.23207936e-02	1.60813404e+00	8.56256069e-01	7.51877976e-01
11378           	5.21850907e-02	5.23170478e-02	1.60812647e+00	8.56248325e-01	7.51878143e-01
11379           	5.21813878e-02	5.23134246e-02	1.60811937e+00	8.56241074e-01	7.51878298e-01
11380           	5.21774651e-02	5.23095181e-02	1.60811153e+00	8.56233233e-01	7.51878302e-01
11381           	5.21740007e-02	5.23059413e-02	1.60810474e+00	8.56226371e-01	7.51878369e-01
11382           	5.21709022e-02	5.23025682e-02	1.60809862e+00	8.56220215e-01	7.51878410e-01
11383           	5.21682032e-02	5.22994283e-02	1.60809326e+00	8.56214831e-01	7.51878425e-01
11384           	5.21658587e-02	5.22964866e-02	1.60808852e+00	8.56210119e-01	7.51878402e-01
11385           	5.21634343e-02	5.22933625e-02	1.60808321e+00	8.56205039e-01	7.51878171e-01
11386           	5.21614551e-02	5.22905890e-02	1.60807891e+00	8.56200910e-01	7.51878000e-01
11387           	5.21599166e-02	5.22881003e-02	1.60807543e+00	8.56197632e-01	7.51877799e-01
11388           	5.21588325e-02	5.22859226e-02	1.60807283e+00	8.56195246e-01	7.51877581e-01
11389           	5.21578560e-02	5.22837381e-02	1.60806999e+00	8.56192853e-01	7.51877141e-01
11390           	5.21573205e-02	5.22819308e-02	1.60806820e+00	8.56191419e-01	7.51876778e-01
11391           	5.21572888e-02	5.22804884e-02	1.60806740e+00	8.56190989e-01	7.51876411e-01
11392           	5.21577914e-02	5.22794423e-02	1.60806767e+00	8.56191624e-01	7.51876041e-01
11393           	5.21584443e-02	5.22784229e-02	1.60806777e+00	8.56192331e-01	7.51875443e-01
11394           	5.21595482e-02	5.22778081e-02	1.60806896e+00	8.56194027e-01	7.51874931e-01
11395           	5.21612174e-02	5.22776246e-02	1.60807128e+00	8.56196858e-01	7.51874423e-01
11396           	5.21631462e-02	5.22775578e-02	1.60807370e+00	8.56199995e-01	7.51873703e-01
11397           	5.21655572e-02	5.22779308e-02	1.60807726e+00	8.56204189e-01	7.51873075e-01
11398           	5.21685668e-02	5.22787747e-02	1.60808209e+00	8.56209609e-01	7.51872476e-01
11399           	5.21718880e-02	5.22797798e-02	1.60808714e+00	8.56215456e-01	7.51871680e-01
11400           	5.21756506e-02	5.22812025e-02	1.60809325e+00	8.56222278e-01	7.51870976e-01
11401           	5.21799693e-02	5.22830761e-02	1.60810058e+00	8.56230258e-01	7.51870319e-01
11402           	5.21846325e-02	5.22851361e-02	1.60810823e+00	8.56238750e-01	7.51869485e-01
11403           	5.21897186e-02	5.22876070e-02	1.60811691e+00	8.56248174e-01	7.51868736e-01
11404           	5.21953781e-02	5.22904721e-02	1.60812647e+00	8.56258612e-01	7.51867856e-01
11405           	5.22016637e-02	5.22937211e-02	1.60813649e+00	8.56269911e-01	7.51866583e-01
11406           	5.22083393e-02	5.22974420e-02	1.60814820e+00	8.56282439e-01	7.51865761e-01
11407           	5.22154896e-02	5.23016573e-02	1.60816122e+00	8.56296098e-01	7.51865119e-01
11408           	5.22227981e-02	5.23061110e-02	1.60817490e+00	8.56310248e-01	7.51864652e-01
11409           	5.22305248e-02	5.23108490e-02	1.60818929e+00	8.56325168e-01	7.51864119e-01
11410           	5.22390066e-02	5.23161297e-02	1.60820485e+00	8.56341433e-01	7.51863420e-01
11411           	5.22473687e-02	5.23214844e-02	1.60822054e+00	8.56357639e-01	7.51862901e-01
11412           	5.22561270e-02	5.23271879e-02	1.60823693e+00	8.56374593e-01	7.51862339e-01
11413           	5.22655729e-02	5.23333666e-02	1.60825441e+00	8.56392779e-01	7.51861633e-01
11414           	5.22750534e-02	5.23396759e-02	1.60827203e+00	8.56411068e-01	7.51860961e-01
11415           	5.22846967e-02	5.23461496e-02	1.60828996e+00	8.56429675e-01	7.51860282e-01
11416           	5.22943281e-02	5.23527783e-02	1.60830809e+00	8.56448371e-01	7.51859715e-01
11417           	5.23065942e-02	5.23611500e-02	1.60833108e+00	8.56472135e-01	7.51858947e-01
11418           	5.23159156e-02	5.23678297e-02	1.60834893e+00	8.56490379e-01	7.51858548e-01
11419           	5.23251777e-02	5.23745302e-02	1.60836674e+00	8.56508549e-01	7.51858193e-01
11420           	5.23357052e-02	5.23821360e-02	1.60838708e+00	8.56529245e-01	7.51857835e-01
11421           	5.23453856e-02	5.23893336e-02	1.60840593e+00	8.56548349e-01	7.51857578e-01
11422           	5.23549941e-02	5.23965743e-02	1.60842472e+00	8.56567356e-01	7.51857368e-01
11423           	5.23641540e-02	5.24034817e-02	1.60844262e+00	8.56585464e-01	7.51857156e-01
11424           	5.23753556e-02	5.24117745e-02	1.60846485e+00	8.56607783e-01	7.51857072e-01
11425           	5.23839720e-02	5.24184248e-02	1.60848178e+00	8.56624864e-01	7.51856920e-01
11426           	5.23924933e-02	5.24251446e-02	1.60849878e+00	8.56641885e-01	7.51856898e-01
11427           	5.24005475e-02	5.24316095e-02	1.60851484e+00	8.56657968e-01	7.51856873e-01
11428           	5.24087109e-02	5.24382472e-02	1.60853130e+00	8.56674363e-01	7.51856941e-01
11429           	5.24169533e-02	5.24449244e-02	1.60854804e+00	8.56690971e-01	7.51857064e-01
11430           	5.24251391e-02	5.24516869e-02	1.60856491e+00	8.56707593e-01	7.51857315e-01
11431           	5.24321759e-02	5.24577405e-02	1.60857955e+00	8.56721953e-01	7.51857601e-01
11432           	5.24392185e-02	5.24638026e-02	1.60859445e+00	8.56736442e-01	7.51858004e-01
11433           	5.24457731e-02	5.24696498e-02	1.60860858e+00	8.56750063e-01	7.51858517e-01
11434           	5.24511471e-02	5.24747626e-02	1.60862042e+00	8.56761356e-01	7.51859062e-01
11435           	5.24561661e-02	5.24796728e-02	1.60863181e+00	8.56772069e-01	7.51859736e-01
11436           	5.24593176e-02	5.24832587e-02	1.60863900e+00	8.56778819e-01	7.51860184e-01
11437           	5.24634179e-02	5.24877286e-02	1.60864906e+00	8.56787948e-01	7.51861113e-01
11438           	5.24652634e-02	5.24905640e-02	1.60865406e+00	8.56792295e-01	7.51861769e-01
11439           	5.24665337e-02	5.24931264e-02	1.60865825e+00	8.56795661e-01	7.51862593e-01
11440           	5.24667338e-02	5.24948889e-02	1.60865995e+00	8.56796709e-01	7.51863241e-01
11441           	5.24659556e-02	5.24959280e-02	1.60865955e+00	8.56795731e-01	7.51863820e-01
11442           	5.24643083e-02	5.24962940e-02	1.60865731e+00	8.56792963e-01	7.51864346e-01
11443           	5.24620054e-02	5.24961731e-02	1.60865369e+00	8.56788851e-01	7.51864840e-01
11444           	5.24594713e-02	5.24959327e-02	1.60865002e+00	8.56784479e-01	7.51865537e-01
11445           	5.24560673e-02	5.24949657e-02	1.60864434e+00	8.56778238e-01	7.51866104e-01
11446           	5.24521053e-02	5.24935915e-02	1.60863753e+00	8.56770873e-01	7.51866662e-01
11447           	5.24474999e-02	5.24917247e-02	1.60862940e+00	8.56762198e-01	7.51867198e-01
11448           	5.24423831e-02	5.24895899e-02	1.60862064e+00	8.56752704e-01	7.51867938e-01
11449           	5.24367109e-02	5.24870081e-02	1.60861054e+00	8.56741982e-01	7.51868561e-01
11450           	5.24304371e-02	5.24839665e-02	1.60859918e+00	8.56730026e-01	7.51869152e-01
11451           	5.24235699e-02	5.24804401e-02	1.60858654e+00	8.56716842e-01	7.51869702e-01
11452           	5.24162788e-02	5.24765769e-02	1.60857296e+00	8.56702761e-01	7.51870203e-01
11453           	5.24085682e-02	5.24723536e-02	1.60855846e+00	8.56687797e-01	7.51870661e-01
11454           	5.24003079e-02	5.24677661e-02	1.60854302e+00	8.56671819e-01	7.51871203e-01
11455           	5.23918772e-02	5.24629518e-02	1.60852704e+00	8.56655395e-01	7.51871641e-01
11456           	5.23831138e-02	5.24577921e-02	1.60851027e+00	8.56638249e-01	7.51872021e-01
11457           	5.23741847e-02	5.24524283e-02	1.60849303e+00	8.56620700e-01	7.51872330e-01
11458           	5.23651187e-02	5.24468604e-02	1.60847539e+00	8.56602813e-01	7.51872576e-01
11459           	5.23554796e-02	5.24408724e-02	1.60845677e+00	8.56583864e-01	7.51872904e-01
11460           	5.23461225e-02	5.24349679e-02	1.60843851e+00	8.56565379e-01	7.51873134e-01
11461           	5.23368176e-02	5.24290006e-02	1.60842027e+00	8.56546954e-01	7.51873319e-01
11462           	5.23276061e-02	5.24229859e-02	1.60840215e+00	8.56528682e-01	7.51873470e-01
11463           	5.23186397e-02	5.24170612e-02	1.60838447e+00	8.56510876e-01	7.51873597e-01
11464           	5.23099282e-02	5.24112380e-02	1.60836731e+00	8.56493583e-01	7.51873727e-01
11465           	5.23015855e-02	5.24056367e-02	1.60835092e+00	8.56477048e-01	7.51873877e-01
11466           	5.22929830e-02	5.23998959e-02	1.60833428e+00	8.56460123e-01	7.51874157e-01
11467           	5.22847821e-02	5.23943409e-02	1.60831839e+00	8.56443977e-01	7.51874413e-01
11468           	5.22769439e-02	5.23889784e-02	1.60830321e+00	8.56428548e-01	7.51874660e-01
11469           	5.22694718e-02	5.23837999e-02	1.60828877e+00	8.56413858e-01	7.51874915e-01
11470           	5.22622864e-02	5.23787473e-02	1.60827496e+00	8.56399768e-01	7.51875195e-01
11471           	5.22553798e-02	5.23738309e-02	1.60826176e+00	8.56386259e-01	7.51875500e-01
11472           	5.22486322e-02	5.23689592e-02	1.60824894e+00	8.56373100e-01	7.51875836e-01
11473           	5.22414696e-02	5.23637850e-02	1.60823542e+00	8.56359179e-01	7.51876240e-01
11474           	5.22347453e-02	5.23587795e-02	1.60822260e+00	8.56346045e-01	7.51876554e-01
11475           	5.22283308e-02	5.23538992e-02	1.60821034e+00	8.56333500e-01	7.51876838e-01
11476           	5.22222236e-02	5.23491319e-02	1.60819864e+00	8.56321543e-01	7.51877096e-01
11477           	5.22164553e-02	5.23445054e-02	1.60818755e+00	8.56310231e-01	7.51877320e-01
11478           	5.22109455e-02	5.23399654e-02	1.60817693e+00	8.56299412e-01	7.51877521e-01
11479           	5.22056599e-02	5.23354957e-02	1.60816672e+00	8.56289022e-01	7.51877702e-01
11480           	5.22006480e-02	5.23311506e-02	1.60815701e+00	8.56279154e-01	7.51877858e-01
11481           	5.21959004e-02	5.23269364e-02	1.60814780e+00	8.56269800e-01	7.51878000e-01
11482           	5.21914069e-02	5.23228518e-02	1.60813907e+00	8.56260943e-01	7.51878130e-01
11483           	5.21871856e-02	5.23189123e-02	1.60813084e+00	8.56252608e-01	7.51878236e-01
11484           	5.21827318e-02	5.23147805e-02	1.60812200e+00	8.56243734e-01	7.51878270e-01
11485           	5.21787599e-02	5.23109070e-02	1.60811407e+00	8.56235796e-01	7.51878276e-01
11486           	5.21751846e-02	5.23072560e-02	1.60810690e+00	8.56228637e-01	7.51878268e-01
11487           	5.21720212e-02	5.23038370e-02	1.60810057e+00	8.56222305e-01	7.51878262e-01
11488           	5.21692610e-02	5.23006455e-02	1.60809504e+00	8.56216781e-01	7.51878259e-01
11489           	5.21668616e-02	5.22976522e-02	1.60809021e+00	8.56211965e-01	7.51878241e-01
11490           	5.21643989e-02	5.22945764e-02	1.60808502e+00	8.56206911e-01	7.51878113e-01
11491           	5.21623903e-02	5.22917678e-02	1.60808071e+00	8.56202745e-01	7.51877964e-01
11492           	5.21608003e-02	5.22892387e-02	1.60807719e+00	8.56199396e-01	7.51877795e-01
11493           	5.21596365e-02	5.22870065e-02	1.60807450e+00	8.56196888e-01	7.51877615e-01
11494           	5.21585753e-02	5.22848531e-02	1.60807175e+00	8.56194450e-01	7.51877299e-01
11495           	5.21579212e-02	5.22829475e-02	1.60806976e+00	8.56192800e-01	7.51876958e-01
11496           	5.21577559e-02	5.22813990e-02	1.60806874e+00	8.56192125e-01	7.51876614e-01
11497           	5.21581105e-02	5.22802373e-02	1.60806876e+00	8.56192490e-01	7.51876269e-01
11498           	5.21586215e-02	5.22792005e-02	1.60806880e+00	8.56193023e-01	7.51875780e-01
11499           	5.21595422e-02	5.22784306e-02	1.60806963e+00	8.56194355e-01	7.51875271e-01
11500           	5.21610240e-02	5.22780906e-02	1.60807157e+00	8.56196807e-01	7.51874759e-01
11501           	5.21629658e-02	5.22780930e-02	1.60807443e+00	8.56200182e-01	7.51874251e-01
11502           	5.21651901e-02	5.22783317e-02	1.60807757e+00	8.56203974e-01	7.51873594e-01
11503           	5.21678753e-02	5.22788888e-02	1.60808156e+00	8.56208657e-01	7.51872906e-01
11504           	5.21710142e-02	5.22797921e-02	1.60808648e+00	8.56214257e-01	7.51872228e-01
11505           	5.21745264e-02	5.22810049e-02	1.60809191e+00	8.56220481e-01	7.51871429e-01
11506           	5.21785203e-02	5.22825609e-02	1.60809830e+00	8.56227669e-01	7.51870629e-01
11507           	5.21829597e-02	5.22844713e-02	1.60810568e+00	8.56235798e-01	7.51869879e-01
11508           	5.21878728e-02	5.22867772e-02	1.60811384e+00	8.56244793e-01	7.51869047e-01
11509           	5.21932899e-02	5.22894609e-02	1.60812303e+00	8.56254806e-01	7.51868227e-01
11510           	5.21991363e-02	5.22925175e-02	1.60813324e+00	8.56265755e-01	7.51867482e-01
11511           	5.22055515e-02	5.22960605e-02	1.60814446e+00	8.56277784e-01	7.51866681e-01
11512           	5.22124330e-02	5.22999699e-02	1.60815663e+00	8.56290747e-01	7.51865881e-01
11513           	5.22197632e-02	5.23042792e-02	1.60816967e+00	8.56304596e-01	7.51865070e-01
11514           	5.22281163e-02	5.23092167e-02	1.60818403e+00	8.56320133e-01	7.51863900e-01
11515           	5.22363446e-02	5.23143439e-02	1.60819911e+00	8.56335898e-01	7.51863209e-01
11516           	5.22449232e-02	5.23198316e-02	1.60821510e+00	8.56352475e-01	7.51862629e-01
11517           	5.22534704e-02	5.23253795e-02	1.60823125e+00	8.56369097e-01	7.51862156e-01
11518           	5.22623441e-02	5.23312804e-02	1.60824816e+00	8.56386425e-01	7.51861737e-01
11519           	5.22721336e-02	5.23378204e-02	1.60826662e+00	8.56405441e-01	7.51861174e-01
11520           	5.22811090e-02	5.23439732e-02	1.60828379e+00	8.56423006e-01	7.51860788e-01
11521           	5.22904893e-02	5.23503668e-02	1.60830155e+00	8.56441267e-01	7.51860288e-01
11522           	5.23007450e-02	5.23573777e-02	1.60832080e+00	8.56461143e-01	7.51859653e-01
11523           	5.23106211e-02	5.23642488e-02	1.60833950e+00	8.56480371e-01	7.51859129e-01
11524           	5.23206817e-02	5.23713591e-02	1.60835861e+00	8.56499986e-01	7.51858622e-01
11525           	5.23306073e-02	5.23784441e-02	1.60837752e+00	8.56519367e-01	7.51858153e-01
11526           	5.23423228e-02	5.23868140e-02	1.60840006e+00	8.56542352e-01	7.51857706e-01
11527           	5.23516430e-02	5.23937559e-02	1.60841807e+00	8.56560679e-01	7.51857393e-01
11528           	5.23610972e-02	5.24009206e-02	1.60843657e+00	8.56579384e-01	7.51857190e-01
11529           	5.23706927e-02	5.24082070e-02	1.60845537e+00	8.56598376e-01	7.51856990e-01
11530           	5.23800992e-02	5.24154842e-02	1.60847398e+00	8.56617091e-01	7.51856893e-01
11531           	5.23902040e-02	5.24233486e-02	1.60849436e+00	8.56637383e-01	7.51856975e-01
11532           	5.23989189e-02	5.24302509e-02	1.60851190e+00	8.56654868e-01	7.51857030e-01
11533           	5.24107491e-02	5.24393968e-02	1.60853680e+00	8.56679147e-01	7.51857649e-01
11534           	5.24187001e-02	5.24459581e-02	1.60855324e+00	8.56695319e-01	7.51857919e-01
11535           	5.24251213e-02	5.24515592e-02	1.60856653e+00	8.56708388e-01	7.51858146e-01
11536           	5.24308776e-02	5.24566824e-02	1.60857844e+00	8.56720098e-01	7.51858343e-01
11537           	5.24377011e-02	5.24626228e-02	1.60859296e+00	8.56734180e-01	7.51858778e-01
11538           	5.24421432e-02	5.24668982e-02	1.60860210e+00	8.56743192e-01	7.51858906e-01
11539           	5.24466051e-02	5.24712902e-02	1.60861156e+00	8.56752386e-01	7.51859175e-01
11540           	5.24508872e-02	5.24755365e-02	1.60862063e+00	8.56761203e-01	7.51859428e-01
11541           	5.24549751e-02	5.24797437e-02	1.60862962e+00	8.56769785e-01	7.51859835e-01
11542           	5.24592227e-02	5.24841756e-02	1.60863931e+00	8.56778876e-01	7.51860431e-01
11543           	5.24615097e-02	5.24872132e-02	1.60864476e+00	8.56783889e-01	7.51860870e-01
11544           	5.24635905e-02	5.24901060e-02	1.60865016e+00	8.56788671e-01	7.51861490e-01
11545           	5.24650296e-02	5.24926345e-02	1.60865443e+00	8.56792243e-01	7.51862184e-01
11546           	5.24653532e-02	5.24943921e-02	1.60865648e+00	8.56793591e-01	7.51862885e-01
11547           	5.24652276e-02	5.24958575e-02	1.60865799e+00	8.56794222e-01	7.51863767e-01
11548           	5.24643379e-02	5.24968742e-02	1.60865802e+00	8.56793347e-01	7.51864671e-01
11549           	5.24622821e-02	5.24970702e-02	1.60865557e+00	8.56790069e-01	7.51865505e-01
11550           	5.24591264e-02	5.24964442e-02	1.60865073e+00	8.56784493e-01	7.51866240e-01
11551           	5.24554198e-02	5.24954506e-02	1.60864493e+00	8.56777887e-01	7.51867047e-01
11552           	5.24509355e-02	5.24939069e-02	1.60863747e+00	8.56769669e-01	7.51867798e-01
11553           	5.24455813e-02	5.24916380e-02	1.60862800e+00	8.56759582e-01	7.51868420e-01
11554           	5.24396012e-02	5.24888395e-02	1.60861702e+00	8.56748110e-01	7.51868908e-01
11555           	5.24330543e-02	5.24855715e-02	1.60860496e+00	8.56735533e-01	7.51869425e-01
11556           	5.24260075e-02	5.24819134e-02	1.60859185e+00	8.56721931e-01	7.51869915e-01
11557           	5.24186209e-02	5.24779230e-02	1.60857784e+00	8.56707539e-01	7.51870297e-01
11558           	5.24107339e-02	5.24734961e-02	1.60856285e+00	8.56692159e-01	7.51870691e-01
11559           	5.24025152e-02	5.24688121e-02	1.60854720e+00	8.56676114e-01	7.51871084e-01
11560           	5.23941947e-02	5.24639734e-02	1.60853115e+00	8.56659767e-01	7.51871378e-01
11561           	5.23857811e-02	5.24589779e-02	1.60851477e+00	8.56643167e-01	7.51871605e-01
11562           	5.23769995e-02	5.24536898e-02	1.60849775e+00	8.56625875e-01	7.51871876e-01
11563           	5.23681519e-02	5.24483689e-02	1.60848071e+00	8.56608507e-01	7.51872203e-01
11564           	5.23593241e-02	5.24429604e-02	1.60846365e+00	8.56591149e-01	7.51872501e-01
11565           	5.23506323e-02	5.24375804e-02	1.60844681e+00	8.56574039e-01	7.51872774e-01
11566           	5.23414698e-02	5.24318015e-02	1.60842914e+00	8.56556042e-01	7.51873102e-01
11567           	5.23323722e-02	5.24260468e-02	1.60841170e+00	8.56538220e-01	7.51873476e-01
11568           	5.23235221e-02	5.24203807e-02	1.60839465e+00	8.56520848e-01	7.51873804e-01
11569           	5.23148761e-02	5.24147660e-02	1.60837795e+00	8.56503851e-01	7.51874099e-01
11570           	5.23057577e-02	5.24087140e-02	1.60836031e+00	8.56485913e-01	7.51874398e-01
11571           	5.22970212e-02	5.24029024e-02	1.60834345e+00	8.56468744e-01	7.51874702e-01
11572           	5.22886225e-02	5.23972244e-02	1.60832716e+00	8.56452202e-01	7.51874957e-01
11573           	5.22806322e-02	5.23917533e-02	1.60831160e+00	8.56436434e-01	7.51875169e-01
11574           	5.22729332e-02	5.23864051e-02	1.60829660e+00	8.56421235e-01	7.51875368e-01
11575           	5.22648351e-02	5.23806555e-02	1.60828076e+00	8.56405214e-01	7.51875544e-01
11576           	5.22573098e-02	5.23752781e-02	1.60826612e+00	8.56390371e-01	7.51875752e-01
11577           	5.22501393e-02	5.23700673e-02	1.60825217e+00	8.56376225e-01	7.51875947e-01
11578           	5.22433003e-02	5.23650114e-02	1.60823888e+00	8.56362742e-01	7.51876142e-01
11579           	5.22368223e-02	5.23601495e-02	1.60822632e+00	8.56349985e-01	7.51876340e-01
11580           	5.22306175e-02	5.23554165e-02	1.60821435e+00	8.56337793e-01	7.51876558e-01
11581           	5.22240872e-02	5.23503367e-02	1.60820164e+00	8.56324907e-01	7.51876733e-01
11582           	5.22181598e-02	5.23456640e-02	1.60819026e+00	8.56313289e-01	7.51876970e-01
11583           	5.22125797e-02	5.23411613e-02	1.60817956e+00	8.56302362e-01	7.51877203e-01
11584           	5.22073285e-02	5.23368149e-02	1.60816952e+00	8.56292089e-01	7.51877432e-01
11585           	5.22024150e-02	5.23326381e-02	1.60816014e+00	8.56282483e-01	7.51877653e-01
11586           	5.21977929e-02	5.23286003e-02	1.60815134e+00	8.56273461e-01	7.51877876e-01
11587           	5.21934362e-02	5.23246821e-02	1.60814307e+00	8.56264973e-01	7.51878100e-01
11588           	5.21888743e-02	5.23204880e-02	1.60813415e+00	8.56255950e-01	7.51878202e-01
11589           	5.21847573e-02	5.23166049e-02	1.60812625e+00	8.56247883e-01	7.51878369e-01
11590           	5.21809264e-02	5.23128612e-02	1.60811887e+00	8.56240363e-01	7.51878510e-01
11591           	5.21774323e-02	5.23093001e-02	1.60811210e+00	8.56233484e-01	7.51878619e-01
11592           	5.21742497e-02	5.23059109e-02	1.60810590e+00	8.56227198e-01	7.51878699e-01
11593           	5.21713646e-02	5.23026844e-02	1.60810022e+00	8.56221475e-01	7.51878746e-01
11594           	5.21683562e-02	5.22992392e-02	1.60809389e+00	8.56215301e-01	7.51878589e-01
11595           	5.21657744e-02	5.22961166e-02	1.60808854e+00	8.56210043e-01	7.51878494e-01
11596           	5.21636012e-02	5.22932434e-02	1.60808393e+00	8.56205567e-01	7.51878364e-01
11597           	5.21618553e-02	5.22906374e-02	1.60808012e+00	8.56201913e-01	7.51878203e-01
11598           	5.21601462e-02	5.22879540e-02	1.60807594e+00	8.56198117e-01	7.51877825e-01
11599           	5.21589312e-02	5.22856822e-02	1.60807291e+00	8.56195387e-01	7.51877525e-01
11600           	5.21582199e-02	5.22837583e-02	1.60807087e+00	8.56193657e-01	7.51877218e-01
11601           	5.21580099e-02	5.22821942e-02	1.60806984e+00	8.56192932e-01	7.51876912e-01
11602           	5.21579948e-02	5.22806953e-02	1.60806878e+00	8.56192383e-01	7.51876394e-01
11603           	5.21584194e-02	5.22795795e-02	1.60806877e+00	8.56192805e-01	7.51875966e-01
11604           	5.21593453e-02	5.22788346e-02	1.60806978e+00	8.56194235e-01	7.51875544e-01
11605           	5.21605750e-02	5.22782522e-02	1.60807098e+00	8.56196066e-01	7.51874916e-01
11606           	5.21622480e-02	5.22780688e-02	1.60807326e+00	8.56198876e-01	7.51874380e-01
11607           	5.21644635e-02	5.22783021e-02	1.60807667e+00	8.56202798e-01	7.51873871e-01
11608           	5.21670663e-02	5.22787692e-02	1.60808045e+00	8.56207289e-01	7.51873157e-01
11609           	5.21700689e-02	5.22796090e-02	1.60808519e+00	8.56212665e-01	7.51872528e-01
11610           	5.21735735e-02	5.22808435e-02	1.60809101e+00	8.56219080e-01	7.51871933e-01
11611           	5.21774926e-02	5.22823310e-02	1.60809726e+00	8.56226123e-01	7.51871137e-01
11612           	5.21817514e-02	5.22841483e-02	1.60810434e+00	8.56233923e-01	7.51870420e-01
11613           	5.21864744e-02	5.22863432e-02	1.60811245e+00	8.56242700e-01	7.51869752e-01
11614           	5.21916994e-02	5.22888595e-02	1.60812119e+00	8.56252294e-01	7.51868896e-01
11615           	5.21972941e-02	5.22917385e-02	1.60813082e+00	8.56262704e-01	7.51868116e-01
11616           	5.22034178e-02	5.22949756e-02	1.60814127e+00	8.56274051e-01	7.51867215e-01
11617           	5.22104450e-02	5.22988087e-02	1.60815272e+00	8.56286805e-01	7.51865915e-01
11618           	5.22178146e-02	5.23030157e-02	1.60816545e+00	8.56300538e-01	7.51864909e-01
11619           	5.22255826e-02	5.23076549e-02	1.60817948e+00	8.56315322e-01	7.51864156e-01
11620           	5.22335781e-02	5.23126999e-02	1.60819459e+00	8.56330874e-01	7.51863717e-01
11621           	5.22417137e-02	5.23179101e-02	1.60820998e+00	8.56346702e-01	7.51863275e-01
11622           	5.22500034e-02	5.23233216e-02	1.60822577e+00	8.56362890e-01	7.51862883e-01
11623           	5.22586696e-02	5.23290201e-02	1.60824219e+00	8.56379766e-01	7.51862427e-01
11624           	5.22672341e-02	5.23346671e-02	1.60825840e+00	8.56396436e-01	7.51861968e-01
11625           	5.22762232e-02	5.23406886e-02	1.60827543e+00	8.56413936e-01	7.51861489e-01
11626           	5.22864063e-02	5.23474893e-02	1.60829437e+00	8.56433590e-01	7.51860778e-01
11627           	5.22962651e-02	5.23542175e-02	1.60831282e+00	8.56452673e-01	7.51860143e-01
11628           	5.23061837e-02	5.23610468e-02	1.60833136e+00	8.56471866e-01	7.51859498e-01
11629           	5.23161276e-02	5.23680607e-02	1.60835014e+00	8.56491198e-01	7.51858943e-01
11630           	5.23275480e-02	5.23761189e-02	1.60837177e+00	8.56513435e-01	7.51858339e-01
11631           	5.23371557e-02	5.23831913e-02	1.60839021e+00	8.56532260e-01	7.51857949e-01
11632           	5.23469564e-02	5.23904060e-02	1.60840908e+00	8.56551496e-01	7.51857583e-01
11633           	5.23575034e-02	5.23981833e-02	1.60842954e+00	8.56572271e-01	7.51857264e-01
11634           	5.23667986e-02	5.24052160e-02	1.60844764e+00	8.56590620e-01	7.51857022e-01
11635           	5.23761421e-02	5.24124051e-02	1.60846617e+00	8.56609226e-01	7.51856942e-01
11636           	5.23855575e-02	5.24196461e-02	1.60848492e+00	8.56628018e-01	7.51856903e-01
11637           	5.23946733e-02	5.24268158e-02	1.60850331e+00	8.56646330e-01	7.51856984e-01
11638           	5.24052817e-02	5.24350847e-02	1.60852522e+00	8.56667890e-01	7.51857327e-01
11639           	5.24134175e-02	5.24417040e-02	1.60854186e+00	8.56684347e-01	7.51857512e-01
11640           	5.24208680e-02	5.24480001e-02	1.60855741e+00	8.56699573e-01	7.51857837e-01
11641           	5.24293414e-02	5.24550419e-02	1.60857537e+00	8.56717027e-01	7.51858344e-01
11642           	5.24359577e-02	5.24608612e-02	1.60858944e+00	8.56730679e-01	7.51858764e-01
11643           	5.24411727e-02	5.24657163e-02	1.60860043e+00	8.56741387e-01	7.51859042e-01
11644           	5.24460363e-02	5.24704404e-02	1.60861100e+00	8.56751535e-01	7.51859463e-01
11645           	5.24509176e-02	5.24751553e-02	1.60862159e+00	8.56761713e-01	7.51859878e-01
11646           	5.24544595e-02	5.24789495e-02	1.60862928e+00	8.56769100e-01	7.51860181e-01
11647           	5.24579576e-02	5.24828237e-02	1.60863731e+00	8.56776611e-01	7.51860696e-01
11648           	5.24606345e-02	5.24860972e-02	1.60864353e+00	8.56782400e-01	7.51861131e-01
11649           	5.24624392e-02	5.24888055e-02	1.60864803e+00	8.56786453e-01	7.51861575e-01
11650           	5.24640437e-02	5.24914034e-02	1.60865249e+00	8.56790286e-01	7.51862199e-01
11651           	5.24641952e-02	5.24928982e-02	1.60865363e+00	8.56791011e-01	7.51862620e-01
11652           	5.24648055e-02	5.24948943e-02	1.60865653e+00	8.56793069e-01	7.51863458e-01
11653           	5.24637839e-02	5.24956571e-02	1.60865573e+00	8.56791649e-01	7.51864081e-01
11654           	5.24622320e-02	5.24961808e-02	1.60865430e+00	8.56789384e-01	7.51864920e-01
11655           	5.24598942e-02	5.24961453e-02	1.60865120e+00	8.56785495e-01	7.51865707e-01
11656           	5.24565958e-02	5.24953998e-02	1.60864604e+00	8.56779618e-01	7.51866426e-01
11657           	5.24526594e-02	5.24942960e-02	1.60863997e+00	8.56772646e-01	7.51867328e-01
11658           	5.24479765e-02	5.24926003e-02	1.60863220e+00	8.56764075e-01	7.51868122e-01
11659           	5.24424996e-02	5.24902594e-02	1.60862267e+00	8.56753834e-01	7.51868835e-01
11660           	5.24362776e-02	5.24872728e-02	1.60861145e+00	8.56742001e-01	7.51869446e-01
11661           	5.24295342e-02	5.24838370e-02	1.60859896e+00	8.56729016e-01	7.51869947e-01
11662           	5.24221769e-02	5.24799959e-02	1.60858543e+00	8.56714894e-01	7.51870540e-01
11663           	5.24144232e-02	5.24757231e-02	1.60857080e+00	8.56699822e-01	7.51870976e-01
11664           	5.24063796e-02	5.24711779e-02	1.60855540e+00	8.56684079e-01	7.51871319e-01
11665           	5.23980609e-02	5.24663467e-02	1.60853929e+00	8.56667704e-01	7.51871582e-01
11666           	5.23896261e-02	5.24613746e-02	1.60852281e+00	8.56651030e-01	7.51871778e-01
11667           	5.23806618e-02	5.24560499e-02	1.60850547e+00	8.56633398e-01	7.51872075e-01
11668           	5.23720790e-02	5.24508127e-02	1.60848854e+00	8.56616351e-01	7.51872193e-01
11669           	5.23626686e-02	5.24450729e-02	1.60847043e+00	8.56597885e-01	7.51872548e-01
11670           	5.23536287e-02	5.24394543e-02	1.60845286e+00	8.56580058e-01	7.51872801e-01
11671           	5.23447910e-02	5.24338612e-02	1.60843564e+00	8.56562609e-01	7.51873027e-01
11672           	5.23356255e-02	5.24279727e-02	1.60841787e+00	8.56544559e-01	7.51873308e-01
11673           	5.23266935e-02	5.24222252e-02	1.60840064e+00	8.56527014e-01	7.51873627e-01
11674           	5.23179725e-02	5.24165381e-02	1.60838381e+00	8.56509880e-01	7.51873935e-01
11675           	5.23089441e-02	5.24105785e-02	1.60836642e+00	8.56492154e-01	7.51874266e-01
11676           	5.23002179e-02	5.24048053e-02	1.60834962e+00	8.56475027e-01	7.51874591e-01
11677           	5.22919191e-02	5.23992734e-02	1.60833357e+00	8.56458706e-01	7.51874867e-01
11678           	5.22839820e-02	5.23939195e-02	1.60831819e+00	8.56443075e-01	7.51875111e-01
11679           	5.22757100e-02	5.23882290e-02	1.60830211e+00	8.56426767e-01	7.51875347e-01
11680           	5.22679271e-02	5.23828323e-02	1.60828701e+00	8.56411431e-01	7.51875577e-01
11681           	5.22605161e-02	5.23775966e-02	1.60827261e+00	8.56396821e-01	7.51875789e-01
11682           	5.22534318e-02	5.23724870e-02	1.60825885e+00	8.56382859e-01	7.51875995e-01
11683           	5.22466769e-02	5.23675261e-02	1.60824576e+00	8.56369556e-01	7.51876203e-01
11684           	5.22395948e-02	5.23622185e-02	1.60823196e+00	8.56355577e-01	7.51876388e-01
11685           	5.22329748e-02	5.23571977e-02	1.60821919e+00	8.56342570e-01	7.51876621e-01
11686           	5.22267525e-02	5.23523859e-02	1.60820719e+00	8.56330349e-01	7.51876844e-01
11687           	5.22208827e-02	5.23477521e-02	1.60819589e+00	8.56318829e-01	7.51877064e-01
11688           	5.22153058e-02	5.23432552e-02	1.60818519e+00	8.56307899e-01	7.51877288e-01
11689           	5.22100225e-02	5.23389015e-02	1.60817506e+00	8.56297552e-01	7.51877507e-01
11690           	5.22049572e-02	5.23346356e-02	1.60816538e+00	8.56287646e-01	7.51877731e-01
11691           	5.21996002e-02	5.23300430e-02	1.60815494e+00	8.56277071e-01	7.51877870e-01
11692           	5.21947771e-02	5.23258243e-02	1.60814569e+00	8.56267624e-01	7.51878070e-01
11693           	5.21903114e-02	5.23217983e-02	1.60813714e+00	8.56258879e-01	7.51878257e-01
11694           	5.21861957e-02	5.23179582e-02	1.60812925e+00	8.56250820e-01	7.51878429e-01
11695           	5.21824120e-02	5.23142919e-02	1.60812198e+00	8.56243401e-01	7.51878578e-01
11696           	5.21788940e-02	5.23107524e-02	1.60811520e+00	8.56236494e-01	7.51878706e-01
11697           	5.21752035e-02	5.23069594e-02	1.60810775e+00	8.56229080e-01	7.51878673e-01
11698           	5.21719743e-02	5.23034964e-02	1.60810135e+00	8.56222647e-01	7.51878698e-01
11699           	5.21691391e-02	5.23002586e-02	1.60809567e+00	8.56216973e-01	7.51878695e-01
11700           	5.21667030e-02	5.22972558e-02	1.60809074e+00	8.56212072e-01	7.51878666e-01
11701           	5.21646263e-02	5.22944608e-02	1.60808645e+00	8.56207853e-01	7.51878600e-01
11702           	5.21624990e-02	5.22915134e-02	1.60808164e+00	8.56203320e-01	7.51878322e-01
11703           	5.21608101e-02	5.22889235e-02	1.60807784e+00	8.56199730e-01	7.51878110e-01
11704           	5.21595655e-02	5.22866327e-02	1.60807488e+00	8.56197006e-01	7.51877875e-01
11705           	5.21587773e-02	5.22846643e-02	1.60807281e+00	8.56195183e-01	7.51877628e-01
11706           	5.21581111e-02	5.22827079e-02	1.60807054e+00	8.56193383e-01	7.51877161e-01
11707           	5.21578821e-02	5.22811292e-02	1.60806931e+00	8.56192539e-01	7.51876775e-01
11708           	5.21581641e-02	5.22799239e-02	1.60806910e+00	8.56192715e-01	7.51876387e-01
11709           	5.21589781e-02	5.22791165e-02	1.60806995e+00	8.56193953e-01	7.51875996e-01
11710           	5.21599596e-02	5.22783499e-02	1.60807067e+00	8.56195295e-01	7.51875376e-01
11711           	5.21614034e-02	5.22779964e-02	1.60807249e+00	8.56197648e-01	7.51874841e-01
11712           	5.21634132e-02	5.22780748e-02	1.60807545e+00	8.56201137e-01	7.51874311e-01
11713           	5.21656982e-02	5.22782809e-02	1.60807853e+00	8.56204962e-01	7.51873566e-01
11714           	5.21684604e-02	5.22789235e-02	1.60808274e+00	8.56209833e-01	7.51872912e-01
11715           	5.21718087e-02	5.22800297e-02	1.60808819e+00	8.56215903e-01	7.51872285e-01
11716           	5.21754731e-02	5.22813011e-02	1.60809388e+00	8.56222412e-01	7.51871466e-01
11717           	5.21795744e-02	5.22829870e-02	1.60810063e+00	8.56229888e-01	7.51870739e-01
11718           	5.21842260e-02	5.22851255e-02	1.60810858e+00	8.56238516e-01	7.51870064e-01
11719           	5.21892453e-02	5.22874711e-02	1.60811693e+00	8.56247710e-01	7.51869219e-01
11720           	5.21947027e-02	5.22902407e-02	1.60812633e+00	8.56257867e-01	7.51868461e-01
11721           	5.22007585e-02	5.22934313e-02	1.60813668e+00	8.56269098e-01	7.51867581e-01
11722           	5.22075225e-02	5.22970549e-02	1.60814768e+00	8.56281362e-01	7.51866317e-01
11723           	5.22147433e-02	5.23011407e-02	1.60816015e+00	8.56294818e-01	7.51865331e-01
11724           	5.22224738e-02	5.23057508e-02	1.60817413e+00	8.56309540e-01	7.51864592e-01
11725           	5.22304065e-02	5.23106497e-02	1.60818895e+00	8.56324880e-01	7.51864067e-01
11726           	5.22385049e-02	5.23158095e-02	1.60820436e+00	8.56340684e-01	7.51863674e-01
11727           	5.22468123e-02	5.23212294e-02	1.60822026e+00	8.56356940e-01	7.51863315e-01
11728           	5.22551715e-02	5.23267237e-02	1.60823620e+00	8.56373272e-01	7.51862929e-01
11729           	5.22637340e-02	5.23323858e-02	1.60825242e+00	8.56389942e-01	7.51862474e-01
11730           	5.22726511e-02	5.23383272e-02	1.60826917e+00	8.56407236e-01	7.51861934e-01
11731           	5.22817793e-02	5.23444231e-02	1.60828620e+00	8.56424880e-01	7.51861321e-01
11732           	5.22912101e-02	5.23507671e-02	1.60830372e+00	8.56443069e-01	7.51860649e-01
11733           	5.23009933e-02	5.23574291e-02	1.60832187e+00	8.56461926e-01	7.51859940e-01
11734           	5.23111383e-02	5.23644485e-02	1.60834074e+00	8.56481506e-01	7.51859229e-01
11735           	5.23214227e-02	5.23716692e-02	1.60835999e+00	8.56501417e-01	7.51858572e-01
11736           	5.23318431e-02	5.23791145e-02	1.60837968e+00	8.56521685e-01	7.51857999e-01
11737           	5.23423591e-02	5.23867711e-02	1.60839978e+00	8.56542249e-01	7.51857531e-01
11738           	5.23526737e-02	5.23944039e-02	1.60841972e+00	8.56562536e-01	7.51857188e-01
11739           	5.23627309e-02	5.24019645e-02	1.60843940e+00	8.56582431e-01	7.51856969e-01
11740           	5.23725446e-02	5.24094580e-02	1.60845882e+00	8.56601953e-01	7.51856864e-01
11741           	5.23821331e-02	5.24168907e-02	1.60847800e+00	8.56621131e-01	7.51856865e-01
11742           	5.23913602e-02	5.24241485e-02	1.60849666e+00	8.56639692e-01	7.51856972e-01
11743           	5.24002267e-02	5.24312220e-02	1.60851478e+00	8.56657617e-01	7.51857164e-01
11744           	5.24087401e-02	5.24381138e-02	1.60853232e+00	8.56674902e-01	7.51857421e-01
11745           	5.24168865e-02	5.24448110e-02	1.60854923e+00	8.56691499e-01	7.51857727e-01
11746           	5.24245416e-02	5.24512281e-02	1.60856523e+00	8.56707156e-01	7.51858073e-01
11747           	5.24316606e-02	5.24573255e-02	1.60858022e+00	8.56721768e-01	7.51858447e-01
11748           	5.24382221e-02	5.24630876e-02	1.60859412e+00	8.56735283e-01	7.51858839e-01
11749           	5.24441546e-02	5.24684758e-02	1.60860681e+00	8.56747561e-01	7.51859252e-01
11750           	5.24493999e-02	5.24734325e-02	1.60861817e+00	8.56758487e-01	7.51859687e-01
11751           	5.24539406e-02	5.24779409e-02	1.60862817e+00	8.56768025e-01	7.51860143e-01
11752           	5.24577612e-02	5.24819892e-02	1.60863678e+00	8.56776150e-01	7.51860628e-01
11753           	5.24608669e-02	5.24856069e-02	1.60864404e+00	8.56782885e-01	7.51861151e-01
11754           	5.24631876e-02	5.24887178e-02	1.60864980e+00	8.56788089e-01	7.51861714e-01
11755           	5.24647022e-02	5.24912896e-02	1.60865404e+00	8.56791721e-01	7.51862317e-01
11756           	5.24654634e-02	5.24933812e-02	1.60865684e+00	8.56793881e-01	7.51862954e-01
11757           	5.24654050e-02	5.24949085e-02	1.60865805e+00	8.56794430e-01	7.51863620e-01
11758           	5.24640508e-02	5.24953914e-02	1.60865627e+00	8.56792187e-01	7.51864086e-01
11759           	5.24621030e-02	5.24955294e-02	1.60865341e+00	8.56788806e-01	7.51864600e-01
11760           	5.24598602e-02	5.24954922e-02	1.60865030e+00	8.56785011e-01	7.51865291e-01
11761           	5.24569386e-02	5.24950146e-02	1.60864597e+00	8.56779922e-01	7.51866045e-01
11762           	5.24531747e-02	5.24938940e-02	1.60863973e+00	8.56773038e-01	7.51866689e-01
11763           	5.24488698e-02	5.24923962e-02	1.60863263e+00	8.56765184e-01	7.51867445e-01
11764           	5.24438321e-02	5.24903675e-02	1.60862406e+00	8.56755862e-01	7.51868198e-01
11765           	5.24381409e-02	5.24877996e-02	1.60861393e+00	8.56745105e-01	7.51868824e-01
11766           	5.24318454e-02	5.24847662e-02	1.60860270e+00	8.56733196e-01	7.51869505e-01
11767           	5.24249692e-02	5.24812763e-02	1.60859023e+00	8.56720082e-01	7.51870144e-01
11768           	5.24176860e-02	5.24774004e-02	1.60857665e+00	8.56706009e-01	7.51870637e-01
11769           	5.24098300e-02	5.24730539e-02	1.60856192e+00	8.56690792e-01	7.51871132e-01
11770           	5.24017242e-02	5.24685301e-02	1.60854660e+00	8.56675023e-01	7.51871575e-01
11771           	5.23934222e-02	5.24637419e-02	1.60853059e+00	8.56658720e-01	7.51871875e-01
11772           	5.23845719e-02	5.24584684e-02	1.60851348e+00	8.56641312e-01	7.51872168e-01
11773           	5.23756286e-02	5.24531137e-02	1.60849615e+00	8.56623701e-01	7.51872444e-01
11774           	5.23667218e-02	5.24476574e-02	1.60847870e+00	8.56606073e-01	7.51872630e-01
11775           	5.23573612e-02	5.24417773e-02	1.60846039e+00	8.56587556e-01	7.51872834e-01
11776           	5.23481245e-02	5.24359734e-02	1.60844238e+00	8.56569314e-01	7.51873065e-01
11777           	5.23391530e-02	5.24302525e-02	1.60842481e+00	8.56551560e-01	7.51873254e-01
11778           	5.23303815e-02	5.24245838e-02	1.60840765e+00	8.56534208e-01	7.51873445e-01
11779           	5.23212658e-02	5.24186201e-02	1.60838992e+00	8.56516224e-01	7.51873692e-01
11780           	5.23124297e-02	5.24128390e-02	1.60837285e+00	8.56498856e-01	7.51873996e-01
11781           	5.23039596e-02	5.24072595e-02	1.60835650e+00	8.56482208e-01	7.51874289e-01
11782           	5.22957797e-02	5.24018192e-02	1.60834072e+00	8.56466142e-01	7.51874582e-01
11783           	5.22871834e-02	5.23959980e-02	1.60832415e+00	8.56449259e-01	7.51874892e-01
11784           	5.22790452e-02	5.23904721e-02	1.60830852e+00	8.56433305e-01	7.51875215e-01
11785           	5.22712540e-02	5.23850992e-02	1.60829351e+00	8.56418011e-01	7.51875503e-01
11786           	5.22637686e-02	5.23798444e-02	1.60827907e+00	8.56403302e-01	7.51875765e-01
11787           	5.22565933e-02	5.23747278e-02	1.60826520e+00	8.56389193e-01	7.51876006e-01
11788           	5.22490311e-02	5.23692197e-02	1.60825048e+00	8.56374271e-01	7.51876209e-01
11789           	5.22419690e-02	5.23640112e-02	1.60823683e+00	8.56360384e-01	7.51876446e-01
11790           	5.22353188e-02	5.23590078e-02	1.60822395e+00	8.56347296e-01	7.51876658e-01
11791           	5.22290393e-02	5.23541838e-02	1.60821180e+00	8.56334939e-01	7.51876860e-01
11792           	5.22230654e-02	5.23494953e-02	1.60820026e+00	8.56323194e-01	7.51877063e-01
11793           	5.22174127e-02	5.23449633e-02	1.60818936e+00	8.56312091e-01	7.51877265e-01
11794           	5.22119977e-02	5.23405269e-02	1.60817894e+00	8.56301469e-01	7.51877474e-01
11795           	5.22062666e-02	5.23357387e-02	1.60816774e+00	8.56290136e-01	7.51877603e-01
11796           	5.22010905e-02	5.23313354e-02	1.60815777e+00	8.56279976e-01	7.51877795e-01
11797           	5.21962772e-02	5.23271316e-02	1.60814852e+00	8.56270536e-01	7.51877981e-01
11798           	5.21918412e-02	5.23231416e-02	1.60814001e+00	8.56261848e-01	7.51878166e-01
11799           	5.21877670e-02	5.23193553e-02	1.60813221e+00	8.56253872e-01	7.51878338e-01
11800           	5.21839606e-02	5.23157017e-02	1.60812492e+00	8.56246423e-01	7.51878502e-01
11801           	5.21799256e-02	5.23117585e-02	1.60811690e+00	8.56238376e-01	7.51878525e-01
11802           	5.21763396e-02	5.23081346e-02	1.60810990e+00	8.56231291e-01	7.51878612e-01
11803           	5.21731056e-02	5.23047022e-02	1.60810357e+00	8.56224889e-01	7.51878678e-01
11804           	5.21702520e-02	5.23014871e-02	1.60809795e+00	8.56219226e-01	7.51878722e-01
11805           	5.21677521e-02	5.22984691e-02	1.60809297e+00	8.56214236e-01	7.51878732e-01
11806           	5.21651490e-02	5.22952499e-02	1.60808738e+00	8.56208839e-01	7.51878541e-01
11807           	5.21629777e-02	5.22923656e-02	1.60808278e+00	8.56204366e-01	7.51878410e-01
11808           	5.21612357e-02	5.22897526e-02	1.60807896e+00	8.56200718e-01	7.51878247e-01
11809           	5.21599361e-02	5.22874368e-02	1.60807600e+00	8.56197934e-01	7.51878062e-01
11810           	5.21587252e-02	5.22850964e-02	1.60807277e+00	8.56195108e-01	7.51877658e-01
11811           	5.21579565e-02	5.22831301e-02	1.60807056e+00	8.56193237e-01	7.51877324e-01
11812           	5.21576856e-02	5.22815217e-02	1.60806933e+00	8.56192353e-01	7.51876982e-01
11813           	5.21579456e-02	5.22803036e-02	1.60806916e+00	8.56192525e-01	7.51876634e-01
11814           	5.21583526e-02	5.22791080e-02	1.60806882e+00	8.56192764e-01	7.51876059e-01
11815           	5.21592037e-02	5.22783087e-02	1.60806954e+00	8.56193976e-01	7.51875568e-01
11816           	5.21606165e-02	5.22779346e-02	1.60807139e+00	8.56196312e-01	7.51875079e-01
11817           	5.21622810e-02	5.22776709e-02	1.60807332e+00	8.56198940e-01	7.51874378e-01
11818           	5.21644303e-02	5.22778463e-02	1.60807640e+00	8.56202631e-01	7.51873771e-01
11819           	5.21671813e-02	5.22784930e-02	1.60808075e+00	8.56207554e-01	7.51873191e-01
11820           	5.21702405e-02	5.22792991e-02	1.60808531e+00	8.56212897e-01	7.51872416e-01
11821           	5.21737446e-02	5.22805238e-02	1.60809095e+00	8.56219220e-01	7.51871731e-01
11822           	5.21778068e-02	5.22821988e-02	1.60809779e+00	8.56226704e-01	7.51871090e-01
11823           	5.21821961e-02	5.22840472e-02	1.60810493e+00	8.56234662e-01	7.51870270e-01
11824           	5.21870024e-02	5.22862997e-02	1.60811307e+00	8.56243539e-01	7.51869534e-01
11825           	5.21923532e-02	5.22889234e-02	1.60812203e+00	8.56253369e-01	7.51868662e-01
11826           	5.21982664e-02	5.22918850e-02	1.60813131e+00	8.56263920e-01	7.51867388e-01
11827           	5.22046373e-02	5.22953576e-02	1.60814240e+00	8.56275836e-01	7.51866561e-01
11828           	5.22115270e-02	5.22993518e-02	1.60815488e+00	8.56288969e-01	7.51865915e-01
11829           	5.22186082e-02	5.23036046e-02	1.60816811e+00	8.56302662e-01	7.51865446e-01
11830           	5.22261145e-02	5.23081454e-02	1.60818204e+00	8.56317135e-01	7.51864906e-01
11831           	5.22343474e-02	5.23132088e-02	1.60819708e+00	8.56332888e-01	7.51864193e-01
11832           	5.22423059e-02	5.23181994e-02	1.60821196e+00	8.56348287e-01	7.51863675e-01
11833           	5.22507443e-02	5.23236116e-02	1.60822770e+00	8.56364593e-01	7.51863104e-01
11834           	5.22599398e-02	5.23295658e-02	1.60824463e+00	8.56382256e-01	7.51862376e-01
11835           	5.22690478e-02	5.23355394e-02	1.60826147e+00	8.56399783e-01	7.51861687e-01
11836           	5.22784584e-02	5.23417974e-02	1.60827888e+00	8.56417901e-01	7.51860984e-01
11837           	5.22880326e-02	5.23483541e-02	1.60829683e+00	8.56436450e-01	7.51860384e-01
11838           	5.23002252e-02	5.23566525e-02	1.60831954e+00	8.56459994e-01	7.51859544e-01
11839           	5.23097113e-02	5.23634132e-02	1.60833762e+00	8.56478520e-01	7.51859097e-01
11840           	5.23190698e-02	5.23701491e-02	1.60835555e+00	8.56496845e-01	7.51858706e-01
11841           	5.23298124e-02	5.23778614e-02	1.60837625e+00	8.56517936e-01	7.51858311e-01
11842           	5.23393916e-02	5.23849187e-02	1.60839485e+00	8.56536816e-01	7.51858033e-01
11843           	5.23488560e-02	5.23919996e-02	1.60841333e+00	8.56555519e-01	7.51857807e-01
11844           	5.23580534e-02	5.23988824e-02	1.60843125e+00	8.56573679e-01	7.51857572e-01
11845           	5.23691226e-02	5.24070348e-02	1.60845307e+00	8.56595660e-01	7.51857415e-01
11846           	5.23776896e-02	5.24135970e-02	1.60846985e+00	8.56612614e-01	7.51857235e-01
11847           	5.23863464e-02	5.24203416e-02	1.60848703e+00	8.56629863e-01	7.51857171e-01
11848           	5.23954349e-02	5.24273978e-02	1.60850514e+00	8.56648004e-01	7.51857134e-01
11849           	5.24042982e-02	5.24344494e-02	1.60852302e+00	8.56665808e-01	7.51857212e-01
11850           	5.24126196e-02	5.24412348e-02	1.60853991e+00	8.56682577e-01	7.51857338e-01
11851           	5.24205947e-02	5.24478076e-02	1.60855623e+00	8.56698711e-01	7.51857521e-01
11852           	5.24276617e-02	5.24538358e-02	1.60857073e+00	8.56713027e-01	7.51857704e-01
11853           	5.24351078e-02	5.24601837e-02	1.60858635e+00	8.56728284e-01	7.51858069e-01
11854           	5.24418322e-02	5.24661599e-02	1.60860081e+00	8.56742238e-01	7.51858574e-01
11855           	5.24468648e-02	5.24709582e-02	1.60861155e+00	8.56752640e-01	7.51858911e-01
11856           	5.24538267e-02	5.24772830e-02	1.60862731e+00	8.56767481e-01	7.51859828e-01
11857           	5.24579025e-02	5.24815735e-02	1.60863663e+00	8.56776218e-01	7.51860413e-01
11858           	5.24605949e-02	5.24849081e-02	1.60864305e+00	8.56782117e-01	7.51860928e-01
11859           	5.24629793e-02	5.24881538e-02	1.60864927e+00	8.56787616e-01	7.51861657e-01
11860           	5.24637491e-02	5.24901700e-02	1.60865161e+00	8.56789555e-01	7.51862057e-01
11861           	5.24653014e-02	5.24929314e-02	1.60865646e+00	8.56793529e-01	7.51862927e-01
11862           	5.24650689e-02	5.24943072e-02	1.60865718e+00	8.56793657e-01	7.51863519e-01
11863           	5.24639769e-02	5.24950326e-02	1.60865600e+00	8.56791978e-01	7.51864024e-01
11864           	5.24626058e-02	5.24955122e-02	1.60865444e+00	8.56789825e-01	7.51864613e-01
11865           	5.24605945e-02	5.24955524e-02	1.60865164e+00	8.56786414e-01	7.51865225e-01
11866           	5.24578495e-02	5.24950613e-02	1.60864727e+00	8.56781484e-01	7.51865785e-01
11867           	5.24546581e-02	5.24942559e-02	1.60864221e+00	8.56775761e-01	7.51866445e-01
11868           	5.24507618e-02	5.24929982e-02	1.60863578e+00	8.56768654e-01	7.51867130e-01
11869           	5.24460916e-02	5.24911779e-02	1.60862764e+00	8.56759914e-01	7.51867731e-01
11870           	5.24407753e-02	5.24889035e-02	1.60861837e+00	8.56749959e-01	7.51868408e-01
11871           	5.24347542e-02	5.24861366e-02	1.60860767e+00	8.56738589e-01	7.51869081e-01
11872           	5.24281449e-02	5.24828828e-02	1.60859557e+00	8.56725931e-01	7.51869641e-01
11873           	5.24208942e-02	5.24791253e-02	1.60858228e+00	8.56712033e-01	7.51870244e-01
11874           	5.24131464e-02	5.24749702e-02	1.60856793e+00	8.56697112e-01	7.51870819e-01
11875           	5.24051190e-02	5.24705058e-02	1.60855277e+00	8.56681502e-01	7.51871264e-01
11876           	5.23965535e-02	5.24655688e-02	1.60853653e+00	8.56664816e-01	7.51871709e-01
11877           	5.23878503e-02	5.24605202e-02	1.60851993e+00	8.56647813e-01	7.51872113e-01
11878           	5.23791157e-02	5.24553136e-02	1.60850301e+00	8.56630622e-01	7.51872391e-01
11879           	5.23703430e-02	5.24499490e-02	1.60848586e+00	8.56613271e-01	7.51872585e-01
11880           	5.23611638e-02	5.24442286e-02	1.60846792e+00	8.56595122e-01	7.51872795e-01
11881           	5.23520224e-02	5.24385086e-02	1.60845008e+00	8.56577065e-01	7.51873020e-01
11882           	5.23429992e-02	5.24327636e-02	1.60843241e+00	8.56559206e-01	7.51873207e-01
11883           	5.23336604e-02	5.24267279e-02	1.60841415e+00	8.56540734e-01	7.51873414e-01
11884           	5.23245082e-02	5.24208091e-02	1.60839632e+00	8.56522669e-01	7.51873653e-01
11885           	5.23156841e-02	5.24150241e-02	1.60837910e+00	8.56505235e-01	7.51873867e-01
11886           	5.23072322e-02	5.24094393e-02	1.60836261e+00	8.56488539e-01	7.51874074e-01
11887           	5.22990308e-02	5.24039710e-02	1.60834667e+00	8.56472368e-01	7.51874306e-01
11888           	5.22904876e-02	5.23982039e-02	1.60833014e+00	8.56455556e-01	7.51874581e-01
11889           	5.22823509e-02	5.23926981e-02	1.60831452e+00	8.56439609e-01	7.51874907e-01
11890           	5.22745006e-02	5.23873048e-02	1.60829946e+00	8.56424230e-01	7.51875228e-01
11891           	5.22670048e-02	5.23820897e-02	1.60828507e+00	8.56409541e-01	7.51875532e-01
11892           	5.22597439e-02	5.23769628e-02	1.60827114e+00	8.56395316e-01	7.51875828e-01
11893           	5.22520458e-02	5.23714121e-02	1.60825627e+00	8.56380183e-01	7.51876092e-01
11894           	5.22448918e-02	5.23662065e-02	1.60824252e+00	8.56366154e-01	7.51876370e-01
11895           	5.22380902e-02	5.23611572e-02	1.60822941e+00	8.56352795e-01	7.51876614e-01
11896           	5.22316352e-02	5.23562589e-02	1.60821694e+00	8.56340104e-01	7.51876834e-01
11897           	5.22255506e-02	5.23515411e-02	1.60820516e+00	8.56328132e-01	7.51877030e-01
11898           	5.22197506e-02	5.23469401e-02	1.60819395e+00	8.56316723e-01	7.51877222e-01
11899           	5.22141848e-02	5.23424175e-02	1.60818320e+00	8.56305785e-01	7.51877415e-01
11900           	5.22083595e-02	5.23375768e-02	1.60817175e+00	8.56294235e-01	7.51877516e-01
11901           	5.22030677e-02	5.23330964e-02	1.60816151e+00	8.56283822e-01	7.51877686e-01
11902           	5.21981238e-02	5.23287976e-02	1.60815196e+00	8.56274102e-01	7.51877854e-01
11903           	5.21936069e-02	5.23247505e-02	1.60814325e+00	8.56265232e-01	7.51878018e-01
11904           	5.21894393e-02	5.23209037e-02	1.60813525e+00	8.56257064e-01	7.51878185e-01
11905           	5.21855479e-02	5.23172013e-02	1.60812780e+00	8.56249450e-01	7.51878354e-01
11906           	5.21819065e-02	5.23136211e-02	1.60812083e+00	8.56242324e-01	7.51878511e-01
11907           	5.21780192e-02	5.23097416e-02	1.60811308e+00	8.56234561e-01	7.51878523e-01
11908           	5.21745659e-02	5.23061818e-02	1.60810636e+00	8.56227745e-01	7.51878613e-01
11909           	5.21714697e-02	5.23028216e-02	1.60810028e+00	8.56221611e-01	7.51878671e-01
11910           	5.21687481e-02	5.22996800e-02	1.60809490e+00	8.56216198e-01	7.51878701e-01
11911           	5.21663697e-02	5.22967350e-02	1.60809013e+00	8.56211435e-01	7.51878696e-01
11912           	5.21639106e-02	5.22936037e-02	1.60808476e+00	8.56206292e-01	7.51878471e-01
11913           	5.21618918e-02	5.22908145e-02	1.60808039e+00	8.56202086e-01	7.51878303e-01
11914           	5.21603375e-02	5.22883291e-02	1.60807688e+00	8.56198778e-01	7.51878103e-01
11915           	5.21592397e-02	5.22861440e-02	1.60807424e+00	8.56196357e-01	7.51877878e-01
11916           	5.21582319e-02	5.22839292e-02	1.60807132e+00	8.56193892e-01	7.51877428e-01
11917           	5.21577189e-02	5.22821362e-02	1.60806955e+00	8.56192495e-01	7.51877057e-01
11918           	5.21577018e-02	5.22806930e-02	1.60806876e+00	8.56192084e-01	7.51876681e-01
11919           	5.21581912e-02	5.22796209e-02	1.60806899e+00	8.56192687e-01	7.51876305e-01
11920           	5.21589026e-02	5.22786423e-02	1.60806921e+00	8.56193508e-01	7.51875703e-01
11921           	5.21600321e-02	5.22780400e-02	1.60807044e+00	8.56195254e-01	7.51875189e-01
11922           	5.21616786e-02	5.22778317e-02	1.60807273e+00	8.56198042e-01	7.51874685e-01
11923           	5.21636735e-02	5.22778265e-02	1.60807529e+00	8.56201318e-01	7.51873971e-01
11924           	5.21660981e-02	5.22782168e-02	1.60807890e+00	8.56205547e-01	7.51873351e-01
11925           	5.21690590e-02	5.22790276e-02	1.60808365e+00	8.56210882e-01	7.51872764e-01
11926           	5.21724377e-02	5.22800978e-02	1.60808883e+00	8.56216853e-01	7.51871977e-01
11927           	5.21761916e-02	5.22815256e-02	1.60809495e+00	8.56223664e-01	7.51871281e-01
11928           	5.21804322e-02	5.22833428e-02	1.60810213e+00	8.56231499e-01	7.51870635e-01
11929           	5.21851466e-02	5.22854599e-02	1.60810990e+00	8.56240098e-01	7.51869804e-01
11930           	5.21902119e-02	5.22879199e-02	1.60811854e+00	8.56249481e-01	7.51869057e-01
11931           	5.21957780e-02	5.22907086e-02	1.60812792e+00	8.56259739e-01	7.51868183e-01
11932           	5.22021233e-02	5.22940126e-02	1.60813806e+00	8.56271153e-01	7.51866906e-01
11933           	5.22087877e-02	5.22977222e-02	1.60814973e+00	8.56283651e-01	7.51866075e-01
11934           	5.22158399e-02	5.23018511e-02	1.60816254e+00	8.56297111e-01	7.51865431e-01
11935           	5.22232102e-02	5.23063626e-02	1.60817635e+00	8.56311383e-01	7.51864963e-01
11936           	5.22309131e-02	5.23110836e-02	1.60819069e+00	8.56326256e-01	7.51864430e-01
11937           	5.22392801e-02	5.23162711e-02	1.60820604e+00	8.56342299e-01	7.51863738e-01
11938           	5.22474992e-02	5.23215066e-02	1.60822145e+00	8.56358224e-01	7.51863226e-01
11939           	5.22563278e-02	5.23272772e-02	1.60823797e+00	8.56375315e-01	7.51862659e-01
11940           	5.22657762e-02	5.23334656e-02	1.60825545e+00	8.56393502e-01	7.51861950e-01
11941           	5.22751817e-02	5.23397188e-02	1.60827292e+00	8.56411644e-01	7.51861280e-01
11942           	5.22849315e-02	5.23462914e-02	1.60829105e+00	8.56430457e-01	7.51860594e-01
11943           	5.22945724e-02	5.23529351e-02	1.60830919e+00	8.56449169e-01	7.51860024e-01
11944           	5.23067671e-02	5.23612506e-02	1.60833205e+00	8.56472792e-01	7.51859258e-01
11945           	5.23162027e-02	5.23680198e-02	1.60835010e+00	8.56491253e-01	7.51858848e-01
11946           	5.23256495e-02	5.23748820e-02	1.60836827e+00	8.56509785e-01	7.51858486e-01
11947           	5.23362861e-02	5.23825745e-02	1.60838885e+00	8.56530710e-01	7.51858138e-01
11948           	5.23452981e-02	5.23893027e-02	1.60840634e+00	8.56548469e-01	7.51857873e-01
11949           	5.23545972e-02	5.23963056e-02	1.60842451e+00	8.56566851e-01	7.51857657e-01
11950           	5.23646099e-02	5.24037724e-02	1.60844413e+00	8.56586674e-01	7.51857454e-01
11951           	5.23739526e-02	5.24108216e-02	1.60846244e+00	8.56605174e-01	7.51857269e-01
11952           	5.23834156e-02	5.24179899e-02	1.60848107e+00	8.56623953e-01	7.51857122e-01
11953           	5.23923350e-02	5.24249510e-02	1.60849887e+00	8.56641768e-01	7.51857098e-01
11954           	5.24035998e-02	5.24335871e-02	1.60852205e+00	8.56664623e-01	7.51857424e-01
11955           	5.24111940e-02	5.24398445e-02	1.60853736e+00	8.56679873e-01	7.51857485e-01
11956           	5.24183398e-02	5.24458970e-02	1.60855195e+00	8.56694314e-01	7.51857634e-01
11957           	5.24254403e-02	5.24519367e-02	1.60856658e+00	8.56708728e-01	7.51857848e-01
11958           	5.24325444e-02	5.24580891e-02	1.60858142e+00	8.56723254e-01	7.51858165e-01
11959           	5.24390700e-02	5.24638585e-02	1.60859520e+00	8.56736671e-01	7.51858531e-01
11960           	5.24445200e-02	5.24689487e-02	1.60860679e+00	8.56747913e-01	7.51858873e-01
11961           	5.24501393e-02	5.24742779e-02	1.60861915e+00	8.56759716e-01	7.51859438e-01
11962           	5.24541417e-02	5.24784597e-02	1.60862805e+00	8.56768168e-01	7.51859884e-01
11963           	5.24580098e-02	5.24825160e-02	1.60863687e+00	8.56776447e-01	7.51860427e-01
11964           	5.24612348e-02	5.24861906e-02	1.60864452e+00	8.56783495e-01	7.51861025e-01
11965           	5.24633799e-02	5.24891431e-02	1.60864995e+00	8.56788357e-01	7.51861597e-01
11966           	5.24651791e-02	5.24918730e-02	1.60865496e+00	8.56792659e-01	7.51862301e-01
11967           	5.24661556e-02	5.24940876e-02	1.60865839e+00	8.56795349e-01	7.51863037e-01
11968           	5.24660344e-02	5.24955792e-02	1.60865954e+00	8.56795805e-01	7.51863737e-01
11969           	5.24653340e-02	5.24967044e-02	1.60865979e+00	8.56795228e-01	7.51864560e-01
11970           	5.24632320e-02	5.24967319e-02	1.60865670e+00	8.56791584e-01	7.51865120e-01
11971           	5.24608199e-02	5.24966773e-02	1.60865349e+00	8.56787563e-01	7.51865923e-01
11972           	5.24572581e-02	5.24957168e-02	1.60864759e+00	8.56781051e-01	7.51866535e-01
11973           	5.24530959e-02	5.24944161e-02	1.60864079e+00	8.56773491e-01	7.51867300e-01
11974           	5.24483142e-02	5.24926050e-02	1.60863254e+00	8.56764585e-01	7.51867957e-01
11975           	5.24428177e-02	5.24901801e-02	1.60862262e+00	8.56754129e-01	7.51868494e-01
11976           	5.24367319e-02	5.24873573e-02	1.60861177e+00	8.56742615e-01	7.51869151e-01
11977           	5.24301895e-02	5.24841138e-02	1.60859980e+00	8.56730092e-01	7.51869713e-01
11978           	5.24231547e-02	5.24803982e-02	1.60858665e+00	8.56716481e-01	7.51870171e-01
11979           	5.24156871e-02	5.24762414e-02	1.60857243e+00	8.56701902e-01	7.51870528e-01
11980           	5.24077736e-02	5.24718168e-02	1.60855751e+00	8.56686531e-01	7.51870984e-01
11981           	5.23995866e-02	5.24671104e-02	1.60854191e+00	8.56670540e-01	7.51871367e-01
11982           	5.23912667e-02	5.24622623e-02	1.60852589e+00	8.56654211e-01	7.51871678e-01
11983           	5.23828238e-02	5.24572518e-02	1.60850950e+00	8.56637572e-01	7.51871924e-01
11984           	5.23738508e-02	5.24518885e-02	1.60849227e+00	8.56619985e-01	7.51872284e-01
11985           	5.23648336e-02	5.24464271e-02	1.60847487e+00	8.56602269e-01	7.51872602e-01
11986           	5.23558046e-02	5.24408651e-02	1.60845737e+00	8.56584488e-01	7.51872879e-01
11987           	5.23468381e-02	5.24352336e-02	1.60843991e+00	8.56566793e-01	7.51873117e-01
11988           	5.23375280e-02	5.24293700e-02	1.60842195e+00	8.56548503e-01	7.51873447e-01
11989           	5.23283193e-02	5.24234708e-02	1.60840412e+00	8.56530382e-01	7.51873743e-01
11990           	5.23193121e-02	5.24175950e-02	1.60838662e+00	8.56512624e-01	7.51874000e-01
11991           	5.23106804e-02	5.24118908e-02	1.60836979e+00	8.56495577e-01	7.51874216e-01
11992           	5.23023418e-02	5.24063100e-02	1.60835353e+00	8.56479109e-01	7.51874425e-01
11993           	5.22937404e-02	5.24005622e-02	1.60833692e+00	8.56462202e-01	7.51874721e-01
11994           	5.22854561e-02	5.23949319e-02	1.60832086e+00	8.56445884e-01	7.51874972e-01
11995           	5.22774996e-02	5.23894452e-02	1.60830541e+00	8.56430205e-01	7.51875206e-01
11996           	5.22699437e-02	5.23841730e-02	1.60829074e+00	8.56415314e-01	7.51875427e-01
11997           	5.22626581e-02	5.23790190e-02	1.60827663e+00	8.56400973e-01	7.51875656e-01
11998           	5.22549979e-02	5.23735795e-02	1.60826189e+00	8.56385943e-01	7.51875948e-01
11999           	5.22477894e-02	5.23683405e-02	1.60824794e+00	8.56371760e-01	7.51876181e-01
12000           	5.22409315e-02	5.23632675e-02	1.60823468e+00	8.56358269e-01	7.51876406e-01
