# Force coefficients
# liftDir       : (-1.04528463e-01 9.94521895e-01 0.00000000e+00)
# dragDir       : (9.94521895e-01 1.04528463e-01 0.00000000e+00)
# pitchAxis     : (0.00000000e+00 0.00000000e+00 1.00000000e+00)
# magUInf       : 1.50000000e+01
# lRef          : 1.00000000e+00
# Aref          : 1.00000000e-02
# CofR          : (2.50000000e-01 0.00000000e+00 0.00000000e+00)
# Time          	Cm              	Cd              	Cl              	Cl(f)           	Cl(r)           
0               	6.55396236e-03	5.11080300e-01	1.71769946e-02	1.51424596e-02	2.03453492e-03
1               	2.96898289e+00	2.67928868e+00	7.76812217e+00	6.85304398e+00	9.15078197e-01
2               	3.92484568e+00	3.11382566e+00	1.04914182e+01	9.17055479e+00	1.32086343e+00
3               	3.44341648e+00	2.57114035e+00	9.41631177e+00	8.15157237e+00	1.26473940e+00
4               	2.08522770e+00	1.48865673e+00	5.97510273e+00	5.07277906e+00	9.02323670e-01
5               	5.37277107e-01	3.62242151e-01	1.94710184e+00	1.51082803e+00	4.36273813e-01
6               	-6.72063210e-01	-4.72806144e-01	-1.26994637e+00	-1.30703639e+00	3.70900269e-02
7               	-1.29781193e+00	-8.78954564e-01	-3.00655867e+00	-2.80109126e+00	-2.05467409e-01
8               	-1.33581060e+00	-8.81366627e-01	-3.21231343e+00	-2.94196731e+00	-2.70346117e-01
9               	-1.00345503e+00	-6.37644572e-01	-2.45517071e+00	-2.23104039e+00	-2.24130320e-01
10              	-4.69022552e-01	-2.63027702e-01	-1.12920970e+00	-1.03362740e+00	-9.55822999e-02
11              	3.78773982e-02	6.89275294e-02	1.76601353e-01	1.26178075e-01	5.04232782e-02
12              	3.81748405e-01	2.86570154e-01	1.09862067e+00	9.31058741e-01	1.67561931e-01
13              	5.10501818e-01	3.63228585e-01	1.48377750e+00	1.25239057e+00	2.31386934e-01
14              	4.84396234e-01	3.39616000e-01	1.47681180e+00	1.22280214e+00	2.54009668e-01
15              	3.63691924e-01	2.61372303e-01	1.22516287e+00	9.76273361e-01	2.48889513e-01
16              	1.90679216e-01	1.54532355e-01	8.18504693e-01	5.99931563e-01	2.18573130e-01
17              	3.86817501e-02	6.10665715e-02	4.39175495e-01	2.58269497e-01	1.80905997e-01
18              	-6.13687774e-02	-9.85998661e-04	1.70564855e-01	2.39136502e-02	1.46651205e-01
19              	-9.66682035e-02	-2.57342441e-02	5.31461956e-02	-7.00951057e-02	1.23241301e-01
20              	-8.18285487e-02	-2.22274255e-02	5.92404484e-02	-5.22083245e-02	1.11448773e-01
21              	-3.74782950e-02	-1.88875458e-03	1.41588098e-01	3.33157540e-02	1.08272344e-01
22              	2.39259673e-02	2.85792869e-02	2.77435495e-01	1.62643715e-01	1.14791780e-01
23              	7.81231323e-02	5.60792841e-02	4.09428346e-01	2.82837305e-01	1.26591041e-01
24              	1.12987532e-01	7.44933256e-02	5.05786559e-01	3.65880812e-01	1.39905748e-01
25              	1.25315697e-01	8.19863271e-02	5.53907831e-01	4.02269612e-01	1.51638219e-01
26              	1.21580489e-01	8.14465888e-02	5.64979929e-01	4.04070454e-01	1.60909476e-01
27              	1.09062584e-01	7.62439890e-02	5.54460251e-01	3.86292709e-01	1.68167542e-01
28              	9.20922180e-02	6.83905905e-02	5.29675824e-01	3.56930130e-01	1.72745694e-01
29              	7.59056062e-02	6.03383872e-02	5.00714986e-01	3.26263099e-01	1.74451887e-01
30              	6.39025862e-02	5.37368597e-02	4.75265782e-01	3.01535477e-01	1.73730305e-01
31              	5.83647719e-02	4.98106942e-02	4.60442133e-01	2.88585838e-01	1.71856295e-01
32              	5.75898455e-02	4.80040234e-02	4.53027732e-01	2.84103711e-01	1.68924020e-01
33              	6.07142890e-02	4.80847227e-02	4.54730842e-01	2.88079710e-01	1.66651132e-01
34              	6.61425822e-02	4.93692080e-02	4.62438794e-01	2.97361979e-01	1.65076815e-01
35              	7.25782790e-02	5.13039930e-02	4.74793163e-01	3.09974860e-01	1.64818302e-01
36              	7.85281378e-02	5.32433725e-02	4.89240213e-01	3.23148245e-01	1.66091969e-01
37              	8.28499575e-02	5.46824358e-02	5.02971730e-01	3.34335822e-01	1.68635908e-01
38              	8.57358582e-02	5.55747676e-02	5.16150172e-01	3.43810944e-01	1.72339228e-01
39              	8.62565069e-02	5.56366503e-02	5.23961221e-01	3.48237118e-01	1.75724104e-01
40              	8.55590073e-02	5.52041175e-02	5.28956574e-01	3.50037294e-01	1.78919279e-01
41              	8.41471675e-02	5.44616330e-02	5.31702365e-01	3.49998350e-01	1.81704015e-01
42              	8.24724959e-02	5.35967377e-02	5.32733502e-01	3.48839247e-01	1.83894255e-01
43              	8.09382360e-02	5.27869289e-02	5.32703280e-01	3.47289876e-01	1.85413404e-01
44              	7.98341333e-02	5.21652753e-02	5.32322816e-01	3.45995541e-01	1.86327275e-01
45              	7.92962543e-02	5.17988179e-02	5.32201957e-01	3.45397233e-01	1.86804724e-01
46              	7.93270580e-02	5.16921046e-02	5.32760074e-01	3.45707095e-01	1.87052979e-01
47              	7.98515785e-02	5.18109740e-02	5.34244587e-01	3.46973872e-01	1.87270715e-01
48              	8.07663331e-02	5.21036353e-02	5.36787358e-01	3.49160012e-01	1.87627346e-01
49              	8.20777325e-02	5.25689327e-02	5.40752245e-01	3.52453855e-01	1.88298390e-01
50              	8.33228627e-02	5.29769156e-02	5.45080520e-01	3.55863123e-01	1.89217397e-01
51              	8.45000268e-02	5.33295211e-02	5.49855478e-01	3.59427766e-01	1.90427712e-01
52              	8.54744767e-02	5.35678818e-02	5.54647009e-01	3.62797981e-01	1.91849028e-01
53              	8.61643824e-02	5.36617820e-02	5.59063525e-01	3.65696145e-01	1.93367380e-01
54              	8.65501796e-02	5.36119499e-02	5.62834835e-01	3.67967597e-01	1.94867238e-01
55              	8.66659314e-02	5.34438250e-02	5.65841439e-01	3.69586651e-01	1.96254788e-01
56              	8.65803215e-02	5.31971159e-02	5.68102394e-01	3.70631518e-01	1.97470875e-01
57              	8.63874190e-02	5.29244102e-02	5.69678283e-01	3.71226560e-01	1.98451722e-01
58              	8.61604340e-02	5.26544598e-02	5.70829259e-01	3.71575063e-01	1.99254195e-01
59              	8.59529835e-02	5.24104670e-02	5.71743117e-01	3.71824542e-01	1.99918575e-01
60              	8.58010497e-02	5.22069819e-02	5.72612101e-01	3.72107100e-01	2.00505001e-01
61              	8.57522086e-02	5.20637758e-02	5.73536694e-01	3.72520556e-01	2.01016139e-01
62              	8.58166300e-02	5.19825789e-02	5.74586870e-01	3.73110065e-01	2.01476805e-01
63              	8.60037916e-02	5.19650507e-02	5.75881843e-01	3.73944713e-01	2.01937130e-01
64              	8.63092460e-02	5.20043516e-02	5.77459057e-01	3.75038774e-01	2.02420283e-01
65              	8.66896396e-02	5.20736941e-02	5.79231961e-01	3.76305620e-01	2.02926341e-01
66              	8.71290615e-02	5.21612978e-02	5.81229596e-01	3.77743859e-01	2.03485736e-01
67              	8.74707533e-02	5.21961950e-02	5.82948734e-01	3.78945121e-01	2.04003614e-01
68              	8.77970282e-02	5.22075004e-02	5.84750238e-01	3.80172147e-01	2.04578091e-01
69              	8.80904246e-02	5.21828221e-02	5.86614172e-01	3.81397511e-01	2.05216661e-01
70              	8.83087617e-02	5.21088577e-02	5.88363505e-01	3.82490514e-01	2.05872991e-01
71              	8.84811529e-02	5.19881644e-02	5.90174146e-01	3.83568226e-01	2.06605920e-01
72              	8.85477692e-02	5.18304081e-02	5.91608270e-01	3.84351904e-01	2.07256366e-01
73              	8.85527383e-02	5.16451062e-02	5.92886710e-01	3.84996093e-01	2.07890617e-01
74              	8.85150452e-02	5.14441380e-02	5.94047595e-01	3.85538843e-01	2.08508752e-01
75              	8.84555872e-02	5.12422545e-02	5.95134370e-01	3.86022772e-01	2.09111598e-01
76              	8.83953177e-02	5.10532254e-02	5.96181226e-01	3.86485931e-01	2.09695295e-01
77              	8.83463773e-02	5.08816077e-02	5.97231636e-01	3.86962195e-01	2.10269441e-01
78              	8.83161113e-02	5.07258120e-02	5.98368667e-01	3.87500445e-01	2.10868222e-01
79              	8.83104192e-02	5.05863398e-02	5.99640067e-01	3.88130453e-01	2.11509614e-01
80              	8.83313714e-02	5.04628029e-02	6.01064337e-01	3.88863540e-01	2.12200797e-01
81              	8.83806532e-02	5.03515959e-02	6.02704711e-01	3.89733009e-01	2.12971702e-01
82              	8.84475631e-02	5.02539510e-02	6.04425137e-01	3.90660131e-01	2.13765005e-01
83              	8.85245967e-02	5.01639913e-02	6.06212138e-01	3.91630666e-01	2.14581472e-01
84              	8.86000629e-02	5.00750701e-02	6.08013558e-01	3.92606842e-01	2.15406716e-01
85              	8.86619749e-02	4.99811803e-02	6.09777896e-01	3.93550923e-01	2.16226973e-01
86              	8.87026263e-02	4.98792094e-02	6.11481784e-01	3.94443518e-01	2.17038266e-01
87              	8.87180103e-02	4.97678909e-02	6.13121804e-01	3.95278912e-01	2.17842892e-01
88              	8.87065200e-02	4.96470017e-02	6.14698306e-01	3.96055673e-01	2.18642633e-01
89              	8.86684892e-02	4.95169631e-02	6.16212267e-01	3.96774623e-01	2.19437644e-01
90              	8.86064728e-02	4.93788576e-02	6.17668947e-01	3.97440946e-01	2.20228001e-01
91              	8.85251851e-02	4.92346156e-02	6.19076781e-01	3.98063576e-01	2.21013205e-01
92              	8.84306076e-02	4.90868330e-02	6.20447315e-01	3.98654265e-01	2.21793050e-01
93              	8.83286190e-02	4.89383004e-02	6.21793435e-01	3.99225337e-01	2.22568099e-01
94              	8.82242158e-02	4.87915878e-02	6.23125882e-01	3.99787157e-01	2.23338725e-01
95              	8.81212614e-02	4.86488525e-02	6.24451758e-01	4.00347140e-01	2.24104618e-01
96              	8.80185039e-02	4.85068015e-02	6.25832880e-01	4.00934944e-01	2.24897936e-01
97              	8.79222476e-02	4.83743053e-02	6.27179967e-01	4.01512231e-01	2.25667736e-01
98              	8.78303424e-02	4.82489223e-02	6.28510460e-01	4.02085573e-01	2.26424888e-01
99              	8.77408585e-02	4.81295773e-02	6.29822775e-01	4.02652246e-01	2.27170529e-01
100             	8.76508294e-02	4.80141220e-02	6.31121563e-01	4.03211611e-01	2.27909952e-01
101             	8.75574479e-02	4.79003801e-02	6.32414395e-01	4.03764645e-01	2.28649750e-01
102             	8.74584001e-02	4.77867475e-02	6.33707375e-01	4.04312088e-01	2.29395288e-01
103             	8.73477069e-02	4.76683450e-02	6.35054724e-01	4.04875069e-01	2.30179655e-01
104             	8.72299776e-02	4.75511992e-02	6.36365573e-01	4.05412764e-01	2.30952809e-01
105             	8.71033036e-02	4.74335488e-02	6.37640831e-01	4.05923719e-01	2.31717112e-01
106             	8.69679226e-02	4.73151637e-02	6.38872615e-01	4.06404230e-01	2.32468385e-01
107             	8.68244542e-02	4.71955995e-02	6.40060237e-01	4.06854573e-01	2.33205664e-01
108             	8.66739130e-02	4.70744675e-02	6.41209300e-01	4.07278563e-01	2.33930737e-01
109             	8.65181144e-02	4.69520447e-02	6.42332744e-01	4.07684487e-01	2.34648258e-01
110             	8.63513740e-02	4.68238109e-02	6.43487558e-01	4.08095153e-01	2.35392405e-01
111             	8.61865630e-02	4.66987571e-02	6.44617461e-01	4.08495293e-01	2.36122167e-01
112             	8.60236274e-02	4.65760143e-02	6.45736109e-01	4.08891682e-01	2.36844427e-01
113             	8.58718183e-02	4.64606528e-02	6.46798212e-01	4.09270924e-01	2.37527288e-01
114             	8.57120974e-02	4.63418968e-02	6.47929987e-01	4.09677091e-01	2.38252896e-01
115             	8.55552400e-02	4.62270761e-02	6.49057029e-01	4.10083755e-01	2.38973275e-01
116             	8.53863520e-02	4.61083671e-02	6.50256160e-01	4.10514432e-01	2.39741728e-01
117             	8.52396767e-02	4.60053072e-02	6.51318660e-01	4.10899007e-01	2.40419653e-01
118             	8.50595186e-02	4.58882036e-02	6.52589174e-01	4.11354105e-01	2.41235068e-01
119             	8.49224525e-02	4.57990968e-02	6.53614141e-01	4.11729523e-01	2.41884618e-01
120             	8.47878235e-02	4.57136403e-02	6.54643834e-01	4.12109740e-01	2.42534093e-01
121             	8.46647709e-02	4.56359375e-02	6.55642120e-01	4.12485831e-01	2.43156289e-01
122             	8.45513315e-02	4.55638333e-02	6.56632004e-01	4.12867334e-01	2.43764670e-01
123             	8.44419313e-02	4.54942663e-02	6.57663941e-01	4.13273902e-01	2.44390039e-01
124             	8.43344844e-02	4.54260975e-02	6.58755271e-01	4.13712120e-01	2.45043151e-01
125             	8.42285491e-02	4.53591423e-02	6.59904051e-01	4.14180575e-01	2.45723477e-01
126             	8.41240979e-02	4.52933322e-02	6.61095513e-01	4.14671854e-01	2.46423658e-01
127             	8.40214016e-02	4.52285215e-02	6.62308544e-01	4.15175674e-01	2.47132871e-01
128             	8.39215540e-02	4.51647764e-02	6.63521757e-01	4.15682433e-01	2.47839325e-01
129             	8.38254904e-02	4.51020519e-02	6.64721208e-01	4.16186094e-01	2.48535114e-01
130             	8.37269065e-02	4.50352047e-02	6.65955477e-01	4.16704645e-01	2.49250832e-01
131             	8.36375775e-02	4.49729428e-02	6.67129055e-01	4.17202105e-01	2.49926950e-01
132             	8.35554183e-02	4.49144219e-02	6.68255711e-01	4.17683274e-01	2.50572437e-01
133             	8.34806132e-02	4.48605694e-02	6.69345507e-01	4.18153367e-01	2.51192140e-01
134             	8.34123344e-02	4.48117899e-02	6.70418182e-01	4.18621426e-01	2.51796757e-01
135             	8.33497558e-02	4.47686761e-02	6.71491908e-01	4.19095710e-01	2.52396198e-01
136             	8.32977407e-02	4.47385598e-02	6.72523795e-01	4.19559638e-01	2.52964157e-01
137             	8.32457195e-02	4.47095507e-02	6.73653873e-01	4.20072656e-01	2.53581217e-01
138             	8.31891573e-02	4.46780352e-02	6.74941809e-01	4.20660062e-01	2.54281747e-01
139             	8.31473356e-02	4.46681416e-02	6.76091537e-01	4.21193104e-01	2.54898433e-01
140             	8.31046064e-02	4.46606466e-02	6.77390152e-01	4.21799682e-01	2.55590470e-01
141             	8.30739095e-02	4.46713103e-02	6.78555041e-01	4.22351430e-01	2.56203611e-01
142             	8.30443071e-02	4.46859093e-02	6.79848044e-01	4.22968329e-01	2.56879715e-01
143             	8.30242141e-02	4.47149491e-02	6.80977437e-01	4.23512933e-01	2.57464505e-01
144             	8.30046805e-02	4.47456885e-02	6.82227293e-01	4.24118327e-01	2.58108966e-01
145             	8.29885314e-02	4.47816967e-02	6.83396338e-01	4.24686700e-01	2.58709637e-01
146             	8.29746145e-02	4.48205140e-02	6.84441362e-01	4.25195296e-01	2.59246067e-01
147             	8.29588794e-02	4.48538998e-02	6.85625023e-01	4.25771391e-01	2.59853632e-01
148             	8.29427412e-02	4.48854912e-02	6.86786165e-01	4.26335824e-01	2.60450341e-01
149             	8.29264578e-02	4.49168599e-02	6.87858078e-01	4.26855497e-01	2.61002581e-01
150             	8.29086207e-02	4.49413749e-02	6.89040193e-01	4.27428717e-01	2.61611476e-01
151             	8.28908241e-02	4.49674942e-02	6.90140695e-01	4.27961172e-01	2.62179524e-01
152             	8.28719250e-02	4.49864318e-02	6.91383155e-01	4.28563503e-01	2.62819653e-01
153             	8.28528902e-02	4.50061158e-02	6.92604637e-01	4.29155209e-01	2.63449428e-01
154             	8.28338625e-02	4.50295737e-02	6.93728975e-01	4.29698350e-01	2.64030625e-01
155             	8.28143862e-02	4.50482756e-02	6.94965950e-01	4.30297361e-01	2.64668589e-01
156             	8.27945737e-02	4.50711735e-02	6.96109483e-01	4.30849315e-01	2.65260168e-01
157             	8.27733602e-02	4.50912341e-02	6.97319161e-01	4.31432941e-01	2.65886221e-01
158             	8.27513041e-02	4.51147653e-02	6.98436180e-01	4.31969394e-01	2.66466786e-01
159             	8.27278655e-02	4.51375218e-02	6.99557544e-01	4.32506638e-01	2.67050907e-01
160             	8.27030724e-02	4.51593374e-02	7.00680080e-01	4.33043113e-01	2.67636968e-01
161             	8.26773570e-02	4.51803388e-02	7.01804513e-01	4.33579613e-01	2.68224899e-01
162             	8.26505538e-02	4.51989638e-02	7.02984090e-01	4.34142599e-01	2.68841491e-01
163             	8.26248699e-02	4.52200145e-02	7.04089659e-01	4.34669700e-01	2.69419960e-01
164             	8.25997227e-02	4.52401907e-02	7.05197481e-01	4.35198463e-01	2.69999018e-01
165             	8.25755224e-02	4.52592443e-02	7.06306504e-01	4.35728774e-01	2.70577730e-01
166             	8.25526852e-02	4.52770208e-02	7.07418097e-01	4.36261734e-01	2.71156363e-01
167             	8.25314785e-02	4.52933834e-02	7.08533395e-01	4.36798176e-01	2.71735219e-01
168             	8.25123224e-02	4.53110233e-02	7.09592656e-01	4.37308651e-01	2.72284006e-01
169             	8.24948124e-02	4.53251489e-02	7.10694654e-01	4.37842139e-01	2.72852514e-01
170             	8.24792184e-02	4.53362163e-02	7.11840746e-01	4.38399591e-01	2.73441154e-01
171             	8.24658715e-02	4.53452802e-02	7.13021332e-01	4.38976537e-01	2.74044794e-01
172             	8.24547600e-02	4.53537351e-02	7.14209478e-01	4.39559499e-01	2.74649979e-01
173             	8.24457002e-02	4.53624603e-02	7.15384390e-01	4.40137895e-01	2.75246495e-01
174             	8.24384008e-02	4.53716961e-02	7.16532374e-01	4.40704588e-01	2.75827786e-01
175             	8.24330557e-02	4.53812207e-02	7.17657340e-01	4.41261725e-01	2.76395614e-01
176             	8.24299778e-02	4.53907340e-02	7.18767589e-01	4.41813773e-01	2.76953817e-01
177             	8.24296229e-02	4.53999799e-02	7.19875351e-01	4.42367298e-01	2.77508052e-01
178             	8.24325051e-02	4.54088750e-02	7.20995197e-01	4.42930104e-01	2.78065094e-01
179             	8.24391009e-02	4.54176450e-02	7.22136379e-01	4.43507290e-01	2.78629088e-01
180             	8.24496308e-02	4.54267285e-02	7.23298349e-01	4.44098805e-01	2.79199544e-01
181             	8.24638994e-02	4.54364293e-02	7.24473479e-01	4.44700639e-01	2.79772840e-01
182             	8.24814959e-02	4.54468014e-02	7.25654272e-01	4.45308632e-01	2.80345640e-01
183             	8.25018994e-02	4.54576605e-02	7.26835254e-01	4.45919526e-01	2.80915728e-01
184             	8.25222243e-02	4.54694332e-02	7.27950605e-01	4.46497527e-01	2.81453078e-01
185             	8.25459965e-02	4.54786366e-02	7.29135099e-01	4.47113546e-01	2.82021553e-01
186             	8.25706741e-02	4.54866244e-02	7.30325459e-01	4.47733404e-01	2.82592055e-01
187             	8.25934404e-02	4.54942154e-02	7.31456177e-01	4.48321529e-01	2.83134648e-01
188             	8.26181021e-02	4.54987193e-02	7.32653795e-01	4.48945000e-01	2.83708796e-01
189             	8.26397444e-02	4.55026408e-02	7.33785397e-01	4.49532443e-01	2.84252954e-01
190             	8.26600134e-02	4.55042833e-02	7.34913312e-01	4.50116670e-01	2.84796643e-01
191             	8.26788542e-02	4.55034142e-02	7.36045556e-01	4.50701632e-01	2.85343924e-01
192             	8.26979408e-02	4.54986988e-02	7.37253683e-01	4.51324782e-01	2.85928901e-01
193             	8.27134612e-02	4.54938175e-02	7.38400022e-01	4.51913472e-01	2.86486550e-01
194             	8.27266524e-02	4.54869039e-02	7.39539063e-01	4.52496184e-01	2.87042879e-01
195             	8.27370472e-02	4.54779709e-02	7.40658434e-01	4.53066264e-01	2.87592170e-01
196             	8.27444059e-02	4.54667158e-02	7.41758534e-01	4.53623673e-01	2.88134861e-01
197             	8.27488776e-02	4.54529388e-02	7.42848560e-01	4.54173157e-01	2.88675402e-01
198             	8.27508518e-02	4.54343476e-02	7.43998664e-01	4.54750184e-01	2.89248480e-01
199             	8.27488821e-02	4.54197844e-02	7.45010552e-01	4.55254158e-01	2.89756394e-01
200             	8.27446515e-02	4.53991144e-02	7.46082597e-01	4.55785950e-01	2.90296647e-01
201             	8.27385621e-02	4.53731491e-02	7.47200445e-01	4.56338785e-01	2.90861660e-01
202             	8.27302329e-02	4.53441403e-02	7.48314585e-01	4.56887525e-01	2.91427059e-01
203             	8.27180052e-02	4.53125238e-02	7.49393119e-01	4.57414565e-01	2.91978554e-01
204             	8.27031895e-02	4.52803249e-02	7.50410930e-01	4.57908654e-01	2.92502275e-01
205             	8.26859843e-02	4.52465768e-02	7.51380976e-01	4.58376472e-01	2.93004503e-01
206             	8.26669499e-02	4.52102636e-02	7.52323553e-01	4.58828727e-01	2.93494827e-01
207             	8.26469944e-02	4.51709147e-02	7.53255959e-01	4.59274974e-01	2.93980985e-01
208             	8.26271316e-02	4.51278624e-02	7.54206298e-01	4.59730281e-01	2.94476017e-01
209             	8.26086396e-02	4.50817465e-02	7.55183499e-01	4.60200389e-01	2.94983110e-01
210             	8.25927065e-02	4.50270496e-02	7.56273926e-01	4.60729669e-01	2.95544256e-01
211             	8.25798254e-02	4.49723873e-02	7.57377539e-01	4.61268595e-01	2.96108944e-01
212             	8.25704886e-02	4.49214202e-02	7.58449290e-01	4.61795133e-01	2.96654156e-01
213             	8.25644252e-02	4.48734099e-02	7.59488719e-01	4.62308785e-01	2.97179934e-01
214             	8.25612205e-02	4.48271241e-02	7.60497390e-01	4.62809916e-01	2.97687475e-01
215             	8.25603950e-02	4.47811878e-02	7.61479164e-01	4.63299977e-01	2.98179187e-01
216             	8.25615384e-02	4.47342722e-02	7.62442011e-01	4.63782544e-01	2.98659467e-01
217             	8.25642820e-02	4.46855242e-02	7.63392142e-01	4.64260353e-01	2.99131789e-01
218             	8.25685919e-02	4.46344041e-02	7.64338916e-01	4.64738050e-01	2.99600866e-01
219             	8.25746425e-02	4.45807509e-02	7.65291345e-01	4.65220315e-01	3.00071030e-01
220             	8.25828553e-02	4.45247010e-02	7.66257944e-01	4.65711827e-01	3.00546117e-01
221             	8.25937294e-02	4.44667335e-02	7.67243184e-01	4.66215322e-01	3.01027863e-01
222             	8.26077359e-02	4.44075146e-02	7.68247785e-01	4.66731629e-01	3.01516157e-01
223             	8.26253091e-02	4.43477074e-02	7.69270735e-01	4.67260677e-01	3.02010059e-01
224             	8.26465603e-02	4.42881199e-02	7.70304754e-01	4.67798937e-01	3.02505817e-01
225             	8.26713503e-02	4.42293765e-02	7.71341276e-01	4.68341989e-01	3.02999288e-01
226             	8.26994050e-02	4.41717804e-02	7.72373517e-01	4.68886163e-01	3.03487353e-01
227             	8.27304552e-02	4.41153298e-02	7.73398111e-01	4.69429511e-01	3.03968600e-01
228             	8.27642386e-02	4.40597859e-02	7.74414902e-01	4.69971690e-01	3.04443212e-01
229             	8.28004765e-02	4.40048131e-02	7.75425328e-01	4.70513141e-01	3.04912188e-01
230             	8.28388715e-02	4.39501152e-02	7.76431194e-01	4.71054469e-01	3.05376726e-01
231             	8.28793094e-02	4.38954152e-02	7.77436115e-01	4.71597367e-01	3.05838748e-01
232             	8.29216579e-02	4.38405469e-02	7.78442834e-01	4.72143075e-01	3.06299759e-01
233             	8.29657075e-02	4.37854104e-02	7.79453087e-01	4.72692251e-01	3.06760836e-01
234             	8.30112804e-02	4.37299880e-02	7.80467741e-01	4.73245151e-01	3.07222590e-01
235             	8.30582607e-02	4.36743047e-02	7.81487242e-01	4.73801882e-01	3.07685360e-01
236             	8.31065078e-02	4.36184317e-02	7.82511000e-01	4.74362008e-01	3.08148992e-01
237             	8.31558417e-02	4.35624518e-02	7.83537625e-01	4.74924654e-01	3.08612971e-01
238             	8.32060616e-02	4.35064554e-02	7.84565165e-01	4.75488644e-01	3.09076521e-01
239             	8.32569601e-02	4.34505070e-02	7.85591744e-01	4.76052832e-01	3.09538912e-01
240             	8.33083640e-02	4.33946519e-02	7.86615933e-01	4.76616330e-01	3.09999602e-01
241             	8.33601039e-02	4.33388838e-02	7.87637053e-01	4.77178631e-01	3.10458423e-01
242             	8.34119963e-02	4.32831625e-02	7.88654852e-01	4.77739422e-01	3.10915430e-01
243             	8.34638729e-02	4.32274269e-02	7.89669461e-01	4.78298603e-01	3.11370858e-01
244             	8.35155913e-02	4.31716052e-02	7.90681327e-01	4.78856255e-01	3.11825072e-01
245             	8.35670123e-02	4.31156352e-02	7.91690783e-01	4.79412404e-01	3.12278379e-01
246             	8.36179662e-02	4.30594527e-02	7.92697847e-01	4.79966890e-01	3.12730957e-01
247             	8.36682843e-02	4.30029941e-02	7.93702347e-01	4.80519458e-01	3.13182889e-01
248             	8.37178045e-02	4.29461954e-02	7.94703926e-01	4.81069768e-01	3.13634159e-01
249             	8.37664077e-02	4.28889939e-02	7.95702348e-01	4.81617582e-01	3.14084766e-01
250             	8.38139785e-02	4.28313368e-02	7.96697201e-01	4.82162579e-01	3.14534622e-01
251             	8.38604214e-02	4.27731836e-02	7.97688011e-01	4.82704427e-01	3.14983584e-01
252             	8.39056452e-02	4.27144999e-02	7.98674251e-01	4.83242771e-01	3.15431481e-01
253             	8.39495688e-02	4.26552596e-02	7.99655440e-01	4.83777289e-01	3.15878151e-01
254             	8.39921379e-02	4.25954491e-02	8.00631185e-01	4.84307731e-01	3.16323455e-01
255             	8.40333160e-02	4.25350579e-02	8.01601255e-01	4.84833943e-01	3.16767311e-01
256             	8.40730658e-02	4.24740731e-02	8.02565521e-01	4.85355827e-01	3.17209695e-01
257             	8.41113485e-02	4.24124867e-02	8.03523924e-01	4.85873311e-01	3.17650614e-01
258             	8.41481611e-02	4.23503064e-02	8.04476530e-01	4.86386426e-01	3.18090104e-01
259             	8.41835096e-02	4.22875462e-02	8.05423412e-01	4.86895215e-01	3.18528196e-01
260             	8.42173681e-02	4.22242135e-02	8.06364573e-01	4.87399654e-01	3.18964918e-01
261             	8.42497047e-02	4.21603109e-02	8.07300000e-01	4.87899705e-01	3.19400295e-01
262             	8.42804539e-02	4.20957902e-02	8.08229731e-01	4.88395319e-01	3.19834412e-01
263             	8.43096014e-02	4.20307010e-02	8.09153386e-01	4.88886294e-01	3.20267092e-01
264             	8.43371407e-02	4.19650424e-02	8.10070871e-01	4.89372576e-01	3.20698295e-01
265             	8.43630458e-02	4.18988020e-02	8.10982030e-01	4.89854061e-01	3.21127969e-01
266             	8.43873382e-02	4.18319736e-02	8.11886828e-01	4.90330752e-01	3.21556076e-01
267             	8.44099505e-02	4.17645058e-02	8.12785133e-01	4.90802517e-01	3.21982616e-01
268             	8.44308566e-02	4.16963699e-02	8.13676832e-01	4.91269273e-01	3.22407560e-01
269             	8.44501028e-02	4.16275683e-02	8.14561905e-01	4.91731055e-01	3.22830850e-01
270             	8.44677172e-02	4.15580886e-02	8.15440329e-01	4.92187882e-01	3.23252447e-01
271             	8.44837102e-02	4.14879210e-02	8.16311998e-01	4.92639709e-01	3.23672289e-01
272             	8.44980752e-02	4.14170385e-02	8.17176949e-01	4.93086550e-01	3.24090399e-01
273             	8.45108143e-02	4.13454099e-02	8.18035359e-01	4.93528494e-01	3.24506865e-01
274             	8.45219800e-02	4.12730367e-02	8.18887443e-01	4.93965701e-01	3.24921741e-01
275             	8.45316422e-02	4.11999353e-02	8.19733447e-01	4.94398366e-01	3.25335081e-01
276             	8.45398167e-02	4.11261214e-02	8.20573346e-01	4.94826489e-01	3.25746856e-01
277             	8.45465207e-02	4.10516203e-02	8.21407078e-01	4.95250060e-01	3.26157018e-01
278             	8.45517684e-02	4.09764568e-02	8.22234632e-01	4.95669084e-01	3.26565547e-01
279             	8.45556148e-02	4.09007202e-02	8.23055771e-01	4.96083501e-01	3.26972271e-01
280             	8.45580917e-02	4.08244124e-02	8.23870746e-01	4.96493465e-01	3.27377282e-01
281             	8.45592219e-02	4.07475555e-02	8.24679747e-01	4.96899096e-01	3.27780652e-01
282             	8.45590518e-02	4.06701783e-02	8.25483041e-01	4.97300572e-01	3.28182469e-01
283             	8.45562500e-02	4.05996487e-02	8.26216950e-01	4.97664725e-01	3.28552225e-01
284             	8.45551931e-02	4.05126182e-02	8.27085854e-01	4.98098120e-01	3.28987734e-01
285             	8.45531118e-02	4.04258390e-02	8.27946866e-01	4.98526545e-01	3.29420321e-01
286             	8.45492725e-02	4.03424171e-02	8.28769178e-01	4.98933862e-01	3.29835317e-01
287             	8.45435425e-02	4.02627855e-02	8.29546604e-01	4.99316845e-01	3.30229760e-01
288             	8.45359485e-02	4.01856134e-02	8.30288425e-01	4.99680161e-01	3.30608264e-01
289             	8.45266415e-02	4.01093714e-02	8.31008096e-01	5.00030689e-01	3.30977407e-01
290             	8.45158854e-02	4.00328153e-02	8.31719128e-01	5.00375449e-01	3.31343679e-01
291             	8.45040048e-02	3.99551720e-02	8.32432506e-01	5.00720258e-01	3.31712248e-01
292             	8.44914682e-02	3.98761137e-02	8.33156545e-01	5.01069741e-01	3.32086804e-01
293             	8.44784933e-02	3.97958664e-02	8.33891863e-01	5.01424425e-01	3.32467438e-01
294             	8.44653159e-02	3.97148183e-02	8.34636550e-01	5.01783591e-01	3.32852959e-01
295             	8.44520494e-02	3.96334093e-02	8.35386099e-01	5.02145099e-01	3.33241000e-01
296             	8.44386591e-02	3.95519994e-02	8.36135001e-01	5.02506160e-01	3.33628842e-01
297             	8.44249802e-02	3.94707683e-02	8.36878458e-01	5.02864209e-01	3.34014249e-01
298             	8.44107635e-02	3.93897533e-02	8.37612924e-01	5.03217226e-01	3.34395699e-01
299             	8.43957537e-02	3.93088676e-02	8.38336851e-01	5.03564179e-01	3.34772672e-01
300             	8.43796904e-02	3.92280879e-02	8.39048877e-01	5.03904129e-01	3.35144748e-01
301             	8.43626516e-02	3.91472267e-02	8.39752395e-01	5.04238849e-01	3.35513546e-01
302             	8.43446987e-02	3.90662767e-02	8.40449489e-01	5.04569443e-01	3.35880046e-01
303             	8.43259381e-02	3.89852773e-02	8.41142233e-01	5.04897055e-01	3.36245178e-01
304             	8.43065054e-02	3.89043263e-02	8.41832094e-01	5.05222553e-01	3.36609542e-01
305             	8.42865457e-02	3.88236200e-02	8.42519270e-01	5.05546181e-01	3.36973089e-01
306             	8.42661928e-02	3.87431315e-02	8.43204996e-01	5.05868691e-01	3.37336305e-01
307             	8.42455988e-02	3.86629285e-02	8.43889324e-01	5.06190261e-01	3.37699063e-01
308             	8.42248701e-02	3.85830690e-02	8.44571753e-01	5.06510747e-01	3.38061007e-01
309             	8.42040612e-02	3.85035547e-02	8.45251752e-01	5.06829937e-01	3.38421815e-01
310             	8.41831568e-02	3.84243867e-02	8.45928356e-01	5.07147335e-01	3.38781021e-01
311             	8.41620857e-02	3.83455259e-02	8.46600781e-01	5.07462476e-01	3.39138305e-01
312             	8.41407791e-02	3.82669215e-02	8.47268603e-01	5.07775081e-01	3.39493523e-01
313             	8.41191879e-02	3.81885360e-02	8.47931647e-01	5.08085012e-01	3.39846636e-01
314             	8.40972875e-02	3.81103515e-02	8.48589910e-01	5.08392243e-01	3.40197668e-01
315             	8.40750688e-02	3.80323494e-02	8.49243613e-01	5.08696876e-01	3.40546738e-01
316             	8.40525298e-02	3.79545226e-02	8.49892984e-01	5.08999022e-01	3.40893962e-01
317             	8.40296761e-02	3.78768669e-02	8.50538256e-01	5.09298804e-01	3.41239452e-01
318             	8.40065897e-02	3.77993239e-02	8.51180848e-01	5.09597014e-01	3.41583835e-01
319             	8.39832918e-02	3.77220110e-02	8.51819569e-01	5.09893076e-01	3.41926493e-01
320             	8.39598355e-02	3.76449172e-02	8.52454719e-01	5.10187195e-01	3.42267524e-01
321             	8.39362786e-02	3.75680246e-02	8.53086590e-01	5.10479574e-01	3.42607017e-01
322             	8.39126343e-02	3.74913740e-02	8.53714350e-01	5.10769809e-01	3.42944541e-01
323             	8.38889957e-02	3.74148456e-02	8.54339746e-01	5.11058869e-01	3.43280877e-01
324             	8.38653963e-02	3.73384273e-02	8.54963002e-01	5.11346897e-01	3.43616105e-01
325             	8.38418474e-02	3.72621040e-02	8.55584295e-01	5.11633995e-01	3.43950300e-01
326             	8.38183476e-02	3.71858815e-02	8.56203522e-01	5.11920109e-01	3.44283413e-01
327             	8.37948936e-02	3.71097674e-02	8.56820498e-01	5.12205143e-01	3.44615355e-01
328             	8.37714894e-02	3.70337667e-02	8.57435017e-01	5.12488998e-01	3.44946019e-01
329             	8.37481379e-02	3.69578801e-02	8.58046865e-01	5.12771570e-01	3.45275295e-01
330             	8.37248332e-02	3.68821051e-02	8.58655827e-01	5.13052747e-01	3.45603080e-01
331             	8.37015660e-02	3.68064380e-02	8.59261709e-01	5.13332420e-01	3.45929288e-01
332             	8.36783144e-02	3.67308674e-02	8.59864333e-01	5.13610481e-01	3.46253852e-01
333             	8.36550500e-02	3.66553719e-02	8.60463612e-01	5.13886856e-01	3.46576756e-01
334             	8.36317652e-02	3.65799336e-02	8.61059568e-01	5.14161549e-01	3.46898019e-01
335             	8.36084769e-02	3.65045502e-02	8.61652284e-01	5.14434619e-01	3.47217665e-01
336             	8.35852319e-02	3.64292329e-02	8.62241918e-01	5.14706191e-01	3.47535727e-01
337             	8.35620695e-02	3.63539943e-02	8.62828660e-01	5.14976399e-01	3.47852260e-01
338             	8.35390240e-02	3.62788479e-02	8.63412709e-01	5.15245378e-01	3.48167330e-01
339             	8.35161160e-02	3.62038078e-02	8.63994208e-01	5.15513220e-01	3.48480988e-01
340             	8.34933485e-02	3.61288872e-02	8.64573220e-01	5.15779959e-01	3.48793262e-01
341             	8.34707141e-02	3.60540972e-02	8.65149740e-01	5.16045584e-01	3.49104156e-01
342             	8.34482041e-02	3.59794469e-02	8.65723737e-01	5.16310073e-01	3.49413664e-01
343             	8.34258184e-02	3.59049440e-02	8.66295189e-01	5.16573413e-01	3.49721776e-01
344             	8.34035642e-02	3.58305956e-02	8.66864091e-01	5.16835610e-01	3.50028481e-01
345             	8.33814529e-02	3.57564093e-02	8.67430464e-01	5.17096685e-01	3.50333779e-01
346             	8.33594980e-02	3.56823953e-02	8.67994326e-01	5.17356661e-01	3.50637665e-01
347             	8.33377109e-02	3.56085614e-02	8.68555699e-01	5.17615560e-01	3.50940139e-01
348             	8.33160956e-02	3.55349109e-02	8.69114601e-01	5.17873396e-01	3.51241205e-01
349             	8.32946416e-02	3.54614409e-02	8.69671028e-01	5.18130156e-01	3.51540872e-01
350             	8.32733284e-02	3.53881478e-02	8.70224931e-01	5.18385794e-01	3.51839137e-01
351             	8.32521497e-02	3.53150347e-02	8.70776273e-01	5.18640286e-01	3.52135987e-01
352             	8.32311073e-02	3.52421052e-02	8.71325064e-01	5.18893639e-01	3.52431425e-01
353             	8.32102020e-02	3.51693608e-02	8.71871343e-01	5.19145873e-01	3.52725469e-01
354             	8.31894351e-02	3.50968041e-02	8.72415162e-01	5.19397016e-01	3.53018146e-01
355             	8.31688017e-02	3.50244375e-02	8.72956543e-01	5.19647073e-01	3.53309470e-01
356             	8.31482814e-02	3.49522586e-02	8.73495448e-01	5.19896005e-01	3.53599443e-01
357             	8.31278551e-02	3.48802664e-02	8.74031838e-01	5.20143774e-01	3.53888064e-01
358             	8.31075173e-02	3.48084621e-02	8.74565694e-01	5.20390364e-01	3.54175330e-01
359             	8.30872715e-02	3.47368473e-02	8.75097019e-01	5.20635781e-01	3.54461238e-01
360             	8.30671341e-02	3.46654264e-02	8.75625859e-01	5.20880064e-01	3.54745796e-01
361             	8.30471196e-02	3.45942033e-02	8.76152275e-01	5.21123257e-01	3.55029018e-01
362             	8.30272332e-02	3.45231802e-02	8.76676309e-01	5.21365388e-01	3.55310921e-01
363             	8.30074644e-02	3.44523550e-02	8.77197966e-01	5.21606447e-01	3.55591519e-01
364             	8.29877835e-02	3.43817184e-02	8.77717185e-01	5.21846376e-01	3.55870809e-01
365             	8.29681539e-02	3.43112601e-02	8.78233851e-01	5.22085079e-01	3.56148771e-01
366             	8.29485512e-02	3.42409676e-02	8.78747920e-01	5.22322511e-01	3.56425409e-01
367             	8.29289664e-02	3.41708341e-02	8.79259371e-01	5.22558652e-01	3.56700719e-01
368             	8.29094095e-02	3.41008659e-02	8.79768194e-01	5.22793507e-01	3.56974688e-01
369             	8.28898984e-02	3.40310732e-02	8.80274409e-01	5.23027103e-01	3.57247306e-01
370             	8.28704387e-02	3.39614593e-02	8.80778047e-01	5.23259462e-01	3.57518585e-01
371             	8.28510212e-02	3.38920186e-02	8.81279131e-01	5.23490586e-01	3.57788544e-01
372             	8.28316101e-02	3.38227343e-02	8.81777631e-01	5.23720425e-01	3.58057205e-01
373             	8.28121764e-02	3.37535955e-02	8.82273504e-01	5.23948928e-01	3.58324575e-01
374             	8.27927429e-02	3.36846147e-02	8.82766806e-01	5.24176146e-01	3.58590660e-01
375             	8.27733629e-02	3.36158183e-02	8.83257652e-01	5.24402189e-01	3.58855463e-01
376             	8.27540482e-02	3.35472177e-02	8.83746059e-01	5.24627078e-01	3.59118981e-01
377             	8.27347396e-02	3.34787953e-02	8.84231875e-01	5.24850677e-01	3.59381198e-01
378             	8.27153757e-02	3.34105325e-02	8.84714945e-01	5.25072848e-01	3.59642097e-01
379             	8.26959237e-02	3.33424160e-02	8.85195206e-01	5.25293527e-01	3.59901679e-01
380             	8.26763897e-02	3.32744425e-02	8.85672723e-01	5.25512751e-01	3.60159972e-01
381             	8.26568244e-02	3.32066329e-02	8.86147622e-01	5.25730635e-01	3.60416986e-01
382             	8.26372609e-02	3.31390027e-02	8.86619987e-01	5.25947254e-01	3.60672732e-01
383             	8.26177113e-02	3.30715655e-02	8.87089821e-01	5.26162622e-01	3.60927199e-01
384             	8.25981673e-02	3.30043292e-02	8.87557066e-01	5.26376700e-01	3.61180366e-01
385             	8.25786009e-02	3.29372822e-02	8.88021724e-01	5.26589463e-01	3.61432261e-01
386             	8.25589925e-02	3.28704206e-02	8.88483772e-01	5.26800878e-01	3.61682893e-01
387             	8.25393346e-02	3.28037404e-02	8.88943254e-01	5.27010961e-01	3.61932292e-01
388             	8.25196253e-02	3.27372435e-02	8.89400194e-01	5.27219723e-01	3.62180472e-01
389             	8.24998610e-02	3.26709318e-02	8.89854598e-01	5.27427160e-01	3.62427438e-01
390             	8.24800469e-02	3.26048116e-02	8.90306458e-01	5.27633276e-01	3.62673182e-01
391             	8.24601939e-02	3.25388946e-02	8.90755761e-01	5.27838074e-01	3.62917686e-01
392             	8.24403028e-02	3.24731900e-02	8.91202487e-01	5.28041546e-01	3.63160940e-01
393             	8.24203729e-02	3.24077104e-02	8.91646596e-01	5.28243671e-01	3.63402925e-01
394             	8.24004019e-02	3.23424636e-02	8.92088071e-01	5.28444437e-01	3.63643634e-01
395             	8.23803983e-02	3.22774546e-02	8.92526945e-01	5.28643871e-01	3.63883074e-01
396             	8.23603612e-02	3.22126835e-02	8.92963270e-01	5.28841996e-01	3.64121274e-01
397             	8.23402760e-02	3.21481412e-02	8.93397108e-01	5.29038830e-01	3.64358278e-01
398             	8.23201315e-02	3.20838221e-02	8.93828490e-01	5.29234377e-01	3.64594114e-01
399             	8.22999274e-02	3.20197344e-02	8.94257380e-01	5.29428617e-01	3.64828762e-01
400             	8.22796672e-02	3.19558873e-02	8.94683737e-01	5.29621536e-01	3.65062201e-01
401             	8.22593689e-02	3.18922873e-02	8.95107616e-01	5.29813177e-01	3.65294439e-01
402             	8.22390605e-02	3.18289444e-02	8.95529110e-01	5.30003615e-01	3.65525494e-01
403             	8.22187418e-02	3.17658602e-02	8.95948252e-01	5.30192868e-01	3.65755384e-01
404             	8.21983984e-02	3.17030323e-02	8.96365034e-01	5.30380915e-01	3.65984118e-01
405             	8.21780157e-02	3.16404610e-02	8.96779422e-01	5.30567727e-01	3.66211695e-01
406             	8.21575828e-02	3.15781483e-02	8.97191371e-01	5.30753268e-01	3.66438103e-01
407             	8.21370970e-02	3.15161037e-02	8.97600796e-01	5.30937495e-01	3.66663301e-01
408             	8.21165601e-02	3.14543219e-02	8.98007732e-01	5.31120426e-01	3.66887306e-01
409             	8.20959845e-02	3.13928087e-02	8.98412184e-01	5.31302076e-01	3.67110107e-01
410             	8.20753832e-02	3.13315638e-02	8.98814208e-01	5.31482487e-01	3.67331721e-01
411             	8.20563888e-02	3.12787327e-02	8.99166762e-01	5.31639770e-01	3.67526992e-01
412             	8.20347791e-02	3.12139341e-02	8.99584532e-01	5.31827045e-01	3.67757487e-01
413             	8.20131948e-02	3.11495160e-02	9.00001536e-01	5.32013963e-01	3.67987573e-01
414             	8.19918415e-02	3.10864057e-02	9.00412661e-01	5.32198172e-01	3.68214489e-01
415             	8.19707923e-02	3.10249750e-02	9.00814776e-01	5.32378180e-01	3.68436596e-01
416             	8.19500050e-02	3.09651314e-02	9.01206863e-01	5.32553436e-01	3.68653427e-01
417             	8.19308460e-02	3.09142914e-02	9.01544002e-01	5.32702847e-01	3.68841155e-01
418             	8.19093156e-02	3.08524785e-02	9.01939164e-01	5.32878898e-01	3.69060266e-01
419             	8.18877869e-02	3.07910842e-02	9.02331166e-01	5.33053370e-01	3.69277796e-01
420             	8.18664152e-02	3.07306974e-02	9.02717608e-01	5.33225219e-01	3.69492389e-01
421             	8.18452578e-02	3.06715402e-02	9.03097290e-01	5.33393903e-01	3.69703387e-01
422             	8.18242807e-02	3.06135097e-02	9.03470285e-01	5.33559423e-01	3.69910862e-01
423             	8.18033900e-02	3.05563033e-02	9.03837618e-01	5.33722199e-01	3.70115419e-01
424             	8.17824623e-02	3.04995520e-02	9.04200786e-01	5.33882855e-01	3.70317931e-01
425             	8.17613996e-02	3.04429453e-02	9.04561305e-01	5.34042052e-01	3.70519253e-01
426             	8.17401523e-02	3.03862894e-02	9.04920396e-01	5.34200350e-01	3.70720046e-01
427             	8.17187223e-02	3.03295167e-02	9.05278815e-01	5.34358130e-01	3.70920685e-01
428             	8.16971594e-02	3.02726632e-02	9.05636835e-01	5.34515577e-01	3.71121258e-01
429             	8.16755420e-02	3.02158310e-02	9.05994306e-01	5.34672695e-01	3.71321611e-01
430             	8.16539481e-02	3.01591379e-02	9.06350808e-01	5.34829352e-01	3.71521456e-01
431             	8.16324311e-02	3.01026847e-02	9.06705764e-01	5.34985313e-01	3.71720451e-01
432             	8.16110101e-02	3.00465341e-02	9.07058596e-01	5.35140308e-01	3.71918288e-01
433             	8.15896348e-02	2.99906879e-02	9.07408787e-01	5.35294028e-01	3.72114759e-01
434             	8.15682433e-02	2.99351232e-02	9.07755987e-01	5.35446237e-01	3.72309750e-01
435             	8.15467961e-02	2.98798162e-02	9.08100060e-01	5.35596826e-01	3.72503234e-01
436             	8.15252838e-02	2.98247487e-02	9.08441088e-01	5.35745828e-01	3.72695260e-01
437             	8.15037272e-02	2.97699131e-02	9.08779319e-01	5.35893387e-01	3.72885932e-01
438             	8.14821579e-02	2.97153088e-02	9.09115066e-01	5.36039691e-01	3.73075375e-01
439             	8.14606014e-02	2.96609366e-02	9.09448624e-01	5.36184913e-01	3.73263710e-01
440             	8.14390629e-02	2.96067918e-02	9.09780186e-01	5.36329156e-01	3.73451030e-01
441             	8.14175367e-02	2.95528661e-02	9.10109853e-01	5.36472463e-01	3.73637390e-01
442             	8.13959990e-02	2.94991431e-02	9.10437619e-01	5.36614809e-01	3.73822811e-01
443             	8.13744242e-02	2.94456077e-02	9.10763404e-01	5.36756126e-01	3.74007278e-01
444             	8.13527992e-02	2.93922535e-02	9.11087097e-01	5.36896347e-01	3.74190749e-01
445             	8.13311349e-02	2.93390886e-02	9.11408596e-01	5.37035433e-01	3.74373163e-01
446             	8.13094628e-02	2.92861312e-02	9.11727860e-01	5.37173393e-01	3.74554467e-01
447             	8.12878200e-02	2.92333986e-02	9.12044912e-01	5.37310276e-01	3.74734636e-01
448             	8.12662424e-02	2.91809070e-02	9.12359810e-01	5.37446147e-01	3.74913663e-01
449             	8.12447649e-02	2.91286735e-02	9.12672627e-01	5.37581079e-01	3.75091549e-01
450             	8.12233959e-02	2.90767059e-02	9.12983388e-01	5.37715090e-01	3.75268298e-01
451             	8.12021132e-02	2.90249983e-02	9.13292062e-01	5.37848144e-01	3.75443918e-01
452             	8.11808736e-02	2.89735316e-02	9.13598607e-01	5.37980177e-01	3.75618430e-01
453             	8.11596364e-02	2.89222856e-02	9.13902990e-01	5.38111131e-01	3.75791859e-01
454             	8.11383816e-02	2.88712428e-02	9.14205243e-01	5.38241003e-01	3.75964240e-01
455             	8.11171232e-02	2.88204042e-02	9.14505421e-01	5.38369834e-01	3.76135588e-01
456             	8.10958835e-02	2.87697842e-02	9.14803535e-01	5.38497651e-01	3.76305884e-01
457             	8.10746817e-02	2.87193977e-02	9.15099591e-01	5.38624477e-01	3.76475114e-01
458             	8.10535353e-02	2.86692546e-02	9.15393638e-01	5.38750354e-01	3.76643284e-01
459             	8.10324613e-02	2.86193624e-02	9.15685745e-01	5.38875334e-01	3.76810411e-01
460             	8.10114746e-02	2.85697281e-02	9.15975969e-01	5.38999459e-01	3.76976510e-01
461             	8.09905842e-02	2.85203574e-02	9.16264331e-01	5.39122750e-01	3.77141581e-01
462             	8.09697947e-02	2.84712536e-02	9.16550830e-01	5.39245210e-01	3.77305620e-01
463             	8.09491035e-02	2.84224152e-02	9.16835452e-01	5.39366829e-01	3.77468622e-01
464             	8.09285063e-02	2.83738385e-02	9.17118187e-01	5.39487600e-01	3.77630587e-01
465             	8.09079963e-02	2.83255170e-02	9.17399040e-01	5.39607517e-01	3.77791524e-01
466             	8.08875662e-02	2.82774445e-02	9.17678011e-01	5.39726572e-01	3.77951439e-01
467             	8.08672153e-02	2.82296203e-02	9.17955097e-01	5.39844764e-01	3.78110333e-01
468             	8.08469474e-02	2.81820457e-02	9.18230315e-01	5.39962105e-01	3.78268210e-01
469             	8.08267663e-02	2.81347213e-02	9.18503692e-01	5.40078612e-01	3.78425080e-01
470             	8.08066791e-02	2.80876511e-02	9.18775245e-01	5.40194302e-01	3.78580943e-01
471             	8.07866974e-02	2.80408414e-02	9.19045005e-01	5.40309200e-01	3.78735805e-01
472             	8.07668334e-02	2.79943004e-02	9.19312996e-01	5.40423332e-01	3.78889665e-01
473             	8.07470951e-02	2.79480363e-02	9.19579226e-01	5.40536708e-01	3.79042518e-01
474             	8.07274837e-02	2.79020505e-02	9.19843711e-01	5.40649339e-01	3.79194372e-01
475             	8.07079965e-02	2.78563404e-02	9.20106477e-01	5.40761235e-01	3.79345242e-01
476             	8.06886312e-02	2.78109059e-02	9.20367530e-01	5.40872396e-01	3.79495134e-01
477             	8.06693891e-02	2.77657496e-02	9.20626874e-01	5.40982826e-01	3.79644048e-01
478             	8.06502753e-02	2.77208742e-02	9.20884519e-01	5.41092535e-01	3.79791984e-01
479             	8.06312903e-02	2.76762781e-02	9.21140480e-01	5.41201530e-01	3.79938950e-01
480             	8.06124373e-02	2.76319618e-02	9.21394771e-01	5.41309823e-01	3.80084948e-01
481             	8.05937222e-02	2.75879235e-02	9.21647431e-01	5.41417438e-01	3.80229993e-01
482             	8.05751532e-02	2.75441622e-02	9.21898514e-01	5.41524410e-01	3.80374104e-01
483             	8.05567392e-02	2.75006787e-02	9.22148076e-01	5.41630777e-01	3.80517299e-01
484             	8.05384904e-02	2.74574765e-02	9.22396164e-01	5.41736572e-01	3.80659591e-01
485             	8.05204121e-02	2.74145595e-02	9.22642792e-01	5.41841808e-01	3.80800984e-01
486             	8.05025024e-02	2.73719285e-02	9.22887962e-01	5.41946484e-01	3.80941479e-01
487             	8.04847529e-02	2.73295834e-02	9.23131644e-01	5.42050575e-01	3.81081069e-01
488             	8.04671503e-02	2.72875208e-02	9.23373797e-01	5.42154049e-01	3.81219748e-01
489             	8.04496876e-02	2.72457395e-02	9.23614397e-01	5.42256886e-01	3.81357511e-01
490             	8.04323645e-02	2.72042423e-02	9.23853427e-01	5.42359078e-01	3.81494349e-01
491             	8.04151792e-02	2.71630280e-02	9.24090891e-01	5.42460625e-01	3.81630266e-01
492             	8.03981281e-02	2.71220902e-02	9.24326827e-01	5.42561542e-01	3.81765285e-01
493             	8.03812127e-02	2.70814275e-02	9.24561268e-01	5.42661847e-01	3.81899421e-01
494             	8.03644417e-02	2.70410483e-02	9.24794213e-01	5.42761548e-01	3.82032665e-01
495             	8.03478349e-02	2.70009499e-02	9.25025800e-01	5.42860735e-01	3.82165065e-01
496             	8.03314127e-02	2.69611389e-02	9.25256108e-01	5.42959467e-01	3.82296641e-01
497             	8.03151929e-02	2.69216217e-02	9.25485209e-01	5.43057797e-01	3.82427412e-01
498             	8.02991840e-02	2.68824016e-02	9.25713151e-01	5.43155760e-01	3.82557392e-01
499             	8.02833834e-02	2.68434810e-02	9.25939926e-01	5.43253346e-01	3.82686579e-01
500             	8.02677794e-02	2.68048633e-02	9.26165459e-01	5.43350509e-01	3.82814950e-01
501             	8.02523568e-02	2.67665519e-02	9.26389651e-01	5.43447182e-01	3.82942469e-01
502             	8.02370993e-02	2.67285439e-02	9.26612427e-01	5.43543313e-01	3.83069114e-01
503             	8.02219986e-02	2.66908325e-02	9.26833784e-01	5.43638890e-01	3.83194893e-01
504             	8.02070444e-02	2.66534115e-02	9.27053711e-01	5.43733900e-01	3.83319811e-01
505             	8.01922238e-02	2.66162622e-02	9.27272274e-01	5.43828361e-01	3.83443913e-01
506             	8.01775349e-02	2.65793791e-02	9.27489514e-01	5.43922292e-01	3.83567222e-01
507             	8.01629942e-02	2.65427689e-02	9.27705483e-01	5.44015736e-01	3.83689747e-01
508             	8.01486270e-02	2.65064411e-02	9.27920260e-01	5.44108757e-01	3.83811503e-01
509             	8.01344567e-02	2.64704044e-02	9.28133925e-01	5.44201419e-01	3.83932506e-01
510             	8.01205040e-02	2.64346728e-02	9.28346507e-01	5.44293757e-01	3.84052749e-01
511             	8.01067681e-02	2.63992495e-02	9.28558001e-01	5.44385769e-01	3.84172233e-01
512             	8.00932306e-02	2.63641293e-02	9.28768365e-01	5.44477413e-01	3.84290952e-01
513             	8.00798689e-02	2.63293079e-02	9.28977535e-01	5.44568637e-01	3.84408899e-01
514             	8.00666594e-02	2.62947828e-02	9.29185386e-01	5.44659352e-01	3.84526034e-01
515             	8.00536374e-02	2.62606880e-02	9.29391286e-01	5.44749280e-01	3.84642006e-01
516             	8.00410677e-02	2.62276095e-02	9.29592287e-01	5.44837211e-01	3.84755076e-01
517             	8.00287701e-02	2.61952243e-02	9.29790131e-01	5.44923836e-01	3.84866295e-01
518             	8.00162329e-02	2.61620992e-02	9.29990696e-01	5.45011581e-01	3.84979115e-01
519             	8.00036405e-02	2.61288852e-02	9.30192249e-01	5.45099765e-01	3.85092484e-01
520             	7.99910297e-02	2.60954199e-02	9.30395245e-01	5.45188652e-01	3.85206593e-01
521             	7.99785421e-02	2.60621465e-02	9.30598657e-01	5.45277870e-01	3.85320786e-01
522             	7.99662496e-02	2.60290079e-02	9.30802008e-01	5.45367253e-01	3.85434754e-01
523             	7.99542207e-02	2.59964062e-02	9.31003818e-01	5.45456130e-01	3.85547688e-01
524             	7.99424205e-02	2.59641077e-02	9.31203988e-01	5.45544414e-01	3.85659573e-01
525             	7.99308684e-02	2.59324350e-02	9.31401334e-01	5.45631535e-01	3.85769799e-01
526             	7.99194585e-02	2.59010125e-02	9.31596526e-01	5.45717722e-01	3.85878804e-01
527             	7.99082275e-02	2.58701388e-02	9.31788878e-01	5.45802667e-01	3.85986212e-01
528             	7.98970714e-02	2.58394010e-02	9.31979650e-01	5.45886897e-01	3.86092754e-01
529             	7.98860197e-02	2.58090857e-02	9.32168368e-01	5.45970204e-01	3.86198164e-01
530             	7.98749888e-02	2.57788072e-02	9.32356387e-01	5.46053182e-01	3.86303205e-01
531             	7.98640484e-02	2.57488813e-02	9.32543146e-01	5.46135621e-01	3.86407525e-01
532             	7.98531648e-02	2.57189802e-02	9.32729851e-01	5.46218090e-01	3.86511761e-01
533             	7.98424522e-02	2.56894431e-02	9.32915753e-01	5.46300329e-01	3.86615424e-01
534             	7.98318800e-02	2.56599738e-02	9.33101786e-01	5.46382773e-01	3.86719013e-01
535             	7.98215073e-02	2.56308885e-02	9.33286819e-01	5.46464917e-01	3.86821902e-01
536             	7.98112673e-02	2.56019042e-02	9.33471538e-01	5.46547036e-01	3.86924502e-01
537             	7.98011905e-02	2.55733039e-02	9.33654725e-01	5.46628553e-01	3.87026172e-01
538             	7.97911971e-02	2.55447930e-02	9.33837280e-01	5.46709837e-01	3.87127443e-01
539             	7.97813175e-02	2.55166228e-02	9.34018121e-01	5.46790378e-01	3.87227743e-01
540             	7.97714747e-02	2.54885345e-02	9.34198139e-01	5.46870544e-01	3.87327595e-01
541             	7.97617071e-02	2.54607624e-02	9.34376300e-01	5.46949857e-01	3.87426443e-01
542             	7.97519710e-02	2.54330816e-02	9.34553742e-01	5.47028842e-01	3.87524900e-01
543             	7.97423102e-02	2.54057008e-02	9.34729453e-01	5.47107037e-01	3.87622417e-01
544             	7.97327035e-02	2.53784354e-02	9.34904633e-01	5.47185020e-01	3.87719613e-01
545             	7.97231893e-02	2.53514561e-02	9.35078245e-01	5.47262312e-01	3.87815933e-01
546             	7.97137466e-02	2.53246167e-02	9.35251438e-01	5.47339466e-01	3.87911972e-01
547             	7.97043879e-02	2.52980381e-02	9.35423113e-01	5.47415944e-01	3.88007169e-01
548             	7.96950987e-02	2.52716160e-02	9.35594374e-01	5.47492286e-01	3.88102088e-01
549             	7.96858768e-02	2.52454229e-02	9.35764092e-01	5.47567923e-01	3.88196169e-01
550             	7.96767161e-02	2.52193985e-02	9.35933334e-01	5.47643383e-01	3.88289951e-01
551             	7.96675974e-02	2.51935712e-02	9.36100951e-01	5.47718073e-01	3.88382878e-01
552             	7.96581697e-02	2.51667043e-02	9.36273897e-01	5.47795118e-01	3.88478779e-01
553             	7.96492335e-02	2.51416340e-02	9.36437294e-01	5.47867880e-01	3.88569413e-01
554             	7.96404983e-02	2.51173001e-02	9.36596434e-01	5.47938715e-01	3.88657719e-01
555             	7.96318147e-02	2.50931470e-02	9.36754305e-01	5.48008967e-01	3.88745338e-01
556             	7.96230946e-02	2.50688505e-02	9.36912831e-01	5.48079510e-01	3.88833321e-01
557             	7.96139817e-02	2.50430962e-02	9.37079975e-01	5.48153969e-01	3.88926006e-01
558             	7.96047998e-02	2.50167828e-02	9.37251408e-01	5.48230504e-01	3.89020904e-01
559             	7.95952781e-02	2.49885533e-02	9.37433432e-01	5.48311994e-01	3.89121438e-01
560             	7.95862952e-02	2.49624976e-02	9.37604683e-01	5.48388637e-01	3.89216046e-01
561             	7.95779526e-02	2.49394499e-02	9.37758982e-01	5.48457444e-01	3.89301539e-01
562             	7.95701277e-02	2.49188919e-02	9.37896181e-01	5.48518218e-01	3.89377963e-01
563             	7.95618690e-02	2.48970462e-02	9.38037156e-01	5.48580447e-01	3.89456709e-01
564             	7.95537418e-02	2.48761270e-02	9.38171207e-01	5.48639345e-01	3.89531862e-01
565             	7.95444552e-02	2.48509760e-02	9.38327190e-01	5.48708050e-01	3.89619140e-01
566             	7.95352371e-02	2.48263336e-02	9.38482646e-01	5.48776560e-01	3.89706086e-01
567             	7.95261936e-02	2.48024163e-02	9.38636553e-01	5.48844470e-01	3.89792083e-01
568             	7.95173701e-02	2.47792538e-02	9.38787970e-01	5.48911355e-01	3.89876615e-01
569             	7.95088657e-02	2.47573015e-02	9.38932626e-01	5.48975179e-01	3.89957447e-01
570             	7.95001830e-02	2.47341486e-02	9.39084156e-01	5.49042261e-01	3.90041895e-01
571             	7.94916057e-02	2.47112711e-02	9.39233652e-01	5.49108432e-01	3.90125220e-01
572             	7.94830979e-02	2.46886746e-02	9.39380726e-01	5.49173461e-01	3.90207265e-01
573             	7.94746187e-02	2.46663598e-02	9.39525163e-01	5.49237200e-01	3.90287963e-01
574             	7.94662537e-02	2.46449294e-02	9.39663636e-01	5.49298071e-01	3.90365564e-01
575             	7.94575280e-02	2.46221578e-02	9.39808571e-01	5.49361814e-01	3.90446758e-01
576             	7.94487703e-02	2.45996420e-02	9.39951866e-01	5.49424703e-01	3.90527162e-01
577             	7.94400124e-02	2.45775129e-02	9.40092904e-01	5.49486464e-01	3.90606440e-01
578             	7.94313848e-02	2.45563752e-02	9.40227724e-01	5.49545247e-01	3.90682477e-01
579             	7.94224792e-02	2.45341315e-02	9.40368831e-01	5.49606894e-01	3.90761936e-01
580             	7.94136115e-02	2.45122226e-02	9.40508161e-01	5.49667692e-01	3.90840469e-01
581             	7.94047907e-02	2.44906856e-02	9.40645297e-01	5.49727439e-01	3.90917858e-01
582             	7.93960107e-02	2.44695022e-02	9.40780030e-01	5.49786026e-01	3.90994004e-01
583             	7.93873858e-02	2.44491969e-02	9.40909222e-01	5.49841997e-01	3.91067225e-01
584             	7.93784519e-02	2.44276479e-02	9.41044576e-01	5.49900740e-01	3.91143836e-01
585             	7.93695456e-02	2.44062898e-02	9.41178642e-01	5.49958866e-01	3.91219775e-01
586             	7.93606770e-02	2.43851884e-02	9.41311076e-01	5.50016215e-01	3.91294861e-01
587             	7.93518378e-02	2.43643438e-02	9.41441791e-01	5.50072734e-01	3.91369058e-01
588             	7.93430088e-02	2.43437159e-02	9.41570886e-01	5.50128452e-01	3.91442434e-01
589             	7.93341678e-02	2.43232511e-02	9.41698554e-01	5.50183445e-01	3.91515109e-01
590             	7.93252955e-02	2.43029043e-02	9.41824990e-01	5.50237791e-01	3.91587199e-01
591             	7.93163812e-02	2.42826555e-02	9.41950297e-01	5.50291530e-01	3.91658767e-01
592             	7.93075660e-02	2.42631051e-02	9.42071144e-01	5.50343138e-01	3.91728006e-01
593             	7.92985518e-02	2.42430345e-02	9.42194079e-01	5.50395591e-01	3.91798487e-01
594             	7.92894125e-02	2.42226869e-02	9.42318212e-01	5.50448519e-01	3.91869694e-01
595             	7.92801930e-02	2.42022178e-02	9.42442967e-01	5.50501677e-01	3.91941291e-01
596             	7.92709438e-02	2.41818201e-02	9.42567344e-01	5.50554616e-01	3.92012728e-01
597             	7.92617129e-02	2.41616400e-02	9.42690477e-01	5.50606952e-01	3.92083526e-01
598             	7.92526798e-02	2.41423941e-02	9.42808451e-01	5.50656905e-01	3.92151546e-01
599             	7.92435265e-02	2.41226753e-02	9.42928004e-01	5.50707528e-01	3.92220475e-01
600             	7.92343955e-02	2.41031353e-02	9.43046105e-01	5.50757448e-01	3.92288657e-01
601             	7.92254338e-02	2.40843975e-02	9.43159563e-01	5.50805215e-01	3.92354347e-01
602             	7.92163020e-02	2.40650582e-02	9.43275268e-01	5.50853936e-01	3.92421332e-01
603             	7.92071435e-02	2.40457867e-02	9.43390291e-01	5.50902289e-01	3.92488002e-01
604             	7.91981344e-02	2.40272498e-02	9.43501413e-01	5.50948841e-01	3.92552572e-01
605             	7.91888924e-02	2.40080467e-02	9.43615236e-01	5.50996510e-01	3.92618725e-01
606             	7.91797889e-02	2.39895468e-02	9.43725440e-01	5.51042509e-01	3.92682931e-01
607             	7.91704092e-02	2.39703546e-02	9.43838383e-01	5.51089601e-01	3.92748782e-01
608             	7.91611727e-02	2.39519015e-02	9.43947508e-01	5.51134927e-01	3.92812581e-01
609             	7.91518726e-02	2.39334559e-02	9.44055927e-01	5.51179836e-01	3.92876091e-01
610             	7.91425121e-02	2.39149844e-02	9.44163890e-01	5.51224457e-01	3.92939433e-01
611             	7.91329013e-02	2.38958434e-02	9.44274600e-01	5.51270201e-01	3.93004399e-01
612             	7.91235510e-02	2.38775842e-02	9.44381135e-01	5.51314118e-01	3.93067016e-01
613             	7.91142470e-02	2.38594631e-02	9.44486614e-01	5.51357554e-01	3.93129060e-01
614             	7.91049844e-02	2.38414518e-02	9.44591152e-01	5.51400560e-01	3.93190591e-01
615             	7.90957536e-02	2.38235365e-02	9.44694815e-01	5.51443161e-01	3.93251654e-01
616             	7.90865395e-02	2.38057024e-02	9.44797703e-01	5.51485391e-01	3.93312312e-01
617             	7.90773295e-02	2.37879484e-02	9.44899853e-01	5.51527256e-01	3.93372597e-01
618             	7.90681255e-02	2.37702964e-02	9.45001194e-01	5.51568722e-01	3.93432471e-01
619             	7.90592060e-02	2.37534735e-02	9.45097734e-01	5.51608073e-01	3.93489661e-01
620             	7.90497464e-02	2.37353562e-02	9.45200538e-01	5.51650015e-01	3.93550522e-01
621             	7.90402960e-02	2.37174124e-02	9.45302444e-01	5.51691518e-01	3.93610926e-01
622             	7.90308827e-02	2.36997418e-02	9.45402860e-01	5.51732313e-01	3.93670547e-01
623             	7.90215180e-02	2.36823760e-02	9.45501405e-01	5.51772220e-01	3.93729184e-01
624             	7.90122194e-02	2.36653137e-02	9.45597901e-01	5.51811170e-01	3.93786731e-01
625             	7.90033002e-02	2.36492022e-02	9.45688875e-01	5.51847738e-01	3.93841137e-01
626             	7.89938482e-02	2.36318516e-02	9.45785240e-01	5.51886468e-01	3.93898772e-01
627             	7.89844751e-02	2.36146866e-02	9.45880580e-01	5.51924765e-01	3.93955815e-01
628             	7.89752134e-02	2.35977786e-02	9.45974705e-01	5.51962566e-01	3.94012139e-01
629             	7.89663793e-02	2.35818247e-02	9.46064086e-01	5.51998422e-01	3.94065664e-01
630             	7.89574095e-02	2.35655393e-02	9.46154820e-01	5.52034819e-01	3.94120000e-01
631             	7.89483170e-02	2.35489999e-02	9.46246581e-01	5.52071608e-01	3.94174973e-01
632             	7.89391129e-02	2.35322781e-02	9.46339098e-01	5.52108662e-01	3.94230436e-01
633             	7.89298598e-02	2.35155308e-02	9.46431706e-01	5.52145713e-01	3.94285993e-01
634             	7.89206173e-02	2.34988931e-02	9.46523698e-01	5.52182466e-01	3.94341232e-01
635             	7.89114598e-02	2.34825030e-02	9.46614397e-01	5.52218658e-01	3.94395739e-01
636             	7.89027696e-02	2.34671798e-02	9.46700143e-01	5.52252841e-01	3.94447302e-01
637             	7.88948546e-02	2.34533979e-02	9.46777742e-01	5.52283726e-01	3.94494016e-01
638             	7.88857971e-02	2.34369425e-02	9.46867384e-01	5.52319489e-01	3.94547895e-01
639             	7.88770557e-02	2.34212493e-02	9.46954016e-01	5.52354064e-01	3.94599952e-01
640             	7.88689967e-02	2.34069946e-02	9.47033601e-01	5.52385797e-01	3.94647804e-01
641             	7.88596769e-02	2.33900062e-02	9.47125832e-01	5.52422593e-01	3.94703239e-01
642             	7.88503849e-02	2.33733084e-02	9.47216974e-01	5.52458872e-01	3.94758102e-01
643             	7.88413491e-02	2.33573593e-02	9.47304782e-01	5.52493740e-01	3.94811042e-01
644             	7.88329584e-02	2.33428360e-02	9.47386100e-01	5.52526008e-01	3.94860092e-01
645             	7.88254235e-02	2.33298909e-02	9.47459182e-01	5.52555015e-01	3.94904168e-01
646             	7.88165282e-02	2.33139693e-02	9.47545071e-01	5.52589064e-01	3.94956007e-01
647             	7.88082290e-02	2.32992444e-02	9.47625564e-01	5.52621011e-01	3.95004553e-01
648             	7.88007825e-02	2.32860953e-02	9.47699195e-01	5.52650380e-01	3.95048815e-01
649             	7.87918477e-02	2.32699374e-02	9.47786183e-01	5.52684939e-01	3.95101244e-01
650             	7.87840438e-02	2.32561278e-02	9.47863257e-01	5.52715672e-01	3.95147584e-01
651             	7.87756734e-02	2.32411571e-02	9.47945398e-01	5.52748373e-01	3.95197026e-01
652             	7.87682402e-02	2.32279742e-02	9.48019972e-01	5.52778226e-01	3.95241746e-01
653             	7.87592603e-02	2.32118328e-02	9.48107318e-01	5.52812919e-01	3.95294399e-01
654             	7.87516224e-02	2.31983683e-02	9.48183256e-01	5.52843250e-01	3.95340005e-01
655             	7.87435819e-02	2.31840376e-02	9.48262418e-01	5.52874791e-01	3.95387627e-01
656             	7.87365378e-02	2.31715092e-02	9.48333650e-01	5.52903363e-01	3.95430287e-01
657             	7.87280395e-02	2.31561870e-02	9.48416406e-01	5.52936242e-01	3.95480163e-01
658             	7.87209135e-02	2.31434434e-02	9.48488506e-01	5.52965166e-01	3.95523339e-01
659             	7.87131804e-02	2.31294366e-02	9.48565649e-01	5.52996005e-01	3.95569644e-01
660             	7.87064566e-02	2.31172512e-02	9.48635171e-01	5.53024042e-01	3.95611129e-01
661             	7.86982565e-02	2.31022857e-02	9.48716294e-01	5.53056403e-01	3.95659890e-01
662             	7.86913967e-02	2.30898213e-02	9.48787569e-01	5.53085181e-01	3.95702388e-01
663             	7.86845516e-02	2.30772685e-02	9.48859248e-01	5.53114175e-01	3.95745072e-01
664             	7.86777341e-02	2.30646741e-02	9.48930949e-01	5.53143209e-01	3.95787740e-01
665             	7.86708895e-02	2.30519161e-02	9.49003471e-01	5.53172625e-01	3.95830846e-01
666             	7.86640273e-02	2.30390829e-02	9.49076330e-01	5.53202192e-01	3.95874138e-01
667             	7.86571674e-02	2.30261969e-02	9.49149688e-01	5.53232011e-01	3.95917676e-01
668             	7.86503121e-02	2.30133415e-02	9.49222953e-01	5.53261789e-01	3.95961164e-01
669             	7.86435217e-02	2.30005864e-02	9.49295989e-01	5.53291516e-01	3.96004473e-01
670             	7.86368012e-02	2.29879817e-02	9.49368304e-01	5.53320953e-01	3.96047351e-01
671             	7.86302067e-02	2.29755510e-02	9.49439971e-01	5.53350192e-01	3.96089779e-01
672             	7.86237498e-02	2.29633300e-02	9.49510601e-01	5.53379050e-01	3.96131551e-01
673             	7.86174426e-02	2.29512780e-02	9.49580544e-01	5.53407715e-01	3.96172830e-01
674             	7.86112770e-02	2.29394041e-02	9.49649603e-01	5.53436079e-01	3.96213525e-01
675             	7.86052543e-02	2.29276590e-02	9.49718256e-01	5.53464382e-01	3.96253874e-01
676             	7.85993552e-02	2.29160370e-02	9.49786457e-01	5.53492584e-01	3.96293873e-01
677             	7.85935960e-02	2.29045195e-02	9.49854579e-01	5.53520886e-01	3.96333694e-01
678             	7.85879319e-02	2.28930855e-02	9.49922546e-01	5.53549205e-01	3.96373341e-01
679             	7.85823786e-02	2.28817372e-02	9.49990574e-01	5.53577666e-01	3.96412908e-01
680             	7.85768838e-02	2.28704518e-02	9.50058481e-01	5.53606124e-01	3.96452357e-01
681             	7.85714760e-02	2.28592496e-02	9.50126399e-01	5.53634675e-01	3.96491723e-01
682             	7.85661188e-02	2.28481160e-02	9.50194048e-01	5.53663143e-01	3.96530905e-01
683             	7.85608509e-02	2.28370804e-02	9.50261539e-01	5.53691620e-01	3.96569919e-01
684             	7.85556460e-02	2.28261271e-02	9.50328609e-01	5.53719951e-01	3.96608659e-01
685             	7.85505523e-02	2.28152911e-02	9.50395407e-01	5.53748256e-01	3.96647151e-01
686             	7.85455502e-02	2.28045510e-02	9.50461766e-01	5.53776433e-01	3.96685333e-01
687             	7.85406842e-02	2.27939407e-02	9.50527858e-01	5.53804613e-01	3.96723245e-01
688             	7.85359149e-02	2.27834218e-02	9.50593544e-01	5.53832687e-01	3.96760857e-01
689             	7.85309575e-02	2.27723953e-02	9.50661611e-01	5.53861763e-01	3.96799848e-01
690             	7.85268025e-02	2.27629136e-02	9.50723029e-01	5.53888317e-01	3.96834712e-01
691             	7.85217154e-02	2.27513940e-02	9.50794031e-01	5.53918731e-01	3.96875300e-01
692             	7.85176585e-02	2.27420047e-02	9.50855420e-01	5.53945369e-01	3.96910052e-01
693             	7.85130550e-02	2.27312867e-02	9.50923175e-01	5.53974643e-01	3.96948533e-01
694             	7.85092568e-02	2.27221633e-02	9.50983781e-01	5.54001148e-01	3.96982634e-01
695             	7.85053155e-02	2.27124737e-02	9.51047136e-01	5.54028883e-01	3.97018252e-01
696             	7.85019896e-02	2.27039161e-02	9.51105467e-01	5.54054723e-01	3.97050744e-01
697             	7.84976342e-02	2.26928490e-02	9.51176057e-01	5.54085663e-01	3.97090394e-01
698             	7.84940964e-02	2.26835474e-02	9.51239238e-01	5.54113715e-01	3.97125522e-01
699             	7.84910083e-02	2.26752146e-02	9.51297786e-01	5.54139901e-01	3.97157885e-01
700             	7.84869023e-02	2.26645415e-02	9.51367507e-01	5.54170656e-01	3.97196851e-01
701             	7.84830710e-02	2.26545309e-02	9.51434493e-01	5.54200317e-01	3.97234175e-01
702             	7.84797326e-02	2.26455999e-02	9.51496287e-01	5.54227876e-01	3.97268411e-01
703             	7.84764668e-02	2.26367710e-02	9.51557297e-01	5.54255115e-01	3.97302182e-01
704             	7.84732829e-02	2.26279949e-02	9.51617653e-01	5.54282109e-01	3.97335543e-01
705             	7.84704106e-02	2.26197158e-02	9.51675727e-01	5.54308274e-01	3.97367453e-01
706             	7.84679680e-02	2.26121587e-02	9.51730475e-01	5.54333206e-01	3.97397270e-01
707             	7.84647148e-02	2.26022897e-02	9.51797196e-01	5.54363313e-01	3.97433883e-01
708             	7.84618658e-02	2.25932940e-02	9.51860674e-01	5.54392203e-01	3.97468471e-01
709             	7.84590512e-02	2.25843799e-02	9.51924457e-01	5.54421280e-01	3.97503177e-01
710             	7.84564586e-02	2.25760589e-02	9.51985669e-01	5.54449293e-01	3.97536376e-01
711             	7.84542176e-02	2.25685558e-02	9.52042325e-01	5.54475380e-01	3.97566945e-01
712             	7.84514144e-02	2.25591759e-02	9.52109263e-01	5.54506046e-01	3.97603217e-01
713             	7.84490167e-02	2.25507650e-02	9.52171768e-01	5.54534901e-01	3.97636867e-01
714             	7.84466989e-02	2.25424368e-02	9.52233874e-01	5.54563636e-01	3.97670238e-01
715             	7.84444891e-02	2.25343017e-02	9.52295012e-01	5.54591995e-01	3.97703017e-01
716             	7.84425146e-02	2.25267307e-02	9.52353253e-01	5.54619141e-01	3.97734112e-01
717             	7.84408490e-02	2.25198604e-02	9.52407250e-01	5.54644474e-01	3.97762776e-01
718             	7.84388399e-02	2.25115871e-02	9.52469059e-01	5.54673369e-01	3.97795690e-01
719             	7.84368603e-02	2.25033141e-02	9.52531257e-01	5.54702489e-01	3.97828768e-01
720             	7.84349632e-02	2.24952540e-02	9.52592935e-01	5.54731431e-01	3.97861504e-01
721             	7.84332759e-02	2.24878463e-02	9.52651584e-01	5.54759068e-01	3.97892516e-01
722             	7.84318644e-02	2.24812062e-02	9.52705737e-01	5.54784733e-01	3.97921004e-01
723             	7.84301723e-02	2.24732146e-02	9.52767918e-01	5.54814131e-01	3.97953787e-01
724             	7.84285516e-02	2.24653253e-02	9.52829999e-01	5.54843551e-01	3.97986448e-01
725             	7.84271089e-02	2.24579949e-02	9.52889399e-01	5.54871808e-01	3.98017590e-01
726             	7.84257116e-02	2.24505992e-02	9.52949125e-01	5.54900274e-01	3.98048851e-01
727             	7.84244881e-02	2.24437066e-02	9.53006194e-01	5.54927585e-01	3.98078609e-01
728             	7.84233712e-02	2.24369736e-02	9.53062283e-01	5.54954513e-01	3.98107770e-01
729             	7.84223236e-02	2.24302702e-02	9.53118180e-01	5.54981413e-01	3.98136766e-01
730             	7.84214118e-02	2.24239169e-02	9.53172149e-01	5.55007486e-01	3.98164663e-01
731             	7.84203061e-02	2.24161710e-02	9.53235130e-01	5.55037871e-01	3.98197259e-01
732             	7.84192632e-02	2.24085334e-02	9.53298196e-01	5.55068361e-01	3.98229835e-01
733             	7.84182942e-02	2.24011339e-02	9.53360473e-01	5.55098531e-01	3.98261942e-01
734             	7.84174662e-02	2.23944216e-02	9.53418942e-01	5.55126937e-01	3.98292005e-01
735             	7.84167226e-02	2.23880151e-02	9.53475277e-01	5.55154361e-01	3.98320916e-01
736             	7.84160473e-02	2.23817691e-02	9.53530255e-01	5.55181175e-01	3.98349080e-01
737             	7.84154202e-02	2.23755625e-02	9.53584646e-01	5.55207743e-01	3.98376903e-01
738             	7.84148748e-02	2.23696806e-02	9.53636459e-01	5.55233104e-01	3.98403355e-01
739             	7.84142738e-02	2.23626359e-02	9.53696341e-01	5.55262444e-01	3.98433897e-01
740             	7.84137730e-02	2.23560307e-02	9.53754358e-01	5.55290952e-01	3.98463406e-01
741             	7.84133195e-02	2.23495961e-02	9.53811699e-01	5.55319169e-01	3.98492530e-01
742             	7.84129220e-02	2.23433174e-02	9.53868438e-01	5.55347141e-01	3.98521297e-01
743             	7.84125951e-02	2.23375146e-02	9.53922107e-01	5.55373648e-01	3.98548458e-01
744             	7.84122955e-02	2.23306849e-02	9.53983418e-01	5.55404004e-01	3.98579413e-01
745             	7.84120657e-02	2.23243584e-02	9.54041791e-01	5.55432961e-01	3.98608830e-01
746             	7.84118809e-02	2.23182739e-02	9.54098406e-01	5.55461084e-01	3.98637322e-01
747             	7.84117173e-02	2.23126920e-02	9.54150759e-01	5.55487097e-01	3.98663662e-01
748             	7.84116139e-02	2.23065112e-02	9.54207646e-01	5.55515437e-01	3.98692209e-01
749             	7.84115369e-02	2.23004408e-02	9.54263742e-01	5.55543408e-01	3.98720334e-01
750             	7.84114901e-02	2.22944947e-02	9.54319113e-01	5.55571046e-01	3.98748066e-01
751             	7.84114647e-02	2.22886634e-02	9.54373810e-01	5.55598369e-01	3.98775440e-01
752             	7.84114357e-02	2.22832471e-02	9.54425207e-01	5.55624039e-01	3.98801168e-01
753             	7.84114844e-02	2.22772793e-02	9.54481310e-01	5.55652139e-01	3.98829171e-01
754             	7.84115721e-02	2.22713958e-02	9.54537216e-01	5.55680180e-01	3.98857036e-01
755             	7.84116926e-02	2.22656105e-02	9.54592737e-01	5.55708061e-01	3.98884676e-01
756             	7.84118538e-02	2.22599287e-02	9.54647808e-01	5.55735758e-01	3.98912050e-01
757             	7.84120445e-02	2.22543362e-02	9.54702328e-01	5.55763209e-01	3.98939120e-01
758             	7.84122669e-02	2.22488235e-02	9.54756298e-01	5.55790416e-01	3.98965882e-01
759             	7.84124451e-02	2.22436643e-02	9.54806895e-01	5.55815893e-01	3.98991002e-01
760             	7.84127533e-02	2.22379489e-02	9.54862334e-01	5.55843920e-01	3.99018414e-01
761             	7.84130817e-02	2.22322923e-02	9.54917486e-01	5.55871825e-01	3.99045661e-01
762             	7.84134321e-02	2.22267404e-02	9.54972109e-01	5.55899486e-01	3.99072622e-01
763             	7.84137892e-02	2.22213032e-02	9.55025985e-01	5.55926782e-01	3.99099203e-01
764             	7.84140756e-02	2.22162633e-02	9.55076247e-01	5.55952199e-01	3.99124048e-01
765             	7.84145045e-02	2.22107232e-02	9.55131087e-01	5.55980048e-01	3.99151039e-01
766             	7.84149523e-02	2.22052838e-02	9.55185368e-01	5.56007636e-01	3.99177732e-01
767             	7.84154033e-02	2.21999601e-02	9.55238846e-01	5.56034826e-01	3.99204020e-01
768             	7.84158585e-02	2.21947530e-02	9.55291466e-01	5.56061591e-01	3.99229874e-01
769             	7.84162129e-02	2.21899066e-02	9.55340450e-01	5.56086438e-01	3.99254012e-01
770             	7.84167267e-02	2.21845574e-02	9.55394051e-01	5.56113752e-01	3.99280299e-01
771             	7.84172410e-02	2.21792736e-02	9.55447193e-01	5.56140838e-01	3.99306356e-01
772             	7.84177602e-02	2.21740870e-02	9.55499714e-01	5.56167617e-01	3.99332097e-01
773             	7.84182727e-02	2.21689949e-02	9.55551500e-01	5.56194023e-01	3.99357477e-01
774             	7.84186804e-02	2.21642504e-02	9.55599820e-01	5.56218591e-01	3.99381230e-01
775             	7.84192743e-02	2.21590067e-02	9.55652907e-01	5.56245728e-01	3.99407179e-01
776             	7.84198870e-02	2.21538454e-02	9.55705589e-01	5.56272681e-01	3.99432907e-01
777             	7.84205012e-02	2.21487893e-02	9.55757572e-01	5.56299287e-01	3.99458285e-01
778             	7.84209939e-02	2.21441008e-02	9.55805914e-01	5.56323951e-01	3.99481963e-01
779             	7.84217768e-02	2.21387286e-02	9.55860740e-01	5.56352147e-01	3.99508593e-01
780             	7.84224621e-02	2.21337377e-02	9.55912644e-01	5.56378784e-01	3.99533860e-01
781             	7.84231073e-02	2.21288914e-02	9.55963157e-01	5.56404686e-01	3.99558471e-01
782             	7.84237242e-02	2.21241529e-02	9.56012536e-01	5.56429992e-01	3.99582544e-01
783             	7.84242026e-02	2.21197289e-02	9.56058594e-01	5.56453499e-01	3.99605094e-01
784             	7.84248846e-02	2.21147908e-02	9.56109400e-01	5.56479584e-01	3.99629815e-01
785             	7.84255683e-02	2.21098801e-02	9.56159987e-01	5.56505562e-01	3.99654425e-01
786             	7.84262384e-02	2.21050200e-02	9.56210136e-01	5.56531306e-01	3.99678829e-01
787             	7.84269062e-02	2.21002303e-02	9.56259799e-01	5.56556806e-01	3.99702993e-01
788             	7.84274490e-02	2.20957674e-02	9.56306383e-01	5.56580641e-01	3.99725743e-01
789             	7.84283337e-02	2.20906130e-02	9.56359859e-01	5.56608263e-01	3.99751596e-01
790             	7.84292266e-02	2.20855660e-02	9.56412819e-01	5.56635636e-01	3.99777183e-01
791             	7.84300025e-02	2.20809003e-02	9.56462683e-01	5.56661344e-01	3.99801339e-01
792             	7.84307234e-02	2.20763677e-02	9.56510963e-01	5.56686205e-01	3.99824758e-01
793             	7.84313900e-02	2.20718914e-02	9.56558120e-01	5.56710450e-01	3.99847670e-01
794             	7.84320299e-02	2.20674314e-02	9.56604660e-01	5.56734360e-01	3.99870300e-01
795             	7.84325151e-02	2.20631889e-02	9.56648275e-01	5.56756652e-01	3.99891622e-01
796             	7.84333425e-02	2.20582513e-02	9.56698609e-01	5.56782647e-01	3.99915962e-01
797             	7.84341926e-02	2.20533780e-02	9.56749041e-01	5.56808713e-01	3.99940328e-01
798             	7.84349410e-02	2.20487951e-02	9.56797400e-01	5.56833641e-01	3.99963759e-01
799             	7.84357813e-02	2.20441448e-02	9.56846670e-01	5.56859116e-01	3.99987554e-01
800             	7.84365260e-02	2.20397596e-02	9.56893763e-01	5.56883408e-01	4.00010355e-01
801             	7.84372543e-02	2.20354166e-02	9.56940183e-01	5.56907346e-01	4.00032837e-01
802             	7.84380963e-02	2.20308922e-02	9.56988060e-01	5.56932126e-01	4.00055933e-01
803             	7.84388595e-02	2.20265510e-02	9.57034261e-01	5.56955990e-01	4.00078271e-01
804             	7.84397374e-02	2.20220399e-02	9.57081925e-01	5.56980700e-01	4.00101225e-01
805             	7.84405316e-02	2.20177168e-02	9.57127984e-01	5.57004523e-01	4.00123460e-01
806             	7.84414068e-02	2.20132175e-02	9.57175425e-01	5.57029119e-01	4.00146306e-01
807             	7.84422974e-02	2.20087366e-02	9.57222950e-01	5.57053772e-01	4.00169177e-01
808             	7.84430850e-02	2.20044610e-02	9.57268691e-01	5.57077431e-01	4.00191261e-01
809             	7.84439470e-02	2.20000300e-02	9.57315612e-01	5.57101753e-01	4.00213859e-01
810             	7.84447374e-02	2.19957861e-02	9.57361012e-01	5.57125243e-01	4.00235769e-01
811             	7.84456290e-02	2.19913892e-02	9.57407702e-01	5.57149480e-01	4.00258222e-01
812             	7.84465403e-02	2.19869960e-02	9.57454470e-01	5.57173775e-01	4.00280695e-01
813             	7.84474774e-02	2.19826495e-02	9.57501083e-01	5.57198019e-01	4.00303064e-01
814             	7.84484174e-02	2.19783559e-02	9.57547305e-01	5.57222070e-01	4.00325235e-01
815             	7.84493482e-02	2.19740992e-02	9.57593122e-01	5.57245909e-01	4.00347213e-01
816             	7.84502743e-02	2.19699004e-02	9.57638405e-01	5.57269477e-01	4.00368928e-01
817             	7.84511835e-02	2.19657380e-02	9.57683185e-01	5.57292776e-01	4.00390409e-01
818             	7.84519713e-02	2.19617415e-02	9.57726047e-01	5.57314995e-01	4.00411052e-01
819             	7.84525995e-02	2.19580298e-02	9.57765759e-01	5.57335479e-01	4.00430280e-01
820             	7.84536452e-02	2.19536411e-02	9.57812251e-01	5.57359771e-01	4.00452480e-01
821             	7.84546476e-02	2.19493902e-02	9.57857857e-01	5.57383576e-01	4.00474281e-01
822             	7.84554776e-02	2.19455290e-02	9.57899922e-01	5.57405439e-01	4.00494484e-01
823             	7.84568093e-02	2.19409870e-02	9.57949532e-01	5.57431575e-01	4.00517956e-01
824             	7.84581397e-02	2.19365649e-02	9.57998620e-01	5.57457450e-01	4.00541170e-01
825             	7.84593987e-02	2.19323586e-02	9.58045950e-01	5.57482374e-01	4.00563576e-01
826             	7.84604260e-02	2.19284964e-02	9.58089404e-01	5.57505128e-01	4.00584276e-01
827             	7.84611882e-02	2.19250053e-02	9.58128217e-01	5.57525297e-01	4.00602920e-01
828             	7.84623907e-02	2.19207780e-02	9.58173967e-01	5.57549374e-01	4.00624593e-01
829             	7.84635740e-02	2.19165955e-02	9.58219245e-01	5.57573197e-01	4.00646049e-01
830             	7.84645867e-02	2.19126650e-02	9.58261912e-01	5.57595543e-01	4.00666369e-01
831             	7.84654120e-02	2.19091078e-02	9.58300898e-01	5.57615861e-01	4.00685037e-01
832             	7.84666886e-02	2.19048730e-02	9.58346875e-01	5.57640126e-01	4.00706749e-01
833             	7.84679541e-02	2.19007427e-02	9.58392347e-01	5.57664128e-01	4.00728219e-01
834             	7.84691024e-02	2.18969239e-02	9.58435378e-01	5.57686791e-01	4.00748586e-01
835             	7.84700607e-02	2.18934592e-02	9.58474607e-01	5.57707364e-01	4.00767243e-01
836             	7.84715221e-02	2.18892621e-02	9.58521420e-01	5.57732232e-01	4.00789188e-01
837             	7.84728261e-02	2.18853887e-02	9.58565275e-01	5.57755464e-01	4.00809811e-01
838             	7.84739229e-02	2.18819047e-02	9.58605209e-01	5.57776528e-01	4.00828682e-01
839             	7.84754863e-02	2.18777308e-02	9.58652273e-01	5.57801623e-01	4.00850650e-01
840             	7.84768730e-02	2.18739065e-02	9.58696247e-01	5.57824997e-01	4.00871251e-01
841             	7.84780123e-02	2.18704693e-02	9.58735856e-01	5.57845940e-01	4.00889916e-01
842             	7.84794982e-02	2.18665070e-02	9.58780797e-01	5.57869897e-01	4.00910900e-01
843             	7.84807541e-02	2.18629359e-02	9.58821629e-01	5.57891568e-01	4.00930060e-01
844             	7.84824778e-02	2.18587382e-02	9.58869045e-01	5.57917000e-01	4.00952045e-01
845             	7.84840917e-02	2.18547444e-02	9.58914684e-01	5.57941434e-01	4.00973250e-01
846             	7.84855860e-02	2.18510009e-02	9.58958073e-01	5.57964623e-01	4.00993451e-01
847             	7.84869722e-02	2.18474438e-02	9.58999468e-01	5.57986706e-01	4.01012762e-01
848             	7.84882014e-02	2.18441155e-02	9.59038189e-01	5.58007296e-01	4.01030893e-01
849             	7.84893120e-02	2.18410451e-02	9.59074142e-01	5.58026383e-01	4.01047759e-01
850             	7.84909174e-02	2.18372963e-02	9.59117035e-01	5.58049435e-01	4.01067600e-01
851             	7.84925841e-02	2.18335467e-02	9.59160456e-01	5.58072812e-01	4.01087644e-01
852             	7.84942017e-02	2.18300053e-02	9.59202617e-01	5.58095510e-01	4.01107107e-01
853             	7.84956713e-02	2.18267473e-02	9.59242084e-01	5.58116713e-01	4.01125370e-01
854             	7.84974795e-02	2.18230689e-02	9.59286106e-01	5.58140533e-01	4.01145573e-01
855             	7.84991083e-02	2.18197397e-02	9.59326908e-01	5.58162563e-01	4.01164346e-01
856             	7.85011886e-02	2.18158861e-02	9.59373502e-01	5.58187939e-01	4.01185562e-01
857             	7.85031698e-02	2.18121818e-02	9.59418636e-01	5.58212488e-01	4.01206148e-01
858             	7.85049556e-02	2.18087967e-02	9.59460663e-01	5.58235287e-01	4.01225376e-01
859             	7.85064835e-02	2.18057585e-02	9.59498541e-01	5.58255754e-01	4.01242787e-01
860             	7.85081347e-02	2.18025394e-02	9.59537815e-01	5.58277042e-01	4.01260773e-01
861             	7.85100787e-02	2.17989860e-02	9.59580569e-01	5.58300363e-01	4.01280206e-01
862             	7.85118662e-02	2.17957213e-02	9.59620665e-01	5.58322199e-01	4.01298466e-01
863             	7.85139262e-02	2.17921586e-02	9.59664193e-01	5.58346023e-01	4.01318170e-01
864             	7.85158051e-02	2.17889516e-02	9.59704635e-01	5.58368122e-01	4.01336512e-01
865             	7.85177644e-02	2.17857242e-02	9.59745662e-01	5.58390596e-01	4.01355067e-01
866             	7.85197729e-02	2.17824844e-02	9.59786994e-01	5.58413270e-01	4.01373724e-01
867             	7.85218501e-02	2.17792562e-02	9.59828601e-01	5.58436150e-01	4.01392450e-01
868             	7.85239784e-02	2.17760344e-02	9.59870384e-01	5.58459171e-01	4.01411214e-01
869             	7.85261405e-02	2.17728164e-02	9.59912243e-01	5.58482262e-01	4.01429981e-01
870             	7.85283536e-02	2.17696254e-02	9.59954153e-01	5.58505430e-01	4.01448723e-01
871             	7.85305955e-02	2.17664560e-02	9.59995992e-01	5.58528592e-01	4.01467401e-01
872             	7.85328471e-02	2.17633034e-02	9.60037658e-01	5.58551676e-01	4.01485982e-01
873             	7.85351295e-02	2.17601882e-02	9.60079159e-01	5.58574709e-01	4.01504450e-01
874             	7.85374272e-02	2.17571012e-02	9.60120441e-01	5.58597647e-01	4.01522793e-01
875             	7.85397304e-02	2.17540342e-02	9.60161487e-01	5.58620474e-01	4.01541013e-01
876             	7.85420696e-02	2.17510050e-02	9.60202402e-01	5.58643270e-01	4.01559131e-01
877             	7.85444332e-02	2.17480005e-02	9.60243201e-01	5.58666034e-01	4.01577167e-01
878             	7.85468124e-02	2.17450096e-02	9.60283912e-01	5.58688768e-01	4.01595144e-01
879             	7.85492383e-02	2.17420497e-02	9.60324658e-01	5.58711567e-01	4.01613091e-01
880             	7.85517024e-02	2.17391099e-02	9.60365452e-01	5.58734429e-01	4.01631024e-01
881             	7.85541988e-02	2.17361825e-02	9.60406305e-01	5.58757351e-01	4.01648954e-01
882             	7.85567240e-02	2.17332640e-02	9.60447212e-01	5.58780330e-01	4.01666882e-01
883             	7.85593119e-02	2.17303789e-02	9.60488242e-01	5.58803433e-01	4.01684809e-01
884             	7.85619495e-02	2.17275201e-02	9.60529340e-01	5.58826620e-01	4.01702721e-01
885             	7.85646236e-02	2.17246810e-02	9.60570447e-01	5.58849847e-01	4.01720600e-01
886             	7.85673564e-02	2.17218815e-02	9.60611588e-01	5.58873151e-01	4.01738438e-01
887             	7.85701256e-02	2.17191086e-02	9.60652688e-01	5.58896470e-01	4.01756218e-01
888             	7.85729128e-02	2.17163508e-02	9.60693695e-01	5.58919760e-01	4.01773935e-01
889             	7.85757419e-02	2.17136255e-02	9.60734667e-01	5.58943075e-01	4.01791592e-01
890             	7.85785957e-02	2.17109195e-02	9.60775573e-01	5.58966382e-01	4.01809191e-01
891             	7.85814549e-02	2.17082252e-02	9.60816330e-01	5.58989620e-01	4.01826710e-01
892             	7.85843257e-02	2.17055341e-02	9.60857039e-01	5.59012845e-01	4.01844194e-01
893             	7.85872459e-02	2.17028719e-02	9.60897806e-01	5.59036149e-01	4.01861657e-01
894             	7.85902066e-02	2.17002320e-02	9.60938613e-01	5.59059513e-01	4.01879100e-01
895             	7.85931990e-02	2.16976088e-02	9.60979441e-01	5.59082919e-01	4.01896522e-01
896             	7.85962141e-02	2.16949989e-02	9.61020258e-01	5.59106343e-01	4.01913915e-01
897             	7.85992838e-02	2.16924277e-02	9.61061126e-01	5.59129847e-01	4.01931279e-01
898             	7.86023934e-02	2.16898861e-02	9.61101993e-01	5.59153390e-01	4.01948603e-01
899             	7.86055314e-02	2.16873661e-02	9.61142824e-01	5.59176943e-01	4.01965880e-01
900             	7.86087292e-02	2.16848886e-02	9.61183694e-01	5.59200576e-01	4.01983118e-01
901             	7.86119713e-02	2.16824401e-02	9.61224572e-01	5.59224257e-01	4.02000315e-01
902             	7.86152444e-02	2.16800089e-02	9.61265438e-01	5.59247963e-01	4.02017474e-01
903             	7.86185384e-02	2.16775871e-02	9.61306275e-01	5.59271676e-01	4.02034599e-01
904             	7.86218849e-02	2.16751976e-02	9.61347164e-01	5.59295467e-01	4.02051697e-01
905             	7.86247777e-02	2.16731835e-02	9.61383128e-01	5.59316342e-01	4.02066786e-01
906             	7.86284094e-02	2.16706402e-02	9.61426238e-01	5.59341528e-01	4.02084709e-01
907             	7.86320604e-02	2.16681201e-02	9.61469419e-01	5.59366770e-01	4.02102649e-01
908             	7.86357082e-02	2.16656896e-02	9.61512187e-01	5.59391802e-01	4.02120385e-01
909             	7.86387907e-02	2.16636994e-02	9.61549127e-01	5.59413354e-01	4.02135773e-01
910             	7.86425639e-02	2.16612466e-02	9.61592514e-01	5.59438821e-01	4.02153693e-01
911             	7.86457569e-02	2.16592087e-02	9.61630129e-01	5.59460821e-01	4.02169307e-01
912             	7.86496901e-02	2.16567325e-02	9.61674349e-01	5.59486864e-01	4.02187484e-01
913             	7.86535751e-02	2.16543598e-02	9.61717771e-01	5.59512461e-01	4.02205310e-01
914             	7.86568191e-02	2.16524340e-02	9.61754925e-01	5.59534281e-01	4.02220643e-01
915             	7.86601788e-02	2.16504306e-02	9.61792952e-01	5.59556655e-01	4.02236297e-01
916             	7.86643184e-02	2.16480090e-02	9.61837672e-01	5.59583154e-01	4.02254518e-01
917             	7.86678130e-02	2.16460347e-02	9.61876275e-01	5.59605951e-01	4.02270325e-01
918             	7.86720323e-02	2.16436781e-02	9.61921097e-01	5.59632581e-01	4.02288516e-01
919             	7.86755367e-02	2.16417658e-02	9.61959403e-01	5.59655238e-01	4.02304165e-01
920             	7.86791595e-02	2.16398288e-02	9.61998396e-01	5.59678357e-01	4.02320038e-01
921             	7.86835474e-02	2.16375225e-02	9.62043715e-01	5.59705405e-01	4.02338310e-01
922             	7.86871890e-02	2.16356525e-02	9.62082407e-01	5.59728393e-01	4.02354015e-01
923             	7.86909030e-02	2.16337429e-02	9.62121586e-01	5.59751696e-01	4.02369890e-01
924             	7.86953932e-02	2.16314937e-02	9.62166981e-01	5.59778884e-01	4.02388097e-01
925             	7.86991132e-02	2.16296813e-02	9.62205651e-01	5.59801939e-01	4.02403713e-01
926             	7.87029004e-02	2.16278392e-02	9.62244723e-01	5.59825262e-01	4.02419461e-01
927             	7.87067775e-02	2.16259478e-02	9.62284450e-01	5.59849003e-01	4.02435448e-01
928             	7.87114637e-02	2.16237369e-02	9.62330486e-01	5.59876707e-01	4.02453779e-01
929             	7.87153236e-02	2.16219665e-02	9.62369554e-01	5.59900100e-01	4.02469453e-01
930             	7.87192327e-02	2.16201834e-02	9.62408862e-01	5.59923664e-01	4.02485198e-01
931             	7.87232135e-02	2.16183652e-02	9.62448651e-01	5.59947539e-01	4.02501112e-01
932             	7.87273124e-02	2.16165342e-02	9.62489114e-01	5.59971870e-01	4.02517245e-01
933             	7.87322218e-02	2.16144156e-02	9.62535701e-01	5.60000072e-01	4.02535629e-01
934             	7.87362297e-02	2.16127193e-02	9.62575038e-01	5.60023749e-01	4.02551290e-01
935             	7.87402474e-02	2.16110176e-02	9.62614333e-01	5.60047414e-01	4.02566919e-01
936             	7.87443456e-02	2.16093105e-02	9.62653986e-01	5.60071339e-01	4.02582648e-01
937             	7.87485312e-02	2.16075820e-02	9.62694142e-01	5.60095602e-01	4.02598540e-01
938             	7.87527978e-02	2.16058307e-02	9.62734815e-01	5.60120205e-01	4.02614610e-01
939             	7.87578717e-02	2.16038094e-02	9.62781471e-01	5.60148607e-01	4.02632864e-01
940             	7.87620126e-02	2.16022094e-02	9.62820800e-01	5.60172412e-01	4.02648387e-01
941             	7.87661664e-02	2.16006220e-02	9.62860031e-01	5.60196182e-01	4.02663849e-01
942             	7.87703631e-02	2.15990127e-02	9.62899486e-01	5.60220106e-01	4.02679380e-01
943             	7.87746211e-02	2.15973665e-02	9.62939367e-01	5.60244305e-01	4.02695063e-01
944             	7.87789866e-02	2.15957124e-02	9.62979851e-01	5.60268912e-01	4.02710939e-01
945             	7.87842112e-02	2.15938254e-02	9.63026394e-01	5.60297408e-01	4.02728986e-01
946             	7.87884439e-02	2.15923026e-02	9.63065606e-01	5.60321247e-01	4.02744359e-01
947             	7.87926733e-02	2.15907745e-02	9.63104729e-01	5.60345038e-01	4.02759691e-01
948             	7.87969783e-02	2.15892415e-02	9.63144196e-01	5.60369077e-01	4.02775120e-01
949             	7.88013695e-02	2.15876866e-02	9.63184169e-01	5.60393454e-01	4.02790715e-01
950             	7.88066286e-02	2.15858970e-02	9.63230185e-01	5.60421721e-01	4.02808464e-01
951             	7.88108853e-02	2.15844286e-02	9.63269032e-01	5.60445401e-01	4.02823631e-01
952             	7.88151938e-02	2.15829676e-02	9.63308047e-01	5.60469217e-01	4.02838829e-01
953             	7.88195789e-02	2.15814860e-02	9.63347499e-01	5.60493328e-01	4.02854171e-01
954             	7.88248449e-02	2.15797775e-02	9.63392993e-01	5.60521341e-01	4.02871652e-01
955             	7.88291108e-02	2.15783606e-02	9.63431486e-01	5.60544854e-01	4.02886632e-01
956             	7.88334470e-02	2.15769411e-02	9.63470299e-01	5.60568597e-01	4.02901703e-01
957             	7.88378783e-02	2.15754950e-02	9.63509695e-01	5.60592726e-01	4.02916969e-01
958             	7.88432301e-02	2.15738324e-02	9.63555298e-01	5.60620879e-01	4.02934419e-01
959             	7.88475605e-02	2.15724485e-02	9.63593895e-01	5.60644508e-01	4.02949387e-01
960             	7.88519643e-02	2.15710657e-02	9.63632826e-01	5.60668377e-01	4.02964449e-01
961             	7.88572819e-02	2.15694885e-02	9.63677778e-01	5.60696171e-01	4.02981607e-01
962             	7.88615825e-02	2.15681685e-02	9.63715811e-01	5.60719488e-01	4.02996323e-01
963             	7.88667263e-02	2.15666424e-02	9.63759489e-01	5.60746471e-01	4.03013018e-01
964             	7.88709195e-02	2.15653685e-02	9.63796599e-01	5.60769219e-01	4.03027380e-01
965             	7.88752103e-02	2.15640494e-02	9.63834340e-01	5.60792381e-01	4.03041960e-01
966             	7.88804671e-02	2.15625080e-02	9.63878496e-01	5.60819715e-01	4.03058781e-01
967             	7.88855597e-02	2.15610305e-02	9.63921551e-01	5.60846335e-01	4.03075216e-01
968             	7.88897111e-02	2.15597984e-02	9.63958177e-01	5.60868799e-01	4.03089377e-01
969             	7.88947813e-02	2.15583744e-02	9.64000790e-01	5.60895176e-01	4.03105614e-01
970             	7.88989366e-02	2.15571384e-02	9.64037354e-01	5.60917613e-01	4.03119740e-01
971             	7.89040528e-02	2.15556821e-02	9.64080256e-01	5.60944181e-01	4.03136075e-01
972             	7.89090957e-02	2.15542948e-02	9.64122486e-01	5.60970339e-01	4.03152147e-01
973             	7.89132202e-02	2.15531012e-02	9.64158637e-01	5.60992539e-01	4.03166098e-01
974             	7.89183265e-02	2.15517015e-02	9.64201160e-01	5.61018907e-01	4.03182254e-01
975             	7.89233283e-02	2.15503315e-02	9.64243002e-01	5.61044829e-01	4.03198173e-01
976             	7.89282356e-02	2.15490242e-02	9.64284041e-01	5.61070256e-01	4.03213785e-01
977             	7.89330267e-02	2.15477527e-02	9.64324236e-01	5.61095144e-01	4.03229091e-01
978             	7.89369505e-02	2.15466159e-02	9.64358823e-01	5.61116362e-01	4.03242461e-01
979             	7.89419050e-02	2.15452386e-02	9.64400167e-01	5.61141988e-01	4.03258178e-01
980             	7.89468949e-02	2.15438937e-02	9.64441612e-01	5.61167701e-01	4.03273911e-01
981             	7.89518512e-02	2.15425864e-02	9.64482772e-01	5.61193237e-01	4.03289535e-01
982             	7.89567337e-02	2.15413095e-02	9.64523426e-01	5.61218447e-01	4.03304980e-01
983             	7.89615281e-02	2.15400479e-02	9.64563512e-01	5.61243284e-01	4.03320228e-01
984             	7.89662917e-02	2.15388193e-02	9.64603225e-01	5.61267904e-01	4.03335321e-01
985             	7.89710246e-02	2.15375966e-02	9.64642670e-01	5.61292359e-01	4.03350310e-01
986             	7.89757355e-02	2.15363618e-02	9.64681978e-01	5.61316725e-01	4.03365254e-01
987             	7.89804363e-02	2.15351066e-02	9.64721275e-01	5.61341074e-01	4.03380201e-01
988             	7.89851379e-02	2.15338318e-02	9.64760644e-01	5.61365460e-01	4.03395184e-01
989             	7.89898989e-02	2.15325775e-02	9.64800255e-01	5.61390027e-01	4.03410229e-01
990             	7.89946971e-02	2.15313365e-02	9.64840032e-01	5.61414713e-01	4.03425319e-01
991             	7.89995103e-02	2.15301028e-02	9.64879878e-01	5.61439449e-01	4.03440429e-01
992             	7.90043193e-02	2.15288709e-02	9.64919699e-01	5.61464169e-01	4.03455530e-01
993             	7.90091604e-02	2.15276703e-02	9.64959549e-01	5.61488935e-01	4.03470614e-01
994             	7.90140005e-02	2.15264823e-02	9.64999317e-01	5.61513659e-01	4.03485658e-01
995             	7.90188185e-02	2.15252926e-02	9.65038940e-01	5.61538289e-01	4.03500652e-01
996             	7.90236036e-02	2.15240913e-02	9.65078396e-01	5.61562802e-01	4.03515595e-01
997             	7.90284038e-02	2.15229081e-02	9.65117822e-01	5.61587315e-01	4.03530507e-01
998             	7.90331976e-02	2.15217272e-02	9.65157177e-01	5.61611786e-01	4.03545391e-01
999             	7.90379730e-02	2.15205387e-02	9.65196447e-01	5.61636196e-01	4.03560250e-01
1000            	7.90427243e-02	2.15193374e-02	9.65235626e-01	5.61660537e-01	4.03575089e-01
1001            	7.90474523e-02	2.15181230e-02	9.65274724e-01	5.61684814e-01	4.03589909e-01
1002            	7.90522127e-02	2.15169324e-02	9.65313886e-01	5.61709156e-01	4.03604730e-01
1003            	7.90569838e-02	2.15157537e-02	9.65353047e-01	5.61733507e-01	4.03619540e-01
1004            	7.90617496e-02	2.15145777e-02	9.65392157e-01	5.61757828e-01	4.03634329e-01
1005            	7.90664990e-02	2.15133975e-02	9.65431181e-01	5.61782089e-01	4.03649091e-01
1006            	7.90712273e-02	2.15122095e-02	9.65470104e-01	5.61806279e-01	4.03663825e-01
1007            	7.90759867e-02	2.15110475e-02	9.65509064e-01	5.61830519e-01	4.03678545e-01
1008            	7.90807523e-02	2.15098963e-02	9.65547996e-01	5.61854750e-01	4.03693246e-01
1009            	7.90855071e-02	2.15087446e-02	9.65586855e-01	5.61878934e-01	4.03707920e-01
1010            	7.90902402e-02	2.15075848e-02	9.65625614e-01	5.61903047e-01	4.03722567e-01
1011            	7.90949987e-02	2.15064469e-02	9.65664401e-01	5.61927199e-01	4.03737202e-01
1012            	7.90997551e-02	2.15053141e-02	9.65703143e-01	5.61951327e-01	4.03751817e-01
1013            	7.91044924e-02	2.15041749e-02	9.65741795e-01	5.61975390e-01	4.03766405e-01
1014            	7.91092017e-02	2.15030225e-02	9.65780335e-01	5.61999369e-01	4.03780966e-01
1015            	7.91138825e-02	2.15018548e-02	9.65818767e-01	5.62023266e-01	4.03795501e-01
1016            	7.91185908e-02	2.15007080e-02	9.65857238e-01	5.62047210e-01	4.03810028e-01
1017            	7.91233051e-02	2.14995695e-02	9.65895691e-01	5.62071151e-01	4.03824541e-01
1018            	7.91280118e-02	2.14984311e-02	9.65934087e-01	5.62095055e-01	4.03839032e-01
1019            	7.91334784e-02	2.14972619e-02	9.65976656e-01	5.62121806e-01	4.03854850e-01
1020            	7.91378457e-02	2.14961493e-02	9.66013206e-01	5.62144449e-01	4.03868757e-01
1021            	7.91422102e-02	2.14950434e-02	9.66049610e-01	5.62167015e-01	4.03882595e-01
1022            	7.91473375e-02	2.14938989e-02	9.66090180e-01	5.62192427e-01	4.03897752e-01
1023            	7.91515431e-02	2.14927957e-02	9.66125655e-01	5.62214370e-01	4.03911284e-01
1024            	7.91564963e-02	2.14916255e-02	9.66165338e-01	5.62239165e-01	4.03926173e-01
1025            	7.91605968e-02	2.14904933e-02	9.66200307e-01	5.62260750e-01	4.03939557e-01
1026            	7.91655261e-02	2.14893303e-02	9.66239786e-01	5.62285419e-01	4.03954367e-01
1027            	7.91703812e-02	2.14881977e-02	9.66278805e-01	5.62309784e-01	4.03969021e-01
1028            	7.91744504e-02	2.14871109e-02	9.66313414e-01	5.62331157e-01	4.03982256e-01
1029            	7.91793136e-02	2.14859590e-02	9.66352469e-01	5.62355548e-01	4.03996921e-01
1030            	7.91841137e-02	2.14848097e-02	9.66391204e-01	5.62379716e-01	4.04011488e-01
1031            	7.91888681e-02	2.14837027e-02	9.66429529e-01	5.62403633e-01	4.04025896e-01
1032            	7.91935371e-02	2.14826132e-02	9.66467313e-01	5.62427194e-01	4.04040120e-01
1033            	7.91981141e-02	2.14815195e-02	9.66504577e-01	5.62450402e-01	4.04054174e-01
1034            	7.92026127e-02	2.14804079e-02	9.66541436e-01	5.62473331e-01	4.04068105e-01
1035            	7.92070582e-02	2.14792711e-02	9.66578050e-01	5.62496083e-01	4.04081967e-01
1036            	7.92115326e-02	2.14781530e-02	9.66614702e-01	5.62518884e-01	4.04095818e-01
1037            	7.92160324e-02	2.14770358e-02	9.66651461e-01	5.62541763e-01	4.04109698e-01
1038            	7.92205539e-02	2.14759192e-02	9.66688351e-01	5.62564729e-01	4.04123622e-01
1039            	7.92251201e-02	2.14747923e-02	9.66725521e-01	5.62587881e-01	4.04137640e-01
1040            	7.92297093e-02	2.14736642e-02	9.66762851e-01	5.62611135e-01	4.04151716e-01
1041            	7.92343746e-02	2.14725664e-02	9.66800454e-01	5.62634601e-01	4.04165852e-01
1042            	7.92390507e-02	2.14714882e-02	9.66838046e-01	5.62658074e-01	4.04179972e-01
1043            	7.92437140e-02	2.14704071e-02	9.66875547e-01	5.62681488e-01	4.04194060e-01
1044            	7.92483195e-02	2.14693195e-02	9.66912741e-01	5.62704690e-01	4.04208051e-01
1045            	7.92528859e-02	2.14682104e-02	9.66949753e-01	5.62727762e-01	4.04221990e-01
1046            	7.92574392e-02	2.14671255e-02	9.66986554e-01	5.62750716e-01	4.04235838e-01
1047            	7.92619868e-02	2.14660389e-02	9.67023284e-01	5.62773629e-01	4.04249655e-01
1048            	7.92664933e-02	2.14649487e-02	9.67059790e-01	5.62796388e-01	4.04263402e-01
1049            	7.92709822e-02	2.14638416e-02	9.67096236e-01	5.62819100e-01	4.04277136e-01
1050            	7.92754445e-02	2.14627238e-02	9.67132578e-01	5.62841733e-01	4.04290845e-01
1051            	7.92799533e-02	2.14616300e-02	9.67169043e-01	5.62864475e-01	4.04304568e-01
1052            	7.92844696e-02	2.14605510e-02	9.67205490e-01	5.62887215e-01	4.04318275e-01
1053            	7.92889988e-02	2.14594696e-02	9.67241995e-01	5.62909996e-01	4.04331999e-01
1054            	7.92935063e-02	2.14583845e-02	9.67278389e-01	5.62932701e-01	4.04345688e-01
1055            	7.92980048e-02	2.14572861e-02	9.67314755e-01	5.62955382e-01	4.04359372e-01
1056            	7.93025307e-02	2.14562173e-02	9.67351120e-01	5.62978091e-01	4.04373029e-01
1057            	7.93070672e-02	2.14551547e-02	9.67387483e-01	5.63000809e-01	4.04386674e-01
1058            	7.93115830e-02	2.14540914e-02	9.67423717e-01	5.63023442e-01	4.04400276e-01
1059            	7.93160799e-02	2.14530140e-02	9.67459868e-01	5.63046014e-01	4.04413854e-01
1060            	7.93205418e-02	2.14519250e-02	9.67495856e-01	5.63068470e-01	4.04427386e-01
1061            	7.93250358e-02	2.14508575e-02	9.67531887e-01	5.63090979e-01	4.04440908e-01
1062            	7.93295254e-02	2.14498003e-02	9.67567840e-01	5.63113445e-01	4.04454394e-01
1063            	7.93340100e-02	2.14487377e-02	9.67603759e-01	5.63135889e-01	4.04467869e-01
1064            	7.93384606e-02	2.14476691e-02	9.67639503e-01	5.63158212e-01	4.04481291e-01
1065            	7.93429043e-02	2.14465853e-02	9.67675239e-01	5.63180524e-01	4.04494715e-01
1066            	7.93473798e-02	2.14455301e-02	9.67711007e-01	5.63202883e-01	4.04508124e-01
1067            	7.93518792e-02	2.14444819e-02	9.67746851e-01	5.63225305e-01	4.04521546e-01
1068            	7.93563495e-02	2.14434372e-02	9.67782507e-01	5.63247603e-01	4.04534904e-01
1069            	7.93608186e-02	2.14423807e-02	9.67818172e-01	5.63269905e-01	4.04548268e-01
1070            	7.93652469e-02	2.14413168e-02	9.67853622e-01	5.63292058e-01	4.04561564e-01
1071            	7.93697237e-02	2.14402751e-02	9.67889199e-01	5.63314323e-01	4.04574876e-01
1072            	7.93741873e-02	2.14392465e-02	9.67924633e-01	5.63336504e-01	4.04588129e-01
1073            	7.93786604e-02	2.14382116e-02	9.67960109e-01	5.63358715e-01	4.04601394e-01
1074            	7.93830969e-02	2.14371715e-02	9.67995388e-01	5.63380791e-01	4.04614597e-01
1075            	7.93875248e-02	2.14361161e-02	9.68030645e-01	5.63402847e-01	4.04627797e-01
1076            	7.93919808e-02	2.14350888e-02	9.68065913e-01	5.63424937e-01	4.04640976e-01
1077            	7.93964585e-02	2.14340673e-02	9.68101247e-01	5.63447082e-01	4.04654165e-01
1078            	7.94009077e-02	2.14330493e-02	9.68136398e-01	5.63469107e-01	4.04667291e-01
1079            	7.94053571e-02	2.14320188e-02	9.68171565e-01	5.63491140e-01	4.04680426e-01
1080            	7.94097684e-02	2.14309818e-02	9.68206532e-01	5.63513034e-01	4.04693498e-01
1081            	7.94142298e-02	2.14299671e-02	9.68241633e-01	5.63535046e-01	4.04706587e-01
1082            	7.94186806e-02	2.14289669e-02	9.68276604e-01	5.63556983e-01	4.04719622e-01
1083            	7.94231422e-02	2.14279612e-02	9.68311620e-01	5.63578952e-01	4.04732668e-01
1084            	7.94275695e-02	2.14269520e-02	9.68346445e-01	5.63600792e-01	4.04745653e-01
1085            	7.94319961e-02	2.14259273e-02	9.68381289e-01	5.63622641e-01	4.04758649e-01
1086            	7.94364437e-02	2.14249332e-02	9.68416098e-01	5.63644493e-01	4.04771605e-01
1087            	7.94409066e-02	2.14239461e-02	9.68450928e-01	5.63666371e-01	4.04784557e-01
1088            	7.94453514e-02	2.14229621e-02	9.68485632e-01	5.63688167e-01	4.04797465e-01
1089            	7.94497915e-02	2.14219665e-02	9.68520319e-01	5.63709951e-01	4.04810368e-01
1090            	7.94542033e-02	2.14209640e-02	9.68554858e-01	5.63731632e-01	4.04823226e-01
1091            	7.94586608e-02	2.14199840e-02	9.68589509e-01	5.63753415e-01	4.04836094e-01
1092            	7.94630994e-02	2.14190213e-02	9.68623974e-01	5.63775087e-01	4.04848888e-01
1093            	7.94675744e-02	2.14180491e-02	9.68658637e-01	5.63796893e-01	4.04861744e-01
1094            	7.94720122e-02	2.14170747e-02	9.68693093e-01	5.63818559e-01	4.04874534e-01
1095            	7.94764216e-02	2.14160912e-02	9.68727392e-01	5.63840117e-01	4.04887274e-01
1096            	7.94808886e-02	2.14151322e-02	9.68761876e-01	5.63861827e-01	4.04900049e-01
1097            	7.94853551e-02	2.14141817e-02	9.68796288e-01	5.63883499e-01	4.04912789e-01
1098            	7.94897908e-02	2.14132398e-02	9.68830488e-01	5.63905035e-01	4.04925453e-01
1099            	7.94942521e-02	2.14122809e-02	9.68864849e-01	5.63926677e-01	4.04938172e-01
1100            	7.94986694e-02	2.14113199e-02	9.68898965e-01	5.63948152e-01	4.04950813e-01
1101            	7.95031323e-02	2.14103813e-02	9.68933188e-01	5.63969727e-01	4.04963462e-01
1102            	7.95075980e-02	2.14094569e-02	9.68967360e-01	5.63991278e-01	4.04976082e-01
1103            	7.95120677e-02	2.14085266e-02	9.69001536e-01	5.64012836e-01	4.04988700e-01
1104            	7.95165064e-02	2.14075972e-02	9.69035529e-01	5.64034271e-01	4.05001258e-01
1105            	7.95209450e-02	2.14066533e-02	9.69069535e-01	5.64055712e-01	4.05013822e-01
1106            	7.95253628e-02	2.14057050e-02	9.69103425e-01	5.64077075e-01	4.05026350e-01
1107            	7.95298268e-02	2.14047835e-02	9.69137409e-01	5.64098531e-01	4.05038878e-01
1108            	7.95342997e-02	2.14038820e-02	9.69171356e-01	5.64119978e-01	4.05051378e-01
1109            	7.95387806e-02	2.14029792e-02	9.69205312e-01	5.64141437e-01	4.05063876e-01
1110            	7.95432380e-02	2.14020808e-02	9.69239120e-01	5.64162798e-01	4.05076322e-01
1111            	7.95476925e-02	2.14011697e-02	9.69272920e-01	5.64184152e-01	4.05088767e-01
1112            	7.95521716e-02	2.14002903e-02	9.69306710e-01	5.64205527e-01	4.05101184e-01
1113            	7.95566626e-02	2.13994161e-02	9.69340510e-01	5.64226918e-01	4.05113592e-01
1114            	7.95611392e-02	2.13985455e-02	9.69374209e-01	5.64248243e-01	4.05125965e-01
1115            	7.95656063e-02	2.13976604e-02	9.69407866e-01	5.64269539e-01	4.05138327e-01
1116            	7.95700483e-02	2.13967732e-02	9.69441387e-01	5.64290742e-01	4.05150645e-01
1117            	7.95744909e-02	2.13958718e-02	9.69474915e-01	5.64311948e-01	4.05162967e-01
1118            	7.95789674e-02	2.13950063e-02	9.69508465e-01	5.64333200e-01	4.05175265e-01
1119            	7.95834647e-02	2.13941503e-02	9.69542049e-01	5.64354489e-01	4.05187560e-01
1120            	7.95879569e-02	2.13933076e-02	9.69575556e-01	5.64375735e-01	4.05199821e-01
1121            	7.95924466e-02	2.13924549e-02	9.69609044e-01	5.64396969e-01	4.05212075e-01
1122            	7.95969134e-02	2.13916025e-02	9.69642405e-01	5.64418116e-01	4.05224289e-01
1123            	7.96013734e-02	2.13907352e-02	9.69675739e-01	5.64439243e-01	4.05236496e-01
1124            	7.96057354e-02	2.13899204e-02	9.69708373e-01	5.64459922e-01	4.05248451e-01
1125            	7.96096354e-02	2.13891414e-02	9.69738199e-01	5.64478735e-01	4.05259464e-01
1126            	7.96145725e-02	2.13882677e-02	9.69773957e-01	5.64501551e-01	4.05272406e-01
1127            	7.96191879e-02	2.13874133e-02	9.69807973e-01	5.64523174e-01	4.05284799e-01
1128            	7.96232354e-02	2.13866155e-02	9.69838676e-01	5.64542573e-01	4.05296103e-01
1129            	7.96283005e-02	2.13857795e-02	9.69875076e-01	5.64565838e-01	4.05309237e-01
1130            	7.96330275e-02	2.13850097e-02	9.69909541e-01	5.64587798e-01	4.05321743e-01
1131            	7.96371098e-02	2.13842837e-02	9.69940176e-01	5.64607198e-01	4.05332978e-01
1132            	7.96419054e-02	2.13834826e-02	9.69974938e-01	5.64629374e-01	4.05345563e-01
1133            	7.96460926e-02	2.13827059e-02	9.70006168e-01	5.64649177e-01	4.05356992e-01
1134            	7.96512388e-02	2.13818415e-02	9.70042855e-01	5.64672667e-01	4.05370189e-01
1135            	7.96558787e-02	2.13810424e-02	9.70076610e-01	5.64694183e-01	4.05382426e-01
1136            	7.96598641e-02	2.13803164e-02	9.70106486e-01	5.64713107e-01	4.05393379e-01
1137            	7.96645328e-02	2.13795252e-02	9.70140315e-01	5.64734690e-01	4.05405625e-01
1138            	7.96686293e-02	2.13787795e-02	9.70170839e-01	5.64754049e-01	4.05416790e-01
1139            	7.96737358e-02	2.13779657e-02	9.70207109e-01	5.64777290e-01	4.05429819e-01
1140            	7.96783026e-02	2.13772016e-02	9.70240413e-01	5.64798509e-01	4.05441904e-01
1141            	7.96822580e-02	2.13765006e-02	9.70269977e-01	5.64817246e-01	4.05452730e-01
1142            	7.96869386e-02	2.13757419e-02	9.70303664e-01	5.64838771e-01	4.05464894e-01
1143            	7.96910671e-02	2.13750117e-02	9.70334126e-01	5.64858130e-01	4.05475996e-01
1144            	7.96962025e-02	2.13742057e-02	9.70370266e-01	5.64881335e-01	4.05488931e-01
1145            	7.97007967e-02	2.13734351e-02	9.70403448e-01	5.64902521e-01	4.05500927e-01
1146            	7.97047673e-02	2.13727170e-02	9.70433021e-01	5.64921278e-01	4.05511743e-01
1147            	7.97094737e-02	2.13719655e-02	9.70466712e-01	5.64942830e-01	4.05523882e-01
1148            	7.97136529e-02	2.13712734e-02	9.70497316e-01	5.64962311e-01	4.05535005e-01
1149            	7.97188832e-02	2.13705418e-02	9.70533758e-01	5.64985762e-01	4.05547996e-01
1150            	7.97235621e-02	2.13698638e-02	9.70567188e-01	5.65007156e-01	4.05560032e-01
1151            	7.97275432e-02	2.13692020e-02	9.70596593e-01	5.65025840e-01	4.05570753e-01
1152            	7.97321923e-02	2.13684614e-02	9.70629862e-01	5.65047123e-01	4.05582739e-01
1153            	7.97363139e-02	2.13677623e-02	9.70659978e-01	5.65066303e-01	4.05593675e-01
1154            	7.97414460e-02	2.13670066e-02	9.70695690e-01	5.65089291e-01	4.05606399e-01
1155            	7.97460544e-02	2.13662928e-02	9.70728537e-01	5.65110323e-01	4.05618214e-01
1156            	7.97500348e-02	2.13656255e-02	9.70757798e-01	5.65128934e-01	4.05628864e-01
1157            	7.97546908e-02	2.13648976e-02	9.70790956e-01	5.65150169e-01	4.05640787e-01
1158            	7.97588058e-02	2.13642054e-02	9.70821049e-01	5.65169330e-01	4.05651719e-01
1159            	7.97640045e-02	2.13635022e-02	9.70857025e-01	5.65192517e-01	4.05664508e-01
1160            	7.97686942e-02	2.13628669e-02	9.70890182e-01	5.65213785e-01	4.05676397e-01
1161            	7.97727005e-02	2.13622544e-02	9.70919394e-01	5.65232398e-01	4.05686997e-01
1162            	7.97773865e-02	2.13615798e-02	9.70952462e-01	5.65253617e-01	4.05698844e-01
1163            	7.97814868e-02	2.13609066e-02	9.70982229e-01	5.65272601e-01	4.05709628e-01
1164            	7.97865739e-02	2.13601615e-02	9.71017491e-01	5.65295319e-01	4.05722171e-01
1165            	7.97911668e-02	2.13594799e-02	9.71049971e-01	5.65316152e-01	4.05733819e-01
1166            	7.97951448e-02	2.13588514e-02	9.71078927e-01	5.65334608e-01	4.05744319e-01
1167            	7.97998213e-02	2.13581797e-02	9.71111827e-01	5.65355735e-01	4.05756092e-01
1168            	7.98039468e-02	2.13575372e-02	9.71141651e-01	5.65374772e-01	4.05766879e-01
1169            	7.98091044e-02	2.13568579e-02	9.71177163e-01	5.65397686e-01	4.05779477e-01
1170            	7.98139239e-02	2.13562078e-02	9.71210867e-01	5.65419358e-01	4.05791510e-01
1171            	7.98186507e-02	2.13556004e-02	9.71243890e-01	5.65440596e-01	4.05803294e-01
1172            	7.98229749e-02	2.13550211e-02	9.71274667e-01	5.65460308e-01	4.05814358e-01
1173            	7.98266844e-02	2.13544247e-02	9.71301949e-01	5.65477659e-01	4.05824290e-01
1174            	7.98313009e-02	2.13537294e-02	9.71334326e-01	5.65498464e-01	4.05835862e-01
1175            	7.98356066e-02	2.13530242e-02	9.71365095e-01	5.65518154e-01	4.05846941e-01
1176            	7.98394314e-02	2.13523390e-02	9.71393193e-01	5.65536028e-01	4.05857165e-01
1177            	7.98442912e-02	2.13516376e-02	9.71426965e-01	5.65557774e-01	4.05869191e-01
1178            	7.98489744e-02	2.13510112e-02	9.71459750e-01	5.65578849e-01	4.05880901e-01
1179            	7.98530670e-02	2.13504202e-02	9.71489169e-01	5.65597651e-01	4.05891517e-01
1180            	7.98580906e-02	2.13497982e-02	9.71523673e-01	5.65619927e-01	4.05903746e-01
1181            	7.98630219e-02	2.13491933e-02	9.71557645e-01	5.65641845e-01	4.05915801e-01
1182            	7.98678865e-02	2.13486081e-02	9.71591210e-01	5.65663492e-01	4.05927719e-01
1183            	7.98724570e-02	2.13480491e-02	9.71623057e-01	5.65683985e-01	4.05939071e-01
1184            	7.98768815e-02	2.13474872e-02	9.71654067e-01	5.65703915e-01	4.05950152e-01
1185            	7.98811167e-02	2.13468899e-02	9.71684088e-01	5.65723161e-01	4.05960927e-01
1186            	7.98852623e-02	2.13462548e-02	9.71713706e-01	5.65742116e-01	4.05971591e-01
1187            	7.98893842e-02	2.13455782e-02	9.71743295e-01	5.65761032e-01	4.05982263e-01
1188            	7.98933823e-02	2.13448944e-02	9.71772319e-01	5.65779542e-01	4.05992777e-01
1189            	7.98970075e-02	2.13442343e-02	9.71799152e-01	5.65796583e-01	4.06002568e-01
1190            	7.99017785e-02	2.13435399e-02	9.71832255e-01	5.65817906e-01	4.06014349e-01
1191            	7.99062729e-02	2.13428875e-02	9.71863888e-01	5.65838217e-01	4.06025671e-01
1192            	7.99102899e-02	2.13422803e-02	9.71892836e-01	5.65856708e-01	4.06036128e-01
1193            	7.99153843e-02	2.13416699e-02	9.71927611e-01	5.65879190e-01	4.06048421e-01
1194            	7.99201265e-02	2.13411110e-02	9.71960471e-01	5.65900362e-01	4.06060109e-01
1195            	7.99242014e-02	2.13405565e-02	9.71989574e-01	5.65918988e-01	4.06070586e-01
1196            	7.99292095e-02	2.13399903e-02	9.72023602e-01	5.65941011e-01	4.06082592e-01
1197            	7.99340898e-02	2.13394389e-02	9.72056880e-01	5.65962530e-01	4.06094350e-01
1198            	7.99388730e-02	2.13388988e-02	9.72089619e-01	5.65983683e-01	4.06105937e-01
1199            	7.99432499e-02	2.13383346e-02	9.72120270e-01	5.66003385e-01	4.06116885e-01
1200            	7.99474418e-02	2.13377358e-02	9.72150031e-01	5.66022458e-01	4.06127574e-01
1201            	7.99514356e-02	2.13370887e-02	9.72178849e-01	5.66040860e-01	4.06137989e-01
1202            	7.99553591e-02	2.13364064e-02	9.72207391e-01	5.66059054e-01	4.06148336e-01
1203            	7.99593530e-02	2.13357302e-02	9.72236254e-01	5.66077480e-01	4.06158774e-01
1204            	7.99634076e-02	2.13350693e-02	9.72265423e-01	5.66096119e-01	4.06169304e-01
1205            	7.99675963e-02	2.13344187e-02	9.72295296e-01	5.66115245e-01	4.06180052e-01
1206            	7.99718578e-02	2.13337898e-02	9.72325540e-01	5.66134628e-01	4.06190912e-01
1207            	7.99762132e-02	2.13331719e-02	9.72356260e-01	5.66154343e-01	4.06201917e-01
1208            	7.99806065e-02	2.13325714e-02	9.72387150e-01	5.66174182e-01	4.06212968e-01
1209            	7.99850697e-02	2.13320063e-02	9.72418258e-01	5.66194199e-01	4.06224059e-01
1210            	7.99895288e-02	2.13314617e-02	9.72449277e-01	5.66214167e-01	4.06235110e-01
1211            	7.99939595e-02	2.13309076e-02	9.72480139e-01	5.66234029e-01	4.06246110e-01
1212            	7.99983069e-02	2.13303391e-02	9.72510602e-01	5.66253608e-01	4.06256994e-01
1213            	8.00025958e-02	2.13297380e-02	9.72540831e-01	5.66273011e-01	4.06267820e-01
1214            	8.00067942e-02	2.13291136e-02	9.72570662e-01	5.66292125e-01	4.06278537e-01
1215            	8.00109639e-02	2.13284620e-02	9.72600418e-01	5.66311173e-01	4.06289245e-01
1216            	8.00151198e-02	2.13278324e-02	9.72630035e-01	5.66330138e-01	4.06299898e-01
1217            	8.00193019e-02	2.13272077e-02	9.72659782e-01	5.66349193e-01	4.06310589e-01
1218            	8.00234592e-02	2.13265892e-02	9.72689408e-01	5.66368163e-01	4.06321245e-01
1219            	8.00276334e-02	2.13259652e-02	9.72719143e-01	5.66387205e-01	4.06331938e-01
1220            	8.00317797e-02	2.13253396e-02	9.72748752e-01	5.66406156e-01	4.06342596e-01
1221            	8.00359448e-02	2.13247054e-02	9.72778472e-01	5.66425181e-01	4.06353291e-01
1222            	8.00400856e-02	2.13240700e-02	9.72808066e-01	5.66444118e-01	4.06363947e-01
1223            	8.00442901e-02	2.13234615e-02	9.72837873e-01	5.66463227e-01	4.06374646e-01
1224            	8.00484830e-02	2.13228690e-02	9.72867572e-01	5.66482269e-01	4.06385303e-01
1225            	8.00526886e-02	2.13222734e-02	9.72897337e-01	5.66501357e-01	4.06395980e-01
1226            	8.00568411e-02	2.13216706e-02	9.72926857e-01	5.66520269e-01	4.06406587e-01
1227            	8.00609828e-02	2.13210484e-02	9.72956375e-01	5.66539171e-01	4.06417205e-01
1228            	8.00650646e-02	2.13204115e-02	9.72985636e-01	5.66557883e-01	4.06427753e-01
1229            	8.00691441e-02	2.13197564e-02	9.73014935e-01	5.66576612e-01	4.06438324e-01
1230            	8.00732210e-02	2.13191267e-02	9.73044139e-01	5.66595290e-01	4.06448848e-01
1231            	8.00773215e-02	2.13185012e-02	9.73073452e-01	5.66614048e-01	4.06459405e-01
1232            	8.00813875e-02	2.13178791e-02	9.73102591e-01	5.66632683e-01	4.06469908e-01
1233            	8.00854543e-02	2.13172455e-02	9.73131769e-01	5.66651339e-01	4.06480430e-01
1234            	8.00894750e-02	2.13166046e-02	9.73160737e-01	5.66669844e-01	4.06490894e-01
1235            	8.00935006e-02	2.13159491e-02	9.73189767e-01	5.66688384e-01	4.06501383e-01
1236            	8.00974838e-02	2.13152868e-02	9.73218595e-01	5.66706782e-01	4.06511814e-01
1237            	8.01015225e-02	2.13146475e-02	9.73247618e-01	5.66725332e-01	4.06522287e-01
1238            	8.01055426e-02	2.13140220e-02	9.73276509e-01	5.66743797e-01	4.06532712e-01
1239            	8.01095780e-02	2.13133940e-02	9.73305487e-01	5.66762321e-01	4.06543165e-01
1240            	8.01135641e-02	2.13127601e-02	9.73334235e-01	5.66780682e-01	4.06553554e-01
1241            	8.01175480e-02	2.13121100e-02	9.73363020e-01	5.66799058e-01	4.06563962e-01
1242            	8.01214792e-02	2.13114478e-02	9.73391572e-01	5.66817265e-01	4.06574307e-01
1243            	8.01254150e-02	2.13107700e-02	9.73420187e-01	5.66835509e-01	4.06584679e-01
1244            	8.01293485e-02	2.13101174e-02	9.73448702e-01	5.66853700e-01	4.06595003e-01
1245            	8.01333098e-02	2.13094703e-02	9.73477345e-01	5.66871982e-01	4.06605363e-01
1246            	8.01372334e-02	2.13088247e-02	9.73505799e-01	5.66890133e-01	4.06615666e-01
1247            	8.01411582e-02	2.13081674e-02	9.73534294e-01	5.66908305e-01	4.06625989e-01
1248            	8.01450316e-02	2.13074999e-02	9.73562558e-01	5.66926311e-01	4.06636247e-01
1249            	8.01489053e-02	2.13068160e-02	9.73590867e-01	5.66944339e-01	4.06646528e-01
1250            	8.01527364e-02	2.13061239e-02	9.73618978e-01	5.66962225e-01	4.06656752e-01
1251            	8.01566164e-02	2.13054525e-02	9.73647260e-01	5.66980246e-01	4.06667014e-01
1252            	8.01604775e-02	2.13047935e-02	9.73675414e-01	5.66998185e-01	4.06677230e-01
1253            	8.01643501e-02	2.13041310e-02	9.73703640e-01	5.67016170e-01	4.06687470e-01
1254            	8.01681767e-02	2.13034630e-02	9.73731652e-01	5.67034003e-01	4.06697649e-01
1255            	8.01719994e-02	2.13027789e-02	9.73759690e-01	5.67051844e-01	4.06707845e-01
1256            	8.01757739e-02	2.13020838e-02	9.73787511e-01	5.67069530e-01	4.06717982e-01
1257            	8.01795524e-02	2.13013738e-02	9.73815390e-01	5.67087248e-01	4.06728143e-01
1258            	8.01833310e-02	2.13006893e-02	9.73843180e-01	5.67104921e-01	4.06738259e-01
1259            	8.01871347e-02	2.13000101e-02	9.73871083e-01	5.67122676e-01	4.06748407e-01
1260            	8.01909037e-02	2.12993327e-02	9.73898810e-01	5.67140309e-01	4.06758502e-01
1261            	8.01946713e-02	2.12986432e-02	9.73926566e-01	5.67157954e-01	4.06768612e-01
1262            	8.01983906e-02	2.12979437e-02	9.73954105e-01	5.67175443e-01	4.06778662e-01
1263            	8.02021071e-02	2.12972273e-02	9.73981674e-01	5.67192944e-01	4.06788730e-01
1264            	8.02057837e-02	2.12965026e-02	9.74009057e-01	5.67210312e-01	4.06798745e-01
1265            	8.02095044e-02	2.12957971e-02	9.74036590e-01	5.67227799e-01	4.06808791e-01
1266            	8.02132077e-02	2.12951035e-02	9.74064005e-01	5.67245210e-01	4.06818795e-01
1267            	8.02169189e-02	2.12944056e-02	9.74091474e-01	5.67262656e-01	4.06828818e-01
1268            	8.02205877e-02	2.12937023e-02	9.74118745e-01	5.67279960e-01	4.06838785e-01
1269            	8.02242502e-02	2.12929829e-02	9.74146028e-01	5.67297264e-01	4.06848764e-01
1270            	8.02278693e-02	2.12922533e-02	9.74173116e-01	5.67314427e-01	4.06858689e-01
1271            	8.02314895e-02	2.12915090e-02	9.74200242e-01	5.67331610e-01	4.06868631e-01
1272            	8.02351131e-02	2.12907902e-02	9.74227297e-01	5.67348761e-01	4.06878535e-01
1273            	8.02387570e-02	2.12900763e-02	9.74254441e-01	5.67365977e-01	4.06888463e-01
1274            	8.02423708e-02	2.12893646e-02	9.74281431e-01	5.67383086e-01	4.06898345e-01
1275            	8.02459798e-02	2.12886409e-02	9.74308429e-01	5.67400194e-01	4.06908235e-01
1276            	8.02495461e-02	2.12879079e-02	9.74335237e-01	5.67417165e-01	4.06918072e-01
1277            	8.02531060e-02	2.12871582e-02	9.74362051e-01	5.67434132e-01	4.06927920e-01
1278            	8.02566320e-02	2.12864008e-02	9.74388708e-01	5.67450986e-01	4.06937722e-01
1279            	8.02601960e-02	2.12856619e-02	9.74415485e-01	5.67467939e-01	4.06947547e-01
1280            	8.02637472e-02	2.12849350e-02	9.74442168e-01	5.67484831e-01	4.06957337e-01
1281            	8.02673016e-02	2.12842034e-02	9.74468878e-01	5.67501741e-01	4.06967137e-01
1282            	8.02708191e-02	2.12834671e-02	9.74495418e-01	5.67518528e-01	4.06976890e-01
1283            	8.02743265e-02	2.12827147e-02	9.74521945e-01	5.67535299e-01	4.06986646e-01
1284            	8.02777965e-02	2.12819529e-02	9.74548305e-01	5.67551949e-01	4.06996356e-01
1285            	8.02812638e-02	2.12811764e-02	9.74574679e-01	5.67568603e-01	4.07006076e-01
1286            	8.02847388e-02	2.12804255e-02	9.74601005e-01	5.67585241e-01	4.07015764e-01
1287            	8.02882293e-02	2.12796794e-02	9.74627394e-01	5.67601926e-01	4.07025468e-01
1288            	8.02916951e-02	2.12789359e-02	9.74653655e-01	5.67618523e-01	4.07035132e-01
1289            	8.02951524e-02	2.12781807e-02	9.74679901e-01	5.67635103e-01	4.07044798e-01
1290            	8.02985730e-02	2.12774169e-02	9.74705984e-01	5.67651565e-01	4.07054419e-01
1291            	8.03019843e-02	2.12766368e-02	9.74732054e-01	5.67668011e-01	4.07064042e-01
1292            	8.03053672e-02	2.12758498e-02	9.74757992e-01	5.67684363e-01	4.07073629e-01
1293            	8.03087833e-02	2.12750810e-02	9.74784023e-01	5.67700795e-01	4.07083228e-01
1294            	8.03121907e-02	2.12743241e-02	9.74809982e-01	5.67717182e-01	4.07092800e-01
1295            	8.03155968e-02	2.12735628e-02	9.74835943e-01	5.67733568e-01	4.07102375e-01
1296            	8.03189719e-02	2.12727973e-02	9.74861761e-01	5.67749852e-01	4.07111908e-01
1297            	8.03223336e-02	2.12720163e-02	9.74887544e-01	5.67766105e-01	4.07121438e-01
1298            	8.03256645e-02	2.12712268e-02	9.74913190e-01	5.67782260e-01	4.07130931e-01
1299            	8.03289896e-02	2.12704235e-02	9.74938828e-01	5.67798403e-01	4.07140424e-01
1300            	8.03323271e-02	2.12696457e-02	9.74964444e-01	5.67814549e-01	4.07149895e-01
1301            	8.03356748e-02	2.12688726e-02	9.74990092e-01	5.67830721e-01	4.07159371e-01
1302            	8.03390034e-02	2.12681026e-02	9.75015640e-01	5.67846823e-01	4.07168817e-01
1303            	8.03423197e-02	2.12673212e-02	9.75041149e-01	5.67862894e-01	4.07178255e-01
1304            	8.03456057e-02	2.12665320e-02	9.75066526e-01	5.67878869e-01	4.07187657e-01
1305            	8.03488791e-02	2.12657271e-02	9.75091865e-01	5.67894812e-01	4.07197054e-01
1306            	8.03521306e-02	2.12649162e-02	9.75117104e-01	5.67910683e-01	4.07206422e-01
1307            	8.03554100e-02	2.12641234e-02	9.75142407e-01	5.67926614e-01	4.07215794e-01
1308            	8.03586859e-02	2.12633427e-02	9.75167666e-01	5.67942519e-01	4.07225147e-01
1309            	8.03619564e-02	2.12625581e-02	9.75192899e-01	5.67958406e-01	4.07234493e-01
1310            	8.03652021e-02	2.12617698e-02	9.75218021e-01	5.67974213e-01	4.07243808e-01
1311            	8.03684312e-02	2.12609668e-02	9.75243084e-01	5.67989973e-01	4.07253111e-01
1312            	8.03716358e-02	2.12601558e-02	9.75268042e-01	5.68005657e-01	4.07262385e-01
1313            	8.03748311e-02	2.12593319e-02	9.75292966e-01	5.68021314e-01	4.07271652e-01
1314            	8.03780437e-02	2.12585333e-02	9.75317896e-01	5.68036992e-01	4.07280904e-01
1315            	8.03812616e-02	2.12577399e-02	9.75342828e-01	5.68052676e-01	4.07290152e-01
1316            	8.03844661e-02	2.12569497e-02	9.75367691e-01	5.68068311e-01	4.07299379e-01
1317            	8.03876546e-02	2.12561490e-02	9.75392488e-01	5.68083898e-01	4.07308589e-01
1318            	8.03908192e-02	2.12553412e-02	9.75417185e-01	5.68099412e-01	4.07317773e-01
1319            	8.03939682e-02	2.12545188e-02	9.75441821e-01	5.68114879e-01	4.07326942e-01
1320            	8.03971014e-02	2.12536910e-02	9.75466387e-01	5.68130295e-01	4.07336092e-01
1321            	8.04002574e-02	2.12528816e-02	9.75490986e-01	5.68145751e-01	4.07345236e-01
1322            	8.04034155e-02	2.12520844e-02	9.75515572e-01	5.68161201e-01	4.07354370e-01
1323            	8.04065639e-02	2.12512838e-02	9.75540105e-01	5.68176616e-01	4.07363489e-01
1324            	8.04096941e-02	2.12504799e-02	9.75564560e-01	5.68191974e-01	4.07372586e-01
1325            	8.04128029e-02	2.12496621e-02	9.75588926e-01	5.68207266e-01	4.07381660e-01
1326            	8.04158956e-02	2.12488372e-02	9.75613228e-01	5.68222509e-01	4.07390718e-01
1327            	8.04189744e-02	2.12480001e-02	9.75637465e-01	5.68237707e-01	4.07399758e-01
1328            	8.04220751e-02	2.12471882e-02	9.75661734e-01	5.68252942e-01	4.07408792e-01
1329            	8.04251768e-02	2.12463821e-02	9.75685979e-01	5.68268166e-01	4.07417813e-01
1330            	8.04282710e-02	2.12455793e-02	9.75710186e-01	5.68283364e-01	4.07426822e-01
1331            	8.04313443e-02	2.12447670e-02	9.75734297e-01	5.68298493e-01	4.07435804e-01
1332            	8.04344028e-02	2.12439481e-02	9.75758353e-01	5.68313579e-01	4.07444774e-01
1333            	8.04374406e-02	2.12431159e-02	9.75782316e-01	5.68328598e-01	4.07453717e-01
1334            	8.04404693e-02	2.12422784e-02	9.75806240e-01	5.68343589e-01	4.07462651e-01
1335            	8.04435166e-02	2.12414601e-02	9.75830176e-01	5.68358605e-01	4.07471571e-01
1336            	8.04465703e-02	2.12406535e-02	9.75854121e-01	5.68373631e-01	4.07480490e-01
1337            	8.04496109e-02	2.12398449e-02	9.75877992e-01	5.68388607e-01	4.07489385e-01
1338            	8.04526386e-02	2.12390328e-02	9.75901812e-01	5.68403544e-01	4.07498267e-01
1339            	8.04556434e-02	2.12382085e-02	9.75925528e-01	5.68418407e-01	4.07507121e-01
1340            	8.04586356e-02	2.12373768e-02	9.75949196e-01	5.68433234e-01	4.07515963e-01
1341            	8.04616121e-02	2.12365347e-02	9.75972785e-01	5.68448005e-01	4.07524781e-01
1342            	8.04646137e-02	2.12357168e-02	9.75996426e-01	5.68462827e-01	4.07533599e-01
1343            	8.04676117e-02	2.12349054e-02	9.76020017e-01	5.68477620e-01	4.07542397e-01
1344            	8.04706067e-02	2.12340969e-02	9.76043592e-01	5.68492403e-01	4.07551190e-01
1345            	8.04735800e-02	2.12332803e-02	9.76067063e-01	5.68507112e-01	4.07559952e-01
1346            	8.04765410e-02	2.12324568e-02	9.76090492e-01	5.68521787e-01	4.07568705e-01
1347            	8.04794773e-02	2.12316213e-02	9.76113800e-01	5.68536377e-01	4.07577423e-01
1348            	8.04824148e-02	2.12307808e-02	9.76137124e-01	5.68550977e-01	4.07586147e-01
1349            	8.04853616e-02	2.12299598e-02	9.76160409e-01	5.68565566e-01	4.07594843e-01
1350            	8.04883197e-02	2.12291500e-02	9.76183730e-01	5.68580185e-01	4.07603545e-01
1351            	8.04912630e-02	2.12283393e-02	9.76206967e-01	5.68594746e-01	4.07612220e-01
1352            	8.04941984e-02	2.12275251e-02	9.76230177e-01	5.68609287e-01	4.07620890e-01
1353            	8.04971096e-02	2.12267004e-02	9.76253273e-01	5.68623746e-01	4.07629527e-01
1354            	8.05000125e-02	2.12258684e-02	9.76276342e-01	5.68638184e-01	4.07638159e-01
1355            	8.05028980e-02	2.12250276e-02	9.76299319e-01	5.68652558e-01	4.07646762e-01
1356            	8.05058100e-02	2.12242100e-02	9.76322358e-01	5.68666989e-01	4.07655369e-01
1357            	8.05087161e-02	2.12233996e-02	9.76345334e-01	5.68681383e-01	4.07663951e-01
1358            	8.05116212e-02	2.12225917e-02	9.76368305e-01	5.68695774e-01	4.07672531e-01
1359            	8.05145038e-02	2.12217767e-02	9.76391165e-01	5.68710086e-01	4.07681079e-01
1360            	8.05173765e-02	2.12209546e-02	9.76413994e-01	5.68724373e-01	4.07689620e-01
1361            	8.05202276e-02	2.12201221e-02	9.76436716e-01	5.68738586e-01	4.07698130e-01
1362            	8.05230759e-02	2.12192842e-02	9.76459431e-01	5.68752791e-01	4.07706640e-01
1363            	8.05259364e-02	2.12184663e-02	9.76482125e-01	5.68766999e-01	4.07715126e-01
1364            	8.05288071e-02	2.12176590e-02	9.76504851e-01	5.68781233e-01	4.07723618e-01
1365            	8.05316623e-02	2.12168513e-02	9.76527487e-01	5.68795406e-01	4.07732081e-01
1366            	8.05345103e-02	2.12160400e-02	9.76550100e-01	5.68809560e-01	4.07740540e-01
1367            	8.05373344e-02	2.12152192e-02	9.76572598e-01	5.68823633e-01	4.07748964e-01
1368            	8.05401515e-02	2.12143911e-02	9.76595074e-01	5.68837688e-01	4.07757385e-01
1369            	8.05429515e-02	2.12135552e-02	9.76617457e-01	5.68851680e-01	4.07765777e-01
1370            	8.05457538e-02	2.12127171e-02	9.76639849e-01	5.68865678e-01	4.07774171e-01
1371            	8.05485705e-02	2.12119022e-02	9.76662226e-01	5.68879684e-01	4.07782543e-01
1372            	8.05513981e-02	2.12111000e-02	9.76684636e-01	5.68893716e-01	4.07790920e-01
1373            	8.05542088e-02	2.12102988e-02	9.76706952e-01	5.68907685e-01	4.07799267e-01
1374            	8.05570099e-02	2.12094939e-02	9.76729236e-01	5.68921628e-01	4.07807608e-01
1375            	8.05597842e-02	2.12086789e-02	9.76751396e-01	5.68935482e-01	4.07815914e-01
1376            	8.05625493e-02	2.12078556e-02	9.76773527e-01	5.68949313e-01	4.07824214e-01
1377            	8.05652963e-02	2.12070237e-02	9.76795563e-01	5.68963078e-01	4.07832485e-01
1378            	8.05680455e-02	2.12061889e-02	9.76817608e-01	5.68976850e-01	4.07840759e-01
1379            	8.05708097e-02	2.12053771e-02	9.76839642e-01	5.68990631e-01	4.07849011e-01
1380            	8.05735862e-02	2.12045777e-02	9.76861713e-01	5.69004443e-01	4.07857270e-01
1381            	8.05763476e-02	2.12037799e-02	9.76883697e-01	5.69018196e-01	4.07865501e-01
1382            	8.05791009e-02	2.12029788e-02	9.76905655e-01	5.69031928e-01	4.07873727e-01
1383            	8.05818286e-02	2.12021682e-02	9.76927493e-01	5.69045575e-01	4.07881918e-01
1384            	8.05845472e-02	2.12013496e-02	9.76949303e-01	5.69059199e-01	4.07890104e-01
1385            	8.05871605e-02	2.12005339e-02	9.76970527e-01	5.69072424e-01	4.07898103e-01
1386            	8.05895602e-02	2.11997595e-02	9.76990401e-01	5.69084761e-01	4.07905640e-01
1387            	8.05925109e-02	2.11989140e-02	9.77013475e-01	5.69099248e-01	4.07914226e-01
1388            	8.05954358e-02	2.11980896e-02	9.77036401e-01	5.69113636e-01	4.07922765e-01
1389            	8.05982781e-02	2.11972858e-02	9.77058855e-01	5.69127705e-01	4.07931149e-01
1390            	8.06010367e-02	2.11964925e-02	9.77080823e-01	5.69141448e-01	4.07939375e-01
1391            	8.06037057e-02	2.11956988e-02	9.77102270e-01	5.69154841e-01	4.07947429e-01
1392            	8.06060220e-02	2.11949341e-02	9.77121652e-01	5.69166848e-01	4.07954804e-01
1393            	8.06087707e-02	2.11941048e-02	9.77143504e-01	5.69180523e-01	4.07962981e-01
1394            	8.06115301e-02	2.11932840e-02	9.77165414e-01	5.69194237e-01	4.07971177e-01
1395            	8.06142699e-02	2.11924736e-02	9.77187226e-01	5.69207883e-01	4.07979343e-01
1396            	8.06166509e-02	2.11917077e-02	9.77206983e-01	5.69220142e-01	4.07986841e-01
1397            	8.06194493e-02	2.11908718e-02	9.77229181e-01	5.69234040e-01	4.07995141e-01
1398            	8.06222102e-02	2.11900439e-02	9.77251176e-01	5.69247798e-01	4.08003378e-01
1399            	8.06249079e-02	2.11892269e-02	9.77272797e-01	5.69261306e-01	4.08011490e-01
1400            	8.06272358e-02	2.11884555e-02	9.77292253e-01	5.69273362e-01	4.08018891e-01
1401            	8.06299891e-02	2.11876375e-02	9.77314081e-01	5.69287029e-01	4.08027051e-01
1402            	8.06327202e-02	2.11868377e-02	9.77335753e-01	5.69300597e-01	4.08035157e-01
1403            	8.06350915e-02	2.11860836e-02	9.77355358e-01	5.69312771e-01	4.08042588e-01
1404            	8.06378638e-02	2.11852634e-02	9.77377303e-01	5.69326515e-01	4.08050788e-01
1405            	8.06405852e-02	2.11844485e-02	9.77398989e-01	5.69340080e-01	4.08058909e-01
1406            	8.06432435e-02	2.11836411e-02	9.77420333e-01	5.69353410e-01	4.08066923e-01
1407            	8.06455349e-02	2.11828729e-02	9.77439561e-01	5.69365315e-01	4.08074245e-01
1408            	8.06482259e-02	2.11820330e-02	9.77461104e-01	5.69378778e-01	4.08082326e-01
1409            	8.06508979e-02	2.11812237e-02	9.77482459e-01	5.69392127e-01	4.08090332e-01
1410            	8.06532235e-02	2.11804695e-02	9.77501797e-01	5.69404122e-01	4.08097675e-01
1411            	8.06559476e-02	2.11796569e-02	9.77523428e-01	5.69417662e-01	4.08105766e-01
1412            	8.06586243e-02	2.11788544e-02	9.77544808e-01	5.69431028e-01	4.08113780e-01
1413            	8.06609242e-02	2.11780929e-02	9.77564039e-01	5.69442944e-01	4.08121095e-01
1414            	8.06636117e-02	2.11772644e-02	9.77585523e-01	5.69456373e-01	4.08129150e-01
1415            	8.06662432e-02	2.11764430e-02	9.77606693e-01	5.69469590e-01	4.08137103e-01
1416            	8.06685157e-02	2.11756675e-02	9.77625786e-01	5.69481409e-01	4.08144377e-01
1417            	8.06711997e-02	2.11748519e-02	9.77647168e-01	5.69494784e-01	4.08152384e-01
1418            	8.06738462e-02	2.11740595e-02	9.77668313e-01	5.69508002e-01	4.08160310e-01
1419            	8.06761226e-02	2.11733136e-02	9.77687338e-01	5.69519792e-01	4.08167546e-01
1420            	8.06787803e-02	2.11725051e-02	9.77708575e-01	5.69533068e-01	4.08175507e-01
1421            	8.06813741e-02	2.11717004e-02	9.77729477e-01	5.69546113e-01	4.08183364e-01
1422            	8.06836007e-02	2.11709342e-02	9.77748288e-01	5.69557745e-01	4.08190544e-01
1423            	8.06862078e-02	2.11701001e-02	9.77769305e-01	5.69570860e-01	4.08198445e-01
1424            	8.06887725e-02	2.11692755e-02	9.77790078e-01	5.69583812e-01	4.08206267e-01
1425            	8.06909969e-02	2.11685184e-02	9.77808820e-01	5.69595407e-01	4.08213413e-01
1426            	8.06936216e-02	2.11677136e-02	9.77829833e-01	5.69608538e-01	4.08221295e-01
1427            	8.06961929e-02	2.11669233e-02	9.77850546e-01	5.69621466e-01	4.08229080e-01
1428            	8.06984024e-02	2.11661740e-02	9.77869204e-01	5.69633004e-01	4.08236199e-01
1429            	8.07009861e-02	2.11653590e-02	9.77890034e-01	5.69646003e-01	4.08244031e-01
1430            	8.07035189e-02	2.11645488e-02	9.77910594e-01	5.69658816e-01	4.08251778e-01
1431            	8.07056860e-02	2.11637780e-02	9.77929062e-01	5.69670217e-01	4.08258845e-01
1432            	8.07082410e-02	2.11629436e-02	9.77949760e-01	5.69683121e-01	4.08266639e-01
1433            	8.07107656e-02	2.11621427e-02	9.77970212e-01	5.69695871e-01	4.08274340e-01
1434            	8.07129441e-02	2.11613958e-02	9.77988664e-01	5.69707276e-01	4.08281388e-01
1435            	8.07155024e-02	2.11605939e-02	9.78009294e-01	5.69720149e-01	4.08289144e-01
1436            	8.07180071e-02	2.11598007e-02	9.78029641e-01	5.69732827e-01	4.08296813e-01
1437            	8.07201417e-02	2.11590437e-02	9.78047892e-01	5.69744088e-01	4.08303804e-01
1438            	8.07226518e-02	2.11582205e-02	9.78068323e-01	5.69756813e-01	4.08311510e-01
1439            	8.07251044e-02	2.11574025e-02	9.78088437e-01	5.69769323e-01	4.08319114e-01
1440            	8.07272087e-02	2.11566273e-02	9.78106550e-01	5.69780484e-01	4.08326066e-01
1441            	8.07297160e-02	2.11558128e-02	9.78126905e-01	5.69793168e-01	4.08333736e-01
1442            	8.07321859e-02	2.11550215e-02	9.78147028e-01	5.69805700e-01	4.08341328e-01
1443            	8.07342978e-02	2.11542745e-02	9.78165109e-01	5.69816852e-01	4.08348257e-01
1444            	8.07367849e-02	2.11534682e-02	9.78185357e-01	5.69829463e-01	4.08355894e-01
1445            	8.07392066e-02	2.11526661e-02	9.78205261e-01	5.69841837e-01	4.08363424e-01
1446            	8.07412745e-02	2.11519009e-02	9.78223155e-01	5.69852852e-01	4.08370303e-01
1447            	8.07437137e-02	2.11510702e-02	9.78243192e-01	5.69865310e-01	4.08377882e-01
1448            	8.07461079e-02	2.11502490e-02	9.78262972e-01	5.69877594e-01	4.08385378e-01
1449            	8.07481703e-02	2.11494913e-02	9.78280785e-01	5.69888563e-01	4.08392222e-01
1450            	8.07506212e-02	2.11486869e-02	9.78300803e-01	5.69901023e-01	4.08399780e-01
1451            	8.07530127e-02	2.11478958e-02	9.78320492e-01	5.69913259e-01	4.08407233e-01
1452            	8.07550539e-02	2.11471437e-02	9.78338198e-01	5.69924153e-01	4.08414045e-01
1453            	8.07574579e-02	2.11463272e-02	9.78358010e-01	5.69936463e-01	4.08421547e-01
1454            	8.07598073e-02	2.11455156e-02	9.78377533e-01	5.69948574e-01	4.08428959e-01
1455            	8.07620813e-02	2.11447091e-02	9.78396633e-01	5.69960398e-01	4.08436235e-01
1456            	8.07640352e-02	2.11439388e-02	9.78413883e-01	5.69970977e-01	4.08442906e-01
1457            	8.07663940e-02	2.11431225e-02	9.78433405e-01	5.69983096e-01	4.08450308e-01
1458            	8.07687241e-02	2.11423244e-02	9.78452755e-01	5.69995101e-01	4.08457653e-01
1459            	8.07707145e-02	2.11415682e-02	9.78470171e-01	5.70005800e-01	4.08464371e-01
1460            	8.07730807e-02	2.11407529e-02	9.78489764e-01	5.70017963e-01	4.08471801e-01
1461            	8.07753867e-02	2.11399437e-02	9.78509040e-01	5.70029907e-01	4.08479133e-01
