# Force coefficients
# liftDir       : (-2.41921896e-01 9.70295726e-01 0.00000000e+00)
# dragDir       : (9.70295726e-01 2.41921896e-01 0.00000000e+00)
# pitchAxis     : (0.00000000e+00 0.00000000e+00 1.00000000e+00)
# magUInf       : 1.50000000e+01
# lRef          : 1.00000000e+00
# Aref          : 1.00000000e-02
# CofR          : (2.50000000e-01 0.00000000e+00 0.00000000e+00)
# Time          	Cm              	Cd              	Cl              	Cl(f)           	Cl(r)           
0               	2.79936391e-02	5.18786319e-01	3.70966338e-02	4.65419560e-02	-9.44532218e-03
1               	1.04660704e+01	1.09421575e+01	3.10900583e+01	2.60110995e+01	5.07895871e+00
2               	1.40041098e+01	1.41351657e+01	4.21503876e+01	3.50793036e+01	7.07108402e+00
3               	1.22487714e+01	1.22100454e+01	3.76338221e+01	3.10656825e+01	6.56813964e+00
4               	7.35489041e+00	7.33755505e+00	2.35855727e+01	1.91476768e+01	4.43789594e+00
5               	1.70341915e+00	1.84850620e+00	6.96472197e+00	5.18578014e+00	1.77894184e+00
6               	-2.69619273e+00	-2.40290725e+00	-6.38505491e+00	-5.88872019e+00	-4.96334722e-01
7               	-4.91712152e+00	-4.55332512e+00	-1.35571189e+01	-1.16956810e+01	-1.86143793e+00
8               	-5.01802402e+00	-4.64643872e+00	-1.44556751e+01	-1.22458616e+01	-2.20981352e+00
9               	-3.67827782e+00	-3.39279555e+00	-1.10013266e+01	-9.17894113e+00	-1.82238549e+00
10              	-1.67799893e+00	-1.53316725e+00	-5.35750786e+00	-4.35675285e+00	-1.00075500e+00
11              	1.82776328e-01	1.91021866e-01	1.49972726e-01	2.57762691e-01	-1.07789965e-01
12              	1.38859921e+00	1.31690025e+00	3.95228564e+00	3.36474203e+00	5.87543611e-01
13              	1.80445743e+00	1.73190574e+00	5.55203995e+00	4.58047740e+00	9.71562549e-01
14              	1.59543027e+00	1.58248911e+00	5.30964429e+00	4.25025242e+00	1.05939187e+00
15              	1.01734017e+00	1.09701923e+00	3.89234819e+00	2.96351427e+00	9.28833925e-01
16              	3.36312412e-01	5.07987535e-01	2.02814415e+00	1.35038448e+00	6.77759661e-01
17              	-2.15042574e-01	1.64234253e-02	3.95224123e-01	-1.74305130e-02	4.12654636e-01
18              	-5.20608325e-01	-2.73934543e-01	-6.29836276e-01	-8.35526463e-01	2.05690187e-01
19              	-5.72318280e-01	-3.51689744e-01	-9.70053615e-01	-1.05734509e+00	8.72914727e-02
20              	-4.49344701e-01	-2.80215139e-01	-8.01466123e-01	-8.50077762e-01	4.86116393e-02
21              	-2.35220414e-01	-1.24541784e-01	-3.21118801e-01	-3.95779814e-01	7.46610132e-02
22              	-1.31824534e-02	4.76594605e-02	2.51851629e-01	1.12743361e-01	1.39108268e-01
23              	1.51485372e-01	1.82898156e-01	7.28531780e-01	5.15751262e-01	2.12780518e-01
24              	2.32536980e-01	2.57070790e-01	1.01557187e+00	7.40322917e-01	2.75248956e-01
25              	2.36070600e-01	2.72814482e-01	1.10748389e+00	7.89812545e-01	3.17671345e-01
26              	1.92473081e-01	2.51425794e-01	1.06698139e+00	7.25963776e-01	3.41017615e-01
27              	1.26996393e-01	2.10751346e-01	9.50717555e-01	6.02355170e-01	3.48362385e-01
28              	6.14342353e-02	1.66046486e-01	8.09359403e-01	4.66113937e-01	3.43245466e-01
29              	1.35324304e-02	1.30609423e-01	6.89865304e-01	3.58465083e-01	3.31400222e-01
30              	-8.98895905e-03	1.11302313e-01	6.19196697e-01	3.00609389e-01	3.18587307e-01
31              	-8.98732537e-03	1.06994302e-01	5.97365381e-01	2.89695365e-01	3.07670016e-01
32              	5.44608731e-03	1.12522961e-01	6.10157073e-01	3.10524624e-01	2.99632449e-01
33              	2.63792787e-02	1.22894719e-01	6.42637622e-01	3.47698090e-01	2.94939532e-01
34              	4.77463002e-02	1.34334542e-01	6.83388655e-01	3.89440628e-01	2.93948027e-01
35              	6.43634188e-02	1.43495289e-01	7.21112844e-01	4.24919841e-01	2.96193003e-01
36              	7.40905208e-02	1.48937939e-01	7.49987222e-01	4.49084132e-01	3.00903090e-01
37              	7.68275742e-02	1.50475592e-01	7.67509176e-01	4.60582162e-01	3.06927014e-01
38              	7.45925308e-02	1.49252758e-01	7.75950710e-01	4.62567886e-01	3.13382824e-01
39              	6.97973400e-02	1.46607899e-01	7.78604051e-01	4.59099365e-01	3.19504685e-01
40              	6.44564851e-02	1.43616052e-01	7.78207809e-01	4.53560390e-01	3.24647419e-01
41              	6.00572927e-02	1.40973364e-01	7.77282988e-01	4.48698786e-01	3.28584201e-01
42              	5.69609320e-02	1.38806029e-01	7.76334957e-01	4.45128410e-01	3.31206546e-01
43              	5.56570560e-02	1.37395291e-01	7.76556019e-01	4.43935065e-01	3.32620953e-01
44              	5.59663104e-02	1.36667791e-01	7.78265697e-01	4.45099159e-01	3.33166538e-01
45              	5.74894050e-02	1.36506602e-01	7.81483475e-01	4.48231143e-01	3.33252333e-01
46              	5.98783014e-02	1.36889006e-01	7.86278494e-01	4.53017548e-01	3.33260946e-01
47              	6.21523085e-02	1.37345332e-01	7.91287613e-01	4.57796115e-01	3.33491498e-01
48              	6.42298799e-02	1.37789431e-01	7.96655790e-01	4.62557775e-01	3.34098015e-01
49              	6.58351669e-02	1.38063227e-01	8.02265177e-01	4.66967755e-01	3.35297422e-01
50              	6.70437316e-02	1.38201714e-01	8.08504836e-01	4.71296150e-01	3.37208687e-01
51              	6.75912540e-02	1.37987763e-01	8.14592646e-01	4.74887577e-01	3.39705069e-01
52              	6.77304508e-02	1.37502182e-01	8.20506190e-01	4.77983546e-01	3.42522644e-01
53              	6.75472032e-02	1.36755317e-01	8.26086037e-01	4.80590222e-01	3.45495815e-01
54              	6.73684796e-02	1.35959998e-01	8.31241160e-01	4.82989060e-01	3.48252100e-01
55              	6.72367314e-02	1.35190301e-01	8.35946030e-01	4.85209746e-01	3.50736283e-01
56              	6.73397884e-02	1.34636565e-01	8.40272305e-01	4.87475941e-01	3.52796364e-01
57              	6.75929730e-02	1.34284955e-01	8.44297905e-01	4.89741925e-01	3.54555979e-01
58              	6.79865702e-02	1.34140524e-01	8.48380408e-01	4.92176774e-01	3.56203634e-01
59              	6.85013073e-02	1.34205291e-01	8.52642898e-01	4.94822757e-01	3.57820142e-01
60              	6.90244915e-02	1.34380264e-01	8.56901757e-01	4.97475370e-01	3.59426387e-01
61              	6.95314039e-02	1.34606416e-01	8.61292230e-01	5.00177519e-01	3.61114711e-01
62              	7.00464841e-02	1.34851508e-01	8.65865217e-01	5.02979092e-01	3.62886124e-01
63              	7.04060747e-02	1.34969562e-01	8.70107857e-01	5.05460003e-01	3.64647854e-01
64              	7.06501026e-02	1.34979405e-01	8.74084806e-01	5.07692506e-01	3.66392300e-01
65              	7.08431840e-02	1.34930935e-01	8.77995977e-01	5.09841173e-01	3.68154805e-01
66              	7.10102498e-02	1.34857101e-01	8.81858909e-01	5.11939704e-01	3.69919205e-01
67              	7.11713566e-02	1.34790686e-01	8.85679985e-01	5.14011349e-01	3.71668636e-01
68              	7.13734839e-02	1.34776385e-01	8.89518209e-01	5.16132588e-01	3.73385621e-01
69              	7.15749938e-02	1.34801731e-01	8.93362693e-01	5.18256340e-01	3.75106353e-01
70              	7.18152814e-02	1.34890781e-01	8.97180664e-01	5.20405613e-01	3.76775051e-01
71              	7.20460437e-02	1.35014878e-01	9.00887053e-01	5.22489570e-01	3.78397483e-01
72              	7.22910859e-02	1.35179185e-01	9.04532178e-01	5.24557175e-01	3.79975003e-01
73              	7.25537683e-02	1.35379451e-01	9.08128444e-01	5.26617990e-01	3.81510453e-01
74              	7.27778236e-02	1.35576541e-01	9.11509453e-01	5.28532550e-01	3.82976903e-01
75              	7.30046019e-02	1.35792040e-01	9.14839428e-01	5.30424316e-01	3.84415112e-01
76              	7.32024702e-02	1.35998781e-01	9.17992706e-01	5.32198823e-01	3.85793883e-01
77              	7.33946906e-02	1.36220141e-01	9.21115536e-01	5.33952459e-01	3.87163077e-01
78              	7.35645538e-02	1.36440380e-01	9.24095260e-01	5.35612184e-01	3.88483076e-01
79              	7.37355436e-02	1.36684542e-01	9.27125720e-01	5.37298403e-01	3.89827316e-01
80              	7.39251869e-02	1.36952008e-01	9.30138328e-01	5.38994351e-01	3.91143977e-01
81              	7.41158998e-02	1.37228146e-01	9.33087608e-01	5.40659704e-01	3.92427904e-01
82              	7.43048684e-02	1.37499787e-01	9.35892599e-01	5.42251168e-01	3.93641431e-01
83              	7.45045317e-02	1.37778188e-01	9.38665690e-01	5.43837377e-01	3.94828313e-01
84              	7.46970342e-02	1.38050408e-01	9.41384184e-01	5.45389126e-01	3.95995058e-01
85              	7.48895498e-02	1.38316342e-01	9.44065865e-01	5.46922482e-01	3.97143383e-01
86              	7.50842285e-02	1.38573249e-01	9.46716314e-01	5.48442386e-01	3.98273929e-01
87              	7.52820304e-02	1.38818600e-01	9.49332078e-01	5.49948070e-01	3.99384009e-01
88              	7.54734429e-02	1.39045953e-01	9.51889445e-01	5.51418165e-01	4.00471279e-01
89              	7.56583590e-02	1.39254987e-01	9.54377782e-01	5.52847250e-01	4.01530532e-01
90              	7.58368440e-02	1.39446041e-01	9.56789575e-01	5.54231632e-01	4.02557944e-01
91              	7.60091953e-02	1.39619875e-01	9.59118875e-01	5.55568633e-01	4.03550242e-01
92              	7.61803663e-02	1.39780048e-01	9.61370968e-01	5.56865850e-01	4.04505118e-01
93              	7.63296014e-02	1.39911258e-01	9.63450707e-01	5.58054955e-01	4.05395752e-01
94              	7.64853099e-02	1.40035602e-01	9.65493659e-01	5.59232140e-01	4.06261520e-01
95              	7.66523765e-02	1.40157323e-01	9.67514656e-01	5.60409705e-01	4.07104952e-01
96              	7.68350154e-02	1.40278968e-01	9.69524246e-01	5.61597138e-01	4.07927108e-01
97              	7.70265979e-02	1.40396050e-01	9.71509311e-01	5.62781254e-01	4.08728058e-01
98              	7.72240137e-02	1.40505282e-01	9.73460737e-01	5.63954382e-01	4.09506355e-01
99              	7.74203408e-02	1.40601462e-01	9.75363023e-01	5.65101852e-01	4.10261171e-01
100             	7.76051711e-02	1.40678837e-01	9.77194374e-01	5.66202358e-01	4.10992016e-01
101             	7.77725990e-02	1.40734590e-01	9.78942413e-01	5.67243805e-01	4.11698607e-01
102             	7.79129307e-02	1.40763542e-01	9.80541072e-01	5.68183467e-01	4.12357605e-01
103             	7.80330843e-02	1.40768933e-01	9.82107467e-01	5.69086818e-01	4.13020649e-01
104             	7.81218426e-02	1.40745308e-01	9.83519692e-01	5.69881689e-01	4.13638003e-01
105             	7.81905481e-02	1.40696719e-01	9.84893623e-01	5.70637359e-01	4.14256263e-01
106             	7.82396651e-02	1.40625965e-01	9.86135480e-01	5.71307405e-01	4.14828075e-01
107             	7.82827626e-02	1.40541151e-01	9.87322983e-01	5.71944254e-01	4.15378729e-01
108             	7.83287250e-02	1.40448399e-01	9.88474658e-01	5.72566054e-01	4.15908604e-01
109             	7.83912691e-02	1.40354117e-01	9.89651896e-01	5.73217217e-01	4.16434679e-01
110             	7.84611386e-02	1.40262393e-01	9.90762807e-01	5.73842542e-01	4.16920265e-01
111             	7.85552563e-02	1.40174343e-01	9.91914842e-01	5.74512677e-01	4.17402165e-01
112             	7.86632379e-02	1.40089736e-01	9.93054450e-01	5.75190463e-01	4.17863987e-01
113             	7.87812938e-02	1.40007351e-01	9.94180330e-01	5.75871459e-01	4.18308871e-01
114             	7.89038981e-02	1.39924575e-01	9.95287712e-01	5.76547754e-01	4.18739958e-01
115             	7.90233742e-02	1.39837012e-01	9.96365106e-01	5.77205927e-01	4.19159179e-01
116             	7.91315402e-02	1.39741510e-01	9.97400138e-01	5.77831609e-01	4.19568529e-01
117             	7.92217540e-02	1.39635581e-01	9.98381229e-01	5.78412369e-01	4.19968861e-01
118             	7.92884563e-02	1.39516163e-01	9.99296922e-01	5.78936917e-01	4.20360004e-01
119             	7.93285175e-02	1.39381476e-01	1.00014016e+00	5.79398597e-01	4.20741562e-01
120             	7.93418177e-02	1.39232024e-01	1.00090944e+00	5.79796538e-01	4.21112902e-01
121             	7.93332136e-02	1.39070957e-01	1.00161399e+00	5.80140207e-01	4.21473780e-01
122             	7.93098491e-02	1.38902244e-01	1.00226723e+00	5.80443465e-01	4.21823766e-01
123             	7.92799270e-02	1.38729657e-01	1.00288481e+00	5.80722332e-01	4.22162478e-01
124             	7.92511242e-02	1.38557018e-01	1.00348254e+00	5.80992393e-01	4.22490145e-01
125             	7.92299696e-02	1.38387661e-01	1.00407612e+00	5.81268030e-01	4.22808091e-01
126             	7.92218510e-02	1.38224179e-01	1.00468036e+00	5.81562030e-01	4.23118328e-01
127             	7.92304644e-02	1.38069046e-01	1.00530856e+00	5.81884745e-01	4.23423816e-01
128             	7.92565913e-02	1.37923638e-01	1.00596889e+00	5.82241034e-01	4.23727851e-01
129             	7.92975592e-02	1.37786999e-01	1.00665992e+00	5.82627521e-01	4.24032403e-01
130             	7.93489116e-02	1.37657027e-01	1.00737401e+00	5.83035918e-01	4.24338094e-01
131             	7.94045388e-02	1.37530181e-01	1.00809537e+00	5.83452224e-01	4.24643146e-01
132             	7.94542279e-02	1.37404983e-01	1.00878264e+00	5.83845547e-01	4.24937092e-01
133             	7.94978838e-02	1.37273800e-01	1.00946897e+00	5.84232370e-01	4.25236603e-01
134             	7.95260825e-02	1.37142192e-01	1.01009820e+00	5.84575182e-01	4.25523017e-01
135             	7.95372782e-02	1.37004787e-01	1.01068541e+00	5.84879985e-01	4.25805428e-01
136             	7.95292703e-02	1.36859536e-01	1.01122524e+00	5.85141892e-01	4.26083352e-01
137             	7.95029674e-02	1.36706651e-01	1.01171965e+00	5.85362795e-01	4.26356860e-01
138             	7.94613174e-02	1.36547439e-01	1.01217708e+00	5.85549857e-01	4.26627222e-01
139             	7.94077185e-02	1.36381694e-01	1.01260742e+00	5.85711430e-01	4.26895993e-01
140             	7.93471960e-02	1.36209866e-01	1.01302704e+00	5.85860715e-01	4.27166323e-01
141             	7.92862991e-02	1.36036081e-01	1.01345862e+00	5.86015607e-01	4.27443009e-01
142             	7.92305871e-02	1.35865653e-01	1.01392349e+00	5.86192332e-01	4.27731158e-01
143             	7.91830815e-02	1.35702680e-01	1.01443475e+00	5.86400455e-01	4.28034292e-01
144             	7.91443233e-02	1.35549399e-01	1.01499730e+00	5.86642972e-01	4.28354326e-01
145             	7.91132043e-02	1.35406551e-01	1.01560968e+00	5.86918044e-01	4.28691635e-01
146             	7.90881316e-02	1.35274023e-01	1.01626727e+00	5.87221764e-01	4.29045501e-01
147             	7.90684668e-02	1.35151912e-01	1.01696653e+00	5.87551733e-01	4.29414800e-01
148             	7.90540937e-02	1.35040103e-01	1.01770403e+00	5.87906109e-01	4.29797922e-01
149             	7.90448486e-02	1.34937434e-01	1.01847575e+00	5.88282726e-01	4.30193028e-01
150             	7.90412775e-02	1.34843318e-01	1.01928143e+00	5.88681993e-01	4.30599438e-01
151             	7.90454038e-02	1.34758461e-01	1.02012528e+00	5.89108043e-01	4.31017236e-01
152             	7.90591395e-02	1.34683641e-01	1.02101329e+00	5.89565783e-01	4.31447504e-01
153             	7.90834843e-02	1.34619109e-01	1.02194984e+00	5.90058406e-01	4.31891437e-01
154             	7.91194315e-02	1.34565649e-01	1.02293950e+00	5.90589182e-01	4.32350319e-01
155             	7.91617936e-02	1.34520265e-01	1.02394487e+00	5.91134231e-01	4.32810643e-01
156             	7.92141607e-02	1.34483885e-01	1.02501891e+00	5.91723614e-01	4.33295293e-01
157             	7.92750977e-02	1.34456674e-01	1.02616114e+00	5.92355669e-01	4.33805474e-01
158             	7.93424747e-02	1.34438417e-01	1.02736730e+00	5.93026124e-01	4.34341175e-01
159             	7.94134926e-02	1.34428097e-01	1.02862903e+00	5.93728010e-01	4.34901024e-01
160             	7.94851017e-02	1.34424158e-01	1.02993590e+00	5.94453051e-01	4.35482848e-01
161             	7.95483939e-02	1.34423360e-01	1.03122359e+00	5.95160190e-01	4.36063403e-01
162             	7.96072973e-02	1.34422629e-01	1.03254778e+00	5.95881189e-01	4.36666594e-01
163             	7.96587628e-02	1.34419413e-01	1.03389591e+00	5.96606718e-01	4.37289192e-01
164             	7.97001820e-02	1.34411441e-01	1.03525027e+00	5.97325317e-01	4.37924953e-01
165             	7.97267791e-02	1.34395777e-01	1.03654659e+00	5.98000073e-01	4.38546515e-01
166             	7.97440325e-02	1.34374904e-01	1.03784187e+00	5.98664967e-01	4.39176902e-01
167             	7.97531155e-02	1.34350010e-01	1.03913478e+00	5.99320504e-01	4.39814273e-01
168             	7.97559152e-02	1.34322917e-01	1.04042658e+00	5.99969206e-01	4.40457375e-01
169             	7.97543372e-02	1.34295112e-01	1.04172125e+00	6.00614962e-01	4.41106288e-01
170             	7.97501927e-02	1.34267993e-01	1.04302541e+00	6.01262899e-01	4.41762513e-01
171             	7.97453128e-02	1.34243231e-01	1.04434451e+00	6.01917566e-01	4.42426940e-01
172             	7.97412596e-02	1.34222369e-01	1.04568141e+00	6.02581964e-01	4.43099444e-01
173             	7.97391289e-02	1.34206439e-01	1.04703368e+00	6.03255968e-01	4.43777710e-01
174             	7.97383200e-02	1.34196933e-01	1.04834068e+00	6.03908660e-01	4.44432020e-01
175             	7.97398236e-02	1.34189841e-01	1.04967568e+00	6.04577663e-01	4.45098016e-01
176             	7.97441161e-02	1.34186158e-01	1.05102815e+00	6.05258191e-01	4.45769959e-01
177             	7.97510911e-02	1.34186257e-01	1.05238483e+00	6.05943508e-01	4.46441326e-01
178             	7.97602447e-02	1.34189591e-01	1.05373824e+00	6.06629364e-01	4.47108875e-01
179             	7.97703159e-02	1.34194553e-01	1.05507261e+00	6.07306623e-01	4.47765991e-01
180             	7.97802720e-02	1.34199468e-01	1.05637701e+00	6.07968779e-01	4.48408235e-01
181             	7.97900811e-02	1.34203398e-01	1.05766301e+00	6.08621585e-01	4.49041423e-01
182             	7.98004208e-02	1.34206306e-01	1.05894331e+00	6.09272075e-01	4.49671233e-01
183             	7.98116292e-02	1.34208408e-01	1.06022043e+00	6.09921844e-01	4.50298585e-01
184             	7.98236700e-02	1.34209658e-01	1.06149461e+00	6.10570976e-01	4.50923636e-01
185             	7.98364744e-02	1.34210139e-01	1.06276244e+00	6.11217697e-01	4.51544748e-01
186             	7.98451024e-02	1.34206766e-01	1.06397243e+00	6.11831318e-01	4.52141114e-01
187             	7.98547833e-02	1.34202469e-01	1.06516798e+00	6.12438772e-01	4.52729205e-01
188             	7.98715213e-02	1.34201685e-01	1.06640681e+00	6.13074928e-01	4.53331885e-01
189             	7.98846270e-02	1.34198114e-01	1.06758845e+00	6.13678853e-01	4.53909599e-01
190             	7.99002429e-02	1.34196127e-01	1.06876148e+00	6.14280982e-01	4.54480497e-01
191             	7.99252511e-02	1.34201599e-01	1.06999496e+00	6.14922733e-01	4.55072231e-01
192             	7.99468523e-02	1.34205662e-01	1.07117602e+00	6.15534861e-01	4.55641156e-01
193             	7.99704815e-02	1.34211884e-01	1.07235982e+00	6.16150390e-01	4.56209427e-01
194             	7.99952619e-02	1.34219760e-01	1.07353910e+00	6.16764813e-01	4.56774289e-01
195             	8.00206084e-02	1.34228753e-01	1.07471286e+00	6.17377036e-01	4.57335819e-01
196             	8.00458770e-02	1.34237882e-01	1.07588153e+00	6.17986643e-01	4.57894889e-01
197             	8.00704518e-02	1.34246047e-01	1.07704342e+00	6.18592163e-01	4.58451260e-01
198             	8.00943281e-02	1.34252828e-01	1.07820246e+00	6.19195556e-01	4.59006899e-01
199             	8.01118257e-02	1.34255022e-01	1.07929180e+00	6.19757724e-01	4.59534072e-01
200             	8.01314025e-02	1.34255129e-01	1.08043010e+00	6.20346454e-01	4.60083649e-01
201             	8.01540168e-02	1.34254973e-01	1.08162600e+00	6.20967017e-01	4.60658983e-01
202             	8.01729771e-02	1.34249922e-01	1.08279957e+00	6.21572763e-01	4.61226809e-01
203             	8.01915104e-02	1.34243900e-01	1.08395008e+00	6.22166550e-01	4.61783529e-01
204             	8.02133472e-02	1.34239985e-01	1.08512323e+00	6.22774961e-01	4.62348266e-01
205             	8.02337075e-02	1.34233124e-01	1.08629063e+00	6.23379025e-01	4.62911610e-01
206             	8.02517290e-02	1.34222348e-01	1.08744901e+00	6.23976235e-01	4.63472777e-01
207             	8.02667319e-02	1.34206768e-01	1.08859611e+00	6.24564786e-01	4.64031322e-01
208             	8.02790631e-02	1.34186089e-01	1.08974482e+00	6.25151475e-01	4.64593349e-01
209             	8.02839394e-02	1.34156923e-01	1.09082773e+00	6.25697805e-01	4.65129926e-01
210             	8.02892113e-02	1.34125760e-01	1.09194999e+00	6.26264206e-01	4.65685783e-01
211             	8.02922135e-02	1.34090779e-01	1.09307620e+00	6.26830314e-01	4.66245887e-01
212             	8.02935311e-02	1.34052959e-01	1.09420728e+00	6.27397172e-01	4.66810110e-01
213             	8.02931713e-02	1.34013048e-01	1.09533159e+00	6.27958965e-01	4.67372622e-01
214             	8.02910016e-02	1.33971311e-01	1.09644157e+00	6.28511789e-01	4.67929785e-01
215             	8.02875043e-02	1.33927515e-01	1.09754777e+00	6.29061388e-01	4.68486379e-01
216             	8.02796149e-02	1.33880073e-01	1.09859275e+00	6.29575991e-01	4.69016762e-01
217             	8.02726823e-02	1.33830336e-01	1.09967504e+00	6.30110200e-01	4.69564835e-01
218             	8.02644329e-02	1.33777475e-01	1.10075698e+00	6.30642922e-01	4.70114056e-01
219             	8.02552869e-02	1.33721814e-01	1.10184740e+00	6.31178987e-01	4.70668413e-01
220             	8.02455793e-02	1.33664318e-01	1.10294476e+00	6.31717958e-01	4.71226799e-01
221             	8.02354504e-02	1.33606114e-01	1.10403750e+00	6.32254200e-01	4.71783299e-01
222             	8.02247018e-02	1.33547739e-01	1.10511396e+00	6.32781681e-01	4.72332278e-01
223             	8.02130236e-02	1.33488484e-01	1.10617799e+00	6.33302021e-01	4.72875974e-01
224             	8.01995301e-02	1.33427378e-01	1.10723087e+00	6.33814965e-01	4.73415905e-01
225             	8.01809479e-02	1.33364218e-01	1.10821975e+00	6.34290825e-01	4.73928929e-01
226             	8.01624346e-02	1.33297409e-01	1.10924563e+00	6.34785251e-01	4.74460382e-01
227             	8.01423266e-02	1.33228404e-01	1.11027335e+00	6.35279001e-01	4.74994347e-01
228             	8.01211880e-02	1.33157628e-01	1.11131276e+00	6.35777570e-01	4.75535194e-01
229             	8.00993495e-02	1.33085997e-01	1.11236102e+00	6.36279858e-01	4.76081159e-01
230             	8.00767911e-02	1.33014303e-01	1.11340707e+00	6.36780325e-01	4.76626743e-01
231             	8.00512949e-02	1.32942728e-01	1.11439861e+00	6.37250602e-01	4.77148012e-01
232             	8.00270422e-02	1.32869025e-01	1.11543238e+00	6.37743234e-01	4.77689149e-01
233             	8.00025221e-02	1.32794468e-01	1.11646479e+00	6.38234916e-01	4.78229872e-01
234             	7.99759750e-02	1.32719348e-01	1.11744745e+00	6.38699700e-01	4.78747750e-01
235             	7.99514408e-02	1.32641818e-01	1.11847672e+00	6.39189802e-01	4.79286920e-01
236             	7.99267604e-02	1.32562042e-01	1.11951416e+00	6.39683840e-01	4.79830319e-01
237             	7.98996084e-02	1.32479985e-01	1.12051240e+00	6.40155808e-01	4.80356591e-01
238             	7.98739899e-02	1.32394878e-01	1.12155138e+00	6.40649679e-01	4.80901700e-01
239             	7.98457533e-02	1.32307589e-01	1.12253555e+00	6.41113529e-01	4.81422022e-01
240             	7.98192734e-02	1.32216727e-01	1.12356125e+00	6.41599900e-01	4.81961353e-01
241             	7.97901726e-02	1.32123920e-01	1.12453267e+00	6.42056510e-01	4.82476165e-01
242             	7.97622652e-02	1.32027260e-01	1.12555739e+00	6.42540960e-01	4.83016429e-01
243             	7.97313331e-02	1.31930163e-01	1.12652663e+00	6.42994646e-01	4.83531980e-01
244             	7.97016398e-02	1.31830278e-01	1.12755444e+00	6.43478861e-01	4.84075582e-01
245             	7.96693995e-02	1.31731397e-01	1.12852629e+00	6.43932544e-01	4.84593745e-01
246             	7.96371346e-02	1.31632352e-01	1.12949603e+00	6.44385150e-01	4.85110881e-01
247             	7.96049491e-02	1.31533228e-01	1.13046340e+00	6.44836650e-01	4.85626752e-01
248             	7.95740095e-02	1.31432172e-01	1.13148977e+00	6.45318896e-01	4.86170877e-01
249             	7.95397190e-02	1.31333082e-01	1.13244656e+00	6.45762999e-01	4.86683561e-01
250             	7.95034122e-02	1.31232696e-01	1.13340178e+00	6.46204300e-01	4.87197476e-01
251             	7.94649788e-02	1.31131251e-01	1.13435240e+00	6.46641179e-01	4.87711221e-01
252             	7.94242348e-02	1.31028537e-01	1.13529826e+00	6.47073366e-01	4.88224896e-01
253             	7.93810777e-02	1.30924361e-01	1.13624083e+00	6.47501492e-01	4.88739337e-01
254             	7.93358021e-02	1.30818898e-01	1.13718211e+00	6.47926858e-01	4.89255254e-01
255             	7.92890281e-02	1.30712568e-01	1.13812345e+00	6.48350753e-01	4.89772696e-01
256             	7.92414613e-02	1.30605733e-01	1.13906442e+00	6.48773672e-01	4.90290749e-01
257             	7.91936769e-02	1.30498573e-01	1.14000135e+00	6.49194351e-01	4.90806997e-01
258             	7.91459866e-02	1.30391171e-01	1.14092997e+00	6.49610974e-01	4.91319001e-01
259             	7.90983497e-02	1.30283445e-01	1.14184503e+00	6.50020865e-01	4.91824166e-01
260             	7.90503291e-02	1.30174785e-01	1.14274327e+00	6.50421965e-01	4.92321306e-01
261             	7.90014209e-02	1.30064563e-01	1.14362557e+00	6.50814205e-01	4.92811364e-01
262             	7.89510871e-02	1.29952247e-01	1.14449579e+00	6.51198983e-01	4.93296809e-01
263             	7.88989842e-02	1.29837593e-01	1.14535846e+00	6.51578216e-01	4.93780248e-01
264             	7.88450645e-02	1.29720896e-01	1.14621624e+00	6.51953186e-01	4.94263057e-01
265             	7.87891061e-02	1.29602093e-01	1.14707048e+00	6.52324346e-01	4.94746134e-01
266             	7.87310608e-02	1.29481366e-01	1.14792170e+00	6.52691909e-01	4.95229787e-01
267             	7.86713612e-02	1.29359254e-01	1.14877079e+00	6.53056759e-01	4.95714036e-01
268             	7.86104575e-02	1.29236108e-01	1.14961991e+00	6.53420413e-01	4.96199498e-01
269             	7.85525848e-02	1.29121694e-01	1.15041705e+00	6.53761108e-01	4.96655939e-01
270             	7.84930010e-02	1.29002825e-01	1.15122860e+00	6.54107300e-01	4.97121297e-01
271             	7.84276952e-02	1.28870624e-01	1.15210901e+00	6.54482199e-01	4.97626809e-01
272             	7.83676108e-02	1.28751273e-01	1.15293225e+00	6.54833735e-01	4.98098513e-01
273             	7.83023524e-02	1.28621027e-01	1.15381041e+00	6.55207560e-01	4.98602855e-01
274             	7.82382552e-02	1.28494574e-01	1.15467526e+00	6.55575886e-01	4.99099376e-01
275             	7.81758556e-02	1.28372228e-01	1.15552449e+00	6.55938102e-01	4.99586391e-01
276             	7.81202629e-02	1.28263231e-01	1.15631108e+00	6.56275804e-01	5.00035278e-01
277             	7.80589807e-02	1.28140390e-01	1.15715646e+00	6.56637208e-01	5.00519247e-01
278             	7.79978621e-02	1.28017214e-01	1.15799870e+00	6.56997211e-01	5.01001487e-01
279             	7.79415163e-02	1.27904026e-01	1.15878368e+00	6.57333354e-01	5.01450321e-01
280             	7.78772862e-02	1.27773580e-01	1.15961301e+00	6.57683791e-01	5.01929219e-01
281             	7.78124383e-02	1.27642325e-01	1.16043144e+00	6.58028157e-01	5.02403280e-01
282             	7.77536782e-02	1.27523920e-01	1.16119413e+00	6.58350744e-01	5.02843387e-01
283             	7.76896482e-02	1.27390614e-01	1.16200078e+00	6.58690040e-01	5.03310744e-01
284             	7.76265894e-02	1.27257904e-01	1.16279901e+00	6.59026096e-01	5.03772917e-01
285             	7.75650139e-02	1.27126418e-01	1.16358678e+00	6.59358406e-01	5.04228378e-01
286             	7.75054125e-02	1.26996240e-01	1.16436264e+00	6.59686732e-01	5.04675907e-01
287             	7.74487462e-02	1.26867869e-01	1.16512804e+00	6.60012768e-01	5.05115275e-01
288             	7.73956695e-02	1.26741970e-01	1.16588567e+00	6.60338503e-01	5.05547164e-01
289             	7.73458360e-02	1.26618410e-01	1.16663989e+00	6.60665782e-01	5.05974110e-01
290             	7.72985161e-02	1.26496650e-01	1.16739625e+00	6.60996643e-01	5.06399611e-01
291             	7.72525693e-02	1.26375582e-01	1.16815853e+00	6.61331837e-01	5.06826698e-01
292             	7.72062643e-02	1.26254026e-01	1.16893105e+00	6.61671787e-01	5.07259259e-01
293             	7.71584449e-02	1.26131587e-01	1.16971798e+00	6.62017433e-01	5.07700543e-01
294             	7.71090084e-02	1.26008756e-01	1.17052206e+00	6.62370040e-01	5.08152023e-01
295             	7.70585384e-02	1.25886144e-01	1.17134178e+00	6.62729427e-01	5.08612350e-01
296             	7.70077391e-02	1.25763915e-01	1.17217045e+00	6.63092966e-01	5.09077488e-01
297             	7.69568085e-02	1.25641179e-01	1.17299685e+00	6.63455234e-01	5.09541617e-01
298             	7.69054079e-02	1.25516328e-01	1.17380942e+00	6.63810120e-01	5.09999304e-01
299             	7.68532818e-02	1.25387898e-01	1.17460024e+00	6.64153399e-01	5.10446836e-01
300             	7.68007516e-02	1.25255381e-01	1.17536575e+00	6.64483625e-01	5.10882122e-01
301             	7.67483442e-02	1.25119172e-01	1.17610637e+00	6.64801529e-01	5.11304841e-01
302             	7.66966498e-02	1.24980291e-01	1.17682493e+00	6.65109113e-01	5.11715814e-01
303             	7.66464428e-02	1.24840390e-01	1.17752627e+00	6.65409576e-01	5.12116691e-01
304             	7.65981210e-02	1.24701083e-01	1.17821675e+00	6.65706495e-01	5.12510253e-01
305             	7.65517043e-02	1.24563711e-01	1.17890463e+00	6.66004022e-01	5.12900613e-01
306             	7.65072298e-02	1.24429321e-01	1.17959871e+00	6.66306583e-01	5.13292124e-01
307             	7.64641125e-02	1.24297790e-01	1.18030354e+00	6.66615881e-01	5.13687656e-01
308             	7.64242431e-02	1.24178310e-01	1.18097791e+00	6.66913200e-01	5.14064714e-01
309             	7.63798859e-02	1.24046764e-01	1.18172690e+00	6.67243334e-01	5.14483562e-01
310             	7.63349748e-02	1.23917414e-01	1.18250036e+00	6.67585153e-01	5.14915203e-01
311             	7.62897568e-02	1.23791234e-01	1.18329131e+00	6.67935414e-01	5.15355901e-01
312             	7.62437711e-02	1.23667475e-01	1.18408723e+00	6.68287388e-01	5.15799846e-01
313             	7.61957100e-02	1.23543765e-01	1.18487368e+00	6.68632549e-01	5.16241129e-01
314             	7.61440103e-02	1.23416910e-01	1.18563900e+00	6.68963508e-01	5.16675487e-01
315             	7.60874436e-02	1.23283894e-01	1.18637526e+00	6.69275076e-01	5.17100189e-01
316             	7.60242969e-02	1.23141719e-01	1.18707847e+00	6.69563533e-01	5.17514939e-01
317             	7.59537781e-02	1.22988756e-01	1.18774828e+00	6.69827916e-01	5.17920360e-01
318             	7.58768155e-02	1.22825749e-01	1.18838675e+00	6.70070191e-01	5.18316560e-01
319             	7.57963296e-02	1.22655915e-01	1.18899815e+00	6.70295407e-01	5.18702748e-01
320             	7.57161243e-02	1.22483382e-01	1.18958833e+00	6.70510290e-01	5.19078041e-01
321             	7.56387393e-02	1.22311223e-01	1.19016532e+00	6.70721399e-01	5.19443920e-01
322             	7.55655411e-02	1.22141324e-01	1.19073691e+00	6.70933998e-01	5.19802916e-01
323             	7.54972799e-02	1.21975031e-01	1.19131011e+00	6.71152333e-01	5.20157773e-01
324             	7.54339658e-02	1.21813012e-01	1.19189088e+00	6.71379404e-01	5.20511472e-01
325             	7.53743257e-02	1.21654990e-01	1.19248429e+00	6.71616471e-01	5.20867820e-01
326             	7.53171954e-02	1.21500797e-01	1.19309501e+00	6.71864698e-01	5.21230307e-01
327             	7.52615862e-02	1.21350362e-01	1.19372499e+00	6.72124081e-01	5.21600909e-01
328             	7.52069653e-02	1.21203668e-01	1.19437448e+00	6.72394204e-01	5.21980273e-01
329             	7.51524456e-02	1.21060065e-01	1.19503842e+00	6.72671654e-01	5.22366763e-01
330             	7.50976071e-02	1.20918691e-01	1.19570663e+00	6.72950922e-01	5.22755708e-01
331             	7.50420509e-02	1.20777895e-01	1.19636905e+00	6.73226578e-01	5.23142476e-01
332             	7.49854789e-02	1.20635634e-01	1.19701905e+00	6.73495003e-01	5.23524045e-01
333             	7.49266944e-02	1.20489414e-01	1.19765196e+00	6.73752675e-01	5.23899286e-01
334             	7.48702769e-02	1.20350619e-01	1.19822870e+00	6.73984625e-01	5.24244072e-01
335             	7.47994315e-02	1.20185349e-01	1.19883043e+00	6.74214646e-01	5.24615783e-01
336             	7.47222655e-02	1.20012411e-01	1.19941993e+00	6.74432232e-01	5.24987701e-01
337             	7.46477321e-02	1.19849832e-01	1.19996162e+00	6.74628543e-01	5.25333079e-01
338             	7.45589418e-02	1.19663040e-01	1.20052706e+00	6.74822470e-01	5.25704587e-01
339             	7.44678007e-02	1.19474541e-01	1.20107882e+00	6.75007213e-01	5.26071611e-01
340             	7.43756156e-02	1.19286348e-01	1.20161255e+00	6.75181892e-01	5.26430661e-01
341             	7.42833355e-02	1.19099373e-01	1.20212617e+00	6.75346422e-01	5.26779751e-01
342             	7.41919950e-02	1.18913862e-01	1.20262333e+00	6.75503661e-01	5.27119671e-01
343             	7.41029670e-02	1.18730214e-01	1.20310997e+00	6.75657950e-01	5.27452016e-01
344             	7.40185929e-02	1.18550073e-01	1.20359447e+00	6.75815827e-01	5.27778641e-01
345             	7.39408796e-02	1.18374793e-01	1.20408278e+00	6.75982271e-01	5.28100512e-01
346             	7.38732113e-02	1.18207837e-01	1.20458882e+00	6.76167619e-01	5.28421196e-01
347             	7.38164760e-02	1.18049691e-01	1.20511691e+00	6.76374932e-01	5.28741980e-01
348             	7.37633000e-02	1.17901480e-01	1.20560095e+00	6.76563774e-01	5.29037174e-01
349             	7.37180933e-02	1.17745868e-01	1.20615096e+00	6.76793576e-01	5.29357389e-01
350             	7.36644309e-02	1.17587612e-01	1.20662382e+00	6.76976340e-01	5.29647478e-01
351             	7.36188302e-02	1.17423699e-01	1.20717932e+00	6.77208489e-01	5.29970828e-01
352             	7.35715206e-02	1.17269286e-01	1.20769224e+00	6.77417641e-01	5.30274600e-01
353             	7.35475124e-02	1.17130822e-01	1.20836075e+00	6.77727888e-01	5.30632863e-01
354             	7.35397777e-02	1.17015490e-01	1.20910240e+00	6.78090977e-01	5.31011421e-01
355             	7.35471332e-02	1.16923452e-01	1.20990748e+00	6.78500875e-01	5.31406609e-01
356             	7.35648878e-02	1.16849681e-01	1.21075404e+00	6.78941905e-01	5.31812130e-01
357             	7.35843542e-02	1.16784163e-01	1.21160855e+00	6.79388631e-01	5.32219922e-01
358             	7.35952785e-02	1.16714046e-01	1.21243053e+00	6.79810543e-01	5.32619986e-01
359             	7.35869726e-02	1.16625859e-01	1.21317930e+00	6.80176623e-01	5.33002678e-01
360             	7.35508085e-02	1.16505703e-01	1.21386065e+00	6.80481135e-01	5.33379518e-01
361             	7.34785871e-02	1.16348187e-01	1.21438435e+00	6.80670761e-01	5.33713587e-01
362             	7.33703074e-02	1.16150777e-01	1.21475470e+00	6.80747659e-01	5.34007044e-01
363             	7.32289187e-02	1.15914719e-01	1.21498766e+00	6.80722747e-01	5.34264910e-01
364             	7.30608639e-02	1.15646036e-01	1.21511288e+00	6.80617302e-01	5.34495575e-01
365             	7.28757621e-02	1.15354710e-01	1.21516908e+00	6.80460303e-01	5.34708779e-01
366             	7.26868225e-02	1.15055279e-01	1.21520431e+00	6.80288977e-01	5.34915332e-01
367             	7.25081076e-02	1.14763642e-01	1.21526817e+00	6.80142191e-01	5.35125976e-01
368             	7.23518663e-02	1.14493909e-01	1.21540289e+00	6.80053311e-01	5.35349578e-01
369             	7.22233752e-02	1.14253309e-01	1.21563199e+00	6.80039372e-01	5.35592621e-01
370             	7.21248193e-02	1.14045731e-01	1.21596878e+00	6.80109210e-01	5.35859571e-01
371             	7.20545007e-02	1.13871015e-01	1.21641449e+00	6.80261745e-01	5.36152744e-01
372             	7.20083291e-02	1.13725864e-01	1.21695936e+00	6.80488008e-01	5.36471350e-01
373             	7.19801073e-02	1.13604015e-01	1.21758311e+00	6.80771661e-01	5.36811446e-01
374             	7.19620610e-02	1.13497283e-01	1.21825957e+00	6.81091846e-01	5.37167724e-01
375             	7.19471999e-02	1.13397544e-01	1.21896050e+00	6.81427449e-01	5.37533049e-01
376             	7.19353641e-02	1.13296847e-01	1.21971340e+00	6.81792065e-01	5.37921337e-01
377             	7.19111239e-02	1.13188852e-01	1.22041816e+00	6.82120205e-01	5.38297957e-01
378             	7.18685888e-02	1.13066558e-01	1.22104590e+00	6.82391537e-01	5.38654359e-01
379             	7.18082478e-02	1.12927447e-01	1.22161800e+00	6.82617248e-01	5.39000753e-01
380             	7.17210842e-02	1.12764329e-01	1.22206348e+00	6.82752826e-01	5.39310658e-01
381             	7.16092778e-02	1.12577051e-01	1.22239371e+00	6.82806135e-01	5.39587579e-01
382             	7.14781193e-02	1.12368832e-01	1.22263412e+00	6.82795180e-01	5.39838942e-01
383             	7.13347212e-02	1.12145450e-01	1.22281592e+00	6.82742682e-01	5.40073239e-01
384             	7.11837603e-02	1.11911603e-01	1.22296864e+00	6.82668080e-01	5.40300560e-01
385             	7.10308008e-02	1.11673295e-01	1.22311971e+00	6.82590655e-01	5.40529053e-01
386             	7.08832928e-02	1.11438638e-01	1.22329790e+00	6.82532242e-01	5.40765656e-01
387             	7.07466529e-02	1.11214469e-01	1.22352597e+00	6.82509638e-01	5.41016333e-01
388             	7.06238611e-02	1.11005263e-01	1.22381595e+00	6.82531834e-01	5.41284112e-01
389             	7.05218158e-02	1.10817783e-01	1.22418328e+00	6.82613456e-01	5.41569824e-01
390             	7.04375660e-02	1.10650167e-01	1.22462008e+00	6.82747606e-01	5.41872474e-01
391             	7.03624227e-02	1.10495019e-01	1.22510050e+00	6.82912673e-01	5.42187828e-01
392             	7.02902871e-02	1.10346066e-01	1.22560181e+00	6.83091190e-01	5.42510616e-01
393             	7.02197748e-02	1.10200761e-01	1.22611085e+00	6.83275199e-01	5.42835649e-01
394             	7.01417540e-02	1.10051114e-01	1.22660201e+00	6.83442759e-01	5.43159251e-01
395             	7.00461418e-02	1.09888286e-01	1.22704757e+00	6.83569926e-01	5.43477643e-01
396             	6.99249818e-02	1.09698933e-01	1.22744399e+00	6.83646976e-01	5.43797012e-01
397             	6.97986654e-02	1.09507326e-01	1.22779819e+00	6.83697762e-01	5.44100432e-01
398             	6.96731562e-02	1.09318183e-01	1.22812026e+00	6.83733288e-01	5.44386976e-01
399             	6.95619832e-02	1.09147070e-01	1.22842602e+00	6.83774993e-01	5.44651027e-01
400             	6.94562310e-02	1.08973190e-01	1.22874116e+00	6.83826809e-01	5.44914347e-01
401             	6.93729693e-02	1.08818394e-01	1.22908995e+00	6.83917947e-01	5.45172008e-01
402             	6.93114827e-02	1.08683542e-01	1.22948163e+00	6.84052296e-01	5.45429330e-01
403             	6.92650423e-02	1.08564377e-01	1.22991397e+00	6.84222026e-01	5.45691941e-01
404             	6.92292028e-02	1.08462398e-01	1.23037043e+00	6.84414416e-01	5.45956011e-01
405             	6.91891258e-02	1.08359065e-01	1.23084728e+00	6.84612766e-01	5.46234515e-01
406             	6.91371779e-02	1.08248540e-01	1.23133389e+00	6.84804122e-01	5.46529766e-01
407             	6.90694138e-02	1.08128156e-01	1.23182108e+00	6.84979953e-01	5.46841125e-01
408             	6.89829714e-02	1.07996110e-01	1.23229761e+00	6.85131779e-01	5.47165836e-01
409             	6.88720317e-02	1.07847856e-01	1.23274439e+00	6.85244224e-01	5.47500161e-01
410             	6.87297903e-02	1.07677547e-01	1.23313930e+00	6.85299442e-01	5.47839861e-01
411             	6.85526012e-02	1.07481531e-01	1.23346725e+00	6.85286225e-01	5.48181023e-01
412             	6.83413595e-02	1.07259888e-01	1.23372400e+00	6.85203357e-01	5.48520638e-01
413             	6.80988433e-02	1.07014305e-01	1.23391155e+00	6.85054621e-01	5.48856934e-01
414             	6.78270702e-02	1.06745824e-01	1.23403326e+00	6.84843701e-01	5.49189561e-01
415             	6.75290961e-02	1.06456380e-01	1.23409558e+00	6.84576884e-01	5.49518692e-01
416             	6.72089856e-02	1.06148896e-01	1.23410703e+00	6.84262503e-01	5.49844532e-01
417             	6.68670765e-02	1.05823776e-01	1.23407018e+00	6.83902165e-01	5.50168012e-01
418             	6.65026386e-02	1.05481005e-01	1.23398647e+00	6.83495874e-01	5.50490597e-01
419             	6.61153010e-02	1.05121161e-01	1.23385836e+00	6.83044481e-01	5.50813879e-01
420             	6.57058938e-02	1.04745847e-01	1.23369027e+00	6.82551029e-01	5.51139241e-01
421             	6.52794693e-02	1.04359918e-01	1.23349389e+00	6.82026414e-01	5.51467476e-01
422             	6.48402532e-02	1.03967530e-01	1.23327996e+00	6.81480234e-01	5.51799727e-01
423             	6.43907892e-02	1.03571430e-01	1.23305634e+00	6.80918958e-01	5.52137380e-01
424             	6.39326713e-02	1.03173462e-01	1.23282919e+00	6.80347266e-01	5.52481924e-01
425             	6.34670490e-02	1.02774874e-01	1.23260255e+00	6.79768324e-01	5.52834226e-01
426             	6.29937627e-02	1.02375481e-01	1.23237641e+00	6.79181969e-01	5.53194444e-01
427             	6.25141478e-02	1.01975769e-01	1.23215179e+00	6.78590041e-01	5.53561745e-01
428             	6.20271452e-02	1.01574088e-01	1.23192413e+00	6.77989211e-01	5.53934920e-01
429             	6.15286926e-02	1.01166373e-01	1.23168319e+00	6.77370289e-01	5.54312904e-01
430             	6.10146408e-02	1.00748593e-01	1.23141846e+00	6.76723869e-01	5.54694587e-01
431             	6.04816380e-02	1.00317526e-01	1.23112073e+00	6.76042004e-01	5.55078728e-01
432             	5.99276855e-02	9.98711692e-02	1.23078379e+00	6.75319578e-01	5.55464207e-01
433             	5.93512409e-02	9.94079259e-02	1.23040250e+00	6.74552489e-01	5.55850007e-01
434             	5.87533591e-02	9.89284552e-02	1.22997699e+00	6.73741853e-01	5.56235135e-01
435             	5.81079825e-02	9.84098208e-02	1.22948252e+00	6.72849240e-01	5.56633275e-01
436             	5.74683998e-02	9.78977176e-02	1.22898247e+00	6.71959633e-01	5.57022833e-01
437             	5.68427669e-02	9.73985561e-02	1.22849253e+00	6.71089032e-01	5.57403498e-01
438             	5.62328046e-02	9.69134251e-02	1.22802057e+00	6.70243091e-01	5.57777482e-01
439             	5.56362943e-02	9.64403971e-02	1.22756969e+00	6.69421141e-01	5.58148552e-01
440             	5.50475971e-02	9.59750281e-02	1.22713614e+00	6.68615667e-01	5.58520473e-01
441             	5.44560841e-02	9.55088309e-02	1.22670460e+00	6.67808383e-01	5.58896215e-01
442             	5.38514046e-02	9.50335695e-02	1.22625757e+00	6.66980187e-01	5.59277378e-01
443             	5.32289919e-02	9.45458208e-02	1.22578721e+00	6.66122599e-01	5.59664615e-01
444             	5.25636633e-02	9.40280065e-02	1.22527150e+00	6.65199412e-01	5.60072086e-01
445             	5.19021692e-02	9.35150389e-02	1.22475785e+00	6.64281096e-01	5.60476758e-01
446             	5.12470190e-02	9.30078961e-02	1.22424981e+00	6.63371922e-01	5.60877884e-01
447             	5.05965082e-02	9.25038577e-02	1.22374379e+00	6.62468404e-01	5.61275388e-01
448             	4.99472585e-02	9.19990336e-02	1.22323361e+00	6.61564062e-01	5.61669545e-01
449             	4.92952953e-02	9.14894015e-02	1.22271198e+00	6.60651286e-01	5.62060695e-01
450             	4.86105696e-02	9.09493569e-02	1.22214180e+00	6.59681467e-01	5.62460328e-01
451             	4.79582037e-02	9.04345617e-02	1.22159997e+00	6.58758189e-01	5.62841781e-01
452             	4.72778695e-02	8.98936323e-02	1.22101693e+00	6.57786337e-01	5.63230598e-01
453             	4.66347510e-02	8.93823735e-02	1.22047386e+00	6.56871680e-01	5.63602178e-01
454             	4.59949405e-02	8.88716419e-02	1.21993239e+00	6.55961136e-01	5.63971255e-01
455             	4.53583330e-02	8.83615305e-02	1.21939424e+00	6.55055453e-01	5.64338787e-01
456             	4.47265880e-02	8.78535588e-02	1.21886183e+00	6.54157501e-01	5.64704325e-01
457             	4.41016475e-02	8.73491086e-02	1.21833686e+00	6.53270077e-01	5.65066782e-01
458             	4.34888905e-02	8.68524489e-02	1.21782670e+00	6.52402242e-01	5.65424461e-01
459             	4.28931451e-02	8.63670304e-02	1.21733905e+00	6.51562670e-01	5.65776380e-01
460             	4.23201465e-02	8.58969308e-02	1.21688408e+00	6.50762188e-01	5.66121895e-01
461             	4.17746490e-02	8.54457777e-02	1.21647152e+00	6.50010410e-01	5.66461112e-01
462             	4.12596750e-02	8.50154966e-02	1.21610845e+00	6.49313901e-01	5.66794551e-01
463             	4.07767315e-02	8.46068472e-02	1.21579933e+00	6.48676396e-01	5.67122933e-01
464             	4.03266327e-02	8.42201167e-02	1.21554708e+00	6.48100172e-01	5.67446907e-01
465             	3.99091468e-02	8.38548668e-02	1.21535218e+00	6.47585237e-01	5.67766943e-01
466             	3.95225881e-02	8.35095940e-02	1.21521161e+00	6.47128392e-01	5.68083215e-01
467             	3.91639774e-02	8.31818128e-02	1.21511925e+00	6.46723600e-01	5.68395645e-01
468             	3.88311954e-02	8.28698024e-02	1.21506991e+00	6.46366150e-01	5.68703759e-01
469             	3.85377920e-02	8.25849273e-02	1.21506663e+00	6.46071107e-01	5.68995523e-01
470             	3.82622536e-02	8.23082785e-02	1.21509811e+00	6.45811311e-01	5.69286804e-01
471             	3.80064586e-02	8.20414285e-02	1.21516612e+00	6.45589517e-01	5.69576600e-01
472             	3.77742786e-02	8.17879143e-02	1.21527462e+00	6.45411588e-01	5.69863030e-01
473             	3.75703224e-02	8.15518879e-02	1.21542822e+00	6.45284433e-01	5.70143789e-01
474             	3.73986543e-02	8.13368508e-02	1.21563116e+00	6.45214236e-01	5.70416928e-01
475             	3.72634635e-02	8.11462431e-02	1.21588888e+00	6.45207905e-01	5.70680978e-01
476             	3.71772948e-02	8.09947427e-02	1.21620565e+00	6.45280122e-01	5.70925533e-01
477             	3.71290834e-02	8.08667579e-02	1.21658636e+00	6.45422266e-01	5.71164099e-01
478             	3.71190694e-02	8.07624636e-02	1.21703472e+00	6.45636430e-01	5.71398292e-01
479             	3.71471278e-02	8.06823654e-02	1.21755224e+00	6.45923250e-01	5.71628994e-01
480             	3.72128070e-02	8.06271051e-02	1.21813874e+00	6.46282177e-01	5.71856563e-01
481             	3.73153367e-02	8.05970961e-02	1.21879256e+00	6.46711619e-01	5.72080945e-01
482             	3.74531044e-02	8.05918034e-02	1.21950975e+00	6.47207979e-01	5.72301770e-01
483             	3.76242289e-02	8.06101063e-02	1.22028533e+00	6.47766893e-01	5.72518435e-01
484             	3.78266735e-02	8.06505692e-02	1.22111422e+00	6.48383786e-01	5.72730439e-01
485             	3.80588402e-02	8.07119382e-02	1.22199239e+00	6.49055035e-01	5.72937355e-01
486             	3.83189357e-02	8.07925477e-02	1.22291540e+00	6.49776635e-01	5.73138763e-01
487             	3.86052360e-02	8.08908263e-02	1.22387913e+00	6.50544803e-01	5.73334331e-01
488             	3.89161232e-02	8.10054370e-02	1.22488025e+00	6.51356250e-01	5.73524004e-01
489             	3.92505157e-02	8.11356148e-02	1.22591689e+00	6.52208962e-01	5.73707931e-01
490             	3.96079725e-02	8.12811577e-02	1.22698853e+00	6.53102238e-01	5.73886293e-01
491             	3.99878444e-02	8.14418055e-02	1.22809441e+00	6.54035047e-01	5.74059358e-01
492             	4.03893806e-02	8.16173356e-02	1.22923390e+00	6.55006330e-01	5.74227569e-01
493             	4.08130907e-02	8.18085116e-02	1.23040878e+00	6.56017479e-01	5.74391297e-01
494             	4.12782881e-02	8.20245046e-02	1.23167494e+00	6.57115759e-01	5.74559182e-01
495             	4.17616511e-02	8.22573944e-02	1.23296593e+00	6.58244615e-01	5.74721312e-01
496             	4.22404242e-02	8.24955692e-02	1.23422124e+00	6.59351045e-01	5.74870197e-01
497             	4.27663648e-02	8.27639221e-02	1.23557971e+00	6.60556220e-01	5.75023490e-01
498             	4.33115785e-02	8.30489048e-02	1.23697035e+00	6.61796754e-01	5.75173597e-01
499             	4.38731050e-02	8.33478496e-02	1.23838942e+00	6.63067816e-01	5.75321606e-01
500             	4.44488410e-02	8.36588474e-02	1.23983499e+00	6.64366336e-01	5.75468654e-01
501             	4.50380748e-02	8.39811274e-02	1.24130755e+00	6.65691847e-01	5.75615698e-01
502             	4.56405706e-02	8.43144658e-02	1.24280816e+00	6.67044651e-01	5.75763510e-01
503             	4.62535115e-02	8.46564230e-02	1.24433272e+00	6.68419871e-01	5.75912848e-01
504             	4.68710938e-02	8.50020203e-02	1.24587065e+00	6.69806419e-01	5.76064232e-01
505             	4.74903230e-02	8.53490325e-02	1.24741595e+00	6.71198298e-01	5.76217652e-01
506             	4.81110802e-02	8.56981074e-02	1.24896776e+00	6.72594960e-01	5.76372800e-01
507             	4.87352854e-02	8.60518508e-02	1.25052878e+00	6.73999678e-01	5.76529107e-01
508             	4.93613781e-02	8.64090735e-02	1.25209503e+00	6.75408893e-01	5.76686137e-01
509             	4.99823088e-02	8.67629557e-02	1.25365274e+00	6.76808677e-01	5.76844059e-01
510             	5.05936728e-02	8.71094514e-02	1.25519327e+00	6.78190306e-01	5.77002961e-01
511             	5.11633776e-02	8.74279724e-02	1.25663886e+00	6.79482810e-01	5.77156055e-01
512             	5.17364459e-02	8.77476434e-02	1.25809613e+00	6.80784510e-01	5.77311618e-01
513             	5.23528389e-02	8.80965645e-02	1.25966043e+00	6.82183055e-01	5.77477377e-01
514             	5.29276255e-02	8.84196773e-02	1.26113255e+00	6.83493899e-01	5.77638648e-01
515             	5.34920834e-02	8.87340712e-02	1.26259226e+00	6.84788214e-01	5.77804047e-01
516             	5.40444869e-02	8.90382951e-02	1.26403701e+00	6.86062993e-01	5.77974019e-01
517             	5.45883207e-02	8.93359346e-02	1.26547316e+00	6.87324901e-01	5.78148260e-01
518             	5.51306031e-02	8.96339102e-02	1.26691323e+00	6.88587218e-01	5.78326012e-01
519             	5.56765166e-02	8.99370655e-02	1.26836628e+00	6.89859654e-01	5.78506621e-01
520             	5.62148608e-02	9.02344944e-02	1.26981044e+00	6.91120080e-01	5.78690359e-01
521             	5.67417921e-02	9.05223255e-02	1.27123781e+00	6.92360699e-01	5.78877115e-01
522             	5.72608398e-02	9.08039066e-02	1.27265458e+00	6.93588130e-01	5.79066451e-01
523             	5.77447219e-02	9.10623928e-02	1.27398390e+00	6.94736673e-01	5.79247229e-01
524             	5.82480664e-02	9.13351596e-02	1.27536106e+00	6.95928594e-01	5.79432461e-01
525             	5.88089641e-02	9.16482312e-02	1.27688625e+00	6.97252090e-01	5.79634162e-01
526             	5.93686158e-02	9.19608910e-02	1.27841405e+00	6.98575639e-01	5.79838408e-01
527             	5.98825494e-02	9.22412368e-02	1.27983035e+00	6.99797723e-01	5.80032624e-01
528             	6.04018694e-02	9.25220838e-02	1.28126587e+00	7.01034804e-01	5.80231066e-01
529             	6.09341840e-02	9.28101954e-02	1.28273529e+00	7.02301827e-01	5.80433459e-01
530             	6.14870316e-02	9.31132772e-02	1.28425201e+00	7.03613034e-01	5.80638971e-01
531             	6.20568807e-02	9.34288911e-02	1.28580855e+00	7.04961158e-01	5.80847396e-01
532             	6.26304315e-02	9.37453809e-02	1.28737902e+00	7.06319942e-01	5.81059079e-01
533             	6.31970287e-02	9.40536208e-02	1.28894176e+00	7.07667911e-01	5.81273853e-01
534             	6.37526021e-02	9.43503528e-02	1.29048699e+00	7.08996098e-01	5.81490894e-01
535             	6.42972866e-02	9.46359070e-02	1.29201280e+00	7.10303684e-01	5.81709111e-01
536             	6.48326472e-02	9.49115849e-02	1.29351996e+00	7.11592625e-01	5.81927331e-01
537             	6.53616424e-02	9.51797962e-02	1.29501221e+00	7.12867749e-01	5.82144464e-01
538             	6.58885049e-02	9.54439316e-02	1.29649668e+00	7.14136845e-01	5.82359836e-01
539             	6.64185170e-02	9.57083256e-02	1.29798343e+00	7.15410230e-01	5.82573196e-01
540             	6.69578996e-02	9.59784216e-02	1.29948476e+00	7.16700277e-01	5.82784478e-01
541             	6.75120500e-02	9.62591647e-02	1.30101201e+00	7.18018055e-01	5.82993955e-01
542             	6.80848324e-02	9.65542324e-02	1.30257422e+00	7.19371942e-01	5.83202277e-01
543             	6.86780585e-02	9.68654607e-02	1.30417714e+00	7.20766629e-01	5.83410512e-01
544             	6.93410576e-02	9.72267573e-02	1.30594866e+00	7.22315386e-01	5.83633271e-01
545             	7.00080066e-02	9.75962775e-02	1.30772566e+00	7.23870837e-01	5.83854823e-01
546             	7.06753925e-02	9.79706698e-02	1.30950121e+00	7.25425998e-01	5.84075213e-01
547             	7.13420237e-02	9.83476847e-02	1.31127338e+00	7.26978713e-01	5.84294665e-01
548             	7.20083146e-02	9.87263347e-02	1.31304354e+00	7.28530084e-01	5.84513454e-01
549             	7.26742653e-02	9.91053216e-02	1.31481263e+00	7.30080583e-01	5.84732052e-01
550             	7.33400622e-02	9.94835130e-02	1.31658229e+00	7.31631205e-01	5.84951081e-01
551             	7.40060056e-02	9.98601704e-02	1.31835404e+00	7.33183023e-01	5.85171012e-01
552             	7.46722396e-02	1.00234789e-01	1.32012849e+00	7.34736483e-01	5.85392004e-01
553             	7.53390162e-02	1.00607362e-01	1.32190615e+00	7.36292092e-01	5.85614060e-01
554             	7.60062477e-02	1.00978211e-01	1.32368662e+00	7.37849557e-01	5.85837061e-01
555             	7.66734960e-02	1.01347832e-01	1.32546853e+00	7.39407763e-01	5.86060771e-01
556             	7.73399952e-02	1.01716618e-01	1.32724976e+00	7.40964873e-01	5.86284883e-01
557             	7.80045833e-02	1.02084545e-01	1.32902744e+00	7.42518305e-01	5.86509138e-01
558             	7.86225950e-02	1.02422258e-01	1.33068482e+00	7.43965006e-01	5.86719816e-01
559             	7.92956328e-02	1.02796810e-01	1.33248866e+00	7.45539963e-01	5.86948698e-01
560             	7.99207271e-02	1.03141351e-01	1.33417190e+00	7.47006679e-01	5.87165225e-01
561             	8.05536483e-02	1.03492038e-01	1.33588135e+00	7.48494325e-01	5.87387029e-01
562             	8.11929050e-02	1.03848457e-01	1.33761479e+00	7.50000299e-01	5.87614489e-01
563             	8.18809936e-02	1.04240582e-01	1.33948681e+00	7.51624398e-01	5.87862411e-01
564             	8.25081137e-02	1.04595547e-01	1.34120828e+00	7.53112252e-01	5.88096025e-01
565             	8.31286749e-02	1.04948616e-01	1.34292327e+00	7.54590312e-01	5.88332962e-01
566             	8.37396343e-02	1.05297154e-01	1.34462490e+00	7.56052083e-01	5.88572814e-01
567             	8.43384718e-02	1.05638883e-01	1.34630703e+00	7.57491985e-01	5.88815041e-01
568             	8.49231831e-02	1.05972099e-01	1.34796415e+00	7.58905256e-01	5.89058890e-01
569             	8.54922694e-02	1.06295400e-01	1.34959171e+00	7.60288125e-01	5.89303586e-01
570             	8.60444859e-02	1.06607535e-01	1.35118564e+00	7.61637305e-01	5.89548333e-01
571             	8.65792851e-02	1.06907730e-01	1.35274330e+00	7.62950934e-01	5.89792364e-01
572             	8.70970365e-02	1.07196155e-01	1.35426443e+00	7.64229252e-01	5.90035179e-01
573             	8.75990711e-02	1.07473937e-01	1.35575151e+00	7.65474826e-01	5.90276684e-01
574             	8.80873053e-02	1.07742604e-01	1.35720886e+00	7.66691735e-01	5.90517124e-01
575             	8.85638203e-02	1.08003850e-01	1.35864159e+00	7.67884614e-01	5.90756973e-01
576             	8.90308611e-02	1.08259595e-01	1.36005563e+00	7.69058674e-01	5.90996952e-01
577             	8.94897986e-02	1.08510980e-01	1.36145507e+00	7.70217336e-01	5.91237738e-01
578             	8.99404094e-02	1.08757430e-01	1.36284002e+00	7.71360419e-01	5.91479600e-01
579             	9.03819585e-02	1.08997878e-01	1.36420934e+00	7.72486628e-01	5.91722711e-01
580             	9.08144449e-02	1.09231946e-01	1.36556356e+00	7.73596222e-01	5.91967333e-01
581             	9.12380716e-02	1.09459750e-01	1.36690345e+00	7.74689796e-01	5.92213653e-01
582             	9.16534101e-02	1.09681813e-01	1.36823053e+00	7.75768675e-01	5.92461854e-01
583             	9.20610034e-02	1.09898699e-01	1.36954613e+00	7.76834069e-01	5.92712062e-01
584             	9.24608446e-02	1.10110715e-01	1.37084961e+00	7.77885649e-01	5.92963959e-01
585             	9.28531256e-02	1.10318271e-01	1.37214063e+00	7.78923440e-01	5.93217189e-01
586             	9.32384393e-02	1.10521914e-01	1.37341991e+00	7.79948395e-01	5.93471516e-01
587             	9.36167109e-02	1.10721721e-01	1.37468617e+00	7.80959796e-01	5.93726374e-01
588             	9.39882220e-02	1.10917989e-01	1.37593965e+00	7.81958048e-01	5.93981604e-01
589             	9.43536159e-02	1.11111522e-01	1.37718173e+00	7.82944483e-01	5.94237251e-01
590             	9.47130662e-02	1.11302619e-01	1.37841268e+00	7.83919404e-01	5.94493272e-01
591             	9.50389248e-02	1.11475632e-01	1.37954726e+00	7.84812555e-01	5.94734705e-01
592             	9.53937921e-02	1.11664865e-01	1.38077878e+00	7.85783181e-01	5.94995597e-01
593             	9.57458692e-02	1.11853953e-01	1.38200872e+00	7.86750231e-01	5.95258493e-01
594             	9.60935492e-02	1.12041921e-01	1.38323192e+00	7.87709508e-01	5.95522410e-01
595             	9.64345079e-02	1.12226856e-01	1.38444147e+00	7.88655242e-01	5.95786226e-01
596             	9.67390663e-02	1.12390563e-01	1.38554521e+00	7.89511674e-01	5.96033541e-01
597             	9.70672025e-02	1.12565686e-01	1.38673327e+00	7.90433835e-01	5.96299430e-01
598             	9.73880748e-02	1.12735797e-01	1.38790784e+00	7.91341997e-01	5.96565847e-01
599             	9.77003985e-02	1.12900188e-01	1.38906442e+00	7.92232607e-01	5.96831810e-01
600             	9.79773780e-02	1.13043250e-01	1.39011675e+00	7.93035751e-01	5.97080995e-01
601             	9.82758284e-02	1.13195778e-01	1.39124878e+00	7.93900216e-01	5.97348559e-01
602             	9.85415055e-02	1.13328968e-01	1.39228311e+00	7.94683060e-01	5.97600049e-01
603             	9.88299748e-02	1.13473154e-01	1.39340126e+00	7.95530606e-01	5.97870656e-01
604             	9.91127072e-02	1.13614560e-01	1.39450780e+00	7.96366608e-01	5.98141193e-01
605             	9.93887338e-02	1.13753069e-01	1.39559863e+00	7.97188046e-01	5.98410579e-01
606             	9.96331169e-02	1.13874402e-01	1.39659078e+00	7.97928505e-01	5.98662271e-01
607             	9.98987188e-02	1.14006826e-01	1.39766219e+00	7.98729814e-01	5.98932377e-01
608             	1.00158550e-01	1.14136679e-01	1.39872144e+00	7.99519269e-01	5.99202169e-01
609             	1.00388537e-01	1.14250245e-01	1.39968704e+00	8.00232057e-01	5.99454983e-01
610             	1.00638872e-01	1.14374360e-01	1.40073110e+00	8.01004422e-01	5.99726677e-01
611             	1.00882928e-01	1.14495311e-01	1.40176231e+00	8.01764084e-01	5.99998228e-01
612             	1.01119577e-01	1.14612278e-01	1.40277685e+00	8.02508003e-01	6.00268849e-01
613             	1.01326464e-01	1.14712198e-01	1.40369749e+00	8.03175208e-01	6.00522280e-01
614             	1.01549995e-01	1.14818990e-01	1.40468835e+00	8.03894169e-01	6.00794180e-01
615             	1.01766076e-01	1.14920440e-01	1.40566343e+00	8.04597791e-01	6.01065639e-01
616             	1.01974304e-01	1.15016301e-01	1.40662030e+00	8.05284455e-01	6.01335847e-01
617             	1.02154874e-01	1.15095888e-01	1.40748718e+00	8.05898463e-01	6.01588716e-01
618             	1.02349837e-01	1.15179456e-01	1.40841899e+00	8.06559329e-01	6.01859656e-01
619             	1.02538042e-01	1.15257659e-01	1.40933652e+00	8.07206302e-01	6.02130219e-01
620             	1.02718922e-01	1.15330291e-01	1.41023723e+00	8.07837537e-01	6.02399693e-01
621             	1.02891988e-01	1.15397091e-01	1.41111922e+00	8.08451597e-01	6.02667621e-01
622             	1.03057411e-01	1.15458352e-01	1.41198284e+00	8.09048830e-01	6.02934009e-01
623             	1.03215958e-01	1.15514794e-01	1.41283056e+00	8.09631240e-01	6.03199324e-01
624             	1.03352753e-01	1.15559959e-01	1.41360375e+00	8.10154628e-01	6.03449122e-01
625             	1.03503120e-01	1.15608676e-01	1.41444346e+00	8.10724852e-01	6.03718611e-01
626             	1.03649716e-01	1.15655098e-01	1.41527885e+00	8.11289142e-01	6.03989710e-01
627             	1.03791374e-01	1.15698622e-01	1.41610557e+00	8.11844160e-01	6.04261411e-01
628             	1.03926668e-01	1.15738061e-01	1.41691901e+00	8.12386172e-01	6.04532836e-01
629             	1.04040963e-01	1.15766912e-01	1.41765813e+00	8.12870026e-01	6.04788101e-01
630             	1.04164032e-01	1.15795451e-01	1.41845262e+00	8.13390341e-01	6.05062277e-01
631             	1.04280412e-01	1.15818856e-01	1.41923351e+00	8.13897170e-01	6.05336345e-01
632             	1.04377222e-01	1.15832485e-01	1.41994211e+00	8.14348276e-01	6.05593832e-01
633             	1.04481272e-01	1.15844277e-01	1.42070249e+00	8.14832518e-01	6.05869974e-01
634             	1.04566409e-01	1.15846890e-01	1.42139221e+00	8.15262514e-01	6.06129697e-01
635             	1.04656910e-01	1.15846175e-01	1.42212980e+00	8.15721808e-01	6.06407988e-01
636             	1.04728580e-01	1.15836853e-01	1.42279513e+00	8.16126144e-01	6.06668983e-01
637             	1.04804100e-01	1.15823336e-01	1.42350377e+00	8.16555984e-01	6.06947784e-01
638             	1.04861765e-01	1.15802562e-01	1.42414051e+00	8.16932018e-01	6.07208488e-01
639             	1.04913368e-01	1.15775967e-01	1.42476808e+00	8.17297409e-01	6.07470673e-01
640             	1.04969005e-01	1.15745732e-01	1.42544001e+00	8.17689010e-01	6.07751000e-01
641             	1.05009568e-01	1.15711295e-01	1.42604450e+00	8.18031818e-01	6.08012682e-01
642             	1.05044721e-01	1.15672346e-01	1.42663960e+00	8.18364521e-01	6.08275078e-01
643             	1.05074544e-01	1.15628852e-01	1.42722681e+00	8.18687947e-01	6.08538859e-01
644             	1.05106715e-01	1.15581298e-01	1.42785424e+00	8.19033836e-01	6.08820406e-01
645             	1.05125026e-01	1.15531069e-01	1.42841517e+00	8.19332612e-01	6.09082560e-01
646             	1.05136856e-01	1.15475981e-01	1.42896320e+00	8.19618456e-01	6.09344743e-01
647             	1.05142135e-01	1.15415665e-01	1.42949950e+00	8.19891885e-01	6.09607615e-01
648             	1.05141045e-01	1.15350130e-01	1.43002510e+00	8.20153593e-01	6.09871504e-01
649             	1.05133955e-01	1.15279541e-01	1.43054082e+00	8.20404365e-01	6.10136455e-01
650             	1.05121353e-01	1.15204268e-01	1.43104696e+00	8.20644830e-01	6.10402125e-01
651             	1.05103822e-01	1.15124802e-01	1.43154370e+00	8.20875673e-01	6.10668030e-01
652             	1.05081916e-01	1.15041642e-01	1.43203119e+00	8.21097510e-01	6.10933678e-01
653             	1.05056078e-01	1.14955158e-01	1.43250945e+00	8.21310802e-01	6.11198646e-01
654             	1.05026383e-01	1.14865380e-01	1.43297783e+00	8.21515300e-01	6.11462535e-01
655             	1.04992917e-01	1.14772310e-01	1.43343629e+00	8.21711061e-01	6.11725227e-01
656             	1.04955782e-01	1.14675961e-01	1.43388521e+00	8.21898385e-01	6.11986821e-01
657             	1.04915126e-01	1.14576441e-01	1.43432527e+00	8.22077759e-01	6.12247507e-01
658             	1.04871286e-01	1.14474108e-01	1.43475761e+00	8.22250091e-01	6.12507520e-01
659             	1.04824479e-01	1.14369282e-01	1.43518316e+00	8.22416059e-01	6.12767102e-01
660             	1.04774786e-01	1.14262155e-01	1.43560240e+00	8.22575987e-01	6.13026415e-01
661             	1.04722147e-01	1.14152747e-01	1.43601553e+00	8.22729913e-01	6.13285619e-01
662             	1.04666645e-01	1.14041151e-01	1.43642297e+00	8.22878132e-01	6.13544842e-01
663             	1.04608367e-01	1.13927449e-01	1.43682496e+00	8.23020850e-01	6.13804115e-01
664             	1.04547212e-01	1.13811526e-01	1.43722121e+00	8.23157815e-01	6.14063391e-01
665             	1.04482979e-01	1.13693153e-01	1.43761111e+00	8.23288536e-01	6.14322578e-01
666             	1.04415358e-01	1.13571946e-01	1.43799374e+00	8.23412226e-01	6.14581510e-01
667             	1.04344252e-01	1.13447736e-01	1.43836832e+00	8.23528413e-01	6.14839909e-01
668             	1.04269801e-01	1.13320652e-01	1.43873444e+00	8.23637020e-01	6.15097419e-01
669             	1.04193178e-01	1.13195905e-01	1.43905800e+00	8.23722179e-01	6.15335823e-01
670             	1.04110350e-01	1.13059225e-01	1.43941555e+00	8.23818124e-01	6.15597425e-01
671             	1.04024994e-01	1.12920455e-01	1.43976753e+00	8.23908758e-01	6.15858770e-01
672             	1.03939710e-01	1.12786676e-01	1.44008059e+00	8.23980003e-01	6.16100583e-01
673             	1.03850745e-01	1.12648172e-01	1.44039428e+00	8.24047885e-01	6.16346394e-01
674             	1.03755791e-01	1.12498433e-01	1.44074180e+00	8.24126693e-01	6.16615111e-01
675             	1.03662763e-01	1.12356202e-01	1.44105087e+00	8.24188196e-01	6.16862670e-01
676             	1.03566975e-01	1.12210805e-01	1.44135933e+00	8.24246642e-01	6.17112692e-01
677             	1.03468543e-01	1.12062383e-01	1.44166712e+00	8.24302105e-01	6.17365019e-01
678             	1.03367979e-01	1.11911674e-01	1.44197400e+00	8.24354977e-01	6.17619019e-01
679             	1.03266018e-01	1.11759769e-01	1.44227919e+00	8.24405615e-01	6.17873578e-01
680             	1.03162982e-01	1.11607233e-01	1.44258174e+00	8.24453851e-01	6.18127887e-01
681             	1.03058766e-01	1.11454109e-01	1.44288031e+00	8.24498921e-01	6.18381388e-01
682             	1.02953094e-01	1.11300202e-01	1.44317324e+00	8.24539715e-01	6.18633527e-01
683             	1.02845517e-01	1.11145079e-01	1.44345884e+00	8.24574938e-01	6.18883904e-01
684             	1.02735581e-01	1.10988292e-01	1.44373543e+00	8.24603297e-01	6.19132135e-01
685             	1.02622867e-01	1.10829382e-01	1.44400208e+00	8.24623906e-01	6.19378172e-01
686             	1.02507057e-01	1.10667954e-01	1.44425866e+00	8.24636385e-01	6.19622271e-01
687             	1.02388080e-01	1.10503891e-01	1.44450550e+00	8.24640830e-01	6.19864670e-01
688             	1.02266039e-01	1.10337266e-01	1.44474350e+00	8.24637789e-01	6.20105711e-01
689             	1.02141033e-01	1.10168151e-01	1.44497379e+00	8.24627930e-01	6.20345863e-01
690             	1.02013180e-01	1.09996641e-01	1.44519780e+00	8.24612080e-01	6.20585719e-01
691             	1.01882748e-01	1.09822979e-01	1.44541708e+00	8.24591288e-01	6.20825792e-01
692             	1.01750001e-01	1.09647449e-01	1.44563237e+00	8.24566186e-01	6.21066185e-01
693             	1.01615131e-01	1.09470293e-01	1.44584360e+00	8.24536932e-01	6.21306670e-01
694             	1.01487535e-01	1.09305721e-01	1.44603653e+00	8.24505798e-01	6.21530728e-01
695             	1.01344968e-01	1.09119998e-01	1.44624166e+00	8.24465800e-01	6.21775864e-01
696             	1.01200231e-01	1.08932716e-01	1.44644357e+00	8.24422018e-01	6.22021555e-01
697             	1.01054454e-01	1.08745491e-01	1.44664081e+00	8.24374861e-01	6.22265953e-01
698             	1.00907960e-01	1.08558753e-01	1.44683193e+00	8.24323925e-01	6.22508005e-01
699             	1.00760794e-01	1.08372427e-01	1.44701569e+00	8.24268637e-01	6.22747049e-01
700             	1.00612572e-01	1.08185806e-01	1.44719164e+00	8.24208390e-01	6.22983246e-01
701             	1.00473679e-01	1.08013326e-01	1.44735013e+00	8.24148744e-01	6.23201385e-01
702             	1.00317780e-01	1.07817730e-01	1.44751417e+00	8.24074865e-01	6.23439306e-01
703             	1.00159293e-01	1.07619748e-01	1.44767354e+00	8.23996063e-01	6.23677476e-01
704             	1.00010869e-01	1.07436997e-01	1.44781908e+00	8.23920408e-01	6.23898670e-01
705             	9.98449989e-02	1.07231533e-01	1.44796806e+00	8.23829031e-01	6.24139033e-01
706             	9.96773350e-02	1.07025370e-01	1.44811095e+00	8.23732811e-01	6.24378141e-01
707             	9.95216001e-02	1.06836807e-01	1.44824049e+00	8.23641847e-01	6.24598646e-01
708             	9.93489030e-02	1.06626380e-01	1.44837164e+00	8.23534724e-01	6.24836918e-01
709             	9.91887569e-02	1.06433806e-01	1.44849185e+00	8.23434680e-01	6.25057167e-01
710             	9.90114227e-02	1.06219067e-01	1.44861303e+00	8.23317940e-01	6.25295095e-01
711             	9.88473675e-02	1.06022888e-01	1.44872393e+00	8.23209333e-01	6.25514598e-01
712             	9.86660362e-02	1.05804601e-01	1.44883448e+00	8.23083275e-01	6.25751203e-01
713             	9.84989202e-02	1.05605874e-01	1.44893592e+00	8.22966880e-01	6.25969039e-01
714             	9.83149404e-02	1.05385616e-01	1.44903665e+00	8.22833267e-01	6.26203386e-01
715             	9.81459722e-02	1.05185697e-01	1.44912959e+00	8.22710769e-01	6.26418825e-01
716             	9.79596569e-02	1.04963830e-01	1.44922051e+00	8.22569913e-01	6.26650599e-01
717             	9.77738545e-02	1.04743663e-01	1.44930575e+00	8.22426729e-01	6.26879020e-01
718             	9.76033426e-02	1.04543972e-01	1.44938354e+00	8.22295110e-01	6.27088425e-01
719             	9.74146997e-02	1.04321416e-01	1.44945769e+00	8.22143547e-01	6.27314147e-01
720             	9.72259581e-02	1.04099507e-01	1.44952713e+00	8.21989521e-01	6.27537605e-01
721             	9.70520305e-02	1.03897093e-01	1.44959139e+00	8.21847724e-01	6.27743663e-01
722             	9.68736544e-02	1.03689240e-01	1.44965149e+00	8.21699400e-01	6.27952091e-01
723             	9.66900284e-02	1.03475095e-01	1.44970831e+00	8.21544184e-01	6.28164127e-01
724             	9.65016096e-02	1.03255504e-01	1.44976244e+00	8.21382829e-01	6.28379610e-01
725             	9.63094748e-02	1.03032099e-01	1.44981408e+00	8.21216514e-01	6.28597565e-01
726             	9.61146487e-02	1.02806387e-01	1.44986292e+00	8.21046107e-01	6.28816810e-01
727             	9.59180181e-02	1.02579528e-01	1.44990836e+00	8.20872198e-01	6.29036162e-01
728             	9.57204943e-02	1.02352489e-01	1.44995013e+00	8.20695558e-01	6.29254570e-01
729             	9.55228341e-02	1.02125903e-01	1.44998802e+00	8.20516846e-01	6.29471178e-01
730             	9.53253916e-02	1.01899863e-01	1.45002200e+00	8.20336391e-01	6.29685608e-01
731             	9.51282029e-02	1.01674126e-01	1.45005228e+00	8.20154340e-01	6.29897935e-01
732             	9.49311228e-02	1.01448325e-01	1.45007917e+00	8.19970707e-01	6.30108461e-01
733             	9.47340947e-02	1.01222304e-01	1.45010292e+00	8.19785553e-01	6.30317363e-01
734             	9.45371775e-02	1.00996133e-01	1.45012369e+00	8.19599025e-01	6.30524670e-01
735             	9.43403637e-02	1.00769893e-01	1.45014156e+00	8.19411146e-01	6.30730419e-01
736             	9.41436844e-02	1.00543742e-01	1.45015665e+00	8.19222007e-01	6.30934638e-01
737             	9.39470685e-02	1.00317742e-01	1.45016905e+00	8.19031591e-01	6.31137454e-01
738             	9.37501516e-02	1.00091619e-01	1.45017883e+00	8.18839569e-01	6.31339266e-01
739             	9.35526702e-02	9.98651843e-02	1.45018606e+00	8.18645698e-01	6.31540358e-01
740             	9.33544461e-02	9.96383238e-02	1.45019070e+00	8.18449795e-01	6.31740903e-01
741             	9.31552621e-02	9.94108625e-02	1.45019260e+00	8.18251561e-01	6.31941037e-01
742             	9.29548662e-02	9.91825470e-02	1.45019147e+00	8.18050604e-01	6.32140871e-01
743             	9.27531110e-02	9.89531983e-02	1.45018707e+00	8.17846646e-01	6.32340424e-01
744             	9.25500406e-02	9.87228172e-02	1.45017926e+00	8.17639669e-01	6.32539588e-01
745             	9.23458194e-02	9.84915215e-02	1.45016799e+00	8.17429813e-01	6.32738174e-01
746             	9.21407698e-02	9.82595875e-02	1.45015331e+00	8.17217423e-01	6.32935883e-01
747             	9.19352012e-02	9.80272594e-02	1.45013534e+00	8.17002871e-01	6.33132468e-01
748             	9.17293781e-02	9.77947083e-02	1.45011428e+00	8.16786519e-01	6.33327763e-01
749             	9.15234374e-02	9.75619943e-02	1.45009024e+00	8.16568556e-01	6.33521682e-01
750             	9.13174197e-02	9.73291020e-02	1.45006323e+00	8.16349036e-01	6.33714197e-01
751             	9.11114675e-02	9.70961396e-02	1.45003349e+00	8.16128215e-01	6.33905280e-01
752             	9.09056854e-02	9.68632135e-02	1.45000136e+00	8.15906365e-01	6.34094994e-01
753             	9.07000597e-02	9.66303478e-02	1.44996709e+00	8.15683606e-01	6.34283486e-01
754             	9.04944381e-02	9.63974572e-02	1.44993082e+00	8.15459846e-01	6.34470970e-01
755             	9.02887203e-02	9.61645377e-02	1.44989260e+00	8.15235021e-01	6.34657580e-01
756             	9.00827588e-02	9.59315846e-02	1.44985232e+00	8.15008920e-01	6.34843402e-01
757             	8.98764380e-02	9.56985926e-02	1.44980982e+00	8.14781349e-01	6.35028473e-01
758             	8.96696670e-02	9.54655557e-02	1.44976497e+00	8.14552153e-01	6.35212819e-01
759             	8.94625495e-02	9.52326070e-02	1.44971786e+00	8.14321478e-01	6.35396379e-01
760             	8.92551773e-02	9.49998199e-02	1.44966856e+00	8.14089459e-01	6.35579104e-01
761             	8.90475650e-02	9.47671717e-02	1.44961710e+00	8.13856114e-01	6.35760984e-01
762             	8.88397556e-02	9.45346768e-02	1.44956342e+00	8.13621464e-01	6.35941953e-01
763             	8.86317649e-02	9.43023383e-02	1.44950736e+00	8.13385444e-01	6.36121914e-01
764             	8.84236396e-02	9.40701539e-02	1.44944886e+00	8.13148068e-01	6.36300789e-01
765             	8.82154559e-02	9.38381438e-02	1.44938785e+00	8.12909380e-01	6.36478468e-01
766             	8.80073120e-02	9.36063355e-02	1.44932438e+00	8.12669502e-01	6.36654878e-01
767             	8.77991933e-02	9.33746278e-02	1.44925852e+00	8.12428455e-01	6.36830068e-01
768             	8.75910585e-02	9.31429299e-02	1.44919041e+00	8.12186265e-01	6.37004148e-01
769             	8.73827719e-02	9.29111233e-02	1.44912007e+00	8.11942809e-01	6.37177265e-01
770             	8.71743307e-02	9.26792572e-02	1.44904768e+00	8.11698171e-01	6.37349509e-01
771             	8.69656889e-02	9.24473419e-02	1.44897326e+00	8.11452318e-01	6.37520940e-01
772             	8.67568324e-02	9.22153803e-02	1.44889678e+00	8.11205221e-01	6.37691556e-01
773             	8.65479165e-02	9.19835056e-02	1.44881834e+00	8.10957086e-01	6.37861253e-01
774             	8.63390089e-02	9.17517525e-02	1.44873799e+00	8.10708005e-01	6.38029988e-01
775             	8.61468295e-02	9.15385856e-02	1.44866243e+00	8.10478047e-01	6.38184388e-01
776             	8.59497160e-02	9.13189943e-02	1.44858552e+00	8.10242478e-01	6.38343046e-01
777             	8.57293487e-02	9.10730384e-02	1.44849925e+00	8.09978972e-01	6.38520274e-01
778             	8.55270650e-02	9.08477677e-02	1.44841872e+00	8.09736423e-01	6.38682293e-01
779             	8.53203342e-02	9.06176986e-02	1.44833490e+00	8.09487783e-01	6.38847115e-01
780             	8.51095681e-02	9.03835218e-02	1.44824708e+00	8.09233107e-01	6.39013970e-01
781             	8.48951292e-02	9.01458459e-02	1.44815452e+00	8.08972391e-01	6.39182133e-01
782             	8.46779203e-02	8.99058074e-02	1.44805679e+00	8.08706317e-01	6.39350476e-01
783             	8.44589418e-02	8.96645136e-02	1.44795364e+00	8.08435762e-01	6.39517878e-01
784             	8.42393964e-02	8.94231761e-02	1.44784510e+00	8.08161946e-01	6.39683154e-01
785             	8.40206121e-02	8.91829992e-02	1.44773174e+00	8.07886483e-01	6.39845259e-01
786             	8.38038660e-02	8.89450291e-02	1.44761467e+00	8.07611200e-01	6.40003468e-01
787             	8.35902108e-02	8.87100335e-02	1.44749547e+00	8.07337946e-01	6.40157525e-01
788             	8.33802352e-02	8.84782826e-02	1.44737604e+00	8.07068254e-01	6.40307784e-01
789             	8.31740745e-02	8.82496813e-02	1.44725819e+00	8.06803168e-01	6.40455019e-01
790             	8.29710577e-02	8.80235026e-02	1.44714290e+00	8.06542509e-01	6.40600393e-01
791             	8.27701843e-02	8.77988222e-02	1.44703073e+00	8.06285548e-01	6.40745179e-01
792             	8.25836275e-02	8.75902748e-02	1.44693509e+00	8.06051171e-01	6.40883916e-01
793             	8.24293843e-02	8.74146171e-02	1.44686950e+00	8.05864134e-01	6.41005365e-01
794             	8.22146458e-02	8.71704319e-02	1.44676394e+00	8.05596616e-01	6.41167324e-01
795             	8.19949719e-02	8.69227615e-02	1.44665565e+00	8.05322795e-01	6.41332852e-01
796             	8.17749552e-02	8.66778597e-02	1.44654343e+00	8.05046669e-01	6.41496759e-01
797             	8.15714800e-02	8.64546743e-02	1.44644144e+00	8.04792199e-01	6.41649239e-01
798             	8.14073957e-02	8.62727795e-02	1.44636783e+00	8.04591312e-01	6.41776521e-01
799             	8.11947644e-02	8.60398373e-02	1.44625162e+00	8.04320574e-01	6.41931045e-01
800             	8.10272235e-02	8.58523931e-02	1.44617246e+00	8.04113454e-01	6.42059007e-01
801             	8.07872446e-02	8.55881717e-02	1.44602320e+00	8.03798845e-01	6.42224356e-01
802             	8.05503118e-02	8.53288452e-02	1.44586826e+00	8.03484444e-01	6.42383820e-01
803             	8.03236862e-02	8.50822447e-02	1.44571295e+00	8.03180162e-01	6.42532789e-01
804             	8.01084183e-02	8.48487489e-02	1.44555960e+00	8.02888220e-01	6.42671383e-01
805             	7.99035717e-02	8.46260942e-02	1.44541096e+00	8.02609053e-01	6.42801910e-01
806             	7.97106076e-02	8.44143437e-02	1.44527381e+00	8.02347514e-01	6.42926299e-01
807             	7.95294800e-02	8.42126258e-02	1.44515266e+00	8.02105808e-01	6.43046848e-01
808             	7.93731215e-02	8.40342178e-02	1.44506554e+00	8.01905890e-01	6.43159647e-01
809             	7.92262450e-02	8.38630638e-02	1.44499774e+00	8.01725116e-01	6.43272626e-01
810             	7.90867217e-02	8.36974349e-02	1.44494792e+00	8.01560680e-01	6.43387236e-01
811             	7.89469650e-02	8.35300502e-02	1.44490971e+00	8.01401820e-01	6.43507890e-01
812             	7.87970440e-02	8.33517124e-02	1.44487423e+00	8.01234161e-01	6.43640073e-01
813             	7.86322087e-02	8.31592541e-02	1.44483399e+00	8.01049206e-01	6.43784789e-01
814             	7.84514041e-02	8.29534109e-02	1.44478211e+00	8.00842461e-01	6.43939653e-01
815             	7.82556080e-02	8.27365576e-02	1.44471249e+00	8.00611854e-01	6.44100638e-01
816             	7.80472852e-02	8.25118063e-02	1.44462077e+00	8.00357669e-01	6.44263098e-01
817             	7.78299989e-02	8.22825212e-02	1.44450503e+00	8.00082512e-01	6.44422514e-01
818             	7.76077690e-02	8.20518161e-02	1.44436592e+00	7.99790731e-01	6.44575193e-01
819             	7.73846040e-02	8.18223289e-02	1.44420645e+00	7.99487831e-01	6.44718623e-01
820             	7.71641070e-02	8.15960923e-02	1.44403163e+00	7.99179920e-01	6.44851706e-01
821             	7.69493037e-02	8.13746406e-02	1.44384785e+00	7.98873230e-01	6.44974623e-01
822             	7.67424604e-02	8.11590157e-02	1.44366216e+00	7.98573538e-01	6.45088618e-01
823             	7.65449033e-02	8.09497695e-02	1.44348122e+00	7.98285513e-01	6.45195707e-01
824             	7.63570563e-02	8.07470229e-02	1.44331083e+00	7.98012473e-01	6.45298361e-01
825             	7.61785955e-02	8.05505909e-02	1.44315551e+00	7.97756351e-01	6.45399160e-01
826             	7.60086657e-02	8.03601252e-02	1.44301830e+00	7.97517814e-01	6.45500483e-01
827             	7.58459548e-02	8.01750920e-02	1.44290058e+00	7.97296247e-01	6.45604337e-01
828             	7.56888284e-02	7.99947770e-02	1.44280207e+00	7.97089864e-01	6.45712208e-01
829             	7.55354047e-02	7.98182946e-02	1.44272079e+00	7.96895799e-01	6.45824989e-01
830             	7.53839233e-02	7.96447783e-02	1.44265379e+00	7.96710816e-01	6.45942969e-01
831             	7.52327447e-02	7.94732860e-02	1.44259732e+00	7.96531403e-01	6.46065914e-01
832             	7.50803565e-02	7.93027658e-02	1.44254710e+00	7.96353905e-01	6.46193193e-01
833             	7.49256149e-02	7.91323545e-02	1.44249883e+00	7.96175028e-01	6.46323798e-01
834             	7.47676679e-02	7.89612528e-02	1.44244834e+00	7.95991836e-01	6.46456500e-01
835             	7.46057173e-02	7.87885555e-02	1.44239145e+00	7.95801444e-01	6.46590010e-01
836             	7.44394230e-02	7.86136569e-02	1.44232487e+00	7.95601857e-01	6.46723011e-01
837             	7.42688586e-02	7.84362762e-02	1.44224621e+00	7.95391963e-01	6.46854245e-01
838             	7.40941527e-02	7.82561507e-02	1.44215380e+00	7.95171052e-01	6.46982746e-01
839             	7.39160323e-02	7.80735302e-02	1.44204735e+00	7.94939708e-01	6.47107643e-01
840             	7.37354210e-02	7.78888605e-02	1.44192753e+00	7.94699185e-01	6.47228343e-01
841             	7.35533972e-02	7.77027421e-02	1.44179591e+00	7.94451352e-01	6.47344558e-01
842             	7.33708219e-02	7.75156688e-02	1.44165444e+00	7.94198043e-01	6.47456399e-01
843             	7.31884288e-02	7.73281358e-02	1.44150539e+00	7.93941124e-01	6.47564267e-01
844             	7.30067625e-02	7.71405901e-02	1.44135113e+00	7.93682327e-01	6.47668802e-01
845             	7.28262398e-02	7.69534762e-02	1.44119408e+00	7.93423280e-01	6.47770800e-01
846             	7.26472319e-02	7.67672946e-02	1.44103668e+00	7.93165571e-01	6.47871107e-01
847             	7.24698886e-02	7.65824261e-02	1.44088093e+00	7.92910352e-01	6.47970574e-01
848             	7.22940226e-02	7.63989990e-02	1.44072809e+00	7.92658068e-01	6.48070023e-01
849             	7.21193916e-02	7.62170992e-02	1.44057905e+00	7.92408917e-01	6.48170134e-01
850             	7.19458942e-02	7.60369168e-02	1.44043456e+00	7.92163173e-01	6.48271385e-01
851             	7.17734190e-02	7.58585872e-02	1.44029498e+00	7.91920909e-01	6.48374071e-01
852             	7.16016080e-02	7.56819774e-02	1.44015999e+00	7.91681601e-01	6.48478385e-01
853             	7.14301551e-02	7.55069361e-02	1.44002893e+00	7.91444621e-01	6.48584310e-01
854             	7.12588211e-02	7.53333001e-02	1.43990094e+00	7.91209291e-01	6.48691648e-01
855             	7.10874949e-02	7.51609412e-02	1.43977506e+00	7.90975027e-01	6.48800037e-01
856             	7.09158096e-02	7.49894511e-02	1.43964979e+00	7.90740705e-01	6.48909085e-01
857             	7.07434452e-02	7.48184482e-02	1.43952363e+00	7.90505261e-01	6.49018370e-01
858             	7.05701568e-02	7.46475826e-02	1.43939524e+00	7.90267779e-01	6.49127465e-01
859             	7.03955818e-02	7.44764060e-02	1.43926309e+00	7.90027128e-01	6.49235965e-01
860             	7.02194425e-02	7.43045444e-02	1.43912584e+00	7.89782361e-01	6.49343476e-01
861             	7.00416920e-02	7.41318206e-02	1.43898269e+00	7.89533038e-01	6.49449654e-01
862             	6.98624318e-02	7.39582009e-02	1.43883332e+00	7.89279091e-01	6.49554227e-01
863             	6.96818221e-02	7.37837103e-02	1.43867775e+00	7.89020697e-01	6.49657053e-01
864             	6.94999076e-02	7.36083369e-02	1.43851601e+00	7.88757913e-01	6.49758098e-01
865             	6.93168186e-02	7.34321291e-02	1.43834836e+00	7.88490999e-01	6.49857362e-01
866             	6.91328827e-02	7.32553385e-02	1.43817567e+00	7.88220715e-01	6.49954950e-01
867             	6.89483111e-02	7.30782060e-02	1.43799868e+00	7.87947649e-01	6.50051027e-01
868             	6.87634211e-02	7.29010311e-02	1.43781840e+00	7.87672623e-01	6.50145781e-01
869             	6.85784753e-02	7.27240932e-02	1.43763574e+00	7.87396345e-01	6.50239394e-01
870             	6.83935891e-02	7.25475523e-02	1.43745130e+00	7.87119238e-01	6.50332060e-01
871             	6.82088849e-02	7.23715449e-02	1.43726583e+00	7.86841798e-01	6.50424028e-01
872             	6.80244287e-02	7.21961625e-02	1.43707990e+00	7.86564380e-01	6.50515523e-01
873             	6.78402241e-02	7.20214321e-02	1.43689395e+00	7.86287200e-01	6.50606751e-01
874             	6.76561830e-02	7.18472855e-02	1.43670815e+00	7.86010257e-01	6.50697891e-01
875             	6.74721396e-02	7.16735495e-02	1.43652241e+00	7.85733346e-01	6.50789067e-01
876             	6.72879804e-02	7.15000800e-02	1.43633667e+00	7.85456315e-01	6.50880355e-01
877             	6.71035808e-02	7.13267638e-02	1.43615059e+00	7.85178877e-01	6.50971716e-01
878             	6.69187610e-02	7.11534614e-02	1.43596365e+00	7.84900584e-01	6.51063062e-01
879             	6.66853186e-02	7.09438719e-02	1.43568939e+00	7.84530013e-01	6.51159376e-01
880             	6.64415754e-02	7.07204553e-02	1.43541355e+00	7.84148349e-01	6.51265198e-01
881             	6.62138587e-02	7.05123949e-02	1.43515142e+00	7.83789571e-01	6.51361853e-01
882             	6.60040837e-02	7.03212473e-02	1.43490438e+00	7.83456275e-01	6.51448107e-01
883             	6.58118410e-02	7.01457807e-02	1.43467391e+00	7.83148795e-01	6.51525113e-01
884             	6.56347636e-02	6.99828952e-02	1.43446092e+00	7.82865226e-01	6.51595698e-01
885             	6.54693734e-02	6.98287847e-02	1.43426546e+00	7.82602106e-01	6.51663359e-01
886             	6.53118567e-02	6.96797989e-02	1.43408666e+00	7.82355187e-01	6.51731474e-01
887             	6.51584034e-02	6.95327663e-02	1.43392243e+00	7.82119618e-01	6.51802811e-01
888             	6.50054406e-02	6.93851612e-02	1.43376938e+00	7.81890130e-01	6.51879249e-01
889             	6.48498243e-02	6.92350849e-02	1.43362283e+00	7.81661238e-01	6.51961590e-01
890             	6.46888444e-02	6.90811309e-02	1.43347690e+00	7.81427296e-01	6.52049607e-01
891             	6.45203033e-02	6.89222721e-02	1.43332506e+00	7.81182836e-01	6.52142229e-01
892             	6.43428481e-02	6.87579799e-02	1.43316122e+00	7.80923459e-01	6.52237763e-01
893             	6.41560715e-02	6.85881913e-02	1.43298054e+00	7.80646342e-01	6.52334199e-01
894             	6.39603963e-02	6.84132250e-02	1.43277976e+00	7.80350277e-01	6.52429485e-01
895             	6.37569366e-02	6.82337116e-02	1.43255738e+00	7.80035629e-01	6.52521755e-01
896             	6.35473260e-02	6.80505007e-02	1.43231377e+00	7.79704211e-01	6.52609559e-01
897             	6.33333711e-02	6.78644816e-02	1.43205072e+00	7.79358730e-01	6.52691988e-01
898             	6.31168189e-02	6.76764937e-02	1.43177114e+00	7.79002388e-01	6.52768750e-01
899             	6.28993782e-02	6.74873871e-02	1.43147895e+00	7.78638854e-01	6.52840098e-01
900             	6.26825077e-02	6.72979444e-02	1.43117850e+00	7.78271756e-01	6.52906740e-01
901             	6.24673255e-02	6.71088846e-02	1.43087415e+00	7.77904400e-01	6.52969749e-01
902             	6.22544380e-02	6.69206959e-02	1.43056978e+00	7.77539327e-01	6.53030451e-01
903             	6.20440129e-02	6.67336694e-02	1.43026856e+00	7.77178293e-01	6.53090267e-01
904             	6.18358184e-02	6.65479082e-02	1.42997274e+00	7.76822190e-01	6.53150553e-01
905             	6.16294743e-02	6.63634936e-02	1.42968378e+00	7.76471364e-01	6.53212415e-01
906             	6.14245209e-02	6.61804687e-02	1.42940229e+00	7.76125664e-01	6.53276623e-01
907             	6.12205248e-02	6.59988560e-02	1.42912821e+00	7.75784630e-01	6.53343580e-01
908             	6.10167652e-02	6.58184071e-02	1.42886029e+00	7.75446911e-01	6.53413381e-01
909             	6.08125655e-02	6.56388000e-02	1.42859670e+00	7.75110914e-01	6.53485783e-01
910             	6.06074884e-02	6.54597720e-02	1.42833542e+00	7.74775201e-01	6.53560224e-01
911             	6.03814068e-02	6.52624021e-02	1.42804352e+00	7.74403166e-01	6.53640352e-01
912             	6.01756474e-02	6.50860517e-02	1.42778030e+00	7.74065799e-01	6.53714504e-01
913             	5.99695138e-02	6.49103162e-02	1.42751445e+00	7.73726737e-01	6.53787709e-01
914             	5.97621260e-02	6.47340270e-02	1.42724381e+00	7.73384032e-01	6.53859780e-01
915             	5.95524863e-02	6.45560683e-02	1.42696605e+00	7.73035513e-01	6.53930540e-01
916             	5.93399891e-02	6.43757151e-02	1.42667948e+00	7.72679729e-01	6.53999750e-01
917             	5.91244368e-02	6.41926789e-02	1.42638314e+00	7.72316006e-01	6.54067132e-01
918             	5.89060974e-02	6.40071049e-02	1.42607706e+00	7.71944627e-01	6.54132433e-01
919             	5.86854738e-02	6.38193839e-02	1.42576195e+00	7.71566449e-01	6.54195502e-01
920             	5.84632644e-02	6.36301221e-02	1.42543917e+00	7.71182849e-01	6.54256320e-01
921             	5.82402804e-02	6.34400370e-02	1.42511063e+00	7.70795593e-01	6.54315032e-01
922             	5.80171723e-02	6.32497670e-02	1.42477822e+00	7.70406281e-01	6.54371936e-01
923             	5.77944852e-02	6.30598708e-02	1.42444380e+00	7.70016387e-01	6.54427417e-01
924             	5.75727191e-02	6.28708744e-02	1.42410915e+00	7.69627293e-01	6.54481854e-01
925             	5.73524252e-02	6.26832811e-02	1.42377599e+00	7.69240422e-01	6.54535571e-01
926             	5.71342322e-02	6.24976345e-02	1.42344608e+00	7.68857270e-01	6.54588806e-01
927             	5.69188927e-02	6.23145021e-02	1.42312122e+00	7.68479501e-01	6.54641715e-01
928             	5.67071665e-02	6.21344225e-02	1.42280303e+00	7.68108684e-01	6.54694351e-01
929             	5.64996551e-02	6.19577847e-02	1.42249274e+00	7.67746024e-01	6.54746713e-01
930             	5.63181129e-02	6.18020256e-02	1.42222527e+00	7.67430748e-01	6.54794522e-01
931             	5.61373616e-02	6.16463124e-02	1.42196376e+00	7.67119243e-01	6.54844520e-01
932             	5.59564433e-02	6.14899596e-02	1.42170617e+00	7.66809529e-01	6.54896642e-01
933             	5.57745750e-02	6.13325752e-02	1.42144995e+00	7.66499550e-01	6.54950400e-01
934             	5.55917031e-02	6.11743307e-02	1.42119340e+00	7.66188405e-01	6.55004999e-01
935             	5.54084672e-02	6.10158390e-02	1.42093599e+00	7.65876463e-01	6.55059529e-01
936             	5.52261800e-02	6.08581071e-02	1.42067845e+00	7.65565407e-01	6.55113047e-01
937             	5.50464217e-02	6.07022678e-02	1.42042225e+00	7.65257549e-01	6.55164706e-01
938             	5.48707160e-02	6.05493659e-02	1.42016916e+00	7.64955298e-01	6.55213866e-01
939             	5.47003099e-02	6.04002186e-02	1.41992095e+00	7.64660784e-01	6.55260164e-01
940             	5.45362108e-02	6.02555193e-02	1.41967936e+00	7.64375891e-01	6.55303469e-01
941             	5.43793975e-02	6.01159565e-02	1.41944645e+00	7.64102621e-01	6.55343826e-01
942             	5.42303333e-02	5.99818728e-02	1.41922380e+00	7.63842234e-01	6.55381567e-01
943             	5.41042791e-02	5.98677137e-02	1.41904032e+00	7.63624441e-01	6.55415883e-01
944             	5.39819178e-02	5.97552125e-02	1.41886439e+00	7.63414112e-01	6.55450276e-01
945             	5.38630867e-02	5.96441636e-02	1.41869677e+00	7.63211472e-01	6.55485299e-01
946             	5.37486189e-02	5.95353151e-02	1.41853945e+00	7.63018342e-01	6.55521104e-01
947             	5.36392069e-02	5.94294734e-02	1.41839382e+00	7.62836118e-01	6.55557704e-01
948             	5.35354267e-02	5.93273856e-02	1.41826072e+00	7.62665785e-01	6.55594932e-01
949             	5.34376178e-02	5.92295572e-02	1.41814029e+00	7.62507761e-01	6.55632526e-01
950             	5.33457797e-02	5.91361617e-02	1.41803198e+00	7.62361770e-01	6.55670211e-01
951             	5.32529969e-02	5.90380324e-02	1.41792326e+00	7.62214624e-01	6.55708631e-01
952             	5.31738055e-02	5.89549953e-02	1.41783737e+00	7.62092491e-01	6.55744880e-01
953             	5.30945296e-02	5.88679782e-02	1.41775152e+00	7.61970290e-01	6.55781231e-01
954             	5.30264047e-02	5.87939301e-02	1.41768405e+00	7.61868432e-01	6.55815622e-01
955             	5.29588596e-02	5.87161184e-02	1.41761780e+00	7.61767761e-01	6.55850041e-01
956             	5.29000784e-02	5.86490325e-02	1.41756622e+00	7.61683191e-01	6.55883034e-01
957             	5.28421853e-02	5.85780836e-02	1.41751700e+00	7.61600683e-01	6.55916312e-01
958             	5.27894026e-02	5.85110095e-02	1.41747654e+00	7.61527673e-01	6.55948868e-01
959             	5.27434959e-02	5.84530955e-02	1.41744740e+00	7.61467195e-01	6.55980203e-01
960             	5.27006153e-02	5.83926875e-02	1.41742496e+00	7.61413096e-01	6.56011865e-01
961             	5.26630848e-02	5.83401731e-02	1.41741185e+00	7.61369007e-01	6.56042838e-01
962             	5.26292844e-02	5.82854848e-02	1.41740791e+00	7.61333241e-01	6.56074672e-01
963             	5.25990476e-02	5.82375007e-02	1.41741076e+00	7.61304428e-01	6.56106333e-01
964             	5.25725728e-02	5.81874985e-02	1.41742386e+00	7.61284502e-01	6.56139356e-01
965             	5.25474683e-02	5.81429143e-02	1.41743988e+00	7.61267408e-01	6.56172471e-01
966             	5.25243456e-02	5.80994422e-02	1.41746168e+00	7.61255187e-01	6.56206496e-01
967             	5.25039569e-02	5.80575722e-02	1.41749036e+00	7.61249137e-01	6.56241223e-01
968             	5.24874308e-02	5.80181446e-02	1.41752742e+00	7.61251143e-01	6.56276281e-01
969             	5.24756684e-02	5.79818828e-02	1.41757392e+00	7.61262629e-01	6.56311292e-01
970             	5.24734317e-02	5.79477590e-02	1.41763983e+00	7.61293346e-01	6.56346483e-01
971             	5.24722626e-02	5.79197505e-02	1.41770459e+00	7.61324556e-01	6.56380031e-01
972             	5.24817583e-02	5.78949062e-02	1.41779003e+00	7.61376773e-01	6.56413256e-01
973             	5.24890413e-02	5.78738376e-02	1.41786861e+00	7.61423345e-01	6.56445263e-01
974             	5.25065363e-02	5.78552662e-02	1.41796824e+00	7.61490656e-01	6.56477584e-01
975             	5.25187692e-02	5.78380263e-02	1.41805672e+00	7.61547128e-01	6.56509590e-01
976             	5.25421705e-02	5.78237447e-02	1.41816941e+00	7.61626873e-01	6.56542532e-01
977             	5.25690660e-02	5.78124651e-02	1.41828951e+00	7.61713820e-01	6.56575688e-01
978             	5.26001851e-02	5.78049540e-02	1.41841798e+00	7.61809175e-01	6.56608804e-01
979             	5.26261593e-02	5.77989953e-02	1.41853466e+00	7.61893489e-01	6.56641170e-01
980             	5.26682922e-02	5.77996946e-02	1.41868543e+00	7.62011009e-01	6.56674425e-01
981             	5.27164616e-02	5.78048888e-02	1.41884866e+00	7.62140792e-01	6.56707869e-01
982             	5.27580257e-02	5.78100058e-02	1.41899767e+00	7.62256859e-01	6.56740808e-01
983             	5.28157978e-02	5.78214142e-02	1.41918321e+00	7.62407402e-01	6.56775807e-01
984             	5.28743783e-02	5.78333110e-02	1.41937330e+00	7.62561031e-01	6.56812274e-01
985             	5.29191679e-02	5.78400624e-02	1.41953565e+00	7.62686991e-01	6.56848655e-01
986             	5.29752107e-02	5.78493817e-02	1.41972751e+00	7.62838966e-01	6.56888544e-01
987             	5.30184223e-02	5.78542272e-02	1.41989146e+00	7.62964152e-01	6.56927307e-01
988             	5.30756748e-02	5.78633843e-02	1.42008955e+00	7.63120449e-01	6.56969099e-01
989             	5.31235700e-02	5.78708538e-02	1.42026315e+00	7.63255144e-01	6.57008004e-01
990             	5.31903996e-02	5.78862425e-02	1.42047823e+00	7.63429512e-01	6.57048713e-01
991             	5.32642701e-02	5.79071837e-02	1.42070392e+00	7.63616232e-01	6.57087692e-01
992             	5.33300433e-02	5.79281079e-02	1.42090441e+00	7.63782247e-01	6.57122160e-01
993             	5.34166713e-02	5.79585562e-02	1.42114957e+00	7.63991458e-01	6.57158116e-01
994             	5.35063041e-02	5.79914597e-02	1.42139958e+00	7.64206095e-01	6.57193487e-01
995             	5.35963124e-02	5.80249660e-02	1.42165035e+00	7.64421486e-01	6.57228861e-01
996             	5.36844779e-02	5.80574270e-02	1.42189858e+00	7.64633770e-01	6.57264814e-01
997             	5.37700478e-02	5.80881307e-02	1.42214350e+00	7.64841800e-01	6.57301704e-01
998             	5.38529142e-02	5.81167490e-02	1.42238544e+00	7.65045633e-01	6.57339804e-01
999             	5.39339061e-02	5.81436369e-02	1.42262610e+00	7.65246954e-01	6.57379142e-01
1000            	5.40147722e-02	5.81698589e-02	1.42286849e+00	7.65449019e-01	6.57419475e-01
1001            	5.40976613e-02	5.81969330e-02	1.42311593e+00	7.65655627e-01	6.57460305e-01
1002            	5.41849177e-02	5.82265946e-02	1.42337185e+00	7.65870842e-01	6.57501007e-01
1003            	5.42779056e-02	5.82599289e-02	1.42363813e+00	7.66096970e-01	6.57541159e-01
1004            	5.43765395e-02	5.82968548e-02	1.42391470e+00	7.66333891e-01	6.57580812e-01
1005            	5.44780047e-02	5.83351139e-02	1.42419747e+00	7.66576742e-01	6.57620732e-01
1006            	5.45803251e-02	5.83733064e-02	1.42448313e+00	7.66821890e-01	6.57661240e-01
1007            	5.46820353e-02	5.84104334e-02	1.42476899e+00	7.67066528e-01	6.57702457e-01
1008            	5.47821456e-02	5.84458789e-02	1.42505312e+00	7.67308704e-01	6.57744412e-01
1009            	5.48805604e-02	5.84796742e-02	1.42533498e+00	7.67548048e-01	6.57786927e-01
1010            	5.49772727e-02	5.85120246e-02	1.42561401e+00	7.67784276e-01	6.57829730e-01
1011            	5.50723605e-02	5.85432701e-02	1.42588979e+00	7.68017254e-01	6.57872533e-01
1012            	5.51559166e-02	5.85714701e-02	1.42613300e+00	7.68222418e-01	6.57910585e-01
1013            	5.52388595e-02	5.85982965e-02	1.42637560e+00	7.68426659e-01	6.57948940e-01
1014            	5.53237297e-02	5.86252038e-02	1.42662279e+00	7.68635126e-01	6.57987667e-01
1015            	5.54124480e-02	5.86539474e-02	1.42687693e+00	7.68850912e-01	6.58026016e-01
1016            	5.55042350e-02	5.86842785e-02	1.42713594e+00	7.69072205e-01	6.58063735e-01
1017            	5.55980645e-02	5.87156489e-02	1.42739835e+00	7.69297239e-01	6.58101110e-01
1018            	5.56935409e-02	5.87475216e-02	1.42766490e+00	7.69525991e-01	6.58138910e-01
1019            	5.57906013e-02	5.87794191e-02	1.42793724e+00	7.69759223e-01	6.58178021e-01
1020            	5.58898267e-02	5.88115933e-02	1.42821765e+00	7.69998653e-01	6.58218999e-01
1021            	5.59625586e-02	5.88297563e-02	1.42843055e+00	7.70177835e-01	6.58252718e-01
1022            	5.61264630e-02	5.88912066e-02	1.42888273e+00	7.70567827e-01	6.58314901e-01
1023            	5.62957396e-02	5.89609968e-02	1.42934270e+00	7.70967089e-01	6.58375609e-01
1024            	5.64661932e-02	5.90378755e-02	1.42979916e+00	7.71365771e-01	6.58433385e-01
1025            	5.66324452e-02	5.91182535e-02	1.43023993e+00	7.71752412e-01	6.58487521e-01
1026            	5.67610395e-02	5.91787011e-02	1.43058555e+00	7.72053816e-01	6.58531737e-01
1027            	5.69175071e-02	5.92595177e-02	1.43099920e+00	7.72417108e-01	6.58582094e-01
1028            	5.70393387e-02	5.93183230e-02	1.43133043e+00	7.72704554e-01	6.58625877e-01
1029            	5.71700922e-02	5.93826859e-02	1.43168356e+00	7.73011874e-01	6.58671690e-01
1030            	5.72697339e-02	5.94242799e-02	1.43196493e+00	7.73252201e-01	6.58712733e-01
1031            	5.73833259e-02	5.94719214e-02	1.43227618e+00	7.73521417e-01	6.58754766e-01
1032            	5.74919540e-02	5.95133529e-02	1.43257329e+00	7.73778599e-01	6.58794691e-01
1033            	5.75991213e-02	5.95509374e-02	1.43286422e+00	7.74031233e-01	6.58832990e-01
1034            	5.76572198e-02	5.95568052e-02	1.43304702e+00	7.74180728e-01	6.58866289e-01
1035            	5.77193492e-02	5.95620366e-02	1.43323759e+00	7.74338144e-01	6.58899446e-01
1036            	5.77888358e-02	5.95694351e-02	1.43344374e+00	7.74510706e-01	6.58933034e-01
1037            	5.78677496e-02	5.95811273e-02	1.43367066e+00	7.74703080e-01	6.58967580e-01
1038            	5.79578952e-02	5.95991003e-02	1.43392294e+00	7.74919367e-01	6.59003577e-01
1039            	5.80600652e-02	5.96246199e-02	1.43420303e+00	7.75161578e-01	6.59041447e-01
1040            	5.81744226e-02	5.96584828e-02	1.43451166e+00	7.75430255e-01	6.59081410e-01
1041            	5.83004636e-02	5.97010813e-02	1.43484799e+00	7.75724458e-01	6.59123531e-01
1042            	5.84367824e-02	5.97521272e-02	1.43520910e+00	7.76041334e-01	6.59167769e-01
1043            	5.85808679e-02	5.98103238e-02	1.43558990e+00	7.76375819e-01	6.59214084e-01
1044            	5.86907001e-02	5.98345691e-02	1.43594006e+00	7.76660731e-01	6.59279331e-01
1045            	5.88357455e-02	5.98893537e-02	1.43636055e+00	7.77016023e-01	6.59344532e-01
1046            	5.90664762e-02	6.00067641e-02	1.43697056e+00	7.77551759e-01	6.59418806e-01
1047            	5.92091336e-02	6.00630894e-02	1.43741084e+00	7.77914552e-01	6.59496284e-01
1048            	5.92879990e-02	6.00764583e-02	1.43771437e+00	7.78145184e-01	6.59569186e-01
1049            	5.93459526e-02	6.00923244e-02	1.43793078e+00	7.78311344e-01	6.59619439e-01
1050            	5.93909041e-02	6.00929534e-02	1.43812125e+00	7.78451528e-01	6.59669720e-01
1051            	5.94556934e-02	6.00948986e-02	1.43836101e+00	7.78636198e-01	6.59724812e-01
1052            	5.95324893e-02	6.00945891e-02	1.43862660e+00	7.78845788e-01	6.59780810e-01
1053            	5.96114963e-02	6.00932803e-02	1.43888162e+00	7.79052306e-01	6.59829313e-01
1054            	5.96768553e-02	6.00881311e-02	1.43908574e+00	7.79219727e-01	6.59866016e-01
1055            	5.97739045e-02	6.00967279e-02	1.43934841e+00	7.79448108e-01	6.59900299e-01
1056            	5.98678803e-02	6.01091891e-02	1.43959184e+00	7.79663802e-01	6.59928042e-01
1057            	5.99772708e-02	6.01305856e-02	1.43986115e+00	7.79907843e-01	6.59953302e-01
1058            	6.01026829e-02	6.01611555e-02	1.44016177e+00	7.80183569e-01	6.59978203e-01
1059            	6.02430446e-02	6.02007139e-02	1.44049642e+00	7.80491254e-01	6.60005164e-01
1060            	6.03960519e-02	6.02488570e-02	1.44086459e+00	7.80828348e-01	6.60036244e-01
1061            	6.05749836e-02	6.03120394e-02	1.44130035e+00	7.81225158e-01	6.60075191e-01
1062            	6.07503844e-02	6.03783886e-02	1.44173992e+00	7.81620342e-01	6.60119573e-01
1063            	6.09185833e-02	6.04456752e-02	1.44217517e+00	7.82006169e-01	6.60169002e-01
1064            	6.10769370e-02	6.05116093e-02	1.44259936e+00	7.82376615e-01	6.60222741e-01
1065            	6.12054985e-02	6.05653453e-02	1.44296001e+00	7.82685502e-01	6.60274505e-01
1066            	6.13553377e-02	6.06294841e-02	1.44338370e+00	7.83047187e-01	6.60336512e-01
1067            	6.15217843e-02	6.07141472e-02	1.44385046e+00	7.83447013e-01	6.60403444e-01
1068            	6.16739797e-02	6.07831335e-02	1.44428502e+00	7.83816488e-01	6.60468528e-01
1069            	6.18333718e-02	6.08584371e-02	1.44474045e+00	7.84203594e-01	6.60536851e-01
1070            	6.19733221e-02	6.09224363e-02	1.44514559e+00	7.84546116e-01	6.60599472e-01
1071            	6.21305044e-02	6.09753289e-02	1.44558868e+00	7.84924844e-01	6.60663836e-01
1072            	6.22816209e-02	6.10216038e-02	1.44602111e+00	7.85292176e-01	6.60728934e-01
1073            	6.24244165e-02	6.10607494e-02	1.44643406e+00	7.85641447e-01	6.60792613e-01
1074            	6.25603790e-02	6.10945642e-02	1.44682668e+00	7.85973718e-01	6.60852960e-01
1075            	6.26767474e-02	6.11221378e-02	1.44716190e+00	7.86257695e-01	6.60904200e-01
1076            	6.28178353e-02	6.11549828e-02	1.44755343e+00	7.86594550e-01	6.60958879e-01
1077            	6.29550147e-02	6.11867314e-02	1.44792866e+00	7.86919342e-01	6.61009313e-01
1078            	6.30866750e-02	6.12180888e-02	1.44828455e+00	7.87228948e-01	6.61055599e-01
1079            	6.32123377e-02	6.12498407e-02	1.44862135e+00	7.87523012e-01	6.61098336e-01
1080            	6.33226306e-02	6.12817495e-02	1.44891659e+00	7.87780928e-01	6.61135667e-01
1081            	6.34499270e-02	6.13195775e-02	1.44925398e+00	7.88076916e-01	6.61177062e-01
1082            	6.35750868e-02	6.13602468e-02	1.44958624e+00	7.88368209e-01	6.61218035e-01
1083            	6.36972330e-02	6.14031380e-02	1.44991260e+00	7.88653532e-01	6.61259066e-01
1084            	6.38156182e-02	6.14470686e-02	1.45023245e+00	7.88931843e-01	6.61300606e-01
1085            	6.39299505e-02	6.14908892e-02	1.45054626e+00	7.89203081e-01	6.61343180e-01
1086            	6.40308952e-02	6.15308372e-02	1.45083056e+00	7.89446173e-01	6.61384382e-01
1087            	6.41511693e-02	6.15774858e-02	1.45116617e+00	7.89734256e-01	6.61431917e-01
1088            	6.42705407e-02	6.16230180e-02	1.45150194e+00	7.90021510e-01	6.61480428e-01
1089            	6.43892105e-02	6.16673398e-02	1.45183604e+00	7.90307230e-01	6.61528809e-01
1090            	6.45074564e-02	6.17103790e-02	1.45216736e+00	7.90591134e-01	6.61576221e-01
1091            	6.46268899e-02	6.17532419e-02	1.45249778e+00	7.90875778e-01	6.61621998e-01
1092            	6.47373737e-02	6.17928451e-02	1.45280248e+00	7.91138615e-01	6.61663868e-01
1093            	6.48719307e-02	6.18413703e-02	1.45316040e+00	7.91452130e-01	6.61708269e-01
1094            	6.50237602e-02	6.19004360e-02	1.45356045e+00	7.91803988e-01	6.61756467e-01
1095            	6.51673721e-02	6.19550347e-02	1.45393906e+00	7.92136903e-01	6.61802159e-01
1096            	6.52885766e-02	6.19978776e-02	1.45426190e+00	7.92419527e-01	6.61842373e-01
1097            	6.54036050e-02	6.20379489e-02	1.45456930e+00	7.92688253e-01	6.61881043e-01
1098            	6.55144612e-02	6.20759274e-02	1.45486581e+00	7.92947365e-01	6.61918443e-01
1099            	6.56031931e-02	6.21009744e-02	1.45510550e+00	7.93155943e-01	6.61949557e-01
1100            	6.57207570e-02	6.21412530e-02	1.45541665e+00	7.93429084e-01	6.61987570e-01
1101            	6.58434200e-02	6.21836401e-02	1.45574292e+00	7.93714878e-01	6.62028038e-01
1102            	6.59592152e-02	6.22237391e-02	1.45605781e+00	7.93988121e-01	6.62069690e-01
1103            	6.60616277e-02	6.22579547e-02	1.45634558e+00	7.94234416e-01	6.62111160e-01
1104            	6.61498735e-02	6.22852198e-02	1.45660275e+00	7.94451247e-01	6.62151500e-01
1105            	6.62210450e-02	6.23032378e-02	1.45681626e+00	7.94629177e-01	6.62187087e-01
1106            	6.62893491e-02	6.23194018e-02	1.45702715e+00	7.94802924e-01	6.62224226e-01
1107            	6.63500790e-02	6.23305562e-02	1.45721953e+00	7.94959844e-01	6.62259686e-01
1108            	6.64037615e-02	6.23369864e-02	1.45739405e+00	7.95100785e-01	6.62293262e-01
1109            	6.64515618e-02	6.23394073e-02	1.45755304e+00	7.95228081e-01	6.62324958e-01
1110            	6.64941427e-02	6.23383288e-02	1.45769776e+00	7.95343025e-01	6.62354739e-01
1111            	6.65319867e-02	6.23342022e-02	1.45782923e+00	7.95446601e-01	6.62382627e-01
1112            	6.65652519e-02	6.23274321e-02	1.45794796e+00	7.95539229e-01	6.62408726e-01
1113            	6.65921312e-02	6.23172833e-02	1.45805108e+00	7.95617670e-01	6.62433407e-01
1114            	6.66111650e-02	6.23031373e-02	1.45813636e+00	7.95679345e-01	6.62457015e-01
1115            	6.66232567e-02	6.22855521e-02	1.45820572e+00	7.95726116e-01	6.62479603e-01
1116            	6.66312160e-02	6.22661499e-02	1.45826432e+00	7.95763378e-01	6.62500946e-01
1117            	6.66391386e-02	6.22473090e-02	1.45831982e+00	7.95799049e-01	6.62520772e-01
1118            	6.66511896e-02	6.22314103e-02	1.45838015e+00	7.95841265e-01	6.62538886e-01
1119            	6.66686775e-02	6.22193635e-02	1.45844852e+00	7.95892936e-01	6.62555581e-01
1120            	6.66905634e-02	6.22106800e-02	1.45852411e+00	7.95952619e-01	6.62571492e-01
1121            	6.67165232e-02	6.22052808e-02	1.45860721e+00	7.96020129e-01	6.62587082e-01
1122            	6.67473075e-02	6.22036450e-02	1.45869992e+00	7.96097266e-01	6.62602651e-01
1123            	6.67841883e-02	6.22065095e-02	1.45880501e+00	7.96186692e-01	6.62618315e-01
1124            	6.68288767e-02	6.22149131e-02	1.45892583e+00	7.96291792e-01	6.62634038e-01
1125            	6.68827142e-02	6.22296963e-02	1.45906489e+00	7.96415158e-01	6.62649729e-01
1126            	6.69443785e-02	6.22502806e-02	1.45921998e+00	7.96554370e-01	6.62665613e-01
1127            	6.70129845e-02	6.22761668e-02	1.45938952e+00	7.96707747e-01	6.62681778e-01
1128            	6.70885250e-02	6.23072992e-02	1.45957327e+00	7.96875162e-01	6.62698112e-01
1129            	6.71711600e-02	6.23436543e-02	1.45977108e+00	7.97056699e-01	6.62714379e-01
1130            	6.72612319e-02	6.23852478e-02	1.45998313e+00	7.97252796e-01	6.62730332e-01
1131            	6.73591566e-02	6.24322581e-02	1.46020961e+00	7.97463962e-01	6.62745649e-01
1132            	6.74652162e-02	6.24848454e-02	1.46045096e+00	7.97690695e-01	6.62760263e-01
1133            	6.75786636e-02	6.25427346e-02	1.46070575e+00	7.97931540e-01	6.62774213e-01
1134            	6.76998316e-02	6.26061824e-02	1.46097502e+00	7.98187341e-01	6.62787678e-01
1135            	6.78291368e-02	6.26757115e-02	1.46125940e+00	7.98458839e-01	6.62800565e-01
1136            	6.79690204e-02	6.27528801e-02	1.46156424e+00	7.98751140e-01	6.62813100e-01
1137            	6.81202394e-02	6.28384719e-02	1.46189075e+00	7.99065616e-01	6.62825137e-01
1138            	6.82864836e-02	6.29347426e-02	1.46224744e+00	7.99410202e-01	6.62837234e-01
1139            	6.84655583e-02	6.30408960e-02	1.46262997e+00	7.99780544e-01	6.62849427e-01
1140            	6.86617298e-02	6.31593352e-02	1.46304908e+00	8.00186272e-01	6.62862812e-01
1141            	6.88715888e-02	6.32888675e-02	1.46349690e+00	8.00620040e-01	6.62876863e-01
1142            	6.91026894e-02	6.34337138e-02	1.46399142e+00	8.01098401e-01	6.62893023e-01
1143            	6.93492303e-02	6.35914670e-02	1.46451883e+00	8.01608648e-01	6.62910187e-01
1144            	6.96204506e-02	6.37668673e-02	1.46510134e+00	8.02171120e-01	6.62930219e-01
1145            	6.99318053e-02	6.39736727e-02	1.46577644e+00	8.02820023e-01	6.62956412e-01
1146            	7.02204807e-02	6.41648943e-02	1.46639829e+00	8.03419628e-01	6.62978666e-01
1147            	7.05842907e-02	6.44135907e-02	1.46719603e+00	8.04182307e-01	6.63013725e-01
1148            	7.09513235e-02	6.46649557e-02	1.46800360e+00	8.04953123e-01	6.63050476e-01
1149            	7.13160080e-02	6.49141212e-02	1.46880808e+00	8.05720047e-01	6.63088031e-01
1150            	7.16770584e-02	6.51593101e-02	1.46960542e+00	8.06479769e-01	6.63125652e-01
1151            	7.20351890e-02	6.54006272e-02	1.47039603e+00	8.07233205e-01	6.63162827e-01
1152            	7.23932977e-02	6.56400196e-02	1.47118517e+00	8.07985885e-01	6.63199289e-01
1153            	7.27554379e-02	6.58805969e-02	1.47198083e+00	8.08745854e-01	6.63234978e-01
1154            	7.31258960e-02	6.61258383e-02	1.47279200e+00	8.09521895e-01	6.63270103e-01
1155            	7.35083867e-02	6.63790415e-02	1.47362700e+00	8.10321886e-01	6.63305112e-01
1156            	7.39050663e-02	6.66425905e-02	1.47449157e+00	8.11150850e-01	6.63340718e-01
1157            	7.43417784e-02	6.69364669e-02	1.47544710e+00	8.12065328e-01	6.63381772e-01
1158            	7.47774232e-02	6.72314548e-02	1.47640279e+00	8.12978818e-01	6.63423972e-01
1159            	7.52123931e-02	6.75280989e-02	1.47736070e+00	8.13892743e-01	6.63467957e-01
1160            	7.56473482e-02	6.78267818e-02	1.47832284e+00	8.14808768e-01	6.63514071e-01
1161            	7.60831326e-02	6.81277400e-02	1.47929140e+00	8.15728832e-01	6.63562567e-01
1162            	7.65007681e-02	6.84153127e-02	1.48022208e+00	8.16611808e-01	6.63610272e-01
1163            	7.70079497e-02	6.87711268e-02	1.48136600e+00	8.17690952e-01	6.63675052e-01
1164            	7.75022680e-02	6.91188432e-02	1.48248765e+00	8.18746092e-01	6.63741556e-01
1165            	7.79794482e-02	6.94551372e-02	1.48357661e+00	8.19767753e-01	6.63808856e-01
1166            	7.84388605e-02	6.97791767e-02	1.48462982e+00	8.20753772e-01	6.63876051e-01
1167            	7.88818240e-02	7.00916689e-02	1.48564864e+00	8.21706145e-01	6.63942497e-01
1168            	7.93113139e-02	7.03946856e-02	1.48663827e+00	8.22630449e-01	6.64007821e-01
1169            	7.97309871e-02	7.06908953e-02	1.48760600e+00	8.23533986e-01	6.64072012e-01
1170            	8.01442730e-02	7.09829174e-02	1.48855928e+00	8.24423914e-01	6.64135368e-01
1171            	8.05542049e-02	7.12731594e-02	1.48950545e+00	8.25306931e-01	6.64198522e-01
1172            	8.09625768e-02	7.15632447e-02	1.49044982e+00	8.26187485e-01	6.64262332e-01
1173            	8.13701938e-02	7.18541789e-02	1.49139582e+00	8.27068104e-01	6.64327716e-01
1174            	8.17622411e-02	7.21358085e-02	1.49230814e+00	8.27916311e-01	6.64391829e-01
1175            	8.21752950e-02	7.24341122e-02	1.49327857e+00	8.28814579e-01	6.64463989e-01
1176            	8.25858402e-02	7.27330937e-02	1.49425168e+00	8.29711679e-01	6.64539999e-01
1177            	8.29909801e-02	7.30308337e-02	1.49522197e+00	8.30601963e-01	6.64620003e-01
1178            	8.33874780e-02	7.33249713e-02	1.49618264e+00	8.31478797e-01	6.64703841e-01
1179            	8.37723210e-02	7.36131365e-02	1.49712679e+00	8.32335714e-01	6.64791072e-01
1180            	8.41433229e-02	7.38933874e-02	1.49804874e+00	8.33167693e-01	6.64881048e-01
1181            	8.44790453e-02	7.41506237e-02	1.49889192e+00	8.33925006e-01	6.64966915e-01
1182            	8.48273973e-02	7.44170160e-02	1.49977882e+00	8.34716806e-01	6.65062011e-01
1183            	8.51617518e-02	7.46741486e-02	1.50063977e+00	8.35481636e-01	6.65158132e-01
1184            	8.54825087e-02	7.49220658e-02	1.50147455e+00	8.36219784e-01	6.65254767e-01
1185            	8.57904003e-02	7.51611775e-02	1.50228405e+00	8.36932424e-01	6.65351624e-01
1186            	8.60860336e-02	7.53919097e-02	1.50306931e+00	8.37620689e-01	6.65448622e-01
1187            	8.63698998e-02	7.56146874e-02	1.50383156e+00	8.38285682e-01	6.65545882e-01
1188            	8.66424117e-02	7.58299640e-02	1.50457229e+00	8.38928554e-01	6.65643731e-01
1189            	8.69045245e-02	7.60386419e-02	1.50529418e+00	8.39551612e-01	6.65742563e-01
1190            	8.71579367e-02	7.62422088e-02	1.50600142e+00	8.40158648e-01	6.65842775e-01
1191            	8.74045916e-02	7.64422692e-02	1.50669852e+00	8.40753851e-01	6.65944668e-01
1192            	8.76463955e-02	7.66403223e-02	1.50738973e+00	8.41341260e-01	6.66048469e-01
1193            	8.78845767e-02	7.68373047e-02	1.50807776e+00	8.41923455e-01	6.66154302e-01
1194            	8.81089734e-02	7.70253753e-02	1.50873266e+00	8.42475303e-01	6.66257356e-01
1195            	8.83462283e-02	7.72244638e-02	1.50943032e+00	8.43061389e-01	6.66368932e-01
1196            	8.85809804e-02	7.74231524e-02	1.51012668e+00	8.43644323e-01	6.66482362e-01
1197            	8.88120612e-02	7.76205790e-02	1.51081865e+00	8.44221387e-01	6.66597265e-01
1198            	8.90379594e-02	7.78156591e-02	1.51150254e+00	8.44789230e-01	6.66713311e-01
1199            	8.92575508e-02	7.80074871e-02	1.51217538e+00	8.45345243e-01	6.66830142e-01
1200            	8.94703492e-02	7.81955394e-02	1.51283553e+00	8.45888115e-01	6.66947417e-01
1201            	8.96671852e-02	7.83724254e-02	1.51345435e+00	8.46394362e-01	6.67059991e-01
1202            	8.98714355e-02	7.85557959e-02	1.51410223e+00	8.46922553e-01	6.67179682e-01
1203            	9.00698503e-02	7.87354422e-02	1.51473881e+00	8.47439257e-01	6.67299556e-01
1204            	9.02625551e-02	7.89111925e-02	1.51536364e+00	8.47944373e-01	6.67419263e-01
1205            	9.04499346e-02	7.90830981e-02	1.51597686e+00	8.48438365e-01	6.67538496e-01
1206            	9.06322286e-02	7.92512069e-02	1.51657874e+00	8.48921600e-01	6.67657142e-01
1207            	9.08096004e-02	7.94155752e-02	1.51716967e+00	8.49394433e-01	6.67775233e-01
1208            	9.09824440e-02	7.95766000e-02	1.51775090e+00	8.49857896e-01	6.67893008e-01
1209            	9.11516786e-02	7.97350868e-02	1.51832487e+00	8.50314115e-01	6.68010758e-01
1210            	9.13181266e-02	7.98917417e-02	1.51889379e+00	8.50765020e-01	6.68128767e-01
1211            	9.14818109e-02	8.00466232e-02	1.51945823e+00	8.51210925e-01	6.68247303e-01
1212            	9.16424682e-02	8.01995955e-02	1.52001834e+00	8.51651636e-01	6.68366700e-01
1213            	9.17896641e-02	8.03441385e-02	1.52054317e+00	8.52061248e-01	6.68481920e-01
1214            	9.19481335e-02	8.04964527e-02	1.52110809e+00	8.52502179e-01	6.68605912e-01
1215            	9.21052842e-02	8.06485702e-02	1.52167353e+00	8.52942049e-01	6.68731480e-01
1216            	9.22518745e-02	8.07941351e-02	1.52220961e+00	8.53356681e-01	6.68852932e-01
1217            	9.24000188e-02	8.09413742e-02	1.52275466e+00	8.53777346e-01	6.68977309e-01
1218            	9.25492780e-02	8.10901966e-02	1.52330755e+00	8.54203052e-01	6.69104496e-01
1219            	9.26981230e-02	8.12397068e-02	1.52386489e+00	8.54630569e-01	6.69234323e-01
1220            	9.28444070e-02	8.13885317e-02	1.52442212e+00	8.55055465e-01	6.69366651e-01
1221            	9.29857669e-02	8.15351204e-02	1.52497397e+00	8.55472749e-01	6.69501216e-01
1222            	9.31195711e-02	8.16775736e-02	1.52551440e+00	8.55876773e-01	6.69637631e-01
1223            	9.32355020e-02	8.18065147e-02	1.52600843e+00	8.56239717e-01	6.69768713e-01
1224            	9.33427678e-02	8.19300601e-02	1.52648814e+00	8.56586837e-01	6.69901301e-01
1225            	9.34423541e-02	8.20486364e-02	1.52695534e+00	8.56920026e-01	6.70035317e-01
1226            	9.35350140e-02	8.21623412e-02	1.52741076e+00	8.57240392e-01	6.70170364e-01
1227            	9.36213486e-02	8.22712881e-02	1.52785452e+00	8.57548607e-01	6.70305909e-01
1228            	9.37029460e-02	8.23764567e-02	1.52828901e+00	8.57847452e-01	6.70441560e-01
1229            	9.37811492e-02	8.24787131e-02	1.52871666e+00	8.58139477e-01	6.70577179e-01
1230            	9.38574559e-02	8.25790244e-02	1.52914118e+00	8.58428048e-01	6.70713136e-01
1231            	9.39331089e-02	8.26784605e-02	1.52956619e+00	8.58716206e-01	6.70849988e-01
1232            	9.40031585e-02	8.27716745e-02	1.52996964e+00	8.58987977e-01	6.70981660e-01
1233            	9.40932950e-02	8.28837166e-02	1.53045156e+00	8.59319074e-01	6.71132484e-01
1234            	9.41800172e-02	8.29938942e-02	1.53092797e+00	8.59644001e-01	6.71283966e-01
1235            	9.42605361e-02	8.30995044e-02	1.53139160e+00	8.59956335e-01	6.71435263e-01
1236            	9.43229940e-02	8.31897495e-02	1.53180555e+00	8.60225768e-01	6.71579779e-01
1237            	9.43756259e-02	8.32729551e-02	1.53220275e+00	8.60477002e-01	6.71725750e-01
1238            	9.44193177e-02	8.33497592e-02	1.53258508e+00	8.60711858e-01	6.71873223e-01
1239            	9.44454860e-02	8.34132034e-02	1.53291974e+00	8.60905358e-01	6.72014386e-01
1240            	9.44708702e-02	8.34755072e-02	1.53325880e+00	8.61100272e-01	6.72158532e-01
1241            	9.44973087e-02	8.35376829e-02	1.53360218e+00	8.61298401e-01	6.72303784e-01
1242            	9.45345168e-02	8.36076768e-02	1.53398085e+00	8.61524942e-01	6.72455908e-01
1243            	9.45665582e-02	8.36723962e-02	1.53433490e+00	8.61734009e-01	6.72600893e-01
1244            	9.46021797e-02	8.37393524e-02	1.53469793e+00	8.61951143e-01	6.72746784e-01
1245            	9.46417159e-02	8.38086889e-02	1.53507168e+00	8.62177558e-01	6.72894126e-01
1246            	9.46853717e-02	8.38806397e-02	1.53545747e+00	8.62414109e-01	6.73043365e-01
1247            	9.47324196e-02	8.39548526e-02	1.53585472e+00	8.62659778e-01	6.73194938e-01
1248            	9.47806373e-02	8.40298321e-02	1.53625902e+00	8.62910149e-01	6.73348874e-01
1249            	9.48262456e-02	8.41029300e-02	1.53666215e+00	8.63157320e-01	6.73504829e-01
1250            	9.48671284e-02	8.41724915e-02	1.53705969e+00	8.63396974e-01	6.73662717e-01
1251            	9.49023091e-02	8.42373688e-02	1.53744873e+00	8.63626675e-01	6.73822057e-01
1252            	9.49325851e-02	8.42977665e-02	1.53782918e+00	8.63847175e-01	6.73982005e-01
1253            	9.49590086e-02	8.43541636e-02	1.53820204e+00	8.64060027e-01	6.74142010e-01
1254            	9.49734687e-02	8.43990087e-02	1.53853427e+00	8.64240605e-01	6.74293667e-01
1255            	9.49891321e-02	8.44440074e-02	1.53887639e+00	8.64427326e-01	6.74449062e-01
1256            	9.50098682e-02	8.44924930e-02	1.53924151e+00	8.64630625e-01	6.74610888e-01
1257            	9.50316466e-02	8.45410734e-02	1.53961251e+00	8.64837901e-01	6.74774608e-01
1258            	9.50498029e-02	8.45854275e-02	1.53996895e+00	8.65034277e-01	6.74934671e-01
1259            	9.50482399e-02	8.46121458e-02	1.54024054e+00	8.65168508e-01	6.75072028e-01
1260            	9.50465944e-02	8.46378215e-02	1.54051448e+00	8.65303833e-01	6.75210644e-01
1261            	9.50476150e-02	8.46650655e-02	1.54080261e+00	8.65448921e-01	6.75353691e-01
1262            	9.50530231e-02	8.46957217e-02	1.54111231e+00	8.65609180e-01	6.75503134e-01
1263            	9.50634329e-02	8.47305313e-02	1.54144657e+00	8.65786718e-01	6.75659852e-01
1264            	9.50607482e-02	8.47570116e-02	1.54174116e+00	8.65931327e-01	6.75809831e-01
1265            	9.50812738e-02	8.48014978e-02	1.54214998e+00	8.66156265e-01	6.75993717e-01
1266            	9.51050404e-02	8.48483786e-02	1.54257140e+00	8.66390740e-01	6.76180659e-01
1267            	9.51280551e-02	8.48938389e-02	1.54298530e+00	8.66620703e-01	6.76364592e-01
1268            	9.51470005e-02	8.49346935e-02	1.54337795e+00	8.66835976e-01	6.76541975e-01
1269            	9.51597636e-02	8.49691657e-02	1.54374516e+00	8.67032345e-01	6.76712818e-01
1270            	9.51506542e-02	8.49866248e-02	1.54402951e+00	8.67165411e-01	6.76864103e-01
1271            	9.51459966e-02	8.50066283e-02	1.54437866e+00	8.67335325e-01	6.77043332e-01
1272            	9.51327065e-02	8.50187298e-02	1.54470384e+00	8.67484627e-01	6.77219214e-01
1273            	9.51119842e-02	8.50237464e-02	1.54500340e+00	8.67613686e-01	6.77389718e-01
1274            	9.50750480e-02	8.50162095e-02	1.54523082e+00	8.67690458e-01	6.77540362e-01
1275            	9.50448137e-02	8.50132801e-02	1.54552677e+00	8.67808201e-01	6.77718573e-01
1276            	9.50151386e-02	8.50097799e-02	1.54581231e+00	8.67921295e-01	6.77891018e-01
1277            	9.49858477e-02	8.50054817e-02	1.54608350e+00	8.68027599e-01	6.78055904e-01
1278            	9.49549865e-02	8.49987611e-02	1.54633902e+00	8.68124496e-01	6.78214523e-01
1279            	9.49109665e-02	8.49823133e-02	1.54653834e+00	8.68180137e-01	6.78358204e-01
1280            	9.48804638e-02	8.49756271e-02	1.54683653e+00	8.68298731e-01	6.78537803e-01
1281            	9.48508024e-02	8.49691007e-02	1.54713381e+00	8.68417707e-01	6.78716102e-01
1282            	9.48215124e-02	8.49623151e-02	1.54742170e+00	8.68532361e-01	6.78889336e-01
1283            	9.47915211e-02	8.49542893e-02	1.54769516e+00	8.68639103e-01	6.79056061e-01
1284            	9.47595579e-02	8.49438589e-02	1.54795355e+00	8.68736333e-01	6.79217217e-01
1285            	9.47227682e-02	8.49285958e-02	1.54819702e+00	8.68821278e-01	6.79375742e-01
1286            	9.46810851e-02	8.49082765e-02	1.54843110e+00	8.68896636e-01	6.79534466e-01
1287            	9.46306303e-02	8.48782828e-02	1.54859995e+00	8.68930604e-01	6.79669344e-01
1288            	9.45804915e-02	8.48489046e-02	1.54884314e+00	8.69002060e-01	6.79841077e-01
1289            	9.45302379e-02	8.48185337e-02	1.54909786e+00	8.69079169e-01	6.80018694e-01
1290            	9.44822203e-02	8.47891438e-02	1.54936471e+00	8.69164576e-01	6.80200135e-01
1291            	9.44387290e-02	8.47626395e-02	1.54964362e+00	8.69260540e-01	6.80383082e-01
1292            	9.43851576e-02	8.47301335e-02	1.54986928e+00	8.69319797e-01	6.80549482e-01
1293            	9.43564426e-02	8.47132802e-02	1.55022458e+00	8.69468731e-01	6.80755846e-01
1294            	9.43340262e-02	8.46997534e-02	1.55059341e+00	8.69630730e-01	6.80962678e-01
1295            	9.43124675e-02	8.46851624e-02	1.55094463e+00	8.69784782e-01	6.81159847e-01
1296            	9.42867341e-02	8.46653386e-02	1.55125856e+00	8.69916012e-01	6.81342544e-01
1297            	9.42534190e-02	8.46373981e-02	1.55153022e+00	8.70018527e-01	6.81511689e-01
1298            	9.42112181e-02	8.46003021e-02	1.55176541e+00	8.70093922e-01	6.81671486e-01
1299            	9.41534529e-02	8.45512366e-02	1.55190884e+00	8.70107875e-01	6.81800970e-01
1300            	9.40963037e-02	8.44973569e-02	1.55211660e+00	8.70154606e-01	6.81961999e-01
1301            	9.40374410e-02	8.44405495e-02	1.55232941e+00	8.70202145e-01	6.82127263e-01
1302            	9.39789614e-02	8.43833327e-02	1.55255220e+00	8.70255060e-01	6.82297137e-01
1303            	9.39220398e-02	8.43273749e-02	1.55278626e+00	8.70315168e-01	6.82471088e-01
1304            	9.38669677e-02	8.42732871e-02	1.55303048e+00	8.70382207e-01	6.82648272e-01
1305            	9.38141251e-02	8.42211424e-02	1.55328353e+00	8.70455891e-01	6.82827640e-01
1306            	9.37635021e-02	8.41705460e-02	1.55354352e+00	8.70535264e-01	6.83008260e-01
1307            	9.37140338e-02	8.41203857e-02	1.55380714e+00	8.70617603e-01	6.83189536e-01
1308            	9.36654469e-02	8.40701828e-02	1.55407285e+00	8.70701870e-01	6.83370976e-01
1309            	9.36191134e-02	8.40206830e-02	1.55434192e+00	8.70790076e-01	6.83551849e-01
1310            	9.35756284e-02	8.39719855e-02	1.55461500e+00	8.70883131e-01	6.83731874e-01
1311            	9.35362009e-02	8.39250089e-02	1.55489339e+00	8.70982895e-01	6.83910494e-01
1312            	9.35010315e-02	8.38802662e-02	1.55517654e+00	8.71089304e-01	6.84087241e-01
1313            	9.34689698e-02	8.38370594e-02	1.55546213e+00	8.71200036e-01	6.84262096e-01
1314            	9.34363720e-02	8.37927948e-02	1.55574406e+00	8.71308401e-01	6.84435657e-01
1315            	9.34003049e-02	8.37453360e-02	1.55601782e+00	8.71409213e-01	6.84608604e-01
1316            	9.33570675e-02	8.36921557e-02	1.55627782e+00	8.71495975e-01	6.84781840e-01
1317            	9.33035026e-02	8.36309614e-02	1.55651945e+00	8.71563229e-01	6.84956223e-01
1318            	9.32383270e-02	8.35607359e-02	1.55674107e+00	8.71608862e-01	6.85132208e-01
1319            	9.31611743e-02	8.34809877e-02	1.55694199e+00	8.71632170e-01	6.85309822e-01
1320            	9.30724460e-02	8.33915715e-02	1.55712218e+00	8.71633538e-01	6.85488646e-01
1321            	9.29776883e-02	8.32961703e-02	1.55728907e+00	8.71622221e-01	6.85666845e-01
1322            	9.28828988e-02	8.31990603e-02	1.55745086e+00	8.71608328e-01	6.85842530e-01
1323            	9.27930787e-02	8.31039120e-02	1.55761466e+00	8.71600409e-01	6.86014252e-01
1324            	9.27109958e-02	8.30129281e-02	1.55778513e+00	8.71603562e-01	6.86181570e-01
1325            	9.26351809e-02	8.29254934e-02	1.55796135e+00	8.71615857e-01	6.86345495e-01
1326            	9.25619690e-02	8.28394332e-02	1.55813912e+00	8.71631530e-01	6.86507592e-01
1327            	9.24887756e-02	8.27530157e-02	1.55831636e+00	8.71646954e-01	6.86669403e-01
1328            	9.24131279e-02	8.26646515e-02	1.55849102e+00	8.71658636e-01	6.86832381e-01
1329            	9.23331777e-02	8.25731564e-02	1.55866114e+00	8.71663747e-01	6.86997392e-01
1330            	9.22469837e-02	8.24768463e-02	1.55882421e+00	8.71659090e-01	6.87165123e-01
1331            	9.21536424e-02	8.23750617e-02	1.55897825e+00	8.71642768e-01	6.87335483e-01
1332            	9.20558298e-02	8.22695096e-02	1.55912657e+00	8.71619116e-01	6.87507456e-01
1333            	9.19574908e-02	8.21627937e-02	1.55927441e+00	8.71594694e-01	6.87679713e-01
1334            	9.18610673e-02	8.20566004e-02	1.55942481e+00	8.71573474e-01	6.87851340e-01
1335            	9.17671972e-02	8.19515545e-02	1.55957798e+00	8.71556187e-01	6.88021792e-01
1336            	9.16765214e-02	8.18482701e-02	1.55973411e+00	8.71543576e-01	6.88190533e-01
1337            	9.15891458e-02	8.17469053e-02	1.55989297e+00	8.71535632e-01	6.88357341e-01
1338            	9.15037608e-02	8.16464817e-02	1.56005253e+00	8.71530025e-01	6.88522504e-01
1339            	9.14179385e-02	8.15451786e-02	1.56020901e+00	8.71522443e-01	6.88686566e-01
1340            	9.13295573e-02	8.14414708e-02	1.56035937e+00	8.71509242e-01	6.88850128e-01
1341            	9.12367849e-02	8.13340961e-02	1.56050097e+00	8.71487268e-01	6.89013699e-01
1342            	9.11367662e-02	8.12209542e-02	1.56062891e+00	8.71451221e-01	6.89177688e-01
1343            	9.10299980e-02	8.11025687e-02	1.56074287e+00	8.71401433e-01	6.89341437e-01
1344            	9.09176396e-02	8.09799462e-02	1.56084352e+00	8.71339401e-01	6.89504122e-01
1345            	9.08026204e-02	8.08551664e-02	1.56093497e+00	8.71270103e-01	6.89664862e-01
1346            	9.06875723e-02	8.07300848e-02	1.56102143e+00	8.71198286e-01	6.89823141e-01
1347            	9.05739704e-02	8.06057879e-02	1.56110550e+00	8.71126721e-01	6.89978780e-01
1348            	9.04627410e-02	8.04828852e-02	1.56118923e+00	8.71057355e-01	6.90131873e-01
1349            	9.03537032e-02	8.03612886e-02	1.56127289e+00	8.70990149e-01	6.90282743e-01
1350            	9.02457656e-02	8.02402384e-02	1.56135522e+00	8.70923373e-01	6.90431842e-01
1351            	9.01375459e-02	8.01186728e-02	1.56143453e+00	8.70854809e-01	6.90579717e-01
1352            	9.00266608e-02	7.99949082e-02	1.56150717e+00	8.70780248e-01	6.90726927e-01
1353            	8.99108254e-02	7.98673580e-02	1.56156964e+00	8.70695643e-01	6.90873993e-01
1354            	8.97879931e-02	7.97345604e-02	1.56161863e+00	8.70597307e-01	6.91021321e-01
1355            	8.96564076e-02	7.95951122e-02	1.56165103e+00	8.70481923e-01	6.91169107e-01
1356            	8.95153079e-02	7.94482294e-02	1.56166517e+00	8.70347891e-01	6.91317275e-01
1357            	8.93645310e-02	7.92936499e-02	1.56165990e+00	8.70194483e-01	6.91465421e-01
1358            	8.92338008e-02	7.91597905e-02	1.56164134e+00	8.70054471e-01	6.91586870e-01
1359            	8.90635683e-02	7.89867745e-02	1.56160627e+00	8.69866704e-01	6.91739567e-01
1360            	8.88847711e-02	7.88068448e-02	1.56155295e+00	8.69661247e-01	6.91891705e-01
1361            	8.87371865e-02	7.86578536e-02	1.56150352e+00	8.69488946e-01	6.92014573e-01
1362            	8.85418621e-02	7.84635075e-02	1.56141829e+00	8.69251008e-01	6.92167284e-01
1363            	8.83404490e-02	7.82651876e-02	1.56131369e+00	8.68997292e-01	6.92316394e-01
1364            	8.81817363e-02	7.81077461e-02	1.56123116e+00	8.68797315e-01	6.92433843e-01
1365            	8.79692692e-02	7.79003446e-02	1.56109532e+00	8.68516931e-01	6.92578393e-01
1366            	8.78055253e-02	7.77383018e-02	1.56099550e+00	8.68303274e-01	6.92692223e-01
1367            	8.75835627e-02	7.75224332e-02	1.56083328e+00	8.68000205e-01	6.92833079e-01
1368            	8.73593509e-02	7.73058045e-02	1.56065673e+00	8.67687717e-01	6.92969015e-01
1369            	8.71351376e-02	7.70904863e-02	1.56046790e+00	8.67369089e-01	6.93098814e-01
1370            	8.69705285e-02	7.69293111e-02	1.56033917e+00	8.67140111e-01	6.93199054e-01
1371            	8.67447398e-02	7.67120955e-02	1.56013759e+00	8.66813535e-01	6.93324056e-01
1372            	8.65175437e-02	7.64944653e-02	1.55992696e+00	8.66481025e-01	6.93445938e-01
1373            	8.62878919e-02	7.62760031e-02	1.55970510e+00	8.66140441e-01	6.93564657e-01
1374            	8.61175731e-02	7.61111983e-02	1.55955251e+00	8.65893827e-01	6.93658680e-01
1375            	8.58715300e-02	7.58793252e-02	1.55930219e+00	8.65522625e-01	6.93779564e-01
1376            	8.56153261e-02	7.56403916e-02	1.55903046e+00	8.65130554e-01	6.93899902e-01
1377            	8.53496624e-02	7.53953107e-02	1.55873588e+00	8.64717601e-01	6.94018276e-01
1378            	8.50764267e-02	7.51454843e-02	1.55841974e+00	8.64286295e-01	6.94133442e-01
1379            	8.48710248e-02	7.49553305e-02	1.55819046e+00	8.63966257e-01	6.94224207e-01
1380            	8.45801016e-02	7.46902847e-02	1.55783674e+00	8.63498472e-01	6.94338268e-01
1381            	8.42834667e-02	7.44209473e-02	1.55746524e+00	8.63016084e-01	6.94449151e-01
1382            	8.39835417e-02	7.41495048e-02	1.55707802e+00	8.62522551e-01	6.94555468e-01
1383            	8.37578713e-02	7.39426750e-02	1.55679424e+00	8.62154991e-01	6.94639248e-01
1384            	8.34493540e-02	7.36628128e-02	1.55638195e+00	8.61640327e-01	6.94741619e-01
1385            	8.31395827e-02	7.33824289e-02	1.55595974e+00	8.61119455e-01	6.94840290e-01
1386            	8.28307222e-02	7.31037274e-02	1.55553072e+00	8.60596084e-01	6.94934639e-01
1387            	8.25243306e-02	7.28280647e-02	1.55509795e+00	8.60073305e-01	6.95024644e-01
1388            	8.22217767e-02	7.25564104e-02	1.55466494e+00	8.59554248e-01	6.95110694e-01
1389            	8.19242844e-02	7.22893903e-02	1.55423560e+00	8.59042086e-01	6.95193517e-01
1390            	8.16324049e-02	7.20270794e-02	1.55381285e+00	8.58538832e-01	6.95274022e-01
1391            	8.13458921e-02	7.17689868e-02	1.55339818e+00	8.58044984e-01	6.95353200e-01
1392            	8.10635248e-02	7.15139850e-02	1.55299097e+00	8.57559012e-01	6.95431962e-01
1393            	8.07834669e-02	7.12606219e-02	1.55258894e+00	8.57077939e-01	6.95511005e-01
1394            	8.05036741e-02	7.10073975e-02	1.55218871e+00	8.56598028e-01	6.95590679e-01
1395            	8.02217905e-02	7.07526130e-02	1.55178570e+00	8.56114641e-01	6.95671060e-01
1396            	7.99342258e-02	7.04937637e-02	1.55137259e+00	8.55620521e-01	6.95752070e-01
1397            	7.95761295e-02	7.01760373e-02	1.55083568e+00	8.54993969e-01	6.95841710e-01
1398            	7.92198406e-02	6.98627667e-02	1.55028938e+00	8.54364530e-01	6.95924848e-01
1399            	7.89307482e-02	6.96085652e-02	1.54984777e+00	8.53854635e-01	6.95993139e-01
1400            	7.85809183e-02	6.93024059e-02	1.54929089e+00	8.53226363e-01	6.96064527e-01
1401            	7.82423237e-02	6.90053892e-02	1.54874279e+00	8.52613718e-01	6.96129071e-01
1402            	7.79380122e-02	6.87388932e-02	1.54824625e+00	8.52061137e-01	6.96185112e-01
1403            	7.76191087e-02	6.84544050e-02	1.54772197e+00	8.51480094e-01	6.96241876e-01
1404            	7.73143444e-02	6.81806500e-02	1.54721980e+00	8.50924242e-01	6.96295553e-01
1405            	7.70205249e-02	6.79155323e-02	1.54673633e+00	8.50388691e-01	6.96347641e-01
1406            	7.67340245e-02	6.76565292e-02	1.54626734e+00	8.49867695e-01	6.96399646e-01
1407            	7.64763770e-02	6.74229487e-02	1.54585650e+00	8.49404625e-01	6.96451871e-01
1408            	7.61824046e-02	6.71588141e-02	1.54538278e+00	8.48873797e-01	6.96508988e-01
1409            	7.58839000e-02	6.68925524e-02	1.54490377e+00	8.48335785e-01	6.96567985e-01
1410            	7.55796929e-02	6.66232568e-02	1.54441518e+00	8.47787285e-01	6.96627899e-01
1411            	7.52705518e-02	6.63512840e-02	1.54391574e+00	8.47228422e-01	6.96687319e-01
1412            	7.49582545e-02	6.60775993e-02	1.54340608e+00	8.46661296e-01	6.96744787e-01
1413            	7.45637607e-02	6.57302075e-02	1.54264719e+00	8.45887356e-01	6.96759834e-01
1414            	7.41017494e-02	6.53285307e-02	1.54167720e+00	8.44940350e-01	6.96736851e-01
1415            	7.36312475e-02	6.49271355e-02	1.54065029e+00	8.43956392e-01	6.96693897e-01
1416            	7.31625314e-02	6.45364700e-02	1.53961771e+00	8.42971385e-01	6.96646323e-01
1417            	7.28762741e-02	6.43007885e-02	1.53906726e+00	8.42409905e-01	6.96657357e-01
1418            	7.26454423e-02	6.41101776e-02	1.53863559e+00	8.41963236e-01	6.96672351e-01
1419            	7.24383211e-02	6.39365770e-02	1.53826565e+00	8.41571147e-01	6.96694505e-01
1420            	7.22277939e-02	6.37583343e-02	1.53791088e+00	8.41183234e-01	6.96727646e-01
1421            	7.20683214e-02	6.36221157e-02	1.53771476e+00	8.40925699e-01	6.96789057e-01
1422            	7.19069012e-02	6.34782578e-02	1.53753231e+00	8.40673058e-01	6.96859255e-01
1423            	7.17325064e-02	6.33208205e-02	1.53733500e+00	8.40400007e-01	6.96934994e-01
1424            	7.15824082e-02	6.31853934e-02	1.53720478e+00	8.40184798e-01	6.97019982e-01
1425            	7.13885754e-02	6.30063270e-02	1.53700189e+00	8.39889519e-01	6.97112368e-01
1426            	7.12188136e-02	6.28498990e-02	1.53683923e+00	8.39638429e-01	6.97200802e-01
1427            	7.09952465e-02	6.26389104e-02	1.53656209e+00	8.39276294e-01	6.97285801e-01
1428            	7.07295470e-02	6.23888356e-02	1.53615140e+00	8.38805247e-01	6.97346153e-01
1429            	7.04896659e-02	6.21663421e-02	1.53578786e+00	8.38383596e-01	6.97404264e-01
1430            	7.02784053e-02	6.19728125e-02	1.53547281e+00	8.38014812e-01	6.97458002e-01
1431            	7.00331693e-02	6.17428633e-02	1.53504426e+00	8.37555301e-01	6.97488963e-01
1432            	6.98265809e-02	6.15509973e-02	1.53469601e+00	8.37174584e-01	6.97521422e-01
1433            	6.95542110e-02	6.12967808e-02	1.53416515e+00	8.36636785e-01	6.97528363e-01
1434            	6.93360817e-02	6.10966792e-02	1.53376360e+00	8.36217884e-01	6.97545720e-01
1435            	6.91569614e-02	6.09358381e-02	1.53345606e+00	8.35884990e-01	6.97571067e-01
1436            	6.89208750e-02	6.07244988e-02	1.53299678e+00	8.35419266e-01	6.97577516e-01
1437            	6.87307877e-02	6.05580171e-02	1.53265979e+00	8.35060685e-01	6.97599109e-01
1438            	6.85703529e-02	6.04203083e-02	1.53240408e+00	8.34772393e-01	6.97631687e-01
1439            	6.84145780e-02	6.02866406e-02	1.53217903e+00	8.34504095e-01	6.97674939e-01
1440            	6.82030395e-02	6.01023807e-02	1.53182417e+00	8.34115124e-01	6.97709045e-01
1441            	6.80127378e-02	5.99379773e-02	1.53152994e+00	8.33777709e-01	6.97752233e-01
1442            	6.78584598e-02	5.98041031e-02	1.53131035e+00	8.33513636e-01	6.97796716e-01
1443            	6.77019049e-02	5.96663114e-02	1.53109734e+00	8.33250574e-01	6.97846764e-01
1444            	6.75450124e-02	5.95253172e-02	1.53088990e+00	8.32989961e-01	6.97899937e-01
1445            	6.73188184e-02	5.93174750e-02	1.53051310e+00	8.32575371e-01	6.97937734e-01
1446            	6.71138046e-02	5.91302055e-02	1.53017394e+00	8.32200776e-01	6.97973166e-01
1447            	6.69228410e-02	5.89557143e-02	1.52985597e+00	8.31850824e-01	6.98005142e-01
1448            	6.67588427e-02	5.88063700e-02	1.52958559e+00	8.31551636e-01	6.98033950e-01
1449            	6.65950449e-02	5.86560789e-02	1.52931501e+00	8.31252549e-01	6.98062459e-01
1450            	6.64344342e-02	5.85069701e-02	1.52905026e+00	8.30959564e-01	6.98090695e-01
1451            	6.62283659e-02	5.83128609e-02	1.52864832e+00	8.30552525e-01	6.98095793e-01
1452            	6.60262100e-02	5.81253933e-02	1.52826188e+00	8.30157148e-01	6.98104728e-01
1453            	6.58691917e-02	5.79814465e-02	1.52797655e+00	8.29857468e-01	6.98119084e-01
1454            	6.57133331e-02	5.78399610e-02	1.52770423e+00	8.29565450e-01	6.98138784e-01
1455            	6.55604113e-02	5.77015876e-02	1.52744857e+00	8.29284696e-01	6.98163873e-01
1456            	6.54126085e-02	5.75674450e-02	1.52721287e+00	8.29019046e-01	6.98193829e-01
1457            	6.52422344e-02	5.74101178e-02	1.52690136e+00	8.28692914e-01	6.98208445e-01
1458            	6.50808343e-02	5.72627070e-02	1.52662056e+00	8.28391113e-01	6.98229445e-01
1459            	6.49445825e-02	5.71393356e-02	1.52639918e+00	8.28144170e-01	6.98255005e-01
1460            	6.48106780e-02	5.70179368e-02	1.52619200e+00	8.27906678e-01	6.98285322e-01
1461            	6.46808624e-02	5.68992697e-02	1.52600009e+00	8.27680909e-01	6.98319184e-01
1462            	6.45567518e-02	5.67841514e-02	1.52582403e+00	8.27468766e-01	6.98355262e-01
1463            	6.44198276e-02	5.66525951e-02	1.52559109e+00	8.27215373e-01	6.98375718e-01
1464            	6.43010990e-02	5.65391846e-02	1.52539901e+00	8.27000605e-01	6.98398407e-01
1465            	6.41818591e-02	5.64257923e-02	1.52521081e+00	8.26787264e-01	6.98423546e-01
1466            	6.40623357e-02	5.63124794e-02	1.52502597e+00	8.26575322e-01	6.98450650e-01
1467            	6.39435555e-02	5.61999071e-02	1.52484537e+00	8.26366239e-01	6.98479128e-01
1468            	6.38061227e-02	5.60673601e-02	1.52459387e+00	8.26103058e-01	6.98490812e-01
1469            	6.36889370e-02	5.59563560e-02	1.52439018e+00	8.25884025e-01	6.98506151e-01
1470            	6.35733075e-02	5.58481879e-02	1.52419623e+00	8.25671423e-01	6.98524808e-01
1471            	6.34596461e-02	5.57426264e-02	1.52401284e+00	8.25466064e-01	6.98546772e-01
1472            	6.33790183e-02	5.56679317e-02	1.52389524e+00	8.25326637e-01	6.98568600e-01
1473            	6.32636657e-02	5.55568297e-02	1.52369552e+00	8.25111424e-01	6.98584093e-01
1474            	6.31528553e-02	5.54510757e-02	1.52351595e+00	8.24910832e-01	6.98605121e-01
1475            	6.30464905e-02	5.53505873e-02	1.52335380e+00	8.24723390e-01	6.98630409e-01
1476            	6.29446201e-02	5.52549003e-02	1.52320720e+00	8.24548220e-01	6.98658980e-01
1477            	6.28739393e-02	5.51887844e-02	1.52311749e+00	8.24432684e-01	6.98684806e-01
1478            	6.27741357e-02	5.50908834e-02	1.52296150e+00	8.24254884e-01	6.98706613e-01
1479            	6.26799908e-02	5.49991685e-02	1.52282404e+00	8.24092011e-01	6.98732029e-01
1480            	6.25895200e-02	5.49118442e-02	1.52269856e+00	8.23938800e-01	6.98759760e-01
1481            	6.25266683e-02	5.48515326e-02	1.52262164e+00	8.23837486e-01	6.98784150e-01
1482            	6.24624915e-02	5.47890866e-02	1.52254878e+00	8.23736879e-01	6.98811896e-01
1483            	6.23965283e-02	5.47236144e-02	1.52247935e+00	8.23636205e-01	6.98843148e-01
1484            	6.23018560e-02	5.46257331e-02	1.52234561e+00	8.23474662e-01	6.98870950e-01
1485            	6.22106586e-02	5.45332141e-02	1.52221995e+00	8.23320632e-01	6.98899315e-01
1486            	6.21219742e-02	5.44462135e-02	1.52209637e+00	8.23170157e-01	6.98926209e-01
1487            	6.20611140e-02	5.43875732e-02	1.52201823e+00	8.23070229e-01	6.98948001e-01
1488            	6.19981809e-02	5.43278653e-02	1.52193769e+00	8.22967028e-01	6.98970666e-01
1489            	6.19338953e-02	5.42665077e-02	1.52185808e+00	8.22862934e-01	6.98995143e-01
1490            	6.18427956e-02	5.41779541e-02	1.52171055e+00	8.22698072e-01	6.99012481e-01
1491            	6.17594359e-02	5.40974069e-02	1.52158175e+00	8.22550308e-01	6.99031437e-01
1492            	6.16806078e-02	5.40233100e-02	1.52146261e+00	8.22411912e-01	6.99050696e-01
1493            	6.16250932e-02	5.39706799e-02	1.52138843e+00	8.22319309e-01	6.99069122e-01
1494            	6.15682011e-02	5.39168965e-02	1.52131642e+00	8.22226409e-01	6.99090007e-01
1495            	6.14930235e-02	5.38439776e-02	1.52119979e+00	8.22092919e-01	6.99106872e-01
1496            	6.14305005e-02	5.37839877e-02	1.52111479e+00	8.21987896e-01	6.99126895e-01
1497            	6.13734497e-02	5.37286551e-02	1.52104523e+00	8.21896063e-01	6.99149163e-01
1498            	6.13188731e-02	5.36750196e-02	1.52098546e+00	8.21811603e-01	6.99173857e-01
1499            	6.12649143e-02	5.36213465e-02	1.52093158e+00	8.21730704e-01	6.99200876e-01
1500            	6.12009590e-02	5.35565078e-02	1.52085135e+00	8.21626632e-01	6.99224714e-01
1501            	6.11421921e-02	5.34966926e-02	1.52078079e+00	8.21532586e-01	6.99248202e-01
1502            	6.10938041e-02	5.34467086e-02	1.52073316e+00	8.21460385e-01	6.99272777e-01
1503            	6.10412184e-02	5.33910922e-02	1.52068288e+00	8.21382657e-01	6.99300220e-01
1504            	6.09939606e-02	5.33419087e-02	1.52064176e+00	8.21314843e-01	6.99326922e-01
1505            	6.09393760e-02	5.32848320e-02	1.52058014e+00	8.21229444e-01	6.99350692e-01
1506            	6.08863435e-02	5.32289233e-02	1.52052108e+00	8.21146882e-01	6.99374195e-01
1507            	6.08377875e-02	5.31766983e-02	1.52046707e+00	8.21071322e-01	6.99395747e-01
1508            	6.07881534e-02	5.31239803e-02	1.52041162e+00	8.20993963e-01	6.99417656e-01
1509            	6.07420722e-02	5.30764245e-02	1.52036181e+00	8.20922977e-01	6.99438833e-01
1510            	6.06947009e-02	5.30278193e-02	1.52031118e+00	8.20850289e-01	6.99460887e-01
1511            	6.06410273e-02	5.29723469e-02	1.52025287e+00	8.20767463e-01	6.99485408e-01
1512            	6.05871692e-02	5.29171096e-02	1.52019554e+00	8.20684940e-01	6.99510602e-01
1513            	6.05341481e-02	5.28630839e-02	1.52013979e+00	8.20604041e-01	6.99535745e-01
1514            	6.04826507e-02	5.28108807e-02	1.52008545e+00	8.20525375e-01	6.99560073e-01
1515            	6.04331871e-02	5.27608232e-02	1.52003261e+00	8.20449493e-01	6.99583119e-01
1516            	6.03860936e-02	5.27130334e-02	1.51998153e+00	8.20376859e-01	6.99604672e-01
1517            	6.03413644e-02	5.26673377e-02	1.51993216e+00	8.20307443e-01	6.99624714e-01
1518            	6.02989431e-02	5.26235523e-02	1.51988478e+00	8.20241331e-01	6.99643445e-01
1519            	6.02584552e-02	5.25812935e-02	1.51983927e+00	8.20178090e-01	6.99661180e-01
1520            	6.02191764e-02	5.25399469e-02	1.51979483e+00	8.20116593e-01	6.99678241e-01
1521            	6.01805279e-02	5.24990587e-02	1.51975100e+00	8.20056029e-01	6.99694973e-01
1522            	6.01420101e-02	5.24582449e-02	1.51970735e+00	8.19995686e-01	6.99711666e-01
1523            	6.01032263e-02	5.24171824e-02	1.51966348e+00	8.19934967e-01	6.99728514e-01
1524            	6.00638688e-02	5.23755900e-02	1.51961893e+00	8.19873333e-01	6.99745595e-01
1525            	6.00207126e-02	5.23304346e-02	1.51956887e+00	8.19805149e-01	6.99763724e-01
1526            	5.99784232e-02	5.22859599e-02	1.51951961e+00	8.19738226e-01	6.99781379e-01
1527            	5.99374516e-02	5.22424590e-02	1.51947221e+00	8.19673558e-01	6.99798655e-01
1528            	5.98983127e-02	5.22002689e-02	1.51942814e+00	8.19612384e-01	6.99815758e-01
1529            	5.98648136e-02	5.21630076e-02	1.51939374e+00	8.19561685e-01	6.99832058e-01
1530            	5.98296417e-02	5.21231462e-02	1.51936028e+00	8.19509779e-01	6.99850496e-01
1531            	5.98005518e-02	5.20885612e-02	1.51933813e+00	8.19469616e-01	6.99868512e-01
1532            	5.97736596e-02	5.20551181e-02	1.51932326e+00	8.19435291e-01	6.99887972e-01
1533            	5.97491442e-02	5.20229189e-02	1.51931613e+00	8.19407208e-01	6.99908920e-01
1534            	5.97270176e-02	5.19919688e-02	1.51931643e+00	8.19385233e-01	6.99931197e-01
1535            	5.97071118e-02	5.19621664e-02	1.51932329e+00	8.19368758e-01	6.99954535e-01
1536            	5.96890486e-02	5.19332814e-02	1.51933527e+00	8.19356685e-01	6.99978588e-01
1537            	5.96723236e-02	5.19050525e-02	1.51935050e+00	8.19347573e-01	7.00002926e-01
1538            	5.96564049e-02	5.18772642e-02	1.51936705e+00	8.19339930e-01	7.00027120e-01
1539            	5.96407835e-02	5.18497144e-02	1.51938319e+00	8.19332376e-01	7.00050810e-01
1540            	5.96272476e-02	5.18273056e-02	1.51939942e+00	8.19326955e-01	7.00072460e-01
1541            	5.96107354e-02	5.17990870e-02	1.51941147e+00	8.19316473e-01	7.00095002e-01
1542            	5.95957736e-02	5.17756641e-02	1.51942257e+00	8.19307059e-01	7.00115511e-01
1543            	5.95781981e-02	5.17468727e-02	1.51942989e+00	8.19293144e-01	7.00136748e-01
1544            	5.95608037e-02	5.17186138e-02	1.51943583e+00	8.19278719e-01	7.00157111e-01
1545            	5.95441855e-02	5.16914311e-02	1.51944150e+00	8.19264934e-01	7.00176563e-01
1546            	5.95289072e-02	5.16657477e-02	1.51944826e+00	8.19253036e-01	7.00195222e-01
1547            	5.95158228e-02	5.16452240e-02	1.51945638e+00	8.19244014e-01	7.00212368e-01
1548            	5.95038840e-02	5.16254119e-02	1.51946711e+00	8.19237439e-01	7.00229671e-01
1549            	5.94934861e-02	5.16064037e-02	1.51948208e+00	8.19234524e-01	7.00247552e-01
1550            	5.94850899e-02	5.15884427e-02	1.51950276e+00	8.19236471e-01	7.00266291e-01
1551            	5.94808664e-02	5.15698347e-02	1.51953684e+00	8.19249287e-01	7.00287554e-01
1552            	5.94782591e-02	5.15556613e-02	1.51957247e+00	8.19264494e-01	7.00307976e-01
1553            	5.94786057e-02	5.15433205e-02	1.51961597e+00	8.19286590e-01	7.00329379e-01
1554            	5.94852807e-02	5.15318426e-02	1.51967835e+00	8.19324457e-01	7.00353896e-01
1555            	5.94913997e-02	5.15234822e-02	1.51973671e+00	8.19359753e-01	7.00376953e-01
1556            	5.95040625e-02	5.15162543e-02	1.51981451e+00	8.19411318e-01	7.00403194e-01
1557            	5.95141219e-02	5.15108283e-02	1.51988309e+00	8.19455665e-01	7.00427421e-01
1558            	5.95252065e-02	5.15060700e-02	1.51995493e+00	8.19502672e-01	7.00452259e-01
1559            	5.95421180e-02	5.15019718e-02	1.52004508e+00	8.19564657e-01	7.00480421e-01
1560            	5.95596237e-02	5.14987047e-02	1.52013665e+00	8.19627948e-01	7.00508701e-01
1561            	5.95720177e-02	5.14956348e-02	1.52021210e+00	8.19678069e-01	7.00534034e-01
1562            	5.95840397e-02	5.14923965e-02	1.52028697e+00	8.19727527e-01	7.00559448e-01
1563            	5.95957402e-02	5.14888966e-02	1.52036158e+00	8.19776530e-01	7.00585050e-01
1564            	5.96073184e-02	5.14851873e-02	1.52043642e+00	8.19825527e-01	7.00610890e-01
1565            	5.96190249e-02	5.14813955e-02	1.52051200e+00	8.19875026e-01	7.00636976e-01
1566            	5.96311545e-02	5.14777240e-02	1.52058882e+00	8.19925564e-01	7.00663255e-01
1567            	5.96439563e-02	5.14743951e-02	1.52066713e+00	8.19977519e-01	7.00689607e-01
1568            	5.96576780e-02	5.14716457e-02	1.52074718e+00	8.20031267e-01	7.00715911e-01
1569            	5.96724803e-02	5.14696529e-02	1.52082918e+00	8.20087070e-01	7.00742109e-01
1570            	5.96884620e-02	5.14685161e-02	1.52091344e+00	8.20145184e-01	7.00768260e-01
1571            	5.97056678e-02	5.14682652e-02	1.52100033e+00	8.20205833e-01	7.00794497e-01
1572            	5.97239903e-02	5.14688508e-02	1.52108987e+00	8.20268923e-01	7.00820943e-01
1573            	5.97431748e-02	5.14701269e-02	1.52118175e+00	8.20334052e-01	7.00847702e-01
1574            	5.97681526e-02	5.14719732e-02	1.52129218e+00	8.20414244e-01	7.00877939e-01
1575            	5.97880773e-02	5.14745183e-02	1.52138600e+00	8.20481077e-01	7.00904923e-01
1576            	5.98076752e-02	5.14770956e-02	1.52147980e+00	8.20547574e-01	7.00932224e-01
1577            	5.98266116e-02	5.14793775e-02	1.52157323e+00	8.20613227e-01	7.00960004e-01
1578            	5.98446191e-02	5.14811047e-02	1.52166597e+00	8.20677605e-01	7.00988367e-01
1579            	5.98615876e-02	5.14821548e-02	1.52175783e+00	8.20740504e-01	7.01017328e-01
1580            	5.98774856e-02	5.14824767e-02	1.52184864e+00	8.20801808e-01	7.01046836e-01
1581            	5.98923422e-02	5.14821252e-02	1.52193818e+00	8.20861430e-01	7.01076746e-01
1582            	5.99062726e-02	5.14812261e-02	1.52202632e+00	8.20919432e-01	7.01106887e-01
1583            	5.99194059e-02	5.14799130e-02	1.52211303e+00	8.20975921e-01	7.01137109e-01
1584            	5.99318221e-02	5.14783228e-02	1.52219814e+00	8.21030890e-01	7.01167246e-01
1585            	5.99435557e-02	5.14765593e-02	1.52228148e+00	8.21084293e-01	7.01197182e-01
1586            	5.99545584e-02	5.14746397e-02	1.52236288e+00	8.21136001e-01	7.01226884e-01
1587            	5.99647046e-02	5.14725312e-02	1.52244211e+00	8.21185760e-01	7.01256351e-01
1588            	5.99763953e-02	5.14691213e-02	1.52253108e+00	8.21241936e-01	7.01289146e-01
1589            	5.99847133e-02	5.14671031e-02	1.52260461e+00	8.21287017e-01	7.01317590e-01
1590            	5.99914435e-02	5.14646171e-02	1.52267441e+00	8.21328648e-01	7.01345761e-01
1591            	5.99961742e-02	5.14613367e-02	1.52274004e+00	8.21366193e-01	7.01373845e-01
1592            	5.99997455e-02	5.14555320e-02	1.52281016e+00	8.21404826e-01	7.01405336e-01
1593            	6.00000957e-02	5.14505567e-02	1.52286597e+00	8.21433081e-01	7.01432889e-01
1594            	5.99979912e-02	5.14424084e-02	1.52292319e+00	8.21459585e-01	7.01463602e-01
1595            	5.99932886e-02	5.14351214e-02	1.52296732e+00	8.21476951e-01	7.01490373e-01
1596            	5.99855352e-02	5.14260955e-02	1.52300497e+00	8.21488023e-01	7.01516952e-01
1597            	5.99745406e-02	5.14150761e-02	1.52303597e+00	8.21492524e-01	7.01543443e-01
1598            	5.99584995e-02	5.13990103e-02	1.52306283e+00	8.21489912e-01	7.01572913e-01
1599            	5.99422063e-02	5.13846259e-02	1.52308145e+00	8.21482933e-01	7.01598521e-01
1600            	5.99233361e-02	5.13683708e-02	1.52309403e+00	8.21470349e-01	7.01623677e-01
1601            	5.98989304e-02	5.13464937e-02	1.52310026e+00	8.21449058e-01	7.01651197e-01
1602            	5.98765392e-02	5.13275617e-02	1.52310286e+00	8.21427971e-01	7.01674893e-01
1603            	5.98488603e-02	5.13031564e-02	1.52309889e+00	8.21398308e-01	7.01700587e-01
1604            	5.98243029e-02	5.12824438e-02	1.52309405e+00	8.21371329e-01	7.01722724e-01
1605            	5.97945800e-02	5.12563887e-02	1.52308286e+00	8.21336009e-01	7.01746849e-01
1606            	5.97686183e-02	5.12345105e-02	1.52307305e+00	8.21305144e-01	7.01767907e-01
1607            	5.97415753e-02	5.12117663e-02	1.52306103e+00	8.21272088e-01	7.01788938e-01
1608            	5.97087481e-02	5.11834463e-02	1.52304262e+00	8.21230056e-01	7.01812560e-01
1609            	5.96799600e-02	5.11596043e-02	1.52302752e+00	8.21193719e-01	7.01833799e-01
1610            	5.96448931e-02	5.11301262e-02	1.52300547e+00	8.21147626e-01	7.01857840e-01
1611            	5.96140361e-02	5.11052902e-02	1.52298721e+00	8.21107642e-01	7.01879570e-01
1612            	5.95762065e-02	5.10745678e-02	1.52296085e+00	8.21056630e-01	7.01904217e-01
1613            	5.95373827e-02	5.10436047e-02	1.52293252e+00	8.21003641e-01	7.01928876e-01
1614            	5.94976706e-02	5.10124598e-02	1.52290204e+00	8.20948691e-01	7.01953349e-01
1615            	5.94627828e-02	5.09860812e-02	1.52287592e+00	8.20900743e-01	7.01975177e-01
1616            	5.94196249e-02	5.09531170e-02	1.52283841e+00	8.20838828e-01	7.01999578e-01
1617            	5.93748240e-02	5.09192394e-02	1.52279704e+00	8.20773345e-01	7.02023697e-01
1618            	5.93350751e-02	5.08899105e-02	1.52276040e+00	8.20715273e-01	7.02045122e-01
1619            	5.92858151e-02	5.08530133e-02	1.52270924e+00	8.20640435e-01	7.02068805e-01
1620            	5.92348855e-02	5.08148708e-02	1.52265364e+00	8.20561703e-01	7.02091932e-01
1621            	5.91827643e-02	5.07757229e-02	1.52259409e+00	8.20479808e-01	7.02114280e-01
1622            	5.91298376e-02	5.07357697e-02	1.52253115e+00	8.20395414e-01	7.02135739e-01
1623            	5.90764271e-02	5.06951928e-02	1.52246542e+00	8.20309138e-01	7.02156284e-01
1624            	5.90302535e-02	5.06602934e-02	1.52240916e+00	8.20234835e-01	7.02174328e-01
1625            	5.89747876e-02	5.06176325e-02	1.52233730e+00	8.20143440e-01	7.02193865e-01
1626            	5.89186458e-02	5.05742617e-02	1.52226333e+00	8.20050312e-01	7.02213020e-01
1627            	5.88621817e-02	5.05304991e-02	1.52218800e+00	8.19956184e-01	7.02231820e-01
1628            	5.88134683e-02	5.04930359e-02	1.52212466e+00	8.19875800e-01	7.02248864e-01
1629            	5.87554180e-02	5.04479791e-02	1.52204612e+00	8.19778478e-01	7.02267642e-01
1630            	5.86967598e-02	5.04025469e-02	1.52196647e+00	8.19679997e-01	7.02286478e-01
1631            	5.86459771e-02	5.03636775e-02	1.52189964e+00	8.19595799e-01	7.02303844e-01
1632            	5.85936883e-02	5.03238369e-02	1.52183069e+00	8.19509031e-01	7.02321655e-01
1633            	5.85301964e-02	5.02753267e-02	1.52174372e+00	8.19402056e-01	7.02341663e-01
1634            	5.84741954e-02	5.02330907e-02	1.52166882e+00	8.19308608e-01	7.02360217e-01
1635            	5.84065681e-02	5.01819207e-02	1.52157444e+00	8.19193788e-01	7.02380652e-01
1636            	5.83471368e-02	5.01374182e-02	1.52149272e+00	8.19093496e-01	7.02399222e-01
1637            	5.82761028e-02	5.00839699e-02	1.52139060e+00	8.18971403e-01	7.02419198e-01
1638            	5.82139305e-02	5.00375263e-02	1.52130200e+00	8.18864930e-01	7.02437069e-01
1639            	5.81504297e-02	4.99900718e-02	1.52120997e+00	8.18755415e-01	7.02454555e-01
1640            	5.80853497e-02	4.99414079e-02	1.52111418e+00	8.18642441e-01	7.02471742e-01
1641            	5.80186779e-02	4.98915072e-02	1.52101464e+00	8.18525999e-01	7.02488643e-01
1642            	5.79505914e-02	4.98404837e-02	1.52091165e+00	8.18406417e-01	7.02505235e-01
1643            	5.78814342e-02	4.97885826e-02	1.52080580e+00	8.18284334e-01	7.02521466e-01
1644            	5.78115431e-02	4.97360425e-02	1.52069768e+00	8.18160382e-01	7.02537296e-01
1645            	5.77411777e-02	4.96830499e-02	1.52058776e+00	8.18035058e-01	7.02552702e-01
1646            	5.76706371e-02	4.96298224e-02	1.52047663e+00	8.17908950e-01	7.02567676e-01
1647            	5.76001873e-02	4.95765529e-02	1.52036483e+00	8.17782604e-01	7.02582229e-01
1648            	5.75301962e-02	4.95234989e-02	1.52025312e+00	8.17656756e-01	7.02596363e-01
1649            	5.74609636e-02	4.94708633e-02	1.52014214e+00	8.17532032e-01	7.02610105e-01
1650            	5.74013172e-02	4.94248264e-02	1.52004677e+00	8.17424702e-01	7.02622068e-01
1651            	5.73389309e-02	4.93767878e-02	1.51994804e+00	8.17312951e-01	7.02635089e-01
1652            	5.72716597e-02	4.93252968e-02	1.51984156e+00	8.17192438e-01	7.02649118e-01
1653            	5.71942901e-02	4.92666428e-02	1.51971699e+00	8.17052788e-01	7.02664207e-01
1654            	5.71138227e-02	4.92057070e-02	1.51958514e+00	8.16906393e-01	7.02678748e-01
1655            	5.70387666e-02	4.91486341e-02	1.51946108e+00	8.16769308e-01	7.02691775e-01
1656            	5.69707584e-02	4.90965381e-02	1.51934838e+00	8.16644950e-01	7.02703433e-01
1657            	5.69084140e-02	4.90485583e-02	1.51924528e+00	8.16531053e-01	7.02714225e-01
1658            	5.68485701e-02	4.90025313e-02	1.51914696e+00	8.16422052e-01	7.02724912e-01
1659            	5.67876558e-02	4.89559920e-02	1.51904759e+00	8.16311448e-01	7.02736137e-01
1660            	5.67246394e-02	4.89082744e-02	1.51894545e+00	8.16197364e-01	7.02748085e-01
1661            	5.66590517e-02	4.88590616e-02	1.51883956e+00	8.16078831e-01	7.02760728e-01
1662            	5.65910921e-02	4.88084455e-02	1.51872987e+00	8.15956029e-01	7.02773845e-01
1663            	5.65217039e-02	4.87569876e-02	1.51861754e+00	8.15830473e-01	7.02787066e-01
1664            	5.64517943e-02	4.87052070e-02	1.51850369e+00	8.15703638e-01	7.02800050e-01
1665            	5.63818113e-02	4.86533014e-02	1.51838878e+00	8.15576202e-01	7.02812579e-01
1666            	5.63117932e-02	4.86011992e-02	1.51827269e+00	8.15448136e-01	7.02824550e-01
1667            	5.62415643e-02	4.85486936e-02	1.51815499e+00	8.15319061e-01	7.02835932e-01
1668            	5.61712286e-02	4.84957978e-02	1.51803585e+00	8.15189153e-01	7.02846696e-01
1669            	5.61009405e-02	4.84425969e-02	1.51791554e+00	8.15058712e-01	7.02856831e-01
1670            	5.60309488e-02	4.83892783e-02	1.51779457e+00	8.14928234e-01	7.02866337e-01
1671            	5.59519370e-02	4.83286678e-02	1.51765468e+00	8.14779275e-01	7.02875401e-01
1672            	5.58783490e-02	4.82717722e-02	1.51752325e+00	8.14639974e-01	7.02883276e-01
1673            	5.58094852e-02	4.82181584e-02	1.51739947e+00	8.14509220e-01	7.02890249e-01
1674            	5.57447652e-02	4.81674855e-02	1.51728279e+00	8.14386162e-01	7.02896632e-01
1675            	5.56835804e-02	4.81194138e-02	1.51717266e+00	8.14269913e-01	7.02902752e-01
1676            	5.56251433e-02	4.80734704e-02	1.51706814e+00	8.14159214e-01	7.02908927e-01
1677            	5.55683963e-02	4.80289713e-02	1.51696767e+00	8.14052229e-01	7.02915436e-01
1678            	5.55120707e-02	4.79850647e-02	1.51686913e+00	8.13946638e-01	7.02922496e-01
1679            	5.54431011e-02	4.79328112e-02	1.51674820e+00	8.13817202e-01	7.02931000e-01
1680            	5.53727965e-02	4.78798182e-02	1.51662505e+00	8.13685323e-01	7.02939730e-01
1681            	5.53136722e-02	4.78345777e-02	1.51652258e+00	8.13574963e-01	7.02947618e-01
1682            	5.52410141e-02	4.77804831e-02	1.51639532e+00	8.13438676e-01	7.02956647e-01
1683            	5.51794478e-02	4.77339338e-02	1.51628808e+00	8.13323487e-01	7.02964591e-01
1684            	5.51165180e-02	4.76866570e-02	1.51617821e+00	8.13205623e-01	7.02972587e-01
1685            	5.50520311e-02	4.76384805e-02	1.51606523e+00	8.13084646e-01	7.02980584e-01
1686            	5.49729449e-02	4.75806358e-02	1.51592430e+00	8.12935094e-01	7.02989204e-01
1687            	5.49065408e-02	4.75311184e-02	1.51580563e+00	8.12809355e-01	7.02996273e-01
1688            	5.48268375e-02	4.74726511e-02	1.51566027e+00	8.12656971e-01	7.03003296e-01
1689            	5.47611822e-02	4.74233587e-02	1.51553978e+00	8.12531070e-01	7.03008706e-01
1690            	5.46961350e-02	4.73743772e-02	1.51541915e+00	8.12405712e-01	7.03013442e-01
1691            	5.46181081e-02	4.73165553e-02	1.51527190e+00	8.12254059e-01	7.03017843e-01
1692            	5.45542945e-02	4.72680982e-02	1.51515096e+00	8.12129774e-01	7.03021185e-01
1693            	5.44783026e-02	4.72113557e-02	1.51500488e+00	8.11980744e-01	7.03024138e-01
1694            	5.44167553e-02	4.71642748e-02	1.51488647e+00	8.11859988e-01	7.03026478e-01
1695            	5.43560887e-02	4.71178705e-02	1.51476960e+00	8.11740888e-01	7.03028710e-01
1696            	5.42832677e-02	4.70633757e-02	1.51462832e+00	8.11597430e-01	7.03030894e-01
1697            	5.42239589e-02	4.70180517e-02	1.51451392e+00	8.11480920e-01	7.03033003e-01
1698            	5.41527768e-02	4.69649353e-02	1.51437591e+00	8.11340731e-01	7.03035178e-01
1699            	5.40947632e-02	4.69207693e-02	1.51426428e+00	8.11226904e-01	7.03037378e-01
1700            	5.40366862e-02	4.68767953e-02	1.51415308e+00	8.11113224e-01	7.03039852e-01
1701            	5.39656022e-02	4.68244001e-02	1.51401642e+00	8.10973811e-01	7.03042606e-01
1702            	5.39065936e-02	4.67801042e-02	1.51390380e+00	8.10858491e-01	7.03045304e-01
1703            	5.38340776e-02	4.67270230e-02	1.51376447e+00	8.10716315e-01	7.03048159e-01
1704            	5.37737264e-02	4.66819790e-02	1.51364901e+00	8.10598231e-01	7.03050778e-01
1705            	5.37120926e-02	4.66361723e-02	1.51353104e+00	8.10477614e-01	7.03053429e-01
1706            	5.36354964e-02	4.65805232e-02	1.51338302e+00	8.10327005e-01	7.03056012e-01
1707            	5.35712737e-02	4.65329078e-02	1.51325886e+00	8.10200701e-01	7.03058154e-01
1708            	5.34920052e-02	4.64752871e-02	1.51310366e+00	8.10043836e-01	7.03059825e-01
1709            	5.34259900e-02	4.64262489e-02	1.51297392e+00	8.09912948e-01	7.03060968e-01
1710            	5.33587989e-02	4.63763699e-02	1.51284093e+00	8.09779264e-01	7.03061666e-01
1711            	5.32762314e-02	4.63161858e-02	1.51267532e+00	8.09613893e-01	7.03061430e-01
1712            	5.32079046e-02	4.62652911e-02	1.51253748e+00	8.09476646e-01	7.03060837e-01
1713            	5.31390326e-02	4.62140003e-02	1.51239753e+00	8.09337797e-01	7.03059732e-01
1714            	5.30553669e-02	4.61528030e-02	1.51222554e+00	8.09168135e-01	7.03057401e-01
1715            	5.29869836e-02	4.61017007e-02	1.51208423e+00	8.09029097e-01	7.03055130e-01
1716            	5.29188489e-02	4.60508179e-02	1.51194273e+00	8.08890214e-01	7.03052517e-01
1717            	5.28368240e-02	4.59907375e-02	1.51177109e+00	8.08722369e-01	7.03048721e-01
1718            	5.27703375e-02	4.59410070e-02	1.51163162e+00	8.08586148e-01	7.03045473e-01
1719            	5.27042427e-02	4.58916748e-02	1.51149283e+00	8.08450658e-01	7.03042173e-01
1720            	5.26380608e-02	4.58424499e-02	1.51135397e+00	8.08315045e-01	7.03038923e-01
1721            	5.25578261e-02	4.57840809e-02	1.51118520e+00	8.08150425e-01	7.03034772e-01
1722            	5.24922825e-02	4.57354621e-02	1.51104744e+00	8.08016002e-01	7.03031437e-01
1723            	5.24268300e-02	4.56870606e-02	1.51090999e+00	8.07881827e-01	7.03028167e-01
1724            	5.23611174e-02	4.56386399e-02	1.51077216e+00	8.07747195e-01	7.03024961e-01
1725            	5.22949267e-02	4.55900414e-02	1.51063342e+00	8.07611636e-01	7.03021783e-01
1726            	5.22281886e-02	4.55411986e-02	1.51049354e+00	8.07474959e-01	7.03018581e-01
1727            	5.21609304e-02	4.54921012e-02	1.51035245e+00	8.07337153e-01	7.03015292e-01
1728            	5.20932541e-02	4.54427771e-02	1.51021019e+00	8.07198347e-01	7.03011839e-01
1729            	5.20116184e-02	4.53842607e-02	1.51003735e+00	8.07030294e-01	7.03007057e-01
1730            	5.19450040e-02	4.53354362e-02	1.50989558e+00	8.06892795e-01	7.03002787e-01
1731            	5.18790086e-02	4.52869792e-02	1.50975435e+00	8.06756183e-01	7.02998166e-01
1732            	5.18134263e-02	4.52387700e-02	1.50961330e+00	8.06620075e-01	7.02993223e-01
1733            	5.17480931e-02	4.51907140e-02	1.50947216e+00	8.06484171e-01	7.02987985e-01
1734            	5.16828964e-02	4.51427467e-02	1.50933075e+00	8.06348270e-01	7.02982478e-01
1735            	5.16178049e-02	4.50948571e-02	1.50918906e+00	8.06212336e-01	7.02976726e-01
1736            	5.15528167e-02	4.50470515e-02	1.50904714e+00	8.06076387e-01	7.02970753e-01
1737            	5.14879338e-02	4.49993371e-02	1.50890503e+00	8.05940448e-01	7.02964581e-01
1738            	5.14231431e-02	4.49517102e-02	1.50876274e+00	8.05804514e-01	7.02958228e-01
1739            	5.13584342e-02	4.49041662e-02	1.50862029e+00	8.05668578e-01	7.02951709e-01
1740            	5.12938417e-02	4.48567275e-02	1.50847777e+00	8.05532727e-01	7.02945043e-01
1741            	5.12294188e-02	4.48094278e-02	1.50833533e+00	8.05397082e-01	7.02938244e-01
1742            	5.11652829e-02	4.47623493e-02	1.50819322e+00	8.05261894e-01	7.02931328e-01
1743            	5.11015821e-02	4.47155983e-02	1.50805179e+00	8.05127478e-01	7.02924314e-01
1744            	5.10384264e-02	4.46692543e-02	1.50791128e+00	8.04994065e-01	7.02917212e-01
1745            	5.09758936e-02	4.46233811e-02	1.50777184e+00	8.04861813e-01	7.02910026e-01
1746            	5.09140983e-02	4.45780619e-02	1.50763370e+00	8.04730949e-01	7.02902753e-01
1747            	5.08532065e-02	4.45334153e-02	1.50749720e+00	8.04601806e-01	7.02895393e-01
1748            	5.07933962e-02	4.44895697e-02	1.50736269e+00	8.04474742e-01	7.02887950e-01
1749            	5.07348074e-02	4.44466290e-02	1.50723049e+00	8.04350051e-01	7.02880436e-01
1750            	5.06774622e-02	4.44046186e-02	1.50710067e+00	8.04227797e-01	7.02872873e-01
1751            	5.06213178e-02	4.43635140e-02	1.50697319e+00	8.04107914e-01	7.02865278e-01
1752            	5.05663074e-02	4.43232692e-02	1.50684795e+00	8.03990284e-01	7.02857669e-01
1753            	5.05123434e-02	4.42838217e-02	1.50672481e+00	8.03874751e-01	7.02850064e-01
1754            	5.04593021e-02	4.42450805e-02	1.50660356e+00	8.03761082e-01	7.02842477e-01
1755            	5.04070378e-02	4.42069339e-02	1.50648392e+00	8.03648999e-01	7.02834924e-01
1756            	5.03553988e-02	4.41692662e-02	1.50636561e+00	8.03538206e-01	7.02827409e-01
1757            	5.03042221e-02	4.41319499e-02	1.50624830e+00	8.03428372e-01	7.02819927e-01
1758            	5.02533495e-02	4.40948601e-02	1.50613162e+00	8.03319161e-01	7.02812462e-01
1759            	5.02026582e-02	4.40578962e-02	1.50601529e+00	8.03210304e-01	7.02804988e-01
1760            	5.01520311e-02	4.40209617e-02	1.50589900e+00	8.03101530e-01	7.02797468e-01
1761            	5.01013944e-02	4.39839881e-02	1.50578250e+00	8.02992646e-01	7.02789857e-01
1762            	5.00507270e-02	4.39469491e-02	1.50566568e+00	8.02883566e-01	7.02782112e-01
1763            	5.00000755e-02	4.39098726e-02	1.50554854e+00	8.02774344e-01	7.02774193e-01
1764            	4.99495222e-02	4.38728117e-02	1.50543118e+00	8.02665111e-01	7.02766066e-01
1765            	4.98991654e-02	4.38358345e-02	1.50531373e+00	8.02556032e-01	7.02757701e-01
1766            	4.98491016e-02	4.37990157e-02	1.50519635e+00	8.02447278e-01	7.02749075e-01
1767            	4.97994320e-02	4.37624487e-02	1.50507922e+00	8.02339041e-01	7.02740177e-01
1768            	4.97503146e-02	4.37262748e-02	1.50496267e+00	8.02231652e-01	7.02731023e-01
1769            	4.97019476e-02	4.36906722e-02	1.50484720e+00	8.02125546e-01	7.02721651e-01
1770            	4.96544831e-02	4.36557868e-02	1.50473320e+00	8.02021081e-01	7.02712114e-01
1771            	4.96080048e-02	4.36217168e-02	1.50462096e+00	8.01918485e-01	7.02702476e-01
1772            	4.95625520e-02	4.35885194e-02	1.50451071e+00	8.01817905e-01	7.02692801e-01
1773            	4.95181075e-02	4.35561967e-02	1.50440250e+00	8.01719358e-01	7.02683143e-01
1774            	4.94746178e-02	4.35247198e-02	1.50429632e+00	8.01622779e-01	7.02673543e-01
1775            	4.94319811e-02	4.34940167e-02	1.50419202e+00	8.01527989e-01	7.02664026e-01
1776            	4.93900979e-02	4.34640076e-02	1.50408940e+00	8.01434799e-01	7.02654603e-01
1777            	4.93488722e-02	4.34346099e-02	1.50398832e+00	8.01343033e-01	7.02645288e-01
1778            	4.93082065e-02	4.34057339e-02	1.50388860e+00	8.01252508e-01	7.02636095e-01
1779            	4.92680156e-02	4.33772954e-02	1.50379008e+00	8.01163058e-01	7.02627027e-01
1780            	4.92282277e-02	4.33492122e-02	1.50369259e+00	8.01074525e-01	7.02618069e-01
1781            	4.91887991e-02	4.33214245e-02	1.50359599e+00	8.00986794e-01	7.02609196e-01
1782            	4.91496896e-02	4.32938767e-02	1.50350010e+00	8.00899742e-01	7.02600363e-01
1783            	4.91108390e-02	4.32665028e-02	1.50340470e+00	8.00813187e-01	7.02591509e-01
1784            	4.90721608e-02	4.32392247e-02	1.50330946e+00	8.00726890e-01	7.02582568e-01
1785            	4.90335978e-02	4.32119861e-02	1.50321413e+00	8.00640665e-01	7.02573469e-01
1786            	4.89951273e-02	4.31847569e-02	1.50311856e+00	8.00554407e-01	7.02564153e-01
1787            	4.89567168e-02	4.31575041e-02	1.50302256e+00	8.00467997e-01	7.02554564e-01
1788            	4.89111689e-02	4.31254717e-02	1.50290813e+00	8.00365233e-01	7.02542895e-01
1789            	4.88666102e-02	4.30937708e-02	1.50279502e+00	8.00264120e-01	7.02530899e-01
1790            	4.88303301e-02	4.30673344e-02	1.50270167e+00	8.00181164e-01	7.02520504e-01
1791            	4.87882759e-02	4.30370474e-02	1.50259277e+00	8.00084661e-01	7.02508109e-01
1792            	4.87540887e-02	4.30120006e-02	1.50250305e+00	8.00005615e-01	7.02497437e-01
1793            	4.87206940e-02	4.29877313e-02	1.50241480e+00	7.99928093e-01	7.02486705e-01
1794            	4.86877730e-02	4.29641174e-02	1.50232737e+00	7.99851459e-01	7.02475913e-01
1795            	4.86550445e-02	4.29410066e-02	1.50224022e+00	7.99775155e-01	7.02465066e-01
1796            	4.86222802e-02	4.29182380e-02	1.50215291e+00	7.99698733e-01	7.02454173e-01
1797            	4.85831904e-02	4.28916869e-02	1.50204909e+00	7.99607737e-01	7.02441356e-01
1798            	4.85500277e-02	4.28690073e-02	1.50196069e+00	7.99530375e-01	7.02430320e-01
1799            	4.85167809e-02	4.28464573e-02	1.50187218e+00	7.99452869e-01	7.02419307e-01
1800            	4.84832045e-02	4.28238701e-02	1.50178289e+00	7.99374652e-01	7.02408243e-01
1801            	4.84491483e-02	4.28011359e-02	1.50169241e+00	7.99295351e-01	7.02397054e-01
1802            	4.84145342e-02	4.27781846e-02	1.50160041e+00	7.99214738e-01	7.02385670e-01
1803            	4.83793407e-02	4.27549757e-02	1.50150674e+00	7.99132712e-01	7.02374030e-01
1804            	4.83436217e-02	4.27315201e-02	1.50141143e+00	7.99049337e-01	7.02362094e-01
1805            	4.83074784e-02	4.27078682e-02	1.50131462e+00	7.98964789e-01	7.02349833e-01
1806            	4.82710202e-02	4.26840849e-02	1.50121648e+00	7.98879260e-01	7.02337220e-01
1807            	4.82343935e-02	4.26602705e-02	1.50111727e+00	7.98793030e-01	7.02324243e-01
1808            	4.81977229e-02	4.26365218e-02	1.50101723e+00	7.98706338e-01	7.02310892e-01
1809            	4.81611811e-02	4.26129783e-02	1.50091675e+00	7.98619556e-01	7.02297194e-01
1810            	4.81248824e-02	4.25897459e-02	1.50081612e+00	7.98532943e-01	7.02283178e-01
1811            	4.80889069e-02	4.25669095e-02	1.50071559e+00	7.98446703e-01	7.02268889e-01
1812            	4.80532851e-02	4.25445208e-02	1.50061533e+00	7.98360952e-01	7.02254381e-01
1813            	4.80179085e-02	4.25225470e-02	1.50051518e+00	7.98275497e-01	7.02239680e-01
1814            	4.79834742e-02	4.25015406e-02	1.50041734e+00	7.98192144e-01	7.02225196e-01
1815            	4.79517867e-02	4.24827155e-02	1.50032707e+00	7.98115323e-01	7.02211750e-01
1816            	4.79226169e-02	4.24657750e-02	1.50024366e+00	7.98044449e-01	7.02199215e-01
1817            	4.78947883e-02	4.24499403e-02	1.50016391e+00	7.97976742e-01	7.02187166e-01
1818            	4.78672947e-02	4.24345812e-02	1.50008515e+00	7.97909868e-01	7.02175278e-01
1819            	4.78394068e-02	4.24192226e-02	1.50000547e+00	7.97842140e-01	7.02163327e-01
1820            	4.78106012e-02	4.24034900e-02	1.49992350e+00	7.97772351e-01	7.02151149e-01
1821            	4.77805406e-02	4.23871003e-02	1.49983834e+00	7.97699709e-01	7.02138628e-01
1822            	4.77490892e-02	4.23698800e-02	1.49974955e+00	7.97623867e-01	7.02125688e-01
1823            	4.77162938e-02	4.23517683e-02	1.49965716e+00	7.97544872e-01	7.02112284e-01
1824            	4.76823178e-02	4.23327890e-02	1.49956141e+00	7.97463021e-01	7.02098386e-01
1825            	4.76474025e-02	4.23130400e-02	1.49946277e+00	7.97378786e-01	7.02083981e-01
1826            	4.76118316e-02	4.22926723e-02	1.49936181e+00	7.97292737e-01	7.02069074e-01
1827            	4.75759060e-02	4.22718745e-02	1.49925917e+00	7.97205489e-01	7.02053677e-01
1828            	4.75276583e-02	4.22430068e-02	1.49912004e+00	7.97087680e-01	7.02032364e-01
1829            	4.74934969e-02	4.22226176e-02	1.49902054e+00	7.97003769e-01	7.02016775e-01
1830            	4.74549658e-02	4.21988477e-02	1.49890611e+00	7.96908022e-01	7.01998090e-01
1831            	4.74230923e-02	4.21798481e-02	1.49881099e+00	7.96828586e-01	7.01982402e-01
1832            	4.73872184e-02	4.21580980e-02	1.49870194e+00	7.96738190e-01	7.01963753e-01
1833            	4.73588341e-02	4.21416886e-02	1.49861462e+00	7.96666143e-01	7.01948475e-01
1834            	4.73267388e-02	4.21230179e-02	1.49851437e+00	7.96583925e-01	7.01930448e-01
1835            	4.72967175e-02	4.21059619e-02	1.49841935e+00	7.96506394e-01	7.01912959e-01
1836            	4.72686879e-02	4.20904368e-02	1.49832966e+00	7.96433516e-01	7.01896140e-01
1837            	4.72466711e-02	4.20791037e-02	1.49825849e+00	7.96375918e-01	7.01882576e-01
1838            	4.72211711e-02	4.20658580e-02	1.49817599e+00	7.96309164e-01	7.01866822e-01
1839            	4.71962139e-02	4.20532030e-02	1.49809547e+00	7.96243949e-01	7.01851521e-01
1840            	4.71715084e-02	4.20408613e-02	1.49801633e+00	7.96179673e-01	7.01836656e-01
1841            	4.71468374e-02	4.20286094e-02	1.49793801e+00	7.96115840e-01	7.01822165e-01
1842            	4.71220841e-02	4.20162969e-02	1.49786007e+00	7.96052119e-01	7.01807951e-01
1843            	4.70971917e-02	4.20038294e-02	1.49778213e+00	7.95988257e-01	7.01793874e-01
1844            	4.70721449e-02	4.19911547e-02	1.49770384e+00	7.95924066e-01	7.01779777e-01
1845            	4.70469510e-02	4.19782507e-02	1.49762488e+00	7.95859393e-01	7.01765491e-01
1846            	4.70216424e-02	4.19651267e-02	1.49754502e+00	7.95794152e-01	7.01750867e-01
1847            	4.69962732e-02	4.19518197e-02	1.49746412e+00	7.95728332e-01	7.01735785e-01
1848            	4.69708996e-02	4.19383792e-02	1.49738213e+00	7.95661966e-01	7.01720166e-01
1849            	4.69455873e-02	4.19248758e-02	1.49729914e+00	7.95595158e-01	7.01703984e-01
1850            	4.69204046e-02	4.19113891e-02	1.49721530e+00	7.95528056e-01	7.01687247e-01
1851            	4.68954221e-02	4.18980087e-02	1.49713088e+00	7.95460864e-01	7.01670020e-01
1852            	4.68707230e-02	4.18848373e-02	1.49704625e+00	7.95393850e-01	7.01652404e-01
1853            	4.68463920e-02	4.18719792e-02	1.49696183e+00	7.95327307e-01	7.01634523e-01
1854            	4.68225062e-02	4.18595306e-02	1.49687803e+00	7.95261521e-01	7.01616508e-01
1855            	4.67991451e-02	4.18475827e-02	1.49679528e+00	7.95196784e-01	7.01598494e-01
1856            	4.67763560e-02	4.18361984e-02	1.49671390e+00	7.95133306e-01	7.01580594e-01
1857            	4.67541510e-02	4.18254093e-02	1.49663410e+00	7.95071203e-01	7.01562901e-01
1858            	4.67325062e-02	4.18152126e-02	1.49655596e+00	7.95010488e-01	7.01545476e-01
1859            	4.67113694e-02	4.18055738e-02	1.49647942e+00	7.94951080e-01	7.01528341e-01
1860            	4.66906906e-02	4.17964442e-02	1.49640436e+00	7.94892869e-01	7.01511488e-01
1861            	4.66703963e-02	4.17877547e-02	1.49633054e+00	7.94835667e-01	7.01494874e-01
1862            	4.66504195e-02	4.17794268e-02	1.49625772e+00	7.94779279e-01	7.01478440e-01
1863            	4.66307035e-02	4.17713826e-02	1.49618562e+00	7.94723512e-01	7.01462105e-01
1864            	4.66112292e-02	4.17635622e-02	1.49611406e+00	7.94668260e-01	7.01445802e-01
1865            	4.65920017e-02	4.17559281e-02	1.49604294e+00	7.94613472e-01	7.01429469e-01
1866            	4.65730273e-02	4.17484553e-02	1.49597215e+00	7.94559101e-01	7.01413047e-01
1867            	4.65542970e-02	4.17411194e-02	1.49590156e+00	7.94505079e-01	7.01396485e-01
1868            	4.65383913e-02	4.17355490e-02	1.49584107e+00	7.94458924e-01	7.01382142e-01
1869            	4.65225587e-02	4.17301904e-02	1.49577967e+00	7.94412395e-01	7.01367277e-01
1870            	4.65039217e-02	4.17232739e-02	1.49570608e+00	7.94356959e-01	7.01349116e-01
1871            	4.64878177e-02	4.17178925e-02	1.49564203e+00	7.94308831e-01	7.01333196e-01
1872            	4.64714804e-02	4.17124436e-02	1.49557632e+00	7.94259642e-01	7.01316681e-01
1873            	4.64548357e-02	4.17068608e-02	1.49550879e+00	7.94209231e-01	7.01299559e-01
1874            	4.64378539e-02	4.17010870e-02	1.49543947e+00	7.94157588e-01	7.01281880e-01
1875            	4.64205550e-02	4.16950913e-02	1.49536858e+00	7.94104845e-01	7.01263735e-01
1876            	4.64029955e-02	4.16888720e-02	1.49529648e+00	7.94051237e-01	7.01245246e-01
1877            	4.63852695e-02	4.16824649e-02	1.49522364e+00	7.93997087e-01	7.01226548e-01
1878            	4.63674967e-02	4.16759412e-02	1.49515053e+00	7.93942761e-01	7.01207768e-01
1879            	4.63498206e-02	4.16694040e-02	1.49507768e+00	7.93888660e-01	7.01189019e-01
1880            	4.63323943e-02	4.16629774e-02	1.49500557e+00	7.93835182e-01	7.01170393e-01
1881            	4.63153621e-02	4.16567904e-02	1.49493463e+00	7.93782680e-01	7.01151955e-01
1882            	4.62988506e-02	4.16509670e-02	1.49486521e+00	7.93731454e-01	7.01133753e-01
1883            	4.62829656e-02	4.16456177e-02	1.49479753e+00	7.93681729e-01	7.01115798e-01
1884            	4.62677885e-02	4.16408321e-02	1.49473173e+00	7.93633656e-01	7.01098079e-01
1885            	4.62533768e-02	4.16366772e-02	1.49466789e+00	7.93587323e-01	7.01080570e-01
1886            	4.62397591e-02	4.16331934e-02	1.49460599e+00	7.93542754e-01	7.01063235e-01
1887            	4.62269113e-02	4.16303797e-02	1.49454590e+00	7.93499860e-01	7.01046037e-01
1888            	4.62147730e-02	4.16282026e-02	1.49448743e+00	7.93458490e-01	7.01028944e-01
1889            	4.62032604e-02	4.16266049e-02	1.49443036e+00	7.93418442e-01	7.01011922e-01
1890            	4.61922766e-02	4.16255119e-02	1.49437444e+00	7.93379496e-01	7.00994943e-01
1891            	4.61817257e-02	4.16248432e-02	1.49431942e+00	7.93341434e-01	7.00977982e-01
1892            	4.61715206e-02	4.16245176e-02	1.49426507e+00	7.93304058e-01	7.00961017e-01
1893            	4.61615759e-02	4.16244525e-02	1.49421122e+00	7.93267185e-01	7.00944033e-01
1894            	4.61518111e-02	4.16245670e-02	1.49415767e+00	7.93230646e-01	7.00927023e-01
1895            	4.61421597e-02	4.16247913e-02	1.49410428e+00	7.93194300e-01	7.00909980e-01
1896            	4.61325719e-02	4.16250684e-02	1.49405094e+00	7.93158042e-01	7.00892899e-01
1897            	4.61230260e-02	4.16253626e-02	1.49399761e+00	7.93121829e-01	7.00875777e-01
1898            	4.61135299e-02	4.16256639e-02	1.49394428e+00	7.93085669e-01	7.00858609e-01
1899            	4.61041109e-02	4.16259813e-02	1.49389099e+00	7.93049604e-01	7.00841382e-01
1900            	4.60948130e-02	4.16263421e-02	1.49383780e+00	7.93013714e-01	7.00824088e-01
1901            	4.60843587e-02	4.16261669e-02	1.49377670e+00	7.92972709e-01	7.00803992e-01
1902            	4.60753713e-02	4.16264495e-02	1.49372481e+00	7.92937774e-01	7.00787032e-01
1903            	4.60666846e-02	4.16269073e-02	1.49367378e+00	7.92903573e-01	7.00770203e-01
1904            	4.60583755e-02	4.16276784e-02	1.49362359e+00	7.92870168e-01	7.00753417e-01
1905            	4.60504999e-02	4.16288640e-02	1.49357419e+00	7.92837595e-01	7.00736595e-01
1906            	4.60430833e-02	4.16305181e-02	1.49352553e+00	7.92805848e-01	7.00719681e-01
1907            	4.60361233e-02	4.16326500e-02	1.49347754e+00	7.92774893e-01	7.00702647e-01
1908            	4.60287324e-02	4.16349860e-02	1.49342320e+00	7.92740332e-01	7.00682867e-01
1909            	4.60231712e-02	4.16373693e-02	1.49338463e+00	7.92715488e-01	7.00669146e-01
1910            	4.60168211e-02	4.16408464e-02	1.49333181e+00	7.92682724e-01	7.00649082e-01
1911            	4.60119054e-02	4.16440177e-02	1.49329397e+00	7.92658889e-01	7.00635078e-01
1912            	4.60063475e-02	4.16484076e-02	1.49324203e+00	7.92627364e-01	7.00614669e-01
1913            	4.60018715e-02	4.16521266e-02	1.49320451e+00	7.92604127e-01	7.00600384e-01
1914            	4.59968490e-02	4.16570801e-02	1.49315320e+00	7.92573451e-01	7.00579753e-01
1915            	4.59918333e-02	4.16616896e-02	1.49310320e+00	7.92543435e-01	7.00559768e-01
1916            	4.59876109e-02	4.16653166e-02	1.49306767e+00	7.92521447e-01	7.00546225e-01
1917            	4.59830945e-02	4.16701905e-02	1.49302005e+00	7.92493120e-01	7.00526931e-01
1918            	4.59793267e-02	4.16742200e-02	1.49298619e+00	7.92472422e-01	7.00513768e-01
1919            	4.59756456e-02	4.16799080e-02	1.49294084e+00	7.92446066e-01	7.00494775e-01
1920            	4.59722330e-02	4.16855832e-02	1.49289719e+00	7.92420829e-01	7.00476363e-01
1921            	4.59690902e-02	4.16911876e-02	1.49285553e+00	7.92396854e-01	7.00458673e-01
1922            	4.59663243e-02	4.16957631e-02	1.49282590e+00	7.92379276e-01	7.00446627e-01
1923            	4.59643395e-02	4.17025842e-02	1.49278671e+00	7.92357693e-01	7.00429014e-01
1924            	4.59627772e-02	4.17097060e-02	1.49274876e+00	7.92337158e-01	7.00411604e-01
1925            	4.59615717e-02	4.17170160e-02	1.49271210e+00	7.92317624e-01	7.00394480e-01
1926            	4.59606763e-02	4.17244663e-02	1.49267673e+00	7.92299042e-01	7.00377689e-01
1927            	4.59600550e-02	4.17320607e-02	1.49264258e+00	7.92281346e-01	7.00361236e-01
1928            	4.59596844e-02	4.17398319e-02	1.49260956e+00	7.92264466e-01	7.00345097e-01
1929            	4.59595505e-02	4.17478337e-02	1.49257749e+00	7.92248297e-01	7.00329196e-01
1930            	4.59596444e-02	4.17561047e-02	1.49254618e+00	7.92232737e-01	7.00313448e-01
1931            	4.59599518e-02	4.17646584e-02	1.49251542e+00	7.92217663e-01	7.00297759e-01
1932            	4.59604531e-02	4.17734807e-02	1.49248500e+00	7.92202952e-01	7.00282046e-01
1933            	4.59611290e-02	4.17825365e-02	1.49245474e+00	7.92188501e-01	7.00266243e-01
1934            	4.59619682e-02	4.17917825e-02	1.49242454e+00	7.92174240e-01	7.00250304e-01
1935            	4.59629710e-02	4.18011787e-02	1.49239436e+00	7.92160150e-01	7.00234208e-01
1936            	4.59641461e-02	4.18106925e-02	1.49236421e+00	7.92146249e-01	7.00217957e-01
1937            	4.59655124e-02	4.18203064e-02	1.49233419e+00	7.92132607e-01	7.00201582e-01
1938            	4.59670998e-02	4.18300238e-02	1.49230446e+00	7.92119327e-01	7.00185128e-01
1939            	4.59689440e-02	4.18398673e-02	1.49227522e+00	7.92106552e-01	7.00168664e-01
1940            	4.59710764e-02	4.18498617e-02	1.49224671e+00	7.92094431e-01	7.00152278e-01
1941            	4.59735339e-02	4.18600582e-02	1.49221915e+00	7.92083108e-01	7.00136040e-01
1942            	4.59763484e-02	4.18705078e-02	1.49219275e+00	7.92072723e-01	7.00120026e-01
1943            	4.59795492e-02	4.18812678e-02	1.49216760e+00	7.92063349e-01	7.00104250e-01
1944            	4.59831386e-02	4.18923759e-02	1.49214369e+00	7.92054984e-01	7.00088707e-01
1945            	4.59871174e-02	4.19038550e-02	1.49212097e+00	7.92047601e-01	7.00073366e-01
1946            	4.59914693e-02	4.19156854e-02	1.49209938e+00	7.92041158e-01	7.00058219e-01
1947            	4.59962215e-02	4.19279090e-02	1.49207883e+00	7.92035636e-01	7.00043193e-01
1948            	4.60013695e-02	4.19405110e-02	1.49205920e+00	7.92030968e-01	7.00028229e-01
1949            	4.60068758e-02	4.19534436e-02	1.49204036e+00	7.92027055e-01	7.00013303e-01
1950            	4.60126933e-02	4.19666513e-02	1.49202220e+00	7.92023794e-01	6.99998407e-01
1951            	4.60187696e-02	4.19800795e-02	1.49200462e+00	7.92021078e-01	6.99983539e-01
1952            	4.60250532e-02	4.19936804e-02	1.49198751e+00	7.92018808e-01	6.99968702e-01
1953            	4.60304157e-02	4.20058774e-02	1.49197146e+00	7.92016147e-01	6.99955315e-01
1954            	4.60360399e-02	4.20184938e-02	1.49195580e+00	7.92013940e-01	6.99941860e-01
1955            	4.60433321e-02	4.20335010e-02	1.49193970e+00	7.92013184e-01	6.99926520e-01
1956            	4.60509949e-02	4.20488586e-02	1.49192369e+00	7.92012841e-01	6.99910851e-01
1957            	4.60588446e-02	4.20642509e-02	1.49190794e+00	7.92012813e-01	6.99895124e-01
1958            	4.60667586e-02	4.20794972e-02	1.49189262e+00	7.92013069e-01	6.99879552e-01
1959            	4.60747068e-02	4.20945806e-02	1.49187794e+00	7.92013676e-01	6.99864262e-01
1960            	4.60827009e-02	4.21095552e-02	1.49186411e+00	7.92014756e-01	6.99849354e-01
1961            	4.60908115e-02	4.21245547e-02	1.49185131e+00	7.92016464e-01	6.99834841e-01
1962            	4.60991337e-02	4.21397235e-02	1.49183969e+00	7.92018979e-01	6.99820711e-01
1963            	4.61077687e-02	4.21551910e-02	1.49182938e+00	7.92022461e-01	6.99806923e-01
1964            	4.61168004e-02	4.21710495e-02	1.49182044e+00	7.92027022e-01	6.99793421e-01
1965            	4.61262684e-02	4.21873349e-02	1.49181283e+00	7.92032682e-01	6.99780146e-01
1966            	4.61361928e-02	4.22040689e-02	1.49180643e+00	7.92039406e-01	6.99767020e-01
1967            	4.61465384e-02	4.22212260e-02	1.49180105e+00	7.92047062e-01	6.99753985e-01
1968            	4.61572594e-02	4.22387670e-02	1.49179650e+00	7.92055510e-01	6.99740991e-01
1969            	4.61683032e-02	4.22566386e-02	1.49179261e+00	7.92064608e-01	6.99728001e-01
1970            	4.61795655e-02	4.22747399e-02	1.49178913e+00	7.92074129e-01	6.99714999e-01
1971            	4.61910091e-02	4.22930223e-02	1.49178598e+00	7.92084000e-01	6.99701982e-01
1972            	4.62039914e-02	4.23128928e-02	1.49178353e+00	7.92095758e-01	6.99687775e-01
1973            	4.62165817e-02	4.23321097e-02	1.49178149e+00	7.92107327e-01	6.99674163e-01
1974            	4.62288075e-02	4.23507706e-02	1.49177987e+00	7.92118741e-01	6.99661125e-01
1975            	4.62407505e-02	4.23690569e-02	1.49177869e+00	7.92130095e-01	6.99648594e-01
1976            	4.62525343e-02	4.23871880e-02	1.49177799e+00	7.92141531e-01	6.99636462e-01
1977            	4.62643044e-02	4.24053778e-02	1.49177780e+00	7.92153206e-01	6.99624597e-01
1978            	4.62762149e-02	4.24238102e-02	1.49177816e+00	7.92165297e-01	6.99612867e-01
1979            	4.62883574e-02	4.24425763e-02	1.49177904e+00	7.92177877e-01	6.99601162e-01
1980            	4.63008476e-02	4.24617595e-02	1.49178050e+00	7.92191100e-01	6.99589405e-01
1981            	4.63137712e-02	4.24813969e-02	1.49178266e+00	7.92205099e-01	6.99577557e-01
1982            	4.63271775e-02	4.25014850e-02	1.49178559e+00	7.92219975e-01	6.99565620e-01
1983            	4.63410792e-02	4.25219895e-02	1.49178942e+00	7.92235789e-01	6.99553630e-01
1984            	4.63554571e-02	4.25428580e-02	1.49179422e+00	7.92252566e-01	6.99541651e-01
1985            	4.63702664e-02	4.25640305e-02	1.49180005e+00	7.92270290e-01	6.99529757e-01
1986            	4.63853977e-02	4.25854059e-02	1.49180684e+00	7.92288818e-01	6.99518023e-01
1987            	4.64007979e-02	4.26069420e-02	1.49181462e+00	7.92308110e-01	6.99506514e-01
1988            	4.64164235e-02	4.26286151e-02	1.49182339e+00	7.92328119e-01	6.99495272e-01
1989            	4.64322410e-02	4.26504163e-02	1.49183312e+00	7.92348801e-01	6.99484319e-01
1990            	4.64482224e-02	4.26723442e-02	1.49184375e+00	7.92370097e-01	6.99473652e-01
1991            	4.64643453e-02	4.26944002e-02	1.49185519e+00	7.92391941e-01	6.99463251e-01
1992            	4.64805913e-02	4.27165854e-02	1.49186734e+00	7.92414262e-01	6.99453079e-01
1993            	4.64968980e-02	4.27388549e-02	1.49187999e+00	7.92436892e-01	6.99443096e-01
1994            	4.65132595e-02	4.27612048e-02	1.49189303e+00	7.92459772e-01	6.99433253e-01
1995            	4.65296867e-02	4.27836373e-02	1.49190639e+00	7.92482879e-01	6.99423506e-01
1996            	4.65461964e-02	4.28061568e-02	1.49192002e+00	7.92506206e-01	6.99413814e-01
1997            	4.65628088e-02	4.28287706e-02	1.49193392e+00	7.92529767e-01	6.99404149e-01
1998            	4.65795484e-02	4.28514890e-02	1.49194810e+00	7.92553596e-01	6.99394499e-01
1999            	4.65963963e-02	4.28742850e-02	1.49196252e+00	7.92577658e-01	6.99384866e-01
2000            	4.66133762e-02	4.28971716e-02	1.49197728e+00	7.92602018e-01	6.99375266e-01
2001            	4.66305113e-02	4.29201672e-02	1.49199247e+00	7.92626745e-01	6.99365723e-01
2002            	4.66478198e-02	4.29432901e-02	1.49200817e+00	7.92651905e-01	6.99356266e-01
2003            	4.66653132e-02	4.29665578e-02	1.49202448e+00	7.92677553e-01	6.99346927e-01
2004            	4.66829538e-02	4.29899472e-02	1.49204138e+00	7.92703644e-01	6.99337737e-01
2005            	4.67007501e-02	4.30134729e-02	1.49205894e+00	7.92730222e-01	6.99328722e-01
2006            	4.67187137e-02	4.30371510e-02	1.49207723e+00	7.92757327e-01	6.99319899e-01
2007            	4.67368464e-02	4.30609904e-02	1.49209625e+00	7.92784970e-01	6.99311277e-01
2008            	4.67551535e-02	4.30849987e-02	1.49211602e+00	7.92813163e-01	6.99302856e-01
2009            	4.67735940e-02	4.31091420e-02	1.49213645e+00	7.92841817e-01	6.99294629e-01
2010            	4.67921742e-02	4.31334208e-02	1.49215752e+00	7.92870936e-01	6.99286588e-01
2011            	4.68109217e-02	4.31578468e-02	1.49217928e+00	7.92900560e-01	6.99278717e-01
2012            	4.68298556e-02	4.31824280e-02	1.49220172e+00	7.92930714e-01	6.99271003e-01
2013            	4.68489961e-02	4.32071726e-02	1.49222485e+00	7.92961422e-01	6.99263430e-01
2014            	4.68683540e-02	4.32320852e-02	1.49224869e+00	7.92992697e-01	6.99255989e-01
2015            	4.68878731e-02	4.32571215e-02	1.49227309e+00	7.93024420e-01	6.99248674e-01
2016            	4.69075189e-02	4.32822596e-02	1.49229801e+00	7.93056525e-01	6.99241487e-01
2017            	4.69272595e-02	4.33074803e-02	1.49232338e+00	7.93088949e-01	6.99234430e-01
2018            	4.69470655e-02	4.33327689e-02	1.49234914e+00	7.93121634e-01	6.99227503e-01
2019            	4.69669112e-02	4.33581136e-02	1.49237524e+00	7.93154531e-01	6.99220709e-01
2020            	4.69867433e-02	4.33834772e-02	1.49240158e+00	7.93187535e-01	6.99214049e-01
2021            	4.70065527e-02	4.34088522e-02	1.49242816e+00	7.93220632e-01	6.99207527e-01
2022            	4.70263477e-02	4.34342433e-02	1.49245498e+00	7.93253839e-01	6.99201143e-01
2023            	4.70461453e-02	4.34596597e-02	1.49248208e+00	7.93287187e-01	6.99194897e-01
2024            	4.70659704e-02	4.34851158e-02	1.49250951e+00	7.93320726e-01	6.99188786e-01
2025            	4.70858390e-02	4.35106243e-02	1.49253729e+00	7.93354485e-01	6.99182807e-01
2026            	4.71057412e-02	4.35361745e-02	1.49256540e+00	7.93388441e-01	6.99176959e-01
2027            	4.71257030e-02	4.35617761e-02	1.49259390e+00	7.93422652e-01	6.99171246e-01
2028            	4.71457563e-02	4.35874435e-02	1.49262286e+00	7.93457185e-01	6.99165673e-01
2029            	4.71659101e-02	4.36131836e-02	1.49265231e+00	7.93492064e-01	6.99160244e-01
2030            	4.71861664e-02	4.36390020e-02	1.49268226e+00	7.93527296e-01	6.99154963e-01
2031            	4.72065058e-02	4.36648852e-02	1.49271267e+00	7.93562840e-01	6.99149828e-01
2032            	4.72269380e-02	4.36908409e-02	1.49274357e+00	7.93598721e-01	6.99144845e-01
2033            	4.72474792e-02	4.37168813e-02	1.49277498e+00	7.93634971e-01	6.99140013e-01
2034            	4.72681327e-02	4.37430103e-02	1.49280693e+00	7.93671598e-01	6.99135333e-01
2035            	4.72889043e-02	4.37692322e-02	1.49283942e+00	7.93708614e-01	6.99130806e-01
2036            	4.73097935e-02	4.37955486e-02	1.49287245e+00	7.93746021e-01	6.99126434e-01
2037            	4.73307683e-02	4.38219366e-02	1.49290597e+00	7.93783751e-01	6.99122214e-01
2038            	4.73517984e-02	4.38483737e-02	1.49293990e+00	7.93821749e-01	6.99118152e-01
2039            	4.73728530e-02	4.38748402e-02	1.49297420e+00	7.93859953e-01	6.99114247e-01
2040            	4.73938994e-02	4.39013158e-02	1.49300880e+00	7.93898297e-01	6.99110498e-01
2041            	4.74149078e-02	4.39277824e-02	1.49304362e+00	7.93936719e-01	6.99106903e-01
2042            	4.74358624e-02	4.39542300e-02	1.49307863e+00	7.93975180e-01	6.99103455e-01
2043            	4.74567498e-02	4.39806427e-02	1.49311378e+00	7.94013641e-01	6.99100141e-01
2044            	4.74775675e-02	4.40070084e-02	1.49314905e+00	7.94052094e-01	6.99096959e-01
2045            	4.74983333e-02	4.40333291e-02	1.49318447e+00	7.94090568e-01	6.99093901e-01
2046            	4.75190673e-02	4.40596100e-02	1.49322006e+00	7.94129097e-01	6.99090962e-01
2047            	4.75397942e-02	4.40858625e-02	1.49325586e+00	7.94167726e-01	6.99088137e-01
2048            	4.75632398e-02	4.41149660e-02	1.49329769e+00	7.94212084e-01	6.99085605e-01
2049            	4.75836360e-02	4.41406149e-02	1.49333351e+00	7.94250392e-01	6.99083121e-01
2050            	4.76065154e-02	4.41688750e-02	1.49337501e+00	7.94294020e-01	6.99080989e-01
2051            	4.76262846e-02	4.41937409e-02	1.49341031e+00	7.94331441e-01	6.99078872e-01
2052            	4.76484592e-02	4.42212300e-02	1.49345110e+00	7.94374010e-01	6.99077092e-01
2053            	4.76701846e-02	4.42482273e-02	1.49349131e+00	7.94415840e-01	6.99075471e-01
2054            	4.76914281e-02	4.42747301e-02	1.49353082e+00	7.94456836e-01	6.99073980e-01
2055            	4.77122097e-02	4.43007960e-02	1.49356958e+00	7.94496998e-01	6.99072578e-01
2056            	4.77325947e-02	4.43265207e-02	1.49360764e+00	7.94536413e-01	6.99071223e-01
2057            	4.77526623e-02	4.43520015e-02	1.49364507e+00	7.94575198e-01	6.99069874e-01
2058            	4.77724863e-02	4.43773185e-02	1.49368200e+00	7.94613485e-01	6.99068512e-01
2059            	4.77921574e-02	4.44025470e-02	1.49371859e+00	7.94651452e-01	6.99067137e-01
2060            	4.78117762e-02	4.44277545e-02	1.49375507e+00	7.94689311e-01	6.99065758e-01
2061            	4.78314436e-02	4.44529996e-02	1.49379169e+00	7.94727288e-01	6.99064401e-01
2062            	4.78512573e-02	4.44783352e-02	1.49382872e+00	7.94765617e-01	6.99063102e-01
2063            	4.78712934e-02	4.45038025e-02	1.49386640e+00	7.94804492e-01	6.99061905e-01
2064            	4.78915985e-02	4.45294295e-02	1.49390492e+00	7.94844056e-01	6.99060859e-01
2065            	4.79146041e-02	4.45574453e-02	1.49394967e+00	7.94889439e-01	6.99060231e-01
2066            	4.79371295e-02	4.45847966e-02	1.49399415e+00	7.94934202e-01	6.99059943e-01
2067            	4.79590174e-02	4.46114190e-02	1.49403805e+00	7.94978041e-01	6.99060006e-01
2068            	4.79801973e-02	4.46373627e-02	1.49408115e+00	7.95020770e-01	6.99060376e-01
2069            	4.80006873e-02	4.46627527e-02	1.49412332e+00	7.95062346e-01	6.99060972e-01
2070            	4.80205793e-02	4.46877477e-02	1.49416455e+00	7.95102854e-01	6.99061696e-01
2071            	4.80400111e-02	4.47125051e-02	1.49420492e+00	7.95142472e-01	6.99062450e-01
2072            	4.80591350e-02	4.47371574e-02	1.49424458e+00	7.95181427e-01	6.99063157e-01
2073            	4.80781115e-02	4.47618077e-02	1.49428376e+00	7.95219992e-01	6.99063769e-01
2074            	4.80992014e-02	4.47886753e-02	1.49432776e+00	7.95263081e-01	6.99064679e-01
2075            	4.81199650e-02	4.48150742e-02	1.49437100e+00	7.95305467e-01	6.99065537e-01
2076            	4.81403447e-02	4.48409069e-02	1.49441348e+00	7.95347085e-01	6.99066396e-01
2077            	4.81603363e-02	4.48661844e-02	1.49445528e+00	7.95387974e-01	6.99067302e-01
2078            	4.81799720e-02	4.48909951e-02	1.49449653e+00	7.95428235e-01	6.99068291e-01
2079            	4.81993180e-02	4.49154688e-02	1.49453741e+00	7.95468025e-01	6.99069389e-01
2080            	4.82184661e-02	4.49397461e-02	1.49457815e+00	7.95507543e-01	6.99070610e-01
2081            	4.82375036e-02	4.49639464e-02	1.49461893e+00	7.95546966e-01	6.99071959e-01
2082            	4.82565031e-02	4.49881545e-02	1.49465988e+00	7.95586444e-01	6.99073438e-01
2083            	4.82755213e-02	4.50124204e-02	1.49470114e+00	7.95626090e-01	6.99075047e-01
2084            	4.82945950e-02	4.50367623e-02	1.49474277e+00	7.95665980e-01	6.99076790e-01
2085            	4.83137117e-02	4.50611512e-02	1.49478476e+00	7.95706090e-01	6.99078666e-01
2086            	4.83328321e-02	4.50855422e-02	1.49482704e+00	7.95746351e-01	6.99080686e-01
2087            	4.83519227e-02	4.51098981e-02	1.49486956e+00	7.95786702e-01	6.99082856e-01
2088            	4.83709507e-02	4.51341878e-02	1.49491226e+00	7.95827081e-01	6.99085179e-01
2089            	4.83898830e-02	4.51583856e-02	1.49495508e+00	7.95867421e-01	6.99087655e-01
2090            	4.84086964e-02	4.51824741e-02	1.49499795e+00	7.95907673e-01	6.99090280e-01
2091            	4.84293777e-02	4.52082238e-02	1.49504577e+00	7.95952261e-01	6.99093506e-01
2092            	4.84493176e-02	4.52332139e-02	1.49509229e+00	7.95995465e-01	6.99096830e-01
2093            	4.84665591e-02	4.52557304e-02	1.49513263e+00	7.96032873e-01	6.99099754e-01
2094            	4.84836193e-02	4.52781520e-02	1.49517268e+00	7.96069961e-01	6.99102722e-01
2095            	4.85025502e-02	4.53023285e-02	1.49521743e+00	7.96111263e-01	6.99106163e-01
2096            	4.85210156e-02	4.53260610e-02	1.49526117e+00	7.96151599e-01	6.99109568e-01
2097            	4.85389847e-02	4.53493165e-02	1.49530385e+00	7.96190908e-01	6.99112938e-01
2098            	4.85564901e-02	4.53721279e-02	1.49534554e+00	7.96229259e-01	6.99116279e-01
2099            	4.85736138e-02	4.53945734e-02	1.49538643e+00	7.96266831e-01	6.99119603e-01
2100            	4.85904685e-02	4.54167551e-02	1.49542680e+00	7.96303870e-01	6.99122933e-01
2101            	4.86071683e-02	4.54387747e-02	1.49546694e+00	7.96340636e-01	6.99126300e-01
2102            	4.86238112e-02	4.54607181e-02	1.49550710e+00	7.96377360e-01	6.99129737e-01
2103            	4.86404721e-02	4.54826492e-02	1.49554751e+00	7.96414228e-01	6.99133284e-01
2104            	4.86571898e-02	4.55046018e-02	1.49558833e+00	7.96451356e-01	6.99136977e-01
2105            	4.86739720e-02	4.55265835e-02	1.49562964e+00	7.96488790e-01	6.99140846e-01
2106            	4.86907637e-02	4.55485482e-02	1.49567133e+00	7.96526431e-01	6.99144904e-01
2107            	4.87074972e-02	4.55704450e-02	1.49571332e+00	7.96564156e-01	6.99149161e-01
2108            	4.87241052e-02	4.55922258e-02	1.49575544e+00	7.96601824e-01	6.99153614e-01
2109            	4.87405247e-02	4.56138461e-02	1.49579753e+00	7.96639291e-01	6.99158242e-01
2110            	4.87550401e-02	4.56337767e-02	1.49583507e+00	7.96672574e-01	6.99162493e-01
2111            	4.87714542e-02	4.56555067e-02	1.49587781e+00	7.96710358e-01	6.99167449e-01
2112            	4.87876638e-02	4.56770472e-02	1.49592034e+00	7.96747834e-01	6.99172507e-01
2113            	4.88035886e-02	4.56983025e-02	1.49596245e+00	7.96784812e-01	6.99177634e-01
2114            	4.88175196e-02	4.57177251e-02	1.49599954e+00	7.96817288e-01	6.99182249e-01
2115            	4.88331095e-02	4.57387050e-02	1.49604122e+00	7.96853719e-01	6.99187500e-01
2116            	4.88467581e-02	4.57578891e-02	1.49607795e+00	7.96885735e-01	6.99192218e-01
2117            	4.88620656e-02	4.57786033e-02	1.49611929e+00	7.96921711e-01	6.99197580e-01
2118            	4.88754578e-02	4.57975138e-02	1.49615574e+00	7.96953326e-01	6.99202410e-01
2119            	4.88904807e-02	4.58178961e-02	1.49619678e+00	7.96988873e-01	6.99207911e-01
2120            	4.89035865e-02	4.58364615e-02	1.49623296e+00	7.97020064e-01	6.99212891e-01
2121            	4.89166808e-02	4.58550159e-02	1.49626933e+00	7.97051347e-01	6.99217985e-01
2122            	4.89297863e-02	4.58735857e-02	1.49630600e+00	7.97082789e-01	6.99223216e-01
2123            	4.89429040e-02	4.58921651e-02	1.49634300e+00	7.97114406e-01	6.99228598e-01
2124            	4.89575481e-02	4.59121103e-02	1.49638460e+00	7.97149848e-01	6.99234752e-01
2125            	4.89701736e-02	4.59301300e-02	1.49642107e+00	7.97180707e-01	6.99240360e-01
2126            	4.89826327e-02	4.59479921e-02	1.49645745e+00	7.97211360e-01	6.99246094e-01
2127            	4.89949142e-02	4.59657053e-02	1.49649369e+00	7.97241761e-01	6.99251933e-01
2128            	4.90070107e-02	4.59832748e-02	1.49652975e+00	7.97271884e-01	6.99257863e-01
2129            	4.90189239e-02	4.60006998e-02	1.49656559e+00	7.97301721e-01	6.99263873e-01
2130            	4.90306433e-02	4.60179639e-02	1.49660119e+00	7.97331240e-01	6.99269953e-01
2131            	4.90421518e-02	4.60350425e-02	1.49663649e+00	7.97360397e-01	6.99276093e-01
2132            	4.90534234e-02	4.60519069e-02	1.49667142e+00	7.97389133e-01	6.99282286e-01
2133            	4.90643979e-02	4.60685048e-02	1.49670582e+00	7.97417310e-01	6.99288514e-01
2134            	4.90750341e-02	4.60848060e-02	1.49673963e+00	7.97444848e-01	6.99294779e-01
2135            	4.90853152e-02	4.61007979e-02	1.49677279e+00	7.97471710e-01	6.99301080e-01
2136            	4.90952457e-02	4.61164810e-02	1.49680532e+00	7.97497905e-01	6.99307414e-01
2137            	4.91048481e-02	4.61318666e-02	1.49683726e+00	7.97523478e-01	6.99313782e-01
2138            	4.91141241e-02	4.61469478e-02	1.49686859e+00	7.97548419e-01	6.99320170e-01
2139            	4.91230911e-02	4.61617383e-02	1.49689935e+00	7.97572767e-01	6.99326585e-01
2140            	4.91317803e-02	4.61762653e-02	1.49692962e+00	7.97596590e-01	6.99333029e-01
2141            	4.91402195e-02	4.61905557e-02	1.49695946e+00	7.97619949e-01	6.99339510e-01
2142            	4.91484098e-02	4.62046096e-02	1.49698886e+00	7.97642842e-01	6.99346022e-01
2143            	4.91563676e-02	4.62184429e-02	1.49701789e+00	7.97665311e-01	6.99352576e-01
2144            	4.91641155e-02	4.62320772e-02	1.49704659e+00	7.97687413e-01	6.99359182e-01
2145            	4.91716607e-02	4.62455226e-02	1.49707502e+00	7.97709170e-01	6.99365848e-01
2146            	4.91789737e-02	4.62587560e-02	1.49710309e+00	7.97730518e-01	6.99372570e-01
2147            	4.91860390e-02	4.62717689e-02	1.49713079e+00	7.97751433e-01	6.99379355e-01
2148            	4.91928510e-02	4.62845593e-02	1.49715811e+00	7.97771908e-01	6.99386207e-01
2149            	4.91985035e-02	4.62960270e-02	1.49718182e+00	7.97789415e-01	6.99392408e-01
2150            	4.92049496e-02	4.63086239e-02	1.49720887e+00	7.97809383e-01	6.99399484e-01
2151            	4.92111391e-02	4.63209962e-02	1.49723557e+00	7.97828924e-01	6.99406645e-01
2152            	4.92162165e-02	4.63320335e-02	1.49725870e+00	7.97845565e-01	6.99413132e-01
2153            	4.92219419e-02	4.63440739e-02	1.49728490e+00	7.97864393e-01	6.99420510e-01
2154            	4.92265956e-02	4.63547837e-02	1.49730756e+00	7.97880374e-01	6.99427182e-01
2155            	4.92318068e-02	4.63664130e-02	1.49733308e+00	7.97898349e-01	6.99434735e-01
2156            	4.92360189e-02	4.63767353e-02	1.49735514e+00	7.97913591e-01	6.99441553e-01
2157            	4.92400756e-02	4.63869639e-02	1.49737709e+00	7.97928621e-01	6.99448470e-01
2158            	4.92439856e-02	4.63971074e-02	1.49739895e+00	7.97943459e-01	6.99455488e-01
2159            	4.92477427e-02	4.64071550e-02	1.49742071e+00	7.97958098e-01	6.99462613e-01
2160            	4.92513359e-02	4.64170823e-02	1.49744236e+00	7.97972516e-01	6.99469844e-01
2161            	4.92547213e-02	4.64268300e-02	1.49746377e+00	7.97986604e-01	6.99477162e-01
2162            	4.92578682e-02	4.64363591e-02	1.49748485e+00	7.98000291e-01	6.99484555e-01
2163            	4.92607579e-02	4.64456452e-02	1.49750554e+00	7.98013526e-01	6.99492010e-01
2164            	4.92633768e-02	4.64546717e-02	1.49752578e+00	7.98026267e-01	6.99499513e-01
2165            	4.92657028e-02	4.64634124e-02	1.49754547e+00	7.98038440e-01	6.99507034e-01
2166            	4.92677306e-02	4.64718690e-02	1.49756458e+00	7.98050022e-01	6.99514561e-01
2167            	4.92694690e-02	4.64800571e-02	1.49758310e+00	7.98061019e-01	6.99522081e-01
2168            	4.92709036e-02	4.64879688e-02	1.49760096e+00	7.98071381e-01	6.99529574e-01
2169            	4.92720293e-02	4.64956136e-02	1.49761813e+00	7.98081097e-01	6.99537038e-01
2170            	4.92728590e-02	4.65030079e-02	1.49763466e+00	7.98090191e-01	6.99544473e-01
2171            	4.92733983e-02	4.65101464e-02	1.49765054e+00	7.98098666e-01	6.99551869e-01
2172            	4.92736694e-02	4.65170446e-02	1.49766581e+00	7.98106576e-01	6.99559238e-01
2173            	4.92737106e-02	4.65237260e-02	1.49768060e+00	7.98114010e-01	6.99566589e-01
2174            	4.92735367e-02	4.65301872e-02	1.49769493e+00	7.98121000e-01	6.99573927e-01
2175            	4.92731664e-02	4.65364424e-02	1.49770887e+00	7.98127603e-01	6.99581270e-01
2176            	4.92726127e-02	4.65425052e-02	1.49772250e+00	7.98133862e-01	6.99588636e-01
2177            	4.92720332e-02	4.65480584e-02	1.49773463e+00	7.98139350e-01	6.99595284e-01
2178            	4.92710356e-02	4.65538759e-02	1.49774788e+00	7.98144977e-01	6.99602906e-01
2179            	4.92700795e-02	4.65592365e-02	1.49775983e+00	7.98149995e-01	6.99609837e-01
2180            	4.92685864e-02	4.65647717e-02	1.49777273e+00	7.98154954e-01	6.99617781e-01
2181            	4.92671982e-02	4.65698273e-02	1.49778436e+00	7.98159378e-01	6.99624981e-01
2182            	4.92655625e-02	4.65747655e-02	1.49779587e+00	7.98163499e-01	6.99632374e-01
2183            	4.92636656e-02	4.65795591e-02	1.49780722e+00	7.98167277e-01	6.99639946e-01
2184            	4.92615227e-02	4.65841977e-02	1.49781840e+00	7.98170724e-01	6.99647679e-01
2185            	4.92591748e-02	4.65886755e-02	1.49782943e+00	7.98173890e-01	6.99655541e-01
2186            	4.92566510e-02	4.65929615e-02	1.49784026e+00	7.98176781e-01	6.99663479e-01
2187            	4.92539918e-02	4.65970569e-02	1.49785089e+00	7.98179437e-01	6.99671453e-01
2188            	4.92512324e-02	4.66009718e-02	1.49786132e+00	7.98181891e-01	6.99679426e-01
2189            	4.92483692e-02	4.66046868e-02	1.49787145e+00	7.98184095e-01	6.99687356e-01
2190            	4.92453968e-02	4.66082114e-02	1.49788124e+00	7.98186019e-01	6.99695226e-01
2191            	4.92423085e-02	4.66115598e-02	1.49789066e+00	7.98187640e-01	6.99703023e-01
2192            	4.92390736e-02	4.66147167e-02	1.49789962e+00	7.98188882e-01	6.99710735e-01
2193            	4.92356757e-02	4.66176956e-02	1.49790809e+00	7.98189721e-01	6.99718370e-01
2194            	4.92320981e-02	4.66205051e-02	1.49791608e+00	7.98190138e-01	6.99725941e-01
2195            	4.92282961e-02	4.66231124e-02	1.49792351e+00	7.98190051e-01	6.99733459e-01
2196            	4.92242494e-02	4.66255157e-02	1.49793039e+00	7.98189445e-01	6.99740946e-01
2197            	4.92199581e-02	4.66277205e-02	1.49793677e+00	7.98188341e-01	6.99748425e-01
2198            	4.92154084e-02	4.66297004e-02	1.49794263e+00	7.98186722e-01	6.99755905e-01
2199            	4.92106173e-02	4.66314667e-02	1.49794804e+00	7.98184639e-01	6.99763404e-01
2200            	4.92055968e-02	4.66330079e-02	1.49795304e+00	7.98182116e-01	6.99770922e-01
2201            	4.92003956e-02	4.66343586e-02	1.49795772e+00	7.98179257e-01	6.99778465e-01
2202            	4.91950727e-02	4.66355594e-02	1.49796222e+00	7.98176181e-01	6.99786036e-01
2203            	4.91896491e-02	4.66366085e-02	1.49796655e+00	7.98172923e-01	6.99793625e-01
2204            	4.91841668e-02	4.66375425e-02	1.49797080e+00	7.98169569e-01	6.99801235e-01
2205            	4.91786615e-02	4.66383948e-02	1.49797506e+00	7.98166191e-01	6.99808868e-01
2206            	4.91731212e-02	4.66391487e-02	1.49797927e+00	7.98162756e-01	6.99816513e-01
2207            	4.91675590e-02	4.66398295e-02	1.49798347e+00	7.98159293e-01	6.99824175e-01
2208            	4.91619448e-02	4.66404127e-02	1.49798758e+00	7.98155733e-01	6.99831843e-01
2209            	4.91562714e-02	4.66409124e-02	1.49799159e+00	7.98152064e-01	6.99839521e-01
2210            	4.91505280e-02	4.66413350e-02	1.49799548e+00	7.98148267e-01	6.99847211e-01
2211            	4.91446572e-02	4.66416303e-02	1.49799912e+00	7.98144218e-01	6.99854903e-01
2212            	4.91386445e-02	4.66417976e-02	1.49800249e+00	7.98139889e-01	6.99862600e-01
2213            	4.91324491e-02	4.66417942e-02	1.49800548e+00	7.98135187e-01	6.99870288e-01
2214            	4.91260817e-02	4.66416357e-02	1.49800810e+00	7.98130133e-01	6.99877969e-01
2215            	4.91195570e-02	4.66413358e-02	1.49801040e+00	7.98124756e-01	6.99885642e-01
2216            	4.91128429e-02	4.66408522e-02	1.49801228e+00	7.98118981e-01	6.99893295e-01
2217            	4.91059613e-02	4.66402050e-02	1.49801379e+00	7.98112854e-01	6.99900931e-01
2218            	4.90988995e-02	4.66393694e-02	1.49801488e+00	7.98106341e-01	6.99908542e-01
2219            	4.90917007e-02	4.66383846e-02	1.49801566e+00	7.98099531e-01	6.99916130e-01
2220            	4.90844040e-02	4.66372851e-02	1.49801620e+00	7.98092506e-01	6.99923698e-01
2221            	4.90769867e-02	4.66360415e-02	1.49801646e+00	7.98085216e-01	6.99931243e-01
2222            	4.90694822e-02	4.66346886e-02	1.49801651e+00	7.98077736e-01	6.99938772e-01
2223            	4.90618737e-02	4.66332038e-02	1.49801631e+00	7.98070030e-01	6.99946283e-01
2224            	4.90541982e-02	4.66316285e-02	1.49801596e+00	7.98062181e-01	6.99953784e-01
2225            	4.90464844e-02	4.66299946e-02	1.49801553e+00	7.98054251e-01	6.99961283e-01
2226            	4.90386857e-02	4.66282601e-02	1.49801493e+00	7.98046150e-01	6.99968779e-01
2227            	4.90308173e-02	4.66264497e-02	1.49801420e+00	7.98037915e-01	6.99976281e-01
2228            	4.90228404e-02	4.66245259e-02	1.49801326e+00	7.98029468e-01	6.99983787e-01
2229            	4.90147920e-02	4.66225286e-02	1.49801219e+00	7.98020888e-01	6.99991304e-01
2230            	4.90067030e-02	4.66204894e-02	1.49801107e+00	7.98012240e-01	6.99998834e-01
2231            	4.89985202e-02	4.66183574e-02	1.49800979e+00	7.98003415e-01	7.00006374e-01
2232            	4.89902591e-02	4.66161535e-02	1.49800837e+00	7.97994445e-01	7.00013927e-01
2233            	4.89818746e-02	4.66138302e-02	1.49800672e+00	7.97985233e-01	7.00021484e-01
2234            	4.89733985e-02	4.66114183e-02	1.49800488e+00	7.97975840e-01	7.00029043e-01
2235            	4.89648528e-02	4.66089382e-02	1.49800291e+00	7.97966308e-01	7.00036603e-01
2236            	4.89561588e-02	4.66063174e-02	1.49800063e+00	7.97956473e-01	7.00044156e-01
2237            	4.89473319e-02	4.66035741e-02	1.49799806e+00	7.97946363e-01	7.00051699e-01
2238            	4.89383357e-02	4.66006685e-02	1.49799511e+00	7.97935892e-01	7.00059220e-01
2239            	4.89292246e-02	4.65976505e-02	1.49799188e+00	7.97925166e-01	7.00066717e-01
2240            	4.89199827e-02	4.65944961e-02	1.49798832e+00	7.97914145e-01	7.00074180e-01
2241            	4.89091576e-02	4.65905051e-02	1.49798278e+00	7.97900548e-01	7.00082233e-01
2242            	4.88987897e-02	4.65866275e-02	1.49797755e+00	7.97887564e-01	7.00089984e-01
2243            	4.88888734e-02	4.65828519e-02	1.49797262e+00	7.97875181e-01	7.00097434e-01
2244            	4.88794268e-02	4.65792438e-02	1.49796812e+00	7.97863484e-01	7.00104631e-01
2245            	4.88703309e-02	4.65757669e-02	1.49796394e+00	7.97852302e-01	7.00111641e-01
2246            	4.88615172e-02	4.65724532e-02	1.49796014e+00	7.97841588e-01	7.00118553e-01
2247            	4.88528041e-02	4.65692218e-02	1.49795651e+00	7.97831059e-01	7.00125451e-01
2248            	4.88440963e-02	4.65660618e-02	1.49795301e+00	7.97820602e-01	7.00132410e-01
2249            	4.88353032e-02	4.65629401e-02	1.49794958e+00	7.97810092e-01	7.00139485e-01
2250            	4.88262707e-02	4.65597326e-02	1.49794595e+00	7.97799244e-01	7.00146703e-01
2251            	4.88169852e-02	4.65564184e-02	1.49794210e+00	7.97788037e-01	7.00154067e-01
2252            	4.88073928e-02	4.65529113e-02	1.49793789e+00	7.97776340e-01	7.00161554e-01
2253            	4.87975608e-02	4.65492347e-02	1.49793339e+00	7.97764254e-01	7.00169132e-01
2254            	4.87874771e-02	4.65453355e-02	1.49792846e+00	7.97751706e-01	7.00176752e-01
2255            	4.87772414e-02	4.65412732e-02	1.49792322e+00	7.97738852e-01	7.00184370e-01
2256            	4.87669491e-02	4.65371093e-02	1.49791779e+00	7.97725844e-01	7.00191945e-01
2257            	4.87565890e-02	4.65328168e-02	1.49791207e+00	7.97712623e-01	7.00199445e-01
2258            	4.87462470e-02	4.65284690e-02	1.49790620e+00	7.97699345e-01	7.00206851e-01
2259            	4.87359049e-02	4.65240473e-02	1.49790011e+00	7.97685961e-01	7.00214151e-01
2260            	4.87256363e-02	4.65196273e-02	1.49789397e+00	7.97672623e-01	7.00221350e-01
2261            	4.87154040e-02	4.65151858e-02	1.49788773e+00	7.97659269e-01	7.00228461e-01
2262            	4.87052580e-02	4.65107887e-02	1.49788153e+00	7.97646024e-01	7.00235508e-01
2263            	4.86952249e-02	4.65064793e-02	1.49787549e+00	7.97632968e-01	7.00242518e-01
2264            	4.86852118e-02	4.65021909e-02	1.49786946e+00	7.97619940e-01	7.00249516e-01
2265            	4.86752258e-02	4.64979466e-02	1.49786351e+00	7.97606981e-01	7.00256529e-01
2266            	4.86651835e-02	4.64936757e-02	1.49785751e+00	7.97593939e-01	7.00263572e-01
2267            	4.86551201e-02	4.64894088e-02	1.49785156e+00	7.97580900e-01	7.00270660e-01
2268            	4.86450738e-02	4.64851703e-02	1.49784574e+00	7.97567944e-01	7.00277796e-01
2269            	4.86349915e-02	4.64808929e-02	1.49783994e+00	7.97554960e-01	7.00284977e-01
2270            	4.86249169e-02	4.64766068e-02	1.49783422e+00	7.97542029e-01	7.00292195e-01
2271            	4.86147918e-02	4.64722536e-02	1.49782845e+00	7.97529016e-01	7.00299433e-01
2272            	4.86046654e-02	4.64678775e-02	1.49782269e+00	7.97516008e-01	7.00306677e-01
2273            	4.85944942e-02	4.64634353e-02	1.49781681e+00	7.97502899e-01	7.00313911e-01
2274            	4.85843450e-02	4.64589850e-02	1.49781094e+00	7.97489813e-01	7.00321123e-01
2275            	4.85742736e-02	4.64545727e-02	1.49780515e+00	7.97476850e-01	7.00328303e-01
2276            	4.85642209e-02	4.64501430e-02	1.49779932e+00	7.97463881e-01	7.00335439e-01
2277            	4.85542272e-02	4.64457334e-02	1.49779352e+00	7.97450988e-01	7.00342534e-01
2278            	4.85442385e-02	4.64412935e-02	1.49778765e+00	7.97438061e-01	7.00349584e-01
2279            	4.85343072e-02	4.64368706e-02	1.49778181e+00	7.97425212e-01	7.00356597e-01
2280            	4.85244735e-02	4.64325032e-02	1.49777611e+00	7.97412528e-01	7.00363581e-01
2281            	4.85160500e-02	4.64288865e-02	1.49777235e+00	7.97402224e-01	7.00370124e-01
2282            	4.85059218e-02	4.64244157e-02	1.49776644e+00	7.97389143e-01	7.00377299e-01
2283            	4.84957518e-02	4.64198973e-02	1.49776047e+00	7.97375989e-01	7.00384485e-01
2284            	4.84856402e-02	4.64153868e-02	1.49775459e+00	7.97362934e-01	7.00391653e-01
2285            	4.84756768e-02	4.64109405e-02	1.49774891e+00	7.97350134e-01	7.00398780e-01
2286            	4.84658318e-02	4.64065212e-02	1.49774336e+00	7.97337512e-01	7.00405849e-01
2287            	4.84572379e-02	4.64027914e-02	1.49773928e+00	7.97326877e-01	7.00412401e-01
2288            	4.84484457e-02	4.63989962e-02	1.49773512e+00	7.97316004e-01	7.00419113e-01
2289            	4.84394468e-02	4.63951505e-02	1.49773092e+00	7.97304909e-01	7.00426015e-01
2290            	4.84302651e-02	4.63912631e-02	1.49772673e+00	7.97293629e-01	7.00433099e-01
2291            	4.84208365e-02	4.63872491e-02	1.49772233e+00	7.97282000e-01	7.00440327e-01
2292            	4.84112404e-02	4.63831337e-02	1.49771777e+00	7.97270124e-01	7.00447643e-01
2293            	4.84015887e-02	4.63789603e-02	1.49771313e+00	7.97258154e-01	7.00454976e-01
2294            	4.83919221e-02	4.63747100e-02	1.49770835e+00	7.97246099e-01	7.00462255e-01
2295            	4.83823827e-02	4.63704674e-02	1.49770362e+00	7.97234192e-01	7.00469427e-01
2296            	4.83730161e-02	4.63662463e-02	1.49769895e+00	7.97222493e-01	7.00476460e-01
2297            	4.83639257e-02	4.63621389e-02	1.49769456e+00	7.97211208e-01	7.00483357e-01
2298            	4.83551803e-02	4.63582226e-02	1.49769064e+00	7.97200500e-01	7.00490139e-01
2299            	4.83467106e-02	4.63544645e-02	1.49768711e+00	7.97190266e-01	7.00496845e-01
2300            	4.83393908e-02	4.63512859e-02	1.49768485e+00	7.97181815e-01	7.00503033e-01
2301            	4.83315490e-02	4.63480633e-02	1.49768261e+00	7.97172855e-01	7.00509757e-01
2302            	4.83236976e-02	4.63449142e-02	1.49768067e+00	7.97164033e-01	7.00516637e-01
2303            	4.83157968e-02	4.63418051e-02	1.49767895e+00	7.97155270e-01	7.00523676e-01
2304            	4.83078415e-02	4.63387123e-02	1.49767737e+00	7.97146528e-01	7.00530845e-01
2305            	4.82997630e-02	4.63355434e-02	1.49767572e+00	7.97137624e-01	7.00538098e-01
2306            	4.82924776e-02	4.63326749e-02	1.49767467e+00	7.97129811e-01	7.00544855e-01
2307            	4.82844534e-02	4.63295187e-02	1.49767315e+00	7.97121027e-01	7.00552121e-01
2308            	4.82763634e-02	4.63262950e-02	1.49767160e+00	7.97112162e-01	7.00559435e-01
2309            	4.82691751e-02	4.63234263e-02	1.49767076e+00	7.97104553e-01	7.00566203e-01
2310            	4.82613345e-02	4.63203125e-02	1.49766958e+00	7.97096126e-01	7.00573457e-01
2311            	4.82535492e-02	4.63172040e-02	1.49766851e+00	7.97087805e-01	7.00580706e-01
2312            	4.82458952e-02	4.63141464e-02	1.49766761e+00	7.97079702e-01	7.00587912e-01
2313            	4.82391798e-02	4.63114680e-02	1.49766740e+00	7.97072878e-01	7.00594518e-01
2314            	4.82320231e-02	4.63086932e-02	1.49766715e+00	7.97065601e-01	7.00601554e-01
2315            	4.82250349e-02	4.63060385e-02	1.49766727e+00	7.97058670e-01	7.00608601e-01
2316            	4.82189311e-02	4.63037812e-02	1.49766813e+00	7.97052999e-01	7.00615136e-01
2317            	4.82124059e-02	4.63014651e-02	1.49766914e+00	7.97046974e-01	7.00622162e-01
2318            	4.82067183e-02	4.62995524e-02	1.49767093e+00	7.97042184e-01	7.00628748e-01
2319            	4.82004828e-02	4.62975160e-02	1.49767281e+00	7.97036886e-01	7.00635920e-01
2320            	4.81942292e-02	4.62954978e-02	1.49767491e+00	7.97031685e-01	7.00643226e-01
2321            	4.81887002e-02	4.62937784e-02	1.49767754e+00	7.97027472e-01	7.00650072e-01
2322            	4.81826638e-02	4.62919212e-02	1.49768025e+00	7.97022790e-01	7.00657462e-01
2323            	4.81773263e-02	4.62903310e-02	1.49768340e+00	7.97019026e-01	7.00664373e-01
2324            	4.81715576e-02	4.62886697e-02	1.49768680e+00	7.97014959e-01	7.00671843e-01
2325            	4.81664782e-02	4.62872590e-02	1.49769058e+00	7.97011766e-01	7.00678810e-01
2326            	4.81609676e-02	4.62857574e-02	1.49769459e+00	7.97008261e-01	7.00686326e-01
2327            	4.81561298e-02	4.62844890e-02	1.49769889e+00	7.97005577e-01	7.00693317e-01
2328            	4.81508747e-02	4.62831203e-02	1.49770342e+00	7.97002586e-01	7.00700837e-01
2329            	4.81463823e-02	4.62820659e-02	1.49770841e+00	7.97000586e-01	7.00707822e-01
2330            	4.81421515e-02	4.62811725e-02	1.49771379e+00	7.96999048e-01	7.00714745e-01
2331            	4.81375613e-02	4.62802300e-02	1.49771963e+00	7.96997376e-01	7.00722254e-01
2332            	4.81336734e-02	4.62795921e-02	1.49772589e+00	7.96996616e-01	7.00729269e-01
2333            	4.81293422e-02	4.62788305e-02	1.49773239e+00	7.96995538e-01	7.00736854e-01
2334            	4.81261621e-02	4.62785199e-02	1.49773905e+00	7.96995685e-01	7.00743361e-01
2335            	4.81223813e-02	4.62781005e-02	1.49774669e+00	7.96995725e-01	7.00750962e-01
2336            	4.81187975e-02	4.62777614e-02	1.49775449e+00	7.96996040e-01	7.00758445e-01
2337            	4.81154502e-02	4.62775396e-02	1.49776254e+00	7.96996719e-01	7.00765819e-01
2338            	4.81123914e-02	4.62774901e-02	1.49777101e+00	7.96997898e-01	7.00773115e-01
2339            	4.81096177e-02	4.62775816e-02	1.49777865e+00	7.96998942e-01	7.00779707e-01
2340            	4.81066246e-02	4.62777514e-02	1.49778814e+00	7.97000695e-01	7.00787446e-01
2341            	4.81048457e-02	4.62784470e-02	1.49779871e+00	7.97004203e-01	7.00794511e-01
2342            	4.81022052e-02	4.62789269e-02	1.49780992e+00	7.97007164e-01	7.00802753e-01
2343            	4.80996754e-02	4.62793188e-02	1.49781907e+00	7.97009213e-01	7.00809862e-01
2344            	4.80970635e-02	4.62798824e-02	1.49783076e+00	7.97012441e-01	7.00818314e-01
2345            	4.80958492e-02	4.62809238e-02	1.49784301e+00	7.97017357e-01	7.00825658e-01
2346            	4.80939633e-02	4.62818742e-02	1.49785628e+00	7.97022104e-01	7.00834178e-01
2347            	4.80921045e-02	4.62825957e-02	1.49786657e+00	7.97025392e-01	7.00841183e-01
2348            	4.80904033e-02	4.62837036e-02	1.49788141e+00	7.97031108e-01	7.00850302e-01
2349            	4.80893953e-02	4.62850018e-02	1.49789545e+00	7.97037121e-01	7.00858330e-01
2350            	4.80884523e-02	4.62861293e-02	1.49790683e+00	7.97041868e-01	7.00864964e-01
2351            	4.80880122e-02	4.62878090e-02	1.49792118e+00	7.97048603e-01	7.00872578e-01
2352            	4.80889022e-02	4.62900061e-02	1.49793632e+00	7.97057063e-01	7.00879258e-01
2353            	4.80889582e-02	4.62922374e-02	1.49795372e+00	7.97065819e-01	7.00887903e-01
2354            	4.80896256e-02	4.62947840e-02	1.49797067e+00	7.97074959e-01	7.00895708e-01
2355            	4.80898324e-02	4.62968954e-02	1.49798424e+00	7.97081952e-01	7.00902288e-01
2356            	4.80908023e-02	4.62998877e-02	1.49800416e+00	7.97092880e-01	7.00911276e-01
2357            	4.80918653e-02	4.63029199e-02	1.49802429e+00	7.97104010e-01	7.00920279e-01
2358            	4.80928856e-02	4.63058554e-02	1.49804376e+00	7.97114767e-01	7.00928995e-01
2359            	4.80941784e-02	4.63088166e-02	1.49806178e+00	7.97125070e-01	7.00936714e-01
2360            	4.80962237e-02	4.63119010e-02	1.49807946e+00	7.97135953e-01	7.00943506e-01
2361            	4.80984173e-02	4.63154934e-02	1.49809987e+00	7.97148350e-01	7.00951516e-01
2362            	4.81000237e-02	4.63185757e-02	1.49811705e+00	7.97158546e-01	7.00958499e-01
2363            	4.81029225e-02	4.63228612e-02	1.49814166e+00	7.97173752e-01	7.00967907e-01
2364            	4.81060893e-02	4.63273389e-02	1.49816726e+00	7.97189721e-01	7.00977542e-01
2365            	4.81090777e-02	4.63316538e-02	1.49819216e+00	7.97205156e-01	7.00987001e-01
2366            	4.81120599e-02	4.63357801e-02	1.49821488e+00	7.97219498e-01	7.00995378e-01
2367            	4.81154765e-02	4.63397856e-02	1.49823637e+00	7.97233661e-01	7.01002708e-01
2368            	4.81190050e-02	4.63443364e-02	1.49826156e+00	7.97249784e-01	7.01011774e-01
2369            	4.81229976e-02	4.63491661e-02	1.49828806e+00	7.97267025e-01	7.01021030e-01
2370            	4.81271199e-02	4.63540861e-02	1.49831461e+00	7.97284426e-01	7.01030186e-01
2371            	4.81317218e-02	4.63592503e-02	1.49834172e+00	7.97302581e-01	7.01039138e-01
2372            	4.81363008e-02	4.63643403e-02	1.49836704e+00	7.97319820e-01	7.01047218e-01
2373            	4.81401746e-02	4.63688573e-02	1.49838877e+00	7.97334561e-01	7.01054212e-01
2374            	4.81455774e-02	4.63746912e-02	1.49841659e+00	7.97353871e-01	7.01062716e-01
2375            	4.81512487e-02	4.63807050e-02	1.49844488e+00	7.97373687e-01	7.01071190e-01
2376            	4.81574096e-02	4.63867691e-02	1.49847326e+00	7.97394040e-01	7.01079221e-01
2377            	4.81646126e-02	4.63941495e-02	1.49850869e+00	7.97418960e-01	7.01089735e-01
2378            	4.81715880e-02	4.64014645e-02	1.49854399e+00	7.97443584e-01	7.01100408e-01
2379            	4.81788240e-02	4.64088820e-02	1.49858008e+00	7.97468862e-01	7.01111214e-01
2380            	4.81861960e-02	4.64162606e-02	1.49861621e+00	7.97494301e-01	7.01121909e-01
2381            	4.81935782e-02	4.64235583e-02	1.49865192e+00	7.97519537e-01	7.01132381e-01
2382            	4.82010665e-02	4.64308104e-02	1.49868722e+00	7.97544674e-01	7.01142541e-01
2383            	4.82086383e-02	4.64380635e-02	1.49872198e+00	7.97569630e-01	7.01152353e-01
2384            	4.82164389e-02	4.64453793e-02	1.49875634e+00	7.97594609e-01	7.01161732e-01
2385            	4.82239165e-02	4.64524593e-02	1.49878803e+00	7.97617931e-01	7.01170098e-01
2386            	4.82303326e-02	4.64587557e-02	1.49881523e+00	7.97637947e-01	7.01177282e-01
2387            	4.82388938e-02	4.64667860e-02	1.49884982e+00	7.97663802e-01	7.01186014e-01
2388            	4.82478068e-02	4.64750846e-02	1.49888527e+00	7.97690442e-01	7.01194829e-01
2389            	4.82570335e-02	4.64833525e-02	1.49892070e+00	7.97717385e-01	7.01203318e-01
2390            	4.82692242e-02	4.64944712e-02	1.49896939e+00	7.97753918e-01	7.01215470e-01
2391            	4.82811174e-02	4.65053317e-02	1.49901741e+00	7.97789823e-01	7.01227588e-01
2392            	4.82925740e-02	4.65158001e-02	1.49906416e+00	7.97824653e-01	7.01239505e-01
2393            	4.83025093e-02	4.65249720e-02	1.49910544e+00	7.97855227e-01	7.01250209e-01
2394            	4.83128534e-02	4.65344041e-02	1.49914801e+00	7.97886861e-01	7.01261154e-01
2395            	4.83236473e-02	4.65441272e-02	1.49919183e+00	7.97919562e-01	7.01272267e-01
2396            	4.83348181e-02	4.65541246e-02	1.49923654e+00	7.97953086e-01	7.01283450e-01
2397            	4.83463635e-02	4.65643869e-02	1.49928207e+00	7.97987399e-01	7.01294672e-01
2398            	4.83583637e-02	4.65749667e-02	1.49932860e+00	7.98022666e-01	7.01305939e-01
2399            	4.83708866e-02	4.65858875e-02	1.49937636e+00	7.98059068e-01	7.01317294e-01
2400            	4.83836795e-02	4.65969792e-02	1.49942450e+00	7.98095931e-01	7.01328571e-01
2401            	4.83964651e-02	4.66080162e-02	1.49947206e+00	7.98132497e-01	7.01339567e-01
2402            	4.84089169e-02	4.66188503e-02	1.49951825e+00	7.98168044e-01	7.01350210e-01
2403            	4.84200982e-02	4.66287874e-02	1.49955967e+00	7.98199935e-01	7.01359739e-01
2404            	4.84306162e-02	4.66380065e-02	1.49959792e+00	7.98229579e-01	7.01368346e-01
2405            	4.84432445e-02	4.66491070e-02	1.49964398e+00	7.98265237e-01	7.01378748e-01
2406            	4.84560836e-02	4.66603885e-02	1.49969081e+00	7.98301487e-01	7.01389320e-01
2407            	4.84669810e-02	4.66703810e-02	1.49973188e+00	7.98332920e-01	7.01398958e-01
2408            	4.84851298e-02	4.66858533e-02	1.49979776e+00	7.98384008e-01	7.01413748e-01
2409            	4.85029711e-02	4.67010670e-02	1.49986293e+00	7.98434434e-01	7.01428491e-01
2410            	4.85201232e-02	4.67157176e-02	1.49992598e+00	7.98483112e-01	7.01442866e-01
2411            	4.85364437e-02	4.67296814e-02	1.49998629e+00	7.98529590e-01	7.01456703e-01
2412            	4.85519914e-02	4.67430174e-02	1.50004388e+00	7.98573931e-01	7.01469948e-01
2413            	4.85669241e-02	4.67558421e-02	1.50009911e+00	7.98616477e-01	7.01482628e-01
2414            	4.85797868e-02	4.67670978e-02	1.50014712e+00	7.98653344e-01	7.01493771e-01
2415            	4.85949873e-02	4.67800784e-02	1.50020233e+00	7.98696154e-01	7.01506179e-01
2416            	4.86102152e-02	4.67930579e-02	1.50025716e+00	7.98738797e-01	7.01518367e-01
2417            	4.86255341e-02	4.68060822e-02	1.50031192e+00	7.98781493e-01	7.01530425e-01
2418            	4.86410146e-02	4.68192247e-02	1.50036696e+00	7.98824492e-01	7.01542463e-01
2419            	4.86566832e-02	4.68325088e-02	1.50042252e+00	7.98867942e-01	7.01554576e-01
2420            	4.86725785e-02	4.68459862e-02	1.50047887e+00	7.98912012e-01	7.01566855e-01
2421            	4.86887107e-02	4.68596695e-02	1.50053616e+00	7.98956791e-01	7.01579370e-01
2422            	4.87051124e-02	4.68736025e-02	1.50059458e+00	7.99002404e-01	7.01592179e-01
2423            	4.87196952e-02	4.68862648e-02	1.50064758e+00	7.99043485e-01	7.01604094e-01
2424            	4.87376232e-02	4.69014418e-02	1.50071163e+00	7.99093436e-01	7.01618190e-01
2425            	4.87570612e-02	4.69177362e-02	1.50078116e+00	7.99147643e-01	7.01633521e-01
2426            	4.87751284e-02	4.69330886e-02	1.50084626e+00	7.99198256e-01	7.01647999e-01
2427            	4.87927966e-02	4.69481300e-02	1.50091015e+00	7.99247869e-01	7.01662276e-01
2428            	4.88101500e-02	4.69629199e-02	1.50097301e+00	7.99296653e-01	7.01676353e-01
2429            	4.88272752e-02	4.69775107e-02	1.50103507e+00	7.99344810e-01	7.01690260e-01
2430            	4.88433179e-02	4.69910795e-02	1.50109290e+00	7.99389767e-01	7.01703132e-01
2431            	4.88610503e-02	4.70061842e-02	1.50115712e+00	7.99439611e-01	7.01717511e-01
2432            	4.88803455e-02	4.70223369e-02	1.50122641e+00	7.99493552e-01	7.01732861e-01
2433            	4.88980665e-02	4.70373999e-02	1.50129048e+00	7.99543309e-01	7.01747176e-01
2434            	4.89154716e-02	4.70521829e-02	1.50135340e+00	7.99592169e-01	7.01761226e-01
2435            	4.89326815e-02	4.70667807e-02	1.50141563e+00	7.99640495e-01	7.01775132e-01
2436            	4.89498504e-02	4.70813340e-02	1.50147776e+00	7.99688729e-01	7.01789028e-01
2437            	4.89648029e-02	4.70942972e-02	1.50153306e+00	7.99731333e-01	7.01801727e-01
2438            	4.89846069e-02	4.71108217e-02	1.50160456e+00	7.99786888e-01	7.01817674e-01
2439            	4.90031581e-02	4.71264845e-02	1.50167206e+00	7.99839187e-01	7.01832870e-01
2440            	4.90203126e-02	4.71408945e-02	1.50173446e+00	7.99887541e-01	7.01846916e-01
2441            	4.90392087e-02	4.71569184e-02	1.50180375e+00	7.99941082e-01	7.01862665e-01
2442            	4.90593647e-02	4.71737973e-02	1.50187740e+00	7.99998064e-01	7.01879335e-01
2443            	4.90777376e-02	4.71894649e-02	1.50194539e+00	8.00050432e-01	7.01894957e-01
2444            	4.90954011e-02	4.72045699e-02	1.50201105e+00	8.00100925e-01	7.01910123e-01
2445            	4.91102812e-02	4.72176304e-02	1.50206788e+00	8.00144221e-01	7.01923658e-01
2446            	4.91285078e-02	4.72331479e-02	1.50213574e+00	8.00196378e-01	7.01939363e-01
2447            	4.91477289e-02	4.72493791e-02	1.50220731e+00	8.00251386e-01	7.01955928e-01
2448            	4.91656412e-02	4.72646777e-02	1.50227450e+00	8.00302890e-01	7.01971608e-01
2449            	4.91829863e-02	4.72795323e-02	1.50233979e+00	8.00352882e-01	7.01986910e-01
2450            	4.91990377e-02	4.72931840e-02	1.50240024e+00	8.00399156e-01	7.02001081e-01
2451            	4.92186479e-02	4.73097312e-02	1.50247366e+00	8.00455479e-01	7.02018183e-01
2452            	4.92368202e-02	4.73252985e-02	1.50254251e+00	8.00508073e-01	7.02034433e-01
2453            	4.92521269e-02	4.73387341e-02	1.50260222e+00	8.00553238e-01	7.02048984e-01
2454            	4.92706490e-02	4.73545595e-02	1.50267295e+00	8.00607126e-01	7.02065828e-01
2455            	4.92901362e-02	4.73709929e-02	1.50274724e+00	8.00663757e-01	7.02083484e-01
2456            	4.93080538e-02	4.73863565e-02	1.50281655e+00	8.00716330e-01	7.02100222e-01
2457            	4.93249139e-02	4.74008936e-02	1.50288256e+00	8.00766194e-01	7.02116366e-01
2458            	4.93411395e-02	4.74149268e-02	1.50294665e+00	8.00814463e-01	7.02132184e-01
2459            	4.93560605e-02	4.74277364e-02	1.50300591e+00	8.00859018e-01	7.02146897e-01
2460            	4.93742939e-02	4.74432983e-02	1.50307793e+00	8.00913258e-01	7.02164670e-01
2461            	4.93912588e-02	4.74579893e-02	1.50314580e+00	8.00964159e-01	7.02181642e-01
2462            	4.94054830e-02	4.74706292e-02	1.50320473e+00	8.01007847e-01	7.02196881e-01
2463            	4.94243428e-02	4.74867167e-02	1.50327984e+00	8.01064263e-01	7.02215578e-01
2464            	4.94418501e-02	4.75018766e-02	1.50335058e+00	8.01117140e-01	7.02233439e-01
2465            	4.94548216e-02	4.75134772e-02	1.50340527e+00	8.01157459e-01	7.02247815e-01
2466            	4.94674721e-02	4.75247526e-02	1.50345893e+00	8.01196939e-01	7.02261995e-01
2467            	4.94798308e-02	4.75354346e-02	1.50351049e+00	8.01235076e-01	7.02275415e-01
2468            	4.95008667e-02	4.75532834e-02	1.50359593e+00	8.01298833e-01	7.02297100e-01
2469            	4.95162074e-02	4.75667862e-02	1.50366088e+00	8.01346646e-01	7.02314231e-01
2470            	4.95274439e-02	4.75773070e-02	1.50371202e+00	8.01383455e-01	7.02328567e-01
2471            	4.95482078e-02	4.75951428e-02	1.50379793e+00	8.01447174e-01	7.02350759e-01
2472            	4.95652044e-02	4.76101098e-02	1.50387100e+00	8.01500703e-01	7.02370294e-01
2473            	4.95843210e-02	4.76266357e-02	1.50395157e+00	8.01560105e-01	7.02391463e-01
2474            	4.95976599e-02	4.76384889e-02	1.50401063e+00	8.01602973e-01	7.02407653e-01
2475            	4.96094383e-02	4.76486995e-02	1.50406263e+00	8.01640755e-01	7.02421879e-01
2476            	4.96258138e-02	4.76631336e-02	1.50413599e+00	8.01693810e-01	7.02442182e-01
2477            	4.96408211e-02	4.76765155e-02	1.50420498e+00	8.01743309e-01	7.02461667e-01
2478            	4.96546165e-02	4.76889240e-02	1.50426973e+00	8.01789481e-01	7.02480248e-01
2479            	4.96673303e-02	4.77004331e-02	1.50433065e+00	8.01832657e-01	7.02497996e-01
2480            	4.96785987e-02	4.77105010e-02	1.50438525e+00	8.01871225e-01	7.02514028e-01
2481            	4.96916409e-02	4.77221896e-02	1.50444882e+00	8.01916051e-01	7.02532770e-01
2482            	4.97031747e-02	4.77327473e-02	1.50450675e+00	8.01956550e-01	7.02550201e-01
2483            	4.97117355e-02	4.77408208e-02	1.50455248e+00	8.01987977e-01	7.02564505e-01
2484            	4.97180346e-02	4.77472529e-02	1.50459072e+00	8.02013396e-01	7.02577326e-01
2485            	4.97314627e-02	4.77593805e-02	1.50465945e+00	8.02061186e-01	7.02598260e-01
2486            	4.97411857e-02	4.77685145e-02	1.50471247e+00	8.02097418e-01	7.02615047e-01
2487            	4.97504746e-02	4.77768808e-02	1.50476144e+00	8.02131197e-01	7.02630248e-01
2488            	4.97644822e-02	4.77897926e-02	1.50483472e+00	8.02181843e-01	7.02652879e-01
2489            	4.97775670e-02	4.78019798e-02	1.50490431e+00	8.02229724e-01	7.02674590e-01
2490            	4.97896382e-02	4.78133034e-02	1.50496963e+00	8.02274455e-01	7.02695178e-01
2491            	4.98001415e-02	4.78230072e-02	1.50502723e+00	8.02313758e-01	7.02713475e-01
2492            	4.98108078e-02	4.78330822e-02	1.50508766e+00	8.02354639e-01	7.02733024e-01
2493            	4.98186916e-02	4.78408464e-02	1.50513738e+00	8.02387384e-01	7.02750000e-01
2494            	4.98275915e-02	4.78493929e-02	1.50519263e+00	8.02423906e-01	7.02768723e-01
2495            	4.98353438e-02	4.78569774e-02	1.50524410e+00	8.02457395e-01	7.02786707e-01
2496            	4.98421898e-02	4.78638240e-02	1.50529279e+00	8.02488587e-01	7.02804207e-01
2497            	4.98480557e-02	4.78696362e-02	1.50533691e+00	8.02516510e-01	7.02820398e-01
2498            	4.98541321e-02	4.78759857e-02	1.50538554e+00	8.02546901e-01	7.02838637e-01
2499            	4.98597618e-02	4.78819895e-02	1.50543297e+00	8.02576245e-01	7.02856721e-01
2500            	4.98651289e-02	4.78877869e-02	1.50547972e+00	8.02604986e-01	7.02874729e-01
2501            	4.98692657e-02	4.78926008e-02	1.50552135e+00	8.02629939e-01	7.02891408e-01
2502            	4.98754013e-02	4.78990824e-02	1.50557413e+00	8.02662464e-01	7.02911661e-01
2503            	4.98808196e-02	4.79047424e-02	1.50562145e+00	8.02691542e-01	7.02929903e-01
2504            	4.98855692e-02	4.79101195e-02	1.50566796e+00	8.02719550e-01	7.02948411e-01
2505            	4.98895612e-02	4.79146542e-02	1.50570928e+00	8.02744202e-01	7.02965079e-01
2506            	4.98935836e-02	4.79187606e-02	1.50574766e+00	8.02767416e-01	7.02980248e-01
2507            	4.98979781e-02	4.79240267e-02	1.50579844e+00	8.02797197e-01	7.03001241e-01
2508            	4.99016033e-02	4.79284950e-02	1.50584368e+00	8.02823443e-01	7.03020236e-01
2509            	4.99051102e-02	4.79324126e-02	1.50588445e+00	8.02847334e-01	7.03037114e-01
2510            	4.99083659e-02	4.79365946e-02	1.50593011e+00	8.02873421e-01	7.03056689e-01
2511            	4.99096669e-02	4.79392824e-02	1.50596614e+00	8.02892736e-01	7.03073403e-01
2512            	4.99136829e-02	4.79445762e-02	1.50602381e+00	8.02925590e-01	7.03098224e-01
2513            	4.99168510e-02	4.79490082e-02	1.50607527e+00	8.02954487e-01	7.03120785e-01
2514            	4.99184586e-02	4.79519061e-02	1.50611651e+00	8.02976716e-01	7.03139799e-01
2515            	4.99194285e-02	4.79539473e-02	1.50615153e+00	8.02995193e-01	7.03156336e-01
2516            	4.99204673e-02	4.79554144e-02	1.50618181e+00	8.03011372e-01	7.03170437e-01
2517            	4.99204406e-02	4.79567896e-02	1.50622155e+00	8.03031217e-01	7.03190335e-01
2518            	4.99197983e-02	4.79572551e-02	1.50625240e+00	8.03045996e-01	7.03206400e-01
2519            	4.99179418e-02	4.79567964e-02	1.50627695e+00	8.03056419e-01	7.03220535e-01
2520            	4.99164172e-02	4.79569753e-02	1.50631540e+00	8.03074115e-01	7.03241280e-01
2521            	4.99147481e-02	4.79570417e-02	1.50635164e+00	8.03090570e-01	7.03261073e-01
2522            	4.99132367e-02	4.79569025e-02	1.50638112e+00	8.03103796e-01	7.03277323e-01
2523            	4.99126098e-02	4.79569899e-02	1.50640933e+00	8.03117275e-01	7.03292055e-01
2524            	4.99102944e-02	4.79567026e-02	1.50644651e+00	8.03133549e-01	7.03312960e-01
2525            	4.99080374e-02	4.79564224e-02	1.50648257e+00	8.03149322e-01	7.03333247e-01
2526            	4.99058794e-02	4.79561306e-02	1.50651715e+00	8.03164453e-01	7.03352694e-01
2527            	4.99037940e-02	4.79557555e-02	1.50655013e+00	8.03178859e-01	7.03371271e-01
2528            	4.99017087e-02	4.79552126e-02	1.50658160e+00	8.03192510e-01	7.03389093e-01
2529            	4.99000439e-02	4.79545251e-02	1.50661066e+00	8.03205372e-01	7.03405284e-01
2530            	4.98974494e-02	4.79533421e-02	1.50664117e+00	8.03218037e-01	7.03423138e-01
2531            	4.98946099e-02	4.79518560e-02	1.50667064e+00	8.03229930e-01	7.03440711e-01
2532            	4.98914988e-02	4.79500868e-02	1.50669921e+00	8.03241103e-01	7.03458106e-01
2533            	4.98881115e-02	4.79480547e-02	1.50672703e+00	8.03251626e-01	7.03475403e-01
2534            	4.98844658e-02	4.79457942e-02	1.50675428e+00	8.03261606e-01	7.03492674e-01
2535            	4.98805968e-02	4.79433442e-02	1.50678110e+00	8.03271148e-01	7.03509954e-01
2536            	4.98763826e-02	4.79405857e-02	1.50680499e+00	8.03278875e-01	7.03526110e-01
2537            	4.98720877e-02	4.79377801e-02	1.50683330e+00	8.03288736e-01	7.03544561e-01
2538            	4.98673012e-02	4.79346551e-02	1.50686247e+00	8.03298536e-01	7.03563934e-01
2539            	4.98629595e-02	4.79318221e-02	1.50689026e+00	8.03308088e-01	7.03582169e-01
2540            	4.98595668e-02	4.79293579e-02	1.50691667e+00	8.03317901e-01	7.03598767e-01
2541            	4.98553784e-02	4.79263905e-02	1.50694256e+00	8.03326661e-01	7.03615904e-01
2542            	4.98516318e-02	4.79235613e-02	1.50697005e+00	8.03336656e-01	7.03633392e-01
2543            	4.98484225e-02	4.79209549e-02	1.50699506e+00	8.03345951e-01	7.03649106e-01
2544            	4.98463389e-02	4.79189250e-02	1.50701653e+00	8.03354606e-01	7.03661928e-01
2545            	4.98425822e-02	4.79158623e-02	1.50703879e+00	8.03361977e-01	7.03676813e-01
2546            	4.98386839e-02	4.79125044e-02	1.50707028e+00	8.03373825e-01	7.03696457e-01
2547            	4.98346216e-02	4.79091443e-02	1.50710189e+00	8.03385567e-01	7.03716324e-01
2548            	4.98304873e-02	4.79058545e-02	1.50713250e+00	8.03396736e-01	7.03735762e-01
2549            	4.98263403e-02	4.79026192e-02	1.50716178e+00	8.03407228e-01	7.03754547e-01
2550            	4.98222564e-02	4.78994179e-02	1.50719001e+00	8.03417261e-01	7.03772748e-01
2551            	4.98183363e-02	4.78962461e-02	1.50721767e+00	8.03427172e-01	7.03790500e-01
2552            	4.98146472e-02	4.78930866e-02	1.50724515e+00	8.03437223e-01	7.03807929e-01
2553            	4.98112675e-02	4.78899599e-02	1.50727286e+00	8.03447696e-01	7.03825161e-01
2554            	4.98082128e-02	4.78868642e-02	1.50730097e+00	8.03458697e-01	7.03842272e-01
2555            	4.98054930e-02	4.78838230e-02	1.50732965e+00	8.03470316e-01	7.03859330e-01
2556            	4.98030604e-02	4.78808287e-02	1.50735884e+00	8.03482479e-01	7.03876358e-01
2557            	4.98008856e-02	4.78779000e-02	1.50738854e+00	8.03495157e-01	7.03893386e-01
2558            	4.97984235e-02	4.78749170e-02	1.50741436e+00	8.03505603e-01	7.03908756e-01
2559            	4.97968084e-02	4.78720561e-02	1.50744898e+00	8.03521298e-01	7.03927682e-01
2560            	4.97953623e-02	4.78693589e-02	1.50748394e+00	8.03537334e-01	7.03946610e-01
2561            	4.97940955e-02	4.78668813e-02	1.50751767e+00	8.03552931e-01	7.03964740e-01
2562            	4.97930575e-02	4.78646365e-02	1.50754976e+00	8.03567938e-01	7.03981823e-01
2563            	4.97917613e-02	4.78624179e-02	1.50757665e+00	8.03580087e-01	7.03996564e-01
2564            	4.97907189e-02	4.78599682e-02	1.50761320e+00	8.03597320e-01	7.04015882e-01
2565            	4.97907400e-02	4.78582948e-02	1.50764717e+00	8.03614326e-01	7.04032846e-01
2566            	4.97923769e-02	4.78576070e-02	1.50767942e+00	8.03632088e-01	7.04047334e-01
2567            	4.97931890e-02	4.78562727e-02	1.50771534e+00	8.03650859e-01	7.04064481e-01
2568            	4.97944156e-02	4.78551979e-02	1.50775129e+00	8.03670060e-01	7.04081229e-01
2569            	4.97968601e-02	4.78548396e-02	1.50778662e+00	8.03690171e-01	7.04096451e-01
2570            	4.97986585e-02	4.78538045e-02	1.50783287e+00	8.03715094e-01	7.04117777e-01
2571            	4.98007945e-02	4.78531885e-02	1.50787765e+00	8.03739618e-01	7.04138029e-01
2572            	4.98036493e-02	4.78531425e-02	1.50791873e+00	8.03763016e-01	7.04155718e-01
2573            	4.98065204e-02	4.78531325e-02	1.50796141e+00	8.03787224e-01	7.04174184e-01
2574            	4.98098399e-02	4.78534370e-02	1.50800257e+00	8.03811126e-01	7.04191446e-01
2575            	4.98136462e-02	4.78539903e-02	1.50804288e+00	8.03835086e-01	7.04207794e-01
2576            	4.98181911e-02	4.78548797e-02	1.50808155e+00	8.03858966e-01	7.04222583e-01
2577            	4.98231557e-02	4.78558300e-02	1.50812420e+00	8.03885255e-01	7.04238943e-01
2578            	4.98285908e-02	4.78569917e-02	1.50816797e+00	8.03912577e-01	7.04255396e-01
2579            	4.98344466e-02	4.78583892e-02	1.50821304e+00	8.03940969e-01	7.04272076e-01
2580            	4.98406966e-02	4.78600500e-02	1.50825953e+00	8.03970460e-01	7.04289067e-01
2581            	4.98473036e-02	4.78619623e-02	1.50830741e+00	8.04001009e-01	7.04306402e-01
2582            	4.98543520e-02	4.78641943e-02	1.50835459e+00	8.04031649e-01	7.04322945e-01
2583            	4.98623404e-02	4.78668226e-02	1.50841073e+00	8.04067705e-01	7.04343024e-01
2584            	4.98702570e-02	4.78696226e-02	1.50846664e+00	8.04103579e-01	7.04363065e-01
2585            	4.98782397e-02	4.78727381e-02	1.50851973e+00	8.04138107e-01	7.04381627e-01
2586            	4.98865386e-02	4.78761372e-02	1.50857237e+00	8.04172726e-01	7.04399648e-01
2587            	4.98952652e-02	4.78797869e-02	1.50862511e+00	8.04207822e-01	7.04417291e-01
2588            	4.99034384e-02	4.78831270e-02	1.50867361e+00	8.04240244e-01	7.04433367e-01
2589            	4.99141159e-02	4.78876100e-02	1.50873362e+00	8.04280927e-01	7.04452695e-01
2590            	4.99255333e-02	4.78925174e-02	1.50879493e+00	8.04323001e-01	7.04471934e-01
2591            	4.99364472e-02	4.78973338e-02	1.50885236e+00	8.04362626e-01	7.04489732e-01
2592            	4.99475186e-02	4.79022884e-02	1.50890941e+00	8.04402225e-01	7.04507188e-01
2593            	4.99588470e-02	4.79073935e-02	1.50896682e+00	8.04442257e-01	7.04524563e-01
2594            	4.99704702e-02	4.79126658e-02	1.50902505e+00	8.04482993e-01	7.04542053e-01
2595            	4.99824358e-02	4.79181226e-02	1.50908447e+00	8.04524670e-01	7.04559798e-01
2596            	4.99958621e-02	4.79243087e-02	1.50915010e+00	8.04570913e-01	7.04579188e-01
2597            	5.00091884e-02	4.79305384e-02	1.50921581e+00	8.04617093e-01	7.04598717e-01
2598            	5.00231738e-02	4.79373081e-02	1.50928499e+00	8.04665667e-01	7.04619319e-01
2599            	5.00359300e-02	4.79435308e-02	1.50934789e+00	8.04709877e-01	7.04638018e-01
2600            	5.00489278e-02	4.79499480e-02	1.50941099e+00	8.04754424e-01	7.04656568e-01
2601            	5.00623342e-02	4.79565862e-02	1.50947478e+00	8.04799726e-01	7.04675057e-01
2602            	5.00761309e-02	4.79634311e-02	1.50953933e+00	8.04845798e-01	7.04693536e-01
2603            	5.00902419e-02	4.79704215e-02	1.50960456e+00	8.04892519e-01	7.04712036e-01
2604            	5.01045789e-02	4.79775281e-02	1.50967038e+00	8.04939768e-01	7.04730610e-01
2605            	5.01191084e-02	4.79847625e-02	1.50973681e+00	8.04987513e-01	7.04749296e-01
2606            	5.01338380e-02	4.79921301e-02	1.50980390e+00	8.05035786e-01	7.04768110e-01
2607            	5.01487107e-02	4.79996222e-02	1.50987154e+00	8.05084480e-01	7.04787059e-01
2608            	5.01636940e-02	4.80072142e-02	1.50993963e+00	8.05133507e-01	7.04806119e-01
2609            	5.01787478e-02	4.80148987e-02	1.51000810e+00	8.05182796e-01	7.04825300e-01
2610            	5.01938771e-02	4.80226641e-02	1.51007694e+00	8.05232346e-01	7.04844591e-01
2611            	5.02090711e-02	4.80305151e-02	1.51014617e+00	8.05282155e-01	7.04864013e-01
2612            	5.02243229e-02	4.80384521e-02	1.51021578e+00	8.05332211e-01	7.04883565e-01
2613            	5.02396242e-02	4.80464441e-02	1.51028568e+00	8.05382465e-01	7.04903216e-01
2614            	5.02549335e-02	4.80544666e-02	1.51035577e+00	8.05432820e-01	7.04922953e-01
2615            	5.02702313e-02	4.80624835e-02	1.51042593e+00	8.05483197e-01	7.04942735e-01
2616            	5.02854793e-02	4.80704776e-02	1.51049607e+00	8.05533512e-01	7.04962554e-01
2617            	5.03006592e-02	4.80784196e-02	1.51056608e+00	8.05583698e-01	7.04982380e-01
2618            	5.03157435e-02	4.80863054e-02	1.51063593e+00	8.05633709e-01	7.05002222e-01
2619            	5.03307287e-02	4.80941210e-02	1.51070561e+00	8.05683534e-01	7.05022076e-01
2620            	5.03456024e-02	4.81018770e-02	1.51077516e+00	8.05733181e-01	7.05041976e-01
2621            	5.03603598e-02	4.81095635e-02	1.51084457e+00	8.05782644e-01	7.05061924e-01
2622            	5.03749855e-02	4.81171929e-02	1.51091385e+00	8.05831910e-01	7.05081939e-01
2623            	5.03894680e-02	4.81247516e-02	1.51098295e+00	8.05880943e-01	7.05102007e-01
2624            	5.04037973e-02	4.81322505e-02	1.51105188e+00	8.05929735e-01	7.05122140e-01
2625            	5.04179661e-02	4.81396723e-02	1.51112058e+00	8.05978257e-01	7.05142324e-01
2626            	5.04319707e-02	4.81470258e-02	1.51118908e+00	8.06026511e-01	7.05162570e-01
2627            	5.04458040e-02	4.81542896e-02	1.51125735e+00	8.06074477e-01	7.05182869e-01
2628            	5.04594661e-02	4.81614726e-02	1.51132540e+00	8.06122168e-01	7.05203235e-01
2629            	5.04729415e-02	4.81685483e-02	1.51139319e+00	8.06169539e-01	7.05223656e-01
2630            	5.04862248e-02	4.81755227e-02	1.51146071e+00	8.06216581e-01	7.05244131e-01
2631            	5.04992889e-02	4.81823636e-02	1.51152786e+00	8.06263219e-01	7.05264642e-01
2632            	5.05121272e-02	4.81890776e-02	1.51159461e+00	8.06309434e-01	7.05285180e-01
2633            	5.05247294e-02	4.81956436e-02	1.51166096e+00	8.06355209e-01	7.05305751e-01
2634            	5.05371088e-02	4.82020828e-02	1.51172694e+00	8.06400580e-01	7.05326362e-01
2635            	5.05492456e-02	4.82083711e-02	1.51179250e+00	8.06445496e-01	7.05347005e-01
2636            	5.05611592e-02	4.82145343e-02	1.51185768e+00	8.06490001e-01	7.05367683e-01
2637            	5.05728268e-02	4.82205482e-02	1.51192242e+00	8.06534038e-01	7.05388384e-01
2638            	5.05842758e-02	4.82264443e-02	1.51198679e+00	8.06577668e-01	7.05409117e-01
2639            	5.05954814e-02	4.82321961e-02	1.51205071e+00	8.06620838e-01	7.05429875e-01
2640            	5.06064730e-02	4.82378345e-02	1.51211428e+00	8.06663612e-01	7.05450666e-01
2641            	5.06172248e-02	4.82433306e-02	1.51217743e+00	8.06705941e-01	7.05471491e-01
2642            	5.06277702e-02	4.82487175e-02	1.51224026e+00	8.06747898e-01	7.05492358e-01
2643            	5.06380798e-02	4.82539645e-02	1.51230267e+00	8.06789416e-01	7.05513257e-01
2644            	5.06481954e-02	4.82591108e-02	1.51236477e+00	8.06830581e-01	7.05534191e-01
2645            	5.06581558e-02	4.82641917e-02	1.51242661e+00	8.06871462e-01	7.05555150e-01
2646            	5.06679126e-02	4.82691616e-02	1.51248808e+00	8.06911951e-01	7.05576125e-01
2647            	5.06775001e-02	4.82740489e-02	1.51254924e+00	8.06952121e-01	7.05597120e-01
2648            	5.06868719e-02	4.82788084e-02	1.51261001e+00	8.06991878e-01	7.05618134e-01
2649            	5.06960690e-02	4.82834742e-02	1.51267049e+00	8.07031313e-01	7.05639175e-01
2650            	5.07050515e-02	4.82880090e-02	1.51273058e+00	8.07070342e-01	7.05660239e-01
2651            	5.07138741e-02	4.82924598e-02	1.51279041e+00	8.07109081e-01	7.05681333e-01
2652            	5.07225031e-02	4.82967966e-02	1.51284990e+00	8.07147455e-01	7.05702449e-01
2653            	5.07309968e-02	4.83010700e-02	1.51290917e+00	8.07185581e-01	7.05723587e-01
2654            	5.07394106e-02	4.83053260e-02	1.51296831e+00	8.07223568e-01	7.05744747e-01
2655            	5.07476918e-02	4.83095181e-02	1.51302724e+00	8.07261310e-01	7.05765926e-01
2656            	5.07552502e-02	4.83133547e-02	1.51308261e+00	8.07296555e-01	7.05786054e-01
2657            	5.07632500e-02	4.83173507e-02	1.51314101e+00	8.07333756e-01	7.05807256e-01
2658            	5.07712806e-02	4.83213922e-02	1.51319999e+00	8.07371274e-01	7.05828713e-01
2659            	5.07793535e-02	4.83255089e-02	1.51325939e+00	8.07409046e-01	7.05850340e-01
2660            	5.07873646e-02	4.83296256e-02	1.51331881e+00	8.07446768e-01	7.05872039e-01
2661            	5.07953144e-02	4.83337433e-02	1.51337810e+00	8.07484363e-01	7.05893735e-01
2662            	5.08024822e-02	4.83374525e-02	1.51343349e+00	8.07519229e-01	7.05914265e-01
2663            	5.08101431e-02	4.83413570e-02	1.51349193e+00	8.07556107e-01	7.05935821e-01
2664            	5.08178459e-02	4.83453084e-02	1.51355069e+00	8.07593190e-01	7.05957498e-01
2665            	5.08255105e-02	4.83492568e-02	1.51360948e+00	8.07630248e-01	7.05979227e-01
2666            	5.08324920e-02	4.83528739e-02	1.51366463e+00	8.07664806e-01	7.05999822e-01
2667            	5.08400817e-02	4.83567830e-02	1.51372316e+00	8.07701662e-01	7.06021498e-01
2668            	5.08476900e-02	4.83607358e-02	1.51378194e+00	8.07738660e-01	7.06043280e-01
2669            	5.08546470e-02	4.83643870e-02	1.51383721e+00	8.07773252e-01	7.06063958e-01
2670            	5.08622008e-02	4.83683156e-02	1.51389605e+00	8.07810225e-01	7.06085823e-01
2671            	5.08691045e-02	4.83719374e-02	1.51395147e+00	8.07844839e-01	7.06106630e-01
2672            	5.08767265e-02	4.83759235e-02	1.51401096e+00	8.07882205e-01	7.06128752e-01
2673            	5.08836698e-02	4.83795876e-02	1.51406690e+00	8.07917118e-01	7.06149778e-01
2674            	5.08913013e-02	4.83835984e-02	1.51412683e+00	8.07954718e-01	7.06172115e-01
2675            	5.08982544e-02	4.83872959e-02	1.51418306e+00	8.07989785e-01	7.06193276e-01
2676            	5.09051594e-02	4.83909372e-02	1.51423930e+00	8.08024810e-01	7.06214491e-01
2677            	5.09120578e-02	4.83945484e-02	1.51429580e+00	8.08059957e-01	7.06235841e-01
2678            	5.09189934e-02	4.83981652e-02	1.51435274e+00	8.08095365e-01	7.06257378e-01
2679            	5.09259318e-02	4.84017713e-02	1.51441005e+00	8.08130957e-01	7.06279093e-01
2680            	5.09328653e-02	4.84053719e-02	1.51446764e+00	8.08166685e-01	7.06300954e-01
2681            	5.09397916e-02	4.84089716e-02	1.51452540e+00	8.08202493e-01	7.06322909e-01
2682            	5.09466565e-02	4.84125311e-02	1.51458311e+00	8.08238210e-01	7.06344897e-01
2683            	5.09534338e-02	4.84160261e-02	1.51464061e+00	8.08273740e-01	7.06366873e-01
2684            	5.09601136e-02	4.84194417e-02	1.51469783e+00	8.08309029e-01	7.06388802e-01
2685            	5.09666564e-02	4.84227412e-02	1.51475462e+00	8.08343967e-01	7.06410654e-01
2686            	5.09730487e-02	4.84259079e-02	1.51481095e+00	8.08378525e-01	7.06432428e-01
2687            	5.09792977e-02	4.84289430e-02	1.51486684e+00	8.08412718e-01	7.06454122e-01
2688            	5.09853894e-02	4.84318349e-02	1.51492226e+00	8.08446518e-01	7.06475739e-01
2689            	5.09913226e-02	4.84345820e-02	1.51497724e+00	8.08479942e-01	7.06497296e-01
2690            	5.09971172e-02	4.84371990e-02	1.51503185e+00	8.08513043e-01	7.06518809e-01
2691            	5.10027827e-02	4.84396964e-02	1.51508614e+00	8.08545853e-01	7.06540288e-01
2692            	5.10083284e-02	4.84420809e-02	1.51514017e+00	8.08578414e-01	7.06561757e-01
2693            	5.10137799e-02	4.84443712e-02	1.51519403e+00	8.08610794e-01	7.06583234e-01
2694            	5.10191532e-02	4.84465806e-02	1.51524775e+00	8.08643028e-01	7.06604722e-01
2695            	5.10244500e-02	4.84487072e-02	1.51530136e+00	8.08675130e-01	7.06626230e-01
2696            	5.10290499e-02	4.84503189e-02	1.51535073e+00	8.08704415e-01	7.06646315e-01
2697            	5.10337661e-02	4.84519054e-02	1.51540152e+00	8.08734527e-01	7.06666995e-01
2698            	5.10386219e-02	4.84535013e-02	1.51545385e+00	8.08765546e-01	7.06688302e-01
2699            	5.10436419e-02	4.84551588e-02	1.51550766e+00	8.08797470e-01	7.06710186e-01
2700            	5.10488192e-02	4.84569151e-02	1.51556261e+00	8.08830126e-01	7.06732488e-01
2701            	5.10540983e-02	4.84587548e-02	1.51561822e+00	8.08863210e-01	7.06755014e-01
2702            	5.10594218e-02	4.84606426e-02	1.51567395e+00	8.08896395e-01	7.06777551e-01
2703            	5.10641292e-02	4.84622641e-02	1.51572504e+00	8.08926649e-01	7.06798391e-01
2704            	5.10693212e-02	4.84639372e-02	1.51577966e+00	8.08959149e-01	7.06820506e-01
2705            	5.10738869e-02	4.84652867e-02	1.51582974e+00	8.08988758e-01	7.06840984e-01
2706            	5.10789420e-02	4.84666467e-02	1.51588376e+00	8.09020821e-01	7.06862937e-01
2707            	5.10839422e-02	4.84679148e-02	1.51593760e+00	8.09052744e-01	7.06884859e-01
2708            	5.10888843e-02	4.84691171e-02	1.51599111e+00	8.09084441e-01	7.06906672e-01
2709            	5.10932202e-02	4.84700609e-02	1.51604005e+00	8.09113244e-01	7.06926803e-01
2710            	5.10980500e-02	4.84710244e-02	1.51609299e+00	8.09144547e-01	7.06948447e-01
2711            	5.11029139e-02	4.84719702e-02	1.51614612e+00	8.09175972e-01	7.06970144e-01
2712            	5.11072872e-02	4.84727434e-02	1.51619516e+00	8.09204866e-01	7.06990291e-01
2713            	5.11122408e-02	4.84735823e-02	1.51624868e+00	8.09236579e-01	7.07012097e-01
2714            	5.11172999e-02	4.84744648e-02	1.51630258e+00	8.09268592e-01	7.07033992e-01
2715            	5.11219212e-02	4.84752358e-02	1.51635245e+00	8.09298145e-01	7.07054303e-01
2716            	5.11271823e-02	4.84761170e-02	1.51640691e+00	8.09330636e-01	7.07076271e-01
2717            	5.11325460e-02	4.84770453e-02	1.51646159e+00	8.09363339e-01	7.07098247e-01
2718            	5.11379934e-02	4.84780177e-02	1.51651625e+00	8.09396117e-01	7.07120130e-01
2719            	5.11429854e-02	4.84788688e-02	1.51656651e+00	8.09426240e-01	7.07140269e-01
2720            	5.11486106e-02	4.84797860e-02	1.51662124e+00	8.09459229e-01	7.07162008e-01
2721            	5.11543393e-02	4.84807174e-02	1.51667616e+00	8.09492417e-01	7.07183739e-01
2722            	5.11596089e-02	4.84815154e-02	1.51672689e+00	8.09523056e-01	7.07203838e-01
2723            	5.11655497e-02	4.84823894e-02	1.51678243e+00	8.09556766e-01	7.07225667e-01
2724            	5.11716024e-02	4.84833070e-02	1.51683827e+00	8.09590735e-01	7.07247531e-01
2725            	5.11777294e-02	4.84842685e-02	1.51689412e+00	8.09624788e-01	7.07269329e-01
2726            	5.11833806e-02	4.84851361e-02	1.51694560e+00	8.09656182e-01	7.07289421e-01
2727            	5.11897197e-02	4.84860955e-02	1.51700188e+00	8.09690658e-01	7.07311219e-01
2728            	5.11961794e-02	4.84871052e-02	1.51705842e+00	8.09725389e-01	7.07333030e-01
2729            	5.12021703e-02	4.84880289e-02	1.51711068e+00	8.09757509e-01	7.07353169e-01
2730            	5.12089223e-02	4.84890766e-02	1.51716807e+00	8.09792958e-01	7.07375113e-01
2731            	5.12152189e-02	4.84900542e-02	1.51722135e+00	8.09825893e-01	7.07395455e-01
2732            	5.12223181e-02	4.84911858e-02	1.51728001e+00	8.09862324e-01	7.07417688e-01
2733            	5.12295371e-02	4.84924103e-02	1.51733895e+00	8.09899010e-01	7.07439936e-01
2734            	5.12362230e-02	4.84935791e-02	1.51739323e+00	8.09932838e-01	7.07460392e-01
2735            	5.12437126e-02	4.84949173e-02	1.51745273e+00	8.09970078e-01	7.07482653e-01
2736            	5.12506508e-02	4.84961693e-02	1.51750759e+00	8.10004446e-01	7.07503145e-01
2737            	5.12577666e-02	4.84974252e-02	1.51756314e+00	8.10039337e-01	7.07523804e-01
2738            	5.12657549e-02	4.84988493e-02	1.51762449e+00	8.10077998e-01	7.07546488e-01
2739            	5.12731311e-02	4.85001900e-02	1.51768102e+00	8.10113640e-01	7.07567378e-01
2740            	5.12806448e-02	4.85015545e-02	1.51773812e+00	8.10149703e-01	7.07588413e-01
2741            	5.12890167e-02	4.85031141e-02	1.51780090e+00	8.10189465e-01	7.07611432e-01
2742            	5.12966837e-02	4.85045919e-02	1.51785835e+00	8.10225859e-01	7.07632491e-01
2743            	5.13044585e-02	4.85060994e-02	1.51791612e+00	8.10262517e-01	7.07653600e-01
2744            	5.13123677e-02	4.85076382e-02	1.51797440e+00	8.10299570e-01	7.07674834e-01
2745            	5.13204223e-02	4.85092112e-02	1.51803330e+00	8.10337073e-01	7.07696228e-01
2746            	5.13286134e-02	4.85108282e-02	1.51809279e+00	8.10375009e-01	7.07717783e-01
2747            	5.13376884e-02	4.85126759e-02	1.51815803e+00	8.10416702e-01	7.07741325e-01
2748            	5.13459241e-02	4.85144328e-02	1.51821721e+00	8.10454528e-01	7.07762680e-01
2749            	5.13541956e-02	4.85162129e-02	1.51827628e+00	8.10492333e-01	7.07783942e-01
2750            	5.13625321e-02	4.85180053e-02	1.51833545e+00	8.10530259e-01	7.07805195e-01
2751            	5.13709518e-02	4.85198023e-02	1.51839490e+00	8.10568401e-01	7.07826497e-01
2752            	5.13794615e-02	4.85216119e-02	1.51845471e+00	8.10606816e-01	7.07847893e-01
2753            	5.13880584e-02	4.85234410e-02	1.51851490e+00	8.10645510e-01	7.07869393e-01
2754            	5.13967336e-02	4.85253045e-02	1.51857546e+00	8.10684465e-01	7.07890998e-01
2755            	5.14062795e-02	4.85274043e-02	1.51864169e+00	8.10727123e-01	7.07914564e-01
2756            	5.14148873e-02	4.85293870e-02	1.51870153e+00	8.10765652e-01	7.07935878e-01
2757            	5.14234924e-02	4.85313810e-02	1.51876117e+00	8.10804080e-01	7.07957095e-01
2758            	5.14321374e-02	4.85333783e-02	1.51882092e+00	8.10842596e-01	7.07978322e-01
2759            	5.14408482e-02	4.85353722e-02	1.51888096e+00	8.10881326e-01	7.07999630e-01
2760            	5.14496421e-02	4.85373767e-02	1.51894143e+00	8.10920357e-01	7.08021073e-01
2761            	5.14585138e-02	4.85393953e-02	1.51900235e+00	8.10959689e-01	7.08042661e-01
2762            	5.14682793e-02	4.85416505e-02	1.51906910e+00	8.11002828e-01	7.08066269e-01
2763            	5.14770842e-02	4.85437619e-02	1.51912948e+00	8.11041826e-01	7.08087657e-01
2764            	5.14858687e-02	4.85458609e-02	1.51918971e+00	8.11080725e-01	7.08108988e-01
2765            	5.14946848e-02	4.85479544e-02	1.51925009e+00	8.11119728e-01	7.08130359e-01
2766            	5.15035600e-02	4.85500416e-02	1.51931078e+00	8.11158951e-01	7.08151831e-01
2767            	5.15125176e-02	4.85521429e-02	1.51937193e+00	8.11198484e-01	7.08173449e-01
2768            	5.15223883e-02	4.85544802e-02	1.51943895e+00	8.11241864e-01	7.08197087e-01
2769            	5.15313107e-02	4.85566738e-02	1.51949967e+00	8.11281144e-01	7.08218522e-01
2770            	5.15402389e-02	4.85588658e-02	1.51956033e+00	8.11320403e-01	7.08239926e-01
2771            	5.15491884e-02	4.85610319e-02	1.51962115e+00	8.11359763e-01	7.08261387e-01
2772            	5.15581935e-02	4.85631885e-02	1.51968234e+00	8.11399365e-01	7.08282978e-01
2773            	5.15680945e-02	4.85655614e-02	1.51974937e+00	8.11442779e-01	7.08306590e-01
2774            	5.15770387e-02	4.85677665e-02	1.51981013e+00	8.11482106e-01	7.08328028e-01
2775            	5.15859835e-02	4.85699527e-02	1.51987092e+00	8.11521441e-01	7.08349474e-01
2776            	5.15949652e-02	4.85721215e-02	1.51993197e+00	8.11560952e-01	7.08371022e-01
2777            	5.16048177e-02	4.85744872e-02	1.51999878e+00	8.11604208e-01	7.08394573e-01
2778            	5.16136979e-02	4.85766467e-02	1.52005934e+00	8.11643370e-01	7.08415974e-01
2779            	5.16225812e-02	4.85787734e-02	1.52012002e+00	8.11682591e-01	7.08437428e-01
2780            	5.16315001e-02	4.85808636e-02	1.52018106e+00	8.11722029e-01	7.08459029e-01
2781            	5.16413036e-02	4.85831585e-02	1.52024798e+00	8.11765294e-01	7.08482687e-01
2782            	5.16501732e-02	4.85852760e-02	1.52030879e+00	8.11804567e-01	7.08504221e-01
2783            	5.16590427e-02	4.85873583e-02	1.52036973e+00	8.11843907e-01	7.08525822e-01
2784            	5.16679615e-02	4.85894249e-02	1.52043108e+00	8.11883504e-01	7.08547581e-01
2785            	5.16769440e-02	4.85914808e-02	1.52049297e+00	8.11923430e-01	7.08569542e-01
2786            	5.16860033e-02	4.85935525e-02	1.52055544e+00	8.11963724e-01	7.08591717e-01
2787            	5.16951206e-02	4.85956420e-02	1.52061840e+00	8.12004318e-01	7.08614077e-01
2788            	5.17042627e-02	4.85977420e-02	1.52068168e+00	8.12045101e-01	7.08636576e-01
2789            	5.17134286e-02	4.85998722e-02	1.52074519e+00	8.12086021e-01	7.08659164e-01
2790            	5.17225980e-02	4.86020210e-02	1.52080878e+00	8.12126989e-01	7.08681793e-01
2791            	5.17317424e-02	4.86041636e-02	1.52087233e+00	8.12167910e-01	7.08704425e-01
2792            	5.17408695e-02	4.86063052e-02	1.52093582e+00	8.12208781e-01	7.08727042e-01
2793            	5.17499648e-02	4.86084237e-02	1.52099919e+00	8.12249558e-01	7.08749629e-01
2794            	5.17590317e-02	4.86105191e-02	1.52106244e+00	8.12290250e-01	7.08772186e-01
2795            	5.17680496e-02	4.86125661e-02	1.52112552e+00	8.12330812e-01	7.08794713e-01
2796            	5.17769926e-02	4.86145397e-02	1.52118841e+00	8.12371198e-01	7.08817213e-01
2797            	5.17858752e-02	4.86164560e-02	1.52125115e+00	8.12411452e-01	7.08839701e-01
2798            	5.17946889e-02	4.86183078e-02	1.52131374e+00	8.12451559e-01	7.08862181e-01
2799            	5.18034468e-02	4.86201128e-02	1.52137622e+00	8.12491559e-01	7.08884666e-01
2800            	5.18121400e-02	4.86218641e-02	1.52143860e+00	8.12531441e-01	7.08907161e-01
2801            	5.18207556e-02	4.86235525e-02	1.52150086e+00	8.12571187e-01	7.08929675e-01
2802            	5.18293209e-02	4.86252077e-02	1.52156309e+00	8.12610865e-01	7.08952223e-01
2803            	5.18378368e-02	4.86268303e-02	1.52162528e+00	8.12650478e-01	7.08974805e-01
2804            	5.18463217e-02	4.86284412e-02	1.52168749e+00	8.12690069e-01	7.08997426e-01
2805            	5.18547675e-02	4.86300320e-02	1.52174970e+00	8.12729615e-01	7.09020080e-01
2806            	5.18631613e-02	4.86315898e-02	1.52181186e+00	8.12769092e-01	7.09042769e-01
2807            	5.18715270e-02	4.86331374e-02	1.52187405e+00	8.12808553e-01	7.09065499e-01
2808            	5.18798576e-02	4.86346652e-02	1.52193624e+00	8.12847978e-01	7.09088263e-01
2809            	5.18881341e-02	4.86361559e-02	1.52199837e+00	8.12887320e-01	7.09111052e-01
2810            	5.18963746e-02	4.86376282e-02	1.52206048e+00	8.12926616e-01	7.09133867e-01
2811            	5.19045688e-02	4.86390710e-02	1.52212253e+00	8.12965835e-01	7.09156697e-01
2812            	5.19127224e-02	4.86404929e-02	1.52218453e+00	8.13004988e-01	7.09179543e-01
2813            	5.19208150e-02	4.86418738e-02	1.52224642e+00	8.13044027e-01	7.09202397e-01
2814            	5.19278701e-02	4.86427315e-02	1.52230178e+00	8.13078761e-01	7.09223021e-01
2815            	5.19359926e-02	4.86439838e-02	1.52236499e+00	8.13118488e-01	7.09246503e-01
2816            	5.19440739e-02	4.86452176e-02	1.52242835e+00	8.13158246e-01	7.09270099e-01
2817            	5.19511412e-02	4.86460044e-02	1.52248511e+00	8.13193694e-01	7.09291412e-01
2818            	5.19583075e-02	4.86467703e-02	1.52254312e+00	8.13229868e-01	7.09313253e-01
2819            	5.19665921e-02	4.86479972e-02	1.52260941e+00	8.13271299e-01	7.09338115e-01
2820            	5.19738042e-02	4.86488088e-02	1.52266852e+00	8.13308063e-01	7.09360455e-01
2821            	5.19811086e-02	4.86496542e-02	1.52272859e+00	8.13345402e-01	7.09383185e-01
2822            	5.19885075e-02	4.86505469e-02	1.52278954e+00	8.13383277e-01	7.09406262e-01
2823            	5.19959815e-02	4.86514763e-02	1.52285127e+00	8.13421616e-01	7.09429653e-01
2824            	5.20034789e-02	4.86524199e-02	1.52291348e+00	8.13460217e-01	7.09453259e-01
2825            	5.20109847e-02	4.86533871e-02	1.52297593e+00	8.13498952e-01	7.09476983e-01
2826            	5.20184470e-02	4.86543507e-02	1.52303830e+00	8.13537598e-01	7.09500704e-01
2827            	5.20258079e-02	4.86552704e-02	1.52310026e+00	8.13575939e-01	7.09524323e-01
2828            	5.20330504e-02	4.86561352e-02	1.52316166e+00	8.13613880e-01	7.09547779e-01
2829            	5.20401313e-02	4.86569036e-02	1.52322230e+00	8.13651284e-01	7.09571021e-01
2830            	5.20462332e-02	4.86574240e-02	1.52327604e+00	8.13684251e-01	7.09591785e-01
2831            	5.20530334e-02	4.86578137e-02	1.52333625e+00	8.13721158e-01	7.09615091e-01
2832            	5.20589047e-02	4.86579809e-02	1.52339011e+00	8.13753961e-01	7.09636152e-01
2833            	5.20655360e-02	4.86580600e-02	1.52345107e+00	8.13791073e-01	7.09660001e-01
2834            	5.20713003e-02	4.86580522e-02	1.52350571e+00	8.13824157e-01	7.09681556e-01
2835            	5.20778185e-02	4.86580120e-02	1.52356731e+00	8.13861475e-01	7.09705838e-01
2836            	5.20842723e-02	4.86580515e-02	1.52362861e+00	8.13898576e-01	7.09730032e-01
2837            	5.20898699e-02	4.86581105e-02	1.52368293e+00	8.13931335e-01	7.09751595e-01
2838            	5.20962242e-02	4.86581566e-02	1.52374397e+00	8.13968208e-01	7.09775759e-01
2839            	5.21017791e-02	4.86582037e-02	1.52379841e+00	8.14000984e-01	7.09797425e-01
2840            	5.21081336e-02	4.86582330e-02	1.52385981e+00	8.14038039e-01	7.09821772e-01
2841            	5.21136771e-02	4.86582430e-02	1.52391458e+00	8.14070969e-01	7.09843615e-01
2842            	5.21200122e-02	4.86582360e-02	1.52397620e+00	8.14108114e-01	7.09868090e-01
2843            	5.21255232e-02	4.86582217e-02	1.52403100e+00	8.14141025e-01	7.09889979e-01
2844            	5.21310212e-02	4.86581238e-02	1.52408607e+00	8.14174056e-01	7.09912013e-01
2845            	5.21373016e-02	4.86579714e-02	1.52414814e+00	8.14211372e-01	7.09936769e-01
2846            	5.21427062e-02	4.86578107e-02	1.52420314e+00	8.14244274e-01	7.09958862e-01
2847            	5.21480593e-02	4.86575611e-02	1.52425822e+00	8.14277171e-01	7.09981053e-01
2848            	5.21541454e-02	4.86572322e-02	1.52432011e+00	8.14314201e-01	7.10005910e-01
2849            	5.21593422e-02	4.86569243e-02	1.52437468e+00	8.14346684e-01	7.10028000e-01
2850            	5.21652088e-02	4.86565209e-02	1.52443560e+00	8.14383007e-01	7.10052589e-01
2851            	5.21701987e-02	4.86561450e-02	1.52448912e+00	8.14414761e-01	7.10074364e-01
2852            	5.21751017e-02	4.86556266e-02	1.52454264e+00	8.14446420e-01	7.10096216e-01
2853            	5.21799698e-02	4.86549648e-02	1.52459661e+00	8.14478273e-01	7.10118333e-01
2854            	5.21855773e-02	4.86541593e-02	1.52465771e+00	8.14514432e-01	7.10143277e-01
2855            	5.21903599e-02	4.86534465e-02	1.52471164e+00	8.14546181e-01	7.10165461e-01
2856            	5.21951104e-02	4.86526834e-02	1.52476557e+00	8.14577897e-01	7.10187676e-01
2857            	5.21998691e-02	4.86518722e-02	1.52481980e+00	8.14609768e-01	7.10210030e-01
2858            	5.22054108e-02	4.86509898e-02	1.52488106e+00	8.14645941e-01	7.10235119e-01
2859            	5.22101416e-02	4.86502680e-02	1.52493487e+00	8.14677579e-01	7.10257295e-01
2860            	5.22148732e-02	4.86495264e-02	1.52498867e+00	8.14709208e-01	7.10279461e-01
2861            	5.22196271e-02	4.86487315e-02	1.52504282e+00	8.14741036e-01	7.10301782e-01
2862            	5.22244192e-02	4.86478880e-02	1.52509748e+00	8.14773157e-01	7.10324319e-01
2863            	5.22292648e-02	4.86470158e-02	1.52515269e+00	8.14805611e-01	7.10347081e-01
2864            	5.22341543e-02	4.86461304e-02	1.52520837e+00	8.14838341e-01	7.10370033e-01
2865            	5.22399179e-02	4.86452718e-02	1.52527123e+00	8.14875533e-01	7.10395697e-01
2866            	5.22447676e-02	4.86445818e-02	1.52532597e+00	8.14907752e-01	7.10418217e-01
2867            	5.22495752e-02	4.86438880e-02	1.52538025e+00	8.14939699e-01	7.10440548e-01
2868            	5.22543704e-02	4.86431450e-02	1.52543451e+00	8.14971624e-01	7.10462883e-01
2869            	5.22591873e-02	4.86423374e-02	1.52548908e+00	8.15003727e-01	7.10485353e-01
2870            	5.22640319e-02	4.86414596e-02	1.52554411e+00	8.15036089e-01	7.10508025e-01
2871            	5.22688857e-02	4.86405314e-02	1.52559944e+00	8.15068604e-01	7.10530833e-01
2872            	5.22737552e-02	4.86395835e-02	1.52565496e+00	8.15101237e-01	7.10553726e-01
2873            	5.22786278e-02	4.86386275e-02	1.52571058e+00	8.15133920e-01	7.10576664e-01
2874            	5.22834784e-02	4.86376720e-02	1.52576608e+00	8.15166521e-01	7.10599564e-01
2875            	5.22883252e-02	4.86367294e-02	1.52582149e+00	8.15199070e-01	7.10622420e-01
2876            	5.22931691e-02	4.86357915e-02	1.52587684e+00	8.15231587e-01	7.10645249e-01
2877            	5.22979949e-02	4.86348509e-02	1.52593203e+00	8.15264010e-01	7.10668020e-01
2878            	5.23028359e-02	4.86339155e-02	1.52598723e+00	8.15296450e-01	7.10690778e-01
2879            	5.23077014e-02	4.86329788e-02	1.52604255e+00	8.15328975e-01	7.10713572e-01
2880            	5.23125774e-02	4.86320371e-02	1.52609792e+00	8.15361537e-01	7.10736382e-01
2881            	5.23174954e-02	4.86311082e-02	1.52615347e+00	8.15394230e-01	7.10759239e-01
2882            	5.23224584e-02	4.86301931e-02	1.52620924e+00	8.15427078e-01	7.10782161e-01
2883            	5.23274348e-02	4.86292872e-02	1.52626503e+00	8.15459951e-01	7.10805081e-01
2884            	5.23324447e-02	4.86284063e-02	1.52632088e+00	8.15492883e-01	7.10827994e-01
2885            	5.23374793e-02	4.86275445e-02	1.52637675e+00	8.15525854e-01	7.10850895e-01
2886            	5.23424992e-02	4.86266861e-02	1.52643243e+00	8.15558715e-01	7.10873717e-01
2887            	5.23475270e-02	4.86258402e-02	1.52648802e+00	8.15591535e-01	7.10896481e-01
2888            	5.23525553e-02	4.86249966e-02	1.52654352e+00	8.15624314e-01	7.10919204e-01
2889            	5.23575446e-02	4.86241360e-02	1.52659875e+00	8.15656922e-01	7.10941833e-01
2890            	5.23625223e-02	4.86232689e-02	1.52665387e+00	8.15689456e-01	7.10964411e-01
2891            	5.23668929e-02	4.86222067e-02	1.52670441e+00	8.15719096e-01	7.10985310e-01
2892            	5.23717678e-02	4.86211669e-02	1.52675960e+00	8.15751565e-01	7.11008030e-01
2893            	5.23766704e-02	4.86201405e-02	1.52681501e+00	8.15784177e-01	7.11030836e-01
2894            	5.23809258e-02	4.86188912e-02	1.52686642e+00	8.15814135e-01	7.11052283e-01
2895            	5.23853662e-02	4.86176498e-02	1.52691933e+00	8.15845033e-01	7.11074301e-01
2896            	5.23901068e-02	4.86164953e-02	1.52697423e+00	8.15877223e-01	7.11097010e-01
2897            	5.23951884e-02	4.86154827e-02	1.52703129e+00	8.15910835e-01	7.11120459e-01
2898            	5.24005812e-02	4.86146499e-02	1.52709018e+00	8.15945671e-01	7.11144508e-01
2899            	5.24063240e-02	4.86140899e-02	1.52715060e+00	8.15981626e-01	7.11168978e-01
2900            	5.24126777e-02	4.86139811e-02	1.52721362e+00	8.16019490e-01	7.11194135e-01
2901            	5.24192139e-02	4.86143296e-02	1.52727616e+00	8.16057296e-01	7.11218868e-01
2902            	5.24232626e-02	4.86136668e-02	1.52732334e+00	8.16084935e-01	7.11238409e-01
2903            	5.24272001e-02	4.86126684e-02	1.52736997e+00	8.16112186e-01	7.11257786e-01
2904            	5.24312920e-02	4.86113350e-02	1.52741845e+00	8.16140516e-01	7.11277932e-01
2905            	5.24357666e-02	4.86098297e-02	1.52747013e+00	8.16170830e-01	7.11299297e-01
2906            	5.24399514e-02	4.86081572e-02	1.52752067e+00	8.16200286e-01	7.11320383e-01
2907            	5.24433481e-02	4.86062447e-02	1.52756747e+00	8.16227084e-01	7.11340388e-01
2908            	5.24465305e-02	4.86042776e-02	1.52761327e+00	8.16253164e-01	7.11360102e-01
2909            	5.24498050e-02	4.86023375e-02	1.52765972e+00	8.16279666e-01	7.11380056e-01
2910            	5.24533107e-02	4.86004427e-02	1.52770781e+00	8.16307215e-01	7.11400594e-01
2911            	5.24571764e-02	4.85986515e-02	1.52775838e+00	8.16336367e-01	7.11422014e-01
2912            	5.24614444e-02	4.85970111e-02	1.52781178e+00	8.16367335e-01	7.11444446e-01
2913            	5.24660801e-02	4.85955382e-02	1.52786789e+00	8.16400026e-01	7.11467865e-01
2914            	5.24710985e-02	4.85943137e-02	1.52792655e+00	8.16434374e-01	7.11492177e-01
2915            	5.24764655e-02	4.85933873e-02	1.52798728e+00	8.16470106e-01	7.11517175e-01
2916            	5.24820909e-02	4.85927433e-02	1.52804931e+00	8.16506748e-01	7.11542566e-01
2917            	5.24879536e-02	4.85924064e-02	1.52811199e+00	8.16543948e-01	7.11568041e-01
2918            	5.24940073e-02	4.85923480e-02	1.52817466e+00	8.16581338e-01	7.11593323e-01
2919            	5.25001661e-02	4.85924725e-02	1.52823674e+00	8.16618535e-01	7.11618203e-01
2920            	5.25063831e-02	4.85927118e-02	1.52829786e+00	8.16655315e-01	7.11642549e-01
2921            	5.25125829e-02	4.85929658e-02	1.52835782e+00	8.16691492e-01	7.11666327e-01
2922            	5.25186600e-02	4.85931006e-02	1.52841646e+00	8.16726889e-01	7.11689569e-01
2923            	5.25245526e-02	4.85930410e-02	1.52847378e+00	8.16761444e-01	7.11712339e-01
2924            	5.25301749e-02	4.85927024e-02	1.52852979e+00	8.16795069e-01	7.11734719e-01
2925            	5.25354266e-02	4.85919900e-02	1.52858444e+00	8.16827646e-01	7.11756793e-01
2926            	5.25402738e-02	4.85908826e-02	1.52863782e+00	8.16859184e-01	7.11778636e-01
2927            	5.25446925e-02	4.85893703e-02	1.52869002e+00	8.16889700e-01	7.11800315e-01
2928            	5.25486747e-02	4.85874498e-02	1.52874113e+00	8.16919240e-01	7.11821890e-01
2929            	5.25522823e-02	4.85851854e-02	1.52879138e+00	8.16947973e-01	7.11843408e-01
2930            	5.25555814e-02	4.85826431e-02	1.52884098e+00	8.16976074e-01	7.11864911e-01
2931            	5.25586417e-02	4.85798826e-02	1.52889014e+00	8.17003714e-01	7.11886430e-01
2932            	5.25615659e-02	4.85770021e-02	1.52893911e+00	8.17031119e-01	7.11907987e-01
2933            	5.25644322e-02	4.85740770e-02	1.52898807e+00	8.17058465e-01	7.11929600e-01
2934            	5.25673104e-02	4.85711735e-02	1.52903718e+00	8.17085900e-01	7.11951280e-01
2935            	5.25702624e-02	4.85683399e-02	1.52908659e+00	8.17113557e-01	7.11973032e-01
2936            	5.25733515e-02	4.85656361e-02	1.52913640e+00	8.17141553e-01	7.11994850e-01
2937            	5.25766074e-02	4.85630911e-02	1.52918665e+00	8.17169934e-01	7.12016719e-01
2938            	5.25800544e-02	4.85607157e-02	1.52923737e+00	8.17198737e-01	7.12038629e-01
2939            	5.25837108e-02	4.85585228e-02	1.52928854e+00	8.17227980e-01	7.12060558e-01
2940            	5.25875638e-02	4.85564949e-02	1.52934012e+00	8.17257626e-01	7.12082498e-01
2941            	5.25916078e-02	4.85546096e-02	1.52939211e+00	8.17287661e-01	7.12104445e-01
2942            	5.25958259e-02	4.85528450e-02	1.52944443e+00	8.17318040e-01	7.12126388e-01
2943            	5.26001719e-02	4.85511578e-02	1.52949696e+00	8.17348651e-01	7.12148307e-01
2944            	5.26046024e-02	4.85494994e-02	1.52954965e+00	8.17379427e-01	7.12170222e-01
2945            	5.26105765e-02	4.85479434e-02	1.52962055e+00	8.17420850e-01	7.12199697e-01
2946            	5.26148576e-02	4.85465731e-02	1.52967043e+00	8.17450071e-01	7.12220356e-01
2947            	5.26191192e-02	4.85451518e-02	1.52971954e+00	8.17478887e-01	7.12240649e-01
2948            	5.26246912e-02	4.85435953e-02	1.52978505e+00	8.17517215e-01	7.12267833e-01
2949            	5.26287153e-02	4.85420969e-02	1.52983114e+00	8.17544286e-01	7.12286855e-01
2950            	5.26338065e-02	4.85402265e-02	1.52989201e+00	8.17579810e-01	7.12312197e-01
2951            	5.26385111e-02	4.85382489e-02	1.52994945e+00	8.17613238e-01	7.12336216e-01
2952            	5.26428194e-02	4.85361478e-02	1.53000318e+00	8.17644407e-01	7.12358768e-01
2953            	5.26460099e-02	4.85342152e-02	1.53004115e+00	8.17666586e-01	7.12374566e-01
2954            	5.26497200e-02	4.85313142e-02	1.53009068e+00	8.17695061e-01	7.12395621e-01
2955            	5.26531464e-02	4.85280979e-02	1.53013871e+00	8.17722500e-01	7.12416207e-01
2956            	5.26563806e-02	4.85246829e-02	1.53018566e+00	8.17749209e-01	7.12436448e-01
2957            	5.26595107e-02	4.85211618e-02	1.53023206e+00	8.17775541e-01	7.12456520e-01
2958            	5.26626219e-02	4.85176153e-02	1.53027842e+00	8.17801834e-01	7.12476590e-01
2959            	5.26658082e-02	4.85141293e-02	1.53032519e+00	8.17828401e-01	7.12496784e-01
2960            	5.26691959e-02	4.85108147e-02	1.53037276e+00	8.17855578e-01	7.12517186e-01
2961            	5.26728507e-02	4.85077250e-02	1.53042147e+00	8.17883585e-01	7.12537884e-01
2962            	5.26767995e-02	4.85048833e-02	1.53047147e+00	8.17912536e-01	7.12558937e-01
2963            	5.26810925e-02	4.85023390e-02	1.53052285e+00	8.17942518e-01	7.12580333e-01
2964            	5.26857105e-02	4.85000774e-02	1.53057553e+00	8.17973477e-01	7.12602056e-01
2965            	5.26906043e-02	4.84980573e-02	1.53062935e+00	8.18005281e-01	7.12624072e-01
2966            	5.26957219e-02	4.84962355e-02	1.53068406e+00	8.18037751e-01	7.12646307e-01
2967            	5.27010617e-02	4.84946069e-02	1.53073945e+00	8.18070784e-01	7.12668661e-01
2968            	5.27065615e-02	4.84931071e-02	1.53079525e+00	8.18104189e-01	7.12691066e-01
2969            	5.27121480e-02	4.84916592e-02	1.53085124e+00	8.18137768e-01	7.12713472e-01
2970            	5.27177613e-02	4.84901995e-02	1.53090718e+00	8.18171353e-01	7.12735831e-01
2971            	5.27234073e-02	4.84887263e-02	1.53096295e+00	8.18204881e-01	7.12758066e-01
2972            	5.27290359e-02	4.84871890e-02	1.53101837e+00	8.18238220e-01	7.12780148e-01
2973            	5.27345979e-02	4.84855382e-02	1.53107335e+00	8.18271274e-01	7.12802078e-01
2974            	5.27400686e-02	4.84837473e-02	1.53112788e+00	8.18304008e-01	7.12823870e-01
2975            	5.27455049e-02	4.84818658e-02	1.53118207e+00	8.18336539e-01	7.12845529e-01
2976            	5.27508964e-02	4.84798877e-02	1.53123596e+00	8.18368876e-01	7.12867083e-01
2977            	5.27562299e-02	4.84778097e-02	1.53128958e+00	8.18401018e-01	7.12888558e-01
2978            	5.27615135e-02	4.84756472e-02	1.53134299e+00	8.18433008e-01	7.12909981e-01
2979            	5.27668393e-02	4.84734867e-02	1.53139642e+00	8.18465047e-01	7.12931369e-01
2980            	5.27722129e-02	4.84713386e-02	1.53144994e+00	8.18497183e-01	7.12952757e-01
2981            	5.27776314e-02	4.84692087e-02	1.53150361e+00	8.18529434e-01	7.12974171e-01
2982            	5.27837092e-02	4.84668853e-02	1.53156387e+00	8.18565644e-01	7.12998226e-01
2983            	5.27891935e-02	4.84650810e-02	1.53161665e+00	8.18597520e-01	7.13019133e-01
2984            	5.27947513e-02	4.84633490e-02	1.53166934e+00	8.18629421e-01	7.13039919e-01
2985            	5.28004234e-02	4.84616445e-02	1.53172238e+00	8.18661613e-01	7.13060766e-01
2986            	5.28063131e-02	4.84600133e-02	1.53177621e+00	8.18694420e-01	7.13081794e-01
2987            	5.28123970e-02	4.84584360e-02	1.53183090e+00	8.18727849e-01	7.13103055e-01
2988            	5.28186282e-02	4.84568967e-02	1.53188638e+00	8.18761817e-01	7.13124561e-01
2989            	5.28255068e-02	4.84551154e-02	1.53194875e+00	8.18799880e-01	7.13148867e-01
2990            	5.28318620e-02	4.84538837e-02	1.53200407e+00	8.18833896e-01	7.13170172e-01
2991            	5.28382811e-02	4.84527319e-02	1.53205938e+00	8.18867969e-01	7.13191407e-01
2992            	5.28447405e-02	4.84515822e-02	1.53211487e+00	8.18902177e-01	7.13212696e-01
2993            	5.28512990e-02	4.84504533e-02	1.53217081e+00	8.18936705e-01	7.13234107e-01
2994            	5.28579165e-02	4.84493057e-02	1.53222720e+00	8.18971515e-01	7.13255682e-01
2995            	5.28645517e-02	4.84481140e-02	1.53228398e+00	8.19006541e-01	7.13277437e-01
2996            	5.28711805e-02	4.84468779e-02	1.53234107e+00	8.19041718e-01	7.13299357e-01
2997            	5.28778726e-02	4.84456770e-02	1.53239855e+00	8.19077146e-01	7.13321401e-01
2998            	5.28845982e-02	4.84445076e-02	1.53245625e+00	8.19112724e-01	7.13343527e-01
2999            	5.28913253e-02	4.84433573e-02	1.53251405e+00	8.19148349e-01	7.13365698e-01
3000            	5.28980358e-02	4.84422192e-02	1.53257182e+00	8.19183944e-01	7.13387872e-01
3001            	5.29048013e-02	4.84411526e-02	1.53262963e+00	8.19219618e-01	7.13410015e-01
3002            	5.29115955e-02	4.84401326e-02	1.53268741e+00	8.19255300e-01	7.13432109e-01
3003            	5.29183885e-02	4.84391281e-02	1.53274508e+00	8.19290930e-01	7.13454153e-01
3004            	5.29252368e-02	4.84381819e-02	1.53280274e+00	8.19326608e-01	7.13476135e-01
3005            	5.29321099e-02	4.84372617e-02	1.53286035e+00	8.19362285e-01	7.13498065e-01
3006            	5.29389785e-02	4.84363363e-02	1.53291789e+00	8.19397922e-01	7.13519965e-01
3007            	5.29458967e-02	4.84354488e-02	1.53297546e+00	8.19433628e-01	7.13541835e-01
3008            	5.29528372e-02	4.84345765e-02	1.53303305e+00	8.19469363e-01	7.13563689e-01
3009            	5.29597717e-02	4.84336969e-02	1.53309063e+00	8.19505086e-01	7.13585543e-01
3010            	5.29666832e-02	4.84327983e-02	1.53314818e+00	8.19540773e-01	7.13607406e-01
3011            	5.29736322e-02	4.84319369e-02	1.53320582e+00	8.19576542e-01	7.13629277e-01
3012            	5.29805934e-02	4.84310983e-02	1.53326350e+00	8.19612344e-01	7.13651157e-01
3013            	5.29875368e-02	4.84302624e-02	1.53332117e+00	8.19648123e-01	7.13673049e-01
3014            	5.29945065e-02	4.84294719e-02	1.53337892e+00	8.19683966e-01	7.13694953e-01
3015            	5.30014754e-02	4.84287070e-02	1.53343669e+00	8.19719821e-01	7.13716870e-01
3016            	5.30084162e-02	4.84279451e-02	1.53349445e+00	8.19755644e-01	7.13738811e-01
3017            	5.30153147e-02	4.84271740e-02	1.53355219e+00	8.19791411e-01	7.13760781e-01
3018            	5.30222264e-02	4.84264422e-02	1.53361001e+00	8.19827229e-01	7.13782777e-01
3019            	5.30291385e-02	4.84257396e-02	1.53366786e+00	8.19863069e-01	7.13804792e-01
3020            	5.30360333e-02	4.84250498e-02	1.53372573e+00	8.19898896e-01	7.13826829e-01
3021            	5.30429511e-02	4.84244084e-02	1.53378367e+00	8.19934785e-01	7.13848883e-01
3022            	5.30498727e-02	4.84237985e-02	1.53384163e+00	8.19970688e-01	7.13870943e-01
3023            	5.30567717e-02	4.84231956e-02	1.53389956e+00	8.20006552e-01	7.13893008e-01
3024            	5.30636780e-02	4.84226260e-02	1.53395750e+00	8.20042429e-01	7.13915073e-01
3025            	5.30705756e-02	4.84220723e-02	1.53401542e+00	8.20078287e-01	7.13937136e-01
3026            	5.30774404e-02	4.84215116e-02	1.53407328e+00	8.20114081e-01	7.13959200e-01
3027            	5.30842573e-02	4.84209293e-02	1.53413105e+00	8.20149781e-01	7.13981267e-01
3028            	5.30910599e-02	4.84203585e-02	1.53418879e+00	8.20185454e-01	7.14003334e-01
3029            	5.30978394e-02	4.84197913e-02	1.53424647e+00	8.20221073e-01	7.14025394e-01
3030            	5.31045765e-02	4.84192122e-02	1.53430405e+00	8.20256599e-01	7.14047446e-01
3031            	5.31112965e-02	4.84186483e-02	1.53436157e+00	8.20292081e-01	7.14069489e-01
3032            	5.31191739e-02	4.84181759e-02	1.53442662e+00	8.20332483e-01	7.14094135e-01
3033            	5.31256712e-02	4.84177568e-02	1.53448253e+00	8.20366935e-01	7.14115593e-01
3034            	5.31320779e-02	4.84173265e-02	1.53453788e+00	8.20401018e-01	7.14136862e-01
3035            	5.31384339e-02	4.84168390e-02	1.53459309e+00	8.20434980e-01	7.14158112e-01
3036            	5.31459246e-02	4.84163682e-02	1.53465585e+00	8.20473850e-01	7.14182001e-01
3037            	5.31520678e-02	4.84158427e-02	1.53471012e+00	8.20507126e-01	7.14202990e-01
3038            	5.31581284e-02	4.84152384e-02	1.53476421e+00	8.20540235e-01	7.14223978e-01
3039            	5.31653184e-02	4.84146618e-02	1.53482583e+00	8.20578235e-01	7.14247599e-01
3040            	5.31711939e-02	4.84140260e-02	1.53487928e+00	8.20610834e-01	7.14268446e-01
3041            	5.31770045e-02	4.84133186e-02	1.53493271e+00	8.20643359e-01	7.14289350e-01
3042            	5.31839874e-02	4.84126773e-02	1.53499382e+00	8.20680899e-01	7.14312924e-01
3043            	5.31897093e-02	4.84119884e-02	1.53504712e+00	8.20713267e-01	7.14333849e-01
3044            	5.31965809e-02	4.84114204e-02	1.53510774e+00	8.20750452e-01	7.14357290e-01
3045            	5.32022060e-02	4.84108032e-02	1.53516058e+00	8.20782495e-01	7.14378082e-01
3046            	5.32089932e-02	4.84103197e-02	1.53522067e+00	8.20819329e-01	7.14401343e-01
3047            	5.32145420e-02	4.84097403e-02	1.53527321e+00	8.20851147e-01	7.14422063e-01
3048            	5.32200816e-02	4.84091013e-02	1.53532590e+00	8.20883032e-01	7.14442869e-01
3049            	5.32268798e-02	4.84086094e-02	1.53538643e+00	8.20920094e-01	7.14466335e-01
3050            	5.32324781e-02	4.84079881e-02	1.53543991e+00	8.20952433e-01	7.14487477e-01
3051            	5.32380065e-02	4.84073117e-02	1.53549327e+00	8.20984641e-01	7.14508628e-01
3052            	5.32447783e-02	4.84068437e-02	1.53555419e+00	8.21021874e-01	7.14532317e-01
3053            	5.32503171e-02	4.84062405e-02	1.53560792e+00	8.21054280e-01	7.14553645e-01
3054            	5.32557430e-02	4.84055892e-02	1.53566118e+00	8.21086335e-01	7.14574849e-01
3055            	5.32624129e-02	4.84051778e-02	1.53572180e+00	8.21123315e-01	7.14598489e-01
3056            	5.32678825e-02	4.84046018e-02	1.53577555e+00	8.21155657e-01	7.14619892e-01
3057            	5.32732333e-02	4.84039660e-02	1.53582874e+00	8.21187605e-01	7.14641138e-01
3058            	5.32785453e-02	4.84032697e-02	1.53588188e+00	8.21219484e-01	7.14662394e-01
3059            	5.32851221e-02	4.84028275e-02	1.53594242e+00	8.21256332e-01	7.14686087e-01
3060            	5.32905138e-02	4.84021936e-02	1.53599644e+00	8.21288734e-01	7.14707706e-01
3061            	5.32957714e-02	4.84015200e-02	1.53604970e+00	8.21320622e-01	7.14729079e-01
3062            	5.33009356e-02	4.84007819e-02	1.53610259e+00	8.21352228e-01	7.14750357e-01
3063            	5.33060077e-02	4.83999547e-02	1.53615528e+00	8.21383646e-01	7.14771630e-01
3064            	5.33122820e-02	4.83993960e-02	1.53621501e+00	8.21419787e-01	7.14795223e-01
3065            	5.33174335e-02	4.83986442e-02	1.53626873e+00	8.21451798e-01	7.14816931e-01
3066            	5.33223652e-02	4.83978274e-02	1.53632127e+00	8.21482999e-01	7.14838268e-01
3067            	5.33271534e-02	4.83969351e-02	1.53637311e+00	8.21513710e-01	7.14859403e-01
3068            	5.33318457e-02	4.83959516e-02	1.53642469e+00	8.21544190e-01	7.14880499e-01
3069            	5.33364445e-02	4.83948627e-02	1.53647616e+00	8.21574525e-01	7.14901636e-01
3070            	5.33421715e-02	4.83940328e-02	1.53653444e+00	8.21609390e-01	7.14925047e-01
3071            	5.33468506e-02	4.83930264e-02	1.53658707e+00	8.21640384e-01	7.14946682e-01
3072            	5.33513118e-02	4.83919651e-02	1.53663848e+00	8.21670550e-01	7.14967927e-01
3073            	5.33556315e-02	4.83908361e-02	1.53668916e+00	8.21700212e-01	7.14988949e-01
3074            	5.33598475e-02	4.83896157e-02	1.53673949e+00	8.21729592e-01	7.15009897e-01
3075            	5.33639580e-02	4.83882802e-02	1.53678962e+00	8.21758768e-01	7.15030852e-01
3076            	5.33690799e-02	4.83871558e-02	1.53684621e+00	8.21792184e-01	7.15054024e-01
3077            	5.33732529e-02	4.83858758e-02	1.53689738e+00	8.21821943e-01	7.15075437e-01
3078            	5.33772139e-02	4.83845180e-02	1.53694742e+00	8.21850922e-01	7.15096495e-01
3079            	5.33820635e-02	4.83833616e-02	1.53700310e+00	8.21883614e-01	7.15119487e-01
3080            	5.33858916e-02	4.83819906e-02	1.53705271e+00	8.21912248e-01	7.15140465e-01
3081            	5.33904493e-02	4.83807359e-02	1.53710724e+00	8.21944070e-01	7.15163171e-01
3082            	5.33939036e-02	4.83791789e-02	1.53715500e+00	8.21971402e-01	7.15183595e-01
3083            	5.33981417e-02	4.83777120e-02	1.53720827e+00	8.22002277e-01	7.15205994e-01
3084            	5.34010794e-02	4.83758006e-02	1.53725354e+00	8.22027848e-01	7.15225689e-01
3085            	5.34037603e-02	4.83736259e-02	1.53729769e+00	8.22052605e-01	7.15245084e-01
3086            	5.34062677e-02	4.83711994e-02	1.53734141e+00	8.22076971e-01	7.15264436e-01
3087            	5.34086278e-02	4.83685576e-02	1.53738485e+00	8.22101055e-01	7.15283799e-01
3088            	5.34108324e-02	4.83657759e-02	1.53742785e+00	8.22124758e-01	7.15303093e-01
3089            	5.34129617e-02	4.83629096e-02	1.53747109e+00	8.22148506e-01	7.15322583e-01
3090            	5.34134247e-02	4.83593657e-02	1.53750699e+00	8.22166920e-01	7.15340070e-01
3091            	5.34167140e-02	4.83563620e-02	1.53756075e+00	8.22197089e-01	7.15363661e-01
3092            	5.34202011e-02	4.83537320e-02	1.53761533e+00	8.22227866e-01	7.15387464e-01
3093            	5.34236542e-02	4.83514917e-02	1.53766878e+00	8.22258045e-01	7.15410737e-01
3094            	5.34270127e-02	4.83495564e-02	1.53772055e+00	8.22287290e-01	7.15433264e-01
3095            	5.34283859e-02	4.83470060e-02	1.53776116e+00	8.22308968e-01	7.15452196e-01
3096            	5.34324414e-02	4.83452454e-02	1.53781717e+00	8.22341025e-01	7.15476142e-01
3097            	5.34363679e-02	4.83435817e-02	1.53787125e+00	8.22371992e-01	7.15499256e-01
3098            	5.34399480e-02	4.83418743e-02	1.53792231e+00	8.22401101e-01	7.15521205e-01
3099            	5.34430822e-02	4.83399486e-02	1.53797039e+00	8.22428278e-01	7.15542114e-01
3100            	5.34441043e-02	4.83370721e-02	1.53800720e+00	8.22447706e-01	7.15559498e-01
3101            	5.34471056e-02	4.83343341e-02	1.53805705e+00	8.22475629e-01	7.15581418e-01
3102            	5.34497004e-02	4.83313016e-02	1.53810511e+00	8.22502257e-01	7.15602856e-01
3103            	5.34517930e-02	4.83280038e-02	1.53815072e+00	8.22527153e-01	7.15623567e-01
3104            	5.34533684e-02	4.83244186e-02	1.53819396e+00	8.22550348e-01	7.15643611e-01
3105            	5.34544749e-02	4.83205296e-02	1.53823527e+00	8.22572108e-01	7.15663159e-01
3106            	5.34552333e-02	4.83163700e-02	1.53827527e+00	8.22592871e-01	7.15682404e-01
3107            	5.34557731e-02	4.83119806e-02	1.53831466e+00	8.22613101e-01	7.15701555e-01
3108            	5.34562283e-02	4.83074223e-02	1.53835407e+00	8.22633264e-01	7.15720808e-01
3109            	5.34567199e-02	4.83027748e-02	1.53839407e+00	8.22653754e-01	7.15740314e-01
3110            	5.34573109e-02	4.82981026e-02	1.53843493e+00	8.22674775e-01	7.15760153e-01
3111            	5.34569073e-02	4.82925211e-02	1.53847878e+00	8.22696296e-01	7.15782481e-01
3112            	5.34574971e-02	4.82874637e-02	1.53852701e+00	8.22721000e-01	7.15806006e-01
3113            	5.34593605e-02	4.82831747e-02	1.53858181e+00	8.22750265e-01	7.15831544e-01
3114            	5.34619278e-02	4.82802921e-02	1.53862804e+00	8.22775948e-01	7.15852092e-01
3115            	5.34642183e-02	4.82774261e-02	1.53867145e+00	8.22799942e-01	7.15871505e-01
3116            	5.34656827e-02	4.82738483e-02	1.53871539e+00	8.22823375e-01	7.15892010e-01
3117            	5.34670716e-02	4.82702672e-02	1.53875593e+00	8.22845035e-01	7.15910892e-01
3118            	5.34684502e-02	4.82665578e-02	1.53879419e+00	8.22865546e-01	7.15928646e-01
3119            	5.34696955e-02	4.82622307e-02	1.53883368e+00	8.22886537e-01	7.15947146e-01
3120            	5.34711161e-02	4.82580842e-02	1.53887042e+00	8.22906327e-01	7.15964095e-01
3121            	5.34724339e-02	4.82532467e-02	1.53890986e+00	8.22927364e-01	7.15982497e-01
3122            	5.34737418e-02	4.82482386e-02	1.53894992e+00	8.22948700e-01	7.16001216e-01
3123            	5.34749903e-02	4.82431402e-02	1.53899059e+00	8.22970286e-01	7.16020306e-01
3124            	5.34761500e-02	4.82380219e-02	1.53903181e+00	8.22992052e-01	7.16039753e-01
3125            	5.34772482e-02	4.82329621e-02	1.53907349e+00	8.23013992e-01	7.16059496e-01
3126            	5.34784105e-02	4.82280780e-02	1.53911573e+00	8.23036274e-01	7.16079453e-01
3127            	5.34797474e-02	4.82234403e-02	1.53915851e+00	8.23059004e-01	7.16099509e-01
3128            	5.34813340e-02	4.82190686e-02	1.53920178e+00	8.23082224e-01	7.16119556e-01
3129            	5.34832464e-02	4.82149745e-02	1.53924552e+00	8.23106007e-01	7.16139515e-01
3130            	5.34854814e-02	4.82111056e-02	1.53928961e+00	8.23130286e-01	7.16159323e-01
3131            	5.34879933e-02	4.82073816e-02	1.53933392e+00	8.23154952e-01	7.16178966e-01
3132            	5.34907641e-02	4.82037570e-02	1.53937847e+00	8.23180001e-01	7.16198473e-01
3133            	5.34937201e-02	4.82001557e-02	1.53942321e+00	8.23205325e-01	7.16217885e-01
3134            	5.34968030e-02	4.81963578e-02	1.53947062e+00	8.23232113e-01	7.16238507e-01
3135            	5.34999663e-02	4.81926923e-02	1.53951692e+00	8.23258425e-01	7.16258493e-01
3136            	5.35031745e-02	4.81890850e-02	1.53956231e+00	8.23284329e-01	7.16277980e-01
3137            	5.35064049e-02	4.81854682e-02	1.53960703e+00	8.23309922e-01	7.16297113e-01
3138            	5.35097029e-02	4.81818369e-02	1.53965152e+00	8.23335461e-01	7.16316055e-01
3139            	5.35130656e-02	4.81781631e-02	1.53969603e+00	8.23361079e-01	7.16334948e-01
3140            	5.35164914e-02	4.81744405e-02	1.53974080e+00	8.23386890e-01	7.16353907e-01
3141            	5.35200440e-02	4.81707352e-02	1.53978613e+00	8.23413108e-01	7.16373020e-01
3142            	5.35237270e-02	4.81670719e-02	1.53983209e+00	8.23439772e-01	7.16392318e-01
3143            	5.35275393e-02	4.81634738e-02	1.53987867e+00	8.23466877e-01	7.16411798e-01
3144            	5.35315453e-02	4.81600158e-02	1.53992596e+00	8.23494526e-01	7.16431435e-01
3145            	5.35357401e-02	4.81567049e-02	1.53997383e+00	8.23522656e-01	7.16451175e-01
3146            	5.35401111e-02	4.81535326e-02	1.54002215e+00	8.23551186e-01	7.16470964e-01
3147            	5.35447114e-02	4.81505384e-02	1.54007094e+00	8.23580180e-01	7.16490757e-01
3148            	5.35495199e-02	4.81476939e-02	1.54012007e+00	8.23609553e-01	7.16510513e-01
3149            	5.35545089e-02	4.81449642e-02	1.54016943e+00	8.23639223e-01	7.16530205e-01
3150            	5.35597147e-02	4.81423715e-02	1.54021909e+00	8.23669261e-01	7.16549831e-01
3151            	5.35650954e-02	4.81398751e-02	1.54026897e+00	8.23699579e-01	7.16569388e-01
3152            	5.35706054e-02	4.81374352e-02	1.54031899e+00	8.23730098e-01	7.16588887e-01
3153            	5.35762711e-02	4.81350779e-02	1.54036925e+00	8.23760897e-01	7.16608355e-01
3154            	5.35820467e-02	4.81327704e-02	1.54041971e+00	8.23791903e-01	7.16627810e-01
3155            	5.35878912e-02	4.81304865e-02	1.54047032e+00	8.23823053e-01	7.16647270e-01
3156            	5.35938445e-02	4.81282709e-02	1.54052121e+00	8.23854448e-01	7.16666759e-01
3157            	5.35998772e-02	4.81261074e-02	1.54057232e+00	8.23886035e-01	7.16686281e-01
3158            	5.36059662e-02	4.81239846e-02	1.54062361e+00	8.23917772e-01	7.16705839e-01
3159            	5.36121683e-02	4.81219582e-02	1.54067521e+00	8.23949775e-01	7.16725438e-01
3160            	5.36184660e-02	4.81200171e-02	1.54072707e+00	8.23982000e-01	7.16745068e-01
3161            	5.36251153e-02	4.81179596e-02	1.54078217e+00	8.24016202e-01	7.16765972e-01
3162            	5.36315506e-02	4.81163121e-02	1.54083379e+00	8.24048445e-01	7.16785344e-01
3163            	5.36380890e-02	4.81147633e-02	1.54088543e+00	8.24080805e-01	7.16804627e-01
3164            	5.36450430e-02	4.81131133e-02	1.54094032e+00	8.24115205e-01	7.16825119e-01
3165            	5.36517552e-02	4.81117830e-02	1.54099184e+00	8.24147676e-01	7.16844166e-01
3166            	5.36589194e-02	4.81103691e-02	1.54104665e+00	8.24182245e-01	7.16864406e-01
3167            	5.36661056e-02	4.81090611e-02	1.54110110e+00	8.24216657e-01	7.16884446e-01
3168            	5.36729777e-02	4.81079916e-02	1.54115219e+00	8.24249072e-01	7.16903116e-01
3169            	5.36802990e-02	4.81068093e-02	1.54120664e+00	8.24283619e-01	7.16923021e-01
3170            	5.36876190e-02	4.81056739e-02	1.54126098e+00	8.24318107e-01	7.16942869e-01
3171            	5.36949621e-02	4.81046253e-02	1.54131523e+00	8.24352576e-01	7.16962652e-01
3172            	5.37022961e-02	4.81036395e-02	1.54136932e+00	8.24386959e-01	7.16982366e-01
3173            	5.37095948e-02	4.81026868e-02	1.54142324e+00	8.24421217e-01	7.17002027e-01
3174            	5.37169065e-02	4.81017960e-02	1.54147715e+00	8.24455480e-01	7.17021667e-01
3175            	5.37242204e-02	4.81009433e-02	1.54153106e+00	8.24489752e-01	7.17041311e-01
3176            	5.37315244e-02	4.81001096e-02	1.54158501e+00	8.24524029e-01	7.17060980e-01
3177            	5.37388731e-02	4.80993361e-02	1.54163915e+00	8.24558449e-01	7.17080703e-01
3178            	5.37462535e-02	4.80986099e-02	1.54169347e+00	8.24592991e-01	7.17100484e-01
3179            	5.37536446e-02	4.80979158e-02	1.54174793e+00	8.24627611e-01	7.17120321e-01
3180            	5.37610867e-02	4.80972924e-02	1.54180261e+00	8.24662390e-01	7.17140216e-01
3181            	5.37685554e-02	4.80967224e-02	1.54185741e+00	8.24697261e-01	7.17160150e-01
3182            	5.37760196e-02	4.80961819e-02	1.54191226e+00	8.24732148e-01	7.17180109e-01
3183            	5.37835121e-02	4.80957002e-02	1.54196721e+00	8.24767115e-01	7.17200091e-01
3184            	5.37910061e-02	4.80952545e-02	1.54202218e+00	8.24802094e-01	7.17220082e-01
3185            	5.37984693e-02	4.80948182e-02	1.54207709e+00	8.24837013e-01	7.17240074e-01
3186            	5.38059322e-02	4.80944182e-02	1.54213201e+00	8.24871937e-01	7.17260073e-01
3187            	5.38133710e-02	4.80940363e-02	1.54218687e+00	8.24906806e-01	7.17280065e-01
3188            	5.38207543e-02	4.80936482e-02	1.54224160e+00	8.24941553e-01	7.17300044e-01
3189            	5.38281107e-02	4.80932793e-02	1.54229627e+00	8.24976245e-01	7.17320023e-01
3190            	5.38354197e-02	4.80929125e-02	1.54235083e+00	8.25010835e-01	7.17339996e-01
3191            	5.38426549e-02	4.80925255e-02	1.54240524e+00	8.25045274e-01	7.17359964e-01
3192            	5.38498521e-02	4.80921469e-02	1.54245960e+00	8.25079651e-01	7.17379947e-01
3193            	5.38569977e-02	4.80917661e-02	1.54251387e+00	8.25113931e-01	7.17399936e-01
3194            	5.38640711e-02	4.80913672e-02	1.54256800e+00	8.25148069e-01	7.17419927e-01
3195            	5.38711091e-02	4.80909820e-02	1.54262208e+00	8.25182150e-01	7.17439932e-01
3196            	5.38781028e-02	4.80906032e-02	1.54267609e+00	8.25216146e-01	7.17459941e-01
3197            	5.38850313e-02	4.80902135e-02	1.54272996e+00	8.25250012e-01	7.17479950e-01
3198            	5.38919285e-02	4.80898405e-02	1.54278381e+00	8.25283831e-01	7.17499974e-01
3199            	5.38987841e-02	4.80894749e-02	1.54283758e+00	8.25317573e-01	7.17520005e-01
3200            	5.39055735e-02	4.80890964e-02	1.54289122e+00	8.25351184e-01	7.17540037e-01
3201            	5.39123234e-02	4.80887287e-02	1.54294481e+00	8.25384730e-01	7.17560083e-01
3202            	5.39190195e-02	4.80883603e-02	1.54299829e+00	8.25418165e-01	7.17580126e-01
3203            	5.39256348e-02	4.80879691e-02	1.54305158e+00	8.25451427e-01	7.17600158e-01
3204            	5.39321954e-02	4.80875768e-02	1.54310478e+00	8.25484585e-01	7.17620194e-01
3205            	5.39386917e-02	4.80871735e-02	1.54315783e+00	8.25517607e-01	7.17640223e-01
3206            	5.39450992e-02	4.80867375e-02	1.54321068e+00	8.25550441e-01	7.17660243e-01
3207            	5.39514416e-02	4.80862888e-02	1.54326342e+00	8.25583153e-01	7.17680270e-01
3208            	5.39577093e-02	4.80858192e-02	1.54331600e+00	8.25615708e-01	7.17700289e-01
3209            	5.39638775e-02	4.80853087e-02	1.54336833e+00	8.25648045e-01	7.17720290e-01
3210            	5.39699673e-02	4.80847769e-02	1.54342051e+00	8.25680220e-01	7.17740286e-01
3211            	5.39753302e-02	4.80840743e-02	1.54346906e+00	8.25709862e-01	7.17759201e-01
3212            	5.39812947e-02	4.80833989e-02	1.54352122e+00	8.25741903e-01	7.17779314e-01
3213            	5.39872614e-02	4.80827425e-02	1.54357366e+00	8.25774091e-01	7.17799568e-01
3214            	5.39932034e-02	4.80821235e-02	1.54362615e+00	8.25806280e-01	7.17819873e-01
3215            	5.39984048e-02	4.80813653e-02	1.54367493e+00	8.25835869e-01	7.17839059e-01
3216            	5.40042539e-02	4.80807191e-02	1.54372736e+00	8.25867935e-01	7.17859428e-01
3217            	5.40100783e-02	4.80801112e-02	1.54377980e+00	8.25899980e-01	7.17879824e-01
3218            	5.40151320e-02	4.80793399e-02	1.54382836e+00	8.25929314e-01	7.17899050e-01
3219            	5.40208210e-02	4.80786733e-02	1.54388052e+00	8.25961082e-01	7.17919440e-01
3220            	5.40257577e-02	4.80778375e-02	1.54392891e+00	8.25990213e-01	7.17938698e-01
3221            	5.40313336e-02	4.80770965e-02	1.54398099e+00	8.26021827e-01	7.17959160e-01
3222            	5.40361347e-02	4.80761849e-02	1.54402921e+00	8.26050740e-01	7.17978471e-01
3223            	5.40408823e-02	4.80752075e-02	1.54407744e+00	8.26079600e-01	7.17997836e-01
3224            	5.40462985e-02	4.80743492e-02	1.54412954e+00	8.26111070e-01	7.18018473e-01
3225            	5.40509313e-02	4.80733404e-02	1.54417770e+00	8.26139780e-01	7.18037917e-01
3226            	5.40554958e-02	4.80722847e-02	1.54422572e+00	8.26168358e-01	7.18057366e-01
3227            	5.40600107e-02	4.80711739e-02	1.54427379e+00	8.26196904e-01	7.18076883e-01
3228            	5.40644964e-02	4.80700262e-02	1.54432200e+00	8.26225498e-01	7.18096505e-01
3229            	5.40696845e-02	4.80690610e-02	1.54437419e+00	8.26256781e-01	7.18117412e-01
3230            	5.40740497e-02	4.80679547e-02	1.54442203e+00	8.26285064e-01	7.18136965e-01
3231            	5.40783039e-02	4.80668037e-02	1.54446946e+00	8.26313036e-01	7.18156428e-01
3232            	5.40824699e-02	4.80655932e-02	1.54451663e+00	8.26340783e-01	7.18175843e-01
3233            	5.40865449e-02	4.80643024e-02	1.54456359e+00	8.26368338e-01	7.18195248e-01
3234            	5.40905298e-02	4.80629326e-02	1.54461041e+00	8.26395736e-01	7.18214676e-01
3235            	5.40944411e-02	4.80615017e-02	1.54465714e+00	8.26423011e-01	7.18234129e-01
3236            	5.40982721e-02	4.80600150e-02	1.54470374e+00	8.26450141e-01	7.18253597e-01
3237            	5.41020167e-02	4.80584832e-02	1.54475018e+00	8.26477105e-01	7.18273071e-01
3238            	5.41056878e-02	4.80569237e-02	1.54479643e+00	8.26503902e-01	7.18292526e-01
3239            	5.41092734e-02	4.80553288e-02	1.54484243e+00	8.26530488e-01	7.18311941e-01
3240            	5.41127604e-02	4.80536895e-02	1.54488814e+00	8.26556833e-01	7.18331312e-01
3241            	5.41161613e-02	4.80520100e-02	1.54493358e+00	8.26582950e-01	7.18350627e-01
3242            	5.41194652e-02	4.80502755e-02	1.54497870e+00	8.26608813e-01	7.18369883e-01
3243            	5.41226577e-02	4.80484721e-02	1.54502349e+00	8.26634403e-01	7.18389087e-01
3244            	5.41257507e-02	4.80466053e-02	1.54506797e+00	8.26659736e-01	7.18408235e-01
3245            	5.41287327e-02	4.80446633e-02	1.54511211e+00	8.26684788e-01	7.18427323e-01
3246            	5.41315898e-02	4.80426349e-02	1.54515590e+00	8.26709539e-01	7.18446360e-01
3247            	5.41343412e-02	4.80405338e-02	1.54519937e+00	8.26734026e-01	7.18465344e-01
3248            	5.41369849e-02	4.80383565e-02	1.54524253e+00	8.26758249e-01	7.18484279e-01
3249            	5.41395120e-02	4.80360953e-02	1.54528538e+00	8.26782202e-01	7.18503178e-01
3250            	5.41419462e-02	4.80337682e-02	1.54532797e+00	8.26805930e-01	7.18522038e-01
3251            	5.41442873e-02	4.80313745e-02	1.54537029e+00	8.26829434e-01	7.18540860e-01
3252            	5.41465249e-02	4.80289058e-02	1.54541234e+00	8.26852695e-01	7.18559646e-01
3253            	5.41481733e-02	4.80261690e-02	1.54545069e+00	8.26873520e-01	7.18577173e-01
3254            	5.41498805e-02	4.80233143e-02	1.54549016e+00	8.26894959e-01	7.18595198e-01
3255            	5.41516928e-02	4.80204064e-02	1.54553089e+00	8.26917140e-01	7.18613755e-01
3256            	5.41536111e-02	4.80175097e-02	1.54557277e+00	8.26939994e-01	7.18632772e-01
3257            	5.41556076e-02	4.80146655e-02	1.54561549e+00	8.26963351e-01	7.18652136e-01
3258            	5.41576629e-02	4.80119167e-02	1.54565863e+00	8.26986978e-01	7.18671652e-01
3259            	5.41597111e-02	4.80092470e-02	1.54570161e+00	8.27010514e-01	7.18691092e-01
3260            	5.41612905e-02	4.80065621e-02	1.54574071e+00	8.27031648e-01	7.18709067e-01
3261            	5.41630337e-02	4.80037280e-02	1.54578161e+00	8.27053839e-01	7.18727772e-01
3262            	5.41643270e-02	4.80007856e-02	1.54581894e+00	8.27073799e-01	7.18745145e-01
3263            	5.41657125e-02	4.79975410e-02	1.54585850e+00	8.27094964e-01	7.18763539e-01
3264            	5.41669599e-02	4.79941390e-02	1.54589786e+00	8.27115890e-01	7.18781970e-01
3265            	5.41678180e-02	4.79906938e-02	1.54593400e+00	8.27134819e-01	7.18799183e-01
3266            	5.41687180e-02	4.79869367e-02	1.54597251e+00	8.27154974e-01	7.18817538e-01
3267            	5.41695277e-02	4.79831000e-02	1.54601107e+00	8.27175064e-01	7.18836008e-01
3268            	5.41700890e-02	4.79793655e-02	1.54604674e+00	8.27193460e-01	7.18853281e-01
3269            	5.41707073e-02	4.79753555e-02	1.54608488e+00	8.27213148e-01	7.18871734e-01
3270            	5.41711766e-02	4.79714938e-02	1.54612050e+00	8.27231428e-01	7.18889075e-01
3271            	5.41717341e-02	4.79673750e-02	1.54615875e+00	8.27251107e-01	7.18907639e-01
3272            	5.41721849e-02	4.79634360e-02	1.54619450e+00	8.27269434e-01	7.18925064e-01
3273            	5.41727058e-02	4.79592458e-02	1.54623267e+00	8.27289040e-01	7.18943628e-01
3274            	5.41731637e-02	4.79552805e-02	1.54626822e+00	8.27307273e-01	7.18960946e-01
3275            	5.41736376e-02	4.79510243e-02	1.54630595e+00	8.27326612e-01	7.18979337e-01
3276            	5.41740625e-02	4.79469936e-02	1.54634101e+00	8.27344565e-01	7.18996440e-01
3277            	5.41744730e-02	4.79426289e-02	1.54637822e+00	8.27363582e-01	7.19014636e-01
3278            	5.41748341e-02	4.79384723e-02	1.54641283e+00	8.27381251e-01	7.19031583e-01
3279            	5.41751488e-02	4.79342033e-02	1.54644722e+00	8.27398756e-01	7.19048459e-01
3280            	5.41753849e-02	4.79295000e-02	1.54648405e+00	8.27417409e-01	7.19066639e-01
3281            	5.41756223e-02	4.79250586e-02	1.54651856e+00	8.27434904e-01	7.19083659e-01
3282            	5.41758303e-02	4.79205487e-02	1.54655295e+00	8.27452304e-01	7.19100644e-01
3283            	5.41759358e-02	4.79156175e-02	1.54658974e+00	8.27470806e-01	7.19118934e-01
3284            	5.41761214e-02	4.79110490e-02	1.54662421e+00	8.27488228e-01	7.19135986e-01
3285            	5.41763194e-02	4.79064580e-02	1.54665855e+00	8.27505597e-01	7.19152958e-01
3286            	5.41765364e-02	4.79018134e-02	1.54669296e+00	8.27523018e-01	7.19169945e-01
3287            	5.41767738e-02	4.78971020e-02	1.54672756e+00	8.27540555e-01	7.19187007e-01
3288            	5.41770492e-02	4.78923400e-02	1.54676243e+00	8.27558262e-01	7.19204164e-01
3289            	5.41773668e-02	4.78875442e-02	1.54679755e+00	8.27576140e-01	7.19221407e-01
3290            	5.41777295e-02	4.78827358e-02	1.54683287e+00	8.27594165e-01	7.19238706e-01
3291            	5.41781515e-02	4.78779377e-02	1.54686836e+00	8.27612334e-01	7.19256030e-01
3292            	5.41786357e-02	4.78731579e-02	1.54690397e+00	8.27630622e-01	7.19273350e-01
3293            	5.41791873e-02	4.78684032e-02	1.54693966e+00	8.27649016e-01	7.19290641e-01
3294            	5.41798176e-02	4.78636779e-02	1.54697540e+00	8.27667517e-01	7.19307882e-01
3295            	5.41805260e-02	4.78589755e-02	1.54701116e+00	8.27686105e-01	7.19325053e-01
3296            	5.41813187e-02	4.78542991e-02	1.54704692e+00	8.27704778e-01	7.19342140e-01
3297            	5.41821995e-02	4.78496442e-02	1.54708267e+00	8.27723536e-01	7.19359137e-01
3298            	5.41831618e-02	4.78449993e-02	1.54711843e+00	8.27742375e-01	7.19376051e-01
3299            	5.41842147e-02	4.78403714e-02	1.54715422e+00	8.27761326e-01	7.19392896e-01
3300            	5.41853617e-02	4.78357608e-02	1.54719010e+00	8.27780413e-01	7.19409690e-01
3301            	5.41866005e-02	4.78311662e-02	1.54722610e+00	8.27799651e-01	7.19426450e-01
3302            	5.41879478e-02	4.78266090e-02	1.54726227e+00	8.27819084e-01	7.19443189e-01
3303            	5.41894078e-02	4.78220954e-02	1.54729865e+00	8.27838735e-01	7.19459919e-01
3304            	5.41909788e-02	4.78176276e-02	1.54733526e+00	8.27858608e-01	7.19476651e-01
3305            	5.41927878e-02	4.78135241e-02	1.54736984e+00	8.27877708e-01	7.19492133e-01
3306            	5.41946490e-02	4.78092237e-02	1.54740582e+00	8.27897557e-01	7.19508259e-01
3307            	5.41965894e-02	4.78047946e-02	1.54744318e+00	8.27918179e-01	7.19525000e-01
3308            	5.41986683e-02	4.78003509e-02	1.54748189e+00	8.27939612e-01	7.19542275e-01
3309            	5.42008988e-02	4.77959722e-02	1.54752169e+00	8.27961745e-01	7.19559947e-01
3310            	5.42033373e-02	4.77922353e-02	1.54755906e+00	8.27982868e-01	7.19576193e-01
3311            	5.42059000e-02	4.77885390e-02	1.54759686e+00	8.28004329e-01	7.19592529e-01
3312            	5.42085766e-02	4.77843354e-02	1.54763869e+00	8.28027921e-01	7.19610767e-01
3313            	5.42113743e-02	4.77807346e-02	1.54767759e+00	8.28050169e-01	7.19627420e-01
3314            	5.42143226e-02	4.77772662e-02	1.54771645e+00	8.28072547e-01	7.19643901e-01
3315            	5.42174226e-02	4.77738935e-02	1.54775534e+00	8.28095095e-01	7.19660250e-01
3316            	5.42207054e-02	4.77700673e-02	1.54779809e+00	8.28119751e-01	7.19678341e-01
3317            	5.42241638e-02	4.77664091e-02	1.54784114e+00	8.28144735e-01	7.19696407e-01
3318            	5.42276909e-02	4.77634274e-02	1.54788031e+00	8.28167847e-01	7.19712465e-01
3319            	5.42314372e-02	4.77600578e-02	1.54792293e+00	8.28192900e-01	7.19730026e-01
3320            	5.42351957e-02	4.77572297e-02	1.54796198e+00	8.28216187e-01	7.19745795e-01
3321            	5.42392498e-02	4.77539597e-02	1.54800515e+00	8.28241827e-01	7.19763327e-01
3322            	5.42432932e-02	4.77511920e-02	1.54804508e+00	8.28265834e-01	7.19779248e-01
3323            	5.42474311e-02	4.77484027e-02	1.54808531e+00	8.28290088e-01	7.19795226e-01
3324            	5.42518852e-02	4.77451853e-02	1.54812995e+00	8.28316862e-01	7.19813092e-01
3325            	5.42562346e-02	4.77424824e-02	1.54817123e+00	8.28341847e-01	7.19829378e-01
3326            	5.42606114e-02	4.77398324e-02	1.54821235e+00	8.28366785e-01	7.19845562e-01
3327            	5.42653184e-02	4.77368391e-02	1.54825772e+00	8.28394181e-01	7.19863544e-01
3328            	5.42701193e-02	4.77340068e-02	1.54830342e+00	8.28421829e-01	7.19881590e-01
3329            	5.42746898e-02	4.77317282e-02	1.54834479e+00	8.28447086e-01	7.19897706e-01
3330            	5.42796408e-02	4.77292019e-02	1.54839010e+00	8.28474692e-01	7.19915410e-01
3331            	5.42843867e-02	4.77271462e-02	1.54843146e+00	8.28500116e-01	7.19931343e-01
3332            	5.42895599e-02	4.77247893e-02	1.54847713e+00	8.28528127e-01	7.19949007e-01
3333            	5.42944847e-02	4.77228213e-02	1.54851900e+00	8.28553985e-01	7.19965016e-01
3334            	5.42999015e-02	4.77206040e-02	1.54856533e+00	8.28582564e-01	7.19982761e-01
3335            	5.43050424e-02	4.77187749e-02	1.54860783e+00	8.28608956e-01	7.19998871e-01
3336            	5.43106469e-02	4.77167010e-02	1.54865464e+00	8.28637966e-01	7.20016672e-01
3337            	5.43159226e-02	4.77150096e-02	1.54869746e+00	8.28664651e-01	7.20032805e-01
3338            	5.43216608e-02	4.77130915e-02	1.54874452e+00	8.28693921e-01	7.20050599e-01
3339            	5.43274329e-02	4.77112685e-02	1.54879171e+00	8.28723288e-01	7.20068422e-01
3340            	5.43327232e-02	4.77097906e-02	1.54883413e+00	8.28749786e-01	7.20084340e-01
3341            	5.43384641e-02	4.77080624e-02	1.54888074e+00	8.28778836e-01	7.20101908e-01
3342            	5.43441996e-02	4.77063795e-02	1.54892737e+00	8.28807883e-01	7.20119484e-01
3343            	5.43494077e-02	4.77049268e-02	1.54896948e+00	8.28834148e-01	7.20135332e-01
3344            	5.43551197e-02	4.77032419e-02	1.54901598e+00	8.28863109e-01	7.20152870e-01
3345            	5.43608688e-02	4.77016172e-02	1.54906271e+00	8.28892224e-01	7.20170487e-01
3346            	5.43660762e-02	4.77002203e-02	1.54910494e+00	8.28918546e-01	7.20186393e-01
3347            	5.43718160e-02	4.76986436e-02	1.54915151e+00	8.28947570e-01	7.20203938e-01
3348            	5.43775869e-02	4.76971461e-02	1.54919823e+00	8.28976702e-01	7.20221528e-01
3349            	5.43833456e-02	4.76957319e-02	1.54924481e+00	8.29005753e-01	7.20239062e-01
3350            	5.43885088e-02	4.76945341e-02	1.54928660e+00	8.29031806e-01	7.20254789e-01
3351            	5.43942278e-02	4.76931542e-02	1.54933284e+00	8.29060650e-01	7.20272194e-01
3352            	5.43999761e-02	4.76918060e-02	1.54937945e+00	8.29089699e-01	7.20289747e-01
3353            	5.44057271e-02	4.76905318e-02	1.54942604e+00	8.29118745e-01	7.20307291e-01
3354            	5.44107996e-02	4.76893947e-02	1.54946770e+00	8.29144648e-01	7.20323049e-01
3355            	5.44164403e-02	4.76880689e-02	1.54951396e+00	8.29173423e-01	7.20340542e-01
3356            	5.44220684e-02	4.76867556e-02	1.54956044e+00	8.29202287e-01	7.20358150e-01
3357            	5.44276719e-02	4.76855035e-02	1.54960680e+00	8.29231074e-01	7.20375730e-01
3358            	5.44332150e-02	4.76843044e-02	1.54965284e+00	8.29259635e-01	7.20393205e-01
3359            	5.44386702e-02	4.76831311e-02	1.54969843e+00	8.29287887e-01	7.20410547e-01
3360            	5.44440575e-02	4.76819819e-02	1.54974365e+00	8.29315883e-01	7.20427768e-01
3361            	5.44493587e-02	4.76808209e-02	1.54978849e+00	8.29343603e-01	7.20444885e-01
3362            	5.44545568e-02	4.76796151e-02	1.54983297e+00	8.29371042e-01	7.20461928e-01
3363            	5.44590130e-02	4.76784093e-02	1.54987262e+00	8.29395321e-01	7.20477295e-01
3364            	5.44640844e-02	4.76769822e-02	1.54991719e+00	8.29422677e-01	7.20494509e-01
3365            	5.44691524e-02	4.76755188e-02	1.54996222e+00	8.29450262e-01	7.20511957e-01
3366            	5.44741675e-02	4.76740601e-02	1.55000727e+00	8.29477802e-01	7.20529467e-01
3367            	5.44791253e-02	4.76726520e-02	1.55005208e+00	8.29505164e-01	7.20546914e-01
3368            	5.44840072e-02	4.76712879e-02	1.55009650e+00	8.29532260e-01	7.20564245e-01
3369            	5.44888008e-02	4.76699418e-02	1.55014053e+00	8.29559067e-01	7.20581465e-01
3370            	5.44935354e-02	4.76686112e-02	1.55018430e+00	8.29585688e-01	7.20598617e-01
3371            	5.44982113e-02	4.76672718e-02	1.55022790e+00	8.29612163e-01	7.20615740e-01
3372            	5.45028198e-02	4.76659015e-02	1.55027137e+00	8.29638502e-01	7.20632863e-01
3373            	5.45066684e-02	4.76645216e-02	1.55030997e+00	8.29661656e-01	7.20648319e-01
3374            	5.45112202e-02	4.76629675e-02	1.55035397e+00	8.29688206e-01	7.20665765e-01
3375            	5.45157597e-02	4.76614034e-02	1.55039826e+00	8.29714891e-01	7.20683371e-01
3376            	5.45202340e-02	4.76598576e-02	1.55044240e+00	8.29741433e-01	7.20700965e-01
3377            	5.45238893e-02	4.76583617e-02	1.55048115e+00	8.29764466e-01	7.20716687e-01
3378            	5.45282379e-02	4.76567410e-02	1.55052513e+00	8.29790804e-01	7.20734328e-01
3379            	5.45325383e-02	4.76551364e-02	1.55056906e+00	8.29817070e-01	7.20751993e-01
3380            	5.45367638e-02	4.76535712e-02	1.55061263e+00	8.29843079e-01	7.20769551e-01
3381            	5.45401706e-02	4.76520387e-02	1.55065079e+00	8.29865566e-01	7.20785225e-01
3382            	5.45442529e-02	4.76503478e-02	1.55069418e+00	8.29891343e-01	7.20802837e-01
3383            	5.45475358e-02	4.76486573e-02	1.55073245e+00	8.29913760e-01	7.20818688e-01
3384            	5.45515252e-02	4.76468153e-02	1.55077619e+00	8.29939619e-01	7.20836568e-01
3385            	5.45547331e-02	4.76450254e-02	1.55081475e+00	8.29962107e-01	7.20852640e-01
3386            	5.45586500e-02	4.76431168e-02	1.55085870e+00	8.29988000e-01	7.20870700e-01
3387            	5.45617819e-02	4.76413039e-02	1.55089728e+00	8.30010422e-01	7.20886858e-01
3388            	5.45656283e-02	4.76394097e-02	1.55094113e+00	8.30036191e-01	7.20904934e-01
3389            	5.45686736e-02	4.76376089e-02	1.55097942e+00	8.30058384e-01	7.20921036e-01
3390            	5.45724015e-02	4.76357034e-02	1.55102284e+00	8.30083822e-01	7.20939019e-01
3391            	5.45753144e-02	4.76338739e-02	1.55106065e+00	8.30105640e-01	7.20955011e-01
3392            	5.45781594e-02	4.76319473e-02	1.55109843e+00	8.30127375e-01	7.20971056e-01
3393            	5.45816878e-02	4.76298680e-02	1.55114157e+00	8.30152474e-01	7.20989098e-01
3394            	5.45844179e-02	4.76278627e-02	1.55117925e+00	8.30174042e-01	7.21005207e-01
3395            	5.45870702e-02	4.76257692e-02	1.55121689e+00	8.30195515e-01	7.21021374e-01
3396            	5.45896695e-02	4.76235849e-02	1.55125468e+00	8.30217008e-01	7.21037669e-01
3397            	5.45929482e-02	4.76212677e-02	1.55129783e+00	8.30241861e-01	7.21055965e-01
3398            	5.45954616e-02	4.76191092e-02	1.55133541e+00	8.30263168e-01	7.21072245e-01
3399            	5.45979176e-02	4.76169250e-02	1.55137280e+00	8.30284320e-01	7.21088484e-01
3400            	5.46003296e-02	4.76146915e-02	1.55141017e+00	8.30305413e-01	7.21104754e-01
3401            	5.46027042e-02	4.76123966e-02	1.55144760e+00	8.30326506e-01	7.21121098e-01
3402            	5.46050422e-02	4.76100448e-02	1.55148518e+00	8.30347630e-01	7.21137546e-01
3403            	5.46080621e-02	4.76075986e-02	1.55152799e+00	8.30372055e-01	7.21155930e-01
3404            	5.46103395e-02	4.76053535e-02	1.55156506e+00	8.30392867e-01	7.21172188e-01
3405            	5.46125367e-02	4.76030862e-02	1.55160169e+00	8.30413381e-01	7.21188308e-01
3406            	5.46146449e-02	4.76007515e-02	1.55163805e+00	8.30433671e-01	7.21204381e-01
3407            	5.46166845e-02	4.75983373e-02	1.55167430e+00	8.30453833e-01	7.21220464e-01
3408            	5.46186631e-02	4.75958391e-02	1.55171050e+00	8.30473913e-01	7.21236587e-01
3409            	5.46205866e-02	4.75932664e-02	1.55174670e+00	8.30493934e-01	7.21252761e-01
3410            	5.46224490e-02	4.75906317e-02	1.55178288e+00	8.30513890e-01	7.21268992e-01
3411            	5.46242759e-02	4.75879696e-02	1.55181906e+00	8.30533805e-01	7.21285253e-01
3412            	5.46260751e-02	4.75852982e-02	1.55185518e+00	8.30553667e-01	7.21301517e-01
3413            	5.46278468e-02	4.75826252e-02	1.55189122e+00	8.30573457e-01	7.21317764e-01
3414            	5.46295703e-02	4.75799407e-02	1.55192712e+00	8.30593130e-01	7.21333990e-01
3415            	5.46312637e-02	4.75772591e-02	1.55196287e+00	8.30612697e-01	7.21350169e-01
3416            	5.46329296e-02	4.75745776e-02	1.55199845e+00	8.30632152e-01	7.21366293e-01
3417            	5.46345442e-02	4.75718755e-02	1.55203382e+00	8.30651455e-01	7.21382366e-01
3418            	5.46361286e-02	4.75691653e-02	1.55206900e+00	8.30670630e-01	7.21398373e-01
3419            	5.46376819e-02	4.75664429e-02	1.55210398e+00	8.30689670e-01	7.21414306e-01
3420            	5.46391940e-02	4.75636965e-02	1.55213872e+00	8.30708556e-01	7.21430168e-01
3421            	5.46406264e-02	4.75608943e-02	1.55217320e+00	8.30727228e-01	7.21445976e-01
3422            	5.46419976e-02	4.75580482e-02	1.55220746e+00	8.30745727e-01	7.21461732e-01
3423            	5.46433116e-02	4.75551589e-02	1.55224150e+00	8.30764064e-01	7.21477440e-01
3424            	5.46445675e-02	4.75522250e-02	1.55227535e+00	8.30782241e-01	7.21493106e-01
3425            	5.46457321e-02	4.75492229e-02	1.55230893e+00	8.30800199e-01	7.21508735e-01
3426            	5.46468389e-02	4.75461765e-02	1.55234233e+00	8.30818003e-01	7.21524325e-01
3427            	5.46479041e-02	4.75430964e-02	1.55237557e+00	8.30835690e-01	7.21539882e-01
3428            	5.46489340e-02	4.75399870e-02	1.55240869e+00	8.30853278e-01	7.21555410e-01
3429            	5.46498932e-02	4.75368232e-02	1.55244160e+00	8.30870694e-01	7.21570907e-01
3430            	5.46508146e-02	4.75336295e-02	1.55247438e+00	8.30888005e-01	7.21586376e-01
3431            	5.46517108e-02	4.75304155e-02	1.55250705e+00	8.30905238e-01	7.21601816e-01
3432            	5.46525463e-02	4.75271566e-02	1.55253952e+00	8.30922308e-01	7.21617215e-01
3433            	5.46533537e-02	4.75238758e-02	1.55257185e+00	8.30939280e-01	7.21632573e-01
3434            	5.46541416e-02	4.75205789e-02	1.55260406e+00	8.30956172e-01	7.21647889e-01
3435            	5.46549076e-02	4.75172623e-02	1.55263615e+00	8.30972982e-01	7.21663167e-01
3436            	5.46556046e-02	4.75138899e-02	1.55266800e+00	8.30989605e-01	7.21678396e-01
3437            	5.46562595e-02	4.75104788e-02	1.55269968e+00	8.31006101e-01	7.21693582e-01
3438            	5.46568806e-02	4.75070312e-02	1.55273124e+00	8.31022498e-01	7.21708737e-01
3439            	5.46574675e-02	4.75035482e-02	1.55276265e+00	8.31038791e-01	7.21723856e-01
3440            	5.46579778e-02	4.75000000e-02	1.55279379e+00	8.31054870e-01	7.21738915e-01
3441            	5.46584415e-02	4.74964082e-02	1.55282471e+00	8.31070798e-01	7.21753915e-01
3442            	5.46588695e-02	4.74927777e-02	1.55285547e+00	8.31086604e-01	7.21768865e-01
3443            	5.46592264e-02	4.74890795e-02	1.55288597e+00	8.31102212e-01	7.21783759e-01
3444            	5.46595479e-02	4.74853366e-02	1.55291634e+00	8.31117719e-01	7.21798623e-01
3445            	5.46598478e-02	4.74815560e-02	1.55294666e+00	8.31133177e-01	7.21813482e-01
3446            	5.46601289e-02	4.74777421e-02	1.55297693e+00	8.31148596e-01	7.21828338e-01
3447            	5.46603493e-02	4.74738670e-02	1.55300704e+00	8.31163868e-01	7.21843170e-01
3448            	5.46605373e-02	4.74699559e-02	1.55303701e+00	8.31179042e-01	7.21857967e-01
3449            	5.46607025e-02	4.74660172e-02	1.55306685e+00	8.31194127e-01	7.21872722e-01
3450            	5.46608493e-02	4.74620547e-02	1.55309655e+00	8.31209126e-01	7.21887428e-01
3451            	5.46609422e-02	4.74580379e-02	1.55312603e+00	8.31223956e-01	7.21902072e-01
3452            	5.46610112e-02	4.74539854e-02	1.55315535e+00	8.31238687e-01	7.21916664e-01
3453            	5.46610665e-02	4.74499029e-02	1.55318454e+00	8.31253338e-01	7.21931205e-01
3454            	5.46611104e-02	4.74457896e-02	1.55321361e+00	8.31267917e-01	7.21945696e-01
3455            	5.46611070e-02	4.74416174e-02	1.55324247e+00	8.31282344e-01	7.21960130e-01
3456            	5.46610843e-02	4.74374052e-02	1.55327121e+00	8.31296689e-01	7.21974520e-01
3457            	5.46610531e-02	4.74331603e-02	1.55329986e+00	8.31310983e-01	7.21988877e-01
3458            	5.46610191e-02	4.74288836e-02	1.55332848e+00	8.31325261e-01	7.22003223e-01
3459            	5.46609522e-02	4.74245534e-02	1.55335702e+00	8.31339463e-01	7.22017559e-01
3460            	5.46608807e-02	4.74201961e-02	1.55338552e+00	8.31353642e-01	7.22031881e-01
3461            	5.46603930e-02	4.74157954e-02	1.55341075e+00	8.31365770e-01	7.22044984e-01
3462            	5.46605775e-02	4.74113065e-02	1.55344108e+00	8.31381120e-01	7.22059965e-01
3463            	5.46607342e-02	4.74068321e-02	1.55347123e+00	8.31396350e-01	7.22074881e-01
3464            	5.46608531e-02	4.74025639e-02	1.55349876e+00	8.31410235e-01	7.22088529e-01
3465            	5.46609046e-02	4.73981740e-02	1.55352667e+00	8.31424240e-01	7.22102430e-01
3466            	5.46608796e-02	4.73936827e-02	1.55355484e+00	8.31438298e-01	7.22116539e-01
3467            	5.46608115e-02	4.73891038e-02	1.55358340e+00	8.31452512e-01	7.22130889e-01
3468            	5.46607808e-02	4.73844991e-02	1.55361251e+00	8.31467034e-01	7.22145472e-01
3469            	5.46608177e-02	4.73799083e-02	1.55364210e+00	8.31481866e-01	7.22160231e-01
3470            	5.46609296e-02	4.73753821e-02	1.55367189e+00	8.31496874e-01	7.22175015e-01
3471            	5.46610892e-02	4.73709361e-02	1.55370149e+00	8.31511832e-01	7.22189654e-01
3472            	5.46614631e-02	4.73671983e-02	1.55372713e+00	8.31525026e-01	7.22202100e-01
3473            	5.46618793e-02	4.73633220e-02	1.55375297e+00	8.31538366e-01	7.22214607e-01
3474            	5.46623382e-02	4.73592866e-02	1.55377932e+00	8.31551998e-01	7.22227322e-01
3475            	5.46628102e-02	4.73550930e-02	1.55380623e+00	8.31565926e-01	7.22240305e-01
3476            	5.46632997e-02	4.73507977e-02	1.55383366e+00	8.31580129e-01	7.22253530e-01
3477            	5.46642251e-02	4.73459790e-02	1.55386754e+00	8.31597995e-01	7.22269545e-01
3478            	5.46642308e-02	4.73401883e-02	1.55390503e+00	8.31616743e-01	7.22288282e-01
3479            	5.46643566e-02	4.73351392e-02	1.55394023e+00	8.31634471e-01	7.22305757e-01
3480            	5.46648855e-02	4.73317752e-02	1.55396525e+00	8.31647511e-01	7.22317740e-01
3481            	5.46656095e-02	4.73285100e-02	1.55398993e+00	8.31660576e-01	7.22329357e-01
3482            	5.46665408e-02	4.73251889e-02	1.55401491e+00	8.31673994e-01	7.22340912e-01
3483            	5.46676623e-02	4.73217178e-02	1.55404065e+00	8.31687988e-01	7.22352664e-01
3484            	5.46689407e-02	4.73180443e-02	1.55406756e+00	8.31702722e-01	7.22364840e-01
3485            	5.46703098e-02	4.73141370e-02	1.55409581e+00	8.31718217e-01	7.22377597e-01
3486            	5.46717004e-02	4.73100023e-02	1.55412541e+00	8.31734407e-01	7.22391006e-01
3487            	5.46730719e-02	4.73056865e-02	1.55415629e+00	8.31751218e-01	7.22405074e-01
3488            	5.46743748e-02	4.73012374e-02	1.55418821e+00	8.31768479e-01	7.22419730e-01
3489            	5.46755733e-02	4.72967089e-02	1.55422085e+00	8.31785997e-01	7.22434850e-01
3490            	5.46766691e-02	4.72921699e-02	1.55425389e+00	8.31803615e-01	7.22450277e-01
3491            	5.46777025e-02	4.72876958e-02	1.55428709e+00	8.31821245e-01	7.22465840e-01
3492            	5.46787739e-02	4.72833732e-02	1.55432040e+00	8.31838974e-01	7.22481426e-01
3493            	5.46799402e-02	4.72792526e-02	1.55435365e+00	8.31856767e-01	7.22496886e-01
3494            	5.46812481e-02	4.72753587e-02	1.55438672e+00	8.31874610e-01	7.22512114e-01
3495            	5.46827360e-02	4.72716969e-02	1.55441956e+00	8.31892514e-01	7.22527042e-01
3496            	5.46844313e-02	4.72682570e-02	1.55445215e+00	8.31910504e-01	7.22541641e-01
3497            	5.46863890e-02	4.72650398e-02	1.55448467e+00	8.31928726e-01	7.22555948e-01
3498            	5.46885789e-02	4.72619958e-02	1.55451709e+00	8.31947125e-01	7.22569968e-01
3499            	5.46909496e-02	4.72590620e-02	1.55454936e+00	8.31965628e-01	7.22583728e-01
3500            	5.46934541e-02	4.72561811e-02	1.55458146e+00	8.31984184e-01	7.22597276e-01
3501            	5.46960553e-02	4.72533071e-02	1.55461344e+00	8.32002776e-01	7.22610666e-01
3502            	5.46987761e-02	4.72504354e-02	1.55464554e+00	8.32021546e-01	7.22623994e-01
3503            	5.47005693e-02	4.72463742e-02	1.55468005e+00	8.32040597e-01	7.22639458e-01
3504            	5.47038863e-02	4.72424511e-02	1.55472365e+00	8.32065710e-01	7.22657938e-01
3505            	5.47071584e-02	4.72389676e-02	1.55476496e+00	8.32089638e-01	7.22675322e-01
3506            	5.47098330e-02	4.72359981e-02	1.55479878e+00	8.32109221e-01	7.22689555e-01
3507            	5.47129311e-02	4.72336206e-02	1.55483074e+00	8.32128302e-01	7.22702440e-01
3508            	5.47158480e-02	4.72313977e-02	1.55485965e+00	8.32145672e-01	7.22713976e-01
3509            	5.47184606e-02	4.72289970e-02	1.55488657e+00	8.32161743e-01	7.22724822e-01
3510            	5.47208448e-02	4.72262673e-02	1.55491290e+00	8.32177296e-01	7.22735606e-01
3511            	5.47231660e-02	4.72232023e-02	1.55493998e+00	8.32193154e-01	7.22746822e-01
3512            	5.47256461e-02	4.72199213e-02	1.55496895e+00	8.32210120e-01	7.22758828e-01
3513            	5.47283600e-02	4.72165423e-02	1.55500020e+00	8.32228458e-01	7.22771738e-01
3514            	5.47312479e-02	4.72131635e-02	1.55503341e+00	8.32247955e-01	7.22785460e-01
3515            	5.47339716e-02	4.72103225e-02	1.55506408e+00	8.32266011e-01	7.22798068e-01
3516            	5.47371051e-02	4.72070879e-02	1.55510016e+00	8.32287184e-01	7.22812974e-01
3517            	5.47400962e-02	4.72038771e-02	1.55513691e+00	8.32308552e-01	7.22828359e-01
3518            	5.47429605e-02	4.72008407e-02	1.55517340e+00	8.32329659e-01	7.22843737e-01
3519            	5.47457941e-02	4.71980693e-02	1.55520920e+00	8.32350395e-01	7.22858807e-01
3520            	5.47486723e-02	4.71955562e-02	1.55524432e+00	8.32370830e-01	7.22873485e-01
3521            	5.47516511e-02	4.71932479e-02	1.55527900e+00	8.32391150e-01	7.22887848e-01
3522            	5.47548261e-02	4.71911245e-02	1.55531376e+00	8.32411704e-01	7.22902052e-01
3523            	5.47581864e-02	4.71891202e-02	1.55534876e+00	8.32432566e-01	7.22916193e-01
3524            	5.47616979e-02	4.71871835e-02	1.55538403e+00	8.32453711e-01	7.22930316e-01
3525            	5.47653127e-02	4.71852812e-02	1.55541943e+00	8.32475026e-01	7.22944400e-01
3526            	5.47689755e-02	4.71833886e-02	1.55545475e+00	8.32496350e-01	7.22958399e-01
3527            	5.47726879e-02	4.71815226e-02	1.55548997e+00	8.32517674e-01	7.22972298e-01
3528            	5.47763660e-02	4.71796352e-02	1.55552488e+00	8.32538806e-01	7.22986074e-01
3529            	5.47802528e-02	4.71776299e-02	1.55556245e+00	8.32561476e-01	7.23000971e-01
3530            	5.47838981e-02	4.71756147e-02	1.55559849e+00	8.32583143e-01	7.23015346e-01
3531            	5.47873397e-02	4.71735496e-02	1.55563352e+00	8.32604100e-01	7.23029421e-01
3532            	5.47906191e-02	4.71714757e-02	1.55566754e+00	8.32624390e-01	7.23043152e-01
3533            	5.47937112e-02	4.71693670e-02	1.55570048e+00	8.32643949e-01	7.23056527e-01
3534            	5.47966260e-02	4.71671887e-02	1.55573257e+00	8.32662909e-01	7.23069657e-01
3535            	5.47994013e-02	4.71649211e-02	1.55576421e+00	8.32681506e-01	7.23082703e-01
3536            	5.48020939e-02	4.71625650e-02	1.55579586e+00	8.32700023e-01	7.23095835e-01
3537            	5.48048229e-02	4.71601876e-02	1.55582801e+00	8.32718829e-01	7.23109184e-01
3538            	5.48076160e-02	4.71577981e-02	1.55586093e+00	8.32738083e-01	7.23122851e-01
3539            	5.48104846e-02	4.71554132e-02	1.55589470e+00	8.32757836e-01	7.23136866e-01
3540            	5.48138603e-02	4.71527907e-02	1.55593345e+00	8.32780584e-01	7.23152863e-01
3541            	5.48168433e-02	4.71506389e-02	1.55596790e+00	8.32800792e-01	7.23167105e-01
3542            	5.48199326e-02	4.71486252e-02	1.55600254e+00	8.32821204e-01	7.23181339e-01
3543            	5.48230958e-02	4.71466960e-02	1.55603734e+00	8.32841765e-01	7.23195574e-01
3544            	5.48262926e-02	4.71448032e-02	1.55607220e+00	8.32862394e-01	7.23209808e-01
3545            	5.48294903e-02	4.71429150e-02	1.55610705e+00	8.32883015e-01	7.23224034e-01
3546            	5.48326644e-02	4.71410173e-02	1.55614179e+00	8.32903558e-01	7.23238230e-01
3547            	5.48358566e-02	4.71391509e-02	1.55617647e+00	8.32924090e-01	7.23252377e-01
3548            	5.48390260e-02	4.71372932e-02	1.55621098e+00	8.32944516e-01	7.23266464e-01
3549            	5.48421362e-02	4.71354198e-02	1.55624525e+00	8.32964763e-01	7.23280491e-01
3550            	5.48451637e-02	4.71335116e-02	1.55627926e+00	8.32984794e-01	7.23294467e-01
3551            	5.48480973e-02	4.71315564e-02	1.55631301e+00	8.33004601e-01	7.23308406e-01
3552            	5.48509925e-02	4.71295920e-02	1.55634665e+00	8.33024316e-01	7.23322331e-01
3553            	5.48538285e-02	4.71276026e-02	1.55638015e+00	8.33043902e-01	7.23336245e-01
3554            	5.48565854e-02	4.71255727e-02	1.55641347e+00	8.33063320e-01	7.23350149e-01
3555            	5.48592525e-02	4.71234935e-02	1.55644658e+00	8.33082544e-01	7.23364039e-01
3556            	5.48618283e-02	4.71213630e-02	1.55647948e+00	8.33101570e-01	7.23377913e-01
3557            	5.48643711e-02	4.71192255e-02	1.55651229e+00	8.33120518e-01	7.23391776e-01
3558            	5.48668730e-02	4.71170765e-02	1.55654498e+00	8.33139365e-01	7.23405619e-01
3559            	5.48693258e-02	4.71149087e-02	1.55657753e+00	8.33158092e-01	7.23419441e-01
3560            	5.48717287e-02	4.71127202e-02	1.55660994e+00	8.33176700e-01	7.23433242e-01
3561            	5.48740861e-02	4.71105132e-02	1.55664222e+00	8.33195195e-01	7.23447023e-01
3562            	5.48764531e-02	4.71083301e-02	1.55667449e+00	8.33213699e-01	7.23460793e-01
3563            	5.48788244e-02	4.71061686e-02	1.55670674e+00	8.33232195e-01	7.23474547e-01
3564            	5.48811875e-02	4.71040189e-02	1.55673894e+00	8.33250659e-01	7.23488284e-01
3565            	5.48835323e-02	4.71018726e-02	1.55677107e+00	8.33269069e-01	7.23502005e-01
3566            	5.48858506e-02	4.70997228e-02	1.55680313e+00	8.33287414e-01	7.23515712e-01
3567            	5.48881780e-02	4.70975981e-02	1.55683519e+00	8.33305775e-01	7.23529419e-01
3568            	5.48905001e-02	4.70954889e-02	1.55686723e+00	8.33324117e-01	7.23543117e-01
3569            	5.48927983e-02	4.70933820e-02	1.55689920e+00	8.33342398e-01	7.23556802e-01
3570            	5.48950608e-02	4.70912688e-02	1.55693106e+00	8.33360590e-01	7.23570469e-01
3571            	5.48972777e-02	4.70891421e-02	1.55696278e+00	8.33378670e-01	7.23584115e-01
3572            	5.48994759e-02	4.70870256e-02	1.55699444e+00	8.33396698e-01	7.23597746e-01
3573            	5.49016480e-02	4.70849123e-02	1.55702601e+00	8.33414654e-01	7.23611358e-01
3574            	5.49037823e-02	4.70827919e-02	1.55705746e+00	8.33432512e-01	7.23624947e-01
3575            	5.49058717e-02	4.70806577e-02	1.55708876e+00	8.33450254e-01	7.23638511e-01
3576            	5.49079094e-02	4.70785031e-02	1.55711991e+00	8.33467864e-01	7.23652045e-01
3577            	5.49099178e-02	4.70763484e-02	1.55715095e+00	8.33485393e-01	7.23665558e-01
3578            	5.49118968e-02	4.70741913e-02	1.55718188e+00	8.33502835e-01	7.23679042e-01
3579            	5.49138390e-02	4.70720233e-02	1.55721266e+00	8.33520171e-01	7.23692493e-01
3580            	5.49157368e-02	4.70698359e-02	1.55724329e+00	8.33537384e-01	7.23705910e-01
3581            	5.49175829e-02	4.70676215e-02	1.55727375e+00	8.33554459e-01	7.23719294e-01
3582            	5.49193917e-02	4.70653952e-02	1.55730409e+00	8.33571438e-01	7.23732654e-01
3583            	5.49211701e-02	4.70631611e-02	1.55733431e+00	8.33588323e-01	7.23745983e-01
3584            	5.49229176e-02	4.70609180e-02	1.55736438e+00	8.33605108e-01	7.23759273e-01
3585            	5.49246338e-02	4.70586648e-02	1.55739431e+00	8.33621790e-01	7.23772523e-01
3586            	5.49263153e-02	4.70563991e-02	1.55742410e+00	8.33638364e-01	7.23785733e-01
3587            	5.49279685e-02	4.70541315e-02	1.55745377e+00	8.33654853e-01	7.23798916e-01
3588            	5.49296078e-02	4.70518713e-02	1.55748335e+00	8.33671284e-01	7.23812068e-01
3589            	5.49312375e-02	4.70496207e-02	1.55751286e+00	8.33687666e-01	7.23825191e-01
3590            	5.49328567e-02	4.70473795e-02	1.55754228e+00	8.33703996e-01	7.23838282e-01
3591            	5.49344587e-02	4.70451428e-02	1.55757160e+00	8.33720259e-01	7.23851342e-01
3592            	5.49360330e-02	4.70429079e-02	1.55760082e+00	8.33736445e-01	7.23864379e-01
3593            	5.49375921e-02	4.70406811e-02	1.55762997e+00	8.33752576e-01	7.23877391e-01
3594            	5.49391362e-02	4.70384591e-02	1.55765903e+00	8.33768651e-01	7.23890378e-01
3595            	5.49406613e-02	4.70362364e-02	1.55768801e+00	8.33784666e-01	7.23903343e-01
3596            	5.49421573e-02	4.70340045e-02	1.55771689e+00	8.33800603e-01	7.23916288e-01
3597            	5.49436035e-02	4.70317526e-02	1.55774565e+00	8.33816427e-01	7.23929220e-01
3598            	5.49450171e-02	4.70294926e-02	1.55777429e+00	8.33832162e-01	7.23942128e-01
3599            	5.49464018e-02	4.70272252e-02	1.55780282e+00	8.33847812e-01	7.23955009e-01
3600            	5.49477556e-02	4.70249471e-02	1.55783123e+00	8.33863372e-01	7.23967861e-01
3601            	5.49490698e-02	4.70226508e-02	1.55785950e+00	8.33878822e-01	7.23980682e-01
3602            	5.49503341e-02	4.70203268e-02	1.55788762e+00	8.33894143e-01	7.23993475e-01
3603            	5.49515193e-02	4.70179570e-02	1.55791551e+00	8.33909272e-01	7.24006234e-01
3604            	5.49526558e-02	4.70155611e-02	1.55794322e+00	8.33924266e-01	7.24018955e-01
3605            	5.49537596e-02	4.70131478e-02	1.55797079e+00	8.33939155e-01	7.24031636e-01
3606            	5.49548379e-02	4.70107197e-02	1.55799824e+00	8.33953956e-01	7.24044281e-01
3607            	5.49558871e-02	4.70082728e-02	1.55802556e+00	8.33968668e-01	7.24056894e-01
3608            	5.49568725e-02	4.70057843e-02	1.55805268e+00	8.33983214e-01	7.24069469e-01
3609            	5.49578222e-02	4.70032731e-02	1.55807966e+00	8.33997654e-01	7.24082010e-01
3610            	5.49587446e-02	4.70007449e-02	1.55810653e+00	8.34012009e-01	7.24094520e-01
3611            	5.49596368e-02	4.69981976e-02	1.55813328e+00	8.34026276e-01	7.24107003e-01
3612            	5.49604843e-02	4.69956225e-02	1.55815988e+00	8.34040422e-01	7.24119453e-01
3613            	5.49612393e-02	4.69929878e-02	1.55818618e+00	8.34054330e-01	7.24131851e-01
3614            	5.49619234e-02	4.69903090e-02	1.55821223e+00	8.34068039e-01	7.24144192e-01
3615            	5.49625417e-02	4.69875886e-02	1.55823803e+00	8.34081558e-01	7.24156475e-01
3616            	5.49630923e-02	4.69848242e-02	1.55826359e+00	8.34094885e-01	7.24168701e-01
3617            	5.49635672e-02	4.69820080e-02	1.55828889e+00	8.34108013e-01	7.24180878e-01
3618            	5.49639226e-02	4.69791078e-02	1.55831382e+00	8.34120834e-01	7.24192988e-01
3619            	5.49641842e-02	4.69761443e-02	1.55833841e+00	8.34133391e-01	7.24205023e-01
3620            	5.49643648e-02	4.69731235e-02	1.55836270e+00	8.34145715e-01	7.24216986e-01
3621            	5.49644734e-02	4.69700474e-02	1.55838671e+00	8.34157828e-01	7.24228881e-01
3622            	5.49645181e-02	4.69669119e-02	1.55841050e+00	8.34169766e-01	7.24240730e-01
3623            	5.49644726e-02	4.69636852e-02	1.55843405e+00	8.34181495e-01	7.24252550e-01
3624            	5.49634263e-02	4.69600834e-02	1.55845309e+00	8.34189969e-01	7.24263116e-01
3625            	5.49638877e-02	4.69565935e-02	1.55848110e+00	8.34204437e-01	7.24276661e-01
3626            	5.49643129e-02	4.69532099e-02	1.55850877e+00	8.34218697e-01	7.24290071e-01
3627            	5.49645830e-02	4.69499510e-02	1.55853530e+00	8.34232233e-01	7.24303066e-01
3628            	5.49646231e-02	4.69467592e-02	1.55856029e+00	8.34244766e-01	7.24315520e-01
3629            	5.49644629e-02	4.69436053e-02	1.55858368e+00	8.34256301e-01	7.24327376e-01
3630            	5.49634985e-02	4.69402151e-02	1.55860217e+00	8.34264585e-01	7.24337588e-01
3631            	5.49633040e-02	4.69368015e-02	1.55862568e+00	8.34276143e-01	7.24349535e-01
3632            	5.49629963e-02	4.69333075e-02	1.55864830e+00	8.34287144e-01	7.24361151e-01
3633            	5.49625120e-02	4.69296956e-02	1.55866980e+00	8.34297414e-01	7.24372390e-01
3634            	5.49624430e-02	4.69264267e-02	1.55868965e+00	8.34307269e-01	7.24382383e-01
3635            	5.49615703e-02	4.69221072e-02	1.55871212e+00	8.34317629e-01	7.24394489e-01
3636            	5.49606237e-02	4.69177729e-02	1.55873425e+00	8.34327747e-01	7.24406499e-01
3637            	5.49596462e-02	4.69135342e-02	1.55875564e+00	8.34337465e-01	7.24418172e-01
3638            	5.49581137e-02	4.69093407e-02	1.55877284e+00	8.34344535e-01	7.24428307e-01
3639            	5.49571197e-02	4.69048980e-02	1.55879557e+00	8.34354906e-01	7.24440666e-01
3640            	5.49568544e-02	4.69012520e-02	1.55881652e+00	8.34365115e-01	7.24451406e-01
3641            	5.49558457e-02	4.68967054e-02	1.55884013e+00	8.34375913e-01	7.24464221e-01
3642            	5.49548621e-02	4.68923361e-02	1.55886316e+00	8.34386444e-01	7.24476719e-01
3643            	5.49539022e-02	4.68881377e-02	1.55888541e+00	8.34396606e-01	7.24488801e-01
3644            	5.49530223e-02	4.68841025e-02	1.55890697e+00	8.34406508e-01	7.24500463e-01
3645            	5.49522558e-02	4.68801884e-02	1.55892802e+00	8.34416266e-01	7.24511755e-01
3646            	5.49516148e-02	4.68763477e-02	1.55894867e+00	8.34425949e-01	7.24522720e-01
3647            	5.49508188e-02	4.68726511e-02	1.55896607e+00	8.34433855e-01	7.24532218e-01
3648            	5.49501603e-02	4.68683478e-02	1.55898792e+00	8.34444119e-01	7.24543798e-01
3649            	5.49494524e-02	4.68639945e-02	1.55900941e+00	8.34454155e-01	7.24555250e-01
3650            	5.49495021e-02	4.68603663e-02	1.55902966e+00	8.34464332e-01	7.24565328e-01
3651            	5.49485950e-02	4.68555386e-02	1.55905249e+00	8.34474840e-01	7.24577649e-01
3652            	5.49476985e-02	4.68508613e-02	1.55907470e+00	8.34485049e-01	7.24589652e-01
3653            	5.49464599e-02	4.68465125e-02	1.55909261e+00	8.34492764e-01	7.24599844e-01
3654            	5.49454099e-02	4.68416303e-02	1.55911563e+00	8.34503227e-01	7.24612408e-01
3655            	5.49444168e-02	4.68369894e-02	1.55913779e+00	8.34513312e-01	7.24624479e-01
3656            	5.49444144e-02	4.68333683e-02	1.55915827e+00	8.34523552e-01	7.24634723e-01
3657            	5.49435442e-02	4.68287295e-02	1.55918093e+00	8.34534008e-01	7.24646920e-01
3658            	5.49428667e-02	4.68243459e-02	1.55920296e+00	8.34544344e-01	7.24658611e-01
3659            	5.49421140e-02	4.68203509e-02	1.55922111e+00	8.34552667e-01	7.24668439e-01
3660            	5.49416051e-02	4.68159348e-02	1.55924365e+00	8.34563428e-01	7.24680218e-01
3661            	5.49412752e-02	4.68117512e-02	1.55926545e+00	8.34574000e-01	7.24691450e-01
3662            	5.49419901e-02	4.68084824e-02	1.55928622e+00	8.34585100e-01	7.24701120e-01
3663            	5.49417469e-02	4.68040399e-02	1.55930922e+00	8.34596357e-01	7.24712863e-01
3664            	5.49416260e-02	4.67997539e-02	1.55933195e+00	8.34607601e-01	7.24724349e-01
3665            	5.49416360e-02	4.67956643e-02	1.55935420e+00	8.34618736e-01	7.24735464e-01
3666            	5.49417520e-02	4.67917315e-02	1.55937601e+00	8.34629755e-01	7.24746251e-01
3667            	5.49415840e-02	4.67879576e-02	1.55939451e+00	8.34638838e-01	7.24755670e-01
3668            	5.49419417e-02	4.67837969e-02	1.55941862e+00	8.34651249e-01	7.24767366e-01
3669            	5.49423820e-02	4.67797429e-02	1.55944273e+00	8.34663748e-01	7.24778984e-01
3670            	5.49428800e-02	4.67758279e-02	1.55946659e+00	8.34676177e-01	7.24790417e-01
3671            	5.49434231e-02	4.67720454e-02	1.55949011e+00	8.34688478e-01	7.24801632e-01
3672            	5.49440038e-02	4.67683583e-02	1.55951333e+00	8.34700668e-01	7.24812660e-01
3673            	5.49446317e-02	4.67647323e-02	1.55953639e+00	8.34712827e-01	7.24823563e-01
3674            	5.49453278e-02	4.67611417e-02	1.55955949e+00	8.34725073e-01	7.24834418e-01
3675            	5.49461172e-02	4.67575751e-02	1.55958283e+00	8.34737530e-01	7.24845296e-01
3676            	5.49470427e-02	4.67540512e-02	1.55960660e+00	8.34750342e-01	7.24856256e-01
3677            	5.49481060e-02	4.67505689e-02	1.55963088e+00	8.34763546e-01	7.24867334e-01
3678            	5.49492874e-02	4.67471226e-02	1.55965565e+00	8.34777111e-01	7.24878536e-01
3679            	5.49505631e-02	4.67437117e-02	1.55968082e+00	8.34790971e-01	7.24889845e-01
3680            	5.49519148e-02	4.67403419e-02	1.55970629e+00	8.34805060e-01	7.24901230e-01
3681            	5.49533316e-02	4.67370214e-02	1.55973198e+00	8.34819319e-01	7.24912656e-01
3682            	5.49548447e-02	4.67337823e-02	1.55975791e+00	8.34833801e-01	7.24924111e-01
3683            	5.49564388e-02	4.67306238e-02	1.55978399e+00	8.34848434e-01	7.24935556e-01
3684            	5.49580972e-02	4.67275372e-02	1.55981011e+00	8.34863153e-01	7.24946958e-01
3685            	5.49598134e-02	4.67245159e-02	1.55983622e+00	8.34877925e-01	7.24958298e-01
3686            	5.49615915e-02	4.67215569e-02	1.55986232e+00	8.34892750e-01	7.24969567e-01
3687            	5.49634433e-02	4.67186621e-02	1.55988842e+00	8.34907653e-01	7.24980766e-01
3688            	5.49654313e-02	4.67158677e-02	1.55991473e+00	8.34922794e-01	7.24991932e-01
3689            	5.49675337e-02	4.67131557e-02	1.55994120e+00	8.34938133e-01	7.25003066e-01
3690            	5.49702270e-02	4.67103233e-02	1.55997157e+00	8.34956012e-01	7.25015558e-01
3691            	5.49725362e-02	4.67073604e-02	1.56000081e+00	8.34972940e-01	7.25027868e-01
3692            	5.49744230e-02	4.67043267e-02	1.56002846e+00	8.34988654e-01	7.25039808e-01
3693            	5.49764620e-02	4.67020151e-02	1.56005300e+00	8.35002961e-01	7.25050037e-01
3694            	5.49787221e-02	4.66999015e-02	1.56007733e+00	8.35017389e-01	7.25059944e-01
3695            	5.49811997e-02	4.66978660e-02	1.56010204e+00	8.35032217e-01	7.25069818e-01
3696            	5.49838516e-02	4.66958144e-02	1.56012745e+00	8.35047578e-01	7.25079875e-01
3697            	5.49862238e-02	4.66930760e-02	1.56015511e+00	8.35063777e-01	7.25091330e-01
3698            	5.49889022e-02	4.66904284e-02	1.56018411e+00	8.35080958e-01	7.25103154e-01
3699            	5.49918816e-02	4.66879708e-02	1.56021414e+00	8.35098950e-01	7.25115187e-01
3700            	5.49950112e-02	4.66857518e-02	1.56024434e+00	8.35117179e-01	7.25127156e-01
3701            	5.49980212e-02	4.66836416e-02	1.56027388e+00	8.35134963e-01	7.25138920e-01
3702            	5.50008192e-02	4.66815593e-02	1.56030257e+00	8.35152102e-01	7.25150464e-01
3703            	5.50034579e-02	4.66795045e-02	1.56033049e+00	8.35168701e-01	7.25161785e-01
3704            	5.50060103e-02	4.66778487e-02	1.56035566e+00	8.35183842e-01	7.25171822e-01
3705            	5.50085661e-02	4.66757663e-02	1.56038307e+00	8.35200100e-01	7.25182968e-01
3706            	5.50113769e-02	4.66738065e-02	1.56041126e+00	8.35217009e-01	7.25194256e-01
3707            	5.50144157e-02	4.66719808e-02	1.56044012e+00	8.35234474e-01	7.25205643e-01
3708            	5.50175734e-02	4.66702545e-02	1.56046928e+00	8.35252215e-01	7.25217068e-01
3709            	5.50207435e-02	4.66685765e-02	1.56049848e+00	8.35269983e-01	7.25228496e-01
3710            	5.50235742e-02	4.66671391e-02	1.56052461e+00	8.35285880e-01	7.25238732e-01
3711            	5.50266698e-02	4.66653882e-02	1.56055387e+00	8.35303606e-01	7.25250266e-01
3712            	5.50297829e-02	4.66636585e-02	1.56058342e+00	8.35321491e-01	7.25261925e-01
3713            	5.50328814e-02	4.66619593e-02	1.56061304e+00	8.35339402e-01	7.25273639e-01
3714            	5.50356602e-02	4.66605274e-02	1.56063963e+00	8.35355475e-01	7.25284155e-01
3715            	5.50387075e-02	4.66587937e-02	1.56066941e+00	8.35373412e-01	7.25295997e-01
3716            	5.50417381e-02	4.66570762e-02	1.56069928e+00	8.35391377e-01	7.25307900e-01
3717            	5.50444971e-02	4.66556704e-02	1.56072613e+00	8.35407562e-01	7.25318568e-01
3718            	5.50476067e-02	4.66540268e-02	1.56075633e+00	8.35425770e-01	7.25330557e-01
3719            	5.50507136e-02	4.66524291e-02	1.56078653e+00	8.35443977e-01	7.25342549e-01
3720            	5.50534363e-02	4.66510778e-02	1.56081334e+00	8.35460108e-01	7.25353236e-01
3721            	5.50564836e-02	4.66494772e-02	1.56084334e+00	8.35478153e-01	7.25365186e-01
3722            	5.50595184e-02	4.66479152e-02	1.56087321e+00	8.35496125e-01	7.25377088e-01
3723            	5.50622223e-02	4.66466325e-02	1.56089980e+00	8.35512121e-01	7.25387677e-01
3724            	5.50653452e-02	4.66451614e-02	1.56092973e+00	8.35530209e-01	7.25399518e-01
3725            	5.50684808e-02	4.66437392e-02	1.56095961e+00	8.35548288e-01	7.25411326e-01
3726            	5.50711608e-02	4.66425024e-02	1.56098600e+00	8.35564163e-01	7.25421841e-01
3727            	5.50742325e-02	4.66410509e-02	1.56101570e+00	8.35582080e-01	7.25433615e-01
3728            	5.50768126e-02	4.66397449e-02	1.56104194e+00	8.35597783e-01	7.25444158e-01
3729            	5.50798862e-02	4.66382826e-02	1.56107184e+00	8.35615805e-01	7.25456033e-01
3730            	5.50829799e-02	4.66368851e-02	1.56110180e+00	8.35633881e-01	7.25467921e-01
3731            	5.50855672e-02	4.66356628e-02	1.56112820e+00	8.35649666e-01	7.25478532e-01
3732            	5.50885880e-02	4.66342770e-02	1.56115801e+00	8.35667593e-01	7.25490417e-01
3733            	5.50910660e-02	4.66330219e-02	1.56118423e+00	8.35683183e-01	7.25501051e-01
3734            	5.50940557e-02	4.66316450e-02	1.56121413e+00	8.35701120e-01	7.25513009e-01
3735            	5.50965376e-02	4.66304231e-02	1.56124052e+00	8.35716798e-01	7.25523722e-01
3736            	5.50995098e-02	4.66290672e-02	1.56127053e+00	8.35734774e-01	7.25535754e-01
3737            	5.51019275e-02	4.66278377e-02	1.56129688e+00	8.35750368e-01	7.25546513e-01
3738            	5.51048339e-02	4.66264742e-02	1.56132682e+00	8.35768244e-01	7.25558576e-01
3739            	5.51072222e-02	4.66252680e-02	1.56135314e+00	8.35783792e-01	7.25569347e-01
3740            	5.51101557e-02	4.66239760e-02	1.56138312e+00	8.35801715e-01	7.25581404e-01
3741            	5.51125176e-02	4.66227996e-02	1.56140932e+00	8.35817179e-01	7.25592144e-01
3742            	5.51154039e-02	4.66215222e-02	1.56143909e+00	8.35834951e-01	7.25604143e-01
3743            	5.51176748e-02	4.66203241e-02	1.56146498e+00	8.35850163e-01	7.25614813e-01
3744            	5.51205144e-02	4.66190593e-02	1.56149451e+00	8.35867768e-01	7.25626739e-01
3745            	5.51227594e-02	4.66178864e-02	1.56152023e+00	8.35882872e-01	7.25637353e-01
3746            	5.51255457e-02	4.66166282e-02	1.56154950e+00	8.35900297e-01	7.25649206e-01
3747            	5.51276901e-02	4.66154191e-02	1.56157490e+00	8.35915141e-01	7.25659761e-01
3748            	5.51303546e-02	4.66141088e-02	1.56160382e+00	8.35932263e-01	7.25671554e-01
3749            	5.51323575e-02	4.66128311e-02	1.56162883e+00	8.35946775e-01	7.25682060e-01
3750            	5.51349202e-02	4.66114917e-02	1.56165746e+00	8.35963652e-01	7.25693812e-01
3751            	5.51368607e-02	4.66102147e-02	1.56168232e+00	8.35978022e-01	7.25704301e-01
3752            	5.51393509e-02	4.66088772e-02	1.56171072e+00	8.35994712e-01	7.25716010e-01
3753            	5.51412033e-02	4.66075825e-02	1.56173534e+00	8.36008871e-01	7.25726465e-01
3754            	5.51435948e-02	4.66062226e-02	1.56176345e+00	8.36025322e-01	7.25738132e-01
3755            	5.51459923e-02	4.66049364e-02	1.56179150e+00	8.36041743e-01	7.25749758e-01
3756            	5.51477548e-02	4.66037016e-02	1.56181570e+00	8.36055605e-01	7.25760095e-01
3757            	5.51500596e-02	4.66024425e-02	1.56184322e+00	8.36071668e-01	7.25771549e-01
3758            	5.51517153e-02	4.66011787e-02	1.56186698e+00	8.36085204e-01	7.25781773e-01
3759            	5.51538906e-02	4.65998511e-02	1.56189408e+00	8.36100931e-01	7.25793149e-01
3760            	5.51554401e-02	4.65985176e-02	1.56191762e+00	8.36114248e-01	7.25803367e-01
3761            	5.51575442e-02	4.65971508e-02	1.56194461e+00	8.36129852e-01	7.25814763e-01
3762            	5.51590383e-02	4.65957823e-02	1.56196812e+00	8.36143099e-01	7.25825022e-01
3763            	5.51610921e-02	4.65943954e-02	1.56199508e+00	8.36158633e-01	7.25836449e-01
3764            	5.51631560e-02	4.65930576e-02	1.56202210e+00	8.36174204e-01	7.25847892e-01
3765            	5.51645753e-02	4.65917088e-02	1.56204543e+00	8.36187289e-01	7.25858138e-01
3766            	5.51665178e-02	4.65903738e-02	1.56207190e+00	8.36202468e-01	7.25869432e-01
3767            	5.51678558e-02	4.65890198e-02	1.56209491e+00	8.36215310e-01	7.25879599e-01
3768            	5.51697302e-02	4.65876753e-02	1.56212107e+00	8.36230267e-01	7.25890806e-01
3769            	5.51710141e-02	4.65862902e-02	1.56214391e+00	8.36242968e-01	7.25900940e-01
3770            	5.51728112e-02	4.65848993e-02	1.56216985e+00	8.36257737e-01	7.25912114e-01
3771            	5.51740104e-02	4.65834514e-02	1.56219252e+00	8.36270271e-01	7.25922250e-01
3772            	5.51756769e-02	4.65819918e-02	1.56221815e+00	8.36284753e-01	7.25933399e-01
3773            	5.51767744e-02	4.65804955e-02	1.56224063e+00	8.36297089e-01	7.25943540e-01
3774            	5.51783452e-02	4.65790105e-02	1.56226597e+00	8.36311332e-01	7.25954641e-01
3775            	5.51793784e-02	4.65774923e-02	1.56228830e+00	8.36323529e-01	7.25964772e-01
3776            	5.51808534e-02	4.65759780e-02	1.56231335e+00	8.36337526e-01	7.25975819e-01
3777            	5.51818026e-02	4.65744205e-02	1.56233550e+00	8.36349554e-01	7.25985949e-01
3778            	5.51826296e-02	4.65728085e-02	1.56235704e+00	8.36361150e-01	7.25995891e-01
3779            	5.51838898e-02	4.65711770e-02	1.56238134e+00	8.36374559e-01	7.26006779e-01
3780            	5.51846961e-02	4.65695123e-02	1.56240310e+00	8.36386246e-01	7.26016854e-01
3781            	5.51858820e-02	4.65678370e-02	1.56242734e+00	8.36399552e-01	7.26027788e-01
3782            	5.51866005e-02	4.65661241e-02	1.56244901e+00	8.36411103e-01	7.26037902e-01
3783            	5.51871494e-02	4.65643338e-02	1.56246989e+00	8.36422096e-01	7.26047798e-01
3784            	5.51880176e-02	4.65624894e-02	1.56249310e+00	8.36434570e-01	7.26058534e-01
3785            	5.51884919e-02	4.65606206e-02	1.56251407e+00	8.36445526e-01	7.26068543e-01
3786            	5.51892444e-02	4.65587174e-02	1.56253703e+00	8.36457758e-01	7.26079269e-01
3787            	5.51895945e-02	4.65567862e-02	1.56255764e+00	8.36468416e-01	7.26089227e-01
3788            	5.51897658e-02	4.65547706e-02	1.56257733e+00	8.36478433e-01	7.26098901e-01
3789            	5.51901359e-02	4.65526432e-02	1.56259886e+00	8.36489568e-01	7.26109296e-01
3790            	5.51901776e-02	4.65504901e-02	1.56261842e+00	8.36499388e-01	7.26119033e-01
3791            	5.51903803e-02	4.65482303e-02	1.56263962e+00	8.36510192e-01	7.26129431e-01
3792            	5.51902626e-02	4.65459598e-02	1.56265882e+00	8.36519674e-01	7.26139149e-01
3793            	5.51902056e-02	4.65435372e-02	1.56267929e+00	8.36529851e-01	7.26149440e-01
3794            	5.51898672e-02	4.65411216e-02	1.56269780e+00	8.36538769e-01	7.26159035e-01
3795            	5.51896214e-02	4.65385655e-02	1.56271766e+00	8.36548451e-01	7.26169208e-01
3796            	5.51890935e-02	4.65359936e-02	1.56273540e+00	8.36556794e-01	7.26178607e-01
3797            	5.51884491e-02	4.65333396e-02	1.56275231e+00	8.36564605e-01	7.26187707e-01
3798            	5.51876060e-02	4.65305445e-02	1.56276812e+00	8.36571664e-01	7.26196452e-01
3799            	5.51865874e-02	4.65275952e-02	1.56278315e+00	8.36578161e-01	7.26204986e-01
3800            	5.51846761e-02	4.65242455e-02	1.56279455e+00	8.36581953e-01	7.26212601e-01
3801            	5.51836736e-02	4.65203728e-02	1.56281625e+00	8.36591798e-01	7.26224451e-01
3802            	5.51827868e-02	4.65171219e-02	1.56283450e+00	8.36600037e-01	7.26234463e-01
3803            	5.51825809e-02	4.65145759e-02	1.56285131e+00	8.36608238e-01	7.26243076e-01
3804            	5.51813382e-02	4.65109464e-02	1.56287093e+00	8.36616802e-01	7.26254125e-01
3805            	5.51800076e-02	4.65075023e-02	1.56288937e+00	8.36624694e-01	7.26264679e-01
3806            	5.51793812e-02	4.65047484e-02	1.56290632e+00	8.36632540e-01	7.26273778e-01
3807            	5.51780722e-02	4.65013094e-02	1.56292498e+00	8.36640564e-01	7.26284420e-01
3808            	5.51760398e-02	4.64979069e-02	1.56293790e+00	8.36644991e-01	7.26292912e-01
3809            	5.51746172e-02	4.64940722e-02	1.56295955e+00	8.36654394e-01	7.26305159e-01
3810            	5.51734182e-02	4.64908628e-02	1.56297668e+00	8.36661758e-01	7.26314921e-01
3811            	5.51731257e-02	4.64884098e-02	1.56299189e+00	8.36669071e-01	7.26322819e-01
3812            	5.51715316e-02	4.64846427e-02	1.56300811e+00	8.36675586e-01	7.26332523e-01
3813            	5.51697077e-02	4.64807518e-02	1.56302265e+00	8.36681032e-01	7.26341616e-01
3814            	5.51677430e-02	4.64767964e-02	1.56303572e+00	8.36685604e-01	7.26350118e-01
3815            	5.51666563e-02	4.64734459e-02	1.56304836e+00	8.36690835e-01	7.26357523e-01
3816            	5.51635979e-02	4.64679848e-02	1.56306296e+00	8.36695076e-01	7.26367881e-01
3817            	5.51604814e-02	4.64625754e-02	1.56307716e+00	8.36699059e-01	7.26378097e-01
3818            	5.51580167e-02	4.64580050e-02	1.56308981e+00	8.36702920e-01	7.26386886e-01
3819            	5.51567211e-02	4.64544354e-02	1.56310209e+00	8.36707767e-01	7.26394325e-01
3820            	5.51546080e-02	4.64500456e-02	1.56311488e+00	8.36712046e-01	7.26402830e-01
3821            	5.51523823e-02	4.64459387e-02	1.56312487e+00	8.36714815e-01	7.26410051e-01
3822            	5.51498519e-02	4.64405892e-02	1.56314092e+00	8.36720313e-01	7.26420609e-01
3823            	5.51478146e-02	4.64359673e-02	1.56315570e+00	8.36725665e-01	7.26430035e-01
3824            	5.51460688e-02	4.64317403e-02	1.56317005e+00	8.36731092e-01	7.26438954e-01
3825            	5.51443083e-02	4.64278984e-02	1.56318160e+00	8.36735107e-01	7.26446490e-01
3826            	5.51424861e-02	4.64235144e-02	1.56319643e+00	8.36740703e-01	7.26455730e-01
3827            	5.51420569e-02	4.64202431e-02	1.56321146e+00	8.36747786e-01	7.26463672e-01
3828            	5.51393526e-02	4.64147436e-02	1.56322830e+00	8.36753501e-01	7.26474796e-01
3829            	5.51369971e-02	4.64096073e-02	1.56324540e+00	8.36759696e-01	7.26485701e-01
3830            	5.51355785e-02	4.64056209e-02	1.56326049e+00	8.36765822e-01	7.26494665e-01
3831            	5.51342248e-02	4.64021114e-02	1.56327218e+00	8.36770317e-01	7.26501867e-01
3832            	5.51329174e-02	4.63980477e-02	1.56328717e+00	8.36776504e-01	7.26510670e-01
3833            	5.51330127e-02	4.63950491e-02	1.56330218e+00	8.36784102e-01	7.26518077e-01
3834            	5.51318679e-02	4.63906763e-02	1.56331823e+00	8.36790983e-01	7.26527247e-01
3835            	5.51309140e-02	4.63865413e-02	1.56333360e+00	8.36797712e-01	7.26535884e-01
3836            	5.51297291e-02	4.63826293e-02	1.56334594e+00	8.36802698e-01	7.26543239e-01
3837            	5.51279413e-02	4.63772108e-02	1.56336348e+00	8.36809683e-01	7.26553801e-01
3838            	5.51267528e-02	4.63727244e-02	1.56337969e+00	8.36816596e-01	7.26563091e-01
3839            	5.51269803e-02	4.63695388e-02	1.56339579e+00	8.36824873e-01	7.26570913e-01
3840            	5.51251554e-02	4.63642738e-02	1.56341303e+00	8.36831672e-01	7.26581361e-01
3841            	5.51241301e-02	4.63600140e-02	1.56342942e+00	8.36838842e-01	7.26590582e-01
3842            	5.51234992e-02	4.63562759e-02	1.56344499e+00	8.36845995e-01	7.26598997e-01
3843            	5.51229207e-02	4.63529580e-02	1.56345787e+00	8.36851856e-01	7.26606014e-01
3844            	5.51227581e-02	4.63491920e-02	1.56347539e+00	8.36860454e-01	7.26614938e-01
3845            	5.51229084e-02	4.63456880e-02	1.56349296e+00	8.36869387e-01	7.26623570e-01
3846            	5.51233047e-02	4.63424000e-02	1.56351046e+00	8.36878537e-01	7.26631927e-01
3847            	5.51238466e-02	4.63392109e-02	1.56352802e+00	8.36887858e-01	7.26640164e-01
3848            	5.51244970e-02	4.63360417e-02	1.56354595e+00	8.36897472e-01	7.26648478e-01
3849            	5.51252235e-02	4.63328382e-02	1.56356444e+00	8.36907442e-01	7.26656995e-01
3850            	5.51260042e-02	4.63295871e-02	1.56358353e+00	8.36917771e-01	7.26665763e-01
3851            	5.51268236e-02	4.63263000e-02	1.56360320e+00	8.36928421e-01	7.26674774e-01
3852            	5.51276709e-02	4.63230004e-02	1.56362332e+00	8.36939330e-01	7.26683989e-01
3853            	5.51285835e-02	4.63197462e-02	1.56364390e+00	8.36950535e-01	7.26693368e-01
3854            	5.51295472e-02	4.63165548e-02	1.56366476e+00	8.36961929e-01	7.26702834e-01
3855            	5.51305492e-02	4.63134331e-02	1.56368572e+00	8.36973411e-01	7.26712312e-01
3856            	5.51315957e-02	4.63103914e-02	1.56370666e+00	8.36984928e-01	7.26721736e-01
3857            	5.51327097e-02	4.63074434e-02	1.56372753e+00	8.36996474e-01	7.26731055e-01
3858            	5.51339269e-02	4.63046050e-02	1.56374833e+00	8.37008090e-01	7.26740236e-01
3859            	5.51353378e-02	4.63019279e-02	1.56376926e+00	8.37019968e-01	7.26749292e-01
3860            	5.51369433e-02	4.62994000e-02	1.56379032e+00	8.37032105e-01	7.26758218e-01
3861            	5.51387301e-02	4.62969983e-02	1.56381152e+00	8.37044491e-01	7.26767031e-01
3862            	5.51406825e-02	4.62947001e-02	1.56383288e+00	8.37057123e-01	7.26775758e-01
3863            	5.51433867e-02	4.62924235e-02	1.56385781e+00	8.37072291e-01	7.26785518e-01
3864            	5.51457745e-02	4.62900186e-02	1.56388188e+00	8.37086714e-01	7.26795165e-01
3865            	5.51476429e-02	4.62871953e-02	1.56390625e+00	8.37100767e-01	7.26805481e-01
3866            	5.51493731e-02	4.62849326e-02	1.56392675e+00	8.37112747e-01	7.26814001e-01
3867            	5.51514242e-02	4.62829541e-02	1.56394743e+00	8.37125138e-01	7.26822289e-01
3868            	5.51539621e-02	4.62812417e-02	1.56396912e+00	8.37138522e-01	7.26830598e-01
3869            	5.51570215e-02	4.62798209e-02	1.56399200e+00	8.37153022e-01	7.26838979e-01
3870            	5.51602713e-02	4.62785016e-02	1.56401544e+00	8.37167991e-01	7.26847448e-01
3871            	5.51634639e-02	4.62771313e-02	1.56403903e+00	8.37182978e-01	7.26856051e-01
3872            	5.51665410e-02	4.62756898e-02	1.56406267e+00	8.37197875e-01	7.26864793e-01
3873            	5.51695474e-02	4.62745289e-02	1.56408482e+00	8.37211958e-01	7.26872863e-01
3874            	5.51724319e-02	4.62729983e-02	1.56410843e+00	8.37226647e-01	7.26881783e-01
3875            	5.51754256e-02	4.62714711e-02	1.56413300e+00	8.37241926e-01	7.26891074e-01
3876            	5.51786557e-02	4.62698632e-02	1.56416030e+00	8.37258808e-01	7.26901496e-01
3877            	5.51817707e-02	4.62683867e-02	1.56418678e+00	8.37275161e-01	7.26911620e-01
3878            	5.51847836e-02	4.62670248e-02	1.56421242e+00	8.37290995e-01	7.26921428e-01
3879            	5.51877222e-02	4.62657546e-02	1.56423732e+00	8.37306381e-01	7.26930936e-01
3880            	5.51907030e-02	4.62646166e-02	1.56426181e+00	8.37321607e-01	7.26940201e-01
3881            	5.51937221e-02	4.62635621e-02	1.56428603e+00	8.37336736e-01	7.26949292e-01
3882            	5.51967779e-02	4.62625530e-02	1.56431013e+00	8.37351841e-01	7.26958285e-01
3883            	5.51998746e-02	4.62615673e-02	1.56433425e+00	8.37367000e-01	7.26967250e-01
3884            	5.52030185e-02	4.62605976e-02	1.56435853e+00	8.37382281e-01	7.26976244e-01
3885            	5.52062938e-02	4.62597070e-02	1.56438321e+00	8.37397901e-01	7.26985314e-01
3886            	5.52096509e-02	4.62588676e-02	1.56440825e+00	8.37413776e-01	7.26994475e-01
3887            	5.52130380e-02	4.62580531e-02	1.56443353e+00	8.37429805e-01	7.27003729e-01
3888            	5.52164129e-02	4.62572446e-02	1.56445896e+00	8.37445894e-01	7.27013068e-01
3889            	5.52197473e-02	4.62564323e-02	1.56448445e+00	8.37461970e-01	7.27022475e-01
3890            	5.52224243e-02	4.62555049e-02	1.56450672e+00	8.37475785e-01	7.27030937e-01
3891            	5.52259616e-02	4.62547477e-02	1.56453362e+00	8.37492773e-01	7.27040850e-01
3892            	5.52294596e-02	4.62540230e-02	1.56456050e+00	8.37509707e-01	7.27050788e-01
3893            	5.52328738e-02	4.62533287e-02	1.56458707e+00	8.37526410e-01	7.27060662e-01
3894            	5.52361877e-02	4.62526612e-02	1.56461321e+00	8.37542793e-01	7.27070417e-01
3895            	5.52394845e-02	4.62520763e-02	1.56463905e+00	8.37559007e-01	7.27080038e-01
3896            	5.52427434e-02	4.62515429e-02	1.56466454e+00	8.37575012e-01	7.27089525e-01
3897            	5.52459504e-02	4.62510289e-02	1.56468970e+00	8.37590799e-01	7.27098899e-01
3898            	5.52490998e-02	4.62505077e-02	1.56471458e+00	8.37606391e-01	7.27108191e-01
3899            	5.52521925e-02	4.62499616e-02	1.56473926e+00	8.37621824e-01	7.27117439e-01
3900            	5.52553080e-02	4.62494396e-02	1.56476398e+00	8.37637299e-01	7.27126683e-01
3901            	5.52584196e-02	4.62489175e-02	1.56478873e+00	8.37652783e-01	7.27135944e-01
3902            	5.52614999e-02	4.62483736e-02	1.56481348e+00	8.37668238e-01	7.27145238e-01
3903            	5.52639421e-02	4.62476316e-02	1.56483510e+00	8.37681490e-01	7.27153606e-01
3904            	5.52665153e-02	4.62468542e-02	1.56485773e+00	8.37695380e-01	7.27162350e-01
3905            	5.52692823e-02	4.62461036e-02	1.56488156e+00	8.37710061e-01	7.27171496e-01
3906            	5.52721891e-02	4.62453779e-02	1.56490640e+00	8.37725387e-01	7.27181009e-01
3907            	5.52751870e-02	4.62446853e-02	1.56493201e+00	8.37741194e-01	7.27190821e-01
3908            	5.52782440e-02	4.62440474e-02	1.56495813e+00	8.37757311e-01	7.27200823e-01
3909            	5.52807916e-02	4.62434787e-02	1.56498130e+00	8.37771442e-01	7.27209859e-01
3910            	5.52839130e-02	4.62429508e-02	1.56500772e+00	8.37787773e-01	7.27219948e-01
3911            	5.52871260e-02	4.62425386e-02	1.56503438e+00	8.37804315e-01	7.27230063e-01
3912            	5.52897381e-02	4.62421529e-02	1.56505760e+00	8.37818537e-01	7.27239061e-01
3913            	5.52928912e-02	4.62417961e-02	1.56508385e+00	8.37834818e-01	7.27249036e-01
3914            	5.52959857e-02	4.62414551e-02	1.56510989e+00	8.37850930e-01	7.27258958e-01
3915            	5.52984153e-02	4.62410834e-02	1.56513234e+00	8.37864584e-01	7.27267753e-01
3916            	5.53013817e-02	4.62407340e-02	1.56515780e+00	8.37880284e-01	7.27277520e-01
3917            	5.53042977e-02	4.62403857e-02	1.56518312e+00	8.37895857e-01	7.27287262e-01
3918            	5.53065044e-02	4.62399375e-02	1.56520487e+00	8.37908939e-01	7.27295930e-01
3919            	5.53092111e-02	4.62394608e-02	1.56522960e+00	8.37924010e-01	7.27305587e-01
3920            	5.53112771e-02	4.62389108e-02	1.56525107e+00	8.37936812e-01	7.27314258e-01
3921            	5.53139011e-02	4.62383605e-02	1.56527574e+00	8.37951769e-01	7.27323967e-01
3922            	5.53158721e-02	4.62377286e-02	1.56529714e+00	8.37964441e-01	7.27332697e-01
3923            	5.53158539e-02	4.62358539e-02	1.56531668e+00	8.37974193e-01	7.27342485e-01
3924            	5.53168617e-02	4.62344942e-02	1.56533822e+00	8.37985972e-01	7.27352249e-01
3925            	5.53183165e-02	4.62336223e-02	1.56535850e+00	8.37997566e-01	7.27360933e-01
3926            	5.53211221e-02	4.62331605e-02	1.56538326e+00	8.38012752e-01	7.27370508e-01
3927            	5.53237899e-02	4.62328819e-02	1.56540576e+00	8.38026671e-01	7.27379091e-01
3928            	5.53241791e-02	4.62314547e-02	1.56542358e+00	8.38035969e-01	7.27387610e-01
3929            	5.53234272e-02	4.62291270e-02	1.56544133e+00	8.38044094e-01	7.27397240e-01
3930            	5.53242940e-02	4.62275805e-02	1.56546232e+00	8.38055454e-01	7.27406867e-01
3931            	5.53259861e-02	4.62266949e-02	1.56548295e+00	8.38067460e-01	7.27415487e-01
3932            	5.53292969e-02	4.62263480e-02	1.56550869e+00	8.38083642e-01	7.27425048e-01
3933            	5.53301431e-02	4.62251058e-02	1.56552748e+00	8.38093884e-01	7.27433598e-01
3934            	5.53296516e-02	4.62231941e-02	1.56554360e+00	8.38101452e-01	7.27442149e-01
3935            	5.53310098e-02	4.62219260e-02	1.56556541e+00	8.38113713e-01	7.27451693e-01
3936            	5.53337190e-02	4.62213768e-02	1.56559006e+00	8.38128751e-01	7.27461313e-01
3937            	5.53344262e-02	4.62201667e-02	1.56560875e+00	8.38138800e-01	7.27469948e-01
3938            	5.53340692e-02	4.62184456e-02	1.56562519e+00	8.38146664e-01	7.27478525e-01
3939            	5.53355946e-02	4.62174298e-02	1.56564718e+00	8.38159185e-01	7.27487996e-01
3940            	5.53385463e-02	4.62171884e-02	1.56567211e+00	8.38174604e-01	7.27497511e-01
3941            	5.53396567e-02	4.62163428e-02	1.56569146e+00	8.38185386e-01	7.27506072e-01
3942            	5.53397577e-02	4.62150101e-02	1.56570854e+00	8.38194025e-01	7.27514510e-01
3943            	5.53394507e-02	4.62132052e-02	1.56572661e+00	8.38202754e-01	7.27523853e-01
3944            	5.53400806e-02	4.62119886e-02	1.56574469e+00	8.38212427e-01	7.27532265e-01
3945            	5.53425831e-02	4.62114753e-02	1.56576813e+00	8.38226648e-01	7.27541482e-01
3946            	5.53437003e-02	4.62105345e-02	1.56578713e+00	8.38237267e-01	7.27549866e-01
3947            	5.53440644e-02	4.62092274e-02	1.56580435e+00	8.38246240e-01	7.27558111e-01
3948            	5.53441357e-02	4.62075072e-02	1.56582273e+00	8.38255499e-01	7.27567228e-01
3949            	5.53454155e-02	4.62063169e-02	1.56584373e+00	8.38267280e-01	7.27576449e-01
3950            	5.53473100e-02	4.62056352e-02	1.56586445e+00	8.38279537e-01	7.27584917e-01
3951            	5.53484462e-02	4.62047255e-02	1.56588305e+00	8.38289971e-01	7.27593078e-01
3952            	5.53489059e-02	4.62035118e-02	1.56590000e+00	8.38298904e-01	7.27601092e-01
3953            	5.53489350e-02	4.62018360e-02	1.56591773e+00	8.38307799e-01	7.27609929e-01
3954            	5.53497854e-02	4.62004680e-02	1.56593747e+00	8.38318520e-01	7.27618949e-01
3955            	5.53510503e-02	4.61994756e-02	1.56595676e+00	8.38329431e-01	7.27627330e-01
3956            	5.53517707e-02	4.61983888e-02	1.56597433e+00	8.38338938e-01	7.27635397e-01
3957            	5.53519592e-02	4.61970896e-02	1.56599048e+00	8.38347199e-01	7.27643281e-01
3958            	5.53518524e-02	4.61954265e-02	1.56600756e+00	8.38355630e-01	7.27651925e-01
3959            	5.53520511e-02	4.61937627e-02	1.56602572e+00	8.38364911e-01	7.27660809e-01
3960            	5.53526423e-02	4.61924174e-02	1.56604363e+00	8.38374459e-01	7.27669174e-01
3961            	5.53529825e-02	4.61911499e-02	1.56606019e+00	8.38383075e-01	7.27677110e-01
3962            	5.53529977e-02	4.61897747e-02	1.56607547e+00	8.38390733e-01	7.27684738e-01
3963            	5.53530908e-02	4.61882770e-02	1.56609092e+00	8.38398550e-01	7.27692369e-01
3964            	5.53528386e-02	4.61865989e-02	1.56610535e+00	8.38405516e-01	7.27699839e-01
3965            	5.53525302e-02	4.61846919e-02	1.56611989e+00	8.38412475e-01	7.27707414e-01
3966            	5.53521182e-02	4.61827430e-02	1.56613423e+00	8.38419233e-01	7.27714997e-01
3967            	5.53516535e-02	4.61805567e-02	1.56614920e+00	8.38426254e-01	7.27722947e-01
3968            	5.53511434e-02	4.61784224e-02	1.56616405e+00	8.38433167e-01	7.27730880e-01
3969            	5.53492302e-02	4.61755451e-02	1.56617442e+00	8.38436442e-01	7.27737982e-01
3970            	5.53491992e-02	4.61734394e-02	1.56619275e+00	8.38445575e-01	7.27747177e-01
3971            	5.53490666e-02	4.61712589e-02	1.56621153e+00	8.38454830e-01	7.27756697e-01
3972            	5.53490915e-02	4.61694926e-02	1.56622963e+00	8.38463906e-01	7.27765723e-01
3973            	5.53486091e-02	4.61674896e-02	1.56624600e+00	8.38471610e-01	7.27774391e-01
3974            	5.53472966e-02	4.61653602e-02	1.56625719e+00	8.38475891e-01	7.27781298e-01
3975            	5.53467187e-02	4.61631258e-02	1.56627484e+00	8.38484137e-01	7.27790700e-01
3976            	5.53462351e-02	4.61611357e-02	1.56629067e+00	8.38491572e-01	7.27799102e-01
3977            	5.53449081e-02	4.61585618e-02	1.56630357e+00	8.38496692e-01	7.27806876e-01
3978            	5.53431229e-02	4.61559267e-02	1.56631207e+00	8.38499156e-01	7.27812910e-01
3979            	5.53412246e-02	4.61523873e-02	1.56632566e+00	8.38504055e-01	7.27821606e-01
3980            	5.53394966e-02	4.61492109e-02	1.56633650e+00	8.38507749e-01	7.27828756e-01
3981            	5.53369453e-02	4.61453757e-02	1.56634532e+00	8.38509606e-01	7.27835715e-01
3982            	5.53349562e-02	4.61419893e-02	1.56635381e+00	8.38511860e-01	7.27841947e-01
3983            	5.53332120e-02	4.61387355e-02	1.56636194e+00	8.38514182e-01	7.27847758e-01
3984            	5.53302893e-02	4.61345141e-02	1.56636814e+00	8.38514359e-01	7.27853780e-01
3985            	5.53262951e-02	4.61297055e-02	1.56637147e+00	8.38512029e-01	7.27859439e-01
3986            	5.53235483e-02	4.61250206e-02	1.56638138e+00	8.38514238e-01	7.27867141e-01
3987            	5.53218279e-02	4.61213136e-02	1.56639226e+00	8.38517959e-01	7.27874304e-01
3988            	5.53218642e-02	4.61189436e-02	1.56640508e+00	8.38524404e-01	7.27880676e-01
3989            	5.53185548e-02	4.61140188e-02	1.56641561e+00	8.38526362e-01	7.27889252e-01
3990            	5.53158901e-02	4.61098296e-02	1.56642655e+00	8.38529167e-01	7.27897387e-01
3991            	5.53150208e-02	4.61070361e-02	1.56643884e+00	8.38534440e-01	7.27904398e-01
3992            	5.53112453e-02	4.61020647e-02	1.56644961e+00	8.38536049e-01	7.27913559e-01
3993            	5.53085643e-02	4.60983974e-02	1.56645817e+00	8.38537649e-01	7.27920520e-01
3994            	5.53067220e-02	4.60949983e-02	1.56647094e+00	8.38542189e-01	7.27928746e-01
3995            	5.53068064e-02	4.60929587e-02	1.56648430e+00	8.38548957e-01	7.27935344e-01
3996            	5.53059618e-02	4.60900647e-02	1.56649778e+00	8.38554854e-01	7.27942931e-01
3997            	5.53033997e-02	4.60861156e-02	1.56650605e+00	8.38556426e-01	7.27949627e-01
3998            	5.53014217e-02	4.60822151e-02	1.56651706e+00	8.38559954e-01	7.27957111e-01
3999            	5.53014894e-02	4.60797436e-02	1.56652941e+00	8.38566195e-01	7.27963216e-01
4000            	5.53002624e-02	4.60759921e-02	1.56654184e+00	8.38571180e-01	7.27970656e-01
4001            	5.52993882e-02	4.60724786e-02	1.56655415e+00	8.38576464e-01	7.27977688e-01
4002            	5.52987393e-02	4.60691796e-02	1.56656592e+00	8.38581697e-01	7.27984219e-01
4003            	5.52977810e-02	4.60659769e-02	1.56657503e+00	8.38585297e-01	7.27989736e-01
4004            	5.52967613e-02	4.60619847e-02	1.56658782e+00	8.38590672e-01	7.27997150e-01
4005            	5.52956390e-02	4.60580164e-02	1.56660016e+00	8.38595721e-01	7.28004443e-01
4006            	5.52958004e-02	4.60551410e-02	1.56661327e+00	8.38602437e-01	7.28010836e-01
4007            	5.52944783e-02	4.60509409e-02	1.56662643e+00	8.38607692e-01	7.28018736e-01
4008            	5.52932512e-02	4.60473174e-02	1.56663726e+00	8.38611880e-01	7.28025378e-01
4009            	5.52917665e-02	4.60431602e-02	1.56665064e+00	8.38617085e-01	7.28033551e-01
4010            	5.52919131e-02	4.60404141e-02	1.56666479e+00	8.38624307e-01	7.28040481e-01
4011            	5.52909982e-02	4.60367482e-02	1.56667938e+00	8.38630689e-01	7.28048693e-01
4012            	5.52902531e-02	4.60336984e-02	1.56669116e+00	8.38635835e-01	7.28055329e-01
4013            	5.52897234e-02	4.60303242e-02	1.56670665e+00	8.38643048e-01	7.28063602e-01
4014            	5.52908042e-02	4.60282291e-02	1.56672253e+00	8.38652070e-01	7.28070462e-01
4015            	5.52909597e-02	4.60251976e-02	1.56673905e+00	8.38660485e-01	7.28078566e-01
4016            	5.52910731e-02	4.60225292e-02	1.56675236e+00	8.38667253e-01	7.28085107e-01
4017            	5.52914013e-02	4.60194916e-02	1.56676882e+00	8.38675811e-01	7.28093008e-01
4018            	5.52930834e-02	4.60175407e-02	1.56678545e+00	8.38685807e-01	7.28099640e-01
4019            	5.52937144e-02	4.60144697e-02	1.56680266e+00	8.38695046e-01	7.28107617e-01
4020            	5.52926430e-02	4.60105153e-02	1.56681496e+00	8.38700125e-01	7.28114839e-01
4021            	5.52927053e-02	4.60070715e-02	1.56683029e+00	8.38707848e-01	7.28122437e-01
4022            	5.52920520e-02	4.60033656e-02	1.56684345e+00	8.38713776e-01	7.28129672e-01
4023            	5.52927763e-02	4.60005438e-02	1.56685915e+00	8.38722353e-01	7.28136801e-01
4024            	5.52931688e-02	4.59976140e-02	1.56687386e+00	8.38730098e-01	7.28143761e-01
4025            	5.52937008e-02	4.59947933e-02	1.56688875e+00	8.38738075e-01	7.28150673e-01
4026            	5.52940524e-02	4.59920633e-02	1.56690248e+00	8.38745293e-01	7.28157188e-01
4027            	5.52947147e-02	4.59897172e-02	1.56691601e+00	8.38752717e-01	7.28163288e-01
4028            	5.52965419e-02	4.59875469e-02	1.56693431e+00	8.38763698e-01	7.28170614e-01
4029            	5.52983704e-02	4.59851007e-02	1.56695419e+00	8.38775465e-01	7.28178724e-01
4030            	5.52987187e-02	4.59810364e-02	1.56697571e+00	8.38786573e-01	7.28189135e-01
4031            	5.52984383e-02	4.59775529e-02	1.56699144e+00	8.38794157e-01	7.28197281e-01
4032            	5.52991917e-02	4.59743290e-02	1.56701225e+00	8.38805314e-01	7.28206931e-01
4033            	5.52999646e-02	4.59714152e-02	1.56703177e+00	8.38815849e-01	7.28215920e-01
4034            	5.53013581e-02	4.59694679e-02	1.56704963e+00	8.38826171e-01	7.28223455e-01
4035            	5.53030003e-02	4.59677279e-02	1.56706725e+00	8.38836626e-01	7.28230625e-01
4036            	5.53047336e-02	4.59660612e-02	1.56708448e+00	8.38846972e-01	7.28237505e-01
4037            	5.53058380e-02	4.59643182e-02	1.56709827e+00	8.38854971e-01	7.28243296e-01
4038            	5.53078744e-02	4.59627200e-02	1.56711618e+00	8.38865964e-01	7.28250215e-01
4039            	5.53101281e-02	4.59608253e-02	1.56713624e+00	8.38878246e-01	7.28257990e-01
4040            	5.53128514e-02	4.59595115e-02	1.56715629e+00	8.38890995e-01	7.28265292e-01
4041            	5.53156078e-02	4.59583140e-02	1.56717607e+00	8.38903644e-01	7.28272428e-01
4042            	5.53186363e-02	4.59569425e-02	1.56719799e+00	8.38917634e-01	7.28280361e-01
4043            	5.53210537e-02	4.59552033e-02	1.56721909e+00	8.38930597e-01	7.28288490e-01
4044            	5.53231860e-02	4.59537528e-02	1.56723801e+00	8.38942189e-01	7.28295817e-01
4045            	5.53251465e-02	4.59523380e-02	1.56725597e+00	8.38953129e-01	7.28302836e-01
4046            	5.53271026e-02	4.59509851e-02	1.56727363e+00	8.38963916e-01	7.28309711e-01
4047            	5.53293181e-02	4.59498109e-02	1.56729185e+00	8.38975244e-01	7.28316608e-01
4048            	5.53318817e-02	4.59488278e-02	1.56731111e+00	8.38987436e-01	7.28323672e-01
4049            	5.53348293e-02	4.59480473e-02	1.56733163e+00	8.39000644e-01	7.28330986e-01
4050            	5.53381488e-02	4.59474759e-02	1.56735343e+00	8.39014863e-01	7.28338566e-01
4051            	5.53414694e-02	4.59466429e-02	1.56737720e+00	8.39030071e-01	7.28347132e-01
4052            	5.53455519e-02	4.59462715e-02	1.56740329e+00	8.39047199e-01	7.28356095e-01
4053            	5.53508320e-02	4.59465361e-02	1.56743389e+00	8.39067776e-01	7.28366112e-01
4054            	5.53557921e-02	4.59471431e-02	1.56746078e+00	8.39086184e-01	7.28374600e-01
4055            	5.53603299e-02	4.59476939e-02	1.56748620e+00	8.39103429e-01	7.28382769e-01
4056            	5.53637643e-02	4.59480264e-02	1.56750705e+00	8.39117291e-01	7.28389763e-01
4057            	5.53669038e-02	4.59482378e-02	1.56752685e+00	8.39130330e-01	7.28396522e-01
4058            	5.53700691e-02	4.59481866e-02	1.56754817e+00	8.39144155e-01	7.28404017e-01
4059            	5.53732339e-02	4.59480930e-02	1.56756984e+00	8.39158154e-01	7.28411687e-01
4060            	5.53760426e-02	4.59480313e-02	1.56758948e+00	8.39170785e-01	7.28418700e-01
4061            	5.53792233e-02	4.59478540e-02	1.56761169e+00	8.39185067e-01	7.28426620e-01
4062            	5.53824659e-02	4.59477059e-02	1.56763429e+00	8.39199613e-01	7.28434681e-01
4063            	5.53852134e-02	4.59475736e-02	1.56765431e+00	8.39212370e-01	7.28441943e-01
4064            	5.53884413e-02	4.59473860e-02	1.56767703e+00	8.39226956e-01	7.28450073e-01
4065            	5.53916154e-02	4.59471560e-02	1.56769975e+00	8.39241491e-01	7.28458260e-01
4066            	5.53943051e-02	4.59469715e-02	1.56771974e+00	8.39254176e-01	7.28465565e-01
4067            	5.53974907e-02	4.59467561e-02	1.56774234e+00	8.39268661e-01	7.28473680e-01
4068            	5.54001555e-02	4.59465567e-02	1.56776219e+00	8.39281251e-01	7.28480940e-01
4069            	5.54033394e-02	4.59463370e-02	1.56778482e+00	8.39295749e-01	7.28489070e-01
4070            	5.54059624e-02	4.59461292e-02	1.56780465e+00	8.39308286e-01	7.28496361e-01
4071            	5.54092025e-02	4.59460039e-02	1.56782752e+00	8.39322964e-01	7.28504559e-01
4072            	5.54125112e-02	4.59460020e-02	1.56785065e+00	8.39337836e-01	7.28512814e-01
4073            	5.54152507e-02	4.59460518e-02	1.56787086e+00	8.39350680e-01	7.28520178e-01
4074            	5.54185317e-02	4.59461881e-02	1.56789390e+00	8.39365481e-01	7.28528417e-01
4075            	5.54212117e-02	4.59463153e-02	1.56791402e+00	8.39378223e-01	7.28535800e-01
4076            	5.54245019e-02	4.59465655e-02	1.56793720e+00	8.39393104e-01	7.28544100e-01
4077            	5.54271976e-02	4.59467876e-02	1.56795749e+00	8.39405945e-01	7.28551550e-01
4078            	5.54304788e-02	4.59470917e-02	1.56798084e+00	8.39420899e-01	7.28559941e-01
4079            	5.54330825e-02	4.59472875e-02	1.56800109e+00	8.39433626e-01	7.28567461e-01
4080            	5.54363057e-02	4.59475811e-02	1.56802444e+00	8.39448526e-01	7.28575915e-01
4081            	5.54388381e-02	4.59477568e-02	1.56804459e+00	8.39461132e-01	7.28583456e-01
4082            	5.54395960e-02	4.59468279e-02	1.56806296e+00	8.39471077e-01	7.28591885e-01
4083            	5.54408306e-02	4.59463620e-02	1.56808042e+00	8.39481040e-01	7.28599378e-01
4084            	5.54429616e-02	4.59463290e-02	1.56809952e+00	8.39492722e-01	7.28606799e-01
4085            	5.54465131e-02	4.59467520e-02	1.56812325e+00	8.39508137e-01	7.28615111e-01
4086            	5.54497870e-02	4.59472510e-02	1.56814465e+00	8.39522114e-01	7.28622540e-01
4087            	5.54507766e-02	4.59465292e-02	1.56816149e+00	8.39531520e-01	7.28629967e-01
4088            	5.54525290e-02	4.59461316e-02	1.56817991e+00	8.39542486e-01	7.28637428e-01
4089            	5.54531357e-02	4.59448493e-02	1.56819800e+00	8.39552138e-01	7.28645867e-01
4090            	5.54545272e-02	4.59442280e-02	1.56821584e+00	8.39562447e-01	7.28653393e-01
4091            	5.54569273e-02	4.59441164e-02	1.56823564e+00	8.39574750e-01	7.28660895e-01
4092            	5.54577169e-02	4.59431633e-02	1.56825228e+00	8.39583859e-01	7.28668425e-01
4093            	5.54602674e-02	4.59428526e-02	1.56827426e+00	8.39597396e-01	7.28676861e-01
4094            	5.54607811e-02	4.59418042e-02	1.56829031e+00	8.39605936e-01	7.28684374e-01
4095            	5.54625136e-02	4.59414134e-02	1.56830870e+00	8.39616862e-01	7.28691834e-01
4096            	5.54630303e-02	4.59404218e-02	1.56832465e+00	8.39625356e-01	7.28699295e-01
4097            	5.54632019e-02	4.59390377e-02	1.56834173e+00	8.39634067e-01	7.28707663e-01
4098            	5.54645767e-02	4.59385587e-02	1.56835922e+00	8.39644186e-01	7.28715032e-01
4099            	5.54680704e-02	4.59390027e-02	1.56838244e+00	8.39659293e-01	7.28723152e-01
4100            	5.54696768e-02	4.59387936e-02	1.56840009e+00	8.39669722e-01	7.28730368e-01
4101            	5.54703143e-02	4.59381018e-02	1.56841566e+00	8.39678144e-01	7.28737515e-01
4102            	5.54702284e-02	4.59369984e-02	1.56842982e+00	8.39685139e-01	7.28744683e-01
4103            	5.54714875e-02	4.59365290e-02	1.56844659e+00	8.39694782e-01	7.28751807e-01
4104            	5.54720473e-02	4.59356505e-02	1.56846209e+00	8.39703093e-01	7.28758999e-01
4105            	5.54746152e-02	4.59355653e-02	1.56848327e+00	8.39716253e-01	7.28767022e-01
4106            	5.54757924e-02	4.59350371e-02	1.56850008e+00	8.39725831e-01	7.28774246e-01
4107            	5.54763307e-02	4.59341930e-02	1.56851555e+00	8.39734105e-01	7.28781444e-01
4108            	5.54763359e-02	4.59330487e-02	1.56852999e+00	8.39741332e-01	7.28788661e-01
4109            	5.54780896e-02	4.59325842e-02	1.56854949e+00	8.39752834e-01	7.28796655e-01
4110            	5.54787991e-02	4.59318424e-02	1.56856523e+00	8.39761413e-01	7.28803815e-01
4111            	5.54790854e-02	4.59308914e-02	1.56857996e+00	8.39769065e-01	7.28810895e-01
4112            	5.54790056e-02	4.59297200e-02	1.56859385e+00	8.39775933e-01	7.28817922e-01
4113            	5.54805447e-02	4.59291495e-02	1.56861234e+00	8.39786715e-01	7.28825625e-01
4114            	5.54812763e-02	4.59284163e-02	1.56862763e+00	8.39795090e-01	7.28832538e-01
4115            	5.54817395e-02	4.59275748e-02	1.56864218e+00	8.39802827e-01	7.28839348e-01
4116            	5.54819163e-02	4.59265737e-02	1.56865605e+00	8.39809941e-01	7.28846109e-01
4117            	5.54817746e-02	4.59253597e-02	1.56866926e+00	8.39816406e-01	7.28852857e-01
4118            	5.54828391e-02	4.59245224e-02	1.56868629e+00	8.39825984e-01	7.28860305e-01
4119            	5.54833573e-02	4.59236565e-02	1.56870085e+00	8.39833781e-01	7.28867067e-01
4120            	5.54837652e-02	4.59227900e-02	1.56871503e+00	8.39841281e-01	7.28873750e-01
4121            	5.54839881e-02	4.59218383e-02	1.56872878e+00	8.39848379e-01	7.28880402e-01
4122            	5.54842285e-02	4.59207273e-02	1.56874394e+00	8.39856201e-01	7.28887744e-01
4123            	5.54850544e-02	4.59198845e-02	1.56876041e+00	8.39865261e-01	7.28895153e-01
4124            	5.54854869e-02	4.59190784e-02	1.56877478e+00	8.39872877e-01	7.28901904e-01
4125            	5.54857798e-02	4.59182650e-02	1.56878842e+00	8.39879991e-01	7.28908432e-01
4126            	5.54857997e-02	4.59172885e-02	1.56880125e+00	8.39886426e-01	7.28914826e-01
4127            	5.54853972e-02	4.59159971e-02	1.56881312e+00	8.39891960e-01	7.28921165e-01
4128            	5.54851211e-02	4.59144577e-02	1.56882657e+00	8.39898405e-01	7.28928163e-01
4129            	5.54846872e-02	4.59129994e-02	1.56883873e+00	8.39904055e-01	7.28934680e-01
4130            	5.54842375e-02	4.59115649e-02	1.56885060e+00	8.39909537e-01	7.28941062e-01
4131            	5.54836167e-02	4.59100171e-02	1.56886196e+00	8.39914595e-01	7.28947362e-01
4132            	5.54826543e-02	4.59082086e-02	1.56887259e+00	8.39918947e-01	7.28953638e-01
4133            	5.54811302e-02	4.59057598e-02	1.56888344e+00	8.39922849e-01	7.28960588e-01
4134            	5.54799974e-02	4.59037258e-02	1.56889428e+00	8.39927139e-01	7.28967144e-01
4135            	5.54790597e-02	4.59018728e-02	1.56890508e+00	8.39931602e-01	7.28973483e-01
4136            	5.54780934e-02	4.59000076e-02	1.56891550e+00	8.39935842e-01	7.28979655e-01
4137            	5.54765267e-02	4.58976237e-02	1.56892494e+00	8.39938995e-01	7.28985941e-01
4138            	5.54753773e-02	4.58955414e-02	1.56893476e+00	8.39942760e-01	7.28992005e-01
4139            	5.54744163e-02	4.58935843e-02	1.56894452e+00	8.39946677e-01	7.28997845e-01
4140            	5.54733397e-02	4.58915053e-02	1.56895381e+00	8.39950245e-01	7.29003565e-01
4141            	5.54722344e-02	4.58891274e-02	1.56896270e+00	8.39953584e-01	7.29009115e-01
4142            	5.54700563e-02	4.58859108e-02	1.56897261e+00	8.39956361e-01	7.29016249e-01
4143            	5.54680176e-02	4.58829192e-02	1.56898243e+00	8.39959235e-01	7.29023200e-01
4144            	5.54651451e-02	4.58794512e-02	1.56899064e+00	8.39960466e-01	7.29030175e-01
4145            	5.54641004e-02	4.58772592e-02	1.56900030e+00	8.39964250e-01	7.29036049e-01
4146            	5.54622724e-02	4.58746330e-02	1.56900982e+00	8.39967181e-01	7.29042636e-01
4147            	5.54602073e-02	4.58720437e-02	1.56901598e+00	8.39968195e-01	7.29047780e-01
4148            	5.54569823e-02	4.58683046e-02	1.56902282e+00	8.39968394e-01	7.29054430e-01
4149            	5.54555870e-02	4.58659623e-02	1.56902896e+00	8.39970065e-01	7.29058891e-01
4150            	5.54546650e-02	4.58638324e-02	1.56903552e+00	8.39972425e-01	7.29063095e-01
4151            	5.54544149e-02	4.58615969e-02	1.56904558e+00	8.39977207e-01	7.29068377e-01
4152            	5.54516413e-02	4.58573266e-02	1.56905307e+00	8.39978174e-01	7.29074892e-01
4153            	5.54472264e-02	4.58522383e-02	1.56905719e+00	8.39975822e-01	7.29081369e-01
4154            	5.54431764e-02	4.58471325e-02	1.56906486e+00	8.39975607e-01	7.29089254e-01
4155            	5.54397726e-02	4.58430807e-02	1.56907021e+00	8.39974878e-01	7.29095333e-01
4156            	5.54378091e-02	4.58398573e-02	1.56907867e+00	8.39977146e-01	7.29101528e-01
4157            	5.54349948e-02	4.58362446e-02	1.56908476e+00	8.39977374e-01	7.29107385e-01
4158            	5.54314428e-02	4.58319571e-02	1.56909003e+00	8.39976457e-01	7.29113572e-01
4159            	5.54293287e-02	4.58288256e-02	1.56909547e+00	8.39977066e-01	7.29118408e-01
4160            	5.54282900e-02	4.58264528e-02	1.56910170e+00	8.39979142e-01	7.29122562e-01
4161            	5.54279769e-02	4.58244289e-02	1.56910912e+00	8.39982538e-01	7.29126585e-01
4162            	5.54264555e-02	4.58213639e-02	1.56911555e+00	8.39984232e-01	7.29131321e-01
4163            	5.54252705e-02	4.58180527e-02	1.56912465e+00	8.39987594e-01	7.29137053e-01
4164            	5.54253519e-02	4.58151995e-02	1.56913780e+00	8.39994251e-01	7.29143548e-01
4165            	5.54231144e-02	4.58107300e-02	1.56914876e+00	8.39997493e-01	7.29151264e-01
4166            	5.54208106e-02	4.58066384e-02	1.56915810e+00	8.39999858e-01	7.29158237e-01
4167            	5.54199275e-02	4.58037985e-02	1.56916793e+00	8.40003892e-01	7.29164037e-01
4168            	5.54172325e-02	4.57997169e-02	1.56917575e+00	8.40005108e-01	7.29170643e-01
4169            	5.54150644e-02	4.57963828e-02	1.56918177e+00	8.40005949e-01	7.29175820e-01
4170            	5.54136100e-02	4.57933046e-02	1.56918975e+00	8.40008484e-01	7.29181264e-01
4171            	5.54126278e-02	4.57903930e-02	1.56919879e+00	8.40012022e-01	7.29186766e-01
4172            	5.54118219e-02	4.57874894e-02	1.56920829e+00	8.40015966e-01	7.29192323e-01
4173            	5.54116342e-02	4.57848590e-02	1.56921918e+00	8.40021223e-01	7.29197955e-01
4174            	5.54112399e-02	4.57821126e-02	1.56922945e+00	8.40025966e-01	7.29203486e-01
4175            	5.54118626e-02	4.57801888e-02	1.56924026e+00	8.40031992e-01	7.29208266e-01
4176            	5.54127694e-02	4.57784847e-02	1.56925109e+00	8.40038313e-01	7.29212775e-01
4177            	5.54137538e-02	4.57767102e-02	1.56926236e+00	8.40044932e-01	7.29217424e-01
4178            	5.54155740e-02	4.57748086e-02	1.56927819e+00	8.40054669e-01	7.29223521e-01
4179            	5.54165764e-02	4.57721268e-02	1.56929400e+00	8.40063576e-01	7.29230423e-01
4180            	5.54156584e-02	4.57678471e-02	1.56930900e+00	8.40070157e-01	7.29238840e-01
4181            	5.54142853e-02	4.57641845e-02	1.56931928e+00	8.40073925e-01	7.29245354e-01
4182            	5.54129350e-02	4.57604132e-02	1.56933072e+00	8.40078293e-01	7.29252423e-01
4183            	5.54128635e-02	4.57573990e-02	1.56934515e+00	8.40085436e-01	7.29259709e-01
4184            	5.54122458e-02	4.57541563e-02	1.56935835e+00	8.40091419e-01	7.29266928e-01
4185            	5.54118798e-02	4.57512627e-02	1.56937116e+00	8.40097462e-01	7.29273703e-01
4186            	5.54117866e-02	4.57487313e-02	1.56938338e+00	8.40103477e-01	7.29279904e-01
4187            	5.54125618e-02	4.57468448e-02	1.56939625e+00	8.40110686e-01	7.29285562e-01
4188            	5.54142199e-02	4.57458237e-02	1.56940851e+00	8.40118473e-01	7.29290034e-01
4189            	5.54163346e-02	4.57451542e-02	1.56942065e+00	8.40126661e-01	7.29293991e-01
4190            	5.54189153e-02	4.57446628e-02	1.56943374e+00	8.40135786e-01	7.29297956e-01
4191            	5.54218937e-02	4.57441751e-02	1.56944843e+00	8.40146109e-01	7.29302322e-01
4192            	5.54238143e-02	4.57426151e-02	1.56946309e+00	8.40155358e-01	7.29307729e-01
4193            	5.54263159e-02	4.57410018e-02	1.56948116e+00	8.40166896e-01	7.29314264e-01
4194            	5.54293231e-02	4.57387729e-02	1.56950567e+00	8.40182157e-01	7.29323511e-01
4195            	5.54330731e-02	4.57379245e-02	1.56952807e+00	8.40197110e-01	7.29330964e-01
4196            	5.54358912e-02	4.57364458e-02	1.56955003e+00	8.40210908e-01	7.29339126e-01
4197            	5.54365764e-02	4.57340277e-02	1.56956709e+00	8.40220121e-01	7.29346968e-01
4198            	5.54375114e-02	4.57316146e-02	1.56958719e+00	8.40231107e-01	7.29356084e-01
4199            	5.54385432e-02	4.57298147e-02	1.56960495e+00	8.40241016e-01	7.29363930e-01
4200            	5.54397463e-02	4.57285918e-02	1.56961945e+00	8.40249470e-01	7.29369977e-01
4201            	5.54408382e-02	4.57269374e-02	1.56963576e+00	8.40258719e-01	7.29377042e-01
4202            	5.54420946e-02	4.57257189e-02	1.56964923e+00	8.40266709e-01	7.29382520e-01
4203            	5.54431211e-02	4.57244214e-02	1.56966148e+00	8.40273861e-01	7.29387619e-01
4204            	5.54448652e-02	4.57234774e-02	1.56967495e+00	8.40282339e-01	7.29392609e-01
4205            	5.54469639e-02	4.57229073e-02	1.56968801e+00	8.40290969e-01	7.29397041e-01
4206            	5.54498956e-02	4.57226919e-02	1.56970290e+00	8.40301345e-01	7.29401553e-01
4207            	5.54533364e-02	4.57225728e-02	1.56971962e+00	8.40313148e-01	7.29406475e-01
4208            	5.54547468e-02	4.57208449e-02	1.56973402e+00	8.40321759e-01	7.29412265e-01
4209            	5.54558271e-02	4.57184622e-02	1.56975008e+00	8.40330866e-01	7.29419212e-01
4210            	5.54582143e-02	4.57163931e-02	1.56977206e+00	8.40344245e-01	7.29427817e-01
4211            	5.54622355e-02	4.57158930e-02	1.56979491e+00	8.40359689e-01	7.29435218e-01
4212            	5.54656555e-02	4.57145223e-02	1.56982026e+00	8.40375788e-01	7.29444477e-01
4213            	5.54685405e-02	4.57133218e-02	1.56984307e+00	8.40390075e-01	7.29452993e-01
4214            	5.54698574e-02	4.57118686e-02	1.56986055e+00	8.40400132e-01	7.29460417e-01
4215            	5.54703993e-02	4.57104992e-02	1.56987447e+00	8.40407636e-01	7.29466837e-01
4216            	5.54721961e-02	4.57100191e-02	1.56989044e+00	8.40417416e-01	7.29473023e-01
4217            	5.54749740e-02	4.57102184e-02	1.56990804e+00	8.40428996e-01	7.29479048e-01
4218            	5.54783968e-02	4.57108555e-02	1.56992685e+00	8.40441822e-01	7.29485028e-01
4219            	5.54809064e-02	4.57111340e-02	1.56994340e+00	8.40452604e-01	7.29490791e-01
4220            	5.54843509e-02	4.57118861e-02	1.56996225e+00	8.40465475e-01	7.29496773e-01
4221            	5.54883741e-02	4.57128650e-02	1.56998280e+00	8.40479773e-01	7.29503025e-01
4222            	5.54925603e-02	4.57138062e-02	1.57000421e+00	8.40494664e-01	7.29509543e-01
4223            	5.54951561e-02	4.57138764e-02	1.57002222e+00	8.40506266e-01	7.29515954e-01
4224            	5.54985234e-02	4.57142715e-02	1.57004235e+00	8.40519701e-01	7.29522654e-01
4225            	5.55023953e-02	4.57148511e-02	1.57006398e+00	8.40534385e-01	7.29529594e-01
4226            	5.55064158e-02	4.57154315e-02	1.57008624e+00	8.40549535e-01	7.29536704e-01
4227            	5.55102678e-02	4.57158589e-02	1.57010836e+00	8.40564450e-01	7.29543915e-01
4228            	5.55120816e-02	4.57152625e-02	1.57012602e+00	8.40575091e-01	7.29550928e-01
4229            	5.55146303e-02	4.57151068e-02	1.57014527e+00	8.40587264e-01	7.29558003e-01
4230            	5.55177826e-02	4.57153383e-02	1.57016574e+00	8.40600650e-01	7.29565085e-01
4231            	5.55212802e-02	4.57158185e-02	1.57018682e+00	8.40614689e-01	7.29572129e-01
4232            	5.55248488e-02	4.57163915e-02	1.57020792e+00	8.40628811e-01	7.29579114e-01
4233            	5.55264296e-02	4.57160241e-02	1.57022465e+00	8.40638755e-01	7.29585896e-01
4234            	5.55288730e-02	4.57162058e-02	1.57024298e+00	8.40650364e-01	7.29592618e-01
4235            	5.55320015e-02	4.57168137e-02	1.57026256e+00	8.40663281e-01	7.29599278e-01
4236            	5.55355219e-02	4.57176524e-02	1.57028282e+00	8.40676932e-01	7.29605889e-01
4237            	5.55371266e-02	4.57174946e-02	1.57029908e+00	8.40686668e-01	7.29612415e-01
4238            	5.55396911e-02	4.57178695e-02	1.57031724e+00	8.40698312e-01	7.29618930e-01
4239            	5.55429593e-02	4.57186112e-02	1.57033681e+00	8.40711364e-01	7.29625445e-01
4240            	5.55445105e-02	4.57184246e-02	1.57035296e+00	8.40720992e-01	7.29631971e-01
4241            	5.55471100e-02	4.57187830e-02	1.57037124e+00	8.40732731e-01	7.29638511e-01
4242            	5.55504349e-02	4.57194972e-02	1.57039103e+00	8.40745948e-01	7.29645079e-01
4243            	5.55520460e-02	4.57192912e-02	1.57040748e+00	8.40755786e-01	7.29651694e-01
4244            	5.55525312e-02	4.57184940e-02	1.57042182e+00	8.40763441e-01	7.29658378e-01
4245            	5.55546191e-02	4.57185867e-02	1.57043931e+00	8.40774275e-01	7.29665037e-01
4246            	5.55579047e-02	4.57193259e-02	1.57045916e+00	8.40787486e-01	7.29671676e-01
4247            	5.55598009e-02	4.57193185e-02	1.57047633e+00	8.40797967e-01	7.29678365e-01
4248            	5.55606830e-02	4.57187831e-02	1.57049154e+00	8.40806451e-01	7.29685085e-01
4249            	5.55630426e-02	4.57190594e-02	1.57050962e+00	8.40817852e-01	7.29691767e-01
4250            	5.55644073e-02	4.57188106e-02	1.57052573e+00	8.40827271e-01	7.29698457e-01
4251            	5.55650639e-02	4.57181844e-02	1.57054042e+00	8.40835274e-01	7.29705146e-01
4252            	5.55673100e-02	4.57184118e-02	1.57055811e+00	8.40846364e-01	7.29711744e-01
4253            	5.55687656e-02	4.57182218e-02	1.57057419e+00	8.40855862e-01	7.29718331e-01
4254            	5.55696191e-02	4.57177110e-02	1.57058901e+00	8.40864126e-01	7.29724888e-01
4255            	5.55700851e-02	4.57169902e-02	1.57060299e+00	8.40871578e-01	7.29731408e-01
4256            	5.55722507e-02	4.57171831e-02	1.57062008e+00	8.40882290e-01	7.29737789e-01
4257            	5.55738607e-02	4.57170781e-02	1.57063599e+00	8.40891856e-01	7.29744135e-01
4258            	5.55750029e-02	4.57167341e-02	1.57065091e+00	8.40900458e-01	7.29750453e-01
4259            	5.55757940e-02	4.57162114e-02	1.57066508e+00	8.40908335e-01	7.29756747e-01
4260            	5.55763494e-02	4.57155676e-02	1.57067874e+00	8.40915721e-01	7.29763022e-01
4261            	5.55767770e-02	4.57148557e-02	1.57069209e+00	8.40922821e-01	7.29769267e-01
4262            	5.55771710e-02	4.57141207e-02	1.57070528e+00	8.40929813e-01	7.29775471e-01
4263            	5.55776176e-02	4.57134184e-02	1.57071851e+00	8.40936873e-01	7.29781638e-01
4264            	5.55783840e-02	4.57129476e-02	1.57073097e+00	8.40943869e-01	7.29787101e-01
4265            	5.55791355e-02	4.57123171e-02	1.57074536e+00	8.40951815e-01	7.29793544e-01
4266            	5.55801747e-02	4.57118779e-02	1.57076028e+00	8.40960315e-01	7.29799965e-01
4267            	5.55814749e-02	4.57116448e-02	1.57077555e+00	8.40969251e-01	7.29806301e-01
4268            	5.55829554e-02	4.57115902e-02	1.57079098e+00	8.40978447e-01	7.29812537e-01
4269            	5.55845368e-02	4.57116618e-02	1.57080640e+00	8.40987737e-01	7.29818664e-01
4270            	5.55861189e-02	4.57117829e-02	1.57082162e+00	8.40996931e-01	7.29824693e-01
4271            	5.55875994e-02	4.57118710e-02	1.57083649e+00	8.41005845e-01	7.29830646e-01
4272            	5.55888897e-02	4.57118533e-02	1.57085087e+00	8.41014323e-01	7.29836544e-01
4273            	5.55899243e-02	4.57116847e-02	1.57086469e+00	8.41022268e-01	7.29842419e-01
4274            	5.55907095e-02	4.57113662e-02	1.57087796e+00	8.41029691e-01	7.29848272e-01
4275            	5.55912671e-02	4.57109116e-02	1.57089074e+00	8.41036635e-01	7.29854101e-01
4276            	5.55916319e-02	4.57103445e-02	1.57090307e+00	8.41043167e-01	7.29859903e-01
4277            	5.55918458e-02	4.57096919e-02	1.57091505e+00	8.41049373e-01	7.29865681e-01
4278            	5.55919403e-02	4.57089753e-02	1.57092678e+00	8.41055331e-01	7.29871450e-01
4279            	5.55905907e-02	4.57075259e-02	1.57093369e+00	8.41057435e-01	7.29876254e-01
4280            	5.55911825e-02	4.57069857e-02	1.57094717e+00	8.41064767e-01	7.29882402e-01
4281            	5.55918600e-02	4.57065272e-02	1.57096081e+00	8.41072264e-01	7.29888544e-01
4282            	5.55924934e-02	4.57061044e-02	1.57097414e+00	8.41079562e-01	7.29894575e-01
4283            	5.55929551e-02	4.57056415e-02	1.57098680e+00	8.41086353e-01	7.29900443e-01
4284            	5.55932065e-02	4.57050959e-02	1.57099865e+00	8.41092533e-01	7.29906120e-01
4285            	5.55920165e-02	4.57037700e-02	1.57100561e+00	8.41094820e-01	7.29910787e-01
4286            	5.55923232e-02	4.57031101e-02	1.57101794e+00	8.41101292e-01	7.29916646e-01
4287            	5.55924652e-02	4.57023257e-02	1.57102975e+00	8.41107340e-01	7.29922409e-01
4288            	5.55923203e-02	4.57013580e-02	1.57104068e+00	8.41112659e-01	7.29928018e-01
4289            	5.55918673e-02	4.57002017e-02	1.57105062e+00	8.41117176e-01	7.29933442e-01
4290            	5.55911114e-02	4.56988512e-02	1.57105960e+00	8.41120913e-01	7.29938690e-01
4291            	5.55900811e-02	4.56973062e-02	1.57106777e+00	8.41123965e-01	7.29943803e-01
4292            	5.55878253e-02	4.56950737e-02	1.57107183e+00	8.41123738e-01	7.29948087e-01
4293            	5.55866884e-02	4.56932028e-02	1.57108087e+00	8.41127121e-01	7.29953744e-01
4294            	5.55854481e-02	4.56912745e-02	1.57108970e+00	8.41130297e-01	7.29959400e-01
4295            	5.55840589e-02	4.56893170e-02	1.57109793e+00	8.41133024e-01	7.29964906e-01
4296            	5.55824941e-02	4.56873225e-02	1.57110534e+00	8.41135166e-01	7.29970178e-01
4297            	5.55807592e-02	4.56852678e-02	1.57111190e+00	8.41136709e-01	7.29975191e-01
4298            	5.55788840e-02	4.56831178e-02	1.57111774e+00	8.41137754e-01	7.29979986e-01
4299            	5.55761654e-02	4.56804925e-02	1.57112036e+00	8.41136343e-01	7.29984012e-01
4300            	5.55742917e-02	4.56780162e-02	1.57112770e+00	8.41138142e-01	7.29989558e-01
4301            	5.55723751e-02	4.56755078e-02	1.57113481e+00	8.41139779e-01	7.29995029e-01
4302            	5.55703425e-02	4.56729652e-02	1.57114126e+00	8.41140971e-01	7.30000285e-01
4303            	5.55681414e-02	4.56703538e-02	1.57114682e+00	8.41141551e-01	7.30005268e-01
4304            	5.55653458e-02	4.56674327e-02	1.57114959e+00	8.41140141e-01	7.30009450e-01
4305            	5.55636798e-02	4.56649074e-02	1.57115577e+00	8.41141566e-01	7.30014206e-01
4306            	5.55609889e-02	4.56617634e-02	1.57116103e+00	8.41141504e-01	7.30019526e-01
4307            	5.55594438e-02	4.56594122e-02	1.57116579e+00	8.41142337e-01	7.30023450e-01
4308            	5.55579221e-02	4.56570578e-02	1.57117006e+00	8.41142952e-01	7.30027108e-01
4309            	5.55564764e-02	4.56546471e-02	1.57117459e+00	8.41143773e-01	7.30030820e-01
4310            	5.55532561e-02	4.56510168e-02	1.57117700e+00	8.41141758e-01	7.30035246e-01
4311            	5.55501049e-02	4.56469344e-02	1.57118322e+00	8.41141714e-01	7.30041504e-01
4312            	5.55468524e-02	4.56429452e-02	1.57118925e+00	8.41141479e-01	7.30047774e-01
4313            	5.55433485e-02	4.56392013e-02	1.57119287e+00	8.41139784e-01	7.30053087e-01
4314            	5.55410435e-02	4.56360617e-02	1.57119977e+00	8.41140927e-01	7.30058840e-01
4315            	5.55370758e-02	4.56320298e-02	1.57120385e+00	8.41138999e-01	7.30064848e-01
4316            	5.55337104e-02	4.56286342e-02	1.57120609e+00	8.41136756e-01	7.30069336e-01
4317            	5.55315479e-02	4.56258283e-02	1.57121052e+00	8.41136806e-01	7.30073710e-01
4318            	5.55289063e-02	4.56226879e-02	1.57121324e+00	8.41135524e-01	7.30077712e-01
4319            	5.55273154e-02	4.56199491e-02	1.57121800e+00	8.41136316e-01	7.30081685e-01
4320            	5.55264433e-02	4.56176016e-02	1.57122316e+00	8.41138021e-01	7.30085135e-01
4321            	5.55259002e-02	4.56153875e-02	1.57122863e+00	8.41140215e-01	7.30088414e-01
4322            	5.55255954e-02	4.56131871e-02	1.57123482e+00	8.41143005e-01	7.30091815e-01
4323            	5.55235920e-02	4.56096707e-02	1.57123907e+00	8.41143128e-01	7.30095944e-01
4324            	5.55216788e-02	4.56055603e-02	1.57124700e+00	8.41145181e-01	7.30101823e-01
4325            	5.55195509e-02	4.56014665e-02	1.57125474e+00	8.41146920e-01	7.30107818e-01
4326            	5.55172527e-02	4.55975338e-02	1.57126179e+00	8.41148149e-01	7.30113644e-01
4327            	5.55147653e-02	4.55939965e-02	1.57126644e+00	8.41147986e-01	7.30118455e-01
4328            	5.55119853e-02	4.55899995e-02	1.57127285e+00	8.41148409e-01	7.30124438e-01
4329            	5.55095477e-02	4.55864602e-02	1.57127889e+00	8.41148991e-01	7.30129895e-01
4330            	5.55076491e-02	4.55834255e-02	1.57128490e+00	8.41150101e-01	7.30134803e-01
4331            	5.55075711e-02	4.55816238e-02	1.57129303e+00	8.41154085e-01	7.30138942e-01
4332            	5.55063103e-02	4.55788378e-02	1.57129985e+00	8.41156234e-01	7.30143614e-01
4333            	5.55056273e-02	4.55763416e-02	1.57130747e+00	8.41159363e-01	7.30148108e-01
4334            	5.55055034e-02	4.55741103e-02	1.57131596e+00	8.41163485e-01	7.30152479e-01
4335            	5.55058416e-02	4.55720767e-02	1.57132526e+00	8.41168474e-01	7.30156790e-01
4336            	5.55065008e-02	4.55701511e-02	1.57133524e+00	8.41174119e-01	7.30161118e-01
4337            	5.55069615e-02	4.55683151e-02	1.57134377e+00	8.41178844e-01	7.30164921e-01
4338            	5.55078913e-02	4.55661284e-02	1.57135585e+00	8.41185814e-01	7.30170032e-01
4339            	5.55087660e-02	4.55639019e-02	1.57136816e+00	8.41192844e-01	7.30175312e-01
4340            	5.55095117e-02	4.55616728e-02	1.57138034e+00	8.41199681e-01	7.30180657e-01
4341            	5.55101585e-02	4.55594998e-02	1.57139231e+00	8.41206315e-01	7.30185998e-01
4342            	5.55117775e-02	4.55582040e-02	1.57140525e+00	8.41214405e-01	7.30190850e-01
4343            	5.55121031e-02	4.55558164e-02	1.57141756e+00	8.41220883e-01	7.30196677e-01
4344            	5.55124978e-02	4.55535781e-02	1.57142998e+00	8.41227486e-01	7.30202490e-01
4345            	5.55130475e-02	4.55515444e-02	1.57144252e+00	8.41234307e-01	7.30208212e-01
4346            	5.55138131e-02	4.55497347e-02	1.57145522e+00	8.41241421e-01	7.30213795e-01
4347            	5.55148387e-02	4.55481494e-02	1.57146810e+00	8.41248891e-01	7.30219214e-01
4348            	5.55169465e-02	4.55474580e-02	1.57148187e+00	8.41257880e-01	7.30223987e-01
4349            	5.55184410e-02	4.55460015e-02	1.57149607e+00	8.41266478e-01	7.30229596e-01
4350            	5.55201323e-02	4.55446658e-02	1.57151047e+00	8.41275365e-01	7.30235101e-01
4351            	5.55219803e-02	4.55434338e-02	1.57152494e+00	8.41284451e-01	7.30240490e-01
4352            	5.55239634e-02	4.55422937e-02	1.57153948e+00	8.41293704e-01	7.30245778e-01
4353            	5.55261518e-02	4.55413035e-02	1.57155428e+00	8.41303294e-01	7.30250991e-01
4354            	5.55284889e-02	4.55404291e-02	1.57156930e+00	8.41313140e-01	7.30256163e-01
4355            	5.55309225e-02	4.55396422e-02	1.57158450e+00	8.41323173e-01	7.30261328e-01
4356            	5.55327326e-02	4.55388620e-02	1.57159705e+00	8.41331256e-01	7.30265791e-01
4357            	5.55354152e-02	4.55379823e-02	1.57161426e+00	8.41342544e-01	7.30271713e-01
4358            	5.55381016e-02	4.55371573e-02	1.57163167e+00	8.41353937e-01	7.30277734e-01
4359            	5.55408296e-02	4.55364745e-02	1.57164918e+00	8.41365419e-01	7.30283760e-01
4360            	5.55435248e-02	4.55358963e-02	1.57166654e+00	8.41376796e-01	7.30289746e-01
4361            	5.55461507e-02	4.55353870e-02	1.57168365e+00	8.41387976e-01	7.30295675e-01
4362            	5.55487089e-02	4.55349248e-02	1.57170051e+00	8.41398962e-01	7.30301544e-01
4363            	5.55512300e-02	4.55345052e-02	1.57171718e+00	8.41409818e-01	7.30307358e-01
4364            	5.55538387e-02	4.55342068e-02	1.57173389e+00	8.41420785e-01	7.30313107e-01
4365            	5.55565107e-02	4.55340011e-02	1.57175060e+00	8.41431808e-01	7.30318787e-01
4366            	5.55584542e-02	4.55337087e-02	1.57176428e+00	8.41440596e-01	7.30323687e-01
4367            	5.55614538e-02	4.55334570e-02	1.57178307e+00	8.41452990e-01	7.30330082e-01
4368            	5.55647652e-02	4.55336754e-02	1.57180122e+00	8.41465378e-01	7.30335847e-01
4369            	5.55671867e-02	4.55333025e-02	1.57181792e+00	8.41476149e-01	7.30341775e-01
4370            	5.55696202e-02	4.55332497e-02	1.57183301e+00	8.41486127e-01	7.30346886e-01
4371            	5.55719615e-02	4.55333399e-02	1.57184681e+00	8.41495368e-01	7.30351445e-01
4372            	5.55741891e-02	4.55333970e-02	1.57186019e+00	8.41504283e-01	7.30355905e-01
4373            	5.55779983e-02	4.55338784e-02	1.57187951e+00	8.41517753e-01	7.30361757e-01
4374            	5.55812531e-02	4.55335990e-02	1.57190105e+00	8.41531777e-01	7.30369271e-01
4375            	5.55844911e-02	4.55334348e-02	1.57192245e+00	8.41545715e-01	7.30376732e-01
4376            	5.55888362e-02	4.55339482e-02	1.57194581e+00	8.41561740e-01	7.30384067e-01
4377            	5.55919356e-02	4.55339743e-02	1.57196566e+00	8.41574766e-01	7.30390895e-01
4378            	5.55944397e-02	4.55339605e-02	1.57198217e+00	8.41585523e-01	7.30396644e-01
4379            	5.55957003e-02	4.55330597e-02	1.57199827e+00	8.41594834e-01	7.30403434e-01
4380            	5.55968069e-02	4.55323232e-02	1.57201300e+00	8.41603306e-01	7.30409692e-01
4381            	5.55997108e-02	4.55326834e-02	1.57203073e+00	8.41615074e-01	7.30415652e-01
4382            	5.56019793e-02	4.55328909e-02	1.57204622e+00	8.41625088e-01	7.30421130e-01
4383            	5.56038248e-02	4.55330039e-02	1.57206014e+00	8.41633893e-01	7.30426244e-01
4384            	5.56055548e-02	4.55331383e-02	1.57207342e+00	8.41642265e-01	7.30431155e-01
4385            	5.56091033e-02	4.55342501e-02	1.57209037e+00	8.41654290e-01	7.30436084e-01
4386            	5.56120104e-02	4.55349946e-02	1.57210621e+00	8.41665117e-01	7.30441096e-01
4387            	5.56144131e-02	4.55354263e-02	1.57212135e+00	8.41675088e-01	7.30446262e-01
4388            	5.56165733e-02	4.55356895e-02	1.57213643e+00	8.41684788e-01	7.30451642e-01
4389            	5.56205997e-02	4.55369127e-02	1.57215586e+00	8.41698529e-01	7.30457330e-01
4390            	5.56237673e-02	4.55376092e-02	1.57217404e+00	8.41710789e-01	7.30463254e-01
4391            	5.56262797e-02	4.55379303e-02	1.57219130e+00	8.41721932e-01	7.30469373e-01
4392            	5.56283900e-02	4.55380438e-02	1.57220809e+00	8.41732436e-01	7.30475656e-01
4393            	5.56323041e-02	4.55391617e-02	1.57222875e+00	8.41746680e-01	7.30482071e-01
4394            	5.56352707e-02	4.55397784e-02	1.57224765e+00	8.41759096e-01	7.30488554e-01
4395            	5.56374404e-02	4.55399910e-02	1.57226496e+00	8.41769919e-01	7.30495038e-01
4396            	5.56391261e-02	4.55400061e-02	1.57228123e+00	8.41779740e-01	7.30501488e-01
4397            	5.56406091e-02	4.55399890e-02	1.57229696e+00	8.41789087e-01	7.30507869e-01
4398            	5.56440695e-02	4.55411247e-02	1.57231629e+00	8.41802217e-01	7.30514078e-01
4399            	5.56468051e-02	4.55418872e-02	1.57233400e+00	8.41813806e-01	7.30520196e-01
4400            	5.56488710e-02	4.55422902e-02	1.57235013e+00	8.41823935e-01	7.30526193e-01
4401            	5.56504560e-02	4.55424450e-02	1.57236506e+00	8.41832986e-01	7.30532074e-01
4402            	5.56517494e-02	4.55424487e-02	1.57237920e+00	8.41841348e-01	7.30537849e-01
4403            	5.56529129e-02	4.55423783e-02	1.57239288e+00	8.41849350e-01	7.30543525e-01
4404            	5.56540692e-02	4.55422882e-02	1.57240634e+00	8.41857241e-01	7.30549103e-01
4405            	5.56552883e-02	4.55422032e-02	1.57241976e+00	8.41865166e-01	7.30554590e-01
4406            	5.56566330e-02	4.55421679e-02	1.57243327e+00	8.41873269e-01	7.30560003e-01
4407            	5.56581115e-02	4.55421841e-02	1.57244694e+00	8.41881582e-01	7.30565359e-01
4408            	5.56597008e-02	4.55422399e-02	1.57246076e+00	8.41890081e-01	7.30570680e-01
4409            	5.56613610e-02	4.55423197e-02	1.57247470e+00	8.41898712e-01	7.30575990e-01
4410            	5.56630404e-02	4.55424033e-02	1.57248871e+00	8.41907395e-01	7.30581314e-01
4411            	5.56646883e-02	4.55424731e-02	1.57250272e+00	8.41916049e-01	7.30586673e-01
4412            	5.56662842e-02	4.55425452e-02	1.57251675e+00	8.41924658e-01	7.30592090e-01
4413            	5.56678241e-02	4.55426278e-02	1.57253078e+00	8.41933213e-01	7.30597565e-01
4414            	5.56693049e-02	4.55427254e-02	1.57254480e+00	8.41941703e-01	7.30603094e-01
4415            	5.56707287e-02	4.55428434e-02	1.57255878e+00	8.41950120e-01	7.30608663e-01
4416            	5.56720996e-02	4.55429843e-02	1.57257271e+00	8.41958456e-01	7.30614257e-01
4417            	5.56734332e-02	4.55431700e-02	1.57258660e+00	8.41966735e-01	7.30619868e-01
4418            	5.56747582e-02	4.55434125e-02	1.57260045e+00	8.41974985e-01	7.30625468e-01
4419            	5.56760834e-02	4.55437062e-02	1.57261423e+00	8.41983198e-01	7.30631031e-01
4420            	5.56773999e-02	4.55440309e-02	1.57262787e+00	8.41991337e-01	7.30636538e-01
4421            	5.56786829e-02	4.55443563e-02	1.57264131e+00	8.41999339e-01	7.30641973e-01
4422            	5.56800313e-02	4.55446743e-02	1.57265363e+00	8.42006847e-01	7.30646785e-01
4423            	5.56811447e-02	4.55448532e-02	1.57266706e+00	8.42014676e-01	7.30652387e-01
4424            	5.56822265e-02	4.55450213e-02	1.57268031e+00	8.42022381e-01	7.30657928e-01
4425            	5.56832713e-02	4.55451796e-02	1.57269323e+00	8.42029885e-01	7.30663343e-01
4426            	5.56842407e-02	4.55452971e-02	1.57270568e+00	8.42037082e-01	7.30668601e-01
4427            	5.56850822e-02	4.55453276e-02	1.57271757e+00	8.42043865e-01	7.30673701e-01
4428            	5.56857410e-02	4.55452214e-02	1.57272880e+00	8.42050139e-01	7.30678657e-01
4429            	5.56861731e-02	4.55449495e-02	1.57273936e+00	8.42055851e-01	7.30683505e-01
4430            	5.56863941e-02	4.55445178e-02	1.57274931e+00	8.42061047e-01	7.30688259e-01
4431            	5.56864242e-02	4.55439401e-02	1.57275872e+00	8.42065785e-01	7.30692936e-01
4432            	5.56862865e-02	4.55432366e-02	1.57276769e+00	8.42070132e-01	7.30697559e-01
4433            	5.56860050e-02	4.55424301e-02	1.57277631e+00	8.42074158e-01	7.30702148e-01
4434            	5.56856053e-02	4.55415434e-02	1.57278466e+00	8.42077935e-01	7.30706725e-01
4435            	5.56851127e-02	4.55406053e-02	1.57279287e+00	8.42081546e-01	7.30711321e-01
4436            	5.56846021e-02	4.55396728e-02	1.57280107e+00	8.42085139e-01	7.30715934e-01
4437            	5.56828429e-02	4.55380998e-02	1.57280524e+00	8.42085461e-01	7.30719775e-01
4438            	5.56829329e-02	4.55374675e-02	1.57281544e+00	8.42090655e-01	7.30724789e-01
4439            	5.56831021e-02	4.55369350e-02	1.57282587e+00	8.42096039e-01	7.30729835e-01
4440            	5.56831960e-02	4.55364377e-02	1.57283605e+00	8.42101221e-01	7.30734829e-01
4441            	5.56831405e-02	4.55359321e-02	1.57284569e+00	8.42105983e-01	7.30739702e-01
4442            	5.56828828e-02	4.55353607e-02	1.57285462e+00	8.42110194e-01	7.30744428e-01
4443            	5.56823980e-02	4.55346688e-02	1.57286283e+00	8.42113811e-01	7.30749015e-01
4444            	5.56806148e-02	4.55332038e-02	1.57286677e+00	8.42113998e-01	7.30752768e-01
4445            	5.56801037e-02	4.55323219e-02	1.57287538e+00	8.42117793e-01	7.30757586e-01
4446            	5.56793784e-02	4.55312568e-02	1.57288353e+00	8.42121141e-01	7.30762384e-01
4447            	5.56783723e-02	4.55299933e-02	1.57289090e+00	8.42123822e-01	7.30767078e-01
4448            	5.56770478e-02	4.55285153e-02	1.57289732e+00	8.42125710e-01	7.30771614e-01
4449            	5.56754023e-02	4.55268137e-02	1.57290276e+00	8.42126783e-01	7.30775978e-01
4450            	5.56734612e-02	4.55248856e-02	1.57290730e+00	8.42127110e-01	7.30780188e-01
4451            	5.56704980e-02	4.55223396e-02	1.57290831e+00	8.42124652e-01	7.30783656e-01
4452            	5.56682489e-02	4.55199691e-02	1.57291295e+00	8.42124726e-01	7.30788228e-01
4453            	5.56658957e-02	4.55175070e-02	1.57291728e+00	8.42124536e-01	7.30792745e-01
4454            	5.56634333e-02	4.55149878e-02	1.57292105e+00	8.42123958e-01	7.30797092e-01
4455            	5.56608692e-02	4.55124203e-02	1.57292416e+00	8.42122951e-01	7.30801213e-01
4456            	5.56582400e-02	4.55098079e-02	1.57292668e+00	8.42121579e-01	7.30805099e-01
4457            	5.56555949e-02	4.55071458e-02	1.57292880e+00	8.42119993e-01	7.30808803e-01
4458            	5.56524265e-02	4.55041899e-02	1.57292861e+00	8.42116734e-01	7.30811881e-01
4459            	5.56496695e-02	4.55011432e-02	1.57293166e+00	8.42115500e-01	7.30816161e-01
4460            	5.56469415e-02	4.54981044e-02	1.57293469e+00	8.42114288e-01	7.30820405e-01
4461            	5.56442103e-02	4.54950984e-02	1.57293743e+00	8.42112927e-01	7.30824507e-01
4462            	5.56414544e-02	4.54921167e-02	1.57293977e+00	8.42111337e-01	7.30828429e-01
4463            	5.56384261e-02	4.54890281e-02	1.57294032e+00	8.42108587e-01	7.30831735e-01
4464            	5.56365080e-02	4.54863849e-02	1.57294408e+00	8.42108550e-01	7.30835534e-01
4465            	5.56336095e-02	4.54831460e-02	1.57294603e+00	8.42106626e-01	7.30839407e-01
4466            	5.56314900e-02	4.54804641e-02	1.57294867e+00	8.42105823e-01	7.30842843e-01
4467            	5.56299758e-02	4.54781896e-02	1.57295185e+00	8.42105899e-01	7.30845947e-01
4468            	5.56285966e-02	4.54759376e-02	1.57295532e+00	8.42106254e-01	7.30849061e-01
4469            	5.56271553e-02	4.54735186e-02	1.57295916e+00	8.42106735e-01	7.30852425e-01
4470            	5.56263302e-02	4.54710745e-02	1.57296648e+00	8.42109569e-01	7.30856909e-01
4471            	5.56244256e-02	4.54678957e-02	1.57297263e+00	8.42110739e-01	7.30861888e-01
4472            	5.56189494e-02	4.54624365e-02	1.57297439e+00	8.42106147e-01	7.30868248e-01
4473            	5.56142132e-02	4.54581015e-02	1.57297383e+00	8.42101128e-01	7.30872702e-01
4474            	5.56094071e-02	4.54535779e-02	1.57297500e+00	8.42096906e-01	7.30878091e-01
4475            	5.56055559e-02	4.54499738e-02	1.57297541e+00	8.42093260e-01	7.30882148e-01
4476            	5.56035660e-02	4.54473765e-02	1.57297915e+00	8.42093139e-01	7.30886007e-01
4477            	5.56014088e-02	4.54446380e-02	1.57298173e+00	8.42092276e-01	7.30889458e-01
4478            	5.55995854e-02	4.54419903e-02	1.57298423e+00	8.42091701e-01	7.30892530e-01
4479            	5.55982879e-02	4.54394788e-02	1.57298742e+00	8.42091999e-01	7.30895423e-01
4480            	5.55971775e-02	4.54369196e-02	1.57299074e+00	8.42092546e-01	7.30898191e-01
4481            	5.55968936e-02	4.54346481e-02	1.57299596e+00	8.42094874e-01	7.30901087e-01
4482            	5.55973493e-02	4.54328816e-02	1.57300218e+00	8.42098438e-01	7.30903739e-01
4483            	5.55980485e-02	4.54312859e-02	1.57300890e+00	8.42102498e-01	7.30906401e-01
4484            	5.55989425e-02	4.54297275e-02	1.57301656e+00	8.42107224e-01	7.30909339e-01
4485            	5.55983493e-02	4.54269949e-02	1.57302286e+00	8.42109781e-01	7.30913082e-01
4486            	5.55981758e-02	4.54239096e-02	1.57303342e+00	8.42114888e-01	7.30918536e-01
4487            	5.55977140e-02	4.54208324e-02	1.57304388e+00	8.42119653e-01	7.30924225e-01
4488            	5.55966455e-02	4.54179700e-02	1.57305150e+00	8.42122397e-01	7.30929106e-01
4489            	5.55952307e-02	4.54145921e-02	1.57306116e+00	8.42125811e-01	7.30935349e-01
4490            	5.55938094e-02	4.54115880e-02	1.57306969e+00	8.42128654e-01	7.30941035e-01
4491            	5.55926990e-02	4.54090954e-02	1.57307751e+00	8.42131452e-01	7.30946054e-01
4492            	5.55947368e-02	4.54091373e-02	1.57309046e+00	8.42139968e-01	7.30950494e-01
4493            	5.55953208e-02	4.54082014e-02	1.57310105e+00	8.42145848e-01	7.30955206e-01
4494            	5.55958772e-02	4.54071726e-02	1.57311045e+00	8.42151103e-01	7.30959349e-01
4495            	5.55984007e-02	4.54076026e-02	1.57312379e+00	8.42160298e-01	7.30963497e-01
4496            	5.55998063e-02	4.54072665e-02	1.57313294e+00	8.42166274e-01	7.30966662e-01
4497            	5.56034557e-02	4.54080203e-02	1.57314899e+00	8.42177950e-01	7.30971039e-01
4498            	5.56079917e-02	4.54093279e-02	1.57316735e+00	8.42191666e-01	7.30975683e-01
4499            	5.56105942e-02	4.54089620e-02	1.57318132e+00	8.42201255e-01	7.30980067e-01
4500            	5.56136043e-02	4.54088109e-02	1.57319671e+00	8.42211959e-01	7.30984750e-01
4501            	5.56146974e-02	4.54069626e-02	1.57320803e+00	8.42218712e-01	7.30989317e-01
4502            	5.56164669e-02	4.54055671e-02	1.57322131e+00	8.42227120e-01	7.30994186e-01
4503            	5.56188519e-02	4.54044345e-02	1.57323765e+00	8.42237675e-01	7.30999971e-01
4504            	5.56191706e-02	4.54018146e-02	1.57324814e+00	8.42243241e-01	7.31004900e-01
4505            	5.56203862e-02	4.53999790e-02	1.57326060e+00	8.42250688e-01	7.31009916e-01
4506            	5.56223024e-02	4.53987890e-02	1.57327461e+00	8.42259608e-01	7.31015003e-01
4507            	5.56224244e-02	4.53961987e-02	1.57328434e+00	8.42264597e-01	7.31019748e-01
4508            	5.56237273e-02	4.53946039e-02	1.57329657e+00	8.42272010e-01	7.31024555e-01
4509            	5.56238169e-02	4.53920257e-02	1.57330579e+00	8.42276711e-01	7.31029077e-01
4510            	5.56256311e-02	4.53906627e-02	1.57331982e+00	8.42285543e-01	7.31034281e-01
4511            	5.56263872e-02	4.53886446e-02	1.57333015e+00	8.42291461e-01	7.31038686e-01
4512            	5.56290249e-02	4.53882224e-02	1.57334438e+00	8.42301216e-01	7.31043166e-01
4513            	5.56306358e-02	4.53870128e-02	1.57335625e+00	8.42308759e-01	7.31047488e-01
4514            	5.56318800e-02	4.53852569e-02	1.57336838e+00	8.42316068e-01	7.31052308e-01
4515            	5.56353814e-02	4.53856256e-02	1.57338442e+00	8.42327592e-01	7.31056829e-01
4516            	5.56381008e-02	4.53854418e-02	1.57339888e+00	8.42337541e-01	7.31061339e-01
4517            	5.56402946e-02	4.53848902e-02	1.57341240e+00	8.42346495e-01	7.31065906e-01
4518            	5.56422958e-02	4.53842183e-02	1.57342576e+00	8.42355177e-01	7.31070585e-01
4519            	5.56468424e-02	4.53856964e-02	1.57344489e+00	8.42369289e-01	7.31075605e-01
4520            	5.56504515e-02	4.53865150e-02	1.57346239e+00	8.42381649e-01	7.31080746e-01
4521            	5.56533532e-02	4.53868441e-02	1.57347864e+00	8.42392675e-01	7.31085969e-01
4522            	5.56557901e-02	4.53868551e-02	1.57349408e+00	8.42402830e-01	7.31091250e-01
4523            	5.56584676e-02	4.53871516e-02	1.57350919e+00	8.42413063e-01	7.31096128e-01
4524            	5.56606763e-02	4.53867689e-02	1.57352579e+00	8.42423573e-01	7.31102220e-01
4525            	5.56630381e-02	4.53865293e-02	1.57354273e+00	8.42434401e-01	7.31108325e-01
4526            	5.56656343e-02	4.53865310e-02	1.57355988e+00	8.42445575e-01	7.31114306e-01
4527            	5.56684526e-02	4.53867838e-02	1.57357706e+00	8.42456981e-01	7.31120076e-01
4528            	5.56707603e-02	4.53871330e-02	1.57359141e+00	8.42466465e-01	7.31124945e-01
4529            	5.56731014e-02	4.53876101e-02	1.57360476e+00	8.42475483e-01	7.31129280e-01
4530            	5.56752847e-02	4.53880997e-02	1.57361695e+00	8.42483760e-01	7.31133191e-01
4531            	5.56772401e-02	4.53884891e-02	1.57362828e+00	8.42491380e-01	7.31136900e-01
4532            	5.56790149e-02	4.53887254e-02	1.57363945e+00	8.42498738e-01	7.31140708e-01
4533            	5.56825505e-02	4.53895605e-02	1.57365684e+00	8.42510968e-01	7.31145867e-01
4534            	5.56842828e-02	4.53895578e-02	1.57366986e+00	8.42519211e-01	7.31150646e-01
4535            	5.56880407e-02	4.53903073e-02	1.57369011e+00	8.42533096e-01	7.31157015e-01
4536            	5.56923678e-02	4.53910598e-02	1.57371557e+00	8.42550152e-01	7.31165416e-01
4537            	5.56943962e-02	4.53912247e-02	1.57373148e+00	8.42560135e-01	7.31171343e-01
4538            	5.56989112e-02	4.53926268e-02	1.57375567e+00	8.42576747e-01	7.31178925e-01
4539            	5.57030332e-02	4.53941173e-02	1.57377727e+00	8.42591669e-01	7.31185602e-01
4540            	5.57066171e-02	4.53955334e-02	1.57379612e+00	8.42604678e-01	7.31191444e-01
4541            	5.57086208e-02	4.53962849e-02	1.57380906e+00	8.42613153e-01	7.31195912e-01
4542            	5.57114788e-02	4.53974709e-02	1.57382501e+00	8.42623986e-01	7.31201028e-01
4543            	5.57137014e-02	4.53983358e-02	1.57383880e+00	8.42633103e-01	7.31205701e-01
4544            	5.57153688e-02	4.53988778e-02	1.57385088e+00	8.42640811e-01	7.31210074e-01
4545            	5.57166218e-02	4.53991379e-02	1.57386185e+00	8.42647547e-01	7.31214303e-01
4546            	5.57176307e-02	4.53991860e-02	1.57387231e+00	8.42653785e-01	7.31218524e-01
4547            	5.57186112e-02	4.53991482e-02	1.57388287e+00	8.42660048e-01	7.31222826e-01
4548            	5.57196936e-02	4.53990901e-02	1.57389395e+00	8.42666671e-01	7.31227284e-01
4549            	5.57209636e-02	4.53990623e-02	1.57390580e+00	8.42673862e-01	7.31231935e-01
4550            	5.57224641e-02	4.53991023e-02	1.57391850e+00	8.42681713e-01	7.31236785e-01
4551            	5.57241947e-02	4.53992301e-02	1.57393202e+00	8.42690207e-01	7.31241817e-01
4552            	5.57261219e-02	4.53994510e-02	1.57394625e+00	8.42699248e-01	7.31247004e-01
4553            	5.57282374e-02	4.53998026e-02	1.57396110e+00	8.42708786e-01	7.31252311e-01
4554            	5.57304873e-02	4.54002754e-02	1.57397638e+00	8.42718679e-01	7.31257704e-01
4555            	5.57328080e-02	4.54008472e-02	1.57399192e+00	8.42728768e-01	7.31263152e-01
4556            	5.57351464e-02	4.54014974e-02	1.57400755e+00	8.42738921e-01	7.31268629e-01
4557            	5.57374578e-02	4.54022044e-02	1.57402314e+00	8.42749026e-01	7.31274110e-01
4558            	5.57397051e-02	4.54029448e-02	1.57403857e+00	8.42758989e-01	7.31279578e-01
4559            	5.57418579e-02	4.54036944e-02	1.57405375e+00	8.42768734e-01	7.31285018e-01
4560            	5.57439221e-02	4.54044628e-02	1.57406869e+00	8.42778265e-01	7.31290421e-01
4561            	5.57458868e-02	4.54052276e-02	1.57408330e+00	8.42787538e-01	7.31295765e-01
4562            	5.57477312e-02	4.54059550e-02	1.57409752e+00	8.42796492e-01	7.31301030e-01
4563            	5.57494324e-02	4.54066094e-02	1.57411127e+00	8.42805065e-01	7.31306200e-01
4564            	5.57509700e-02	4.54071591e-02	1.57412446e+00	8.42813202e-01	7.31311262e-01
4565            	5.57523261e-02	4.54075768e-02	1.57413707e+00	8.42820859e-01	7.31316207e-01
4566            	5.57534901e-02	4.54078434e-02	1.57414905e+00	8.42828015e-01	7.31321035e-01
4567            	5.57544859e-02	4.54079836e-02	1.57416049e+00	8.42834729e-01	7.31325757e-01
4568            	5.57553545e-02	4.54080186e-02	1.57417146e+00	8.42841084e-01	7.31330375e-01
4569            	5.57561330e-02	4.54079705e-02	1.57418206e+00	8.42847161e-01	7.31334895e-01
4570            	5.57568536e-02	4.54078626e-02	1.57419237e+00	8.42853038e-01	7.31339331e-01
4571            	5.57575367e-02	4.54077143e-02	1.57420248e+00	8.42858776e-01	7.31343702e-01
4572            	5.57581909e-02	4.54075399e-02	1.57421244e+00	8.42864413e-01	7.31348031e-01
4573            	5.57588145e-02	4.54073474e-02	1.57422231e+00	8.42869968e-01	7.31352339e-01
4574            	5.57594142e-02	4.54071675e-02	1.57423214e+00	8.42875487e-01	7.31356658e-01
4575            	5.57600252e-02	4.54070306e-02	1.57424204e+00	8.42881045e-01	7.31360995e-01
4576            	5.57608642e-02	4.54070222e-02	1.57425161e+00	8.42886671e-01	7.31364943e-01
4577            	5.57615222e-02	4.54069535e-02	1.57426219e+00	8.42892615e-01	7.31369570e-01
4578            	5.57622560e-02	4.54069903e-02	1.57427298e+00	8.42898748e-01	7.31374236e-01
4579            	5.57630339e-02	4.54071194e-02	1.57428383e+00	8.42904951e-01	7.31378883e-01
4580            	5.57637982e-02	4.54072963e-02	1.57429456e+00	8.42911079e-01	7.31383482e-01
4581            	5.57644947e-02	4.54074841e-02	1.57430505e+00	8.42917018e-01	7.31388028e-01
4582            	5.57650964e-02	4.54076450e-02	1.57431519e+00	8.42922693e-01	7.31392500e-01
4583            	5.57655695e-02	4.54077358e-02	1.57432492e+00	8.42928028e-01	7.31396889e-01
4584            	5.57658798e-02	4.54077164e-02	1.57433414e+00	8.42932948e-01	7.31401188e-01
4585            	5.57659972e-02	4.54075541e-02	1.57434280e+00	8.42937396e-01	7.31405402e-01
4586            	5.57659021e-02	4.54072266e-02	1.57435088e+00	8.42941340e-01	7.31409536e-01
4587            	5.57655892e-02	4.54067241e-02	1.57435839e+00	8.42944783e-01	7.31413604e-01
4588            	5.57650713e-02	4.54060509e-02	1.57436538e+00	8.42947762e-01	7.31417619e-01
4589            	5.57643790e-02	4.54052359e-02	1.57437197e+00	8.42950365e-01	7.31421607e-01
4590            	5.57624761e-02	4.54037212e-02	1.57437472e+00	8.42949837e-01	7.31424885e-01
4591            	5.57620887e-02	4.54029518e-02	1.57438241e+00	8.42953294e-01	7.31429117e-01
4592            	5.57617207e-02	4.54022044e-02	1.57439010e+00	8.42956770e-01	7.31433328e-01
4593            	5.57612826e-02	4.54014543e-02	1.57439746e+00	8.42960014e-01	7.31437449e-01
4594            	5.57607048e-02	4.54006619e-02	1.57440429e+00	8.42962851e-01	7.31441442e-01
4595            	5.57599435e-02	4.53997830e-02	1.57441049e+00	8.42965189e-01	7.31445302e-01
4596            	5.57589847e-02	4.53987853e-02	1.57441610e+00	8.42967033e-01	7.31449064e-01
4597            	5.57569666e-02	4.53971621e-02	1.57441821e+00	8.42966074e-01	7.31452141e-01
4598            	5.57561152e-02	4.53960842e-02	1.57442446e+00	8.42968343e-01	7.31456113e-01
4599            	5.57551833e-02	4.53949275e-02	1.57443051e+00	8.42970439e-01	7.31460073e-01
4600            	5.57540728e-02	4.53936508e-02	1.57443607e+00	8.42972107e-01	7.31463961e-01
4601            	5.57527140e-02	4.53922139e-02	1.57444091e+00	8.42973171e-01	7.31467743e-01
4602            	5.57516560e-02	4.53911708e-02	1.57444643e+00	8.42974869e-01	7.31471557e-01
4603            	5.57507680e-02	4.53902590e-02	1.57445186e+00	8.42976700e-01	7.31475164e-01
4604            	5.57490839e-02	4.53888700e-02	1.57445427e+00	8.42976218e-01	7.31478050e-01
4605            	5.57483874e-02	4.53879178e-02	1.57446051e+00	8.42978643e-01	7.31481868e-01
4606            	5.57472655e-02	4.53865848e-02	1.57446598e+00	8.42980256e-01	7.31485725e-01
4607            	5.57454345e-02	4.53846779e-02	1.57446998e+00	8.42980423e-01	7.31489554e-01
4608            	5.57427901e-02	4.53821237e-02	1.57447217e+00	8.42978873e-01	7.31493293e-01
4609            	5.57394144e-02	4.53789782e-02	1.57447260e+00	8.42975715e-01	7.31496886e-01
4610            	5.57355244e-02	4.53753934e-02	1.57447168e+00	8.42971366e-01	7.31500317e-01
4611            	5.57310924e-02	4.53714863e-02	1.57446842e+00	8.42965303e-01	7.31503119e-01
4612            	5.57265112e-02	4.53671438e-02	1.57446666e+00	8.42959842e-01	7.31506820e-01
4613            	5.57221293e-02	4.53629552e-02	1.57446494e+00	8.42954602e-01	7.31510343e-01
4614            	5.57181402e-02	4.53591029e-02	1.57446350e+00	8.42949889e-01	7.31513609e-01
4615            	5.57146708e-02	4.53556767e-02	1.57446257e+00	8.42945954e-01	7.31516612e-01
4616            	5.57117813e-02	4.53526916e-02	1.57446235e+00	8.42942955e-01	7.31519393e-01
4617            	5.57092452e-02	4.53499975e-02	1.57446190e+00	8.42940193e-01	7.31521703e-01
4618            	5.57079565e-02	4.53478854e-02	1.57446473e+00	8.42940324e-01	7.31524411e-01
4619            	5.57065006e-02	4.53456445e-02	1.57446764e+00	8.42940321e-01	7.31527320e-01
4620            	5.57048543e-02	4.53432764e-02	1.57447083e+00	8.42940271e-01	7.31530563e-01
4621            	5.57030353e-02	4.53408621e-02	1.57447391e+00	8.42939989e-01	7.31533918e-01
4622            	5.57019150e-02	4.53389466e-02	1.57447751e+00	8.42940670e-01	7.31536840e-01
4623            	5.57014355e-02	4.53374557e-02	1.57448186e+00	8.42942367e-01	7.31539496e-01
4624            	5.57010524e-02	4.53359520e-02	1.57448655e+00	8.42944328e-01	7.31542223e-01
4625            	5.57005901e-02	4.53342715e-02	1.57449156e+00	8.42946371e-01	7.31545191e-01
4626            	5.57005612e-02	4.53324641e-02	1.57449961e+00	8.42950367e-01	7.31549245e-01
4627            	5.56993645e-02	4.53298320e-02	1.57450645e+00	8.42952591e-01	7.31553862e-01
4628            	5.56950669e-02	4.53252260e-02	1.57450917e+00	8.42949654e-01	7.31559520e-01
4629            	5.56931461e-02	4.53226360e-02	1.57451244e+00	8.42949366e-01	7.31563074e-01
4630            	5.56913844e-02	4.53202202e-02	1.57451550e+00	8.42949135e-01	7.31566366e-01
4631            	5.56876981e-02	4.53166198e-02	1.57451519e+00	8.42945293e-01	7.31569897e-01
4632            	5.56864028e-02	4.53143025e-02	1.57451949e+00	8.42946146e-01	7.31573340e-01
4633            	5.56833609e-02	4.53107952e-02	1.57452118e+00	8.42943949e-01	7.31577227e-01
4634            	5.56799917e-02	4.53066824e-02	1.57452414e+00	8.42942062e-01	7.31582078e-01
4635            	5.56792474e-02	4.53044526e-02	1.57452993e+00	8.42944210e-01	7.31585715e-01
4636            	5.56778068e-02	4.53017822e-02	1.57453369e+00	8.42944653e-01	7.31589039e-01
4637            	5.56756181e-02	4.52987376e-02	1.57453472e+00	8.42942979e-01	7.31591743e-01
4638            	5.56741256e-02	4.52960107e-02	1.57453672e+00	8.42942486e-01	7.31594235e-01
4639            	5.56740971e-02	4.52942450e-02	1.57454071e+00	8.42944452e-01	7.31596258e-01
4640            	5.56739543e-02	4.52921742e-02	1.57454501e+00	8.42946459e-01	7.31598550e-01
4641            	5.56747116e-02	4.52904934e-02	1.57455160e+00	8.42950513e-01	7.31601090e-01
4642            	5.56758115e-02	4.52889601e-02	1.57455941e+00	8.42955519e-01	7.31603896e-01
4643            	5.56775213e-02	4.52877559e-02	1.57456927e+00	8.42962155e-01	7.31607113e-01
4644            	5.56806477e-02	4.52878500e-02	1.57458349e+00	8.42972394e-01	7.31611098e-01
4645            	5.56835300e-02	4.52880611e-02	1.57459624e+00	8.42981649e-01	7.31614589e-01
4646            	5.56858058e-02	4.52879999e-02	1.57460748e+00	8.42989545e-01	7.31617933e-01
4647            	5.56890021e-02	4.52887261e-02	1.57462144e+00	8.42999720e-01	7.31621716e-01
4648            	5.56913524e-02	4.52888018e-02	1.57463403e+00	8.43008370e-01	7.31625665e-01
4649            	5.56958373e-02	4.52899973e-02	1.57465418e+00	8.43022929e-01	7.31631254e-01
4650            	5.57001541e-02	4.52912336e-02	1.57467545e+00	8.43037878e-01	7.31637570e-01
4651            	5.57011413e-02	4.52900093e-02	1.57469210e+00	8.43047191e-01	7.31644909e-01
4652            	5.57018431e-02	4.52891817e-02	1.57470491e+00	8.43054299e-01	7.31650613e-01
4653            	5.57013349e-02	4.52869031e-02	1.57471653e+00	8.43059602e-01	7.31656932e-01
4654            	5.57014106e-02	4.52854398e-02	1.57472643e+00	8.43064624e-01	7.31661802e-01
4655            	5.57029059e-02	4.52847000e-02	1.57473924e+00	8.43072524e-01	7.31666713e-01
4656            	5.57049588e-02	4.52842467e-02	1.57475237e+00	8.43081142e-01	7.31671225e-01
4657            	5.57067081e-02	4.52835649e-02	1.57476390e+00	8.43088657e-01	7.31675241e-01
4658            	5.57067747e-02	4.52813025e-02	1.57477058e+00	8.43092064e-01	7.31678514e-01
4659            	5.57079146e-02	4.52800667e-02	1.57477787e+00	8.43096852e-01	7.31681022e-01
4660            	5.57098910e-02	4.52794812e-02	1.57478629e+00	8.43103038e-01	7.31683256e-01
4661            	5.57125701e-02	4.52793762e-02	1.57479614e+00	8.43110640e-01	7.31685500e-01
4662            	5.57126649e-02	4.52770454e-02	1.57480130e+00	8.43113316e-01	7.31687986e-01
4663            	5.57142510e-02	4.52754172e-02	1.57481106e+00	8.43119781e-01	7.31691279e-01
4664            	5.57180721e-02	4.52749740e-02	1.57482731e+00	8.43131728e-01	7.31695584e-01
4665            	5.57195305e-02	4.52723157e-02	1.57484062e+00	8.43139839e-01	7.31700779e-01
4666            	5.57197855e-02	4.52691689e-02	1.57485095e+00	8.43145263e-01	7.31705692e-01
4667            	5.57224686e-02	4.52686677e-02	1.57486517e+00	8.43155052e-01	7.31710115e-01
4668            	5.57256670e-02	4.52690708e-02	1.57488082e+00	8.43166075e-01	7.31714741e-01
4669            	5.57277130e-02	4.52687395e-02	1.57489453e+00	8.43174977e-01	7.31719551e-01
4670            	5.57289093e-02	4.52679299e-02	1.57490665e+00	8.43182233e-01	7.31724414e-01
4671            	5.57299289e-02	4.52670723e-02	1.57491858e+00	8.43189216e-01	7.31729359e-01
4672            	5.57310471e-02	4.52664244e-02	1.57493058e+00	8.43196338e-01	7.31734244e-01
4673            	5.57345897e-02	4.52681005e-02	1.57494588e+00	8.43207531e-01	7.31738352e-01
4674            	5.57374721e-02	4.52693810e-02	1.57495889e+00	8.43216916e-01	7.31741972e-01
4675            	5.57398291e-02	4.52702710e-02	1.57497048e+00	8.43225071e-01	7.31745413e-01
4676            	5.57418729e-02	4.52708437e-02	1.57498160e+00	8.43232673e-01	7.31748927e-01
4677            	5.57455677e-02	4.52719294e-02	1.57499846e+00	8.43244800e-01	7.31753664e-01
4678            	5.57490959e-02	4.52726815e-02	1.57501630e+00	8.43257245e-01	7.31759053e-01
4679            	5.57513277e-02	4.52725727e-02	1.57503228e+00	8.43267466e-01	7.31764810e-01
4680            	5.57544320e-02	4.52727978e-02	1.57505119e+00	8.43280025e-01	7.31771161e-01
4681            	5.57572475e-02	4.52732741e-02	1.57506715e+00	8.43290823e-01	7.31776328e-01
4682            	5.57597857e-02	4.52738262e-02	1.57508083e+00	8.43300202e-01	7.31780631e-01
4683            	5.57620076e-02	4.52743162e-02	1.57509296e+00	8.43308488e-01	7.31784472e-01
4684            	5.57639118e-02	4.52746645e-02	1.57510411e+00	8.43315969e-01	7.31788145e-01
4685            	5.57655449e-02	4.52748540e-02	1.57511480e+00	8.43322946e-01	7.31791856e-01
4686            	5.57687764e-02	4.52756334e-02	1.57513112e+00	8.43334337e-01	7.31796784e-01
4687            	5.57699594e-02	4.52755127e-02	1.57514210e+00	8.43341007e-01	7.31801088e-01
4688            	5.57711718e-02	4.52754329e-02	1.57515351e+00	8.43347927e-01	7.31805583e-01
4689            	5.57744722e-02	4.52762641e-02	1.57517179e+00	8.43360365e-01	7.31811421e-01
4690            	5.57802224e-02	4.52781884e-02	1.57519893e+00	8.43379685e-01	7.31819241e-01
4691            	5.57847410e-02	4.52797759e-02	1.57522194e+00	8.43395712e-01	7.31826230e-01
4692            	5.57878902e-02	4.52809286e-02	1.57523998e+00	8.43407881e-01	7.31832101e-01
4693            	5.57888416e-02	4.52812595e-02	1.57524904e+00	8.43413364e-01	7.31835681e-01
4694            	5.57893146e-02	4.52812892e-02	1.57525754e+00	8.43418086e-01	7.31839457e-01
4695            	5.57928850e-02	4.52829724e-02	1.57527366e+00	8.43429717e-01	7.31843947e-01
4696            	5.57953030e-02	4.52840400e-02	1.57528687e+00	8.43438740e-01	7.31848134e-01
4697            	5.57967668e-02	4.52845851e-02	1.57529771e+00	8.43445622e-01	7.31852089e-01
4698            	5.57976236e-02	4.52847913e-02	1.57530706e+00	8.43451155e-01	7.31855907e-01
4699            	5.57982415e-02	4.52848560e-02	1.57531585e+00	8.43456166e-01	7.31859682e-01
4700            	5.58008364e-02	4.52859971e-02	1.57532845e+00	8.43465062e-01	7.31863389e-01
4701            	5.58028100e-02	4.52867335e-02	1.57534014e+00	8.43472881e-01	7.31867261e-01
4702            	5.58042576e-02	4.52871071e-02	1.57535116e+00	8.43479835e-01	7.31871320e-01
4703            	5.58053639e-02	4.52872254e-02	1.57536188e+00	8.43486306e-01	7.31875578e-01
4704            	5.58063306e-02	4.52872153e-02	1.57537273e+00	8.43492695e-01	7.31880034e-01
4705            	5.58073212e-02	4.52871864e-02	1.57538397e+00	8.43499305e-01	7.31884662e-01
4706            	5.58103183e-02	4.52882852e-02	1.57539919e+00	8.43509916e-01	7.31889279e-01
4707            	5.58127502e-02	4.52890360e-02	1.57541363e+00	8.43519567e-01	7.31894066e-01
4708            	5.58146088e-02	4.52894616e-02	1.57542714e+00	8.43528180e-01	7.31898962e-01
4709            	5.58159815e-02	4.52896435e-02	1.57543978e+00	8.43535870e-01	7.31903907e-01
4710            	5.58170211e-02	4.52896933e-02	1.57545177e+00	8.43542908e-01	7.31908866e-01
4711            	5.58178909e-02	4.52897180e-02	1.57546339e+00	8.43549586e-01	7.31913805e-01
4712            	5.58187698e-02	4.52898397e-02	1.57547490e+00	8.43556221e-01	7.31918681e-01
4713            	5.58214752e-02	4.52910948e-02	1.57548951e+00	8.43566232e-01	7.31923281e-01
4714            	5.58238451e-02	4.52922027e-02	1.57550342e+00	8.43575554e-01	7.31927864e-01
4715            	5.58258817e-02	4.52931136e-02	1.57551568e+00	8.43583720e-01	7.31931957e-01
4716            	5.58274279e-02	4.52937654e-02	1.57552830e+00	8.43591577e-01	7.31936721e-01
4717            	5.58286264e-02	4.52942321e-02	1.57554012e+00	8.43598685e-01	7.31941432e-01
4718            	5.58295435e-02	4.52945458e-02	1.57555116e+00	8.43605121e-01	7.31946034e-01
4719            	5.58302269e-02	4.52947187e-02	1.57556144e+00	8.43610945e-01	7.31950491e-01
4720            	5.58307099e-02	4.52947503e-02	1.57557098e+00	8.43616201e-01	7.31954781e-01
4721            	5.58310206e-02	4.52946377e-02	1.57557983e+00	8.43620937e-01	7.31958896e-01
4722            	5.58311931e-02	4.52943890e-02	1.57558808e+00	8.43625234e-01	7.31962848e-01
4723            	5.58312680e-02	4.52940248e-02	1.57559586e+00	8.43629199e-01	7.31966663e-01
4724            	5.58313223e-02	4.52936154e-02	1.57560340e+00	8.43633024e-01	7.31970380e-01
4725            	5.58314229e-02	4.52932112e-02	1.57561090e+00	8.43636875e-01	7.31974029e-01
4726            	5.58316147e-02	4.52928511e-02	1.57561852e+00	8.43640873e-01	7.31977644e-01
4727            	5.58319176e-02	4.52925592e-02	1.57562635e+00	8.43645090e-01	7.31981255e-01
4728            	5.58323272e-02	4.52923440e-02	1.57563443e+00	8.43649543e-01	7.31984889e-01
4729            	5.58328191e-02	4.52922006e-02	1.57564277e+00	8.43654203e-01	7.31988565e-01
4730            	5.58333614e-02	4.52921175e-02	1.57565132e+00	8.43659021e-01	7.31992298e-01
4731            	5.58339191e-02	4.52920790e-02	1.57566002e+00	8.43663931e-01	7.31996092e-01
4732            	5.58344613e-02	4.52920696e-02	1.57566882e+00	8.43668870e-01	7.31999947e-01
4733            	5.58349622e-02	4.52920738e-02	1.57567763e+00	8.43673778e-01	7.32003853e-01
4734            	5.58356057e-02	4.52921092e-02	1.57568606e+00	8.43678638e-01	7.32007426e-01
4735            	5.58359317e-02	4.52920524e-02	1.57569504e+00	8.43683451e-01	7.32011588e-01
4736            	5.58362052e-02	4.52920061e-02	1.57570393e+00	8.43688168e-01	7.32015758e-01
4737            	5.58364567e-02	4.52920065e-02	1.57571269e+00	8.43692802e-01	7.32019889e-01
4738            	5.58367011e-02	4.52920517e-02	1.57572126e+00	8.43697333e-01	7.32023931e-01
4739            	5.58369157e-02	4.52921058e-02	1.57572954e+00	8.43701686e-01	7.32027855e-01
4740            	5.58370541e-02	4.52921134e-02	1.57573740e+00	8.43705756e-01	7.32031648e-01
4741            	5.58370592e-02	4.52920122e-02	1.57574474e+00	8.43709429e-01	7.32035311e-01
4742            	5.58368712e-02	4.52917409e-02	1.57575145e+00	8.43712596e-01	7.32038854e-01
4743            	5.58364438e-02	4.52912532e-02	1.57575747e+00	8.43715181e-01	7.32042293e-01
4744            	5.58357540e-02	4.52905244e-02	1.57576280e+00	8.43717155e-01	7.32045647e-01
4745            	5.58348063e-02	4.52895564e-02	1.57576747e+00	8.43718542e-01	7.32048930e-01
4746            	5.58336266e-02	4.52883702e-02	1.57577157e+00	8.43719410e-01	7.32052157e-01
4747            	5.58322601e-02	4.52870051e-02	1.57577520e+00	8.43719861e-01	7.32055341e-01
4748            	5.58307622e-02	4.52855101e-02	1.57577850e+00	8.43720014e-01	7.32058490e-01
4749            	5.58300083e-02	4.52843177e-02	1.57578284e+00	8.43721430e-01	7.32061413e-01
4750            	5.58281602e-02	4.52825243e-02	1.57578571e+00	8.43721014e-01	7.32064694e-01
4751            	5.58263115e-02	4.52807566e-02	1.57578855e+00	8.43720586e-01	7.32067963e-01
4752            	5.58245440e-02	4.52790968e-02	1.57579147e+00	8.43720281e-01	7.32071193e-01
4753            	5.58229244e-02	4.52775901e-02	1.57579457e+00	8.43720208e-01	7.32074359e-01
4754            	5.58214620e-02	4.52762268e-02	1.57579783e+00	8.43720378e-01	7.32077454e-01
4755            	5.58201263e-02	4.52749611e-02	1.57580122e+00	8.43720734e-01	7.32080482e-01
4756            	5.58188589e-02	4.52737260e-02	1.57580463e+00	8.43721176e-01	7.32083458e-01
4757            	5.58175839e-02	4.52724460e-02	1.57580798e+00	8.43721572e-01	7.32086405e-01
4758            	5.58162209e-02	4.52710501e-02	1.57581113e+00	8.43721788e-01	7.32089346e-01
4759            	5.58157534e-02	4.52699736e-02	1.57581581e+00	8.43723658e-01	7.32092151e-01
4760            	5.58136300e-02	4.52679367e-02	1.57581805e+00	8.43722654e-01	7.32095394e-01
4761            	5.58112421e-02	4.52657056e-02	1.57581983e+00	8.43721159e-01	7.32098675e-01
4762            	5.58086997e-02	4.52633701e-02	1.57582126e+00	8.43719331e-01	7.32101931e-01
4763            	5.58061026e-02	4.52609961e-02	1.57582244e+00	8.43717322e-01	7.32105116e-01
4764            	5.58035400e-02	4.52586286e-02	1.57582347e+00	8.43715276e-01	7.32108196e-01
4765            	5.58019627e-02	4.52567043e-02	1.57582593e+00	8.43714929e-01	7.32111003e-01
4766            	5.57994822e-02	4.52541976e-02	1.57582657e+00	8.43712765e-01	7.32113801e-01
4767            	5.57968763e-02	4.52515601e-02	1.57582699e+00	8.43710374e-01	7.32116621e-01
4768            	5.57944474e-02	4.52489475e-02	1.57582801e+00	8.43708453e-01	7.32119558e-01
4769            	5.57926224e-02	4.52467091e-02	1.57582989e+00	8.43707566e-01	7.32122321e-01
4770            	5.57912157e-02	4.52447696e-02	1.57583176e+00	8.43707097e-01	7.32124666e-01
4771            	5.57900125e-02	4.52429395e-02	1.57583376e+00	8.43706895e-01	7.32126870e-01
4772            	5.57890026e-02	4.52411500e-02	1.57583624e+00	8.43707121e-01	7.32129116e-01
4773            	5.57881021e-02	4.52393186e-02	1.57583927e+00	8.43707738e-01	7.32131534e-01
4774            	5.57871751e-02	4.52373671e-02	1.57584273e+00	8.43708541e-01	7.32134190e-01
4775            	5.57840847e-02	4.52340847e-02	1.57584261e+00	8.43705390e-01	7.32137220e-01
4776            	5.57829955e-02	4.52318722e-02	1.57584700e+00	8.43706495e-01	7.32140504e-01
4777            	5.57817006e-02	4.52295709e-02	1.57585125e+00	8.43707327e-01	7.32143925e-01
4778            	5.57801689e-02	4.52272082e-02	1.57585507e+00	8.43707706e-01	7.32147368e-01
4779            	5.57762234e-02	4.52235320e-02	1.57585452e+00	8.43703486e-01	7.32151039e-01
4780            	5.57742198e-02	4.52209800e-02	1.57585773e+00	8.43703085e-01	7.32154645e-01
4781            	5.57722642e-02	4.52185369e-02	1.57586069e+00	8.43702609e-01	7.32158080e-01
4782            	5.57705072e-02	4.52162808e-02	1.57586347e+00	8.43702243e-01	7.32161228e-01
4783            	5.57690138e-02	4.52142082e-02	1.57586621e+00	8.43702118e-01	7.32164090e-01
4784            	5.57677901e-02	4.52122676e-02	1.57586908e+00	8.43702328e-01	7.32166748e-01
4785            	5.57649111e-02	4.52092770e-02	1.57586876e+00	8.43699291e-01	7.32169469e-01
4786            	5.57625331e-02	4.52063668e-02	1.57586983e+00	8.43697450e-01	7.32172384e-01
4787            	5.57605554e-02	4.52033061e-02	1.57587282e+00	8.43696967e-01	7.32175856e-01
4788            	5.57606977e-02	4.52019124e-02	1.57587745e+00	8.43699425e-01	7.32178029e-01
4789            	5.57612130e-02	4.52007230e-02	1.57588244e+00	8.43702431e-01	7.32180005e-01
4790            	5.57619804e-02	4.51995889e-02	1.57588791e+00	8.43705938e-01	7.32181977e-01
4791            	5.57637088e-02	4.51986101e-02	1.57589669e+00	8.43712052e-01	7.32184634e-01
4792            	5.57648696e-02	4.51971728e-02	1.57590477e+00	8.43717253e-01	7.32187514e-01
4793            	5.57642526e-02	4.51943409e-02	1.57591072e+00	8.43719612e-01	7.32191107e-01
4794            	5.57636626e-02	4.51920535e-02	1.57591557e+00	8.43721446e-01	7.32194121e-01
4795            	5.57635337e-02	4.51900713e-02	1.57592202e+00	8.43724544e-01	7.32197477e-01
4796            	5.57642172e-02	4.51886441e-02	1.57593066e+00	8.43729548e-01	7.32201113e-01
4797            	5.57652401e-02	4.51877432e-02	1.57593892e+00	8.43734698e-01	7.32204218e-01
4798            	5.57664885e-02	4.51870971e-02	1.57594755e+00	8.43740262e-01	7.32207285e-01
4799            	5.57679268e-02	4.51866345e-02	1.57595654e+00	8.43746199e-01	7.32210345e-01
4800            	5.57694809e-02	4.51862521e-02	1.57596594e+00	8.43752451e-01	7.32213489e-01
4801            	5.57719775e-02	4.51861382e-02	1.57597915e+00	8.43761552e-01	7.32217597e-01
4802            	5.57738905e-02	4.51856180e-02	1.57599180e+00	8.43769789e-01	7.32222008e-01
4803            	5.57746245e-02	4.51841945e-02	1.57600345e+00	8.43776347e-01	7.32227098e-01
4804            	5.57764553e-02	4.51842116e-02	1.57601542e+00	8.43784165e-01	7.32231255e-01
4805            	5.57779021e-02	4.51838333e-02	1.57602682e+00	8.43791310e-01	7.32235506e-01
4806            	5.57812864e-02	4.51847671e-02	1.57604296e+00	8.43802768e-01	7.32240195e-01
4807            	5.57831920e-02	4.51847733e-02	1.57605385e+00	8.43810119e-01	7.32243735e-01
4808            	5.57859200e-02	4.51852949e-02	1.57606768e+00	8.43819762e-01	7.32247922e-01
4809            	5.57889506e-02	4.51862158e-02	1.57608066e+00	8.43829280e-01	7.32251379e-01
4810            	5.57902349e-02	4.51856085e-02	1.57609059e+00	8.43835530e-01	7.32255061e-01
4811            	5.57923411e-02	4.51854788e-02	1.57610250e+00	8.43843590e-01	7.32258907e-01
4812            	5.57949496e-02	4.51856278e-02	1.57611563e+00	8.43852765e-01	7.32262866e-01
4813            	5.57960044e-02	4.51843119e-02	1.57612546e+00	8.43858734e-01	7.32266725e-01
4814            	5.57979904e-02	4.51836082e-02	1.57613729e+00	8.43866633e-01	7.32270652e-01
4815            	5.58007857e-02	4.51834560e-02	1.57615081e+00	8.43876189e-01	7.32274618e-01
4816            	5.58016804e-02	4.51817859e-02	1.57615994e+00	8.43881651e-01	7.32278290e-01
4817            	5.58019560e-02	4.51794492e-02	1.57616751e+00	8.43885713e-01	7.32281801e-01
4818            	5.58036667e-02	4.51787642e-02	1.57617669e+00	8.43892010e-01	7.32284677e-01
4819            	5.58064039e-02	4.51791028e-02	1.57618761e+00	8.43900210e-01	7.32287402e-01
4820            	5.58079194e-02	4.51785561e-02	1.57619605e+00	8.43905946e-01	7.32290108e-01
4821            	5.58086521e-02	4.51773753e-02	1.57620326e+00	8.43910281e-01	7.32292977e-01
4822            	5.58080116e-02	4.51750454e-02	1.57620894e+00	8.43912483e-01	7.32296459e-01
4823            	5.58077773e-02	4.51727304e-02	1.57621681e+00	8.43916181e-01	7.32300626e-01
4824            	5.58114357e-02	4.51729642e-02	1.57623465e+00	8.43928763e-01	7.32305891e-01
4825            	5.58145224e-02	4.51728276e-02	1.57625197e+00	8.43940509e-01	7.32311464e-01
4826            	5.58162509e-02	4.51721234e-02	1.57626604e+00	8.43949273e-01	7.32316771e-01
4827            	5.58177371e-02	4.51717838e-02	1.57627757e+00	8.43956523e-01	7.32321049e-01
4828            	5.58190639e-02	4.51716426e-02	1.57628755e+00	8.43962837e-01	7.32324709e-01
4829            	5.58204140e-02	4.51717215e-02	1.57629684e+00	8.43968834e-01	7.32328006e-01
4830            	5.58218810e-02	4.51720084e-02	1.57630607e+00	8.43974914e-01	7.32331152e-01
4831            	5.58246134e-02	4.51730579e-02	1.57631809e+00	8.43983659e-01	7.32334433e-01
4832            	5.58268149e-02	4.51738006e-02	1.57632943e+00	8.43991528e-01	7.32337898e-01
4833            	5.58301790e-02	4.51749433e-02	1.57634536e+00	8.44002859e-01	7.32342501e-01
4834            	5.58313810e-02	4.51750611e-02	1.57635566e+00	8.44009209e-01	7.32346447e-01
4835            	5.58325575e-02	4.51751603e-02	1.57636620e+00	8.44015660e-01	7.32350545e-01
4836            	5.58353808e-02	4.51761754e-02	1.57638057e+00	8.44025667e-01	7.32354906e-01
4837            	5.58395801e-02	4.51776612e-02	1.57639995e+00	8.44039557e-01	7.32360397e-01
4838            	5.58415188e-02	4.51780605e-02	1.57641322e+00	8.44048130e-01	7.32365093e-01
4839            	5.58446916e-02	4.51791451e-02	1.57642892e+00	8.44059149e-01	7.32369766e-01
4840            	5.58468663e-02	4.51796588e-02	1.57644216e+00	8.44067945e-01	7.32374213e-01
4841            	5.58482774e-02	4.51797598e-02	1.57645334e+00	8.44074948e-01	7.32378394e-01
4842            	5.58508367e-02	4.51805385e-02	1.57646660e+00	8.44084135e-01	7.32382461e-01
4843            	5.58543387e-02	4.51815702e-02	1.57648372e+00	8.44096198e-01	7.32387520e-01
4844            	5.58568860e-02	4.51823398e-02	1.57649716e+00	8.44105464e-01	7.32391692e-01
4845            	5.58582617e-02	4.51824724e-02	1.57650815e+00	8.44112334e-01	7.32395811e-01
4846            	5.58602660e-02	4.51827373e-02	1.57652317e+00	8.44121852e-01	7.32401320e-01
4847            	5.58622202e-02	4.51834481e-02	1.57653432e+00	8.44129380e-01	7.32404940e-01
4848            	5.58667211e-02	4.51854329e-02	1.57655211e+00	8.44142776e-01	7.32409334e-01
4849            	5.58696889e-02	4.51865345e-02	1.57656867e+00	8.44154024e-01	7.32414646e-01
4850            	5.58711818e-02	4.51870030e-02	1.57658120e+00	8.44161783e-01	7.32419419e-01
4851            	5.58738881e-02	4.51882783e-02	1.57659524e+00	8.44171508e-01	7.32423732e-01
4852            	5.58772133e-02	4.51899755e-02	1.57660959e+00	8.44182006e-01	7.32427580e-01
4853            	5.58786223e-02	4.51906236e-02	1.57661960e+00	8.44188423e-01	7.32431179e-01
4854            	5.58786456e-02	4.51904976e-02	1.57662651e+00	8.44191900e-01	7.32434609e-01
4855            	5.58798312e-02	4.51910060e-02	1.57663543e+00	8.44197548e-01	7.32437886e-01
4856            	5.58818020e-02	4.51919106e-02	1.57664574e+00	8.44204671e-01	7.32441067e-01
4857            	5.58822345e-02	4.51918672e-02	1.57665331e+00	8.44208890e-01	7.32444421e-01
4858            	5.58816407e-02	4.51911864e-02	1.57665915e+00	8.44211218e-01	7.32447937e-01
4859            	5.58824703e-02	4.51912853e-02	1.57666788e+00	8.44216412e-01	7.32451471e-01
4860            	5.58825419e-02	4.51909128e-02	1.57667551e+00	8.44220296e-01	7.32455212e-01
4861            	5.58841213e-02	4.51913845e-02	1.57668620e+00	8.44227219e-01	7.32458977e-01
4862            	5.58849208e-02	4.51913858e-02	1.57669575e+00	8.44232795e-01	7.32462954e-01
4863            	5.58852398e-02	4.51911072e-02	1.57670467e+00	8.44237575e-01	7.32467095e-01
4864            	5.58858347e-02	4.51911213e-02	1.57671265e+00	8.44242158e-01	7.32470489e-01
4865            	5.58895532e-02	4.51927495e-02	1.57672904e+00	8.44254072e-01	7.32474965e-01
4866            	5.58921304e-02	4.51937412e-02	1.57674353e+00	8.44263895e-01	7.32479635e-01
4867            	5.58936470e-02	4.51941798e-02	1.57675595e+00	8.44271622e-01	7.32484328e-01
4868            	5.58943621e-02	4.51942490e-02	1.57676669e+00	8.44277708e-01	7.32488984e-01
4869            	5.58962416e-02	4.51951017e-02	1.57677919e+00	8.44285838e-01	7.32493355e-01
4870            	5.58989880e-02	4.51965365e-02	1.57679285e+00	8.44295414e-01	7.32497438e-01
4871            	5.58994349e-02	4.51967167e-02	1.57680057e+00	8.44299718e-01	7.32500848e-01
4872            	5.59003257e-02	4.51971072e-02	1.57681099e+00	8.44305819e-01	7.32505168e-01
4873            	5.59004871e-02	4.51970908e-02	1.57681992e+00	8.44310446e-01	7.32509472e-01
4874            	5.59016575e-02	4.51976856e-02	1.57683032e+00	8.44316817e-01	7.32513502e-01
4875            	5.59020940e-02	4.51978428e-02	1.57683912e+00	8.44321653e-01	7.32517465e-01
4876            	5.59034358e-02	4.51985155e-02	1.57684918e+00	8.44328027e-01	7.32521156e-01
4877            	5.59040120e-02	4.51987019e-02	1.57685763e+00	8.44332828e-01	7.32524804e-01
4878            	5.59039348e-02	4.51984579e-02	1.57686468e+00	8.44336274e-01	7.32528404e-01
4879            	5.59033052e-02	4.51978352e-02	1.57687054e+00	8.44338577e-01	7.32531966e-01
4880            	5.59034749e-02	4.51976309e-02	1.57687755e+00	8.44342251e-01	7.32535301e-01
4881            	5.59032013e-02	4.51971101e-02	1.57688366e+00	8.44345029e-01	7.32538627e-01
4882            	5.59025804e-02	4.51963360e-02	1.57688906e+00	8.44347110e-01	7.32541949e-01
4883            	5.59016812e-02	4.51953588e-02	1.57689390e+00	8.44348630e-01	7.32545268e-01
4884            	5.59016032e-02	4.51948444e-02	1.57690003e+00	8.44351618e-01	7.32548412e-01
4885            	5.59014109e-02	4.51942715e-02	1.57690600e+00	8.44354409e-01	7.32551587e-01
4886            	5.59004167e-02	4.51932963e-02	1.57690942e+00	8.44355129e-01	7.32554296e-01
4887            	5.59002468e-02	4.51927416e-02	1.57691601e+00	8.44358251e-01	7.32557758e-01
4888            	5.58999487e-02	4.51921534e-02	1.57692244e+00	8.44361167e-01	7.32561270e-01
4889            	5.59002110e-02	4.51919557e-02	1.57692972e+00	8.44365071e-01	7.32564649e-01
4890            	5.59005240e-02	4.51918793e-02	1.57693713e+00	8.44369089e-01	7.32568041e-01
4891            	5.59008698e-02	4.51919030e-02	1.57694459e+00	8.44373163e-01	7.32571423e-01
4892            	5.59011405e-02	4.51919375e-02	1.57695186e+00	8.44377070e-01	7.32574789e-01
4893            	5.59012033e-02	4.51918737e-02	1.57695869e+00	8.44380547e-01	7.32578141e-01
4894            	5.59013646e-02	4.51918713e-02	1.57696548e+00	8.44384102e-01	7.32581373e-01
4895            	5.59015667e-02	4.51918975e-02	1.57697236e+00	8.44387747e-01	7.32584614e-01
4896            	5.59017296e-02	4.51918863e-02	1.57697918e+00	8.44391321e-01	7.32587862e-01
4897            	5.59016837e-02	4.51917178e-02	1.57698561e+00	8.44394490e-01	7.32591123e-01
4898            	5.59012578e-02	4.51912719e-02	1.57699130e+00	8.44396908e-01	7.32594392e-01
4899            	5.59003433e-02	4.51904695e-02	1.57699598e+00	8.44398336e-01	7.32597649e-01
4900            	5.58989071e-02	4.51892858e-02	1.57699942e+00	8.44398616e-01	7.32600802e-01
4901            	5.58976317e-02	4.51881714e-02	1.57700307e+00	8.44399165e-01	7.32603901e-01
4902            	5.58965554e-02	4.51871543e-02	1.57700697e+00	8.44400039e-01	7.32606929e-01
4903            	5.58955585e-02	4.51861566e-02	1.57701088e+00	8.44400998e-01	7.32609881e-01
4904            	5.58944708e-02	4.51850628e-02	1.57701447e+00	8.44401707e-01	7.32612765e-01
4905            	5.58931553e-02	4.51837773e-02	1.57701748e+00	8.44401897e-01	7.32615587e-01
4906            	5.58915458e-02	4.51822508e-02	1.57701978e+00	8.44401438e-01	7.32618347e-01
4907            	5.58891051e-02	4.51801570e-02	1.57702031e+00	8.44399261e-01	7.32621051e-01
4908            	5.58880409e-02	4.51787718e-02	1.57702318e+00	8.44399633e-01	7.32623551e-01
4909            	5.58864585e-02	4.51771587e-02	1.57702552e+00	8.44399219e-01	7.32626302e-01
4910            	5.58851812e-02	4.51757582e-02	1.57702840e+00	8.44399379e-01	7.32629016e-01
4911            	5.58840042e-02	4.51744453e-02	1.57703138e+00	8.44399695e-01	7.32631687e-01
4912            	5.58827493e-02	4.51730960e-02	1.57703412e+00	8.44399812e-01	7.32634313e-01
4913            	5.58820703e-02	4.51719709e-02	1.57703768e+00	8.44400913e-01	7.32636772e-01
4914            	5.58792443e-02	4.51695991e-02	1.57703779e+00	8.44398138e-01	7.32639650e-01
4915            	5.58770410e-02	4.51676574e-02	1.57703894e+00	8.44396509e-01	7.32642427e-01
4916            	5.58755527e-02	4.51661090e-02	1.57704079e+00	8.44395947e-01	7.32644842e-01
4917            	5.58748142e-02	4.51650449e-02	1.57704377e+00	8.44396699e-01	7.32647071e-01
4918            	5.58738687e-02	4.51637273e-02	1.57704693e+00	8.44397332e-01	7.32649595e-01
4919            	5.58726548e-02	4.51621791e-02	1.57704983e+00	8.44397569e-01	7.32652259e-01
4920            	5.58700109e-02	4.51596990e-02	1.57705032e+00	8.44395171e-01	7.32655149e-01
4921            	5.58680409e-02	4.51576573e-02	1.57705179e+00	8.44393938e-01	7.32657856e-01
4922            	5.58666724e-02	4.51559912e-02	1.57705397e+00	8.44393659e-01	7.32660315e-01
4923            	5.58656694e-02	4.51545457e-02	1.57705644e+00	8.44393890e-01	7.32662552e-01
4924            	5.58648602e-02	4.51531595e-02	1.57705917e+00	8.44394447e-01	7.32664727e-01
4925            	5.58640909e-02	4.51516921e-02	1.57706213e+00	8.44395156e-01	7.32666974e-01
4926            	5.58619451e-02	4.51492238e-02	1.57706308e+00	8.44393487e-01	7.32669596e-01
4927            	5.58601517e-02	4.51469261e-02	1.57706489e+00	8.44392598e-01	7.32672294e-01
4928            	5.58567278e-02	4.51436947e-02	1.57706376e+00	8.44388610e-01	7.32675154e-01
4929            	5.58556636e-02	4.51417769e-02	1.57706745e+00	8.44389389e-01	7.32678062e-01
4930            	5.58546824e-02	4.51399265e-02	1.57707132e+00	8.44390340e-01	7.32680976e-01
4931            	5.58536328e-02	4.51380662e-02	1.57707495e+00	8.44391108e-01	7.32683843e-01
4932            	5.58505132e-02	4.51350418e-02	1.57707471e+00	8.44387867e-01	7.32686841e-01
4933            	5.58476160e-02	4.51320003e-02	1.57707543e+00	8.44385329e-01	7.32690097e-01
4934            	5.58452439e-02	4.51293754e-02	1.57707663e+00	8.44383558e-01	7.32693070e-01
4935            	5.58435243e-02	4.51272412e-02	1.57707834e+00	8.44382694e-01	7.32695646e-01
4936            	5.58424096e-02	4.51255200e-02	1.57708053e+00	8.44382676e-01	7.32697857e-01
4937            	5.58417811e-02	4.51240711e-02	1.57708321e+00	8.44383385e-01	7.32699823e-01
4938            	5.58399794e-02	4.51218470e-02	1.57708357e+00	8.44381762e-01	7.32701804e-01
4939            	5.58387837e-02	4.51197676e-02	1.57708558e+00	8.44381574e-01	7.32704006e-01
4940            	5.58389781e-02	4.51182743e-02	1.57709101e+00	8.44384482e-01	7.32706525e-01
4941            	5.58391880e-02	4.51167522e-02	1.57709628e+00	8.44387330e-01	7.32708954e-01
4942            	5.58394225e-02	4.51153805e-02	1.57710077e+00	8.44389810e-01	7.32710965e-01
4943            	5.58396965e-02	4.51140522e-02	1.57710528e+00	8.44392335e-01	7.32712942e-01
4944            	5.58400490e-02	4.51127671e-02	1.57711007e+00	8.44395085e-01	7.32714987e-01
4945            	5.58402442e-02	4.51111884e-02	1.57711574e+00	8.44398113e-01	7.32717624e-01
4946            	5.58403563e-02	4.51095601e-02	1.57712170e+00	8.44401205e-01	7.32720493e-01
4947            	5.58409429e-02	4.51084136e-02	1.57712807e+00	8.44404977e-01	7.32723091e-01
4948            	5.58413939e-02	4.51070587e-02	1.57713561e+00	8.44409197e-01	7.32726410e-01
4949            	5.58418307e-02	4.51057463e-02	1.57714352e+00	8.44413591e-01	7.32729929e-01
4950            	5.58426267e-02	4.51048561e-02	1.57715122e+00	8.44418236e-01	7.32732983e-01
4951            	5.58432647e-02	4.51037800e-02	1.57715991e+00	8.44423218e-01	7.32736689e-01
4952            	5.58441103e-02	4.51030031e-02	1.57716784e+00	8.44428030e-01	7.32739809e-01
4953            	5.58446769e-02	4.51019346e-02	1.57717637e+00	8.44432863e-01	7.32743509e-01
4954            	5.58451460e-02	4.51007942e-02	1.57718465e+00	8.44437469e-01	7.32747177e-01
4955            	5.58459478e-02	4.50999872e-02	1.57719221e+00	8.44442053e-01	7.32750157e-01
4956            	5.58464721e-02	4.50988262e-02	1.57720008e+00	8.44446511e-01	7.32753567e-01
4957            	5.58473416e-02	4.50979953e-02	1.57720731e+00	8.44450999e-01	7.32756315e-01
4958            	5.58479876e-02	4.50968016e-02	1.57721495e+00	8.44455461e-01	7.32759486e-01
4959            	5.58490109e-02	4.50959694e-02	1.57722219e+00	8.44460106e-01	7.32762084e-01
4960            	5.58499036e-02	4.50948112e-02	1.57723010e+00	8.44464955e-01	7.32765148e-01
4961            	5.58508806e-02	4.50936517e-02	1.57723823e+00	8.44469995e-01	7.32768234e-01
4962            	5.58522131e-02	4.50929315e-02	1.57724610e+00	8.44475262e-01	7.32770836e-01
4963            	5.58551943e-02	4.50933669e-02	1.57725882e+00	8.44484603e-01	7.32774214e-01
4964            	5.58575498e-02	4.50933689e-02	1.57727039e+00	8.44492747e-01	7.32777647e-01
4965            	5.58593422e-02	4.50931934e-02	1.57727973e+00	8.44499208e-01	7.32780524e-01
4966            	5.58606144e-02	4.50924624e-02	1.57728909e+00	8.44505159e-01	7.32783930e-01
4967            	5.58633865e-02	4.50931303e-02	1.57730088e+00	8.44513825e-01	7.32787052e-01
4968            	5.58654360e-02	4.50930778e-02	1.57731247e+00	8.44521669e-01	7.32790797e-01
4969            	5.58668612e-02	4.50925014e-02	1.57732305e+00	8.44528385e-01	7.32794663e-01
4970            	5.58679245e-02	4.50915748e-02	1.57733312e+00	8.44534485e-01	7.32798636e-01
4971            	5.58707653e-02	4.50920789e-02	1.57734714e+00	8.44544334e-01	7.32802803e-01
4972            	5.58728331e-02	4.50919799e-02	1.57735948e+00	8.44552574e-01	7.32806908e-01
4973            	5.58742455e-02	4.50913791e-02	1.57737018e+00	8.44559336e-01	7.32810845e-01
4974            	5.58752523e-02	4.50904629e-02	1.57737965e+00	8.44565076e-01	7.32814572e-01
4975            	5.58761165e-02	4.50894332e-02	1.57738839e+00	8.44570310e-01	7.32818077e-01
4976            	5.58770989e-02	4.50887290e-02	1.57739605e+00	8.44575123e-01	7.32820925e-01
4977            	5.58785699e-02	4.50882217e-02	1.57740480e+00	8.44580970e-01	7.32823830e-01
4978            	5.58795772e-02	4.50875088e-02	1.57741236e+00	8.44585757e-01	7.32826603e-01
4979            	5.58803057e-02	4.50863833e-02	1.57742048e+00	8.44590545e-01	7.32829934e-01
4980            	5.58806720e-02	4.50851157e-02	1.57742785e+00	8.44594597e-01	7.32833253e-01
4981            	5.58816709e-02	4.50842673e-02	1.57743682e+00	8.44600081e-01	7.32836739e-01
4982            	5.58836547e-02	4.50842099e-02	1.57744742e+00	8.44607364e-01	7.32840055e-01
4983            	5.58860852e-02	4.50845320e-02	1.57745874e+00	8.44615453e-01	7.32843283e-01
4984            	5.58874946e-02	4.50844421e-02	1.57746753e+00	8.44621261e-01	7.32846272e-01
4985            	5.58882511e-02	4.50840760e-02	1.57747482e+00	8.44625659e-01	7.32849157e-01
4986            	5.58888850e-02	4.50836954e-02	1.57748204e+00	8.44629903e-01	7.32852133e-01
4987            	5.58909020e-02	4.50841238e-02	1.57749279e+00	8.44637296e-01	7.32855492e-01
4988            	5.58929958e-02	4.50844987e-02	1.57750509e+00	8.44645542e-01	7.32859550e-01
4989            	5.58954046e-02	4.50851078e-02	1.57751798e+00	8.44654396e-01	7.32863587e-01
4990            	5.58973635e-02	4.50854930e-02	1.57753012e+00	8.44662423e-01	7.32867696e-01
4991            	5.59006505e-02	4.50866822e-02	1.57754530e+00	8.44673303e-01	7.32872002e-01
4992            	5.59039697e-02	4.50878214e-02	1.57756160e+00	8.44684771e-01	7.32876831e-01
4993            	5.59082398e-02	4.50895274e-02	1.57757948e+00	8.44697981e-01	7.32881501e-01
4994            	5.59105705e-02	4.50901431e-02	1.57759300e+00	8.44707073e-01	7.32885932e-01
4995            	5.59116556e-02	4.50901211e-02	1.57760323e+00	8.44713273e-01	7.32889961e-01
4996            	5.59135508e-02	4.50906451e-02	1.57761470e+00	8.44720899e-01	7.32893798e-01
4997            	5.59160354e-02	4.50915660e-02	1.57762701e+00	8.44729540e-01	7.32897469e-01
4998            	5.59182570e-02	4.50922759e-02	1.57763950e+00	8.44738008e-01	7.32901494e-01
4999            	5.59212565e-02	4.50934670e-02	1.57765308e+00	8.44747796e-01	7.32905283e-01
5000            	5.59222306e-02	4.50933896e-02	1.57766368e+00	8.44754072e-01	7.32909610e-01
5001            	5.59256501e-02	4.50945413e-02	1.57768181e+00	8.44766553e-01	7.32915253e-01
5002            	5.59291668e-02	4.50959494e-02	1.57769847e+00	8.44778403e-01	7.32920069e-01
5003            	5.59313275e-02	4.50969443e-02	1.57770859e+00	8.44785621e-01	7.32922966e-01
5004            	5.59326718e-02	4.50973850e-02	1.57771779e+00	8.44791565e-01	7.32926222e-01
5005            	5.59342226e-02	4.50979861e-02	1.57772791e+00	8.44798178e-01	7.32929733e-01
5006            	5.59361473e-02	4.50988294e-02	1.57773821e+00	8.44805251e-01	7.32932956e-01
5007            	5.59382802e-02	4.50997855e-02	1.57774852e+00	8.44812540e-01	7.32935980e-01
5008            	5.59404328e-02	4.51007180e-02	1.57775869e+00	8.44819780e-01	7.32938914e-01
5009            	5.59406055e-02	4.51005055e-02	1.57776506e+00	8.44823134e-01	7.32941924e-01
5010            	5.59414410e-02	4.51006384e-02	1.57777279e+00	8.44827835e-01	7.32944953e-01
5011            	5.59429472e-02	4.51011263e-02	1.57778145e+00	8.44833671e-01	7.32947777e-01
5012            	5.59446199e-02	4.51016376e-02	1.57779163e+00	8.44840436e-01	7.32951196e-01
5013            	5.59445639e-02	4.51011625e-02	1.57779884e+00	8.44843983e-01	7.32954855e-01
5014            	5.59454079e-02	4.51012152e-02	1.57780795e+00	8.44849384e-01	7.32958568e-01
5015            	5.59470122e-02	4.51017240e-02	1.57781862e+00	8.44856323e-01	7.32962299e-01
5016            	5.59472646e-02	4.51014943e-02	1.57782688e+00	8.44860706e-01	7.32966176e-01
5017            	5.59485734e-02	4.51019065e-02	1.57783717e+00	8.44867159e-01	7.32970012e-01
5018            	5.59506490e-02	4.51027910e-02	1.57784886e+00	8.44875080e-01	7.32973782e-01
5019            	5.59513703e-02	4.51029256e-02	1.57785810e+00	8.44880421e-01	7.32977680e-01
5020            	5.59530009e-02	4.51035992e-02	1.57786826e+00	8.44887133e-01	7.32981131e-01
5021            	5.59551953e-02	4.51046178e-02	1.57788061e+00	8.44895501e-01	7.32985110e-01
5022            	5.59559664e-02	4.51048512e-02	1.57789034e+00	8.44901138e-01	7.32989206e-01
5023            	5.59575874e-02	4.51056186e-02	1.57790153e+00	8.44908352e-01	7.32993177e-01
5024            	5.59580235e-02	4.51057315e-02	1.57791041e+00	8.44913230e-01	7.32997183e-01
5025            	5.59594013e-02	4.51064175e-02	1.57792080e+00	8.44919799e-01	7.33000996e-01
5026            	5.59614737e-02	4.51075143e-02	1.57793219e+00	8.44927568e-01	7.33004620e-01
5027            	5.59622164e-02	4.51078256e-02	1.57794101e+00	8.44932721e-01	7.33008288e-01
5028            	5.59636006e-02	4.51084978e-02	1.57795075e+00	8.44938977e-01	7.33011776e-01
5029            	5.59637561e-02	4.51084292e-02	1.57795812e+00	8.44942817e-01	7.33015305e-01
5030            	5.59645896e-02	4.51087353e-02	1.57796651e+00	8.44947842e-01	7.33018663e-01
5031            	5.59659724e-02	4.51093359e-02	1.57797573e+00	8.44953835e-01	7.33021891e-01
5032            	5.59661652e-02	4.51092076e-02	1.57798279e+00	8.44957560e-01	7.33025230e-01
5033            	5.59654305e-02	4.51085097e-02	1.57798820e+00	8.44959530e-01	7.33028669e-01
5034            	5.59654431e-02	4.51082336e-02	1.57799479e+00	8.44962836e-01	7.33031949e-01
5035            	5.59661785e-02	4.51083656e-02	1.57800255e+00	8.44967453e-01	7.33035096e-01
5036            	5.59661162e-02	4.51080156e-02	1.57800893e+00	8.44970579e-01	7.33038347e-01
5037            	5.59654288e-02	4.51072892e-02	1.57801420e+00	8.44972530e-01	7.33041672e-01
5038            	5.59648071e-02	4.51066408e-02	1.57801830e+00	8.44973958e-01	7.33044344e-01
5039            	5.59657991e-02	4.51068741e-02	1.57802672e+00	8.44979161e-01	7.33047563e-01
5040            	5.59657103e-02	4.51065049e-02	1.57803230e+00	8.44981859e-01	7.33050439e-01
5041            	5.59654221e-02	4.51059991e-02	1.57803798e+00	8.44984413e-01	7.33053569e-01
5042            	5.59657288e-02	4.51058479e-02	1.57804493e+00	8.44988196e-01	7.33056738e-01
5043            	5.59666373e-02	4.51060779e-02	1.57805314e+00	8.44993209e-01	7.33059934e-01
5044            	5.59671408e-02	4.51061208e-02	1.57806089e+00	8.44997584e-01	7.33063302e-01
5045            	5.59672445e-02	4.51059690e-02	1.57806806e+00	8.45001276e-01	7.33066787e-01
5046            	5.59672261e-02	4.51058341e-02	1.57807378e+00	8.45004115e-01	7.33069663e-01
5047            	5.59671812e-02	4.51056401e-02	1.57808040e+00	8.45007383e-01	7.33073021e-01
5048            	5.59674438e-02	4.51056427e-02	1.57808746e+00	8.45011173e-01	7.33076285e-01
5049            	5.59670448e-02	4.51052951e-02	1.57809224e+00	8.45013167e-01	7.33079078e-01
5050            	5.59665701e-02	4.51048312e-02	1.57809779e+00	8.45015467e-01	7.33082327e-01
5051            	5.59661425e-02	4.51043841e-02	1.57810323e+00	8.45017759e-01	7.33085474e-01
5052            	5.59653194e-02	4.51037373e-02	1.57810700e+00	8.45018821e-01	7.33088182e-01
5053            	5.59648727e-02	4.51032495e-02	1.57811207e+00	8.45020907e-01	7.33091162e-01
5054            	5.59645203e-02	4.51028282e-02	1.57811740e+00	8.45023220e-01	7.33094179e-01
5055            	5.59639774e-02	4.51023194e-02	1.57812149e+00	8.45024723e-01	7.33096768e-01
5056            	5.59635199e-02	4.51017971e-02	1.57812632e+00	8.45026681e-01	7.33099641e-01
5057            	5.59629336e-02	4.51012163e-02	1.57813013e+00	8.45027997e-01	7.33102130e-01
5058            	5.59623205e-02	4.51005320e-02	1.57813457e+00	8.45029607e-01	7.33104966e-01
5059            	5.59614507e-02	4.50996623e-02	1.57813850e+00	8.45030703e-01	7.33107801e-01
5060            	5.59607569e-02	4.50989117e-02	1.57814274e+00	8.45032127e-01	7.33110614e-01
5061            	5.59602774e-02	4.50983157e-02	1.57814663e+00	8.45033592e-01	7.33113037e-01
5062            	5.59600387e-02	4.50978504e-02	1.57815076e+00	8.45035421e-01	7.33115343e-01
5063            	5.59596240e-02	4.50971954e-02	1.57815520e+00	8.45037226e-01	7.33117978e-01
5064            	5.59584725e-02	4.50960578e-02	1.57815771e+00	8.45037328e-01	7.33120383e-01
5065            	5.59569668e-02	4.50946531e-02	1.57816016e+00	8.45037047e-01	7.33123113e-01
5066            	5.59558903e-02	4.50935255e-02	1.57816292e+00	8.45037350e-01	7.33125570e-01
5067            	5.59550872e-02	4.50925623e-02	1.57816609e+00	8.45038132e-01	7.33127958e-01
5068            	5.59536590e-02	4.50911945e-02	1.57816813e+00	8.45037724e-01	7.33130406e-01
5069            	5.59526131e-02	4.50899838e-02	1.57817164e+00	8.45038433e-01	7.33133206e-01
5070            	5.59508784e-02	4.50884121e-02	1.57817336e+00	8.45037558e-01	7.33135801e-01
5071            	5.59497331e-02	4.50872294e-02	1.57817595e+00	8.45037710e-01	7.33138244e-01
5072            	5.59480699e-02	4.50857353e-02	1.57817739e+00	8.45036763e-01	7.33140623e-01
5073            	5.59471319e-02	4.50846756e-02	1.57817998e+00	8.45037123e-01	7.33142859e-01
5074            	5.59457132e-02	4.50832592e-02	1.57818177e+00	8.45036600e-01	7.33145173e-01
5075            	5.59449542e-02	4.50822075e-02	1.57818479e+00	8.45037349e-01	7.33147441e-01
5076            	5.59435434e-02	4.50806751e-02	1.57818685e+00	8.45036968e-01	7.33149882e-01
5077            	5.59411786e-02	4.50786450e-02	1.57818713e+00	8.45034742e-01	7.33152385e-01
5078            	5.59397563e-02	4.50769938e-02	1.57818967e+00	8.45034592e-01	7.33155079e-01
5079            	5.59378645e-02	4.50750512e-02	1.57819144e+00	8.45033586e-01	7.33157857e-01
5080            	5.59368503e-02	4.50737167e-02	1.57819447e+00	8.45034084e-01	7.33160383e-01
5081            	5.59363560e-02	4.50727207e-02	1.57819815e+00	8.45035432e-01	7.33162720e-01
5082            	5.59348401e-02	4.50710660e-02	1.57819991e+00	8.45034796e-01	7.33165115e-01
5083            	5.59325956e-02	4.50689327e-02	1.57820026e+00	8.45032724e-01	7.33167533e-01
5084            	5.59294606e-02	4.50663488e-02	1.57819866e+00	8.45028791e-01	7.33169870e-01
5085            	5.59276107e-02	4.50643481e-02	1.57819977e+00	8.45027495e-01	7.33172274e-01
5086            	5.59267057e-02	4.50629003e-02	1.57820240e+00	8.45027904e-01	7.33174493e-01
5087            	5.59264035e-02	4.50617702e-02	1.57820594e+00	8.45029376e-01	7.33176569e-01
5088            	5.59250902e-02	4.50599480e-02	1.57820763e+00	8.45028903e-01	7.33178723e-01
5089            	5.59230557e-02	4.50576297e-02	1.57820798e+00	8.45027045e-01	7.33180934e-01
5090            	5.59217753e-02	4.50557638e-02	1.57820944e+00	8.45026494e-01	7.33182943e-01
5091            	5.59194986e-02	4.50532834e-02	1.57820879e+00	8.45023895e-01	7.33184898e-01
5092            	5.59181238e-02	4.50511727e-02	1.57821044e+00	8.45023343e-01	7.33187095e-01
5093            	5.59159823e-02	4.50485551e-02	1.57821077e+00	8.45021365e-01	7.33189401e-01
5094            	5.59128503e-02	4.50450573e-02	1.57821072e+00	8.45018209e-01	7.33192508e-01
5095            	5.59123201e-02	4.50435863e-02	1.57821347e+00	8.45019057e-01	7.33194417e-01
5096            	5.59125213e-02	4.50426480e-02	1.57821711e+00	8.45021076e-01	7.33196033e-01
5097            	5.59137005e-02	4.50421109e-02	1.57822334e+00	8.45025370e-01	7.33197969e-01
5098            	5.59131252e-02	4.50406035e-02	1.57822580e+00	8.45026024e-01	7.33199774e-01
5099            	5.59118719e-02	4.50384735e-02	1.57822834e+00	8.45026041e-01	7.33202298e-01
5100            	5.59106131e-02	4.50363766e-02	1.57823076e+00	8.45025992e-01	7.33204766e-01
5101            	5.59099797e-02	4.50347531e-02	1.57823405e+00	8.45027006e-01	7.33207046e-01
5102            	5.59103838e-02	4.50337589e-02	1.57823953e+00	8.45030148e-01	7.33209380e-01
5103            	5.59116016e-02	4.50333661e-02	1.57824598e+00	8.45034593e-01	7.33211390e-01
5104            	5.59119711e-02	4.50324348e-02	1.57825132e+00	8.45037632e-01	7.33213689e-01
5105            	5.59128604e-02	4.50318476e-02	1.57825757e+00	8.45041648e-01	7.33215927e-01
5106            	5.59140983e-02	4.50314605e-02	1.57826457e+00	8.45046384e-01	7.33218187e-01
5107            	5.59162261e-02	4.50313814e-02	1.57827467e+00	8.45053560e-01	7.33221108e-01
5108            	5.59179431e-02	4.50310304e-02	1.57828429e+00	8.45060088e-01	7.33224202e-01
5109            	5.59170248e-02	4.50289147e-02	1.57829047e+00	8.45062261e-01	7.33228211e-01
5110            	5.59162445e-02	4.50272265e-02	1.57829506e+00	8.45063773e-01	7.33231284e-01
5111            	5.59164857e-02	4.50262438e-02	1.57830057e+00	8.45066773e-01	7.33233802e-01
5112            	5.59163957e-02	4.50249988e-02	1.57830593e+00	8.45069360e-01	7.33236569e-01
5113            	5.59170033e-02	4.50240950e-02	1.57831275e+00	8.45073378e-01	7.33239371e-01
5114            	5.59181515e-02	4.50236028e-02	1.57831958e+00	8.45077939e-01	7.33241636e-01
5115            	5.59187065e-02	4.50224938e-02	1.57832678e+00	8.45082097e-01	7.33244685e-01
5116            	5.59194319e-02	4.50216545e-02	1.57833308e+00	8.45085971e-01	7.33247107e-01
5117            	5.59199620e-02	4.50205552e-02	1.57833955e+00	8.45089737e-01	7.33249813e-01
5118            	5.59206993e-02	4.50195563e-02	1.57834626e+00	8.45093830e-01	7.33252431e-01
5119            	5.59219253e-02	4.50190001e-02	1.57835302e+00	8.45098436e-01	7.33254586e-01
5120            	5.59232697e-02	4.50183319e-02	1.57836079e+00	8.45103663e-01	7.33257124e-01
5121            	5.59240589e-02	4.50171771e-02	1.57836833e+00	8.45108225e-01	7.33260107e-01
5122            	5.59252217e-02	4.50164944e-02	1.57837561e+00	8.45113026e-01	7.33262582e-01
5123            	5.59264511e-02	4.50159125e-02	1.57838286e+00	8.45117881e-01	7.33264979e-01
5124            	5.59276578e-02	4.50151765e-02	1.57839102e+00	8.45123169e-01	7.33267854e-01
5125            	5.59291681e-02	4.50146491e-02	1.57840003e+00	8.45129184e-01	7.33270847e-01
5126            	5.59303663e-02	4.50138442e-02	1.57840940e+00	8.45135068e-01	7.33274335e-01
5127            	5.59317571e-02	4.50134698e-02	1.57841800e+00	8.45140755e-01	7.33277240e-01
5128            	5.59331337e-02	4.50131931e-02	1.57842632e+00	8.45146295e-01	7.33280027e-01
5129            	5.59346058e-02	4.50128813e-02	1.57843587e+00	8.45152542e-01	7.33283330e-01
5130            	5.59360601e-02	4.50124575e-02	1.57844626e+00	8.45159188e-01	7.33287068e-01
5131            	5.59370091e-02	4.50116568e-02	1.57845615e+00	8.45165086e-01	7.33291067e-01
5132            	5.59378885e-02	4.50111457e-02	1.57846418e+00	8.45169978e-01	7.33294201e-01
5133            	5.59385412e-02	4.50104287e-02	1.57847205e+00	8.45174568e-01	7.33297486e-01
5134            	5.59394594e-02	4.50099471e-02	1.57847998e+00	8.45179452e-01	7.33300533e-01
5135            	5.59410900e-02	4.50099534e-02	1.57848884e+00	8.45185512e-01	7.33303332e-01
5136            	5.59429829e-02	4.50100726e-02	1.57849825e+00	8.45192107e-01	7.33306141e-01
5137            	5.59447889e-02	4.50101315e-02	1.57850734e+00	8.45198461e-01	7.33308883e-01
5138            	5.59459482e-02	4.50098665e-02	1.57851464e+00	8.45203270e-01	7.33311374e-01
5139            	5.59466825e-02	4.50093981e-02	1.57852071e+00	8.45207037e-01	7.33313672e-01
5140            	5.59480988e-02	4.50092640e-02	1.57852862e+00	8.45212407e-01	7.33316209e-01
5141            	5.59500046e-02	4.50093502e-02	1.57853806e+00	8.45219035e-01	7.33319026e-01
5142            	5.59532938e-02	4.50098719e-02	1.57855233e+00	8.45229458e-01	7.33322870e-01
5143            	5.59550262e-02	4.50097214e-02	1.57856255e+00	8.45236301e-01	7.33326248e-01
5144            	5.59556905e-02	4.50089942e-02	1.57857038e+00	8.45240883e-01	7.33329502e-01
5145            	5.59567519e-02	4.50085117e-02	1.57857926e+00	8.45246383e-01	7.33332879e-01
5146            	5.59582010e-02	4.50082973e-02	1.57858904e+00	8.45252722e-01	7.33336320e-01
5147            	5.59599341e-02	4.50083035e-02	1.57859944e+00	8.45259653e-01	7.33339785e-01
5148            	5.59630871e-02	4.50088895e-02	1.57861445e+00	8.45270312e-01	7.33344138e-01
5149            	5.59647363e-02	4.50089545e-02	1.57862488e+00	8.45277176e-01	7.33347704e-01
5150            	5.59662626e-02	4.50090282e-02	1.57863494e+00	8.45283733e-01	7.33351208e-01
5151            	5.59677001e-02	4.50091441e-02	1.57864456e+00	8.45289980e-01	7.33354579e-01
5152            	5.59691522e-02	4.50093697e-02	1.57865389e+00	8.45296098e-01	7.33357794e-01
5153            	5.59706871e-02	4.50097278e-02	1.57866314e+00	8.45302255e-01	7.33360881e-01
5154            	5.59736860e-02	4.50107811e-02	1.57867684e+00	8.45312105e-01	7.33364733e-01
5155            	5.59767998e-02	4.50119293e-02	1.57869142e+00	8.45322509e-01	7.33368909e-01
5156            	5.59797782e-02	4.50131072e-02	1.57870644e+00	8.45333001e-01	7.33373444e-01
5157            	5.59815550e-02	4.50139352e-02	1.57871528e+00	8.45339196e-01	7.33376086e-01
5158            	5.59833884e-02	4.50148420e-02	1.57872369e+00	8.45345231e-01	7.33378454e-01
5159            	5.59853524e-02	4.50158220e-02	1.57873226e+00	8.45351481e-01	7.33380776e-01
5160            	5.59871604e-02	4.50166559e-02	1.57874133e+00	8.45357827e-01	7.33383506e-01
5161            	5.59896096e-02	4.50177523e-02	1.57875261e+00	8.45365917e-01	7.33386698e-01
5162            	5.59937520e-02	4.50196246e-02	1.57876970e+00	8.45378601e-01	7.33391097e-01
5163            	5.59974065e-02	4.50212419e-02	1.57878515e+00	8.45389983e-01	7.33395170e-01
5164            	5.60005460e-02	4.50225862e-02	1.57879836e+00	8.45399727e-01	7.33398634e-01
5165            	5.60029986e-02	4.50235086e-02	1.57881090e+00	8.45408447e-01	7.33402450e-01
5166            	5.60048354e-02	4.50240937e-02	1.57882173e+00	8.45415701e-01	7.33406031e-01
5167            	5.60061956e-02	4.50244206e-02	1.57883119e+00	8.45421790e-01	7.33409399e-01
5168            	5.60072256e-02	4.50245725e-02	1.57883964e+00	8.45427045e-01	7.33412593e-01
5169            	5.60074859e-02	4.50243590e-02	1.57884544e+00	8.45430204e-01	7.33415232e-01
5170            	5.60084604e-02	4.50244591e-02	1.57885390e+00	8.45435411e-01	7.33418491e-01
5171            	5.60094719e-02	4.50245949e-02	1.57886242e+00	8.45440683e-01	7.33421739e-01
5172            	5.60105463e-02	4.50247898e-02	1.57887104e+00	8.45446067e-01	7.33424975e-01
5173            	5.60116907e-02	4.50250529e-02	1.57887977e+00	8.45451574e-01	7.33428193e-01
5174            	5.60129078e-02	4.50253883e-02	1.57888860e+00	8.45457206e-01	7.33431390e-01
5175            	5.60142025e-02	4.50257989e-02	1.57889755e+00	8.45462978e-01	7.33434573e-01
5176            	5.60155796e-02	4.50262859e-02	1.57890666e+00	8.45468911e-01	7.33437751e-01
5177            	5.60170377e-02	4.50268468e-02	1.57891596e+00	8.45475015e-01	7.33440940e-01
5178            	5.60185706e-02	4.50274761e-02	1.57892545e+00	8.45481296e-01	7.33444155e-01
5179            	5.60201642e-02	4.50281645e-02	1.57893515e+00	8.45487738e-01	7.33447410e-01
5180            	5.60217961e-02	4.50288993e-02	1.57894502e+00	8.45494307e-01	7.33450715e-01
5181            	5.60216576e-02	4.50286601e-02	1.57895179e+00	8.45497551e-01	7.33454235e-01
5182            	5.60222062e-02	4.50288535e-02	1.57895990e+00	8.45502154e-01	7.33457742e-01
5183            	5.60234070e-02	4.50294479e-02	1.57896924e+00	8.45508026e-01	7.33461212e-01
5184            	5.60251049e-02	4.50303364e-02	1.57897949e+00	8.45514849e-01	7.33464639e-01
5185            	5.60271040e-02	4.50313898e-02	1.57899029e+00	8.45522250e-01	7.33468042e-01
5186            	5.60292129e-02	4.50324855e-02	1.57900131e+00	8.45529867e-01	7.33471441e-01
5187            	5.60295274e-02	4.50325243e-02	1.57900903e+00	8.45534045e-01	7.33474990e-01
5188            	5.60302323e-02	4.50327688e-02	1.57901739e+00	8.45538928e-01	7.33478463e-01
5189            	5.60312619e-02	4.50331765e-02	1.57902622e+00	8.45544371e-01	7.33481847e-01
5190            	5.60322389e-02	4.50335282e-02	1.57903389e+00	8.45549183e-01	7.33484706e-01
5191            	5.60332940e-02	4.50338964e-02	1.57904180e+00	8.45554195e-01	7.33487607e-01
5192            	5.60332574e-02	4.50335770e-02	1.57904902e+00	8.45557769e-01	7.33491254e-01
5193            	5.60331985e-02	4.50332730e-02	1.57905494e+00	8.45560669e-01	7.33494272e-01
5194            	5.60336604e-02	4.50332512e-02	1.57906194e+00	8.45564631e-01	7.33497310e-01
5195            	5.60346430e-02	4.50335183e-02	1.57907004e+00	8.45569664e-01	7.33500378e-01
5196            	5.60345553e-02	4.50331641e-02	1.57907647e+00	8.45572793e-01	7.33503682e-01
5197            	5.60345275e-02	4.50329699e-02	1.57908178e+00	8.45575416e-01	7.33506361e-01
5198            	5.60354229e-02	4.50332186e-02	1.57908975e+00	8.45580300e-01	7.33509454e-01
5199            	5.60367551e-02	4.50337455e-02	1.57909855e+00	8.45586032e-01	7.33512522e-01
5200            	5.60366168e-02	4.50335178e-02	1.57910368e+00	8.45588459e-01	7.33515226e-01
5201            	5.60372122e-02	4.50336516e-02	1.57911118e+00	8.45592801e-01	7.33518376e-01
5202            	5.60382082e-02	4.50340370e-02	1.57911945e+00	8.45597932e-01	7.33521516e-01
5203            	5.60382811e-02	4.50338940e-02	1.57912623e+00	8.45601394e-01	7.33524832e-01
5204            	5.60382339e-02	4.50337648e-02	1.57913156e+00	8.45604016e-01	7.33527548e-01
5205            	5.60388656e-02	4.50339582e-02	1.57913905e+00	8.45608392e-01	7.33530660e-01
5206            	5.60392685e-02	4.50340813e-02	1.57914503e+00	8.45611785e-01	7.33533248e-01
5207            	5.60393851e-02	4.50339471e-02	1.57915167e+00	8.45615221e-01	7.33536450e-01
5208            	5.60393369e-02	4.50337805e-02	1.57915693e+00	8.45617803e-01	7.33539130e-01
5209            	5.60398884e-02	4.50338852e-02	1.57916428e+00	8.45622027e-01	7.33542250e-01
5210            	5.60398094e-02	4.50336192e-02	1.57917066e+00	8.45625138e-01	7.33545519e-01
5211            	5.60395222e-02	4.50333054e-02	1.57917551e+00	8.45627276e-01	7.33548231e-01
5212            	5.60397481e-02	4.50332320e-02	1.57918206e+00	8.45630780e-01	7.33551284e-01
5213            	5.60397820e-02	4.50331116e-02	1.57918718e+00	8.45633370e-01	7.33553806e-01
5214            	5.60395203e-02	4.50328107e-02	1.57919173e+00	8.45635386e-01	7.33556345e-01
5215            	5.60395767e-02	4.50326136e-02	1.57919767e+00	8.45638411e-01	7.33559258e-01
5216            	5.60393917e-02	4.50323283e-02	1.57920220e+00	8.45640491e-01	7.33561707e-01
5217            	5.60391453e-02	4.50319314e-02	1.57920755e+00	8.45642918e-01	7.33564627e-01
5218            	5.60385921e-02	4.50314040e-02	1.57921141e+00	8.45644299e-01	7.33567114e-01
5219            	5.60382503e-02	4.50309421e-02	1.57921632e+00	8.45646411e-01	7.33569911e-01
5220            	5.60377745e-02	4.50304577e-02	1.57922014e+00	8.45647845e-01	7.33572296e-01
5221            	5.60373269e-02	4.50299896e-02	1.57922401e+00	8.45649330e-01	7.33574677e-01
5222            	5.60369175e-02	4.50294772e-02	1.57922863e+00	8.45651235e-01	7.33577400e-01
5223            	5.60363025e-02	4.50288822e-02	1.57923213e+00	8.45652368e-01	7.33579763e-01
5224            	5.60357390e-02	4.50283146e-02	1.57923561e+00	8.45653542e-01	7.33582064e-01
5225            	5.60353803e-02	4.50278151e-02	1.57924020e+00	8.45655480e-01	7.33584720e-01
5226            	5.60347158e-02	4.50271505e-02	1.57924364e+00	8.45656534e-01	7.33587103e-01
5227            	5.60338470e-02	4.50263486e-02	1.57924659e+00	8.45657144e-01	7.33589450e-01
5228            	5.60329142e-02	4.50254975e-02	1.57924935e+00	8.45657588e-01	7.33591760e-01
5229            	5.60320694e-02	4.50246958e-02	1.57925221e+00	8.45658173e-01	7.33594035e-01
5230            	5.60314129e-02	4.50240098e-02	1.57925537e+00	8.45659098e-01	7.33596272e-01
5231            	5.60313141e-02	4.50236606e-02	1.57925948e+00	8.45661053e-01	7.33598425e-01
5232            	5.60308403e-02	4.50230550e-02	1.57926287e+00	8.45662275e-01	7.33600594e-01
5233            	5.60299320e-02	4.50221488e-02	1.57926547e+00	8.45662668e-01	7.33602804e-01
5234            	5.60286865e-02	4.50209951e-02	1.57926755e+00	8.45662459e-01	7.33605086e-01
5235            	5.60272898e-02	4.50197084e-02	1.57926949e+00	8.45662036e-01	7.33607457e-01
5236            	5.60268432e-02	4.50188361e-02	1.57927455e+00	8.45664118e-01	7.33610431e-01
5237            	5.60253257e-02	4.50174709e-02	1.57927651e+00	8.45663581e-01	7.33612929e-01
5238            	5.60239185e-02	4.50161902e-02	1.57927866e+00	8.45663248e-01	7.33615411e-01
5239            	5.60226772e-02	4.50150249e-02	1.57928103e+00	8.45663192e-01	7.33617838e-01
5240            	5.60215996e-02	4.50139607e-02	1.57928360e+00	8.45663401e-01	7.33620202e-01
5241            	5.60206439e-02	4.50129548e-02	1.57928632e+00	8.45663803e-01	7.33622515e-01
5242            	5.60197468e-02	4.50119505e-02	1.57928909e+00	8.45664292e-01	7.33624798e-01
5243            	5.60188345e-02	4.50108888e-02	1.57929180e+00	8.45664733e-01	7.33627064e-01
5244            	5.60185587e-02	4.50100238e-02	1.57929677e+00	8.45666941e-01	7.33629824e-01
5245            	5.60170237e-02	4.50085009e-02	1.57929810e+00	8.45666074e-01	7.33632026e-01
5246            	5.60152153e-02	4.50067547e-02	1.57929877e+00	8.45664602e-01	7.33634172e-01
5247            	5.60132130e-02	4.50048284e-02	1.57929891e+00	8.45662669e-01	7.33636243e-01
5248            	5.60111080e-02	4.50027765e-02	1.57929869e+00	8.45660452e-01	7.33638236e-01
5249            	5.60089838e-02	4.50006495e-02	1.57929830e+00	8.45658136e-01	7.33640168e-01
5250            	5.60069044e-02	4.49984882e-02	1.57929793e+00	8.45655868e-01	7.33642060e-01
5251            	5.60064697e-02	4.49970912e-02	1.57930135e+00	8.45657143e-01	7.33644203e-01
5252            	5.60048187e-02	4.49949032e-02	1.57930243e+00	8.45656035e-01	7.33646398e-01
5253            	5.60009013e-02	4.49912787e-02	1.57929923e+00	8.45650517e-01	7.33648715e-01
5254            	5.59983483e-02	4.49888373e-02	1.57929717e+00	8.45646933e-01	7.33650237e-01
5255            	5.59960439e-02	4.49865943e-02	1.57929537e+00	8.45643729e-01	7.33651641e-01
5256            	5.59941249e-02	4.49845620e-02	1.57929435e+00	8.45641301e-01	7.33653052e-01
5257            	5.59938078e-02	4.49834656e-02	1.57929627e+00	8.45641943e-01	7.33654327e-01
5258            	5.59935542e-02	4.49823144e-02	1.57929872e+00	8.45642914e-01	7.33655806e-01
5259            	5.59920969e-02	4.49803678e-02	1.57929940e+00	8.45641795e-01	7.33657601e-01
5260            	5.59909839e-02	4.49785332e-02	1.57930161e+00	8.45641788e-01	7.33659820e-01
5261            	5.59914830e-02	4.49775103e-02	1.57930802e+00	8.45645492e-01	7.33662526e-01
5262            	5.59919981e-02	4.49767296e-02	1.57931410e+00	8.45649049e-01	7.33665052e-01
5263            	5.59915506e-02	4.49754790e-02	1.57931837e+00	8.45650735e-01	7.33667634e-01
5264            	5.59915711e-02	4.49746512e-02	1.57932280e+00	8.45652970e-01	7.33669828e-01
5265            	5.59913240e-02	4.49737088e-02	1.57932613e+00	8.45654388e-01	7.33671741e-01
5266            	5.59907159e-02	4.49725428e-02	1.57932876e+00	8.45655097e-01	7.33673665e-01
5267            	5.59911773e-02	4.49719910e-02	1.57933313e+00	8.45657742e-01	7.33675388e-01
5268            	5.59917094e-02	4.49714141e-02	1.57933787e+00	8.45660646e-01	7.33677227e-01
5269            	5.59919671e-02	4.49704892e-02	1.57934316e+00	8.45663546e-01	7.33679612e-01
5270            	5.59922243e-02	4.49694065e-02	1.57934938e+00	8.45666916e-01	7.33682468e-01
5271            	5.59931585e-02	4.49688601e-02	1.57935572e+00	8.45671019e-01	7.33684701e-01
5272            	5.59934214e-02	4.49678934e-02	1.57936092e+00	8.45673880e-01	7.33687037e-01
5273            	5.59942319e-02	4.49672713e-02	1.57936679e+00	8.45677625e-01	7.33689162e-01
5274            	5.59960097e-02	4.49670270e-02	1.57937535e+00	8.45683685e-01	7.33691666e-01
5275            	5.59964261e-02	4.49658901e-02	1.57938182e+00	8.45687335e-01	7.33694482e-01
5276            	5.59951224e-02	4.49637110e-02	1.57938521e+00	8.45687726e-01	7.33697482e-01
5277            	5.59950297e-02	4.49624698e-02	1.57938954e+00	8.45689798e-01	7.33699738e-01
5278            	5.59955277e-02	4.49616497e-02	1.57939446e+00	8.45692759e-01	7.33701704e-01
5279            	5.59956586e-02	4.49605797e-02	1.57939892e+00	8.45695119e-01	7.33703801e-01
5280            	5.59955347e-02	4.49593152e-02	1.57940317e+00	8.45697120e-01	7.33706051e-01
5281            	5.59959835e-02	4.49584014e-02	1.57940824e+00	8.45700103e-01	7.33708136e-01
5282            	5.59959544e-02	4.49571502e-02	1.57941249e+00	8.45702201e-01	7.33710293e-01
5283            	5.59958367e-02	4.49556951e-02	1.57941750e+00	8.45704587e-01	7.33712914e-01
5284            	5.59958360e-02	4.49541579e-02	1.57942369e+00	8.45707680e-01	7.33716007e-01
5285            	5.59964139e-02	4.49532794e-02	1.57942931e+00	8.45711071e-01	7.33718243e-01
5286            	5.59966926e-02	4.49522730e-02	1.57943423e+00	8.45713809e-01	7.33720424e-01
5287            	5.59973520e-02	4.49515827e-02	1.57943928e+00	8.45716994e-01	7.33722290e-01
5288            	5.59979190e-02	4.49508027e-02	1.57944443e+00	8.45720133e-01	7.33724295e-01
5289            	5.59983745e-02	4.49499179e-02	1.57944968e+00	8.45723213e-01	7.33726464e-01
5290            	5.59992616e-02	4.49493127e-02	1.57945556e+00	8.45727041e-01	7.33728518e-01
5291            	5.60010031e-02	4.49489281e-02	1.57946483e+00	8.45733418e-01	7.33731412e-01
5292            	5.60016933e-02	4.49481209e-02	1.57947137e+00	8.45737377e-01	7.33733990e-01
5293            	5.60033678e-02	4.49477475e-02	1.57948085e+00	8.45743791e-01	7.33737055e-01
5294            	5.60043479e-02	4.49468976e-02	1.57948986e+00	8.45749279e-01	7.33740583e-01
5295            	5.60054216e-02	4.49463870e-02	1.57949783e+00	8.45754339e-01	7.33743496e-01
5296            	5.60064761e-02	4.49460049e-02	1.57950528e+00	8.45759117e-01	7.33746165e-01
5297            	5.60075017e-02	4.49456639e-02	1.57951250e+00	8.45763753e-01	7.33748749e-01
5298            	5.60085470e-02	4.49454236e-02	1.57951912e+00	8.45768106e-01	7.33751011e-01
5299            	5.60099491e-02	4.49453677e-02	1.57952672e+00	8.45773308e-01	7.33753410e-01
5300            	5.60116667e-02	4.49454694e-02	1.57953527e+00	8.45779300e-01	7.33755967e-01
5301            	5.60135440e-02	4.49456393e-02	1.57954442e+00	8.45785755e-01	7.33758667e-01
5302            	5.60144147e-02	4.49451387e-02	1.57955229e+00	8.45790558e-01	7.33761728e-01
5303            	5.60163472e-02	4.49452498e-02	1.57956217e+00	8.45797433e-01	7.33764738e-01
5304            	5.60180922e-02	4.49452313e-02	1.57957173e+00	8.45803955e-01	7.33767771e-01
5305            	5.60195838e-02	4.49450644e-02	1.57958065e+00	8.45809906e-01	7.33770739e-01
5306            	5.60208319e-02	4.49447670e-02	1.57958886e+00	8.45815264e-01	7.33773600e-01
5307            	5.60219098e-02	4.49443857e-02	1.57959653e+00	8.45820174e-01	7.33776354e-01
5308            	5.60221219e-02	4.49434252e-02	1.57960292e+00	8.45823580e-01	7.33779336e-01
5309            	5.60235314e-02	4.49432363e-02	1.57961127e+00	8.45829168e-01	7.33782105e-01
5310            	5.60251419e-02	4.49431950e-02	1.57961999e+00	8.45835136e-01	7.33784852e-01
5311            	5.60269338e-02	4.49433086e-02	1.57962899e+00	8.45841430e-01	7.33787562e-01
5312            	5.60282715e-02	4.49431156e-02	1.57963767e+00	8.45847109e-01	7.33790566e-01
5313            	5.60302945e-02	4.49432454e-02	1.57964867e+00	8.45854631e-01	7.33794042e-01
5314            	5.60330822e-02	4.49440516e-02	1.57966039e+00	8.45863275e-01	7.33797111e-01
5315            	5.60357175e-02	4.49449664e-02	1.57967068e+00	8.45871059e-01	7.33799624e-01
5316            	5.60382359e-02	4.49459070e-02	1.57968037e+00	8.45878419e-01	7.33801948e-01
5317            	5.60417708e-02	4.49473005e-02	1.57969332e+00	8.45888432e-01	7.33804890e-01
5318            	5.60449246e-02	4.49484985e-02	1.57970586e+00	8.45897854e-01	7.33808004e-01
5319            	5.60476572e-02	4.49494367e-02	1.57971892e+00	8.45907119e-01	7.33811805e-01
5320            	5.60500208e-02	4.49502655e-02	1.57973060e+00	8.45915319e-01	7.33815278e-01
5321            	5.60514598e-02	4.49506900e-02	1.57973897e+00	8.45920947e-01	7.33818028e-01
5322            	5.60537606e-02	4.49515372e-02	1.57975039e+00	8.45928954e-01	7.33821433e-01
5323            	5.60558918e-02	4.49523128e-02	1.57976116e+00	8.45936470e-01	7.33824686e-01
5324            	5.60577833e-02	4.49529693e-02	1.57977109e+00	8.45943326e-01	7.33827759e-01
5325            	5.60594483e-02	4.49535050e-02	1.57977964e+00	8.45949268e-01	7.33830371e-01
5326            	5.60607864e-02	4.49538316e-02	1.57978814e+00	8.45954857e-01	7.33833284e-01
5327            	5.60619168e-02	4.49540303e-02	1.57979600e+00	8.45959919e-01	7.33836086e-01
5328            	5.60629464e-02	4.49541536e-02	1.57980352e+00	8.45964706e-01	7.33838813e-01
5329            	5.60639791e-02	4.49542553e-02	1.57981097e+00	8.45969464e-01	7.33841506e-01
5330            	5.60650977e-02	4.49543815e-02	1.57981860e+00	8.45974395e-01	7.33844200e-01
5331            	5.60663529e-02	4.49545647e-02	1.57982655e+00	8.45979630e-01	7.33846924e-01
5332            	5.60677636e-02	4.49548236e-02	1.57983493e+00	8.45985229e-01	7.33849702e-01
5333            	5.60693214e-02	4.49551643e-02	1.57984374e+00	8.45991191e-01	7.33852549e-01
5334            	5.60709990e-02	4.49555831e-02	1.57985294e+00	8.45997470e-01	7.33855472e-01
5335            	5.60727628e-02	4.49560735e-02	1.57986248e+00	8.46004002e-01	7.33858476e-01
5336            	5.60745811e-02	4.49566292e-02	1.57987228e+00	8.46010720e-01	7.33861558e-01
5337            	5.60764278e-02	4.49572455e-02	1.57988228e+00	8.46017567e-01	7.33864711e-01
5338            	5.60782823e-02	4.49579171e-02	1.57989242e+00	8.46024490e-01	7.33867926e-01
5339            	5.60801478e-02	4.49586522e-02	1.57990197e+00	8.46031132e-01	7.33870836e-01
5340            	5.60819481e-02	4.49593810e-02	1.57991256e+00	8.46038226e-01	7.33874330e-01
5341            	5.60837506e-02	4.49601625e-02	1.57992321e+00	8.46045355e-01	7.33877854e-01
5342            	5.60855672e-02	4.49609969e-02	1.57993387e+00	8.46052504e-01	7.33881369e-01
5343            	5.60873802e-02	4.49618636e-02	1.57994445e+00	8.46059605e-01	7.33884845e-01
5344            	5.60891502e-02	4.49627282e-02	1.57995481e+00	8.46066555e-01	7.33888255e-01
5345            	5.60908277e-02	4.49635509e-02	1.57996481e+00	8.46073235e-01	7.33891579e-01
5346            	5.60921477e-02	4.49641599e-02	1.57997309e+00	8.46078693e-01	7.33894398e-01
5347            	5.60932342e-02	4.49646238e-02	1.57998095e+00	8.46083710e-01	7.33897242e-01
5348            	5.60941243e-02	4.49649530e-02	1.57998849e+00	8.46088371e-01	7.33900123e-01
5349            	5.60949471e-02	4.49652085e-02	1.57999603e+00	8.46092963e-01	7.33903068e-01
5350            	5.60958285e-02	4.49654555e-02	1.58000386e+00	8.46097757e-01	7.33906100e-01
5351            	5.60968292e-02	4.49657337e-02	1.58001206e+00	8.46102859e-01	7.33909201e-01
5352            	5.60974345e-02	4.49658770e-02	1.58001841e+00	8.46106639e-01	7.33911770e-01
5353            	5.60985200e-02	4.49661587e-02	1.58002673e+00	8.46111887e-01	7.33914847e-01
5354            	5.60996924e-02	4.49664853e-02	1.58003527e+00	8.46117329e-01	7.33917944e-01
5355            	5.61004371e-02	4.49666929e-02	1.58004183e+00	8.46121354e-01	7.33920479e-01
5356            	5.61016724e-02	4.49670871e-02	1.58005040e+00	8.46126874e-01	7.33923529e-01
5357            	5.61029936e-02	4.49675516e-02	1.58005922e+00	8.46132606e-01	7.33926619e-01
5358            	5.61027743e-02	4.49671678e-02	1.58006543e+00	8.46135492e-01	7.33929943e-01
5359            	5.61030668e-02	4.49671232e-02	1.58007255e+00	8.46139341e-01	7.33933208e-01
5360            	5.61033607e-02	4.49672000e-02	1.58007835e+00	8.46142535e-01	7.33935814e-01
5361            	5.61044529e-02	4.49676610e-02	1.58008654e+00	8.46147724e-01	7.33938819e-01
5362            	5.61052840e-02	4.49680556e-02	1.58009310e+00	8.46151836e-01	7.33941268e-01
5363            	5.61068090e-02	4.49687501e-02	1.58010206e+00	8.46157837e-01	7.33944219e-01
5364            	5.61069772e-02	4.49686565e-02	1.58010877e+00	8.46161360e-01	7.33947406e-01
5365            	5.61070741e-02	4.49686035e-02	1.58011420e+00	8.46164174e-01	7.33950026e-01
5366            	5.61079037e-02	4.49688890e-02	1.58012208e+00	8.46168945e-01	7.33953137e-01
5367            	5.61084622e-02	4.49690950e-02	1.58012832e+00	8.46172621e-01	7.33955696e-01
5368            	5.61097109e-02	4.49696021e-02	1.58013691e+00	8.46178165e-01	7.33958743e-01
5369            	5.61097478e-02	4.49693986e-02	1.58014347e+00	8.46181481e-01	7.33961985e-01
5370            	5.61096873e-02	4.49692247e-02	1.58014863e+00	8.46184003e-01	7.33964628e-01
5371            	5.61098228e-02	4.49691639e-02	1.58015395e+00	8.46186798e-01	7.33967152e-01
5372            	5.61106421e-02	4.49694054e-02	1.58016146e+00	8.46191371e-01	7.33970086e-01
5373            	5.61112051e-02	4.49695828e-02	1.58016744e+00	8.46194927e-01	7.33972517e-01
5374            	5.61113052e-02	4.49694071e-02	1.58017376e+00	8.46198186e-01	7.33975576e-01
5375            	5.61113043e-02	4.49692699e-02	1.58017883e+00	8.46200717e-01	7.33978108e-01
5376            	5.61119615e-02	4.49694622e-02	1.58018600e+00	8.46204962e-01	7.33981039e-01
5377            	5.61123891e-02	4.49696132e-02	1.58019172e+00	8.46208248e-01	7.33983470e-01
5378            	5.61129706e-02	4.49698681e-02	1.58019761e+00	8.46211777e-01	7.33985836e-01
5379            	5.61142644e-02	4.49704882e-02	1.58020582e+00	8.46217172e-01	7.33988644e-01
5380            	5.61147276e-02	4.49706319e-02	1.58021275e+00	8.46221103e-01	7.33991647e-01
5381            	5.61148362e-02	4.49706322e-02	1.58021807e+00	8.46223872e-01	7.33994200e-01
5382            	5.61148600e-02	4.49705832e-02	1.58022306e+00	8.46226391e-01	7.33996671e-01
5383            	5.61148172e-02	4.49704779e-02	1.58022777e+00	8.46228704e-01	7.33999070e-01
5384            	5.61151703e-02	4.49705291e-02	1.58023405e+00	8.46232196e-01	7.34001855e-01
5385            	5.61152140e-02	4.49704368e-02	1.58023892e+00	8.46234674e-01	7.34004246e-01
5386            	5.61153042e-02	4.49703625e-02	1.58024380e+00	8.46237203e-01	7.34006594e-01
5387            	5.61154414e-02	4.49703071e-02	1.58024873e+00	8.46239805e-01	7.34008922e-01
5388            	5.61155996e-02	4.49702560e-02	1.58025370e+00	8.46242448e-01	7.34011249e-01
5389            	5.61161212e-02	4.49703620e-02	1.58026025e+00	8.46246245e-01	7.34014002e-01
5390            	5.61162412e-02	4.49702954e-02	1.58026536e+00	8.46248919e-01	7.34016436e-01
5391            	5.61162165e-02	4.49701526e-02	1.58027014e+00	8.46251285e-01	7.34018852e-01
5392            	5.61160116e-02	4.49699010e-02	1.58027452e+00	8.46253274e-01	7.34021250e-01
5393            	5.61156087e-02	4.49695189e-02	1.58027847e+00	8.46254842e-01	7.34023625e-01
5394            	5.61149948e-02	4.49689933e-02	1.58028188e+00	8.46255935e-01	7.34025945e-01
5395            	5.61141745e-02	4.49683256e-02	1.58028470e+00	8.46256522e-01	7.34028173e-01
5396            	5.61132130e-02	4.49675478e-02	1.58028707e+00	8.46256746e-01	7.34030320e-01
5397            	5.61121770e-02	4.49666902e-02	1.58028922e+00	8.46256788e-01	7.34032434e-01
5398            	5.61110960e-02	4.49657663e-02	1.58029130e+00	8.46256745e-01	7.34034553e-01
5399            	5.61099815e-02	4.49647863e-02	1.58029335e+00	8.46256657e-01	7.34036694e-01
5400            	5.61088460e-02	4.49637672e-02	1.58029541e+00	8.46256553e-01	7.34038861e-01
5401            	5.61077063e-02	4.49627321e-02	1.58029753e+00	8.46256471e-01	7.34041058e-01
5402            	5.61055717e-02	4.49611859e-02	1.58029790e+00	8.46254520e-01	7.34043377e-01
5403            	5.61049207e-02	4.49604192e-02	1.58030126e+00	8.46255550e-01	7.34045708e-01
5404            	5.61044253e-02	4.49597659e-02	1.58030492e+00	8.46256885e-01	7.34048035e-01
5405            	5.61040052e-02	4.49591861e-02	1.58030864e+00	8.46258323e-01	7.34050313e-01
5406            	5.61035812e-02	4.49586282e-02	1.58031219e+00	8.46259678e-01	7.34052516e-01
5407            	5.61030898e-02	4.49580408e-02	1.58031546e+00	8.46260822e-01	7.34054642e-01
5408            	5.61024925e-02	4.49573834e-02	1.58031839e+00	8.46261689e-01	7.34056704e-01
5409            	5.61008310e-02	4.49561669e-02	1.58031940e+00	8.46260533e-01	7.34058871e-01
5410            	5.61003048e-02	4.49554670e-02	1.58032256e+00	8.46261586e-01	7.34060976e-01
5411            	5.60997227e-02	4.49546906e-02	1.58032560e+00	8.46262523e-01	7.34063077e-01
5412            	5.60981811e-02	4.49533835e-02	1.58032709e+00	8.46261727e-01	7.34065365e-01
5413            	5.60970139e-02	4.49521573e-02	1.58033038e+00	8.46262203e-01	7.34068175e-01
5414            	5.60956335e-02	4.49508618e-02	1.58033257e+00	8.46261917e-01	7.34070650e-01
5415            	5.60945818e-02	4.49498109e-02	1.58033378e+00	8.46261474e-01	7.34072310e-01
5416            	5.60934404e-02	4.49486650e-02	1.58033449e+00	8.46260683e-01	7.34073802e-01
5417            	5.60922383e-02	4.49474008e-02	1.58033491e+00	8.46259692e-01	7.34075215e-01
5418            	5.60911841e-02	4.49460320e-02	1.58033628e+00	8.46259326e-01	7.34076958e-01
5419            	5.60896464e-02	4.49442700e-02	1.58033678e+00	8.46258036e-01	7.34078743e-01
5420            	5.60873495e-02	4.49419173e-02	1.58033611e+00	8.46255402e-01	7.34080703e-01
5421            	5.60851719e-02	4.49397800e-02	1.58033514e+00	8.46252739e-01	7.34082396e-01
5422            	5.60833325e-02	4.49377946e-02	1.58033513e+00	8.46250900e-01	7.34084235e-01
5423            	5.60820643e-02	4.49362100e-02	1.58033586e+00	8.46249996e-01	7.34085867e-01
5424            	5.60809808e-02	4.49347526e-02	1.58033697e+00	8.46249467e-01	7.34087506e-01
5425            	5.60800504e-02	4.49333928e-02	1.58033844e+00	8.46249270e-01	7.34089169e-01
5426            	5.60792098e-02	4.49320779e-02	1.58034020e+00	8.46249312e-01	7.34090892e-01
5427            	5.60787523e-02	4.49308482e-02	1.58034371e+00	8.46250610e-01	7.34093105e-01
5428            	5.60778453e-02	4.49293632e-02	1.58034652e+00	8.46251105e-01	7.34095414e-01
5429            	5.60771439e-02	4.49280085e-02	1.58034973e+00	8.46252010e-01	7.34097722e-01
5430            	5.60758424e-02	4.49264998e-02	1.58035094e+00	8.46251310e-01	7.34099625e-01
5431            	5.60743061e-02	4.49248344e-02	1.58035193e+00	8.46250270e-01	7.34101658e-01
5432            	5.60732297e-02	4.49234422e-02	1.58035336e+00	8.46249911e-01	7.34103451e-01
5433            	5.60719414e-02	4.49218585e-02	1.58035504e+00	8.46249460e-01	7.34105577e-01
5434            	5.60720822e-02	4.49211645e-02	1.58035837e+00	8.46251268e-01	7.34107104e-01
5435            	5.60717536e-02	4.49200756e-02	1.58036150e+00	8.46252506e-01	7.34108999e-01
5436            	5.60713790e-02	4.49189726e-02	1.58036409e+00	8.46253425e-01	7.34110667e-01
5437            	5.60716992e-02	4.49181896e-02	1.58036821e+00	8.46255804e-01	7.34112406e-01
5438            	5.60715167e-02	4.49170355e-02	1.58037172e+00	8.46257378e-01	7.34114345e-01
5439            	5.60712467e-02	4.49158781e-02	1.58037476e+00	8.46258629e-01	7.34116136e-01
5440            	5.60703194e-02	4.49142115e-02	1.58037736e+00	8.46259001e-01	7.34118362e-01
5441            	5.60707941e-02	4.49135087e-02	1.58038167e+00	8.46261627e-01	7.34120039e-01
5442            	5.60718559e-02	4.49130586e-02	1.58038747e+00	8.46265590e-01	7.34121878e-01
5443            	5.60721847e-02	4.49121231e-02	1.58039237e+00	8.46268371e-01	7.34124002e-01
5444            	5.60721867e-02	4.49110819e-02	1.58039637e+00	8.46270373e-01	7.34126000e-01
5445            	5.60712797e-02	4.49093912e-02	1.58039956e+00	8.46271057e-01	7.34128498e-01
5446            	5.60716298e-02	4.49086191e-02	1.58040406e+00	8.46273658e-01	7.34130398e-01
5447            	5.60724491e-02	4.49080618e-02	1.58040977e+00	8.46277337e-01	7.34132438e-01
5448            	5.60729143e-02	4.49073559e-02	1.58041457e+00	8.46280197e-01	7.34134369e-01
5449            	5.60725365e-02	4.49060129e-02	1.58041874e+00	8.46281905e-01	7.34136832e-01
5450            	5.60716407e-02	4.49043363e-02	1.58042217e+00	8.46282725e-01	7.34139444e-01
5451            	5.60720225e-02	4.49036085e-02	1.58042676e+00	8.46285402e-01	7.34141357e-01
5452            	5.60729416e-02	4.49031271e-02	1.58043258e+00	8.46289234e-01	7.34143351e-01
5453            	5.60737026e-02	4.49025948e-02	1.58043787e+00	8.46292639e-01	7.34145234e-01
5454            	5.60741862e-02	4.49018502e-02	1.58044290e+00	8.46295635e-01	7.34147263e-01
5455            	5.60740017e-02	4.49005243e-02	1.58044766e+00	8.46297831e-01	7.34149827e-01
5456            	5.60733780e-02	4.48988880e-02	1.58045179e+00	8.46299271e-01	7.34152515e-01
5457            	5.60739353e-02	4.48981833e-02	1.58045678e+00	8.46302326e-01	7.34154456e-01
5458            	5.60740288e-02	4.48970115e-02	1.58046172e+00	8.46304889e-01	7.34156832e-01
5459            	5.60743234e-02	4.48960739e-02	1.58046650e+00	8.46307571e-01	7.34158924e-01
5460            	5.60741012e-02	4.48946432e-02	1.58047101e+00	8.46309605e-01	7.34161402e-01
5461            	5.60742819e-02	4.48936059e-02	1.58047563e+00	8.46312097e-01	7.34163534e-01
5462            	5.60742077e-02	4.48922367e-02	1.58048043e+00	8.46314420e-01	7.34166005e-01
5463            	5.60749518e-02	4.48915159e-02	1.58048584e+00	8.46317870e-01	7.34167967e-01
5464            	5.60762458e-02	4.48910804e-02	1.58049263e+00	8.46322563e-01	7.34170071e-01
5465            	5.60777995e-02	4.48909467e-02	1.58049954e+00	8.46327568e-01	7.34171969e-01
5466            	5.60794477e-02	4.48909153e-02	1.58050654e+00	8.46332716e-01	7.34173821e-01
5467            	5.60811015e-02	4.48909353e-02	1.58051353e+00	8.46337864e-01	7.34175661e-01
5468            	5.60827395e-02	4.48909561e-02	1.58052064e+00	8.46343062e-01	7.34177583e-01
5469            	5.60843017e-02	4.48909128e-02	1.58052791e+00	8.46348256e-01	7.34179653e-01
5470            	5.60857239e-02	4.48907584e-02	1.58053524e+00	8.46353346e-01	7.34181898e-01
5471            	5.60869746e-02	4.48904807e-02	1.58054257e+00	8.46358261e-01	7.34184312e-01
5472            	5.60871437e-02	4.48894894e-02	1.58054854e+00	8.46361414e-01	7.34187127e-01
5473            	5.60883455e-02	4.48891336e-02	1.58055662e+00	8.46366657e-01	7.34189966e-01
5474            	5.60895512e-02	4.48888000e-02	1.58056493e+00	8.46372016e-01	7.34192914e-01
5475            	5.60899719e-02	4.48879481e-02	1.58057252e+00	8.46376234e-01	7.34196290e-01
5476            	5.60911415e-02	4.48873278e-02	1.58058386e+00	8.46383069e-01	7.34200786e-01
5477            	5.60925115e-02	4.48870455e-02	1.58059445e+00	8.46389737e-01	7.34204714e-01
5478            	5.60939738e-02	4.48870577e-02	1.58060318e+00	8.46395565e-01	7.34207618e-01
5479            	5.60956309e-02	4.48874425e-02	1.58061066e+00	8.46400960e-01	7.34209698e-01
5480            	5.60974776e-02	4.48878852e-02	1.58061845e+00	8.46406705e-01	7.34211749e-01
5481            	5.60992694e-02	4.48884534e-02	1.58062511e+00	8.46411826e-01	7.34213287e-01
5482            	5.61012171e-02	4.48889904e-02	1.58063243e+00	8.46417432e-01	7.34214998e-01
5483            	5.61034042e-02	4.48896242e-02	1.58064041e+00	8.46423608e-01	7.34216800e-01
5484            	5.61057719e-02	4.48903117e-02	1.58064908e+00	8.46430314e-01	7.34218770e-01
5485            	5.61079439e-02	4.48909798e-02	1.58065715e+00	8.46436518e-01	7.34220630e-01
5486            	5.61104176e-02	4.48916000e-02	1.58066730e+00	8.46444065e-01	7.34223230e-01
5487            	5.61127194e-02	4.48921199e-02	1.58067728e+00	8.46451361e-01	7.34225922e-01
5488            	5.61149955e-02	4.48926619e-02	1.58068690e+00	8.46458446e-01	7.34228455e-01
5489            	5.61168314e-02	4.48928882e-02	1.58069670e+00	8.46465179e-01	7.34231517e-01
5490            	5.61184324e-02	4.48930243e-02	1.58070604e+00	8.46471452e-01	7.34234587e-01
5491            	5.61198634e-02	4.48931158e-02	1.58071498e+00	8.46477354e-01	7.34237627e-01
5492            	5.61211908e-02	4.48932031e-02	1.58072361e+00	8.46482993e-01	7.34240612e-01
5493            	5.61224707e-02	4.48933161e-02	1.58073200e+00	8.46488470e-01	7.34243528e-01
5494            	5.61237485e-02	4.48934746e-02	1.58074025e+00	8.46493872e-01	7.34246375e-01
5495            	5.61250586e-02	4.48936908e-02	1.58074843e+00	8.46499275e-01	7.34249158e-01
5496            	5.61264255e-02	4.48939700e-02	1.58075662e+00	8.46504737e-01	7.34251886e-01
5497            	5.61278654e-02	4.48943130e-02	1.58076487e+00	8.46510300e-01	7.34254570e-01
5498            	5.61293894e-02	4.48947182e-02	1.58077322e+00	8.46516000e-01	7.34257221e-01
5499            	5.61310001e-02	4.48951802e-02	1.58078171e+00	8.46521855e-01	7.34259854e-01
5500            	5.61327265e-02	4.48957178e-02	1.58079043e+00	8.46527943e-01	7.34262490e-01
5501            	5.61345411e-02	4.48963098e-02	1.58079936e+00	8.46534221e-01	7.34265139e-01
5502            	5.61364071e-02	4.48969320e-02	1.58080844e+00	8.46540628e-01	7.34267814e-01
5503            	5.61384051e-02	4.48976465e-02	1.58081728e+00	8.46547043e-01	7.34270232e-01
5504            	5.61402242e-02	4.48982223e-02	1.58082675e+00	8.46553600e-01	7.34273152e-01
5505            	5.61420411e-02	4.48988094e-02	1.58083632e+00	8.46560199e-01	7.34276116e-01
5506            	5.61438678e-02	4.48994244e-02	1.58084593e+00	8.46566834e-01	7.34279098e-01
5507            	5.61456976e-02	4.49000703e-02	1.58085555e+00	8.46573474e-01	7.34282079e-01
5508            	5.61475077e-02	4.49007376e-02	1.58086511e+00	8.46580061e-01	7.34285046e-01
5509            	5.61492672e-02	4.49014092e-02	1.58087452e+00	8.46586525e-01	7.34287990e-01
5510            	5.61509472e-02	4.49020664e-02	1.58088371e+00	8.46592801e-01	7.34290907e-01
5511            	5.61525262e-02	4.49026908e-02	1.58089264e+00	8.46598845e-01	7.34293793e-01
5512            	5.61539949e-02	4.49032699e-02	1.58090129e+00	8.46604638e-01	7.34296648e-01
5513            	5.61553601e-02	4.49037987e-02	1.58090967e+00	8.46610195e-01	7.34299475e-01
5514            	5.61566393e-02	4.49042789e-02	1.58091783e+00	8.46615555e-01	7.34302276e-01
5515            	5.61578555e-02	4.49047163e-02	1.58092582e+00	8.46620766e-01	7.34305055e-01
5516            	5.61590333e-02	4.49051197e-02	1.58093369e+00	8.46625880e-01	7.34307814e-01
5517            	5.61601072e-02	4.49054613e-02	1.58094064e+00	8.46630428e-01	7.34310214e-01
5518            	5.61612748e-02	4.49058082e-02	1.58094871e+00	8.46635627e-01	7.34313078e-01
5519            	5.61624669e-02	4.49061561e-02	1.58095680e+00	8.46640866e-01	7.34315932e-01
5520            	5.61632778e-02	4.49063212e-02	1.58096325e+00	8.46644904e-01	7.34318348e-01
5521            	5.61641908e-02	4.49065283e-02	1.58097011e+00	8.46649248e-01	7.34320866e-01
5522            	5.61652541e-02	4.49068050e-02	1.58097752e+00	8.46654015e-01	7.34323507e-01
5523            	5.61664626e-02	4.49071577e-02	1.58098547e+00	8.46659196e-01	7.34326270e-01
5524            	5.61677716e-02	4.49075750e-02	1.58099381e+00	8.46664676e-01	7.34329133e-01
5525            	5.61686138e-02	4.49078569e-02	1.58100029e+00	8.46668760e-01	7.34331533e-01
5526            	5.61684658e-02	4.49074929e-02	1.58100622e+00	8.46671578e-01	7.34334646e-01
5527            	5.61689182e-02	4.49075152e-02	1.58101333e+00	8.46675584e-01	7.34337748e-01
5528            	5.61699853e-02	4.49079303e-02	1.58102156e+00	8.46680766e-01	7.34340795e-01
5529            	5.61709856e-02	4.49084168e-02	1.58102842e+00	8.46685196e-01	7.34343225e-01
5530            	5.61727300e-02	4.49092601e-02	1.58103760e+00	8.46691532e-01	7.34346072e-01
5531            	5.61732048e-02	4.49093865e-02	1.58104462e+00	8.46695513e-01	7.34349104e-01
5532            	5.61736963e-02	4.49096002e-02	1.58105047e+00	8.46698929e-01	7.34351536e-01
5533            	5.61744623e-02	4.49099658e-02	1.58105669e+00	8.46702807e-01	7.34353882e-01
5534            	5.61758992e-02	4.49106112e-02	1.58106518e+00	8.46708490e-01	7.34356692e-01
5535            	5.61761512e-02	4.49105533e-02	1.58107173e+00	8.46712017e-01	7.34359715e-01
5536            	5.61764092e-02	4.49105752e-02	1.58107719e+00	8.46715006e-01	7.34362187e-01
5537            	5.61774483e-02	4.49109428e-02	1.58108508e+00	8.46719989e-01	7.34365093e-01
5538            	5.61782417e-02	4.49112533e-02	1.58109141e+00	8.46723949e-01	7.34367466e-01
5539            	5.61783938e-02	4.49110906e-02	1.58109768e+00	8.46727233e-01	7.34370446e-01
5540            	5.61785678e-02	4.49110361e-02	1.58110286e+00	8.46730000e-01	7.34372865e-01
5541            	5.61795647e-02	4.49113780e-02	1.58111045e+00	8.46734791e-01	7.34375661e-01
5542            	5.61803558e-02	4.49117004e-02	1.58111658e+00	8.46738644e-01	7.34377932e-01
5543            	5.61806703e-02	4.49116769e-02	1.58112289e+00	8.46742114e-01	7.34380773e-01
5544            	5.61809414e-02	4.49117271e-02	1.58112805e+00	8.46744967e-01	7.34383085e-01
5545            	5.61814618e-02	4.49119395e-02	1.58113352e+00	8.46748220e-01	7.34385296e-01
5546            	5.61827526e-02	4.49125409e-02	1.58114130e+00	8.46753405e-01	7.34387899e-01
5547            	5.61837111e-02	4.49130276e-02	1.58114761e+00	8.46757516e-01	7.34390094e-01
5548            	5.61842246e-02	4.49132000e-02	1.58115421e+00	8.46761328e-01	7.34392879e-01
5549            	5.61844975e-02	4.49133042e-02	1.58115947e+00	8.46764231e-01	7.34395236e-01
5550            	5.61848294e-02	4.49134538e-02	1.58116473e+00	8.46767196e-01	7.34397537e-01
5551            	5.61852074e-02	4.49136295e-02	1.58117001e+00	8.46770212e-01	7.34399797e-01
5552            	5.61861093e-02	4.49140592e-02	1.58117716e+00	8.46774690e-01	7.34402472e-01
5553            	5.61866918e-02	4.49143534e-02	1.58118297e+00	8.46778176e-01	7.34404792e-01
5554            	5.61873173e-02	4.49146882e-02	1.58118883e+00	8.46781730e-01	7.34407095e-01
5555            	5.61879600e-02	4.49150474e-02	1.58119469e+00	8.46785307e-01	7.34409386e-01
5556            	5.61885647e-02	4.49153952e-02	1.58120047e+00	8.46788799e-01	7.34411669e-01
5557            	5.61890656e-02	4.49156894e-02	1.58120601e+00	8.46792070e-01	7.34413939e-01
5558            	5.61894034e-02	4.49158886e-02	1.58121117e+00	8.46794991e-01	7.34416184e-01
5559            	5.61895376e-02	4.49159606e-02	1.58121588e+00	8.46797479e-01	7.34418404e-01
5560            	5.61894555e-02	4.49158889e-02	1.58122015e+00	8.46799532e-01	7.34420621e-01
5561            	5.61891813e-02	4.49156786e-02	1.58122409e+00	8.46801224e-01	7.34422861e-01
5562            	5.61887640e-02	4.49153524e-02	1.58122781e+00	8.46802668e-01	7.34425140e-01
5563            	5.61892814e-02	4.49154508e-02	1.58123454e+00	8.46806551e-01	7.34427988e-01
5564            	5.61885418e-02	4.49149015e-02	1.58123779e+00	8.46807436e-01	7.34430352e-01
5565            	5.61877443e-02	4.49143108e-02	1.58124088e+00	8.46808185e-01	7.34432696e-01
5566            	5.61869626e-02	4.49137240e-02	1.58124390e+00	8.46808910e-01	7.34434985e-01
5567            	5.61862490e-02	4.49131693e-02	1.58124691e+00	8.46809703e-01	7.34437205e-01
5568            	5.61856298e-02	4.49126560e-02	1.58124999e+00	8.46810624e-01	7.34439364e-01
5569            	5.61851035e-02	4.49121767e-02	1.58125316e+00	8.46811686e-01	7.34441478e-01
5570            	5.61846444e-02	4.49117106e-02	1.58125641e+00	8.46812847e-01	7.34443558e-01
5571            	5.61851793e-02	4.49117100e-02	1.58126254e+00	8.46816451e-01	7.34446092e-01
5572            	5.61844783e-02	4.49110708e-02	1.58126514e+00	8.46817051e-01	7.34448094e-01
5573            	5.61836732e-02	4.49103504e-02	1.58126743e+00	8.46817388e-01	7.34450042e-01
5574            	5.61827968e-02	4.49095652e-02	1.58126946e+00	8.46817525e-01	7.34451932e-01
5575            	5.61818801e-02	4.49087326e-02	1.58127130e+00	8.46817531e-01	7.34453771e-01
5576            	5.61817077e-02	4.49082378e-02	1.58127544e+00	8.46819427e-01	7.34456011e-01
5577            	5.61812133e-02	4.49075657e-02	1.58127902e+00	8.46820724e-01	7.34458297e-01
5578            	5.61796783e-02	4.49063980e-02	1.58128018e+00	8.46819770e-01	7.34460413e-01
5579            	5.61785477e-02	4.49054614e-02	1.58128142e+00	8.46819256e-01	7.34462161e-01
5580            	5.61774841e-02	4.49045897e-02	1.58128238e+00	8.46818676e-01	7.34463707e-01
5581            	5.61765105e-02	4.49037498e-02	1.58128337e+00	8.46818195e-01	7.34465174e-01
5582            	5.61756120e-02	4.49029024e-02	1.58128452e+00	8.46817873e-01	7.34466649e-01
5583            	5.61747449e-02	4.49020077e-02	1.58128587e+00	8.46817678e-01	7.34468188e-01
5584            	5.61729644e-02	4.49005712e-02	1.58128575e+00	8.46815842e-01	7.34469913e-01
5585            	5.61714431e-02	4.48992035e-02	1.58128664e+00	8.46814761e-01	7.34471875e-01
5586            	5.61702369e-02	4.48979089e-02	1.58128922e+00	8.46814845e-01	7.34474372e-01
5587            	5.61689684e-02	4.48966902e-02	1.58129128e+00	8.46814607e-01	7.34476670e-01
5588            	5.61682822e-02	4.48958843e-02	1.58129390e+00	8.46815230e-01	7.34478666e-01
5589            	5.61670825e-02	4.48948154e-02	1.58129531e+00	8.46814736e-01	7.34480571e-01
5590            	5.61659051e-02	4.48937435e-02	1.58129596e+00	8.46813883e-01	7.34482073e-01
5591            	5.61648080e-02	4.48926772e-02	1.58129661e+00	8.46813113e-01	7.34483497e-01
5592            	5.61638403e-02	4.48916174e-02	1.58129752e+00	8.46812599e-01	7.34484918e-01
5593            	5.61630168e-02	4.48905538e-02	1.58129886e+00	8.46812446e-01	7.34486413e-01
5594            	5.61613891e-02	4.48889574e-02	1.58129905e+00	8.46810914e-01	7.34488136e-01
5595            	5.61601003e-02	4.48874459e-02	1.58130045e+00	8.46810328e-01	7.34490127e-01
5596            	5.61589112e-02	4.48858649e-02	1.58130297e+00	8.46810397e-01	7.34492574e-01
5597            	5.61584680e-02	4.48848402e-02	1.58130631e+00	8.46811624e-01	7.34494688e-01
5598            	5.61576111e-02	4.48836101e-02	1.58130868e+00	8.46811950e-01	7.34496728e-01
5599            	5.61561039e-02	4.48820448e-02	1.58130949e+00	8.46810849e-01	7.34498641e-01
5600            	5.61553462e-02	4.48809545e-02	1.58131105e+00	8.46810871e-01	7.34500179e-01
5601            	5.61546553e-02	4.48798863e-02	1.58131238e+00	8.46810848e-01	7.34501537e-01
5602            	5.61536823e-02	4.48786000e-02	1.58131314e+00	8.46810251e-01	7.34502886e-01
5603            	5.61519804e-02	4.48767850e-02	1.58131290e+00	8.46808430e-01	7.34504469e-01
5604            	5.61503784e-02	4.48749473e-02	1.58131309e+00	8.46806921e-01	7.34506164e-01
5605            	5.61499816e-02	4.48738011e-02	1.58131530e+00	8.46807632e-01	7.34507669e-01
5606            	5.61495342e-02	4.48726686e-02	1.58131721e+00	8.46808139e-01	7.34509070e-01
5607            	5.61485002e-02	4.48710921e-02	1.58131860e+00	8.46807802e-01	7.34510801e-01
5608            	5.61484604e-02	4.48701308e-02	1.58132166e+00	8.46809289e-01	7.34512368e-01
5609            	5.61482446e-02	4.48691325e-02	1.58132424e+00	8.46810363e-01	7.34513874e-01
5610            	5.61473583e-02	4.48676638e-02	1.58132627e+00	8.46810494e-01	7.34515778e-01
5611            	5.61474282e-02	4.48668087e-02	1.58132990e+00	8.46812381e-01	7.34517524e-01
5612            	5.61482081e-02	4.48663957e-02	1.58133481e+00	8.46815612e-01	7.34519196e-01
5613            	5.61484520e-02	4.48657168e-02	1.58133860e+00	8.46817753e-01	7.34520849e-01
5614            	5.61481619e-02	4.48647086e-02	1.58134164e+00	8.46818980e-01	7.34522657e-01
5615            	5.61483309e-02	4.48639171e-02	1.58134598e+00	8.46821320e-01	7.34524659e-01
5616            	5.61477756e-02	4.48626595e-02	1.58134934e+00	8.46822444e-01	7.34526893e-01
5617            	5.61482265e-02	4.48621007e-02	1.58135374e+00	8.46825097e-01	7.34528644e-01
5618            	5.61489820e-02	4.48616460e-02	1.58135912e+00	8.46828544e-01	7.34530580e-01
5619            	5.61488735e-02	4.48606169e-02	1.58136332e+00	8.46830532e-01	7.34532785e-01
5620            	5.61484750e-02	4.48594620e-02	1.58136662e+00	8.46831787e-01	7.34534837e-01
5621            	5.61487100e-02	4.48587215e-02	1.58137068e+00	8.46834051e-01	7.34536631e-01
5622            	5.61492239e-02	4.48580572e-02	1.58137560e+00	8.46837022e-01	7.34538574e-01
5623            	5.61489923e-02	4.48568711e-02	1.58137950e+00	8.46838742e-01	7.34540757e-01
5624            	5.61481039e-02	4.48552316e-02	1.58138243e+00	8.46839320e-01	7.34543112e-01
5625            	5.61483370e-02	4.48544342e-02	1.58138638e+00	8.46841525e-01	7.34544851e-01
5626            	5.61482018e-02	4.48533716e-02	1.58138973e+00	8.46843068e-01	7.34546664e-01
5627            	5.61483760e-02	4.48524035e-02	1.58139374e+00	8.46845244e-01	7.34548492e-01
5628            	5.61482179e-02	4.48511462e-02	1.58139750e+00	8.46846966e-01	7.34550530e-01
5629            	5.61475440e-02	4.48495329e-02	1.58140044e+00	8.46847766e-01	7.34552678e-01
5630            	5.61468047e-02	4.48478488e-02	1.58140339e+00	8.46848502e-01	7.34554892e-01
5631            	5.61473275e-02	4.48471807e-02	1.58140750e+00	8.46851077e-01	7.34556422e-01
5632            	5.61478338e-02	4.48465020e-02	1.58141153e+00	8.46853599e-01	7.34557931e-01
5633            	5.61483753e-02	4.48458422e-02	1.58141568e+00	8.46856217e-01	7.34559467e-01
5634            	5.61490004e-02	4.48452076e-02	1.58142020e+00	8.46859099e-01	7.34561098e-01
5635            	5.61496816e-02	4.48445625e-02	1.58142512e+00	8.46862243e-01	7.34562880e-01
5636            	5.61508126e-02	4.48442035e-02	1.58143073e+00	8.46866175e-01	7.34564550e-01
5637            	5.61512145e-02	4.48432917e-02	1.58143568e+00	8.46869053e-01	7.34566624e-01
5638            	5.61526993e-02	4.48430010e-02	1.58144322e+00	8.46874308e-01	7.34568910e-01
5639            	5.61541324e-02	4.48426777e-02	1.58145104e+00	8.46879652e-01	7.34571387e-01
5640            	5.61553666e-02	4.48422709e-02	1.58145864e+00	8.46884687e-01	7.34573953e-01
5641            	5.61563098e-02	4.48417434e-02	1.58146568e+00	8.46889147e-01	7.34576528e-01
5642            	5.61569400e-02	4.48410855e-02	1.58147199e+00	8.46892936e-01	7.34579056e-01
5643            	5.61563305e-02	4.48396753e-02	1.58147620e+00	8.46894429e-01	7.34581768e-01
5644            	5.61567354e-02	4.48389440e-02	1.58148200e+00	8.46897733e-01	7.34584262e-01
5645            	5.61571858e-02	4.48382822e-02	1.58148773e+00	8.46901048e-01	7.34586677e-01
5646            	5.61569685e-02	4.48371787e-02	1.58149256e+00	8.46903250e-01	7.34589313e-01
5647            	5.61575023e-02	4.48363703e-02	1.58150027e+00	8.46907637e-01	7.34592632e-01
5648            	5.61585059e-02	4.48360124e-02	1.58150797e+00	8.46912489e-01	7.34595477e-01
5649            	5.61599395e-02	4.48360723e-02	1.58151547e+00	8.46917675e-01	7.34597796e-01
5650            	5.61618060e-02	4.48365073e-02	1.58152262e+00	8.46923114e-01	7.34599502e-01
5651            	5.61638408e-02	4.48371004e-02	1.58152966e+00	8.46928672e-01	7.34600990e-01
5652            	5.61660576e-02	4.48378220e-02	1.58153687e+00	8.46934492e-01	7.34602377e-01
5653            	5.61684870e-02	4.48386483e-02	1.58154459e+00	8.46940783e-01	7.34603809e-01
5654            	5.61708556e-02	4.48395103e-02	1.58155205e+00	8.46946883e-01	7.34605171e-01
5655            	5.61734839e-02	4.48403334e-02	1.58156091e+00	8.46953941e-01	7.34606973e-01
5656            	5.61759884e-02	4.48410168e-02	1.58157013e+00	8.46961053e-01	7.34609076e-01
5657            	5.61780895e-02	4.48415619e-02	1.58157842e+00	8.46967297e-01	7.34611118e-01
5658            	5.61802426e-02	4.48419111e-02	1.58158844e+00	8.46974460e-01	7.34613975e-01
5659            	5.61820784e-02	4.48421033e-02	1.58159791e+00	8.46981035e-01	7.34616879e-01
5660            	5.61836412e-02	4.48421789e-02	1.58160682e+00	8.46987052e-01	7.34619770e-01
5661            	5.61849847e-02	4.48421753e-02	1.58161520e+00	8.46992585e-01	7.34622616e-01
5662            	5.61861664e-02	4.48421271e-02	1.58162314e+00	8.46997734e-01	7.34625401e-01
5663            	5.61872473e-02	4.48420676e-02	1.58163073e+00	8.47002614e-01	7.34628119e-01
5664            	5.61882905e-02	4.48420298e-02	1.58163811e+00	8.47007347e-01	7.34630766e-01
5665            	5.61893580e-02	4.48420438e-02	1.58164540e+00	8.47012057e-01	7.34633341e-01
5666            	5.61905346e-02	4.48421588e-02	1.58165277e+00	8.47016922e-01	7.34635852e-01
5667            	5.61918482e-02	4.48423803e-02	1.58166030e+00	8.47022000e-01	7.34638303e-01
5668            	5.61933016e-02	4.48426992e-02	1.58166801e+00	8.47027305e-01	7.34640702e-01
5669            	5.61948843e-02	4.48431017e-02	1.58167589e+00	8.47032827e-01	7.34643059e-01
5670            	5.61965769e-02	4.48435716e-02	1.58168393e+00	8.47038543e-01	7.34645389e-01
5671            	5.61985379e-02	4.48442202e-02	1.58169201e+00	8.47044545e-01	7.34647470e-01
5672            	5.62002919e-02	4.48447057e-02	1.58170047e+00	8.47050525e-01	7.34649941e-01
5673            	5.62020970e-02	4.48452323e-02	1.58170907e+00	8.47056631e-01	7.34652437e-01
5674            	5.62039556e-02	4.48458108e-02	1.58171781e+00	8.47062861e-01	7.34654950e-01
5675            	5.62058505e-02	4.48464374e-02	1.58172666e+00	8.47069181e-01	7.34657480e-01
5676            	5.62077509e-02	4.48470984e-02	1.58173557e+00	8.47075534e-01	7.34660032e-01
5677            	5.62096204e-02	4.48477755e-02	1.58174446e+00	8.47081849e-01	7.34662608e-01
5678            	5.62114262e-02	4.48484501e-02	1.58175327e+00	8.47088059e-01	7.34665207e-01
5679            	5.62131443e-02	4.48491064e-02	1.58176194e+00	8.47094117e-01	7.34667828e-01
5680            	5.62147629e-02	4.48497325e-02	1.58177046e+00	8.47099994e-01	7.34670468e-01
5681            	5.62162836e-02	4.48503220e-02	1.58177881e+00	8.47105689e-01	7.34673122e-01
5682            	5.62177196e-02	4.48508743e-02	1.58178701e+00	8.47111223e-01	7.34675784e-01
5683            	5.62190902e-02	4.48513921e-02	1.58179507e+00	8.47116625e-01	7.34678445e-01
5684            	5.62204155e-02	4.48518793e-02	1.58180302e+00	8.47121927e-01	7.34681096e-01
5685            	5.62217123e-02	4.48523395e-02	1.58181088e+00	8.47127153e-01	7.34683728e-01
5686            	5.62229919e-02	4.48527762e-02	1.58181865e+00	8.47132317e-01	7.34686333e-01
5687            	5.62242510e-02	4.48532019e-02	1.58182570e+00	8.47137100e-01	7.34688598e-01
5688            	5.62255087e-02	4.48535798e-02	1.58183357e+00	8.47142293e-01	7.34691276e-01
5689            	5.62267802e-02	4.48539579e-02	1.58184141e+00	8.47147485e-01	7.34693925e-01
5690            	5.62280767e-02	4.48543507e-02	1.58184922e+00	8.47152687e-01	7.34696533e-01
5691            	5.62290133e-02	4.48545860e-02	1.58185546e+00	8.47156746e-01	7.34698719e-01
5692            	5.62290539e-02	4.48542987e-02	1.58186110e+00	8.47159603e-01	7.34701495e-01
5693            	5.62297360e-02	4.48544114e-02	1.58186782e+00	8.47163644e-01	7.34704172e-01
5694            	5.62306026e-02	4.48546930e-02	1.58187394e+00	8.47167573e-01	7.34706368e-01
5695            	5.62319644e-02	4.48552607e-02	1.58188115e+00	8.47172539e-01	7.34708610e-01
5696            	5.62336456e-02	4.48560023e-02	1.58188917e+00	8.47178228e-01	7.34710937e-01
5697            	5.62341101e-02	4.48560539e-02	1.58189526e+00	8.47181738e-01	7.34713517e-01
5698            	5.62351058e-02	4.48564085e-02	1.58190250e+00	8.47186356e-01	7.34716145e-01
5699            	5.62351765e-02	4.48562481e-02	1.58190829e+00	8.47189320e-01	7.34718967e-01
5700            	5.62356325e-02	4.48563951e-02	1.58191375e+00	8.47192507e-01	7.34721242e-01
5701            	5.62370181e-02	4.48569905e-02	1.58192178e+00	8.47197908e-01	7.34723872e-01
5702            	5.62375203e-02	4.48570736e-02	1.58192835e+00	8.47201696e-01	7.34726655e-01
5703            	5.62382118e-02	4.48573419e-02	1.58193416e+00	8.47205290e-01	7.34728867e-01
5704            	5.62384364e-02	4.48572538e-02	1.58194007e+00	8.47208472e-01	7.34731599e-01
5705            	5.62389646e-02	4.48574195e-02	1.58194549e+00	8.47211709e-01	7.34733780e-01
5706            	5.62391618e-02	4.48572998e-02	1.58195130e+00	8.47214813e-01	7.34736489e-01
5707            	5.62401818e-02	4.48576534e-02	1.58195862e+00	8.47219494e-01	7.34739130e-01
5708            	5.62405684e-02	4.48576534e-02	1.58196487e+00	8.47223005e-01	7.34741868e-01
5709            	5.62412684e-02	4.48579324e-02	1.58197059e+00	8.47226563e-01	7.34744026e-01
5710            	5.62413481e-02	4.48578634e-02	1.58197505e+00	8.47228873e-01	7.34746177e-01
5711            	5.62425360e-02	4.48583553e-02	1.58198234e+00	8.47233705e-01	7.34748633e-01
5712            	5.62431230e-02	4.48585057e-02	1.58198867e+00	8.47237458e-01	7.34751212e-01
5713            	5.62438975e-02	4.48588500e-02	1.58199435e+00	8.47241075e-01	7.34753280e-01
5714            	5.62440713e-02	4.48588509e-02	1.58199891e+00	8.47243528e-01	7.34755386e-01
5715            	5.62452627e-02	4.48593833e-02	1.58200618e+00	8.47248352e-01	7.34757827e-01
5716            	5.62458681e-02	4.48595841e-02	1.58201258e+00	8.47252158e-01	7.34760422e-01
5717            	5.62465557e-02	4.48599116e-02	1.58201819e+00	8.47255649e-01	7.34762537e-01
5718            	5.62475943e-02	4.48604601e-02	1.58202429e+00	8.47259737e-01	7.34764549e-01
5719            	5.62479862e-02	4.48606298e-02	1.58202925e+00	8.47262614e-01	7.34766641e-01
5720            	5.62491511e-02	4.48612074e-02	1.58203652e+00	8.47267409e-01	7.34769106e-01
5721            	5.62497203e-02	4.48614388e-02	1.58204297e+00	8.47271206e-01	7.34771765e-01
5722            	5.62501738e-02	4.48616675e-02	1.58204834e+00	8.47274345e-01	7.34773998e-01
5723            	5.62508250e-02	4.48620302e-02	1.58205389e+00	8.47277770e-01	7.34776120e-01
5724            	5.62516416e-02	4.48624978e-02	1.58205960e+00	8.47281440e-01	7.34778157e-01
5725            	5.62521406e-02	4.48627429e-02	1.58206556e+00	8.47284919e-01	7.34780638e-01
5726            	5.62525245e-02	4.48629511e-02	1.58207061e+00	8.47287828e-01	7.34782779e-01
5727            	5.62529372e-02	4.48631851e-02	1.58207552e+00	8.47290699e-01	7.34784825e-01
5728            	5.62533327e-02	4.48634132e-02	1.58208018e+00	8.47293425e-01	7.34786759e-01
5729            	5.62536854e-02	4.48636126e-02	1.58208457e+00	8.47295969e-01	7.34788598e-01
5730            	5.62540131e-02	4.48637938e-02	1.58208884e+00	8.47298431e-01	7.34790405e-01
5731            	5.62543693e-02	4.48639833e-02	1.58209322e+00	8.47300980e-01	7.34792241e-01
5732            	5.62547707e-02	4.48641881e-02	1.58209783e+00	8.47303687e-01	7.34794145e-01
5733            	5.62551948e-02	4.48643959e-02	1.58210265e+00	8.47306521e-01	7.34796132e-01
5734            	5.62567421e-02	4.48651816e-02	1.58211089e+00	8.47312189e-01	7.34798705e-01
5735            	5.62568826e-02	4.48652406e-02	1.58211550e+00	8.47314631e-01	7.34800866e-01
5736            	5.62568634e-02	4.48652160e-02	1.58211987e+00	8.47316799e-01	7.34803072e-01
5737            	5.62566980e-02	4.48651120e-02	1.58212398e+00	8.47318686e-01	7.34805291e-01
5738            	5.62564094e-02	4.48649342e-02	1.58212782e+00	8.47320317e-01	7.34807498e-01
5739            	5.62560274e-02	4.48646904e-02	1.58213143e+00	8.47321741e-01	7.34809686e-01
5740            	5.62565131e-02	4.48648836e-02	1.58213772e+00	8.47325374e-01	7.34812347e-01
5741            	5.62558050e-02	4.48644326e-02	1.58214059e+00	8.47326099e-01	7.34814489e-01
5742            	5.62549657e-02	4.48638854e-02	1.58214303e+00	8.47326483e-01	7.34816552e-01
5743            	5.62540371e-02	4.48632564e-02	1.58214511e+00	8.47326591e-01	7.34818516e-01
5744            	5.62530578e-02	4.48625592e-02	1.58214689e+00	8.47326501e-01	7.34820385e-01
5745            	5.62527735e-02	4.48621714e-02	1.58215074e+00	8.47328146e-01	7.34822599e-01
5746            	5.62521999e-02	4.48615918e-02	1.58215399e+00	8.47329194e-01	7.34824794e-01
5747            	5.62506506e-02	4.48604934e-02	1.58215489e+00	8.47328096e-01	7.34826795e-01
5748            	5.62494630e-02	4.48595515e-02	1.58215567e+00	8.47327297e-01	7.34828371e-01
5749            	5.62483405e-02	4.48586379e-02	1.58215606e+00	8.47326371e-01	7.34829690e-01
5750            	5.62473003e-02	4.48577250e-02	1.58215639e+00	8.47325496e-01	7.34830895e-01
5751            	5.62463232e-02	4.48567802e-02	1.58215681e+00	8.47324731e-01	7.34832084e-01
5752            	5.62453692e-02	4.48557752e-02	1.58215737e+00	8.47324057e-01	7.34833318e-01
5753            	5.62435499e-02	4.48542366e-02	1.58215644e+00	8.47321769e-01	7.34834669e-01
5754            	5.62420102e-02	4.48527902e-02	1.58215649e+00	8.47320255e-01	7.34836235e-01
5755            	5.62408798e-02	4.48514800e-02	1.58215834e+00	8.47320052e-01	7.34838292e-01
5756            	5.62397517e-02	4.48503450e-02	1.58215994e+00	8.47319721e-01	7.34840218e-01
5757            	5.62391959e-02	4.48496746e-02	1.58216229e+00	8.47320339e-01	7.34841947e-01
5758            	5.62382078e-02	4.48488444e-02	1.58216372e+00	8.47320066e-01	7.34843651e-01
5759            	5.62371726e-02	4.48480022e-02	1.58216442e+00	8.47319385e-01	7.34845039e-01
5760            	5.62362220e-02	4.48472032e-02	1.58216522e+00	8.47318832e-01	7.34846388e-01
5761            	5.62353956e-02	4.48464334e-02	1.58216633e+00	8.47318560e-01	7.34847769e-01
5762            	5.62339654e-02	4.48453093e-02	1.58216670e+00	8.47317316e-01	7.34849385e-01
5763            	5.62328993e-02	4.48443005e-02	1.58216837e+00	8.47317086e-01	7.34851288e-01
5764            	5.62320708e-02	4.48433364e-02	1.58217143e+00	8.47317787e-01	7.34853645e-01
5765            	5.62318330e-02	4.48427179e-02	1.58217510e+00	8.47319382e-01	7.34855716e-01
5766            	5.62311682e-02	4.48418407e-02	1.58217786e+00	8.47320099e-01	7.34857763e-01
5767            	5.62298482e-02	4.48405851e-02	1.58217909e+00	8.47319394e-01	7.34859697e-01
5768            	5.62291395e-02	4.48396609e-02	1.58218095e+00	8.47319615e-01	7.34861336e-01
5769            	5.62283080e-02	4.48386042e-02	1.58218211e+00	8.47319362e-01	7.34862746e-01
5770            	5.62267136e-02	4.48369885e-02	1.58218207e+00	8.47317750e-01	7.34864323e-01
5771            	5.62252266e-02	4.48354051e-02	1.58218175e+00	8.47316101e-01	7.34865648e-01
5772            	5.62232561e-02	4.48334246e-02	1.58218081e+00	8.47313661e-01	7.34867149e-01
5773            	5.62223438e-02	4.48320329e-02	1.58218158e+00	8.47313132e-01	7.34868444e-01
5774            	5.62220892e-02	4.48309897e-02	1.58218338e+00	8.47313781e-01	7.34869603e-01
5775            	5.62214787e-02	4.48297745e-02	1.58218442e+00	8.47313691e-01	7.34870733e-01
5776            	5.62199622e-02	4.48279337e-02	1.58218421e+00	8.47312068e-01	7.34872143e-01
5777            	5.62180670e-02	4.48258782e-02	1.58218349e+00	8.47309811e-01	7.34873677e-01
5778            	5.62176365e-02	4.48248350e-02	1.58218500e+00	8.47310139e-01	7.34874866e-01
5779            	5.62176970e-02	4.48240607e-02	1.58218769e+00	8.47311541e-01	7.34876147e-01
5780            	5.62174600e-02	4.48231666e-02	1.58218983e+00	8.47312374e-01	7.34877454e-01
5781            	5.62164799e-02	4.48217800e-02	1.58219134e+00	8.47312152e-01	7.34879192e-01
5782            	5.62163448e-02	4.48209400e-02	1.58219441e+00	8.47313548e-01	7.34880859e-01
5783            	5.62168152e-02	4.48204905e-02	1.58219861e+00	8.47316119e-01	7.34882489e-01
5784            	5.62168199e-02	4.48197980e-02	1.58220186e+00	8.47317752e-01	7.34884112e-01
5785            	5.62171019e-02	4.48192431e-02	1.58220604e+00	8.47320124e-01	7.34885920e-01
5786            	5.62169257e-02	4.48184280e-02	1.58220918e+00	8.47321518e-01	7.34887666e-01
5787            	5.62169785e-02	4.48177048e-02	1.58221312e+00	8.47323538e-01	7.34889581e-01
5788            	5.62174222e-02	4.48171982e-02	1.58221769e+00	8.47326267e-01	7.34891422e-01
5789            	5.62173261e-02	4.48163682e-02	1.58222103e+00	8.47327842e-01	7.34893190e-01
5790            	5.62173501e-02	4.48155425e-02	1.58222491e+00	8.47329803e-01	7.34895103e-01
5791            	5.62177336e-02	4.48149165e-02	1.58222929e+00	8.47332380e-01	7.34896912e-01
5792            	5.62176332e-02	4.48140093e-02	1.58223257e+00	8.47333920e-01	7.34898654e-01
5793            	5.62179559e-02	4.48133649e-02	1.58223635e+00	8.47336129e-01	7.34900217e-01
5794            	5.62183746e-02	4.48126788e-02	1.58224065e+00	8.47338698e-01	7.34901949e-01
5795            	5.62180050e-02	4.48114299e-02	1.58224392e+00	8.47339964e-01	7.34903954e-01
5796            	5.62168568e-02	4.48096516e-02	1.58224603e+00	8.47339870e-01	7.34906156e-01
5797            	5.62167624e-02	4.48086915e-02	1.58224911e+00	8.47341315e-01	7.34907790e-01
5798            	5.62169378e-02	4.48078244e-02	1.58225274e+00	8.47343309e-01	7.34909433e-01
5799            	5.62175511e-02	4.48072297e-02	1.58225697e+00	8.47346037e-01	7.34910935e-01
5800            	5.62179914e-02	4.48065598e-02	1.58226090e+00	8.47348440e-01	7.34912457e-01
5801            	5.62180951e-02	4.48056607e-02	1.58226438e+00	8.47350283e-01	7.34914093e-01
5802            	5.62179783e-02	4.48046332e-02	1.58226750e+00	8.47351729e-01	7.34915772e-01
5803            	5.62183029e-02	4.48039100e-02	1.58227113e+00	8.47353866e-01	7.34917260e-01
5804            	5.62189721e-02	4.48033943e-02	1.58227526e+00	8.47356601e-01	7.34918657e-01
5805            	5.62195734e-02	4.48027531e-02	1.58227976e+00	8.47359452e-01	7.34920305e-01
5806            	5.62205528e-02	4.48020665e-02	1.58228640e+00	8.47363752e-01	7.34922647e-01
5807            	5.62205488e-02	4.48009509e-02	1.58229064e+00	8.47365871e-01	7.34924773e-01
5808            	5.62211573e-02	4.48000458e-02	1.58229679e+00	8.47369552e-01	7.34927237e-01
5809            	5.62207721e-02	4.47983718e-02	1.58230202e+00	8.47371783e-01	7.34930238e-01
5810            	5.62205641e-02	4.47972229e-02	1.58230590e+00	8.47373513e-01	7.34932385e-01
5811            	5.62204672e-02	4.47962796e-02	1.58230944e+00	8.47375186e-01	7.34934251e-01
5812            	5.62204625e-02	4.47954369e-02	1.58231296e+00	8.47376945e-01	7.34936020e-01
5813            	5.62205670e-02	4.47946684e-02	1.58231665e+00	8.47378890e-01	7.34937756e-01
5814            	5.62208027e-02	4.47939724e-02	1.58232059e+00	8.47381097e-01	7.34939492e-01
5815            	5.62211923e-02	4.47933582e-02	1.58232487e+00	8.47383627e-01	7.34941242e-01
5816            	5.62208581e-02	4.47922556e-02	1.58232803e+00	8.47384873e-01	7.34943156e-01
5817            	5.62217906e-02	4.47919104e-02	1.58233371e+00	8.47388644e-01	7.34945062e-01
5818            	5.62222564e-02	4.47911995e-02	1.58233895e+00	8.47391730e-01	7.34947217e-01
5819            	5.62235648e-02	4.47907524e-02	1.58234742e+00	8.47397273e-01	7.34950143e-01
5820            	5.62252126e-02	4.47906875e-02	1.58235569e+00	8.47403056e-01	7.34952630e-01
5821            	5.62273595e-02	4.47910831e-02	1.58236390e+00	8.47409307e-01	7.34954588e-01
5822            	5.62292400e-02	4.47914023e-02	1.58237122e+00	8.47414848e-01	7.34956368e-01
5823            	5.62310352e-02	4.47918808e-02	1.58237754e+00	8.47419803e-01	7.34957733e-01
5824            	5.62328156e-02	4.47924128e-02	1.58238363e+00	8.47424632e-01	7.34959001e-01
5825            	5.62344847e-02	4.47928256e-02	1.58238999e+00	8.47429480e-01	7.34960511e-01
5826            	5.62370667e-02	4.47936564e-02	1.58239953e+00	8.47436832e-01	7.34962698e-01
5827            	5.62396533e-02	4.47945172e-02	1.58240936e+00	8.47444332e-01	7.34965025e-01
5828            	5.62421276e-02	4.47953394e-02	1.58241917e+00	8.47451712e-01	7.34967457e-01
5829            	5.62443988e-02	4.47960654e-02	1.58242870e+00	8.47458750e-01	7.34969953e-01
5830            	5.62464123e-02	4.47966550e-02	1.58243777e+00	8.47465297e-01	7.34972472e-01
5831            	5.62481515e-02	4.47970894e-02	1.58244627e+00	8.47471285e-01	7.34974982e-01
5832            	5.62496345e-02	4.47973699e-02	1.58245419e+00	8.47476727e-01	7.34977458e-01
5833            	5.62509046e-02	4.47975139e-02	1.58246158e+00	8.47481695e-01	7.34979886e-01
5834            	5.62520190e-02	4.47975496e-02	1.58246855e+00	8.47486295e-01	7.34982256e-01
5835            	5.62530403e-02	4.47975120e-02	1.58247521e+00	8.47490647e-01	7.34984566e-01
5836            	5.62540291e-02	4.47974386e-02	1.58248169e+00	8.47494872e-01	7.34986813e-01
5837            	5.62550373e-02	4.47973653e-02	1.58248807e+00	8.47499074e-01	7.34989000e-01
5838            	5.62561040e-02	4.47973229e-02	1.58249447e+00	8.47503337e-01	7.34991129e-01
5839            	5.62572559e-02	4.47973360e-02	1.58250093e+00	8.47507722e-01	7.34993210e-01
5840            	5.62585085e-02	4.47974232e-02	1.58250753e+00	8.47512274e-01	7.34995257e-01
5841            	5.62598679e-02	4.47975967e-02	1.58251431e+00	8.47517023e-01	7.34997287e-01
5842            	5.62613321e-02	4.47978632e-02	1.58252131e+00	8.47521986e-01	7.34999322e-01
5843            	5.62628924e-02	4.47982239e-02	1.58252855e+00	8.47527165e-01	7.35001380e-01
5844            	5.62645360e-02	4.47986760e-02	1.58253604e+00	8.47532555e-01	7.35003483e-01
5845            	5.62662468e-02	4.47992130e-02	1.58254378e+00	8.47538139e-01	7.35005645e-01
5846            	5.62680072e-02	4.47998256e-02	1.58255177e+00	8.47543892e-01	7.35007878e-01
5847            	5.62697974e-02	4.48005011e-02	1.58255997e+00	8.47549781e-01	7.35010187e-01
5848            	5.62715986e-02	4.48012260e-02	1.58256834e+00	8.47555768e-01	7.35012570e-01
5849            	5.62734452e-02	4.48020158e-02	1.58257638e+00	8.47561636e-01	7.35014745e-01
5850            	5.62751710e-02	4.48027535e-02	1.58258514e+00	8.47567742e-01	7.35017400e-01
5851            	5.62768806e-02	4.48035072e-02	1.58259397e+00	8.47573864e-01	7.35020103e-01
5852            	5.62785771e-02	4.48042715e-02	1.58260277e+00	8.47579964e-01	7.35022810e-01
5853            	5.62802461e-02	4.48050301e-02	1.58261147e+00	8.47585979e-01	7.35025487e-01
5854            	5.62818623e-02	4.48057606e-02	1.58261994e+00	8.47591833e-01	7.35028109e-01
5855            	5.62833973e-02	4.48064396e-02	1.58262811e+00	8.47597453e-01	7.35030658e-01
5856            	5.62848276e-02	4.48070478e-02	1.58263591e+00	8.47602783e-01	7.35033128e-01
5857            	5.62861415e-02	4.48075740e-02	1.58264332e+00	8.47607799e-01	7.35035516e-01
5858            	5.62873405e-02	4.48080165e-02	1.58265034e+00	8.47612510e-01	7.35037829e-01
5859            	5.62884388e-02	4.48083823e-02	1.58265703e+00	8.47616953e-01	7.35040075e-01
5860            	5.62894615e-02	4.48086870e-02	1.58266346e+00	8.47621191e-01	7.35042268e-01
5861            	5.62892131e-02	4.48082860e-02	1.58266747e+00	8.47622950e-01	7.35044524e-01
5862            	5.62895511e-02	4.48082236e-02	1.58267251e+00	8.47625808e-01	7.35046706e-01
5863            	5.62904712e-02	4.48084965e-02	1.58267860e+00	8.47629771e-01	7.35048829e-01
5864            	5.62918461e-02	4.48090266e-02	1.58268553e+00	8.47634610e-01	7.35050918e-01
5865            	5.62935328e-02	4.48097353e-02	1.58269309e+00	8.47640080e-01	7.35053014e-01
5866            	5.62940585e-02	4.48098010e-02	1.58269863e+00	8.47643374e-01	7.35055257e-01
5867            	5.62949950e-02	4.48101202e-02	1.58270442e+00	8.47647206e-01	7.35057216e-01
5868            	5.62961452e-02	4.48105593e-02	1.58271080e+00	8.47651543e-01	7.35059253e-01
5869            	5.62965756e-02	4.48105594e-02	1.58271692e+00	8.47655034e-01	7.35061883e-01
5870            	5.62970725e-02	4.48106564e-02	1.58272227e+00	8.47658206e-01	7.35064061e-01
5871            	5.62982097e-02	4.48111027e-02	1.58272912e+00	8.47662772e-01	7.35066353e-01
5872            	5.62986241e-02	4.48111278e-02	1.58273507e+00	8.47666157e-01	7.35068909e-01
5873            	5.62984824e-02	4.48108486e-02	1.58274027e+00	8.47668618e-01	7.35071653e-01
5874            	5.62987933e-02	4.48109327e-02	1.58274523e+00	8.47671409e-01	7.35073823e-01
5875            	5.63001871e-02	4.48115757e-02	1.58275295e+00	8.47676664e-01	7.35076290e-01
5876            	5.63004766e-02	4.48116631e-02	1.58275774e+00	8.47679349e-01	7.35078395e-01
5877            	5.63005848e-02	4.48115828e-02	1.58276308e+00	8.47682127e-01	7.35080958e-01
5878            	5.63015876e-02	4.48120257e-02	1.58277000e+00	8.47686587e-01	7.35083412e-01
5879            	5.63021185e-02	4.48122038e-02	1.58277606e+00	8.47690150e-01	7.35085913e-01
5880            	5.63029681e-02	4.48126321e-02	1.58278165e+00	8.47693793e-01	7.35087857e-01
5881            	5.63032623e-02	4.48127326e-02	1.58278607e+00	8.47696300e-01	7.35089775e-01
5882            	5.63033778e-02	4.48126496e-02	1.58279093e+00	8.47698842e-01	7.35092086e-01
5883            	5.63043881e-02	4.48130654e-02	1.58279745e+00	8.47703114e-01	7.35094338e-01
5884            	5.63054860e-02	4.48135922e-02	1.58280325e+00	8.47707110e-01	7.35096138e-01
5885            	5.63059654e-02	4.48137488e-02	1.58280789e+00	8.47709911e-01	7.35097980e-01
5886            	5.63063529e-02	4.48137599e-02	1.58281328e+00	8.47712991e-01	7.35100285e-01
5887            	5.63062696e-02	4.48135017e-02	1.58281795e+00	8.47715242e-01	7.35102703e-01
5888            	5.63064708e-02	4.48134936e-02	1.58282226e+00	8.47717598e-01	7.35104657e-01
5889            	5.63076853e-02	4.48140397e-02	1.58282905e+00	8.47722212e-01	7.35106842e-01
5890            	5.63095961e-02	4.48150282e-02	1.58283723e+00	8.47728212e-01	7.35109020e-01
5891            	5.63103029e-02	4.48153841e-02	1.58284246e+00	8.47731532e-01	7.35110926e-01
5892            	5.63104724e-02	4.48154394e-02	1.58284663e+00	8.47733788e-01	7.35112843e-01
5893            	5.63108520e-02	4.48156354e-02	1.58285103e+00	8.47736366e-01	7.35114662e-01
5894            	5.63113879e-02	4.48159247e-02	1.58285560e+00	8.47739189e-01	7.35116413e-01
5895            	5.63114221e-02	4.48159051e-02	1.58285933e+00	8.47741088e-01	7.35118243e-01
5896            	5.63115158e-02	4.48159128e-02	1.58286309e+00	8.47743059e-01	7.35120027e-01
