# Force coefficients
# liftDir       : (-2.58818960e-01 9.65925849e-01 0.00000000e+00)
# dragDir       : (9.65925849e-01 2.58818960e-01 0.00000000e+00)
# pitchAxis     : (0.00000000e+00 0.00000000e+00 1.00000000e+00)
# magUInf       : 1.50000000e+01
# lRef          : 1.00000000e+00
# Aref          : 1.00000000e-02
# CofR          : (2.50000000e-01 0.00000000e+00 0.00000000e+00)
# Time          	Cm              	Cd              	Cl              	Cl(f)           	Cl(r)           
12000           	5.22409315e-02	5.23631248e-02	1.60823468e+00	8.56358272e-01	7.51876409e-01
12001           	5.21025111e-02	5.21991495e-02	1.60777665e+00	8.55990838e-01	7.51785816e-01
12002           	5.21201540e-02	5.22136936e-02	1.60782855e+00	8.56034431e-01	7.51794123e-01
12003           	5.21406006e-02	5.22298610e-02	1.60788102e+00	8.56081112e-01	7.51799910e-01
12004           	5.21623528e-02	5.22502238e-02	1.60793575e+00	8.56130226e-01	7.51805520e-01
12005           	5.21825741e-02	5.22734528e-02	1.60798984e+00	8.56177495e-01	7.51812347e-01
12006           	5.21982451e-02	5.22943372e-02	1.60803432e+00	8.56215404e-01	7.51818914e-01
12007           	5.22094625e-02	5.23136597e-02	1.60807090e+00	8.56244910e-01	7.51825985e-01
12008           	5.22166902e-02	5.23313728e-02	1.60810330e+00	8.56268339e-01	7.51834959e-01
12009           	5.22199427e-02	5.23463665e-02	1.60813280e+00	8.56286342e-01	7.51846457e-01
12010           	5.22195179e-02	5.23572143e-02	1.60815945e+00	8.56299242e-01	7.51860206e-01
12011           	5.22161138e-02	5.23628963e-02	1.60818232e+00	8.56307274e-01	7.51875046e-01
12012           	5.22107334e-02	5.23630383e-02	1.60819947e+00	8.56310468e-01	7.51889001e-01
12013           	5.22044773e-02	5.23583680e-02	1.60820913e+00	8.56309042e-01	7.51900088e-01
12014           	5.21981669e-02	5.23500750e-02	1.60821031e+00	8.56303323e-01	7.51906989e-01
12015           	5.21916572e-02	5.23381830e-02	1.60820174e+00	8.56292529e-01	7.51909215e-01
12016           	5.21861243e-02	5.23253218e-02	1.60818470e+00	8.56278477e-01	7.51906228e-01
12017           	5.21822438e-02	5.23140961e-02	1.60816410e+00	8.56264293e-01	7.51899806e-01
12018           	5.21788952e-02	5.23041740e-02	1.60813933e+00	8.56248559e-01	7.51890768e-01
12019           	5.21757634e-02	5.22960198e-02	1.60811254e+00	8.56232031e-01	7.51880504e-01
12020           	5.21726454e-02	5.22898184e-02	1.60808586e+00	8.56215577e-01	7.51870286e-01
12021           	5.21694728e-02	5.22856124e-02	1.60806130e+00	8.56200122e-01	7.51861177e-01
12022           	5.21663136e-02	5.22833607e-02	1.60804079e+00	8.56186710e-01	7.51854083e-01
12023           	5.21635016e-02	5.22829848e-02	1.60802643e+00	8.56176719e-01	7.51849716e-01
12024           	5.21610782e-02	5.22839527e-02	1.60801822e+00	8.56170187e-01	7.51848031e-01
12025           	5.21589984e-02	5.22856759e-02	1.60801486e+00	8.56166427e-01	7.51848430e-01
12026           	5.21562417e-02	5.22865292e-02	1.60801241e+00	8.56162445e-01	7.51849962e-01
12027           	5.21535668e-02	5.22867553e-02	1.60801114e+00	8.56159139e-01	7.51852006e-01
12028           	5.21515321e-02	5.22865707e-02	1.60801099e+00	8.56157026e-01	7.51853962e-01
12029           	5.21503660e-02	5.22861041e-02	1.60801143e+00	8.56156082e-01	7.51855350e-01
12030           	5.21499785e-02	5.22852705e-02	1.60801164e+00	8.56155800e-01	7.51855843e-01
12031           	5.21503341e-02	5.22840530e-02	1.60801119e+00	8.56155928e-01	7.51855260e-01
12032           	5.21511660e-02	5.22822392e-02	1.60800942e+00	8.56155877e-01	7.51853545e-01
12033           	5.21517278e-02	5.22790787e-02	1.60800393e+00	8.56153694e-01	7.51850239e-01
12034           	5.21528860e-02	5.22756332e-02	1.60799830e+00	8.56152035e-01	7.51846263e-01
12035           	5.21537452e-02	5.22711280e-02	1.60799031e+00	8.56148898e-01	7.51841407e-01
12036           	5.21556058e-02	5.22678096e-02	1.60798582e+00	8.56148518e-01	7.51837307e-01
12037           	5.21578333e-02	5.22650889e-02	1.60798277e+00	8.56149219e-01	7.51833552e-01
12038           	5.21602131e-02	5.22630434e-02	1.60798093e+00	8.56150680e-01	7.51830254e-01
12039           	5.21628703e-02	5.22619641e-02	1.60798059e+00	8.56153164e-01	7.51827423e-01
12040           	5.21659820e-02	5.22621014e-02	1.60798199e+00	8.56156976e-01	7.51825012e-01
12041           	5.21690744e-02	5.22629782e-02	1.60798320e+00	8.56160674e-01	7.51822525e-01
12042           	5.21728948e-02	5.22654155e-02	1.60798651e+00	8.56166150e-01	7.51820360e-01
12043           	5.21775437e-02	5.22692948e-02	1.60799200e+00	8.56173542e-01	7.51818455e-01
12044           	5.21833049e-02	5.22746849e-02	1.60800014e+00	8.56183375e-01	7.51816766e-01
12045           	5.21902890e-02	5.22814443e-02	1.60801099e+00	8.56195786e-01	7.51815208e-01
12046           	5.21982033e-02	5.22890870e-02	1.60802386e+00	8.56210133e-01	7.51813726e-01
12047           	5.22069534e-02	5.22973096e-02	1.60803841e+00	8.56226160e-01	7.51812253e-01
12048           	5.22163748e-02	5.23058248e-02	1.60805429e+00	8.56243521e-01	7.51810772e-01
12049           	5.22259765e-02	5.23140934e-02	1.60807047e+00	8.56261212e-01	7.51809259e-01
12050           	5.22356056e-02	5.23220198e-02	1.60808680e+00	8.56279007e-01	7.51807796e-01
12051           	5.22449381e-02	5.23293124e-02	1.60810254e+00	8.56296208e-01	7.51806332e-01
12052           	5.22541862e-02	5.23362929e-02	1.60811823e+00	8.56313301e-01	7.51804929e-01
12053           	5.22633808e-02	5.23429921e-02	1.60813386e+00	8.56330312e-01	7.51803550e-01
12054           	5.22724154e-02	5.23495019e-02	1.60814954e+00	8.56347185e-01	7.51802354e-01
12055           	5.22813466e-02	5.23558951e-02	1.60816530e+00	8.56363995e-01	7.51801302e-01
12056           	5.22903470e-02	5.23625065e-02	1.60818173e+00	8.56381210e-01	7.51800516e-01
12057           	5.22992755e-02	5.23692274e-02	1.60819843e+00	8.56398488e-01	7.51799937e-01
12058           	5.23083764e-02	5.23764090e-02	1.60821604e+00	8.56416396e-01	7.51799643e-01
12059           	5.23177169e-02	5.23840746e-02	1.60823446e+00	8.56434947e-01	7.51799513e-01
12060           	5.23273205e-02	5.23923459e-02	1.60825386e+00	8.56454253e-01	7.51799612e-01
12061           	5.23371208e-02	5.24010837e-02	1.60827382e+00	8.56474031e-01	7.51799789e-01
12062           	5.23472021e-02	5.24104190e-02	1.60829458e+00	8.56494492e-01	7.51800087e-01
12063           	5.23572541e-02	5.24199713e-02	1.60831526e+00	8.56514884e-01	7.51800376e-01
12064           	5.23673228e-02	5.24298118e-02	1.60833608e+00	8.56535362e-01	7.51800717e-01
12065           	5.23772949e-02	5.24396822e-02	1.60835658e+00	8.56555587e-01	7.51800998e-01
12066           	5.23870480e-02	5.24495241e-02	1.60837674e+00	8.56575416e-01	7.51801320e-01
12067           	5.23964752e-02	5.24590774e-02	1.60839616e+00	8.56594555e-01	7.51801604e-01
12068           	5.24054909e-02	5.24683190e-02	1.60841490e+00	8.56612941e-01	7.51801959e-01
12069           	5.24139787e-02	5.24770292e-02	1.60843265e+00	8.56630301e-01	7.51802344e-01
12070           	5.24209942e-02	5.24844128e-02	1.60844736e+00	8.56644672e-01	7.51802684e-01
12071           	5.24269954e-02	5.24908794e-02	1.60846011e+00	8.56657049e-01	7.51803058e-01
12072           	5.24324818e-02	5.24968610e-02	1.60847206e+00	8.56668512e-01	7.51803549e-01
12073           	5.24376726e-02	5.25025497e-02	1.60848376e+00	8.56679551e-01	7.51804206e-01
12074           	5.24426875e-02	5.25080811e-02	1.60849552e+00	8.56690449e-01	7.51805074e-01
12075           	5.24484691e-02	5.25143098e-02	1.60850995e+00	8.56703442e-01	7.51806504e-01
12076           	5.24534674e-02	5.25198310e-02	1.60852288e+00	8.56714910e-01	7.51807975e-01
12077           	5.24579821e-02	5.25250047e-02	1.60853526e+00	8.56725614e-01	7.51809650e-01
12078           	5.24618547e-02	5.25297060e-02	1.60854668e+00	8.56735196e-01	7.51811486e-01
12079           	5.24650959e-02	5.25339814e-02	1.60855709e+00	8.56743641e-01	7.51813449e-01
12080           	5.24676283e-02	5.25377637e-02	1.60856625e+00	8.56750753e-01	7.51815496e-01
12081           	5.24694917e-02	5.25411106e-02	1.60857414e+00	8.56756564e-01	7.51817580e-01
12082           	5.24706070e-02	5.25439332e-02	1.60858052e+00	8.56760869e-01	7.51819655e-01
12083           	5.24709369e-02	5.25461751e-02	1.60858522e+00	8.56763548e-01	7.51821674e-01
12084           	5.24710828e-02	5.25484653e-02	1.60859016e+00	8.56766163e-01	7.51823997e-01
12085           	5.24700458e-02	5.25496827e-02	1.60859185e+00	8.56765969e-01	7.51825877e-01
12086           	5.24681638e-02	5.25501841e-02	1.60859141e+00	8.56763870e-01	7.51827542e-01
12087           	5.24654086e-02	5.25498858e-02	1.60858879e+00	8.56759805e-01	7.51828988e-01
12088           	5.24619442e-02	5.25489150e-02	1.60858437e+00	8.56754131e-01	7.51830242e-01
12089           	5.24577971e-02	5.25472570e-02	1.60857829e+00	8.56746941e-01	7.51831347e-01
12090           	5.24531381e-02	5.25450591e-02	1.60857096e+00	8.56738617e-01	7.51832341e-01
12091           	5.24479831e-02	5.25423133e-02	1.60856250e+00	8.56729233e-01	7.51833267e-01
12092           	5.24424848e-02	5.25391629e-02	1.60855329e+00	8.56719128e-01	7.51834159e-01
12093           	5.24366375e-02	5.25355880e-02	1.60854338e+00	8.56708326e-01	7.51835051e-01
12094           	5.24304530e-02	5.25316697e-02	1.60853332e+00	8.56697112e-01	7.51836206e-01
12095           	5.24240969e-02	5.25274222e-02	1.60852256e+00	8.56685379e-01	7.51837185e-01
12096           	5.24174665e-02	5.25228103e-02	1.60851126e+00	8.56673096e-01	7.51838163e-01
12097           	5.24106775e-02	5.25179625e-02	1.60849964e+00	8.56660497e-01	7.51839142e-01
12098           	5.24036942e-02	5.25128557e-02	1.60848768e+00	8.56647533e-01	7.51840144e-01
12099           	5.23966058e-02	5.25075953e-02	1.60847556e+00	8.56634388e-01	7.51841177e-01
12100           	5.23893647e-02	5.25021487e-02	1.60846322e+00	8.56620973e-01	7.51842244e-01
12101           	5.23820494e-02	5.24966067e-02	1.60845076e+00	8.56607431e-01	7.51843332e-01
12102           	5.23746038e-02	5.24909213e-02	1.60843807e+00	8.56593637e-01	7.51844429e-01
12103           	5.23671041e-02	5.24851669e-02	1.60842523e+00	8.56579718e-01	7.51845510e-01
12104           	5.23594929e-02	5.24792829e-02	1.60841210e+00	8.56565543e-01	7.51846557e-01
12105           	5.23518477e-02	5.24733329e-02	1.60839879e+00	8.56551244e-01	7.51847548e-01
12106           	5.23441083e-02	5.24672502e-02	1.60838517e+00	8.56536693e-01	7.51848476e-01
12107           	5.23363600e-02	5.24611014e-02	1.60837138e+00	8.56522049e-01	7.51849329e-01
12108           	5.23285531e-02	5.24548309e-02	1.60835733e+00	8.56507218e-01	7.51850112e-01
12109           	5.23207874e-02	5.24485212e-02	1.60834322e+00	8.56492398e-01	7.51850824e-01
12110           	5.23130182e-02	5.24421296e-02	1.60832899e+00	8.56477515e-01	7.51851479e-01
12111           	5.23052406e-02	5.24356506e-02	1.60831466e+00	8.56462572e-01	7.51852091e-01
12112           	5.22975717e-02	5.24291921e-02	1.60830047e+00	8.56447809e-01	7.51852666e-01
12113           	5.22899926e-02	5.24227449e-02	1.60828643e+00	8.56433206e-01	7.51853221e-01
12114           	5.22826008e-02	5.24164019e-02	1.60827273e+00	8.56418964e-01	7.51853762e-01
12115           	5.22753457e-02	5.24101249e-02	1.60825930e+00	8.56404995e-01	7.51854304e-01
12116           	5.22683026e-02	5.24039829e-02	1.60824630e+00	8.56391451e-01	7.51854846e-01
12117           	5.22613945e-02	5.23979121e-02	1.60823359e+00	8.56378187e-01	7.51855398e-01
12118           	5.22545869e-02	5.23918825e-02	1.60822109e+00	8.56365133e-01	7.51855959e-01
12119           	5.22479550e-02	5.23859609e-02	1.60820894e+00	8.56352425e-01	7.51856515e-01
12120           	5.22414412e-02	5.23801008e-02	1.60819701e+00	8.56339944e-01	7.51857062e-01
12121           	5.22351086e-02	5.23743572e-02	1.60818539e+00	8.56327802e-01	7.51857585e-01
12122           	5.22288922e-02	5.23686755e-02	1.60817395e+00	8.56315866e-01	7.51858081e-01
12123           	5.22228309e-02	5.23630899e-02	1.60816273e+00	8.56304198e-01	7.51858536e-01
12124           	5.22168464e-02	5.23575358e-02	1.60815159e+00	8.56292639e-01	7.51858946e-01
12125           	5.22109131e-02	5.23519896e-02	1.60814043e+00	8.56281129e-01	7.51859302e-01
12126           	5.22050861e-02	5.23464973e-02	1.60812935e+00	8.56269759e-01	7.51859587e-01
12127           	5.21993269e-02	5.23410287e-02	1.60811824e+00	8.56258449e-01	7.51859795e-01
12128           	5.21936869e-02	5.23356271e-02	1.60810721e+00	8.56247291e-01	7.51859917e-01
12129           	5.21881515e-02	5.23302840e-02	1.60809622e+00	8.56236260e-01	7.51859957e-01
12130           	5.21827993e-02	5.23250642e-02	1.60808543e+00	8.56225514e-01	7.51859915e-01
12131           	5.21776320e-02	5.23199729e-02	1.60807487e+00	8.56215067e-01	7.51859803e-01
12132           	5.21726625e-02	5.23150222e-02	1.60806458e+00	8.56204952e-01	7.51859627e-01
12133           	5.21679155e-02	5.23102339e-02	1.60805460e+00	8.56195214e-01	7.51859383e-01
12134           	5.21633759e-02	5.23056004e-02	1.60804492e+00	8.56185834e-01	7.51859082e-01
12135           	5.21590638e-02	5.23011372e-02	1.60803558e+00	8.56176853e-01	7.51858726e-01
12136           	5.21549959e-02	5.22968600e-02	1.60802664e+00	8.56168314e-01	7.51858323e-01
12137           	5.21507964e-02	5.22924883e-02	1.60801709e+00	8.56159344e-01	7.51857751e-01
12138           	5.21471670e-02	5.22885369e-02	1.60800873e+00	8.56151534e-01	7.51857200e-01
12139           	5.21439885e-02	5.22849184e-02	1.60800124e+00	8.56144611e-01	7.51856634e-01
12140           	5.21412440e-02	5.22816062e-02	1.60799460e+00	8.56138544e-01	7.51856056e-01
12141           	5.21389127e-02	5.22785883e-02	1.60798875e+00	8.56133288e-01	7.51855462e-01
12142           	5.21369431e-02	5.22758272e-02	1.60798358e+00	8.56128732e-01	7.51854846e-01
12143           	5.21350103e-02	5.22731144e-02	1.60797812e+00	8.56124072e-01	7.51854052e-01
12144           	5.21335130e-02	5.22707144e-02	1.60797359e+00	8.56120307e-01	7.51853281e-01
12145           	5.21324566e-02	5.22686694e-02	1.60796995e+00	8.56117434e-01	7.51852521e-01
12146           	5.21318768e-02	5.22670084e-02	1.60796730e+00	8.56115526e-01	7.51851772e-01
12147           	5.21316670e-02	5.22656354e-02	1.60796537e+00	8.56114354e-01	7.51851020e-01
12148           	5.21315908e-02	5.22644011e-02	1.60796335e+00	8.56113264e-01	7.51850082e-01
12149           	5.21318842e-02	5.22634110e-02	1.60796207e+00	8.56112920e-01	7.51849151e-01
12150           	5.21326450e-02	5.22627836e-02	1.60796176e+00	8.56113527e-01	7.51848237e-01
12151           	5.21337979e-02	5.22624477e-02	1.60796227e+00	8.56114934e-01	7.51847338e-01
12152           	5.21352055e-02	5.22623331e-02	1.60796293e+00	8.56116673e-01	7.51846262e-01
12153           	5.21371333e-02	5.22625878e-02	1.60796463e+00	8.56119449e-01	7.51845183e-01
12154           	5.21395372e-02	5.22632109e-02	1.60796737e+00	8.56123223e-01	7.51844148e-01
12155           	5.21424550e-02	5.22642421e-02	1.60797123e+00	8.56128069e-01	7.51843159e-01
12156           	5.21456269e-02	5.22654904e-02	1.60797532e+00	8.56133285e-01	7.51842031e-01
12157           	5.21492067e-02	5.22670291e-02	1.60798025e+00	8.56139333e-01	7.51840920e-01
12158           	5.21531449e-02	5.22688659e-02	1.60798606e+00	8.56146175e-01	7.51839885e-01
12159           	5.21575203e-02	5.22710765e-02	1.60799288e+00	8.56153962e-01	7.51838921e-01
12160           	5.21622064e-02	5.22735660e-02	1.60800013e+00	8.56162269e-01	7.51837856e-01
12161           	5.21673061e-02	5.22763664e-02	1.60800823e+00	8.56171423e-01	7.51836811e-01
12162           	5.21729429e-02	5.22796414e-02	1.60801757e+00	8.56181729e-01	7.51835843e-01
12163           	5.21789539e-02	5.22832440e-02	1.60802782e+00	8.56192862e-01	7.51834954e-01
12164           	5.21855224e-02	5.22873274e-02	1.60803903e+00	8.56205037e-01	7.51833992e-01
12165           	5.21923334e-02	5.22915749e-02	1.60805078e+00	8.56217722e-01	7.51833055e-01
12166           	5.21994485e-02	5.22961126e-02	1.60806331e+00	8.56231102e-01	7.51832205e-01
12167           	5.22066936e-02	5.23007911e-02	1.60807627e+00	8.56244830e-01	7.51831443e-01
12168           	5.22144226e-02	5.23058947e-02	1.60809013e+00	8.56259487e-01	7.51830641e-01
12169           	5.22222342e-02	5.23110527e-02	1.60810420e+00	8.56274333e-01	7.51829864e-01
12170           	5.22302372e-02	5.23164320e-02	1.60811882e+00	8.56289645e-01	7.51829171e-01
12171           	5.22388273e-02	5.23223403e-02	1.60813461e+00	8.56306133e-01	7.51828478e-01
12172           	5.22474799e-02	5.23283083e-02	1.60815061e+00	8.56322783e-01	7.51827823e-01
12173           	5.22562003e-02	5.23344198e-02	1.60816694e+00	8.56339671e-01	7.51827271e-01
12174           	5.22648554e-02	5.23405492e-02	1.60818333e+00	8.56356521e-01	7.51826810e-01
12175           	5.22740081e-02	5.23471204e-02	1.60820079e+00	8.56374403e-01	7.51826386e-01
12176           	5.22829961e-02	5.23535748e-02	1.60821796e+00	8.56391978e-01	7.51825986e-01
12177           	5.22918829e-02	5.23600314e-02	1.60823509e+00	8.56409428e-01	7.51825662e-01
12178           	5.23007508e-02	5.23665529e-02	1.60825230e+00	8.56426900e-01	7.51825399e-01
12179           	5.23100978e-02	5.23734898e-02	1.60827064e+00	8.56445416e-01	7.51825220e-01
12180           	5.23192818e-02	5.23803275e-02	1.60828867e+00	8.56463617e-01	7.51825053e-01
12181           	5.23281456e-02	5.23868604e-02	1.60830576e+00	8.56481023e-01	7.51824732e-01
12182           	5.23372553e-02	5.23937261e-02	1.60832375e+00	8.56499131e-01	7.51824620e-01
12183           	5.23471414e-02	5.24013058e-02	1.60834386e+00	8.56519070e-01	7.51824787e-01
12184           	5.23566444e-02	5.24086773e-02	1.60836336e+00	8.56538325e-01	7.51825037e-01
12185           	5.23652770e-02	5.24153828e-02	1.60838081e+00	8.56555680e-01	7.51825126e-01
12186           	5.23732469e-02	5.24216279e-02	1.60839678e+00	8.56571638e-01	7.51825144e-01
12187           	5.23822953e-02	5.24289220e-02	1.60841582e+00	8.56590204e-01	7.51825613e-01
12188           	5.23908515e-02	5.24359745e-02	1.60843416e+00	8.56607934e-01	7.51826231e-01
12189           	5.23980919e-02	5.24420446e-02	1.60844962e+00	8.56622903e-01	7.51826719e-01
12190           	5.24042620e-02	5.24473349e-02	1.60846275e+00	8.56635636e-01	7.51827112e-01
12191           	5.24096739e-02	5.24521140e-02	1.60847432e+00	8.56646831e-01	7.51827484e-01
12192           	5.24146250e-02	5.24566201e-02	1.60848504e+00	8.56657146e-01	7.51827896e-01
12193           	5.24192851e-02	5.24610034e-02	1.60849538e+00	8.56666974e-01	7.51828404e-01
12194           	5.24244646e-02	5.24659244e-02	1.60850747e+00	8.56678198e-01	7.51829268e-01
12195           	5.24287832e-02	5.24702202e-02	1.60851771e+00	8.56687638e-01	7.51830071e-01
12196           	5.24323357e-02	5.24739916e-02	1.60852654e+00	8.56695605e-01	7.51830933e-01
12197           	5.24349771e-02	5.24771000e-02	1.60853359e+00	8.56701770e-01	7.51831815e-01
12198           	5.24372879e-02	5.24800596e-02	1.60854050e+00	8.56707537e-01	7.51832962e-01
12199           	5.24383284e-02	5.24820008e-02	1.60854448e+00	8.56710569e-01	7.51833912e-01
12200           	5.24383583e-02	5.24832001e-02	1.60854629e+00	8.56711501e-01	7.51834785e-01
12201           	5.24374565e-02	5.24836977e-02	1.60854607e+00	8.56710493e-01	7.51835580e-01
12202           	5.24358593e-02	5.24836966e-02	1.60854435e+00	8.56708036e-01	7.51836317e-01
12203           	5.24336576e-02	5.24832475e-02	1.60854135e+00	8.56704330e-01	7.51837015e-01
12204           	5.24310478e-02	5.24825220e-02	1.60853748e+00	8.56699786e-01	7.51837690e-01
12205           	5.24282647e-02	5.24817560e-02	1.60853374e+00	8.56695137e-01	7.51838608e-01
12206           	5.24250780e-02	5.24806240e-02	1.60852882e+00	8.56689490e-01	7.51839334e-01
12207           	5.24214852e-02	5.24791571e-02	1.60852304e+00	8.56683007e-01	7.51840036e-01
12208           	5.24175703e-02	5.24774315e-02	1.60851657e+00	8.56675854e-01	7.51840714e-01
12209           	5.24132427e-02	5.24753546e-02	1.60850926e+00	8.56667874e-01	7.51841388e-01
12210           	5.24085940e-02	5.24730245e-02	1.60850133e+00	8.56659258e-01	7.51842070e-01
12211           	5.24035247e-02	5.24704342e-02	1.60849305e+00	8.56650052e-01	7.51843002e-01
12212           	5.23980207e-02	5.24674045e-02	1.60848359e+00	8.56639817e-01	7.51843775e-01
12213           	5.23921706e-02	5.24640996e-02	1.60847338e+00	8.56628861e-01	7.51844520e-01
12214           	5.23859216e-02	5.24604632e-02	1.60846232e+00	8.56617083e-01	7.51845240e-01
12215           	5.23794071e-02	5.24566236e-02	1.60845068e+00	8.56604747e-01	7.51845932e-01
12216           	5.23725688e-02	5.24525177e-02	1.60843836e+00	8.56591748e-01	7.51846610e-01
12217           	5.23655486e-02	5.24482739e-02	1.60842563e+00	8.56578363e-01	7.51847266e-01
12218           	5.23580032e-02	5.24436932e-02	1.60841218e+00	8.56564092e-01	7.51848085e-01
12219           	5.23506096e-02	5.24391275e-02	1.60839863e+00	8.56549927e-01	7.51848708e-01
12220           	5.23431114e-02	5.24344138e-02	1.60838474e+00	8.56535481e-01	7.51849258e-01
12221           	5.23356583e-02	5.24296737e-02	1.60837078e+00	8.56521048e-01	7.51849731e-01
12222           	5.23281598e-02	5.24248173e-02	1.60835663e+00	8.56506473e-01	7.51850154e-01
12223           	5.23207445e-02	5.24199648e-02	1.60834256e+00	8.56492025e-01	7.51850536e-01
12224           	5.23133139e-02	5.24150323e-02	1.60832844e+00	8.56477536e-01	7.51850908e-01
12225           	5.23059943e-02	5.24101417e-02	1.60831454e+00	8.56463264e-01	7.51851276e-01
12226           	5.22986846e-02	5.24052064e-02	1.60830069e+00	8.56449030e-01	7.51851661e-01
12227           	5.22915161e-02	5.24003450e-02	1.60828715e+00	8.56435090e-01	7.51852058e-01
12228           	5.22843927e-02	5.23954676e-02	1.60827375e+00	8.56421265e-01	7.51852480e-01
12229           	5.22774450e-02	5.23906840e-02	1.60826072e+00	8.56407804e-01	7.51852914e-01
12230           	5.22705712e-02	5.23858968e-02	1.60824788e+00	8.56394510e-01	7.51853368e-01
12231           	5.22639054e-02	5.23812183e-02	1.60823546e+00	8.56381635e-01	7.51853824e-01
12232           	5.22573483e-02	5.23765583e-02	1.60822327e+00	8.56368985e-01	7.51854289e-01
12233           	5.22510193e-02	5.23720210e-02	1.60821152e+00	8.56356780e-01	7.51854742e-01
12234           	5.22448344e-02	5.23675304e-02	1.60820005e+00	8.56344858e-01	7.51855189e-01
12235           	5.22389070e-02	5.23631820e-02	1.60818904e+00	8.56333428e-01	7.51855613e-01
12236           	5.22331401e-02	5.23588885e-02	1.60817832e+00	8.56322300e-01	7.51856019e-01
12237           	5.22276301e-02	5.23547286e-02	1.60816804e+00	8.56311649e-01	7.51856388e-01
12238           	5.22222791e-02	5.23506160e-02	1.60815801e+00	8.56301286e-01	7.51856728e-01
12239           	5.22170421e-02	5.23465082e-02	1.60814816e+00	8.56291120e-01	7.51857036e-01
12240           	5.22120313e-02	5.23424985e-02	1.60813866e+00	8.56281359e-01	7.51857296e-01
12241           	5.22072211e-02	5.23385676e-02	1.60812948e+00	8.56271959e-01	7.51857517e-01
12242           	5.22027436e-02	5.23348260e-02	1.60812087e+00	8.56263179e-01	7.51857692e-01
12243           	5.21985624e-02	5.23312472e-02	1.60811280e+00	8.56254963e-01	7.51857838e-01
12244           	5.21947197e-02	5.23278690e-02	1.60810534e+00	8.56247391e-01	7.51857952e-01
12245           	5.21911376e-02	5.23246294e-02	1.60809837e+00	8.56240321e-01	7.51858046e-01
12246           	5.21878473e-02	5.23215531e-02	1.60809193e+00	8.56233812e-01	7.51858117e-01
12247           	5.21848128e-02	5.23186117e-02	1.60808598e+00	8.56227801e-01	7.51858175e-01
12248           	5.21820992e-02	5.23158545e-02	1.60808063e+00	8.56222413e-01	7.51858215e-01
12249           	5.21796820e-02	5.23132662e-02	1.60807584e+00	8.56217605e-01	7.51858240e-01
12250           	5.21775682e-02	5.23108538e-02	1.60807163e+00	8.56213384e-01	7.51858248e-01
12251           	5.21757744e-02	5.23086298e-02	1.60806799e+00	8.56209771e-01	7.51858222e-01
12252           	5.21740548e-02	5.23064590e-02	1.60806423e+00	8.56206168e-01	7.51858058e-01
12253           	5.21728563e-02	5.23045924e-02	1.60806151e+00	8.56203611e-01	7.51857898e-01
12254           	5.21721162e-02	5.23030274e-02	1.60805968e+00	8.56201954e-01	7.51857722e-01
12255           	5.21718416e-02	5.23017668e-02	1.60805875e+00	8.56201219e-01	7.51857536e-01
12256           	5.21720305e-02	5.23008210e-02	1.60805875e+00	8.56201404e-01	7.51857343e-01
12257           	5.21724484e-02	5.23000468e-02	1.60805893e+00	8.56201914e-01	7.51857018e-01
12258           	5.21733444e-02	5.22995812e-02	1.60806013e+00	8.56203410e-01	7.51856721e-01
12259           	5.21746595e-02	5.22994122e-02	1.60806218e+00	8.56205751e-01	7.51856432e-01
12260           	5.21764024e-02	5.22995608e-02	1.60806511e+00	8.56208956e-01	7.51856152e-01
12261           	5.21784764e-02	5.22999909e-02	1.60806845e+00	8.56212702e-01	7.51855750e-01
12262           	5.21809386e-02	5.23006735e-02	1.60807261e+00	8.56217245e-01	7.51855368e-01
12263           	5.21838571e-02	5.23017052e-02	1.60807771e+00	8.56222714e-01	7.51855000e-01
12264           	5.21870559e-02	5.23029598e-02	1.60808318e+00	8.56228647e-01	7.51854535e-01
12265           	5.21906205e-02	5.23044593e-02	1.60808943e+00	8.56235338e-01	7.51854097e-01
12266           	5.21945179e-02	5.23062036e-02	1.60809643e+00	8.56242733e-01	7.51853697e-01
12267           	5.21987990e-02	5.23082573e-02	1.60810404e+00	8.56250820e-01	7.51853221e-01
12268           	5.22033611e-02	5.23104910e-02	1.60811206e+00	8.56259389e-01	7.51852667e-01
12269           	5.22083821e-02	5.23130433e-02	1.60812091e+00	8.56268839e-01	7.51852075e-01
12270           	5.22137965e-02	5.23159284e-02	1.60813069e+00	8.56279140e-01	7.51851547e-01
12271           	5.22195943e-02	5.23191890e-02	1.60814157e+00	8.56290381e-01	7.51851193e-01
12272           	5.22256472e-02	5.23226799e-02	1.60815311e+00	8.56302202e-01	7.51850907e-01
12273           	5.22321387e-02	5.23264449e-02	1.60816528e+00	8.56314780e-01	7.51850503e-01
12274           	5.22391091e-02	5.23305883e-02	1.60817826e+00	8.56328241e-01	7.51850023e-01
12275           	5.22463128e-02	5.23349920e-02	1.60819182e+00	8.56342221e-01	7.51849595e-01
12276           	5.22538964e-02	5.23396933e-02	1.60820604e+00	8.56356914e-01	7.51849121e-01
12277           	5.22612524e-02	5.23443627e-02	1.60822010e+00	8.56371301e-01	7.51848796e-01
12278           	5.22687309e-02	5.23492180e-02	1.60823450e+00	8.56385979e-01	7.51848517e-01
12279           	5.22765566e-02	5.23543767e-02	1.60824959e+00	8.56401350e-01	7.51848237e-01
12280           	5.22847724e-02	5.23598242e-02	1.60826536e+00	8.56417450e-01	7.51847905e-01
12281           	5.22930350e-02	5.23653103e-02	1.60828121e+00	8.56433641e-01	7.51847571e-01
12282           	5.23015788e-02	5.23710663e-02	1.60829773e+00	8.56450443e-01	7.51847286e-01
12283           	5.23095677e-02	5.23765688e-02	1.60831334e+00	8.56466238e-01	7.51847102e-01
12284           	5.23174713e-02	5.23821033e-02	1.60832888e+00	8.56481910e-01	7.51846967e-01
12285           	5.23257073e-02	5.23878027e-02	1.60834502e+00	8.56498216e-01	7.51846802e-01
12286           	5.23338136e-02	5.23935167e-02	1.60836095e+00	8.56514287e-01	7.51846660e-01
12287           	5.23418071e-02	5.23992418e-02	1.60837669e+00	8.56530150e-01	7.51846536e-01
12288           	5.23500627e-02	5.24051011e-02	1.60839295e+00	8.56546538e-01	7.51846413e-01
12289           	5.23585462e-02	5.24111543e-02	1.60840976e+00	8.56563427e-01	7.51846334e-01
12290           	5.23661418e-02	5.24167235e-02	1.60842488e+00	8.56578584e-01	7.51846300e-01
12291           	5.23731706e-02	5.24220364e-02	1.60843901e+00	8.56592674e-01	7.51846333e-01
12292           	5.23804178e-02	5.24276135e-02	1.60845393e+00	8.56607383e-01	7.51846548e-01
12293           	5.23871437e-02	5.24328600e-02	1.60846775e+00	8.56621021e-01	7.51846733e-01
12294           	5.23934816e-02	5.24379283e-02	1.60848090e+00	8.56633930e-01	7.51846966e-01
12295           	5.23993658e-02	5.24427450e-02	1.60849324e+00	8.56645985e-01	7.51847254e-01
12296           	5.24055544e-02	5.24478409e-02	1.60850662e+00	8.56658866e-01	7.51847757e-01
12297           	5.24109837e-02	5.24523755e-02	1.60851834e+00	8.56670155e-01	7.51848187e-01
12298           	5.24157519e-02	5.24564808e-02	1.60852878e+00	8.56680142e-01	7.51848638e-01
12299           	5.24198261e-02	5.24601393e-02	1.60853785e+00	8.56688752e-01	7.51849100e-01
12300           	5.24239345e-02	5.24638935e-02	1.60854741e+00	8.56697639e-01	7.51849770e-01
12301           	5.24271490e-02	5.24669906e-02	1.60855491e+00	8.56704603e-01	7.51850305e-01
12302           	5.24296021e-02	5.24696165e-02	1.60856085e+00	8.56710025e-01	7.51850821e-01
12303           	5.24312751e-02	5.24717369e-02	1.60856518e+00	8.56713865e-01	7.51851315e-01
12304           	5.24328360e-02	5.24739118e-02	1.60856971e+00	8.56717693e-01	7.51852021e-01
12305           	5.24334807e-02	5.24754040e-02	1.60857215e+00	8.56719553e-01	7.51852592e-01
12306           	5.24333680e-02	5.24764058e-02	1.60857301e+00	8.56719873e-01	7.51853137e-01
12307           	5.24324694e-02	5.24768547e-02	1.60857225e+00	8.56718597e-01	7.51853658e-01
12308           	5.24309445e-02	5.24768811e-02	1.60857021e+00	8.56716051e-01	7.51854162e-01
12309           	5.24291327e-02	5.24767878e-02	1.60856805e+00	8.56713156e-01	7.51854891e-01
12310           	5.24266840e-02	5.24761769e-02	1.60856435e+00	8.56708857e-01	7.51855489e-01
12311           	5.24235566e-02	5.24750425e-02	1.60855922e+00	8.56703169e-01	7.51856056e-01
12312           	5.24198846e-02	5.24735045e-02	1.60855294e+00	8.56696353e-01	7.51856584e-01
12313           	5.24157627e-02	5.24716966e-02	1.60854612e+00	8.56688824e-01	7.51857298e-01
12314           	5.24111432e-02	5.24694464e-02	1.60853803e+00	8.56680157e-01	7.51857871e-01
12315           	5.24059527e-02	5.24667261e-02	1.60852867e+00	8.56670288e-01	7.51858382e-01
12316           	5.24003754e-02	5.24637022e-02	1.60851841e+00	8.56659581e-01	7.51858830e-01
12317           	5.23943046e-02	5.24603688e-02	1.60850745e+00	8.56648029e-01	7.51859420e-01
12318           	5.23879733e-02	5.24567652e-02	1.60849568e+00	8.56635816e-01	7.51859869e-01
12319           	5.23812961e-02	5.24528501e-02	1.60848310e+00	8.56622846e-01	7.51860254e-01
12320           	5.23744588e-02	5.24487891e-02	1.60847008e+00	8.56609499e-01	7.51860581e-01
12321           	5.23671598e-02	5.24444326e-02	1.60845638e+00	8.56595351e-01	7.51861031e-01
12322           	5.23598440e-02	5.24399748e-02	1.60844243e+00	8.56581057e-01	7.51861369e-01
12323           	5.23524167e-02	5.24353632e-02	1.60842817e+00	8.56566501e-01	7.51861668e-01
12324           	5.23450399e-02	5.24307424e-02	1.60841395e+00	8.56552016e-01	7.51861936e-01
12325           	5.23376118e-02	5.24260177e-02	1.60839964e+00	8.56537430e-01	7.51862206e-01
12326           	5.23298827e-02	5.24211299e-02	1.60838497e+00	8.56522368e-01	7.51862602e-01
12327           	5.23222670e-02	5.24162016e-02	1.60837040e+00	8.56507465e-01	7.51862931e-01
12328           	5.23148209e-02	5.24113433e-02	1.60835613e+00	8.56492888e-01	7.51863246e-01
12329           	5.23074538e-02	5.24064640e-02	1.60834203e+00	8.56478471e-01	7.51863563e-01
12330           	5.23002618e-02	5.24016601e-02	1.60832829e+00	8.56464408e-01	7.51863884e-01
12331           	5.22926986e-02	5.23965958e-02	1.60831401e+00	8.56449703e-01	7.51864306e-01
12332           	5.22855321e-02	5.23917105e-02	1.60830037e+00	8.56435716e-01	7.51864652e-01
12333           	5.22785525e-02	5.23868814e-02	1.60828709e+00	8.56422095e-01	7.51864990e-01
12334           	5.22718678e-02	5.23822039e-02	1.60827437e+00	8.56409053e-01	7.51865318e-01
12335           	5.22653564e-02	5.23775768e-02	1.60826202e+00	8.56396366e-01	7.51865654e-01
12336           	5.22590877e-02	5.23730726e-02	1.60825016e+00	8.56384170e-01	7.51865995e-01
12337           	5.22529654e-02	5.23686131e-02	1.60823864e+00	8.56372285e-01	7.51866354e-01
12338           	5.22466322e-02	5.23640179e-02	1.60822677e+00	8.56360016e-01	7.51866751e-01
12339           	5.22407460e-02	5.23596294e-02	1.60821570e+00	8.56348594e-01	7.51867102e-01
12340           	5.22351891e-02	5.23554123e-02	1.60820526e+00	8.56337817e-01	7.51867439e-01
12341           	5.22298932e-02	5.23512986e-02	1.60819533e+00	8.56327561e-01	7.51867774e-01
12342           	5.22247948e-02	5.23472324e-02	1.60818582e+00	8.56317706e-01	7.51868117e-01
12343           	5.22199530e-02	5.23432696e-02	1.60817682e+00	8.56308362e-01	7.51868456e-01
12344           	5.22153167e-02	5.23393807e-02	1.60816824e+00	8.56299435e-01	7.51868801e-01
12345           	5.22109721e-02	5.23356470e-02	1.60816023e+00	8.56291088e-01	7.51869143e-01
12346           	5.22068818e-02	5.23320490e-02	1.60815275e+00	8.56283255e-01	7.51869491e-01
12347           	5.22030708e-02	5.23286113e-02	1.60814581e+00	8.56275974e-01	7.51869832e-01
12348           	5.21990811e-02	5.23250292e-02	1.60813843e+00	8.56268296e-01	7.51870134e-01
12349           	5.21955452e-02	5.23216895e-02	1.60813190e+00	8.56261496e-01	7.51870406e-01
12350           	5.21922838e-02	5.23184868e-02	1.60812590e+00	8.56255233e-01	7.51870666e-01
12351           	5.21893702e-02	5.23154698e-02	1.60812056e+00	8.56249652e-01	7.51870912e-01
12352           	5.21867636e-02	5.23126135e-02	1.60811583e+00	8.56244680e-01	7.51871153e-01
12353           	5.21844425e-02	5.23099095e-02	1.60811166e+00	8.56240271e-01	7.51871386e-01
12354           	5.21820631e-02	5.23071279e-02	1.60810718e+00	8.56235651e-01	7.51871525e-01
12355           	5.21800937e-02	5.23045794e-02	1.60810348e+00	8.56231833e-01	7.51871645e-01
12356           	5.21784986e-02	5.23022674e-02	1.60810047e+00	8.56228733e-01	7.51871736e-01
12357           	5.21772815e-02	5.23002043e-02	1.60809818e+00	8.56226370e-01	7.51871807e-01
12358           	5.21764183e-02	5.22983704e-02	1.60809655e+00	8.56224691e-01	7.51871854e-01
12359           	5.21756223e-02	5.22965783e-02	1.60809483e+00	8.56223035e-01	7.51871791e-01
12360           	5.21752255e-02	5.22950298e-02	1.60809389e+00	8.56222170e-01	7.51871719e-01
12361           	5.21752367e-02	5.22937745e-02	1.60809375e+00	8.56222110e-01	7.51871637e-01
12362           	5.21756255e-02	5.22927849e-02	1.60809434e+00	8.56222794e-01	7.51871543e-01
12363           	5.21761572e-02	5.22919106e-02	1.60809499e+00	8.56223651e-01	7.51871336e-01
12364           	5.21771402e-02	5.22913523e-02	1.60809652e+00	8.56225401e-01	7.51871120e-01
12365           	5.21785590e-02	5.22911172e-02	1.60809890e+00	8.56228007e-01	7.51870889e-01
12366           	5.21802751e-02	5.22911221e-02	1.60810163e+00	8.56231089e-01	7.51870539e-01
12367           	5.21823862e-02	5.22913943e-02	1.60810515e+00	8.56234959e-01	7.51870186e-01
12368           	5.21849789e-02	5.22920407e-02	1.60810962e+00	8.56239790e-01	7.51869832e-01
12369           	5.21878245e-02	5.22928845e-02	1.60811440e+00	8.56245023e-01	7.51869374e-01
12370           	5.21910744e-02	5.22940262e-02	1.60811999e+00	8.56251069e-01	7.51868920e-01
12371           	5.21946463e-02	5.22954238e-02	1.60812608e+00	8.56257686e-01	7.51868393e-01
12372           	5.21986102e-02	5.22970938e-02	1.60813266e+00	8.56264938e-01	7.51867718e-01
12373           	5.22030660e-02	5.22992390e-02	1.60814073e+00	8.56273430e-01	7.51867298e-01
12374           	5.22080157e-02	5.23017234e-02	1.60814961e+00	8.56282823e-01	7.51866792e-01
12375           	5.22132801e-02	5.23044964e-02	1.60815916e+00	8.56292859e-01	7.51866299e-01
12376           	5.22189705e-02	5.23076021e-02	1.60816947e+00	8.56303706e-01	7.51865766e-01
12377           	5.22249969e-02	5.23109448e-02	1.60818026e+00	8.56315128e-01	7.51865135e-01
12378           	5.22312621e-02	5.23146072e-02	1.60819186e+00	8.56327190e-01	7.51864666e-01
12379           	5.22379203e-02	5.23186582e-02	1.60820419e+00	8.56340017e-01	7.51864177e-01
12380           	5.22451008e-02	5.23231201e-02	1.60821735e+00	8.56353777e-01	7.51863576e-01
12381           	5.22524027e-02	5.23278576e-02	1.60823097e+00	8.56367885e-01	7.51863080e-01
12382           	5.22600177e-02	5.23327996e-02	1.60824512e+00	8.56382578e-01	7.51862543e-01
12383           	5.22684423e-02	5.23382722e-02	1.60826059e+00	8.56398737e-01	7.51861852e-01
12384           	5.22763071e-02	5.23434783e-02	1.60827533e+00	8.56413971e-01	7.51861357e-01
12385           	5.22845063e-02	5.23490293e-02	1.60829080e+00	8.56429905e-01	7.51860892e-01
12386           	5.22933099e-02	5.23549901e-02	1.60830734e+00	8.56446978e-01	7.51860358e-01
12387           	5.23015376e-02	5.23607508e-02	1.60832291e+00	8.56462993e-01	7.51859918e-01
12388           	5.23098721e-02	5.23665770e-02	1.60833865e+00	8.56479196e-01	7.51859452e-01
12389           	5.23187568e-02	5.23728609e-02	1.60835543e+00	8.56496470e-01	7.51858957e-01
12390           	5.23273656e-02	5.23790048e-02	1.60837179e+00	8.56513262e-01	7.51858530e-01
12391           	5.23365508e-02	5.23855737e-02	1.60838930e+00	8.56531202e-01	7.51858100e-01
12392           	5.23452978e-02	5.23919866e-02	1.60840613e+00	8.56548361e-01	7.51857766e-01
12393           	5.23538648e-02	5.23984061e-02	1.60842284e+00	8.56565284e-01	7.51857554e-01
12394           	5.23618705e-02	5.24045969e-02	1.60843853e+00	8.56581137e-01	7.51857396e-01
12395           	5.23694921e-02	5.24105437e-02	1.60845348e+00	8.56596234e-01	7.51857250e-01
12396           	5.23782639e-02	5.24173195e-02	1.60847092e+00	8.56613726e-01	7.51857198e-01
12397           	5.23857190e-02	5.24232967e-02	1.60848581e+00	8.56628622e-01	7.51857184e-01
12398           	5.23929347e-02	5.24291971e-02	1.60850026e+00	8.56643067e-01	7.51857197e-01
12399           	5.23995548e-02	5.24346898e-02	1.60851352e+00	8.56656316e-01	7.51857206e-01
12400           	5.24073670e-02	5.24410493e-02	1.60852952e+00	8.56672125e-01	7.51857391e-01
12401           	5.24133899e-02	5.24462594e-02	1.60854190e+00	8.56684339e-01	7.51857559e-01
12402           	5.24188557e-02	5.24511664e-02	1.60855322e+00	8.56695466e-01	7.51857754e-01
12403           	5.24234409e-02	5.24554436e-02	1.60856274e+00	8.56704810e-01	7.51857929e-01
12404           	5.24289184e-02	5.24604267e-02	1.60857454e+00	8.56716188e-01	7.51858351e-01
12405           	5.24324975e-02	5.24641180e-02	1.60858232e+00	8.56723656e-01	7.51858661e-01
12406           	5.24354348e-02	5.24674140e-02	1.60858881e+00	8.56729841e-01	7.51858972e-01
12407           	5.24375380e-02	5.24701214e-02	1.60859358e+00	8.56734330e-01	7.51859254e-01
12408           	5.24402033e-02	5.24733203e-02	1.60859999e+00	8.56740199e-01	7.51859792e-01
12409           	5.24407908e-02	5.24749777e-02	1.60860163e+00	8.56741603e-01	7.51860022e-01
12410           	5.24410428e-02	5.24764905e-02	1.60860287e+00	8.56742478e-01	7.51860393e-01
12411           	5.24413601e-02	5.24781362e-02	1.60860461e+00	8.56743665e-01	7.51860945e-01
12412           	5.24403263e-02	5.24787516e-02	1.60860324e+00	8.56741947e-01	7.51861294e-01
12413           	5.24389562e-02	5.24791274e-02	1.60860134e+00	8.56739628e-01	7.51861716e-01
12414           	5.24370815e-02	5.24791565e-02	1.60859854e+00	8.56736350e-01	7.51862187e-01
12415           	5.24347238e-02	5.24788211e-02	1.60859487e+00	8.56732156e-01	7.51862709e-01
12416           	5.24325858e-02	5.24788157e-02	1.60859268e+00	8.56728927e-01	7.51863756e-01
12417           	5.24288547e-02	5.24774742e-02	1.60858628e+00	8.56721995e-01	7.51864286e-01
12418           	5.24242579e-02	5.24754343e-02	1.60857784e+00	8.56713179e-01	7.51864664e-01
12419           	5.24190725e-02	5.24729238e-02	1.60856800e+00	8.56703072e-01	7.51864927e-01
12420           	5.24134067e-02	5.24700516e-02	1.60855735e+00	8.56692080e-01	7.51865267e-01
12421           	5.24074842e-02	5.24670277e-02	1.60854620e+00	8.56680582e-01	7.51865614e-01
12422           	5.24011227e-02	5.24636464e-02	1.60853431e+00	8.56668277e-01	7.51866032e-01
12423           	5.23940941e-02	5.24599980e-02	1.60852186e+00	8.56655025e-01	7.51866837e-01
12424           	5.23871091e-02	5.24560521e-02	1.60850860e+00	8.56641411e-01	7.51867192e-01
12425           	5.23801723e-02	5.24519898e-02	1.60849505e+00	8.56627697e-01	7.51867352e-01
12426           	5.23731379e-02	5.24477661e-02	1.60848119e+00	8.56613734e-01	7.51867458e-01
12427           	5.23658274e-02	5.24434225e-02	1.60846708e+00	8.56599370e-01	7.51867715e-01
12428           	5.23583930e-02	5.24389014e-02	1.60845275e+00	8.56584766e-01	7.51867980e-01
12429           	5.23510174e-02	5.24343913e-02	1.60843858e+00	8.56570307e-01	7.51868273e-01
12430           	5.23432306e-02	5.24296250e-02	1.60842394e+00	8.56555199e-01	7.51868738e-01
12431           	5.23354534e-02	5.24247776e-02	1.60840929e+00	8.56540098e-01	7.51869191e-01
12432           	5.23277711e-02	5.24198965e-02	1.60839478e+00	8.56525163e-01	7.51869620e-01
12433           	5.23197893e-02	5.24148122e-02	1.60837986e+00	8.56509718e-01	7.51870139e-01
12434           	5.23118535e-02	5.24096138e-02	1.60836488e+00	8.56494294e-01	7.51870587e-01
12435           	5.23042563e-02	5.24045595e-02	1.60835044e+00	8.56479475e-01	7.51870963e-01
12436           	5.22968442e-02	5.23995359e-02	1.60833629e+00	8.56464990e-01	7.51871302e-01
12437           	5.22891642e-02	5.23943172e-02	1.60832170e+00	8.56450016e-01	7.51871688e-01
12438           	5.22817811e-02	5.23891728e-02	1.60830756e+00	8.56435561e-01	7.51871999e-01
12439           	5.22747519e-02	5.23842062e-02	1.60829406e+00	8.56421780e-01	7.51872276e-01
12440           	5.22679759e-02	5.23793361e-02	1.60828105e+00	8.56408500e-01	7.51872548e-01
12441           	5.22609575e-02	5.23742818e-02	1.60826764e+00	8.56394778e-01	7.51872863e-01
12442           	5.22543283e-02	5.23693881e-02	1.60825495e+00	8.56381803e-01	7.51873146e-01
12443           	5.22480905e-02	5.23647073e-02	1.60824303e+00	8.56369605e-01	7.51873424e-01
12444           	5.22421545e-02	5.23601674e-02	1.60823174e+00	8.56358027e-01	7.51873718e-01
12445           	5.22364337e-02	5.23557025e-02	1.60822095e+00	8.56346908e-01	7.51874040e-01
12446           	5.22309526e-02	5.23513452e-02	1.60821067e+00	8.56336286e-01	7.51874381e-01
12447           	5.22251170e-02	5.23467032e-02	1.60819973e+00	8.56324982e-01	7.51874748e-01
12448           	5.22197304e-02	5.23422900e-02	1.60818961e+00	8.56314538e-01	7.51875077e-01
12449           	5.22146180e-02	5.23380045e-02	1.60818003e+00	8.56304631e-01	7.51875395e-01
12450           	5.22098637e-02	5.23339105e-02	1.60817112e+00	8.56295424e-01	7.51875696e-01
12451           	5.22054104e-02	5.23299666e-02	1.60816280e+00	8.56286812e-01	7.51875991e-01
12452           	5.22012500e-02	5.23261703e-02	1.60815504e+00	8.56278770e-01	7.51876270e-01
12453           	5.21968144e-02	5.23221300e-02	1.60814663e+00	8.56270131e-01	7.51876502e-01
12454           	5.21927661e-02	5.23182816e-02	1.60813892e+00	8.56262228e-01	7.51876695e-01
12455           	5.21890753e-02	5.23146297e-02	1.60813185e+00	8.56255002e-01	7.51876852e-01
12456           	5.21857639e-02	5.23111983e-02	1.60812549e+00	8.56248509e-01	7.51876982e-01
12457           	5.21828225e-02	5.23079854e-02	1.60811981e+00	8.56242727e-01	7.51877082e-01
12458           	5.21797653e-02	5.23046573e-02	1.60811370e+00	8.56236615e-01	7.51877085e-01
12459           	5.21771096e-02	5.23015584e-02	1.60810833e+00	8.56231275e-01	7.51877056e-01
12460           	5.21748328e-02	5.22987046e-02	1.60810368e+00	8.56226671e-01	7.51877006e-01
12461           	5.21729472e-02	5.22961043e-02	1.60809977e+00	8.56222833e-01	7.51876939e-01
12462           	5.21710531e-02	5.22934804e-02	1.60809563e+00	8.56218869e-01	7.51876763e-01
12463           	5.21696116e-02	5.22911512e-02	1.60809238e+00	8.56215800e-01	7.51876577e-01
12464           	5.21686674e-02	5.22891679e-02	1.60809009e+00	8.56213712e-01	7.51876377e-01
12465           	5.21682368e-02	5.22875577e-02	1.60808881e+00	8.56212642e-01	7.51876168e-01
12466           	5.21679458e-02	5.22860501e-02	1.60808756e+00	8.56211724e-01	7.51875832e-01
12467           	5.21681083e-02	5.22848558e-02	1.60808719e+00	8.56211701e-01	7.51875485e-01
12468           	5.21687223e-02	5.22839938e-02	1.60808770e+00	8.56212574e-01	7.51875130e-01
12469           	5.21695612e-02	5.22833208e-02	1.60808844e+00	8.56213780e-01	7.51874657e-01
12470           	5.21707780e-02	5.22829030e-02	1.60808994e+00	8.56215749e-01	7.51874193e-01
12471           	5.21724930e-02	5.22828694e-02	1.60809247e+00	8.56218727e-01	7.51873741e-01
12472           	5.21745691e-02	5.22831350e-02	1.60809548e+00	8.56222309e-01	7.51873171e-01
12473           	5.21770257e-02	5.22836628e-02	1.60809924e+00	8.56226645e-01	7.51872594e-01
12474           	5.21800048e-02	5.22846050e-02	1.60810408e+00	8.56232047e-01	7.51872037e-01
12475           	5.21832959e-02	5.22857935e-02	1.60810933e+00	8.56237962e-01	7.51871370e-01
12476           	5.21870076e-02	5.22872888e-02	1.60811539e+00	8.56244704e-01	7.51870689e-01
12477           	5.21911277e-02	5.22891152e-02	1.60812235e+00	8.56252304e-01	7.51870048e-01
12478           	5.21957322e-02	5.22913445e-02	1.60813009e+00	8.56260775e-01	7.51869311e-01
12479           	5.22006513e-02	5.22937994e-02	1.60813843e+00	8.56269867e-01	7.51868564e-01
12480           	5.22060793e-02	5.22966906e-02	1.60814770e+00	8.56279928e-01	7.51867769e-01
12481           	5.22123712e-02	5.23001363e-02	1.60815785e+00	8.56291294e-01	7.51866552e-01
12482           	5.22190359e-02	5.23039856e-02	1.60816928e+00	8.56303678e-01	7.51865607e-01
12483           	5.22260872e-02	5.23082563e-02	1.60818196e+00	8.56317066e-01	7.51864892e-01
12484           	5.22330737e-02	5.23126132e-02	1.60819505e+00	8.56330597e-01	7.51864450e-01
12485           	5.22404750e-02	5.23172897e-02	1.60820890e+00	8.56344925e-01	7.51863975e-01
12486           	5.22480520e-02	5.23221765e-02	1.60822322e+00	8.56359663e-01	7.51863559e-01
12487           	5.22554874e-02	5.23271166e-02	1.60823741e+00	8.56374192e-01	7.51863217e-01
12488           	5.22630903e-02	5.23322619e-02	1.60825187e+00	8.56389024e-01	7.51862843e-01
12489           	5.22712258e-02	5.23376912e-02	1.60826691e+00	8.56404680e-01	7.51862228e-01
12490           	5.22800925e-02	5.23436420e-02	1.60828304e+00	8.56421615e-01	7.51861430e-01
12491           	5.22886751e-02	5.23494613e-02	1.60829868e+00	8.56438017e-01	7.51860667e-01
12492           	5.22977790e-02	5.23557689e-02	1.60831537e+00	8.56455463e-01	7.51859905e-01
12493           	5.23071545e-02	5.23622916e-02	1.60833256e+00	8.56473436e-01	7.51859127e-01
12494           	5.23166938e-02	5.23690994e-02	1.60835030e+00	8.56491843e-01	7.51858455e-01
12495           	5.23267484e-02	5.23764098e-02	1.60836925e+00	8.56511374e-01	7.51857877e-01
12496           	5.23360654e-02	5.23832882e-02	1.60838694e+00	8.56529536e-01	7.51857405e-01
12497           	5.23463343e-02	5.23909144e-02	1.60840683e+00	8.56549749e-01	7.51857080e-01
12498           	5.23550199e-02	5.23975599e-02	1.60842377e+00	8.56566906e-01	7.51856866e-01
12499           	5.23630453e-02	5.24038351e-02	1.60843952e+00	8.56582805e-01	7.51856714e-01
12500           	5.23715008e-02	5.24105259e-02	1.60845633e+00	8.56599666e-01	7.51856665e-01
12501           	5.23796600e-02	5.24170219e-02	1.60847250e+00	8.56615911e-01	7.51856591e-01
12502           	5.23875286e-02	5.24233691e-02	1.60848813e+00	8.56631595e-01	7.51856537e-01
12503           	5.23949056e-02	5.24294188e-02	1.60850282e+00	8.56646314e-01	7.51856503e-01
12504           	5.24027459e-02	5.24358794e-02	1.60851873e+00	8.56662109e-01	7.51856617e-01
12505           	5.24092294e-02	5.24414004e-02	1.60853164e+00	8.56675050e-01	7.51856591e-01
12506           	5.24175351e-02	5.24483276e-02	1.60854890e+00	8.56691983e-01	7.51856913e-01
12507           	5.24234390e-02	5.24536392e-02	1.60856114e+00	8.56704009e-01	7.51857131e-01
12508           	5.24292416e-02	5.24588727e-02	1.60857333e+00	8.56715909e-01	7.51857425e-01
12509           	5.24344213e-02	5.24637740e-02	1.60858439e+00	8.56726618e-01	7.51857775e-01
12510           	5.24385425e-02	5.24679818e-02	1.60859333e+00	8.56735208e-01	7.51858123e-01
12511           	5.24424837e-02	5.24721067e-02	1.60860210e+00	8.56743533e-01	7.51858565e-01
12512           	5.24457111e-02	5.24758002e-02	1.60860947e+00	8.56750446e-01	7.51859024e-01
12513           	5.24478703e-02	5.24787735e-02	1.60861466e+00	8.56755202e-01	7.51859461e-01
12514           	5.24490334e-02	5.24810777e-02	1.60861778e+00	8.56757926e-01	7.51859859e-01
12515           	5.24499026e-02	5.24831887e-02	1.60862052e+00	8.56760165e-01	7.51860360e-01
12516           	5.24500857e-02	5.24848545e-02	1.60862189e+00	8.56761029e-01	7.51860858e-01
12517           	5.24493498e-02	5.24858404e-02	1.60862138e+00	8.56760037e-01	7.51861338e-01
12518           	5.24482684e-02	5.24866103e-02	1.60862043e+00	8.56758484e-01	7.51861947e-01
12519           	5.24464049e-02	5.24867953e-02	1.60861788e+00	8.56755345e-01	7.51862535e-01
12520           	5.24436616e-02	5.24862990e-02	1.60861353e+00	8.56750428e-01	7.51863105e-01
12521           	5.24401778e-02	5.24852515e-02	1.60860761e+00	8.56743985e-01	7.51863629e-01
12522           	5.24359868e-02	5.24836477e-02	1.60860018e+00	8.56736078e-01	7.51864105e-01
12523           	5.24314440e-02	5.24818278e-02	1.60859226e+00	8.56727572e-01	7.51864684e-01
12524           	5.24263925e-02	5.24796264e-02	1.60858326e+00	8.56718022e-01	7.51865237e-01
12525           	5.24209069e-02	5.24770854e-02	1.60857327e+00	8.56707543e-01	7.51865729e-01
12526           	5.24149446e-02	5.24741289e-02	1.60856219e+00	8.56696041e-01	7.51866152e-01
12527           	5.24085799e-02	5.24708839e-02	1.60855042e+00	8.56683791e-01	7.51866632e-01
12528           	5.24018444e-02	5.24673385e-02	1.60853787e+00	8.56670780e-01	7.51867091e-01
12529           	5.23947017e-02	5.24633759e-02	1.60852435e+00	8.56656878e-01	7.51867475e-01
12530           	5.23873495e-02	5.24591725e-02	1.60851027e+00	8.56642483e-01	7.51867784e-01
12531           	5.23797646e-02	5.24547097e-02	1.60849565e+00	8.56627588e-01	7.51868059e-01
12532           	5.23717162e-02	5.24498944e-02	1.60848025e+00	8.56611840e-01	7.51868407e-01
12533           	5.23635678e-02	5.24449806e-02	1.60846471e+00	8.56595922e-01	7.51868786e-01
12534           	5.23554605e-02	5.24400280e-02	1.60844918e+00	8.56580052e-01	7.51869131e-01
12535           	5.23473614e-02	5.24349956e-02	1.60843363e+00	8.56564174e-01	7.51869451e-01
12536           	5.23393536e-02	5.24299792e-02	1.60841823e+00	8.56548468e-01	7.51869761e-01
12537           	5.23308028e-02	5.24245195e-02	1.60840186e+00	8.56531734e-01	7.51870129e-01
12538           	5.23224004e-02	5.24191042e-02	1.60838582e+00	8.56515310e-01	7.51870510e-01
12539           	5.23142064e-02	5.24137474e-02	1.60837011e+00	8.56499262e-01	7.51870849e-01
12540           	5.23061843e-02	5.24084168e-02	1.60835469e+00	8.56483529e-01	7.51871160e-01
12541           	5.22983905e-02	5.24031816e-02	1.60833969e+00	8.56468235e-01	7.51871454e-01
12542           	5.22907247e-02	5.23979595e-02	1.60832495e+00	8.56453199e-01	7.51871750e-01
12543           	5.22832531e-02	5.23928113e-02	1.60831060e+00	8.56438555e-01	7.51872048e-01
12544           	5.22752611e-02	5.23871913e-02	1.60829523e+00	8.56422877e-01	7.51872355e-01
12545           	5.22677720e-02	5.23818621e-02	1.60828090e+00	8.56408222e-01	7.51872678e-01
12546           	5.22606032e-02	5.23766797e-02	1.60826715e+00	8.56394177e-01	7.51872971e-01
12547           	5.22537240e-02	5.23716232e-02	1.60825394e+00	8.56380692e-01	7.51873244e-01
12548           	5.22471717e-02	5.23667345e-02	1.60824134e+00	8.56367843e-01	7.51873499e-01
12549           	5.22408532e-02	5.23619402e-02	1.60822922e+00	8.56355462e-01	7.51873755e-01
12550           	5.22348147e-02	5.23572793e-02	1.60821765e+00	8.56343640e-01	7.51874010e-01
12551           	5.22289745e-02	5.23526836e-02	1.60820650e+00	8.56332226e-01	7.51874277e-01
12552           	5.22232860e-02	5.23481125e-02	1.60819569e+00	8.56321129e-01	7.51874557e-01
12553           	5.22178045e-02	5.23436134e-02	1.60818528e+00	8.56310444e-01	7.51874835e-01
12554           	5.22124829e-02	5.23391540e-02	1.60817519e+00	8.56300076e-01	7.51875111e-01
12555           	5.22073699e-02	5.23347764e-02	1.60816548e+00	8.56290109e-01	7.51875369e-01
12556           	5.22024287e-02	5.23304572e-02	1.60815608e+00	8.56280469e-01	7.51875612e-01
12557           	5.21976866e-02	5.23262181e-02	1.60814704e+00	8.56271208e-01	7.51875835e-01
12558           	5.21932192e-02	5.23221176e-02	1.60813848e+00	8.56262461e-01	7.51876022e-01
12559           	5.21889992e-02	5.23181359e-02	1.60813035e+00	8.56254172e-01	7.51876174e-01
12560           	5.21845200e-02	5.23138373e-02	1.60812136e+00	8.56245200e-01	7.51876160e-01
12561           	5.21806467e-02	5.23099813e-02	1.60811370e+00	8.56237494e-01	7.51876201e-01
12562           	5.21771635e-02	5.23063519e-02	1.60810674e+00	8.56230534e-01	7.51876207e-01
12563           	5.21741235e-02	5.23029925e-02	1.60810060e+00	8.56224425e-01	7.51876178e-01
12564           	5.21714863e-02	5.22998838e-02	1.60809523e+00	8.56219100e-01	7.51876127e-01
12565           	5.21691952e-02	5.22969826e-02	1.60809049e+00	8.56214439e-01	7.51876049e-01
12566           	5.21667704e-02	5.22938698e-02	1.60808511e+00	8.56209327e-01	7.51875786e-01
12567           	5.21648170e-02	5.22911391e-02	1.60808086e+00	8.56205246e-01	7.51875612e-01
12568           	5.21632776e-02	5.22886857e-02	1.60807740e+00	8.56201976e-01	7.51875421e-01
12569           	5.21621799e-02	5.22865466e-02	1.60807480e+00	8.56199579e-01	7.51875219e-01
12570           	5.21614718e-02	5.22846821e-02	1.60807293e+00	8.56197934e-01	7.51874991e-01
12571           	5.21608122e-02	5.22827752e-02	1.60807070e+00	8.56196162e-01	7.51874538e-01
12572           	5.21606279e-02	5.22812900e-02	1.60806957e+00	8.56195414e-01	7.51874158e-01
12573           	5.21609059e-02	5.22801436e-02	1.60806932e+00	8.56195568e-01	7.51873756e-01
12574           	5.21616666e-02	5.22793621e-02	1.60807000e+00	8.56196667e-01	7.51873334e-01
12575           	5.21625635e-02	5.22786020e-02	1.60807047e+00	8.56197799e-01	7.51872672e-01
12576           	5.21638954e-02	5.22782362e-02	1.60807196e+00	8.56199874e-01	7.51872083e-01
12577           	5.21657889e-02	5.22783044e-02	1.60807456e+00	8.56203071e-01	7.51871494e-01
12578           	5.21679812e-02	5.22785196e-02	1.60807735e+00	8.56206655e-01	7.51870693e-01
12579           	5.21706557e-02	5.22791729e-02	1.60808127e+00	8.56211293e-01	7.51869981e-01
12580           	5.21737891e-02	5.22801752e-02	1.60808619e+00	8.56216885e-01	7.51869307e-01
12581           	5.21774178e-02	5.22815727e-02	1.60809216e+00	8.56223496e-01	7.51868660e-01
12582           	5.21815312e-02	5.22832774e-02	1.60809868e+00	8.56230871e-01	7.51867809e-01
12583           	5.21860143e-02	5.22853433e-02	1.60810612e+00	8.56239076e-01	7.51867047e-01
12584           	5.21909841e-02	5.22878179e-02	1.60811461e+00	8.56248289e-01	7.51866321e-01
12585           	5.21965451e-02	5.22906992e-02	1.60812393e+00	8.56258511e-01	7.51865420e-01
12586           	5.22024410e-02	5.22939382e-02	1.60813411e+00	8.56269497e-01	7.51864615e-01
12587           	5.22087282e-02	5.22975393e-02	1.60814521e+00	8.56281331e-01	7.51863875e-01
12588           	5.22154206e-02	5.23013957e-02	1.60815684e+00	8.56293841e-01	7.51863000e-01
12589           	5.22224556e-02	5.23056374e-02	1.60816935e+00	8.56307130e-01	7.51862219e-01
12590           	5.22298584e-02	5.23102480e-02	1.60818275e+00	8.56321231e-01	7.51861514e-01
12591           	5.22377280e-02	5.23151669e-02	1.60819685e+00	8.56336151e-01	7.51860695e-01
12592           	5.22459002e-02	5.23204455e-02	1.60821173e+00	8.56351763e-01	7.51859963e-01
12593           	5.22546676e-02	5.23261698e-02	1.60822767e+00	8.56368503e-01	7.51859168e-01
12594           	5.22649230e-02	5.23329359e-02	1.60824622e+00	8.56388034e-01	7.51858188e-01
12595           	5.22740793e-02	5.23391662e-02	1.60826333e+00	8.56405744e-01	7.51857585e-01
12596           	5.22828426e-02	5.23452856e-02	1.60827998e+00	8.56422832e-01	7.51857146e-01
12597           	5.22913365e-02	5.23513088e-02	1.60829621e+00	8.56439440e-01	7.51856767e-01
12598           	5.23004177e-02	5.23578242e-02	1.60831355e+00	8.56457194e-01	7.51856359e-01
12599           	5.23095351e-02	5.23643480e-02	1.60833084e+00	8.56474955e-01	7.51855884e-01
12600           	5.23192647e-02	5.23713592e-02	1.60834932e+00	8.56493925e-01	7.51855396e-01
12601           	5.23322213e-02	5.23805647e-02	1.60837428e+00	8.56519359e-01	7.51854917e-01
12602           	5.23421303e-02	5.23878579e-02	1.60839336e+00	8.56538813e-01	7.51854552e-01
12603           	5.23507635e-02	5.23944051e-02	1.60841004e+00	8.56555785e-01	7.51854258e-01
12604           	5.23586231e-02	5.24005389e-02	1.60842527e+00	8.56571260e-01	7.51854013e-01
12605           	5.23669583e-02	5.24070899e-02	1.60844156e+00	8.56587740e-01	7.51853824e-01
12606           	5.23752471e-02	5.24136137e-02	1.60845763e+00	8.56604064e-01	7.51853570e-01
12607           	5.23841643e-02	5.24206674e-02	1.60847514e+00	8.56621732e-01	7.51853404e-01
12608           	5.23953342e-02	5.24293640e-02	1.60849773e+00	8.56644197e-01	7.51853529e-01
12609           	5.24031384e-02	5.24358038e-02	1.60851325e+00	8.56659764e-01	7.51853488e-01
12610           	5.24107997e-02	5.24421756e-02	1.60852865e+00	8.56675123e-01	7.51853524e-01
12611           	5.24183064e-02	5.24485456e-02	1.60854398e+00	8.56690297e-01	7.51853684e-01
12612           	5.24253947e-02	5.24546787e-02	1.60855865e+00	8.56704718e-01	7.51853928e-01
12613           	5.24325667e-02	5.24609728e-02	1.60857392e+00	8.56719528e-01	7.51854395e-01
12614           	5.24376324e-02	5.24658121e-02	1.60858467e+00	8.56729968e-01	7.51854703e-01
12615           	5.24417507e-02	5.24700586e-02	1.60859351e+00	8.56738504e-01	7.51855002e-01
12616           	5.24459722e-02	5.24745390e-02	1.60860297e+00	8.56747456e-01	7.51855512e-01
12617           	5.24496170e-02	5.24785408e-02	1.60861113e+00	8.56755182e-01	7.51855948e-01
12618           	5.24524277e-02	5.24819843e-02	1.60861757e+00	8.56761214e-01	7.51856358e-01
12619           	5.24551760e-02	5.24855174e-02	1.60862437e+00	8.56767360e-01	7.51857008e-01
12620           	5.24572013e-02	5.24884372e-02	1.60862964e+00	8.56772023e-01	7.51857621e-01
12621           	5.24581073e-02	5.24905598e-02	1.60863256e+00	8.56774386e-01	7.51858171e-01
12622           	5.24579963e-02	5.24919485e-02	1.60863338e+00	8.56774688e-01	7.51858696e-01
12623           	5.24575350e-02	5.24932227e-02	1.60863399e+00	8.56774529e-01	7.51859459e-01
12624           	5.24562970e-02	5.24938873e-02	1.60863283e+00	8.56772712e-01	7.51860118e-01
12625           	5.24540862e-02	5.24938458e-02	1.60862960e+00	8.56768888e-01	7.51860716e-01
12626           	5.24510862e-02	5.24932498e-02	1.60862468e+00	8.56763428e-01	7.51861256e-01
12627           	5.24476111e-02	5.24924490e-02	1.60861923e+00	8.56757224e-01	7.51862002e-01
12628           	5.24433781e-02	5.24909789e-02	1.60861201e+00	8.56749381e-01	7.51862625e-01
12629           	5.24384678e-02	5.24889731e-02	1.60860327e+00	8.56740101e-01	7.51863166e-01
12630           	5.24329072e-02	5.24864157e-02	1.60859309e+00	8.56729450e-01	7.51863635e-01
12631           	5.24267667e-02	5.24835075e-02	1.60858211e+00	8.56717819e-01	7.51864286e-01
12632           	5.24202008e-02	5.24801747e-02	1.60857001e+00	8.56705206e-01	7.51864804e-01
12633           	5.24132072e-02	5.24764304e-02	1.60855689e+00	8.56691654e-01	7.51865240e-01
12634           	5.24059742e-02	5.24724440e-02	1.60854315e+00	8.56677550e-01	7.51865602e-01
12635           	5.23982317e-02	5.24681487e-02	1.60852869e+00	8.56662576e-01	7.51866113e-01
12636           	5.23902130e-02	5.24634990e-02	1.60851342e+00	8.56646923e-01	7.51866497e-01
12637           	5.23821097e-02	5.24587078e-02	1.60849784e+00	8.56631029e-01	7.51866810e-01
12638           	5.23739003e-02	5.24537478e-02	1.60848195e+00	8.56614878e-01	7.51867077e-01
12639           	5.23652539e-02	5.24485414e-02	1.60846548e+00	8.56597992e-01	7.51867484e-01
12640           	5.23566042e-02	5.24431996e-02	1.60844879e+00	8.56580997e-01	7.51867788e-01
12641           	5.23479893e-02	5.24377781e-02	1.60843209e+00	8.56564034e-01	7.51868056e-01
12642           	5.23395258e-02	5.24323916e-02	1.60841565e+00	8.56547350e-01	7.51868298e-01
12643           	5.23311233e-02	5.24269758e-02	1.60839934e+00	8.56530794e-01	7.51868547e-01
12644           	5.23221653e-02	5.24211878e-02	1.60838222e+00	8.56513276e-01	7.51868945e-01
12645           	5.23135512e-02	5.24155220e-02	1.60836560e+00	8.56496349e-01	7.51869247e-01
12646           	5.23051595e-02	5.24099279e-02	1.60834939e+00	8.56479852e-01	7.51869533e-01
12647           	5.22970766e-02	5.24044810e-02	1.60833376e+00	8.56463958e-01	7.51869805e-01
12648           	5.22891974e-02	5.23990958e-02	1.60831855e+00	8.56448475e-01	7.51870080e-01
12649           	5.22814532e-02	5.23937185e-02	1.60830364e+00	8.56433275e-01	7.51870368e-01
12650           	5.22733155e-02	5.23880649e-02	1.60828811e+00	8.56417372e-01	7.51870741e-01
12651           	5.22657153e-02	5.23826594e-02	1.60827347e+00	8.56402451e-01	7.51871021e-01
12652           	5.22584086e-02	5.23773693e-02	1.60825938e+00	8.56388098e-01	7.51871280e-01
12653           	5.22514659e-02	5.23722535e-02	1.60824597e+00	8.56374452e-01	7.51871521e-01
12654           	5.22447909e-02	5.23672390e-02	1.60823310e+00	8.56361341e-01	7.51871760e-01
12655           	5.22383244e-02	5.23622854e-02	1.60822066e+00	8.56348656e-01	7.51872008e-01
12656           	5.22321247e-02	5.23574532e-02	1.60820877e+00	8.56336509e-01	7.51872260e-01
12657           	5.22261372e-02	5.23527081e-02	1.60819732e+00	8.56324797e-01	7.51872522e-01
12658           	5.22203358e-02	5.23480312e-02	1.60818626e+00	8.56313464e-01	7.51872793e-01
12659           	5.22147761e-02	5.23434694e-02	1.60817566e+00	8.56302606e-01	7.51873054e-01
12660           	5.22094135e-02	5.23389859e-02	1.60816544e+00	8.56292132e-01	7.51873306e-01
12661           	5.22042285e-02	5.23345586e-02	1.60815554e+00	8.56282000e-01	7.51873543e-01
12662           	5.21992742e-02	5.23302253e-02	1.60814605e+00	8.56272301e-01	7.51873753e-01
12663           	5.21945525e-02	5.23259861e-02	1.60813699e+00	8.56263046e-01	7.51873941e-01
12664           	5.21895861e-02	5.23215172e-02	1.60812731e+00	8.56253241e-01	7.51874068e-01
12665           	5.21852399e-02	5.23173978e-02	1.60811878e+00	8.56244629e-01	7.51874149e-01
12666           	5.21812632e-02	5.23134659e-02	1.60811093e+00	8.56236728e-01	7.51874202e-01
12667           	5.21776663e-02	5.23097305e-02	1.60810380e+00	8.56229568e-01	7.51874235e-01
12668           	5.21744410e-02	5.23061912e-02	1.60809737e+00	8.56223125e-01	7.51874243e-01
12669           	5.21715516e-02	5.23028395e-02	1.60809157e+00	8.56217334e-01	7.51874231e-01
12670           	5.21685770e-02	5.22993926e-02	1.60808538e+00	8.56211265e-01	7.51874110e-01
12671           	5.21660586e-02	5.22962261e-02	1.60808005e+00	8.56206083e-01	7.51873966e-01
12672           	5.21639265e-02	5.22933278e-02	1.60807547e+00	8.56201662e-01	7.51873809e-01
12673           	5.21622048e-02	5.22907207e-02	1.60807170e+00	8.56198054e-01	7.51873645e-01
12674           	5.21608481e-02	5.22883645e-02	1.60806862e+00	8.56195158e-01	7.51873462e-01
12675           	5.21595110e-02	5.22860258e-02	1.60806530e+00	8.56192163e-01	7.51873141e-01
12676           	5.21586080e-02	5.22839727e-02	1.60806282e+00	8.56190016e-01	7.51872800e-01
12677           	5.21581669e-02	5.22822521e-02	1.60806124e+00	8.56188788e-01	7.51872454e-01
12678           	5.21582031e-02	5.22808788e-02	1.60806062e+00	8.56188515e-01	7.51872109e-01
12679           	5.21584737e-02	5.22796873e-02	1.60806017e+00	8.56188559e-01	7.51871612e-01
12680           	5.21591421e-02	5.22787370e-02	1.60806046e+00	8.56189370e-01	7.51871086e-01
12681           	5.21603320e-02	5.22781729e-02	1.60806179e+00	8.56191226e-01	7.51870562e-01
12682           	5.21620840e-02	5.22780370e-02	1.60806425e+00	8.56194208e-01	7.51870040e-01
12683           	5.21641121e-02	5.22781157e-02	1.60806695e+00	8.56197588e-01	7.51869363e-01
12684           	5.21665628e-02	5.22784808e-02	1.60807045e+00	8.56201788e-01	7.51868662e-01
12685           	5.21695798e-02	5.22793016e-02	1.60807511e+00	8.56207135e-01	7.51867976e-01
12686           	5.21729475e-02	5.22804127e-02	1.60808023e+00	8.56213064e-01	7.51867169e-01
12687           	5.21767274e-02	5.22818203e-02	1.60808619e+00	8.56219824e-01	7.51866369e-01
12688           	5.21810622e-02	5.22836945e-02	1.60809337e+00	8.56227746e-01	7.51865622e-01
12689           	5.21858138e-02	5.22859195e-02	1.60810122e+00	8.56236426e-01	7.51864798e-01
12690           	5.21909773e-02	5.22884505e-02	1.60810994e+00	8.56245949e-01	7.51863994e-01
12691           	5.21966857e-02	5.22914622e-02	1.60811990e+00	8.56256636e-01	7.51863264e-01
12692           	5.22028885e-02	5.22948938e-02	1.60813073e+00	8.56268256e-01	7.51862479e-01
12693           	5.22094718e-02	5.22986154e-02	1.60814234e+00	8.56280641e-01	7.51861697e-01
12694           	5.22164813e-02	5.23027470e-02	1.60815494e+00	8.56293950e-01	7.51860987e-01
12695           	5.22239693e-02	5.23072908e-02	1.60816841e+00	8.56308173e-01	7.51860234e-01
12696           	5.22317749e-02	5.23120785e-02	1.60818249e+00	8.56323018e-01	7.51859468e-01
12697           	5.22402135e-02	5.23174308e-02	1.60819783e+00	8.56339128e-01	7.51858701e-01
12698           	5.22505253e-02	5.23240231e-02	1.60821614e+00	8.56358595e-01	7.51857545e-01
12699           	5.22597732e-02	5.23301214e-02	1.60823334e+00	8.56376442e-01	7.51856895e-01
12700           	5.22684590e-02	5.23360034e-02	1.60824990e+00	8.56393407e-01	7.51856489e-01
12701           	5.22770806e-02	5.23419656e-02	1.60826650e+00	8.56410331e-01	7.51856170e-01
12702           	5.22861542e-02	5.23482996e-02	1.60828394e+00	8.56428122e-01	7.51855814e-01
12703           	5.22958524e-02	5.23550555e-02	1.60830237e+00	8.56447038e-01	7.51855333e-01
12704           	5.23054299e-02	5.23618507e-02	1.60832062e+00	8.56465739e-01	7.51854879e-01
12705           	5.23155421e-02	5.23690016e-02	1.60833977e+00	8.56485427e-01	7.51854343e-01
12706           	5.23264604e-02	5.23767287e-02	1.60836046e+00	8.56506690e-01	7.51853769e-01
12707           	5.23364466e-02	5.23839529e-02	1.60837951e+00	8.56526203e-01	7.51853310e-01
12708           	5.23468278e-02	5.23916035e-02	1.60839957e+00	8.56546612e-01	7.51852956e-01
12709           	5.23572545e-02	5.23993388e-02	1.60841973e+00	8.56567120e-01	7.51852611e-01
12710           	5.23675035e-02	5.24071114e-02	1.60843983e+00	8.56587420e-01	7.51852413e-01
12711           	5.23794305e-02	5.24161172e-02	1.60846374e+00	8.56611298e-01	7.51852437e-01
12712           	5.23879664e-02	5.24229826e-02	1.60848076e+00	8.56628347e-01	7.51852414e-01
12713           	5.23963859e-02	5.24298730e-02	1.60849777e+00	8.56645269e-01	7.51852498e-01
12714           	5.24040518e-02	5.24362890e-02	1.60851334e+00	8.56660721e-01	7.51852618e-01
12715           	5.24120761e-02	5.24428895e-02	1.60852969e+00	8.56676921e-01	7.51852768e-01
12716           	5.24198418e-02	5.24493975e-02	1.60854562e+00	8.56692650e-01	7.51852966e-01
12717           	5.24279183e-02	5.24560794e-02	1.60856232e+00	8.56709076e-01	7.51853240e-01
12718           	5.24367148e-02	5.24634112e-02	1.60858090e+00	8.56727165e-01	7.51853736e-01
12719           	5.24428674e-02	5.24689726e-02	1.60859391e+00	8.56739822e-01	7.51854087e-01
12720           	5.24479316e-02	5.24738127e-02	1.60860472e+00	8.56750293e-01	7.51854430e-01
12721           	5.24529724e-02	5.24786334e-02	1.60861568e+00	8.56760814e-01	7.51854869e-01
12722           	5.24572956e-02	5.24830913e-02	1.60862533e+00	8.56769958e-01	7.51855367e-01
12723           	5.24606581e-02	5.24869114e-02	1.60863306e+00	8.56777190e-01	7.51855874e-01
12724           	5.24638894e-02	5.24906594e-02	1.60864081e+00	8.56784295e-01	7.51856516e-01
12725           	5.24663598e-02	5.24940056e-02	1.60864713e+00	8.56789927e-01	7.51857208e-01
12726           	5.24676943e-02	5.24965572e-02	1.60865112e+00	8.56793253e-01	7.51857865e-01
12727           	5.24686160e-02	5.24988274e-02	1.60865452e+00	8.56795875e-01	7.51858643e-01
12728           	5.24685898e-02	5.25004751e-02	1.60865604e+00	8.56796608e-01	7.51859429e-01
12729           	5.24674534e-02	5.25013115e-02	1.60865516e+00	8.56795032e-01	7.51860125e-01
12730           	5.24657366e-02	5.25017261e-02	1.60865330e+00	8.56792387e-01	7.51860914e-01
12731           	5.24631000e-02	5.25014926e-02	1.60864957e+00	8.56787883e-01	7.51861683e-01
12732           	5.24595291e-02	5.25005379e-02	1.60864373e+00	8.56781395e-01	7.51862337e-01
12733           	5.24551271e-02	5.24989181e-02	1.60863605e+00	8.56773151e-01	7.51862897e-01
12734           	5.24501522e-02	5.24968523e-02	1.60862738e+00	8.56763842e-01	7.51863537e-01
12735           	5.24446520e-02	5.24944401e-02	1.60861763e+00	8.56753467e-01	7.51864163e-01
12736           	5.24385548e-02	5.24915177e-02	1.60860650e+00	8.56741804e-01	7.51864694e-01
12737           	5.24318771e-02	5.24881254e-02	1.60859429e+00	8.56729022e-01	7.51865268e-01
12738           	5.24248303e-02	5.24844896e-02	1.60858128e+00	8.56715472e-01	7.51865812e-01
12739           	5.24173992e-02	5.24804740e-02	1.60856728e+00	8.56701040e-01	7.51866241e-01
12740           	5.24096402e-02	5.24761186e-02	1.60855245e+00	8.56685864e-01	7.51866583e-01
12741           	5.24014076e-02	5.24713991e-02	1.60853677e+00	8.56669793e-01	7.51866978e-01
12742           	5.23929762e-02	5.24665231e-02	1.60852073e+00	8.56653340e-01	7.51867388e-01
12743           	5.23843866e-02	5.24614191e-02	1.60850426e+00	8.56636515e-01	7.51867742e-01
12744           	5.23753412e-02	5.24559323e-02	1.60848695e+00	8.56618817e-01	7.51868134e-01
12745           	5.23662431e-02	5.24503851e-02	1.60846956e+00	8.56601024e-01	7.51868538e-01
12746           	5.23572133e-02	5.24447624e-02	1.60845216e+00	8.56583295e-01	7.51868869e-01
12747           	5.23483639e-02	5.24391898e-02	1.60843502e+00	8.56565873e-01	7.51869145e-01
12748           	5.23390482e-02	5.24332122e-02	1.60841700e+00	8.56547550e-01	7.51869454e-01
12749           	5.23299166e-02	5.24273246e-02	1.60839939e+00	8.56529612e-01	7.51869778e-01
12750           	5.23210886e-02	5.24215657e-02	1.60838228e+00	8.56512231e-01	7.51870054e-01
12751           	5.23125171e-02	5.24159032e-02	1.60836564e+00	8.56495336e-01	7.51870302e-01
12752           	5.23034912e-02	5.24098216e-02	1.60834811e+00	8.56477547e-01	7.51870565e-01
12753           	5.22949117e-02	5.24040308e-02	1.60833151e+00	8.56460666e-01	7.51870843e-01
12754           	5.22866892e-02	5.23984040e-02	1.60831556e+00	8.56444471e-01	7.51871092e-01
12755           	5.22787864e-02	5.23929141e-02	1.60830023e+00	8.56428901e-01	7.51871328e-01
12756           	5.22712154e-02	5.23875914e-02	1.60828555e+00	8.56413991e-01	7.51871560e-01
12757           	5.22632541e-02	5.23818824e-02	1.60827008e+00	8.56398295e-01	7.51871786e-01
12758           	5.22558001e-02	5.23764878e-02	1.60825572e+00	8.56383659e-01	7.51872058e-01
12759           	5.22486656e-02	5.23712246e-02	1.60824198e+00	8.56369654e-01	7.51872323e-01
12760           	5.22419208e-02	5.23661610e-02	1.60822900e+00	8.56356419e-01	7.51872577e-01
12761           	5.22354891e-02	5.23612455e-02	1.60821665e+00	8.56343816e-01	7.51872837e-01
12762           	5.22293141e-02	5.23564370e-02	1.60820485e+00	8.56331740e-01	7.51873111e-01
12763           	5.22234184e-02	5.23517583e-02	1.60819362e+00	8.56320228e-01	7.51873391e-01
12764           	5.22171842e-02	5.23467135e-02	1.60818159e+00	8.56307980e-01	7.51873612e-01
12765           	5.22114807e-02	5.23420249e-02	1.60817074e+00	8.56296853e-01	7.51873891e-01
12766           	5.22060809e-02	5.23374756e-02	1.60816046e+00	8.56286312e-01	7.51874150e-01
12767           	5.22010477e-02	5.23331181e-02	1.60815085e+00	8.56276474e-01	7.51874378e-01
12768           	5.21963498e-02	5.23289342e-02	1.60814188e+00	8.56267289e-01	7.51874589e-01
12769           	5.21919693e-02	5.23249104e-02	1.60813351e+00	8.56258726e-01	7.51874787e-01
12770           	5.21878979e-02	5.23210390e-02	1.60812573e+00	8.56250761e-01	7.51874965e-01
12771           	5.21835809e-02	5.23168501e-02	1.60811716e+00	8.56242163e-01	7.51875001e-01
12772           	5.21796901e-02	5.23129630e-02	1.60810959e+00	8.56234487e-01	7.51875107e-01
12773           	5.21761077e-02	5.23092349e-02	1.60810260e+00	8.56227405e-01	7.51875190e-01
12774           	5.21728920e-02	5.23057175e-02	1.60809627e+00	8.56221027e-01	7.51875243e-01
12775           	5.21700177e-02	5.23024017e-02	1.60809057e+00	8.56215305e-01	7.51875269e-01
12776           	5.21670795e-02	5.22989184e-02	1.60808435e+00	8.56209255e-01	7.51875096e-01
12777           	5.21645892e-02	5.22957815e-02	1.60807915e+00	8.56204164e-01	7.51874986e-01
12778           	5.21625286e-02	5.22929173e-02	1.60807476e+00	8.56199907e-01	7.51874850e-01
12779           	5.21609288e-02	5.22903584e-02	1.60807125e+00	8.56196554e-01	7.51874696e-01
12780           	5.21597694e-02	5.22880971e-02	1.60806857e+00	8.56194057e-01	7.51874518e-01
12781           	5.21586536e-02	5.22857613e-02	1.60806551e+00	8.56191410e-01	7.51874103e-01
12782           	5.21579749e-02	5.22838054e-02	1.60806349e+00	8.56189719e-01	7.51873769e-01
12783           	5.21577976e-02	5.22822181e-02	1.60806245e+00	8.56189022e-01	7.51873427e-01
12784           	5.21580647e-02	5.22809514e-02	1.60806228e+00	8.56189205e-01	7.51873076e-01
12785           	5.21584900e-02	5.22797225e-02	1.60806196e+00	8.56189469e-01	7.51872489e-01
12786           	5.21593915e-02	5.22789259e-02	1.60806276e+00	8.56190772e-01	7.51871989e-01
12787           	5.21608814e-02	5.22785800e-02	1.60806474e+00	8.56193250e-01	7.51871487e-01
12788           	5.21626652e-02	5.22783748e-02	1.60806686e+00	8.56196095e-01	7.51870765e-01
12789           	5.21649497e-02	5.22786221e-02	1.60807018e+00	8.56200040e-01	7.51870141e-01
12790           	5.21678498e-02	5.22793477e-02	1.60807479e+00	8.56205246e-01	7.51869546e-01
12791           	5.21710932e-02	5.22802532e-02	1.60807969e+00	8.56210939e-01	7.51868752e-01
12792           	5.21747941e-02	5.22815878e-02	1.60808571e+00	8.56217650e-01	7.51868062e-01
12793           	5.21790495e-02	5.22833699e-02	1.60809294e+00	8.56225520e-01	7.51867421e-01
12794           	5.21838073e-02	5.22854766e-02	1.60810081e+00	8.56234212e-01	7.51866597e-01
12795           	5.21889080e-02	5.22879287e-02	1.60810955e+00	8.56243685e-01	7.51865869e-01
12796           	5.21944474e-02	5.22907528e-02	1.60811931e+00	8.56254102e-01	7.51865207e-01
12797           	5.22005358e-02	5.22939395e-02	1.60812982e+00	8.56265447e-01	7.51864376e-01
12798           	5.22072479e-02	5.22976317e-02	1.60814139e+00	8.56277943e-01	7.51863447e-01
12799           	5.22142388e-02	5.23016235e-02	1.60815389e+00	8.56291181e-01	7.51862704e-01
12800           	5.22217524e-02	5.23060981e-02	1.60816744e+00	8.56305471e-01	7.51861966e-01
12801           	5.22298969e-02	5.23110582e-02	1.60818207e+00	8.56320931e-01	7.51861137e-01
12802           	5.22379353e-02	5.23161070e-02	1.60819700e+00	8.56336435e-01	7.51860565e-01
12803           	5.22464392e-02	5.23214622e-02	1.60821271e+00	8.56352797e-01	7.51859918e-01
12804           	5.22556022e-02	5.23273251e-02	1.60822960e+00	8.56370402e-01	7.51859198e-01
12805           	5.22646834e-02	5.23332761e-02	1.60824663e+00	8.56387999e-01	7.51858632e-01
12806           	5.22741409e-02	5.23395955e-02	1.60826447e+00	8.56406376e-01	7.51858095e-01
12807           	5.22843015e-02	5.23464306e-02	1.60828357e+00	8.56426087e-01	7.51857484e-01
12808           	5.22944052e-02	5.23533504e-02	1.60830267e+00	8.56445742e-01	7.51856931e-01
12809           	5.23047414e-02	5.23605332e-02	1.60832227e+00	8.56465878e-01	7.51856396e-01
12810           	5.23149059e-02	5.23677480e-02	1.60834178e+00	8.56485795e-01	7.51855983e-01
12811           	5.23273016e-02	5.23764387e-02	1.60836562e+00	8.56510113e-01	7.51855510e-01
12812           	5.23376216e-02	5.23839806e-02	1.60838573e+00	8.56530485e-01	7.51855242e-01
12813           	5.23476931e-02	5.23914595e-02	1.60840545e+00	8.56550418e-01	7.51855032e-01
12814           	5.23574379e-02	5.23988002e-02	1.60842457e+00	8.56569725e-01	7.51854850e-01
12815           	5.23669802e-02	5.24060986e-02	1.60844348e+00	8.56588718e-01	7.51854758e-01
12816           	5.23778675e-02	5.24142934e-02	1.60846522e+00	8.56610479e-01	7.51854744e-01
12817           	5.23864651e-02	5.24210532e-02	1.60848229e+00	8.56627608e-01	7.51854677e-01
12818           	5.23953379e-02	5.24279519e-02	1.60849987e+00	8.56645273e-01	7.51854597e-01
12819           	5.24044320e-02	5.24350987e-02	1.60851801e+00	8.56663435e-01	7.51854571e-01
12820           	5.24133749e-02	5.24421383e-02	1.60853596e+00	8.56681353e-01	7.51854603e-01
12821           	5.24244084e-02	5.24507346e-02	1.60855890e+00	8.56703860e-01	7.51855044e-01
12822           	5.24316728e-02	5.24568609e-02	1.60857374e+00	8.56718542e-01	7.51855196e-01
12823           	5.24385708e-02	5.24627811e-02	1.60858801e+00	8.56732575e-01	7.51855433e-01
12824           	5.24445063e-02	5.24681557e-02	1.60860040e+00	8.56744706e-01	7.51855694e-01
12825           	5.24506618e-02	5.24738636e-02	1.60861373e+00	8.56757528e-01	7.51856205e-01
12826           	5.24562061e-02	5.24791031e-02	1.60862575e+00	8.56769082e-01	7.51856670e-01
12827           	5.24608789e-02	5.24837772e-02	1.60863604e+00	8.56778900e-01	7.51857142e-01
12828           	5.24656333e-02	5.24886877e-02	1.60864707e+00	8.56789170e-01	7.51857903e-01
12829           	5.24695917e-02	5.24929664e-02	1.60865644e+00	8.56797813e-01	7.51858629e-01
12830           	5.24722414e-02	5.24963247e-02	1.60866309e+00	8.56803785e-01	7.51859302e-01
12831           	5.24745687e-02	5.24995978e-02	1.60866962e+00	8.56809378e-01	7.51860240e-01
12832           	5.24758994e-02	5.25021080e-02	1.60867395e+00	8.56812877e-01	7.51861078e-01
12833           	5.24758939e-02	5.25036682e-02	1.60867541e+00	8.56813600e-01	7.51861812e-01
12834           	5.24753329e-02	5.25049764e-02	1.60867618e+00	8.56813422e-01	7.51862756e-01
12835           	5.24737126e-02	5.25054238e-02	1.60867452e+00	8.56810974e-01	7.51863548e-01
12836           	5.24710169e-02	5.25051026e-02	1.60867046e+00	8.56806245e-01	7.51864211e-01
12837           	5.24677202e-02	5.25044829e-02	1.60866553e+00	8.56800485e-01	7.51865044e-01
12838           	5.24635624e-02	5.25031170e-02	1.60865858e+00	8.56792850e-01	7.51865726e-01
12839           	5.24586036e-02	5.25011303e-02	1.60864973e+00	8.56783470e-01	7.51866263e-01
12840           	5.24530742e-02	5.24988174e-02	1.60864004e+00	8.56773094e-01	7.51866945e-01
12841           	5.24468972e-02	5.24958777e-02	1.60862878e+00	8.56761288e-01	7.51867493e-01
12842           	5.24402177e-02	5.24925002e-02	1.60861625e+00	8.56748345e-01	7.51867910e-01
12843           	5.24330366e-02	5.24888196e-02	1.60860300e+00	8.56734537e-01	7.51868464e-01
12844           	5.24254129e-02	5.24846598e-02	1.60858865e+00	8.56719740e-01	7.51868914e-01
12845           	5.24175520e-02	5.24802550e-02	1.60857362e+00	8.56704360e-01	7.51869256e-01
12846           	5.24092323e-02	5.24755767e-02	1.60855794e+00	8.56688203e-01	7.51869738e-01
12847           	5.24006131e-02	5.24705394e-02	1.60854151e+00	8.56671367e-01	7.51870141e-01
12848           	5.23919536e-02	5.24654084e-02	1.60852482e+00	8.56654364e-01	7.51870457e-01
12849           	5.23832165e-02	5.24601557e-02	1.60850792e+00	8.56637176e-01	7.51870743e-01
12850           	5.23739496e-02	5.24545835e-02	1.60849030e+00	8.56619101e-01	7.51871202e-01
12851           	5.23646688e-02	5.24489004e-02	1.60847249e+00	8.56600916e-01	7.51871578e-01
12852           	5.23554692e-02	5.24431947e-02	1.60845477e+00	8.56582852e-01	7.51871913e-01
12853           	5.23458329e-02	5.24371874e-02	1.60843639e+00	8.56564029e-01	7.51872363e-01
12854           	5.23363547e-02	5.24311438e-02	1.60841811e+00	8.56545411e-01	7.51872702e-01
12855           	5.23271788e-02	5.24251995e-02	1.60840029e+00	8.56527325e-01	7.51872967e-01
12856           	5.23182513e-02	5.24193162e-02	1.60838289e+00	8.56509694e-01	7.51873192e-01
12857           	5.23090165e-02	5.24132203e-02	1.60836503e+00	8.56491530e-01	7.51873497e-01
12858           	5.23001369e-02	5.24072278e-02	1.60834769e+00	8.56473981e-01	7.51873707e-01
12859           	5.22916138e-02	5.24013945e-02	1.60833101e+00	8.56457119e-01	7.51873891e-01
12860           	5.22834106e-02	5.23956968e-02	1.60831496e+00	8.56440892e-01	7.51874071e-01
12861           	5.22755358e-02	5.23901663e-02	1.60829959e+00	8.56425332e-01	7.51874261e-01
12862           	5.22673324e-02	5.23844048e-02	1.60828374e+00	8.56409202e-01	7.51874537e-01
12863           	5.22596042e-02	5.23788519e-02	1.60826872e+00	8.56393964e-01	7.51874756e-01
12864           	5.22522940e-02	5.23735314e-02	1.60825454e+00	8.56379563e-01	7.51874975e-01
12865           	5.22453565e-02	5.23684019e-02	1.60824113e+00	8.56365923e-01	7.51875210e-01
12866           	5.22387325e-02	5.23634147e-02	1.60822840e+00	8.56352933e-01	7.51875468e-01
12867           	5.22323761e-02	5.23585371e-02	1.60821625e+00	8.56340503e-01	7.51875751e-01
12868           	5.22258117e-02	5.23534919e-02	1.60820374e+00	8.56327684e-01	7.51876061e-01
12869           	5.22197795e-02	5.23487088e-02	1.60819220e+00	8.56315878e-01	7.51876319e-01
12870           	5.22140874e-02	5.23440893e-02	1.60818131e+00	8.56304744e-01	7.51876569e-01
12871           	5.22087310e-02	5.23396229e-02	1.60817109e+00	8.56294275e-01	7.51876813e-01
12872           	5.22037164e-02	5.23353156e-02	1.60816152e+00	8.56284477e-01	7.51877044e-01
12873           	5.21990065e-02	5.23311475e-02	1.60815256e+00	8.56275287e-01	7.51877274e-01
12874           	5.21945761e-02	5.23271077e-02	1.60814416e+00	8.56266657e-01	7.51877505e-01
12875           	5.21904140e-02	5.23231963e-02	1.60813627e+00	8.56258551e-01	7.51877723e-01
12876           	5.21859973e-02	5.23190641e-02	1.60812775e+00	8.56249872e-01	7.51877878e-01
12877           	5.21819500e-02	5.23151078e-02	1.60811989e+00	8.56241893e-01	7.51877993e-01
12878           	5.21781865e-02	5.23112951e-02	1.60811254e+00	8.56234456e-01	7.51878083e-01
12879           	5.21747812e-02	5.23076776e-02	1.60810585e+00	8.56227707e-01	7.51878144e-01
12880           	5.21717130e-02	5.23042426e-02	1.60809979e+00	8.56221606e-01	7.51878180e-01
12881           	5.21689852e-02	5.23009948e-02	1.60809434e+00	8.56216156e-01	7.51878186e-01
12882           	5.21662129e-02	5.22976662e-02	1.60808852e+00	8.56210475e-01	7.51878049e-01
12883           	5.21639037e-02	5.22945930e-02	1.60808355e+00	8.56205677e-01	7.51877870e-01
12884           	5.21620482e-02	5.22918131e-02	1.60807943e+00	8.56201762e-01	7.51877666e-01
12885           	5.21606749e-02	5.22893572e-02	1.60807624e+00	8.56198797e-01	7.51877447e-01
12886           	5.21594000e-02	5.22869504e-02	1.60807297e+00	8.56195885e-01	7.51877085e-01
12887           	5.21585654e-02	5.22848212e-02	1.60807057e+00	8.56193852e-01	7.51876721e-01
12888           	5.21582477e-02	5.22830758e-02	1.60806924e+00	8.56192868e-01	7.51876373e-01
12889           	5.21584566e-02	5.22817299e-02	1.60806900e+00	8.56192957e-01	7.51876043e-01
12890           	5.21588182e-02	5.22805103e-02	1.60806880e+00	8.56193219e-01	7.51875582e-01
12891           	5.21595928e-02	5.22795706e-02	1.60806942e+00	8.56194304e-01	7.51875118e-01
12892           	5.21609305e-02	5.22790681e-02	1.60807118e+00	8.56196522e-01	7.51874661e-01
12893           	5.21625421e-02	5.22787889e-02	1.60807323e+00	8.56199156e-01	7.51874072e-01
12894           	5.21646138e-02	5.22788267e-02	1.60807620e+00	8.56202715e-01	7.51873487e-01
12895           	5.21672856e-02	5.22793318e-02	1.60808041e+00	8.56207491e-01	7.51872920e-01
12896           	5.21704192e-02	5.22802184e-02	1.60808528e+00	8.56213061e-01	7.51872223e-01
12897           	5.21739466e-02	5.22813652e-02	1.60809094e+00	8.56219415e-01	7.51871522e-01
12898           	5.21779860e-02	5.22829187e-02	1.60809769e+00	8.56226829e-01	7.51870857e-01
12899           	5.21824859e-02	5.22848567e-02	1.60810513e+00	8.56235053e-01	7.51870081e-01
12900           	5.21874607e-02	5.22871433e-02	1.60811351e+00	8.56244215e-01	7.51869294e-01
12901           	5.21928342e-02	5.22897642e-02	1.60812280e+00	8.56254235e-01	7.51868566e-01
12902           	5.21986821e-02	5.22927838e-02	1.60813288e+00	8.56265122e-01	7.51867758e-01
12903           	5.22049933e-02	5.22961512e-02	1.60814387e+00	8.56276927e-01	7.51866940e-01
12904           	5.22117689e-02	5.22999155e-02	1.60815573e+00	8.56289634e-01	7.51866097e-01
12905           	5.22194182e-02	5.23041893e-02	1.60816851e+00	8.56303675e-01	7.51864838e-01
12906           	5.22274787e-02	5.23089436e-02	1.60818277e+00	8.56318861e-01	7.51863904e-01
12907           	5.22357106e-02	5.23140535e-02	1.60819811e+00	8.56334768e-01	7.51863346e-01
12908           	5.22441992e-02	5.23194021e-02	1.60821410e+00	8.56351248e-01	7.51862850e-01
12909           	5.22526584e-02	5.23248407e-02	1.60823030e+00	8.56367806e-01	7.51862490e-01
12910           	5.22612813e-02	5.23305043e-02	1.60824688e+00	8.56384719e-01	7.51862156e-01
12911           	5.22705747e-02	5.23367399e-02	1.60826462e+00	8.56402887e-01	7.51861737e-01
12912           	5.22804008e-02	5.23433175e-02	1.60828313e+00	8.56421968e-01	7.51861166e-01
12913           	5.22904602e-02	5.23500864e-02	1.60830198e+00	8.56441448e-01	7.51860528e-01
12914           	5.23010915e-02	5.23573249e-02	1.60832192e+00	8.56462052e-01	7.51859869e-01
12915           	5.23116901e-02	5.23646449e-02	1.60834190e+00	8.56482642e-01	7.51859261e-01
12916           	5.23218534e-02	5.23717462e-02	1.60836117e+00	8.56502436e-01	7.51858730e-01
12917           	5.23321230e-02	5.23790853e-02	1.60838092e+00	8.56522582e-01	7.51858336e-01
12918           	5.23429333e-02	5.23868313e-02	1.60840168e+00	8.56543775e-01	7.51857908e-01
12919           	5.23534929e-02	5.23946226e-02	1.60842230e+00	8.56564641e-01	7.51857655e-01
12920           	5.23651179e-02	5.24032038e-02	1.60844514e+00	8.56587689e-01	7.51857453e-01
12921           	5.23748792e-02	5.24106318e-02	1.60846442e+00	8.56607088e-01	7.51857330e-01
12922           	5.23843729e-02	5.24180038e-02	1.60848345e+00	8.56626097e-01	7.51857351e-01
12923           	5.23945202e-02	5.24257983e-02	1.60850393e+00	8.56646484e-01	7.51857443e-01
12924           	5.24028281e-02	5.24324182e-02	1.60852063e+00	8.56663143e-01	7.51857487e-01
12925           	5.24113629e-02	5.24393054e-02	1.60853808e+00	8.56680403e-01	7.51857677e-01
12926           	5.24199509e-02	5.24461965e-02	1.60855572e+00	8.56697812e-01	7.51857910e-01
12927           	5.24282144e-02	5.24529754e-02	1.60857287e+00	8.56714649e-01	7.51858220e-01
12928           	5.24369453e-02	5.24601184e-02	1.60859125e+00	8.56732570e-01	7.51858679e-01
12929           	5.24437700e-02	5.24659835e-02	1.60860546e+00	8.56746498e-01	7.51858958e-01
12930           	5.24500521e-02	5.24716289e-02	1.60861890e+00	8.56759504e-01	7.51859400e-01
12931           	5.24569113e-02	5.24777601e-02	1.60863400e+00	8.56773909e-01	7.51860087e-01
12932           	5.24613102e-02	5.24822124e-02	1.60864368e+00	8.56783151e-01	7.51860531e-01
12933           	5.24652748e-02	5.24863705e-02	1.60865264e+00	8.56791597e-01	7.51861047e-01
12934           	5.24687845e-02	5.24903230e-02	1.60866086e+00	8.56799213e-01	7.51861644e-01
12935           	5.24715839e-02	5.24937854e-02	1.60866773e+00	8.56805447e-01	7.51862279e-01
12936           	5.24741534e-02	5.24971537e-02	1.60867447e+00	8.56811389e-01	7.51863082e-01
12937           	5.24748313e-02	5.24991073e-02	1.60867694e+00	8.56813300e-01	7.51863638e-01
12938           	5.24751396e-02	5.25009753e-02	1.60867905e+00	8.56814664e-01	7.51864385e-01
12939           	5.24747613e-02	5.25023326e-02	1.60867976e+00	8.56814644e-01	7.51865121e-01
12940           	5.24733322e-02	5.25028965e-02	1.60867825e+00	8.56812456e-01	7.51865792e-01
12941           	5.24714403e-02	5.25032678e-02	1.60867617e+00	8.56809526e-01	7.51866645e-01
12942           	5.24686183e-02	5.25028903e-02	1.60867198e+00	8.56804610e-01	7.51867373e-01
12943           	5.24648116e-02	5.25017283e-02	1.60866564e+00	8.56797631e-01	7.51868007e-01
12944           	5.24604621e-02	5.25001918e-02	1.60865838e+00	8.56789651e-01	7.51868726e-01
12945           	5.24554618e-02	5.24981561e-02	1.60864981e+00	8.56780366e-01	7.51869443e-01
12946           	5.24496789e-02	5.24954730e-02	1.60863951e+00	8.56769433e-01	7.51870075e-01
12947           	5.24432948e-02	5.24923160e-02	1.60862777e+00	8.56757177e-01	7.51870588e-01
12948           	5.24363388e-02	5.24888630e-02	1.60861515e+00	8.56743913e-01	7.51871235e-01
12949           	5.24289143e-02	5.24849851e-02	1.60860139e+00	8.56729611e-01	7.51871782e-01
12950           	5.24211126e-02	5.24807921e-02	1.60858671e+00	8.56714466e-01	7.51872241e-01
12951           	5.24129460e-02	5.24762473e-02	1.60857111e+00	8.56698503e-01	7.51872611e-01
12952           	5.24041702e-02	5.24712925e-02	1.60855455e+00	8.56681444e-01	7.51873104e-01
12953           	5.23953691e-02	5.24661839e-02	1.60853767e+00	8.56664203e-01	7.51873465e-01
12954           	5.23864026e-02	5.24608521e-02	1.60852036e+00	8.56646582e-01	7.51873777e-01
12955           	5.23773380e-02	5.24553316e-02	1.60850277e+00	8.56628723e-01	7.51874047e-01
12956           	5.23678429e-02	5.24494548e-02	1.60848443e+00	8.56610060e-01	7.51874374e-01
12957           	5.23583197e-02	5.24434970e-02	1.60846604e+00	8.56591337e-01	7.51874698e-01
12958           	5.23487749e-02	5.24374302e-02	1.60844753e+00	8.56572542e-01	7.51874992e-01
12959           	5.23393815e-02	5.24314148e-02	1.60842927e+00	8.56554014e-01	7.51875251e-01
12960           	5.23301667e-02	5.24254662e-02	1.60841131e+00	8.56535821e-01	7.51875488e-01
12961           	5.23205392e-02	5.24191914e-02	1.60839261e+00	8.56516846e-01	7.51875768e-01
12962           	5.23114723e-02	5.24132279e-02	1.60837489e+00	8.56498916e-01	7.51875971e-01
12963           	5.23026962e-02	5.24073830e-02	1.60835768e+00	8.56481534e-01	7.51876142e-01
12964           	5.22942524e-02	5.24016794e-02	1.60834111e+00	8.56464806e-01	7.51876301e-01
12965           	5.22862132e-02	5.23961983e-02	1.60832537e+00	8.56448896e-01	7.51876470e-01
12966           	5.22784726e-02	5.23908686e-02	1.60831030e+00	8.56433625e-01	7.51876680e-01
12967           	5.22704010e-02	5.23853200e-02	1.60829482e+00	8.56417812e-01	7.51877010e-01
12968           	5.22627424e-02	5.23799340e-02	1.60828007e+00	8.56402778e-01	7.51877294e-01
12969           	5.22554081e-02	5.23746904e-02	1.60826597e+00	8.56388394e-01	7.51877578e-01
12970           	5.22483888e-02	5.23695773e-02	1.60825252e+00	8.56374647e-01	7.51877870e-01
12971           	5.22416423e-02	5.23645623e-02	1.60823963e+00	8.56361460e-01	7.51878175e-01
12972           	5.22351952e-02	5.23596798e-02	1.60822736e+00	8.56348874e-01	7.51878484e-01
12973           	5.22289733e-02	5.23548798e-02	1.60821554e+00	8.56336743e-01	7.51878796e-01
12974           	5.22229361e-02	5.23501352e-02	1.60820408e+00	8.56324977e-01	7.51879104e-01
12975           	5.22171236e-02	5.23454824e-02	1.60819302e+00	8.56313634e-01	7.51879387e-01
12976           	5.22114946e-02	5.23408889e-02	1.60818227e+00	8.56302630e-01	7.51879641e-01
12977           	5.22055592e-02	5.23360423e-02	1.60817081e+00	8.56290964e-01	7.51879846e-01
12978           	5.22001799e-02	5.23314698e-02	1.60816031e+00	8.56280333e-01	7.51879973e-01
12979           	5.21952632e-02	5.23271422e-02	1.60815065e+00	8.56270589e-01	7.51880063e-01
12980           	5.21907951e-02	5.23230459e-02	1.60814187e+00	8.56261728e-01	7.51880138e-01
12981           	5.21867101e-02	5.23191336e-02	1.60813384e+00	8.56253630e-01	7.51880209e-01
12982           	5.21829663e-02	5.23153862e-02	1.60812649e+00	8.56246209e-01	7.51880277e-01
12983           	5.21794935e-02	5.23117701e-02	1.60811968e+00	8.56239335e-01	7.51880348e-01
12984           	5.21758684e-02	5.23080113e-02	1.60811243e+00	8.56232086e-01	7.51880349e-01
12985           	5.21726763e-02	5.23045007e-02	1.60810605e+00	8.56225699e-01	7.51880346e-01
12986           	5.21698755e-02	5.23012368e-02	1.60810042e+00	8.56220087e-01	7.51880337e-01
12987           	5.21674529e-02	5.22982078e-02	1.60809555e+00	8.56215229e-01	7.51880323e-01
12988           	5.21653915e-02	5.22954010e-02	1.60809138e+00	8.56211081e-01	7.51880298e-01
12989           	5.21633002e-02	5.22925424e-02	1.60808689e+00	8.56206744e-01	7.51880144e-01
12990           	5.21616135e-02	5.22899147e-02	1.60808316e+00	8.56203193e-01	7.51879966e-01
12991           	5.21603864e-02	5.22876064e-02	1.60808032e+00	8.56200549e-01	7.51879776e-01
12992           	5.21595857e-02	5.22855884e-02	1.60807832e+00	8.56198746e-01	7.51879574e-01
12993           	5.21588571e-02	5.22836217e-02	1.60807617e+00	8.56196941e-01	7.51879227e-01
12994           	5.21585664e-02	5.22819331e-02	1.60807484e+00	8.56195985e-01	7.51878853e-01
12995           	5.21588260e-02	5.22806479e-02	1.60807457e+00	8.56196111e-01	7.51878459e-01
12996           	5.21595673e-02	5.22797053e-02	1.60807523e+00	8.56197184e-01	7.51878049e-01
12997           	5.21605367e-02	5.22789430e-02	1.60807602e+00	8.56198547e-01	7.51877474e-01
12998           	5.21620057e-02	5.22785183e-02	1.60807774e+00	8.56200878e-01	7.51876866e-01
12999           	5.21639800e-02	5.22784684e-02	1.60808048e+00	8.56204220e-01	7.51876260e-01
13000           	5.21662922e-02	5.22786951e-02	1.60808363e+00	8.56208105e-01	7.51875521e-01
13001           	5.21691205e-02	5.22792898e-02	1.60808782e+00	8.56213032e-01	7.51874791e-01
13002           	5.21724430e-02	5.22802672e-02	1.60809310e+00	8.56218991e-01	7.51874105e-01
13003           	5.21761535e-02	5.22815711e-02	1.60809895e+00	8.56225631e-01	7.51873324e-01
13004           	5.21803419e-02	5.22832286e-02	1.60810580e+00	8.56233244e-01	7.51872560e-01
13005           	5.21851252e-02	5.22853889e-02	1.60811397e+00	8.56242108e-01	7.51871858e-01
13006           	5.21903006e-02	5.22878832e-02	1.60812277e+00	8.56251683e-01	7.51871082e-01
13007           	5.21958766e-02	5.22906701e-02	1.60813237e+00	8.56262063e-01	7.51870310e-01
13008           	5.22020579e-02	5.22939767e-02	1.60814310e+00	8.56273608e-01	7.51869492e-01
13009           	5.22088778e-02	5.22976142e-02	1.60815426e+00	8.56286006e-01	7.51868250e-01
13010           	5.22159718e-02	5.23016824e-02	1.60816698e+00	8.56299463e-01	7.51867520e-01
13011           	5.22235347e-02	5.23061645e-02	1.60818082e+00	8.56313947e-01	7.51866877e-01
13012           	5.22314524e-02	5.23110072e-02	1.60819559e+00	8.56329250e-01	7.51866345e-01
13013           	5.22397091e-02	5.23161864e-02	1.60821111e+00	8.56345266e-01	7.51865848e-01
13014           	5.22486480e-02	5.23218240e-02	1.60822767e+00	8.56362481e-01	7.51865185e-01
13015           	5.22572899e-02	5.23274610e-02	1.60824404e+00	8.56379309e-01	7.51864729e-01
13016           	5.22662289e-02	5.23332510e-02	1.60826077e+00	8.56396616e-01	7.51864158e-01
13017           	5.22758787e-02	5.23395417e-02	1.60827863e+00	8.56415195e-01	7.51863438e-01
13018           	5.22855402e-02	5.23460132e-02	1.60829676e+00	8.56433919e-01	7.51862838e-01
13019           	5.22955807e-02	5.23528879e-02	1.60831565e+00	8.56453405e-01	7.51862244e-01
13020           	5.23054799e-02	5.23596980e-02	1.60833431e+00	8.56472633e-01	7.51861673e-01
13021           	5.23168304e-02	5.23675118e-02	1.60835571e+00	8.56494686e-01	7.51861025e-01
13022           	5.23264401e-02	5.23743728e-02	1.60837405e+00	8.56513463e-01	7.51860583e-01
13023           	5.23364907e-02	5.23816967e-02	1.60839344e+00	8.56533212e-01	7.51860230e-01
13024           	5.23473745e-02	5.23896187e-02	1.60841456e+00	8.56554655e-01	7.51859906e-01
13025           	5.23575435e-02	5.23971520e-02	1.60843440e+00	8.56574745e-01	7.51859658e-01
13026           	5.23677335e-02	5.24047451e-02	1.60845438e+00	8.56594923e-01	7.51859456e-01
13027           	5.23773158e-02	5.24120690e-02	1.60847342e+00	8.56614025e-01	7.51859393e-01
13028           	5.23888291e-02	5.24207001e-02	1.60849677e+00	8.56637214e-01	7.51859556e-01
13029           	5.23970108e-02	5.24272246e-02	1.60851322e+00	8.56653619e-01	7.51859597e-01
13030           	5.24050052e-02	5.24336952e-02	1.60852942e+00	8.56669716e-01	7.51859705e-01
13031           	5.24130288e-02	5.24401521e-02	1.60854570e+00	8.56685878e-01	7.51859820e-01
13032           	5.24213483e-02	5.24469184e-02	1.60856281e+00	8.56702751e-01	7.51860055e-01
13033           	5.24290421e-02	5.24532533e-02	1.60857866e+00	8.56718374e-01	7.51860289e-01
13034           	5.24365306e-02	5.24594951e-02	1.60859419e+00	8.56733626e-01	7.51860565e-01
13035           	5.24433343e-02	5.24654028e-02	1.60860854e+00	8.56747604e-01	7.51860936e-01
13036           	5.24488373e-02	5.24704702e-02	1.60862009e+00	8.56758880e-01	7.51861205e-01
13037           	5.24548221e-02	5.24759659e-02	1.60863310e+00	8.56771371e-01	7.51861727e-01
13038           	5.24590745e-02	5.24802866e-02	1.60864244e+00	8.56780293e-01	7.51862144e-01
13039           	5.24632097e-02	5.24846800e-02	1.60865206e+00	8.56789241e-01	7.51862822e-01
13040           	5.24665270e-02	5.24885056e-02	1.60865994e+00	8.56796496e-01	7.51863442e-01
13041           	5.24688707e-02	5.24916728e-02	1.60866590e+00	8.56801821e-01	7.51864080e-01
13042           	5.24702270e-02	5.24941419e-02	1.60866989e+00	8.56805174e-01	7.51864720e-01
13043           	5.24707155e-02	5.24960188e-02	1.60867215e+00	8.56806789e-01	7.51865358e-01
13044           	5.24710272e-02	5.24979076e-02	1.60867462e+00	8.56808338e-01	7.51866283e-01
13045           	5.24703504e-02	5.24990192e-02	1.60867486e+00	8.56807779e-01	7.51867079e-01
13046           	5.24688555e-02	5.24995651e-02	1.60867342e+00	8.56805563e-01	7.51867852e-01
13047           	5.24664295e-02	5.24994186e-02	1.60867001e+00	8.56801434e-01	7.51868575e-01
13048           	5.24634587e-02	5.24989723e-02	1.60866591e+00	8.56796416e-01	7.51869499e-01
13049           	5.24589908e-02	5.24971741e-02	1.60865755e+00	8.56787766e-01	7.51869784e-01
13050           	5.24544081e-02	5.24955242e-02	1.60864988e+00	8.56779348e-01	7.51870532e-01
13051           	5.24490505e-02	5.24932581e-02	1.60864054e+00	8.56769319e-01	7.51871218e-01
13052           	5.24431525e-02	5.24906364e-02	1.60863032e+00	8.56758311e-01	7.51872006e-01
13053           	5.24366111e-02	5.24873597e-02	1.60861816e+00	8.56745690e-01	7.51872468e-01
13054           	5.24292714e-02	5.24837597e-02	1.60860556e+00	8.56732050e-01	7.51873508e-01
13055           	5.24215906e-02	5.24796408e-02	1.60859122e+00	8.56717203e-01	7.51874022e-01
13056           	5.24135624e-02	5.24751203e-02	1.60857576e+00	8.56701441e-01	7.51874316e-01
13057           	5.24049563e-02	5.24701049e-02	1.60855909e+00	8.56684503e-01	7.51874590e-01
13058           	5.23966293e-02	5.24651546e-02	1.60854258e+00	8.56667917e-01	7.51874658e-01
13059           	5.23874767e-02	5.24596790e-02	1.60852475e+00	8.56649851e-01	7.51874897e-01
13060           	5.23783449e-02	5.24541074e-02	1.60850683e+00	8.56631761e-01	7.51875071e-01
13061           	5.23689393e-02	5.24483984e-02	1.60848862e+00	8.56613248e-01	7.51875369e-01
13062           	5.23594677e-02	5.24425522e-02	1.60847021e+00	8.56594574e-01	7.51875639e-01
13063           	5.23502492e-02	5.24367729e-02	1.60845223e+00	8.56576366e-01	7.51875868e-01
13064           	5.23413291e-02	5.24311353e-02	1.60843482e+00	8.56558739e-01	7.51876081e-01
13065           	5.23320924e-02	5.24252984e-02	1.60841706e+00	8.56540623e-01	7.51876438e-01
13066           	5.23229836e-02	5.24194154e-02	1.60839945e+00	8.56522710e-01	7.51876742e-01
13067           	5.23142123e-02	5.24136889e-02	1.60838247e+00	8.56505445e-01	7.51877020e-01
13068           	5.23051739e-02	5.24077647e-02	1.60836512e+00	8.56487733e-01	7.51877385e-01
13069           	5.22964442e-02	5.24019390e-02	1.60834821e+00	8.56470548e-01	7.51877660e-01
13070           	5.22881583e-02	5.23963243e-02	1.60833209e+00	8.56454202e-01	7.51877885e-01
13071           	5.22802349e-02	5.23908664e-02	1.60831664e+00	8.56438554e-01	7.51878084e-01
13072           	5.22721174e-02	5.23852631e-02	1.60830090e+00	8.56422567e-01	7.51878332e-01
13073           	5.22643749e-02	5.23797988e-02	1.60828578e+00	8.56407266e-01	7.51878517e-01
13074           	5.22569916e-02	5.23745012e-02	1.60827136e+00	8.56392673e-01	7.51878690e-01
13075           	5.22500078e-02	5.23694192e-02	1.60825774e+00	8.56378877e-01	7.51878862e-01
13076           	5.22433197e-02	5.23644795e-02	1.60824475e+00	8.56365696e-01	7.51879057e-01
13077           	5.22363407e-02	5.23593151e-02	1.60823130e+00	8.56351988e-01	7.51879307e-01
13078           	5.22298541e-02	5.23543873e-02	1.60821875e+00	8.56339227e-01	7.51879519e-01
13079           	5.22237287e-02	5.23496396e-02	1.60820693e+00	8.56327192e-01	7.51879735e-01
13080           	5.22179463e-02	5.23450514e-02	1.60819581e+00	8.56315853e-01	7.51879960e-01
13081           	5.22124527e-02	5.23405796e-02	1.60818529e+00	8.56305099e-01	7.51880193e-01
13082           	5.22072639e-02	5.23362447e-02	1.60817537e+00	8.56294951e-01	7.51880423e-01
13083           	5.22023333e-02	5.23320216e-02	1.60816598e+00	8.56285322e-01	7.51880655e-01
13084           	5.21972109e-02	5.23276256e-02	1.60815614e+00	8.56275280e-01	7.51880858e-01
13085           	5.21925986e-02	5.23234984e-02	1.60814723e+00	8.56266214e-01	7.51881016e-01
13086           	5.21883298e-02	5.23195525e-02	1.60813897e+00	8.56257817e-01	7.51881157e-01
13087           	5.21843835e-02	5.23157677e-02	1.60813134e+00	8.56250053e-01	7.51881286e-01
13088           	5.21807422e-02	5.23121312e-02	1.60812427e+00	8.56242877e-01	7.51881393e-01
13089           	5.21773638e-02	5.23086208e-02	1.60811770e+00	8.56236212e-01	7.51881484e-01
13090           	5.21738266e-02	5.23049509e-02	1.60811061e+00	8.56229130e-01	7.51881476e-01
13091           	5.21707182e-02	5.23015092e-02	1.60810431e+00	8.56222873e-01	7.51881436e-01
13092           	5.21679861e-02	5.22982910e-02	1.60809872e+00	8.56217345e-01	7.51881373e-01
13093           	5.21656547e-02	5.22953164e-02	1.60809389e+00	8.56212601e-01	7.51881292e-01
13094           	5.21637059e-02	5.22925703e-02	1.60808978e+00	8.56208595e-01	7.51881183e-01
13095           	5.21617436e-02	5.22897835e-02	1.60808535e+00	8.56204418e-01	7.51880931e-01
13096           	5.21602286e-02	5.22872715e-02	1.60808177e+00	8.56201116e-01	7.51880659e-01
13097           	5.21591777e-02	5.22850787e-02	1.60807911e+00	8.56198730e-01	7.51880375e-01
13098           	5.21585933e-02	5.22832183e-02	1.60807737e+00	8.56197277e-01	7.51880090e-01
13099           	5.21581643e-02	5.22814774e-02	1.60807565e+00	8.56195991e-01	7.51879663e-01
13100           	5.21581556e-02	5.22800032e-02	1.60807476e+00	8.56195537e-01	7.51879225e-01
13101           	5.21586593e-02	5.22789077e-02	1.60807490e+00	8.56196110e-01	7.51878791e-01
13102           	5.21594621e-02	5.22780528e-02	1.60807537e+00	8.56197146e-01	7.51878222e-01
13103           	5.21607278e-02	5.22775090e-02	1.60807678e+00	8.56199119e-01	7.51877663e-01
13104           	5.21625612e-02	5.22773962e-02	1.60807938e+00	8.56202249e-01	7.51877126e-01
13105           	5.21647958e-02	5.22776112e-02	1.60808252e+00	8.56206057e-01	7.51876465e-01
13106           	5.21674461e-02	5.22781111e-02	1.60808652e+00	8.56210706e-01	7.51875813e-01
13107           	5.21706303e-02	5.22790337e-02	1.60809166e+00	8.56216459e-01	7.51875199e-01
13108           	5.21742405e-02	5.22803146e-02	1.60809741e+00	8.56222948e-01	7.51874467e-01
13109           	5.21781820e-02	5.22818206e-02	1.60810383e+00	8.56230098e-01	7.51873734e-01
13110           	5.21825944e-02	5.22837164e-02	1.60811129e+00	8.56238240e-01	7.51873051e-01
13111           	5.21874896e-02	5.22860202e-02	1.60811951e+00	8.56247246e-01	7.51872267e-01
13112           	5.21927084e-02	5.22885452e-02	1.60812836e+00	8.56256891e-01	7.51871474e-01
13113           	5.21984464e-02	5.22915058e-02	1.60813814e+00	8.56267518e-01	7.51870625e-01
13114           	5.22049616e-02	5.22949273e-02	1.60814855e+00	8.56279236e-01	7.51869313e-01
13115           	5.22121445e-02	5.22989904e-02	1.60816087e+00	8.56292580e-01	7.51868291e-01
13116           	5.22197350e-02	5.23034729e-02	1.60817452e+00	8.56306993e-01	7.51867523e-01
13117           	5.22276841e-02	5.23083289e-02	1.60818928e+00	8.56322323e-01	7.51866955e-01
13118           	5.22357747e-02	5.23133735e-02	1.60820466e+00	8.56338105e-01	7.51866555e-01
13119           	5.22443537e-02	5.23187268e-02	1.60822070e+00	8.56354703e-01	7.51865996e-01
13120           	5.22529782e-02	5.23242282e-02	1.60823698e+00	8.56371469e-01	7.51865512e-01
13121           	5.22616961e-02	5.23299143e-02	1.60825349e+00	8.56388440e-01	7.51865048e-01
13122           	5.22704171e-02	5.23356773e-02	1.60826995e+00	8.56405394e-01	7.51864560e-01
13123           	5.22793375e-02	5.23416607e-02	1.60828672e+00	8.56422697e-01	7.51864022e-01
13124           	5.22886048e-02	5.23479715e-02	1.60830405e+00	8.56440630e-01	7.51863420e-01
13125           	5.22980437e-02	5.23544489e-02	1.60832164e+00	8.56458862e-01	7.51862775e-01
13126           	5.23077371e-02	5.23611624e-02	1.60833969e+00	8.56477582e-01	7.51862108e-01
13127           	5.23177592e-02	5.23681848e-02	1.60835842e+00	8.56496969e-01	7.51861451e-01
13128           	5.23281353e-02	5.23755551e-02	1.60837795e+00	8.56517112e-01	7.51860841e-01
13129           	5.23386098e-02	5.23830828e-02	1.60839787e+00	8.56537545e-01	7.51860326e-01
13130           	5.23490999e-02	5.23907197e-02	1.60841804e+00	8.56558120e-01	7.51859920e-01
13131           	5.23595039e-02	5.23984013e-02	1.60843826e+00	8.56578635e-01	7.51859627e-01
13132           	5.23697322e-02	5.24060678e-02	1.60845836e+00	8.56598911e-01	7.51859447e-01
13133           	5.23795760e-02	5.24135600e-02	1.60847793e+00	8.56618539e-01	7.51859388e-01
13134           	5.23890517e-02	5.24208907e-02	1.60849698e+00	8.56637539e-01	7.51859436e-01
13135           	5.23981895e-02	5.24280851e-02	1.60851553e+00	8.56655955e-01	7.51859576e-01
13136           	5.24069806e-02	5.24351343e-02	1.60853354e+00	8.56673752e-01	7.51859791e-01
13137           	5.24152908e-02	5.24419340e-02	1.60855074e+00	8.56690659e-01	7.51860077e-01
13138           	5.24230941e-02	5.24484488e-02	1.60856702e+00	8.56706604e-01	7.51860416e-01
13139           	5.24303835e-02	5.24546655e-02	1.60858234e+00	8.56721555e-01	7.51860788e-01
13140           	5.24370903e-02	5.24605377e-02	1.60859656e+00	8.56735371e-01	7.51861190e-01
13141           	5.24431735e-02	5.24660177e-02	1.60860957e+00	8.56747960e-01	7.51861613e-01
13142           	5.24486209e-02	5.24710887e-02	1.60862135e+00	8.56759294e-01	7.51862052e-01
13143           	5.24534148e-02	5.24757368e-02	1.60863185e+00	8.56769340e-01	7.51862510e-01
13144           	5.24575351e-02	5.24799735e-02	1.60864106e+00	8.56778067e-01	7.51862996e-01
13145           	5.24609157e-02	5.24837369e-02	1.60864886e+00	8.56785346e-01	7.51863515e-01
13146           	5.24635293e-02	5.24869998e-02	1.60865519e+00	8.56791126e-01	7.51864068e-01
13147           	5.24654014e-02	5.24898049e-02	1.60866012e+00	8.56795461e-01	7.51864659e-01
13148           	5.24664658e-02	5.24920752e-02	1.60866350e+00	8.56798215e-01	7.51865284e-01
13149           	5.24666999e-02	5.24937748e-02	1.60866527e+00	8.56799337e-01	7.51865937e-01
13150           	5.24657240e-02	5.24946387e-02	1.60866440e+00	8.56797924e-01	7.51866476e-01
13151           	5.24640338e-02	5.24949297e-02	1.60866195e+00	8.56795010e-01	7.51866942e-01
13152           	5.24620683e-02	5.24951454e-02	1.60865950e+00	8.56791817e-01	7.51867681e-01
13153           	5.24594957e-02	5.24948878e-02	1.60865577e+00	8.56787378e-01	7.51868387e-01
13154           	5.24559431e-02	5.24938607e-02	1.60864989e+00	8.56780887e-01	7.51869001e-01
13155           	5.24518339e-02	5.24925182e-02	1.60864332e+00	8.56773492e-01	7.51869824e-01
13156           	5.24470483e-02	5.24906253e-02	1.60863517e+00	8.56764635e-01	7.51870538e-01
13157           	5.24414921e-02	5.24881147e-02	1.60862528e+00	8.56754130e-01	7.51871146e-01
13158           	5.24353046e-02	5.24852245e-02	1.60861440e+00	8.56742504e-01	7.51871894e-01
13159           	5.24285946e-02	5.24818802e-02	1.60860219e+00	8.56729688e-01	7.51872499e-01
13160           	5.24213864e-02	5.24780907e-02	1.60858871e+00	8.56715741e-01	7.51872968e-01
13161           	5.24135948e-02	5.24739154e-02	1.60857425e+00	8.56700718e-01	7.51873528e-01
13162           	5.24054743e-02	5.24693937e-02	1.60855884e+00	8.56684896e-01	7.51873947e-01
13163           	5.23971444e-02	5.24646007e-02	1.60854276e+00	8.56668525e-01	7.51874237e-01
13164           	5.23884394e-02	5.24595748e-02	1.60852608e+00	8.56651479e-01	7.51874600e-01
13165           	5.23795374e-02	5.24542652e-02	1.60850880e+00	8.56633935e-01	7.51874861e-01
13166           	5.23706379e-02	5.24488195e-02	1.60849135e+00	8.56616314e-01	7.51875038e-01
13167           	5.23614174e-02	5.24431542e-02	1.60847344e+00	8.56598139e-01	7.51875304e-01
13168           	5.23521827e-02	5.24373432e-02	1.60845537e+00	8.56579869e-01	7.51875504e-01
13169           	5.23431541e-02	5.24315686e-02	1.60843763e+00	8.56561971e-01	7.51875663e-01
13170           	5.23338858e-02	5.24256454e-02	1.60841961e+00	8.56543692e-01	7.51875921e-01
13171           	5.23247728e-02	5.24197198e-02	1.60840181e+00	8.56525680e-01	7.51876134e-01
13172           	5.23161102e-02	5.24140570e-02	1.60838486e+00	8.56508542e-01	7.51876321e-01
13173           	5.23077501e-02	5.24085499e-02	1.60836854e+00	8.56492019e-01	7.51876519e-01
13174           	5.22990277e-02	5.24028007e-02	1.60835173e+00	8.56474892e-01	7.51876837e-01
13175           	5.22906561e-02	5.23971959e-02	1.60833552e+00	8.56458416e-01	7.51877104e-01
13176           	5.22826067e-02	5.23917437e-02	1.60831994e+00	8.56442579e-01	7.51877366e-01
13177           	5.22748309e-02	5.23863977e-02	1.60830492e+00	8.56427291e-01	7.51877629e-01
13178           	5.22667880e-02	5.23808547e-02	1.60828948e+00	8.56411527e-01	7.51877951e-01
13179           	5.22591512e-02	5.23754572e-02	1.60827471e+00	8.56396507e-01	7.51878205e-01
13180           	5.22518507e-02	5.23701966e-02	1.60826057e+00	8.56382137e-01	7.51878436e-01
13181           	5.22449538e-02	5.23651356e-02	1.60824720e+00	8.56368555e-01	7.51878647e-01
13182           	5.22383699e-02	5.23602096e-02	1.60823445e+00	8.56355597e-01	7.51878857e-01
13183           	5.22320337e-02	5.23553753e-02	1.60822222e+00	8.56343142e-01	7.51879074e-01
13184           	5.22254611e-02	5.23503468e-02	1.60820952e+00	8.56330221e-01	7.51879299e-01
13185           	5.22193969e-02	5.23455656e-02	1.60819774e+00	8.56318269e-01	7.51879475e-01
13186           	5.22136688e-02	5.23409463e-02	1.60818662e+00	8.56306980e-01	7.51879643e-01
13187           	5.22083338e-02	5.23365339e-02	1.60817627e+00	8.56296468e-01	7.51879800e-01
13188           	5.22033134e-02	5.23322720e-02	1.60816655e+00	8.56286588e-01	7.51879961e-01
13189           	5.21985854e-02	5.23281507e-02	1.60815744e+00	8.56277306e-01	7.51880135e-01
13190           	5.21941780e-02	5.23242008e-02	1.60814898e+00	8.56268669e-01	7.51880313e-01
13191           	5.21895700e-02	5.23200777e-02	1.60814005e+00	8.56259595e-01	7.51880455e-01
13192           	5.21853847e-02	5.23161700e-02	1.60813192e+00	8.56251346e-01	7.51880576e-01
13193           	5.21815255e-02	5.23124363e-02	1.60812441e+00	8.56243732e-01	7.51880681e-01
13194           	5.21779900e-02	5.23088737e-02	1.60811753e+00	8.56236755e-01	7.51880776e-01
13195           	5.21747716e-02	5.23054763e-02	1.60811126e+00	8.56230402e-01	7.51880859e-01
13196           	5.21718637e-02	5.23022400e-02	1.60810556e+00	8.56224644e-01	7.51880917e-01
13197           	5.21688325e-02	5.22988690e-02	1.60809938e+00	8.56218524e-01	7.51880859e-01
13198           	5.21662049e-02	5.22957113e-02	1.60809394e+00	8.56213175e-01	7.51880766e-01
13199           	5.21639736e-02	5.22927926e-02	1.60808922e+00	8.56208585e-01	7.51880638e-01
13200           	5.21621568e-02	5.22901376e-02	1.60808529e+00	8.56204800e-01	7.51880486e-01
13201           	5.21603999e-02	5.22875033e-02	1.60808118e+00	8.56200992e-01	7.51880192e-01
13202           	5.21590805e-02	5.22851295e-02	1.60807791e+00	8.56198035e-01	7.51879874e-01
13203           	5.21582674e-02	5.22831121e-02	1.60807564e+00	8.56196085e-01	7.51879550e-01
13204           	5.21579786e-02	5.22814766e-02	1.60807441e+00	8.56195185e-01	7.51879228e-01
13205           	5.21578388e-02	5.22799501e-02	1.60807321e+00	8.56194442e-01	7.51878765e-01
13206           	5.21581380e-02	5.22787172e-02	1.60807287e+00	8.56194572e-01	7.51878296e-01
13207           	5.21589796e-02	5.22778977e-02	1.60807362e+00	8.56195792e-01	7.51877833e-01
13208           	5.21600626e-02	5.22772707e-02	1.60807461e+00	8.56197366e-01	7.51877241e-01
13209           	5.21616112e-02	5.22769684e-02	1.60807655e+00	8.56199885e-01	7.51876662e-01
13210           	5.21637560e-02	5.22771281e-02	1.60807973e+00	8.56203621e-01	7.51876109e-01
13211           	5.21662068e-02	5.22775322e-02	1.60808329e+00	8.56207853e-01	7.51875439e-01
13212           	5.21690924e-02	5.22782431e-02	1.60808774e+00	8.56212962e-01	7.51874777e-01
13213           	5.21725440e-02	5.22794081e-02	1.60809339e+00	8.56219237e-01	7.51874149e-01
13214           	5.21763054e-02	5.22808271e-02	1.60809943e+00	8.56226023e-01	7.51873412e-01
13215           	5.21804502e-02	5.22825185e-02	1.60810624e+00	8.56233569e-01	7.51872669e-01
13216           	5.21851323e-02	5.22846594e-02	1.60811420e+00	8.56242234e-01	7.51871969e-01
13217           	5.21901921e-02	5.22871108e-02	1.60812273e+00	8.56251558e-01	7.51871174e-01
13218           	5.21956677e-02	5.22898645e-02	1.60813206e+00	8.56261699e-01	7.51870364e-01
13219           	5.22017630e-02	5.22931420e-02	1.60814252e+00	8.56273022e-01	7.51869496e-01
13220           	5.22085503e-02	5.22967918e-02	1.60815346e+00	8.56285278e-01	7.51868177e-01
13221           	5.22157948e-02	5.23009135e-02	1.60816589e+00	8.56298741e-01	7.51867152e-01
13222           	5.22235374e-02	5.23055435e-02	1.60817981e+00	8.56313443e-01	7.51866368e-01
13223           	5.22314521e-02	5.23104101e-02	1.60819450e+00	8.56328700e-01	7.51865796e-01
13224           	5.22393464e-02	5.23154113e-02	1.60820959e+00	8.56344141e-01	7.51865448e-01
13225           	5.22481961e-02	5.23210791e-02	1.60822624e+00	8.56361316e-01	7.51864924e-01
13226           	5.22570292e-02	5.23268590e-02	1.60824305e+00	8.56378553e-01	7.51864494e-01
13227           	5.22656273e-02	5.23325560e-02	1.60825947e+00	8.56395363e-01	7.51864108e-01
13228           	5.22751500e-02	5.23388742e-02	1.60827727e+00	8.56413787e-01	7.51863487e-01
13229           	5.22839637e-02	5.23448712e-02	1.60829393e+00	8.56430930e-01	7.51863003e-01
13230           	5.22931707e-02	5.23511706e-02	1.60831115e+00	8.56448745e-01	7.51862403e-01
13231           	5.23023062e-02	5.23575109e-02	1.60832820e+00	8.56466405e-01	7.51861792e-01
13232           	5.23119831e-02	5.23643419e-02	1.60834626e+00	8.56485111e-01	7.51861144e-01
13233           	5.23229808e-02	5.23720540e-02	1.60836680e+00	8.56506381e-01	7.51860419e-01
13234           	5.23332488e-02	5.23794081e-02	1.60838611e+00	8.56526304e-01	7.51859806e-01
13235           	5.23433713e-02	5.23867488e-02	1.60840528e+00	8.56546012e-01	7.51859269e-01
13236           	5.23532345e-02	5.23940625e-02	1.60842436e+00	8.56565414e-01	7.51858945e-01
13237           	5.23643827e-02	5.24022622e-02	1.60844622e+00	8.56587492e-01	7.51858726e-01
13238           	5.23739884e-02	5.24095581e-02	1.60846524e+00	8.56606607e-01	7.51858630e-01
13239           	5.23831478e-02	5.24166446e-02	1.60848353e+00	8.56624914e-01	7.51858618e-01
13240           	5.23918154e-02	5.24235554e-02	1.60850116e+00	8.56642395e-01	7.51858764e-01
13241           	5.24010113e-02	5.24308539e-02	1.60852003e+00	8.56661028e-01	7.51859005e-01
13242           	5.24091966e-02	5.24375759e-02	1.60853694e+00	8.56677667e-01	7.51859274e-01
13243           	5.24171323e-02	5.24442166e-02	1.60855345e+00	8.56693858e-01	7.51859593e-01
13244           	5.24243036e-02	5.24503070e-02	1.60856831e+00	8.56708459e-01	7.51859852e-01
13245           	5.24316765e-02	5.24565969e-02	1.60858382e+00	8.56723586e-01	7.51860233e-01
13246           	5.24376229e-02	5.24619188e-02	1.60859625e+00	8.56735748e-01	7.51860503e-01
13247           	5.24434903e-02	5.24672145e-02	1.60860870e+00	8.56747839e-01	7.51860859e-01
13248           	5.24481810e-02	5.24717178e-02	1.60861868e+00	8.56757523e-01	7.51861161e-01
13249           	5.24519075e-02	5.24755776e-02	1.60862671e+00	8.56765261e-01	7.51861446e-01
13250           	5.24556531e-02	5.24796109e-02	1.60863520e+00	8.56773254e-01	7.51861948e-01
13251           	5.24586995e-02	5.24831636e-02	1.60864227e+00	8.56779835e-01	7.51862436e-01
13252           	5.24608977e-02	5.24861536e-02	1.60864770e+00	8.56784746e-01	7.51862951e-01
13253           	5.24622130e-02	5.24885653e-02	1.60865137e+00	8.56787900e-01	7.51863474e-01
13254           	5.24633147e-02	5.24909612e-02	1.60865514e+00	8.56790883e-01	7.51864253e-01
13255           	5.24629048e-02	5.24921654e-02	1.60865535e+00	8.56790580e-01	7.51864770e-01
13256           	5.24627184e-02	5.24937367e-02	1.60865686e+00	8.56791149e-01	7.51865712e-01
13257           	5.24610384e-02	5.24941526e-02	1.60865500e+00	8.56788538e-01	7.51866461e-01
13258           	5.24587519e-02	5.24941062e-02	1.60865212e+00	8.56784813e-01	7.51867309e-01
13259           	5.24557018e-02	5.24935299e-02	1.60864761e+00	8.56779504e-01	7.51868101e-01
13260           	5.24517174e-02	5.24922217e-02	1.60864100e+00	8.56772217e-01	7.51868783e-01
13261           	5.24470695e-02	5.24904211e-02	1.60863320e+00	8.56763671e-01	7.51869532e-01
13262           	5.24417589e-02	5.24881432e-02	1.60862386e+00	8.56753689e-01	7.51870171e-01
13263           	5.24357287e-02	5.24852899e-02	1.60861285e+00	8.56742153e-01	7.51870696e-01
13264           	5.24290573e-02	5.24818960e-02	1.60860033e+00	8.56729221e-01	7.51871106e-01
13265           	5.24218804e-02	5.24781558e-02	1.60858691e+00	8.56715333e-01	7.51871572e-01
13266           	5.24143013e-02	5.24740719e-02	1.60857253e+00	8.56700565e-01	7.51871962e-01
13267           	5.24064793e-02	5.24697580e-02	1.60855752e+00	8.56685241e-01	7.51872282e-01
13268           	5.23984343e-02	5.24651915e-02	1.60854195e+00	8.56669410e-01	7.51872541e-01
13269           	5.23898559e-02	5.24601784e-02	1.60852546e+00	8.56652587e-01	7.51872875e-01
13270           	5.23811874e-02	5.24550557e-02	1.60850875e+00	8.56635562e-01	7.51873187e-01
13271           	5.23724157e-02	5.24497632e-02	1.60849177e+00	8.56618303e-01	7.51873471e-01
13272           	5.23636109e-02	5.24443401e-02	1.60847467e+00	8.56600947e-01	7.51873725e-01
13273           	5.23544343e-02	5.24386111e-02	1.60845693e+00	8.56582901e-01	7.51874033e-01
13274           	5.23452868e-02	5.24328598e-02	1.60843924e+00	8.56564908e-01	7.51874334e-01
13275           	5.23363375e-02	5.24271976e-02	1.60842188e+00	8.56547277e-01	7.51874602e-01
13276           	5.23276305e-02	5.24216351e-02	1.60840495e+00	8.56530103e-01	7.51874842e-01
13277           	5.23191444e-02	5.24161451e-02	1.60838842e+00	8.56513355e-01	7.51875067e-01
13278           	5.23103343e-02	5.24103762e-02	1.60837132e+00	8.56495995e-01	7.51875326e-01
13279           	5.23017355e-02	5.24047138e-02	1.60835467e+00	8.56479071e-01	7.51875600e-01
13280           	5.22933869e-02	5.23991330e-02	1.60833849e+00	8.56462633e-01	7.51875859e-01
13281           	5.22854154e-02	5.23937402e-02	1.60832303e+00	8.56446929e-01	7.51876098e-01
13282           	5.22777164e-02	5.23884581e-02	1.60830810e+00	8.56431769e-01	7.51876336e-01
13283           	5.22696088e-02	5.23827872e-02	1.60829237e+00	8.56415795e-01	7.51876578e-01
13284           	5.22619290e-02	5.23773782e-02	1.60827753e+00	8.56400696e-01	7.51876838e-01
13285           	5.22545869e-02	5.23721195e-02	1.60826333e+00	8.56386254e-01	7.51877080e-01
13286           	5.22476504e-02	5.23670733e-02	1.60824991e+00	8.56372603e-01	7.51877303e-01
13287           	5.22410198e-02	5.23621667e-02	1.60823709e+00	8.56359563e-01	7.51877523e-01
13288           	5.22346231e-02	5.23573450e-02	1.60822475e+00	8.56346998e-01	7.51877752e-01
13289           	5.22279330e-02	5.23522072e-02	1.60821171e+00	8.56333790e-01	7.51877924e-01
13290           	5.22217573e-02	5.23474002e-02	1.60819980e+00	8.56321659e-01	7.51878144e-01
13291           	5.22159218e-02	5.23427509e-02	1.60818855e+00	8.56310194e-01	7.51878351e-01
13292           	5.22104880e-02	5.23383127e-02	1.60817805e+00	8.56299514e-01	7.51878538e-01
13293           	5.22053748e-02	5.23340305e-02	1.60816819e+00	8.56289470e-01	7.51878721e-01
13294           	5.22005364e-02	5.23298726e-02	1.60815889e+00	8.56279979e-01	7.51878906e-01
13295           	5.21960173e-02	5.23258775e-02	1.60815022e+00	8.56271125e-01	7.51879090e-01
13296           	5.21912768e-02	5.23216047e-02	1.60814089e+00	8.56261722e-01	7.51879169e-01
13297           	5.21870055e-02	5.23176581e-02	1.60813265e+00	8.56253332e-01	7.51879321e-01
13298           	5.21830704e-02	5.23138883e-02	1.60812505e+00	8.56245593e-01	7.51879452e-01
13299           	5.21794554e-02	5.23102902e-02	1.60811805e+00	8.56238480e-01	7.51879569e-01
13300           	5.21761501e-02	5.23068605e-02	1.60811164e+00	8.56231969e-01	7.51879669e-01
13301           	5.21727254e-02	5.23032258e-02	1.60810464e+00	8.56225047e-01	7.51879596e-01
13302           	5.21697486e-02	5.22999234e-02	1.60809867e+00	8.56219084e-01	7.51879587e-01
13303           	5.21671780e-02	5.22968621e-02	1.60809346e+00	8.56213907e-01	7.51879551e-01
13304           	5.21650137e-02	5.22940419e-02	1.60808900e+00	8.56209513e-01	7.51879486e-01
13305           	5.21632169e-02	5.22914462e-02	1.60808522e+00	8.56205827e-01	7.51879394e-01
13306           	5.21613951e-02	5.22887253e-02	1.60808096e+00	8.56201877e-01	7.51879087e-01
13307           	5.21599807e-02	5.22863331e-02	1.60807764e+00	8.56198802e-01	7.51878840e-01
13308           	5.21590139e-02	5.22842485e-02	1.60807518e+00	8.56196604e-01	7.51878576e-01
13309           	5.21585282e-02	5.22825084e-02	1.60807365e+00	8.56195354e-01	7.51878297e-01
13310           	5.21581327e-02	5.22807470e-02	1.60807185e+00	8.56194057e-01	7.51877791e-01
13311           	5.21581983e-02	5.22793858e-02	1.60807112e+00	8.56193759e-01	7.51877363e-01
13312           	5.21588089e-02	5.22784308e-02	1.60807147e+00	8.56194546e-01	7.51876928e-01
13313           	5.21596356e-02	5.22775596e-02	1.60807183e+00	8.56195551e-01	7.51876280e-01
13314           	5.21609731e-02	5.22771362e-02	1.60807339e+00	8.56197669e-01	7.51875723e-01
13315           	5.21629225e-02	5.22771817e-02	1.60807623e+00	8.56201035e-01	7.51875190e-01
13316           	5.21651741e-02	5.22773795e-02	1.60807927e+00	8.56204811e-01	7.51874462e-01
13317           	5.21679033e-02	5.22780073e-02	1.60808346e+00	8.56209632e-01	7.51873825e-01
13318           	5.21712130e-02	5.22790938e-02	1.60808888e+00	8.56215654e-01	7.51873228e-01
13319           	5.21748232e-02	5.22803350e-02	1.60809454e+00	8.56222095e-01	7.51872448e-01
13320           	5.21788404e-02	5.22819609e-02	1.60810117e+00	8.56229427e-01	7.51871746e-01
13321           	5.21833428e-02	5.22839154e-02	1.60810849e+00	8.56237589e-01	7.51870904e-01
13322           	5.21881833e-02	5.22860313e-02	1.60811560e+00	8.56245984e-01	7.51869617e-01
13323           	5.21936614e-02	5.22886980e-02	1.60812450e+00	8.56255911e-01	7.51868588e-01
13324           	5.21998497e-02	5.22919981e-02	1.60813528e+00	8.56267488e-01	7.51867788e-01
13325           	5.22064131e-02	5.22957586e-02	1.60814747e+00	8.56280150e-01	7.51867324e-01
13326           	5.22132733e-02	5.22998290e-02	1.60816027e+00	8.56293407e-01	7.51866861e-01
13327           	5.22204942e-02	5.23042499e-02	1.60817386e+00	8.56307423e-01	7.51866435e-01
13328           	5.22279547e-02	5.23088276e-02	1.60818778e+00	8.56321846e-01	7.51865937e-01
13329           	5.22355515e-02	5.23135314e-02	1.60820198e+00	8.56336543e-01	7.51865440e-01
13330           	5.22436501e-02	5.23186592e-02	1.60821705e+00	8.56352173e-01	7.51864873e-01
13331           	5.22524874e-02	5.23242180e-02	1.60823303e+00	8.56369004e-01	7.51864029e-01
13332           	5.22611911e-02	5.23298036e-02	1.60824894e+00	8.56385663e-01	7.51863281e-01
13333           	5.22702344e-02	5.23357165e-02	1.60826549e+00	8.56402978e-01	7.51862509e-01
13334           	5.22794347e-02	5.23418901e-02	1.60828248e+00	8.56420673e-01	7.51861804e-01
13335           	5.22897982e-02	5.23488664e-02	1.60830147e+00	8.56440533e-01	7.51860937e-01
13336           	5.22991282e-02	5.23554121e-02	1.60831894e+00	8.56458600e-01	7.51860343e-01
13337           	5.23087193e-02	5.23621270e-02	1.60833689e+00	8.56477167e-01	7.51859728e-01
13338           	5.23191458e-02	5.23694590e-02	1.60835650e+00	8.56497393e-01	7.51859102e-01
13339           	5.23287741e-02	5.23764017e-02	1.60837482e+00	8.56516185e-01	7.51858637e-01
13340           	5.23388756e-02	5.23838296e-02	1.60839435e+00	8.56536049e-01	7.51858298e-01
13341           	5.23491162e-02	5.23913639e-02	1.60841422e+00	8.56556228e-01	7.51857996e-01
13342           	5.23590915e-02	5.23988493e-02	1.60843384e+00	8.56576010e-01	7.51857827e-01
13343           	5.23703641e-02	5.24072574e-02	1.60845634e+00	8.56598532e-01	7.51857803e-01
13344           	5.23796752e-02	5.24144272e-02	1.60847487e+00	8.56617111e-01	7.51857761e-01
13345           	5.23884517e-02	5.24213810e-02	1.60849263e+00	8.56634768e-01	7.51857865e-01
13346           	5.23992317e-02	5.24297532e-02	1.60851497e+00	8.56656717e-01	7.51858253e-01
13347           	5.24070367e-02	5.24361909e-02	1.60853093e+00	8.56672500e-01	7.51858427e-01
13348           	5.24140643e-02	5.24421374e-02	1.60854528e+00	8.56686706e-01	7.51858577e-01
13349           	5.24208633e-02	5.24479414e-02	1.60855921e+00	8.56700468e-01	7.51858741e-01
13350           	5.24272852e-02	5.24535559e-02	1.60857250e+00	8.56713537e-01	7.51858967e-01
13351           	5.24349551e-02	5.24600852e-02	1.60858874e+00	8.56729327e-01	7.51859417e-01
13352           	5.24401476e-02	5.24649235e-02	1.60859951e+00	8.56739901e-01	7.51859606e-01
13353           	5.24449869e-02	5.24695004e-02	1.60860964e+00	8.56749808e-01	7.51859834e-01
13354           	5.24502860e-02	5.24744658e-02	1.60862111e+00	8.56760844e-01	7.51860271e-01
13355           	5.24536818e-02	5.24780996e-02	1.60862841e+00	8.56767887e-01	7.51860523e-01
13356           	5.24568366e-02	5.24817053e-02	1.60863564e+00	8.56774658e-01	7.51860985e-01
13357           	5.24594528e-02	5.24849406e-02	1.60864186e+00	8.56780382e-01	7.51861477e-01
13358           	5.24615700e-02	5.24879764e-02	1.60864743e+00	8.56785283e-01	7.51862143e-01
13359           	5.24643521e-02	5.24916828e-02	1.60865531e+00	8.56792009e-01	7.51863305e-01
13360           	5.24656263e-02	5.24943735e-02	1.60866023e+00	8.56795741e-01	7.51864489e-01
13361           	5.24645325e-02	5.24952334e-02	1.60865936e+00	8.56794215e-01	7.51865150e-01
13362           	5.24620450e-02	5.24950118e-02	1.60865534e+00	8.56789714e-01	7.51865624e-01
13363           	5.24586853e-02	5.24940910e-02	1.60864940e+00	8.56783386e-01	7.51866015e-01
13364           	5.24550796e-02	5.24929785e-02	1.60864313e+00	8.56776646e-01	7.51866487e-01
13365           	5.24510419e-02	5.24915855e-02	1.60863606e+00	8.56769071e-01	7.51866987e-01
13366           	5.24464198e-02	5.24897055e-02	1.60862772e+00	8.56760282e-01	7.51867442e-01
13367           	5.24415173e-02	5.24876272e-02	1.60861898e+00	8.56751009e-01	7.51867974e-01
13368           	5.24361705e-02	5.24852807e-02	1.60860940e+00	8.56740870e-01	7.51868529e-01
13369           	5.24302217e-02	5.24824193e-02	1.60859847e+00	8.56729455e-01	7.51869012e-01
13370           	5.24238345e-02	5.24792380e-02	1.60858678e+00	8.56717226e-01	7.51869557e-01
13371           	5.24170104e-02	5.24757610e-02	1.60857425e+00	8.56704135e-01	7.51870115e-01
13372           	5.24098516e-02	5.24719749e-02	1.60856088e+00	8.56690292e-01	7.51870589e-01
13373           	5.24023491e-02	5.24678563e-02	1.60854671e+00	8.56675706e-01	7.51871008e-01
13374           	5.23942345e-02	5.24632370e-02	1.60853148e+00	8.56659974e-01	7.51871505e-01
13375           	5.23859099e-02	5.24584776e-02	1.60851587e+00	8.56643844e-01	7.51872024e-01
13376           	5.23773744e-02	5.24534586e-02	1.60849969e+00	8.56627220e-01	7.51872471e-01
13377           	5.23682282e-02	5.24479057e-02	1.60848231e+00	8.56609384e-01	7.51872928e-01
13378           	5.23590385e-02	5.24423139e-02	1.60846478e+00	8.56591427e-01	7.51873350e-01
13379           	5.23499270e-02	5.24366471e-02	1.60844715e+00	8.56573502e-01	7.51873648e-01
13380           	5.23410256e-02	5.24310405e-02	1.60842974e+00	8.56555897e-01	7.51873846e-01
13381           	5.23316995e-02	5.24250361e-02	1.60841144e+00	8.56537419e-01	7.51874020e-01
13382           	5.23226019e-02	5.24191394e-02	1.60839359e+00	8.56519398e-01	7.51874194e-01
13383           	5.23138558e-02	5.24133885e-02	1.60837634e+00	8.56502028e-01	7.51874316e-01
13384           	5.23054045e-02	5.24077511e-02	1.60835966e+00	8.56485233e-01	7.51874424e-01
13385           	5.22971569e-02	5.24021746e-02	1.60834342e+00	8.56468867e-01	7.51874553e-01
13386           	5.22885334e-02	5.23962534e-02	1.60832649e+00	8.56451778e-01	7.51874711e-01
13387           	5.22803705e-02	5.23906361e-02	1.60831063e+00	8.56435684e-01	7.51874943e-01
13388           	5.22725187e-02	5.23851632e-02	1.60829542e+00	8.56420228e-01	7.51875191e-01
13389           	5.22650489e-02	5.23799080e-02	1.60828099e+00	8.56405546e-01	7.51875449e-01
13390           	5.22578485e-02	5.23747871e-02	1.60826715e+00	8.56391423e-01	7.51875726e-01
13391           	5.22508441e-02	5.23697400e-02	1.60825374e+00	8.56377715e-01	7.51876027e-01
13392           	5.22435003e-02	5.23643575e-02	1.60823960e+00	8.56363300e-01	7.51876300e-01
13393           	5.22367360e-02	5.23593505e-02	1.60822670e+00	8.56350088e-01	7.51876616e-01
13394           	5.22303090e-02	5.23544939e-02	1.60821444e+00	8.56337527e-01	7.51876909e-01
13395           	5.22242855e-02	5.23498431e-02	1.60820291e+00	8.56325741e-01	7.51877170e-01
13396           	5.22185796e-02	5.23453340e-02	1.60819198e+00	8.56314569e-01	7.51877410e-01
13397           	5.22131304e-02	5.23409183e-02	1.60818153e+00	8.56303894e-01	7.51877634e-01
13398           	5.22079529e-02	5.23366097e-02	1.60817157e+00	8.56293740e-01	7.51877834e-01
13399           	5.22029817e-02	5.23323623e-02	1.60816201e+00	8.56283986e-01	7.51878022e-01
13400           	5.21977164e-02	5.23277663e-02	1.60815164e+00	8.56273534e-01	7.51878101e-01
13401           	5.21930274e-02	5.23235733e-02	1.60814254e+00	8.56264300e-01	7.51878245e-01
13402           	5.21886755e-02	5.23195607e-02	1.60813410e+00	8.56255723e-01	7.51878372e-01
13403           	5.21846539e-02	5.23157292e-02	1.60812628e+00	8.56247795e-01	7.51878487e-01
13404           	5.21809486e-02	5.23120725e-02	1.60811906e+00	8.56240480e-01	7.51878583e-01
13405           	5.21775122e-02	5.23085584e-02	1.60811235e+00	8.56233688e-01	7.51878663e-01
13406           	5.21739039e-02	5.23047996e-02	1.60810497e+00	8.56226391e-01	7.51878583e-01
13407           	5.21707770e-02	5.23013991e-02	1.60809871e+00	8.56220133e-01	7.51878579e-01
13408           	5.21680478e-02	5.22982334e-02	1.60809321e+00	8.56214652e-01	7.51878557e-01
13409           	5.21657182e-02	5.22953084e-02	1.60808847e+00	8.56209952e-01	7.51878516e-01
13410           	5.21637533e-02	5.22925993e-02	1.60808440e+00	8.56205953e-01	7.51878446e-01
13411           	5.21617427e-02	5.22897443e-02	1.60807982e+00	8.56201652e-01	7.51878166e-01
13412           	5.21601834e-02	5.22872598e-02	1.60807628e+00	8.56198324e-01	7.51877957e-01
13413           	5.21590727e-02	5.22850760e-02	1.60807359e+00	8.56195870e-01	7.51877725e-01
13414           	5.21584260e-02	5.22832180e-02	1.60807180e+00	8.56194327e-01	7.51877475e-01
13415           	5.21579117e-02	5.22813756e-02	1.60806982e+00	8.56192821e-01	7.51876997e-01
13416           	5.21578377e-02	5.22799121e-02	1.60806887e+00	8.56192271e-01	7.51876596e-01
13417           	5.21582759e-02	5.22788216e-02	1.60806892e+00	8.56192737e-01	7.51876186e-01
13418           	5.21592445e-02	5.22781279e-02	1.60807002e+00	8.56194255e-01	7.51875766e-01
13419           	5.21603887e-02	5.22774793e-02	1.60807100e+00	8.56195888e-01	7.51875110e-01
13420           	5.21619861e-02	5.22772407e-02	1.60807305e+00	8.56198513e-01	7.51874541e-01
13421           	5.21641479e-02	5.22774356e-02	1.60807625e+00	8.56202271e-01	7.51873975e-01
13422           	5.21665868e-02	5.22777609e-02	1.60807957e+00	8.56206371e-01	7.51873197e-01
13423           	5.21694882e-02	5.22785184e-02	1.60808401e+00	8.56211491e-01	7.51872515e-01
13424           	5.21729687e-02	5.22797375e-02	1.60808967e+00	8.56217802e-01	7.51871865e-01
13425           	5.21767698e-02	5.22811257e-02	1.60809560e+00	8.56224568e-01	7.51871029e-01
13426           	5.21810055e-02	5.22829337e-02	1.60810260e+00	8.56232303e-01	7.51870292e-01
13427           	5.21857965e-02	5.22851996e-02	1.60811082e+00	8.56241204e-01	7.51869611e-01
13428           	5.21909738e-02	5.22876857e-02	1.60811948e+00	8.56250712e-01	7.51868765e-01
13429           	5.21966007e-02	5.22906111e-02	1.60812922e+00	8.56261210e-01	7.51868009e-01
13430           	5.22028392e-02	5.22939650e-02	1.60813995e+00	8.56272812e-01	7.51867134e-01
13431           	5.22098120e-02	5.22977883e-02	1.60815142e+00	8.56285522e-01	7.51865898e-01
13432           	5.22169623e-02	5.23019460e-02	1.60816415e+00	8.56299039e-01	7.51865115e-01
13433           	5.22245134e-02	5.23065460e-02	1.60817802e+00	8.56313525e-01	7.51864498e-01
13434           	5.22321677e-02	5.23113431e-02	1.60819240e+00	8.56328368e-01	7.51864032e-01
13435           	5.22402066e-02	5.23164017e-02	1.60820743e+00	8.56343919e-01	7.51863506e-01
13436           	5.22490516e-02	5.23220385e-02	1.60822374e+00	8.56360922e-01	7.51862819e-01
13437           	5.22574120e-02	5.23274641e-02	1.60823946e+00	8.56377143e-01	7.51862319e-01
13438           	5.22662650e-02	5.23333295e-02	1.60825609e+00	8.56394311e-01	7.51861781e-01
13439           	5.22759684e-02	5.23398039e-02	1.60827414e+00	8.56413041e-01	7.51861104e-01
13440           	5.22854698e-02	5.23462227e-02	1.60829187e+00	8.56431404e-01	7.51860465e-01
13441           	5.22952062e-02	5.23528692e-02	1.60831002e+00	8.56450217e-01	7.51859805e-01
13442           	5.23049618e-02	5.23597078e-02	1.60832843e+00	8.56469177e-01	7.51859253e-01
13443           	5.23171642e-02	5.23681895e-02	1.60835148e+00	8.56492903e-01	7.51858574e-01
13444           	5.23274458e-02	5.23756219e-02	1.60837121e+00	8.56513052e-01	7.51858161e-01
13445           	5.23371133e-02	5.23827485e-02	1.60838992e+00	8.56532072e-01	7.51857845e-01
13446           	5.23463717e-02	5.23896844e-02	1.60840790e+00	8.56550323e-01	7.51857580e-01
13447           	5.23554298e-02	5.23965738e-02	1.60842567e+00	8.56568266e-01	7.51857406e-01
13448           	5.23657290e-02	5.24042919e-02	1.60844602e+00	8.56588738e-01	7.51857280e-01
13449           	5.23746899e-02	5.24111580e-02	1.60846363e+00	8.56606506e-01	7.51857127e-01
13450           	5.23838068e-02	5.24181622e-02	1.60848159e+00	8.56624600e-01	7.51856986e-01
13451           	5.23923206e-02	5.24248807e-02	1.60849855e+00	8.56641594e-01	7.51856953e-01
13452           	5.24032745e-02	5.24333302e-02	1.60852107e+00	8.56663810e-01	7.51857261e-01
13453           	5.24106595e-02	5.24394482e-02	1.60853593e+00	8.56678623e-01	7.51857304e-01
13454           	5.24179317e-02	5.24455101e-02	1.60855067e+00	8.56693266e-01	7.51857403e-01
13455           	5.24252893e-02	5.24517353e-02	1.60856579e+00	8.56708185e-01	7.51857607e-01
13456           	5.24321257e-02	5.24576402e-02	1.60858000e+00	8.56722127e-01	7.51857876e-01
13457           	5.24386318e-02	5.24633778e-02	1.60859369e+00	8.56735478e-01	7.51858215e-01
13458           	5.24435968e-02	5.24681027e-02	1.60860417e+00	8.56745681e-01	7.51858487e-01
13459           	5.24486248e-02	5.24730223e-02	1.60861523e+00	8.56756240e-01	7.51858991e-01
13460           	5.24530506e-02	5.24774965e-02	1.60862501e+00	8.56765557e-01	7.51859456e-01
13461           	5.24564914e-02	5.24813017e-02	1.60863280e+00	8.56772889e-01	7.51859906e-01
13462           	5.24598767e-02	5.24852351e-02	1.60864097e+00	8.56780364e-01	7.51860610e-01
13463           	5.24625252e-02	5.24886229e-02	1.60864765e+00	8.56786353e-01	7.51861302e-01
13464           	5.24639791e-02	5.24911522e-02	1.60865188e+00	8.56789918e-01	7.51861960e-01
13465           	5.24650234e-02	5.24935342e-02	1.60865573e+00	8.56792891e-01	7.51862844e-01
13466           	5.24644407e-02	5.24946379e-02	1.60865573e+00	8.56792307e-01	7.51863425e-01
13467           	5.24638715e-02	5.24959202e-02	1.60865657e+00	8.56792155e-01	7.51864412e-01
13468           	5.24617505e-02	5.24960175e-02	1.60865375e+00	8.56788623e-01	7.51865122e-01
13469           	5.24589436e-02	5.24956055e-02	1.60864963e+00	8.56783759e-01	7.51865872e-01
13470           	5.24553207e-02	5.24945789e-02	1.60864374e+00	8.56777189e-01	7.51866547e-01
13471           	5.24509182e-02	5.24929624e-02	1.60863604e+00	8.56768940e-01	7.51867104e-01
13472           	5.24459182e-02	5.24909156e-02	1.60862727e+00	8.56759551e-01	7.51867715e-01
13473           	5.24400776e-02	5.24879746e-02	1.60861578e+00	8.56747970e-01	7.51867815e-01
13474           	5.24339586e-02	5.24850664e-02	1.60860452e+00	8.56736218e-01	7.51868301e-01
13475           	5.24273724e-02	5.24817691e-02	1.60859223e+00	8.56723488e-01	7.51868743e-01
13476           	5.24203874e-02	5.24782943e-02	1.60857951e+00	8.56710141e-01	7.51869367e-01
13477           	5.24132355e-02	5.24744728e-02	1.60856588e+00	8.56696177e-01	7.51869706e-01
13478           	5.24051774e-02	5.24701251e-02	1.60855111e+00	8.56680732e-01	7.51870377e-01
13479           	5.23966916e-02	5.24653769e-02	1.60853549e+00	8.56664437e-01	7.51871053e-01
13480           	5.23882838e-02	5.24604310e-02	1.60851938e+00	8.56647973e-01	7.51871405e-01
13481           	5.23798646e-02	5.24552939e-02	1.60850293e+00	8.56631328e-01	7.51871599e-01
13482           	5.23714900e-02	5.24501164e-02	1.60848644e+00	8.56614711e-01	7.51871731e-01
13483           	5.23626568e-02	5.24446755e-02	1.60846933e+00	8.56597320e-01	7.51872007e-01
13484           	5.23538130e-02	5.24391563e-02	1.60845215e+00	8.56579887e-01	7.51872261e-01
13485           	5.23450402e-02	5.24336685e-02	1.60843511e+00	8.56562594e-01	7.51872514e-01
13486           	5.23357865e-02	5.24278904e-02	1.60841734e+00	8.56544458e-01	7.51872885e-01
13487           	5.23267057e-02	5.24221696e-02	1.60839984e+00	8.56526628e-01	7.51873216e-01
13488           	5.23177779e-02	5.24164568e-02	1.60838256e+00	8.56509059e-01	7.51873504e-01
13489           	5.23090682e-02	5.24107654e-02	1.60836562e+00	8.56491879e-01	7.51873742e-01
13490           	5.23006699e-02	5.24051853e-02	1.60834922e+00	8.56475282e-01	7.51873942e-01
13491           	5.22919097e-02	5.23993087e-02	1.60833222e+00	8.56458020e-01	7.51874201e-01
13492           	5.22835211e-02	5.23935457e-02	1.60831587e+00	8.56441454e-01	7.51874412e-01
13493           	5.22755387e-02	5.23879706e-02	1.60830026e+00	8.56425671e-01	7.51874593e-01
13494           	5.22679366e-02	5.23825726e-02	1.60828541e+00	8.56410642e-01	7.51874769e-01
13495           	5.22606290e-02	5.23773013e-02	1.60827118e+00	8.56396220e-01	7.51874962e-01
13496           	5.22530625e-02	5.23718418e-02	1.60825655e+00	8.56381339e-01	7.51875214e-01
13497           	5.22459502e-02	5.23666044e-02	1.60824279e+00	8.56367345e-01	7.51875445e-01
13498           	5.22391963e-02	5.23615566e-02	1.60822976e+00	8.56354077e-01	7.51875685e-01
13499           	5.22328715e-02	5.23567595e-02	1.60821761e+00	8.56341675e-01	7.51875932e-01
13500           	5.22268762e-02	5.23521375e-02	1.60820615e+00	8.56329950e-01	7.51876197e-01
13501           	5.22211320e-02	5.23476285e-02	1.60819523e+00	8.56318745e-01	7.51876481e-01
13502           	5.22156527e-02	5.23432464e-02	1.60818484e+00	8.56308071e-01	7.51876765e-01
13503           	5.22103549e-02	5.23389262e-02	1.60817480e+00	8.56297757e-01	7.51877048e-01
13504           	5.22047204e-02	5.23343293e-02	1.60816405e+00	8.56286745e-01	7.51877304e-01
13505           	5.21995710e-02	5.23299632e-02	1.60815412e+00	8.56276633e-01	7.51877491e-01
13506           	5.21947650e-02	5.23257588e-02	1.60814483e+00	8.56267180e-01	7.51877650e-01
13507           	5.21903234e-02	5.23217249e-02	1.60813623e+00	8.56258437e-01	7.51877790e-01
13508           	5.21862368e-02	5.23178541e-02	1.60812828e+00	8.56250378e-01	7.51877904e-01
13509           	5.21824203e-02	5.23140934e-02	1.60812084e+00	8.56242841e-01	7.51878001e-01
13510           	5.21788360e-02	5.23104283e-02	1.60811384e+00	8.56235754e-01	7.51878082e-01
13511           	5.21750886e-02	5.23065997e-02	1.60810631e+00	8.56228241e-01	7.51878064e-01
13512           	5.21717775e-02	5.23030159e-02	1.60809960e+00	8.56221578e-01	7.51878023e-01
13513           	5.21688621e-02	5.22996825e-02	1.60809366e+00	8.56215690e-01	7.51877966e-01
13514           	5.21663534e-02	5.22966023e-02	1.60808849e+00	8.56210601e-01	7.51877894e-01
13515           	5.21642080e-02	5.22937484e-02	1.60808403e+00	8.56206222e-01	7.51877806e-01
13516           	5.21620601e-02	5.22908719e-02	1.60807931e+00	8.56201715e-01	7.51877594e-01
13517           	5.21603354e-02	5.22882458e-02	1.60807539e+00	8.56198029e-01	7.51877358e-01
13518           	5.21590784e-02	5.22859482e-02	1.60807239e+00	8.56195274e-01	7.51877118e-01
13519           	5.21583166e-02	5.22840059e-02	1.60807039e+00	8.56193509e-01	7.51876876e-01
13520           	5.21576712e-02	5.22821432e-02	1.60806833e+00	8.56191839e-01	7.51876496e-01
13521           	5.21574569e-02	5.22805556e-02	1.60806712e+00	8.56191016e-01	7.51876102e-01
13522           	5.21577919e-02	5.22793721e-02	1.60806700e+00	8.56191290e-01	7.51875706e-01
13523           	5.21585923e-02	5.22785231e-02	1.60806780e+00	8.56192494e-01	7.51875310e-01
13524           	5.21596064e-02	5.22778465e-02	1.60806875e+00	8.56193980e-01	7.51874767e-01
13525           	5.21610844e-02	5.22774884e-02	1.60807057e+00	8.56196371e-01	7.51874202e-01
13526           	5.21630347e-02	5.22774836e-02	1.60807335e+00	8.56199711e-01	7.51873642e-01
13527           	5.21653174e-02	5.22777525e-02	1.60807654e+00	8.56203586e-01	7.51872951e-01
13528           	5.21680940e-02	5.22783758e-02	1.60808070e+00	8.56208445e-01	7.51872258e-01
13529           	5.21713434e-02	5.22793640e-02	1.60808588e+00	8.56214281e-01	7.51871595e-01
13530           	5.21749832e-02	5.22806767e-02	1.60809161e+00	8.56220789e-01	7.51870822e-01
13531           	5.21790945e-02	5.22823372e-02	1.60809829e+00	8.56228242e-01	7.51870053e-01
13532           	5.21836300e-02	5.22843450e-02	1.60810594e+00	8.56236601e-01	7.51869340e-01
13533           	5.21886255e-02	5.22867405e-02	1.60811433e+00	8.56245792e-01	7.51868541e-01
13534           	5.21941090e-02	5.22895059e-02	1.60812369e+00	8.56255956e-01	7.51867738e-01
13535           	5.22000720e-02	5.22926734e-02	1.60813393e+00	8.56267035e-01	7.51866891e-01
13536           	5.22068131e-02	5.22962971e-02	1.60814486e+00	8.56279244e-01	7.51865618e-01
13537           	5.22139084e-02	5.23003919e-02	1.60815742e+00	8.56292620e-01	7.51864803e-01
13538           	5.22212548e-02	5.23047581e-02	1.60817082e+00	8.56306667e-01	7.51864157e-01
13539           	5.22287977e-02	5.23093673e-02	1.60818491e+00	8.56321253e-01	7.51863657e-01
13540           	5.22366140e-02	5.23142891e-02	1.60819970e+00	8.56336463e-01	7.51863235e-01
13541           	5.22448664e-02	5.23195833e-02	1.60821522e+00	8.56352477e-01	7.51862744e-01
13542           	5.22536501e-02	5.23252500e-02	1.60823152e+00	8.56369410e-01	7.51862110e-01
13543           	5.22628449e-02	5.23312531e-02	1.60824850e+00	8.56387096e-01	7.51861406e-01
13544           	5.22722996e-02	5.23375314e-02	1.60826602e+00	8.56405307e-01	7.51860708e-01
13545           	5.22818935e-02	5.23440435e-02	1.60828399e+00	8.56423888e-01	7.51860101e-01
13546           	5.22932724e-02	5.23516786e-02	1.60830502e+00	8.56445783e-01	7.51859238e-01
13547           	5.23031897e-02	5.23586226e-02	1.60832384e+00	8.56465109e-01	7.51858729e-01
13548           	5.23129111e-02	5.23655082e-02	1.60834239e+00	8.56484104e-01	7.51858282e-01
13549           	5.23223080e-02	5.23722635e-02	1.60836040e+00	8.56502506e-01	7.51857890e-01
13550           	5.23319441e-02	5.23793347e-02	1.60837906e+00	8.56521472e-01	7.51857584e-01
13551           	5.23428325e-02	5.23872866e-02	1.60840018e+00	8.56542923e-01	7.51857258e-01
13552           	5.23520898e-02	5.23942842e-02	1.60841821e+00	8.56561197e-01	7.51857018e-01
13553           	5.23615125e-02	5.24013395e-02	1.60843654e+00	8.56579783e-01	7.51856758e-01
13554           	5.23712052e-02	5.24086559e-02	1.60845548e+00	8.56598947e-01	7.51856536e-01
13555           	5.23807167e-02	5.24158525e-02	1.60847416e+00	8.56617795e-01	7.51856362e-01
13556           	5.23918054e-02	5.24241947e-02	1.60849644e+00	8.56640024e-01	7.51856414e-01
13557           	5.24005859e-02	5.24311825e-02	1.60851419e+00	8.56657680e-01	7.51856508e-01
13558           	5.24079908e-02	5.24373192e-02	1.60852919e+00	8.56672584e-01	7.51856602e-01
13559           	5.24156382e-02	5.24436175e-02	1.60854479e+00	8.56688034e-01	7.51856757e-01
13560           	5.24230130e-02	5.24498806e-02	1.60856004e+00	8.56703031e-01	7.51857005e-01
13561           	5.24303543e-02	5.24561085e-02	1.60857532e+00	8.56718015e-01	7.51857306e-01
13562           	5.24388391e-02	5.24633278e-02	1.60859363e+00	8.56735653e-01	7.51857975e-01
13563           	5.24445479e-02	5.24686765e-02	1.60860590e+00	8.56747498e-01	7.51858402e-01
13564           	5.24490335e-02	5.24731855e-02	1.60861561e+00	8.56756840e-01	7.51858773e-01
13565           	5.24534036e-02	5.24775697e-02	1.60862523e+00	8.56766017e-01	7.51859210e-01
13566           	5.24571837e-02	5.24816509e-02	1.60863380e+00	8.56774082e-01	7.51859715e-01
13567           	5.24599056e-02	5.24849885e-02	1.60864018e+00	8.56779997e-01	7.51860186e-01
13568           	5.24624143e-02	5.24881513e-02	1.60864636e+00	8.56785592e-01	7.51860764e-01
13569           	5.24642660e-02	5.24909325e-02	1.60865135e+00	8.56789940e-01	7.51861408e-01
13570           	5.24650295e-02	5.24929843e-02	1.60865408e+00	8.56792070e-01	7.51862011e-01
13571           	5.24653576e-02	5.24947494e-02	1.60865619e+00	8.56793451e-01	7.51862736e-01
13572           	5.24648676e-02	5.24959993e-02	1.60865673e+00	8.56793233e-01	7.51863498e-01
13573           	5.24632940e-02	5.24965030e-02	1.60865498e+00	8.56790784e-01	7.51864196e-01
13574           	5.24606896e-02	5.24962444e-02	1.60865102e+00	8.56786199e-01	7.51864820e-01
13575           	5.24575299e-02	5.24955735e-02	1.60864616e+00	8.56780609e-01	7.51865549e-01
13576           	5.24537436e-02	5.24945035e-02	1.60864004e+00	8.56773765e-01	7.51866278e-01
13577           	5.24491284e-02	5.24927749e-02	1.60863209e+00	8.56765176e-01	7.51866919e-01
13578           	5.24438738e-02	5.24905381e-02	1.60862298e+00	8.56755365e-01	7.51867618e-01
13579           	5.24380868e-02	5.24879416e-02	1.60861274e+00	8.56744457e-01	7.51868284e-01
13580           	5.24316497e-02	5.24847897e-02	1.60860095e+00	8.56732125e-01	7.51868826e-01
13581           	5.24246484e-02	5.24811176e-02	1.60858778e+00	8.56718536e-01	7.51869240e-01
13582           	5.24171682e-02	5.24770647e-02	1.60857368e+00	8.56704009e-01	7.51869673e-01
13583           	5.24093552e-02	5.24727656e-02	1.60855891e+00	8.56688809e-01	7.51870098e-01
13584           	5.24013672e-02	5.24682666e-02	1.60854359e+00	8.56673161e-01	7.51870426e-01
13585           	5.23932055e-02	5.24635469e-02	1.60852777e+00	8.56657093e-01	7.51870682e-01
13586           	5.23845034e-02	5.24583651e-02	1.60851099e+00	8.56639997e-01	7.51870990e-01
13587           	5.23757263e-02	5.24531472e-02	1.60849413e+00	8.56622791e-01	7.51871338e-01
13588           	5.23669133e-02	5.24478030e-02	1.60847711e+00	8.56605468e-01	7.51871641e-01
13589           	5.23580868e-02	5.24423476e-02	1.60846000e+00	8.56588087e-01	7.51871913e-01
13590           	5.23488211e-02	5.24365305e-02	1.60844210e+00	8.56569873e-01	7.51872231e-01
13591           	5.23396527e-02	5.24307715e-02	1.60842447e+00	8.56551890e-01	7.51872585e-01
13592           	5.23306415e-02	5.24250156e-02	1.60840707e+00	8.56534179e-01	7.51872896e-01
13593           	5.23218901e-02	5.24193683e-02	1.60839012e+00	8.56516949e-01	7.51873169e-01
13594           	5.23127091e-02	5.24133308e-02	1.60837233e+00	8.56498874e-01	7.51873456e-01
13595           	5.23039391e-02	5.24075675e-02	1.60835538e+00	8.56481631e-01	7.51873753e-01
13596           	5.22955102e-02	5.24019483e-02	1.60833903e+00	8.56465028e-01	7.51874007e-01
13597           	5.22873796e-02	5.23964407e-02	1.60832323e+00	8.56448994e-01	7.51874235e-01
13598           	5.22795597e-02	5.23910788e-02	1.60830801e+00	8.56433567e-01	7.51874448e-01
13599           	5.22713391e-02	5.23853251e-02	1.60829197e+00	8.56417325e-01	7.51874647e-01
13600           	5.22636006e-02	5.23798623e-02	1.60827697e+00	8.56402086e-01	7.51874884e-01
13601           	5.22562520e-02	5.23745938e-02	1.60826270e+00	8.56387603e-01	7.51875099e-01
13602           	5.22492287e-02	5.23694768e-02	1.60824908e+00	8.56373766e-01	7.51875309e-01
13603           	5.22424672e-02	5.23644686e-02	1.60823599e+00	8.56360461e-01	7.51875526e-01
13604           	5.22360077e-02	5.23596100e-02	1.60822352e+00	8.56347767e-01	7.51875751e-01
13605           	5.22297814e-02	5.23548462e-02	1.60821155e+00	8.56335556e-01	7.51875993e-01
13606           	5.22231941e-02	5.23497011e-02	1.60819876e+00	8.56322572e-01	7.51876184e-01
13607           	5.22172327e-02	5.23449769e-02	1.60818733e+00	8.56310895e-01	7.51876430e-01
13608           	5.22116120e-02	5.23404189e-02	1.60817655e+00	8.56299887e-01	7.51876663e-01
13609           	5.22063259e-02	5.23360242e-02	1.60816642e+00	8.56289536e-01	7.51876884e-01
13610           	5.22013916e-02	5.23318125e-02	1.60815696e+00	8.56279872e-01	7.51877088e-01
13611           	5.21967716e-02	5.23277588e-02	1.60814812e+00	8.56270832e-01	7.51877289e-01
13612           	5.21924375e-02	5.23238406e-02	1.60813985e+00	8.56262364e-01	7.51877489e-01
13613           	5.21883798e-02	5.23200493e-02	1.60813211e+00	8.56254435e-01	7.51877675e-01
13614           	5.21840544e-02	5.23159304e-02	1.60812356e+00	8.56245834e-01	7.51877725e-01
13615           	5.21801637e-02	5.23121210e-02	1.60811603e+00	8.56238177e-01	7.51877849e-01
13616           	5.21765948e-02	5.23084826e-02	1.60810907e+00	8.56231131e-01	7.51877941e-01
13617           	5.21733702e-02	5.23050417e-02	1.60810276e+00	8.56224748e-01	7.51878007e-01
13618           	5.21704877e-02	5.23018013e-02	1.60809707e+00	8.56219020e-01	7.51878045e-01
13619           	5.21675172e-02	5.22983728e-02	1.60809079e+00	8.56212915e-01	7.51877880e-01
13620           	5.21649897e-02	5.22952826e-02	1.60808553e+00	8.56207757e-01	7.51877778e-01
13621           	5.21629064e-02	5.22924695e-02	1.60808111e+00	8.56203460e-01	7.51877647e-01
13622           	5.21612679e-02	5.22899359e-02	1.60807752e+00	8.56200027e-01	7.51877491e-01
13623           	5.21600328e-02	5.22876652e-02	1.60807469e+00	8.56197376e-01	7.51877311e-01
13624           	5.21588424e-02	5.22853264e-02	1.60807150e+00	8.56194591e-01	7.51876906e-01
13625           	5.21580747e-02	5.22833444e-02	1.60806931e+00	8.56192730e-01	7.51876581e-01
13626           	5.21577749e-02	5.22816975e-02	1.60806805e+00	8.56191798e-01	7.51876248e-01
13627           	5.21579826e-02	5.22804261e-02	1.60806778e+00	8.56191873e-01	7.51875908e-01
13628           	5.21583221e-02	5.22791681e-02	1.60806731e+00	8.56191979e-01	7.51875335e-01
13629           	5.21591098e-02	5.22783172e-02	1.60806792e+00	8.56193068e-01	7.51874848e-01
13630           	5.21604642e-02	5.22779002e-02	1.60806965e+00	8.56195287e-01	7.51874358e-01
13631           	5.21620807e-02	5.22776042e-02	1.60807147e+00	8.56197815e-01	7.51873654e-01
13632           	5.21641970e-02	5.22777612e-02	1.60807449e+00	8.56201440e-01	7.51873046e-01
13633           	5.21669268e-02	5.22783953e-02	1.60807878e+00	8.56206316e-01	7.51872463e-01
13634           	5.21699761e-02	5.22791926e-02	1.60808331e+00	8.56211634e-01	7.51871681e-01
13635           	5.21734791e-02	5.22804126e-02	1.60808895e+00	8.56217954e-01	7.51870996e-01
13636           	5.21775450e-02	5.22820812e-02	1.60809580e+00	8.56225443e-01	7.51870353e-01
13637           	5.21819410e-02	5.22839204e-02	1.60810294e+00	8.56233413e-01	7.51869531e-01
13638           	5.21867511e-02	5.22861623e-02	1.60811110e+00	8.56242301e-01	7.51868799e-01
13639           	5.21921035e-02	5.22887715e-02	1.60812007e+00	8.56252138e-01	7.51867931e-01
13640           	5.21980111e-02	5.22917204e-02	1.60812936e+00	8.56262692e-01	7.51866670e-01
13641           	5.22043587e-02	5.22951733e-02	1.60814045e+00	8.56274585e-01	7.51865868e-01
13642           	5.22112302e-02	5.22991494e-02	1.60815293e+00	8.56287695e-01	7.51865235e-01
13643           	5.22183090e-02	5.23033926e-02	1.60816614e+00	8.56301378e-01	7.51864760e-01
13644           	5.22256336e-02	5.23078895e-02	1.60817999e+00	8.56315627e-01	7.51864360e-01
13645           	5.22335317e-02	5.23127436e-02	1.60819461e+00	8.56330837e-01	7.51863774e-01
13646           	5.22420782e-02	5.23180841e-02	1.60821025e+00	8.56347201e-01	7.51863045e-01
13647           	5.22508845e-02	5.23236813e-02	1.60822641e+00	8.56364088e-01	7.51862319e-01
13648           	5.22601184e-02	5.23296144e-02	1.60824328e+00	8.56381757e-01	7.51861520e-01
13649           	5.22691582e-02	5.23355711e-02	1.60826006e+00	8.56399189e-01	7.51860872e-01
13650           	5.22785014e-02	5.23418648e-02	1.60827751e+00	8.56417256e-01	7.51860253e-01
13651           	5.22887024e-02	5.23487843e-02	1.60829650e+00	8.56436955e-01	7.51859550e-01
13652           	5.22981101e-02	5.23553867e-02	1.60831432e+00	8.56455270e-01	7.51859050e-01
13653           	5.23078051e-02	5.23621600e-02	1.60833262e+00	8.56474117e-01	7.51858507e-01
13654           	5.23181719e-02	5.23694326e-02	1.60835223e+00	8.56494286e-01	7.51857942e-01
13655           	5.23279343e-02	5.23764227e-02	1.60837085e+00	8.56513358e-01	7.51857489e-01
13656           	5.23381830e-02	5.23839023e-02	1.60839065e+00	8.56533508e-01	7.51857142e-01
13657           	5.23485099e-02	5.23914551e-02	1.60841064e+00	8.56553831e-01	7.51856811e-01
13658           	5.23586723e-02	5.23990283e-02	1.60843055e+00	8.56573946e-01	7.51856601e-01
13659           	5.23705268e-02	5.24077921e-02	1.60845417e+00	8.56597613e-01	7.51856560e-01
13660           	5.23806126e-02	5.24154688e-02	1.60847432e+00	8.56617771e-01	7.51856546e-01
13661           	5.23889214e-02	5.24220575e-02	1.60849099e+00	8.56634418e-01	7.51856575e-01
13662           	5.23966307e-02	5.24283337e-02	1.60850654e+00	8.56649898e-01	7.51856637e-01
13663           	5.24047977e-02	5.24350737e-02	1.60852329e+00	8.56666442e-01	7.51856846e-01
13664           	5.24136762e-02	5.24423104e-02	1.60854165e+00	8.56684501e-01	7.51857148e-01
13665           	5.24212434e-02	5.24486917e-02	1.60855713e+00	8.56699810e-01	7.51857323e-01
13666           	5.24284755e-02	5.24547727e-02	1.60857199e+00	8.56714472e-01	7.51857521e-01
13667           	5.24369051e-02	5.24617051e-02	1.60858978e+00	8.56731796e-01	7.51857986e-01
13668           	5.24427331e-02	5.24668542e-02	1.60860197e+00	8.56743716e-01	7.51858249e-01
13669           	5.24471695e-02	5.24711042e-02	1.60861128e+00	8.56752810e-01	7.51858471e-01
13670           	5.24516653e-02	5.24755697e-02	1.60862115e+00	8.56762242e-01	7.51858911e-01
13671           	5.24555290e-02	5.24795823e-02	1.60862965e+00	8.56770352e-01	7.51859294e-01
13672           	5.24594019e-02	5.24838213e-02	1.60863862e+00	8.56778711e-01	7.51859907e-01
13673           	5.24640330e-02	5.24887570e-02	1.60864993e+00	8.56788998e-01	7.51860932e-01
13674           	5.24672092e-02	5.24926903e-02	1.60865829e+00	8.56796352e-01	7.51861934e-01
13675           	5.24681209e-02	5.24948881e-02	1.60866139e+00	8.56798814e-01	7.51862572e-01
13676           	5.24673072e-02	5.24957917e-02	1.60866067e+00	8.56797644e-01	7.51863029e-01
13677           	5.24655209e-02	5.24959863e-02	1.60865794e+00	8.56794492e-01	7.51863451e-01
13678           	5.24635431e-02	5.24962241e-02	1.60865529e+00	8.56791188e-01	7.51864102e-01
13679           	5.24610194e-02	5.24959736e-02	1.60865135e+00	8.56786693e-01	7.51864654e-01
13680           	5.24577916e-02	5.24951718e-02	1.60864587e+00	8.56780725e-01	7.51865142e-01
13681           	5.24543650e-02	5.24943714e-02	1.60864041e+00	8.56774568e-01	7.51865838e-01
13682           	5.24506948e-02	5.24934130e-02	1.60863480e+00	8.56768097e-01	7.51866707e-01
13683           	5.24460247e-02	5.24915482e-02	1.60862663e+00	8.56759342e-01	7.51867292e-01
13684           	5.24406829e-02	5.24891104e-02	1.60861690e+00	8.56749132e-01	7.51867766e-01
13685           	5.24347969e-02	5.24862283e-02	1.60860624e+00	8.56737918e-01	7.51868324e-01
13686           	5.24283680e-02	5.24829570e-02	1.60859456e+00	8.56725646e-01	7.51868910e-01
13687           	5.24214816e-02	5.24793281e-02	1.60858183e+00	8.56712395e-01	7.51869432e-01
13688           	5.24140044e-02	5.24752705e-02	1.60856802e+00	8.56698015e-01	7.51870007e-01
13689           	5.24060733e-02	5.24709162e-02	1.60855328e+00	8.56682714e-01	7.51870567e-01
13690           	5.23979054e-02	5.24663374e-02	1.60853781e+00	8.56666811e-01	7.51871000e-01
13691           	5.23891678e-02	5.24613088e-02	1.60852119e+00	8.56649763e-01	7.51871428e-01
13692           	5.23803003e-02	5.24561954e-02	1.60850424e+00	8.56632421e-01	7.51871821e-01
13693           	5.23714194e-02	5.24509291e-02	1.60848703e+00	8.56614936e-01	7.51872098e-01
13694           	5.23620511e-02	5.24451847e-02	1.60846884e+00	8.56596472e-01	7.51872369e-01
13695           	5.23527659e-02	5.24394453e-02	1.60845081e+00	8.56578171e-01	7.51872639e-01
13696           	5.23437113e-02	5.24337138e-02	1.60843309e+00	8.56560257e-01	7.51872835e-01
13697           	5.23348414e-02	5.24279810e-02	1.60841569e+00	8.56542685e-01	7.51873002e-01
13698           	5.23256211e-02	5.24219165e-02	1.60839764e+00	8.56524443e-01	7.51873201e-01
13699           	5.23166594e-02	5.24160082e-02	1.60838021e+00	8.56506763e-01	7.51873444e-01
13700           	5.23079649e-02	5.24102020e-02	1.60836328e+00	8.56489605e-01	7.51873675e-01
13701           	5.22996123e-02	5.24045887e-02	1.60834703e+00	8.56473125e-01	7.51873900e-01
13702           	5.22908807e-02	5.23986439e-02	1.60833005e+00	8.56455907e-01	7.51874146e-01
13703           	5.22825330e-02	5.23929523e-02	1.60831393e+00	8.56439496e-01	7.51874431e-01
13704           	5.22746082e-02	5.23874985e-02	1.60829860e+00	8.56423908e-01	7.51874691e-01
13705           	5.22670483e-02	5.23822338e-02	1.60828398e+00	8.56409040e-01	7.51874943e-01
13706           	5.22597544e-02	5.23770795e-02	1.60826991e+00	8.56394709e-01	7.51875200e-01
13707           	5.22521442e-02	5.23716041e-02	1.60825515e+00	8.56379721e-01	7.51875432e-01
13708           	5.22450464e-02	5.23664471e-02	1.60824151e+00	8.56365801e-01	7.51875708e-01
13709           	5.22382932e-02	5.23614374e-02	1.60822853e+00	8.56352559e-01	7.51875973e-01
13710           	5.22319507e-02	5.23566352e-02	1.60821634e+00	8.56340123e-01	7.51876221e-01
13711           	5.22259227e-02	5.23519727e-02	1.60820478e+00	8.56328312e-01	7.51876467e-01
13712           	5.22201405e-02	5.23473986e-02	1.60819371e+00	8.56316994e-01	7.51876713e-01
13713           	5.22146251e-02	5.23429342e-02	1.60818315e+00	8.56306201e-01	7.51876950e-01
13714           	5.22087835e-02	5.23381056e-02	1.60817177e+00	8.56294668e-01	7.51877101e-01
13715           	5.22034340e-02	5.23336020e-02	1.60816148e+00	8.56284175e-01	7.51877306e-01
13716           	5.21984550e-02	5.23292947e-02	1.60815188e+00	8.56274397e-01	7.51877487e-01
13717           	5.21938557e-02	5.23251992e-02	1.60814302e+00	8.56265366e-01	7.51877654e-01
13718           	5.21895920e-02	5.23212850e-02	1.60813481e+00	8.56256998e-01	7.51877814e-01
13719           	5.21856391e-02	5.23175329e-02	1.60812719e+00	8.56249235e-01	7.51877956e-01
13720           	5.21814620e-02	5.23134951e-02	1.60811885e+00	8.56240885e-01	7.51877961e-01
13721           	5.21777130e-02	5.23097631e-02	1.60811150e+00	8.56233465e-01	7.51878039e-01
13722           	5.21743415e-02	5.23062409e-02	1.60810488e+00	8.56226781e-01	7.51878098e-01
13723           	5.21713446e-02	5.23029340e-02	1.60809898e+00	8.56220833e-01	7.51878144e-01
13724           	5.21687108e-02	5.22998385e-02	1.60809377e+00	8.56215595e-01	7.51878173e-01
13725           	5.21659903e-02	5.22965531e-02	1.60808800e+00	8.56209990e-01	7.51878010e-01
13726           	5.21636851e-02	5.22935873e-02	1.60808319e+00	8.56205282e-01	7.51877911e-01
13727           	5.21618208e-02	5.22909048e-02	1.60807922e+00	8.56201431e-01	7.51877789e-01
13728           	5.21603870e-02	5.22885024e-02	1.60807606e+00	8.56198415e-01	7.51877641e-01
13729           	5.21590080e-02	5.22860454e-02	1.60807258e+00	8.56195296e-01	7.51877280e-01
13730           	5.21580990e-02	5.22839879e-02	1.60807017e+00	8.56193185e-01	7.51876987e-01
13731           	5.21576662e-02	5.22822633e-02	1.60806869e+00	8.56192011e-01	7.51876679e-01
13732           	5.21577166e-02	5.22808873e-02	1.60806816e+00	8.56191795e-01	7.51876362e-01
13733           	5.21579586e-02	5.22795762e-02	1.60806755e+00	8.56191733e-01	7.51875816e-01
13734           	5.21586114e-02	5.22786254e-02	1.60806791e+00	8.56192568e-01	7.51875345e-01
13735           	5.21597678e-02	5.22780477e-02	1.60806928e+00	8.56194408e-01	7.51874872e-01
13736           	5.21612474e-02	5.22776458e-02	1.60807086e+00	8.56196676e-01	7.51874181e-01
13737           	5.21631713e-02	5.22776411e-02	1.60807350e+00	8.56199921e-01	7.51873578e-01
13738           	5.21656516e-02	5.22780640e-02	1.60807731e+00	8.56204307e-01	7.51873004e-01
13739           	5.21685457e-02	5.22787407e-02	1.60808155e+00	8.56209320e-01	7.51872228e-01
13740           	5.21718451e-02	5.22797941e-02	1.60808678e+00	8.56215233e-01	7.51871543e-01
13741           	5.21756542e-02	5.22812530e-02	1.60809312e+00	8.56222216e-01	7.51870908e-01
13742           	5.21799110e-02	5.22829940e-02	1.60810000e+00	8.56229909e-01	7.51870087e-01
13743           	5.21845197e-02	5.22850780e-02	1.60810775e+00	8.56238393e-01	7.51869353e-01
13744           	5.21895888e-02	5.22874626e-02	1.60811616e+00	8.56247667e-01	7.51868490e-01
13745           	5.21953092e-02	5.22902674e-02	1.60812503e+00	8.56257825e-01	7.51867207e-01
13746           	5.22015478e-02	5.22935560e-02	1.60813553e+00	8.56269311e-01	7.51866215e-01
13747           	5.22082025e-02	5.22973260e-02	1.60814762e+00	8.56282014e-01	7.51865609e-01
13748           	5.22152206e-02	5.23014874e-02	1.60816076e+00	8.56295602e-01	7.51865161e-01
13749           	5.22226135e-02	5.23060258e-02	1.60817478e+00	8.56310003e-01	7.51864776e-01
13750           	5.22304275e-02	5.23109166e-02	1.60818946e+00	8.56325158e-01	7.51864303e-01
13751           	5.22387353e-02	5.23161290e-02	1.60820480e+00	8.56341135e-01	7.51863664e-01
13752           	5.22473742e-02	5.23215948e-02	1.60822067e+00	8.56357709e-01	7.51862960e-01
13753           	5.22564468e-02	5.23273818e-02	1.60823726e+00	8.56375077e-01	7.51862183e-01
13754           	5.22652001e-02	5.23331207e-02	1.60825359e+00	8.56391993e-01	7.51861593e-01
13755           	5.22744517e-02	5.23392122e-02	1.60827075e+00	8.56409827e-01	7.51860924e-01
13756           	5.22844259e-02	5.23458243e-02	1.60828912e+00	8.56428985e-01	7.51860133e-01
13757           	5.22936994e-02	5.23521439e-02	1.60830648e+00	8.56446937e-01	7.51859538e-01
13758           	5.23034858e-02	5.23589764e-02	1.60832491e+00	8.56465938e-01	7.51858967e-01
13759           	5.23135748e-02	5.23660850e-02	1.60834388e+00	8.56485515e-01	7.51858366e-01
13760           	5.23238486e-02	5.23734569e-02	1.60836339e+00	8.56505546e-01	7.51857849e-01
13761           	5.23354883e-02	5.23817831e-02	1.60838570e+00	8.56528339e-01	7.51857362e-01
13762           	5.23457733e-02	5.23893244e-02	1.60840557e+00	8.56548556e-01	7.51857010e-01
13763           	5.23548909e-02	5.23961974e-02	1.60842340e+00	8.56566589e-01	7.51856807e-01
13764           	5.23643588e-02	5.24034170e-02	1.60844221e+00	8.56585462e-01	7.51856744e-01
13765           	5.23738109e-02	5.24105841e-02	1.60846092e+00	8.56604272e-01	7.51856650e-01
13766           	5.23833174e-02	5.24179359e-02	1.60848002e+00	8.56623329e-01	7.51856694e-01
13767           	5.23943933e-02	5.24263633e-02	1.60850265e+00	8.56645716e-01	7.51856930e-01
13768           	5.24030213e-02	5.24332184e-02	1.60852011e+00	8.56663076e-01	7.51857034e-01
13769           	5.24109810e-02	5.24397339e-02	1.60853642e+00	8.56679191e-01	7.51857229e-01
13770           	5.24202148e-02	5.24472029e-02	1.60855578e+00	8.56698102e-01	7.51857673e-01
13771           	5.24268598e-02	5.24529739e-02	1.60856952e+00	8.56711618e-01	7.51857899e-01
13772           	5.24330491e-02	5.24584408e-02	1.60858237e+00	8.56724232e-01	7.51858134e-01
13773           	5.24399713e-02	5.24644897e-02	1.60859706e+00	8.56738502e-01	7.51858559e-01
13774           	5.24447218e-02	5.24690296e-02	1.60860693e+00	8.56748185e-01	7.51858742e-01
13775           	5.24493054e-02	5.24735581e-02	1.60861675e+00	8.56757682e-01	7.51859071e-01
13776           	5.24535713e-02	5.24778445e-02	1.60862594e+00	8.56766543e-01	7.51859400e-01
13777           	5.24574008e-02	5.24819102e-02	1.60863453e+00	8.56774666e-01	7.51859864e-01
13778           	5.24623496e-02	5.24869379e-02	1.60864631e+00	8.56785504e-01	7.51860804e-01
13779           	5.24649234e-02	5.24902134e-02	1.60865282e+00	8.56791332e-01	7.51861485e-01
13780           	5.24657427e-02	5.24922053e-02	1.60865549e+00	8.56793486e-01	7.51862001e-01
13781           	5.24656004e-02	5.24935684e-02	1.60865618e+00	8.56793690e-01	7.51862489e-01
13782           	5.24652234e-02	5.24949518e-02	1.60865690e+00	8.56793671e-01	7.51863224e-01
13783           	5.24647717e-02	5.24963647e-02	1.60865792e+00	8.56793730e-01	7.51864187e-01
13784           	5.24630024e-02	5.24967513e-02	1.60865570e+00	8.56790853e-01	7.51864848e-01
13785           	5.24601369e-02	5.24962570e-02	1.60865101e+00	8.56785641e-01	7.51865367e-01
13786           	5.24567926e-02	5.24953520e-02	1.60864556e+00	8.56779574e-01	7.51865988e-01
13787           	5.24529352e-02	5.24941093e-02	1.60863914e+00	8.56772507e-01	7.51866637e-01
13788           	5.24483057e-02	5.24922469e-02	1.60863107e+00	8.56763838e-01	7.51867227e-01
13789           	5.24429782e-02	5.24898173e-02	1.60862146e+00	8.56753708e-01	7.51867752e-01
13790           	5.24372258e-02	5.24871117e-02	1.60861117e+00	8.56742811e-01	7.51868359e-01
13791           	5.24309731e-02	5.24841008e-02	1.60859989e+00	8.56730919e-01	7.51868973e-01
13792           	5.24241551e-02	5.24806198e-02	1.60858730e+00	8.56717807e-01	7.51869497e-01
13793           	5.24168330e-02	5.24767802e-02	1.60857376e+00	8.56703715e-01	7.51870048e-01
13794           	5.24091088e-02	5.24726539e-02	1.60855936e+00	8.56688786e-01	7.51870569e-01
13795           	5.24010198e-02	5.24681368e-02	1.60854401e+00	8.56673024e-01	7.51870985e-01
13796           	5.23924390e-02	5.24632066e-02	1.60852771e+00	8.56656293e-01	7.51871415e-01
13797           	5.23836490e-02	5.24580829e-02	1.60851097e+00	8.56639133e-01	7.51871835e-01
13798           	5.23748779e-02	5.24528547e-02	1.60849407e+00	8.56621913e-01	7.51872157e-01
13799           	5.23660987e-02	5.24475029e-02	1.60847704e+00	8.56604620e-01	7.51872423e-01
13800           	5.23567893e-02	5.24416741e-02	1.60845903e+00	8.56586306e-01	7.51872727e-01
13801           	5.23476009e-02	5.24359117e-02	1.60844128e+00	8.56568240e-01	7.51873038e-01
13802           	5.23385652e-02	5.24301536e-02	1.60842371e+00	8.56550422e-01	7.51873292e-01
13803           	5.23296756e-02	5.24244033e-02	1.60840637e+00	8.56532859e-01	7.51873508e-01
13804           	5.23203841e-02	5.24183062e-02	1.60838823e+00	8.56514500e-01	7.51873732e-01
13805           	5.23113793e-02	5.24123899e-02	1.60837070e+00	8.56496730e-01	7.51873972e-01
13806           	5.23026511e-02	5.24065763e-02	1.60835366e+00	8.56479482e-01	7.51874180e-01
13807           	5.22942853e-02	5.24009530e-02	1.60833730e+00	8.56462938e-01	7.51874367e-01
13808           	5.22855677e-02	5.23949912e-02	1.60832025e+00	8.56445693e-01	7.51874558e-01
13809           	5.22773175e-02	5.23893167e-02	1.60830422e+00	8.56429425e-01	7.51874790e-01
13810           	5.22695305e-02	5.23838900e-02	1.60828908e+00	8.56414070e-01	7.51875009e-01
13811           	5.22621310e-02	5.23786558e-02	1.60827473e+00	8.56399494e-01	7.51875232e-01
13812           	5.22550172e-02	5.23735430e-02	1.60826098e+00	8.56385508e-01	7.51875474e-01
13813           	5.22481882e-02	5.23685660e-02	1.60824785e+00	8.56372111e-01	7.51875734e-01
13814           	5.22409932e-02	5.23632234e-02	1.60823395e+00	8.56357966e-01	7.51875979e-01
13815           	5.22343264e-02	5.23582222e-02	1.60822122e+00	8.56344934e-01	7.51876281e-01
13816           	5.22280393e-02	5.23534211e-02	1.60820921e+00	8.56332642e-01	7.51876563e-01
13817           	5.22220862e-02	5.23487862e-02	1.60819783e+00	8.56321001e-01	7.51876829e-01
13818           	5.22164121e-02	5.23442748e-02	1.60818699e+00	8.56309905e-01	7.51877081e-01
13819           	5.22110243e-02	5.23398925e-02	1.60817667e+00	8.56299359e-01	7.51877310e-01
13820           	5.22058551e-02	5.23355848e-02	1.60816676e+00	8.56289235e-01	7.51877525e-01
13821           	5.22003817e-02	5.23309222e-02	1.60815603e+00	8.56278396e-01	7.51877633e-01
13822           	5.21954837e-02	5.23266481e-02	1.60814656e+00	8.56268764e-01	7.51877797e-01
13823           	5.21909517e-02	5.23225611e-02	1.60813779e+00	8.56259847e-01	7.51877943e-01
13824           	5.21867740e-02	5.23186570e-02	1.60812970e+00	8.56251625e-01	7.51878077e-01
13825           	5.21829291e-02	5.23149254e-02	1.60812225e+00	8.56244052e-01	7.51878194e-01
13826           	5.21793437e-02	5.23113183e-02	1.60811528e+00	8.56236985e-01	7.51878298e-01
13827           	5.21755672e-02	5.23074472e-02	1.60810763e+00	8.56229384e-01	7.51878250e-01
13828           	5.21722588e-02	5.23039231e-02	1.60810107e+00	8.56222794e-01	7.51878277e-01
13829           	5.21693378e-02	5.23006298e-02	1.60809525e+00	8.56216963e-01	7.51878287e-01
13830           	5.21668144e-02	5.22975797e-02	1.60809019e+00	8.56211908e-01	7.51878280e-01
13831           	5.21646481e-02	5.22947421e-02	1.60808578e+00	8.56207539e-01	7.51878243e-01
13832           	5.21624244e-02	5.22917503e-02	1.60808085e+00	8.56202848e-01	7.51877999e-01
13833           	5.21606447e-02	5.22891207e-02	1.60807693e+00	8.56199111e-01	7.51877822e-01
13834           	5.21593093e-02	5.22867862e-02	1.60807386e+00	8.56196237e-01	7.51877618e-01
13835           	5.21584291e-02	5.22847666e-02	1.60807165e+00	8.56194256e-01	7.51877398e-01
13836           	5.21576636e-02	5.22827466e-02	1.60806923e+00	8.56192278e-01	7.51876951e-01
13837           	5.21573330e-02	5.22810970e-02	1.60806782e+00	8.56191244e-01	7.51876578e-01
13838           	5.21575092e-02	5.22798104e-02	1.60806741e+00	8.56191216e-01	7.51876197e-01
13839           	5.21582167e-02	5.22789146e-02	1.60806805e+00	8.56192241e-01	7.51875808e-01
13840           	5.21590818e-02	5.22780465e-02	1.60806853e+00	8.56193347e-01	7.51875183e-01
13841           	5.21604076e-02	5.22775896e-02	1.60807010e+00	8.56195459e-01	7.51874644e-01
13842           	5.21622990e-02	5.22775633e-02	1.60807281e+00	8.56198705e-01	7.51874107e-01
13843           	5.21644625e-02	5.22776622e-02	1.60807564e+00	8.56202282e-01	7.51873357e-01
13844           	5.21671045e-02	5.22782033e-02	1.60807961e+00	8.56206909e-01	7.51872700e-01
13845           	5.21703417e-02	5.22792166e-02	1.60808483e+00	8.56212759e-01	7.51872075e-01
13846           	5.21738943e-02	5.22803959e-02	1.60809030e+00	8.56219046e-01	7.51871257e-01
13847           	5.21778855e-02	5.22819957e-02	1.60809684e+00	8.56226307e-01	7.51870536e-01
13848           	5.21824316e-02	5.22840505e-02	1.60810460e+00	8.56234730e-01	7.51869867e-01
13849           	5.21873397e-02	5.22863065e-02	1.60811273e+00	8.56243706e-01	7.51869027e-01
13850           	5.21926784e-02	5.22889834e-02	1.60812191e+00	8.56253633e-01	7.51868276e-01
13851           	5.21986142e-02	5.22920749e-02	1.60813203e+00	8.56264628e-01	7.51867400e-01
13852           	5.22052315e-02	5.22955938e-02	1.60814276e+00	8.56276610e-01	7.51866147e-01
13853           	5.22121493e-02	5.22995274e-02	1.60815500e+00	8.56289648e-01	7.51865350e-01
13854           	5.22195079e-02	5.23039303e-02	1.60816846e+00	8.56303739e-01	7.51864723e-01
13855           	5.22270048e-02	5.23085549e-02	1.60818252e+00	8.56318267e-01	7.51864258e-01
13856           	5.22349071e-02	5.23134547e-02	1.60819727e+00	8.56333543e-01	7.51863729e-01
13857           	5.22435842e-02	5.23189098e-02	1.60821324e+00	8.56350204e-01	7.51863036e-01
13858           	5.22520774e-02	5.23243979e-02	1.60822920e+00	8.56366678e-01	7.51862523e-01
13859           	5.22609695e-02	5.23302405e-02	1.60824588e+00	8.56383910e-01	7.51861971e-01
13860           	5.22705750e-02	5.23365769e-02	1.60826371e+00	8.56402432e-01	7.51861282e-01
13861           	5.22801765e-02	5.23430193e-02	1.60828161e+00	8.56420980e-01	7.51860627e-01
13862           	5.22899248e-02	5.23496124e-02	1.60829977e+00	8.56439812e-01	7.51859963e-01
13863           	5.22996155e-02	5.23563268e-02	1.60831805e+00	8.56458643e-01	7.51859412e-01
13864           	5.23115726e-02	5.23645398e-02	1.60834055e+00	8.56481846e-01	7.51858701e-01
13865           	5.23219312e-02	5.23719511e-02	1.60836038e+00	8.56502122e-01	7.51858259e-01
13866           	5.23316402e-02	5.23790300e-02	1.60837912e+00	8.56521202e-01	7.51857921e-01
13867           	5.23409611e-02	5.23859326e-02	1.60839721e+00	8.56539565e-01	7.51857643e-01
13868           	5.23503199e-02	5.23929791e-02	1.60841553e+00	8.56558086e-01	7.51857446e-01
13869           	5.23608234e-02	5.24007796e-02	1.60843621e+00	8.56578931e-01	7.51857284e-01
13870           	5.23699666e-02	5.24077073e-02	1.60845416e+00	8.56597045e-01	7.51857112e-01
13871           	5.23792081e-02	5.24147236e-02	1.60847231e+00	8.56615364e-01	7.51856948e-01
13872           	5.23879800e-02	5.24215563e-02	1.60848972e+00	8.56632840e-01	7.51856880e-01
13873           	5.23991210e-02	5.24300577e-02	1.60851248e+00	8.56655363e-01	7.51857121e-01
13874           	5.24067685e-02	5.24363033e-02	1.60852783e+00	8.56670682e-01	7.51857144e-01
13875           	5.24143041e-02	5.24424934e-02	1.60854306e+00	8.56685833e-01	7.51857224e-01
13876           	5.24220436e-02	5.24489269e-02	1.60855889e+00	8.56701490e-01	7.51857403e-01
13877           	5.24292884e-02	5.24550712e-02	1.60857388e+00	8.56716228e-01	7.51857651e-01
13878           	5.24353080e-02	5.24604687e-02	1.60858637e+00	8.56728494e-01	7.51857878e-01
13879           	5.24417049e-02	5.24662326e-02	1.60860003e+00	8.56741721e-01	7.51858311e-01
13880           	5.24475629e-02	5.24716115e-02	1.60861269e+00	8.56753908e-01	7.51858782e-01
13881           	5.24521236e-02	5.24761026e-02	1.60862255e+00	8.56763399e-01	7.51859152e-01
13882           	5.24570970e-02	5.24809573e-02	1.60863381e+00	8.56774003e-01	7.51859809e-01
13883           	5.24601901e-02	5.24844948e-02	1.60864101e+00	8.56780695e-01	7.51860314e-01
13884           	5.24630678e-02	5.24880809e-02	1.60864828e+00	8.56787209e-01	7.51861073e-01
13885           	5.24650942e-02	5.24910538e-02	1.60865376e+00	8.56791977e-01	7.51861788e-01
13886           	5.24659544e-02	5.24932030e-02	1.60865681e+00	8.56794360e-01	7.51862452e-01
13887           	5.24664513e-02	5.24952580e-02	1.60865958e+00	8.56796240e-01	7.51863337e-01
13888           	5.24654744e-02	5.24961369e-02	1.60865879e+00	8.56794871e-01	7.51863922e-01
13889           	5.24643027e-02	5.24969974e-02	1.60865824e+00	8.56793421e-01	7.51864815e-01
13890           	5.24618571e-02	5.24968590e-02	1.60865471e+00	8.56789213e-01	7.51865499e-01
13891           	5.24588126e-02	5.24962331e-02	1.60865008e+00	8.56783851e-01	7.51866226e-01
13892           	5.24550414e-02	5.24950627e-02	1.60864392e+00	8.56777003e-01	7.51866920e-01
13893           	5.24505054e-02	5.24933007e-02	1.60863600e+00	8.56768507e-01	7.51867496e-01
13894           	5.24453672e-02	5.24910816e-02	1.60862695e+00	8.56758841e-01	7.51868107e-01
13895           	5.24395375e-02	5.24882423e-02	1.60861604e+00	8.56747558e-01	7.51868483e-01
13896           	5.24332073e-02	5.24851286e-02	1.60860439e+00	8.56735401e-01	7.51868987e-01
13897           	5.24263562e-02	5.24815616e-02	1.60859138e+00	8.56722047e-01	7.51869335e-01
13898           	5.24189832e-02	5.24777060e-02	1.60857763e+00	8.56707797e-01	7.51869831e-01
13899           	5.24113000e-02	5.24735625e-02	1.60856311e+00	8.56692856e-01	7.51870256e-01
13900           	5.24033518e-02	5.24691316e-02	1.60854793e+00	8.56677319e-01	7.51870616e-01
13901           	5.23950443e-02	5.24645038e-02	1.60853232e+00	8.56661205e-01	7.51871117e-01
13902           	5.23864662e-02	5.24595637e-02	1.60851609e+00	8.56644511e-01	7.51871578e-01
13903           	5.23777459e-02	5.24543620e-02	1.60849942e+00	8.56627455e-01	7.51871963e-01
13904           	5.23690758e-02	5.24490763e-02	1.60848269e+00	8.56610419e-01	7.51872268e-01
13905           	5.23599822e-02	5.24434878e-02	1.60846531e+00	8.56592638e-01	7.51872673e-01
13906           	5.23508004e-02	5.24377117e-02	1.60844762e+00	8.56574609e-01	7.51873008e-01
13907           	5.23418137e-02	5.24319910e-02	1.60843014e+00	8.56556886e-01	7.51873258e-01
13908           	5.23330147e-02	5.24263248e-02	1.60841294e+00	8.56539483e-01	7.51873454e-01
13909           	5.23237916e-02	5.24203730e-02	1.60839506e+00	8.56521320e-01	7.51873737e-01
13910           	5.23147802e-02	5.24144815e-02	1.60837747e+00	8.56503513e-01	7.51873952e-01
13911           	5.23060584e-02	5.24087124e-02	1.60836039e+00	8.56486251e-01	7.51874134e-01
13912           	5.22977148e-02	5.24031489e-02	1.60834403e+00	8.56469729e-01	7.51874300e-01
13913           	5.22890580e-02	5.23973637e-02	1.60832722e+00	8.56452670e-01	7.51874554e-01
13914           	5.22807261e-02	5.23916693e-02	1.60831099e+00	8.56436220e-01	7.51874768e-01
13915           	5.22728518e-02	5.23862088e-02	1.60829564e+00	8.56420670e-01	7.51874967e-01
13916           	5.22653645e-02	5.23809305e-02	1.60828108e+00	8.56405902e-01	7.51875173e-01
13917           	5.22581560e-02	5.23757595e-02	1.60826712e+00	8.56391716e-01	7.51875404e-01
13918           	5.22506836e-02	5.23703875e-02	1.60825276e+00	8.56377063e-01	7.51875696e-01
13919           	5.22436626e-02	5.23652129e-02	1.60823922e+00	8.56363273e-01	7.51875948e-01
13920           	5.22369900e-02	5.23602063e-02	1.60822638e+00	8.56350180e-01	7.51876200e-01
13921           	5.22307276e-02	5.23554228e-02	1.60821436e+00	8.56337905e-01	7.51876450e-01
13922           	5.22247740e-02	5.23507870e-02	1.60820296e+00	8.56326255e-01	7.51876707e-01
13923           	5.22190597e-02	5.23462472e-02	1.60819206e+00	8.56315091e-01	7.51876971e-01
13924           	5.22136023e-02	5.23418247e-02	1.60818166e+00	8.56304435e-01	7.51877230e-01
13925           	5.22083330e-02	5.23374703e-02	1.60817163e+00	8.56294149e-01	7.51877483e-01
13926           	5.22027486e-02	5.23328587e-02	1.60816092e+00	8.56283206e-01	7.51877709e-01
13927           	5.21976894e-02	5.23285199e-02	1.60815113e+00	8.56273253e-01	7.51877875e-01
13928           	5.21929951e-02	5.23243700e-02	1.60814203e+00	8.56264009e-01	7.51878019e-01
13929           	5.21886711e-02	5.23204044e-02	1.60813364e+00	8.56255492e-01	7.51878150e-01
13930           	5.21847017e-02	5.23166092e-02	1.60812592e+00	8.56247664e-01	7.51878260e-01
13931           	5.21810061e-02	5.23129322e-02	1.60811873e+00	8.56240370e-01	7.51878358e-01
13932           	5.21775566e-02	5.23093647e-02	1.60811200e+00	8.56233555e-01	7.51878442e-01
13933           	5.21739630e-02	5.23056487e-02	1.60810478e+00	8.56226352e-01	7.51878426e-01
13934           	5.21708025e-02	5.23021727e-02	1.60809838e+00	8.56219992e-01	7.51878387e-01
13935           	5.21680300e-02	5.22989367e-02	1.60809272e+00	8.56214390e-01	7.51878330e-01
13936           	5.21656516e-02	5.22959396e-02	1.60808781e+00	8.56209558e-01	7.51878254e-01
13937           	5.21636365e-02	5.22931657e-02	1.60808359e+00	8.56205434e-01	7.51878161e-01
13938           	5.21616245e-02	5.22903715e-02	1.60807912e+00	8.56201186e-01	7.51877937e-01
13939           	5.21600339e-02	5.22878270e-02	1.60807545e+00	8.56197758e-01	7.51877690e-01
13940           	5.21589089e-02	5.22856111e-02	1.60807269e+00	8.56195255e-01	7.51877437e-01
13941           	5.21582791e-02	5.22837532e-02	1.60807092e+00	8.56193741e-01	7.51877183e-01
13942           	5.21577681e-02	5.22819794e-02	1.60806911e+00	8.56192324e-01	7.51876788e-01
13943           	5.21576932e-02	5.22804871e-02	1.60806815e+00	8.56191766e-01	7.51876379e-01
13944           	5.21581678e-02	5.22794024e-02	1.60806827e+00	8.56192304e-01	7.51875969e-01
13945           	5.21591084e-02	5.22786546e-02	1.60806933e+00	8.56193774e-01	7.51875557e-01
13946           	5.21602802e-02	5.22780940e-02	1.60807056e+00	8.56195559e-01	7.51874998e-01
13947           	5.21619216e-02	5.22778567e-02	1.60807268e+00	8.56198262e-01	7.51874419e-01
13948           	5.21640388e-02	5.22779756e-02	1.60807577e+00	8.56201922e-01	7.51873845e-01
13949           	5.21664966e-02	5.22783742e-02	1.60807927e+00	8.56206134e-01	7.51873140e-01
13950           	5.21694507e-02	5.22791289e-02	1.60808377e+00	8.56211337e-01	7.51872436e-01
13951           	5.21728724e-02	5.22802446e-02	1.60808927e+00	8.56217508e-01	7.51871763e-01
13952           	5.21766906e-02	5.22816893e-02	1.60809535e+00	8.56224366e-01	7.51870985e-01
13953           	5.21809823e-02	5.22834841e-02	1.60810239e+00	8.56232177e-01	7.51870212e-01
13954           	5.21856954e-02	5.22856263e-02	1.60811039e+00	8.56240890e-01	7.51869499e-01
13955           	5.21908774e-02	5.22881644e-02	1.60811916e+00	8.56250458e-01	7.51868703e-01
13956           	5.21965542e-02	5.22910798e-02	1.60812892e+00	8.56261014e-01	7.51867905e-01
13957           	5.22027111e-02	5.22944008e-02	1.60813955e+00	8.56272488e-01	7.51867066e-01
13958           	5.22096682e-02	5.22981938e-02	1.60815096e+00	8.56285147e-01	7.51865811e-01
13959           	5.22169127e-02	5.23024241e-02	1.60816388e+00	8.56298852e-01	7.51865027e-01
13960           	5.22244069e-02	5.23069141e-02	1.60817759e+00	8.56313201e-01	7.51864387e-01
13961           	5.22320956e-02	5.23116405e-02	1.60819195e+00	8.56328072e-01	7.51863881e-01
13962           	5.22400340e-02	5.23166653e-02	1.60820698e+00	8.56343524e-01	7.51863456e-01
13963           	5.22484089e-02	5.23220641e-02	1.60822275e+00	8.56359786e-01	7.51862968e-01
13964           	5.22573166e-02	5.23278368e-02	1.60823932e+00	8.56376974e-01	7.51862341e-01
13965           	5.22666249e-02	5.23339409e-02	1.60825655e+00	8.56394899e-01	7.51861649e-01
13966           	5.22761802e-02	5.23403115e-02	1.60827429e+00	8.56413324e-01	7.51860963e-01
13967           	5.22858581e-02	5.23469049e-02	1.60829246e+00	8.56432088e-01	7.51860371e-01
13968           	5.22973005e-02	5.23546061e-02	1.60831368e+00	8.56454140e-01	7.51859539e-01
13969           	5.23072269e-02	5.23615787e-02	1.60833256e+00	8.56473505e-01	7.51859052e-01
13970           	5.23170327e-02	5.23685403e-02	1.60835130e+00	8.56492684e-01	7.51858618e-01
13971           	5.23264639e-02	5.23753411e-02	1.60836942e+00	8.56511173e-01	7.51858245e-01
13972           	5.23361125e-02	5.23824450e-02	1.60838816e+00	8.56530191e-01	7.51857966e-01
13973           	5.23470081e-02	5.23904248e-02	1.60840937e+00	8.56551692e-01	7.51857676e-01
13974           	5.23562023e-02	5.23974012e-02	1.60842733e+00	8.56569868e-01	7.51857463e-01
13975           	5.23655371e-02	5.24044162e-02	1.60844554e+00	8.56588308e-01	7.51857234e-01
13976           	5.23751286e-02	5.24116830e-02	1.60846435e+00	8.56607303e-01	7.51857046e-01
13977           	5.23845308e-02	5.24188228e-02	1.60848287e+00	8.56625964e-01	7.51856903e-01
13978           	5.23955377e-02	5.24271279e-02	1.60850507e+00	8.56648073e-01	7.51856998e-01
13979           	5.24041795e-02	5.24340360e-02	1.60852259e+00	8.56665477e-01	7.51857118e-01
13980           	5.24114178e-02	5.24400700e-02	1.60853729e+00	8.56680065e-01	7.51857229e-01
13981           	5.24188875e-02	5.24462572e-02	1.60855258e+00	8.56695180e-01	7.51857405e-01
13982           	5.24260657e-02	5.24523945e-02	1.60856747e+00	8.56709801e-01	7.51857670e-01
13983           	5.24331824e-02	5.24584761e-02	1.60858235e+00	8.56724356e-01	7.51857991e-01
13984           	5.24420870e-02	5.24659745e-02	1.60860172e+00	8.56742946e-01	7.51858772e-01
13985           	5.24472871e-02	5.24708669e-02	1.60861280e+00	8.56753686e-01	7.51859112e-01
13986           	5.24512305e-02	5.24749476e-02	1.60862129e+00	8.56761875e-01	7.51859414e-01
13987           	5.24551352e-02	5.24791612e-02	1.60863014e+00	8.56770204e-01	7.51859934e-01
13988           	5.24583562e-02	5.24828603e-02	1.60863748e+00	8.56777095e-01	7.51860383e-01
13989           	5.24606576e-02	5.24859225e-02	1.60864293e+00	8.56782121e-01	7.51860806e-01
13990           	5.24628990e-02	5.24890619e-02	1.60864876e+00	8.56787278e-01	7.51861480e-01
13991           	5.24644347e-02	5.24915988e-02	1.60865309e+00	8.56790980e-01	7.51862110e-01
13992           	5.24649382e-02	5.24934038e-02	1.60865525e+00	8.56792564e-01	7.51862687e-01
13993           	5.24651306e-02	5.24951211e-02	1.60865731e+00	8.56793785e-01	7.51863523e-01
13994           	5.24644071e-02	5.24960962e-02	1.60865737e+00	8.56793091e-01	7.51864277e-01
13995           	5.24626349e-02	5.24963404e-02	1.60865517e+00	8.56790221e-01	7.51864951e-01
13996           	5.24603195e-02	5.24963478e-02	1.60865232e+00	8.56786479e-01	7.51865840e-01
13997           	5.24570722e-02	5.24955964e-02	1.60864734e+00	8.56780743e-01	7.51866598e-01
13998           	5.24529259e-02	5.24941909e-02	1.60864032e+00	8.56773086e-01	7.51867234e-01
13999           	5.24481454e-02	5.24924463e-02	1.60863234e+00	8.56764316e-01	7.51868025e-01
14000           	5.24425767e-02	5.24900028e-02	1.60862248e+00	8.56753817e-01	7.51868663e-01
14001           	5.24363633e-02	5.24870269e-02	1.60861104e+00	8.56741884e-01	7.51869158e-01
14002           	5.24295608e-02	5.24836851e-02	1.60859865e+00	8.56728886e-01	7.51869765e-01
14003           	5.24223503e-02	5.24799294e-02	1.60858515e+00	8.56714926e-01	7.51870226e-01
14004           	5.24147696e-02	5.24757814e-02	1.60857064e+00	8.56700091e-01	7.51870552e-01
14005           	5.24066687e-02	5.24712650e-02	1.60855530e+00	8.56684317e-01	7.51870980e-01
14006           	5.23983393e-02	5.24664532e-02	1.60853927e+00	8.56667973e-01	7.51871295e-01
14007           	5.23899020e-02	5.24614435e-02	1.60852283e+00	8.56651318e-01	7.51871514e-01
14008           	5.23813554e-02	5.24562545e-02	1.60850610e+00	8.56634404e-01	7.51871693e-01
14009           	5.23724237e-02	5.24508637e-02	1.60848891e+00	8.56616877e-01	7.51872030e-01
14010           	5.23634223e-02	5.24453162e-02	1.60847147e+00	8.56599157e-01	7.51872312e-01
14011           	5.23544652e-02	5.24397218e-02	1.60845409e+00	8.56581509e-01	7.51872579e-01
14012           	5.23451954e-02	5.24339612e-02	1.60843635e+00	8.56563369e-01	7.51872978e-01
14013           	5.23360008e-02	5.24281302e-02	1.60841862e+00	8.56545309e-01	7.51873308e-01
14014           	5.23271773e-02	5.24224907e-02	1.60840152e+00	8.56527938e-01	7.51873583e-01
14015           	5.23186205e-02	5.24169576e-02	1.60838491e+00	8.56511075e-01	7.51873834e-01
14016           	5.23096839e-02	5.24111569e-02	1.60836775e+00	8.56493560e-01	7.51874192e-01
14017           	5.23010720e-02	5.24054537e-02	1.60835106e+00	8.56476603e-01	7.51874459e-01
14018           	5.22927759e-02	5.23998816e-02	1.60833494e+00	8.56460247e-01	7.51874695e-01
14019           	5.22847434e-02	5.23943979e-02	1.60831932e+00	8.56444405e-01	7.51874919e-01
14020           	5.22769856e-02	5.23890343e-02	1.60830425e+00	8.56429110e-01	7.51875139e-01
14021           	5.22688424e-02	5.23833910e-02	1.60828856e+00	8.56413122e-01	7.51875437e-01
14022           	5.22610982e-02	5.23778861e-02	1.60827352e+00	8.56397859e-01	7.51875662e-01
14023           	5.22537284e-02	5.23725696e-02	1.60825919e+00	8.56383325e-01	7.51875868e-01
14024           	5.22466858e-02	5.23674021e-02	1.60824552e+00	8.56369444e-01	7.51876073e-01
14025           	5.22399242e-02	5.23623486e-02	1.60823242e+00	8.56356134e-01	7.51876286e-01
14026           	5.22334846e-02	5.23574540e-02	1.60821998e+00	8.56343475e-01	7.51876505e-01
14027           	5.22267748e-02	5.23523441e-02	1.60820705e+00	8.56330301e-01	7.51876751e-01
14028           	5.22206043e-02	5.23475000e-02	1.60819511e+00	8.56318158e-01	7.51876950e-01
14029           	5.22148587e-02	5.23428873e-02	1.60818399e+00	8.56306851e-01	7.51877134e-01
14030           	5.22094859e-02	5.23384629e-02	1.60817361e+00	8.56296289e-01	7.51877317e-01
14031           	5.22044246e-02	5.23341799e-02	1.60816386e+00	8.56286356e-01	7.51877507e-01
14032           	5.21996908e-02	5.23300601e-02	1.60815478e+00	8.56277079e-01	7.51877698e-01
14033           	5.21952400e-02	5.23260814e-02	1.60814628e+00	8.56268381e-01	7.51877901e-01
14034           	5.21905866e-02	5.23219268e-02	1.60813732e+00	8.56259248e-01	7.51878075e-01
14035           	5.21863981e-02	5.23180182e-02	1.60812923e+00	8.56251013e-01	7.51878217e-01
14036           	5.21825035e-02	5.23142629e-02	1.60812170e+00	8.56243355e-01	7.51878348e-01
14037           	5.21789067e-02	5.23106601e-02	1.60811475e+00	8.56236284e-01	7.51878470e-01
14038           	5.21756260e-02	5.23072209e-02	1.60810840e+00	8.56229824e-01	7.51878572e-01
14039           	5.21726216e-02	5.23039221e-02	1.60810255e+00	8.56223897e-01	7.51878653e-01
14040           	5.21694912e-02	5.23004902e-02	1.60809622e+00	8.56217603e-01	7.51878620e-01
14041           	5.21667677e-02	5.22972684e-02	1.60809062e+00	8.56212077e-01	7.51878542e-01
14042           	5.21644244e-02	5.22942759e-02	1.60808571e+00	8.56207278e-01	7.51878429e-01
14043           	5.21625087e-02	5.22915539e-02	1.60808160e+00	8.56203308e-01	7.51878291e-01
14044           	5.21609770e-02	5.22890699e-02	1.60807819e+00	8.56200071e-01	7.51878117e-01
14045           	5.21594715e-02	5.22865858e-02	1.60807452e+00	8.56196734e-01	7.51877791e-01
14046           	5.21584215e-02	5.22843892e-02	1.60807172e+00	8.56194282e-01	7.51877439e-01
14047           	5.21578469e-02	5.22825282e-02	1.60806985e+00	8.56192771e-01	7.51877077e-01
14048           	5.21577629e-02	5.22810250e-02	1.60806896e+00	8.56192243e-01	7.51876717e-01
14049           	5.21578972e-02	5.22796961e-02	1.60806822e+00	8.56192007e-01	7.51876212e-01
14050           	5.21584505e-02	5.22786365e-02	1.60806830e+00	8.56192600e-01	7.51875699e-01
14051           	5.21595323e-02	5.22779769e-02	1.60806946e+00	8.56194263e-01	7.51875198e-01
14052           	5.21609784e-02	5.22776178e-02	1.60807110e+00	8.56196531e-01	7.51874574e-01
14053           	5.21628659e-02	5.22775563e-02	1.60807366e+00	8.56199698e-01	7.51873966e-01
14054           	5.21653155e-02	5.22779303e-02	1.60807742e+00	8.56204023e-01	7.51873392e-01
14055           	5.21681997e-02	5.22786671e-02	1.60808181e+00	8.56209105e-01	7.51872706e-01
14056           	5.21714616e-02	5.22796606e-02	1.60808698e+00	8.56214953e-01	7.51872030e-01
14057           	5.21752198e-02	5.22810559e-02	1.60809324e+00	8.56221838e-01	7.51871398e-01
14058           	5.21794293e-02	5.22828359e-02	1.60810018e+00	8.56229520e-01	7.51870661e-01
14059           	5.21839494e-02	5.22848252e-02	1.60810774e+00	8.56237821e-01	7.51869922e-01
14060           	5.21889277e-02	5.22872029e-02	1.60811633e+00	8.56247090e-01	7.51869235e-01
14061           	5.21944527e-02	5.22900428e-02	1.60812581e+00	8.56257360e-01	7.51868455e-01
14062           	5.22003137e-02	5.22931145e-02	1.60813595e+00	8.56268287e-01	7.51867659e-01
14063           	5.22067242e-02	5.22966544e-02	1.60814709e+00	8.56280268e-01	7.51866819e-01
14064           	5.22140534e-02	5.23007540e-02	1.60815919e+00	8.56293646e-01	7.51865539e-01
14065           	5.22216845e-02	5.23052083e-02	1.60817247e+00	8.56307918e-01	7.51864549e-01
14066           	5.22296675e-02	5.23100532e-02	1.60818693e+00	8.56323132e-01	7.51863797e-01
14067           	5.22379567e-02	5.23152598e-02	1.60820239e+00	8.56339154e-01	7.51863240e-01
14068           	5.22460534e-02	5.23204657e-02	1.60821791e+00	8.56355011e-01	7.51862904e-01
14069           	5.22550054e-02	5.23262580e-02	1.60823484e+00	8.56372425e-01	7.51862414e-01
14070           	5.22637808e-02	5.23320666e-02	1.60825163e+00	8.56389594e-01	7.51862033e-01
14071           	5.22729542e-02	5.23382407e-02	1.60826907e+00	8.56407489e-01	7.51861581e-01
14072           	5.22820182e-02	5.23443948e-02	1.60828623e+00	8.56425132e-01	7.51861095e-01
14073           	5.22915067e-02	5.23509028e-02	1.60830410e+00	8.56443557e-01	7.51860543e-01
14074           	5.23008832e-02	5.23574671e-02	1.60832175e+00	8.56461760e-01	7.51859994e-01
14075           	5.23104978e-02	5.23641391e-02	1.60833966e+00	8.56480330e-01	7.51859334e-01
14076           	5.23213581e-02	5.23716701e-02	1.60835989e+00	8.56501305e-01	7.51858589e-01
14077           	5.23316523e-02	5.23790077e-02	1.60837934e+00	8.56521324e-01	7.51858019e-01
14078           	5.23421610e-02	5.23866589e-02	1.60839941e+00	8.56541867e-01	7.51857545e-01
14079           	5.23522209e-02	5.23940557e-02	1.60841881e+00	8.56561625e-01	7.51857183e-01
14080           	5.23638448e-02	5.24025738e-02	1.60844164e+00	8.56584666e-01	7.51856976e-01
14081           	5.23729337e-02	5.24095358e-02	1.60845956e+00	8.56602713e-01	7.51856846e-01
14082           	5.23820244e-02	5.24166642e-02	1.60847780e+00	8.56620923e-01	7.51856874e-01
14083           	5.23911750e-02	5.24238574e-02	1.60849627e+00	8.56639312e-01	7.51856962e-01
14084           	5.23999261e-02	5.24308915e-02	1.60851415e+00	8.56657003e-01	7.51857150e-01
14085           	5.24083002e-02	5.24377389e-02	1.60853136e+00	8.56673981e-01	7.51857380e-01
14086           	5.24161699e-02	5.24442224e-02	1.60854755e+00	8.56689943e-01	7.51857603e-01
14087           	5.24230119e-02	5.24500411e-02	1.60856156e+00	8.56703793e-01	7.51857770e-01
14088           	5.24300205e-02	5.24560117e-02	1.60857611e+00	8.56718076e-01	7.51858035e-01
14089           	5.24377013e-02	5.24625166e-02	1.60859241e+00	8.56733907e-01	7.51858504e-01
14090           	5.24438846e-02	5.24680029e-02	1.60860559e+00	8.56746678e-01	7.51858909e-01
14091           	5.24503452e-02	5.24737899e-02	1.60861978e+00	8.56760236e-01	7.51859546e-01
14092           	5.24541891e-02	5.24777607e-02	1.60862822e+00	8.56768298e-01	7.51859920e-01
14093           	5.24570377e-02	5.24811230e-02	1.60863463e+00	8.56774351e-01	7.51860276e-01
14094           	5.24598713e-02	5.24846597e-02	1.60864147e+00	8.56780606e-01	7.51860863e-01
14095           	5.24619924e-02	5.24876429e-02	1.60864671e+00	8.56785349e-01	7.51861364e-01
14096           	5.24632579e-02	5.24900266e-02	1.60865020e+00	8.56788360e-01	7.51861844e-01
14097           	5.24644627e-02	5.24925323e-02	1.60865409e+00	8.56791510e-01	7.51862585e-01
14098           	5.24649008e-02	5.24943972e-02	1.60865633e+00	8.56793067e-01	7.51863266e-01
14099           	5.24642362e-02	5.24954250e-02	1.60865626e+00	8.56792369e-01	7.51863896e-01
14100           	5.24631868e-02	5.24963192e-02	1.60865591e+00	8.56791143e-01	7.51864770e-01
14101           	5.24612146e-02	5.24964538e-02	1.60865353e+00	8.56787980e-01	7.51865551e-01
14102           	5.24581200e-02	5.24957267e-02	1.60864870e+00	8.56782469e-01	7.51866229e-01
14103           	5.24544719e-02	5.24947500e-02	1.60864312e+00	8.56776032e-01	7.51867088e-01
14104           	5.24499852e-02	5.24930812e-02	1.60863559e+00	8.56767781e-01	7.51867811e-01
14105           	5.24445948e-02	5.24906893e-02	1.60862597e+00	8.56757582e-01	7.51868392e-01
14106           	5.24386388e-02	5.24880149e-02	1.60861547e+00	8.56746372e-01	7.51869095e-01
14107           	5.24320605e-02	5.24847870e-02	1.60860344e+00	8.56733782e-01	7.51869661e-01
14108           	5.24250432e-02	5.24811676e-02	1.60859022e+00	8.56720152e-01	7.51870065e-01
14109           	5.24175055e-02	5.24772186e-02	1.60857613e+00	8.56705571e-01	7.51870560e-01
14110           	5.24095338e-02	5.24728049e-02	1.60856096e+00	8.56690013e-01	7.51870945e-01
14111           	5.24014118e-02	5.24681576e-02	1.60854521e+00	8.56674016e-01	7.51871192e-01
14112           	5.23931480e-02	5.24632939e-02	1.60852903e+00	8.56657662e-01	7.51871366e-01
14113           	5.23844107e-02	5.24581149e-02	1.60851219e+00	8.56640507e-01	7.51871686e-01
14114           	5.23755941e-02	5.24527751e-02	1.60849508e+00	8.56623136e-01	7.51871947e-01
14115           	5.23667946e-02	5.24473608e-02	1.60847795e+00	8.56605771e-01	7.51872182e-01
14116           	5.23575816e-02	5.24416732e-02	1.60846028e+00	8.56587722e-01	7.51872559e-01
14117           	5.23484068e-02	5.24359136e-02	1.60844259e+00	8.56569700e-01	7.51872886e-01
14118           	5.23394664e-02	5.24302296e-02	1.60842526e+00	8.56552097e-01	7.51873164e-01
14119           	5.23308260e-02	5.24247072e-02	1.60840848e+00	8.56535068e-01	7.51873416e-01
14120           	5.23218385e-02	5.24189746e-02	1.60839126e+00	8.56517467e-01	7.51873790e-01
14121           	5.23130209e-02	5.24132292e-02	1.60837423e+00	8.56500136e-01	7.51874094e-01
14122           	5.23045452e-02	5.24076550e-02	1.60835781e+00	8.56483449e-01	7.51874359e-01
14123           	5.22963338e-02	5.24021874e-02	1.60834188e+00	8.56467275e-01	7.51874608e-01
14124           	5.22877298e-02	5.23964325e-02	1.60832534e+00	8.56450400e-01	7.51874941e-01
14125           	5.22795190e-02	5.23908152e-02	1.60830941e+00	8.56434222e-01	7.51875184e-01
14126           	5.22716596e-02	5.23853494e-02	1.60829412e+00	8.56418718e-01	7.51875398e-01
14127           	5.22641092e-02	5.23800008e-02	1.60827942e+00	8.56403820e-01	7.51875602e-01
14128           	5.22568739e-02	5.23747935e-02	1.60826535e+00	8.56389549e-01	7.51875801e-01
14129           	5.22498508e-02	5.23696574e-02	1.60825173e+00	8.56375717e-01	7.51876016e-01
14130           	5.22424529e-02	5.23642341e-02	1.60823747e+00	8.56361187e-01	7.51876281e-01
14131           	5.22356247e-02	5.23590991e-02	1.60822421e+00	8.56347730e-01	7.51876481e-01
14132           	5.22291690e-02	5.23541559e-02	1.60821169e+00	8.56335014e-01	7.51876676e-01
14133           	5.22230748e-02	5.23493887e-02	1.60819990e+00	8.56323025e-01	7.51876875e-01
14134           	5.22173614e-02	5.23448168e-02	1.60818887e+00	8.56311796e-01	7.51877073e-01
14135           	5.22119383e-02	5.23403757e-02	1.60817844e+00	8.56301156e-01	7.51877280e-01
14136           	5.22067549e-02	5.23360321e-02	1.60816850e+00	8.56291006e-01	7.51877496e-01
14137           	5.22018370e-02	5.23318167e-02	1.60815910e+00	8.56281386e-01	7.51877712e-01
14138           	5.21967029e-02	5.23274238e-02	1.60814922e+00	8.56271312e-01	7.51877906e-01
14139           	5.21920756e-02	5.23233030e-02	1.60814029e+00	8.56262220e-01	7.51878069e-01
14140           	5.21878212e-02	5.23193864e-02	1.60813207e+00	8.56253857e-01	7.51878214e-01
14141           	5.21838984e-02	5.23156372e-02	1.60812450e+00	8.56246147e-01	7.51878350e-01
14142           	5.21802588e-02	5.23120176e-02	1.60811747e+00	8.56238995e-01	7.51878477e-01
14143           	5.21769042e-02	5.23085331e-02	1.60811097e+00	8.56232390e-01	7.51878582e-01
14144           	5.21733970e-02	5.23048928e-02	1.60810398e+00	8.56225387e-01	7.51878593e-01
14145           	5.21703147e-02	5.23014785e-02	1.60809777e+00	8.56219202e-01	7.51878573e-01
14146           	5.21676268e-02	5.22982988e-02	1.60809230e+00	8.56213775e-01	7.51878522e-01
14147           	5.21653189e-02	5.22953481e-02	1.60808753e+00	8.56209086e-01	7.51878449e-01
14148           	5.21633822e-02	5.22926256e-02	1.60808346e+00	8.56205114e-01	7.51878349e-01
14149           	5.21614264e-02	5.22898592e-02	1.60807906e+00	8.56200957e-01	7.51878105e-01
14150           	5.21598825e-02	5.22873384e-02	1.60807543e+00	8.56197596e-01	7.51877831e-01
14151           	5.21588229e-02	5.22851625e-02	1.60807274e+00	8.56195193e-01	7.51877548e-01
14152           	5.21582219e-02	5.22833079e-02	1.60807096e+00	8.56193701e-01	7.51877258e-01
14153           	5.21577565e-02	5.22815572e-02	1.60806917e+00	8.56192342e-01	7.51876829e-01
14154           	5.21577656e-02	5.22801218e-02	1.60806831e+00	8.56191920e-01	7.51876389e-01
14155           	5.21582741e-02	5.22790478e-02	1.60806845e+00	8.56192500e-01	7.51875951e-01
14156           	5.21592833e-02	5.22783489e-02	1.60806961e+00	8.56194090e-01	7.51875523e-01
14157           	5.21605827e-02	5.22778913e-02	1.60807107e+00	8.56196116e-01	7.51874951e-01
14158           	5.21622746e-02	5.22776877e-02	1.60807328e+00	8.56198914e-01	7.51874365e-01
14159           	5.21644885e-02	5.22778876e-02	1.60807656e+00	8.56202767e-01	7.51873790e-01
14160           	5.21671042e-02	5.22784233e-02	1.60808038e+00	8.56207294e-01	7.51873085e-01
14161           	5.21701072e-02	5.22792164e-02	1.60808498e+00	8.56212599e-01	7.51872384e-01
14162           	5.21736263e-02	5.22804178e-02	1.60809068e+00	8.56218968e-01	7.51871715e-01
14163           	5.21776076e-02	5.22820058e-02	1.60809709e+00	8.56226154e-01	7.51870939e-01
14164           	5.21819308e-02	5.22838241e-02	1.60810420e+00	8.56234032e-01	7.51870171e-01
14165           	5.21867370e-02	5.22860470e-02	1.60811239e+00	8.56242934e-01	7.51869460e-01
14166           	5.21920893e-02	5.22887328e-02	1.60812150e+00	8.56252841e-01	7.51868662e-01
14167           	5.21977905e-02	5.22916646e-02	1.60813131e+00	8.56263447e-01	7.51867866e-01
14168           	5.22040475e-02	5.22950719e-02	1.60814215e+00	8.56275123e-01	7.51867028e-01
14169           	5.22111978e-02	5.22990276e-02	1.60815393e+00	8.56288165e-01	7.51865769e-01
14170           	5.22184165e-02	5.23032486e-02	1.60816684e+00	8.56301835e-01	7.51865002e-01
14171           	5.22259717e-02	5.23077975e-02	1.60818066e+00	8.56316303e-01	7.51864360e-01
14172           	5.22338048e-02	5.23126528e-02	1.60819528e+00	8.56331447e-01	7.51863837e-01
14173           	5.22416936e-02	5.23176420e-02	1.60821020e+00	8.56346795e-01	7.51863408e-01
14174           	5.22501181e-02	5.23230930e-02	1.60822607e+00	8.56363152e-01	7.51862916e-01
14175           	5.22591738e-02	5.23290025e-02	1.60824291e+00	8.56380630e-01	7.51862282e-01
14176           	5.22684369e-02	5.23350808e-02	1.60826007e+00	8.56398471e-01	7.51861597e-01
14177           	5.22778168e-02	5.23413143e-02	1.60827749e+00	8.56416560e-01	7.51860926e-01
14178           	5.22874788e-02	5.23479120e-02	1.60829564e+00	8.56435300e-01	7.51860342e-01
14179           	5.22985866e-02	5.23554978e-02	1.60831639e+00	8.56456779e-01	7.51859606e-01
14180           	5.23081545e-02	5.23622754e-02	1.60833460e+00	8.56475455e-01	7.51859146e-01
14181           	5.23179318e-02	5.23692097e-02	1.60835322e+00	8.56494540e-01	7.51858676e-01
14182           	5.23283554e-02	5.23766941e-02	1.60837316e+00	8.56514936e-01	7.51858225e-01
14183           	5.23383360e-02	5.23839345e-02	1.60839238e+00	8.56534525e-01	7.51857853e-01
14184           	5.23486375e-02	5.23914396e-02	1.60841230e+00	8.56554789e-01	7.51857514e-01
14185           	5.23583627e-02	5.23987392e-02	1.60843137e+00	8.56574047e-01	7.51857322e-01
14186           	5.23698003e-02	5.24072488e-02	1.60845415e+00	8.56596877e-01	7.51857276e-01
14187           	5.23789536e-02	5.24143905e-02	1.60847238e+00	8.56615145e-01	7.51857238e-01
14188           	5.23868634e-02	5.24207665e-02	1.60848820e+00	8.56630962e-01	7.51857236e-01
14189           	5.23951376e-02	5.24273172e-02	1.60850475e+00	8.56647514e-01	7.51857239e-01
14190           	5.24041628e-02	5.24344003e-02	1.60852298e+00	8.56665652e-01	7.51857326e-01
14191           	5.24118820e-02	5.24406181e-02	1.60853846e+00	8.56681112e-01	7.51857348e-01
14192           	5.24196187e-02	5.24470023e-02	1.60855434e+00	8.56696787e-01	7.51857549e-01
14193           	5.24274946e-02	5.24535110e-02	1.60857062e+00	8.56712806e-01	7.51857817e-01
14194           	5.24338139e-02	5.24590396e-02	1.60858363e+00	8.56725630e-01	7.51858002e-01
14195           	5.24402540e-02	5.24648265e-02	1.60859728e+00	8.56738895e-01	7.51858387e-01
14196           	5.24462614e-02	5.24703113e-02	1.60861015e+00	8.56751336e-01	7.51858813e-01
14197           	5.24509974e-02	5.24749366e-02	1.60862035e+00	8.56761172e-01	7.51859177e-01
14198           	5.24556893e-02	5.24797049e-02	1.60863097e+00	8.56771175e-01	7.51859797e-01
14199           	5.24596695e-02	5.24839459e-02	1.60864027e+00	8.56779803e-01	7.51860464e-01
14200           	5.24622307e-02	5.24871819e-02	1.60864656e+00	8.56785509e-01	7.51861047e-01
14201           	5.24645097e-02	5.24903959e-02	1.60865277e+00	8.56790896e-01	7.51861877e-01
14202           	5.24658819e-02	5.24929174e-02	1.60865711e+00	8.56794437e-01	7.51862673e-01
14203           	5.24659190e-02	5.24944572e-02	1.60865851e+00	8.56795172e-01	7.51863334e-01
14204           	5.24655413e-02	5.24958647e-02	1.60865944e+00	8.56795261e-01	7.51864178e-01
14205           	5.24642832e-02	5.24965647e-02	1.60865841e+00	8.56793490e-01	7.51864923e-01
14206           	5.24618746e-02	5.24963718e-02	1.60865477e+00	8.56789260e-01	7.51865511e-01
14207           	5.24589890e-02	5.24959710e-02	1.60865047e+00	8.56784225e-01	7.51866247e-01
14208           	5.24553621e-02	5.24949388e-02	1.60864449e+00	8.56777608e-01	7.51866884e-01
14209           	5.24508185e-02	5.24931481e-02	1.60863639e+00	8.56769016e-01	7.51867379e-01
14210           	5.24457795e-02	5.24911080e-02	1.60862757e+00	8.56759566e-01	7.51868007e-01
14211           	5.24401574e-02	5.24885520e-02	1.60861745e+00	8.56748882e-01	7.51868567e-01
14212           	5.24338614e-02	5.24854052e-02	1.60860576e+00	8.56736742e-01	7.51869020e-01
14213           	5.24270775e-02	5.24819882e-02	1.60859331e+00	8.56723731e-01	7.51869576e-01
14214           	5.24199088e-02	5.24781940e-02	1.60857991e+00	8.56709863e-01	7.51870046e-01
14215           	5.24121199e-02	5.24739333e-02	1.60856539e+00	8.56694817e-01	7.51870577e-01
14216           	5.24042551e-02	5.24694686e-02	1.60855032e+00	8.56679413e-01	7.51870903e-01
14217           	5.23962315e-02	5.24647884e-02	1.60853469e+00	8.56663579e-01	7.51871116e-01
14218           	5.23878622e-02	5.24599495e-02	1.60851864e+00	8.56647181e-01	7.51871457e-01
14219           	5.23793107e-02	5.24548963e-02	1.60850215e+00	8.56630387e-01	7.51871766e-01
14220           	5.23706944e-02	5.24497071e-02	1.60848546e+00	8.56613422e-01	7.51872034e-01
14221           	5.23617140e-02	5.24443139e-02	1.60846829e+00	8.56595859e-01	7.51872431e-01
14222           	5.23526066e-02	5.24387129e-02	1.60845080e+00	8.56578004e-01	7.51872791e-01
14223           	5.23436531e-02	5.24330907e-02	1.60843347e+00	8.56560388e-01	7.51873082e-01
14224           	5.23349090e-02	5.24275326e-02	1.60841649e+00	8.56543153e-01	7.51873335e-01
14225           	5.23257530e-02	5.24216900e-02	1.60839891e+00	8.56525208e-01	7.51873702e-01
14226           	5.23167109e-02	5.24157753e-02	1.60838142e+00	8.56507419e-01	7.51873998e-01
14227           	5.23079966e-02	5.24100064e-02	1.60836449e+00	8.56490242e-01	7.51874248e-01
14228           	5.22995544e-02	5.24043433e-02	1.60834807e+00	8.56473590e-01	7.51874481e-01
14229           	5.22908301e-02	5.23984920e-02	1.60833124e+00	8.56456448e-01	7.51874788e-01
14230           	5.22824827e-02	5.23927724e-02	1.60831500e+00	8.56439981e-01	7.51875015e-01
14231           	5.22744922e-02	5.23872127e-02	1.60829942e+00	8.56424201e-01	7.51875217e-01
14232           	5.22669200e-02	5.23818764e-02	1.60828464e+00	8.56409241e-01	7.51875402e-01
14233           	5.22596369e-02	5.23766695e-02	1.60827046e+00	8.56394867e-01	7.51875593e-01
14234           	5.22520019e-02	5.23711947e-02	1.60825569e+00	8.56379848e-01	7.51875844e-01
14235           	5.22448994e-02	5.23659822e-02	1.60824187e+00	8.56365836e-01	7.51876037e-01
14236           	5.22381717e-02	5.23609633e-02	1.60822881e+00	8.56352575e-01	7.51876232e-01
14237           	5.22317985e-02	5.23561166e-02	1.60821648e+00	8.56340037e-01	7.51876440e-01
14238           	5.22257927e-02	5.23514593e-02	1.60820490e+00	8.56328244e-01	7.51876659e-01
14239           	5.22200591e-02	5.23469213e-02	1.60819391e+00	8.56317014e-01	7.51876896e-01
14240           	5.22145419e-02	5.23424624e-02	1.60818339e+00	8.56306235e-01	7.51877151e-01
14241           	5.22092654e-02	5.23381086e-02	1.60817334e+00	8.56295937e-01	7.51877406e-01
14242           	5.22036946e-02	5.23335144e-02	1.60816268e+00	8.56285036e-01	7.51877647e-01
14243           	5.21986042e-02	5.23291594e-02	1.60815290e+00	8.56275053e-01	7.51877844e-01
14244           	5.21939058e-02	5.23250155e-02	1.60814385e+00	8.56265830e-01	7.51878019e-01
14245           	5.21895809e-02	5.23210642e-02	1.60813553e+00	8.56257344e-01	7.51878182e-01
14246           	5.21855730e-02	5.23172605e-02	1.60812781e+00	8.56249479e-01	7.51878333e-01
14247           	5.21818563e-02	5.23135902e-02	1.60812063e+00	8.56242173e-01	7.51878461e-01
14248           	5.21783738e-02	5.23100236e-02	1.60811389e+00	8.56235317e-01	7.51878569e-01
14249           	5.21747129e-02	5.23062879e-02	1.60810659e+00	8.56228007e-01	7.51878581e-01
14250           	5.21714934e-02	5.23027934e-02	1.60810010e+00	8.56221541e-01	7.51878554e-01
14251           	5.21686507e-02	5.22995272e-02	1.60809431e+00	8.56215804e-01	7.51878502e-01
14252           	5.21661971e-02	5.22964964e-02	1.60808926e+00	8.56210825e-01	7.51878431e-01
14253           	5.21641062e-02	5.22936779e-02	1.60808487e+00	8.56206543e-01	7.51878330e-01
14254           	5.21619946e-02	5.22908129e-02	1.60808018e+00	8.56202085e-01	7.51878095e-01
14255           	5.21603244e-02	5.22882139e-02	1.60807633e+00	8.56198488e-01	7.51877840e-01
14256           	5.21591183e-02	5.22859320e-02	1.60807338e+00	8.56195810e-01	7.51877574e-01
14257           	5.21583867e-02	5.22839870e-02	1.60807139e+00	8.56194083e-01	7.51877310e-01
14258           	5.21578171e-02	5.22821666e-02	1.60806946e+00	8.56192545e-01	7.51876911e-01
14259           	5.21576691e-02	5.22806121e-02	1.60806834e+00	8.56191838e-01	7.51876500e-01
14260           	5.21580407e-02	5.22794411e-02	1.60806827e+00	8.56192176e-01	7.51876094e-01
14261           	5.21589458e-02	5.22786740e-02	1.60806928e+00	8.56193586e-01	7.51875694e-01
14262           	5.21600455e-02	5.22780620e-02	1.60807039e+00	8.56195239e-01	7.51875148e-01
14263           	5.21615713e-02	5.22777388e-02	1.60807232e+00	8.56197731e-01	7.51874588e-01
14264           	5.21636577e-02	5.22778529e-02	1.60807538e+00	8.56201349e-01	7.51874034e-01
14265           	5.21660368e-02	5.22782028e-02	1.60807877e+00	8.56205422e-01	7.51873348e-01
14266           	5.21688563e-02	5.22788599e-02	1.60808304e+00	8.56210378e-01	7.51872665e-01
14267           	5.21722530e-02	5.22799756e-02	1.60808852e+00	8.56216513e-01	7.51872007e-01
14268           	5.21759835e-02	5.22813611e-02	1.60809444e+00	8.56223205e-01	7.51871239e-01
14269           	5.21801201e-02	5.22830349e-02	1.60810119e+00	8.56230717e-01	7.51870477e-01
14270           	5.21848076e-02	5.22851682e-02	1.60810914e+00	8.56239379e-01	7.51869763e-01
14271           	5.21898887e-02	5.22876268e-02	1.60811770e+00	8.56248741e-01	7.51868964e-01
14272           	5.21953867e-02	5.22903922e-02	1.60812710e+00	8.56258938e-01	7.51868164e-01
14273           	5.22015132e-02	5.22936922e-02	1.60813765e+00	8.56270340e-01	7.51867313e-01
14274           	5.22083434e-02	5.22973796e-02	1.60814877e+00	8.56282728e-01	7.51866041e-01
14275           	5.22153976e-02	5.23014500e-02	1.60816131e+00	8.56296054e-01	7.51865258e-01
14276           	5.22228918e-02	5.23059376e-02	1.60817499e+00	8.56310386e-01	7.51864603e-01
14277           	5.22305060e-02	5.23105939e-02	1.60818918e+00	8.56325095e-01	7.51864083e-01
14278           	5.22382991e-02	5.23154865e-02	1.60820390e+00	8.56340252e-01	7.51863653e-01
14279           	5.22467089e-02	5.23209116e-02	1.60821972e+00	8.56356571e-01	7.51863154e-01
14280           	5.22555551e-02	5.23266286e-02	1.60823615e+00	8.56373629e-01	7.51862519e-01
14281           	5.22647115e-02	5.23326008e-02	1.60825308e+00	8.56391250e-01	7.51861827e-01
14282           	5.22740800e-02	5.23388105e-02	1.60827045e+00	8.56409306e-01	7.51861146e-01
14283           	5.22835703e-02	5.23452424e-02	1.60828826e+00	8.56427699e-01	7.51860558e-01
14284           	5.22943434e-02	5.23525308e-02	1.60830831e+00	8.56448501e-01	7.51859814e-01
14285           	5.23038330e-02	5.23592139e-02	1.60832635e+00	8.56467006e-01	7.51859340e-01
14286           	5.23136785e-02	5.23661758e-02	1.60834504e+00	8.56486196e-01	7.51858839e-01
14287           	5.23240460e-02	5.23735825e-02	1.60836480e+00	8.56506448e-01	7.51858356e-01
14288           	5.23340945e-02	5.23808415e-02	1.60838408e+00	8.56526134e-01	7.51857945e-01
14289           	5.23445357e-02	5.23884300e-02	1.60840419e+00	8.56546633e-01	7.51857561e-01
14290           	5.23543330e-02	5.23957448e-02	1.60842334e+00	8.56566003e-01	7.51857337e-01
14291           	5.23656238e-02	5.24040957e-02	1.60844573e+00	8.56588488e-01	7.51857240e-01
14292           	5.23748661e-02	5.24112439e-02	1.60846406e+00	8.56606894e-01	7.51857162e-01
14293           	5.23836645e-02	5.24181097e-02	1.60848157e+00	8.56624450e-01	7.51857121e-01
14294           	5.23926448e-02	5.24251417e-02	1.60849959e+00	8.56642437e-01	7.51857148e-01
14295           	5.24007144e-02	5.24316161e-02	1.60851577e+00	8.56658600e-01	7.51857171e-01
14296           	5.24091446e-02	5.24384012e-02	1.60853296e+00	8.56675625e-01	7.51857335e-01
14297           	5.24167535e-02	5.24447034e-02	1.60854849e+00	8.56691001e-01	7.51857493e-01
14298           	5.24235959e-02	5.24505608e-02	1.60856254e+00	8.56704867e-01	7.51857675e-01
14299           	5.24306737e-02	5.24565686e-02	1.60857723e+00	8.56719288e-01	7.51857940e-01
14300           	5.24374998e-02	5.24624773e-02	1.60859150e+00	8.56733248e-01	7.51858248e-01
14301           	5.24435129e-02	5.24679073e-02	1.60860420e+00	8.56745615e-01	7.51858589e-01
14302           	5.24485589e-02	5.24727229e-02	1.60861501e+00	8.56756063e-01	7.51858945e-01
14303           	5.24535826e-02	5.24775415e-02	1.60862604e+00	8.56766604e-01	7.51859439e-01
14304           	5.24579098e-02	5.24819552e-02	1.60863582e+00	8.56775819e-01	7.51859999e-01
14305           	5.24612498e-02	5.24857689e-02	1.60864371e+00	8.56783107e-01	7.51860608e-01
14306           	5.24634693e-02	5.24888503e-02	1.60864941e+00	8.56788174e-01	7.51861235e-01
14307           	5.24653556e-02	5.24917441e-02	1.60865479e+00	8.56792749e-01	7.51862037e-01
14308           	5.24663341e-02	5.24940671e-02	1.60865837e+00	8.56795519e-01	7.51862851e-01
14309           	5.24662560e-02	5.24956579e-02	1.60865982e+00	8.56796164e-01	7.51863652e-01
14310           	5.24650889e-02	5.24964558e-02	1.60865898e+00	8.56794578e-01	7.51864400e-01
14311           	5.24634613e-02	5.24969692e-02	1.60865743e+00	8.56792177e-01	7.51865255e-01
14312           	5.24605373e-02	5.24964157e-02	1.60865267e+00	8.56786870e-01	7.51865796e-01
14313           	5.24574211e-02	5.24958314e-02	1.60864819e+00	8.56781518e-01	7.51866675e-01
14314           	5.24531572e-02	5.24942932e-02	1.60864078e+00	8.56773547e-01	7.51867233e-01
14315           	5.24483039e-02	5.24924041e-02	1.60863240e+00	8.56764504e-01	7.51867896e-01
14316           	5.24427782e-02	5.24899121e-02	1.60862240e+00	8.56753977e-01	7.51868421e-01
14317           	5.24367566e-02	5.24871293e-02	1.60861160e+00	8.56742554e-01	7.51869041e-01
14318           	5.24301857e-02	5.24838262e-02	1.60859937e+00	8.56729869e-01	7.51869498e-01
14319           	5.24231134e-02	5.24800476e-02	1.60858593e+00	8.56716079e-01	7.51869852e-01
14320           	5.24157551e-02	5.24759919e-02	1.60857177e+00	8.56701639e-01	7.51870129e-01
14321           	5.24079203e-02	5.24715553e-02	1.60855682e+00	8.56686330e-01	7.51870490e-01
14322           	5.23999544e-02	5.24670414e-02	1.60854163e+00	8.56670768e-01	7.51870859e-01
14323           	5.23917853e-02	5.24623271e-02	1.60852597e+00	8.56654772e-01	7.51871201e-01
14324           	5.23830601e-02	5.24571779e-02	1.60850936e+00	8.56637742e-01	7.51871622e-01
14325           	5.23746039e-02	5.24521430e-02	1.60849305e+00	8.56621129e-01	7.51871921e-01
14326           	5.23653203e-02	5.24465423e-02	1.60847531e+00	8.56602976e-01	7.51872335e-01
14327           	5.23563562e-02	5.24410036e-02	1.60845792e+00	8.56585314e-01	7.51872602e-01
14328           	5.23471087e-02	5.24352874e-02	1.60844012e+00	8.56567169e-01	7.51872952e-01
14329           	5.23379633e-02	5.24295253e-02	1.60842244e+00	8.56549183e-01	7.51873257e-01
14330           	5.23290317e-02	5.24237919e-02	1.60840511e+00	8.56531585e-01	7.51873522e-01
14331           	5.23203871e-02	5.24181727e-02	1.60838830e+00	8.56514538e-01	7.51873764e-01
14332           	5.23113486e-02	5.24122639e-02	1.60837090e+00	8.56496800e-01	7.51874103e-01
14333           	5.23026937e-02	5.24065224e-02	1.60835417e+00	8.56479778e-01	7.51874391e-01
14334           	5.22943205e-02	5.24008891e-02	1.60833794e+00	8.56463288e-01	7.51874647e-01
14335           	5.22862139e-02	5.23953477e-02	1.60832218e+00	8.56447306e-01	7.51874878e-01
14336           	5.22778208e-02	5.23895901e-02	1.60830592e+00	8.56430781e-01	7.51875140e-01
14337           	5.22698493e-02	5.23840156e-02	1.60829038e+00	8.56415042e-01	7.51875343e-01
14338           	5.22622262e-02	5.23785921e-02	1.60827548e+00	8.56399966e-01	7.51875513e-01
14339           	5.22550218e-02	5.23733890e-02	1.60826137e+00	8.56385706e-01	7.51875662e-01
14340           	5.22481238e-02	5.23683292e-02	1.60824789e+00	8.56372070e-01	7.51875822e-01
14341           	5.22409234e-02	5.23630288e-02	1.60823391e+00	8.56357877e-01	7.51876030e-01
14342           	5.22342635e-02	5.23580069e-02	1.60822097e+00	8.56344746e-01	7.51876219e-01
14343           	5.22279895e-02	5.23531865e-02	1.60820883e+00	8.56332404e-01	7.51876425e-01
14344           	5.22220771e-02	5.23485456e-02	1.60819747e+00	8.56320810e-01	7.51876656e-01
14345           	5.22165307e-02	5.23440948e-02	1.60818687e+00	8.56309966e-01	7.51876905e-01
14346           	5.22112435e-02	5.23397569e-02	1.60817684e+00	8.56299663e-01	7.51877176e-01
14347           	5.22061570e-02	5.23354915e-02	1.60816724e+00	8.56289777e-01	7.51877463e-01
14348           	5.22012998e-02	5.23313284e-02	1.60815810e+00	8.56280348e-01	7.51877748e-01
14349           	5.21961895e-02	5.23269572e-02	1.60814838e+00	8.56270381e-01	7.51878002e-01
14350           	5.21915310e-02	5.23228136e-02	1.60813948e+00	8.56261269e-01	7.51878207e-01
14351           	5.21872283e-02	5.23188557e-02	1.60813120e+00	8.56252829e-01	7.51878372e-01
14352           	5.21832526e-02	5.23150563e-02	1.60812352e+00	8.56245010e-01	7.51878505e-01
14353           	5.21795672e-02	5.23113865e-02	1.60811635e+00	8.56237741e-01	7.51878606e-01
14354           	5.21761834e-02	5.23078586e-02	1.60810970e+00	8.56231035e-01	7.51878668e-01
14355           	5.21726593e-02	5.23041753e-02	1.60810255e+00	8.56223934e-01	7.51878616e-01
14356           	5.21695766e-02	5.23007288e-02	1.60809621e+00	8.56217682e-01	7.51878528e-01
14357           	5.21669047e-02	5.22975270e-02	1.60809063e+00	8.56212220e-01	7.51878411e-01
14358           	5.21646354e-02	5.22945724e-02	1.60808583e+00	8.56207550e-01	7.51878279e-01
14359           	5.21627618e-02	5.22918689e-02	1.60808179e+00	8.56203658e-01	7.51878134e-01
14360           	5.21608896e-02	5.22891410e-02	1.60807749e+00	8.56199635e-01	7.51877856e-01
14361           	5.21594395e-02	5.22866759e-02	1.60807402e+00	8.56196448e-01	7.51877570e-01
14362           	5.21584842e-02	5.22845719e-02	1.60807155e+00	8.56194258e-01	7.51877289e-01
14363           	5.21579918e-02	5.22828001e-02	1.60807002e+00	8.56193000e-01	7.51877016e-01
14364           	5.21576442e-02	5.22811453e-02	1.60806852e+00	8.56191904e-01	7.51876616e-01
14365           	5.21577656e-02	5.22798072e-02	1.60806795e+00	8.56191739e-01	7.51876208e-01
14366           	5.21583754e-02	5.22788243e-02	1.60806835e+00	8.56192552e-01	7.51875801e-01
14367           	5.21594777e-02	5.22782097e-02	1.60806975e+00	8.56194353e-01	7.51875398e-01
14368           	5.21608715e-02	5.22778357e-02	1.60807143e+00	8.56196589e-01	7.51874846e-01
14369           	5.21626442e-02	5.22777025e-02	1.60807383e+00	8.56199558e-01	7.51874269e-01
14370           	5.21649299e-02	5.22779615e-02	1.60807725e+00	8.56203553e-01	7.51873693e-01
14371           	5.21676134e-02	5.22785481e-02	1.60808118e+00	8.56208203e-01	7.51872977e-01
14372           	5.21706758e-02	5.22793830e-02	1.60808586e+00	8.56213606e-01	7.51872254e-01
14373           	5.21742510e-02	5.22806214e-02	1.60809162e+00	8.56220062e-01	7.51871560e-01
14374           	5.21782933e-02	5.22822471e-02	1.60809809e+00	8.56227341e-01	7.51870754e-01
14375           	5.21826810e-02	5.22841075e-02	1.60810528e+00	8.56235319e-01	7.51869957e-01
14376           	5.21875577e-02	5.22863792e-02	1.60811356e+00	8.56244337e-01	7.51869222e-01
14377           	5.21929964e-02	5.22891262e-02	1.60812280e+00	8.56254395e-01	7.51868403e-01
14378           	5.21987933e-02	5.22921315e-02	1.60813277e+00	8.56265178e-01	7.51867591e-01
14379           	5.22051558e-02	5.22956214e-02	1.60814380e+00	8.56277056e-01	7.51866745e-01
14380           	5.22124438e-02	5.22996886e-02	1.60815586e+00	8.56290372e-01	7.51865484e-01
14381           	5.22199857e-02	5.23040884e-02	1.60816907e+00	8.56304523e-01	7.51864552e-01
14382           	5.22276052e-02	5.23087426e-02	1.60818320e+00	8.56319204e-01	7.51863994e-01
14383           	5.22357185e-02	5.23138108e-02	1.60819835e+00	8.56334893e-01	7.51863456e-01
14384           	5.22437476e-02	5.23189099e-02	1.60821361e+00	8.56350554e-01	7.51863059e-01
14385           	5.22518869e-02	5.23241887e-02	1.60822917e+00	8.56366473e-01	7.51862699e-01
14386           	5.22606698e-02	5.23300249e-02	1.60824584e+00	8.56383589e-01	7.51862250e-01
14387           	5.22698202e-02	5.23361194e-02	1.60826297e+00	8.56401307e-01	7.51861667e-01
14388           	5.22794623e-02	5.23426390e-02	1.60828096e+00	8.56419940e-01	7.51861016e-01
14389           	5.22908860e-02	5.23502777e-02	1.60830205e+00	8.56441912e-01	7.51860140e-01
14390           	5.23008721e-02	5.23571722e-02	1.60832078e+00	8.56461262e-01	7.51859518e-01
14391           	5.23108535e-02	5.23641589e-02	1.60833966e+00	8.56480686e-01	7.51858979e-01
14392           	5.23203499e-02	5.23709697e-02	1.60835780e+00	8.56499252e-01	7.51858552e-01
14393           	5.23300690e-02	5.23779644e-02	1.60837642e+00	8.56518277e-01	7.51858139e-01
14394           	5.23411217e-02	5.23859122e-02	1.60839765e+00	8.56539949e-01	7.51857705e-01
14395           	5.23504238e-02	5.23928247e-02	1.60841564e+00	8.56558245e-01	7.51857398e-01
14396           	5.23599201e-02	5.23999964e-02	1.60843422e+00	8.56577028e-01	7.51857188e-01
14397           	5.23694996e-02	5.24072318e-02	1.60845295e+00	8.56595974e-01	7.51856975e-01
14398           	5.23790693e-02	5.24145884e-02	1.60847185e+00	8.56614996e-01	7.51856857e-01
14399           	5.23897250e-02	5.24227080e-02	1.60849325e+00	8.56636349e-01	7.51856899e-01
14400           	5.23984356e-02	5.24295713e-02	1.60851066e+00	8.56653765e-01	7.51856894e-01
14401           	5.24067523e-02	5.24363007e-02	1.60852761e+00	8.56670558e-01	7.51857054e-01
14402           	5.24167497e-02	5.24442521e-02	1.60854861e+00	8.56691055e-01	7.51857555e-01
14403           	5.24240562e-02	5.24504461e-02	1.60856386e+00	8.56705986e-01	7.51857874e-01
14404           	5.24305239e-02	5.24560953e-02	1.60857742e+00	8.56719236e-01	7.51858188e-01
14405           	5.24372814e-02	5.24620412e-02	1.60859186e+00	8.56733214e-01	7.51858651e-01
14406           	5.24434240e-02	5.24676230e-02	1.60860513e+00	8.56745987e-01	7.51859139e-01
14407           	5.24479361e-02	5.24720605e-02	1.60861473e+00	8.56755299e-01	7.51859427e-01
14408           	5.24521122e-02	5.24763570e-02	1.60862386e+00	8.56764040e-01	7.51859816e-01
14409           	5.24552382e-02	5.24799082e-02	1.60863060e+00	8.56770537e-01	7.51860060e-01
14410           	5.24584128e-02	5.24835627e-02	1.60863778e+00	8.56777303e-01	7.51860477e-01
14411           	5.24611367e-02	5.24868743e-02	1.60864424e+00	8.56783255e-01	7.51860981e-01
14412           	5.24625403e-02	5.24892030e-02	1.60864777e+00	8.56786424e-01	7.51861344e-01
14413           	5.24644932e-02	5.24920435e-02	1.60865318e+00	8.56791081e-01	7.51862095e-01
14414           	5.24646912e-02	5.24936066e-02	1.60865472e+00	8.56792050e-01	7.51862668e-01
14415           	5.24644819e-02	5.24950400e-02	1.60865596e+00	8.56792461e-01	7.51863497e-01
14416           	5.24635098e-02	5.24959483e-02	1.60865561e+00	8.56791317e-01	7.51864298e-01
14417           	5.24614837e-02	5.24961095e-02	1.60865304e+00	8.56788005e-01	7.51865038e-01
14418           	5.24588597e-02	5.24959721e-02	1.60864968e+00	8.56783699e-01	7.51865980e-01
14419           	5.24555020e-02	5.24952858e-02	1.60864473e+00	8.56777865e-01	7.51866861e-01
14420           	5.24511784e-02	5.24938246e-02	1.60863759e+00	8.56769973e-01	7.51867616e-01
14421           	5.24460958e-02	5.24918467e-02	1.60862913e+00	8.56760661e-01	7.51868469e-01
14422           	5.24402598e-02	5.24891532e-02	1.60861853e+00	8.56749524e-01	7.51869004e-01
14423           	5.24337641e-02	5.24860490e-02	1.60860695e+00	8.56737238e-01	7.51869710e-01
14424           	5.24266548e-02	5.24823034e-02	1.60859360e+00	8.56723455e-01	7.51870146e-01
14425           	5.24190652e-02	5.24781437e-02	1.60857923e+00	8.56708678e-01	7.51870548e-01
14426           	5.24111208e-02	5.24736750e-02	1.60856399e+00	8.56693114e-01	7.51870872e-01
14427           	5.24030229e-02	5.24690305e-02	1.60854824e+00	8.56677142e-01	7.51871096e-01
14428           	5.23947802e-02	5.24642060e-02	1.60853207e+00	8.56660815e-01	7.51871255e-01
14429           	5.23860225e-02	5.24589687e-02	1.60851500e+00	8.56643524e-01	7.51871478e-01
14430           	5.23772404e-02	5.24537062e-02	1.60849791e+00	8.56626195e-01	7.51871715e-01
14431           	5.23683698e-02	5.24483193e-02	1.60848066e+00	8.56608700e-01	7.51871960e-01
14432           	5.23594640e-02	5.24428307e-02	1.60846337e+00	8.56591147e-01	7.51872219e-01
14433           	5.23506741e-02	5.24373752e-02	1.60844632e+00	8.56573835e-01	7.51872487e-01
14434           	5.23414279e-02	5.24315509e-02	1.60842854e+00	8.56555696e-01	7.51872840e-01
14435           	5.23323383e-02	5.24257848e-02	1.60841113e+00	8.56537904e-01	7.51873228e-01
14436           	5.23234310e-02	5.24200801e-02	1.60839406e+00	8.56520463e-01	7.51873601e-01
14437           	5.23147403e-02	5.24144415e-02	1.60837738e+00	8.56503430e-01	7.51873949e-01
14438           	5.23057519e-02	5.24085263e-02	1.60836009e+00	8.56485797e-01	7.51874293e-01
14439           	5.22970865e-02	5.24027775e-02	1.60834341e+00	8.56468790e-01	7.51874617e-01
14440           	5.22886559e-02	5.23970880e-02	1.60832708e+00	8.56452198e-01	7.51874887e-01
14441           	5.22806302e-02	5.23915958e-02	1.60831146e+00	8.56436361e-01	7.51875100e-01
14442           	5.22729890e-02	5.23862828e-02	1.60829654e+00	8.56421260e-01	7.51875282e-01
14443           	5.22656571e-02	5.23810970e-02	1.60828223e+00	8.56406770e-01	7.51875456e-01
14444           	5.22580406e-02	5.23756189e-02	1.60826730e+00	8.56391689e-01	7.51875608e-01
14445           	5.22507976e-02	5.23703640e-02	1.60825320e+00	8.56377397e-01	7.51875801e-01
14446           	5.22438570e-02	5.23652433e-02	1.60823972e+00	8.56363719e-01	7.51876005e-01
14447           	5.22373267e-02	5.23603474e-02	1.60822709e+00	8.56350871e-01	7.51876217e-01
14448           	5.22311158e-02	5.23556110e-02	1.60821513e+00	8.56338681e-01	7.51876450e-01
14449           	5.22251487e-02	5.23509766e-02	1.60820371e+00	8.56327004e-01	7.51876706e-01
14450           	5.22189071e-02	5.23460437e-02	1.60819163e+00	8.56314723e-01	7.51876909e-01
14451           	5.22131129e-02	5.23414001e-02	1.60818055e+00	8.56303390e-01	7.51877164e-01
14452           	5.22076442e-02	5.23369064e-02	1.60817010e+00	8.56292696e-01	7.51877407e-01
14453           	5.22025675e-02	5.23326161e-02	1.60816040e+00	8.56282766e-01	7.51877631e-01
14454           	5.21978376e-02	5.23285017e-02	1.60815137e+00	8.56273523e-01	7.51877848e-01
14455           	5.21934215e-02	5.23245408e-02	1.60814296e+00	8.56264903e-01	7.51878060e-01
14456           	5.21893044e-02	5.23207240e-02	1.60813512e+00	8.56256865e-01	7.51878257e-01
14457           	5.21849384e-02	5.23166016e-02	1.60812652e+00	8.56248199e-01	7.51878322e-01
14458           	5.21809691e-02	5.23127519e-02	1.60811882e+00	8.56240379e-01	7.51878441e-01
14459           	5.21773340e-02	5.23090801e-02	1.60811172e+00	8.56233194e-01	7.51878526e-01
14460           	5.21740555e-02	5.23056120e-02	1.60810528e+00	8.56226697e-01	7.51878586e-01
14461           	5.21711240e-02	5.23023450e-02	1.60809949e+00	8.56220868e-01	7.51878620e-01
14462           	5.21681178e-02	5.22989053e-02	1.60809316e+00	8.56214699e-01	7.51878463e-01
14463           	5.21655381e-02	5.22957834e-02	1.60808779e+00	8.56209435e-01	7.51878359e-01
14464           	5.21633951e-02	5.22929343e-02	1.60808325e+00	8.56205021e-01	7.51878231e-01
14465           	5.21616968e-02	5.22903665e-02	1.60807956e+00	8.56201474e-01	7.51878081e-01
14466           	5.21600509e-02	5.22877382e-02	1.60807557e+00	8.56197834e-01	7.51877732e-01
14467           	5.21588749e-02	5.22854942e-02	1.60807265e+00	8.56195201e-01	7.51877451e-01
14468           	5.21581824e-02	5.22835840e-02	1.60807070e+00	8.56193531e-01	7.51877166e-01
14469           	5.21579716e-02	5.22820206e-02	1.60806971e+00	8.56192826e-01	7.51876883e-01
14470           	5.21579404e-02	5.22805185e-02	1.60806867e+00	8.56192273e-01	7.51876392e-01
14471           	5.21583224e-02	5.22793736e-02	1.60806860e+00	8.56192620e-01	7.51875976e-01
14472           	5.21591923e-02	5.22785929e-02	1.60806951e+00	8.56193945e-01	7.51875560e-01
14473           	5.21603551e-02	5.22779732e-02	1.60807058e+00	8.56195646e-01	7.51874936e-01
14474           	5.21619512e-02	5.22777346e-02	1.60807267e+00	8.56198286e-01	7.51874384e-01
14475           	5.21640959e-02	5.22779183e-02	1.60807591e+00	8.56202051e-01	7.51873859e-01
14476           	5.21666359e-02	5.22783465e-02	1.60807954e+00	8.56206406e-01	7.51873134e-01
14477           	5.21695783e-02	5.22791344e-02	1.60808411e+00	8.56211632e-01	7.51872475e-01
14478           	5.21730405e-02	5.22803320e-02	1.60808980e+00	8.56217943e-01	7.51871862e-01
14479           	5.21769319e-02	5.22817999e-02	1.60809598e+00	8.56224922e-01	7.51871058e-01
14480           	5.21811698e-02	5.22835870e-02	1.60810298e+00	8.56232658e-01	7.51870319e-01
14481           	5.21858501e-02	5.22856663e-02	1.60811060e+00	8.56241152e-01	7.51869451e-01
14482           	5.21910704e-02	5.22880605e-02	1.60811844e+00	8.56250290e-01	7.51868149e-01
14483           	5.21968185e-02	5.22910363e-02	1.60812836e+00	8.56261001e-01	7.51867364e-01
14484           	5.22030102e-02	5.22944852e-02	1.60813964e+00	8.56272831e-01	7.51866810e-01
14485           	5.22096821e-02	5.22983776e-02	1.60815212e+00	8.56285742e-01	7.51866378e-01
14486           	5.22167618e-02	5.23024865e-02	1.60816509e+00	8.56299305e-01	7.51865781e-01
14487           	5.22241571e-02	5.23069304e-02	1.60817871e+00	8.56313513e-01	7.51865199e-01
14488           	5.22321022e-02	5.23117336e-02	1.60819316e+00	8.56328680e-01	7.51864476e-01
14489           	5.22410308e-02	5.23171660e-02	1.60820889e+00	8.56345477e-01	7.51863416e-01
14490           	5.22494989e-02	5.23225448e-02	1.60822448e+00	8.56361740e-01	7.51862742e-01
14491           	5.22583111e-02	5.23282737e-02	1.60824077e+00	8.56378698e-01	7.51862076e-01
14492           	5.22671975e-02	5.23342036e-02	1.60825742e+00	8.56395906e-01	7.51861511e-01
14493           	5.22763931e-02	5.23404664e-02	1.60827471e+00	8.56413750e-01	7.51860964e-01
14494           	5.22866541e-02	5.23474569e-02	1.60829388e+00	8.56433592e-01	7.51860284e-01
14495           	5.22960017e-02	5.23540296e-02	1.60831161e+00	8.56451809e-01	7.51859806e-01
14496           	5.23055978e-02	5.23607139e-02	1.60832974e+00	8.56470467e-01	7.51859271e-01
14497           	5.23159659e-02	5.23679216e-02	1.60834929e+00	8.56490610e-01	7.51858678e-01
14498           	5.23256097e-02	5.23747633e-02	1.60836762e+00	8.56509422e-01	7.51858202e-01
14499           	5.23357980e-02	5.23821257e-02	1.60838723e+00	8.56529412e-01	7.51857816e-01
14500           	5.23461118e-02	5.23895970e-02	1.60840711e+00	8.56549665e-01	7.51857441e-01
14501           	5.23563441e-02	5.23971604e-02	1.60842706e+00	8.56569873e-01	7.51857185e-01
14502           	5.23682299e-02	5.24058975e-02	1.60845062e+00	8.56593541e-01	7.51857081e-01
14503           	5.23786168e-02	5.24137506e-02	1.60847127e+00	8.56614254e-01	7.51857020e-01
14504           	5.23870541e-02	5.24204261e-02	1.60848817e+00	8.56631139e-01	7.51857031e-01
14505           	5.23956390e-02	5.24273744e-02	1.60850573e+00	8.56648506e-01	7.51857228e-01
14506           	5.24040256e-02	5.24341813e-02	1.60852281e+00	8.56665429e-01	7.51857378e-01
14507           	5.24126501e-02	5.24412262e-02	1.60854067e+00	8.56682983e-01	7.51857683e-01
14508           	5.24197038e-02	5.24471962e-02	1.60855506e+00	8.56697233e-01	7.51857825e-01
14509           	5.24266842e-02	5.24531936e-02	1.60856955e+00	8.56711461e-01	7.51858093e-01
14510           	5.24326272e-02	5.24584491e-02	1.60858168e+00	8.56723469e-01	7.51858215e-01
14511           	5.24394943e-02	5.24643663e-02	1.60859608e+00	8.56737537e-01	7.51858548e-01
14512           	5.24448002e-02	5.24692101e-02	1.60860717e+00	8.56748383e-01	7.51858783e-01
14513           	5.24500985e-02	5.24741571e-02	1.60861863e+00	8.56759415e-01	7.51859218e-01
14514           	5.24546094e-02	5.24785866e-02	1.60862847e+00	8.56768846e-01	7.51859627e-01
14515           	5.24582536e-02	5.24824782e-02	1.60863666e+00	8.56776586e-01	7.51860079e-01
14516           	5.24610415e-02	5.24858287e-02	1.60864323e+00	8.56782657e-01	7.51860574e-01
14517           	5.24630244e-02	5.24886651e-02	1.60864829e+00	8.56787168e-01	7.51861120e-01
14518           	5.24643208e-02	5.24910994e-02	1.60865209e+00	8.56790365e-01	7.51861724e-01
14519           	5.24649106e-02	5.24930862e-02	1.60865460e+00	8.56792210e-01	7.51862389e-01
14520           	5.24647898e-02	5.24946008e-02	1.60865580e+00	8.56792691e-01	7.51863111e-01
14521           	5.24640338e-02	5.24957198e-02	1.60865584e+00	8.56791951e-01	7.51863884e-01
14522           	5.24625494e-02	5.24963349e-02	1.60865449e+00	8.56789795e-01	7.51864696e-01
14523           	5.24607303e-02	5.24967980e-02	1.60865298e+00	8.56787220e-01	7.51865760e-01
14524           	5.24577902e-02	5.24963711e-02	1.60864883e+00	8.56782208e-01	7.51866627e-01
14525           	5.24539989e-02	5.24952995e-02	1.60864294e+00	8.56775469e-01	7.51867472e-01
14526           	5.24493161e-02	5.24935283e-02	1.60863517e+00	8.56766900e-01	7.51868268e-01
14527           	5.24438789e-02	5.24911853e-02	1.60862575e+00	8.56756752e-01	7.51868994e-01
14528           	5.24376750e-02	5.24882289e-02	1.60861462e+00	8.56744985e-01	7.51869636e-01
14529           	5.24307600e-02	5.24846815e-02	1.60860189e+00	8.56731707e-01	7.51870187e-01
14530           	5.24233428e-02	5.24807271e-02	1.60858797e+00	8.56717327e-01	7.51870641e-01
14531           	5.24152249e-02	5.24762743e-02	1.60857275e+00	8.56701601e-01	7.51871151e-01
14532           	5.24069782e-02	5.24716165e-02	1.60855689e+00	8.56685425e-01	7.51871469e-01
14533           	5.23984096e-02	5.24666380e-02	1.60854022e+00	8.56668522e-01	7.51871702e-01
14534           	5.23895615e-02	5.24613457e-02	1.60852285e+00	8.56650985e-01	7.51871862e-01
14535           	5.23806469e-02	5.24559238e-02	1.60850521e+00	8.56633253e-01	7.51871959e-01
14536           	5.23712907e-02	5.24502018e-02	1.60848691e+00	8.56614746e-01	7.51872164e-01
14537           	5.23620851e-02	5.24444658e-02	1.60846883e+00	8.56596499e-01	7.51872329e-01
14538           	5.23529782e-02	5.24387415e-02	1.60845094e+00	8.56578449e-01	7.51872493e-01
14539           	5.23434347e-02	5.24326914e-02	1.60843241e+00	8.56559639e-01	7.51872770e-01
14540           	5.23345209e-02	5.24269479e-02	1.60841499e+00	8.56542018e-01	7.51872977e-01
14541           	5.23260940e-02	5.24214719e-02	1.60839851e+00	8.56525348e-01	7.51873160e-01
14542           	5.23180067e-02	5.24161889e-02	1.60838277e+00	8.56509390e-01	7.51873377e-01
14543           	5.23101888e-02	5.24110955e-02	1.60836768e+00	8.56494031e-01	7.51873653e-01
14544           	5.23024586e-02	5.24060552e-02	1.60835293e+00	8.56478924e-01	7.51874007e-01
14545           	5.22941693e-02	5.24006902e-02	1.60833743e+00	8.56462882e-01	7.51874544e-01
14546           	5.22860577e-02	5.23953430e-02	1.60832212e+00	8.56447116e-01	7.51875000e-01
14547           	5.22780709e-02	5.23899949e-02	1.60830699e+00	8.56431565e-01	7.51875423e-01
14548           	5.22702137e-02	5.23846182e-02	1.60829203e+00	8.56416228e-01	7.51875801e-01
14549           	5.22625427e-02	5.23792543e-02	1.60827733e+00	8.56401207e-01	7.51876122e-01
14550           	5.22544245e-02	5.23735099e-02	1.60826175e+00	8.56385297e-01	7.51876448e-01
14551           	5.22467531e-02	5.23678849e-02	1.60824678e+00	8.56370143e-01	7.51876637e-01
14552           	5.22395355e-02	5.23624586e-02	1.60823258e+00	8.56355826e-01	7.51876755e-01
14553           	5.22327619e-02	5.23572325e-02	1.60821919e+00	8.56342357e-01	7.51876833e-01
14554           	5.22263882e-02	5.23521880e-02	1.60820657e+00	8.56329675e-01	7.51876899e-01
14555           	5.22204392e-02	5.23473706e-02	1.60819480e+00	8.56317841e-01	7.51876963e-01
14556           	5.22148354e-02	5.23427406e-02	1.60818377e+00	8.56306719e-01	7.51877049e-01
14557           	5.22095160e-02	5.23382672e-02	1.60817337e+00	8.56296200e-01	7.51877168e-01
14558           	5.22040333e-02	5.23336808e-02	1.60816266e+00	8.56285365e-01	7.51877298e-01
14559           	5.21990924e-02	5.23294194e-02	1.60815305e+00	8.56275616e-01	7.51877431e-01
14560           	5.21945304e-02	5.23253960e-02	1.60814427e+00	8.56266664e-01	7.51877603e-01
14561           	5.21903830e-02	5.23216264e-02	1.60813638e+00	8.56258571e-01	7.51877805e-01
14562           	5.21865490e-02	5.23180264e-02	1.60812917e+00	8.56251132e-01	7.51878034e-01
14563           	5.21829479e-02	5.23145309e-02	1.60812245e+00	8.56244174e-01	7.51878278e-01
14564           	5.21795579e-02	5.23111236e-02	1.60811614e+00	8.56237627e-01	7.51878511e-01
14565           	5.21759443e-02	5.23075164e-02	1.60810921e+00	8.56230550e-01	7.51878662e-01
14566           	5.21726990e-02	5.23040811e-02	1.60810292e+00	8.56224158e-01	7.51878760e-01
14567           	5.21697933e-02	5.23008236e-02	1.60809719e+00	8.56218389e-01	7.51878802e-01
14568           	5.21672264e-02	5.22977410e-02	1.60809204e+00	8.56213245e-01	7.51878792e-01
14569           	5.21649890e-02	5.22948289e-02	1.60808743e+00	8.56208703e-01	7.51878725e-01
14570           	5.21627011e-02	5.22918230e-02	1.60808238e+00	8.56203889e-01	7.51878487e-01
14571           	5.21608309e-02	5.22890463e-02	1.60807806e+00	8.56199860e-01	7.51878198e-01
14572           	5.21594526e-02	5.22866058e-02	1.60807467e+00	8.56196786e-01	7.51877881e-01
14573           	5.21585525e-02	5.22844946e-02	1.60807220e+00	8.56194654e-01	7.51877549e-01
14574           	5.21577949e-02	5.22824880e-02	1.60806974e+00	8.56192663e-01	7.51877074e-01
14575           	5.21575366e-02	5.22808223e-02	1.60806827e+00	8.56191669e-01	7.51876596e-01
14576           	5.21578077e-02	5.22795483e-02	1.60806788e+00	8.56191749e-01	7.51876134e-01
14577           	5.21586034e-02	5.22786762e-02	1.60806860e+00	8.56192904e-01	7.51875697e-01
14578           	5.21596825e-02	5.22780474e-02	1.60806963e+00	8.56194497e-01	7.51875132e-01
14579           	5.21611727e-02	5.22776959e-02	1.60807149e+00	8.56196919e-01	7.51874573e-01
14580           	5.21631860e-02	5.22777539e-02	1.60807445e+00	8.56200413e-01	7.51874041e-01
14581           	5.21655922e-02	5.22781443e-02	1.60807797e+00	8.56204578e-01	7.51873394e-01
14582           	5.21683901e-02	5.22787975e-02	1.60808230e+00	8.56209541e-01	7.51872760e-01
14583           	5.21717018e-02	5.22798547e-02	1.60808772e+00	8.56215563e-01	7.51872159e-01
14584           	5.21754511e-02	5.22812777e-02	1.60809379e+00	8.56222348e-01	7.51871446e-01
14585           	5.21795302e-02	5.22829172e-02	1.60810053e+00	8.56229794e-01	7.51870734e-01
14586           	5.21840761e-02	5.22849407e-02	1.60810828e+00	8.56238215e-01	7.51870063e-01
14587           	5.21891291e-02	5.22873909e-02	1.60811684e+00	8.56247547e-01	7.51869289e-01
14588           	5.21945095e-02	5.22900635e-02	1.60812602e+00	8.56257521e-01	7.51868502e-01
14589           	5.22003602e-02	5.22931449e-02	1.60813626e+00	8.56268488e-01	7.51867768e-01
14590           	5.22068341e-02	5.22967521e-02	1.60814756e+00	8.56280616e-01	7.51866947e-01
14591           	5.22136092e-02	5.23005726e-02	1.60815945e+00	8.56293332e-01	7.51866113e-01
14592           	5.22209117e-02	5.23048539e-02	1.60817233e+00	8.56307077e-01	7.51865253e-01
14593           	5.22295667e-02	5.23099693e-02	1.60818693e+00	8.56323029e-01	7.51863896e-01
14594           	5.22379227e-02	5.23151810e-02	1.60820215e+00	8.56338996e-01	7.51863151e-01
14595           	5.22461324e-02	5.23204344e-02	1.60821756e+00	8.56354913e-01	7.51862648e-01
14596           	5.22546990e-02	5.23260529e-02	1.60823383e+00	8.56371612e-01	7.51862214e-01
14597           	5.22640873e-02	5.23322588e-02	1.60825149e+00	8.56389835e-01	7.51861660e-01
14598           	5.22728712e-02	5.23382032e-02	1.60826832e+00	8.56407034e-01	7.51861291e-01
14599           	5.22820897e-02	5.23444249e-02	1.60828583e+00	8.56425004e-01	7.51860825e-01
14600           	5.22921720e-02	5.23512619e-02	1.60830481e+00	8.56444577e-01	7.51860233e-01
14601           	5.23019878e-02	5.23580318e-02	1.60832343e+00	8.56463704e-01	7.51859729e-01
14602           	5.23120144e-02	5.23650490e-02	1.60834247e+00	8.56483250e-01	7.51859221e-01
14603           	5.23219395e-02	5.23720578e-02	1.60836135e+00	8.56502616e-01	7.51858737e-01
14604           	5.23343360e-02	5.23807941e-02	1.60838516e+00	8.56526915e-01	7.51858243e-01
14605           	5.23443176e-02	5.23881244e-02	1.60840447e+00	8.56546553e-01	7.51857918e-01
14606           	5.23534921e-02	5.23950199e-02	1.60842231e+00	8.56564649e-01	7.51857665e-01
14607           	5.23627012e-02	5.24020711e-02	1.60844041e+00	8.56582906e-01	7.51857503e-01
14608           	5.23728910e-02	5.24098221e-02	1.60846057e+00	8.56603176e-01	7.51857394e-01
14609           	5.23813235e-02	5.24164873e-02	1.60847722e+00	8.56619934e-01	7.51857287e-01
14610           	5.23899115e-02	5.24232043e-02	1.60849420e+00	8.56637012e-01	7.51857189e-01
14611           	5.23986986e-02	5.24301365e-02	1.60851171e+00	8.56654552e-01	7.51857154e-01
14612           	5.24073489e-02	5.24369608e-02	1.60852905e+00	8.56671874e-01	7.51857177e-01
14613           	5.24179817e-02	5.24452534e-02	1.60855115e+00	8.56693558e-01	7.51857595e-01
14614           	5.24263545e-02	5.24521794e-02	1.60856873e+00	8.56710722e-01	7.51858013e-01
14615           	5.24326071e-02	5.24577440e-02	1.60858189e+00	8.56723550e-01	7.51858336e-01
14616           	5.24379490e-02	5.24627253e-02	1.60859319e+00	8.56734542e-01	7.51858644e-01
14617           	5.24433945e-02	5.24677216e-02	1.60860481e+00	8.56745797e-01	7.51859008e-01
14618           	5.24484342e-02	5.24725505e-02	1.60861576e+00	8.56756313e-01	7.51859444e-01
14619           	5.24525516e-02	5.24767495e-02	1.60862480e+00	8.56764952e-01	7.51859849e-01
14620           	5.24566717e-02	5.24809475e-02	1.60863403e+00	8.56773688e-01	7.51860345e-01
14621           	5.24602416e-02	5.24849050e-02	1.60864234e+00	8.56781409e-01	7.51860926e-01
14622           	5.24625923e-02	5.24880273e-02	1.60864811e+00	8.56786647e-01	7.51861462e-01
14623           	5.24646714e-02	5.24909854e-02	1.60865356e+00	8.56791453e-01	7.51862110e-01
14624           	5.24659702e-02	5.24935107e-02	1.60865762e+00	8.56794780e-01	7.51862840e-01
14625           	5.24659574e-02	5.24950797e-02	1.60865891e+00	8.56795412e-01	7.51863497e-01
14626           	5.24649374e-02	5.24959271e-02	1.60865808e+00	8.56793976e-01	7.51864101e-01
14627           	5.24634853e-02	5.24964452e-02	1.60865662e+00	8.56791796e-01	7.51864825e-01
14628           	5.24612365e-02	5.24964459e-02	1.60865367e+00	8.56788073e-01	7.51865600e-01
14629           	5.24580965e-02	5.24957874e-02	1.60864881e+00	8.56782499e-01	7.51866306e-01
14630           	5.24543656e-02	5.24946785e-02	1.60864290e+00	8.56775817e-01	7.51867085e-01
14631           	5.24498821e-02	5.24930699e-02	1.60863550e+00	8.56767632e-01	7.51867868e-01
14632           	5.24446141e-02	5.24908447e-02	1.60862624e+00	8.56757733e-01	7.51868505e-01
14633           	5.24386411e-02	5.24880309e-02	1.60861530e+00	8.56746293e-01	7.51869011e-01
14634           	5.24320629e-02	5.24847219e-02	1.60860321e+00	8.56733669e-01	7.51869543e-01
14635           	5.24251144e-02	5.24811855e-02	1.60859036e+00	8.56720295e-01	7.51870066e-01
14636           	5.24177356e-02	5.24772315e-02	1.60857643e+00	8.56705950e-01	7.51870479e-01
14637           	5.24097977e-02	5.24727820e-02	1.60856140e+00	8.56690497e-01	7.51870902e-01
14638           	5.24016620e-02	5.24682156e-02	1.60854597e+00	8.56674646e-01	7.51871322e-01
14639           	5.23933272e-02	5.24633883e-02	1.60852994e+00	8.56658296e-01	7.51871641e-01
14640           	5.23849577e-02	5.24584652e-02	1.60851369e+00	8.56641803e-01	7.51871887e-01
14641           	5.23761061e-02	5.24531317e-02	1.60849657e+00	8.56624389e-01	7.51872177e-01
14642           	5.23671669e-02	5.24477223e-02	1.60847937e+00	8.56606851e-01	7.51872517e-01
14643           	5.23583182e-02	5.24422893e-02	1.60846225e+00	8.56589444e-01	7.51872808e-01
14644           	5.23495374e-02	5.24368168e-02	1.60844522e+00	8.56572146e-01	7.51873071e-01
14645           	5.23402342e-02	5.24308908e-02	1.60842723e+00	8.56553849e-01	7.51873380e-01
14646           	5.23311453e-02	5.24251177e-02	1.60840973e+00	8.56536013e-01	7.51873722e-01
14647           	5.23222620e-02	5.24193944e-02	1.60839257e+00	8.56518547e-01	7.51874023e-01
14648           	5.23135638e-02	5.24137075e-02	1.60837572e+00	8.56501423e-01	7.51874296e-01
14649           	5.23050836e-02	5.24081129e-02	1.60835927e+00	8.56484720e-01	7.51874553e-01
14650           	5.22961236e-02	5.24020868e-02	1.60834189e+00	8.56467068e-01	7.51874820e-01
14651           	5.22875714e-02	5.23962969e-02	1.60832537e+00	8.56450254e-01	7.51875112e-01
14652           	5.22793981e-02	5.23906872e-02	1.60830952e+00	8.56434157e-01	7.51875361e-01
14653           	5.22715623e-02	5.23852297e-02	1.60829429e+00	8.56418707e-01	7.51875583e-01
14654           	5.22639928e-02	5.23798752e-02	1.60827957e+00	8.56403778e-01	7.51875793e-01
14655           	5.22561140e-02	5.23741950e-02	1.60826415e+00	8.56388188e-01	7.51875960e-01
14656           	5.22488154e-02	5.23688902e-02	1.60824997e+00	8.56373798e-01	7.51876167e-01
14657           	5.22418906e-02	5.23637636e-02	1.60823651e+00	8.56360144e-01	7.51876363e-01
14658           	5.22354044e-02	5.23588785e-02	1.60822391e+00	8.56347359e-01	7.51876550e-01
14659           	5.22292602e-02	5.23541680e-02	1.60821202e+00	8.56335268e-01	7.51876748e-01
14660           	5.22233857e-02	5.23495761e-02	1.60820070e+00	8.56323736e-01	7.51876965e-01
14661           	5.22177995e-02	5.23451203e-02	1.60818999e+00	8.56312793e-01	7.51877194e-01
14662           	5.22124212e-02	5.23407384e-02	1.60817972e+00	8.56302280e-01	7.51877438e-01
14663           	5.22067010e-02	5.23359833e-02	1.60816862e+00	8.56291009e-01	7.51877607e-01
14664           	5.22015279e-02	5.23316052e-02	1.60815874e+00	8.56280896e-01	7.51877840e-01
14665           	5.21966863e-02	5.23274008e-02	1.60814949e+00	8.56271431e-01	7.51878059e-01
14666           	5.21921998e-02	5.23233911e-02	1.60814093e+00	8.56262664e-01	7.51878264e-01
14667           	5.21880631e-02	5.23195721e-02	1.60813302e+00	8.56254571e-01	7.51878445e-01
14668           	5.21841910e-02	5.23158778e-02	1.60812559e+00	8.56246985e-01	7.51878603e-01
14669           	5.21805369e-02	5.23122691e-02	1.60811855e+00	8.56239811e-01	7.51878737e-01
14670           	5.21766719e-02	5.23083676e-02	1.60811074e+00	8.56232042e-01	7.51878698e-01
14671           	5.21732633e-02	5.23047936e-02	1.60810399e+00	8.56225258e-01	7.51878731e-01
14672           	5.21702244e-02	5.23014245e-02	1.60809792e+00	8.56219183e-01	7.51878734e-01
14673           	5.21675863e-02	5.22982875e-02	1.60809258e+00	8.56213875e-01	7.51878703e-01
14674           	5.21653005e-02	5.22953566e-02	1.60808788e+00	8.56209241e-01	7.51878640e-01
14675           	5.21629708e-02	5.22922763e-02	1.60808267e+00	8.56204305e-01	7.51878363e-01
14676           	5.21610983e-02	5.22895620e-02	1.60807851e+00	8.56200351e-01	7.51878155e-01
14677           	5.21596890e-02	5.22871629e-02	1.60807523e+00	8.56197306e-01	7.51877928e-01
14678           	5.21587710e-02	5.22851111e-02	1.60807292e+00	8.56195232e-01	7.51877690e-01
14679           	5.21579421e-02	5.22830332e-02	1.60807035e+00	8.56193115e-01	7.51877231e-01
14680           	5.21575768e-02	5.22813602e-02	1.60806888e+00	8.56192017e-01	7.51876863e-01
14681           	5.21577535e-02	5.22800853e-02	1.60806850e+00	8.56192003e-01	7.51876496e-01
14682           	5.21584018e-02	5.22791490e-02	1.60806906e+00	8.56192931e-01	7.51876127e-01
14683           	5.21592305e-02	5.22782686e-02	1.60806953e+00	8.56193995e-01	7.51875534e-01
14684           	5.21605497e-02	5.22778297e-02	1.60807115e+00	8.56196127e-01	7.51875027e-01
14685           	5.21623421e-02	5.22777384e-02	1.60807373e+00	8.56199208e-01	7.51874524e-01
14686           	5.21644349e-02	5.22778017e-02	1.60807649e+00	8.56202678e-01	7.51873808e-01
14687           	5.21670487e-02	5.22783433e-02	1.60808045e+00	8.56207275e-01	7.51873178e-01
14688           	5.21701425e-02	5.22792502e-02	1.60808544e+00	8.56212861e-01	7.51872576e-01
14689           	5.21735946e-02	5.22803609e-02	1.60809073e+00	8.56218961e-01	7.51871772e-01
14690           	5.21775416e-02	5.22819389e-02	1.60809719e+00	8.56226136e-01	7.51871053e-01
14691           	5.21819133e-02	5.22838509e-02	1.60810459e+00	8.56234211e-01	7.51870384e-01
14692           	5.21867038e-02	5.22860131e-02	1.60811248e+00	8.56242942e-01	7.51869535e-01
14693           	5.21919937e-02	5.22886549e-02	1.60812152e+00	8.56252755e-01	7.51868768e-01
14694           	5.21977294e-02	5.22915749e-02	1.60813122e+00	8.56263337e-01	7.51867879e-01
14695           	5.22042028e-02	5.22949787e-02	1.60814163e+00	8.56275016e-01	7.51866610e-01
14696           	5.22110801e-02	5.22988853e-02	1.60815377e+00	8.56287965e-01	7.51865805e-01
14697           	5.22182631e-02	5.23031337e-02	1.60816687e+00	8.56301698e-01	7.51865172e-01
14698           	5.22257020e-02	5.23076987e-02	1.60818079e+00	8.56316095e-01	7.51864691e-01
14699           	5.22336343e-02	5.23126171e-02	1.60819556e+00	8.56331416e-01	7.51864148e-01
14700           	5.22421731e-02	5.23179441e-02	1.60821124e+00	8.56347794e-01	7.51863448e-01
14701           	5.22503997e-02	5.23231986e-02	1.60822670e+00	8.56363749e-01	7.51862950e-01
14702           	5.22591908e-02	5.23289569e-02	1.60824320e+00	8.56380790e-01	7.51862408e-01
14703           	5.22688317e-02	5.23353311e-02	1.60826111e+00	8.56399386e-01	7.51861723e-01
14704           	5.22783197e-02	5.23416853e-02	1.60827880e+00	8.56417719e-01	7.51861079e-01
14705           	5.22880581e-02	5.23482777e-02	1.60829695e+00	8.56436535e-01	7.51860419e-01
14706           	5.22978406e-02	5.23550712e-02	1.60831541e+00	8.56455544e-01	7.51859863e-01
14707           	5.23096666e-02	5.23631760e-02	1.60833761e+00	8.56478474e-01	7.51859140e-01
14708           	5.23197331e-02	5.23703408e-02	1.60835686e+00	8.56498163e-01	7.51858697e-01
14709           	5.23293895e-02	5.23773495e-02	1.60837546e+00	8.56517119e-01	7.51858340e-01
14710           	5.23388160e-02	5.23843084e-02	1.60839370e+00	8.56535665e-01	7.51858033e-01
14711           	5.23481898e-02	5.23913394e-02	1.60841201e+00	8.56554197e-01	7.51857817e-01
14712           	5.23588002e-02	5.23991973e-02	1.60843286e+00	8.56575230e-01	7.51857629e-01
14713           	5.23681133e-02	5.24062417e-02	1.60845110e+00	8.56593663e-01	7.51857436e-01
14714           	5.23775370e-02	5.24133882e-02	1.60846958e+00	8.56612329e-01	7.51857255e-01
14715           	5.23863288e-02	5.24202267e-02	1.60848703e+00	8.56629845e-01	7.51857188e-01
14716           	5.23974719e-02	5.24287123e-02	1.60850978e+00	8.56652363e-01	7.51857419e-01
14717           	5.24051546e-02	5.24349716e-02	1.60852519e+00	8.56667749e-01	7.51857440e-01
14718           	5.24126678e-02	5.24411313e-02	1.60854038e+00	8.56682858e-01	7.51857522e-01
14719           	5.24203143e-02	5.24474798e-02	1.60855604e+00	8.56698332e-01	7.51857704e-01
14720           	5.24275221e-02	5.24535631e-02	1.60857092e+00	8.56712983e-01	7.51857939e-01
14721           	5.24337311e-02	5.24590620e-02	1.60858378e+00	8.56725622e-01	7.51858160e-01
14722           	5.24402739e-02	5.24649176e-02	1.60859772e+00	8.56739133e-01	7.51858586e-01
14723           	5.24462400e-02	5.24703527e-02	1.60861056e+00	8.56751520e-01	7.51859041e-01
14724           	5.24509248e-02	5.24749142e-02	1.60862063e+00	8.56761241e-01	7.51859391e-01
14725           	5.24563339e-02	5.24801040e-02	1.60863287e+00	8.56772768e-01	7.51860100e-01
14726           	5.24595931e-02	5.24837803e-02	1.60864042e+00	8.56779802e-01	7.51860616e-01
14727           	5.24625168e-02	5.24873851e-02	1.60864776e+00	8.56786399e-01	7.51861365e-01
14728           	5.24645666e-02	5.24903509e-02	1.60865326e+00	8.56791195e-01	7.51862062e-01
14729           	5.24655511e-02	5.24925989e-02	1.60865654e+00	8.56793819e-01	7.51862717e-01
14730           	5.24654580e-02	5.24940716e-02	1.60865754e+00	8.56794228e-01	7.51863312e-01
14731           	5.24650083e-02	5.24954136e-02	1.60865829e+00	8.56794153e-01	7.51864136e-01
14732           	5.24637630e-02	5.24961407e-02	1.60865722e+00	8.56792374e-01	7.51864848e-01
14733           	5.24616281e-02	5.24961945e-02	1.60865429e+00	8.56788775e-01	7.51865519e-01
14734           	5.24585804e-02	5.24955258e-02	1.60864941e+00	8.56783283e-01	7.51866122e-01
14735           	5.24551231e-02	5.24946805e-02	1.60864407e+00	8.56777157e-01	7.51866910e-01
14736           	5.24509030e-02	5.24931974e-02	1.60863694e+00	8.56769372e-01	7.51867566e-01
14737           	5.24459143e-02	5.24910983e-02	1.60862815e+00	8.56759989e-01	7.51868161e-01
14738           	5.24403136e-02	5.24885260e-02	1.60861799e+00	8.56749309e-01	7.51868682e-01
14739           	5.24341047e-02	5.24854567e-02	1.60860647e+00	8.56737342e-01	7.51869133e-01
14740           	5.24274436e-02	5.24821766e-02	1.60859435e+00	8.56724619e-01	7.51869732e-01
14741           	5.24203735e-02	5.24784981e-02	1.60858114e+00	8.56710942e-01	7.51870195e-01
14742           	5.24128372e-02	5.24744088e-02	1.60856691e+00	8.56696290e-01	7.51870615e-01
14743           	5.24050080e-02	5.24700594e-02	1.60855199e+00	8.56681004e-01	7.51870988e-01
14744           	5.23965801e-02	5.24652655e-02	1.60853606e+00	8.56664612e-01	7.51871452e-01
14745           	5.23879563e-02	5.24602014e-02	1.60851956e+00	8.56647738e-01	7.51871825e-01
14746           	5.23792009e-02	5.24549544e-02	1.60850266e+00	8.56630531e-01	7.51872129e-01
14747           	5.23703808e-02	5.24495597e-02	1.60848551e+00	8.56613135e-01	7.51872373e-01
14748           	5.23610975e-02	5.24438540e-02	1.60846766e+00	8.56594927e-01	7.51872732e-01
14749           	5.23518365e-02	5.24380880e-02	1.60844975e+00	8.56576711e-01	7.51873038e-01
14750           	5.23426997e-02	5.24323129e-02	1.60843197e+00	8.56558683e-01	7.51873284e-01
14751           	5.23338949e-02	5.24266996e-02	1.60841474e+00	8.56541265e-01	7.51873475e-01
14752           	5.23253398e-02	5.24211907e-02	1.60839799e+00	8.56524336e-01	7.51873657e-01
14753           	5.23164048e-02	5.24154323e-02	1.60838075e+00	8.56506780e-01	7.51873971e-01
14754           	5.23076991e-02	5.24097229e-02	1.60836385e+00	8.56489624e-01	7.51874225e-01
14755           	5.22992964e-02	5.24041373e-02	1.60834752e+00	8.56473057e-01	7.51874464e-01
14756           	5.22911526e-02	5.23986415e-02	1.60833171e+00	8.56457009e-01	7.51874704e-01
14757           	5.22832760e-02	5.23932655e-02	1.60831646e+00	8.56441507e-01	7.51874955e-01
14758           	5.22750041e-02	5.23876100e-02	1.60830061e+00	8.56425310e-01	7.51875302e-01
14759           	5.22670816e-02	5.23820536e-02	1.60828531e+00	8.56409737e-01	7.51875574e-01
14760           	5.22595364e-02	5.23766839e-02	1.60827071e+00	8.56394893e-01	7.51875821e-01
14761           	5.22523118e-02	5.23714546e-02	1.60825674e+00	8.56380680e-01	7.51876056e-01
14762           	5.22453436e-02	5.23663176e-02	1.60824327e+00	8.56366978e-01	7.51876291e-01
14763           	5.22386802e-02	5.23613244e-02	1.60823040e+00	8.56353882e-01	7.51876522e-01
14764           	5.22322595e-02	5.23564332e-02	1.60821803e+00	8.56341277e-01	7.51876758e-01
14765           	5.22255254e-02	5.23512979e-02	1.60820508e+00	8.56328063e-01	7.51877012e-01
14766           	5.22193934e-02	5.23464791e-02	1.60819318e+00	8.56315981e-01	7.51877195e-01
14767           	5.22136316e-02	5.23418477e-02	1.60818198e+00	8.56304624e-01	7.51877361e-01
14768           	5.22082283e-02	5.23373863e-02	1.60817150e+00	8.56293978e-01	7.51877521e-01
14769           	5.22031956e-02	5.23331069e-02	1.60816174e+00	8.56284066e-01	7.51877674e-01
14770           	5.21984785e-02	5.23289775e-02	1.60815263e+00	8.56274794e-01	7.51877837e-01
14771           	5.21940547e-02	5.23249910e-02	1.60814414e+00	8.56266124e-01	7.51878014e-01
14772           	5.21899231e-02	5.23211578e-02	1.60813623e+00	8.56258040e-01	7.51878194e-01
14773           	5.21855651e-02	5.23171346e-02	1.60812778e+00	8.56249457e-01	7.51878327e-01
14774           	5.21816114e-02	5.23133180e-02	1.60812009e+00	8.56241656e-01	7.51878433e-01
14775           	5.21779713e-02	5.23096707e-02	1.60811298e+00	8.56234460e-01	7.51878517e-01
14776           	5.21746667e-02	5.23062071e-02	1.60810651e+00	8.56227923e-01	7.51878590e-01
14777           	5.21716888e-02	5.23029189e-02	1.60810067e+00	8.56222025e-01	7.51878647e-01
14778           	5.21690348e-02	5.22998038e-02	1.60809542e+00	8.56216744e-01	7.51878675e-01
14779           	5.21662637e-02	5.22965609e-02	1.60808968e+00	8.56211105e-01	7.51878577e-01
14780           	5.21639102e-02	5.22935467e-02	1.60808471e+00	8.56206263e-01	7.51878442e-01
14781           	5.21619733e-02	5.22907947e-02	1.60808049e+00	8.56202220e-01	7.51878273e-01
14782           	5.21604654e-02	5.22883253e-02	1.60807709e+00	8.56199012e-01	7.51878081e-01
14783           	5.21590562e-02	5.22859137e-02	1.60807360e+00	8.56195855e-01	7.51877743e-01
14784           	5.21580900e-02	5.22837692e-02	1.60807094e+00	8.56193561e-01	7.51877381e-01
14785           	5.21576401e-02	5.22819950e-02	1.60806931e+00	8.56192296e-01	7.51877016e-01
14786           	5.21577293e-02	5.22806181e-02	1.60806877e+00	8.56192114e-01	7.51876655e-01
14787           	5.21579962e-02	5.22793766e-02	1.60806830e+00	8.56192148e-01	7.51876155e-01
14788           	5.21586950e-02	5.22784259e-02	1.60806869e+00	8.56193040e-01	7.51875650e-01
14789           	5.21599504e-02	5.22779057e-02	1.60807021e+00	8.56195056e-01	7.51875156e-01
14790           	5.21614768e-02	5.22776067e-02	1.60807203e+00	8.56197491e-01	7.51874537e-01
14791           	5.21634623e-02	5.22776296e-02	1.60807479e+00	8.56200860e-01	7.51873935e-01
14792           	5.21660436e-02	5.22781208e-02	1.60807881e+00	8.56205447e-01	7.51873359e-01
14793           	5.21689445e-02	5.22788724e-02	1.60808323e+00	8.56210560e-01	7.51872672e-01
14794           	5.21722650e-02	5.22799201e-02	1.60808851e+00	8.56216521e-01	7.51871991e-01
14795           	5.21761374e-02	5.22814170e-02	1.60809497e+00	8.56223622e-01	7.51871347e-01
14796           	5.21803377e-02	5.22831851e-02	1.60810188e+00	8.56231276e-01	7.51870601e-01
14797           	5.21849208e-02	5.22852257e-02	1.60810954e+00	8.56239692e-01	7.51869850e-01
14798           	5.21900348e-02	5.22877165e-02	1.60811836e+00	8.56249214e-01	7.51869145e-01
14799           	5.21955688e-02	5.22905531e-02	1.60812784e+00	8.56259488e-01	7.51868350e-01
14800           	5.22015237e-02	5.22936976e-02	1.60813813e+00	8.56270590e-01	7.51867543e-01
14801           	5.22081078e-02	5.22973791e-02	1.60814959e+00	8.56282900e-01	7.51866685e-01
14802           	5.22154845e-02	5.23015037e-02	1.60816177e+00	8.56296371e-01	7.51865402e-01
14803           	5.22232172e-02	5.23060411e-02	1.60817527e+00	8.56310854e-01	7.51864420e-01
14804           	5.22311214e-02	5.23109044e-02	1.60818983e+00	8.56326036e-01	7.51863793e-01
14805           	5.22391844e-02	5.23159554e-02	1.60820491e+00	8.56341642e-01	7.51863273e-01
14806           	5.22472252e-02	5.23211028e-02	1.60822024e+00	8.56357345e-01	7.51862894e-01
14807           	5.22554668e-02	5.23265039e-02	1.60823601e+00	8.56373474e-01	7.51862540e-01
14808           	5.22641921e-02	5.23323137e-02	1.60825259e+00	8.56390488e-01	7.51862104e-01
14809           	5.22735600e-02	5.23385643e-02	1.60827013e+00	8.56408623e-01	7.51861503e-01
14810           	5.22833113e-02	5.23451279e-02	1.60828826e+00	8.56427441e-01	7.51860819e-01
14811           	5.22937117e-02	5.23522227e-02	1.60830762e+00	8.56447521e-01	7.51860098e-01
14812           	5.23038869e-02	5.23592386e-02	1.60832666e+00	8.56467216e-01	7.51859442e-01
14813           	5.23137654e-02	5.23661387e-02	1.60834525e+00	8.56486389e-01	7.51858858e-01
14814           	5.23238552e-02	5.23733583e-02	1.60836452e+00	8.56506114e-01	7.51858403e-01
14815           	5.23343590e-02	5.23808770e-02	1.60838457e+00	8.56526646e-01	7.51857928e-01
14816           	5.23444546e-02	5.23883017e-02	1.60840417e+00	8.56546537e-01	7.51857628e-01
14817           	5.23554998e-02	5.23964286e-02	1.60842574e+00	8.56568368e-01	7.51857368e-01
14818           	5.23649484e-02	5.24035972e-02	1.60844426e+00	8.56587077e-01	7.51857180e-01
14819           	5.23741480e-02	5.24107289e-02	1.60846257e+00	8.56605434e-01	7.51857138e-01
14820           	5.23840485e-02	5.24183145e-02	1.60848240e+00	8.56625246e-01	7.51857150e-01
14821           	5.23921792e-02	5.24247816e-02	1.60849864e+00	8.56641497e-01	7.51857139e-01
14822           	5.24006675e-02	5.24316210e-02	1.60851588e+00	8.56658606e-01	7.51857271e-01
14823           	5.24092056e-02	5.24384628e-02	1.60853323e+00	8.56675822e-01	7.51857411e-01
14824           	5.24175119e-02	5.24452615e-02	1.60855040e+00	8.56692710e-01	7.51857686e-01
14825           	5.24258471e-02	5.24520939e-02	1.60856771e+00	8.56709702e-01	7.51858008e-01
14826           	5.24326179e-02	5.24578940e-02	1.60858170e+00	8.56723470e-01	7.51858234e-01
14827           	5.24387687e-02	5.24633908e-02	1.60859472e+00	8.56736130e-01	7.51858592e-01
14828           	5.24450232e-02	5.24689960e-02	1.60860813e+00	8.56749089e-01	7.51859042e-01
14829           	5.24501687e-02	5.24739145e-02	1.60861939e+00	8.56759866e-01	7.51859528e-01
14830           	5.24544726e-02	5.24783449e-02	1.60862902e+00	8.56768985e-01	7.51860040e-01
14831           	5.24580532e-02	5.24822815e-02	1.60863728e+00	8.56776693e-01	7.51860587e-01
14832           	5.24601818e-02	5.24851709e-02	1.60864226e+00	8.56781312e-01	7.51860949e-01
14833           	5.24629252e-02	5.24886334e-02	1.60864919e+00	8.56787521e-01	7.51861671e-01
14834           	5.24639523e-02	5.24908329e-02	1.60865230e+00	8.56790102e-01	7.51862197e-01
14835           	5.24645961e-02	5.24928859e-02	1.60865503e+00	8.56792110e-01	7.51862918e-01
14836           	5.24645216e-02	5.24943941e-02	1.60865613e+00	8.56792586e-01	7.51863543e-01
14837           	5.24635390e-02	5.24952362e-02	1.60865534e+00	8.56791209e-01	7.51864131e-01
14838           	5.24616529e-02	5.24953916e-02	1.60865267e+00	8.56787990e-01	7.51864684e-01
14839           	5.24594844e-02	5.24954959e-02	1.60864996e+00	8.56784464e-01	7.51865496e-01
14840           	5.24564466e-02	5.24948776e-02	1.60864522e+00	8.56779058e-01	7.51866165e-01
14841           	5.24526136e-02	5.24936512e-02	1.60863889e+00	8.56772059e-01	7.51866832e-01
14842           	5.24481160e-02	5.24919467e-02	1.60863120e+00	8.56763716e-01	7.51867484e-01
14843           	5.24429222e-02	5.24897157e-02	1.60862208e+00	8.56753961e-01	7.51868117e-01
14844           	5.24370563e-02	5.24869613e-02	1.60861156e+00	8.56742837e-01	7.51868725e-01
14845           	5.24306813e-02	5.24839188e-02	1.60860032e+00	8.56730843e-01	7.51869481e-01
14846           	5.24237916e-02	5.24804169e-02	1.60858775e+00	8.56717669e-01	7.51870086e-01
14847           	5.24163537e-02	5.24764479e-02	1.60857395e+00	8.56703329e-01	7.51870621e-01
14848           	5.24085369e-02	5.24721587e-02	1.60855922e+00	8.56688145e-01	7.51871072e-01
14849           	5.24003439e-02	5.24675229e-02	1.60854358e+00	8.56672132e-01	7.51871444e-01
14850           	5.23919292e-02	5.24626764e-02	1.60852736e+00	8.56655607e-01	7.51871749e-01
14851           	5.23832689e-02	5.24575749e-02	1.60851056e+00	8.56638548e-01	7.51872010e-01
14852           	5.23743634e-02	5.24522002e-02	1.60849322e+00	8.56620975e-01	7.51872248e-01
14853           	5.23648698e-02	5.24464386e-02	1.60847498e+00	8.56602362e-01	7.51872622e-01
14854           	5.23557532e-02	5.24407591e-02	1.60845720e+00	8.56584354e-01	7.51872848e-01
14855           	5.23465540e-02	5.24349143e-02	1.60843923e+00	8.56566170e-01	7.51873062e-01
14856           	5.23374237e-02	5.24290440e-02	1.60842138e+00	8.56548113e-01	7.51873265e-01
14857           	5.23283638e-02	5.24231445e-02	1.60840367e+00	8.56530198e-01	7.51873470e-01
14858           	5.23193842e-02	5.24172235e-02	1.60838614e+00	8.56512453e-01	7.51873685e-01
14859           	5.23099537e-02	5.24110043e-02	1.60836790e+00	8.56493904e-01	7.51873997e-01
14860           	5.23013181e-02	5.24052391e-02	1.60835109e+00	8.56476863e-01	7.51874227e-01
14861           	5.22929771e-02	5.23996337e-02	1.60833482e+00	8.56460387e-01	7.51874433e-01
14862           	5.22848927e-02	5.23941393e-02	1.60831903e+00	8.56444410e-01	7.51874624e-01
14863           	5.22764322e-02	5.23883551e-02	1.60830259e+00	8.56427729e-01	7.51874865e-01
14864           	5.22689017e-02	5.23831399e-02	1.60828794e+00	8.56412872e-01	7.51875069e-01
14865           	5.22616784e-02	5.23780567e-02	1.60827390e+00	8.56398630e-01	7.51875274e-01
14866           	5.22547730e-02	5.23731075e-02	1.60826055e+00	8.56385047e-01	7.51875501e-01
14867           	5.22482786e-02	5.23683814e-02	1.60824807e+00	8.56372316e-01	7.51875758e-01
14868           	5.22420777e-02	5.23637977e-02	1.60823627e+00	8.56360211e-01	7.51876055e-01
14869           	5.22355181e-02	5.23588786e-02	1.60822375e+00	8.56347393e-01	7.51876357e-01
14870           	5.22292146e-02	5.23540875e-02	1.60821180e+00	8.56335115e-01	7.51876686e-01
14871           	5.22231729e-02	5.23494051e-02	1.60820035e+00	8.56323349e-01	7.51877003e-01
14872           	5.22174259e-02	5.23448509e-02	1.60818946e+00	8.56312157e-01	7.51877305e-01
14873           	5.22119826e-02	5.23404338e-02	1.60817912e+00	8.56301543e-01	7.51877578e-01
14874           	5.22062426e-02	5.23356904e-02	1.60816799e+00	8.56290237e-01	7.51877752e-01
14875           	5.22008517e-02	5.23311349e-02	1.60815757e+00	8.56279638e-01	7.51877935e-01
14876           	5.21959058e-02	5.23268150e-02	1.60814797e+00	8.56269891e-01	7.51878080e-01
14877           	5.21914046e-02	5.23227382e-02	1.60813922e+00	8.56261017e-01	7.51878208e-01
14878           	5.21872815e-02	5.23188605e-02	1.60813122e+00	8.56252891e-01	7.51878328e-01
14879           	5.21834854e-02	5.23151492e-02	1.60812383e+00	8.56245402e-01	7.51878431e-01
14880           	5.21794854e-02	5.23111743e-02	1.60811577e+00	8.56237368e-01	7.51878397e-01
14881           	5.21758711e-02	5.23074655e-02	1.60810857e+00	8.56230157e-01	7.51878415e-01
14882           	5.21726548e-02	5.23039946e-02	1.60810215e+00	8.56223729e-01	7.51878419e-01
14883           	5.21698530e-02	5.23007848e-02	1.60809655e+00	8.56218129e-01	7.51878423e-01
14884           	5.21674277e-02	5.22978112e-02	1.60809170e+00	8.56213277e-01	7.51878422e-01
14885           	5.21649354e-02	5.22946864e-02	1.60808635e+00	8.56208110e-01	7.51878239e-01
14886           	5.21628389e-02	5.22918646e-02	1.60808190e+00	8.56203787e-01	7.51878109e-01
14887           	5.21611892e-02	5.22893441e-02	1.60807831e+00	8.56200344e-01	7.51877965e-01
14888           	5.21599840e-02	5.22871231e-02	1.60807558e+00	8.56197776e-01	7.51877808e-01
14889           	5.21588534e-02	5.22848769e-02	1.60807261e+00	8.56195156e-01	7.51877450e-01
14890           	5.21581761e-02	5.22830005e-02	1.60807064e+00	8.56193494e-01	7.51877142e-01
14891           	5.21579754e-02	5.22814555e-02	1.60806960e+00	8.56192774e-01	7.51876823e-01
14892           	5.21582696e-02	5.22802654e-02	1.60806953e+00	8.56193036e-01	7.51876497e-01
14893           	5.21587701e-02	5.22791587e-02	1.60806943e+00	8.56193486e-01	7.51875945e-01
14894           	5.21596663e-02	5.22783832e-02	1.60807022e+00	8.56194778e-01	7.51875445e-01
14895           	5.21610785e-02	5.22779925e-02	1.60807204e+00	8.56197100e-01	7.51874943e-01
14896           	5.21628306e-02	5.22778019e-02	1.60807413e+00	8.56199893e-01	7.51874232e-01
14897           	5.21650105e-02	5.22779770e-02	1.60807718e+00	8.56203602e-01	7.51873581e-01
14898           	5.21677464e-02	5.22785911e-02	1.60808144e+00	8.56208465e-01	7.51872972e-01
14899           	5.21709086e-02	5.22794867e-02	1.60808618e+00	8.56213997e-01	7.51872180e-01
14900           	5.21744507e-02	5.22807162e-02	1.60809179e+00	8.56220348e-01	7.51871446e-01
14901           	5.21784226e-02	5.22822465e-02	1.60809804e+00	8.56227442e-01	7.51870597e-01
14902           	5.21828562e-02	5.22841259e-02	1.60810483e+00	8.56235273e-01	7.51869560e-01
14903           	5.21877982e-02	5.22863777e-02	1.60811275e+00	8.56244175e-01	7.51868579e-01
14904           	5.21932829e-02	5.22891536e-02	1.60812248e+00	8.56254524e-01	7.51867959e-01
14905           	5.21993292e-02	5.22924380e-02	1.60813361e+00	8.56266135e-01	7.51867477e-01
14906           	5.22057202e-02	5.22960432e-02	1.60814550e+00	8.56278471e-01	7.51867031e-01
14907           	5.22125811e-02	5.23000858e-02	1.60815815e+00	8.56291658e-01	7.51866495e-01
14908           	5.22197521e-02	5.23043364e-02	1.60817121e+00	8.56305356e-01	7.51865852e-01
14909           	5.22273519e-02	5.23089566e-02	1.60818493e+00	8.56319815e-01	7.51865111e-01
14910           	5.22361813e-02	5.23142975e-02	1.60820019e+00	8.56336278e-01	7.51863915e-01
14911           	5.22446262e-02	5.23195861e-02	1.60821551e+00	8.56352381e-01	7.51863129e-01
14912           	5.22528344e-02	5.23248112e-02	1.60823073e+00	8.56368198e-01	7.51862530e-01
14913           	5.22610800e-02	5.23301892e-02	1.60824625e+00	8.56384206e-01	7.51862046e-01
14914           	5.22700157e-02	5.23361670e-02	1.60826306e+00	8.56401547e-01	7.51861515e-01
14915           	5.22790683e-02	5.23422148e-02	1.60827992e+00	8.56419030e-01	7.51860893e-01
14916           	5.22886890e-02	5.23487805e-02	1.60829787e+00	8.56437626e-01	7.51860248e-01
14917           	5.23003087e-02	5.23566134e-02	1.60831930e+00	8.56459960e-01	7.51859343e-01
14918           	5.23106921e-02	5.23639307e-02	1.60833897e+00	8.56480176e-01	7.51858791e-01
14919           	5.23207218e-02	5.23710843e-02	1.60835806e+00	8.56499751e-01	7.51858307e-01
14920           	5.23302397e-02	5.23779804e-02	1.60837633e+00	8.56518403e-01	7.51857924e-01
14921           	5.23399507e-02	5.23851578e-02	1.60839525e+00	8.56537576e-01	7.51857674e-01
14922           	5.23501888e-02	5.23926708e-02	1.60841522e+00	8.56557797e-01	7.51857420e-01
14923           	5.23597717e-02	5.23998717e-02	1.60843412e+00	8.56576831e-01	7.51857288e-01
14924           	5.23702037e-02	5.24076811e-02	1.60845481e+00	8.56597611e-01	7.51857204e-01
14925           	5.23792714e-02	5.24146501e-02	1.60847275e+00	8.56615648e-01	7.51857105e-01
14926           	5.23881346e-02	5.24216155e-02	1.60849053e+00	8.56633400e-01	7.51857131e-01
14927           	5.23978581e-02	5.24291740e-02	1.60851016e+00	8.56652937e-01	7.51857221e-01
14928           	5.24063641e-02	5.24360334e-02	1.60852746e+00	8.56670093e-01	7.51857365e-01
14929           	5.24151913e-02	5.24431651e-02	1.60854556e+00	8.56687971e-01	7.51857588e-01
14930           	5.24225863e-02	5.24493571e-02	1.60856068e+00	8.56702928e-01	7.51857755e-01
14931           	5.24294356e-02	5.24552974e-02	1.60857495e+00	8.56716911e-01	7.51858040e-01
14932           	5.24369046e-02	5.24617069e-02	1.60859079e+00	8.56732299e-01	7.51858490e-01
14933           	5.24428173e-02	5.24671062e-02	1.60860340e+00	8.56744518e-01	7.51858883e-01
14934           	5.24479099e-02	5.24720177e-02	1.60861446e+00	8.56755140e-01	7.51859320e-01
14935           	5.24522494e-02	5.24763611e-02	1.60862396e+00	8.56764228e-01	7.51859729e-01
14936           	5.24565059e-02	5.24807298e-02	1.60863360e+00	8.56773306e-01	7.51860294e-01
14937           	5.24592477e-02	5.24840555e-02	1.60863996e+00	8.56779229e-01	7.51860734e-01
14938           	5.24616813e-02	5.24871739e-02	1.60864590e+00	8.56784633e-01	7.51861270e-01
14939           	5.24627558e-02	5.24892907e-02	1.60864876e+00	8.56787136e-01	7.51861625e-01
14940           	5.24640683e-02	5.24917051e-02	1.60865266e+00	8.56790400e-01	7.51862263e-01
14941           	5.24646814e-02	5.24937430e-02	1.60865547e+00	8.56792415e-01	7.51863052e-01
14942           	5.24638267e-02	5.24946273e-02	1.60865478e+00	8.56791217e-01	7.51863564e-01
14943           	5.24633536e-02	5.24960473e-02	1.60865586e+00	8.56791283e-01	7.51864576e-01
14944           	5.24611444e-02	5.24960814e-02	1.60865280e+00	8.56787543e-01	7.51865254e-01
14945           	5.24582859e-02	5.24956217e-02	1.60864859e+00	8.56782582e-01	7.51866010e-01
14946           	5.24547508e-02	5.24947056e-02	1.60864301e+00	8.56776258e-01	7.51866756e-01
14947           	5.24503269e-02	5.24930834e-02	1.60863546e+00	8.56768054e-01	7.51867401e-01
14948           	5.24452290e-02	5.24909395e-02	1.60862666e+00	8.56758557e-01	7.51868099e-01
14949           	5.24395922e-02	5.24884268e-02	1.60861673e+00	8.56747958e-01	7.51868774e-01
14950           	5.24332850e-02	5.24853668e-02	1.60860526e+00	8.56735914e-01	7.51869344e-01
14951           	5.24263780e-02	5.24817825e-02	1.60859234e+00	8.56722546e-01	7.51869790e-01
14952           	5.24189589e-02	5.24778174e-02	1.60857842e+00	8.56708170e-01	7.51870253e-01
14953           	5.24111798e-02	5.24735630e-02	1.60856374e+00	8.56693049e-01	7.51870689e-01
14954           	5.24031809e-02	5.24690897e-02	1.60854844e+00	8.56677399e-01	7.51871037e-01
14955           	5.23949866e-02	5.24643792e-02	1.60853258e+00	8.56661276e-01	7.51871303e-01
14956           	5.23862510e-02	5.24592067e-02	1.60851572e+00	8.56644113e-01	7.51871611e-01
14957           	5.23778018e-02	5.24541372e-02	1.60849922e+00	8.56627412e-01	7.51871809e-01
14958           	5.23686927e-02	5.24485794e-02	1.60848164e+00	8.56609510e-01	7.51872125e-01
14959           	5.23598115e-02	5.24430549e-02	1.60846434e+00	8.56591981e-01	7.51872358e-01
14960           	5.23506430e-02	5.24373719e-02	1.60844672e+00	8.56574002e-01	7.51872716e-01
14961           	5.23415166e-02	5.24316180e-02	1.60842910e+00	8.56556066e-01	7.51873033e-01
14962           	5.23325992e-02	5.24259183e-02	1.60841184e+00	8.56538518e-01	7.51873319e-01
14963           	5.23234252e-02	5.24200562e-02	1.60839424e+00	8.56520547e-01	7.51873697e-01
14964           	5.23144149e-02	5.24141924e-02	1.60837686e+00	8.56502847e-01	7.51874017e-01
14965           	5.23058438e-02	5.24085478e-02	1.60836024e+00	8.56485963e-01	7.51874275e-01
14966           	5.22976297e-02	5.24030593e-02	1.60834425e+00	8.56469756e-01	7.51874496e-01
14967           	5.22890869e-02	5.23973076e-02	1.60832772e+00	8.56452949e-01	7.51874775e-01
14968           	5.22809466e-02	5.23917255e-02	1.60831188e+00	8.56436886e-01	7.51874992e-01
14969           	5.22731700e-02	5.23863089e-02	1.60829670e+00	8.56421522e-01	7.51875182e-01
14970           	5.22657105e-02	5.23810268e-02	1.60828215e+00	8.56406787e-01	7.51875366e-01
14971           	5.22580037e-02	5.23755528e-02	1.60826719e+00	8.56391597e-01	7.51875589e-01
14972           	5.22507076e-02	5.23702572e-02	1.60825299e+00	8.56377203e-01	7.51875788e-01
14973           	5.22437592e-02	5.23651237e-02	1.60823949e+00	8.56363506e-01	7.51875988e-01
14974           	5.22372305e-02	5.23602180e-02	1.60822685e+00	8.56350655e-01	7.51876194e-01
14975           	5.22310226e-02	5.23554702e-02	1.60821489e+00	8.56338469e-01	7.51876424e-01
14976           	5.22250595e-02	5.23508249e-02	1.60820348e+00	8.56326802e-01	7.51876683e-01
14977           	5.22188532e-02	5.23459819e-02	1.60819162e+00	8.56314663e-01	7.51876956e-01
14978           	5.22131010e-02	5.23413543e-02	1.60818060e+00	8.56303401e-01	7.51877199e-01
14979           	5.22076673e-02	5.23368757e-02	1.60817020e+00	8.56292767e-01	7.51877432e-01
14980           	5.22026119e-02	5.23325899e-02	1.60816052e+00	8.56282873e-01	7.51877649e-01
14981           	5.21978910e-02	5.23284680e-02	1.60815151e+00	8.56273644e-01	7.51877862e-01
14982           	5.21934718e-02	5.23244895e-02	1.60814309e+00	8.56265015e-01	7.51878072e-01
14983           	5.21893440e-02	5.23206532e-02	1.60813522e+00	8.56256954e-01	7.51878266e-01
14984           	5.21849831e-02	5.23166062e-02	1.60812675e+00	8.56248359e-01	7.51878392e-01
14985           	5.21809994e-02	5.23127404e-02	1.60811896e+00	8.56240479e-01	7.51878480e-01
14986           	5.21773505e-02	5.23090554e-02	1.60811177e+00	8.56233234e-01	7.51878533e-01
14987           	5.21740586e-02	5.23055699e-02	1.60810525e+00	8.56226685e-01	7.51878567e-01
14988           	5.21711137e-02	5.23022775e-02	1.60809939e+00	8.56220809e-01	7.51878582e-01
14989           	5.21685023e-02	5.22991681e-02	1.60809413e+00	8.56215569e-01	7.51878564e-01
14990           	5.21657839e-02	5.22959381e-02	1.60808840e+00	8.56209986e-01	7.51878419e-01
14991           	5.21634841e-02	5.22929451e-02	1.60808346e+00	8.56205213e-01	7.51878244e-01
14992           	5.21616098e-02	5.22902263e-02	1.60807931e+00	8.56201266e-01	7.51878046e-01
14993           	5.21601764e-02	5.22878050e-02	1.60807603e+00	8.56198189e-01	7.51877837e-01
14994           	5.21588542e-02	5.22854541e-02	1.60807269e+00	8.56195200e-01	7.51877492e-01
14995           	5.21579724e-02	5.22833759e-02	1.60807021e+00	8.56193079e-01	7.51877135e-01
14996           	5.21576062e-02	5.22816701e-02	1.60806877e+00	8.56191994e-01	7.51876781e-01
14997           	5.21577826e-02	5.22803667e-02	1.60806844e+00	8.56192003e-01	7.51876438e-01
14998           	5.21581399e-02	5.22792012e-02	1.60806819e+00	8.56192236e-01	7.51875957e-01
14999           	5.21589210e-02	5.22783223e-02	1.60806878e+00	8.56193311e-01	7.51875469e-01
15000           	5.21602579e-02	5.22778721e-02	1.60807049e+00	8.56195503e-01	7.51874987e-01
15001           	5.21618648e-02	5.22776385e-02	1.60807248e+00	8.56198106e-01	7.51874376e-01
15002           	5.21639239e-02	5.22777212e-02	1.60807539e+00	8.56201620e-01	7.51873772e-01
15003           	5.21665762e-02	5.22782681e-02	1.60807953e+00	8.56206342e-01	7.51873190e-01
15004           	5.21695485e-02	5.22790705e-02	1.60808408e+00	8.56211586e-01	7.51872489e-01
15005           	5.21729347e-02	5.22801654e-02	1.60808945e+00	8.56217658e-01	7.51871789e-01
15006           	5.21768740e-02	5.22817096e-02	1.60809600e+00	8.56224874e-01	7.51871126e-01
15007           	5.21811485e-02	5.22835271e-02	1.60810302e+00	8.56232657e-01	7.51870360e-01
15008           	5.21858087e-02	5.22856228e-02	1.60811080e+00	8.56241206e-01	7.51869589e-01
15009           	5.21910045e-02	5.22881744e-02	1.60811975e+00	8.56250878e-01	7.51868869e-01
15010           	5.21966341e-02	5.22910815e-02	1.60812940e+00	8.56261333e-01	7.51868065e-01
15011           	5.22026865e-02	5.22943036e-02	1.60813987e+00	8.56272621e-01	7.51867248e-01
15012           	5.22093714e-02	5.22980654e-02	1.60815152e+00	8.56285131e-01	7.51866389e-01
15013           	5.22170069e-02	5.23023476e-02	1.60816399e+00	8.56299004e-01	7.51864990e-01
15014           	5.22245922e-02	5.23068533e-02	1.60817757e+00	8.56313379e-01	7.51864195e-01
15015           	5.22322890e-02	5.23116302e-02	1.60819195e+00	8.56328262e-01	7.51863684e-01
15016           	5.22402973e-02	5.23167129e-02	1.60820705e+00	8.56343823e-01	7.51863229e-01
15017           	5.22490585e-02	5.23223176e-02	1.60822337e+00	8.56360744e-01	7.51862627e-01
15018           	5.22578129e-02	5.23280389e-02	1.60823987e+00	8.56377749e-01	7.51862123e-01
15019           	5.22666599e-02	5.23338679e-02	1.60825655e+00	8.56394933e-01	7.51861613e-01
15020           	5.22757654e-02	5.23400088e-02	1.60827381e+00	8.56412670e-01	7.51861139e-01
15021           	5.22862012e-02	5.23470482e-02	1.60829335e+00	8.56432874e-01	7.51860472e-01
15022           	5.22956264e-02	5.23536503e-02	1.60831126e+00	8.56451254e-01	7.51860001e-01
15023           	5.23053083e-02	5.23603910e-02	1.60832953e+00	8.56470075e-01	7.51859458e-01
15024           	5.23154537e-02	5.23675364e-02	1.60834868e+00	8.56489792e-01	7.51858885e-01
15025           	5.23256444e-02	5.23747612e-02	1.60836799e+00	8.56509642e-01	7.51858353e-01
15026           	5.23366450e-02	5.23825841e-02	1.60838895e+00	8.56531122e-01	7.51857832e-01
15027           	5.23470153e-02	5.23901234e-02	1.60840893e+00	8.56551482e-01	7.51857452e-01
15028           	5.23564937e-02	5.23971938e-02	1.60842733e+00	8.56570160e-01	7.51857173e-01
15029           	5.23660305e-02	5.24044700e-02	1.60844609e+00	8.56589075e-01	7.51857014e-01
15030           	5.23756765e-02	5.24118386e-02	1.60846514e+00	8.56608248e-01	7.51856895e-01
15031           	5.23849117e-02	5.24190530e-02	1.60848359e+00	8.56626708e-01	7.51856884e-01
15032           	5.23949477e-02	5.24268472e-02	1.60850388e+00	8.56646886e-01	7.51856990e-01
15033           	5.24034099e-02	5.24336277e-02	1.60852093e+00	8.56663874e-01	7.51857054e-01
15034           	5.24114372e-02	5.24402274e-02	1.60853738e+00	8.56680127e-01	7.51857253e-01
15035           	5.24203566e-02	5.24474745e-02	1.60855600e+00	8.56698358e-01	7.51857645e-01
15036           	5.24279734e-02	5.24538857e-02	1.60857197e+00	8.56713958e-01	7.51858012e-01
15037           	5.24349341e-02	5.24599208e-02	1.60858674e+00	8.56728303e-01	7.51858435e-01
15038           	5.24405074e-02	5.24649941e-02	1.60859849e+00	8.56739753e-01	7.51858738e-01
15039           	5.24447595e-02	5.24691863e-02	1.60860744e+00	8.56748479e-01	7.51858960e-01
15040           	5.24492309e-02	5.24736548e-02	1.60861720e+00	8.56757832e-01	7.51859370e-01
15041           	5.24531968e-02	5.24777398e-02	1.60862579e+00	8.56766092e-01	7.51859699e-01
15042           	5.24572209e-02	5.24820054e-02	1.60863494e+00	8.56774692e-01	7.51860250e-01
15043           	5.24603578e-02	5.24856229e-02	1.60864217e+00	8.56781441e-01	7.51860725e-01
15044           	5.24630841e-02	5.24890639e-02	1.60864893e+00	8.56787547e-01	7.51861379e-01
15045           	5.24650610e-02	5.24919657e-02	1.60865433e+00	8.56792228e-01	7.51862106e-01
15046           	5.24654213e-02	5.24936467e-02	1.60865608e+00	8.56793463e-01	7.51862621e-01
15047           	5.24657163e-02	5.24954028e-02	1.60865829e+00	8.56794861e-01	7.51863428e-01
15048           	5.24644781e-02	5.24960377e-02	1.60865710e+00	8.56793029e-01	7.51864073e-01
15049           	5.24626919e-02	5.24964313e-02	1.60865527e+00	8.56790326e-01	7.51864942e-01
15050           	5.24601095e-02	5.24962387e-02	1.60865165e+00	8.56785932e-01	7.51865713e-01
15051           	5.24565922e-02	5.24953454e-02	1.60864597e+00	8.56779576e-01	7.51866391e-01
15052           	5.24524845e-02	5.24941235e-02	1.60863945e+00	8.56772211e-01	7.51867242e-01
15053           	5.24477192e-02	5.24923590e-02	1.60863140e+00	8.56763420e-01	7.51867981e-01
15054           	5.24421676e-02	5.24899095e-02	1.60862149e+00	8.56752912e-01	7.51868577e-01
15055           	5.24359568e-02	5.24869879e-02	1.60861044e+00	8.56741178e-01	7.51869264e-01
15056           	5.24292773e-02	5.24835619e-02	1.60859791e+00	8.56728231e-01	7.51869677e-01
15057           	5.24220395e-02	5.24797462e-02	1.60858447e+00	8.56714277e-01	7.51870198e-01
15058           	5.24144062e-02	5.24754829e-02	1.60856989e+00	8.56699350e-01	7.51870537e-01
15059           	5.24063494e-02	5.24708559e-02	1.60855443e+00	8.56683564e-01	7.51870865e-01
15060           	5.23980812e-02	5.24660640e-02	1.60853853e+00	8.56667346e-01	7.51871184e-01
15061           	5.23897615e-02	5.24611820e-02	1.60852236e+00	8.56650944e-01	7.51871421e-01
15062           	5.23809952e-02	5.24559382e-02	1.60850537e+00	8.56633683e-01	7.51871692e-01
15063           	5.23720677e-02	5.24505639e-02	1.60848813e+00	8.56616131e-01	7.51871996e-01
15064           	5.23631924e-02	5.24451710e-02	1.60847091e+00	8.56598648e-01	7.51872263e-01
15065           	5.23544145e-02	5.24397665e-02	1.60845383e+00	8.56581331e-01	7.51872502e-01
15066           	5.23451935e-02	5.24339794e-02	1.60843600e+00	8.56563194e-01	7.51872807e-01
15067           	5.23361111e-02	5.24282630e-02	1.60841849e+00	8.56545357e-01	7.51873134e-01
15068           	5.23272142e-02	5.24225854e-02	1.60840133e+00	8.56527878e-01	7.51873450e-01
15069           	5.23185451e-02	5.24169635e-02	1.60838459e+00	8.56510840e-01	7.51873750e-01
15070           	5.23095639e-02	5.24110492e-02	1.60836729e+00	8.56493207e-01	7.51874079e-01
15071           	5.23008199e-02	5.24052445e-02	1.60835045e+00	8.56476043e-01	7.51874403e-01
15072           	5.22924539e-02	5.23996320e-02	1.60833428e+00	8.56459592e-01	7.51874684e-01
15073           	5.22844626e-02	5.23941978e-02	1.60831878e+00	8.56443854e-01	7.51874929e-01
15074           	5.22767620e-02	5.23888786e-02	1.60830383e+00	8.56428677e-01	7.51875153e-01
15075           	5.22687594e-02	5.23832593e-02	1.60828823e+00	8.56412873e-01	7.51875354e-01
15076           	5.22611363e-02	5.23778621e-02	1.60827341e+00	8.56397841e-01	7.51875569e-01
15077           	5.22538248e-02	5.23725953e-02	1.60825919e+00	8.56383418e-01	7.51875768e-01
15078           	5.22469038e-02	5.23675305e-02	1.60824572e+00	8.56369764e-01	7.51875957e-01
15079           	5.22402881e-02	5.23626074e-02	1.60823289e+00	8.56356732e-01	7.51876156e-01
15080           	5.22339121e-02	5.23577775e-02	1.60822058e+00	8.56344201e-01	7.51876377e-01
15081           	5.22272522e-02	5.23526415e-02	1.60820763e+00	8.56331065e-01	7.51876560e-01
15082           	5.22210895e-02	5.23478280e-02	1.60819579e+00	8.56318985e-01	7.51876806e-01
15083           	5.22152675e-02	5.23431739e-02	1.60818463e+00	8.56307585e-01	7.51877050e-01
15084           	5.22098460e-02	5.23387292e-02	1.60817426e+00	8.56296974e-01	7.51877282e-01
15085           	5.22047454e-02	5.23344392e-02	1.60816451e+00	8.56287002e-01	7.51877511e-01
15086           	5.21999248e-02	5.23302762e-02	1.60815533e+00	8.56277592e-01	7.51877742e-01
15087           	5.21954240e-02	5.23262749e-02	1.60814678e+00	8.56268814e-01	7.51877966e-01
15088           	5.21907027e-02	5.23219938e-02	1.60813756e+00	8.56259485e-01	7.51878079e-01
15089           	5.21864367e-02	5.23180295e-02	1.60812938e+00	8.56251127e-01	7.51878254e-01
15090           	5.21825054e-02	5.23142409e-02	1.60812180e+00	8.56243405e-01	7.51878395e-01
15091           	5.21788929e-02	5.23106235e-02	1.60811481e+00	8.56236296e-01	7.51878511e-01
15092           	5.21755934e-02	5.23071774e-02	1.60810839e+00	8.56229788e-01	7.51878601e-01
15093           	5.21726025e-02	5.23038980e-02	1.60810252e+00	8.56223863e-01	7.51878658e-01
15094           	5.21694684e-02	5.23003916e-02	1.60809598e+00	8.56217461e-01	7.51878524e-01
15095           	5.21667672e-02	5.22972080e-02	1.60809044e+00	8.56211988e-01	7.51878453e-01
15096           	5.21644548e-02	5.22942508e-02	1.60808560e+00	8.56207256e-01	7.51878346e-01
15097           	5.21625565e-02	5.22915522e-02	1.60808154e+00	8.56203327e-01	7.51878214e-01
15098           	5.21606918e-02	5.22887741e-02	1.60807713e+00	8.56199256e-01	7.51877873e-01
15099           	5.21592866e-02	5.22863668e-02	1.60807377e+00	8.56196173e-01	7.51877600e-01
15100           	5.21583855e-02	5.22843117e-02	1.60807142e+00	8.56194095e-01	7.51877324e-01
15101           	5.21580079e-02	5.22826341e-02	1.60807011e+00	8.56193061e-01	7.51877045e-01
15102           	5.21577597e-02	5.22809642e-02	1.60806862e+00	8.56192072e-01	7.51876552e-01
15103           	5.21579776e-02	5.22796989e-02	1.60806825e+00	8.56192102e-01	7.51876147e-01
15104           	5.21587362e-02	5.22788379e-02	1.60806896e+00	8.56193216e-01	7.51875743e-01
15105           	5.21599493e-02	5.22783092e-02	1.60807057e+00	8.56195235e-01	7.51875337e-01
15106           	5.21613844e-02	5.22778756e-02	1.60807217e+00	8.56197470e-01	7.51874702e-01
15107           	5.21632992e-02	5.22778801e-02	1.60807489e+00	8.56200742e-01	7.51874144e-01
15108           	5.21656745e-02	5.22782309e-02	1.60807853e+00	8.56204938e-01	7.51873589e-01
15109           	5.21683673e-02	5.22787574e-02	1.60808237e+00	8.56209552e-01	7.51872818e-01
15110           	5.21715658e-02	5.22797525e-02	1.60808738e+00	8.56215257e-01	7.51872125e-01
15111           	5.21752153e-02	5.22810971e-02	1.60809336e+00	8.56221896e-01	7.51871466e-01
15112           	5.21792487e-02	5.22826689e-02	1.60809973e+00	8.56229114e-01	7.51870616e-01
15113           	5.21837851e-02	5.22847114e-02	1.60810727e+00	8.56237422e-01	7.51869852e-01
15114           	5.21887263e-02	5.22869992e-02	1.60811536e+00	8.56246409e-01	7.51868956e-01
15115           	5.21942308e-02	5.22896394e-02	1.60812381e+00	8.56256136e-01	7.51867674e-01
15116           	5.22003447e-02	5.22929033e-02	1.60813441e+00	8.56267550e-01	7.51866860e-01
15117           	5.22067921e-02	5.22965227e-02	1.60814618e+00	8.56279884e-01	7.51866300e-01
15118           	5.22137495e-02	5.23005924e-02	1.60815900e+00	8.56293250e-01	7.51865751e-01
15119           	5.22213786e-02	5.23051469e-02	1.60817286e+00	8.56307810e-01	7.51865052e-01
15120           	5.22288929e-02	5.23097795e-02	1.60818699e+00	8.56322385e-01	7.51864600e-01
15121           	5.22368626e-02	5.23147058e-02	1.60820177e+00	8.56337749e-01	7.51864023e-01
15122           	5.22454890e-02	5.23201187e-02	1.60821759e+00	8.56354284e-01	7.51863306e-01
15123           	5.22538795e-02	5.23254738e-02	1.60823317e+00	8.56370466e-01	7.51862707e-01
15124           	5.22627463e-02	5.23312680e-02	1.60824964e+00	8.56387568e-01	7.51862075e-01
15125           	5.22723794e-02	5.23376371e-02	1.60826739e+00	8.56406076e-01	7.51861317e-01
15126           	5.22821549e-02	5.23442367e-02	1.60828550e+00	8.56424907e-01	7.51860598e-01
15127           	5.22920388e-02	5.23509864e-02	1.60830388e+00	8.56443981e-01	7.51859903e-01
15128           	5.23018668e-02	5.23578603e-02	1.60832241e+00	8.56463071e-01	7.51859337e-01
15129           	5.23139087e-02	5.23662010e-02	1.60834511e+00	8.56486463e-01	7.51858646e-01
15130           	5.23239235e-02	5.23734057e-02	1.60836435e+00	8.56506096e-01	7.51858249e-01
15131           	5.23335221e-02	5.23804192e-02	1.60838294e+00	8.56524993e-01	7.51857949e-01
15132           	5.23428811e-02	5.23873499e-02	1.60840116e+00	8.56543462e-01	7.51857700e-01
15133           	5.23522625e-02	5.23944175e-02	1.60841959e+00	8.56562060e-01	7.51857534e-01
15134           	5.23629787e-02	5.24023679e-02	1.60844081e+00	8.56583384e-01	7.51857427e-01
15135           	5.23720951e-02	5.24092944e-02	1.60845878e+00	8.56601484e-01	7.51857294e-01
15136           	5.23812710e-02	5.24162866e-02	1.60847687e+00	8.56619706e-01	7.51857164e-01
15137           	5.23899690e-02	5.24230941e-02	1.60849420e+00	8.56637067e-01	7.51857129e-01
15138           	5.24009271e-02	5.24315007e-02	1.60851663e+00	8.56659241e-01	7.51857386e-01
15139           	5.24083780e-02	5.24376391e-02	1.60853159e+00	8.56674174e-01	7.51857418e-01
15140           	5.24158204e-02	5.24437820e-02	1.60854663e+00	8.56689134e-01	7.51857493e-01
15141           	5.24233850e-02	5.24501174e-02	1.60856208e+00	8.56704427e-01	7.51857656e-01
15142           	5.24305235e-02	5.24561925e-02	1.60857680e+00	8.56718924e-01	7.51857877e-01
15143           	5.24368800e-02	5.24618274e-02	1.60859002e+00	8.56731891e-01	7.51858131e-01
15144           	5.24434320e-02	5.24677135e-02	1.60860406e+00	8.56745463e-01	7.51858599e-01
15145           	5.24483729e-02	5.24725058e-02	1.60861472e+00	8.56755732e-01	7.51858986e-01
15146           	5.24532362e-02	5.24772216e-02	1.60862544e+00	8.56765956e-01	7.51859484e-01
15147           	5.24575034e-02	5.24816038e-02	1.60863512e+00	8.56775063e-01	7.51860056e-01
15148           	5.24606311e-02	5.24852088e-02	1.60864250e+00	8.56781879e-01	7.51860617e-01
15149           	5.24634952e-02	5.24886721e-02	1.60864963e+00	8.56788310e-01	7.51861319e-01
15150           	5.24655348e-02	5.24916303e-02	1.60865518e+00	8.56793123e-01	7.51862054e-01
15151           	5.24663864e-02	5.24937836e-02	1.60865831e+00	8.56795540e-01	7.51862768e-01
15152           	5.24661579e-02	5.24952135e-02	1.60865918e+00	8.56795746e-01	7.51863430e-01
15153           	5.24654779e-02	5.24963513e-02	1.60865939e+00	8.56795175e-01	7.51864219e-01
15154           	5.24639336e-02	5.24968866e-02	1.60865783e+00	8.56792849e-01	7.51864982e-01
15155           	5.24614797e-02	5.24967727e-02	1.60865432e+00	8.56788640e-01	7.51865680e-01
15156           	5.24584460e-02	5.24962407e-02	1.60864984e+00	8.56783366e-01	7.51866474e-01
15157           	5.24545853e-02	5.24950726e-02	1.60864356e+00	8.56776366e-01	7.51867196e-01
15158           	5.24499646e-02	5.24933328e-02	1.60863560e+00	8.56767767e-01	7.51867838e-01
15159           	5.24445630e-02	5.24909633e-02	1.60862587e+00	8.56757499e-01	7.51868374e-01
15160           	5.24384694e-02	5.24880038e-02	1.60861455e+00	8.56745746e-01	7.51868808e-01
15161           	5.24319109e-02	5.24847004e-02	1.60860243e+00	8.56733124e-01	7.51869302e-01
15162           	5.24249470e-02	5.24810844e-02	1.60858944e+00	8.56719669e-01	7.51869775e-01
15163           	5.24175391e-02	5.24770599e-02	1.60857544e+00	8.56705262e-01	7.51870183e-01
15164           	5.24096772e-02	5.24726872e-02	1.60856063e+00	8.56689993e-01	7.51870639e-01
15165           	5.24017659e-02	5.24681679e-02	1.60854541e+00	8.56674470e-01	7.51870939e-01
15166           	5.23933087e-02	5.24633127e-02	1.60852932e+00	8.56657970e-01	7.51871353e-01
15167           	5.23848964e-02	5.24583659e-02	1.60851303e+00	8.56641414e-01	7.51871621e-01
15168           	5.23760463e-02	5.24531338e-02	1.60849610e+00	8.56624098e-01	7.51872005e-01
15169           	5.23671788e-02	5.24478042e-02	1.60847904e+00	8.56606700e-01	7.51872342e-01
15170           	5.23583555e-02	5.24424021e-02	1.60846198e+00	8.56589346e-01	7.51872635e-01
15171           	5.23490728e-02	5.24366548e-02	1.60844420e+00	8.56571175e-01	7.51873029e-01
15172           	5.23404555e-02	5.24312274e-02	1.60842746e+00	8.56554187e-01	7.51873276e-01
15173           	5.23310885e-02	5.24252677e-02	1.60840953e+00	8.56535855e-01	7.51873678e-01
15174           	5.23221409e-02	5.24194540e-02	1.60839225e+00	8.56518264e-01	7.51873983e-01
15175           	5.23135243e-02	5.24137783e-02	1.60837552e+00	8.56501283e-01	7.51874235e-01
15176           	5.23045004e-02	5.24077121e-02	1.60835796e+00	8.56483482e-01	7.51874481e-01
15177           	5.22957858e-02	5.24018300e-02	1.60834105e+00	8.56466311e-01	7.51874740e-01
15178           	5.22874681e-02	5.23961571e-02	1.60832483e+00	8.56449885e-01	7.51874948e-01
15179           	5.22794933e-02	5.23906585e-02	1.60830924e+00	8.56434114e-01	7.51875127e-01
15180           	5.22718708e-02	5.23853639e-02	1.60829433e+00	8.56419034e-01	7.51875292e-01
15181           	5.22638780e-02	5.23797252e-02	1.60827865e+00	8.56403205e-01	7.51875449e-01
15182           	5.22563645e-02	5.23743898e-02	1.60826405e+00	8.56388389e-01	7.51875660e-01
15183           	5.22492406e-02	5.23692533e-02	1.60825022e+00	8.56374350e-01	7.51875869e-01
15184           	5.22424588e-02	5.23642766e-02	1.60823710e+00	8.56361011e-01	7.51876094e-01
15185           	5.22359595e-02	5.23594136e-02	1.60822461e+00	8.56348262e-01	7.51876343e-01
15186           	5.22297732e-02	5.23546955e-02	1.60821277e+00	8.56336159e-01	7.51876613e-01
15187           	5.22232777e-02	5.23496317e-02	1.60820024e+00	8.56323399e-01	7.51876844e-01
15188           	5.22173237e-02	5.23449111e-02	1.60818891e+00	8.56311780e-01	7.51877133e-01
15189           	5.22117580e-02	5.23403839e-02	1.60817831e+00	8.56300912e-01	7.51877396e-01
15190           	5.22065398e-02	5.23360262e-02	1.60816835e+00	8.56290716e-01	7.51877636e-01
15191           	5.22016177e-02	5.23318063e-02	1.60815895e+00	8.56281093e-01	7.51877858e-01
15192           	5.21969874e-02	5.23277265e-02	1.60815010e+00	8.56272039e-01	7.51878064e-01
15193           	5.21926761e-02	5.23238122e-02	1.60814185e+00	8.56263601e-01	7.51878249e-01
15194           	5.21881456e-02	5.23196188e-02	1.60813289e+00	8.56254591e-01	7.51878299e-01
15195           	5.21840603e-02	5.23157431e-02	1.60812495e+00	8.56246534e-01	7.51878413e-01
15196           	5.21802965e-02	5.23120376e-02	1.60811759e+00	8.56239091e-01	7.51878498e-01
15197           	5.21768519e-02	5.23085081e-02	1.60811084e+00	8.56232271e-01	7.51878567e-01
15198           	5.21737175e-02	5.23051509e-02	1.60810468e+00	8.56226057e-01	7.51878622e-01
15199           	5.21708864e-02	5.23019577e-02	1.60809908e+00	8.56220425e-01	7.51878652e-01
15200           	5.21679024e-02	5.22985258e-02	1.60809280e+00	8.56214302e-01	7.51878497e-01
15201           	5.21653407e-02	5.22954124e-02	1.60808751e+00	8.56209097e-01	7.51878416e-01
15202           	5.21631805e-02	5.22925365e-02	1.60808297e+00	8.56204665e-01	7.51878304e-01
15203           	5.21614452e-02	5.22899309e-02	1.60807923e+00	8.56201061e-01	7.51878171e-01
15204           	5.21597698e-02	5.22872676e-02	1.60807518e+00	8.56197360e-01	7.51877821e-01
15205           	5.21585634e-02	5.22849888e-02	1.60807221e+00	8.56194666e-01	7.51877539e-01
15206           	5.21578750e-02	5.22830759e-02	1.60807024e+00	8.56192996e-01	7.51877247e-01
15207           	5.21577228e-02	5.22815532e-02	1.60806934e+00	8.56192391e-01	7.51876945e-01
15208           	5.21577178e-02	5.22800501e-02	1.60806827e+00	8.56191855e-01	7.51876420e-01
15209           	5.21581779e-02	5.22789559e-02	1.60806831e+00	8.56192333e-01	7.51875978e-01
15210           	5.21591800e-02	5.22782686e-02	1.60806943e+00	8.56193893e-01	7.51875533e-01
15211           	5.21604167e-02	5.22776797e-02	1.60807059e+00	8.56195710e-01	7.51874876e-01
15212           	5.21621353e-02	5.22775265e-02	1.60807289e+00	8.56198583e-01	7.51874312e-01
15213           	5.21644480e-02	5.22778359e-02	1.60807644e+00	8.56202670e-01	7.51873773e-01
15214           	5.21670533e-02	5.22782946e-02	1.60808018e+00	8.56207142e-01	7.51873035e-01
15215           	5.21701108e-02	5.22791748e-02	1.60808499e+00	8.56212607e-01	7.51872386e-01
15216           	5.21737291e-02	5.22805032e-02	1.60809101e+00	8.56219232e-01	7.51871774e-01
15217           	5.21776462e-02	5.22819831e-02	1.60809724e+00	8.56226264e-01	7.51870972e-01
15218           	5.21819687e-02	5.22838526e-02	1.60810444e+00	8.56234189e-01	7.51870252e-01
15219           	5.21868239e-02	5.22861618e-02	1.60811281e+00	8.56243228e-01	7.51869580e-01
15220           	5.21920494e-02	5.22886774e-02	1.60812157e+00	8.56252832e-01	7.51868734e-01
15221           	5.21977204e-02	5.22916226e-02	1.60813136e+00	8.56263401e-01	7.51867961e-01
15222           	5.22040003e-02	5.22949979e-02	1.60814213e+00	8.56275065e-01	7.51867065e-01
15223           	5.22110318e-02	5.22988303e-02	1.60815361e+00	8.56287837e-01	7.51865773e-01
15224           	5.22184594e-02	5.23030966e-02	1.60816650e+00	8.56301711e-01	7.51864792e-01
15225           	5.22261833e-02	5.23078297e-02	1.60818077e+00	8.56316566e-01	7.51864199e-01
15226           	5.22340745e-02	5.23127639e-02	1.60819547e+00	8.56331811e-01	7.51863662e-01
15227           	5.22419352e-02	5.23177949e-02	1.60821044e+00	8.56347154e-01	7.51863283e-01
15228           	5.22503380e-02	5.23232879e-02	1.60822641e+00	8.56363541e-01	7.51862865e-01
15229           	5.22596800e-02	5.23294101e-02	1.60824385e+00	8.56381607e-01	7.51862247e-01
15230           	5.22688076e-02	5.23354454e-02	1.60826099e+00	8.56399304e-01	7.51861689e-01
15231           	5.22782061e-02	5.23416984e-02	1.60827858e+00	8.56417494e-01	7.51861082e-01
15232           	5.22878051e-02	5.23482436e-02	1.60829668e+00	8.56436148e-01	7.51860537e-01
15233           	5.22987100e-02	5.23556269e-02	1.60831705e+00	8.56457237e-01	7.51859817e-01
15234           	5.23080772e-02	5.23622257e-02	1.60833484e+00	8.56475499e-01	7.51859344e-01
15235           	5.23178112e-02	5.23690960e-02	1.60835327e+00	8.56494447e-01	7.51858825e-01
15236           	5.23281175e-02	5.23764973e-02	1.60837287e+00	8.56514551e-01	7.51858316e-01
15237           	5.23383051e-02	5.23838663e-02	1.60839235e+00	8.56534481e-01	7.51857870e-01
15238           	5.23487934e-02	5.23914957e-02	1.60841249e+00	8.56555041e-01	7.51857454e-01
15239           	5.23588047e-02	5.23989759e-02	1.60843203e+00	8.56574819e-01	7.51857210e-01
15240           	5.23688516e-02	5.24065470e-02	1.60845181e+00	8.56594755e-01	7.51857051e-01
15241           	5.23784466e-02	5.24138742e-02	1.60847085e+00	8.56613873e-01	7.51856980e-01
15242           	5.23874222e-02	5.24208617e-02	1.60848874e+00	8.56631795e-01	7.51856950e-01
15243           	5.23963445e-02	5.24279435e-02	1.60850680e+00	8.56649747e-01	7.51857058e-01
15244           	5.24051537e-02	5.24350239e-02	1.60852481e+00	8.56667558e-01	7.51857250e-01
15245           	5.24135172e-02	5.24418313e-02	1.60854201e+00	8.56684524e-01	7.51857490e-01
15246           	5.24212916e-02	5.24482755e-02	1.60855805e+00	8.56700316e-01	7.51857733e-01
15247           	5.24286900e-02	5.24545671e-02	1.60857355e+00	8.56715466e-01	7.51858086e-01
15248           	5.24357698e-02	5.24607190e-02	1.60858855e+00	8.56730046e-01	7.51858506e-01
15249           	5.24412770e-02	5.24658273e-02	1.60860021e+00	8.56741384e-01	7.51858830e-01
15250           	5.24467032e-02	5.24708609e-02	1.60861184e+00	8.56752625e-01	7.51859219e-01
15251           	5.24516632e-02	5.24756442e-02	1.60862264e+00	8.56762984e-01	7.51859657e-01
15252           	5.24555886e-02	5.24797382e-02	1.60863134e+00	8.56771258e-01	7.51860081e-01
15253           	5.24593083e-02	5.24837071e-02	1.60863987e+00	8.56779244e-01	7.51860627e-01
15254           	5.24605830e-02	5.24858689e-02	1.60864270e+00	8.56781933e-01	7.51860767e-01
15255           	5.24613431e-02	5.24877165e-02	1.60864454e+00	8.56783614e-01	7.51860928e-01
15256           	5.24632278e-02	5.24905672e-02	1.60864965e+00	8.56788052e-01	7.51861597e-01
15257           	5.24643046e-02	5.24928816e-02	1.60865324e+00	8.56790927e-01	7.51862317e-01
15258           	5.24646203e-02	5.24947201e-02	1.60865543e+00	8.56792335e-01	7.51863095e-01
15259           	5.24640805e-02	5.24959783e-02	1.60865601e+00	8.56792086e-01	7.51863925e-01
15260           	5.24626413e-02	5.24965990e-02	1.60865488e+00	8.56790081e-01	7.51864798e-01
15261           	5.24603984e-02	5.24966761e-02	1.60865219e+00	8.56786495e-01	7.51865698e-01
15262           	5.24572856e-02	5.24961218e-02	1.60864778e+00	8.56781175e-01	7.51866604e-01
15263           	5.24532892e-02	5.24948998e-02	1.60864157e+00	8.56774073e-01	7.51867495e-01
15264           	5.24485440e-02	5.24931355e-02	1.60863378e+00	8.56765432e-01	7.51868344e-01
15265           	5.24430094e-02	5.24907625e-02	1.60862428e+00	8.56755152e-01	7.51869133e-01
15266           	5.24367025e-02	5.24877670e-02	1.60861309e+00	8.56743248e-01	7.51869843e-01
15267           	5.24298049e-02	5.24843055e-02	1.60860052e+00	8.56730064e-01	7.51870454e-01
15268           	5.24221704e-02	5.24803626e-02	1.60858668e+00	8.56715513e-01	7.51871172e-01
15269           	5.24141419e-02	5.24759061e-02	1.60857145e+00	8.56699865e-01	7.51871581e-01
15270           	5.24057333e-02	5.24710971e-02	1.60855522e+00	8.56683343e-01	7.51871876e-01
15271           	5.23969793e-02	5.24659342e-02	1.60853810e+00	8.56666030e-01	7.51872072e-01
15272           	5.23880792e-02	5.24605886e-02	1.60852052e+00	8.56648340e-01	7.51872181e-01
15273           	5.23790724e-02	5.24550694e-02	1.60850261e+00	8.56630379e-01	7.51872234e-01
15274           	5.23695522e-02	5.24491671e-02	1.60848388e+00	8.56611492e-01	7.51872388e-01
15275           	5.23607099e-02	5.24436065e-02	1.60846623e+00	8.56593823e-01	7.51872403e-01
15276           	5.23506184e-02	5.24371998e-02	1.60844653e+00	8.56573883e-01	7.51872646e-01
15277           	5.23415849e-02	5.24313855e-02	1.60842869e+00	8.56555928e-01	7.51872758e-01
15278           	5.23331058e-02	5.24259083e-02	1.60841194e+00	8.56539075e-01	7.51872863e-01
15279           	5.23244383e-02	5.24203479e-02	1.60839514e+00	8.56522010e-01	7.51873133e-01
15280           	5.23160269e-02	5.24149001e-02	1.60837892e+00	8.56505489e-01	7.51873435e-01
15281           	5.23079042e-02	5.24096261e-02	1.60836336e+00	8.56489584e-01	7.51873776e-01
15282           	5.22999663e-02	5.24044354e-02	1.60834825e+00	8.56474090e-01	7.51874158e-01
15283           	5.22916468e-02	5.23990118e-02	1.60833260e+00	8.56457946e-01	7.51874652e-01
15284           	5.22836096e-02	5.23936755e-02	1.60831742e+00	8.56442319e-01	7.51875099e-01
15285           	5.22757142e-02	5.23883260e-02	1.60830244e+00	8.56426932e-01	7.51875504e-01
15286           	5.22680772e-02	5.23830498e-02	1.60828784e+00	8.56411999e-01	7.51875845e-01
15287           	5.22600347e-02	5.23774184e-02	1.60827241e+00	8.56396239e-01	7.51876170e-01
15288           	5.22523949e-02	5.23719103e-02	1.60825760e+00	8.56381195e-01	7.51876405e-01
15289           	5.22451488e-02	5.23665586e-02	1.60824342e+00	8.56366860e-01	7.51876562e-01
15290           	5.22383081e-02	5.23613790e-02	1.60822996e+00	8.56353288e-01	7.51876672e-01
15291           	5.22318335e-02	5.23563579e-02	1.60821720e+00	8.56340432e-01	7.51876765e-01
15292           	5.22257442e-02	5.23515366e-02	1.60820520e+00	8.56328345e-01	7.51876857e-01
15293           	5.22194339e-02	5.23465244e-02	1.60819278e+00	8.56315824e-01	7.51876956e-01
15294           	5.22136347e-02	5.23417880e-02	1.60818139e+00	8.56304330e-01	7.51877061e-01
15295           	5.22082561e-02	5.23373018e-02	1.60817088e+00	8.56293694e-01	7.51877182e-01
15296           	5.22032559e-02	5.23330375e-02	1.60816119e+00	8.56283850e-01	7.51877338e-01
15297           	5.21985946e-02	5.23289678e-02	1.60815226e+00	8.56274726e-01	7.51877537e-01
15298           	5.21942856e-02	5.23251073e-02	1.60814411e+00	8.56266340e-01	7.51877769e-01
15299           	5.21902388e-02	5.23213910e-02	1.60813654e+00	8.56258507e-01	7.51878030e-01
15300           	5.21859566e-02	5.23174819e-02	1.60812843e+00	8.56250173e-01	7.51878260e-01
15301           	5.21820448e-02	5.23137495e-02	1.60812099e+00	8.56242542e-01	7.51878452e-01
15302           	5.21784099e-02	5.23101537e-02	1.60811406e+00	8.56235438e-01	7.51878618e-01
15303           	5.21750969e-02	5.23067206e-02	1.60810770e+00	8.56228949e-01	7.51878755e-01
15304           	5.21721092e-02	5.23034460e-02	1.60810191e+00	8.56223065e-01	7.51878847e-01
15305           	5.21694150e-02	5.23003115e-02	1.60809661e+00	8.56217721e-01	7.51878891e-01
15306           	5.21665963e-02	5.22970285e-02	1.60809076e+00	8.56211978e-01	7.51878785e-01
15307           	5.21641690e-02	5.22939370e-02	1.60808557e+00	8.56206952e-01	7.51878614e-01
15308           	5.21621534e-02	5.22910993e-02	1.60808111e+00	8.56202707e-01	7.51878400e-01
15309           	5.21605898e-02	5.22885587e-02	1.60807749e+00	8.56199336e-01	7.51878156e-01
15310           	5.21591062e-02	5.22860500e-02	1.60807373e+00	8.56195970e-01	7.51877757e-01
15311           	5.21580850e-02	5.22838350e-02	1.60807086e+00	8.56193515e-01	7.51877345e-01
15312           	5.21576238e-02	5.22820333e-02	1.60806913e+00	8.56192187e-01	7.51876939e-01
15313           	5.21576697e-02	5.22806025e-02	1.60806844e+00	8.56191889e-01	7.51876550e-01
15314           	5.21579332e-02	5.22793516e-02	1.60806794e+00	8.56191904e-01	7.51876037e-01
15315           	5.21586748e-02	5.22784401e-02	1.60806841e+00	8.56192880e-01	7.51875531e-01
15316           	5.21599119e-02	5.22779056e-02	1.60806992e+00	8.56194871e-01	7.51875047e-01
15317           	5.21614659e-02	5.22776388e-02	1.60807184e+00	8.56197386e-01	7.51874454e-01
15318           	5.21635226e-02	5.22777356e-02	1.60807480e+00	8.56200921e-01	7.51873876e-01
15319           	5.21660818e-02	5.22782137e-02	1.60807883e+00	8.56205496e-01	7.51873332e-01
15320           	5.21690110e-02	5.22789975e-02	1.60808338e+00	8.56210701e-01	7.51872679e-01
15321           	5.21724060e-02	5.22801173e-02	1.60808885e+00	8.56216833e-01	7.51872021e-01
15322           	5.21762309e-02	5.22815728e-02	1.60809527e+00	8.56223864e-01	7.51871402e-01
15323           	5.21804391e-02	5.22833471e-02	1.60810223e+00	8.56231553e-01	7.51870675e-01
15324           	5.21850827e-02	5.22854396e-02	1.60811002e+00	8.56240091e-01	7.51869925e-01
15325           	5.21901158e-02	5.22878540e-02	1.60811868e+00	8.56249455e-01	7.51869224e-01
15326           	5.21956324e-02	5.22906693e-02	1.60812812e+00	8.56259690e-01	7.51868426e-01
15327           	5.22016376e-02	5.22938523e-02	1.60813847e+00	8.56270873e-01	7.51867598e-01
15328           	5.22081198e-02	5.22974352e-02	1.60814970e+00	8.56282968e-01	7.51866728e-01
15329           	5.22154510e-02	5.23015230e-02	1.60816176e+00	8.56296329e-01	7.51865427e-01
15330           	5.22232293e-02	5.23061218e-02	1.60817538e+00	8.56310917e-01	7.51864459e-01
15331           	5.22310448e-02	5.23108829e-02	1.60818973e+00	8.56325912e-01	7.51863822e-01
15332           	5.22391364e-02	5.23159554e-02	1.60820485e+00	8.56341562e-01	7.51863289e-01
15333           	5.22474998e-02	5.23213117e-02	1.60822064e+00	8.56357822e-01	7.51862822e-01
15334           	5.22560707e-02	5.23269222e-02	1.60823696e+00	8.56374548e-01	7.51862407e-01
15335           	5.22649525e-02	5.23328398e-02	1.60825382e+00	8.56391864e-01	7.51861959e-01
15336           	5.22746731e-02	5.23393341e-02	1.60827206e+00	8.56410703e-01	7.51861356e-01
15337           	5.22842714e-02	5.23458519e-02	1.60829009e+00	8.56429316e-01	7.51860773e-01
15338           	5.22938914e-02	5.23524144e-02	1.60830811e+00	8.56447944e-01	7.51860161e-01
15339           	5.23035967e-02	5.23591729e-02	1.60832647e+00	8.56466831e-01	7.51859637e-01
15340           	5.23147935e-02	5.23669269e-02	1.60834756e+00	8.56488576e-01	7.51858989e-01
15341           	5.23250000e-02	5.23741600e-02	1.60836699e+00	8.56508497e-01	7.51858497e-01
15342           	5.23345436e-02	5.23810727e-02	1.60838532e+00	8.56527202e-01	7.51858115e-01
15343           	5.23442894e-02	5.23882792e-02	1.60840424e+00	8.56546411e-01	7.51857833e-01
15344           	5.23545152e-02	5.23958500e-02	1.60842412e+00	8.56566573e-01	7.51857543e-01
15345           	5.23642350e-02	5.24031841e-02	1.60844316e+00	8.56585814e-01	7.51857344e-01
15346           	5.23747197e-02	5.24110645e-02	1.60846389e+00	8.56606667e-01	7.51857228e-01
15347           	5.23838874e-02	5.24181210e-02	1.60848201e+00	8.56624891e-01	7.51857116e-01
15348           	5.23927272e-02	5.24251114e-02	1.60849976e+00	8.56642605e-01	7.51857150e-01
15349           	5.24024180e-02	5.24326719e-02	1.60851938e+00	8.56662106e-01	7.51857270e-01
15350           	5.24101893e-02	5.24390174e-02	1.60853509e+00	8.56677736e-01	7.51857358e-01
15351           	5.24172466e-02	5.24449486e-02	1.60854946e+00	8.56691974e-01	7.51857481e-01
15352           	5.24247754e-02	5.24513436e-02	1.60856523e+00	8.56707393e-01	7.51857842e-01
15353           	5.24314814e-02	5.24571417e-02	1.60857907e+00	8.56721015e-01	7.51858052e-01
15354           	5.24376672e-02	5.24626224e-02	1.60859193e+00	8.56733632e-01	7.51858298e-01
15355           	5.24432865e-02	5.24677418e-02	1.60860373e+00	8.56745149e-01	7.51858576e-01
15356           	5.24493857e-02	5.24732848e-02	1.60861704e+00	8.56757906e-01	7.51859134e-01
15357           	5.24542896e-02	5.24780239e-02	1.60862783e+00	8.56768205e-01	7.51859625e-01
15358           	5.24583984e-02	5.24822619e-02	1.60863715e+00	8.56776976e-01	7.51860179e-01
15359           	5.24615839e-02	5.24859067e-02	1.60864471e+00	8.56783941e-01	7.51860773e-01
15360           	5.24647502e-02	5.24897626e-02	1.60865293e+00	8.56791214e-01	7.51861714e-01
15361           	5.24659605e-02	5.24921454e-02	1.60865655e+00	8.56794237e-01	7.51862316e-01
15362           	5.24674928e-02	5.24949820e-02	1.60866170e+00	8.56798344e-01	7.51863358e-01
15363           	5.24672469e-02	5.24964779e-02	1.60866274e+00	8.56798615e-01	7.51864122e-01
15364           	5.24662678e-02	5.24974138e-02	1.60866234e+00	8.56797436e-01	7.51864901e-01
15365           	5.24641749e-02	5.24974773e-02	1.60865946e+00	8.56793903e-01	7.51865554e-01
15366           	5.24612387e-02	5.24969142e-02	1.60865474e+00	8.56788607e-01	7.51866130e-01
15367           	5.24575261e-02	5.24957624e-02	1.60864836e+00	8.56781705e-01	7.51866653e-01
15368           	5.24531235e-02	5.24940827e-02	1.60864054e+00	8.56773393e-01	7.51867146e-01
15369           	5.24483579e-02	5.24922187e-02	1.60863225e+00	8.56764484e-01	7.51867769e-01
15370           	5.24429850e-02	5.24898470e-02	1.60862255e+00	8.56754259e-01	7.51868289e-01
15371           	5.24370455e-02	5.24870287e-02	1.60861171e+00	8.56742898e-01	7.51868807e-01
15372           	5.24306823e-02	5.24838989e-02	1.60859999e+00	8.56730679e-01	7.51869314e-01
15373           	5.24238599e-02	5.24804011e-02	1.60858734e+00	8.56717530e-01	7.51869810e-01
15374           	5.24165736e-02	5.24765115e-02	1.60857374e+00	8.56703445e-01	7.51870298e-01
15375           	5.24089642e-02	5.24723612e-02	1.60855946e+00	8.56688695e-01	7.51870767e-01
15376           	5.24006982e-02	5.24677325e-02	1.60854405e+00	8.56672723e-01	7.51871327e-01
15377           	5.23924428e-02	5.24630350e-02	1.60852849e+00	8.56656687e-01	7.51871802e-01
15378           	5.23838872e-02	5.24580521e-02	1.60851226e+00	8.56640018e-01	7.51872243e-01
15379           	5.23750397e-02	5.24527665e-02	1.60849536e+00	8.56622721e-01	7.51872641e-01
15380           	5.23660688e-02	5.24473215e-02	1.60847809e+00	8.56605116e-01	7.51872978e-01
15381           	5.23570084e-02	5.24417193e-02	1.60846053e+00	8.56587271e-01	7.51873254e-01
15382           	5.23473272e-02	5.24355775e-02	1.60844170e+00	8.56568178e-01	7.51873524e-01
15383           	5.23379461e-02	5.24295962e-02	1.60842344e+00	8.56549664e-01	7.51873772e-01
15384           	5.23286880e-02	5.24236054e-02	1.60840532e+00	8.56531346e-01	7.51873970e-01
15385           	5.23196537e-02	5.24176673e-02	1.60838755e+00	8.56513430e-01	7.51874123e-01
15386           	5.23109757e-02	5.24119077e-02	1.60837044e+00	8.56496198e-01	7.51874246e-01
15387           	5.23019692e-02	5.24058272e-02	1.60835269e+00	8.56478316e-01	7.51874378e-01
15388           	5.22934404e-02	5.24000856e-02	1.60833601e+00	8.56461444e-01	7.51874564e-01
15389           	5.22853338e-02	5.23945724e-02	1.60832017e+00	8.56445420e-01	7.51874753e-01
15390           	5.22776122e-02	5.23892542e-02	1.60830514e+00	8.56430181e-01	7.51874956e-01
15391           	5.22702677e-02	5.23841485e-02	1.60829090e+00	8.56415717e-01	7.51875182e-01
15392           	5.22631519e-02	5.23791448e-02	1.60827720e+00	8.56401750e-01	7.51875446e-01
15393           	5.22555901e-02	5.23737291e-02	1.60826263e+00	8.56386906e-01	7.51875726e-01
15394           	5.22484946e-02	5.23686230e-02	1.60824911e+00	8.56373050e-01	7.51876061e-01
15395           	5.22416804e-02	5.23636380e-02	1.60823614e+00	8.56359751e-01	7.51876390e-01
15396           	5.22351460e-02	5.23587674e-02	1.60822371e+00	8.56347001e-01	7.51876709e-01
15397           	5.22289261e-02	5.23540447e-02	1.60821186e+00	8.56334859e-01	7.51877006e-01
15398           	5.22229440e-02	5.23494064e-02	1.60820047e+00	8.56323177e-01	7.51877289e-01
15399           	5.22171659e-02	5.23448190e-02	1.60818944e+00	8.56311888e-01	7.51877556e-01
15400           	5.22111000e-02	5.23398860e-02	1.60817763e+00	8.56299915e-01	7.51877715e-01
15401           	5.22055752e-02	5.23352969e-02	1.60816697e+00	8.56289059e-01	7.51877909e-01
15402           	5.22003917e-02	5.23308617e-02	1.60815692e+00	8.56278854e-01	7.51878070e-01
15403           	5.21956495e-02	5.23266679e-02	1.60814770e+00	8.56269501e-01	7.51878202e-01
15404           	5.21912924e-02	5.23226844e-02	1.60813923e+00	8.56260906e-01	7.51878321e-01
15405           	5.21872529e-02	5.23188646e-02	1.60813137e+00	8.56252939e-01	7.51878433e-01
15406           	5.21830533e-02	5.23148050e-02	1.60812293e+00	8.56244516e-01	7.51878409e-01
15407           	5.21793011e-02	5.23110727e-02	1.60811554e+00	8.56237070e-01	7.51878468e-01
15408           	5.21758992e-02	5.23075418e-02	1.60810885e+00	8.56230324e-01	7.51878525e-01
15409           	5.21728806e-02	5.23042407e-02	1.60810291e+00	8.56224338e-01	7.51878576e-01
15410           	5.21702032e-02	5.23011453e-02	1.60809765e+00	8.56219029e-01	7.51878623e-01
15411           	5.21674301e-02	5.22978696e-02	1.60809186e+00	8.56213360e-01	7.51878500e-01
15412           	5.21650566e-02	5.22949022e-02	1.60808700e+00	8.56208556e-01	7.51878443e-01
15413           	5.21630819e-02	5.22921852e-02	1.60808290e+00	8.56204530e-01	7.51878366e-01
15414           	5.21615313e-02	5.22897461e-02	1.60807960e+00	8.56201329e-01	7.51878267e-01
15415           	5.21603562e-02	5.22875481e-02	1.60807698e+00	8.56198846e-01	7.51878134e-01
15416           	5.21591851e-02	5.22852541e-02	1.60807391e+00	8.56196141e-01	7.51877771e-01
15417           	5.21584507e-02	5.22833302e-02	1.60807184e+00	8.56194369e-01	7.51877468e-01
15418           	5.21581600e-02	5.22817089e-02	1.60807059e+00	8.56193454e-01	7.51877134e-01
15419           	5.21583450e-02	5.22804253e-02	1.60807024e+00	8.56193467e-01	7.51876777e-01
15420           	5.21587241e-02	5.22792042e-02	1.60806979e+00	8.56193619e-01	7.51876171e-01
15421           	5.21595339e-02	5.22783579e-02	1.60807034e+00	8.56194705e-01	7.51875637e-01
15422           	5.21608866e-02	5.22779153e-02	1.60807197e+00	8.56196872e-01	7.51875098e-01
15423           	5.21626024e-02	5.22776783e-02	1.60807389e+00	8.56199547e-01	7.51874342e-01
15424           	5.21647937e-02	5.22778653e-02	1.60807696e+00	8.56203272e-01	7.51873685e-01
15425           	5.21675588e-02	5.22784979e-02	1.60808125e+00	8.56208185e-01	7.51873067e-01
15426           	5.21707650e-02	5.22794072e-02	1.60808605e+00	8.56213789e-01	7.51872259e-01
15427           	5.21743759e-02	5.22806991e-02	1.60809187e+00	8.56220311e-01	7.51871560e-01
15428           	5.21784879e-02	5.22823961e-02	1.60809882e+00	8.56227897e-01	7.51870922e-01
15429           	5.21830646e-02	5.22843930e-02	1.60810635e+00	8.56236241e-01	7.51870112e-01
15430           	5.21879889e-02	5.22867366e-02	1.60811478e+00	8.56245378e-01	7.51869400e-01
15431           	5.21933821e-02	5.22893921e-02	1.60812389e+00	8.56255328e-01	7.51868564e-01
15432           	5.21995004e-02	5.22925323e-02	1.60813368e+00	8.56266339e-01	7.51867338e-01
15433           	5.22060762e-02	5.22961113e-02	1.60814491e+00	8.56278530e-01	7.51866378e-01
15434           	5.22131077e-02	5.23001607e-02	1.60815756e+00	8.56291888e-01	7.51865672e-01
15435           	5.22204008e-02	5.23045734e-02	1.60817126e+00	8.56306029e-01	7.51865227e-01
15436           	5.22280484e-02	5.23092982e-02	1.60818562e+00	8.56320856e-01	7.51864759e-01
15437           	5.22360194e-02	5.23142775e-02	1.60820052e+00	8.56336281e-01	7.51864242e-01
15438           	5.22440015e-02	5.23193508e-02	1.60821560e+00	8.56351803e-01	7.51863801e-01
15439           	5.22520102e-02	5.23244945e-02	1.60823073e+00	8.56367376e-01	7.51863356e-01
15440           	5.22606013e-02	5.23301040e-02	1.60824680e+00	8.56384000e-01	7.51862797e-01
15441           	5.22699336e-02	5.23362156e-02	1.60826397e+00	8.56401917e-01	7.51862050e-01
15442           	5.22797071e-02	5.23426996e-02	1.60828188e+00	8.56420647e-01	7.51861233e-01
15443           	5.22895146e-02	5.23492785e-02	1.60829989e+00	8.56439461e-01	7.51860432e-01
15444           	5.22994525e-02	5.23561140e-02	1.60831840e+00	8.56458655e-01	7.51859750e-01
15445           	5.23107156e-02	5.23638736e-02	1.60833938e+00	8.56480404e-01	7.51858973e-01
15446           	5.23208517e-02	5.23710470e-02	1.60835856e+00	8.56500131e-01	7.51858427e-01
15447           	5.23308640e-02	5.23782515e-02	1.60837771e+00	8.56519718e-01	7.51857990e-01
15448           	5.23407616e-02	5.23855768e-02	1.60839697e+00	8.56539245e-01	7.51857722e-01
15449           	5.23514134e-02	5.23934545e-02	1.60841780e+00	8.56560313e-01	7.51857487e-01
15450           	5.23611259e-02	5.24008299e-02	1.60843703e+00	8.56579642e-01	7.51857390e-01
15451           	5.23712160e-02	5.24084751e-02	1.60845714e+00	8.56599787e-01	7.51857355e-01
15452           	5.23802097e-02	5.24154213e-02	1.60847506e+00	8.56617740e-01	7.51857321e-01
15453           	5.23889607e-02	5.24223117e-02	1.60849269e+00	8.56635304e-01	7.51857382e-01
15454           	5.23994828e-02	5.24304336e-02	1.60851433e+00	8.56656647e-01	7.51857681e-01
15455           	5.24069820e-02	5.24365970e-02	1.60852953e+00	8.56671749e-01	7.51857785e-01
15456           	5.24144482e-02	5.24427231e-02	1.60854472e+00	8.56686806e-01	7.51857910e-01
15457           	5.24218829e-02	5.24489154e-02	1.60855993e+00	8.56701848e-01	7.51858082e-01
15458           	5.24289371e-02	5.24548596e-02	1.60857446e+00	8.56716167e-01	7.51858293e-01
15459           	5.24365232e-02	5.24612252e-02	1.60859029e+00	8.56731666e-01	7.51858619e-01
15460           	5.24419815e-02	5.24661931e-02	1.60860161e+00	8.56742786e-01	7.51858822e-01
15461           	5.24474798e-02	5.24713854e-02	1.60861349e+00	8.56754226e-01	7.51859266e-01
15462           	5.24523576e-02	5.24761335e-02	1.60862404e+00	8.56764376e-01	7.51859660e-01
15463           	5.24562036e-02	5.24802066e-02	1.60863254e+00	8.56772474e-01	7.51860066e-01
15464           	5.24599745e-02	5.24844095e-02	1.60864146e+00	8.56780703e-01	7.51860754e-01
15465           	5.24620612e-02	5.24873366e-02	1.60864651e+00	8.56785315e-01	7.51861193e-01
15466           	5.24647401e-02	5.24908601e-02	1.60865365e+00	8.56791567e-01	7.51862087e-01
15467           	5.24655742e-02	5.24929807e-02	1.60865669e+00	8.56793919e-01	7.51862771e-01
15468           	5.24659748e-02	5.24947769e-02	1.60865904e+00	8.56795494e-01	7.51863544e-01
15469           	5.24655311e-02	5.24959968e-02	1.60865972e+00	8.56795389e-01	7.51864326e-01
15470           	5.24640185e-02	5.24964315e-02	1.60865813e+00	8.56793083e-01	7.51865046e-01
15471           	5.24620208e-02	5.24965749e-02	1.60865576e+00	8.56789902e-01	7.51865860e-01
15472           	5.24590814e-02	5.24960397e-02	1.60865131e+00	8.56784738e-01	7.51866576e-01
15473           	5.24552426e-02	5.24948454e-02	1.60864493e+00	8.56777708e-01	7.51867223e-01
15474           	5.24506825e-02	5.24931445e-02	1.60863695e+00	8.56769158e-01	7.51867793e-01
15475           	5.24454213e-02	5.24909109e-02	1.60862743e+00	8.56759138e-01	7.51868296e-01
15476           	5.24395653e-02	5.24883122e-02	1.60861702e+00	8.56748074e-01	7.51868943e-01
15477           	5.24331974e-02	5.24851453e-02	1.60860491e+00	8.56735650e-01	7.51869255e-01
15478           	5.24263012e-02	5.24817825e-02	1.60859258e+00	8.56722592e-01	7.51869990e-01
15479           	5.24190485e-02	5.24780279e-02	1.60857916e+00	8.56708627e-01	7.51870530e-01
15480           	5.24114993e-02	5.24739057e-02	1.60856485e+00	8.56693924e-01	7.51870926e-01
15481           	5.24034438e-02	5.24693175e-02	1.60854960e+00	8.56678241e-01	7.51871354e-01
15482           	5.23952025e-02	5.24645521e-02	1.60853387e+00	8.56662139e-01	7.51871734e-01
15483           	5.23868134e-02	5.24595775e-02	1.60851771e+00	8.56645667e-01	7.51872040e-01
15484           	5.23782828e-02	5.24544066e-02	1.60850115e+00	8.56628859e-01	7.51872293e-01
15485           	5.23692762e-02	5.24488849e-02	1.60848378e+00	8.56611168e-01	7.51872616e-01
15486           	5.23601778e-02	5.24432835e-02	1.60846622e+00	8.56593288e-01	7.51872932e-01
15487           	5.23510664e-02	5.24375953e-02	1.60844857e+00	8.56575349e-01	7.51873217e-01
15488           	5.23415686e-02	5.24316003e-02	1.60843021e+00	8.56556676e-01	7.51873538e-01
15489           	5.23321302e-02	5.24256007e-02	1.60841190e+00	8.56538081e-01	7.51873821e-01
15490           	5.23230540e-02	5.24197820e-02	1.60839421e+00	8.56520159e-01	7.51874051e-01
15491           	5.23143704e-02	5.24141424e-02	1.60837723e+00	8.56502986e-01	7.51874245e-01
15492           	5.23059910e-02	5.24086150e-02	1.60836084e+00	8.56486413e-01	7.51874431e-01
15493           	5.22973296e-02	5.24028098e-02	1.60834396e+00	8.56469310e-01	7.51874651e-01
15494           	5.22890229e-02	5.23971973e-02	1.60832783e+00	8.56452936e-01	7.51874891e-01
15495           	5.22810212e-02	5.23917005e-02	1.60831230e+00	8.56437172e-01	7.51875130e-01
15496           	5.22733911e-02	5.23863919e-02	1.60829751e+00	8.56422147e-01	7.51875364e-01
15497           	5.22654317e-02	5.23807599e-02	1.60828207e+00	8.56406465e-01	7.51875602e-01
15498           	5.22578533e-02	5.23753541e-02	1.60826743e+00	8.56391569e-01	7.51875862e-01
15499           	5.22506827e-02	5.23701687e-02	1.60825358e+00	8.56377472e-01	7.51876106e-01
15500           	5.22438718e-02	5.23651661e-02	1.60824043e+00	8.56364089e-01	7.51876345e-01
15501           	5.22373576e-02	5.23602990e-02	1.60822790e+00	8.56351307e-01	7.51876592e-01
15502           	5.22311549e-02	5.23555867e-02	1.60821599e+00	8.56339152e-01	7.51876842e-01
15503           	5.22246332e-02	5.23505391e-02	1.60820337e+00	8.56326318e-01	7.51877052e-01
15504           	5.22185934e-02	5.23457944e-02	1.60819180e+00	8.56314495e-01	7.51877308e-01
15505           	5.22129307e-02	5.23412361e-02	1.60818094e+00	8.56303401e-01	7.51877539e-01
15506           	5.22076129e-02	5.23368421e-02	1.60817073e+00	8.56292980e-01	7.51877754e-01
15507           	5.22025907e-02	5.23325790e-02	1.60816110e+00	8.56283140e-01	7.51877959e-01
15508           	5.21979015e-02	5.23284824e-02	1.60815211e+00	8.56273954e-01	7.51878151e-01
15509           	5.21934970e-02	5.23245208e-02	1.60814368e+00	8.56265335e-01	7.51878341e-01
15510           	5.21888567e-02	5.23202634e-02	1.60813454e+00	8.56256128e-01	7.51878414e-01
15511           	5.21846905e-02	5.23163361e-02	1.60812647e+00	8.56247926e-01	7.51878545e-01
15512           	5.21808285e-02	5.23125644e-02	1.60811897e+00	8.56240313e-01	7.51878656e-01
15513           	5.21772963e-02	5.23089741e-02	1.60811209e+00	8.56233341e-01	7.51878749e-01
15514           	5.21741094e-02	5.23055796e-02	1.60810585e+00	8.56227035e-01	7.51878816e-01
15515           	5.21712268e-02	5.23023548e-02	1.60810017e+00	8.56221314e-01	7.51878860e-01
15516           	5.21682215e-02	5.22989202e-02	1.60809388e+00	8.56215160e-01	7.51878717e-01
15517           	5.21656491e-02	5.22958081e-02	1.60808856e+00	8.56209931e-01	7.51878633e-01
15518           	5.21634718e-02	5.22929366e-02	1.60808399e+00	8.56205465e-01	7.51878521e-01
15519           	5.21617312e-02	5.22903479e-02	1.60808023e+00	8.56201849e-01	7.51878386e-01
15520           	5.21600227e-02	5.22876774e-02	1.60807612e+00	8.56198082e-01	7.51878036e-01
15521           	5.21587791e-02	5.22853902e-02	1.60807308e+00	8.56195317e-01	7.51877759e-01
15522           	5.21580642e-02	5.22834787e-02	1.60807108e+00	8.56193603e-01	7.51877474e-01
15523           	5.21578307e-02	5.22819044e-02	1.60807003e+00	8.56192844e-01	7.51877183e-01
15524           	5.21577513e-02	5.22803621e-02	1.60806885e+00	8.56192178e-01	7.51876675e-01
15525           	5.21581664e-02	5.22792492e-02	1.60806883e+00	8.56192582e-01	7.51876249e-01
15526           	5.21590548e-02	5.22784768e-02	1.60806975e+00	8.56193932e-01	7.51875822e-01
15527           	5.21601970e-02	5.22778240e-02	1.60807076e+00	8.56195577e-01	7.51875183e-01
15528           	5.21618674e-02	5.22776414e-02	1.60807300e+00	8.56198365e-01	7.51874630e-01
15529           	5.21640421e-02	5.22778375e-02	1.60807629e+00	8.56202186e-01	7.51874101e-01
15530           	5.21665522e-02	5.22782244e-02	1.60807985e+00	8.56206477e-01	7.51873372e-01
15531           	5.21695740e-02	5.22790790e-02	1.60808459e+00	8.56211871e-01	7.51872723e-01
15532           	5.21730493e-02	5.22802850e-02	1.60809033e+00	8.56218214e-01	7.51872115e-01
15533           	5.21768808e-02	5.22816984e-02	1.60809640e+00	8.56225080e-01	7.51871318e-01
15534           	5.21811833e-02	5.22835537e-02	1.60810355e+00	8.56232960e-01	7.51870593e-01
15535           	5.21858507e-02	5.22856276e-02	1.60811116e+00	8.56241432e-01	7.51869731e-01
15536           	5.21909801e-02	5.22879601e-02	1.60811881e+00	8.56250387e-01	7.51868427e-01
15537           	5.21968307e-02	5.22909174e-02	1.60812842e+00	8.56261042e-01	7.51867380e-01
15538           	5.22032318e-02	5.22943698e-02	1.60813961e+00	8.56273035e-01	7.51866572e-01
15539           	5.22101553e-02	5.22983234e-02	1.60815223e+00	8.56286268e-01	7.51865957e-01
15540           	5.22174350e-02	5.23027501e-02	1.60816607e+00	8.56300470e-01	7.51865601e-01
15541           	5.22250904e-02	5.23074476e-02	1.60818032e+00	8.56315252e-01	7.51865071e-01
15542           	5.22327495e-02	5.23122568e-02	1.60819487e+00	8.56330185e-01	7.51864686e-01
15543           	5.22405595e-02	5.23172297e-02	1.60820968e+00	8.56345398e-01	7.51864279e-01
15544           	5.22486335e-02	5.23224114e-02	1.60822487e+00	8.56361068e-01	7.51863801e-01
15545           	5.22575452e-02	5.23280890e-02	1.60824119e+00	8.56378141e-01	7.51863051e-01
15546           	5.22664671e-02	5.23338732e-02	1.60825760e+00	8.56395268e-01	7.51862334e-01
15547           	5.22758132e-02	5.23400268e-02	1.60827475e+00	8.56413187e-01	7.51861560e-01
15548           	5.22853392e-02	5.23464548e-02	1.60829238e+00	8.56431528e-01	7.51860850e-01
15549           	5.22961828e-02	5.23537758e-02	1.60831228e+00	8.56452325e-01	7.51859959e-01
15550           	5.23057613e-02	5.23605286e-02	1.60833026e+00	8.56470890e-01	7.51859367e-01
15551           	5.23155546e-02	5.23674259e-02	1.60834865e+00	8.56489880e-01	7.51858771e-01
15552           	5.23261860e-02	5.23749502e-02	1.60836873e+00	8.56510552e-01	7.51858180e-01
15553           	5.23359204e-02	5.23820153e-02	1.60838734e+00	8.56529592e-01	7.51857752e-01
15554           	5.23460490e-02	5.23895144e-02	1.60840703e+00	8.56549563e-01	7.51857465e-01
15555           	5.23563202e-02	5.23971203e-02	1.60842710e+00	8.56569872e-01	7.51857232e-01
15556           	5.23662202e-02	5.24046011e-02	1.60844671e+00	8.56589574e-01	7.51857134e-01
15557           	5.23771716e-02	5.24128389e-02	1.60846871e+00	8.56611527e-01	7.51857184e-01
15558           	5.23863955e-02	5.24199878e-02	1.60848721e+00	8.56630001e-01	7.51857210e-01
15559           	5.23950588e-02	5.24268971e-02	1.60850487e+00	8.56647491e-01	7.51857374e-01
15560           	5.24048958e-02	5.24346481e-02	1.60852522e+00	8.56667505e-01	7.51857713e-01
15561           	5.24128022e-02	5.24411791e-02	1.60854153e+00	8.56683565e-01	7.51857961e-01
15562           	5.24198612e-02	5.24472109e-02	1.60855614e+00	8.56697931e-01	7.51858208e-01
15563           	5.24270509e-02	5.24533383e-02	1.60857115e+00	8.56712628e-01	7.51858526e-01
15564           	5.24331793e-02	5.24587117e-02	1.60858375e+00	8.56725056e-01	7.51858698e-01
15565           	5.24386972e-02	5.24636826e-02	1.60859508e+00	8.56736238e-01	7.51858843e-01
15566           	5.24451631e-02	5.24694018e-02	1.60860887e+00	8.56749596e-01	7.51859269e-01
15567           	5.24506613e-02	5.24745107e-02	1.60862075e+00	8.56761036e-01	7.51859714e-01
15568           	5.24552314e-02	5.24790372e-02	1.60863084e+00	8.56770651e-01	7.51860189e-01
15569           	5.24589315e-02	5.24830446e-02	1.60863928e+00	8.56778571e-01	7.51860708e-01
15570           	5.24617574e-02	5.24865009e-02	1.60864607e+00	8.56784791e-01	7.51861276e-01
15571           	5.24631636e-02	5.24889898e-02	1.60864987e+00	8.56788098e-01	7.51861771e-01
15572           	5.24639498e-02	5.24910275e-02	1.60865234e+00	8.56790122e-01	7.51862222e-01
15573           	5.24646538e-02	5.24931421e-02	1.60865523e+00	8.56792269e-01	7.51862962e-01
15574           	5.24657007e-02	5.24956236e-02	1.60865964e+00	8.56795521e-01	7.51864120e-01
15575           	5.24651482e-02	5.24968848e-02	1.60866040e+00	8.56795346e-01	7.51865050e-01
15576           	5.24629269e-02	5.24968039e-02	1.60865717e+00	8.56791513e-01	7.51865659e-01
15577           	5.24595530e-02	5.24958210e-02	1.60865134e+00	8.56785224e-01	7.51866118e-01
15578           	5.24557523e-02	5.24946650e-02	1.60864497e+00	8.56778237e-01	7.51866732e-01
15579           	5.24513173e-02	5.24929953e-02	1.60863715e+00	8.56769890e-01	7.51867255e-01
15580           	5.24463755e-02	5.24910364e-02	1.60862860e+00	8.56760674e-01	7.51867923e-01
15581           	5.24408264e-02	5.24885014e-02	1.60861829e+00	8.56749969e-01	7.51868316e-01
15582           	5.24349064e-02	5.24858478e-02	1.60860793e+00	8.56738869e-01	7.51869056e-01
15583           	5.24283651e-02	5.24825738e-02	1.60859588e+00	8.56726305e-01	7.51869574e-01
15584           	5.24213782e-02	5.24789512e-02	1.60858300e+00	8.56712879e-01	7.51870122e-01
15585           	5.24140141e-02	5.24749637e-02	1.60856917e+00	8.56698600e-01	7.51870572e-01
15586           	5.24062667e-02	5.24705973e-02	1.60855443e+00	8.56683483e-01	7.51870950e-01
15587           	5.23982977e-02	5.24660202e-02	1.60853914e+00	8.56667867e-01	7.51871272e-01
15588           	5.23900833e-02	5.24612139e-02	1.60852330e+00	8.56651734e-01	7.51871567e-01
15589           	5.23814001e-02	5.24561844e-02	1.60850688e+00	8.56634840e-01	7.51872040e-01
15590           	5.23727467e-02	5.24510503e-02	1.60849029e+00	8.56617890e-01	7.51872396e-01
15591           	5.23638739e-02	5.24456766e-02	1.60847323e+00	8.56600489e-01	7.51872741e-01
15592           	5.23549228e-02	5.24401760e-02	1.60845597e+00	8.56582906e-01	7.51873061e-01
15593           	5.23458912e-02	5.24345222e-02	1.60843850e+00	8.56565140e-01	7.51873358e-01
15594           	5.23368132e-02	5.24287289e-02	1.60842090e+00	8.56547263e-01	7.51873636e-01
15595           	5.23272773e-02	5.24226313e-02	1.60840260e+00	8.56528578e-01	7.51874023e-01
15596           	5.23181375e-02	5.24166639e-02	1.60838486e+00	8.56510565e-01	7.51874290e-01
15597           	5.23091121e-02	5.24106660e-02	1.60836724e+00	8.56492732e-01	7.51874508e-01
15598           	5.23003999e-02	5.24047983e-02	1.60835015e+00	8.56475474e-01	7.51874674e-01
15599           	5.22920221e-02	5.23990804e-02	1.60833368e+00	8.56458861e-01	7.51874817e-01
15600           	5.22840480e-02	5.23935951e-02	1.60831801e+00	8.56443054e-01	7.51874958e-01
15601           	5.22758166e-02	5.23879502e-02	1.60830203e+00	8.56426831e-01	7.51875197e-01
15602           	5.22680167e-02	5.23824855e-02	1.60828680e+00	8.56411418e-01	7.51875384e-01
15603           	5.22606554e-02	5.23772680e-02	1.60827245e+00	8.56396879e-01	7.51875568e-01
15604           	5.22536586e-02	5.23722402e-02	1.60825886e+00	8.56383091e-01	7.51875773e-01
15605           	5.22469284e-02	5.23673274e-02	1.60824589e+00	8.56369872e-01	7.51876015e-01
15606           	5.22404845e-02	5.23625568e-02	1.60823355e+00	8.56357258e-01	7.51876289e-01
15607           	5.22342378e-02	5.23578609e-02	1.60822168e+00	8.56345076e-01	7.51876600e-01
15608           	5.22281402e-02	5.23532003e-02	1.60821015e+00	8.56333218e-01	7.51876937e-01
15609           	5.22222402e-02	5.23486145e-02	1.60819903e+00	8.56321754e-01	7.51877274e-01
15610           	5.22164914e-02	5.23440612e-02	1.60818818e+00	8.56310582e-01	7.51877599e-01
15611           	5.22108787e-02	5.23395194e-02	1.60817755e+00	8.56299656e-01	7.51877899e-01
15612           	5.22049721e-02	5.23347234e-02	1.60816622e+00	8.56288082e-01	7.51878138e-01
15613           	5.21996181e-02	5.23301911e-02	1.60815582e+00	8.56277528e-01	7.51878292e-01
15614           	5.21946543e-02	5.23258392e-02	1.60814612e+00	8.56267713e-01	7.51878404e-01
15615           	5.21901522e-02	5.23217210e-02	1.60813727e+00	8.56258787e-01	7.51878482e-01
15616           	5.21860354e-02	5.23177873e-02	1.60812915e+00	8.56250612e-01	7.51878541e-01
15617           	5.21822376e-02	5.23140033e-02	1.60812165e+00	8.56243065e-01	7.51878589e-01
15618           	5.21787435e-02	5.23103768e-02	1.60811473e+00	8.56236110e-01	7.51878623e-01
15619           	5.21751073e-02	5.23066195e-02	1.60810736e+00	8.56228788e-01	7.51878573e-01
15620           	5.21719412e-02	5.23031478e-02	1.60810092e+00	8.56222403e-01	7.51878521e-01
15621           	5.21691763e-02	5.22999401e-02	1.60809528e+00	8.56216817e-01	7.51878465e-01
15622           	5.21667887e-02	5.22969777e-02	1.60809041e+00	8.56211992e-01	7.51878414e-01
15623           	5.21647496e-02	5.22942377e-02	1.60808623e+00	8.56207864e-01	7.51878365e-01
15624           	5.21626757e-02	5.22914517e-02	1.60808175e+00	8.56203551e-01	7.51878199e-01
15625           	5.21609994e-02	5.22888987e-02	1.60807804e+00	8.56200021e-01	7.51878022e-01
15626           	5.21597807e-02	5.22866650e-02	1.60807524e+00	8.56197401e-01	7.51877840e-01
15627           	5.21589961e-02	5.22847255e-02	1.60807329e+00	8.56195641e-01	7.51877649e-01
15628           	5.21583142e-02	5.22828575e-02	1.60807126e+00	8.56193945e-01	7.51877317e-01
15629           	5.21580808e-02	5.22812714e-02	1.60807007e+00	8.56193117e-01	7.51876955e-01
15630           	5.21583328e-02	5.22800218e-02	1.60806981e+00	8.56193240e-01	7.51876574e-01
15631           	5.21590729e-02	5.22791245e-02	1.60807050e+00	8.56194325e-01	7.51876179e-01
15632           	5.21600633e-02	5.22784270e-02	1.60807137e+00	8.56195748e-01	7.51875621e-01
15633           	5.21614478e-02	5.22779753e-02	1.60807295e+00	8.56197925e-01	7.51875030e-01
15634           	5.21633538e-02	5.22779209e-02	1.60807558e+00	8.56201146e-01	7.51874438e-01
15635           	5.21656519e-02	5.22781910e-02	1.60807872e+00	8.56205013e-01	7.51873710e-01
15636           	5.21683568e-02	5.22787328e-02	1.60808268e+00	8.56209699e-01	7.51872985e-01
15637           	5.21716008e-02	5.22797025e-02	1.60808780e+00	8.56215500e-01	7.51872298e-01
15638           	5.21753063e-02	5.22810624e-02	1.60809363e+00	8.56222121e-01	7.51871508e-01
15639           	5.21793653e-02	5.22826648e-02	1.60810020e+00	8.56229466e-01	7.51870736e-01
15640           	5.21839196e-02	5.22846836e-02	1.60810790e+00	8.56237870e-01	7.51870030e-01
15641           	5.21890062e-02	5.22871591e-02	1.60811650e+00	8.56247259e-01	7.51869246e-01
15642           	5.21944299e-02	5.22898710e-02	1.60812580e+00	8.56257328e-01	7.51868469e-01
15643           	5.22003343e-02	5.22930068e-02	1.60813620e+00	8.56268432e-01	7.51867764e-01
15644           	5.22068686e-02	5.22966807e-02	1.60814772e+00	8.56280729e-01	7.51866992e-01
15645           	5.22136874e-02	5.23005551e-02	1.60815979e+00	8.56293583e-01	7.51866209e-01
15646           	5.22210326e-02	5.23048931e-02	1.60817288e+00	8.56307474e-01	7.51865409e-01
15647           	5.22294900e-02	5.23099314e-02	1.60818743e+00	8.56323205e-01	7.51864225e-01
15648           	5.22380729e-02	5.23152211e-02	1.60820282e+00	8.56339485e-01	7.51863339e-01
15649           	5.22468754e-02	5.23208231e-02	1.60821911e+00	8.56356431e-01	7.51862680e-01
15650           	5.22559259e-02	5.23267537e-02	1.60823623e+00	8.56374041e-01	7.51862189e-01
15651           	5.22649517e-02	5.23327628e-02	1.60825353e+00	8.56391717e-01	7.51861814e-01
15652           	5.22739769e-02	5.23388547e-02	1.60827094e+00	8.56409445e-01	7.51861491e-01
15653           	5.22830635e-02	5.23450655e-02	1.60828845e+00	8.56427287e-01	7.51861160e-01
15654           	5.22920615e-02	5.23512456e-02	1.60830569e+00	8.56444906e-01	7.51860783e-01
15655           	5.23011390e-02	5.23575209e-02	1.60832294e+00	8.56462607e-01	7.51860329e-01
15656           	5.23104806e-02	5.23640403e-02	1.60834054e+00	8.56480751e-01	7.51859790e-01
15657           	5.23202080e-02	5.23709102e-02	1.60835879e+00	8.56499604e-01	7.51859188e-01
15658           	5.23301556e-02	5.23780059e-02	1.60837747e+00	8.56518890e-01	7.51858579e-01
15659           	5.23403200e-02	5.23853433e-02	1.60839664e+00	8.56538642e-01	7.51858002e-01
15660           	5.23506312e-02	5.23928870e-02	1.60841625e+00	8.56558756e-01	7.51857494e-01
15661           	5.23609778e-02	5.24005652e-02	1.60843613e+00	8.56579043e-01	7.51857087e-01
15662           	5.23711034e-02	5.24081864e-02	1.60845585e+00	8.56599027e-01	7.51856820e-01
15663           	5.23809759e-02	5.24157330e-02	1.60847535e+00	8.56618653e-01	7.51856701e-01
15664           	5.23905929e-02	5.24232120e-02	1.60849464e+00	8.56637913e-01	7.51856727e-01
15665           	5.23997833e-02	5.24304965e-02	1.60851336e+00	8.56656462e-01	7.51856895e-01
15666           	5.24085143e-02	5.24375545e-02	1.60853138e+00	8.56674205e-01	7.51857177e-01
15667           	5.24167793e-02	5.24443740e-02	1.60854864e+00	8.56691099e-01	7.51857540e-01
15668           	5.24245483e-02	5.24509231e-02	1.60856501e+00	8.56707053e-01	7.51857956e-01
15669           	5.24317129e-02	5.24571215e-02	1.60858024e+00	8.56721834e-01	7.51858408e-01
15670           	5.24382300e-02	5.24629168e-02	1.60859421e+00	8.56735335e-01	7.51858875e-01
15671           	5.24440874e-02	5.24682869e-02	1.60860686e+00	8.56747519e-01	7.51859344e-01
15672           	5.24492503e-02	5.24732157e-02	1.60861813e+00	8.56758317e-01	7.51859816e-01
15673           	5.24536861e-02	5.24776623e-02	1.60862795e+00	8.56767663e-01	7.51860291e-01
15674           	5.24574022e-02	5.24816287e-02	1.60863635e+00	8.56775576e-01	7.51860771e-01
15675           	5.24604022e-02	5.24851194e-02	1.60864334e+00	8.56782071e-01	7.51861267e-01
15676           	5.24627137e-02	5.24881849e-02	1.60864901e+00	8.56787217e-01	7.51861790e-01
15677           	5.24642747e-02	5.24907590e-02	1.60865324e+00	8.56790895e-01	7.51862346e-01
15678           	5.24650571e-02	5.24928077e-02	1.60865599e+00	8.56793051e-01	7.51862937e-01
15679           	5.24651179e-02	5.24943977e-02	1.60865736e+00	8.56793798e-01	7.51863562e-01
15680           	5.24639430e-02	5.24951064e-02	1.60865605e+00	8.56791969e-01	7.51864083e-01
15681           	5.24620539e-02	5.24952344e-02	1.60865319e+00	8.56788651e-01	7.51864543e-01
15682           	5.24599721e-02	5.24953835e-02	1.60865050e+00	8.56785221e-01	7.51865277e-01
15683           	5.24575582e-02	5.24953495e-02	1.60864757e+00	8.56781341e-01	7.51866225e-01
15684           	5.24537782e-02	5.24941806e-02	1.60864134e+00	8.56774447e-01	7.51866891e-01
15685           	5.24494031e-02	5.24925728e-02	1.60863404e+00	8.56766422e-01	7.51867615e-01
15686           	5.24443328e-02	5.24904597e-02	1.60862530e+00	8.56756983e-01	7.51868317e-01
15687           	5.24384649e-02	5.24876785e-02	1.60861471e+00	8.56745821e-01	7.51868892e-01
15688           	5.24320650e-02	5.24845287e-02	1.60860315e+00	8.56733640e-01	7.51869510e-01
15689           	5.24251417e-02	5.24810105e-02	1.60859047e+00	8.56720377e-01	7.51870093e-01
15690           	5.24178777e-02	5.24771874e-02	1.60857681e+00	8.56706284e-01	7.51870529e-01
15691           	5.24100972e-02	5.24729630e-02	1.60856216e+00	8.56691175e-01	7.51870981e-01
15692           	5.24018940e-02	5.24683951e-02	1.60854660e+00	8.56675194e-01	7.51871406e-01
15693           	5.23936059e-02	5.24636515e-02	1.60853061e+00	8.56658913e-01	7.51871701e-01
15694           	5.23848706e-02	5.24585064e-02	1.60851377e+00	8.56641756e-01	7.51872015e-01
15695           	5.23754083e-02	5.24528168e-02	1.60849567e+00	8.56623246e-01	7.51872429e-01
15696           	5.23666187e-02	5.24473729e-02	1.60847841e+00	8.56605821e-01	7.51872584e-01
15697           	5.23580105e-02	5.24419509e-02	1.60846139e+00	8.56588707e-01	7.51872686e-01
15698           	5.23489985e-02	5.24362620e-02	1.60844387e+00	8.56570933e-01	7.51872936e-01
15699           	5.23401156e-02	5.24305860e-02	1.60842655e+00	8.56553389e-01	7.51873158e-01
15700           	5.23313964e-02	5.24249812e-02	1.60840959e+00	8.56536194e-01	7.51873401e-01
15701           	5.23223846e-02	5.24192306e-02	1.60839233e+00	8.56518547e-01	7.51873778e-01
15702           	5.23135208e-02	5.24134799e-02	1.60837526e+00	8.56501152e-01	7.51874111e-01
15703           	5.23049422e-02	5.24078413e-02	1.60835871e+00	8.56484297e-01	7.51874412e-01
15704           	5.22966891e-02	5.24023601e-02	1.60834275e+00	8.56468066e-01	7.51874688e-01
15705           	5.22880758e-02	5.23966136e-02	1.60832622e+00	8.56451188e-01	7.51875036e-01
15706           	5.22797859e-02	5.23909391e-02	1.60831018e+00	8.56434874e-01	7.51875302e-01
15707           	5.22719095e-02	5.23854639e-02	1.60829487e+00	8.56419345e-01	7.51875526e-01
15708           	5.22643783e-02	5.23801357e-02	1.60828022e+00	8.56404488e-01	7.51875731e-01
15709           	5.22570966e-02	5.23748875e-02	1.60826607e+00	8.56390131e-01	7.51875938e-01
15710           	5.22495261e-02	5.23694134e-02	1.60825142e+00	8.56375237e-01	7.51876185e-01
15711           	5.22424488e-02	5.23641620e-02	1.60823765e+00	8.56361276e-01	7.51876378e-01
15712           	5.22357341e-02	5.23590871e-02	1.60822461e+00	8.56348039e-01	7.51876570e-01
15713           	5.22294511e-02	5.23542500e-02	1.60821243e+00	8.56335664e-01	7.51876762e-01
15714           	5.22235044e-02	5.23495813e-02	1.60820094e+00	8.56323977e-01	7.51876968e-01
15715           	5.22178278e-02	5.23450333e-02	1.60819004e+00	8.56312847e-01	7.51877192e-01
15716           	5.22124338e-02	5.23406253e-02	1.60817971e+00	8.56302289e-01	7.51877421e-01
15717           	5.22067715e-02	5.23359999e-02	1.60816884e+00	8.56291189e-01	7.51877646e-01
15718           	5.22015735e-02	5.23316058e-02	1.60815882e+00	8.56280985e-01	7.51877838e-01
15719           	5.21967668e-02	5.23274279e-02	1.60814957e+00	8.56271551e-01	7.51878017e-01
15720           	5.21923401e-02	5.23234533e-02	1.60814107e+00	8.56262876e-01	7.51878196e-01
15721           	5.21882341e-02	5.23196338e-02	1.60813322e+00	8.56254843e-01	7.51878375e-01
15722           	5.21844153e-02	5.23159461e-02	1.60812591e+00	8.56247370e-01	7.51878539e-01
15723           	5.21808068e-02	5.23123426e-02	1.60811899e+00	8.56240303e-01	7.51878690e-01
15724           	5.21769759e-02	5.23085352e-02	1.60811146e+00	8.56232706e-01	7.51878754e-01
15725           	5.21735633e-02	5.23049464e-02	1.60810468e+00	8.56225905e-01	7.51878779e-01
15726           	5.21705055e-02	5.23015637e-02	1.60809856e+00	8.56219786e-01	7.51878775e-01
15727           	5.21678358e-02	5.22984102e-02	1.60809317e+00	8.56214418e-01	7.51878747e-01
15728           	5.21655208e-02	5.22954563e-02	1.60808841e+00	8.56209725e-01	7.51878683e-01
15729           	5.21631642e-02	5.22924315e-02	1.60808329e+00	8.56204808e-01	7.51878480e-01
15730           	5.21612505e-02	5.22896672e-02	1.60807899e+00	8.56200747e-01	7.51878246e-01
15731           	5.21598017e-02	5.22872146e-02	1.60807559e+00	8.56197595e-01	7.51877992e-01
15732           	5.21588268e-02	5.22850935e-02	1.60807312e+00	8.56195386e-01	7.51877732e-01
15733           	5.21580071e-02	5.22830866e-02	1.60807068e+00	8.56193348e-01	7.51877334e-01
15734           	5.21576148e-02	5.22813509e-02	1.60806908e+00	8.56192155e-01	7.51876925e-01
15735           	5.21577431e-02	5.22799990e-02	1.60806853e+00	8.56192010e-01	7.51876524e-01
15736           	5.21584117e-02	5.22790554e-02	1.60806909e+00	8.56192956e-01	7.51876133e-01
15737           	5.21592605e-02	5.22782559e-02	1.60806972e+00	8.56194122e-01	7.51875601e-01
15738           	5.21605349e-02	5.22777467e-02	1.60807120e+00	8.56196134e-01	7.51875064e-01
15739           	5.21623690e-02	5.22776739e-02	1.60807381e+00	8.56199275e-01	7.51874537e-01
15740           	5.21644857e-02	5.22778295e-02	1.60807674e+00	8.56202855e-01	7.51873884e-01
15741           	5.21670480e-02	5.22782970e-02	1.60808057e+00	8.56207334e-01	7.51873238e-01
15742           	5.21701920e-02	5.22792240e-02	1.60808561e+00	8.56212999e-01	7.51872615e-01
15743           	5.21736597e-02	5.22804110e-02	1.60809108e+00	8.56219199e-01	7.51871879e-01
15744           	5.21775330e-02	5.22818841e-02	1.60809736e+00	8.56226211e-01	7.51871145e-01
15745           	5.21819540e-02	5.22838081e-02	1.60810481e+00	8.56234359e-01	7.51870451e-01
15746           	5.21867470e-02	5.22860367e-02	1.60811282e+00	8.56243157e-01	7.51869663e-01
15747           	5.21919420e-02	5.22885576e-02	1.60812162e+00	8.56252753e-01	7.51868869e-01
15748           	5.21977471e-02	5.22915927e-02	1.60813152e+00	8.56263508e-01	7.51868013e-01
15749           	5.22042016e-02	5.22949748e-02	1.60814184e+00	8.56275120e-01	7.51866716e-01
15750           	5.22109967e-02	5.22988053e-02	1.60815378e+00	8.56287887e-01	7.51865894e-01
15751           	5.22182506e-02	5.23030761e-02	1.60816694e+00	8.56301722e-01	7.51865221e-01
15752           	5.22256486e-02	5.23075382e-02	1.60818070e+00	8.56315997e-01	7.51864699e-01
15753           	5.22332606e-02	5.23122580e-02	1.60819505e+00	8.56330785e-01	7.51864264e-01
15754           	5.22414881e-02	5.23175077e-02	1.60821048e+00	8.56346728e-01	7.51863752e-01
15755           	5.22501429e-02	5.23230438e-02	1.60822649e+00	8.56363387e-01	7.51863101e-01
15756           	5.22591198e-02	5.23288404e-02	1.60824302e+00	8.56380631e-01	7.51862391e-01
15757           	5.22683247e-02	5.23348840e-02	1.60826003e+00	8.56398342e-01	7.51861693e-01
15758           	5.22776754e-02	5.23411666e-02	1.60827752e+00	8.56416437e-01	7.51861086e-01
15759           	5.22887469e-02	5.23485360e-02	1.60829791e+00	8.56437704e-01	7.51860210e-01
15760           	5.22985123e-02	5.23553300e-02	1.60831642e+00	8.56456722e-01	7.51859697e-01
15761           	5.23083923e-02	5.23623115e-02	1.60833522e+00	8.56476003e-01	7.51859218e-01
15762           	5.23178898e-02	5.23691131e-02	1.60835338e+00	8.56494578e-01	7.51858798e-01
15763           	5.23275703e-02	5.23761736e-02	1.60837207e+00	8.56513603e-01	7.51858463e-01
15764           	5.23384561e-02	5.23840706e-02	1.60839311e+00	8.56535010e-01	7.51858098e-01
15765           	5.23483008e-02	5.23913346e-02	1.60841219e+00	8.56554394e-01	7.51857792e-01
15766           	5.23579883e-02	5.23985131e-02	1.60843098e+00	8.56573477e-01	7.51857501e-01
15767           	5.23673125e-02	5.24055756e-02	1.60844928e+00	8.56591954e-01	7.51857329e-01
15768           	5.23784533e-02	5.24138914e-02	1.60847150e+00	8.56614201e-01	7.51857295e-01
15769           	5.23867615e-02	5.24204559e-02	1.60848800e+00	8.56630760e-01	7.51857237e-01
15770           	5.23951311e-02	5.24270464e-02	1.60850469e+00	8.56647478e-01	7.51857216e-01
15771           	5.24036975e-02	5.24338918e-02	1.60852195e+00	8.56664674e-01	7.51857279e-01
15772           	5.24119829e-02	5.24405669e-02	1.60853875e+00	8.56681358e-01	7.51857393e-01
15773           	5.24209738e-02	5.24477952e-02	1.60855725e+00	8.56699600e-01	7.51857652e-01
15774           	5.24284538e-02	5.24541404e-02	1.60857287e+00	8.56714890e-01	7.51857982e-01
15775           	5.24355354e-02	5.24603287e-02	1.60858787e+00	8.56729469e-01	7.51858398e-01
15776           	5.24416263e-02	5.24658693e-02	1.60860087e+00	8.56742062e-01	7.51858810e-01
15777           	5.24464235e-02	5.24705479e-02	1.60861111e+00	8.56751978e-01	7.51859131e-01
15778           	5.24509777e-02	5.24750905e-02	1.60862104e+00	8.56761496e-01	7.51859541e-01
15779           	5.24556560e-02	5.24797739e-02	1.60863157e+00	8.56771441e-01	7.51860129e-01
15780           	5.24591888e-02	5.24836534e-02	1.60863973e+00	8.56779054e-01	7.51860677e-01
15781           	5.24613052e-02	5.24865296e-02	1.60864487e+00	8.56783739e-01	7.51861128e-01
15782           	5.24632430e-02	5.24894085e-02	1.60865011e+00	8.56788299e-01	7.51861813e-01
15783           	5.24644906e-02	5.24917921e-02	1.60865387e+00	8.56791424e-01	7.51862443e-01
15784           	5.24647502e-02	5.24934754e-02	1.60865557e+00	8.56792534e-01	7.51863034e-01
15785           	5.24646643e-02	5.24950312e-02	1.60865703e+00	8.56793178e-01	7.51863849e-01
15786           	5.24638357e-02	5.24960458e-02	1.60865689e+00	8.56792281e-01	7.51864610e-01
15787           	5.24619705e-02	5.24962870e-02	1.60865455e+00	8.56789246e-01	7.51865304e-01
15788           	5.24594773e-02	5.24961548e-02	1.60865129e+00	8.56785125e-01	7.51866170e-01
15789           	5.24558439e-02	5.24950762e-02	1.60864513e+00	8.56778409e-01	7.51866721e-01
15790           	5.24518633e-02	5.24939022e-02	1.60863895e+00	8.56771337e-01	7.51867610e-01
15791           	5.24467575e-02	5.24917595e-02	1.60862995e+00	8.56761733e-01	7.51868218e-01
15792           	5.24410529e-02	5.24891730e-02	1.60861978e+00	8.56750945e-01	7.51868839e-01
15793           	5.24347607e-02	5.24861282e-02	1.60860830e+00	8.56738911e-01	7.51869390e-01
15794           	5.24278782e-02	5.24825594e-02	1.60859541e+00	8.56725582e-01	7.51869825e-01
15795           	5.24205041e-02	5.24786360e-02	1.60858161e+00	8.56711307e-01	7.51870299e-01
15796           	5.24129641e-02	5.24744544e-02	1.60856705e+00	8.56696491e-01	7.51870563e-01
15797           	5.24045568e-02	5.24698469e-02	1.60855146e+00	8.56680285e-01	7.51871172e-01
15798           	5.23963533e-02	5.24651491e-02	1.60853559e+00	8.56664147e-01	7.51871440e-01
15799           	5.23880735e-02	5.24602522e-02	1.60851936e+00	8.56647754e-01	7.51871607e-01
15800           	5.23794291e-02	5.24550410e-02	1.60850250e+00	8.56630679e-01	7.51871821e-01
15801           	5.23707218e-02	5.24497743e-02	1.60848564e+00	8.56613542e-01	7.51872099e-01
15802           	5.23619874e-02	5.24443943e-02	1.60846873e+00	8.56596351e-01	7.51872376e-01
15803           	5.23528447e-02	5.24386855e-02	1.60845112e+00	8.56578406e-01	7.51872717e-01
15804           	5.23437167e-02	5.24329837e-02	1.60843365e+00	8.56560543e-01	7.51873110e-01
15805           	5.23346911e-02	5.24272663e-02	1.60841632e+00	8.56542850e-01	7.51873468e-01
15806           	5.23259183e-02	5.24216584e-02	1.60839939e+00	8.56525614e-01	7.51873777e-01
15807           	5.23167256e-02	5.24156725e-02	1.60838162e+00	8.56507538e-01	7.51874087e-01
15808           	5.23078597e-02	5.24098963e-02	1.60836452e+00	8.56490122e-01	7.51874402e-01
15809           	5.22993203e-02	5.24042485e-02	1.60834797e+00	8.56473305e-01	7.51874665e-01
15810           	5.22911028e-02	5.23987151e-02	1.60833198e+00	8.56457094e-01	7.51874888e-01
15811           	5.22826190e-02	5.23928881e-02	1.60831539e+00	8.56440316e-01	7.51875078e-01
15812           	5.22745551e-02	5.23873080e-02	1.60829971e+00	8.56424409e-01	7.51875298e-01
15813           	5.22668776e-02	5.23818977e-02	1.60828475e+00	8.56409252e-01	7.51875497e-01
15814           	5.22596354e-02	5.23767145e-02	1.60827063e+00	8.56394953e-01	7.51875682e-01
15815           	5.22526961e-02	5.23716702e-02	1.60825715e+00	8.56381272e-01	7.51875880e-01
15816           	5.22453875e-02	5.23662575e-02	1.60824290e+00	8.56366835e-01	7.51876060e-01
15817           	5.22386013e-02	5.23612004e-02	1.60822981e+00	8.56353506e-01	7.51876303e-01
15818           	5.22321732e-02	5.23563282e-02	1.60821745e+00	8.56340899e-01	7.51876553e-01
15819           	5.22260835e-02	5.23516245e-02	1.60820579e+00	8.56328977e-01	7.51876811e-01
15820           	5.22203382e-02	5.23471013e-02	1.60819481e+00	8.56317745e-01	7.51877068e-01
15821           	5.22148437e-02	5.23426866e-02	1.60818435e+00	8.56307021e-01	7.51877333e-01
15822           	5.22095408e-02	5.23383307e-02	1.60817428e+00	8.56296682e-01	7.51877601e-01
15823           	5.22039479e-02	5.23336443e-02	1.60816344e+00	8.56285666e-01	7.51877770e-01
15824           	5.21988423e-02	5.23292848e-02	1.60815367e+00	8.56275677e-01	7.51877993e-01
15825           	5.21940880e-02	5.23251028e-02	1.60814457e+00	8.56266371e-01	7.51878195e-01
15826           	5.21897404e-02	5.23211434e-02	1.60813622e+00	8.56257849e-01	7.51878368e-01
15827           	5.21857178e-02	5.23173487e-02	1.60812847e+00	8.56249954e-01	7.51878519e-01
15828           	5.21819587e-02	5.23136733e-02	1.60812121e+00	8.56242565e-01	7.51878648e-01
15829           	5.21780136e-02	5.23097309e-02	1.60811325e+00	8.56234640e-01	7.51878613e-01
15830           	5.21745168e-02	5.23061083e-02	1.60810632e+00	8.56227677e-01	7.51878643e-01
15831           	5.21714019e-02	5.23027022e-02	1.60810011e+00	8.56221455e-01	7.51878651e-01
15832           	5.21687048e-02	5.22995432e-02	1.60809468e+00	8.56216045e-01	7.51878635e-01
15833           	5.21663602e-02	5.22965910e-02	1.60808991e+00	8.56211316e-01	7.51878596e-01
15834           	5.21639535e-02	5.22934792e-02	1.60808463e+00	8.56206268e-01	7.51878361e-01
15835           	5.21619743e-02	5.22907044e-02	1.60808033e+00	8.56202139e-01	7.51878190e-01
15836           	5.21604297e-02	5.22882221e-02	1.60807687e+00	8.56198862e-01	7.51878003e-01
15837           	5.21593554e-02	5.22860704e-02	1.60807432e+00	8.56196516e-01	7.51877805e-01
15838           	5.21583529e-02	5.22838827e-02	1.60807149e+00	8.56194099e-01	7.51877393e-01
15839           	5.21577972e-02	5.22820807e-02	1.60806971e+00	8.56192654e-01	7.51877059e-01
15840           	5.21577703e-02	5.22806656e-02	1.60806898e+00	8.56192260e-01	7.51876719e-01
15841           	5.21582178e-02	5.22795881e-02	1.60806918e+00	8.56192808e-01	7.51876372e-01
15842           	5.21588403e-02	5.22785625e-02	1.60806928e+00	8.56193480e-01	7.51875800e-01
15843           	5.21599460e-02	5.22779638e-02	1.60807049e+00	8.56195193e-01	7.51875301e-01
15844           	5.21615352e-02	5.22777170e-02	1.60807267e+00	8.56197871e-01	7.51874801e-01
15845           	5.21634211e-02	5.22776213e-02	1.60807501e+00	8.56200928e-01	7.51874086e-01
15846           	5.21658376e-02	5.22780022e-02	1.60807858e+00	8.56205127e-01	7.51873451e-01
15847           	5.21687499e-02	5.22787595e-02	1.60808319e+00	8.56210345e-01	7.51872845e-01
15848           	5.21720270e-02	5.22797285e-02	1.60808814e+00	8.56216096e-01	7.51872042e-01
15849           	5.21758061e-02	5.22811643e-02	1.60809425e+00	8.56222933e-01	7.51871320e-01
15850           	5.21800185e-02	5.22829433e-02	1.60810135e+00	8.56230692e-01	7.51870655e-01
15851           	5.21846415e-02	5.22849727e-02	1.60810891e+00	8.56239099e-01	7.51869816e-01
15852           	5.21897569e-02	5.22874710e-02	1.60811762e+00	8.56248569e-01	7.51869055e-01
15853           	5.21953013e-02	5.22902418e-02	1.60812696e+00	8.56258780e-01	7.51868177e-01
15854           	5.22015412e-02	5.22934473e-02	1.60813687e+00	8.56269975e-01	7.51866893e-01
15855           	5.22084115e-02	5.22972408e-02	1.60814858e+00	8.56282702e-01	7.51865879e-01
15856           	5.22157019e-02	5.23014539e-02	1.60816162e+00	8.56296513e-01	7.51865109e-01
15857           	5.22233941e-02	5.23060947e-02	1.60817587e+00	8.56311327e-01	7.51864539e-01
15858           	5.22314592e-02	5.23111527e-02	1.60819113e+00	8.56327026e-01	7.51864108e-01
15859           	5.22395999e-02	5.23163694e-02	1.60820670e+00	8.56342952e-01	7.51863752e-01
15860           	5.22478383e-02	5.23217394e-02	1.60822247e+00	8.56359072e-01	7.51863395e-01
15861           	5.22562870e-02	5.23273168e-02	1.60823853e+00	8.56375550e-01	7.51862976e-01
15862           	5.22648307e-02	5.23329636e-02	1.60825461e+00	8.56392135e-01	7.51862474e-01
15863           	5.22736430e-02	5.23388101e-02	1.60827105e+00	8.56409168e-01	7.51861882e-01
15864           	5.22828617e-02	5.23449757e-02	1.60828814e+00	8.56426931e-01	7.51861207e-01
15865           	5.22925210e-02	5.23515068e-02	1.60830598e+00	8.56445513e-01	7.51860471e-01
15866           	5.23023820e-02	5.23582276e-02	1.60832420e+00	8.56464483e-01	7.51859719e-01
15867           	5.23124738e-02	5.23651952e-02	1.60834293e+00	8.56483936e-01	7.51858989e-01
15868           	5.23228350e-02	5.23724762e-02	1.60836231e+00	8.56503988e-01	7.51858318e-01
15869           	5.23332394e-02	5.23799107e-02	1.60838198e+00	8.56524231e-01	7.51857752e-01
15870           	5.23436517e-02	5.23874886e-02	1.60840192e+00	8.56544612e-01	7.51857308e-01
15871           	5.23540001e-02	5.23951603e-02	1.60842198e+00	8.56564990e-01	7.51856989e-01
15872           	5.23642052e-02	5.24028602e-02	1.60844200e+00	8.56585205e-01	7.51856795e-01
15873           	5.23740575e-02	5.24104113e-02	1.60846158e+00	8.56604846e-01	7.51856731e-01
15874           	5.23835755e-02	5.24178141e-02	1.60848072e+00	8.56623933e-01	7.51856782e-01
15875           	5.23928018e-02	5.24250939e-02	1.60849946e+00	8.56642531e-01	7.51856927e-01
15876           	5.24017338e-02	5.24322431e-02	1.60851776e+00	8.56660615e-01	7.51857147e-01
15877           	5.24102317e-02	5.24391541e-02	1.60853533e+00	8.56677897e-01	7.51857433e-01
15878           	5.24182731e-02	5.24457991e-02	1.60855207e+00	8.56694309e-01	7.51857763e-01
15879           	5.24258484e-02	5.24521704e-02	1.60856793e+00	8.56709813e-01	7.51858116e-01
15880           	5.24328719e-02	5.24582171e-02	1.60858273e+00	8.56724235e-01	7.51858491e-01
15881           	5.24393014e-02	5.24638991e-02	1.60859636e+00	8.56737480e-01	7.51858877e-01
15882           	5.24451162e-02	5.24691982e-02	1.60860878e+00	8.56749506e-01	7.51859274e-01
15883           	5.24502876e-02	5.24740930e-02	1.60861995e+00	8.56760261e-01	7.51859686e-01
15884           	5.24547808e-02	5.24785822e-02	1.60862982e+00	8.56769689e-01	7.51860128e-01
15885           	5.24585311e-02	5.24826029e-02	1.60863827e+00	8.56777667e-01	7.51860605e-01
15886           	5.24615144e-02	5.24861286e-02	1.60864527e+00	8.56784152e-01	7.51861123e-01
15887           	5.24637520e-02	5.24891958e-02	1.60865088e+00	8.56789191e-01	7.51861687e-01
15888           	5.24651821e-02	5.24917285e-02	1.60865495e+00	8.56792658e-01	7.51862294e-01
15889           	5.24657862e-02	5.24936931e-02	1.60865745e+00	8.56794510e-01	7.51862937e-01
15890           	5.24656389e-02	5.24951665e-02	1.60865850e+00	8.56794888e-01	7.51863611e-01
15891           	5.24642250e-02	5.24956269e-02	1.60865662e+00	8.56792535e-01	7.51864085e-01
15892           	5.24621284e-02	5.24956407e-02	1.60865348e+00	8.56788867e-01	7.51864611e-01
15893           	5.24598058e-02	5.24955581e-02	1.60865024e+00	8.56784925e-01	7.51865313e-01
15894           	5.24568376e-02	5.24950728e-02	1.60864583e+00	8.56779754e-01	7.51866079e-01
15895           	5.24529232e-02	5.24938277e-02	1.60863931e+00	8.56772579e-01	7.51866733e-01
15896           	5.24485390e-02	5.24922826e-02	1.60863206e+00	8.56764571e-01	7.51867493e-01
15897           	5.24434614e-02	5.24902469e-02	1.60862341e+00	8.56755168e-01	7.51868245e-01
15898           	5.24376273e-02	5.24875543e-02	1.60861299e+00	8.56744123e-01	7.51868869e-01
15899           	5.24312645e-02	5.24844723e-02	1.60860161e+00	8.56732068e-01	7.51869539e-01
15900           	5.24243699e-02	5.24809806e-02	1.60858907e+00	8.56718904e-01	7.51870164e-01
15901           	5.24169736e-02	5.24769947e-02	1.60857524e+00	8.56704593e-01	7.51870646e-01
15902           	5.24090756e-02	5.24726088e-02	1.60856040e+00	8.56689277e-01	7.51871126e-01
15903           	5.24008412e-02	5.24679541e-02	1.60854481e+00	8.56673244e-01	7.51871561e-01
15904           	5.23925082e-02	5.24631335e-02	1.60852872e+00	8.56656870e-01	7.51871853e-01
15905           	5.23836851e-02	5.24578894e-02	1.60851165e+00	8.56639509e-01	7.51872139e-01
15906           	5.23746829e-02	5.24524746e-02	1.60849420e+00	8.56621783e-01	7.51872418e-01
15907           	5.23657953e-02	5.24470333e-02	1.60847680e+00	8.56604194e-01	7.51872603e-01
15908           	5.23564998e-02	5.24412145e-02	1.60845861e+00	8.56585807e-01	7.51872807e-01
15909           	5.23472413e-02	5.24353811e-02	1.60844057e+00	8.56567528e-01	7.51873045e-01
15910           	5.23383076e-02	5.24296859e-02	1.60842309e+00	8.56549852e-01	7.51873237e-01
15911           	5.23296065e-02	5.24240752e-02	1.60840607e+00	8.56532641e-01	7.51873428e-01
15912           	5.23204750e-02	5.24180842e-02	1.60838832e+00	8.56514634e-01	7.51873684e-01
15913           	5.23116729e-02	5.24123202e-02	1.60837133e+00	8.56497336e-01	7.51873991e-01
15914           	5.23031597e-02	5.24066849e-02	1.60835491e+00	8.56480613e-01	7.51874294e-01
15915           	5.22949984e-02	5.24012459e-02	1.60833917e+00	8.56464586e-01	7.51874589e-01
15916           	5.22864560e-02	5.23954614e-02	1.60832271e+00	8.56447811e-01	7.51874899e-01
15917           	5.22782982e-02	5.23899049e-02	1.60830706e+00	8.56431827e-01	7.51875230e-01
15918           	5.22705450e-02	5.23845511e-02	1.60829213e+00	8.56416608e-01	7.51875518e-01
15919           	5.22631258e-02	5.23793424e-02	1.60827780e+00	8.56402028e-01	7.51875776e-01
15920           	5.22559462e-02	5.23742087e-02	1.60826394e+00	8.56387914e-01	7.51876022e-01
15921           	5.22484327e-02	5.23687264e-02	1.60824930e+00	8.56373085e-01	7.51876219e-01
15922           	5.22414429e-02	5.23635661e-02	1.60823579e+00	8.56359336e-01	7.51876450e-01
15923           	5.22347983e-02	5.23585533e-02	1.60822293e+00	8.56346262e-01	7.51876665e-01
15924           	5.22285685e-02	5.23537548e-02	1.60821087e+00	8.56334001e-01	7.51876864e-01
15925           	5.22226597e-02	5.23491064e-02	1.60819945e+00	8.56322384e-01	7.51877065e-01
15926           	5.22170101e-02	5.23445635e-02	1.60818857e+00	8.56311294e-01	7.51877274e-01
15927           	5.22116342e-02	5.23401431e-02	1.60817824e+00	8.56300752e-01	7.51877483e-01
15928           	5.22059526e-02	5.23353805e-02	1.60816713e+00	8.56289518e-01	7.51877612e-01
15929           	5.22007757e-02	5.23309644e-02	1.60815718e+00	8.56279365e-01	7.51877814e-01
15930           	5.21959960e-02	5.23267730e-02	1.60814800e+00	8.56269995e-01	7.51878003e-01
15931           	5.21916000e-02	5.23228021e-02	1.60813958e+00	8.56261388e-01	7.51878188e-01
15932           	5.21875277e-02	5.23190071e-02	1.60813179e+00	8.56253423e-01	7.51878368e-01
15933           	5.21837479e-02	5.23153619e-02	1.60812456e+00	8.56246027e-01	7.51878531e-01
15934           	5.21797427e-02	5.23114302e-02	1.60811659e+00	8.56238036e-01	7.51878550e-01
15935           	5.21761673e-02	5.23078066e-02	1.60810961e+00	8.56230974e-01	7.51878640e-01
15936           	5.21729655e-02	5.23043880e-02	1.60810333e+00	8.56224631e-01	7.51878700e-01
15937           	5.21701428e-02	5.23011858e-02	1.60809776e+00	8.56219022e-01	7.51878737e-01
15938           	5.21676681e-02	5.22981802e-02	1.60809283e+00	8.56214081e-01	7.51878745e-01
15939           	5.21651018e-02	5.22949780e-02	1.60808730e+00	8.56208750e-01	7.51878546e-01
15940           	5.21629563e-02	5.22921014e-02	1.60808273e+00	8.56204319e-01	7.51878407e-01
15941           	5.21612559e-02	5.22895151e-02	1.60807899e+00	8.56200752e-01	7.51878240e-01
15942           	5.21599970e-02	5.22872209e-02	1.60807609e+00	8.56198042e-01	7.51878048e-01
15943           	5.21588068e-02	5.22848849e-02	1.60807289e+00	8.56195252e-01	7.51877638e-01
15944           	5.21580963e-02	5.22829613e-02	1.60807080e+00	8.56193494e-01	7.51877301e-01
15945           	5.21578706e-02	5.22813803e-02	1.60806965e+00	8.56192696e-01	7.51876955e-01
15946           	5.21581440e-02	5.22801629e-02	1.60806950e+00	8.56192893e-01	7.51876605e-01
15947           	5.21586278e-02	5.22790278e-02	1.60806931e+00	8.56193283e-01	7.51876028e-01
15948           	5.21595255e-02	5.22782593e-02	1.60807012e+00	8.56194584e-01	7.51875533e-01
15949           	5.21609438e-02	5.22778810e-02	1.60807197e+00	8.56196931e-01	7.51875043e-01
15950           	5.21627011e-02	5.22776924e-02	1.60807408e+00	8.56199742e-01	7.51874340e-01
15951           	5.21649001e-02	5.22779023e-02	1.60807726e+00	8.56203530e-01	7.51873730e-01
15952           	5.21676467e-02	5.22785367e-02	1.60808159e+00	8.56208443e-01	7.51873150e-01
15953           	5.21708123e-02	5.22794298e-02	1.60808637e+00	8.56213995e-01	7.51872370e-01
15954           	5.21743653e-02	5.22806885e-02	1.60809209e+00	8.56220412e-01	7.51871681e-01
15955           	5.21784139e-02	5.22823437e-02	1.60809891e+00	8.56227869e-01	7.51871042e-01
15956           	5.21829218e-02	5.22842898e-02	1.60810628e+00	8.56236061e-01	7.51870217e-01
15957           	5.21877799e-02	5.22865795e-02	1.60811452e+00	8.56245038e-01	7.51869478e-01
15958           	5.21931147e-02	5.22891818e-02	1.60812345e+00	8.56254839e-01	7.51868610e-01
15959           	5.21991761e-02	5.22922626e-02	1.60813302e+00	8.56265685e-01	7.51867333e-01
15960           	5.22056127e-02	5.22957835e-02	1.60814422e+00	8.56277724e-01	7.51866499e-01
15961           	5.22124760e-02	5.22997498e-02	1.60815666e+00	8.56290807e-01	7.51865855e-01
15962           	5.22196793e-02	5.23041120e-02	1.60817014e+00	8.56304750e-01	7.51865391e-01
15963           	5.22272218e-02	5.23086872e-02	1.60818416e+00	8.56319302e-01	7.51864859e-01
15964           	5.22354068e-02	5.23137121e-02	1.60819914e+00	8.56334975e-01	7.51864162e-01
15965           	5.22434926e-02	5.23188161e-02	1.60821428e+00	8.56350630e-01	7.51863645e-01
15966           	5.22521883e-02	5.23244516e-02	1.60823051e+00	8.56367445e-01	7.51863068e-01
15967           	5.22614799e-02	5.23304854e-02	1.60824764e+00	8.56385301e-01	7.51862342e-01
15968           	5.22707555e-02	5.23365994e-02	1.60826482e+00	8.56403164e-01	7.51861653e-01
15969           	5.22803876e-02	5.23430428e-02	1.60828267e+00	8.56421724e-01	7.51860949e-01
15970           	5.22899601e-02	5.23495941e-02	1.60830064e+00	8.56440281e-01	7.51860361e-01
15971           	5.23020132e-02	5.23577650e-02	1.60832312e+00	8.56463575e-01	7.51859548e-01
15972           	5.23114589e-02	5.23644951e-02	1.60834115e+00	8.56482034e-01	7.51859116e-01
15973           	5.23209038e-02	5.23713100e-02	1.60835927e+00	8.56500540e-01	7.51858733e-01
15974           	5.23315831e-02	5.23789831e-02	1.60837987e+00	8.56521520e-01	7.51858354e-01
15975           	5.23411893e-02	5.23860773e-02	1.60839856e+00	8.56540468e-01	7.51858089e-01
15976           	5.23507799e-02	5.23932733e-02	1.60841730e+00	8.56559430e-01	7.51857870e-01
15977           	5.23599310e-02	5.24001335e-02	1.60843516e+00	8.56577512e-01	7.51857650e-01
15978           	5.23708816e-02	5.24081955e-02	1.60845680e+00	8.56599283e-01	7.51857520e-01
15979           	5.23793881e-02	5.24147147e-02	1.60847347e+00	8.56616122e-01	7.51857345e-01
15980           	5.23880682e-02	5.24214899e-02	1.60849069e+00	8.56633415e-01	7.51857279e-01
15981           	5.23971324e-02	5.24285436e-02	1.60850877e+00	8.56651515e-01	7.51857251e-01
15982           	5.24058882e-02	5.24355286e-02	1.60852646e+00	8.56669120e-01	7.51857343e-01
15983           	5.24140427e-02	5.24422043e-02	1.60854301e+00	8.56685547e-01	7.51857461e-01
15984           	5.24219985e-02	5.24487728e-02	1.60855927e+00	8.56701635e-01	7.51857639e-01
15985           	5.24290284e-02	5.24547920e-02	1.60857370e+00	8.56715878e-01	7.51857821e-01
15986           	5.24363087e-02	5.24610276e-02	1.60858895e+00	8.56730784e-01	7.51858166e-01
15987           	5.24430235e-02	5.24670031e-02	1.60860339e+00	8.56744717e-01	7.51858670e-01
15988           	5.24481128e-02	5.24718647e-02	1.60861428e+00	8.56755255e-01	7.51859029e-01
15989           	5.24543343e-02	5.24776857e-02	1.60862832e+00	8.56768494e-01	7.51859825e-01
15990           	5.24587338e-02	5.24822074e-02	1.60863848e+00	8.56777975e-01	7.51860507e-01
15991           	5.24613887e-02	5.24855072e-02	1.60864483e+00	8.56783803e-01	7.51861026e-01
15992           	5.24644547e-02	5.24892811e-02	1.60865272e+00	8.56790814e-01	7.51861905e-01
15993           	5.24655337e-02	5.24915750e-02	1.60865610e+00	8.56793584e-01	7.51862517e-01
15994           	5.24661836e-02	5.24935367e-02	1.60865876e+00	8.56795563e-01	7.51863196e-01
15995           	5.24661694e-02	5.24950853e-02	1.60866007e+00	8.56796205e-01	7.51863866e-01
15996           	5.24651370e-02	5.24958767e-02	1.60865915e+00	8.56794712e-01	7.51864438e-01
15997           	5.24636363e-02	5.24963123e-02	1.60865743e+00	8.56792350e-01	7.51865077e-01
15998           	5.24615438e-02	5.24963746e-02	1.60865450e+00	8.56788794e-01	7.51865707e-01
15999           	5.24585604e-02	5.24957787e-02	1.60864966e+00	8.56783390e-01	7.51866269e-01
16000           	5.24547054e-02	5.24945095e-02	1.60864292e+00	8.56776167e-01	7.51866757e-01
