# Force coefficients
# liftDir       : (-2.75636946e-01 9.61261813e-01 0.00000000e+00)
# dragDir       : (9.61261813e-01 2.75636946e-01 0.00000000e+00)
# pitchAxis     : (0.00000000e+00 0.00000000e+00 1.00000000e+00)
# magUInf       : 1.50000000e+01
# lRef          : 1.00000000e+00
# Aref          : 1.00000000e-02
# CofR          : (2.50000000e-01 0.00000000e+00 0.00000000e+00)
# Time          	Cm              	Cd              	Cl              	Cl(f)           	Cl(r)           
8000            	5.05112388e-02	6.05756978e-02	1.63171561e+00	8.66369043e-01	7.65346565e-01
8001            	5.03315128e-02	6.03658838e-02	1.63115378e+00	8.65908404e-01	7.65245378e-01
8002            	5.03360968e-02	6.03721084e-02	1.63115038e+00	8.65911286e-01	7.65239092e-01
8003            	5.03537314e-02	6.03911528e-02	1.63116999e+00	8.65938724e-01	7.65231262e-01
8004            	5.03825943e-02	6.04276564e-02	1.63121707e+00	8.65991130e-01	7.65225942e-01
8005            	5.04327127e-02	6.04811591e-02	1.63131431e+00	8.66089867e-01	7.65224441e-01
8006            	5.04803477e-02	6.05359732e-02	1.63141427e+00	8.66187481e-01	7.65226785e-01
8007            	5.05242930e-02	6.05896222e-02	1.63151514e+00	8.66281861e-01	7.65233275e-01
8008            	5.05648246e-02	6.06408329e-02	1.63161869e+00	8.66374170e-01	7.65244521e-01
8009            	5.06015072e-02	6.06867118e-02	1.63172325e+00	8.66463131e-01	7.65260116e-01
8010            	5.06578904e-02	6.07402262e-02	1.63186798e+00	8.66591882e-01	7.65276102e-01
8011            	5.07202013e-02	6.07897243e-02	1.63201832e+00	8.66729362e-01	7.65288959e-01
8012            	5.07827176e-02	6.08327930e-02	1.63216095e+00	8.66863191e-01	7.65297755e-01
8013            	5.08458711e-02	6.08702476e-02	1.63229744e+00	8.66994592e-01	7.65302850e-01
8014            	5.09056075e-02	6.09005831e-02	1.63241905e+00	8.67115134e-01	7.65303919e-01
8015            	5.09542509e-02	6.09215935e-02	1.63251079e+00	8.67209644e-01	7.65301142e-01
8016            	5.09919025e-02	6.09358238e-02	1.63257492e+00	8.67279364e-01	7.65295559e-01
8017            	5.10200598e-02	6.09462768e-02	1.63261733e+00	8.67328726e-01	7.65288606e-01
8018            	5.10407722e-02	6.09555267e-02	1.63264525e+00	8.67363399e-01	7.65281855e-01
8019            	5.10559286e-02	6.09650602e-02	1.63266530e+00	8.67388578e-01	7.65276721e-01
8020            	5.10671928e-02	6.09752235e-02	1.63268260e+00	8.67408495e-01	7.65274109e-01
8021            	5.10760949e-02	6.09858161e-02	1.63270088e+00	8.67426534e-01	7.65274344e-01
8022            	5.10836302e-02	6.09952377e-02	1.63272043e+00	8.67443846e-01	7.65276585e-01
8023            	5.10867246e-02	6.10016222e-02	1.63273917e+00	8.67456308e-01	7.65282859e-01
8024            	5.10858448e-02	6.10030718e-02	1.63275394e+00	8.67462814e-01	7.65291124e-01
8025            	5.10796820e-02	6.09977376e-02	1.63276050e+00	8.67459934e-01	7.65300570e-01
8026            	5.10670871e-02	6.09843605e-02	1.63275511e+00	8.67444644e-01	7.65310470e-01
8027            	5.10473634e-02	6.09624567e-02	1.63273504e+00	8.67414883e-01	7.65320156e-01
8028            	5.10203566e-02	6.09322945e-02	1.63269891e+00	8.67369814e-01	7.65329100e-01
8029            	5.09865352e-02	6.08948823e-02	1.63264700e+00	8.67310034e-01	7.65336963e-01
8030            	5.09470683e-02	6.08519654e-02	1.63258128e+00	8.67237710e-01	7.65343573e-01
8031            	5.09035029e-02	6.08056019e-02	1.63250479e+00	8.67155896e-01	7.65348890e-01
8032            	5.08574141e-02	6.07577953e-02	1.63242077e+00	8.67067801e-01	7.65352973e-01
8033            	5.08102441e-02	6.07102672e-02	1.63233237e+00	8.66976429e-01	7.65355941e-01
8034            	5.07632826e-02	6.06643974e-02	1.63224246e+00	8.66884515e-01	7.65357950e-01
8035            	5.07176557e-02	6.06212778e-02	1.63215366e+00	8.66794487e-01	7.65359175e-01
8036            	5.06742264e-02	6.05816289e-02	1.63206806e+00	8.66708257e-01	7.65359804e-01
8037            	5.06335380e-02	6.05458051e-02	1.63198719e+00	8.66627134e-01	7.65360058e-01
8038            	5.05957654e-02	6.05137528e-02	1.63191183e+00	8.66551682e-01	7.65360151e-01
8039            	5.05607768e-02	6.04851291e-02	1.63184217e+00	8.66481862e-01	7.65360308e-01
8040            	5.05281031e-02	6.04593189e-02	1.63177766e+00	8.66416932e-01	7.65360725e-01
8041            	5.04970088e-02	6.04354922e-02	1.63171706e+00	8.66355539e-01	7.65361521e-01
8042            	5.04665944e-02	6.04127142e-02	1.63165875e+00	8.66295971e-01	7.65362783e-01
8043            	5.04358801e-02	6.03900383e-02	1.63160080e+00	8.66236282e-01	7.65364522e-01
8044            	5.04039773e-02	6.03665950e-02	1.63154128e+00	8.66174618e-01	7.65366663e-01
8045            	5.03702611e-02	6.03416917e-02	1.63147857e+00	8.66109545e-01	7.65369023e-01
8046            	5.03346890e-02	6.03150779e-02	1.63141204e+00	8.66040707e-01	7.65371329e-01
8047            	5.02976144e-02	6.02868198e-02	1.63134177e+00	8.65968497e-01	7.65373268e-01
8048            	5.02597544e-02	6.02572942e-02	1.63126864e+00	8.65894074e-01	7.65374565e-01
8049            	5.02220768e-02	6.02271246e-02	1.63119417e+00	8.65819162e-01	7.65375008e-01
8050            	5.01857153e-02	6.01971604e-02	1.63112041e+00	8.65745918e-01	7.65374488e-01
8051            	5.01517552e-02	6.01682984e-02	1.63104949e+00	8.65676502e-01	7.65372991e-01
8052            	5.01212557e-02	6.01414993e-02	1.63098374e+00	8.65613125e-01	7.65370613e-01
8053            	5.00949330e-02	6.01175882e-02	1.63092499e+00	8.65557428e-01	7.65367562e-01
8054            	5.00731377e-02	6.00971662e-02	1.63087440e+00	8.65510339e-01	7.65364063e-01
8055            	5.00560106e-02	6.00806391e-02	1.63083270e+00	8.65472362e-01	7.65360341e-01
8056            	5.00436305e-02	6.00683213e-02	1.63080044e+00	8.65443849e-01	7.65356588e-01
8057            	5.00358903e-02	6.00603270e-02	1.63077769e+00	8.65424733e-01	7.65352952e-01
8058            	5.00325113e-02	6.00565693e-02	1.63076409e+00	8.65414558e-01	7.65349536e-01
8059            	5.00330773e-02	6.00567635e-02	1.63075890e+00	8.65412527e-01	7.65346372e-01
8060            	5.00371180e-02	6.00605041e-02	1.63076116e+00	8.65417700e-01	7.65343464e-01
8061            	5.00441418e-02	6.00673187e-02	1.63076983e+00	8.65429056e-01	7.65340772e-01
8062            	5.00536654e-02	6.00757571e-02	1.63078383e+00	8.65445578e-01	7.65338248e-01
8063            	5.00647611e-02	6.00862496e-02	1.63080061e+00	8.65465064e-01	7.65335542e-01
8064            	5.00774355e-02	6.01003306e-02	1.63081919e+00	8.65487033e-01	7.65332162e-01
8065            	5.00920631e-02	6.01155947e-02	1.63084191e+00	8.65513019e-01	7.65328893e-01
8066            	5.01089681e-02	6.01317508e-02	1.63087313e+00	8.65545532e-01	7.65327596e-01
8067            	5.01270492e-02	6.01480517e-02	1.63090592e+00	8.65580007e-01	7.65325908e-01
8068            	5.01462436e-02	6.01656419e-02	1.63094144e+00	8.65616963e-01	7.65324476e-01
8069            	5.01662978e-02	6.01829436e-02	1.63097741e+00	8.65655005e-01	7.65322409e-01
8070            	5.01873473e-02	6.02012599e-02	1.63101575e+00	8.65695220e-01	7.65320526e-01
8071            	5.02089994e-02	6.02196265e-02	1.63105383e+00	8.65735912e-01	7.65317913e-01
8072            	5.02316034e-02	6.02383943e-02	1.63109419e+00	8.65778699e-01	7.65315492e-01
8073            	5.02550754e-02	6.02578063e-02	1.63113679e+00	8.65823472e-01	7.65313321e-01
8074            	5.02793219e-02	6.02771322e-02	1.63117951e+00	8.65869078e-01	7.65310434e-01
8075            	5.03052297e-02	6.02986417e-02	1.63122771e+00	8.65919084e-01	7.65308625e-01
8076            	5.03321972e-02	6.03211687e-02	1.63127919e+00	8.65971795e-01	7.65307400e-01
8077            	5.03600388e-02	6.03445763e-02	1.63133380e+00	8.66026941e-01	7.65306863e-01
8078            	5.03884145e-02	6.03685325e-02	1.63139092e+00	8.66083873e-01	7.65307044e-01
8079            	5.04178534e-02	6.03923792e-02	1.63145030e+00	8.66143005e-01	7.65307299e-01
8080            	5.04474705e-02	6.04170321e-02	1.63151293e+00	8.66203937e-01	7.65308996e-01
8081            	5.04764606e-02	6.04408981e-02	1.63157581e+00	8.66264367e-01	7.65311446e-01
8082            	5.05047781e-02	6.04639036e-02	1.63163861e+00	8.66324085e-01	7.65314529e-01
8083            	5.05342202e-02	6.04862340e-02	1.63170392e+00	8.66386181e-01	7.65317741e-01
8084            	5.05623916e-02	6.05082870e-02	1.63176863e+00	8.66446709e-01	7.65321925e-01
8085            	5.05884057e-02	6.05284854e-02	1.63182948e+00	8.66503144e-01	7.65326332e-01
8086            	5.06120969e-02	6.05467836e-02	1.63188571e+00	8.66554952e-01	7.65330758e-01
8087            	5.06338216e-02	6.05635849e-02	1.63193776e+00	8.66602702e-01	7.65335059e-01
8088            	5.06565095e-02	6.05799098e-02	1.63199089e+00	8.66651953e-01	7.65338934e-01
8089            	5.06769355e-02	6.05960677e-02	1.63203979e+00	8.66696828e-01	7.65342957e-01
8090            	5.06960650e-02	6.06119833e-02	1.63208533e+00	8.66738731e-01	7.65346601e-01
8091            	5.07137272e-02	6.06276256e-02	1.63212708e+00	8.66777267e-01	7.65349813e-01
8092            	5.07321058e-02	6.06435317e-02	1.63216932e+00	8.66816768e-01	7.65352556e-01
8093            	5.07476378e-02	6.06592825e-02	1.63220608e+00	8.66850675e-01	7.65355400e-01
8094            	5.07611390e-02	6.06745670e-02	1.63223818e+00	8.66880231e-01	7.65357953e-01
8095            	5.07752878e-02	6.06903992e-02	1.63227134e+00	8.66910956e-01	7.65360380e-01
8096            	5.07872470e-02	6.07061772e-02	1.63230080e+00	8.66937645e-01	7.65363151e-01
8097            	5.07985114e-02	6.07214926e-02	1.63232873e+00	8.66962877e-01	7.65365855e-01
8098            	5.08086865e-02	6.07370348e-02	1.63235601e+00	8.66986693e-01	7.65369320e-01
8099            	5.08140675e-02	6.07492572e-02	1.63237222e+00	8.67000180e-01	7.65372045e-01
8100            	5.08187315e-02	6.07603361e-02	1.63238656e+00	8.67012012e-01	7.65374549e-01
8101            	5.08219318e-02	6.07704071e-02	1.63239841e+00	8.67021136e-01	7.65377272e-01
8102            	5.08213967e-02	6.07769352e-02	1.63240118e+00	8.67021989e-01	7.65379196e-01
8103            	5.08210900e-02	6.07822510e-02	1.63240382e+00	8.67022999e-01	7.65380819e-01
8104            	5.08196479e-02	6.07861704e-02	1.63240411e+00	8.67021705e-01	7.65382409e-01
8105            	5.08175478e-02	6.07880467e-02	1.63240201e+00	8.67018553e-01	7.65383458e-01
8106            	5.08190739e-02	6.07917716e-02	1.63240832e+00	8.67023236e-01	7.65385088e-01
8107            	5.08134401e-02	6.07888162e-02	1.63239755e+00	8.67012213e-01	7.65385333e-01
8108            	5.08052666e-02	6.07838403e-02	1.63238162e+00	8.66996076e-01	7.65385543e-01
8109            	5.07995369e-02	6.07807441e-02	1.63237085e+00	8.66984962e-01	7.65385888e-01
8110            	5.07871423e-02	6.07724852e-02	1.63234482e+00	8.66959555e-01	7.65385270e-01
8111            	5.07708101e-02	6.07606342e-02	1.63230921e+00	8.66925416e-01	7.65383796e-01
8112            	5.07556775e-02	6.07507286e-02	1.63227566e+00	8.66893509e-01	7.65382154e-01
8113            	5.07354706e-02	6.07372906e-02	1.63223134e+00	8.66851139e-01	7.65380198e-01
8114            	5.07111784e-02	6.07216009e-02	1.63217681e+00	8.66799585e-01	7.65377229e-01
8115            	5.06797154e-02	6.06995220e-02	1.63210582e+00	8.66732628e-01	7.65373197e-01
8116            	5.06442321e-02	6.06749765e-02	1.63202594e+00	8.66657204e-01	7.65368739e-01
8117            	5.06084041e-02	6.06526612e-02	1.63194118e+00	8.66578996e-01	7.65362188e-01
8118            	5.05719004e-02	6.06285438e-02	1.63185194e+00	8.66497869e-01	7.65354068e-01
8119            	5.05386342e-02	6.06076361e-02	1.63176557e+00	8.66421422e-01	7.65344153e-01
8120            	5.05103508e-02	6.05887821e-02	1.63168933e+00	8.66355015e-01	7.65334313e-01
8121            	5.04896768e-02	6.05741098e-02	1.63162723e+00	8.66303290e-01	7.65323936e-01
8122            	5.04822306e-02	6.05705748e-02	1.63158614e+00	8.66275302e-01	7.65310841e-01
8123            	5.04849562e-02	6.05737019e-02	1.63156933e+00	8.66269619e-01	7.65299707e-01
8124            	5.05003585e-02	6.05866397e-02	1.63157875e+00	8.66289732e-01	7.65289015e-01
8125            	5.05225328e-02	6.06036297e-02	1.63160588e+00	8.66325470e-01	7.65280405e-01
8126            	5.05637504e-02	6.06361703e-02	1.63167086e+00	8.66399181e-01	7.65271680e-01
8127            	5.06001283e-02	6.06637927e-02	1.63173347e+00	8.66466865e-01	7.65266609e-01
8128            	5.06472745e-02	6.07004103e-02	1.63182133e+00	8.66557940e-01	7.65263391e-01
8129            	5.06920854e-02	6.07348165e-02	1.63190802e+00	8.66646096e-01	7.65261925e-01
8130            	5.07413701e-02	6.07731957e-02	1.63200765e+00	8.66745197e-01	7.65262457e-01
8131            	5.07838590e-02	6.08057512e-02	1.63209541e+00	8.66831565e-01	7.65263847e-01
8132            	5.08265059e-02	6.08384018e-02	1.63218618e+00	8.66919597e-01	7.65266585e-01
8133            	5.08653793e-02	6.08674687e-02	1.63226932e+00	8.67000041e-01	7.65269282e-01
8134            	5.08977414e-02	6.08908946e-02	1.63234056e+00	8.67068021e-01	7.65272538e-01
8135            	5.09245601e-02	6.09091463e-02	1.63239930e+00	8.67124211e-01	7.65275091e-01
8136            	5.09472636e-02	6.09235519e-02	1.63245008e+00	8.67172306e-01	7.65277778e-01
8137            	5.09669320e-02	6.09346569e-02	1.63249308e+00	8.67213471e-01	7.65279607e-01
8138            	5.09848491e-02	6.09440183e-02	1.63253316e+00	8.67251427e-01	7.65281729e-01
8139            	5.10013886e-02	6.09516071e-02	1.63256962e+00	8.67286197e-01	7.65283420e-01
8140            	5.10169636e-02	6.09585690e-02	1.63260593e+00	8.67319926e-01	7.65285999e-01
8141            	5.10310057e-02	6.09641069e-02	1.63263976e+00	8.67350888e-01	7.65288876e-01
8142            	5.10430060e-02	6.09686284e-02	1.63267260e+00	8.67379308e-01	7.65293296e-01
8143            	5.10513282e-02	6.09702403e-02	1.63269979e+00	8.67401221e-01	7.65298565e-01
8144            	5.10545090e-02	6.09683484e-02	1.63272017e+00	8.67414596e-01	7.65305578e-01
8145            	5.10506501e-02	6.09605888e-02	1.63272807e+00	8.67414684e-01	7.65313384e-01
8146            	5.10388884e-02	6.09466819e-02	1.63272271e+00	8.67400241e-01	7.65322464e-01
8147            	5.10185689e-02	6.09252784e-02	1.63270039e+00	8.67368762e-01	7.65331625e-01
8148            	5.09901470e-02	6.08972070e-02	1.63266249e+00	8.67321392e-01	7.65341098e-01
8149            	5.09545190e-02	6.08624724e-02	1.63260843e+00	8.67258733e-01	7.65349695e-01
8150            	5.09134616e-02	6.08232641e-02	1.63254250e+00	8.67184714e-01	7.65357790e-01
8151            	5.08687213e-02	6.07803479e-02	1.63246623e+00	8.67101835e-01	7.65364393e-01
8152            	5.08222418e-02	6.07364488e-02	1.63238493e+00	8.67014707e-01	7.65370223e-01
8153            	5.07755745e-02	6.06921305e-02	1.63230019e+00	8.66925671e-01	7.65374522e-01
8154            	5.07301507e-02	6.06498572e-02	1.63221687e+00	8.66838587e-01	7.65378286e-01
8155            	5.06867392e-02	6.06094690e-02	1.63213530e+00	8.66754390e-01	7.65380911e-01
8156            	5.06461663e-02	6.05728853e-02	1.63205926e+00	8.66675797e-01	7.65383465e-01
8157            	5.06084581e-02	6.05391876e-02	1.63198781e+00	8.66602366e-01	7.65385449e-01
8158            	5.05762929e-02	6.05109329e-02	1.63192750e+00	8.66540044e-01	7.65387458e-01
8159            	5.05434900e-02	6.04835093e-02	1.63186640e+00	8.66476690e-01	7.65389710e-01
8160            	5.05136917e-02	6.04590770e-02	1.63181212e+00	8.66419753e-01	7.65392370e-01
8161            	5.04849267e-02	6.04359199e-02	1.63176098e+00	8.66365419e-01	7.65395566e-01
8162            	5.04556628e-02	6.04126880e-02	1.63170991e+00	8.66310617e-01	7.65399291e-01
8163            	5.04246733e-02	6.03882718e-02	1.63165616e+00	8.66252754e-01	7.65403407e-01
8164            	5.03911633e-02	6.03618439e-02	1.63159762e+00	8.66189974e-01	7.65407648e-01
8165            	5.03550113e-02	6.03330782e-02	1.63153338e+00	8.66121702e-01	7.65411680e-01
8166            	5.03165767e-02	6.03020561e-02	1.63146345e+00	8.66048300e-01	7.65415147e-01
8167            	5.02766928e-02	6.02692900e-02	1.63138885e+00	8.65971117e-01	7.65417731e-01
8168            	5.02364484e-02	6.02355590e-02	1.63131131e+00	8.65892103e-01	7.65419207e-01
8169            	5.01971141e-02	6.02018682e-02	1.63123313e+00	8.65813680e-01	7.65419452e-01
8170            	5.01599684e-02	6.01693236e-02	1.63115686e+00	8.65738399e-01	7.65418462e-01
8171            	5.01261862e-02	6.01389848e-02	1.63108504e+00	8.65668707e-01	7.65416335e-01
8172            	5.00966305e-02	6.01117511e-02	1.63101983e+00	8.65606548e-01	7.65413287e-01
8173            	5.00718155e-02	6.00882767e-02	1.63096281e+00	8.65553221e-01	7.65409590e-01
8174            	5.00519298e-02	6.00689376e-02	1.63091489e+00	8.65509372e-01	7.65405513e-01
8175            	5.00370234e-02	6.00539180e-02	1.63087664e+00	8.65475346e-01	7.65401299e-01
8176            	5.00269875e-02	6.00432360e-02	1.63084827e+00	8.65451125e-01	7.65397150e-01
8177            	5.00214908e-02	6.00366855e-02	1.63082941e+00	8.65436197e-01	7.65393216e-01
8178            	5.00200879e-02	6.00339128e-02	1.63081933e+00	8.65429754e-01	7.65389578e-01
8179            	5.00222123e-02	6.00344192e-02	1.63081694e+00	8.65430681e-01	7.65386256e-01
8180            	5.00273343e-02	6.00377149e-02	1.63082112e+00	8.65437894e-01	7.65383226e-01
8181            	5.00348876e-02	6.00432828e-02	1.63083064e+00	8.65450206e-01	7.65380431e-01
8182            	5.00443601e-02	6.00506336e-02	1.63084428e+00	8.65466502e-01	7.65377782e-01
8183            	5.00554066e-02	6.00594070e-02	1.63086115e+00	8.65485984e-01	7.65375171e-01
8184            	5.00678393e-02	6.00693808e-02	1.63088068e+00	8.65508181e-01	7.65372503e-01
8185            	5.00815652e-02	6.00804208e-02	1.63090254e+00	8.65532834e-01	7.65369703e-01
8186            	5.00970456e-02	6.00932014e-02	1.63092927e+00	8.65561682e-01	7.65367591e-01
8187            	5.01137718e-02	6.01065009e-02	1.63095698e+00	8.65592260e-01	7.65364716e-01
8188            	5.01316991e-02	6.01211982e-02	1.63098627e+00	8.65624834e-01	7.65361436e-01
8189            	5.01512941e-02	6.01365043e-02	1.63101747e+00	8.65660029e-01	7.65357441e-01
8190            	5.01725240e-02	6.01532575e-02	1.63105262e+00	8.65698834e-01	7.65353786e-01
8191            	5.01950168e-02	6.01711084e-02	1.63109064e+00	8.65740339e-01	7.65350305e-01
8192            	5.02185293e-02	6.01902895e-02	1.63113069e+00	8.65783874e-01	7.65346815e-01
8193            	5.02433613e-02	6.02102784e-02	1.63117322e+00	8.65829973e-01	7.65343250e-01
8194            	5.02690209e-02	6.02313173e-02	1.63121856e+00	8.65878300e-01	7.65340259e-01
8195            	5.02954565e-02	6.02532296e-02	1.63126672e+00	8.65928817e-01	7.65337903e-01
8196            	5.03232507e-02	6.02765843e-02	1.63131887e+00	8.65982686e-01	7.65336185e-01
8197            	5.03518494e-02	6.03001462e-02	1.63137358e+00	8.66038642e-01	7.65334943e-01
8198            	5.03805115e-02	6.03237468e-02	1.63143031e+00	8.66095664e-01	7.65334641e-01
8199            	5.04089274e-02	6.03470073e-02	1.63148831e+00	8.66153084e-01	7.65335229e-01
8200            	5.04384201e-02	6.03708509e-02	1.63155038e+00	8.66213612e-01	7.65336772e-01
8201            	5.04673797e-02	6.03936803e-02	1.63161202e+00	8.66273388e-01	7.65338629e-01
8202            	5.04956812e-02	6.04159308e-02	1.63167350e+00	8.66332433e-01	7.65341071e-01
8203            	5.05252135e-02	6.04388170e-02	1.63173902e+00	8.66394726e-01	7.65344299e-01
8204            	5.05530225e-02	6.04598514e-02	1.63180075e+00	8.66453396e-01	7.65347351e-01
8205            	5.05777798e-02	6.04789446e-02	1.63185666e+00	8.66506108e-01	7.65350548e-01
8206            	5.06003489e-02	6.04966400e-02	1.63190819e+00	8.66554443e-01	7.65353746e-01
8207            	5.06240013e-02	6.05151924e-02	1.63196272e+00	8.66605360e-01	7.65357357e-01
8208            	5.06452829e-02	6.05322096e-02	1.63201123e+00	8.66650896e-01	7.65360330e-01
8209            	5.06650115e-02	6.05488472e-02	1.63205624e+00	8.66693131e-01	7.65363108e-01
8210            	5.06859623e-02	6.05669564e-02	1.63210458e+00	8.66738253e-01	7.65366329e-01
8211            	5.07044598e-02	6.05836046e-02	1.63214669e+00	8.66777804e-01	7.65368884e-01
8212            	5.07202377e-02	6.05993631e-02	1.63218289e+00	8.66811681e-01	7.65371206e-01
8213            	5.07368031e-02	6.06167589e-02	1.63222188e+00	8.66847743e-01	7.65374137e-01
8214            	5.07513681e-02	6.06331297e-02	1.63225569e+00	8.66879213e-01	7.65376477e-01
8215            	5.07656246e-02	6.06506725e-02	1.63229009e+00	8.66910668e-01	7.65379419e-01
8216            	5.07789567e-02	6.06679477e-02	1.63232208e+00	8.66939998e-01	7.65382085e-01
8217            	5.07897922e-02	6.06846171e-02	1.63234971e+00	8.66964647e-01	7.65385063e-01
8218            	5.08035000e-02	6.07042505e-02	1.63238517e+00	8.66996086e-01	7.65389086e-01
8219            	5.08100089e-02	6.07187705e-02	1.63240381e+00	8.67011912e-01	7.65391894e-01
8220            	5.08105306e-02	6.07284452e-02	1.63240809e+00	8.67014576e-01	7.65393515e-01
8221            	5.08099863e-02	6.07364516e-02	1.63240917e+00	8.67014569e-01	7.65394596e-01
8222            	5.08107940e-02	6.07448377e-02	1.63241319e+00	8.67017391e-01	7.65395803e-01
8223            	5.08085271e-02	6.07494191e-02	1.63240912e+00	8.67013088e-01	7.65396034e-01
8224            	5.08046665e-02	6.07520739e-02	1.63240189e+00	8.67005613e-01	7.65396280e-01
8225            	5.08041086e-02	6.07563546e-02	1.63240170e+00	8.67004961e-01	7.65396744e-01
8226            	5.07991407e-02	6.07562789e-02	1.63239095e+00	8.66994618e-01	7.65396336e-01
8227            	5.07923930e-02	6.07534247e-02	1.63237564e+00	8.66980215e-01	7.65395429e-01
8228            	5.07893913e-02	6.07530528e-02	1.63236878e+00	8.66973783e-01	7.65395001e-01
8229            	5.07827648e-02	6.07495849e-02	1.63235505e+00	8.66960288e-01	7.65394758e-01
8230            	5.07747210e-02	6.07453259e-02	1.63233832e+00	8.66943881e-01	7.65394439e-01
8231            	5.07582886e-02	6.07341040e-02	1.63230311e+00	8.66909844e-01	7.65393267e-01
8232            	5.07368463e-02	6.07201604e-02	1.63225805e+00	8.66865872e-01	7.65392179e-01
8233            	5.07153029e-02	6.07086666e-02	1.63221155e+00	8.66821075e-01	7.65390470e-01
8234            	5.06868962e-02	6.06916945e-02	1.63214804e+00	8.66760915e-01	7.65387122e-01
8235            	5.06549637e-02	6.06733105e-02	1.63207515e+00	8.66692536e-01	7.65382609e-01
8236            	5.06187112e-02	6.06503695e-02	1.63199135e+00	8.66614386e-01	7.65376964e-01
8237            	5.05815174e-02	6.06253686e-02	1.63190263e+00	8.66532834e-01	7.65369799e-01
8238            	5.05475218e-02	6.06044942e-02	1.63181466e+00	8.66454853e-01	7.65359810e-01
8239            	5.05180944e-02	6.05853762e-02	1.63173567e+00	8.66385929e-01	7.65349740e-01
8240            	5.04970306e-02	6.05726416e-02	1.63166865e+00	8.66331354e-01	7.65337293e-01
8241            	5.04842825e-02	6.05638856e-02	1.63162019e+00	8.66294377e-01	7.65325812e-01
8242            	5.04815177e-02	6.05625289e-02	1.63159410e+00	8.66278570e-01	7.65315535e-01
8243            	5.04940138e-02	6.05728671e-02	1.63159562e+00	8.66291823e-01	7.65303795e-01
8244            	5.05152111e-02	6.05897161e-02	1.63161957e+00	8.66324995e-01	7.65294573e-01
8245            	5.05527023e-02	6.06192608e-02	1.63167524e+00	8.66390325e-01	7.65284920e-01
8246            	5.05933071e-02	6.06503215e-02	1.63174325e+00	8.66464933e-01	7.65278319e-01
8247            	5.06391884e-02	6.06859337e-02	1.63182704e+00	8.66552710e-01	7.65274334e-01
8248            	5.06868434e-02	6.07231720e-02	1.63191931e+00	8.66646499e-01	7.65272812e-01
8249            	5.07345241e-02	6.07605749e-02	1.63201565e+00	8.66742352e-01	7.65273303e-01
8250            	5.07801072e-02	6.07962831e-02	1.63211088e+00	8.66835549e-01	7.65275335e-01
8251            	5.08219445e-02	6.08287230e-02	1.63220057e+00	8.66922229e-01	7.65278340e-01
8252            	5.08616179e-02	6.08595614e-02	1.63228803e+00	8.67005635e-01	7.65282399e-01
8253            	5.08946191e-02	6.08834431e-02	1.63236060e+00	8.67074917e-01	7.65285679e-01
8254            	5.09223771e-02	6.09023429e-02	1.63242197e+00	8.67133363e-01	7.65288609e-01
8255            	5.09459647e-02	6.09170924e-02	1.63247407e+00	8.67183002e-01	7.65291072e-01
8256            	5.09666765e-02	6.09287995e-02	1.63251951e+00	8.67226431e-01	7.65293078e-01
8257            	5.09864770e-02	6.09395809e-02	1.63256362e+00	8.67268287e-01	7.65295333e-01
8258            	5.10046820e-02	6.09482069e-02	1.63260306e+00	8.67306212e-01	7.65296848e-01
8259            	5.10216216e-02	6.09559968e-02	1.63264066e+00	8.67341951e-01	7.65298708e-01
8260            	5.10370781e-02	6.09629771e-02	1.63267681e+00	8.67375482e-01	7.65301325e-01
8261            	5.10504696e-02	6.09687504e-02	1.63271099e+00	8.67405964e-01	7.65305024e-01
8262            	5.10599785e-02	6.09720325e-02	1.63274178e+00	8.67430869e-01	7.65310912e-01
8263            	5.10644981e-02	6.09711569e-02	1.63276393e+00	8.67446462e-01	7.65317466e-01
8264            	5.10624595e-02	6.09652355e-02	1.63277546e+00	8.67450190e-01	7.65325271e-01
8265            	5.10531497e-02	6.09534335e-02	1.63277429e+00	8.67440293e-01	7.65333993e-01
8266            	5.10330878e-02	6.09327154e-02	1.63275491e+00	8.67410544e-01	7.65344368e-01
8267            	5.10048498e-02	6.09044633e-02	1.63271793e+00	8.67363813e-01	7.65354114e-01
8268            	5.09706550e-02	6.08710058e-02	1.63266762e+00	8.67304463e-01	7.65363153e-01
8269            	5.09327635e-02	6.08342606e-02	1.63260774e+00	8.67236634e-01	7.65371106e-01
8270            	5.08878315e-02	6.07915843e-02	1.63253321e+00	8.67154438e-01	7.65378775e-01
8271            	5.08402976e-02	6.07463655e-02	1.63244998e+00	8.67065289e-01	7.65384694e-01
8272            	5.07947123e-02	6.07031369e-02	1.63236786e+00	8.66978640e-01	7.65389216e-01
8273            	5.07521413e-02	6.06629557e-02	1.63228957e+00	8.66896925e-01	7.65392642e-01
8274            	5.07122059e-02	6.06256906e-02	1.63221517e+00	8.66819793e-01	7.65395381e-01
8275            	5.06708773e-02	6.05886879e-02	1.63213838e+00	8.66740066e-01	7.65398311e-01
8276            	5.06308936e-02	6.05535131e-02	1.63206306e+00	8.66662425e-01	7.65400638e-01
8277            	5.05948705e-02	6.05224732e-02	1.63199571e+00	8.66592724e-01	7.65402983e-01
8278            	5.05622844e-02	6.04949113e-02	1.63193569e+00	8.66530128e-01	7.65405559e-01
8279            	5.05317722e-02	6.04695670e-02	1.63188061e+00	8.66472076e-01	7.65408532e-01
8280            	5.05020161e-02	6.04452677e-02	1.63182796e+00	8.66415998e-01	7.65411966e-01
8281            	5.04697002e-02	6.04201786e-02	1.63177219e+00	8.66355797e-01	7.65416397e-01
8282            	5.04363013e-02	6.03938592e-02	1.63171368e+00	8.66293141e-01	7.65420538e-01
8283            	5.04023326e-02	6.03667465e-02	1.63165385e+00	8.66229258e-01	7.65424593e-01
8284            	5.03674357e-02	6.03383702e-02	1.63159155e+00	8.66163213e-01	7.65428341e-01
8285            	5.03311934e-02	6.03083925e-02	1.63152555e+00	8.66093966e-01	7.65431579e-01
8286            	5.02936569e-02	6.02769303e-02	1.63145551e+00	8.66021411e-01	7.65434097e-01
8287            	5.02553666e-02	6.02444926e-02	1.63138215e+00	8.65946443e-01	7.65435710e-01
8288            	5.02172535e-02	6.02118821e-02	1.63130708e+00	8.65870793e-01	7.65436286e-01
8289            	5.01804640e-02	6.01800581e-02	1.63123248e+00	8.65796702e-01	7.65435774e-01
8290            	5.01461761e-02	6.01499797e-02	1.63116077e+00	8.65726563e-01	7.65434211e-01
8291            	5.01154434e-02	6.01225205e-02	1.63109436e+00	8.65662626e-01	7.65431739e-01
8292            	5.00889873e-02	6.00983408e-02	1.63103514e+00	8.65606557e-01	7.65428582e-01
8293            	5.00671372e-02	6.00778262e-02	1.63098424e+00	8.65559257e-01	7.65424983e-01
8294            	5.00500684e-02	6.00612072e-02	1.63094246e+00	8.65521299e-01	7.65421162e-01
8295            	5.00378188e-02	6.00486083e-02	1.63091024e+00	8.65492939e-01	7.65417301e-01
8296            	5.00301829e-02	6.00399650e-02	1.63088744e+00	8.65473904e-01	7.65413538e-01
8297            	5.00268221e-02	6.00350890e-02	1.63087355e+00	8.65463595e-01	7.65409951e-01
8298            	5.00272431e-02	6.00336251e-02	1.63086762e+00	8.65461051e-01	7.65406565e-01
8299            	5.00309552e-02	6.00351979e-02	1.63086865e+00	8.65465280e-01	7.65403370e-01
8300            	5.00374148e-02	6.00393775e-02	1.63087551e+00	8.65475169e-01	7.65400340e-01
8301            	5.00460965e-02	6.00457144e-02	1.63088705e+00	8.65489623e-01	7.65397430e-01
8302            	5.00565798e-02	6.00538052e-02	1.63090230e+00	8.65507728e-01	7.65394569e-01
8303            	5.00686245e-02	6.00633849e-02	1.63092064e+00	8.65528944e-01	7.65391695e-01
8304            	5.00820659e-02	6.00742345e-02	1.63094166e+00	8.65552897e-01	7.65388765e-01
8305            	5.00972496e-02	6.00868847e-02	1.63096775e+00	8.65581124e-01	7.65386625e-01
8306            	5.01136470e-02	6.01000745e-02	1.63099496e+00	8.65611129e-01	7.65383835e-01
8307            	5.01312500e-02	6.01146911e-02	1.63102396e+00	8.65643228e-01	7.65380728e-01
8308            	5.01504347e-02	6.01298306e-02	1.63105486e+00	8.65677864e-01	7.65376994e-01
8309            	5.01712193e-02	6.01463031e-02	1.63108956e+00	8.65715999e-01	7.65373560e-01
8310            	5.01932325e-02	6.01637729e-02	1.63112698e+00	8.65756725e-01	7.65370260e-01
8311            	5.02162034e-02	6.01824822e-02	1.63116625e+00	8.65799330e-01	7.65366923e-01
8312            	5.02404189e-02	6.02019016e-02	1.63120771e+00	8.65844275e-01	7.65363437e-01
8313            	5.02654376e-02	6.02223274e-02	1.63125172e+00	8.65891299e-01	7.65360424e-01
8314            	5.02911939e-02	6.02435911e-02	1.63129832e+00	8.65940353e-01	7.65357965e-01
8315            	5.03182783e-02	6.02662961e-02	1.63134866e+00	8.65992610e-01	7.65356053e-01
8316            	5.03462765e-02	6.02893106e-02	1.63140166e+00	8.66047104e-01	7.65354551e-01
8317            	5.03745009e-02	6.03125230e-02	1.63145691e+00	8.66102954e-01	7.65353953e-01
8318            	5.04026068e-02	6.03355156e-02	1.63151366e+00	8.66159439e-01	7.65354225e-01
8319            	5.04318339e-02	6.03591661e-02	1.63157457e+00	8.66219118e-01	7.65355450e-01
8320            	5.04606267e-02	6.03818769e-02	1.63163531e+00	8.66278282e-01	7.65357029e-01
8321            	5.04888520e-02	6.04040818e-02	1.63169621e+00	8.66336957e-01	7.65359253e-01
8322            	5.05184652e-02	6.04270544e-02	1.63176154e+00	8.66399237e-01	7.65362307e-01
8323            	5.05466433e-02	6.04483535e-02	1.63182379e+00	8.66458540e-01	7.65365253e-01
8324            	5.05718233e-02	6.04677572e-02	1.63188047e+00	8.66512057e-01	7.65368410e-01
8325            	5.05948003e-02	6.04857210e-02	1.63193281e+00	8.66561206e-01	7.65371605e-01
8326            	5.06187844e-02	6.05044446e-02	1.63198805e+00	8.66612809e-01	7.65375241e-01
8327            	5.06404006e-02	6.05215921e-02	1.63203733e+00	8.66659066e-01	7.65378265e-01
8328            	5.06604056e-02	6.05383010e-02	1.63208301e+00	8.66701911e-01	7.65381100e-01
8329            	5.06790879e-02	6.05547549e-02	1.63212565e+00	8.66741913e-01	7.65383738e-01
8330            	5.06990509e-02	6.05727438e-02	1.63217179e+00	8.66784946e-01	7.65386844e-01
8331            	5.07160473e-02	6.05889922e-02	1.63221057e+00	8.66821331e-01	7.65389236e-01
8332            	5.07337911e-02	6.06068573e-02	1.63225197e+00	8.66859779e-01	7.65392196e-01
8333            	5.07479320e-02	6.06232058e-02	1.63228511e+00	8.66890489e-01	7.65394625e-01
8334            	5.07636631e-02	6.06415989e-02	1.63232242e+00	8.66924875e-01	7.65397549e-01
8335            	5.07744598e-02	6.06573259e-02	1.63234865e+00	8.66948786e-01	7.65399866e-01
8336            	5.07850705e-02	6.06728785e-02	1.63237441e+00	8.66972278e-01	7.65402137e-01
8337            	5.07933383e-02	6.06875619e-02	1.63239547e+00	8.66991073e-01	7.65404396e-01
8338            	5.08010538e-02	6.07017608e-02	1.63241529e+00	8.67008699e-01	7.65406591e-01
8339            	5.08086146e-02	6.07163759e-02	1.63243530e+00	8.67026265e-01	7.65409036e-01
8340            	5.08134727e-02	6.07286475e-02	1.63244898e+00	8.67037962e-01	7.65411017e-01
8341            	5.08220987e-02	6.07443309e-02	1.63247316e+00	8.67058680e-01	7.65414482e-01
8342            	5.08266322e-02	6.07561455e-02	1.63248745e+00	8.67070357e-01	7.65417093e-01
8343            	5.08236936e-02	6.07607602e-02	1.63248352e+00	8.67065456e-01	7.65418069e-01
8344            	5.08166694e-02	6.07607091e-02	1.63246928e+00	8.67051307e-01	7.65417969e-01
8345            	5.08136732e-02	6.07631450e-02	1.63246447e+00	8.67045907e-01	7.65418560e-01
8346            	5.08070888e-02	6.07613776e-02	1.63244994e+00	8.67032058e-01	7.65417880e-01
8347            	5.07976184e-02	6.07560285e-02	1.63242782e+00	8.67011527e-01	7.65416290e-01
8348            	5.07830542e-02	6.07455834e-02	1.63239373e+00	8.66979920e-01	7.65413812e-01
8349            	5.07661681e-02	6.07335796e-02	1.63235572e+00	8.66944028e-01	7.65411692e-01
8350            	5.07531706e-02	6.07258044e-02	1.63232565e+00	8.66915997e-01	7.65409656e-01
8351            	5.07348237e-02	6.07138863e-02	1.63228370e+00	8.66876676e-01	7.65407028e-01
8352            	5.07147467e-02	6.07020668e-02	1.63223840e+00	8.66833948e-01	7.65404454e-01
8353            	5.06877674e-02	6.06848631e-02	1.63217808e+00	8.66776808e-01	7.65401273e-01
8354            	5.06563941e-02	6.06638768e-02	1.63210711e+00	8.66709949e-01	7.65397161e-01
8355            	5.06251190e-02	6.06455984e-02	1.63203340e+00	8.66641819e-01	7.65391581e-01
8356            	5.05914970e-02	6.06244903e-02	1.63195393e+00	8.66568464e-01	7.65385470e-01
8357            	5.05593470e-02	6.06052592e-02	1.63187293e+00	8.66495814e-01	7.65377120e-01
8358            	5.05304550e-02	6.05873798e-02	1.63179727e+00	8.66429090e-01	7.65368180e-01
8359            	5.05079553e-02	6.05737291e-02	1.63173254e+00	8.66374226e-01	7.65358315e-01
8360            	5.04932231e-02	6.05641507e-02	1.63168262e+00	8.66334531e-01	7.65348085e-01
8361            	5.04933589e-02	6.05670310e-02	1.63165666e+00	8.66321690e-01	7.65334973e-01
8362            	5.05024420e-02	6.05752268e-02	1.63165331e+00	8.66329095e-01	7.65324211e-01
8363            	5.05235045e-02	6.05923920e-02	1.63167514e+00	8.66361077e-01	7.65314068e-01
8364            	5.05504970e-02	6.06129122e-02	1.63171311e+00	8.66407053e-01	7.65306059e-01
8365            	5.05982011e-02	6.06499637e-02	1.63179152e+00	8.66493963e-01	7.65297561e-01
8366            	5.06507153e-02	6.06905093e-02	1.63188503e+00	8.66593231e-01	7.65291800e-01
8367            	5.07010347e-02	6.07301596e-02	1.63198266e+00	8.66692364e-01	7.65290294e-01
8368            	5.07414854e-02	6.07608820e-02	1.63206384e+00	8.66773404e-01	7.65290433e-01
8369            	5.07809999e-02	6.07902558e-02	1.63214624e+00	8.66854122e-01	7.65292122e-01
8370            	5.08186949e-02	6.08182989e-02	1.63222692e+00	8.66932154e-01	7.65294764e-01
8371            	5.08527371e-02	6.08432008e-02	1.63230115e+00	8.67003313e-01	7.65297839e-01
8372            	5.08831954e-02	6.08648460e-02	1.63236824e+00	8.67067315e-01	7.65300924e-01
8373            	5.09106128e-02	6.08835816e-02	1.63242873e+00	8.67124977e-01	7.65303752e-01
8374            	5.09373371e-02	6.09018275e-02	1.63248838e+00	8.67181527e-01	7.65306853e-01
8375            	5.09619062e-02	6.09169035e-02	1.63254127e+00	8.67232540e-01	7.65308728e-01
8376            	5.09851288e-02	6.09305785e-02	1.63259109e+00	8.67280673e-01	7.65310416e-01
8377            	5.10071386e-02	6.09430523e-02	1.63263874e+00	8.67326511e-01	7.65312233e-01
8378            	5.10276875e-02	6.09542575e-02	1.63268432e+00	8.67369846e-01	7.65314471e-01
8379            	5.10462488e-02	6.09639510e-02	1.63272731e+00	8.67409903e-01	7.65317405e-01
8380            	5.10619551e-02	6.09718771e-02	1.63276809e+00	8.67445999e-01	7.65322089e-01
8381            	5.10732825e-02	6.09761069e-02	1.63280075e+00	8.67473659e-01	7.65327094e-01
8382            	5.10787202e-02	6.09760277e-02	1.63282404e+00	8.67490742e-01	7.65333302e-01
8383            	5.10770829e-02	6.09704502e-02	1.63283543e+00	8.67494800e-01	7.65340634e-01
8384            	5.10649794e-02	6.09564334e-02	1.63282997e+00	8.67479967e-01	7.65350008e-01
8385            	5.10441897e-02	6.09346004e-02	1.63280692e+00	8.67447650e-01	7.65359271e-01
8386            	5.10160550e-02	6.09065192e-02	1.63276908e+00	8.67400595e-01	7.65368485e-01
8387            	5.09823447e-02	6.08735720e-02	1.63271905e+00	8.67341871e-01	7.65377181e-01
8388            	5.09399311e-02	6.08331967e-02	1.63265206e+00	8.67265964e-01	7.65386101e-01
8389            	5.08937775e-02	6.07890550e-02	1.63257437e+00	8.67180962e-01	7.65393407e-01
8390            	5.08482714e-02	6.07455594e-02	1.63249511e+00	8.67095826e-01	7.65399283e-01
8391            	5.08050443e-02	6.07042587e-02	1.63241782e+00	8.67013952e-01	7.65403864e-01
8392            	5.07598401e-02	6.06620434e-02	1.63233582e+00	8.66927750e-01	7.65408070e-01
8393            	5.07190462e-02	6.06245295e-02	1.63226087e+00	8.66849482e-01	7.65411389e-01
8394            	5.06778456e-02	6.05867160e-02	1.63218337e+00	8.66769531e-01	7.65413840e-01
8395            	5.06391561e-02	6.05525217e-02	1.63211126e+00	8.66694785e-01	7.65416473e-01
8396            	5.06036824e-02	6.05212207e-02	1.63204442e+00	8.66625894e-01	7.65418529e-01
8397            	5.05726001e-02	6.04942840e-02	1.63198662e+00	8.66565911e-01	7.65420710e-01
8398            	5.05404386e-02	6.04677805e-02	1.63192738e+00	8.66504129e-01	7.65423251e-01
8399            	5.05105386e-02	6.04435528e-02	1.63187353e+00	8.66447302e-01	7.65426225e-01
8400            	5.04810118e-02	6.04200271e-02	1.63182151e+00	8.66391766e-01	7.65429742e-01
8401            	5.04504563e-02	6.03960062e-02	1.63176844e+00	8.66334677e-01	7.65433764e-01
8402            	5.04177946e-02	6.03704731e-02	1.63171177e+00	8.66273678e-01	7.65438089e-01
8403            	5.03825767e-02	6.03428227e-02	1.63164995e+00	8.66207553e-01	7.65442399e-01
8404            	5.03449626e-02	6.03129100e-02	1.63158254e+00	8.66136231e-01	7.65446306e-01
8405            	5.03055969e-02	6.02810216e-02	1.63151007e+00	8.66060630e-01	7.65449437e-01
8406            	5.02654957e-02	6.02478087e-02	1.63143396e+00	8.65982477e-01	7.65451485e-01
8407            	5.02258535e-02	6.02141638e-02	1.63135624e+00	8.65903973e-01	7.65452266e-01
8408            	5.01879336e-02	6.01811462e-02	1.63127931e+00	8.65827591e-01	7.65451724e-01
8409            	5.01529056e-02	6.01498309e-02	1.63120567e+00	8.65755741e-01	7.65449930e-01
8410            	5.01217951e-02	6.01212316e-02	1.63113772e+00	8.65690657e-01	7.65447066e-01
8411            	5.00952564e-02	6.00961404e-02	1.63107735e+00	8.65633932e-01	7.65443419e-01
8412            	5.00735395e-02	6.00750505e-02	1.63102568e+00	8.65586378e-01	7.65439299e-01
8413            	5.00567120e-02	6.00582270e-02	1.63098340e+00	8.65548411e-01	7.65434987e-01
8414            	5.00447567e-02	6.00457868e-02	1.63095095e+00	8.65520230e-01	7.65430717e-01
8415            	5.00374595e-02	6.00376348e-02	1.63092824e+00	8.65501577e-01	7.65426658e-01
8416            	5.00344453e-02	6.00334874e-02	1.63091472e+00	8.65491806e-01	7.65422916e-01
8417            	5.00352143e-02	6.00328879e-02	1.63090945e+00	8.65489942e-01	7.65419513e-01
8418            	5.00392470e-02	6.00353297e-02	1.63091133e+00	8.65494912e-01	7.65416418e-01
8419            	5.00460100e-02	6.00402964e-02	1.63091916e+00	8.65505589e-01	7.65413569e-01
8420            	5.00549720e-02	6.00472702e-02	1.63093171e+00	8.65520827e-01	7.65410883e-01
8421            	5.00656696e-02	6.00557799e-02	1.63094783e+00	8.65539583e-01	7.65408244e-01
8422            	5.00778577e-02	6.00655541e-02	1.63096680e+00	8.65561259e-01	7.65405544e-01
8423            	5.00913658e-02	6.00763974e-02	1.63098815e+00	8.65585439e-01	7.65402707e-01
8424            	5.01064843e-02	6.00888539e-02	1.63101413e+00	8.65613548e-01	7.65400580e-01
8425            	5.01227524e-02	6.01017556e-02	1.63104091e+00	8.65643205e-01	7.65397700e-01
8426            	5.01402265e-02	6.01160737e-02	1.63106926e+00	8.65674856e-01	7.65394403e-01
8427            	5.01593181e-02	6.01309713e-02	1.63109941e+00	8.65709024e-01	7.65390387e-01
8428            	5.01800997e-02	6.01473561e-02	1.63113353e+00	8.65746866e-01	7.65386667e-01
8429            	5.02021726e-02	6.01648701e-02	1.63117052e+00	8.65787433e-01	7.65383087e-01
8430            	5.02252710e-02	6.01837667e-02	1.63120948e+00	8.65830010e-01	7.65379468e-01
8431            	5.02496522e-02	6.02034642e-02	1.63125078e+00	8.65875041e-01	7.65375737e-01
8432            	5.02748529e-02	6.02242243e-02	1.63129478e+00	8.65922242e-01	7.65372536e-01
8433            	5.03007782e-02	6.02458296e-02	1.63134143e+00	8.65971496e-01	7.65369939e-01
8434            	5.03280497e-02	6.02689074e-02	1.63139193e+00	8.66024014e-01	7.65367915e-01
8435            	5.03563133e-02	6.02923180e-02	1.63144530e+00	8.66078961e-01	7.65366335e-01
8436            	5.03848615e-02	6.03159395e-02	1.63150110e+00	8.66135409e-01	7.65365686e-01
8437            	5.04133101e-02	6.03393183e-02	1.63155848e+00	8.66192549e-01	7.65365929e-01
8438            	5.04428201e-02	6.03632936e-02	1.63161989e+00	8.66252764e-01	7.65367124e-01
8439            	5.04718143e-02	6.03862289e-02	1.63168096e+00	8.66312294e-01	7.65368666e-01
8440            	5.05001345e-02	6.04085547e-02	1.63174196e+00	8.66371114e-01	7.65370845e-01
8441            	5.05298436e-02	6.04316503e-02	1.63180736e+00	8.66433523e-01	7.65373836e-01
8442            	5.05582555e-02	6.04531854e-02	1.63186994e+00	8.66493228e-01	7.65376717e-01
8443            	5.05837438e-02	6.04728764e-02	1.63192707e+00	8.66547276e-01	7.65379789e-01
8444            	5.06069666e-02	6.04910697e-02	1.63197973e+00	8.66596830e-01	7.65382897e-01
8445            	5.06309876e-02	6.05098509e-02	1.63203483e+00	8.66648405e-01	7.65386430e-01
8446            	5.06525690e-02	6.05269860e-02	1.63208385e+00	8.66694495e-01	7.65389357e-01
8447            	5.06725319e-02	6.05436539e-02	1.63212927e+00	8.66737167e-01	7.65392103e-01
8448            	5.06912918e-02	6.05601463e-02	1.63217192e+00	8.66777251e-01	7.65394667e-01
8449            	5.07114323e-02	6.05782288e-02	1.63221826e+00	8.66820564e-01	7.65397700e-01
8450            	5.07286705e-02	6.05946060e-02	1.63225742e+00	8.66857380e-01	7.65400039e-01
8451            	5.07466395e-02	6.06125635e-02	1.63229918e+00	8.66896231e-01	7.65402952e-01
8452            	5.07638590e-02	6.06303170e-02	1.63233871e+00	8.66933213e-01	7.65405495e-01
8453            	5.07769323e-02	6.06463737e-02	1.63236912e+00	8.66961492e-01	7.65407627e-01
8454            	5.07897176e-02	6.06635819e-02	1.63240033e+00	8.66989883e-01	7.65410448e-01
8455            	5.08003864e-02	6.06795125e-02	1.63242629e+00	8.67013533e-01	7.65412760e-01
8456            	5.08095892e-02	6.06955573e-02	1.63245032e+00	8.67034748e-01	7.65415570e-01
8457            	5.08181615e-02	6.07112852e-02	1.63247251e+00	8.67054417e-01	7.65418094e-01
8458            	5.08215737e-02	6.07229133e-02	1.63248253e+00	8.67062839e-01	7.65419692e-01
8459            	5.08243322e-02	6.07343347e-02	1.63249210e+00	8.67070383e-01	7.65421719e-01
8460            	5.08260702e-02	6.07439601e-02	1.63249814e+00	8.67075142e-01	7.65423002e-01
8461            	5.08265909e-02	6.07522043e-02	1.63250215e+00	8.67077668e-01	7.65424487e-01
8462            	5.08311783e-02	6.07627844e-02	1.63251561e+00	8.67088981e-01	7.65426624e-01
8463            	5.08281015e-02	6.07659804e-02	1.63251070e+00	8.67083450e-01	7.65427247e-01
8464            	5.08224893e-02	6.07655160e-02	1.63249916e+00	8.67072068e-01	7.65427089e-01
8465            	5.08203747e-02	6.07668187e-02	1.63249518e+00	8.67067966e-01	7.65427217e-01
8466            	5.08118979e-02	6.07618113e-02	1.63247596e+00	8.67049877e-01	7.65426081e-01
8467            	5.08007200e-02	6.07548245e-02	1.63245161e+00	8.67026523e-01	7.65425083e-01
8468            	5.07921101e-02	6.07504470e-02	1.63243245e+00	8.67008334e-01	7.65424114e-01
8469            	5.07791857e-02	6.07429340e-02	1.63240308e+00	8.66980725e-01	7.65422354e-01
8470            	5.07635178e-02	6.07342896e-02	1.63236815e+00	8.66947593e-01	7.65420558e-01
8471            	5.07396567e-02	6.07192374e-02	1.63231521e+00	8.66897263e-01	7.65417950e-01
8472            	5.07104953e-02	6.06997321e-02	1.63224988e+00	8.66835434e-01	7.65414443e-01
8473            	5.06803739e-02	6.06817563e-02	1.63218037e+00	8.66770561e-01	7.65409813e-01
8474            	5.06458843e-02	6.06598057e-02	1.63210096e+00	8.66696362e-01	7.65404593e-01
8475            	5.06101729e-02	6.06377290e-02	1.63201513e+00	8.66617739e-01	7.65397393e-01
8476            	5.05748567e-02	6.06149703e-02	1.63192854e+00	8.66539128e-01	7.65389414e-01
8477            	5.05432412e-02	6.05945168e-02	1.63184708e+00	8.66466782e-01	7.65380300e-01
8478            	5.05175493e-02	6.05768545e-02	1.63177572e+00	8.66405408e-01	7.65370309e-01
8479            	5.05036369e-02	6.05697320e-02	1.63172161e+00	8.66364444e-01	7.65357170e-01
8480            	5.04991677e-02	6.05681781e-02	1.63168972e+00	8.66344028e-01	7.65345692e-01
8481            	5.05070591e-02	6.05759597e-02	1.63168267e+00	8.66348393e-01	7.65334274e-01
8482            	5.05230826e-02	6.05885771e-02	1.63169543e+00	8.66370799e-01	7.65324634e-01
8483            	5.05603313e-02	6.06184426e-02	1.63174808e+00	8.66434372e-01	7.65313709e-01
8484            	5.05993311e-02	6.06485148e-02	1.63181131e+00	8.66504987e-01	7.65306324e-01
8485            	5.06390177e-02	6.06794288e-02	1.63188319e+00	8.66580614e-01	7.65302579e-01
8486            	5.06886670e-02	6.07184378e-02	1.63197766e+00	8.66677497e-01	7.65300163e-01
8487            	5.07330889e-02	6.07529901e-02	1.63206613e+00	8.66766153e-01	7.65299975e-01
8488            	5.07849399e-02	6.07930529e-02	1.63217202e+00	8.66870948e-01	7.65301068e-01
8489            	5.08287682e-02	6.08266121e-02	1.63226455e+00	8.66961043e-01	7.65303506e-01
8490            	5.08671545e-02	6.08556166e-02	1.63234829e+00	8.67041298e-01	7.65306988e-01
8491            	5.08999209e-02	6.08794880e-02	1.63242003e+00	8.67109936e-01	7.65310094e-01
8492            	5.09274881e-02	6.08986244e-02	1.63248163e+00	8.67168303e-01	7.65313327e-01
8493            	5.09507714e-02	6.09134633e-02	1.63253253e+00	8.67217035e-01	7.65315492e-01
8494            	5.09714556e-02	6.09256580e-02	1.63257806e+00	8.67260488e-01	7.65317576e-01
8495            	5.09904704e-02	6.09357114e-02	1.63261847e+00	8.67299704e-01	7.65318763e-01
8496            	5.10089379e-02	6.09451429e-02	1.63265864e+00	8.67338257e-01	7.65320381e-01
8497            	5.10267139e-02	6.09536121e-02	1.63269713e+00	8.67375277e-01	7.65321849e-01
8498            	5.10437556e-02	6.09619144e-02	1.63273664e+00	8.67412076e-01	7.65324565e-01
8499            	5.10589817e-02	6.09688114e-02	1.63277384e+00	8.67445902e-01	7.65327939e-01
8500            	5.10714430e-02	6.09742970e-02	1.63280917e+00	8.67476029e-01	7.65333143e-01
8501            	5.10791249e-02	6.09760367e-02	1.63283702e+00	8.67497633e-01	7.65339384e-01
8502            	5.10804365e-02	6.09732207e-02	1.63285568e+00	8.67508274e-01	7.65347401e-01
8503            	5.10735753e-02	6.09634884e-02	1.63285940e+00	8.67503273e-01	7.65356122e-01
8504            	5.10579947e-02	6.09467605e-02	1.63284774e+00	8.67481865e-01	7.65365876e-01
8505            	5.10334114e-02	6.09219834e-02	1.63281766e+00	8.67442240e-01	7.65375417e-01
8506            	5.10007008e-02	6.08903530e-02	1.63277132e+00	8.67386360e-01	7.65384958e-01
8507            	5.09612676e-02	6.08523519e-02	1.63270920e+00	8.67315869e-01	7.65393333e-01
8508            	5.09172077e-02	6.08105187e-02	1.63263639e+00	8.67235404e-01	7.65400988e-01
8509            	5.08704497e-02	6.07658308e-02	1.63255492e+00	8.67147912e-01	7.65407012e-01
8510            	5.08229867e-02	6.07211187e-02	1.63247042e+00	8.67058198e-01	7.65412225e-01
8511            	5.07762065e-02	6.06768388e-02	1.63238434e+00	8.66968374e-01	7.65415961e-01
8512            	5.07314152e-02	6.06353643e-02	1.63230135e+00	8.66882092e-01	7.65419262e-01
8513            	5.06891651e-02	6.05963599e-02	1.63222148e+00	8.66799907e-01	7.65421577e-01
8514            	5.06500781e-02	6.05615354e-02	1.63214811e+00	8.66724135e-01	7.65423979e-01
8515            	5.06139285e-02	6.05297116e-02	1.63207983e+00	8.66653845e-01	7.65425988e-01
8516            	5.05830302e-02	6.05030307e-02	1.63202236e+00	8.66594212e-01	7.65428152e-01
8517            	5.05513915e-02	6.04771203e-02	1.63196418e+00	8.66533482e-01	7.65430699e-01
8518            	5.05222904e-02	6.04537094e-02	1.63191200e+00	8.66478292e-01	7.65433711e-01
8519            	5.04937406e-02	6.04310707e-02	1.63186202e+00	8.66424748e-01	7.65437267e-01
8520            	5.04642117e-02	6.04078759e-02	1.63181106e+00	8.66369740e-01	7.65441317e-01
8521            	5.04325116e-02	6.03830406e-02	1.63175636e+00	8.66310694e-01	7.65445670e-01
8522            	5.03980078e-02	6.03558678e-02	1.63169607e+00	8.66246042e-01	7.65450027e-01
8523            	5.03607714e-02	6.03261985e-02	1.63162958e+00	8.66175561e-01	7.65454018e-01
8524            	5.03213784e-02	6.02942995e-02	1.63155732e+00	8.66100040e-01	7.65457283e-01
8525            	5.02808501e-02	6.02608463e-02	1.63148073e+00	8.66021215e-01	7.65459515e-01
8526            	5.02404206e-02	6.02267533e-02	1.63140188e+00	8.65941362e-01	7.65460521e-01
8527            	5.02014468e-02	6.01931243e-02	1.63132335e+00	8.65863120e-01	7.65460226e-01
8528            	5.01652104e-02	6.01610884e-02	1.63124778e+00	8.65789100e-01	7.65458680e-01
8529            	5.01328539e-02	6.01317041e-02	1.63117777e+00	8.65721738e-01	7.65456031e-01
8530            	5.01051339e-02	6.01058092e-02	1.63111535e+00	8.65662810e-01	7.65452542e-01
8531            	5.00824073e-02	6.00839567e-02	1.63106184e+00	8.65613328e-01	7.65448513e-01
8532            	5.00647344e-02	6.00664140e-02	1.63101792e+00	8.65573693e-01	7.65444224e-01
8533            	5.00520760e-02	6.00532894e-02	1.63098398e+00	8.65544066e-01	7.65439914e-01
8534            	5.00442274e-02	6.00445145e-02	1.63095999e+00	8.65524222e-01	7.65435767e-01
8535            	5.00407801e-02	6.00398056e-02	1.63094538e+00	8.65513469e-01	7.65431909e-01
8536            	5.00412091e-02	6.00387202e-02	1.63093920e+00	8.65510807e-01	7.65428389e-01
8537            	5.00449439e-02	6.00407372e-02	1.63094028e+00	8.65515085e-01	7.65425197e-01
8538            	5.00514444e-02	6.00453510e-02	1.63094746e+00	8.65525175e-01	7.65422287e-01
8539            	5.00601489e-02	6.00520289e-02	1.63095946e+00	8.65539878e-01	7.65419581e-01
8540            	5.00705822e-02	6.00602980e-02	1.63097511e+00	8.65558136e-01	7.65416971e-01
8541            	5.00824650e-02	6.00698488e-02	1.63099361e+00	8.65579271e-01	7.65414341e-01
8542            	5.00956436e-02	6.00804860e-02	1.63101448e+00	8.65602883e-01	7.65411595e-01
8543            	5.01103879e-02	6.00927021e-02	1.63103990e+00	8.65630337e-01	7.65409561e-01
8544            	5.01262483e-02	6.01053375e-02	1.63106604e+00	8.65659267e-01	7.65406770e-01
8545            	5.01432960e-02	6.01193732e-02	1.63109368e+00	8.65690137e-01	7.65403545e-01
8546            	5.01620034e-02	6.01339872e-02	1.63112312e+00	8.65723563e-01	7.65399557e-01
8547            	5.01824964e-02	6.01501101e-02	1.63115664e+00	8.65760815e-01	7.65395823e-01
8548            	5.02043562e-02	6.01673812e-02	1.63119310e+00	8.65800905e-01	7.65392192e-01
8549            	5.02272754e-02	6.01860307e-02	1.63123150e+00	8.65843025e-01	7.65388475e-01
8550            	5.02515186e-02	6.02054913e-02	1.63127228e+00	8.65887661e-01	7.65384624e-01
8551            	5.02765970e-02	6.02260274e-02	1.63131578e+00	8.65934489e-01	7.65381295e-01
8552            	5.03023830e-02	6.02474093e-02	1.63136190e+00	8.65983335e-01	7.65378569e-01
8553            	5.03294597e-02	6.02702412e-02	1.63141171e+00	8.66035316e-01	7.65376397e-01
8554            	5.03575632e-02	6.02934574e-02	1.63146449e+00	8.66089810e-01	7.65374683e-01
8555            	5.03860162e-02	6.03169705e-02	1.63151987e+00	8.66145953e-01	7.65373921e-01
8556            	5.04144171e-02	6.03403040e-02	1.63157698e+00	8.66202906e-01	7.65374072e-01
8557            	5.04438318e-02	6.03642287e-02	1.63163804e+00	8.66262853e-01	7.65375189e-01
8558            	5.04727246e-02	6.03871164e-02	1.63169880e+00	8.66322126e-01	7.65376677e-01
8559            	5.05009146e-02	6.04093693e-02	1.63175947e+00	8.66380651e-01	7.65378822e-01
8560            	5.05304330e-02	6.04323316e-02	1.63182439e+00	8.66442626e-01	7.65381760e-01
8561            	5.05588798e-02	6.04538967e-02	1.63188697e+00	8.66502366e-01	7.65384606e-01
8562            	5.05845575e-02	6.04737057e-02	1.63194442e+00	8.66556766e-01	7.65387651e-01
8563            	5.06079521e-02	6.04919583e-02	1.63199738e+00	8.66606641e-01	7.65390737e-01
8564            	5.06319616e-02	6.05106036e-02	1.63205240e+00	8.66658161e-01	7.65394238e-01
8565            	5.06534782e-02	6.05275125e-02	1.63210123e+00	8.66704092e-01	7.65397135e-01
8566            	5.06733712e-02	6.05439155e-02	1.63214648e+00	8.66746612e-01	7.65399869e-01
8567            	5.06921595e-02	6.05601952e-02	1.63218918e+00	8.66786749e-01	7.65402430e-01
8568            	5.07123939e-02	6.05780799e-02	1.63223571e+00	8.66830247e-01	7.65405460e-01
8569            	5.07297745e-02	6.05943042e-02	1.63227517e+00	8.66867360e-01	7.65407811e-01
8570            	5.07478035e-02	6.06120207e-02	1.63231706e+00	8.66906333e-01	7.65410726e-01
8571            	5.07650125e-02	6.06294911e-02	1.63235658e+00	8.66943303e-01	7.65413277e-01
8572            	5.07781218e-02	6.06453492e-02	1.63238711e+00	8.66971679e-01	7.65415435e-01
8573            	5.07910197e-02	6.06624374e-02	1.63241860e+00	8.67000318e-01	7.65418278e-01
8574            	5.08018081e-02	6.06782905e-02	1.63244484e+00	8.67024228e-01	7.65420612e-01
8575            	5.08111132e-02	6.06942748e-02	1.63246911e+00	8.67045666e-01	7.65423439e-01
8576            	5.08196884e-02	6.07099052e-02	1.63249135e+00	8.67065364e-01	7.65425988e-01
8577            	5.08231765e-02	6.07215715e-02	1.63250159e+00	8.67073970e-01	7.65427617e-01
8578            	5.08260453e-02	6.07331020e-02	1.63251144e+00	8.67081765e-01	7.65429674e-01
8579            	5.08278734e-02	6.07428617e-02	1.63251772e+00	8.67086736e-01	7.65430989e-01
8580            	5.08285345e-02	6.07513094e-02	1.63252208e+00	8.67089573e-01	7.65432504e-01
8581            	5.08331123e-02	6.07619829e-02	1.63253556e+00	8.67100895e-01	7.65434670e-01
8582            	5.08301447e-02	6.07653996e-02	1.63253095e+00	8.67095620e-01	7.65435331e-01
8583            	5.08247164e-02	6.07652178e-02	1.63251987e+00	8.67084650e-01	7.65435218e-01
8584            	5.08227267e-02	6.07667019e-02	1.63251624e+00	8.67080847e-01	7.65435393e-01
8585            	5.08145764e-02	6.07620204e-02	1.63249777e+00	8.67063461e-01	7.65434308e-01
8586            	5.08038828e-02	6.07554288e-02	1.63247447e+00	8.67041116e-01	7.65433351e-01
8587            	5.07958849e-02	6.07514253e-02	1.63245666e+00	8.67024214e-01	7.65432445e-01
8588            	5.07837764e-02	6.07444003e-02	1.63242910e+00	8.66998326e-01	7.65430773e-01
8589            	5.07691559e-02	6.07363657e-02	1.63239652e+00	8.66967415e-01	7.65429104e-01
8590            	5.07463548e-02	6.07219799e-02	1.63234599e+00	8.66919351e-01	7.65426641e-01
8591            	5.07182520e-02	6.07031825e-02	1.63228313e+00	8.66859817e-01	7.65423313e-01
8592            	5.06892914e-02	6.06859659e-02	1.63221651e+00	8.66797548e-01	7.65418965e-01
8593            	5.06554617e-02	6.06644689e-02	1.63213899e+00	8.66724955e-01	7.65414032e-01
8594            	5.06199620e-02	6.06425694e-02	1.63205430e+00	8.66647111e-01	7.65407187e-01
8595            	5.05840647e-02	6.06194341e-02	1.63196719e+00	8.66567660e-01	7.65399530e-01
8596            	5.05511340e-02	6.05980858e-02	1.63188366e+00	8.66492966e-01	7.65390698e-01
8597            	5.05234317e-02	6.05790232e-02	1.63180865e+00	8.66427757e-01	7.65380894e-01
8598            	5.05066474e-02	6.05699235e-02	1.63174912e+00	8.66381208e-01	7.65367913e-01
8599            	5.04990780e-02	6.05661682e-02	1.63171097e+00	8.66354563e-01	7.65356407e-01
8600            	5.05036971e-02	6.05716103e-02	1.63169702e+00	8.66352207e-01	7.65344813e-01
8601            	5.05167184e-02	6.05820137e-02	1.63170315e+00	8.66368292e-01	7.65334855e-01
8602            	5.05507943e-02	6.06095698e-02	1.63174839e+00	8.66424990e-01	7.65323402e-01
8603            	5.05872285e-02	6.06376538e-02	1.63180543e+00	8.66489942e-01	7.65315485e-01
8604            	5.06252188e-02	6.06672191e-02	1.63187285e+00	8.66561642e-01	7.65311205e-01
8605            	5.06747219e-02	6.07061218e-02	1.63196562e+00	8.66657531e-01	7.65308087e-01
8606            	5.07193556e-02	6.07408765e-02	1.63205341e+00	8.66746062e-01	7.65307351e-01
8607            	5.07711243e-02	6.07809589e-02	1.63215829e+00	8.66850270e-01	7.65308021e-01
8608            	5.08157636e-02	6.08152532e-02	1.63225172e+00	8.66941624e-01	7.65310097e-01
8609            	5.08556531e-02	6.08455542e-02	1.63233809e+00	8.67024696e-01	7.65313390e-01
8610            	5.08898372e-02	6.08707312e-02	1.63241255e+00	8.67096110e-01	7.65316435e-01
8611            	5.09187255e-02	6.08911103e-02	1.63247686e+00	8.67157155e-01	7.65319704e-01
8612            	5.09429993e-02	6.09069645e-02	1.63252993e+00	8.67207963e-01	7.65321964e-01
8613            	5.09643272e-02	6.09198823e-02	1.63257694e+00	8.67252798e-01	7.65324143e-01
8614            	5.09837112e-02	6.09304157e-02	1.63261818e+00	8.67292799e-01	7.65325377e-01
8615            	5.10023630e-02	6.09401245e-02	1.63265864e+00	8.67331683e-01	7.65326957e-01
8616            	5.10203096e-02	6.09487878e-02	1.63269718e+00	8.67368902e-01	7.65328282e-01
8617            	5.10376435e-02	6.09573000e-02	1.63273679e+00	8.67406036e-01	7.65330749e-01
8618            	5.10534241e-02	6.09645664e-02	1.63277441e+00	8.67440630e-01	7.65333782e-01
8619            	5.10668193e-02	6.09706898e-02	1.63281083e+00	8.67472234e-01	7.65338595e-01
8620            	5.10759343e-02	6.09734860e-02	1.63284072e+00	8.67496292e-01	7.65344423e-01
8621            	5.10791813e-02	6.09721823e-02	1.63286251e+00	8.67510434e-01	7.65352072e-01
8622            	5.10746236e-02	6.09643218e-02	1.63287025e+00	8.67509748e-01	7.65360501e-01
8623            	5.10614934e-02	6.09496463e-02	1.63286317e+00	8.67493078e-01	7.65370091e-01
8624            	5.10393122e-02	6.09269313e-02	1.63283783e+00	8.67458229e-01	7.65379605e-01
8625            	5.10087614e-02	6.08971947e-02	1.63279603e+00	8.67406775e-01	7.65389252e-01
8626            	5.09710218e-02	6.08607060e-02	1.63273772e+00	8.67339884e-01	7.65397840e-01
8627            	5.09280984e-02	6.08198879e-02	1.63266775e+00	8.67261972e-01	7.65405775e-01
8628            	5.08819095e-02	6.07756957e-02	1.63258803e+00	8.67175926e-01	7.65412107e-01
8629            	5.08345075e-02	6.07309816e-02	1.63250424e+00	8.67086628e-01	7.65417613e-01
8630            	5.07874263e-02	6.06863381e-02	1.63241804e+00	8.66996448e-01	7.65421595e-01
8631            	5.07420482e-02	6.06441917e-02	1.63233425e+00	8.66909174e-01	7.65425077e-01
8632            	5.06990461e-02	6.06043189e-02	1.63225308e+00	8.66825587e-01	7.65427495e-01
8633            	5.06591349e-02	6.05685288e-02	1.63217812e+00	8.66748195e-01	7.65429925e-01
8634            	5.06222119e-02	6.05357789e-02	1.63210820e+00	8.66676310e-01	7.65431886e-01
8635            	5.05907490e-02	6.05083971e-02	1.63204940e+00	8.66615450e-01	7.65433952e-01
8636            	5.05586614e-02	6.04818953e-02	1.63199004e+00	8.66553681e-01	7.65436358e-01
8637            	5.05293826e-02	6.04581898e-02	1.63193722e+00	8.66497991e-01	7.65439226e-01
8638            	5.05009115e-02	6.04355343e-02	1.63188713e+00	8.66444477e-01	7.65442654e-01
8639            	5.04716983e-02	6.04125625e-02	1.63183661e+00	8.66390004e-01	7.65446608e-01
8640            	5.04405410e-02	6.03881791e-02	1.63178292e+00	8.66332003e-01	7.65450921e-01
8641            	5.04043001e-02	6.03606739e-02	1.63172035e+00	8.66264477e-01	7.65455877e-01
8642            	5.03659480e-02	6.03304480e-02	1.63165154e+00	8.66191719e-01	7.65459823e-01
8643            	5.03266339e-02	6.02985287e-02	1.63157928e+00	8.66116274e-01	7.65463006e-01
8644            	5.02872917e-02	6.02655478e-02	1.63150492e+00	8.66039754e-01	7.65465170e-01
8645            	5.02484950e-02	6.02320967e-02	1.63142936e+00	8.65963177e-01	7.65466187e-01
8646            	5.02109889e-02	6.01990231e-02	1.63135400e+00	8.65887990e-01	7.65466012e-01
8647            	5.01756660e-02	6.01673445e-02	1.63128070e+00	8.65816016e-01	7.65464684e-01
8648            	5.01434730e-02	6.01380672e-02	1.63121158e+00	8.65749265e-01	7.65462319e-01
8649            	5.01151987e-02	6.01120436e-02	1.63114866e+00	8.65689527e-01	7.65459129e-01
8650            	5.00913436e-02	6.00898446e-02	1.63109345e+00	8.65638066e-01	7.65455379e-01
8651            	5.00721257e-02	6.00717342e-02	1.63104691e+00	8.65595581e-01	7.65451330e-01
8652            	5.00576682e-02	6.00577996e-02	1.63100977e+00	8.65562551e-01	7.65447215e-01
8653            	5.00479450e-02	6.00479880e-02	1.63098232e+00	8.65539106e-01	7.65443216e-01
8654            	5.00426807e-02	6.00420417e-02	1.63096428e+00	8.65524822e-01	7.65439461e-01
8655            	5.00414656e-02	6.00395901e-02	1.63095493e+00	8.65518929e-01	7.65435998e-01
8656            	5.00437701e-02	6.00401733e-02	1.63095317e+00	8.65520353e-01	7.65432812e-01
8657            	5.00490993e-02	6.00433788e-02	1.63095789e+00	8.65528046e-01	7.65429847e-01
8658            	5.00569063e-02	6.00487723e-02	1.63096786e+00	8.65540836e-01	7.65427023e-01
8659            	5.00667079e-02	6.00559687e-02	1.63098190e+00	8.65557660e-01	7.65424244e-01
8660            	5.00781609e-02	6.00646820e-02	1.63099914e+00	8.65577733e-01	7.65421411e-01
8661            	5.00910736e-02	6.00747450e-02	1.63101905e+00	8.65600599e-01	7.65418452e-01
8662            	5.01053449e-02	6.00860552e-02	1.63104135e+00	8.65626018e-01	7.65415328e-01
8663            	5.01213863e-02	6.00992699e-02	1.63106864e+00	8.65655706e-01	7.65412933e-01
8664            	5.01387103e-02	6.01131486e-02	1.63109705e+00	8.65687237e-01	7.65409816e-01
8665            	5.01572811e-02	6.01285692e-02	1.63112726e+00	8.65720910e-01	7.65406348e-01
8666            	5.01775190e-02	6.01446619e-02	1.63115956e+00	8.65757300e-01	7.65402262e-01
8667            	5.01993154e-02	6.01621391e-02	1.63119584e+00	8.65797235e-01	7.65398604e-01
8668            	5.02222853e-02	6.01806170e-02	1.63123495e+00	8.65839762e-01	7.65395192e-01
8669            	5.02462091e-02	6.02003373e-02	1.63127607e+00	8.65884246e-01	7.65391828e-01
8670            	5.02713300e-02	6.02206979e-02	1.63131951e+00	8.65931087e-01	7.65388427e-01
8671            	5.02971520e-02	6.02419279e-02	1.63136550e+00	8.65979900e-01	7.65385596e-01
8672            	5.03236440e-02	6.02638702e-02	1.63141403e+00	8.66030661e-01	7.65383373e-01
8673            	5.03513884e-02	6.02870941e-02	1.63146629e+00	8.66084533e-01	7.65381756e-01
8674            	5.03798577e-02	6.03104198e-02	1.63152087e+00	8.66140292e-01	7.65380577e-01
8675            	5.04083266e-02	6.03337109e-02	1.63157724e+00	8.66196948e-01	7.65380295e-01
8676            	5.04364939e-02	6.03566061e-02	1.63163469e+00	8.66253838e-01	7.65380850e-01
8677            	5.04656881e-02	6.03800381e-02	1.63169604e+00	8.66313709e-01	7.65382333e-01
8678            	5.04943087e-02	6.04024478e-02	1.63175684e+00	8.66372729e-01	7.65384112e-01
8679            	5.05222267e-02	6.04242791e-02	1.63181740e+00	8.66430927e-01	7.65386474e-01
8680            	5.05513572e-02	6.04467483e-02	1.63188192e+00	8.66492315e-01	7.65389601e-01
8681            	5.05788298e-02	6.04674347e-02	1.63194279e+00	8.66550225e-01	7.65392565e-01
8682            	5.06031929e-02	6.04861939e-02	1.63199773e+00	8.66602059e-01	7.65395673e-01
8683            	5.06253514e-02	6.05035764e-02	1.63204827e+00	8.66649484e-01	7.65398781e-01
8684            	5.06485729e-02	6.05218292e-02	1.63210175e+00	8.66699447e-01	7.65402301e-01
8685            	5.06694500e-02	6.05385880e-02	1.63214928e+00	8.66744092e-01	7.65405192e-01
8686            	5.06887910e-02	6.05550170e-02	1.63219337e+00	8.66785474e-01	7.65407892e-01
8687            	5.07093312e-02	6.05729344e-02	1.63224071e+00	8.66829686e-01	7.65411023e-01
8688            	5.07275053e-02	6.05894606e-02	1.63228203e+00	8.66868520e-01	7.65413510e-01
8689            	5.07428741e-02	6.06050612e-02	1.63231723e+00	8.66901490e-01	7.65415742e-01
8690            	5.07589642e-02	6.06222794e-02	1.63235512e+00	8.66936523e-01	7.65418594e-01
8691            	5.07731242e-02	6.06385144e-02	1.63238800e+00	8.66967126e-01	7.65420877e-01
8692            	5.07868190e-02	6.06558166e-02	1.63242109e+00	8.66997364e-01	7.65423726e-01
8693            	5.07997279e-02	6.06729600e-02	1.63245215e+00	8.67025801e-01	7.65426345e-01
8694            	5.08076156e-02	6.06870992e-02	1.63247183e+00	8.67043531e-01	7.65428300e-01
8695            	5.08146547e-02	6.07016241e-02	1.63249103e+00	8.67060168e-01	7.65430858e-01
8696            	5.08201637e-02	6.07147534e-02	1.63250602e+00	8.67073172e-01	7.65432845e-01
8697            	5.08244563e-02	6.07273220e-02	1.63251919e+00	8.67084050e-01	7.65435137e-01
8698            	5.08315014e-02	6.07418820e-02	1.63253910e+00	8.67101054e-01	7.65438051e-01
8699            	5.08314972e-02	6.07500706e-02	1.63254200e+00	8.67102498e-01	7.65439504e-01
8700            	5.08290821e-02	6.07549034e-02	1.63253857e+00	8.67098369e-01	7.65440205e-01
8701            	5.08267483e-02	6.07588590e-02	1.63253514e+00	8.67094317e-01	7.65440821e-01
8702            	5.08224598e-02	6.07597054e-02	1.63252642e+00	8.67085671e-01	7.65440752e-01
8703            	5.08235592e-02	6.07640016e-02	1.63253041e+00	8.67088763e-01	7.65441645e-01
8704            	5.08193328e-02	6.07632192e-02	1.63252165e+00	8.67080156e-01	7.65441490e-01
8705            	5.08096836e-02	6.07577104e-02	1.63250043e+00	8.67059898e-01	7.65440531e-01
8706            	5.07958873e-02	6.07483609e-02	1.63246948e+00	8.67030629e-01	7.65438855e-01
8707            	5.07859251e-02	6.07430555e-02	1.63244708e+00	8.67009465e-01	7.65437615e-01
8708            	5.07689150e-02	6.07323083e-02	1.63240911e+00	8.66973471e-01	7.65435641e-01
8709            	5.07465670e-02	6.07179592e-02	1.63235926e+00	8.66926198e-01	7.65433064e-01
8710            	5.07190822e-02	6.06995027e-02	1.63229759e+00	8.66867877e-01	7.65429712e-01
8711            	5.06916580e-02	6.06837680e-02	1.63223451e+00	8.66808914e-01	7.65425598e-01
8712            	5.06589456e-02	6.06632963e-02	1.63215956e+00	8.66738727e-01	7.65420836e-01
8713            	5.06244649e-02	6.06422320e-02	1.63207764e+00	8.66663287e-01	7.65414357e-01
8714            	5.05887842e-02	6.06183902e-02	1.63199161e+00	8.66584588e-01	7.65407019e-01
8715            	5.05553853e-02	6.05961549e-02	1.63190950e+00	8.66510133e-01	7.65399362e-01
8716            	5.05284181e-02	6.05807987e-02	1.63183436e+00	8.66445596e-01	7.65388760e-01
8717            	5.05083164e-02	6.05686956e-02	1.63177173e+00	8.66394180e-01	7.65377547e-01
8718            	5.04984235e-02	6.05634697e-02	1.63172747e+00	8.66362160e-01	7.65365313e-01
8719            	5.04974670e-02	6.05641057e-02	1.63170500e+00	8.66349965e-01	7.65355031e-01
8720            	5.05144855e-02	6.05792615e-02	1.63171286e+00	8.66370916e-01	7.65341945e-01
8721            	5.05381647e-02	6.05976844e-02	1.63174008e+00	8.66408204e-01	7.65331875e-01
8722            	5.05670093e-02	6.06199898e-02	1.63178449e+00	8.66459256e-01	7.65325237e-01
8723            	5.06115395e-02	6.06543701e-02	1.63186002e+00	8.66541552e-01	7.65318473e-01
8724            	5.06555785e-02	6.06879245e-02	1.63194058e+00	8.66625866e-01	7.65314710e-01
8725            	5.07012497e-02	6.07231056e-02	1.63202899e+00	8.66715744e-01	7.65313245e-01
8726            	5.07463229e-02	6.07579585e-02	1.63211983e+00	8.66806239e-01	7.65313593e-01
8727            	5.07896850e-02	6.07914378e-02	1.63220985e+00	8.66894609e-01	7.65315239e-01
8728            	5.08298501e-02	6.08221532e-02	1.63229508e+00	8.66977389e-01	7.65317688e-01
8729            	5.08683775e-02	6.08517828e-02	1.63237891e+00	8.67057833e-01	7.65321078e-01
8730            	5.09010119e-02	6.08752942e-02	1.63244958e+00	8.67125804e-01	7.65323780e-01
8731            	5.09289864e-02	6.08944522e-02	1.63251035e+00	8.67184159e-01	7.65326186e-01
8732            	5.09532793e-02	6.09099830e-02	1.63256303e+00	8.67234795e-01	7.65328236e-01
8733            	5.09749920e-02	6.09227801e-02	1.63260991e+00	8.67279949e-01	7.65329965e-01
8734            	5.09959378e-02	6.09347871e-02	1.63265603e+00	8.67323951e-01	7.65332075e-01
8735            	5.10151129e-02	6.09444627e-02	1.63269742e+00	8.67363823e-01	7.65333597e-01
8736            	5.10327014e-02	6.09529691e-02	1.63273656e+00	8.67400981e-01	7.65335578e-01
8737            	5.10483796e-02	6.09602455e-02	1.63277355e+00	8.67435154e-01	7.65338395e-01
8738            	5.10615157e-02	6.09658608e-02	1.63280769e+00	8.67465361e-01	7.65342330e-01
8739            	5.10702519e-02	6.09684980e-02	1.63283741e+00	8.67488959e-01	7.65348455e-01
8740            	5.10735878e-02	6.09666218e-02	1.63285760e+00	8.67502390e-01	7.65355214e-01
8741            	5.10700786e-02	6.09594480e-02	1.63286641e+00	8.67503285e-01	7.65363128e-01
8742            	5.10591901e-02	6.09463098e-02	1.63286206e+00	8.67490220e-01	7.65371840e-01
8743            	5.10374690e-02	6.09241901e-02	1.63283907e+00	8.67457003e-01	7.65382065e-01
8744            	5.10077234e-02	6.08946826e-02	1.63279859e+00	8.67407018e-01	7.65391571e-01
8745            	5.09723087e-02	6.08602140e-02	1.63274516e+00	8.67344889e-01	7.65400271e-01
8746            	5.09335857e-02	6.08227907e-02	1.63268286e+00	8.67275015e-01	7.65407844e-01
8747            	5.08881801e-02	6.07797381e-02	1.63260654e+00	8.67191449e-01	7.65415089e-01
8748            	5.08404678e-02	6.07343924e-02	1.63252218e+00	8.67101558e-01	7.65420622e-01
8749            	5.07949559e-02	6.06912578e-02	1.63243956e+00	8.67014735e-01	7.65424823e-01
8750            	5.07526488e-02	6.06513471e-02	1.63236131e+00	8.66933305e-01	7.65428008e-01
8751            	5.07130934e-02	6.06144721e-02	1.63228736e+00	8.66856772e-01	7.65430585e-01
8752            	5.06722387e-02	6.05779579e-02	1.63221128e+00	8.66777879e-01	7.65433402e-01
8753            	5.06326184e-02	6.05432058e-02	1.63213662e+00	8.66700929e-01	7.65435692e-01
8754            	5.05968768e-02	6.05125363e-02	1.63206983e+00	8.66631793e-01	7.65438040e-01
8755            	5.05645011e-02	6.04852951e-02	1.63201029e+00	8.66569644e-01	7.65440642e-01
8756            	5.05341055e-02	6.04601945e-02	1.63195547e+00	8.66511841e-01	7.65443630e-01
8757            	5.05043694e-02	6.04360529e-02	1.63190284e+00	8.66455790e-01	7.65447051e-01
8758            	5.04719788e-02	6.04110435e-02	1.63184680e+00	8.66395378e-01	7.65451421e-01
8759            	5.04383478e-02	6.03846630e-02	1.63178760e+00	8.66332147e-01	7.65455451e-01
8760            	5.04041277e-02	6.03574389e-02	1.63172692e+00	8.66267590e-01	7.65459334e-01
8761            	5.03690229e-02	6.03289498e-02	1.63166376e+00	8.66200902e-01	7.65462856e-01
8762            	5.03326648e-02	6.02989016e-02	1.63159696e+00	8.66131144e-01	7.65465814e-01
8763            	5.02951512e-02	6.02674571e-02	1.63152633e+00	8.66058318e-01	7.65468016e-01
8764            	5.02570348e-02	6.02351423e-02	1.63145266e+00	8.65983363e-01	7.65469294e-01
8765            	5.02192653e-02	6.02027869e-02	1.63137761e+00	8.65908070e-01	7.65469539e-01
8766            	5.01829764e-02	6.01713508e-02	1.63130338e+00	8.65834667e-01	7.65468715e-01
8767            	5.01493240e-02	6.01417844e-02	1.63123240e+00	8.65765523e-01	7.65466875e-01
8768            	5.01193256e-02	6.01149410e-02	1.63116699e+00	8.65702820e-01	7.65464168e-01
8769            	5.00936652e-02	6.00914566e-02	1.63110898e+00	8.65648155e-01	7.65460825e-01
8770            	5.00726497e-02	6.00716970e-02	1.63105946e+00	8.65602379e-01	7.65457080e-01
8771            	5.00564362e-02	6.00558743e-02	1.63101917e+00	8.65566019e-01	7.65453147e-01
8772            	5.00450488e-02	6.00440967e-02	1.63098848e+00	8.65539291e-01	7.65449194e-01
8773            	5.00382573e-02	6.00362724e-02	1.63096721e+00	8.65521863e-01	7.65445348e-01
8774            	5.00357064e-02	6.00321891e-02	1.63095477e+00	8.65513090e-01	7.65441677e-01
8775            	5.00368912e-02	6.00314761e-02	1.63095018e+00	8.65511981e-01	7.65438199e-01
8776            	5.00413186e-02	6.00337493e-02	1.63095243e+00	8.65517534e-01	7.65434896e-01
8777            	5.00484539e-02	6.00385817e-02	1.63096039e+00	8.65528649e-01	7.65431742e-01
8778            	5.00577778e-02	6.00455260e-02	1.63097293e+00	8.65544242e-01	7.65428687e-01
8779            	5.00688817e-02	6.00541906e-02	1.63098910e+00	8.65563431e-01	7.65425668e-01
8780            	5.00815268e-02	6.00643131e-02	1.63100831e+00	8.65585680e-01	7.65422627e-01
8781            	5.00955543e-02	6.00756840e-02	1.63103016e+00	8.65610633e-01	7.65419524e-01
8782            	5.01113027e-02	6.00888383e-02	1.63105707e+00	8.65639838e-01	7.65417233e-01
8783            	5.01282691e-02	6.01025321e-02	1.63108510e+00	8.65670818e-01	7.65414280e-01
8784            	5.01464517e-02	6.01176666e-02	1.63111492e+00	8.65703912e-01	7.65411009e-01
8785            	5.01662282e-02	6.01333197e-02	1.63114668e+00	8.65739569e-01	7.65407113e-01
8786            	5.01875619e-02	6.01502879e-02	1.63118225e+00	8.65778688e-01	7.65403564e-01
8787            	5.02100774e-02	6.01682248e-02	1.63122052e+00	8.65820340e-01	7.65400185e-01
8788            	5.02335163e-02	6.01873816e-02	1.63126060e+00	8.65863815e-01	7.65396783e-01
8789            	5.02581589e-02	6.02072037e-02	1.63130281e+00	8.65909565e-01	7.65393247e-01
8790            	5.02835354e-02	6.02279769e-02	1.63134749e+00	8.65957281e-01	7.65390210e-01
8791            	5.03095863e-02	6.02495295e-02	1.63139464e+00	8.66006907e-01	7.65387734e-01
8792            	5.03369217e-02	6.02724768e-02	1.63144547e+00	8.66059655e-01	7.65385811e-01
8793            	5.03651374e-02	6.02956869e-02	1.63149887e+00	8.66114573e-01	7.65384299e-01
8794            	5.03935258e-02	6.03190412e-02	1.63155443e+00	8.66170741e-01	7.65383689e-01
8795            	5.04217439e-02	6.03421241e-02	1.63161138e+00	8.66227434e-01	7.65383946e-01
8796            	5.04510265e-02	6.03658137e-02	1.63167235e+00	8.66287204e-01	7.65385151e-01
8797            	5.04797942e-02	6.03884880e-02	1.63173295e+00	8.66346272e-01	7.65386683e-01
8798            	5.05079279e-02	6.04106061e-02	1.63179358e+00	8.66404716e-01	7.65388860e-01
8799            	5.05373942e-02	6.04334452e-02	1.63185848e+00	8.66466635e-01	7.65391846e-01
8800            	5.05653952e-02	6.04545952e-02	1.63192023e+00	8.66525509e-01	7.65394719e-01
8801            	5.05903707e-02	6.04738314e-02	1.63197632e+00	8.66578532e-01	7.65397791e-01
8802            	5.06130966e-02	6.04916054e-02	1.63202799e+00	8.66627094e-01	7.65400900e-01
8803            	5.06367413e-02	6.05100910e-02	1.63208238e+00	8.66677931e-01	7.65404449e-01
8804            	5.06579736e-02	6.05269797e-02	1.63213070e+00	8.66723322e-01	7.65407375e-01
8805            	5.06776143e-02	6.05434623e-02	1.63217547e+00	8.66765350e-01	7.65410121e-01
8806            	5.06959540e-02	6.05597227e-02	1.63221726e+00	8.66804584e-01	7.65412676e-01
8807            	5.07155384e-02	6.05775086e-02	1.63226249e+00	8.66846781e-01	7.65415704e-01
8808            	5.07321512e-02	6.05935549e-02	1.63230035e+00	8.66882324e-01	7.65418021e-01
8809            	5.07494286e-02	6.06111572e-02	1.63234067e+00	8.66919763e-01	7.65420906e-01
8810            	5.07658893e-02	6.06285190e-02	1.63237860e+00	8.66955190e-01	7.65423412e-01
8811            	5.07782394e-02	6.06441684e-02	1.63240745e+00	8.66981963e-01	7.65425484e-01
8812            	5.07902452e-02	6.06609083e-02	1.63243696e+00	8.67008725e-01	7.65428235e-01
8813            	5.08001205e-02	6.06763220e-02	1.63246115e+00	8.67030694e-01	7.65430453e-01
8814            	5.08085788e-02	6.06918320e-02	1.63248347e+00	8.67050314e-01	7.65433157e-01
8815            	5.08163937e-02	6.07069421e-02	1.63250388e+00	8.67068333e-01	7.65435546e-01
8816            	5.08191462e-02	6.07179484e-02	1.63251231e+00	8.67075301e-01	7.65437008e-01
8817            	5.08212873e-02	6.07287209e-02	1.63252038e+00	8.67081477e-01	7.65438903e-01
8818            	5.08223954e-02	6.07376245e-02	1.63252488e+00	8.67084837e-01	7.65440047e-01
8819            	5.08223374e-02	6.07451505e-02	1.63252749e+00	8.67086082e-01	7.65441407e-01
8820            	5.08263648e-02	6.07549870e-02	1.63253954e+00	8.67096137e-01	7.65443407e-01
8821            	5.08227849e-02	6.07575000e-02	1.63253342e+00	8.67089494e-01	7.65443925e-01
8822            	5.08166919e-02	6.07563883e-02	1.63252073e+00	8.67077056e-01	7.65443673e-01
8823            	5.08140785e-02	6.07570698e-02	1.63251555e+00	8.67071856e-01	7.65443699e-01
8824            	5.08050204e-02	6.07514262e-02	1.63249500e+00	8.67052522e-01	7.65442481e-01
8825            	5.07931735e-02	6.07438051e-02	1.63246917e+00	8.67027757e-01	7.65441410e-01
8826            	5.07837645e-02	6.07387883e-02	1.63244820e+00	8.67007864e-01	7.65440335e-01
8827            	5.07699520e-02	6.07306245e-02	1.63241679e+00	8.66978348e-01	7.65438444e-01
8828            	5.07532830e-02	6.07212937e-02	1.63237949e+00	8.66943030e-01	7.65436464e-01
8829            	5.07285144e-02	6.07056272e-02	1.63232435e+00	8.66890689e-01	7.65433661e-01
8830            	5.06985084e-02	6.06855318e-02	1.63225687e+00	8.66826945e-01	7.65429928e-01
8831            	5.06674748e-02	6.06669129e-02	1.63218490e+00	8.66759922e-01	7.65424973e-01
8832            	5.06324810e-02	6.06445753e-02	1.63210383e+00	8.66684394e-01	7.65419432e-01
8833            	5.05966370e-02	6.06223427e-02	1.63201700e+00	8.66605135e-01	7.65411861e-01
8834            	5.05617570e-02	6.05998252e-02	1.63193062e+00	8.66527068e-01	7.65403554e-01
8835            	5.05310787e-02	6.05799768e-02	1.63185048e+00	8.66456318e-01	7.65394160e-01
8836            	5.05067616e-02	6.05632474e-02	1.63178150e+00	8.66397513e-01	7.65383990e-01
8837            	5.04947316e-02	6.05573813e-02	1.63173086e+00	8.66360161e-01	7.65370698e-01
8838            	5.04921836e-02	6.05571606e-02	1.63170281e+00	8.66343589e-01	7.65359222e-01
8839            	5.05019974e-02	6.05662916e-02	1.63169982e+00	8.66351906e-01	7.65347911e-01
8840            	5.05196687e-02	6.05801161e-02	1.63171630e+00	8.66377817e-01	7.65338479e-01
8841            	5.05585629e-02	6.06111746e-02	1.63177292e+00	8.66445022e-01	7.65327896e-01
8842            	5.05988668e-02	6.06422918e-02	1.63183936e+00	8.66518549e-01	7.65320815e-01
8843            	5.06392371e-02	6.06737770e-02	1.63191320e+00	8.66595837e-01	7.65317363e-01
8844            	5.06882588e-02	6.07123167e-02	1.63200721e+00	8.66691863e-01	7.65315346e-01
8845            	5.07319581e-02	6.07462861e-02	1.63209481e+00	8.66779363e-01	7.65315446e-01
8846            	5.07834170e-02	6.07859947e-02	1.63220023e+00	8.66883530e-01	7.65316696e-01
8847            	5.08263812e-02	6.08188226e-02	1.63229127e+00	8.66972016e-01	7.65319254e-01
8848            	5.08633316e-02	6.08466610e-02	1.63237207e+00	8.67049366e-01	7.65322703e-01
8849            	5.08948614e-02	6.08694737e-02	1.63244110e+00	8.67115409e-01	7.65325686e-01
8850            	5.09213791e-02	6.08876905e-02	1.63250021e+00	8.67171483e-01	7.65328725e-01
8851            	5.09439092e-02	6.09018249e-02	1.63254915e+00	8.67218483e-01	7.65330665e-01
8852            	5.09641412e-02	6.09135619e-02	1.63259336e+00	8.67260823e-01	7.65332540e-01
8853            	5.09828953e-02	6.09233293e-02	1.63263294e+00	8.67299365e-01	7.65333574e-01
8854            	5.10011893e-02	6.09325833e-02	1.63267261e+00	8.67337494e-01	7.65335116e-01
8855            	5.10187830e-02	6.09409076e-02	1.63271076e+00	8.67374161e-01	7.65336595e-01
8856            	5.10355745e-02	6.09490634e-02	1.63274994e+00	8.67410547e-01	7.65339398e-01
8857            	5.10504142e-02	6.09557258e-02	1.63278668e+00	8.67443753e-01	7.65342924e-01
8858            	5.10622478e-02	6.09607895e-02	1.63282110e+00	8.67472799e-01	7.65348304e-01
8859            	5.10690052e-02	6.09618552e-02	1.63284745e+00	8.67492729e-01	7.65354719e-01
8860            	5.10690884e-02	6.09580701e-02	1.63286391e+00	8.67501042e-01	7.65362865e-01
8861            	5.10608270e-02	6.09471814e-02	1.63286493e+00	8.67493293e-01	7.65371639e-01
8862            	5.10438062e-02	6.09292271e-02	1.63285033e+00	8.67468972e-01	7.65381360e-01
8863            	5.10178895e-02	6.09032765e-02	1.63281733e+00	8.67426552e-01	7.65390773e-01
8864            	5.09840650e-02	6.08706468e-02	1.63276833e+00	8.67368229e-01	7.65400100e-01
8865            	5.09438407e-02	6.08319018e-02	1.63270407e+00	8.67295876e-01	7.65408195e-01
8866            	5.08993498e-02	6.07896597e-02	1.63262979e+00	8.67214245e-01	7.65415545e-01
8867            	5.08524994e-02	6.07448805e-02	1.63254753e+00	8.67126264e-01	7.65421265e-01
8868            	5.08052363e-02	6.07003837e-02	1.63246287e+00	8.67036670e-01	7.65426197e-01
8869            	5.07588438e-02	6.06565132e-02	1.63237705e+00	8.66947370e-01	7.65429683e-01
8870            	5.07146112e-02	6.06156401e-02	1.63229477e+00	8.66861995e-01	7.65432773e-01
8871            	5.06730050e-02	6.05773376e-02	1.63221586e+00	8.66780937e-01	7.65434927e-01
8872            	5.06346174e-02	6.05432793e-02	1.63214367e+00	8.66706452e-01	7.65437218e-01
8873            	5.05991392e-02	6.05121880e-02	1.63207660e+00	8.66637441e-01	7.65439163e-01
8874            	5.05687812e-02	6.04860899e-02	1.63202016e+00	8.66578859e-01	7.65441297e-01
8875            	5.05375909e-02	6.04606648e-02	1.63196284e+00	8.66519011e-01	7.65443830e-01
8876            	5.05087500e-02	6.04375281e-02	1.63191116e+00	8.66464331e-01	7.65446831e-01
8877            	5.04802606e-02	6.04149597e-02	1.63186127e+00	8.66410895e-01	7.65450373e-01
8878            	5.04506123e-02	6.03916660e-02	1.63181002e+00	8.66355620e-01	7.65454395e-01
8879            	5.04186299e-02	6.03665818e-02	1.63175463e+00	8.66295946e-01	7.65458687e-01
8880            	5.03838092e-02	6.03391082e-02	1.63169348e+00	8.66230552e-01	7.65462933e-01
8881            	5.03462947e-02	6.03091427e-02	1.63162611e+00	8.66159348e-01	7.65466758e-01
8882            	5.03067496e-02	6.02770314e-02	1.63155311e+00	8.66083304e-01	7.65469805e-01
8883            	5.02662416e-02	6.02434912e-02	1.63147605e+00	8.66004265e-01	7.65471782e-01
8884            	5.02260485e-02	6.02094791e-02	1.63139712e+00	8.65924609e-01	7.65472512e-01
8885            	5.01875196e-02	6.01761071e-02	1.63131892e+00	8.65846981e-01	7.65471941e-01
8886            	5.01519183e-02	6.01444946e-02	1.63124411e+00	8.65773974e-01	7.65470138e-01
8887            	5.01203279e-02	6.01156739e-02	1.63117521e+00	8.65707930e-01	7.65467275e-01
8888            	5.00934470e-02	6.00904429e-02	1.63111414e+00	8.65650519e-01	7.65463625e-01
8889            	5.00715432e-02	6.00692853e-02	1.63106206e+00	8.65602573e-01	7.65459486e-01
8890            	5.00546911e-02	6.00524586e-02	1.63101964e+00	8.65564511e-01	7.65455128e-01
8891            	5.00428431e-02	6.00400578e-02	1.63098725e+00	8.65536468e-01	7.65450782e-01
8892            	5.00357305e-02	6.00319588e-02	1.63096471e+00	8.65518085e-01	7.65446624e-01
8893            	5.00329357e-02	6.00278616e-02	1.63095140e+00	8.65508638e-01	7.65442766e-01
8894            	5.00339067e-02	6.00272915e-02	1.63094631e+00	8.65507061e-01	7.65439247e-01
8895            	5.00380888e-02	6.00297363e-02	1.63094827e+00	8.65512226e-01	7.65436048e-01
8896            	5.00449163e-02	6.00346744e-02	1.63095608e+00	8.65522954e-01	7.65433121e-01
8897            	5.00538428e-02	6.00415843e-02	1.63096845e+00	8.65538069e-01	7.65430384e-01
8898            	5.00644161e-02	6.00500062e-02	1.63098428e+00	8.65556555e-01	7.65427723e-01
8899            	5.00764066e-02	6.00596747e-02	1.63100286e+00	8.65577837e-01	7.65425024e-01
8900            	5.00896707e-02	6.00704007e-02	1.63102374e+00	8.65601540e-01	7.65422199e-01
8901            	5.01045638e-02	6.00827502e-02	1.63104927e+00	8.65629199e-01	7.65420072e-01
8902            	5.01206178e-02	6.00955481e-02	1.63107559e+00	8.65658415e-01	7.65417179e-01
8903            	5.01378738e-02	6.01097422e-02	1.63110344e+00	8.65689592e-01	7.65413845e-01
8904            	5.01567783e-02	6.01245205e-02	1.63113308e+00	8.65723318e-01	7.65409761e-01
8905            	5.01774265e-02	6.01407920e-02	1.63116677e+00	8.65760812e-01	7.65405959e-01
8906            	5.01994107e-02	6.01581999e-02	1.63120339e+00	8.65801107e-01	7.65402285e-01
8907            	5.02224372e-02	6.01769661e-02	1.63124195e+00	8.65843413e-01	7.65398539e-01
8908            	5.02467897e-02	6.01965533e-02	1.63128293e+00	8.65888255e-01	7.65394676e-01
8909            	5.02719854e-02	6.02172171e-02	1.63132668e+00	8.65935324e-01	7.65391354e-01
8910            	5.02979096e-02	6.02387343e-02	1.63137310e+00	8.65984462e-01	7.65388643e-01
8911            	5.03251730e-02	6.02617229e-02	1.63142337e+00	8.66036856e-01	7.65386510e-01
8912            	5.03534237e-02	6.02850709e-02	1.63147654e+00	8.66091696e-01	7.65384848e-01
8913            	5.03819200e-02	6.03086228e-02	1.63153212e+00	8.66147979e-01	7.65384139e-01
8914            	5.04102874e-02	6.03319305e-02	1.63158925e+00	8.66204910e-01	7.65384335e-01
8915            	5.04396915e-02	6.03558340e-02	1.63165037e+00	8.66264879e-01	7.65385496e-01
8916            	5.04685692e-02	6.03787034e-02	1.63171114e+00	8.66324140e-01	7.65387002e-01
8917            	5.04967829e-02	6.04009769e-02	1.63177187e+00	8.66382717e-01	7.65389151e-01
8918            	5.05263547e-02	6.04239863e-02	1.63183689e+00	8.66444798e-01	7.65392089e-01
8919            	5.05546196e-02	6.04454237e-02	1.63189906e+00	8.66504147e-01	7.65394908e-01
8920            	5.05799701e-02	6.04650043e-02	1.63195577e+00	8.66557854e-01	7.65397914e-01
8921            	5.06030560e-02	6.04830701e-02	1.63200800e+00	8.66607056e-01	7.65400944e-01
8922            	5.06269387e-02	6.05017032e-02	1.63206265e+00	8.66658263e-01	7.65404386e-01
8923            	5.06483850e-02	6.05186762e-02	1.63211119e+00	8.66703981e-01	7.65407211e-01
8924            	5.06682306e-02	6.05351870e-02	1.63215619e+00	8.66746326e-01	7.65409864e-01
8925            	5.06894445e-02	6.05532297e-02	1.63220476e+00	8.66791825e-01	7.65412936e-01
8926            	5.07084295e-02	6.05699401e-02	1.63224761e+00	8.66832232e-01	7.65415373e-01
8927            	5.07246604e-02	6.05857367e-02	1.63228448e+00	8.66866899e-01	7.65417579e-01
8928            	5.07416384e-02	6.06031181e-02	1.63232401e+00	8.66903646e-01	7.65420369e-01
8929            	5.07567161e-02	6.06195622e-02	1.63235863e+00	8.66936031e-01	7.65422599e-01
8930            	5.07714467e-02	6.06372005e-02	1.63239368e+00	8.66968287e-01	7.65425394e-01
8931            	5.07855912e-02	6.06548800e-02	1.63242710e+00	8.66999140e-01	7.65427958e-01
8932            	5.07946513e-02	6.06696739e-02	1.63244912e+00	8.67019213e-01	7.65429910e-01
8933            	5.08028453e-02	6.06849653e-02	1.63247064e+00	8.67038164e-01	7.65432473e-01
8934            	5.08094986e-02	6.06989982e-02	1.63248800e+00	8.67053497e-01	7.65434500e-01
8935            	5.08148599e-02	6.07125780e-02	1.63250346e+00	8.67066591e-01	7.65436871e-01
8936            	5.08229432e-02	6.07282754e-02	1.63252565e+00	8.67085767e-01	7.65439880e-01
8937            	5.08239989e-02	6.07377573e-02	1.63253088e+00	8.67089438e-01	7.65441440e-01
8938            	5.08226025e-02	6.07439412e-02	1.63252971e+00	8.67087458e-01	7.65442253e-01
8939            	5.08211952e-02	6.07492399e-02	1.63252838e+00	8.67085386e-01	7.65442996e-01
8940            	5.08177719e-02	6.07513822e-02	1.63252166e+00	8.67078601e-01	7.65443057e-01
8941            	5.08197070e-02	6.07569061e-02	1.63252763e+00	8.67083521e-01	7.65444106e-01
8942            	5.08164049e-02	6.07573180e-02	1.63252101e+00	8.67076909e-01	7.65444099e-01
8943            	5.08079263e-02	6.07530726e-02	1.63250238e+00	8.67059116e-01	7.65443263e-01
8944            	5.07955742e-02	6.07450718e-02	1.63247453e+00	8.67032841e-01	7.65441693e-01
8945            	5.07873939e-02	6.07411020e-02	1.63245604e+00	8.67015415e-01	7.65440627e-01
8946            	5.07723574e-02	6.07317572e-02	1.63242239e+00	8.66983553e-01	7.65438838e-01
8947            	5.07520677e-02	6.07187933e-02	1.63237711e+00	8.66940622e-01	7.65436487e-01
8948            	5.07266568e-02	6.07017261e-02	1.63232018e+00	8.66886745e-01	7.65433431e-01
8949            	5.07017838e-02	6.06876416e-02	1.63226318e+00	8.66833375e-01	7.65429808e-01
8950            	5.06709224e-02	6.06684259e-02	1.63219300e+00	8.66767421e-01	7.65425576e-01
8951            	5.06376338e-02	6.06482318e-02	1.63211480e+00	8.66695034e-01	7.65419766e-01
8952            	5.06018481e-02	6.06243831e-02	1.63202979e+00	8.66616744e-01	7.65413047e-01
8953            	5.05670424e-02	6.06012341e-02	1.63194600e+00	8.66540040e-01	7.65405955e-01
8954            	5.05372685e-02	6.05840270e-02	1.63186654e+00	8.66470539e-01	7.65396002e-01
8955            	5.05131883e-02	6.05691703e-02	1.63179677e+00	8.66411575e-01	7.65385198e-01
8956            	5.04983667e-02	6.05605095e-02	1.63174307e+00	8.66369903e-01	7.65373170e-01
8957            	5.04923187e-02	6.05575003e-02	1.63171017e+00	8.66347406e-01	7.65362769e-01
8958            	5.05034104e-02	6.05685192e-02	1.63170535e+00	8.66356083e-01	7.65349262e-01
8959            	5.05222234e-02	6.05834571e-02	1.63172138e+00	8.66382914e-01	7.65338467e-01
8960            	5.05473186e-02	6.06029131e-02	1.63175653e+00	8.66425584e-01	7.65330946e-01
8961            	5.05883184e-02	6.06345755e-02	1.63182288e+00	8.66499760e-01	7.65323123e-01
8962            	5.06303777e-02	6.06664859e-02	1.63189741e+00	8.66579081e-01	7.65318326e-01
8963            	5.06755463e-02	6.07011714e-02	1.63198286e+00	8.66666976e-01	7.65315883e-01
8964            	5.07213588e-02	6.07365685e-02	1.63207354e+00	8.66758129e-01	7.65315411e-01
8965            	5.07664982e-02	6.07715298e-02	1.63216588e+00	8.66849437e-01	7.65316441e-01
8966            	5.08091697e-02	6.08044416e-02	1.63225535e+00	8.66936843e-01	7.65318503e-01
8967            	5.08507086e-02	6.08368065e-02	1.63234484e+00	8.67023130e-01	7.65321713e-01
8968            	5.08860329e-02	6.08628567e-02	1.63242091e+00	8.67096489e-01	7.65324424e-01
8969            	5.09161988e-02	6.08841727e-02	1.63248632e+00	8.67159359e-01	7.65326962e-01
8970            	5.09419906e-02	6.09012688e-02	1.63254237e+00	8.67213174e-01	7.65329193e-01
8971            	5.09645676e-02	6.09150494e-02	1.63259129e+00	8.67260212e-01	7.65331077e-01
8972            	5.09860173e-02	6.09276580e-02	1.63263850e+00	8.67305270e-01	7.65333235e-01
8973            	5.10054984e-02	6.09376358e-02	1.63268030e+00	8.67345649e-01	7.65334652e-01
8974            	5.10234631e-02	6.09463749e-02	1.63271963e+00	8.67383277e-01	7.65336351e-01
8975            	5.10397750e-02	6.09539748e-02	1.63275699e+00	8.67418268e-01	7.65338718e-01
8976            	5.10540275e-02	6.09602600e-02	1.63279221e+00	8.67450133e-01	7.65342078e-01
8977            	5.10648432e-02	6.09643849e-02	1.63282472e+00	8.67477202e-01	7.65347515e-01
8978            	5.10711250e-02	6.09647616e-02	1.63284943e+00	8.67495842e-01	7.65353592e-01
8979            	5.10713091e-02	6.09605895e-02	1.63286448e+00	8.67503548e-01	7.65360930e-01
8980            	5.10644700e-02	6.09508545e-02	1.63286746e+00	8.67498200e-01	7.65369260e-01
8981            	5.10471609e-02	6.09325505e-02	1.63285297e+00	8.67473648e-01	7.65379326e-01
8982            	5.10216410e-02	6.09067735e-02	1.63282108e+00	8.67432181e-01	7.65388899e-01
8983            	5.09896330e-02	6.08753735e-02	1.63277505e+00	8.67377160e-01	7.65397894e-01
8984            	5.09532831e-02	6.08401266e-02	1.63271840e+00	8.67312481e-01	7.65405915e-01
8985            	5.09093407e-02	6.07984054e-02	1.63264614e+00	8.67232410e-01	7.65413729e-01
8986            	5.08622749e-02	6.07535716e-02	1.63256421e+00	8.67144379e-01	7.65419829e-01
8987            	5.08166052e-02	6.07101581e-02	1.63248226e+00	8.67057737e-01	7.65424527e-01
8988            	5.07736480e-02	6.06694517e-02	1.63240351e+00	8.66975402e-01	7.65428106e-01
8989            	5.07292683e-02	6.06285222e-02	1.63232150e+00	8.66890019e-01	7.65431483e-01
8990            	5.06859919e-02	6.05890520e-02	1.63223991e+00	8.66805949e-01	7.65433966e-01
8991            	5.06472654e-02	6.05543306e-02	1.63216671e+00	8.66730623e-01	7.65436092e-01
8992            	5.06128160e-02	6.05240873e-02	1.63210203e+00	8.66663832e-01	7.65438200e-01
8993            	5.05812836e-02	6.04971306e-02	1.63204374e+00	8.66603152e-01	7.65440585e-01
8994            	5.05512472e-02	6.04722185e-02	1.63198936e+00	8.66545925e-01	7.65443431e-01
8995            	5.05192859e-02	6.04473330e-02	1.63193322e+00	8.66485896e-01	7.65447325e-01
8996            	5.04866887e-02	6.04218699e-02	1.63187557e+00	8.66424473e-01	7.65451096e-01
8997            	5.04544949e-02	6.03965363e-02	1.63181902e+00	8.66364006e-01	7.65455016e-01
8998            	5.04218728e-02	6.03704397e-02	1.63176162e+00	8.66302682e-01	7.65458936e-01
8999            	5.03878010e-02	6.03427380e-02	1.63170098e+00	8.66238293e-01	7.65462691e-01
9000            	5.03518165e-02	6.03131091e-02	1.63163576e+00	8.66169697e-01	7.65466064e-01
9001            	5.03140211e-02	6.02817012e-02	1.63156567e+00	8.66096854e-01	7.65468812e-01
9002            	5.02750794e-02	6.02490850e-02	1.63149154e+00	8.66020850e-01	7.65470692e-01
9003            	5.02359986e-02	6.02160596e-02	1.63141504e+00	8.65943520e-01	7.65471523e-01
9004            	5.01980145e-02	6.01835909e-02	1.63133846e+00	8.65867245e-01	7.65471217e-01
9005            	5.01623846e-02	6.01526705e-02	1.63126435e+00	8.65794560e-01	7.65469791e-01
9006            	5.01302702e-02	6.01242196e-02	1.63119526e+00	8.65727902e-01	7.65467361e-01
9007            	5.01024697e-02	6.00989619e-02	1.63113325e+00	8.65669097e-01	7.65464158e-01
9008            	5.00793820e-02	6.00773668e-02	1.63107965e+00	8.65619206e-01	7.65460442e-01
9009            	5.00611338e-02	6.00596863e-02	1.63103518e+00	8.65578722e-01	7.65456455e-01
9010            	5.00477437e-02	6.00460572e-02	1.63100028e+00	8.65547885e-01	7.65452398e-01
9011            	5.00390587e-02	6.00364807e-02	1.63097496e+00	8.65526539e-01	7.65448421e-01
9012            	5.00347381e-02	6.00307850e-02	1.63095873e+00	8.65514102e-01	7.65444626e-01
9013            	5.00343222e-02	6.00286535e-02	1.63095074e+00	8.65509694e-01	7.65441050e-01
9014            	5.00373028e-02	6.00296881e-02	1.63094998e+00	8.65512294e-01	7.65437688e-01
9015            	5.00431789e-02	6.00334773e-02	1.63095539e+00	8.65520873e-01	7.65434515e-01
9016            	5.00514162e-02	6.00395515e-02	1.63096581e+00	8.65534320e-01	7.65431488e-01
9017            	5.00615429e-02	6.00474591e-02	1.63098016e+00	8.65551623e-01	7.65428537e-01
9018            	5.00732776e-02	6.00568878e-02	1.63099773e+00	8.65572141e-01	7.65425586e-01
9019            	5.00864388e-02	6.00676008e-02	1.63101803e+00	8.65595453e-01	7.65422576e-01
9020            	5.01009515e-02	6.00794592e-02	1.63104083e+00	8.65621367e-01	7.65419464e-01
9021            	5.01172365e-02	6.00930882e-02	1.63106871e+00	8.65651592e-01	7.65417119e-01
9022            	5.01347977e-02	6.01072448e-02	1.63109775e+00	8.65683672e-01	7.65414077e-01
9023            	5.01535510e-02	6.01227751e-02	1.63112850e+00	8.65717801e-01	7.65410699e-01
9024            	5.01739260e-02	6.01388360e-02	1.63116125e+00	8.65754549e-01	7.65406697e-01
9025            	5.01957712e-02	6.01561820e-02	1.63119771e+00	8.65794625e-01	7.65403083e-01
9026            	5.02187297e-02	6.01744748e-02	1.63123683e+00	8.65837143e-01	7.65399684e-01
9027            	5.02426321e-02	6.01940166e-02	1.63127789e+00	8.65881578e-01	7.65396314e-01
9028            	5.02677211e-02	6.02142416e-02	1.63132121e+00	8.65928326e-01	7.65392884e-01
9029            	5.02935542e-02	6.02354442e-02	1.63136714e+00	8.65977126e-01	7.65390018e-01
9030            	5.03201303e-02	6.02574881e-02	1.63141581e+00	8.66028035e-01	7.65387774e-01
9031            	5.03479971e-02	6.02809097e-02	1.63146832e+00	8.66082157e-01	7.65386163e-01
9032            	5.03764905e-02	6.03043859e-02	1.63152298e+00	8.66137980e-01	7.65384999e-01
9033            	5.04049365e-02	6.03278070e-02	1.63157937e+00	8.66194620e-01	7.65384747e-01
9034            	5.04330554e-02	6.03508093e-02	1.63163678e+00	8.66251447e-01	7.65385336e-01
9035            	5.04623231e-02	6.03744325e-02	1.63169838e+00	8.66311515e-01	7.65386869e-01
9036            	5.04910430e-02	6.03970149e-02	1.63175947e+00	8.66370777e-01	7.65388691e-01
9037            	5.05191099e-02	6.04190345e-02	1.63182041e+00	8.66429317e-01	7.65391097e-01
9038            	5.05482793e-02	6.04415711e-02	1.63188509e+00	8.66490826e-01	7.65394267e-01
9039            	5.05755382e-02	6.04621027e-02	1.63194556e+00	8.66548320e-01	7.65397243e-01
9040            	5.05996465e-02	6.04806843e-02	1.63199998e+00	8.66599638e-01	7.65400345e-01
9041            	5.06216577e-02	6.04980044e-02	1.63205018e+00	8.66646750e-01	7.65403434e-01
9042            	5.06448710e-02	6.05163544e-02	1.63210360e+00	8.66696669e-01	7.65406927e-01
9043            	5.06657101e-02	6.05332308e-02	1.63215095e+00	8.66741187e-01	7.65409767e-01
9044            	5.06849395e-02	6.05497711e-02	1.63219466e+00	8.66782270e-01	7.65412391e-01
9045            	5.07052733e-02	6.05677863e-02	1.63224143e+00	8.66825990e-01	7.65415443e-01
9046            	5.07231743e-02	6.05843704e-02	1.63228200e+00	8.66864176e-01	7.65417828e-01
9047            	5.07383687e-02	6.06001275e-02	1.63231664e+00	8.66896688e-01	7.65419951e-01
9048            	5.07543657e-02	6.06175994e-02	1.63235415e+00	8.66931438e-01	7.65422707e-01
9049            	5.07684740e-02	6.06340954e-02	1.63238672e+00	8.66961833e-01	7.65424885e-01
9050            	5.07820672e-02	6.06516086e-02	1.63241940e+00	8.66991769e-01	7.65427635e-01
9051            	5.07948239e-02	6.06688757e-02	1.63244994e+00	8.67019794e-01	7.65430147e-01
9052            	5.08025366e-02	6.06830372e-02	1.63246909e+00	8.67037082e-01	7.65432008e-01
9053            	5.08095066e-02	6.06976356e-02	1.63248796e+00	8.67053487e-01	7.65434474e-01
9054            	5.08150173e-02	6.07108193e-02	1.63250274e+00	8.67066389e-01	7.65436355e-01
9055            	5.08192978e-02	6.07233822e-02	1.63251570e+00	8.67077147e-01	7.65438552e-01
9056            	5.08264360e-02	6.07379894e-02	1.63253558e+00	8.67094228e-01	7.65441356e-01
9057            	5.08263965e-02	6.07460655e-02	1.63253820e+00	8.67095498e-01	7.65442705e-01
9058            	5.08238827e-02	6.07506828e-02	1.63253437e+00	8.67091069e-01	7.65443304e-01
9059            	5.08215714e-02	6.07545059e-02	1.63253076e+00	8.67086954e-01	7.65443811e-01
9060            	5.08172420e-02	6.07551652e-02	1.63252176e+00	8.67078120e-01	7.65443636e-01
9061            	5.08183352e-02	6.07593683e-02	1.63252550e+00	8.67081083e-01	7.65444413e-01
9062            	5.08140518e-02	6.07584989e-02	1.63251648e+00	8.67072291e-01	7.65444188e-01
9063            	5.08038101e-02	6.07524955e-02	1.63249388e+00	8.67050749e-01	7.65443129e-01
9064            	5.07892862e-02	6.07426015e-02	1.63246127e+00	8.67019921e-01	7.65441349e-01
9065            	5.07783134e-02	6.07366931e-02	1.63243647e+00	8.66996547e-01	7.65439920e-01
9066            	5.07601217e-02	6.07252017e-02	1.63239573e+00	8.66957988e-01	7.65437745e-01
9067            	5.07367653e-02	6.07103113e-02	1.63234340e+00	8.66908466e-01	7.65434935e-01
9068            	5.07082416e-02	6.06912244e-02	1.63227910e+00	8.66847793e-01	7.65431309e-01
9069            	5.06795708e-02	6.06747433e-02	1.63221275e+00	8.66785944e-01	7.65426803e-01
9070            	5.06460907e-02	6.06537484e-02	1.63213550e+00	8.66713843e-01	7.65421661e-01
9071            	5.06112474e-02	6.06323289e-02	1.63205201e+00	8.66637254e-01	7.65414759e-01
9072            	5.05761041e-02	6.06088092e-02	1.63196630e+00	8.66559254e-01	7.65407045e-01
9073            	5.05440445e-02	6.05874413e-02	1.63188623e+00	8.66487160e-01	7.65399071e-01
9074            	5.05194434e-02	6.05736938e-02	1.63181508e+00	8.66426984e-01	7.65388097e-01
9075            	5.05023453e-02	6.05636926e-02	1.63175805e+00	8.66381370e-01	7.65376680e-01
9076            	5.04960873e-02	6.05610549e-02	1.63172091e+00	8.66356543e-01	7.65364368e-01
9077            	5.04987555e-02	6.05643461e-02	1.63170592e+00	8.66351714e-01	7.65354203e-01
9078            	5.05199424e-02	6.05825049e-02	1.63172273e+00	8.66381309e-01	7.65341425e-01
9079            	5.05468305e-02	6.06032737e-02	1.63175740e+00	8.66425531e-01	7.65331870e-01
9080            	5.05781988e-02	6.06275637e-02	1.63180800e+00	8.66482197e-01	7.65325800e-01
9081            	5.06256320e-02	6.06642746e-02	1.63189054e+00	8.66570904e-01	7.65319640e-01
9082            	5.06741660e-02	6.07019998e-02	1.63198128e+00	8.66664806e-01	7.65316474e-01
9083            	5.07211794e-02	6.07384970e-02	1.63207327e+00	8.66757813e-01	7.65315454e-01
9084            	5.07657746e-02	6.07724512e-02	1.63216392e+00	8.66847734e-01	7.65316185e-01
9085            	5.08071068e-02	6.08040474e-02	1.63225098e+00	8.66932595e-01	7.65318381e-01
9086            	5.08441908e-02	6.08320287e-02	1.63233085e+00	8.67009618e-01	7.65321236e-01
9087            	5.08770180e-02	6.08561612e-02	1.63240257e+00	8.67078305e-01	7.65324269e-01
9088            	5.09058733e-02	6.08765227e-02	1.63246598e+00	8.67138863e-01	7.65327116e-01
9089            	5.09330755e-02	6.08954645e-02	1.63252645e+00	8.67196300e-01	7.65330149e-01
9090            	5.09571992e-02	6.09104588e-02	1.63257828e+00	8.67246339e-01	7.65331940e-01
9091            	5.09794852e-02	6.09234993e-02	1.63262571e+00	8.67292339e-01	7.65333368e-01
9092            	5.10004728e-02	6.09351415e-02	1.63267043e+00	8.67335686e-01	7.65334740e-01
9093            	5.10202986e-02	6.09456384e-02	1.63271338e+00	8.67376990e-01	7.65336393e-01
9094            	5.10391605e-02	6.09556318e-02	1.63275695e+00	8.67417634e-01	7.65339312e-01
9095            	5.10556647e-02	6.09634569e-02	1.63279624e+00	8.67453786e-01	7.65342457e-01
9096            	5.10687979e-02	6.09691064e-02	1.63283120e+00	8.67484400e-01	7.65346804e-01
9097            	5.10773071e-02	6.09715135e-02	1.63285954e+00	8.67507078e-01	7.65352464e-01
9098            	5.10782411e-02	6.09682269e-02	1.63287728e+00	8.67516881e-01	7.65360399e-01
9099            	5.10714641e-02	6.09582866e-02	1.63288041e+00	8.67511670e-01	7.65368742e-01
9100            	5.10565900e-02	6.09417274e-02	1.63286860e+00	8.67490889e-01	7.65377709e-01
9101            	5.10342219e-02	6.09188570e-02	1.63284206e+00	8.67455254e-01	7.65386810e-01
9102            	5.10010538e-02	6.08868242e-02	1.63279557e+00	8.67398838e-01	7.65396730e-01
9103            	5.09613300e-02	6.08485227e-02	1.63273347e+00	8.67328063e-01	7.65405403e-01
9104            	5.09188663e-02	6.08077676e-02	1.63266341e+00	8.67250573e-01	7.65412841e-01
9105            	5.08760468e-02	6.07666817e-02	1.63259000e+00	8.67171049e-01	7.65418956e-01
9106            	5.08290668e-02	6.07224114e-02	1.63250740e+00	8.67082768e-01	7.65424635e-01
9107            	5.07817372e-02	6.06778202e-02	1.63242103e+00	8.66992253e-01	7.65428779e-01
9108            	5.07381483e-02	6.06370017e-02	1.63234005e+00	8.66908173e-01	7.65431877e-01
9109            	5.06987224e-02	6.06004575e-02	1.63226602e+00	8.66831734e-01	7.65434289e-01
9110            	5.06625490e-02	6.05675571e-02	1.63219795e+00	8.66761523e-01	7.65436425e-01
9111            	5.06257684e-02	6.05358547e-02	1.63212973e+00	8.66690634e-01	7.65439097e-01
9112            	5.05899124e-02	6.05056190e-02	1.63206291e+00	8.66621369e-01	7.65441544e-01
9113            	5.05571232e-02	6.04785586e-02	1.63200277e+00	8.66558506e-01	7.65444260e-01
9114            	5.05265957e-02	6.04536987e-02	1.63194785e+00	8.66500519e-01	7.65447327e-01
9115            	5.04968987e-02	6.04297133e-02	1.63189538e+00	8.66444587e-01	7.65450790e-01
9116            	5.04666828e-02	6.04054538e-02	1.63184262e+00	8.66387994e-01	7.65454629e-01
9117            	5.04348131e-02	6.03799898e-02	1.63178706e+00	8.66328344e-01	7.65458718e-01
9118            	5.04005653e-02	6.03526662e-02	1.63172677e+00	8.66263948e-01	7.65462818e-01
9119            	5.03638828e-02	6.03232917e-02	1.63166099e+00	8.66194380e-01	7.65466614e-01
9120            	5.03251788e-02	6.02920202e-02	1.63158991e+00	8.66120132e-01	7.65469775e-01
9121            	5.02853292e-02	6.02593773e-02	1.63151467e+00	8.66042665e-01	7.65472007e-01
9122            	5.02454249e-02	6.02260945e-02	1.63143709e+00	8.65963970e-01	7.65473120e-01
9123            	5.02067148e-02	6.01930981e-02	1.63135949e+00	8.65886459e-01	7.65473029e-01
9124            	5.01704207e-02	6.01613978e-02	1.63128436e+00	8.65812603e-01	7.65471761e-01
9125            	5.01376303e-02	6.01319528e-02	1.63121414e+00	8.65744699e-01	7.65469438e-01
9126            	5.01091413e-02	6.01055971e-02	1.63115084e+00	8.65684563e-01	7.65466280e-01
9127            	5.00853715e-02	6.00829263e-02	1.63109585e+00	8.65633297e-01	7.65462554e-01
9128            	5.00664235e-02	6.00642759e-02	1.63104987e+00	8.65591357e-01	7.65458510e-01
9129            	5.00523122e-02	6.00498320e-02	1.63101335e+00	8.65558990e-01	7.65454365e-01
9130            	5.00429291e-02	6.00396408e-02	1.63098644e+00	8.65536147e-01	7.65450289e-01
9131            	5.00379540e-02	6.00335225e-02	1.63096872e+00	8.65522315e-01	7.65446407e-01
9132            	5.00369581e-02	6.00311405e-02	1.63095948e+00	8.65516696e-01	7.65442780e-01
9133            	5.00394108e-02	6.00320206e-02	1.63095766e+00	8.65518240e-01	7.65439418e-01
9134            	5.00448230e-02	6.00356940e-02	1.63096224e+00	8.65525942e-01	7.65436296e-01
9135            	5.00526545e-02	6.00416387e-02	1.63097203e+00	8.65538669e-01	7.65433360e-01
9136            	5.00624297e-02	6.00493746e-02	1.63098593e+00	8.65555395e-01	7.65430536e-01
9137            	5.00738158e-02	6.00585331e-02	1.63100308e+00	8.65575356e-01	7.65427724e-01
9138            	5.00866270e-02	6.00688827e-02	1.63102294e+00	8.65598099e-01	7.65424845e-01
9139            	5.01007654e-02	6.00802854e-02	1.63104521e+00	8.65623371e-01	7.65421840e-01
9140            	5.01166529e-02	6.00934052e-02	1.63107244e+00	8.65652873e-01	7.65419568e-01
9141            	5.01337969e-02	6.01070298e-02	1.63110072e+00	8.65684156e-01	7.65416562e-01
9142            	5.01521641e-02	6.01220567e-02	1.63113068e+00	8.65717505e-01	7.65413176e-01
9143            	5.01721812e-02	6.01376696e-02	1.63116261e+00	8.65753488e-01	7.65409126e-01
9144            	5.01937567e-02	6.01546909e-02	1.63119839e+00	8.65792950e-01	7.65405436e-01
9145            	5.02165210e-02	6.01727762e-02	1.63123693e+00	8.65834987e-01	7.65401945e-01
9146            	5.02402535e-02	6.01921881e-02	1.63127745e+00	8.65878979e-01	7.65398472e-01
9147            	5.02652053e-02	6.02123509e-02	1.63132028e+00	8.65925346e-01	7.65394935e-01
9148            	5.02909083e-02	6.02335215e-02	1.63136575e+00	8.65973785e-01	7.65391968e-01
9149            	5.03173370e-02	6.02555280e-02	1.63141393e+00	8.66024302e-01	7.65389628e-01
9150            	5.03450685e-02	6.02789357e-02	1.63146597e+00	8.66078053e-01	7.65387916e-01
9151            	5.03735417e-02	6.03024720e-02	1.63152040e+00	8.66133742e-01	7.65386658e-01
9152            	5.04020592e-02	6.03260043e-02	1.63157676e+00	8.66190440e-01	7.65386322e-01
9153            	5.04303019e-02	6.03491378e-02	1.63163429e+00	8.66247446e-01	7.65386842e-01
9154            	5.04596257e-02	6.03728324e-02	1.63169588e+00	8.66307566e-01	7.65388315e-01
9155            	5.04883715e-02	6.03954334e-02	1.63175689e+00	8.66366817e-01	7.65390074e-01
9156            	5.05164503e-02	6.04174437e-02	1.63181777e+00	8.66425335e-01	7.65392434e-01
9157            	5.05457324e-02	6.04400564e-02	1.63188260e+00	8.66487031e-01	7.65395566e-01
9158            	5.05732786e-02	6.04607894e-02	1.63194360e+00	8.66545078e-01	7.65398521e-01
9159            	5.05977097e-02	6.04795816e-02	1.63199865e+00	8.66597033e-01	7.65401614e-01
9160            	5.06199537e-02	6.04970185e-02	1.63204931e+00	8.66644610e-01	7.65404702e-01
9161            	5.06432959e-02	6.05153776e-02	1.63210299e+00	8.66694792e-01	7.65408200e-01
9162            	5.06642753e-02	6.05322404e-02	1.63215066e+00	8.66739606e-01	7.65411055e-01
9163            	5.06836979e-02	6.05487791e-02	1.63219481e+00	8.66781105e-01	7.65413710e-01
9164            	5.07043168e-02	6.05668312e-02	1.63224223e+00	8.66825430e-01	7.65416797e-01
9165            	5.07225560e-02	6.05834772e-02	1.63228356e+00	8.66864336e-01	7.65419224e-01
9166            	5.07380285e-02	6.05992331e-02	1.63231885e+00	8.66897456e-01	7.65421399e-01
9167            	5.07542849e-02	6.06166665e-02	1.63235697e+00	8.66932768e-01	7.65424198e-01
9168            	5.07686438e-02	6.06331211e-02	1.63239012e+00	8.66963705e-01	7.65426417e-01
9169            	5.07825471e-02	6.06506535e-02	1.63242351e+00	8.66994303e-01	7.65429209e-01
9170            	5.07956813e-02	6.06680146e-02	1.63245488e+00	8.67023120e-01	7.65431758e-01
9171            	5.08037747e-02	6.06823467e-02	1.63247488e+00	8.67041215e-01	7.65433665e-01
9172            	5.08110371e-02	6.06970920e-02	1.63249444e+00	8.67058257e-01	7.65436183e-01
9173            	5.08168056e-02	6.07104565e-02	1.63250986e+00	8.67071736e-01	7.65438125e-01
9174            	5.08213467e-02	6.07232699e-02	1.63252348e+00	8.67083088e-01	7.65440394e-01
9175            	5.08286776e-02	6.07381218e-02	1.63254391e+00	8.67100632e-01	7.65443276e-01
9176            	5.08288995e-02	6.07465544e-02	1.63254721e+00	8.67102502e-01	7.65444704e-01
9177            	5.08266687e-02	6.07515837e-02	1.63254410e+00	8.67098719e-01	7.65445382e-01
9178            	5.08245682e-02	6.07557731e-02	1.63254108e+00	8.67095110e-01	7.65445974e-01
9179            	5.08204599e-02	6.07568003e-02	1.63253269e+00	8.67086806e-01	7.65445886e-01
9180            	5.08217513e-02	6.07612974e-02	1.63253701e+00	8.67090257e-01	7.65446755e-01
9181            	5.08177898e-02	6.07607785e-02	1.63252883e+00	8.67082203e-01	7.65446623e-01
9182            	5.08080546e-02	6.07552394e-02	1.63250741e+00	8.67061758e-01	7.65445649e-01
9183            	5.07941816e-02	6.07458704e-02	1.63247626e+00	8.67032310e-01	7.65443947e-01
9184            	5.07840529e-02	6.07404964e-02	1.63245337e+00	8.67010739e-01	7.65442633e-01
9185            	5.07668425e-02	6.07296393e-02	1.63241485e+00	8.66974268e-01	7.65440583e-01
9186            	5.07445174e-02	6.07154110e-02	1.63236489e+00	8.66926963e-01	7.65437928e-01
9187            	5.07169801e-02	6.06969774e-02	1.63230294e+00	8.66868449e-01	7.65434489e-01
9188            	5.06894741e-02	6.06812554e-02	1.63223950e+00	8.66809225e-01	7.65430277e-01
9189            	5.06566954e-02	6.06607386e-02	1.63216426e+00	8.66738827e-01	7.65425437e-01
9190            	5.06221768e-02	6.06395779e-02	1.63208214e+00	8.66663245e-01	7.65418891e-01
9191            	5.05866355e-02	6.06158079e-02	1.63199627e+00	8.66584770e-01	7.65411499e-01
9192            	5.05535325e-02	6.05937477e-02	1.63191467e+00	8.66510866e-01	7.65403801e-01
9193            	5.05270953e-02	6.05787609e-02	1.63184047e+00	8.66447332e-01	7.65393141e-01
9194            	5.05076743e-02	6.05671443e-02	1.63177915e+00	8.66397248e-01	7.65381899e-01
9195            	5.04986180e-02	6.05625364e-02	1.63173654e+00	8.66366889e-01	7.65369653e-01
9196            	5.04985249e-02	6.05638296e-02	1.63171582e+00	8.66356436e-01	7.65359386e-01
9197            	5.05165517e-02	6.05797466e-02	1.63172580e+00	8.66379451e-01	7.65346347e-01
9198            	5.05410153e-02	6.05987625e-02	1.63175478e+00	8.66418407e-01	7.65336376e-01
9199            	5.05705186e-02	6.06216070e-02	1.63180073e+00	8.66470882e-01	7.65329845e-01
9200            	5.06159707e-02	6.06567498e-02	1.63187827e+00	8.66555105e-01	7.65323164e-01
9201            	5.06633948e-02	6.06935432e-02	1.63196580e+00	8.66646296e-01	7.65319507e-01
9202            	5.07104022e-02	6.07299853e-02	1.63205679e+00	8.66738799e-01	7.65317994e-01
9203            	5.07556448e-02	6.07644312e-02	1.63214796e+00	8.66829627e-01	7.65318338e-01
9204            	5.07980536e-02	6.07969296e-02	1.63223666e+00	8.66916384e-01	7.65320277e-01
9205            	5.08364403e-02	6.08260715e-02	1.63231888e+00	8.66995882e-01	7.65323002e-01
9206            	5.08706335e-02	6.08514842e-02	1.63239330e+00	8.67067282e-01	7.65326015e-01
9207            	5.09006988e-02	6.08730361e-02	1.63245924e+00	8.67130319e-01	7.65328921e-01
9208            	5.09289172e-02	6.08930371e-02	1.63252196e+00	8.67189897e-01	7.65332063e-01
9209            	5.09536611e-02	6.09087404e-02	1.63257527e+00	8.67241295e-01	7.65333973e-01
9210            	5.09762740e-02	6.09222005e-02	1.63262351e+00	8.67288030e-01	7.65335482e-01
9211            	5.09973971e-02	6.09340394e-02	1.63266853e+00	8.67331661e-01	7.65336867e-01
9212            	5.10173110e-02	6.09446111e-02	1.63271152e+00	8.67373071e-01	7.65338449e-01
9213            	5.10363920e-02	6.09547219e-02	1.63275517e+00	8.67413977e-01	7.65341193e-01
9214            	5.10532862e-02	6.09627398e-02	1.63279473e+00	8.67450653e-01	7.65344081e-01
9215            	5.10671057e-02	6.09688001e-02	1.63283045e+00	8.67482332e-01	7.65348121e-01
9216            	5.10767026e-02	6.09719671e-02	1.63286032e+00	8.67506865e-01	7.65353459e-01
9217            	5.10793064e-02	6.09699705e-02	1.63288077e+00	8.67519691e-01	7.65361079e-01
9218            	5.10745573e-02	6.09616825e-02	1.63288746e+00	8.67518286e-01	7.65369172e-01
9219            	5.10618181e-02	6.09469188e-02	1.63287964e+00	8.67501639e-01	7.65378003e-01
9220            	5.10415067e-02	6.09258284e-02	1.63285721e+00	8.67470111e-01	7.65387098e-01
9221            	5.10102978e-02	6.08955308e-02	1.63281488e+00	8.67417738e-01	7.65397143e-01
9222            	5.09721604e-02	6.08586498e-02	1.63275637e+00	8.67350344e-01	7.65406023e-01
9223            	5.09306901e-02	6.08187958e-02	1.63268885e+00	8.67275113e-01	7.65413733e-01
9224            	5.08883544e-02	6.07781356e-02	1.63261699e+00	8.67196847e-01	7.65420138e-01
9225            	5.08414285e-02	6.07338581e-02	1.63253510e+00	8.67108979e-01	7.65426122e-01
9226            	5.07938413e-02	6.06889290e-02	1.63244873e+00	8.67018204e-01	7.65430522e-01
9227            	5.07497603e-02	6.06475225e-02	1.63236715e+00	8.66933335e-01	7.65433815e-01
9228            	5.07097180e-02	6.06102487e-02	1.63229215e+00	8.66855791e-01	7.65436355e-01
9229            	5.06728696e-02	6.05765434e-02	1.63222285e+00	8.66784292e-01	7.65438553e-01
9230            	5.06353516e-02	6.05439564e-02	1.63215316e+00	8.66711933e-01	7.65441230e-01
9231            	5.05988528e-02	6.05129431e-02	1.63208496e+00	8.66641331e-01	7.65443626e-01
9232            	5.05656075e-02	6.04853169e-02	1.63202373e+00	8.66577473e-01	7.65446258e-01
9233            	5.05348351e-02	6.04601331e-02	1.63196813e+00	8.66518902e-01	7.65449232e-01
9234            	5.05051078e-02	6.04360615e-02	1.63191543e+00	8.66462825e-01	7.65452610e-01
9235            	5.04750718e-02	6.04119270e-02	1.63186291e+00	8.66406526e-01	7.65456383e-01
9236            	5.04436111e-02	6.03868049e-02	1.63180812e+00	8.66347670e-01	7.65460448e-01
9237            	5.04075154e-02	6.03590202e-02	1.63174530e+00	8.66280168e-01	7.65465137e-01
9238            	5.03696600e-02	6.03290339e-02	1.63167716e+00	8.66208240e-01	7.65468920e-01
9239            	5.03310312e-02	6.02977249e-02	1.63160606e+00	8.66134059e-01	7.65471997e-01
9240            	5.02923461e-02	6.02655220e-02	1.63153298e+00	8.66058838e-01	7.65474146e-01
9241            	5.02540549e-02	6.02328455e-02	1.63145861e+00	8.65983358e-01	7.65475248e-01
9242            	5.02168111e-02	6.02003886e-02	1.63138414e+00	8.65908880e-01	7.65475258e-01
9243            	5.01814524e-02	6.01690436e-02	1.63131129e+00	8.65837099e-01	7.65474195e-01
9244            	5.01488782e-02	6.01397352e-02	1.63124206e+00	8.65769910e-01	7.65472153e-01
9245            	5.01199182e-02	6.01133065e-02	1.63117843e+00	8.65709135e-01	7.65469299e-01
9246            	5.00951385e-02	6.00903741e-02	1.63112200e+00	8.65656138e-01	7.65465861e-01
9247            	5.00747936e-02	6.00712655e-02	1.63107373e+00	8.65611660e-01	7.65462072e-01
9248            	5.00590397e-02	6.00561382e-02	1.63103436e+00	8.65576221e-01	7.65458142e-01
9249            	5.00479325e-02	6.00450401e-02	1.63100434e+00	8.65550102e-01	7.65454237e-01
9250            	5.00412763e-02	6.00378105e-02	1.63098352e+00	8.65533034e-01	7.65450481e-01
9251            	5.00387460e-02	6.00341752e-02	1.63097136e+00	8.65524428e-01	7.65446936e-01
9252            	5.00398671e-02	6.00337268e-02	1.63096694e+00	8.65523338e-01	7.65443604e-01
9253            	5.00441784e-02	6.00360747e-02	1.63096925e+00	8.65528805e-01	7.65440448e-01
9254            	5.00511720e-02	6.00408086e-02	1.63097718e+00	8.65539762e-01	7.65437418e-01
9255            	5.00603576e-02	6.00475267e-02	1.63098961e+00	8.65555164e-01	7.65434449e-01
9256            	5.00713446e-02	6.00558885e-02	1.63100560e+00	8.65574147e-01	7.65431458e-01
9257            	5.00839148e-02	6.00656961e-02	1.63102460e+00	8.65596216e-01	7.65428386e-01
9258            	5.00979202e-02	6.00767966e-02	1.63104624e+00	8.65621043e-01	7.65425202e-01
9259            	5.01137057e-02	6.00897894e-02	1.63107302e+00	8.65650217e-01	7.65422805e-01
9260            	5.01307635e-02	6.01034274e-02	1.63110099e+00	8.65681259e-01	7.65419732e-01
9261            	5.01490870e-02	6.01186172e-02	1.63113085e+00	8.65714512e-01	7.65416338e-01
9262            	5.01690425e-02	6.01344386e-02	1.63116278e+00	8.65750431e-01	7.65412347e-01
9263            	5.01905629e-02	6.01516513e-02	1.63119863e+00	8.65789876e-01	7.65408750e-01
9264            	5.02132591e-02	6.01698743e-02	1.63123726e+00	8.65831889e-01	7.65405371e-01
9265            	5.02368816e-02	6.01893523e-02	1.63127779e+00	8.65875779e-01	7.65402015e-01
9266            	5.02616772e-02	6.02094694e-02	1.63132049e+00	8.65921922e-01	7.65398567e-01
9267            	5.02871704e-02	6.02304801e-02	1.63136562e+00	8.65969981e-01	7.65395640e-01
9268            	5.03133056e-02	6.02522026e-02	1.63141317e+00	8.66019891e-01	7.65393280e-01
9269            	5.03406962e-02	6.02752510e-02	1.63146435e+00	8.66072870e-01	7.65391477e-01
9270            	5.03689226e-02	6.02984811e-02	1.63151799e+00	8.66127918e-01	7.65390073e-01
9271            	5.03972839e-02	6.03217854e-02	1.63157367e+00	8.66184117e-01	7.65389549e-01
9272            	5.04254482e-02	6.03447696e-02	1.63163063e+00	8.66240762e-01	7.65389866e-01
9273            	5.04546619e-02	6.03683238e-02	1.63169154e+00	8.66300434e-01	7.65391110e-01
9274            	5.04833467e-02	6.03908536e-02	1.63175201e+00	8.66359353e-01	7.65392659e-01
9275            	5.05113872e-02	6.04128319e-02	1.63181245e+00	8.66417611e-01	7.65394836e-01
9276            	5.05407570e-02	6.04355407e-02	1.63187713e+00	8.66479323e-01	7.65397809e-01
9277            	5.05686582e-02	6.04565841e-02	1.63193864e+00	8.66537979e-01	7.65400663e-01
9278            	5.05935356e-02	6.04757444e-02	1.63199450e+00	8.66590784e-01	7.65403712e-01
9279            	5.06161894e-02	6.04934880e-02	1.63204598e+00	8.66639180e-01	7.65406801e-01
9280            	5.06398058e-02	6.05119999e-02	1.63210027e+00	8.66689943e-01	7.65410331e-01
9281            	5.06610361e-02	6.05289503e-02	1.63214857e+00	8.66735319e-01	7.65413247e-01
9282            	5.06806925e-02	6.05455183e-02	1.63219336e+00	8.66777374e-01	7.65415989e-01
9283            	5.06990464e-02	6.05618673e-02	1.63223518e+00	8.66816638e-01	7.65418545e-01
9284            	5.07186521e-02	6.05797549e-02	1.63228047e+00	8.66858889e-01	7.65421585e-01
9285            	5.07352897e-02	6.05959018e-02	1.63231841e+00	8.66894494e-01	7.65423915e-01
9286            	5.07525942e-02	6.06136073e-02	1.63235882e+00	8.66932005e-01	7.65426817e-01
9287            	5.07690876e-02	6.06310732e-02	1.63239687e+00	8.66967522e-01	7.65429347e-01
9288            	5.07814361e-02	6.06467838e-02	1.63242574e+00	8.66994307e-01	7.65431435e-01
9289            	5.07934155e-02	6.06635591e-02	1.63245523e+00	8.67021031e-01	7.65434200e-01
9290            	5.08032655e-02	6.06790016e-02	1.63247940e+00	8.67042963e-01	7.65436432e-01
9291            	5.08116827e-02	6.06945130e-02	1.63250165e+00	8.67062506e-01	7.65439140e-01
9292            	5.08194579e-02	6.07096146e-02	1.63252198e+00	8.67080447e-01	7.65441531e-01
9293            	5.08221639e-02	6.07205863e-02	1.63253030e+00	8.67087312e-01	7.65442984e-01
9294            	5.08242495e-02	6.07312981e-02	1.63253822e+00	8.67093358e-01	7.65444859e-01
9295            	5.08253124e-02	6.07401369e-02	1.63254259e+00	8.67096606e-01	7.65445982e-01
9296            	5.08252086e-02	6.07475806e-02	1.63254505e+00	8.67097731e-01	7.65447314e-01
9297            	5.08292234e-02	6.07573483e-02	1.63255701e+00	8.67107730e-01	7.65449283e-01
9298            	5.08256185e-02	6.07597774e-02	1.63255078e+00	8.67101010e-01	7.65449773e-01
9299            	5.08194937e-02	6.07585820e-02	1.63253798e+00	8.67088483e-01	7.65449496e-01
9300            	5.08168541e-02	6.07591961e-02	1.63253271e+00	8.67083208e-01	7.65449500e-01
9301            	5.08077484e-02	6.07534823e-02	1.63251203e+00	8.67063761e-01	7.65448264e-01
9302            	5.07958077e-02	6.07457705e-02	1.63248598e+00	8.67038796e-01	7.65447181e-01
9303            	5.07862861e-02	6.07406794e-02	1.63246475e+00	8.67018663e-01	7.65446090e-01
9304            	5.07723245e-02	6.07324276e-02	1.63243302e+00	8.66988832e-01	7.65444183e-01
9305            	5.07554448e-02	6.07229794e-02	1.63239525e+00	8.66953070e-01	7.65442181e-01
9306            	5.07304572e-02	6.07071853e-02	1.63233962e+00	8.66900265e-01	7.65439351e-01
9307            	5.07002151e-02	6.06869398e-02	1.63227160e+00	8.66836013e-01	7.65435583e-01
9308            	5.06689494e-02	6.06681837e-02	1.63219903e+00	8.66768465e-01	7.65430567e-01
9309            	5.06338406e-02	6.06457774e-02	1.63211760e+00	8.66692638e-01	7.65424957e-01
9310            	5.05980263e-02	6.06235776e-02	1.63203065e+00	8.66613351e-01	7.65417298e-01
9311            	5.05633666e-02	6.06012216e-02	1.63194454e+00	8.66535638e-01	7.65408905e-01
9312            	5.05330895e-02	6.05816622e-02	1.63186505e+00	8.66465612e-01	7.65399433e-01
9313            	5.05093285e-02	6.05653340e-02	1.63179708e+00	8.66407869e-01	7.65389212e-01
9314            	5.04980711e-02	6.05600153e-02	1.63174790e+00	8.66372024e-01	7.65375881e-01
9315            	5.04963157e-02	6.05603675e-02	1.63172146e+00	8.66357044e-01	7.65364413e-01
9316            	5.05069352e-02	6.05700820e-02	1.63172017e+00	8.66367022e-01	7.65353151e-01
9317            	5.05253193e-02	6.05844379e-02	1.63173824e+00	8.66394441e-01	7.65343802e-01
9318            	5.05649404e-02	6.06160294e-02	1.63179660e+00	8.66463242e-01	7.65333361e-01
9319            	5.06057964e-02	6.06475750e-02	1.63186444e+00	8.66538017e-01	7.65326424e-01
9320            	5.06465162e-02	6.06793424e-02	1.63193925e+00	8.66616143e-01	7.65323110e-01
9321            	5.06956291e-02	6.07179595e-02	1.63203377e+00	8.66712513e-01	7.65321255e-01
9322            	5.07392925e-02	6.07518962e-02	1.63212154e+00	8.66800064e-01	7.65321479e-01
9323            	5.07906120e-02	6.07914709e-02	1.63222690e+00	8.66904064e-01	7.65322840e-01
9324            	5.08333464e-02	6.08240834e-02	1.63231764e+00	8.66992168e-01	7.65325475e-01
9325            	5.08699534e-02	6.08516103e-02	1.63239783e+00	8.67068868e-01	7.65328961e-01
9326            	5.09011651e-02	6.08741153e-02	1.63246624e+00	8.67134286e-01	7.65331956e-01
9327            	5.09274285e-02	6.08920712e-02	1.63252483e+00	8.67189845e-01	7.65334988e-01
9328            	5.09497967e-02	6.09060178e-02	1.63257342e+00	8.67236507e-01	7.65336913e-01
9329            	5.09699632e-02	6.09176526e-02	1.63261749e+00	8.67278708e-01	7.65338781e-01
9330            	5.09887119e-02	6.09273790e-02	1.63265707e+00	8.67317249e-01	7.65339825e-01
9331            	5.10070204e-02	6.09366271e-02	1.63269684e+00	8.67355443e-01	7.65341402e-01
9332            	5.10246112e-02	6.09449502e-02	1.63273511e+00	8.67392167e-01	7.65342945e-01
9333            	5.10413462e-02	6.09530844e-02	1.63277437e+00	8.67428530e-01	7.65345838e-01
9334            	5.10560373e-02	6.09596612e-02	1.63281103e+00	8.67461551e-01	7.65349476e-01
9335            	5.10675974e-02	6.09645396e-02	1.63284515e+00	8.67490172e-01	7.65354977e-01
9336            	5.10739493e-02	6.09653077e-02	1.63287092e+00	8.67509411e-01	7.65361513e-01
9337            	5.10735031e-02	6.09611065e-02	1.63288654e+00	8.67516773e-01	7.65369767e-01
9338            	5.10646332e-02	6.09497232e-02	1.63288652e+00	8.67507892e-01	7.65378626e-01
9339            	5.10469704e-02	6.09312322e-02	1.63287073e+00	8.67482338e-01	7.65388397e-01
9340            	5.10204386e-02	6.09047553e-02	1.63283653e+00	8.67438703e-01	7.65397825e-01
9341            	5.09860704e-02	6.08716522e-02	1.63278641e+00	8.67379276e-01	7.65407135e-01
9342            	5.09454163e-02	6.08325266e-02	1.63272121e+00	8.67306021e-01	7.65415188e-01
9343            	5.09006294e-02	6.07900245e-02	1.63264622e+00	8.67223742e-01	7.65422483e-01
9344            	5.08536187e-02	6.07451097e-02	1.63256352e+00	8.67135380e-01	7.65428143e-01
9345            	5.08063171e-02	6.07005957e-02	1.63247868e+00	8.67045656e-01	7.65433022e-01
9346            	5.07599724e-02	6.06567962e-02	1.63239288e+00	8.66956412e-01	7.65436467e-01
9347            	5.07158505e-02	6.06160636e-02	1.63231077e+00	8.66871236e-01	7.65439535e-01
9348            	5.06743894e-02	6.05779429e-02	1.63223215e+00	8.66790465e-01	7.65441686e-01
9349            	5.06361585e-02	6.05440841e-02	1.63216030e+00	8.66716310e-01	7.65443993e-01
9350            	5.06008219e-02	6.05131785e-02	1.63209359e+00	8.66647615e-01	7.65445971e-01
9351            	5.05705572e-02	6.04872132e-02	1.63203741e+00	8.66589261e-01	7.65448147e-01
9352            	5.05394417e-02	6.04619031e-02	1.63198035e+00	8.66529617e-01	7.65450733e-01
9353            	5.05106212e-02	6.04388201e-02	1.63192881e+00	8.66475028e-01	7.65453786e-01
9354            	5.04820912e-02	6.04162413e-02	1.63187893e+00	8.66421557e-01	7.65457375e-01
9355            	5.04523424e-02	6.03928767e-02	1.63182755e+00	8.66366118e-01	7.65461433e-01
9356            	5.04202192e-02	6.03676772e-02	1.63177193e+00	8.66306183e-01	7.65465744e-01
9357            	5.03852384e-02	6.03400624e-02	1.63171046e+00	8.66240469e-01	7.65469992e-01
9358            	5.03475779e-02	6.03099574e-02	1.63164275e+00	8.66168954e-01	7.65473798e-01
9359            	5.03079327e-02	6.02777368e-02	1.63156948e+00	8.66092671e-01	7.65476806e-01
9360            	5.02673889e-02	6.02441328e-02	1.63149224e+00	8.66013508e-01	7.65478730e-01
9361            	5.02272399e-02	6.02101195e-02	1.63141328e+00	8.65933878e-01	7.65479398e-01
9362            	5.01888420e-02	6.01768175e-02	1.63133521e+00	8.65856448e-01	7.65478764e-01
9363            	5.01534519e-02	6.01453442e-02	1.63126071e+00	8.65783805e-01	7.65476902e-01
9364            	5.01221395e-02	6.01167237e-02	1.63119226e+00	8.65718271e-01	7.65473992e-01
9365            	5.00955833e-02	6.00917406e-02	1.63113179e+00	8.65661477e-01	7.65470311e-01
9366            	5.00740313e-02	6.00708644e-02	1.63108038e+00	8.65614219e-01	7.65466156e-01
9367            	5.00575452e-02	6.00543391e-02	1.63103869e+00	8.65576889e-01	7.65461799e-01
9368            	5.00460670e-02	6.00422517e-02	1.63100706e+00	8.65549599e-01	7.65457465e-01
9369            	5.00393139e-02	6.00344649e-02	1.63098529e+00	8.65531958e-01	7.65453330e-01
9370            	5.00368563e-02	6.00306661e-02	1.63097272e+00	8.65523214e-01	7.65449502e-01
9371            	5.00381355e-02	6.00303722e-02	1.63096830e+00	8.65522286e-01	7.65446015e-01
9372            	5.00425930e-02	6.00330652e-02	1.63097088e+00	8.65528035e-01	7.65442849e-01
9373            	5.00496653e-02	6.00382224e-02	1.63097923e+00	8.65539282e-01	7.65439951e-01
9374            	5.00588128e-02	6.00453273e-02	1.63099211e+00	8.65554867e-01	7.65437242e-01
9375            	5.00695837e-02	6.00539177e-02	1.63100837e+00	8.65573767e-01	7.65434600e-01
9376            	5.00817563e-02	6.00637348e-02	1.63102734e+00	8.65595428e-01	7.65431915e-01
9377            	5.00951910e-02	6.00745939e-02	1.63104858e+00	8.65619482e-01	7.65429100e-01
9378            	5.01102467e-02	6.00870688e-02	1.63107446e+00	8.65647476e-01	7.65426982e-01
9379            	5.01264655e-02	6.00999892e-02	1.63110113e+00	8.65677029e-01	7.65424098e-01
9380            	5.01438904e-02	6.01143044e-02	1.63112933e+00	8.65708553e-01	7.65420772e-01
9381            	5.01629641e-02	6.01292006e-02	1.63115933e+00	8.65742631e-01	7.65416703e-01
9382            	5.01837703e-02	6.01455851e-02	1.63119338e+00	8.65780463e-01	7.65412922e-01
9383            	5.02059008e-02	6.01631000e-02	1.63123035e+00	8.65821078e-01	7.65409276e-01
9384            	5.02290682e-02	6.01819694e-02	1.63126927e+00	8.65863703e-01	7.65405567e-01
9385            	5.02535514e-02	6.02016524e-02	1.63131061e+00	8.65908854e-01	7.65401751e-01
9386            	5.02788597e-02	6.02223985e-02	1.63135469e+00	8.65956203e-01	7.65398484e-01
9387            	5.03048813e-02	6.02439844e-02	1.63140143e+00	8.66005594e-01	7.65395832e-01
9388            	5.03322319e-02	6.02670267e-02	1.63145200e+00	8.66058232e-01	7.65393768e-01
9389            	5.03605499e-02	6.02904092e-02	1.63150546e+00	8.66113279e-01	7.65392179e-01
9390            	5.03890942e-02	6.03139765e-02	1.63156127e+00	8.66169731e-01	7.65391543e-01
9391            	5.04174891e-02	6.03372793e-02	1.63161860e+00	8.66226789e-01	7.65391810e-01
9392            	5.04469082e-02	6.03611600e-02	1.63167991e+00	8.66286861e-01	7.65393045e-01
9393            	5.04757719e-02	6.03839822e-02	1.63174078e+00	8.66346162e-01	7.65394618e-01
9394            	5.05039467e-02	6.04061890e-02	1.63180155e+00	8.66404721e-01	7.65396827e-01
9395            	5.05334551e-02	6.04291090e-02	1.63186656e+00	8.66466734e-01	7.65399824e-01
9396            	5.05616321e-02	6.04504403e-02	1.63192865e+00	8.66525957e-01	7.65402693e-01
9397            	5.05868701e-02	6.04699032e-02	1.63198522e+00	8.66579479e-01	7.65405739e-01
9398            	5.06098323e-02	6.04878515e-02	1.63203727e+00	8.66628466e-01	7.65408801e-01
9399            	5.06335824e-02	6.05063695e-02	1.63209171e+00	8.66679438e-01	7.65412273e-01
9400            	5.06548959e-02	6.05232398e-02	1.63214003e+00	8.66724913e-01	7.65415121e-01
9401            	5.06746145e-02	6.05396651e-02	1.63218482e+00	8.66767022e-01	7.65417793e-01
9402            	5.06956984e-02	6.05576337e-02	1.63223317e+00	8.66812282e-01	7.65420885e-01
9403            	5.07145604e-02	6.05742842e-02	1.63227580e+00	8.66852461e-01	7.65423340e-01
9404            	5.07306698e-02	6.05900270e-02	1.63231246e+00	8.66886901e-01	7.65425561e-01
9405            	5.07475075e-02	6.06073474e-02	1.63235176e+00	8.66923387e-01	7.65428372e-01
9406            	5.07624363e-02	6.06237218e-02	1.63238612e+00	8.66955496e-01	7.65430624e-01
9407            	5.07770062e-02	6.06412784e-02	1.63242090e+00	8.66987455e-01	7.65433442e-01
9408            	5.07909635e-02	6.06588493e-02	1.63245399e+00	8.67017959e-01	7.65436032e-01
9409            	5.07998620e-02	6.06735353e-02	1.63247573e+00	8.67037729e-01	7.65438005e-01
9410            	5.08078865e-02	6.06886966e-02	1.63249695e+00	8.67056361e-01	7.65440588e-01
9411            	5.08143554e-02	6.07025690e-02	1.63251397e+00	8.67071342e-01	7.65442631e-01
9412            	5.08195414e-02	6.07159756e-02	1.63252912e+00	8.67084100e-01	7.65445017e-01
9413            	5.08274138e-02	6.07314467e-02	1.63255090e+00	8.67102866e-01	7.65448038e-01
9414            	5.08282946e-02	6.07407208e-02	1.63255580e+00	8.67106195e-01	7.65449606e-01
9415            	5.08267314e-02	6.07466922e-02	1.63255431e+00	8.67103888e-01	7.65450425e-01
9416            	5.08251487e-02	6.07517611e-02	1.63255264e+00	8.67101468e-01	7.65451171e-01
9417            	5.08215637e-02	6.07536838e-02	1.63254559e+00	8.67094361e-01	7.65451234e-01
9418            	5.08233014e-02	6.07589495e-02	1.63255116e+00	8.67098882e-01	7.65452279e-01
9419            	5.08198229e-02	6.07591371e-02	1.63254418e+00	8.67091914e-01	7.65452269e-01
9420            	5.08111859e-02	6.07547031e-02	1.63252523e+00	8.67073803e-01	7.65451431e-01
9421            	5.07986743e-02	6.07465292e-02	1.63249706e+00	8.67047206e-01	7.65449857e-01
9422            	5.07903022e-02	6.07423783e-02	1.63247816e+00	8.67029384e-01	7.65448780e-01
9423            	5.07750934e-02	6.07328858e-02	1.63244415e+00	8.66997167e-01	7.65446980e-01
9424            	5.07546493e-02	6.07198050e-02	1.63239853e+00	8.66953913e-01	7.65444614e-01
9425            	5.07290938e-02	6.07026346e-02	1.63234127e+00	8.66899726e-01	7.65441539e-01
9426            	5.07040505e-02	6.06884376e-02	1.63228387e+00	8.66845985e-01	7.65437884e-01
9427            	5.06730556e-02	6.06691344e-02	1.63221335e+00	8.66779733e-01	7.65433621e-01
9428            	5.06396700e-02	6.06488780e-02	1.63213489e+00	8.66707113e-01	7.65427773e-01
9429            	5.06038548e-02	6.06250102e-02	1.63204975e+00	8.66628730e-01	7.65421020e-01
9430            	5.05690876e-02	6.06018889e-02	1.63196597e+00	8.66552073e-01	7.65413898e-01
9431            	5.05394153e-02	6.05847473e-02	1.63188666e+00	8.66482744e-01	7.65403913e-01
9432            	5.05155000e-02	6.05700037e-02	1.63181718e+00	8.66424091e-01	7.65393091e-01
9433            	5.05016462e-02	6.05630333e-02	1.63176489e+00	8.66384089e-01	7.65380797e-01
9434            	5.04963825e-02	6.05610016e-02	1.63173241e+00	8.66362590e-01	7.65369825e-01
9435            	5.05005567e-02	6.05645082e-02	1.63172045e+00	8.66360780e-01	7.65359667e-01
9436            	5.05225285e-02	6.05819920e-02	1.63174051e+00	8.66392785e-01	7.65347728e-01
9437            	5.05511260e-02	6.06039652e-02	1.63178063e+00	8.66441441e-01	7.65339189e-01
9438            	5.05898558e-02	6.06340445e-02	1.63184397e+00	8.66511840e-01	7.65332128e-01
9439            	5.06295782e-02	6.06644661e-02	1.63191423e+00	8.66586693e-01	7.65327536e-01
9440            	5.06843916e-02	6.07072537e-02	1.63201696e+00	8.66692872e-01	7.65324089e-01
9441            	5.07273409e-02	6.07403901e-02	1.63210109e+00	8.66777887e-01	7.65323206e-01
9442            	5.07745143e-02	6.07771883e-02	1.63219744e+00	8.66873237e-01	7.65324208e-01
9443            	5.08147451e-02	6.08079737e-02	1.63228116e+00	8.66955326e-01	7.65325836e-01
9444            	5.08543297e-02	6.08381173e-02	1.63236603e+00	8.67037343e-01	7.65328684e-01
9445            	5.08903168e-02	6.08646809e-02	1.63244334e+00	8.67111988e-01	7.65331355e-01
9446            	5.09204688e-02	6.08861077e-02	1.63250994e+00	8.67175440e-01	7.65334502e-01
9447            	5.09459088e-02	6.09029993e-02	1.63256566e+00	8.67228739e-01	7.65336921e-01
9448            	5.09681348e-02	6.09168147e-02	1.63261529e+00	8.67275781e-01	7.65339511e-01
9449            	5.09879898e-02	6.09279442e-02	1.63265866e+00	8.67317318e-01	7.65341338e-01
9450            	5.10065087e-02	6.09377812e-02	1.63270019e+00	8.67356601e-01	7.65343584e-01
9451            	5.10237053e-02	6.09460225e-02	1.63273850e+00	8.67392957e-01	7.65345546e-01
9452            	5.10396631e-02	6.09535380e-02	1.63277638e+00	8.67427852e-01	7.65348525e-01
9453            	5.10535206e-02	6.09592344e-02	1.63281087e+00	8.67458954e-01	7.65351913e-01
9454            	5.10645409e-02	6.09633021e-02	1.63284286e+00	8.67485972e-01	7.65356890e-01
9455            	5.10708905e-02	6.09636011e-02	1.63286722e+00	8.67504501e-01	7.65362720e-01
9456            	5.10711222e-02	6.09594985e-02	1.63288269e+00	8.67512467e-01	7.65370223e-01
9457            	5.10635795e-02	6.09488136e-02	1.63288394e+00	8.67505548e-01	7.65378389e-01
9458            	5.10477734e-02	6.09315852e-02	1.63287083e+00	8.67483189e-01	7.65387643e-01
9459            	5.10234208e-02	6.09067940e-02	1.63284039e+00	8.67443618e-01	7.65396777e-01
9460            	5.09913361e-02	6.08756081e-02	1.63279473e+00	8.67388702e-01	7.65406029e-01
9461            	5.09527977e-02	6.08383951e-02	1.63273410e+00	8.67319846e-01	7.65414251e-01
9462            	5.09097751e-02	6.07975681e-02	1.63266330e+00	8.67241425e-01	7.65421874e-01
9463            	5.08640176e-02	6.07539157e-02	1.63258396e+00	8.67155997e-01	7.65427962e-01
9464            	5.08174195e-02	6.07101590e-02	1.63250145e+00	8.67068145e-01	7.65433306e-01
9465            	5.07712863e-02	6.06666362e-02	1.63241696e+00	8.66979768e-01	7.65437195e-01
9466            	5.07269027e-02	6.06256870e-02	1.63233509e+00	8.66894450e-01	7.65440645e-01
9467            	5.06848266e-02	6.05869588e-02	1.63225582e+00	8.66812735e-01	7.65443082e-01
9468            	5.06457174e-02	6.05521921e-02	1.63218256e+00	8.66736999e-01	7.65445564e-01
9469            	5.06093962e-02	6.05202478e-02	1.63211400e+00	8.66666396e-01	7.65447603e-01
9470            	5.05782574e-02	6.04933414e-02	1.63205599e+00	8.66606255e-01	7.65449740e-01
9471            	5.05462929e-02	6.04670938e-02	1.63199698e+00	8.66544784e-01	7.65452198e-01
9472            	5.05168934e-02	6.04433435e-02	1.63194394e+00	8.66488861e-01	7.65455075e-01
9473            	5.04881079e-02	6.04204054e-02	1.63189314e+00	8.66434676e-01	7.65458460e-01
9474            	5.04584379e-02	6.03969904e-02	1.63184151e+00	8.66379195e-01	7.65462319e-01
9475            	5.04266849e-02	6.03720187e-02	1.63178632e+00	8.66319847e-01	7.65466477e-01
9476            	5.03922412e-02	6.03448161e-02	1.63172577e+00	8.66255128e-01	7.65470645e-01
9477            	5.03551689e-02	6.03152167e-02	1.63165928e+00	8.66184807e-01	7.65474469e-01
9478            	5.03160140e-02	6.02834682e-02	1.63158723e+00	8.66109627e-01	7.65477599e-01
9479            	5.02757672e-02	6.02502237e-02	1.63151101e+00	8.66031272e-01	7.65479737e-01
9480            	5.02356315e-02	6.02163711e-02	1.63143265e+00	8.65951956e-01	7.65480693e-01
9481            	5.01969231e-02	6.01829813e-02	1.63135463e+00	8.65874236e-01	7.65480390e-01
9482            	5.01609001e-02	6.01511598e-02	1.63127953e+00	8.65800667e-01	7.65478867e-01
9483            	5.01286844e-02	6.01219468e-02	1.63120990e+00	8.65733635e-01	7.65476266e-01
9484            	5.01010232e-02	6.00961675e-02	1.63114772e+00	8.65674881e-01	7.65472834e-01
9485            	5.00782661e-02	6.00743618e-02	1.63109425e+00	8.65625390e-01	7.65468858e-01
9486            	5.00605044e-02	6.00568116e-02	1.63105021e+00	8.65585610e-01	7.65464602e-01
9487            	5.00477216e-02	6.00436359e-02	1.63101604e+00	8.65555740e-01	7.65460297e-01
9488            	5.00397177e-02	6.00347679e-02	1.63099168e+00	8.65535559e-01	7.65456124e-01
9489            	5.00361037e-02	6.00299373e-02	1.63097662e+00	8.65524416e-01	7.65452208e-01
9490            	5.00363641e-02	6.00287100e-02	1.63096994e+00	8.65521332e-01	7.65448604e-01
9491            	5.00399451e-02	6.00305808e-02	1.63097051e+00	8.65525198e-01	7.65445308e-01
9492            	5.00463035e-02	6.00350483e-02	1.63097717e+00	8.65534891e-01	7.65442284e-01
9493            	5.00548822e-02	6.00415885e-02	1.63098869e+00	8.65549228e-01	7.65439463e-01
9494            	5.00652026e-02	6.00497294e-02	1.63100390e+00	8.65567151e-01	7.65436746e-01
9495            	5.00769976e-02	6.00591773e-02	1.63102204e+00	8.65588017e-01	7.65434022e-01
9496            	5.00901071e-02	6.00697341e-02	1.63104262e+00	8.65611416e-01	7.65431201e-01
9497            	5.01044945e-02	6.00813240e-02	1.63106543e+00	8.65637208e-01	7.65428220e-01
9498            	5.01206353e-02	6.00946616e-02	1.63109312e+00	8.65667196e-01	7.65425925e-01
9499            	5.01380509e-02	6.01085330e-02	1.63112183e+00	8.65698966e-01	7.65422864e-01
9500            	5.01566589e-02	6.01237952e-02	1.63115212e+00	8.65732719e-01	7.65419401e-01
9501            	5.01769339e-02	6.01396809e-02	1.63118439e+00	8.65769128e-01	7.65415260e-01
9502            	5.01987507e-02	6.01569652e-02	1.63122052e+00	8.65809013e-01	7.65411511e-01
9503            	5.02217411e-02	6.01752912e-02	1.63125945e+00	8.65851467e-01	7.65407985e-01
9504            	5.02457345e-02	6.01949380e-02	1.63130046e+00	8.65895962e-01	7.65404493e-01
9505            	5.02709723e-02	6.02153367e-02	1.63134391e+00	8.65942929e-01	7.65400984e-01
9506            	5.02969874e-02	6.02367344e-02	1.63139014e+00	8.65992060e-01	7.65398085e-01
9507            	5.03237578e-02	6.02589682e-02	1.63143922e+00	8.66043365e-01	7.65395850e-01
9508            	5.03518340e-02	6.02825640e-02	1.63149223e+00	8.66097949e-01	7.65394281e-01
9509            	5.03805123e-02	6.03061808e-02	1.63154742e+00	8.66154225e-01	7.65393200e-01
9510            	5.04090919e-02	6.03296810e-02	1.63160429e+00	8.66211235e-01	7.65393051e-01
9511            	5.04372912e-02	6.03527064e-02	1.63166209e+00	8.66268336e-01	7.65393754e-01
9512            	5.04665973e-02	6.03763017e-02	1.63172400e+00	8.66328598e-01	7.65395403e-01
9513            	5.04953136e-02	6.03988349e-02	1.63178530e+00	8.66387964e-01	7.65397337e-01
9514            	5.05233183e-02	6.04207685e-02	1.63184630e+00	8.66446467e-01	7.65399831e-01
9515            	5.05523688e-02	6.04431780e-02	1.63191087e+00	8.66507803e-01	7.65403065e-01
9516            	5.05794670e-02	6.04635698e-02	1.63197108e+00	8.66565009e-01	7.65406075e-01
9517            	5.06034080e-02	6.04820192e-02	1.63202520e+00	8.66616008e-01	7.65409192e-01
9518            	5.06252489e-02	6.04992114e-02	1.63207505e+00	8.66662772e-01	7.65412274e-01
9519            	5.06482863e-02	6.05174290e-02	1.63212805e+00	8.66712309e-01	7.65415736e-01
9520            	5.06689704e-02	6.05341961e-02	1.63217501e+00	8.66756478e-01	7.65418537e-01
9521            	5.06880695e-02	6.05506410e-02	1.63221838e+00	8.66797258e-01	7.65421119e-01
9522            	5.07082739e-02	6.05685522e-02	1.63226479e+00	8.66840667e-01	7.65424120e-01
9523            	5.07260620e-02	6.05850466e-02	1.63230505e+00	8.66878589e-01	7.65426465e-01
9524            	5.07411581e-02	6.06007184e-02	1.63233943e+00	8.66910874e-01	7.65428557e-01
9525            	5.07570564e-02	6.06180980e-02	1.63237670e+00	8.66945409e-01	7.65431296e-01
9526            	5.07710647e-02	6.06345054e-02	1.63240908e+00	8.66975605e-01	7.65433476e-01
9527            	5.07845591e-02	6.06519260e-02	1.63244160e+00	8.67005362e-01	7.65436243e-01
9528            	5.07971988e-02	6.06690934e-02	1.63247199e+00	8.67033192e-01	7.65438794e-01
9529            	5.08047934e-02	6.06831524e-02	1.63249097e+00	8.67050278e-01	7.65440691e-01
9530            	5.08116461e-02	6.06976428e-02	1.63250970e+00	8.67066496e-01	7.65443204e-01
9531            	5.08170167e-02	6.07107028e-02	1.63252430e+00	8.67079167e-01	7.65445134e-01
9532            	5.08211436e-02	6.07231210e-02	1.63253701e+00	8.67089651e-01	7.65447364e-01
9533            	5.08281054e-02	6.07375573e-02	1.63255662e+00	8.67106413e-01	7.65450202e-01
9534            	5.08279018e-02	6.07454671e-02	1.63255894e+00	8.67107372e-01	7.65451569e-01
9535            	5.08252304e-02	6.07499239e-02	1.63255480e+00	8.67102631e-01	7.65452170e-01
9536            	5.08227440e-02	6.07535709e-02	1.63255082e+00	8.67098152e-01	7.65452664e-01
9537            	5.08182570e-02	6.07540693e-02	1.63254144e+00	8.67088976e-01	7.65452462e-01
9538            	5.08191795e-02	6.07581015e-02	1.63254475e+00	8.67091556e-01	7.65453197e-01
9539            	5.08147111e-02	6.07570491e-02	1.63253525e+00	8.67082335e-01	7.65452913e-01
9540            	5.08043849e-02	6.07509479e-02	1.63251239e+00	8.67060580e-01	7.65451810e-01
9541            	5.07897713e-02	6.07409559e-02	1.63247954e+00	8.67029539e-01	7.65449996e-01
9542            	5.07787195e-02	6.07349678e-02	1.63245453e+00	8.67005987e-01	7.65448548e-01
9543            	5.07604541e-02	6.07234089e-02	1.63241363e+00	8.66967270e-01	7.65446362e-01
9544            	5.07369568e-02	6.07083827e-02	1.63236102e+00	8.66917465e-01	7.65443551e-01
9545            	5.07083284e-02	6.06892025e-02	1.63229652e+00	8.66856589e-01	7.65439933e-01
9546            	5.06795386e-02	6.06726199e-02	1.63222994e+00	8.66794508e-01	7.65435431e-01
9547            	5.06459901e-02	6.06515794e-02	1.63215256e+00	8.66722272e-01	7.65430292e-01
9548            	5.06111083e-02	6.06301559e-02	1.63206898e+00	8.66645598e-01	7.65423381e-01
9549            	5.05759521e-02	6.06066372e-02	1.63198322e+00	8.66567563e-01	7.65415659e-01
9550            	5.05438983e-02	6.05852843e-02	1.63190314e+00	8.66495469e-01	7.65407673e-01
9551            	5.05193018e-02	6.05715362e-02	1.63183197e+00	8.66435289e-01	7.65396685e-01
9552            	5.05022159e-02	6.05615395e-02	1.63177494e+00	8.66389687e-01	7.65385255e-01
9553            	5.04959651e-02	6.05588956e-02	1.63173780e+00	8.66364863e-01	7.65372933e-01
9554            	5.04986302e-02	6.05621720e-02	1.63172279e+00	8.66360024e-01	7.65362764e-01
9555            	5.05197995e-02	6.05802967e-02	1.63173956e+00	8.66389582e-01	7.65349983e-01
9556            	5.05466612e-02	6.06010318e-02	1.63177418e+00	8.66433751e-01	7.65340429e-01
9557            	5.05779810e-02	6.06252729e-02	1.63182469e+00	8.66490325e-01	7.65334363e-01
9558            	5.06252820e-02	6.06618676e-02	1.63190700e+00	8.66578784e-01	7.65328220e-01
9559            	5.06736518e-02	6.06994586e-02	1.63199746e+00	8.66672382e-01	7.65325078e-01
9560            	5.07205592e-02	6.07358777e-02	1.63208925e+00	8.66765184e-01	7.65324066e-01
9561            	5.07650398e-02	6.07697481e-02	1.63217967e+00	8.66854877e-01	7.65324798e-01
9562            	5.08062546e-02	6.08012623e-02	1.63226648e+00	8.66939496e-01	7.65326987e-01
9563            	5.08432209e-02	6.08291641e-02	1.63234610e+00	8.67016271e-01	7.65329830e-01
9564            	5.08759348e-02	6.08532210e-02	1.63241756e+00	8.67084716e-01	7.65332846e-01
9565            	5.09046848e-02	6.08735129e-02	1.63248072e+00	8.67145043e-01	7.65335674e-01
9566            	5.09317894e-02	6.08923896e-02	1.63254095e+00	8.67202265e-01	7.65338686e-01
9567            	5.09558291e-02	6.09073270e-02	1.63259257e+00	8.67252115e-01	7.65340457e-01
9568            	5.09780380e-02	6.09203133e-02	1.63263981e+00	8.67297944e-01	7.65341868e-01
9569            	5.09989492e-02	6.09318997e-02	1.63268435e+00	8.67341126e-01	7.65343228e-01
9570            	5.10186948e-02	6.09423361e-02	1.63272713e+00	8.67382260e-01	7.65344871e-01
9571            	5.10374718e-02	6.09522629e-02	1.63277051e+00	8.67422725e-01	7.65347782e-01
9572            	5.10538972e-02	6.09600252e-02	1.63280963e+00	8.67458713e-01	7.65350919e-01
9573            	5.10669578e-02	6.09656157e-02	1.63284444e+00	8.67489175e-01	7.65355260e-01
9574            	5.10753955e-02	6.09679632e-02	1.63287261e+00	8.67511701e-01	7.65360910e-01
9575            	5.10762500e-02	6.09646082e-02	1.63289017e+00	8.67521333e-01	7.65368833e-01
9576            	5.10693947e-02	6.09545983e-02	1.63289311e+00	8.67515950e-01	7.65377161e-01
9577            	5.10544524e-02	6.09379767e-02	1.63288112e+00	8.67495012e-01	7.65386107e-01
9578            	5.10320294e-02	6.09150541e-02	1.63285443e+00	8.67459244e-01	7.65395185e-01
9579            	5.09988196e-02	6.08829798e-02	1.63280779e+00	8.67402716e-01	7.65405077e-01
9580            	5.09590724e-02	6.08446531e-02	1.63274558e+00	8.67331865e-01	7.65413720e-01
9581            	5.09166071e-02	6.08038928e-02	1.63267547e+00	8.67254344e-01	7.65421129e-01
9582            	5.08737973e-02	6.07628142e-02	1.63260203e+00	8.67174812e-01	7.65427217e-01
9583            	5.08268385e-02	6.07185652e-02	1.63251941e+00	8.67086545e-01	7.65432868e-01
9584            	5.07795341e-02	6.06740014e-02	1.63243304e+00	8.66996054e-01	7.65436986e-01
9585            	5.07359767e-02	6.06332160e-02	1.63235207e+00	8.66912012e-01	7.65440058e-01
9586            	5.06965860e-02	6.05967081e-02	1.63227806e+00	8.66835618e-01	7.65442446e-01
9587            	5.06604558e-02	6.05638507e-02	1.63221003e+00	8.66765470e-01	7.65444559e-01
9588            	5.06237304e-02	6.05322006e-02	1.63214187e+00	8.66694666e-01	7.65447206e-01
9589            	5.05879374e-02	6.05020212e-02	1.63207513e+00	8.66625502e-01	7.65449628e-01
9590            	5.05552079e-02	6.04750107e-02	1.63201506e+00	8.66562736e-01	7.65452320e-01
9591            	5.05247326e-02	6.04501907e-02	1.63196020e+00	8.66504831e-01	7.65455366e-01
9592            	5.04950796e-02	6.04262352e-02	1.63190777e+00	8.66448967e-01	7.65458808e-01
9593            	5.04648975e-02	6.04019975e-02	1.63185505e+00	8.66392423e-01	7.65462628e-01
9594            	5.04330433e-02	6.03765420e-02	1.63179949e+00	8.66332786e-01	7.65466700e-01
9595            	5.03988044e-02	6.03492217e-02	1.63173917e+00	8.66268389e-01	7.65470780e-01
9596            	5.03621354e-02	6.03198523e-02	1.63167338e+00	8.66198826e-01	7.65474555e-01
9597            	5.03234546e-02	6.02885923e-02	1.63160229e+00	8.66124599e-01	7.65477689e-01
9598            	5.02836413e-02	6.02559704e-02	1.63152707e+00	8.66047176e-01	7.65479894e-01
9599            	5.02437896e-02	6.02227201e-02	1.63144953e+00	8.65968556e-01	7.65480976e-01
9600            	5.02051445e-02	6.01897666e-02	1.63137200e+00	8.65891143e-01	7.65480854e-01
9601            	5.01689235e-02	6.01581168e-02	1.63129696e+00	8.65817403e-01	7.65479556e-01
9602            	5.01362184e-02	6.01287327e-02	1.63122685e+00	8.65749642e-01	7.65477205e-01
9603            	5.01078113e-02	6.01024396e-02	1.63116367e+00	8.65689646e-01	7.65474023e-01
9604            	5.00841121e-02	6.00798274e-02	1.63110878e+00	8.65638503e-01	7.65470278e-01
9605            	5.00652327e-02	6.00612353e-02	1.63106290e+00	8.65596683e-01	7.65466218e-01
9606            	5.00511919e-02	6.00468513e-02	1.63102650e+00	8.65564443e-01	7.65462059e-01
9607            	5.00418763e-02	6.00367176e-02	1.63099969e+00	8.65541723e-01	7.65457970e-01
9608            	5.00369652e-02	6.00306535e-02	1.63098208e+00	8.65528006e-01	7.65454075e-01
9609            	5.00360260e-02	6.00283189e-02	1.63097292e+00	8.65522488e-01	7.65450436e-01
9610            	5.00385301e-02	6.00292404e-02	1.63097118e+00	8.65524122e-01	7.65447062e-01
9611            	5.00439842e-02	6.00329471e-02	1.63097582e+00	8.65531894e-01	7.65443926e-01
9612            	5.00518458e-02	6.00389156e-02	1.63098565e+00	8.65544669e-01	7.65440978e-01
9613            	5.00616385e-02	6.00466650e-02	1.63099956e+00	8.65561416e-01	7.65438139e-01
9614            	5.00730368e-02	6.00558330e-02	1.63101670e+00	8.65581388e-01	7.65435314e-01
9615            	5.00858571e-02	6.00661890e-02	1.63103656e+00	8.65604135e-01	7.65432421e-01
9616            	5.01000050e-02	6.00775978e-02	1.63105881e+00	8.65629411e-01	7.65429401e-01
9617            	5.01159107e-02	6.00907297e-02	1.63108604e+00	8.65658933e-01	7.65427112e-01
9618            	5.01330774e-02	6.01043690e-02	1.63111433e+00	8.65690244e-01	7.65424089e-01
9619            	5.01514616e-02	6.01194061e-02	1.63114429e+00	8.65723609e-01	7.65420686e-01
9620            	5.01714959e-02	6.01350307e-02	1.63117623e+00	8.65759609e-01	7.65416618e-01
9621            	5.01930810e-02	6.01520590e-02	1.63121199e+00	8.65799074e-01	7.65412912e-01
9622            	5.02158504e-02	6.01701478e-02	1.63125052e+00	8.65841108e-01	7.65409407e-01
9623            	5.02395885e-02	6.01895625e-02	1.63129102e+00	8.65885098e-01	7.65405921e-01
9624            	5.02645486e-02	6.02097309e-02	1.63133384e+00	8.65931468e-01	7.65402371e-01
9625            	5.02902648e-02	6.02309105e-02	1.63137931e+00	8.65979921e-01	7.65399392e-01
9626            	5.03167144e-02	6.02529327e-02	1.63142751e+00	8.66030470e-01	7.65397041e-01
9627            	5.03444685e-02	6.02763571e-02	1.63147958e+00	8.66084257e-01	7.65395320e-01
9628            	5.03729472e-02	6.02998973e-02	1.63153400e+00	8.66139948e-01	7.65394053e-01
9629            	5.04014558e-02	6.03234226e-02	1.63159033e+00	8.66196619e-01	7.65393707e-01
9630            	5.04296793e-02	6.03465412e-02	1.63164779e+00	8.66253576e-01	7.65394218e-01
9631            	5.04589899e-02	6.03702251e-02	1.63170934e+00	8.66313658e-01	7.65395678e-01
9632            	5.04877395e-02	6.03928357e-02	1.63177035e+00	8.66372914e-01	7.65397435e-01
9633            	5.05158219e-02	6.04148520e-02	1.63183121e+00	8.66431424e-01	7.65399781e-01
9634            	5.05450888e-02	6.04374547e-02	1.63189597e+00	8.66493073e-01	7.65402896e-01
9635            	5.05725939e-02	6.04581589e-02	1.63195685e+00	8.66551019e-01	7.65405832e-01
9636            	5.05969793e-02	6.04769188e-02	1.63201177e+00	8.66602865e-01	7.65408906e-01
9637            	5.06191922e-02	6.04943364e-02	1.63206234e+00	8.66650362e-01	7.65411977e-01
9638            	5.06425166e-02	6.05126879e-02	1.63211595e+00	8.66700491e-01	7.65415458e-01
9639            	5.06634770e-02	6.05295441e-02	1.63216355e+00	8.66745250e-01	7.65418296e-01
9640            	5.06828759e-02	6.05460732e-02	1.63220762e+00	8.66786686e-01	7.65420934e-01
9641            	5.07034523e-02	6.05641011e-02	1.63225491e+00	8.66830908e-01	7.65424004e-01
9642            	5.07216355e-02	6.05807127e-02	1.63229610e+00	8.66869684e-01	7.65426413e-01
9643            	5.07370612e-02	6.05964424e-02	1.63233126e+00	8.66902693e-01	7.65428571e-01
9644            	5.07532723e-02	6.06138520e-02	1.63236925e+00	8.66937896e-01	7.65431352e-01
9645            	5.07675897e-02	6.06302860e-02	1.63240229e+00	8.66968734e-01	7.65433554e-01
9646            	5.07814463e-02	6.06477929e-02	1.63243555e+00	8.66999220e-01	7.65436328e-01
9647            	5.07945245e-02	6.06651205e-02	1.63246676e+00	8.67027906e-01	7.65438857e-01
9648            	5.08025615e-02	6.06794153e-02	1.63248661e+00	8.67045869e-01	7.65440746e-01
9649            	5.08097784e-02	6.06941307e-02	1.63250604e+00	8.67062801e-01	7.65443244e-01
9650            	5.08155078e-02	6.07074684e-02	1.63252135e+00	8.67076180e-01	7.65445165e-01
9651            	5.08200119e-02	6.07202545e-02	1.63253485e+00	8.67087436e-01	7.65447412e-01
9652            	5.08273184e-02	6.07350901e-02	1.63255518e+00	8.67104907e-01	7.65450270e-01
9653            	5.08275061e-02	6.07434936e-02	1.63255836e+00	8.67106688e-01	7.65451676e-01
9654            	5.08252420e-02	6.07484922e-02	1.63255515e+00	8.67102819e-01	7.65452335e-01
9655            	5.08231154e-02	6.07526577e-02	1.63255204e+00	8.67099138e-01	7.65452907e-01
9656            	5.08189783e-02	6.07536590e-02	1.63254356e+00	8.67090757e-01	7.65452800e-01
9657            	5.08202446e-02	6.07581414e-02	1.63254779e+00	8.67094138e-01	7.65453649e-01
9658            	5.08162582e-02	6.07576085e-02	1.63253952e+00	8.67086017e-01	7.65453500e-01
9659            	5.08064645e-02	6.07520262e-02	1.63251795e+00	8.67065437e-01	7.65452508e-01
9660            	5.07925213e-02	6.07426073e-02	1.63248662e+00	8.67035834e-01	7.65450791e-01
9661            	5.07823003e-02	6.07371769e-02	1.63246352e+00	8.67014058e-01	7.65449457e-01
9662            	5.07649885e-02	6.07262546e-02	1.63242475e+00	8.66977364e-01	7.65447387e-01
9663            	5.07425664e-02	6.07119654e-02	1.63237455e+00	8.66929843e-01	7.65444710e-01
9664            	5.07149371e-02	6.06934711e-02	1.63231237e+00	8.66871121e-01	7.65441247e-01
9665            	5.06873147e-02	6.06776701e-02	1.63224863e+00	8.66811628e-01	7.65436999e-01
9666            	5.06544572e-02	6.06570957e-02	1.63217316e+00	8.66741039e-01	7.65432124e-01
9667            	5.06198843e-02	6.06358868e-02	1.63209085e+00	8.66665309e-01	7.65425540e-01
9668            	5.05843517e-02	6.06121164e-02	1.63200493e+00	8.66586816e-01	7.65418112e-01
9669            	5.05513079e-02	6.05900905e-02	1.63192338e+00	8.66512998e-01	7.65410383e-01
9670            	5.05249780e-02	6.05751680e-02	1.63184933e+00	8.66449641e-01	7.65399685e-01
9671            	5.05057087e-02	6.05636509e-02	1.63178825e+00	8.66399836e-01	7.65388418e-01
9672            	5.04968381e-02	6.05591693e-02	1.63174599e+00	8.66369831e-01	7.65376155e-01
9673            	5.04969338e-02	6.05605977e-02	1.63172564e+00	8.66359753e-01	7.65365885e-01
9674            	5.05151699e-02	6.05766610e-02	1.63173604e+00	8.66383192e-01	7.65352852e-01
9675            	5.05397802e-02	6.05957812e-02	1.63176537e+00	8.66422466e-01	7.65342905e-01
9676            	5.05693888e-02	6.06187109e-02	1.63181158e+00	8.66475178e-01	7.65336400e-01
9677            	5.06149848e-02	6.06539758e-02	1.63188946e+00	8.66559713e-01	7.65329744e-01
9678            	5.06624762e-02	6.06908349e-02	1.63197717e+00	8.66651060e-01	7.65326107e-01
9679            	5.07094336e-02	6.07272486e-02	1.63206811e+00	8.66743489e-01	7.65324622e-01
9680            	5.07545762e-02	6.07616245e-02	1.63215912e+00	8.66834135e-01	7.65324983e-01
9681            	5.07968492e-02	6.07940182e-02	1.63224755e+00	8.66920627e-01	7.65326928e-01
9682            	5.08350842e-02	6.08230354e-02	1.63232946e+00	8.66999816e-01	7.65329648e-01
9683            	5.08691230e-02	6.08483150e-02	1.63240353e+00	8.67070890e-01	7.65332644e-01
9684            	5.08990501e-02	6.08697433e-02	1.63246915e+00	8.67133627e-01	7.65335526e-01
9685            	5.09271445e-02	6.08896302e-02	1.63253156e+00	8.67192925e-01	7.65338636e-01
9686            	5.09518039e-02	6.09052541e-02	1.63258463e+00	8.67244121e-01	7.65340513e-01
9687            	5.09743589e-02	6.09186607e-02	1.63263270e+00	8.67290710e-01	7.65341992e-01
9688            	5.09954420e-02	6.09304664e-02	1.63267759e+00	8.67334235e-01	7.65343351e-01
9689            	5.10153214e-02	6.09410155e-02	1.63272047e+00	8.67375557e-01	7.65344914e-01
9690            	5.10343596e-02	6.09511016e-02	1.63276401e+00	8.67416363e-01	7.65347644e-01
9691            	5.10512091e-02	6.09590975e-02	1.63280347e+00	8.67452944e-01	7.65350526e-01
9692            	5.10649710e-02	6.09651252e-02	1.63283907e+00	8.67484507e-01	7.65354565e-01
9693            	5.10744893e-02	6.09682400e-02	1.63286878e+00	8.67508881e-01	7.65359903e-01
9694            	5.10769755e-02	6.09661541e-02	1.63288899e+00	8.67521470e-01	7.65367519e-01
9695            	5.10720879e-02	6.09577541e-02	1.63289539e+00	8.67519782e-01	7.65375606e-01
9696            	5.10592093e-02	6.09428733e-02	1.63288726e+00	8.67502841e-01	7.65384423e-01
9697            	5.10387695e-02	6.09216710e-02	1.63286453e+00	8.67471034e-01	7.65393495e-01
9698            	5.10074465e-02	6.08912713e-02	1.63282190e+00	8.67418398e-01	7.65403505e-01
9699            	5.09692310e-02	6.08543202e-02	1.63276315e+00	8.67350807e-01	7.65412345e-01
9700            	5.09277307e-02	6.08144388e-02	1.63269549e+00	8.67275473e-01	7.65420012e-01
9701            	5.08854003e-02	6.07737852e-02	1.63262355e+00	8.67197175e-01	7.65426374e-01
9702            	5.08385100e-02	6.07295465e-02	1.63254164e+00	8.67109332e-01	7.65432312e-01
9703            	5.07909792e-02	6.06846799e-02	1.63245530e+00	8.67018627e-01	7.65436669e-01
9704            	5.07469697e-02	6.06433519e-02	1.63237379e+00	8.66933864e-01	7.65439925e-01
9705            	5.07070050e-02	6.06061634e-02	1.63229888e+00	8.66856443e-01	7.65442433e-01
9706            	5.06702366e-02	6.05725459e-02	1.63222968e+00	8.66785077e-01	7.65444604e-01
9707            	5.06328041e-02	6.05400523e-02	1.63216012e+00	8.66712864e-01	7.65447256e-01
9708            	5.05963847e-02	6.05091243e-02	1.63209203e+00	8.66642400e-01	7.65449631e-01
9709            	5.05632021e-02	6.04815640e-02	1.63203090e+00	8.66578650e-01	7.65452246e-01
9710            	5.05324729e-02	6.04564242e-02	1.63197535e+00	8.66520149e-01	7.65455204e-01
9711            	5.05027699e-02	6.04323753e-02	1.63192267e+00	8.66464105e-01	7.65458565e-01
9712            	5.04727427e-02	6.04082482e-02	1.63187013e+00	8.66407807e-01	7.65462322e-01
9713            	5.04412678e-02	6.03831136e-02	1.63181527e+00	8.66348904e-01	7.65466368e-01
9714            	5.04051384e-02	6.03552978e-02	1.63175234e+00	8.66281310e-01	7.65471033e-01
9715            	5.03672579e-02	6.03252850e-02	1.63168409e+00	8.66209302e-01	7.65474787e-01
9716            	5.03286144e-02	6.02939568e-02	1.63161289e+00	8.66135059e-01	7.65477831e-01
9717            	5.02899324e-02	6.02617481e-02	1.63153975e+00	8.66059807e-01	7.65479942e-01
9718            	5.02516638e-02	6.02290817e-02	1.63146534e+00	8.65984333e-01	7.65481005e-01
9719            	5.02144630e-02	6.01966516e-02	1.63139088e+00	8.65909901e-01	7.65480975e-01
9720            	5.01791660e-02	6.01653506e-02	1.63131808e+00	8.65838206e-01	7.65479874e-01
9721            	5.01466700e-02	6.01361005e-02	1.63124893e+00	8.65771137e-01	7.65477797e-01
9722            	5.01177929e-02	6.01097379e-02	1.63118541e+00	8.65710498e-01	7.65474912e-01
9723            	5.00930904e-02	6.00868729e-02	1.63112908e+00	8.65657630e-01	7.65471450e-01
9724            	5.00728142e-02	6.00678286e-02	1.63108091e+00	8.65613270e-01	7.65467641e-01
9725            	5.00571226e-02	6.00527620e-02	1.63104163e+00	8.65577940e-01	7.65463694e-01
9726            	5.00460673e-02	6.00417173e-02	1.63101169e+00	8.65551910e-01	7.65459775e-01
9727            	5.00394513e-02	6.00345320e-02	1.63099092e+00	8.65534910e-01	7.65456008e-01
9728            	5.00369504e-02	6.00309314e-02	1.63097880e+00	8.65526350e-01	7.65452449e-01
9729            	5.00380890e-02	6.00305070e-02	1.63097438e+00	8.65525281e-01	7.65449103e-01
9730            	5.00424092e-02	6.00328716e-02	1.63097668e+00	8.65530750e-01	7.65445932e-01
9731            	5.00494000e-02	6.00376123e-02	1.63098457e+00	8.65541685e-01	7.65442885e-01
9732            	5.00585720e-02	6.00443281e-02	1.63099694e+00	8.65557041e-01	7.65439897e-01
9733            	5.00695420e-02	6.00526845e-02	1.63101285e+00	8.65575968e-01	7.65436884e-01
9734            	5.00820928e-02	6.00624846e-02	1.63103177e+00	8.65597976e-01	7.65433791e-01
9735            	5.00960790e-02	6.00735779e-02	1.63105333e+00	8.65622742e-01	7.65430584e-01
9736            	5.01118546e-02	6.00865705e-02	1.63108004e+00	8.65651873e-01	7.65428164e-01
9737            	5.01289065e-02	6.01002123e-02	1.63110795e+00	8.65682880e-01	7.65425067e-01
9738            	5.01472198e-02	6.01154030e-02	1.63113774e+00	8.65716089e-01	7.65421649e-01
9739            	5.01671658e-02	6.01312286e-02	1.63116960e+00	8.65751965e-01	7.65417634e-01
9740            	5.01886689e-02	6.01484404e-02	1.63120537e+00	8.65791355e-01	7.65414017e-01
9741            	5.02113454e-02	6.01666615e-02	1.63124393e+00	8.65833311e-01	7.65410620e-01
9742            	5.02349488e-02	6.01861374e-02	1.63128439e+00	8.65877144e-01	7.65407247e-01
9743            	5.02597285e-02	6.02062555e-02	1.63132702e+00	8.65923239e-01	7.65403782e-01
9744            	5.02852129e-02	6.02272714e-02	1.63137210e+00	8.65971265e-01	7.65400839e-01
9745            	5.03113511e-02	6.02490079e-02	1.63141963e+00	8.66021168e-01	7.65398465e-01
9746            	5.03387521e-02	6.02720753e-02	1.63147080e+00	8.66074154e-01	7.65396650e-01
9747            	5.03669770e-02	6.02953159e-02	1.63152442e+00	8.66129186e-01	7.65395232e-01
9748            	5.03953236e-02	6.03186191e-02	1.63158004e+00	8.66185342e-01	7.65394695e-01
9749            	5.04234691e-02	6.03415990e-02	1.63163693e+00	8.66241936e-01	7.65394998e-01
9750            	5.04526774e-02	6.03651582e-02	1.63169780e+00	8.66301579e-01	7.65396224e-01
9751            	5.04813658e-02	6.03877021e-02	1.63175825e+00	8.66360489e-01	7.65397757e-01
9752            	5.05094232e-02	6.04097068e-02	1.63181868e+00	8.66418763e-01	7.65399916e-01
9753            	5.05388018e-02	6.04324364e-02	1.63188334e+00	8.66480473e-01	7.65402869e-01
9754            	5.05666799e-02	6.04534781e-02	1.63194476e+00	8.66539061e-01	7.65405701e-01
9755            	5.05915246e-02	6.04726311e-02	1.63200051e+00	8.66591777e-01	7.65408728e-01
9756            	5.06141584e-02	6.04903807e-02	1.63205190e+00	8.66640110e-01	7.65411793e-01
9757            	5.06377947e-02	6.05089349e-02	1.63210618e+00	8.66690887e-01	7.65415298e-01
9758            	5.06590562e-02	6.05259390e-02	1.63215449e+00	8.66736300e-01	7.65418188e-01
9759            	5.06787457e-02	6.05425632e-02	1.63219930e+00	8.66778395e-01	7.65420904e-01
9760            	5.06996987e-02	6.05607051e-02	1.63224751e+00	8.66823454e-01	7.65424056e-01
9761            	5.07183060e-02	6.05774472e-02	1.63228972e+00	8.66863165e-01	7.65426553e-01
9762            	5.07340909e-02	6.05932399e-02	1.63232577e+00	8.66896975e-01	7.65428793e-01
9763            	5.07506020e-02	6.06106361e-02	1.63236445e+00	8.66932826e-01	7.65431622e-01
9764            	5.07651998e-02	6.06270612e-02	1.63239813e+00	8.66964266e-01	7.65433866e-01
9765            	5.07793699e-02	6.06445985e-02	1.63243205e+00	8.66995397e-01	7.65436657e-01
9766            	5.07928396e-02	6.06620506e-02	1.63246406e+00	8.67024872e-01	7.65439193e-01
9767            	5.08012575e-02	6.06765343e-02	1.63248468e+00	8.67043599e-01	7.65441084e-01
9768            	5.08088312e-02	6.06914618e-02	1.63250481e+00	8.67061235e-01	7.65443572e-01
9769            	5.08148846e-02	6.07050480e-02	1.63252076e+00	8.67075266e-01	7.65445497e-01
9770            	5.08197054e-02	6.07181306e-02	1.63253492e+00	8.67087166e-01	7.65447756e-01
9771            	5.08272789e-02	6.07332654e-02	1.63255584e+00	8.67105198e-01	7.65450640e-01
9772            	5.08277862e-02	6.07420625e-02	1.63255975e+00	8.67107660e-01	7.65452087e-01
9773            	5.08258608e-02	6.07475144e-02	1.63255732e+00	8.67104521e-01	7.65452800e-01
9774            	5.08240181e-02	6.07521132e-02	1.63255493e+00	8.67101481e-01	7.65453445e-01
9775            	5.08201892e-02	6.07535731e-02	1.63254722e+00	8.67093800e-01	7.65453422e-01
9776            	5.08217821e-02	6.07584956e-02	1.63255233e+00	8.67097945e-01	7.65454381e-01
9777            	5.08180920e-02	6.07583350e-02	1.63254481e+00	8.67090497e-01	7.65454313e-01
9778            	5.08089443e-02	6.07533721e-02	1.63252472e+00	8.67071305e-01	7.65453416e-01
9779            	5.07957242e-02	6.07445781e-02	1.63249503e+00	8.67043239e-01	7.65451791e-01
9780            	5.07864320e-02	6.07398068e-02	1.63247408e+00	8.67023470e-01	7.65450606e-01
9781            	5.07701416e-02	6.07295933e-02	1.63243765e+00	8.66988966e-01	7.65448682e-01
9782            	5.07486411e-02	6.07158713e-02	1.63238961e+00	8.66943445e-01	7.65446163e-01
9783            	5.07219441e-02	6.06979780e-02	1.63232966e+00	8.66886775e-01	7.65442886e-01
9784            	5.06954650e-02	6.06828998e-02	1.63226875e+00	8.66829842e-01	7.65438912e-01
9785            	5.06633703e-02	6.06628552e-02	1.63219536e+00	8.66761048e-01	7.65434308e-01
9786            	5.06292617e-02	6.06420455e-02	1.63211460e+00	8.66686559e-01	7.65428036e-01
9787            	5.05935156e-02	6.06181738e-02	1.63202881e+00	8.66607922e-01	7.65420891e-01
9788            	5.05596182e-02	6.05956031e-02	1.63194605e+00	8.66532645e-01	7.65413409e-01
9789            	5.05316920e-02	6.05796135e-02	1.63186939e+00	8.66466386e-01	7.65403002e-01
9790            	5.05102834e-02	6.05666078e-02	1.63180438e+00	8.66412472e-01	7.65391905e-01
9791            	5.04988147e-02	6.05602980e-02	1.63175706e+00	8.66377345e-01	7.65379716e-01
9792            	5.04962641e-02	6.05598067e-02	1.63173127e+00	8.66361900e-01	7.65369372e-01
9793            	5.05114531e-02	6.05737058e-02	1.63173515e+00	8.66379027e-01	7.65356121e-01
9794            	5.05336574e-02	6.05910819e-02	1.63175892e+00	8.66413116e-01	7.65345801e-01
9795            	5.05614118e-02	6.06125701e-02	1.63180055e+00	8.66461688e-01	7.65338864e-01
9796            	5.06050963e-02	6.06463201e-02	1.63187363e+00	8.66541911e-01	7.65331718e-01
9797            	5.06487501e-02	6.06795571e-02	1.63195266e+00	8.66625079e-01	7.65327578e-01
9798            	5.06944647e-02	6.07147473e-02	1.63204052e+00	8.66714723e-01	7.65325793e-01
9799            	5.07399285e-02	6.07498949e-02	1.63213163e+00	8.66805745e-01	7.65325888e-01
9800            	5.07839723e-02	6.07839303e-02	1.63222266e+00	8.66895301e-01	7.65327356e-01
9801            	5.08250211e-02	6.08154000e-02	1.63230945e+00	8.66979749e-01	7.65329706e-01
9802            	5.08645654e-02	6.08459295e-02	1.63239525e+00	8.67062193e-01	7.65333062e-01
9803            	5.08980729e-02	6.08702507e-02	1.63246772e+00	8.67131934e-01	7.65335788e-01
9804            	5.09267410e-02	6.08900843e-02	1.63252998e+00	8.67191732e-01	7.65338250e-01
9805            	5.09514972e-02	6.09060971e-02	1.63258372e+00	8.67243355e-01	7.65340361e-01
9806            	5.09734816e-02	6.09192019e-02	1.63263122e+00	8.67289093e-01	7.65342130e-01
9807            	5.09945949e-02	6.09314052e-02	1.63267766e+00	8.67333426e-01	7.65344236e-01
9808            	5.10139050e-02	6.09412095e-02	1.63271921e+00	8.67373511e-01	7.65345701e-01
9809            	5.10316772e-02	6.09498448e-02	1.63275849e+00	8.67410923e-01	7.65347568e-01
9810            	5.10476299e-02	6.09572853e-02	1.63279570e+00	8.67445480e-01	7.65350220e-01
9811            	5.10612079e-02	6.09631885e-02	1.63283033e+00	8.67476371e-01	7.65353955e-01
9812            	5.10707028e-02	6.09663888e-02	1.63286111e+00	8.67501257e-01	7.65359851e-01
9813            	5.10750770e-02	6.09653279e-02	1.63288293e+00	8.67516544e-01	7.65366390e-01
9814            	5.10728154e-02	6.09591835e-02	1.63289389e+00	8.67519759e-01	7.65374128e-01
9815            	5.10632566e-02	6.09471775e-02	1.63289198e+00	8.67509246e-01	7.65382733e-01
9816            	5.10429526e-02	6.09262994e-02	1.63287175e+00	8.67478830e-01	7.65392925e-01
9817            	5.10145381e-02	6.08979844e-02	1.63283402e+00	8.67431546e-01	7.65402470e-01
9818            	5.09801474e-02	6.08644552e-02	1.63278286e+00	8.67371575e-01	7.65411280e-01
9819            	5.09420900e-02	6.08276594e-02	1.63272219e+00	8.67303183e-01	7.65419003e-01
9820            	5.08970640e-02	6.07849636e-02	1.63264699e+00	8.67220559e-01	7.65426431e-01
9821            	5.08494879e-02	6.07397244e-02	1.63256326e+00	8.67131117e-01	7.65432141e-01
9822            	5.08038853e-02	6.06964687e-02	1.63248076e+00	8.67044267e-01	7.65436496e-01
9823            	5.07613417e-02	6.06562796e-02	1.63240229e+00	8.66962485e-01	7.65439802e-01
9824            	5.07177482e-02	6.06162762e-02	1.63232141e+00	8.66878453e-01	7.65442957e-01
9825            	5.06785134e-02	6.05810067e-02	1.63224836e+00	8.66802692e-01	7.65445666e-01
9826            	5.06394952e-02	6.05462308e-02	1.63217475e+00	8.66726872e-01	7.65447882e-01
9827            	5.06053604e-02	6.05163842e-02	1.63211099e+00	8.66660857e-01	7.65450137e-01
9828            	5.05707169e-02	6.04873576e-02	1.63204663e+00	8.66594030e-01	7.65452596e-01
9829            	5.05395059e-02	6.04615735e-02	1.63198961e+00	8.66534309e-01	7.65455297e-01
9830            	5.05098652e-02	6.04374635e-02	1.63193655e+00	8.66478141e-01	7.65458410e-01
9831            	5.04802496e-02	6.04137379e-02	1.63188448e+00	8.66422490e-01	7.65461991e-01
9832            	5.04494583e-02	6.03893660e-02	1.63183085e+00	8.66364883e-01	7.65465966e-01
9833            	5.04165293e-02	6.03634362e-02	1.63177332e+00	8.66303188e-01	7.65470130e-01
9834            	5.03810940e-02	6.03354293e-02	1.63171055e+00	8.66236371e-01	7.65474183e-01
9835            	5.03433668e-02	6.03052696e-02	1.63164229e+00	8.66164510e-01	7.65477776e-01
9836            	5.03040211e-02	6.02732920e-02	1.63156921e+00	8.66088625e-01	7.65480583e-01
9837            	5.02640645e-02	6.02401543e-02	1.63149282e+00	8.66010473e-01	7.65482344e-01
9838            	5.02246837e-02	6.02067456e-02	1.63141518e+00	8.65932273e-01	7.65482906e-01
9839            	5.01871161e-02	6.01740978e-02	1.63133869e+00	8.65856459e-01	7.65482227e-01
9840            	5.01525085e-02	6.01432482e-02	1.63126577e+00	8.65785396e-01	7.65480379e-01
9841            	5.01218432e-02	6.01151601e-02	1.63119875e+00	8.65721218e-01	7.65477532e-01
9842            	5.00957442e-02	6.00905812e-02	1.63113938e+00	8.65665436e-01	7.65473947e-01
9843            	5.00744419e-02	6.00699669e-02	1.63108869e+00	8.65618787e-01	7.65469903e-01
9844            	5.00580168e-02	6.00535713e-02	1.63104734e+00	8.65581687e-01	7.65465653e-01
9845            	5.00464502e-02	6.00415068e-02	1.63101572e+00	8.65554310e-01	7.65461409e-01
9846            	5.00395057e-02	6.00336637e-02	1.63099368e+00	8.65536347e-01	7.65457335e-01
9847            	5.00368068e-02	6.00297610e-02	1.63098068e+00	8.65527146e-01	7.65453533e-01
9848            	5.00378416e-02	6.00293425e-02	1.63097575e+00	8.65525717e-01	7.65450034e-01
9849            	5.00420915e-02	6.00319147e-02	1.63097782e+00	8.65531004e-01	7.65446821e-01
9850            	5.00490183e-02	6.00369702e-02	1.63098573e+00	8.65541885e-01	7.65443848e-01
9851            	5.00580940e-02	6.00440001e-02	1.63099827e+00	8.65557228e-01	7.65441040e-01
9852            	5.00688804e-02	6.00525589e-02	1.63101435e+00	8.65576057e-01	7.65438296e-01
9853            	5.00811432e-02	6.00623843e-02	1.63103331e+00	8.65597800e-01	7.65435513e-01
9854            	5.00947260e-02	6.00732888e-02	1.63105468e+00	8.65622068e-01	7.65432617e-01
9855            	5.01099625e-02	6.00858494e-02	1.63108082e+00	8.65650374e-01	7.65430449e-01
9856            	5.01263781e-02	6.00988796e-02	1.63110784e+00	8.65680299e-01	7.65427543e-01
9857            	5.01440052e-02	6.01133267e-02	1.63113647e+00	8.65712239e-01	7.65424229e-01
9858            	5.01632521e-02	6.01283435e-02	1.63116692e+00	8.65746711e-01	7.65420207e-01
9859            	5.01841691e-02	6.01448301e-02	1.63120130e+00	8.65784817e-01	7.65416479e-01
9860            	5.02063618e-02	6.01624288e-02	1.63123851e+00	8.65825617e-01	7.65412893e-01
9861            	5.02295526e-02	6.01813807e-02	1.63127763e+00	8.65868369e-01	7.65409263e-01
9862            	5.02540157e-02	6.02011146e-02	1.63131905e+00	8.65913543e-01	7.65405511e-01
9863            	5.02792823e-02	6.02218973e-02	1.63136315e+00	8.65960855e-01	7.65402291e-01
9864            	5.03052560e-02	6.02435078e-02	1.63140985e+00	8.66010181e-01	7.65399669e-01
9865            	5.03325550e-02	6.02665701e-02	1.63146036e+00	8.66062737e-01	7.65397627e-01
9866            	5.03608100e-02	6.02899350e-02	1.63151368e+00	8.66117650e-01	7.65396031e-01
9867            	5.03893010e-02	6.03134737e-02	1.63156934e+00	8.66173973e-01	7.65395371e-01
9868            	5.04176562e-02	6.03367422e-02	1.63162652e+00	8.66230917e-01	7.65395605e-01
9869            	5.04470590e-02	6.03605968e-02	1.63168772e+00	8.66290921e-01	7.65396803e-01
9870            	5.04759188e-02	6.03833855e-02	1.63174851e+00	8.66350173e-01	7.65398335e-01
9871            	5.05041118e-02	6.04055755e-02	1.63180924e+00	8.66408733e-01	7.65400510e-01
9872            	5.05336473e-02	6.04284906e-02	1.63187426e+00	8.66470777e-01	7.65403482e-01
9873            	5.05618165e-02	6.04497880e-02	1.63193630e+00	8.66529969e-01	7.65406336e-01
9874            	5.05870339e-02	6.04692219e-02	1.63199283e+00	8.66583448e-01	7.65409380e-01
9875            	5.06099833e-02	6.04871658e-02	1.63204487e+00	8.66632419e-01	7.65412452e-01
9876            	5.06337545e-02	6.05057298e-02	1.63209941e+00	8.66683458e-01	7.65415949e-01
9877            	5.06550885e-02	6.05226545e-02	1.63214782e+00	8.66728998e-01	7.65418821e-01
9878            	5.06748269e-02	6.05391468e-02	1.63219268e+00	8.66771169e-01	7.65421515e-01
9879            	5.06933425e-02	6.05554582e-02	1.63223473e+00	8.66810709e-01	7.65424024e-01
9880            	5.07131868e-02	6.05733321e-02	1.63228037e+00	8.66853373e-01	7.65426999e-01
9881            	5.07301097e-02	6.05894888e-02	1.63231878e+00	8.66889498e-01	7.65429278e-01
9882            	5.07477259e-02	6.06072035e-02	1.63235971e+00	8.66927579e-01	7.65432127e-01
9883            	5.07645624e-02	6.06246939e-02	1.63239834e+00	8.66963732e-01	7.65434608e-01
9884            	5.07772949e-02	6.06405094e-02	1.63242795e+00	8.66991270e-01	7.65436680e-01
9885            	5.07897220e-02	6.06574596e-02	1.63245833e+00	8.67018885e-01	7.65439441e-01
9886            	5.08000259e-02	6.06731149e-02	1.63248342e+00	8.67041736e-01	7.65441685e-01
9887            	5.08088855e-02	6.06888894e-02	1.63250662e+00	8.67062194e-01	7.65444423e-01
9888            	5.08171014e-02	6.07043135e-02	1.63252793e+00	8.67081065e-01	7.65446862e-01
9889            	5.08202100e-02	6.07156576e-02	1.63253718e+00	8.67088799e-01	7.65448379e-01
9890            	5.08226814e-02	6.07267934e-02	1.63254602e+00	8.67095689e-01	7.65450327e-01
9891            	5.08241278e-02	6.07361077e-02	1.63255130e+00	8.67099779e-01	7.65451523e-01
9892            	5.08243757e-02	6.07440461e-02	1.63255461e+00	8.67101678e-01	7.65452927e-01
9893            	5.08286682e-02	6.07542866e-02	1.63256727e+00	8.67112305e-01	7.65454969e-01
9894            	5.08253515e-02	6.07571951e-02	1.63256173e+00	8.67106217e-01	7.65455514e-01
9895            	5.08195150e-02	6.07564544e-02	1.63254960e+00	8.67094313e-01	7.65455283e-01
9896            	5.08171720e-02	6.07574796e-02	1.63254500e+00	8.67089672e-01	7.65455328e-01
9897            	5.08084532e-02	6.07521982e-02	1.63252515e+00	8.67071029e-01	7.65454123e-01
9898            	5.07970243e-02	6.07449534e-02	1.63250017e+00	8.67047109e-01	7.65453061e-01
9899            	5.07881307e-02	6.07403181e-02	1.63248029e+00	8.67028277e-01	7.65452015e-01
9900            	5.07749093e-02	6.07325594e-02	1.63245016e+00	8.66999990e-01	7.65450171e-01
9901            	5.07589369e-02	6.07236812e-02	1.63241442e+00	8.66966145e-01	7.65448271e-01
9902            	5.07348244e-02	6.07084439e-02	1.63236077e+00	8.66915211e-01	7.65445562e-01
9903            	5.07054466e-02	6.06887800e-02	1.63229479e+00	8.66852842e-01	7.65441948e-01
9904            	5.06750944e-02	6.06706334e-02	1.63222455e+00	8.66787369e-01	7.65437180e-01
9905            	5.06404890e-02	6.06485904e-02	1.63214464e+00	8.66712809e-01	7.65431831e-01
9906            	5.06047466e-02	6.06264719e-02	1.63205848e+00	8.66633986e-01	7.65424492e-01
9907            	5.05695320e-02	6.06037642e-02	1.63197185e+00	8.66555458e-01	7.65416394e-01
9908            	5.05381255e-02	6.05834409e-02	1.63189061e+00	8.66483428e-01	7.65407177e-01
9909            	5.05127350e-02	6.05659792e-02	1.63181970e+00	8.66422586e-01	7.65397116e-01
9910            	5.04992190e-02	6.05591118e-02	1.63176625e+00	8.66382342e-01	7.65383904e-01
9911            	5.04951293e-02	6.05578105e-02	1.63173505e+00	8.66362656e-01	7.65372398e-01
9912            	5.05033827e-02	6.05658361e-02	1.63172871e+00	8.66367737e-01	7.65360972e-01
9913            	5.05196868e-02	6.05786537e-02	1.63174208e+00	8.66390725e-01	7.65351351e-01
9914            	5.05572064e-02	6.06087115e-02	1.63179534e+00	8.66454877e-01	7.65340464e-01
9915            	5.05964491e-02	6.06389906e-02	1.63185908e+00	8.66525989e-01	7.65333091e-01
9916            	5.06362115e-02	6.06699737e-02	1.63193115e+00	8.66601788e-01	7.65329365e-01
9917            	5.06853780e-02	6.07086062e-02	1.63202478e+00	8.66697769e-01	7.65327013e-01
9918            	5.07294001e-02	6.07428350e-02	1.63211252e+00	8.66785663e-01	7.65326862e-01
9919            	5.07812153e-02	6.07828595e-02	1.63221828e+00	8.66890355e-01	7.65327924e-01
9920            	5.08247958e-02	6.08162247e-02	1.63231029e+00	8.66979941e-01	7.65330350e-01
9921            	5.08626813e-02	6.08448557e-02	1.63239290e+00	8.67059132e-01	7.65333770e-01
9922            	5.08950534e-02	6.08684238e-02	1.63246368e+00	8.67126894e-01	7.65336787e-01
9923            	5.09222721e-02	6.08872919e-02	1.63252436e+00	8.67184451e-01	7.65339907e-01
9924            	5.09452978e-02	6.09019239e-02	1.63257450e+00	8.67232546e-01	7.65341950e-01
9925            	5.09658130e-02	6.09139784e-02	1.63261946e+00	8.67275543e-01	7.65343917e-01
9926            	5.09847154e-02	6.09239365e-02	1.63265944e+00	8.67314434e-01	7.65345003e-01
9927            	5.10031034e-02	6.09333040e-02	1.63269929e+00	8.67352749e-01	7.65346542e-01
9928            	5.10208062e-02	6.09417216e-02	1.63273753e+00	8.67389570e-01	7.65347957e-01
9929            	5.10377753e-02	6.09499842e-02	1.63277683e+00	8.67426189e-01	7.65350638e-01
9930            	5.10529203e-02	6.09568403e-02	1.63281383e+00	8.67459836e-01	7.65353995e-01
9931            	5.10652736e-02	6.09622679e-02	1.63284892e+00	8.67489733e-01	7.65359186e-01
9932            	5.10727920e-02	6.09639038e-02	1.63287641e+00	8.67510996e-01	7.65365412e-01
9933            	5.10738834e-02	6.09609266e-02	1.63289457e+00	8.67521168e-01	7.65373401e-01
9934            	5.10667688e-02	6.09509907e-02	1.63289768e+00	8.67515607e-01	7.65382069e-01
9935            	5.10509431e-02	6.09340592e-02	1.63288540e+00	8.67493643e-01	7.65391757e-01
9936            	5.10261444e-02	6.09090917e-02	1.63285471e+00	8.67453499e-01	7.65401210e-01
9937            	5.09932642e-02	6.08773093e-02	1.63280781e+00	8.67397171e-01	7.65410643e-01
9938            	5.09537412e-02	6.08392141e-02	1.63274528e+00	8.67326379e-01	7.65418896e-01
9939            	5.09096736e-02	6.07973658e-02	1.63267220e+00	8.67245775e-01	7.65426428e-01
9940            	5.08629707e-02	6.07527205e-02	1.63259060e+00	8.67158269e-01	7.65432328e-01
9941            	5.08156258e-02	6.07081253e-02	1.63250611e+00	8.67068682e-01	7.65437430e-01
9942            	5.07689937e-02	6.06639933e-02	1.63242011e+00	8.66979047e-01	7.65441059e-01
9943            	5.07243899e-02	6.06227118e-02	1.63233730e+00	8.66893039e-01	7.65444259e-01
9944            	5.06823466e-02	6.05839210e-02	1.63225766e+00	8.66811175e-01	7.65446482e-01
9945            	5.06434889e-02	6.05493328e-02	1.63218458e+00	8.66735780e-01	7.65448802e-01
9946            	5.06075715e-02	6.05177437e-02	1.63211662e+00	8.66665883e-01	7.65450740e-01
9947            	5.05768826e-02	6.04912681e-02	1.63205945e+00	8.66606608e-01	7.65452843e-01
9948            	5.05454310e-02	6.04655365e-02	1.63200152e+00	8.66546192e-01	7.65455330e-01
9949            	5.05164650e-02	6.04422455e-02	1.63194950e+00	8.66491216e-01	7.65458286e-01
9950            	5.04879990e-02	6.04196744e-02	1.63189958e+00	8.66437787e-01	7.65461789e-01
9951            	5.04585102e-02	6.03965081e-02	1.63184859e+00	8.66382807e-01	7.65465787e-01
9952            	5.04267970e-02	6.03716580e-02	1.63179376e+00	8.66323678e-01	7.65470084e-01
9953            	5.03922723e-02	6.03444602e-02	1.63173329e+00	8.66258918e-01	7.65474373e-01
9954            	5.03550287e-02	6.03147701e-02	1.63166663e+00	8.66188341e-01	7.65478284e-01
9955            	5.03156578e-02	6.02828699e-02	1.63159423e+00	8.66112771e-01	7.65481455e-01
9956            	5.02751922e-02	6.02494457e-02	1.63151756e+00	8.66033970e-01	7.65483586e-01
9957            	5.02348773e-02	6.02154215e-02	1.63143872e+00	8.65954239e-01	7.65484485e-01
9958            	5.01960614e-02	6.01818987e-02	1.63136029e+00	8.65876207e-01	7.65484084e-01
9959            	5.01600185e-02	6.01500009e-02	1.63128491e+00	8.65802475e-01	7.65482438e-01
9960            	5.01278758e-02	6.01207806e-02	1.63121515e+00	8.65735453e-01	7.65479701e-01
9961            	5.01003724e-02	6.00950638e-02	1.63115303e+00	8.65676885e-01	7.65476140e-01
9962            	5.00778385e-02	6.00733826e-02	1.63109978e+00	8.65627731e-01	7.65472054e-01
9963            	5.00603504e-02	6.00560096e-02	1.63105613e+00	8.65588417e-01	7.65467716e-01
9964            	5.00478739e-02	6.00430535e-02	1.63102248e+00	8.65559113e-01	7.65463366e-01
9965            	5.00401839e-02	6.00344293e-02	1.63099874e+00	8.65539551e-01	7.65459184e-01
9966            	5.00368720e-02	6.00298512e-02	1.63098433e+00	8.65529037e-01	7.65455293e-01
9967            	5.00374052e-02	6.00288682e-02	1.63097829e+00	8.65526550e-01	7.65451739e-01
9968            	5.00412222e-02	6.00309662e-02	1.63097947e+00	8.65530956e-01	7.65448512e-01
9969            	5.00477708e-02	6.00356330e-02	1.63098667e+00	8.65541104e-01	7.65445563e-01
9970            	5.00564943e-02	6.00423402e-02	1.63099862e+00	8.65555804e-01	7.65442815e-01
9971            	5.00669173e-02	6.00506129e-02	1.63101415e+00	8.65573994e-01	7.65440159e-01
9972            	5.00787835e-02	6.00601612e-02	1.63103252e+00	8.65595045e-01	7.65437478e-01
9973            	5.00919393e-02	6.00707891e-02	1.63105324e+00	8.65618557e-01	7.65434679e-01
9974            	5.01063611e-02	6.00824301e-02	1.63107611e+00	8.65644418e-01	7.65431696e-01
9975            	5.01225341e-02	6.00958063e-02	1.63110383e+00	8.65674451e-01	7.65429383e-01
9976            	5.01399847e-02	6.01097079e-02	1.63113254e+00	8.65706257e-01	7.65426288e-01
9977            	5.01586319e-02	6.01249955e-02	1.63116283e+00	8.65740048e-01	7.65422785e-01
9978            	5.01789468e-02	6.01408990e-02	1.63119509e+00	8.65776490e-01	7.65418596e-01
9979            	5.02008084e-02	6.01582042e-02	1.63123123e+00	8.65816426e-01	7.65414809e-01
9980            	5.02238461e-02	6.01765540e-02	1.63127021e+00	8.65858950e-01	7.65411257e-01
9981            	5.02478970e-02	6.01962321e-02	1.63131130e+00	8.65903548e-01	7.65407754e-01
9982            	5.02731956e-02	6.02166674e-02	1.63135490e+00	8.65950644e-01	7.65404252e-01
9983            	5.02992744e-02	6.02381075e-02	1.63140131e+00	8.65999927e-01	7.65401378e-01
9984            	5.03261047e-02	6.02603838e-02	1.63145058e+00	8.66051394e-01	7.65399184e-01
9985            	5.03542455e-02	6.02840264e-02	1.63150384e+00	8.66106163e-01	7.65397672e-01
9986            	5.03829684e-02	6.03076758e-02	1.63155924e+00	8.66162591e-01	7.65396654e-01
9987            	5.04115718e-02	6.03311933e-02	1.63161628e+00	8.66219713e-01	7.65396569e-01
9988            	5.04397780e-02	6.03542224e-02	1.63167422e+00	8.66276887e-01	7.65397331e-01
9989            	5.04690917e-02	6.03778195e-02	1.63173625e+00	8.66337219e-01	7.65399036e-01
9990            	5.04978009e-02	6.04003429e-02	1.63179763e+00	8.66396614e-01	7.65401012e-01
9991            	5.05257809e-02	6.04222539e-02	1.63185864e+00	8.66455099e-01	7.65403537e-01
9992            	5.05547772e-02	6.04446145e-02	1.63192314e+00	8.66516346e-01	7.65406792e-01
9993            	5.05817950e-02	6.04649394e-02	1.63198321e+00	8.66573399e-01	7.65409809e-01
9994            	5.06056516e-02	6.04833235e-02	1.63203714e+00	8.66624223e-01	7.65412920e-01
9995            	5.06274199e-02	6.05004660e-02	1.63208682e+00	8.66670830e-01	7.65415990e-01
9996            	5.06503983e-02	6.05186526e-02	1.63213967e+00	8.66720232e-01	7.65419436e-01
9997            	5.06710293e-02	6.05354017e-02	1.63218650e+00	8.66764277e-01	7.65422219e-01
9998            	5.06900699e-02	6.05518330e-02	1.63222971e+00	8.66804923e-01	7.65424783e-01
9999            	5.07102092e-02	6.05697349e-02	1.63227595e+00	8.66848186e-01	7.65427768e-01
10000           	5.07279347e-02	6.05862258e-02	1.63231607e+00	8.66885971e-01	7.65430102e-01
10001           	5.07429777e-02	6.06019029e-02	1.63235033e+00	8.66918141e-01	7.65432186e-01
10002           	5.07588298e-02	6.06192978e-02	1.63238751e+00	8.66952584e-01	7.65434925e-01
10003           	5.07727939e-02	6.06357186e-02	1.63241981e+00	8.66982698e-01	7.65437110e-01
10004           	5.07862361e-02	6.06531422e-02	1.63245225e+00	8.67012360e-01	7.65439887e-01
10005           	5.07988113e-02	6.06702961e-02	1.63248253e+00	8.67040074e-01	7.65442452e-01
10006           	5.08063432e-02	6.06843269e-02	1.63250140e+00	8.67057045e-01	7.65444359e-01
10007           	5.08131414e-02	6.06987841e-02	1.63252004e+00	8.67073162e-01	7.65446880e-01
10008           	5.08184556e-02	6.07117948e-02	1.63253454e+00	8.67085725e-01	7.65448814e-01
10009           	5.08225184e-02	6.07241426e-02	1.63254712e+00	8.67096080e-01	7.65451043e-01
10010           	5.08294112e-02	6.07384912e-02	1.63256657e+00	8.67112699e-01	7.65453876e-01
10011           	5.08291351e-02	6.07463017e-02	1.63256873e+00	8.67113502e-01	7.65455231e-01
10012           	5.08263879e-02	6.07506489e-02	1.63256441e+00	8.67108593e-01	7.65455817e-01
10013           	5.08238368e-02	6.07541922e-02	1.63256026e+00	8.67103965e-01	7.65456291e-01
10014           	5.08192832e-02	6.07545871e-02	1.63255070e+00	8.67094634e-01	7.65456068e-01
10015           	5.08201351e-02	6.07585204e-02	1.63255382e+00	8.67097047e-01	7.65456776e-01
10016           	5.08155874e-02	6.07573746e-02	1.63254411e+00	8.67087644e-01	7.65456469e-01
10017           	5.08051539e-02	6.07511691e-02	1.63252100e+00	8.67065654e-01	7.65455346e-01
10018           	5.07904123e-02	6.07410694e-02	1.63248786e+00	8.67034340e-01	7.65453515e-01
10019           	5.07791950e-02	6.07349707e-02	1.63246247e+00	8.67010432e-01	7.65452042e-01
10020           	5.07607456e-02	6.07232898e-02	1.63242115e+00	8.66971323e-01	7.65449832e-01
10021           	5.07370679e-02	6.07081497e-02	1.63236812e+00	8.66921128e-01	7.65446992e-01
10022           	5.07082665e-02	6.06888555e-02	1.63230322e+00	8.66859874e-01	7.65443341e-01
10023           	5.06792885e-02	6.06721558e-02	1.63223616e+00	8.66797366e-01	7.65438789e-01
10024           	5.06456390e-02	6.06510500e-02	1.63215848e+00	8.66724877e-01	7.65433599e-01
10025           	5.06107297e-02	6.06296043e-02	1.63207472e+00	8.66648088e-01	7.65426629e-01
10026           	5.05756741e-02	6.06061542e-02	1.63198906e+00	8.66570203e-01	7.65418855e-01
10027           	5.05438304e-02	6.05849443e-02	1.63190931e+00	8.66498485e-01	7.65410824e-01
10028           	5.05195826e-02	6.05714337e-02	1.63183874e+00	8.66438954e-01	7.65399789e-01
10029           	5.05029176e-02	6.05617301e-02	1.63178250e+00	8.66394169e-01	7.65388334e-01
10030           	5.04971644e-02	6.05594359e-02	1.63174634e+00	8.66370335e-01	7.65376006e-01
10031           	5.05003134e-02	6.05630615e-02	1.63173235e+00	8.66366486e-01	7.65365859e-01
10032           	5.05220301e-02	6.05815724e-02	1.63175032e+00	8.66397190e-01	7.65353130e-01
10033           	5.05462703e-02	6.06003902e-02	1.63178224e+00	8.66437390e-01	7.65344850e-01
10034           	5.05791946e-02	6.06262692e-02	1.63183506e+00	8.66496722e-01	7.65338333e-01
10035           	5.06207533e-02	6.06586843e-02	1.63190872e+00	8.66575115e-01	7.65333608e-01
10036           	5.06668249e-02	6.06942441e-02	1.63199534e+00	8.66664497e-01	7.65330847e-01
10037           	5.07150317e-02	6.07311648e-02	1.63208965e+00	8.66759855e-01	7.65329791e-01
10038           	5.07627610e-02	6.07674620e-02	1.63218576e+00	8.66855643e-01	7.65330121e-01
10039           	5.08107317e-02	6.08030833e-02	1.63228313e+00	8.66952298e-01	7.65330835e-01
10040           	5.08524419e-02	6.08344901e-02	1.63237043e+00	8.67037657e-01	7.65332773e-01
10041           	5.08880247e-02	6.08609108e-02	1.63244626e+00	8.67111153e-01	7.65335104e-01
10042           	5.09177271e-02	6.08823646e-02	1.63251048e+00	8.67172967e-01	7.65337513e-01
10043           	5.09425590e-02	6.08994534e-02	1.63256477e+00	8.67224943e-01	7.65339825e-01
10044           	5.09649294e-02	6.09132014e-02	1.63261296e+00	8.67271409e-01	7.65341550e-01
10045           	5.09847837e-02	6.09250598e-02	1.63265690e+00	8.67313232e-01	7.65343665e-01
10046           	5.10031248e-02	6.09351355e-02	1.63269810e+00	8.67352172e-01	7.65345923e-01
10047           	5.10204090e-02	6.09439812e-02	1.63273791e+00	8.67389363e-01	7.65348545e-01
10048           	5.10366762e-02	6.09518495e-02	1.63277687e+00	8.67425113e-01	7.65351761e-01
10049           	5.10512967e-02	6.09575403e-02	1.63281384e+00	8.67458218e-01	7.65355624e-01
10050           	5.10636513e-02	6.09624635e-02	1.63284898e+00	8.67488141e-01	7.65360838e-01
10051           	5.10718700e-02	6.09644648e-02	1.63287794e+00	8.67510838e-01	7.65367098e-01
10052           	5.10744675e-02	6.09622861e-02	1.63289750e+00	8.67523216e-01	7.65374282e-01
10053           	5.10676994e-02	6.09516687e-02	1.63290011e+00	8.67517753e-01	7.65382354e-01
10054           	5.10529974e-02	6.09355020e-02	1.63288872e+00	8.67497359e-01	7.65391364e-01
10055           	5.10303947e-02	6.09126321e-02	1.63286142e+00	8.67461106e-01	7.65400317e-01
10056           	5.10011185e-02	6.08839659e-02	1.63281979e+00	8.67411012e-01	7.65408775e-01
10057           	5.09618246e-02	6.08456352e-02	1.63275675e+00	8.67340200e-01	7.65416551e-01
10058           	5.09175748e-02	6.08038384e-02	1.63268349e+00	8.67259318e-01	7.65424168e-01
10059           	5.08724704e-02	6.07611610e-02	1.63260603e+00	8.67175483e-01	7.65430542e-01
10060           	5.08285215e-02	6.07196069e-02	1.63252852e+00	8.67092779e-01	7.65435736e-01
10061           	5.07815606e-02	6.06750691e-02	1.63244258e+00	8.67002853e-01	7.65439731e-01
10062           	5.07353887e-02	6.06325098e-02	1.63235811e+00	8.66914445e-01	7.65443667e-01
10063           	5.06935956e-02	6.05943126e-02	1.63228082e+00	8.66834008e-01	7.65446816e-01
10064           	5.06562732e-02	6.05607235e-02	1.63221146e+00	8.66762004e-01	7.65449458e-01
10065           	5.06223344e-02	6.05309191e-02	1.63214850e+00	8.66696584e-01	7.65451915e-01
10066           	5.05877774e-02	6.05012766e-02	1.63208378e+00	8.66629668e-01	7.65454113e-01
10067           	5.05542208e-02	6.04737814e-02	1.63202296e+00	8.66565701e-01	7.65457259e-01
10068           	5.05229998e-02	6.04485634e-02	1.63196697e+00	8.66506486e-01	7.65460486e-01
10069           	5.04932006e-02	6.04246838e-02	1.63191404e+00	8.66450220e-01	7.65463819e-01
10070           	5.04633233e-02	6.04008564e-02	1.63186127e+00	8.66393960e-01	7.65467313e-01
10071           	5.04319769e-02	6.03758994e-02	1.63180586e+00	8.66334907e-01	7.65470953e-01
10072           	5.03982641e-02	6.03489653e-02	1.63174573e+00	8.66271131e-01	7.65474603e-01
10073           	5.03620333e-02	6.03197746e-02	1.63168015e+00	8.66202110e-01	7.65478043e-01
10074           	5.03236363e-02	6.02884638e-02	1.63160925e+00	8.66128261e-01	7.65480988e-01
10075           	5.02839444e-02	6.02556224e-02	1.63153421e+00	8.66051051e-01	7.65483162e-01
10076           	5.02440832e-02	6.02220873e-02	1.63145687e+00	8.65972518e-01	7.65484351e-01
10077           	5.02053488e-02	6.01888917e-02	1.63137954e+00	8.65895121e-01	7.65484424e-01
10078           	5.01690103e-02	6.01571159e-02	1.63130472e+00	8.65821371e-01	7.65483350e-01
10079           	5.01362121e-02	6.01277610e-02	1.63123484e+00	8.65753631e-01	7.65481206e-01
10080           	5.01077609e-02	6.01016372e-02	1.63117189e+00	8.65693705e-01	7.65478183e-01
10081           	5.00840748e-02	6.00792878e-02	1.63111722e+00	8.65642685e-01	7.65474536e-01
10082           	5.00652748e-02	6.00610008e-02	1.63107159e+00	8.65601067e-01	7.65470518e-01
10083           	5.00513804e-02	6.00469178e-02	1.63103548e+00	8.65569122e-01	7.65466361e-01
10084           	5.00422694e-02	6.00370435e-02	1.63100905e+00	8.65546792e-01	7.65462254e-01
10085           	5.00376039e-02	6.00311737e-02	1.63099187e+00	8.65533540e-01	7.65458332e-01
10086           	5.00369313e-02	6.00289619e-02	1.63098319e+00	8.65528527e-01	7.65454664e-01
10087           	5.00397077e-02	6.00299480e-02	1.63098193e+00	8.65530675e-01	7.65451260e-01
10088           	5.00454190e-02	6.00336789e-02	1.63098702e+00	8.65538927e-01	7.65448089e-01
10089           	5.00535058e-02	6.00396549e-02	1.63099721e+00	8.65552110e-01	7.65445099e-01
10090           	5.00634743e-02	6.00474130e-02	1.63101135e+00	8.65569151e-01	7.65442202e-01
10091           	5.00750027e-02	6.00566152e-02	1.63102863e+00	8.65589316e-01	7.65439310e-01
10092           	5.00879030e-02	6.00670367e-02	1.63104850e+00	8.65612152e-01	7.65436345e-01
10093           	5.01020882e-02	6.00785430e-02	1.63107069e+00	8.65637433e-01	7.65433257e-01
10094           	5.01177909e-02	6.00906319e-02	1.63109575e+00	8.65665667e-01	7.65430085e-01
10095           	5.01350589e-02	6.01043706e-02	1.63112470e+00	8.65697407e-01	7.65427289e-01
10096           	5.01532445e-02	6.01185657e-02	1.63115304e+00	8.65729765e-01	7.65423276e-01
10097           	5.01732918e-02	6.01351866e-02	1.63118586e+00	8.65766220e-01	7.65419636e-01
10098           	5.01948675e-02	6.01531154e-02	1.63122208e+00	8.65805907e-01	7.65416172e-01
10099           	5.02176934e-02	6.01722239e-02	1.63126140e+00	8.65848391e-01	7.65413005e-01
10100           	5.02414059e-02	6.01915822e-02	1.63130115e+00	8.65891979e-01	7.65409167e-01
10101           	5.02667303e-02	6.02129139e-02	1.63134615e+00	8.65939808e-01	7.65406347e-01
10102           	5.02928696e-02	6.02347533e-02	1.63139387e+00	8.65989806e-01	7.65404067e-01
10103           	5.03197624e-02	6.02570617e-02	1.63144424e+00	8.66041884e-01	7.65402359e-01
10104           	5.03477353e-02	6.02792582e-02	1.63149617e+00	8.66095818e-01	7.65400347e-01
10105           	5.03766188e-02	6.03028812e-02	1.63155250e+00	8.66152867e-01	7.65399630e-01
10106           	5.04053279e-02	6.03262308e-02	1.63160981e+00	8.66210233e-01	7.65399577e-01
10107           	5.04335703e-02	6.03491121e-02	1.63166738e+00	8.66267261e-01	7.65400120e-01
10108           	5.04624643e-02	6.03713251e-02	1.63172593e+00	8.66325429e-01	7.65400501e-01
10109           	5.04910084e-02	6.03941065e-02	1.63178606e+00	8.66384038e-01	7.65402021e-01
10110           	5.05187416e-02	6.04162101e-02	1.63184561e+00	8.66441548e-01	7.65404065e-01
10111           	5.05455817e-02	6.04375587e-02	1.63190421e+00	8.66497687e-01	7.65406523e-01
10112           	5.05729368e-02	6.04579496e-02	1.63196357e+00	8.66554720e-01	7.65408846e-01
10113           	5.05979428e-02	6.04775333e-02	1.63201983e+00	8.66607858e-01	7.65411973e-01
10114           	5.06207197e-02	6.04955809e-02	1.63207198e+00	8.66656708e-01	7.65415268e-01
10115           	5.06420519e-02	6.05127794e-02	1.63212125e+00	8.66702676e-01	7.65418572e-01
10116           	5.06647751e-02	6.05301104e-02	1.63217266e+00	8.66751107e-01	7.65421557e-01
10117           	5.06854922e-02	6.05475324e-02	1.63222074e+00	8.66795865e-01	7.65424880e-01
10118           	5.07044292e-02	6.05644166e-02	1.63226480e+00	8.66836831e-01	7.65427973e-01
10119           	5.07215761e-02	6.05807707e-02	1.63230466e+00	8.66873904e-01	7.65430751e-01
10120           	5.07394950e-02	6.05975117e-02	1.63234533e+00	8.66912158e-01	7.65433168e-01
10121           	5.07547634e-02	6.06141494e-02	1.63238100e+00	8.66945266e-01	7.65435739e-01
10122           	5.07704133e-02	6.06313435e-02	1.63241704e+00	8.66978934e-01	7.65438108e-01
10123           	5.07849978e-02	6.06494548e-02	1.63245205e+00	8.67011020e-01	7.65441025e-01
10124           	5.07950921e-02	6.06652424e-02	1.63247687e+00	8.67033526e-01	7.65443342e-01
10125           	5.08044416e-02	6.06806078e-02	1.63249976e+00	8.67054322e-01	7.65445439e-01
10126           	5.08118913e-02	6.06955650e-02	1.63251948e+00	8.67071633e-01	7.65447850e-01
10127           	5.08179962e-02	6.07091807e-02	1.63253564e+00	8.67085817e-01	7.65449824e-01
10128           	5.08238151e-02	6.07229360e-02	1.63255210e+00	8.67099865e-01	7.65452235e-01
10129           	5.08245187e-02	6.07321746e-02	1.63255630e+00	8.67102669e-01	7.65453631e-01
10130           	5.08245667e-02	6.07397244e-02	1.63255812e+00	8.67103625e-01	7.65454491e-01
10131           	5.08239996e-02	6.07463663e-02	1.63255883e+00	8.67103414e-01	7.65455415e-01
10132           	5.08221599e-02	6.07504832e-02	1.63255568e+00	8.67100000e-01	7.65455680e-01
10133           	5.08247980e-02	6.07572244e-02	1.63256293e+00	8.67106261e-01	7.65456665e-01
10134           	5.08194079e-02	6.07561788e-02	1.63255125e+00	8.67095035e-01	7.65456219e-01
10135           	5.08115018e-02	6.07528746e-02	1.63253468e+00	8.67078843e-01	7.65455839e-01
10136           	5.08067270e-02	6.07519959e-02	1.63252489e+00	8.67069171e-01	7.65455717e-01
10137           	5.07947071e-02	6.07451441e-02	1.63249880e+00	8.67044107e-01	7.65454693e-01
10138           	5.07790204e-02	6.07347932e-02	1.63246400e+00	8.67011018e-01	7.65452977e-01
10139           	5.07648896e-02	6.07266872e-02	1.63243216e+00	8.66980971e-01	7.65451192e-01
10140           	5.07457205e-02	6.07149741e-02	1.63238982e+00	8.66940633e-01	7.65449192e-01
10141           	5.07225795e-02	6.07010816e-02	1.63233770e+00	8.66891431e-01	7.65446272e-01
10142           	5.06919733e-02	6.06804078e-02	1.63226856e+00	8.66826254e-01	7.65442307e-01
10143           	5.06571486e-02	6.06570682e-02	1.63219015e+00	8.66752222e-01	7.65437925e-01
10144           	5.06218786e-02	6.06359236e-02	1.63210673e+00	8.66675243e-01	7.65431486e-01
10145           	5.05856018e-02	6.06126637e-02	1.63201803e+00	8.66594616e-01	7.65423413e-01
10146           	5.05523016e-02	6.05924185e-02	1.63193161e+00	8.66518106e-01	7.65413503e-01
10147           	5.05239212e-02	6.05742120e-02	1.63185296e+00	8.66450401e-01	7.65402559e-01
10148           	5.05036820e-02	6.05607617e-02	1.63178939e+00	8.66398377e-01	7.65391013e-01
10149           	5.04924901e-02	6.05535478e-02	1.63174642e+00	8.66365700e-01	7.65380720e-01
10150           	5.04974382e-02	6.05598646e-02	1.63173049e+00	8.66362683e-01	7.65367807e-01
10151           	5.05108934e-02	6.05711592e-02	1.63173550e+00	8.66378642e-01	7.65356855e-01
10152           	5.05365206e-02	6.05910849e-02	1.63176675e+00	8.66419897e-01	7.65346855e-01
10153           	5.05673364e-02	6.06152237e-02	1.63181529e+00	8.66474982e-01	7.65340309e-01
10154           	5.06184625e-02	6.06556032e-02	1.63190307e+00	8.66569998e-01	7.65333073e-01
10155           	5.06675561e-02	6.06941470e-02	1.63199396e+00	8.66664537e-01	7.65329425e-01
10156           	5.07118318e-02	6.07287728e-02	1.63208048e+00	8.66752072e-01	7.65328409e-01
10157           	5.07588843e-02	6.07650022e-02	1.63217556e+00	8.66846663e-01	7.65328894e-01
10158           	5.08014269e-02	6.07977654e-02	1.63226476e+00	8.66933809e-01	7.65330955e-01
10159           	5.08392092e-02	6.08264632e-02	1.63234586e+00	8.67012137e-01	7.65333719e-01
10160           	5.08724225e-02	6.08509924e-02	1.63241825e+00	8.67081546e-01	7.65336701e-01
10161           	5.09013483e-02	6.08714081e-02	1.63248177e+00	8.67142231e-01	7.65339535e-01
10162           	5.09283549e-02	6.08901207e-02	1.63254192e+00	8.67199317e-01	7.65342607e-01
10163           	5.09520721e-02	6.09046270e-02	1.63259308e+00	8.67248614e-01	7.65344469e-01
10164           	5.09738928e-02	6.09170992e-02	1.63263974e+00	8.67293763e-01	7.65345978e-01
10165           	5.09944977e-02	6.09282408e-02	1.63268382e+00	8.67336407e-01	7.65347411e-01
10166           	5.10141448e-02	6.09384236e-02	1.63272644e+00	8.67377364e-01	7.65349074e-01
10167           	5.10331545e-02	6.09484240e-02	1.63277012e+00	8.67418217e-01	7.65351908e-01
10168           	5.10501570e-02	6.09565873e-02	1.63281003e+00	8.67455173e-01	7.65354859e-01
10169           	5.10641720e-02	6.09629525e-02	1.63284616e+00	8.67487254e-01	7.65358910e-01
10170           	5.10739631e-02	6.09664714e-02	1.63287634e+00	8.67512131e-01	7.65364205e-01
10171           	5.10766793e-02	6.09647849e-02	1.63289682e+00	8.67525091e-01	7.65371732e-01
10172           	5.10719138e-02	6.09566616e-02	1.63290323e+00	8.67523529e-01	7.65379702e-01
10173           	5.10590416e-02	6.09419267e-02	1.63289490e+00	8.67506493e-01	7.65388409e-01
10174           	5.10384913e-02	6.09207231e-02	1.63287179e+00	8.67474387e-01	7.65397404e-01
10175           	5.10069565e-02	6.08901995e-02	1.63282869e+00	8.67421300e-01	7.65407387e-01
10176           	5.09684496e-02	6.08530035e-02	1.63276937e+00	8.67353134e-01	7.65416235e-01
10177           	5.09266649e-02	6.08128580e-02	1.63270123e+00	8.67277282e-01	7.65423952e-01
10178           	5.08840718e-02	6.07719399e-02	1.63262891e+00	8.67198529e-01	7.65430386e-01
10179           	5.08369499e-02	6.07274643e-02	1.63254672e+00	8.67110310e-01	7.65436410e-01
10180           	5.07892385e-02	6.06824028e-02	1.63246013e+00	8.67019304e-01	7.65440827e-01
10181           	5.07451285e-02	6.06409574e-02	1.63237848e+00	8.66934369e-01	7.65444112e-01
10182           	5.07051271e-02	6.06037132e-02	1.63230348e+00	8.66856867e-01	7.65446613e-01
10183           	5.06683749e-02	6.05700911e-02	1.63223424e+00	8.66785495e-01	7.65448745e-01
10184           	5.06310131e-02	6.05376495e-02	1.63216469e+00	8.66713360e-01	7.65451333e-01
10185           	5.05947134e-02	6.05068128e-02	1.63209667e+00	8.66643050e-01	7.65453623e-01
10186           	5.05616588e-02	6.04793509e-02	1.63203562e+00	8.66579471e-01	7.65456153e-01
10187           	5.05310451e-02	6.04542995e-02	1.63198017e+00	8.66521130e-01	7.65459040e-01
10188           	5.05014368e-02	6.04303246e-02	1.63192758e+00	8.66465224e-01	7.65462351e-01
10189           	5.04714772e-02	6.04062561e-02	1.63187512e+00	8.66409038e-01	7.65466084e-01
10190           	5.04400338e-02	6.03811611e-02	1.63182033e+00	8.66350198e-01	7.65470130e-01
10191           	5.04039084e-02	6.03533747e-02	1.63175745e+00	8.66282632e-01	7.65474815e-01
10192           	5.03660265e-02	6.03233922e-02	1.63168924e+00	8.66210649e-01	7.65478596e-01
10193           	5.03273769e-02	6.02920928e-02	1.63161809e+00	8.66136421e-01	7.65481667e-01
10194           	5.02886989e-02	6.02599182e-02	1.63154499e+00	8.66061195e-01	7.65483797e-01
10195           	5.02504529e-02	6.02272944e-02	1.63147064e+00	8.65985772e-01	7.65484866e-01
10196           	5.02133005e-02	6.01949178e-02	1.63139625e+00	8.65911427e-01	7.65484826e-01
10197           	5.01780837e-02	6.01636854e-02	1.63132356e+00	8.65839865e-01	7.65483698e-01
10198           	5.01457014e-02	6.01345185e-02	1.63125456e+00	8.65772984e-01	7.65481581e-01
10199           	5.01169609e-02	6.01082493e-02	1.63119122e+00	8.65712571e-01	7.65478649e-01
10200           	5.00924066e-02	6.00854826e-02	1.63113509e+00	8.65659951e-01	7.65475137e-01
10201           	5.00722867e-02	6.00665402e-02	1.63108714e+00	8.65615855e-01	7.65471282e-01
10202           	5.00567598e-02	6.00515810e-02	1.63104811e+00	8.65580815e-01	7.65467295e-01
10203           	5.00458718e-02	6.00406479e-02	1.63101844e+00	8.65555090e-01	7.65463347e-01
10204           	5.00394201e-02	6.00335767e-02	1.63099796e+00	8.65538401e-01	7.65459561e-01
10205           	5.00370748e-02	6.00300890e-02	1.63098614e+00	8.65530145e-01	7.65455996e-01
10206           	5.00383571e-02	6.00297755e-02	1.63098202e+00	8.65529368e-01	7.65452654e-01
10207           	5.00428085e-02	6.00322492e-02	1.63098461e+00	8.65535113e-01	7.65449496e-01
10208           	5.00499129e-02	6.00370922e-02	1.63099276e+00	8.65546293e-01	7.65446467e-01
10209           	5.00591810e-02	6.00439015e-02	1.63100536e+00	8.65561861e-01	7.65443499e-01
10210           	5.00702362e-02	6.00523463e-02	1.63102148e+00	8.65580977e-01	7.65440505e-01
10211           	5.00828620e-02	6.00622273e-02	1.63104058e+00	8.65603150e-01	7.65437426e-01
10212           	5.00969170e-02	6.00733959e-02	1.63106229e+00	8.65628063e-01	7.65434229e-01
10213           	5.01127610e-02	6.00864605e-02	1.63108914e+00	8.65657332e-01	7.65431810e-01
10214           	5.01298817e-02	6.01001713e-02	1.63111718e+00	8.65688471e-01	7.65428708e-01
10215           	5.01482569e-02	6.01154218e-02	1.63114708e+00	8.65721795e-01	7.65425281e-01
10216           	5.01682629e-02	6.01313009e-02	1.63117903e+00	8.65757779e-01	7.65421253e-01
10217           	5.01898139e-02	6.01485538e-02	1.63121488e+00	8.65797253e-01	7.65417625e-01
10218           	5.02125283e-02	6.01668051e-02	1.63125350e+00	8.65839276e-01	7.65414219e-01
10219           	5.02361660e-02	6.01863036e-02	1.63129401e+00	8.65883172e-01	7.65410840e-01
10220           	5.02609769e-02	6.02064393e-02	1.63133670e+00	8.65929328e-01	7.65407374e-01
10221           	5.02864913e-02	6.02274698e-02	1.63138186e+00	8.65977419e-01	7.65404437e-01
10222           	5.03126648e-02	6.02492237e-02	1.63142948e+00	8.66027403e-01	7.65402074e-01
10223           	5.03401014e-02	6.02723052e-02	1.63148075e+00	8.66080478e-01	7.65400276e-01
10224           	5.03683460e-02	6.02955487e-02	1.63153445e+00	8.66135573e-01	7.65398881e-01
10225           	5.03966955e-02	6.03188413e-02	1.63159013e+00	8.66191760e-01	7.65398369e-01
10226           	5.04248342e-02	6.03418040e-02	1.63164706e+00	8.66248365e-01	7.65398696e-01
10227           	5.04540379e-02	6.03653455e-02	1.63170797e+00	8.66308025e-01	7.65399949e-01
10228           	5.04827181e-02	6.03878721e-02	1.63176845e+00	8.66366941e-01	7.65401505e-01
10229           	5.05107667e-02	6.04098621e-02	1.63182890e+00	8.66425217e-01	7.65403684e-01
10230           	5.05401205e-02	6.04325652e-02	1.63189355e+00	8.66486894e-01	7.65406653e-01
10231           	5.05679411e-02	6.04535590e-02	1.63195487e+00	8.66545377e-01	7.65409495e-01
10232           	5.05927153e-02	6.04726579e-02	1.63201048e+00	8.66597955e-01	7.65412524e-01
10233           	5.06152818e-02	6.04903612e-02	1.63206174e+00	8.66646150e-01	7.65415587e-01
10234           	5.06388686e-02	6.05088894e-02	1.63211591e+00	8.66696822e-01	7.65419085e-01
10235           	5.06600852e-02	6.05258769e-02	1.63216410e+00	8.66742136e-01	7.65421965e-01
10236           	5.06797328e-02	6.05424913e-02	1.63220880e+00	8.66784134e-01	7.65424669e-01
10237           	5.07006269e-02	6.05606149e-02	1.63225687e+00	8.66829062e-01	7.65427808e-01
10238           	5.07191684e-02	6.05773370e-02	1.63229893e+00	8.66868631e-01	7.65430295e-01
10239           	5.07348845e-02	6.05931078e-02	1.63233481e+00	8.66902290e-01	7.65432521e-01
10240           	5.07513278e-02	6.06104853e-02	1.63237334e+00	8.66937996e-01	7.65435340e-01
10241           	5.07658603e-02	6.06268920e-02	1.63240687e+00	8.66969297e-01	7.65437576e-01
10242           	5.07799587e-02	6.06444024e-02	1.63244064e+00	8.67000279e-01	7.65440362e-01
10243           	5.07933452e-02	6.06618155e-02	1.63247248e+00	8.67029585e-01	7.65442895e-01
10244           	5.08016850e-02	6.06762530e-02	1.63249294e+00	8.67048153e-01	7.65444783e-01
10245           	5.08091821e-02	6.06911266e-02	1.63251290e+00	8.67065633e-01	7.65447268e-01
10246           	5.08151621e-02	6.07046527e-02	1.63252870e+00	8.67079513e-01	7.65449189e-01
10247           	5.08199111e-02	6.07176660e-02	1.63254270e+00	8.67091263e-01	7.65451441e-01
10248           	5.08274199e-02	6.07327287e-02	1.63256347e+00	8.67109156e-01	7.65454316e-01
10249           	5.08278554e-02	6.07414392e-02	1.63256722e+00	8.67111464e-01	7.65455753e-01
10250           	5.08258597e-02	6.07468012e-02	1.63256463e+00	8.67108173e-01	7.65456453e-01
10251           	5.08239512e-02	6.07513105e-02	1.63256207e+00	8.67104986e-01	7.65457084e-01
10252           	5.08200576e-02	6.07526830e-02	1.63255420e+00	8.67097159e-01	7.65457044e-01
10253           	5.08215842e-02	6.07575222e-02	1.63255913e+00	8.67101151e-01	7.65457983e-01
10254           	5.08178276e-02	6.07572848e-02	1.63255144e+00	8.67093549e-01	7.65457894e-01
10255           	5.08085936e-02	6.07522365e-02	1.63253114e+00	8.67074166e-01	7.65456979e-01
10256           	5.07952681e-02	6.07433500e-02	1.63250121e+00	8.67045873e-01	7.65455337e-01
10257           	5.07858461e-02	6.07384860e-02	1.63247995e+00	8.67025822e-01	7.65454130e-01
10258           	5.07694169e-02	6.07281774e-02	1.63244320e+00	8.66991019e-01	7.65452185e-01
10259           	5.07477691e-02	6.07143584e-02	1.63239483e+00	8.66945182e-01	7.65449643e-01
10260           	5.07209271e-02	6.06963698e-02	1.63233454e+00	8.66888195e-01	7.65446341e-01
10261           	5.06942670e-02	6.06811738e-02	1.63227319e+00	8.66830861e-01	7.65442327e-01
10262           	5.06620469e-02	6.06610444e-02	1.63219946e+00	8.66761776e-01	7.65437682e-01
10263           	5.06278580e-02	6.06401737e-02	1.63211844e+00	8.66687076e-01	7.65431360e-01
10264           	5.05921203e-02	6.06163027e-02	1.63203258e+00	8.66608410e-01	7.65424169e-01
10265           	5.05583198e-02	6.05937942e-02	1.63194993e+00	8.66533285e-01	7.65416645e-01
10266           	5.05305797e-02	6.05779251e-02	1.63187354e+00	8.66467349e-01	7.65406189e-01
10267           	5.05094310e-02	6.05650972e-02	1.63180899e+00	8.66413924e-01	7.65395062e-01
10268           	5.04982790e-02	6.05590061e-02	1.63176227e+00	8.66379413e-01	7.65382855e-01
10269           	5.04960536e-02	6.05587475e-02	1.63173714e+00	8.66364622e-01	7.65372515e-01
10270           	5.05116149e-02	6.05729069e-02	1.63174180e+00	8.66382516e-01	7.65359287e-01
10271           	5.05341191e-02	6.05905002e-02	1.63176626e+00	8.66417248e-01	7.65349010e-01
10272           	5.05620987e-02	6.06121631e-02	1.63180845e+00	8.66466323e-01	7.65342125e-01
10273           	5.06059889e-02	6.06460764e-02	1.63188206e+00	8.66547020e-01	7.65335042e-01
10274           	5.06497591e-02	6.06794157e-02	1.63196144e+00	8.66630480e-01	7.65330962e-01
10275           	5.06954821e-02	6.07146238e-02	1.63204943e+00	8.66720197e-01	7.65329233e-01
10276           	5.07408696e-02	6.07497183e-02	1.63214048e+00	8.66811112e-01	7.65329372e-01
10277           	5.07847704e-02	6.07836397e-02	1.63223128e+00	8.66900413e-01	7.65330872e-01
10278           	5.08256320e-02	6.08149513e-02	1.63231774e+00	8.66984501e-01	7.65333237e-01
10279           	5.08649588e-02	6.08452891e-02	1.63240310e+00	8.67066510e-01	7.65336592e-01
10280           	5.08982788e-02	6.08694384e-02	1.63247517e+00	8.67135864e-01	7.65339307e-01
10281           	5.09267979e-02	6.08891292e-02	1.63253709e+00	8.67195344e-01	7.65341748e-01
10282           	5.09514539e-02	6.09050413e-02	1.63259058e+00	8.67246745e-01	7.65343837e-01
10283           	5.09733804e-02	6.09180847e-02	1.63263793e+00	8.67292347e-01	7.65345586e-01
10284           	5.09944594e-02	6.09302525e-02	1.63268428e+00	8.67336599e-01	7.65347680e-01
10285           	5.10137451e-02	6.09400382e-02	1.63272578e+00	8.67376634e-01	7.65349144e-01
10286           	5.10314860e-02	6.09486571e-02	1.63276502e+00	8.67413994e-01	7.65351022e-01
10287           	5.10473910e-02	6.09560758e-02	1.63280217e+00	8.67448478e-01	7.65353696e-01
10288           	5.10608889e-02	6.09619328e-02	1.63283670e+00	8.67479238e-01	7.65357460e-01
10289           	5.10702406e-02	6.09650311e-02	1.63286726e+00	8.67503873e-01	7.65363392e-01
10290           	5.10744182e-02	6.09638202e-02	1.63288877e+00	8.67518801e-01	7.65369965e-01
10291           	5.10719170e-02	6.09574815e-02	1.63289929e+00	8.67521563e-01	7.65377729e-01
10292           	5.10621018e-02	6.09452602e-02	1.63289690e+00	8.67510550e-01	7.65386346e-01
10293           	5.10415238e-02	6.09241450e-02	1.63287612e+00	8.67479582e-01	7.65396535e-01
10294           	5.10128526e-02	6.08956037e-02	1.63283783e+00	8.67431768e-01	7.65406063e-01
10295           	5.09782671e-02	6.08618992e-02	1.63278622e+00	8.67371376e-01	7.65414842e-01
10296           	5.09400835e-02	6.08249883e-02	1.63272522e+00	8.67302693e-01	7.65422526e-01
10297           	5.08949906e-02	6.07822335e-02	1.63264980e+00	8.67219888e-01	7.65429907e-01
10298           	5.08473982e-02	6.07369876e-02	1.63256594e+00	8.67130368e-01	7.65435572e-01
10299           	5.08018268e-02	6.06937723e-02	1.63248343e+00	8.67043541e-01	7.65439887e-01
10300           	5.07593426e-02	6.06536537e-02	1.63240500e+00	8.66961845e-01	7.65443160e-01
10301           	5.07158400e-02	6.06137563e-02	1.63232425e+00	8.66877967e-01	7.65446287e-01
10302           	5.06766940e-02	6.05785908e-02	1.63225134e+00	8.66802366e-01	7.65448978e-01
10303           	5.06377778e-02	6.05439341e-02	1.63217792e+00	8.66726740e-01	7.65451184e-01
10304           	5.06037305e-02	6.05141887e-02	1.63211433e+00	8.66660897e-01	7.65453436e-01
10305           	5.05691700e-02	6.04852572e-02	1.63205013e+00	8.66594237e-01	7.65455897e-01
10306           	5.05380148e-02	6.04595365e-02	1.63199323e+00	8.66534632e-01	7.65458602e-01
10307           	5.05084038e-02	6.04354598e-02	1.63194025e+00	8.66478527e-01	7.65461719e-01
10308           	5.04787890e-02	6.04117377e-02	1.63188818e+00	8.66422880e-01	7.65465302e-01
10309           	5.04479630e-02	6.03873371e-02	1.63183448e+00	8.66365202e-01	7.65469276e-01
10310           	5.04149755e-02	6.03613562e-02	1.63177681e+00	8.66303382e-01	7.65473431e-01
10311           	5.03794795e-02	6.03332928e-02	1.63171389e+00	8.66236427e-01	7.65477468e-01
10312           	5.03417029e-02	6.03030822e-02	1.63164548e+00	8.66164440e-01	7.65481035e-01
10313           	5.03023342e-02	6.02710723e-02	1.63157228e+00	8.66088475e-01	7.65483807e-01
10314           	5.02623865e-02	6.02379259e-02	1.63149583e+00	8.66010300e-01	7.65485527e-01
10315           	5.02230527e-02	6.02045393e-02	1.63141820e+00	8.65932151e-01	7.65486045e-01
10316           	5.01855702e-02	6.01719457e-02	1.63134179e+00	8.65856464e-01	7.65485323e-01
10317           	5.01510811e-02	6.01411798e-02	1.63126904e+00	8.65785599e-01	7.65483436e-01
10318           	5.01205562e-02	6.01131983e-02	1.63120223e+00	8.65721670e-01	7.65480558e-01
10319           	5.00946068e-02	6.00887404e-02	1.63114311e+00	8.65666163e-01	7.65476950e-01
10320           	5.00734547e-02	6.00682533e-02	1.63109269e+00	8.65619800e-01	7.65472891e-01
10321           	5.00571790e-02	6.00519876e-02	1.63105162e+00	8.65582991e-01	7.65468633e-01
10322           	5.00457577e-02	6.00400524e-02	1.63102029e+00	8.65555902e-01	7.65464386e-01
10323           	5.00389464e-02	6.00323308e-02	1.63099852e+00	8.65538206e-01	7.65460313e-01
10324           	5.00363671e-02	6.00285387e-02	1.63098576e+00	8.65529247e-01	7.65456513e-01
10325           	5.00375039e-02	6.00282157e-02	1.63098104e+00	8.65528025e-01	7.65453017e-01
10326           	5.00418397e-02	6.00308691e-02	1.63098329e+00	8.65533484e-01	7.65449805e-01
10327           	5.00488341e-02	6.00359901e-02	1.63099133e+00	8.65544500e-01	7.65446832e-01
10328           	5.00579605e-02	6.00430701e-02	1.63100396e+00	8.65559942e-01	7.65444021e-01
10329           	5.00687889e-02	6.00516700e-02	1.63102012e+00	8.65578848e-01	7.65441270e-01
10330           	5.00810873e-02	6.00615295e-02	1.63103913e+00	8.65600654e-01	7.65438479e-01
10331           	5.00947030e-02	6.00724636e-02	1.63106055e+00	8.65624978e-01	7.65435572e-01
10332           	5.01099802e-02	6.00850594e-02	1.63108674e+00	8.65653353e-01	7.65433392e-01
10333           	5.01264414e-02	6.00981277e-02	1.63111383e+00	8.65683356e-01	7.65430473e-01
10334           	5.01441139e-02	6.01126115e-02	1.63114252e+00	8.65715374e-01	7.65427147e-01
10335           	5.01634034e-02	6.01276635e-02	1.63117303e+00	8.65749921e-01	7.65423114e-01
10336           	5.01843524e-02	6.01441790e-02	1.63120746e+00	8.65788084e-01	7.65419379e-01
10337           	5.02065714e-02	6.01618037e-02	1.63124473e+00	8.65828934e-01	7.65415791e-01
10338           	5.02297860e-02	6.01807790e-02	1.63128389e+00	8.65871733e-01	7.65412161e-01
10339           	5.02542748e-02	6.02005388e-02	1.63132538e+00	8.65916963e-01	7.65408413e-01
10340           	5.02795657e-02	6.02213454e-02	1.63136953e+00	8.65964330e-01	7.65405199e-01
10341           	5.03055658e-02	6.02429803e-02	1.63141630e+00	8.66013717e-01	7.65402586e-01
10342           	5.03328925e-02	6.02660652e-02	1.63146690e+00	8.66066341e-01	7.65400556e-01
10343           	5.03611631e-02	6.02894437e-02	1.63152027e+00	8.66121300e-01	7.65398973e-01
10344           	5.03896581e-02	6.03129850e-02	1.63157597e+00	8.66177643e-01	7.65398327e-01
10345           	5.04180078e-02	6.03362478e-02	1.63163316e+00	8.66234589e-01	7.65398573e-01
10346           	5.04474061e-02	6.03600937e-02	1.63169438e+00	8.66294595e-01	7.65399783e-01
10347           	5.04762620e-02	6.03828756e-02	1.63175517e+00	8.66353847e-01	7.65401323e-01
10348           	5.05044527e-02	6.04050614e-02	1.63181591e+00	8.66412409e-01	7.65403503e-01
10349           	5.05339787e-02	6.04279665e-02	1.63188092e+00	8.66474438e-01	7.65406480e-01
10350           	5.05621061e-02	6.04492301e-02	1.63194288e+00	8.66533546e-01	7.65409334e-01
10351           	5.05872590e-02	6.04686156e-02	1.63199927e+00	8.66586893e-01	7.65412375e-01
10352           	5.06101485e-02	6.04865198e-02	1.63205118e+00	8.66635738e-01	7.65415441e-01
10353           	5.06338866e-02	6.05050709e-02	1.63210563e+00	8.66686704e-01	7.65418930e-01
10354           	5.06551988e-02	6.05219972e-02	1.63215398e+00	8.66732191e-01	7.65421793e-01
10355           	5.06749228e-02	6.05385018e-02	1.63219880e+00	8.66774322e-01	7.65424476e-01
10356           	5.06934100e-02	6.05548178e-02	1.63224076e+00	8.66813792e-01	7.65426972e-01
10357           	5.07132150e-02	6.05726930e-02	1.63228630e+00	8.66856366e-01	7.65429936e-01
10358           	5.07300919e-02	6.05888468e-02	1.63232459e+00	8.66892386e-01	7.65432203e-01
10359           	5.07476661e-02	6.06065645e-02	1.63236541e+00	8.66930373e-01	7.65435041e-01
10360           	5.07644623e-02	6.06240598e-02	1.63240395e+00	8.66966437e-01	7.65437512e-01
10361           	5.07771506e-02	6.06398700e-02	1.63243345e+00	8.66993876e-01	7.65439575e-01
10362           	5.07895250e-02	6.06568060e-02	1.63246370e+00	8.67021377e-01	7.65442327e-01
10363           	5.07997769e-02	6.06724436e-02	1.63248868e+00	8.67044115e-01	7.65444561e-01
10364           	5.08085886e-02	6.06881973e-02	1.63251176e+00	8.67064468e-01	7.65447291e-01
10365           	5.08167605e-02	6.07035960e-02	1.63253296e+00	8.67083240e-01	7.65449719e-01
10366           	5.08198265e-02	6.07149049e-02	1.63254210e+00	8.67090876e-01	7.65451223e-01
10367           	5.08222543e-02	6.07259974e-02	1.63255082e+00	8.67097665e-01	7.65453156e-01
10368           	5.08236554e-02	6.07352601e-02	1.63255599e+00	8.67101648e-01	7.65454337e-01
10369           	5.08238579e-02	6.07431420e-02	1.63255917e+00	8.67103441e-01	7.65455725e-01
10370           	5.08281235e-02	6.07533386e-02	1.63257174e+00	8.67113994e-01	7.65457747e-01
10371           	5.08247722e-02	6.07561937e-02	1.63256609e+00	8.67107819e-01	7.65458275e-01
10372           	5.08188946e-02	6.07553959e-02	1.63255384e+00	8.67095814e-01	7.65458024e-01
10373           	5.08165182e-02	6.07563794e-02	1.63254914e+00	8.67091087e-01	7.65458050e-01
10374           	5.08077392e-02	6.07510384e-02	1.63252914e+00	8.67072307e-01	7.65456829e-01
10375           	5.07962271e-02	6.07437246e-02	1.63250396e+00	8.67048207e-01	7.65455753e-01
10376           	5.07872301e-02	6.07390218e-02	1.63248384e+00	8.67029149e-01	7.65454689e-01
10377           	5.07738813e-02	6.07311832e-02	1.63245341e+00	8.67000586e-01	7.65452823e-01
10378           	5.07577529e-02	6.07222105e-02	1.63241730e+00	8.66966402e-01	7.65450896e-01
10379           	5.07334893e-02	6.07068784e-02	1.63236330e+00	8.66915137e-01	7.65448158e-01
10380           	5.07039630e-02	6.06871153e-02	1.63229695e+00	8.66852439e-01	7.65444513e-01
10381           	5.06734472e-02	6.06688595e-02	1.63222629e+00	8.66786590e-01	7.65439696e-01
10382           	5.06387517e-02	6.06467518e-02	1.63214610e+00	8.66711801e-01	7.65434298e-01
10383           	5.06029892e-02	6.06246117e-02	1.63205978e+00	8.66632878e-01	7.65426900e-01
10384           	5.05678661e-02	6.06019601e-02	1.63197323e+00	8.66554480e-01	7.65418748e-01
10385           	5.05366538e-02	6.05817665e-02	1.63189228e+00	8.66482792e-01	7.65409484e-01
10386           	5.05115532e-02	6.05645058e-02	1.63182189e+00	8.66422497e-01	7.65399391e-01
10387           	5.04984425e-02	6.05579158e-02	1.63176919e+00	8.66383037e-01	7.65386152e-01
10388           	5.04947774e-02	6.05569154e-02	1.63173885e+00	8.66364201e-01	7.65374646e-01
10389           	5.05034673e-02	6.05652531e-02	1.63173342e+00	8.66370176e-01	7.65363242e-01
10390           	5.05201594e-02	6.05783586e-02	1.63174764e+00	8.66393981e-01	7.65353662e-01
10391           	5.05580765e-02	6.06087081e-02	1.63180184e+00	8.66458998e-01	7.65342845e-01
10392           	5.05976355e-02	6.06392374e-02	1.63186635e+00	8.66530811e-01	7.65335540e-01
10393           	5.06375903e-02	6.06703777e-02	1.63193894e+00	8.66607060e-01	7.65331879e-01
10394           	5.06867327e-02	6.07089957e-02	1.63203269e+00	8.66703078e-01	7.65329612e-01
10395           	5.07306852e-02	6.07431676e-02	1.63212042e+00	8.66790896e-01	7.65329526e-01
10396           	5.07824401e-02	6.07831347e-02	1.63222615e+00	8.66895515e-01	7.65330635e-01
10397           	5.08258760e-02	6.08163721e-02	1.63231794e+00	8.66984848e-01	7.65333096e-01
10398           	5.08635185e-02	6.08447974e-02	1.63240009e+00	8.67063562e-01	7.65336525e-01
10399           	5.08956703e-02	6.08681679e-02	1.63247041e+00	8.67130875e-01	7.65339535e-01
10400           	5.09227011e-02	6.08868621e-02	1.63253067e+00	8.67188036e-01	7.65342634e-01
10401           	5.09455918e-02	6.09013586e-02	1.63258048e+00	8.67235832e-01	7.65344649e-01
10402           	5.09660254e-02	6.09133227e-02	1.63262523e+00	8.67278640e-01	7.65346590e-01
10403           	5.09848837e-02	6.09232252e-02	1.63266509e+00	8.67317426e-01	7.65347659e-01
10404           	5.10032460e-02	6.09325607e-02	1.63270488e+00	8.67355686e-01	7.65349194e-01
10405           	5.10209239e-02	6.09409564e-02	1.63274309e+00	8.67392469e-01	7.65350621e-01
10406           	5.10378505e-02	6.09491944e-02	1.63278236e+00	8.67429029e-01	7.65353328e-01
10407           	5.10529183e-02	6.09560036e-02	1.63281929e+00	8.67462561e-01	7.65356725e-01
10408           	5.10651371e-02	6.09613403e-02	1.63285419e+00	8.67492234e-01	7.65361960e-01
10409           	5.10724551e-02	6.09628301e-02	1.63288137e+00	8.67513142e-01	7.65368232e-01
10410           	5.10732790e-02	6.09596441e-02	1.63289908e+00	8.67522818e-01	7.65376260e-01
10411           	5.10658567e-02	6.09494588e-02	1.63290162e+00	8.67516668e-01	7.65384955e-01
10412           	5.10497081e-02	6.09322570e-02	1.63288872e+00	8.67494066e-01	7.65394650e-01
10413           	5.10246028e-02	6.09070259e-02	1.63285739e+00	8.67453297e-01	7.65404092e-01
10414           	5.09914575e-02	6.08750112e-02	1.63280991e+00	8.67396410e-01	7.65413495e-01
10415           	5.09517340e-02	6.08367362e-02	1.63274688e+00	8.67325173e-01	7.65421705e-01
10416           	5.09075415e-02	6.07947762e-02	1.63267346e+00	8.67244269e-01	7.65429186e-01
10417           	5.08607884e-02	6.07500886e-02	1.63259164e+00	8.67156610e-01	7.65435033e-01
10418           	5.08134596e-02	6.07055172e-02	1.63250709e+00	8.67067006e-01	7.65440087e-01
10419           	5.07668886e-02	6.06614549e-02	1.63242113e+00	8.66977452e-01	7.65443674e-01
10420           	5.07223834e-02	6.06202841e-02	1.63233845e+00	8.66891608e-01	7.65446841e-01
10421           	5.06804581e-02	6.05816276e-02	1.63225900e+00	8.66809958e-01	7.65449042e-01
10422           	5.06417266e-02	6.05471842e-02	1.63218615e+00	8.66734804e-01	7.65451351e-01
10423           	5.06059269e-02	6.05157317e-02	1.63211843e+00	8.66665141e-01	7.65453287e-01
10424           	5.05753256e-02	6.04893599e-02	1.63206144e+00	8.66606047e-01	7.65455395e-01
10425           	5.05439427e-02	6.04637134e-02	1.63200367e+00	8.66545777e-01	7.65457892e-01
10426           	5.05150073e-02	6.04404655e-02	1.63195173e+00	8.66490872e-01	7.65460858e-01
10427           	5.04865337e-02	6.04178976e-02	1.63190181e+00	8.66437437e-01	7.65464369e-01
10428           	5.04570026e-02	6.03947002e-02	1.63185075e+00	8.66382376e-01	7.65468371e-01
10429           	5.04252191e-02	6.03697907e-02	1.63179576e+00	8.66323102e-01	7.65472663e-01
10430           	5.03906164e-02	6.03425215e-02	1.63173511e+00	8.66258172e-01	7.65476939e-01
10431           	5.03533002e-02	6.03127591e-02	1.63166825e+00	8.66187425e-01	7.65480824e-01
10432           	5.03138798e-02	6.02808016e-02	1.63159568e+00	8.66111719e-01	7.65483960e-01
10433           	5.02733983e-02	6.02473447e-02	1.63151889e+00	8.66032843e-01	7.65486046e-01
10434           	5.02331109e-02	6.02133215e-02	1.63144002e+00	8.65953119e-01	7.65486897e-01
10435           	5.01943672e-02	6.01798372e-02	1.63136163e+00	8.65875182e-01	7.65486448e-01
10436           	5.01584377e-02	6.01480138e-02	1.63128639e+00	8.65801631e-01	7.65484756e-01
10437           	5.01264405e-02	6.01188996e-02	1.63121684e+00	8.65734861e-01	7.65481981e-01
10438           	5.00991037e-02	6.00933130e-02	1.63115499e+00	8.65676598e-01	7.65478391e-01
10439           	5.00767398e-02	6.00717730e-02	1.63110205e+00	8.65627764e-01	7.65474285e-01
10440           	5.00594240e-02	6.00545483e-02	1.63105872e+00	8.65588785e-01	7.65469937e-01
10441           	5.00471178e-02	6.00417430e-02	1.63102540e+00	8.65559818e-01	7.65465582e-01
10442           	5.00395852e-02	6.00332622e-02	1.63100197e+00	8.65540572e-01	7.65461402e-01
10443           	5.00364142e-02	6.00288159e-02	1.63098786e+00	8.65530344e-01	7.65457516e-01
10444           	5.00370669e-02	6.00279470e-02	1.63098207e+00	8.65528102e-01	7.65453968e-01
10445           	5.00409851e-02	6.00301425e-02	1.63098346e+00	8.65532714e-01	7.65450744e-01
10446           	5.00476126e-02	6.00348873e-02	1.63099082e+00	8.65543023e-01	7.65447798e-01
10447           	5.00563965e-02	6.00416556e-02	1.63100289e+00	8.65557843e-01	7.65445050e-01
10448           	5.00668656e-02	6.00499751e-02	1.63101851e+00	8.65576121e-01	7.65442390e-01
10449           	5.00787719e-02	6.00595629e-02	1.63103695e+00	8.65597245e-01	7.65439701e-01
10450           	5.00919628e-02	6.00702239e-02	1.63105771e+00	8.65620817e-01	7.65436892e-01
10451           	5.01067524e-02	6.00824870e-02	1.63108308e+00	8.65648294e-01	7.65434789e-01
10452           	5.01226840e-02	6.00951867e-02	1.63110922e+00	8.65677292e-01	7.65431925e-01
10453           	5.01398134e-02	6.01092860e-02	1.63113686e+00	8.65708246e-01	7.65428619e-01
10454           	5.01585998e-02	6.01239705e-02	1.63116631e+00	8.65741755e-01	7.65424556e-01
10455           	5.01791541e-02	6.01401582e-02	1.63119983e+00	8.65779069e-01	7.65420761e-01
10456           	5.02010618e-02	6.01574899e-02	1.63123629e+00	8.65819209e-01	7.65417085e-01
10457           	5.02240195e-02	6.01761884e-02	1.63127469e+00	8.65861364e-01	7.65413325e-01
10458           	5.02483009e-02	6.01957019e-02	1.63131548e+00	8.65906039e-01	7.65409437e-01
10459           	5.02734247e-02	6.02162923e-02	1.63135901e+00	8.65952928e-01	7.65406079e-01
10460           	5.02992767e-02	6.02377406e-02	1.63140521e+00	8.66001882e-01	7.65403329e-01
10461           	5.03264532e-02	6.02606592e-02	1.63145519e+00	8.66054050e-01	7.65401144e-01
10462           	5.03546435e-02	6.02839570e-02	1.63150814e+00	8.66108711e-01	7.65399425e-01
10463           	5.03831298e-02	6.03075057e-02	1.63156357e+00	8.66164917e-01	7.65398657e-01
10464           	5.04115232e-02	6.03308420e-02	1.63162065e+00	8.66221847e-01	7.65398801e-01
10465           	5.04409275e-02	6.03547613e-02	1.63168166e+00	8.66281758e-01	7.65399903e-01
10466           	5.04698184e-02	6.03776570e-02	1.63174238e+00	8.66341007e-01	7.65401370e-01
10467           	5.04980355e-02	6.03999456e-02	1.63180305e+00	8.66399558e-01	7.65403487e-01
10468           	5.05276169e-02	6.04229752e-02	1.63186802e+00	8.66461628e-01	7.65406394e-01
10469           	5.05560114e-02	6.04445224e-02	1.63193042e+00	8.66521222e-01	7.65409199e-01
10470           	5.05815599e-02	6.04642585e-02	1.63198752e+00	8.66575318e-01	7.65412198e-01
10471           	5.06048254e-02	6.04824491e-02	1.63204011e+00	8.66624880e-01	7.65415229e-01
10472           	5.06287909e-02	6.05011117e-02	1.63209493e+00	8.66676254e-01	7.65418672e-01
10473           	5.06502930e-02	6.05180755e-02	1.63214360e+00	8.66722095e-01	7.65421509e-01
10474           	5.06701804e-02	6.05345505e-02	1.63218872e+00	8.66764541e-01	7.65424180e-01
10475           	5.06889118e-02	6.05508664e-02	1.63223118e+00	8.66804500e-01	7.65426676e-01
10476           	5.07090325e-02	6.05687504e-02	1.63227734e+00	8.66847701e-01	7.65429636e-01
10477           	5.07262676e-02	6.05849473e-02	1.63231637e+00	8.66884454e-01	7.65431919e-01
10478           	5.07441856e-02	6.06026709e-02	1.63235791e+00	8.66923140e-01	7.65434769e-01
10479           	5.07613240e-02	6.06201805e-02	1.63239717e+00	8.66959909e-01	7.65437261e-01
10480           	5.07743521e-02	6.06360547e-02	1.63242743e+00	8.66988065e-01	7.65439361e-01
10481           	5.07871369e-02	6.06531268e-02	1.63245856e+00	8.67016419e-01	7.65442145e-01
10482           	5.07977959e-02	6.06689395e-02	1.63248443e+00	8.67040013e-01	7.65444421e-01
10483           	5.08069894e-02	6.06848885e-02	1.63250836e+00	8.67061170e-01	7.65447191e-01
10484           	5.08155261e-02	6.07005325e-02	1.63253041e+00	8.67080729e-01	7.65449677e-01
10485           	5.08189355e-02	6.07121491e-02	1.63254036e+00	8.67089114e-01	7.65451243e-01
10486           	5.08217108e-02	6.07236015e-02	1.63254989e+00	8.67096655e-01	7.65453233e-01
10487           	5.08234607e-02	6.07332834e-02	1.63255587e+00	8.67101398e-01	7.65454477e-01
10488           	5.08240245e-02	6.07416284e-02	1.63255988e+00	8.67103966e-01	7.65455917e-01
10489           	5.08285814e-02	6.07522629e-02	1.63257317e+00	8.67115166e-01	7.65458003e-01
10490           	5.08255305e-02	6.07555703e-02	1.63256824e+00	8.67109650e-01	7.65458589e-01
10491           	5.08199836e-02	6.07552519e-02	1.63255677e+00	8.67098371e-01	7.65458404e-01
10492           	5.08179107e-02	6.07566591e-02	1.63255283e+00	8.67094325e-01	7.65458503e-01
10493           	5.08095898e-02	6.07518351e-02	1.63253388e+00	8.67076527e-01	7.65457348e-01
10494           	5.07986616e-02	6.07450721e-02	1.63250997e+00	8.67053648e-01	7.65456325e-01
10495           	5.07903760e-02	6.07409054e-02	1.63249143e+00	8.67036093e-01	7.65455341e-01
10496           	5.07778856e-02	6.07336577e-02	1.63246295e+00	8.67009358e-01	7.65453587e-01
10497           	5.07627779e-02	6.07253363e-02	1.63242920e+00	8.66977375e-01	7.65451820e-01
10498           	5.07394961e-02	6.07106464e-02	1.63237751e+00	8.66928251e-01	7.65449259e-01
10499           	5.07109228e-02	6.06915306e-02	1.63231349e+00	8.66867667e-01	7.65445822e-01
10500           	5.06814422e-02	6.06739619e-02	1.63224551e+00	8.66804197e-01	7.65441312e-01
10501           	5.06473129e-02	6.06522452e-02	1.63216707e+00	8.66730846e-01	7.65436221e-01
10502           	5.06116907e-02	6.06302293e-02	1.63208175e+00	8.66652566e-01	7.65429185e-01
10503           	5.05760100e-02	6.06072136e-02	1.63199473e+00	8.66573374e-01	7.65421355e-01
10504           	5.05436120e-02	6.05862114e-02	1.63191195e+00	8.66499588e-01	7.65412364e-01
10505           	5.05167274e-02	6.05677025e-02	1.63183835e+00	8.66435901e-01	7.65402446e-01
10506           	5.05010956e-02	6.05593745e-02	1.63178089e+00	8.66391540e-01	7.65389349e-01
10507           	5.04947808e-02	6.05564926e-02	1.63174520e+00	8.66367378e-01	7.65377817e-01
10508           	5.05007350e-02	6.05628759e-02	1.63173398e+00	8.66367723e-01	7.65366253e-01
10509           	5.05149701e-02	6.05741677e-02	1.63174273e+00	8.66386336e-01	7.65356395e-01
10510           	5.05503402e-02	6.06026668e-02	1.63179092e+00	8.66445802e-01	7.65345122e-01
10511           	5.05879584e-02	6.06317005e-02	1.63185065e+00	8.66513283e-01	7.65337366e-01
10512           	5.06266884e-02	6.06618542e-02	1.63191988e+00	8.66586627e-01	7.65333250e-01
10513           	5.06756873e-02	6.07003421e-02	1.63201224e+00	8.66681805e-01	7.65330430e-01
10514           	5.07199068e-02	6.07347309e-02	1.63209965e+00	8.66769731e-01	7.65329917e-01
10515           	5.07720910e-02	6.07750900e-02	1.63220554e+00	8.66874860e-01	7.65330678e-01
10516           	5.08164644e-02	6.08091503e-02	1.63229872e+00	8.66965822e-01	7.65332893e-01
10517           	5.08555125e-02	6.08387903e-02	1.63238348e+00	8.67047252e-01	7.65336227e-01
10518           	5.08889814e-02	6.08633686e-02	1.63245646e+00	8.67117211e-01	7.65339248e-01
10519           	5.09171479e-02	6.08831349e-02	1.63251917e+00	8.67176731e-01	7.65342435e-01
10520           	5.09408596e-02	6.08984721e-02	1.63257088e+00	8.67226298e-01	7.65344579e-01
10521           	5.09617930e-02	6.09109962e-02	1.63261686e+00	8.67270222e-01	7.65346636e-01
10522           	5.09809185e-02	6.09212394e-02	1.63265737e+00	8.67309605e-01	7.65347768e-01
10523           	5.09994197e-02	6.09307547e-02	1.63269741e+00	8.67348125e-01	7.65349286e-01
10524           	5.10172406e-02	6.09392722e-02	1.63273568e+00	8.67385079e-01	7.65350598e-01
10525           	5.10344262e-02	6.09476580e-02	1.63277505e+00	8.67421951e-01	7.65353099e-01
10526           	5.10499812e-02	6.09547658e-02	1.63281238e+00	8.67456173e-01	7.65356211e-01
10527           	5.10630250e-02	6.09606559e-02	1.63284829e+00	8.67487172e-01	7.65361122e-01
10528           	5.10715999e-02	6.09630681e-02	1.63287732e+00	8.67510260e-01	7.65367060e-01
10529           	5.10741116e-02	6.09612100e-02	1.63289781e+00	8.67523019e-01	7.65374796e-01
10530           	5.10686699e-02	6.09526476e-02	1.63290389e+00	8.67520617e-01	7.65383277e-01
10531           	5.10546055e-02	6.09372075e-02	1.63289495e+00	8.67502079e-01	7.65392868e-01
10532           	5.10315163e-02	6.09137269e-02	1.63286768e+00	8.67465358e-01	7.65402325e-01
10533           	5.10001556e-02	6.08832910e-02	1.63282403e+00	8.67412173e-01	7.65411861e-01
10534           	5.09618073e-02	6.08462622e-02	1.63276420e+00	8.67343908e-01	7.65420294e-01
10535           	5.09185130e-02	6.08051151e-02	1.63269312e+00	8.67265073e-01	7.65428047e-01
10536           	5.08721794e-02	6.07607975e-02	1.63261273e+00	8.67178546e-01	7.65434187e-01
10537           	5.08248414e-02	6.07161642e-02	1.63252870e+00	8.67089192e-01	7.65439509e-01
10538           	5.07779734e-02	6.06717488e-02	1.63244260e+00	8.66999275e-01	7.65443328e-01
10539           	5.07329288e-02	6.06299599e-02	1.63235920e+00	8.66912530e-01	7.65446673e-01
10540           	5.06903319e-02	6.05905276e-02	1.63227863e+00	8.66829648e-01	7.65448984e-01
10541           	5.06508648e-02	6.05552270e-02	1.63220441e+00	8.66753068e-01	7.65451339e-01
10542           	5.06143676e-02	6.05229522e-02	1.63213525e+00	8.66681993e-01	7.65453257e-01
10543           	5.05832421e-02	6.04959489e-02	1.63207709e+00	8.66621789e-01	7.65455305e-01
10544           	5.05514296e-02	6.04697659e-02	1.63201827e+00	8.66560566e-01	7.65457707e-01
10545           	5.05223003e-02	6.04462432e-02	1.63196575e+00	8.66505175e-01	7.65460575e-01
10546           	5.04938640e-02	6.04236460e-02	1.63191572e+00	8.66451725e-01	7.65463997e-01
10547           	5.04645832e-02	6.04006315e-02	1.63186504e+00	8.66397101e-01	7.65467935e-01
10548           	5.04332450e-02	6.03760977e-02	1.63181091e+00	8.66338702e-01	7.65472212e-01
10549           	5.03991593e-02	6.03492997e-02	1.63175138e+00	8.66274850e-01	7.65476532e-01
10550           	5.03623352e-02	6.03200214e-02	1.63168574e+00	8.66205205e-01	7.65480535e-01
10551           	5.03232715e-02	6.02884632e-02	1.63161425e+00	8.66130399e-01	7.65483856e-01
10552           	5.02829362e-02	6.02552542e-02	1.63153823e+00	8.66052054e-01	7.65486181e-01
10553           	5.02425201e-02	6.02212673e-02	1.63145965e+00	8.65972344e-01	7.65487304e-01
10554           	5.02033568e-02	6.01875761e-02	1.63138098e+00	8.65893848e-01	7.65487135e-01
10555           	5.01667396e-02	6.01553145e-02	1.63130489e+00	8.65819185e-01	7.65485706e-01
10556           	5.01338288e-02	6.01255467e-02	1.63123396e+00	8.65750811e-01	7.65483153e-01
10557           	5.01054286e-02	6.00991422e-02	1.63117031e+00	8.65690585e-01	7.65479727e-01
10558           	5.00819453e-02	6.00766875e-02	1.63111534e+00	8.65639615e-01	7.65475725e-01
10559           	5.00634835e-02	6.00584909e-02	1.63106981e+00	8.65598391e-01	7.65471424e-01
10560           	5.00500330e-02	6.00446866e-02	1.63103421e+00	8.65567136e-01	7.65467070e-01
10561           	5.00414225e-02	6.00352390e-02	1.63100855e+00	8.65545699e-01	7.65462854e-01
10562           	5.00372676e-02	6.00298894e-02	1.63099235e+00	8.65533445e-01	7.65458909e-01
10563           	5.00370677e-02	6.00282245e-02	1.63098473e+00	8.65529431e-01	7.65455296e-01
10564           	5.00402483e-02	6.00297273e-02	1.63098452e+00	8.65532509e-01	7.65452013e-01
10565           	5.00462736e-02	6.00338989e-02	1.63099058e+00	8.65541563e-01	7.65449016e-01
10566           	5.00545743e-02	6.00402041e-02	1.63100162e+00	8.65555382e-01	7.65446233e-01
10567           	5.00646653e-02	6.00481663e-02	1.63101645e+00	8.65572892e-01	7.65443561e-01
10568           	5.00762415e-02	6.00574545e-02	1.63103425e+00	8.65593365e-01	7.65440882e-01
10569           	5.00891373e-02	6.00678620e-02	1.63105447e+00	8.65616373e-01	7.65438099e-01
10570           	5.01032899e-02	6.00792861e-02	1.63107687e+00	8.65641723e-01	7.65435144e-01
10571           	5.01191724e-02	6.00924287e-02	1.63110407e+00	8.65671209e-01	7.65432864e-01
10572           	5.01363071e-02	6.01060835e-02	1.63113222e+00	8.65702419e-01	7.65429805e-01
10573           	5.01546467e-02	6.01211323e-02	1.63116194e+00	8.65735617e-01	7.65426324e-01
10574           	5.01746629e-02	6.01368010e-02	1.63119362e+00	8.65771473e-01	7.65422147e-01
10575           	5.01962673e-02	6.01538900e-02	1.63122923e+00	8.65810882e-01	7.65418347e-01
10576           	5.02190898e-02	6.01720507e-02	1.63126770e+00	8.65852939e-01	7.65414760e-01
10577           	5.02429273e-02	6.01915421e-02	1.63130825e+00	8.65897050e-01	7.65411196e-01
10578           	5.02680298e-02	6.02118059e-02	1.63135128e+00	8.65943669e-01	7.65407609e-01
10579           	5.02939165e-02	6.02330824e-02	1.63139710e+00	8.65992465e-01	7.65404631e-01
10580           	5.03205580e-02	6.02552044e-02	1.63144575e+00	8.66043432e-01	7.65402316e-01
10581           	5.03485136e-02	6.02787121e-02	1.63149835e+00	8.66097689e-01	7.65400662e-01
10582           	5.03771476e-02	6.03023124e-02	1.63155329e+00	8.66153793e-01	7.65399498e-01
10583           	5.04057467e-02	6.03258559e-02	1.63161004e+00	8.66210767e-01	7.65399273e-01
10584           	5.04340090e-02	6.03489657e-02	1.63166784e+00	8.66267927e-01	7.65399909e-01
10585           	5.04633428e-02	6.03726311e-02	1.63172968e+00	8.66328182e-01	7.65401496e-01
10586           	5.04920821e-02	6.03952255e-02	1.63179091e+00	8.66387535e-01	7.65403371e-01
10587           	5.05201201e-02	6.04172174e-02	1.63185187e+00	8.66446055e-01	7.65405815e-01
10588           	5.05492765e-02	6.04397447e-02	1.63191656e+00	8.66507556e-01	7.65409003e-01
10589           	5.05766070e-02	6.04603418e-02	1.63197719e+00	8.66565200e-01	7.65411986e-01
10590           	5.06007827e-02	6.04789730e-02	1.63203171e+00	8.66616638e-01	7.65415073e-01
10591           	5.06228069e-02	6.04962812e-02	1.63208187e+00	8.66663743e-01	7.65418129e-01
10592           	5.06459757e-02	6.05145477e-02	1.63213509e+00	8.66713519e-01	7.65421568e-01
10593           	5.06667966e-02	6.05313397e-02	1.63218230e+00	8.66757948e-01	7.65424355e-01
10594           	5.06860650e-02	6.05478136e-02	1.63222600e+00	8.66799065e-01	7.65426935e-01
10595           	5.07064947e-02	6.05657726e-02	1.63227286e+00	8.66842926e-01	7.65429937e-01
10596           	5.07245397e-02	6.05823315e-02	1.63231367e+00	8.66881373e-01	7.65432294e-01
10597           	5.07398588e-02	6.05980368e-02	1.63234853e+00	8.66914126e-01	7.65434408e-01
10598           	5.07559724e-02	6.06154323e-02	1.63238627e+00	8.66949107e-01	7.65437162e-01
10599           	5.07702000e-02	6.06318683e-02	1.63241912e+00	8.66979761e-01	7.65439361e-01
10600           	5.07839447e-02	6.06493539e-02	1.63245218e+00	8.67010035e-01	7.65442145e-01
10601           	5.07968818e-02	6.06666423e-02	1.63248319e+00	8.67038476e-01	7.65444713e-01
10602           	5.08047697e-02	6.06808680e-02	1.63250281e+00	8.67056177e-01	7.65446637e-01
10603           	5.08118466e-02	6.06954973e-02	1.63252203e+00	8.67072861e-01	7.65449168e-01
10604           	5.08174367e-02	6.07087346e-02	1.63253711e+00	8.67085994e-01	7.65451121e-01
10605           	5.08217844e-02	6.07213721e-02	1.63255032e+00	8.67096945e-01	7.65453376e-01
10606           	5.08289464e-02	6.07360443e-02	1.63257038e+00	8.67114137e-01	7.65456244e-01
10607           	5.08289722e-02	6.07442461e-02	1.63257323e+00	8.67115586e-01	7.65457642e-01
10608           	5.08265414e-02	6.07490287e-02	1.63256964e+00	8.67111360e-01	7.65458277e-01
10609           	5.08242553e-02	6.07529780e-02	1.63256613e+00	8.67107320e-01	7.65458810e-01
10610           	5.08199754e-02	6.07537812e-02	1.63255725e+00	8.67098601e-01	7.65458650e-01
10611           	5.08211122e-02	6.07580949e-02	1.63256109e+00	8.67101659e-01	7.65459435e-01
10612           	5.08168957e-02	6.07573236e-02	1.63255218e+00	8.67092987e-01	7.65459196e-01
10613           	5.08069532e-02	6.07515842e-02	1.63253019e+00	8.67072046e-01	7.65458140e-01
10614           	5.07927963e-02	6.07419753e-02	1.63249834e+00	8.67041964e-01	7.65456372e-01
10615           	5.07823306e-02	6.07363871e-02	1.63247466e+00	8.67019660e-01	7.65454998e-01
10616           	5.07647144e-02	6.07252681e-02	1.63243522e+00	8.66982323e-01	7.65452894e-01
10617           	5.07418471e-02	6.07106479e-02	1.63238405e+00	8.66933874e-01	7.65450180e-01
10618           	5.07138225e-02	6.06918711e-02	1.63232100e+00	8.66874324e-01	7.65446679e-01
10619           	5.06857317e-02	6.06757420e-02	1.63225618e+00	8.66813821e-01	7.65442358e-01
10620           	5.06525955e-02	6.06549851e-02	1.63217999e+00	8.66742590e-01	7.65437399e-01
10621           	5.06178957e-02	6.06337158e-02	1.63209719e+00	8.66666491e-01	7.65430700e-01
10622           	5.05824781e-02	6.06100313e-02	1.63201129e+00	8.66588121e-01	7.65423165e-01
10623           	5.05497769e-02	6.05882488e-02	1.63193022e+00	8.66514889e-01	7.65415335e-01
10624           	5.05240588e-02	6.05737443e-02	1.63185716e+00	8.66452641e-01	7.65404523e-01
10625           	5.05055800e-02	6.05627817e-02	1.63179753e+00	8.66404343e-01	7.65393183e-01
10626           	5.04976572e-02	6.05589610e-02	1.63175708e+00	8.66376198e-01	7.65380884e-01
10627           	5.04986878e-02	6.05610541e-02	1.63173865e+00	8.66368015e-01	7.65370639e-01
10628           	5.05180038e-02	6.05778663e-02	1.63175138e+00	8.66393694e-01	7.65357686e-01
10629           	5.05434551e-02	6.05975826e-02	1.63178266e+00	8.66434783e-01	7.65347873e-01
10630           	5.05736993e-02	6.06209892e-02	1.63183045e+00	8.66488923e-01	7.65341524e-01
10631           	5.06198826e-02	6.06566997e-02	1.63190988e+00	8.66574825e-01	7.65335059e-01
10632           	5.06676548e-02	6.06937883e-02	1.63199855e+00	8.66666930e-01	7.65331620e-01
10633           	5.07146099e-02	6.07302177e-02	1.63208984e+00	8.66759532e-01	7.65330312e-01
10634           	5.07595253e-02	6.07644232e-02	1.63218068e+00	8.66849865e-01	7.65330814e-01
10635           	5.08014271e-02	6.07965143e-02	1.63226856e+00	8.66935707e-01	7.65332853e-01
10636           	5.08392048e-02	6.08251381e-02	1.63234965e+00	8.67014030e-01	7.65335620e-01
10637           	5.08727530e-02	6.08499765e-02	1.63242276e+00	8.67084131e-01	7.65338625e-01
10638           	5.09022350e-02	6.08709869e-02	1.63248744e+00	8.67145957e-01	7.65341487e-01
10639           	5.09299419e-02	6.08904910e-02	1.63254900e+00	8.67204442e-01	7.65344559e-01
10640           	5.09543536e-02	6.09058496e-02	1.63260150e+00	8.67255102e-01	7.65346395e-01
10641           	5.09767621e-02	6.09190851e-02	1.63264922e+00	8.67301370e-01	7.65347846e-01
10642           	5.09977706e-02	6.09307969e-02	1.63269394e+00	8.67344743e-01	7.65349202e-01
10643           	5.10175916e-02	6.09412894e-02	1.63273676e+00	8.67385974e-01	7.65350790e-01
10644           	5.10365296e-02	6.09513047e-02	1.63278023e+00	8.67426645e-01	7.65353586e-01
10645           	5.10532221e-02	6.09592071e-02	1.63281957e+00	8.67463007e-01	7.65356563e-01
10646           	5.10667230e-02	6.09650661e-02	1.63285487e+00	8.67494160e-01	7.65360714e-01
10647           	5.10758434e-02	6.09678970e-02	1.63288402e+00	8.67517856e-01	7.65366169e-01
10648           	5.10777270e-02	6.09653443e-02	1.63290326e+00	8.67529356e-01	7.65373901e-01
10649           	5.10721102e-02	6.09563525e-02	1.63290838e+00	8.67526301e-01	7.65382081e-01
10650           	5.10584607e-02	6.09408284e-02	1.63289882e+00	8.67507870e-01	7.65390949e-01
10651           	5.10372709e-02	6.09189824e-02	1.63287459e+00	8.67474568e-01	7.65400026e-01
10652           	5.10052287e-02	6.08879515e-02	1.63283045e+00	8.67420453e-01	7.65409996e-01
10653           	5.09664247e-02	6.08504779e-02	1.63277038e+00	8.67351614e-01	7.65418765e-01
10654           	5.09245462e-02	6.08102563e-02	1.63270176e+00	8.67275429e-01	7.65426336e-01
10655           	5.08820182e-02	6.07694284e-02	1.63262923e+00	8.67196632e-01	7.65432596e-01
10656           	5.08350804e-02	6.07251641e-02	1.63254701e+00	8.67108585e-01	7.65438424e-01
10657           	5.07876195e-02	6.06803940e-02	1.63246062e+00	8.67017931e-01	7.65442692e-01
10658           	5.07437665e-02	6.06392538e-02	1.63237929e+00	8.66933412e-01	7.65445879e-01
10659           	5.07040046e-02	6.06023057e-02	1.63230469e+00	8.66856350e-01	7.65448341e-01
10660           	5.06674624e-02	6.05689573e-02	1.63223590e+00	8.66785413e-01	7.65450489e-01
10661           	5.06302851e-02	6.05367684e-02	1.63216684e+00	8.66713707e-01	7.65453137e-01
10662           	5.05940939e-02	6.05061138e-02	1.63209924e+00	8.66643714e-01	7.65455527e-01
10663           	5.05610800e-02	6.04787593e-02	1.63203850e+00	8.66580328e-01	7.65458168e-01
10664           	5.05304488e-02	6.04537439e-02	1.63198321e+00	8.66522054e-01	7.65461156e-01
10665           	5.05007709e-02	6.04297386e-02	1.63193063e+00	8.66466087e-01	7.65464545e-01
10666           	5.04706935e-02	6.04055788e-02	1.63187804e+00	8.66409712e-01	7.65468325e-01
10667           	5.04390879e-02	6.03803355e-02	1.63182294e+00	8.66350555e-01	7.65472380e-01
10668           	5.04027693e-02	6.03523501e-02	1.63175960e+00	8.66282569e-01	7.65477031e-01
10669           	5.03647148e-02	6.03221674e-02	1.63169092e+00	8.66210175e-01	7.65480746e-01
10670           	5.03259383e-02	6.02906937e-02	1.63161933e+00	8.66135603e-01	7.65483726e-01
10671           	5.02872015e-02	6.02583961e-02	1.63154591e+00	8.66060156e-01	7.65485753e-01
10672           	5.02489711e-02	6.02257135e-02	1.63147138e+00	8.65984661e-01	7.65486718e-01
10673           	5.02119123e-02	6.01933502e-02	1.63139700e+00	8.65910410e-01	7.65486585e-01
10674           	5.01768622e-02	6.01622062e-02	1.63132449e+00	8.65839108e-01	7.65485384e-01
10675           	5.01447097e-02	6.01331964e-02	1.63125585e+00	8.65772636e-01	7.65483216e-01
10676           	5.01162371e-02	6.01071378e-02	1.63119300e+00	8.65712736e-01	7.65480261e-01
10677           	5.00919629e-02	6.00846156e-02	1.63113743e+00	8.65660678e-01	7.65476752e-01
10678           	5.00721206e-02	6.00659345e-02	1.63109008e+00	8.65617160e-01	7.65472919e-01
10679           	5.00568619e-02	6.00512406e-02	1.63105165e+00	8.65582689e-01	7.65468965e-01
10680           	5.00462223e-02	6.00405628e-02	1.63102255e+00	8.65557498e-01	7.65465054e-01
10681           	5.00399937e-02	6.00337263e-02	1.63100259e+00	8.65541289e-01	7.65461302e-01
10682           	5.00378397e-02	6.00304407e-02	1.63099120e+00	8.65533442e-01	7.65457763e-01
10683           	5.00392820e-02	6.00302936e-02	1.63098743e+00	8.65532999e-01	7.65454435e-01
10684           	5.00438665e-02	6.00328998e-02	1.63099029e+00	8.65539012e-01	7.65451279e-01
10685           	5.00510764e-02	6.00378398e-02	1.63099864e+00	8.65550396e-01	7.65448243e-01
10686           	5.00604294e-02	6.00447164e-02	1.63101137e+00	8.65566115e-01	7.65445256e-01
10687           	5.00715608e-02	6.00532109e-02	1.63102760e+00	8.65585360e-01	7.65442239e-01
10688           	5.00842581e-02	6.00631297e-02	1.63104679e+00	8.65607651e-01	7.65439134e-01
10689           	5.00983863e-02	6.00743341e-02	1.63106860e+00	8.65632687e-01	7.65435914e-01
10690           	5.01143118e-02	6.00874449e-02	1.63109558e+00	8.65662101e-01	7.65433477e-01
10691           	5.01315243e-02	6.01012122e-02	1.63112378e+00	8.65693412e-01	7.65430364e-01
10692           	5.01499919e-02	6.01165223e-02	1.63115385e+00	8.65726918e-01	7.65426934e-01
10693           	5.01700948e-02	6.01324703e-02	1.63118601e+00	8.65763102e-01	7.65422912e-01
10694           	5.01917309e-02	6.01497922e-02	1.63122206e+00	8.65802761e-01	7.65419299e-01
10695           	5.02145190e-02	6.01681107e-02	1.63126087e+00	8.65844953e-01	7.65415915e-01
10696           	5.02382280e-02	6.01876782e-02	1.63130159e+00	8.65889021e-01	7.65412565e-01
10697           	5.02631034e-02	6.02078793e-02	1.63134447e+00	8.65935340e-01	7.65409134e-01
10698           	5.02886763e-02	6.02289700e-02	1.63138982e+00	8.65983584e-01	7.65406231e-01
10699           	5.03149123e-02	6.02507850e-02	1.63143763e+00	8.66033728e-01	7.65403903e-01
10700           	5.03424073e-02	6.02739189e-02	1.63148910e+00	8.66086957e-01	7.65402143e-01
10701           	5.03706843e-02	6.02971899e-02	1.63154294e+00	8.66142152e-01	7.65400784e-01
10702           	5.03990432e-02	6.03204862e-02	1.63159870e+00	8.66198391e-01	7.65400305e-01
10703           	5.04271730e-02	6.03434335e-02	1.63165566e+00	8.66255005e-01	7.65400659e-01
10704           	5.04563702e-02	6.03669544e-02	1.63171662e+00	8.66314678e-01	7.65401938e-01
10705           	5.04850365e-02	6.03894531e-02	1.63177710e+00	8.66373588e-01	7.65403515e-01
10706           	5.05130691e-02	6.04114146e-02	1.63183756e+00	8.66431851e-01	7.65405713e-01
10707           	5.05423892e-02	6.04340738e-02	1.63190218e+00	8.66493478e-01	7.65408699e-01
10708           	5.05701336e-02	6.04549938e-02	1.63196338e+00	8.66551822e-01	7.65411555e-01
10709           	5.05948173e-02	6.04740150e-02	1.63201882e+00	8.66604228e-01	7.65414593e-01
10710           	5.06173014e-02	6.04916552e-02	1.63206993e+00	8.66652265e-01	7.65417662e-01
10711           	5.06408325e-02	6.05101514e-02	1.63212400e+00	8.66702832e-01	7.65421167e-01
10712           	5.06619980e-02	6.05271198e-02	1.63217210e+00	8.66748048e-01	7.65424052e-01
10713           	5.06815977e-02	6.05437260e-02	1.63221671e+00	8.66789953e-01	7.65426757e-01
10714           	5.07024245e-02	6.05618359e-02	1.63226465e+00	8.66834748e-01	7.65429899e-01
10715           	5.07208847e-02	6.05785371e-02	1.63230654e+00	8.66874153e-01	7.65432383e-01
10716           	5.07365227e-02	6.05942933e-02	1.63234226e+00	8.66907654e-01	7.65434609e-01
10717           	5.07528906e-02	6.06116631e-02	1.63238064e+00	8.66943209e-01	7.65437428e-01
10718           	5.07673478e-02	6.06280590e-02	1.63241402e+00	8.66974360e-01	7.65439664e-01
10719           	5.07813618e-02	6.06455488e-02	1.63244762e+00	8.67005174e-01	7.65442450e-01
10720           	5.07946460e-02	6.06629219e-02	1.63247926e+00	8.67034274e-01	7.65444982e-01
10721           	5.08028887e-02	6.06773082e-02	1.63249951e+00	8.67052644e-01	7.65446866e-01
10722           	5.08102894e-02	6.06921209e-02	1.63251927e+00	8.67069925e-01	7.65449346e-01
10723           	5.08161787e-02	6.07055776e-02	1.63253487e+00	8.67083616e-01	7.65451258e-01
10724           	5.08208415e-02	6.07185115e-02	1.63254868e+00	8.67095183e-01	7.65453500e-01
10725           	5.08282767e-02	6.07334942e-02	1.63256928e+00	8.67112915e-01	7.65456361e-01
10726           	5.08286298e-02	6.07421044e-02	1.63257283e+00	8.67115044e-01	7.65457784e-01
10727           	5.08265520e-02	6.07473567e-02	1.63257005e+00	8.67111576e-01	7.65458472e-01
10728           	5.08245720e-02	6.07517587e-02	1.63256732e+00	8.67108232e-01	7.65459088e-01
10729           	5.08206066e-02	6.07530222e-02	1.63255928e+00	8.67100248e-01	7.65459035e-01
10730           	5.08220644e-02	6.07577601e-02	1.63256404e+00	8.67104087e-01	7.65459958e-01
10731           	5.08182274e-02	6.07574216e-02	1.63255617e+00	8.67096312e-01	7.65459857e-01
10732           	5.08088728e-02	6.07522502e-02	1.63253560e+00	8.67076675e-01	7.65458929e-01
10733           	5.07954034e-02	6.07432346e-02	1.63250536e+00	8.67048083e-01	7.65457276e-01
10734           	5.07858030e-02	6.07382415e-02	1.63248370e+00	8.67027655e-01	7.65456049e-01
10735           	5.07691690e-02	6.07277901e-02	1.63244650e+00	8.66992420e-01	7.65454082e-01
10736           	5.07473133e-02	6.07138355e-02	1.63239765e+00	8.66946141e-01	7.65451514e-01
10737           	5.07202626e-02	6.06957085e-02	1.63233688e+00	8.66888702e-01	7.65448177e-01
10738           	5.06933471e-02	6.06803471e-02	1.63227491e+00	8.66830802e-01	7.65444108e-01
10739           	5.06609563e-02	6.06601000e-02	1.63220072e+00	8.66761318e-01	7.65439406e-01
10740           	5.06266620e-02	6.06391474e-02	1.63211935e+00	8.66686339e-01	7.65433015e-01
10741           	5.05909589e-02	6.06152939e-02	1.63203344e+00	8.66607678e-01	7.65425761e-01
10742           	5.05573307e-02	6.05928992e-02	1.63195102e+00	8.66532842e-01	7.65418180e-01
10743           	5.05299179e-02	6.05772513e-02	1.63187516e+00	8.66467497e-01	7.65407661e-01
10744           	5.05092089e-02	6.05647315e-02	1.63181141e+00	8.66414913e-01	7.65396495e-01
10745           	5.04985909e-02	6.05590163e-02	1.63176573e+00	8.66381454e-01	7.65384272e-01
10746           	5.04969107e-02	6.05591518e-02	1.63174172e+00	8.66367769e-01	7.65373948e-01
10747           	5.05130981e-02	6.05737527e-02	1.63174773e+00	8.66386963e-01	7.65360767e-01
10748           	5.05360979e-02	6.05917019e-02	1.63177334e+00	8.66422765e-01	7.65350570e-01
10749           	5.05644562e-02	6.06136554e-02	1.63181647e+00	8.66472691e-01	7.65343779e-01
10750           	5.06087269e-02	6.06478663e-02	1.63189106e+00	8.66554257e-01	7.65336803e-01
10751           	5.06527018e-02	6.06813803e-02	1.63197106e+00	8.66638231e-01	7.65332828e-01
10752           	5.06984599e-02	6.07166275e-02	1.63205931e+00	8.66728117e-01	7.65331197e-01
10753           	5.07437476e-02	6.07516449e-02	1.63215033e+00	8.66818914e-01	7.65331418e-01
10754           	5.07874439e-02	6.07853917e-02	1.63224084e+00	8.66907866e-01	7.65332978e-01
10755           	5.08280298e-02	6.08164567e-02	1.63232682e+00	8.66991438e-01	7.65335378e-01
10756           	5.08670316e-02	6.08464931e-02	1.63241156e+00	8.67072811e-01	7.65338748e-01
10757           	5.09000732e-02	6.08703736e-02	1.63248306e+00	8.67141604e-01	7.65341457e-01
10758           	5.09283720e-02	6.08898415e-02	1.63254451e+00	8.67200626e-01	7.65343882e-01
10759           	5.09528847e-02	6.09055986e-02	1.63259767e+00	8.67251719e-01	7.65345950e-01
10760           	5.09747344e-02	6.09185509e-02	1.63264483e+00	8.67297151e-01	7.65347682e-01
10761           	5.09957758e-02	6.09306703e-02	1.63269109e+00	8.67341323e-01	7.65349772e-01
10762           	5.10150397e-02	6.09404368e-02	1.63273257e+00	8.67381327e-01	7.65351248e-01
10763           	5.10327455e-02	6.09490387e-02	1.63277181e+00	8.67418648e-01	7.65353157e-01
10764           	5.10485833e-02	6.09564274e-02	1.63280893e+00	8.67453046e-01	7.65355880e-01
10765           	5.10619544e-02	6.09622100e-02	1.63284332e+00	8.67483614e-01	7.65359706e-01
10766           	5.10710713e-02	6.09651394e-02	1.63287356e+00	8.67507851e-01	7.65365709e-01
10767           	5.10749225e-02	6.09636774e-02	1.63289455e+00	8.67522196e-01	7.65372352e-01
10768           	5.10720212e-02	6.09570130e-02	1.63290439e+00	8.67524214e-01	7.65380171e-01
10769           	5.10617734e-02	6.09444274e-02	1.63290119e+00	8.67512369e-01	7.65388823e-01
10770           	5.10407297e-02	6.09229086e-02	1.63287950e+00	8.67480479e-01	7.65399020e-01
10771           	5.10116179e-02	6.08939779e-02	1.63284030e+00	8.67431770e-01	7.65408534e-01
10772           	5.09766891e-02	6.08599643e-02	1.63278793e+00	8.67370654e-01	7.65417276e-01
10773           	5.09382757e-02	6.08228428e-02	1.63272637e+00	8.67301458e-01	7.65424907e-01
10774           	5.08930462e-02	6.07799653e-02	1.63265054e+00	8.67218317e-01	7.65432225e-01
10775           	5.08454011e-02	6.07346816e-02	1.63256646e+00	8.67128631e-01	7.65437829e-01
10776           	5.07998544e-02	6.06915048e-02	1.63248389e+00	8.67041800e-01	7.65442091e-01
10777           	5.07574462e-02	6.06514788e-02	1.63240554e+00	8.66960214e-01	7.65445322e-01
10778           	5.07140748e-02	6.06117367e-02	1.63232499e+00	8.66876570e-01	7.65448420e-01
10779           	5.06750532e-02	6.05767199e-02	1.63225229e+00	8.66801200e-01	7.65451093e-01
10780           	5.06362786e-02	6.05422329e-02	1.63217915e+00	8.66725852e-01	7.65453295e-01
10781           	5.06023464e-02	6.05126263e-02	1.63211580e+00	8.66660247e-01	7.65455554e-01
10782           	5.05678937e-02	6.04838244e-02	1.63205185e+00	8.66593817e-01	7.65458029e-01
10783           	5.05368052e-02	6.04581854e-02	1.63199512e+00	8.66534363e-01	7.65460753e-01
10784           	5.05072207e-02	6.04341438e-02	1.63194221e+00	8.66478328e-01	7.65463887e-01
10785           	5.04775894e-02	6.04104117e-02	1.63189015e+00	8.66422663e-01	7.65467484e-01
10786           	5.04466959e-02	6.03859533e-02	1.63183632e+00	8.66364858e-01	7.65471466e-01
10787           	5.04136068e-02	6.03598807e-02	1.63177845e+00	8.66302831e-01	7.65475617e-01
10788           	5.03780054e-02	6.03317164e-02	1.63171528e+00	8.66235646e-01	7.65479636e-01
10789           	5.03401405e-02	6.03014139e-02	1.63164662e+00	8.66163450e-01	7.65483169e-01
10790           	5.03007241e-02	6.02693408e-02	1.63157324e+00	8.66087342e-01	7.65485894e-01
10791           	5.02607779e-02	6.02361682e-02	1.63149667e+00	8.66009113e-01	7.65487558e-01
10792           	5.02215071e-02	6.02028054e-02	1.63141904e+00	8.65931028e-01	7.65488014e-01
10793           	5.01841488e-02	6.01702876e-02	1.63134276e+00	8.65855529e-01	7.65487232e-01
10794           	5.01498391e-02	6.01396455e-02	1.63127026e+00	8.65784968e-01	7.65485290e-01
10795           	5.01195323e-02	6.01118265e-02	1.63120380e+00	8.65721432e-01	7.65482367e-01
10796           	5.00938210e-02	6.00875573e-02	1.63114510e+00	8.65666371e-01	7.65478729e-01
10797           	5.00729143e-02	6.00672725e-02	1.63109514e+00	8.65620482e-01	7.65474653e-01
10798           	5.00568853e-02	6.00512158e-02	1.63105455e+00	8.65584160e-01	7.65470389e-01
10799           	5.00457059e-02	6.00394906e-02	1.63102370e+00	8.65557557e-01	7.65466145e-01
10800           	5.00391199e-02	6.00319686e-02	1.63100240e+00	8.65540322e-01	7.65462082e-01
10801           	5.00367452e-02	6.00283601e-02	1.63099008e+00	8.65531784e-01	7.65458294e-01
10802           	5.00380603e-02	6.00281986e-02	1.63098574e+00	8.65530930e-01	7.65454810e-01
10803           	5.00425495e-02	6.00309922e-02	1.63098832e+00	8.65536707e-01	7.65451608e-01
10804           	5.00496716e-02	6.00362302e-02	1.63099663e+00	8.65547986e-01	7.65448643e-01
10805           	5.00589028e-02	6.00434055e-02	1.63100948e+00	8.65563641e-01	7.65445835e-01
10806           	5.00698231e-02	6.00520868e-02	1.63102581e+00	8.65582729e-01	7.65443083e-01
10807           	5.00822042e-02	6.00620168e-02	1.63104498e+00	8.65604695e-01	7.65440287e-01
10808           	5.00958983e-02	6.00730148e-02	1.63106654e+00	8.65629169e-01	7.65437372e-01
10809           	5.01112651e-02	6.00856845e-02	1.63109290e+00	8.65657717e-01	7.65435187e-01
10810           	5.01278150e-02	6.00988234e-02	1.63112014e+00	8.65687886e-01	7.65432256e-01
10811           	5.01455752e-02	6.01133754e-02	1.63114899e+00	8.65720069e-01	7.65428918e-01
10812           	5.01649508e-02	6.01284938e-02	1.63117966e+00	8.65754780e-01	7.65424878e-01
10813           	5.01859720e-02	6.01450674e-02	1.63121423e+00	8.65793087e-01	7.65421142e-01
10814           	5.02082548e-02	6.01627456e-02	1.63125163e+00	8.65834068e-01	7.65417559e-01
10815           	5.02315286e-02	6.01817701e-02	1.63129094e+00	8.65876998e-01	7.65413941e-01
10816           	5.02560756e-02	6.02015786e-02	1.63133257e+00	8.65922362e-01	7.65410211e-01
10817           	5.02814188e-02	6.02224285e-02	1.63137688e+00	8.65969858e-01	7.65407020e-01
10818           	5.03074727e-02	6.02441061e-02	1.63142381e+00	8.66019380e-01	7.65404434e-01
10819           	5.03348520e-02	6.02672279e-02	1.63147458e+00	8.66072142e-01	7.65402438e-01
10820           	5.03631567e-02	6.02906283e-02	1.63152809e+00	8.66127204e-01	7.65400890e-01
10821           	5.03916686e-02	6.03141753e-02	1.63158389e+00	8.66183616e-01	7.65400279e-01
10822           	5.04200197e-02	6.03374301e-02	1.63164115e+00	8.66240596e-01	7.65400556e-01
10823           	5.04494175e-02	6.03612606e-02	1.63170243e+00	8.66300631e-01	7.65401796e-01
10824           	5.04782661e-02	6.03840232e-02	1.63176326e+00	8.66359895e-01	7.65403363e-01
10825           	5.05064434e-02	6.04061862e-02	1.63182402e+00	8.66418452e-01	7.65405565e-01
10826           	5.05359420e-02	6.04290571e-02	1.63188901e+00	8.66480446e-01	7.65408562e-01
10827           	5.05640046e-02	6.04502604e-02	1.63195087e+00	8.66539438e-01	7.65411429e-01
10828           	5.05890658e-02	6.04695700e-02	1.63200709e+00	8.66592609e-01	7.65414478e-01
10829           	5.06118656e-02	6.04874072e-02	1.63205883e+00	8.66641279e-01	7.65417548e-01
10830           	5.06355392e-02	6.05059193e-02	1.63211316e+00	8.66692117e-01	7.65421038e-01
10831           	5.06567989e-02	6.05228249e-02	1.63216140e+00	8.66737497e-01	7.65423899e-01
10832           	5.06764783e-02	6.05393230e-02	1.63220611e+00	8.66779534e-01	7.65426578e-01
10833           	5.06949078e-02	6.05556281e-02	1.63224795e+00	8.66818883e-01	7.65429068e-01
10834           	5.07146418e-02	6.05734905e-02	1.63229334e+00	8.66861309e-01	7.65432026e-01
10835           	5.07314409e-02	6.05896281e-02	1.63233145e+00	8.66897168e-01	7.65434286e-01
10836           	5.07489363e-02	6.06073332e-02	1.63237211e+00	8.66934993e-01	7.65437121e-01
10837           	5.07656506e-02	6.06248144e-02	1.63241048e+00	8.66970892e-01	7.65439590e-01
10838           	5.07782556e-02	6.06405988e-02	1.63243981e+00	8.66998160e-01	7.65441649e-01
10839           	5.07905363e-02	6.06574973e-02	1.63246987e+00	8.67025472e-01	7.65444399e-01
10840           	5.08006929e-02	6.06730890e-02	1.63249465e+00	8.67048018e-01	7.65446632e-01
10841           	5.08094126e-02	6.06887880e-02	1.63251754e+00	8.67068183e-01	7.65449358e-01
10842           	5.08174887e-02	6.07041159e-02	1.63253854e+00	8.67086758e-01	7.65451780e-01
10843           	5.08204643e-02	6.07153419e-02	1.63254748e+00	8.67094205e-01	7.65453276e-01
10844           	5.08228033e-02	6.07263409e-02	1.63255601e+00	8.67100806e-01	7.65455199e-01
10845           	5.08241114e-02	6.07354954e-02	1.63256096e+00	8.67104591e-01	7.65456368e-01
10846           	5.08242244e-02	6.07432633e-02	1.63256393e+00	8.67106191e-01	7.65457742e-01
10847           	5.08284129e-02	6.07533485e-02	1.63257632e+00	8.67116573e-01	7.65459747e-01
10848           	5.08249876e-02	6.07560944e-02	1.63257049e+00	8.67110232e-01	7.65460257e-01
10849           	5.08190368e-02	6.07551914e-02	1.63255805e+00	8.67098064e-01	7.65459990e-01
10850           	5.08165860e-02	6.07560783e-02	1.63255317e+00	8.67093169e-01	7.65459997e-01
10851           	5.08077090e-02	6.07506306e-02	1.63253293e+00	8.67074176e-01	7.65458758e-01
10852           	5.07960743e-02	6.07432039e-02	1.63250748e+00	8.67049816e-01	7.65457667e-01
10853           	5.07869286e-02	6.07383898e-02	1.63248702e+00	8.67030439e-01	7.65456582e-01
10854           	5.07734056e-02	6.07304310e-02	1.63245620e+00	8.67001504e-01	7.65454693e-01
10855           	5.07570731e-02	6.07213270e-02	1.63241961e+00	8.66966880e-01	7.65452734e-01
10856           	5.07326156e-02	6.07058699e-02	1.63236516e+00	8.66915195e-01	7.65449964e-01
10857           	5.07029022e-02	6.06859811e-02	1.63229836e+00	8.66852084e-01	7.65446279e-01
10858           	5.06721827e-02	6.06675893e-02	1.63222718e+00	8.66785771e-01	7.65441405e-01
10859           	5.06373719e-02	6.06453994e-02	1.63214664e+00	8.66710693e-01	7.65435949e-01
10860           	5.06015859e-02	6.06232364e-02	1.63206013e+00	8.66631652e-01	7.65428480e-01
10861           	5.05665769e-02	6.06006574e-02	1.63197368e+00	8.66553418e-01	7.65420264e-01
10862           	5.05356033e-02	6.05806258e-02	1.63189310e+00	8.66482152e-01	7.65410945e-01
10863           	5.05108513e-02	6.05636084e-02	1.63182334e+00	8.66422519e-01	7.65400816e-01
10864           	5.04982242e-02	6.05573499e-02	1.63177155e+00	8.66383997e-01	7.65387549e-01
10865           	5.04950611e-02	6.05567056e-02	1.63174222e+00	8.66366170e-01	7.65376048e-01
10866           	5.05042589e-02	6.05654059e-02	1.63173787e+00	8.66373192e-01	7.65364674e-01
10867           	5.05213986e-02	6.05788425e-02	1.63175309e+00	8.66397946e-01	7.65355148e-01
10868           	5.05597652e-02	6.06095192e-02	1.63180837e+00	8.66463951e-01	7.65344420e-01
10869           	5.05996612e-02	6.06403120e-02	1.63187373e+00	8.66536527e-01	7.65337204e-01
10870           	5.06398149e-02	6.06716162e-02	1.63194689e+00	8.66613259e-01	7.65333629e-01
10871           	5.06889509e-02	6.07102363e-02	1.63204083e+00	8.66709365e-01	7.65331464e-01
10872           	5.07328246e-02	6.07443461e-02	1.63212856e+00	8.66797103e-01	7.65331454e-01
10873           	5.07844527e-02	6.07842037e-02	1.63223415e+00	8.66901530e-01	7.65332624e-01
10874           	5.08276840e-02	6.08172628e-02	1.63232562e+00	8.66990494e-01	7.65335126e-01
10875           	5.08650407e-02	6.08454429e-02	1.63240721e+00	8.67068647e-01	7.65338566e-01
10876           	5.08969284e-02	6.08685741e-02	1.63247699e+00	8.67135424e-01	7.65341567e-01
10877           	5.09237400e-02	6.08870622e-02	1.63253677e+00	8.67192125e-01	7.65344645e-01
10878           	5.09464748e-02	6.09014015e-02	1.63258621e+00	8.67239580e-01	7.65346631e-01
10879           	5.09668185e-02	6.09132654e-02	1.63263073e+00	8.67282183e-01	7.65348546e-01
10880           	5.09856307e-02	6.09231094e-02	1.63267046e+00	8.67320863e-01	7.65349601e-01
10881           	5.10039650e-02	6.09324125e-02	1.63271021e+00	8.67359069e-01	7.65351139e-01
10882           	5.10216085e-02	6.09407816e-02	1.63274839e+00	8.67395803e-01	7.65352586e-01
10883           	5.10384769e-02	6.09489866e-02	1.63278762e+00	8.67432287e-01	7.65355334e-01
10884           	5.10534416e-02	6.09557320e-02	1.63282445e+00	8.67465668e-01	7.65358785e-01
10885           	5.10654853e-02	6.09609476e-02	1.63285913e+00	8.67495052e-01	7.65364082e-01
10886           	5.10725475e-02	6.09622473e-02	1.63288593e+00	8.67515510e-01	7.65370416e-01
10887           	5.10730335e-02	6.09587931e-02	1.63290306e+00	8.67524563e-01	7.65378496e-01
10888           	5.10652256e-02	6.09482908e-02	1.63290490e+00	8.67517677e-01	7.65387226e-01
10889           	5.10486728e-02	6.09307469e-02	1.63289121e+00	8.67494279e-01	7.65396933e-01
10890           	5.10231856e-02	6.09051842e-02	1.63285910e+00	8.67452734e-01	7.65406363e-01
10891           	5.09897120e-02	6.08728797e-02	1.63281089e+00	8.67395157e-01	7.65415733e-01
10892           	5.09497382e-02	6.08343782e-02	1.63274726e+00	8.67323370e-01	7.65423893e-01
10893           	5.09053870e-02	6.07922754e-02	1.63267341e+00	8.67242090e-01	7.65431316e-01
10894           	5.08585656e-02	6.07475284e-02	1.63259134e+00	8.67154233e-01	7.65437102e-01
10895           	5.08112488e-02	6.07029781e-02	1.63250670e+00	8.67064599e-01	7.65442102e-01
10896           	5.07647445e-02	6.06589927e-02	1.63242078e+00	8.66975132e-01	7.65445643e-01
10897           	5.07203506e-02	6.06179479e-02	1.63233825e+00	8.66889477e-01	7.65448776e-01
10898           	5.06785601e-02	6.05794453e-02	1.63225903e+00	8.66808075e-01	7.65450955e-01
10899           	5.06399744e-02	6.05451698e-02	1.63218646e+00	8.66733203e-01	7.65453255e-01
10900           	5.06043106e-02	6.05138754e-02	1.63211901e+00	8.66663815e-01	7.65455193e-01
10901           	5.05738103e-02	6.04876232e-02	1.63206224e+00	8.66604932e-01	7.65457312e-01
10902           	5.05425089e-02	6.04620764e-02	1.63200466e+00	8.66544840e-01	7.65459823e-01
10903           	5.05136109e-02	6.04388792e-02	1.63195283e+00	8.66490025e-01	7.65462803e-01
10904           	5.04851280e-02	6.04163138e-02	1.63190291e+00	8.66436583e-01	7.65466327e-01
10905           	5.04555442e-02	6.03930767e-02	1.63185176e+00	8.66381424e-01	7.65470335e-01
10906           	5.04236745e-02	6.03680942e-02	1.63179660e+00	8.66321974e-01	7.65474625e-01
10907           	5.03889752e-02	6.03407367e-02	1.63173572e+00	8.66256837e-01	7.65478886e-01
10908           	5.03515706e-02	6.03108861e-02	1.63166863e+00	8.66185884e-01	7.65482743e-01
10909           	5.03120926e-02	6.02788610e-02	1.63159586e+00	8.66110022e-01	7.65485837e-01
10910           	5.02715963e-02	6.02453672e-02	1.63151894e+00	8.66031066e-01	7.65487873e-01
10911           	5.02313482e-02	6.02113493e-02	1.63144003e+00	8.65951364e-01	7.65488668e-01
10912           	5.01926998e-02	6.01779167e-02	1.63136172e+00	8.65873561e-01	7.65488161e-01
10913           	5.01569182e-02	6.01461905e-02	1.63128667e+00	8.65800251e-01	7.65486415e-01
10914           	5.01251083e-02	6.01172126e-02	1.63121741e+00	8.65733812e-01	7.65483596e-01
10915           	5.00979856e-02	6.00917926e-02	1.63115592e+00	8.65675945e-01	7.65479973e-01
10916           	5.00758426e-02	6.00704344e-02	1.63110338e+00	8.65627532e-01	7.65475846e-01
10917           	5.00587510e-02	6.00534004e-02	1.63106048e+00	8.65588990e-01	7.65471488e-01
10918           	5.00466691e-02	6.00407910e-02	1.63102760e+00	8.65560470e-01	7.65467132e-01
10919           	5.00393461e-02	6.00324984e-02	1.63100461e+00	8.65541649e-01	7.65462957e-01
10920           	5.00363660e-02	6.00282272e-02	1.63099089e+00	8.65531811e-01	7.65459079e-01
10921           	5.00371845e-02	6.00275123e-02	1.63098545e+00	8.65529911e-01	7.65455542e-01
10922           	5.00412448e-02	6.00298406e-02	1.63098714e+00	8.65534816e-01	7.65452327e-01
10923           	5.00479868e-02	6.00346936e-02	1.63099475e+00	8.65545361e-01	7.65449387e-01
10924           	5.00568618e-02	6.00415487e-02	1.63100701e+00	8.65560366e-01	7.65446643e-01
10925           	5.00674052e-02	6.00499373e-02	1.63102277e+00	8.65578791e-01	7.65443981e-01
10926           	5.00793767e-02	6.00595837e-02	1.63104133e+00	8.65600040e-01	7.65441287e-01
10927           	5.00926265e-02	6.00702948e-02	1.63106219e+00	8.65623723e-01	7.65438470e-01
10928           	5.01074822e-02	6.00826125e-02	1.63108768e+00	8.65651321e-01	7.65436357e-01
10929           	5.01234864e-02	6.00953702e-02	1.63111393e+00	8.65680452e-01	7.65433480e-01
10930           	5.01406908e-02	6.01095257e-02	1.63114170e+00	8.65711542e-01	7.65430160e-01
10931           	5.01595489e-02	6.01242655e-02	1.63117127e+00	8.65745185e-01	7.65426088e-01
10932           	5.01801651e-02	6.01405045e-02	1.63120491e+00	8.65782619e-01	7.65422289e-01
10933           	5.02021261e-02	6.01578830e-02	1.63124148e+00	8.65822866e-01	7.65418614e-01
10934           	5.02251321e-02	6.01766234e-02	1.63127998e+00	8.65865124e-01	7.65414860e-01
10935           	5.02494586e-02	6.01961776e-02	1.63132088e+00	8.65909901e-01	7.65410984e-01
10936           	5.02746234e-02	6.02168049e-02	1.63136453e+00	8.65956888e-01	7.65407641e-01
10937           	5.03005159e-02	6.02382883e-02	1.63141085e+00	8.66005942e-01	7.65404910e-01
10938           	5.03277376e-02	6.02612409e-02	1.63146098e+00	8.66058226e-01	7.65402750e-01
10939           	5.03559619e-02	6.02845638e-02	1.63151404e+00	8.66112983e-01	7.65401059e-01
10940           	5.03844648e-02	6.03081208e-02	1.63156957e+00	8.66169250e-01	7.65400320e-01
10941           	5.04128572e-02	6.03314498e-02	1.63162669e+00	8.66226205e-01	7.65400490e-01
10942           	5.04422623e-02	6.03553578e-02	1.63168776e+00	8.66286142e-01	7.65401618e-01
10943           	5.04711461e-02	6.03782381e-02	1.63174850e+00	8.66345398e-01	7.65403106e-01
10944           	5.04993547e-02	6.04005114e-02	1.63180919e+00	8.66403949e-01	7.65405240e-01
10945           	5.05289220e-02	6.04235209e-02	1.63187417e+00	8.66466007e-01	7.65408163e-01
10946           	5.05572583e-02	6.04450154e-02	1.63193647e+00	8.66525493e-01	7.65410977e-01
10947           	5.05827228e-02	6.04646824e-02	1.63199341e+00	8.66579426e-01	7.65413981e-01
10948           	5.06059086e-02	6.04828141e-02	1.63204584e+00	8.66628829e-01	7.65417012e-01
10949           	5.06298234e-02	6.05014503e-02	1.63210056e+00	8.66680104e-01	7.65420457e-01
10950           	5.06512797e-02	6.05183972e-02	1.63214914e+00	8.66725848e-01	7.65423288e-01
10951           	5.06711258e-02	6.05348663e-02	1.63219415e+00	8.66768203e-01	7.65425951e-01
10952           	5.06898013e-02	6.05511704e-02	1.63223648e+00	8.66808039e-01	7.65428437e-01
10953           	5.07098534e-02	6.05690403e-02	1.63228248e+00	8.66851093e-01	7.65431386e-01
10954           	5.07270118e-02	6.05852187e-02	1.63232134e+00	8.66887682e-01	7.65433659e-01
10955           	5.07448571e-02	6.06029315e-02	1.63236271e+00	8.66926215e-01	7.65436500e-01
10956           	5.07619263e-02	6.06204342e-02	1.63240183e+00	8.66962839e-01	7.65438986e-01
10957           	5.07748867e-02	6.06362941e-02	1.63243193e+00	8.66990853e-01	7.65441079e-01
10958           	5.07875890e-02	6.06533366e-02	1.63246289e+00	8.67019036e-01	7.65443858e-01
10959           	5.07981664e-02	6.06691145e-02	1.63248859e+00	8.67042463e-01	7.65446130e-01
10960           	5.08072842e-02	6.06850251e-02	1.63251236e+00	8.67063463e-01	7.65448895e-01
10961           	5.08157515e-02	6.07006256e-02	1.63253425e+00	8.67082877e-01	7.65451374e-01
10962           	5.08190910e-02	6.07121821e-02	1.63254404e+00	8.67091113e-01	7.65452930e-01
10963           	5.08217942e-02	6.07235612e-02	1.63255341e+00	8.67098497e-01	7.65454909e-01
10964           	5.08234707e-02	6.07331592e-02	1.63255922e+00	8.67103079e-01	7.65456137e-01
10965           	5.08239609e-02	6.07414125e-02	1.63256305e+00	8.67105484e-01	7.65457563e-01
10966           	5.08284566e-02	6.07519590e-02	1.63257617e+00	8.67116542e-01	7.65459629e-01
10967           	5.08253406e-02	6.07551723e-02	1.63257108e+00	8.67110878e-01	7.65460197e-01
10968           	5.08197224e-02	6.07547560e-02	1.63255943e+00	8.67099438e-01	7.65459993e-01
10969           	5.08175799e-02	6.07560750e-02	1.63255530e+00	8.67095232e-01	7.65460072e-01
10970           	5.08091670e-02	6.07511524e-02	1.63253613e+00	8.67077232e-01	7.65458898e-01
10971           	5.07981253e-02	6.07442859e-02	1.63251197e+00	8.67054109e-01	7.65457859e-01
10972           	5.07896992e-02	6.07400147e-02	1.63249311e+00	8.67036252e-01	7.65456854e-01
10973           	5.07770454e-02	6.07326562e-02	1.63246424e+00	8.67009166e-01	7.65455076e-01
10974           	5.07617400e-02	6.07242088e-02	1.63243003e+00	8.66976757e-01	7.65453277e-01
10975           	5.07382686e-02	6.07093945e-02	1.63237790e+00	8.66927220e-01	7.65450683e-01
10976           	5.07095128e-02	6.06901543e-02	1.63231344e+00	8.66866233e-01	7.65447208e-01
10977           	5.06798321e-02	6.06724527e-02	1.63224495e+00	8.66802305e-01	7.65442641e-01
10978           	5.06455912e-02	6.06506581e-02	1.63216617e+00	8.66728674e-01	7.65437492e-01
10979           	5.06099345e-02	6.06286125e-02	1.63208064e+00	8.66650255e-01	7.65430386e-01
10980           	5.05743523e-02	6.06056615e-02	1.63199369e+00	8.66571197e-01	7.65422493e-01
10981           	5.05421664e-02	6.05848037e-02	1.63191123e+00	8.66497779e-01	7.65413447e-01
10982           	5.05156041e-02	6.05665190e-02	1.63183819e+00	8.66434700e-01	7.65403491e-01
10983           	5.05004266e-02	6.05585014e-02	1.63178157e+00	8.66391213e-01	7.65390360e-01
10984           	5.04945972e-02	6.05559621e-02	1.63174685e+00	8.66368020e-01	7.65378826e-01
10985           	5.05010586e-02	6.05627066e-02	1.63173669e+00	8.66369403e-01	7.65367286e-01
10986           	5.05157559e-02	6.05743393e-02	1.63174646e+00	8.66388988e-01	7.65357476e-01
10987           	5.05516086e-02	6.06031891e-02	1.63179578e+00	8.66449499e-01	7.65346281e-01
10988           	5.05896014e-02	6.06325117e-02	1.63185639e+00	8.66517798e-01	7.65338595e-01
10989           	5.06285771e-02	6.06628636e-02	1.63192628e+00	8.66591716e-01	7.65334562e-01
10990           	5.06775855e-02	6.07013627e-02	1.63201887e+00	8.66687022e-01	7.65331851e-01
10991           	5.07217501e-02	6.07357072e-02	1.63210634e+00	8.66774923e-01	7.65331422e-01
10992           	5.07738882e-02	6.07760213e-02	1.63221227e+00	8.66880025e-01	7.65332249e-01
10993           	5.08180963e-02	6.08099381e-02	1.63230522e+00	8.66970707e-01	7.65334514e-01
10994           	5.08568662e-02	6.08393434e-02	1.63238947e+00	8.67051600e-01	7.65337867e-01
10995           	5.08900750e-02	6.08636882e-02	1.63246192e+00	8.67121035e-01	7.65340885e-01
10996           	5.09180118e-02	6.08832444e-02	1.63252413e+00	8.67180077e-01	7.65344053e-01
10997           	5.09415518e-02	6.08984115e-02	1.63257544e+00	8.67229270e-01	7.65346166e-01
10998           	5.09623736e-02	6.09108168e-02	1.63262113e+00	8.67272941e-01	7.65348194e-01
10999           	5.09814340e-02	6.09209833e-02	1.63266148e+00	8.67312174e-01	7.65349307e-01
11000           	5.09998997e-02	6.09304551e-02	1.63270144e+00	8.67350619e-01	7.65350819e-01
11001           	5.10176842e-02	6.09389402e-02	1.63273966e+00	8.67387515e-01	7.65352147e-01
11002           	5.10348137e-02	6.09472907e-02	1.63277899e+00	8.67424308e-01	7.65354681e-01
11003           	5.10502722e-02	6.09543372e-02	1.63281623e+00	8.67458386e-01	7.65357841e-01
11004           	5.10631633e-02	6.09601252e-02	1.63285195e+00	8.67489137e-01	7.65362810e-01
11005           	5.10715051e-02	6.09623684e-02	1.63288062e+00	8.67511817e-01	7.65368807e-01
11006           	5.10737039e-02	6.09602678e-02	1.63290060e+00	8.67524002e-01	7.65376594e-01
11007           	5.10678876e-02	6.09514008e-02	1.63290599e+00	8.67520883e-01	7.65385108e-01
11008           	5.10534323e-02	6.09356331e-02	1.63289630e+00	8.67501581e-01	7.65394716e-01
11009           	5.10299633e-02	6.09118251e-02	1.63286826e+00	8.67464096e-01	7.65404169e-01
11010           	5.09982632e-02	6.08810905e-02	1.63282388e+00	8.67410205e-01	7.65413678e-01
11011           	5.09596519e-02	6.08438245e-02	1.63276344e+00	8.67341370e-01	7.65422066e-01
11012           	5.09161860e-02	6.08025228e-02	1.63269190e+00	8.67262137e-01	7.65429765e-01
11013           	5.08697702e-02	6.07581328e-02	1.63261123e+00	8.67175386e-01	7.65435846e-01
11014           	5.08224296e-02	6.07135075e-02	1.63252708e+00	8.67085971e-01	7.65441112e-01
11015           	5.07756153e-02	6.06691565e-02	1.63244099e+00	8.66996112e-01	7.65444882e-01
11016           	5.07306713e-02	6.06274832e-02	1.63235772e+00	8.66909530e-01	7.65448187e-01
11017           	5.06882024e-02	6.05881985e-02	1.63227735e+00	8.66826877e-01	7.65450472e-01
11018           	5.06488774e-02	6.05530632e-02	1.63220338e+00	8.66750566e-01	7.65452811e-01
11019           	5.06125178e-02	6.05209502e-02	1.63213449e+00	8.66679762e-01	7.65454726e-01
11020           	5.05814990e-02	6.04940743e-02	1.63207656e+00	8.66619777e-01	7.65456779e-01
11021           	5.05497767e-02	6.04680023e-02	1.63201794e+00	8.66558746e-01	7.65459193e-01
11022           	5.05206928e-02	6.04445408e-02	1.63196553e+00	8.66503459e-01	7.65462074e-01
11023           	5.04922573e-02	6.04219567e-02	1.63191553e+00	8.66450022e-01	7.65465508e-01
11024           	5.04629370e-02	6.03989156e-02	1.63186478e+00	8.66395328e-01	7.65469454e-01
11025           	5.04315193e-02	6.03743159e-02	1.63181050e+00	8.66336769e-01	7.65473730e-01
11026           	5.03973377e-02	6.03474315e-02	1.63175075e+00	8.66272715e-01	7.65478040e-01
11027           	5.03604210e-02	6.03180630e-02	1.63168488e+00	8.66202860e-01	7.65482018e-01
11028           	5.03212892e-02	6.02864291e-02	1.63161318e+00	8.66127880e-01	7.65485301e-01
11029           	5.02809252e-02	6.02531721e-02	1.63153701e+00	8.66049429e-01	7.65487578e-01
11030           	5.02405324e-02	6.02191770e-02	1.63145836e+00	8.65969711e-01	7.65488646e-01
11031           	5.02014474e-02	6.01855235e-02	1.63137974e+00	8.65891315e-01	7.65488420e-01
11032           	5.01649598e-02	6.01533438e-02	1.63130379e+00	8.65816856e-01	7.65486937e-01
11033           	5.01322244e-02	6.01237005e-02	1.63123312e+00	8.65748785e-01	7.65484336e-01
11034           	5.01040271e-02	6.00974517e-02	1.63116980e+00	8.65688928e-01	7.65480874e-01
11035           	5.00807568e-02	6.00751714e-02	1.63111521e+00	8.65638360e-01	7.65476847e-01
11036           	5.00625128e-02	6.00571605e-02	1.63107009e+00	8.65597557e-01	7.65472532e-01
11037           	5.00492797e-02	6.00435470e-02	1.63103491e+00	8.65566732e-01	7.65468173e-01
11038           	5.00408743e-02	6.00342846e-02	1.63100967e+00	8.65545707e-01	7.65463959e-01
11039           	5.00369075e-02	6.00291088e-02	1.63099386e+00	8.65533836e-01	7.65460021e-01
11040           	5.00368704e-02	6.00275973e-02	1.63098657e+00	8.65530157e-01	7.65456416e-01
11041           	5.00401916e-02	6.00292333e-02	1.63098666e+00	8.65533524e-01	7.65453140e-01
11042           	5.00463322e-02	6.00335158e-02	1.63099296e+00	8.65542814e-01	7.65450150e-01
11043           	5.00547242e-02	6.00399098e-02	1.63100419e+00	8.65556819e-01	7.65447370e-01
11044           	5.00648836e-02	6.00479378e-02	1.63101916e+00	8.65574465e-01	7.65444697e-01
11045           	5.00765181e-02	6.00572802e-02	1.63103706e+00	8.65595049e-01	7.65442013e-01
11046           	5.00894661e-02	6.00677334e-02	1.63105738e+00	8.65618154e-01	7.65439222e-01
11047           	5.01036725e-02	6.00792021e-02	1.63107986e+00	8.65643600e-01	7.65436255e-01
11048           	5.01196147e-02	6.00923939e-02	1.63110716e+00	8.65673193e-01	7.65433963e-01
11049           	5.01368153e-02	6.01061013e-02	1.63113541e+00	8.65704521e-01	7.65430891e-01
11050           	5.01552179e-02	6.01211998e-02	1.63116523e+00	8.65737833e-01	7.65427397e-01
11051           	5.01752984e-02	6.01369209e-02	1.63119702e+00	8.65773809e-01	7.65423212e-01
11052           	5.01969559e-02	6.01540567e-02	1.63123273e+00	8.65813321e-01	7.65419410e-01
11053           	5.02198219e-02	6.01722579e-02	1.63127129e+00	8.65855469e-01	7.65415825e-01
11054           	5.02437027e-02	6.01917896e-02	1.63131194e+00	8.65899674e-01	7.65412269e-01
11055           	5.02688447e-02	6.02120907e-02	1.63135508e+00	8.65946385e-01	7.65408696e-01
11056           	5.02947724e-02	6.02334050e-02	1.63140102e+00	8.65995281e-01	7.65405736e-01
11057           	5.03214593e-02	6.02555669e-02	1.63144980e+00	8.66046360e-01	7.65403442e-01
11058           	5.03494590e-02	6.02791099e-02	1.63150254e+00	8.66100731e-01	7.65401813e-01
11059           	5.03781119e-02	6.03027236e-02	1.63155758e+00	8.66156899e-01	7.65400676e-01
11060           	5.04067082e-02	6.03262614e-02	1.63161437e+00	8.66213893e-01	7.65400477e-01
11061           	5.04349531e-02	6.03493523e-02	1.63167218e+00	8.66271041e-01	7.65401135e-01
11062           	5.04642789e-02	6.03730026e-02	1.63173404e+00	8.66331300e-01	7.65402742e-01
11063           	5.04930095e-02	6.03955821e-02	1.63179528e+00	8.66390652e-01	7.65404633e-01
11064           	5.05210382e-02	6.04175614e-02	1.63185626e+00	8.66449166e-01	7.65407089e-01
11065           	5.05501646e-02	6.04400585e-02	1.63192090e+00	8.66510616e-01	7.65410287e-01
11066           	5.05774289e-02	6.04606011e-02	1.63198141e+00	8.66568132e-01	7.65413275e-01
11067           	5.06015312e-02	6.04791782e-02	1.63203578e+00	8.66619423e-01	7.65416361e-01
11068           	5.06234989e-02	6.04964530e-02	1.63208583e+00	8.66666412e-01	7.65419414e-01
11069           	5.06466326e-02	6.05147110e-02	1.63213896e+00	8.66716113e-01	7.65422848e-01
11070           	5.06674165e-02	6.05315008e-02	1.63218609e+00	8.66760460e-01	7.65425627e-01
11071           	5.06866397e-02	6.05479730e-02	1.63222967e+00	8.66801476e-01	7.65428197e-01
11072           	5.07070067e-02	6.05659239e-02	1.63227639e+00	8.66845202e-01	7.65431189e-01
11073           	5.07249807e-02	6.05824705e-02	1.63231703e+00	8.66883496e-01	7.65433535e-01
11074           	5.07402441e-02	6.05981777e-02	1.63235176e+00	8.66916125e-01	7.65435637e-01
11075           	5.07563045e-02	6.06155805e-02	1.63238937e+00	8.66950991e-01	7.65438382e-01
11076           	5.07704793e-02	6.06320215e-02	1.63242210e+00	8.66981531e-01	7.65440573e-01
11077           	5.07841602e-02	6.06495000e-02	1.63245502e+00	8.67011671e-01	7.65443350e-01
11078           	5.07970193e-02	6.06667645e-02	1.63248586e+00	8.67039950e-01	7.65445911e-01
11079           	5.08048220e-02	6.06809445e-02	1.63250529e+00	8.67057465e-01	7.65447821e-01
11080           	5.08118414e-02	6.06955432e-02	1.63252437e+00	8.67074028e-01	7.65450345e-01
11081           	5.08173771e-02	6.07087400e-02	1.63253933e+00	8.67087044e-01	7.65452289e-01
11082           	5.08216695e-02	6.07213240e-02	1.63255241e+00	8.67097873e-01	7.65454534e-01
11083           	5.08287852e-02	6.07359408e-02	1.63257235e+00	8.67114959e-01	7.65457389e-01
11084           	5.08287536e-02	6.07440679e-02	1.63257505e+00	8.67116279e-01	7.65458772e-01
11085           	5.08262597e-02	6.07487633e-02	1.63257130e+00	8.67111909e-01	7.65459390e-01
11086           	5.08239246e-02	6.07526340e-02	1.63256766e+00	8.67107753e-01	7.65459904e-01
11087           	5.08195939e-02	6.07533584e-02	1.63255863e+00	8.67098911e-01	7.65459723e-01
11088           	5.08206796e-02	6.07576026e-02	1.63256233e+00	8.67101845e-01	7.65460485e-01
11089           	5.08163952e-02	6.07567567e-02	1.63255324e+00	8.67093016e-01	7.65460226e-01
11090           	5.08063404e-02	6.07509137e-02	1.63253098e+00	8.67071831e-01	7.65459151e-01
11091           	5.07920462e-02	6.07411922e-02	1.63249882e+00	8.67041457e-01	7.65457365e-01
11092           	5.07814025e-02	6.07354866e-02	1.63247474e+00	8.67018770e-01	7.65455965e-01
11093           	5.07635851e-02	6.07242344e-02	1.63243484e+00	8.66981004e-01	7.65453833e-01
11094           	5.07405199e-02	6.07094887e-02	1.63238321e+00	8.66932127e-01	7.65451088e-01
11095           	5.07123028e-02	6.06905846e-02	1.63231970e+00	8.66872154e-01	7.65447548e-01
11096           	5.06839846e-02	6.06743082e-02	1.63225431e+00	8.66811138e-01	7.65443169e-01
11097           	5.06507100e-02	6.06534560e-02	1.63217772e+00	8.66739571e-01	7.65438151e-01
11098           	5.06159439e-02	6.06321313e-02	1.63209465e+00	8.66663269e-01	7.65431381e-01
11099           	5.05806030e-02	6.06084945e-02	1.63200877e+00	8.66584988e-01	7.65423782e-01
11100           	5.05481056e-02	6.05868465e-02	1.63192801e+00	8.66512110e-01	7.65415898e-01
11101           	5.05227491e-02	6.05725863e-02	1.63185555e+00	8.66450522e-01	7.65405024e-01
11102           	5.05047252e-02	6.05619402e-02	1.63179675e+00	8.66403100e-01	7.65393649e-01
11103           	5.04973499e-02	6.05585060e-02	1.63175737e+00	8.66376036e-01	7.65381336e-01
11104           	5.04989195e-02	6.05609908e-02	1.63174006e+00	8.66368950e-01	7.65371111e-01
11105           	5.05188484e-02	6.05782394e-02	1.63175411e+00	8.66395905e-01	7.65358208e-01
11106           	5.05447673e-02	6.05982953e-02	1.63178649e+00	8.66438010e-01	7.65348476e-01
11107           	5.05753694e-02	6.06219808e-02	1.63183517e+00	8.66492955e-01	7.65342216e-01
11108           	5.06219305e-02	6.06579918e-02	1.63191556e+00	8.66579713e-01	7.65335851e-01
11109           	5.06699090e-02	6.06952549e-02	1.63200483e+00	8.66672325e-01	7.65332507e-01
11110           	5.07168564e-02	6.07316882e-02	1.63209630e+00	8.66765006e-01	7.65331293e-01
11111           	5.07616383e-02	6.07657916e-02	1.63218701e+00	8.66855145e-01	7.65331869e-01
11112           	5.08033228e-02	6.07977001e-02	1.63227456e+00	8.66940601e-01	7.65333955e-01
11113           	5.08408402e-02	6.08260915e-02	1.63235517e+00	8.67018426e-01	7.65336746e-01
11114           	5.08741170e-02	6.08506751e-02	1.63242774e+00	8.67087988e-01	7.65339754e-01
11115           	5.09033587e-02	6.08714494e-02	1.63249192e+00	8.67149320e-01	7.65342603e-01
11116           	5.09308631e-02	6.08907430e-02	1.63255303e+00	8.67207378e-01	7.65345652e-01
11117           	5.09551510e-02	6.09059614e-02	1.63260523e+00	8.67257766e-01	7.65347464e-01
11118           	5.09774925e-02	6.09191133e-02	1.63265278e+00	8.67303884e-01	7.65348899e-01
11119           	5.09984707e-02	6.09307848e-02	1.63269745e+00	8.67347194e-01	7.65350253e-01
11120           	5.10182709e-02	6.09412616e-02	1.63274025e+00	8.67388397e-01	7.65351855e-01
11121           	5.10371617e-02	6.09512525e-02	1.63278369e+00	8.67429008e-01	7.65354685e-01
11122           	5.10537724e-02	6.09591143e-02	1.63282296e+00	8.67465254e-01	7.65357710e-01
11123           	5.10671337e-02	6.09648905e-02	1.63285811e+00	8.67496187e-01	7.65361919e-01
11124           	5.10760361e-02	6.09675694e-02	1.63288694e+00	8.67519507e-01	7.65367435e-01
11125           	5.10775876e-02	6.09647603e-02	1.63290563e+00	8.67530402e-01	7.65375227e-01
11126           	5.10715689e-02	6.09554404e-02	1.63291004e+00	8.67526591e-01	7.65383453e-01
11127           	5.10574979e-02	6.09395612e-02	1.63289969e+00	8.67507342e-01	7.65392346e-01
11128           	5.10359039e-02	6.09173649e-02	1.63287465e+00	8.67473230e-01	7.65401423e-01
11129           	5.10034757e-02	6.08859919e-02	1.63282968e+00	8.67418316e-01	7.65411365e-01
11130           	5.09643599e-02	6.08482379e-02	1.63276890e+00	8.67348811e-01	7.65420091e-01
11131           	5.09222863e-02	6.08078386e-02	1.63269979e+00	8.67272182e-01	7.65427609e-01
11132           	5.08796640e-02	6.07669273e-02	1.63262695e+00	8.67193139e-01	7.65433811e-01
11133           	5.08327158e-02	6.07226647e-02	1.63254459e+00	8.67105011e-01	7.65439580e-01
11134           	5.07853061e-02	6.06779623e-02	1.63245820e+00	8.67014408e-01	7.65443796e-01
11135           	5.07415497e-02	6.06369386e-02	1.63237698e+00	8.66930041e-01	7.65446942e-01
11136           	5.07019079e-02	6.06001341e-02	1.63230257e+00	8.66853192e-01	7.65449376e-01
11137           	5.06654982e-02	6.05669443e-02	1.63223402e+00	8.66782506e-01	7.65451510e-01
11138           	5.06284659e-02	6.05349296e-02	1.63216524e+00	8.66711087e-01	7.65454155e-01
11139           	5.05924020e-02	6.05044286e-02	1.63209791e+00	8.66641357e-01	7.65456553e-01
11140           	5.05594791e-02	6.04771862e-02	1.63203738e+00	8.66578167e-01	7.65459208e-01
11141           	5.05288980e-02	6.04522350e-02	1.63198222e+00	8.66520009e-01	7.65462213e-01
11142           	5.04992269e-02	6.04282464e-02	1.63192969e+00	8.66464072e-01	7.65465618e-01
11143           	5.04691154e-02	6.04040624e-02	1.63187705e+00	8.66407639e-01	7.65469409e-01
11144           	5.04374303e-02	6.03787522e-02	1.63182179e+00	8.66348328e-01	7.65473467e-01
11145           	5.04034095e-02	6.03516291e-02	1.63176193e+00	8.66284376e-01	7.65477557e-01
11146           	5.03669552e-02	6.03224678e-02	1.63169665e+00	8.66215281e-01	7.65481371e-01
11147           	5.03284426e-02	6.02913877e-02	1.63162603e+00	8.66141459e-01	7.65484574e-01
11148           	5.02887116e-02	6.02588833e-02	1.63155117e+00	8.66064295e-01	7.65486872e-01
11149           	5.02488300e-02	6.02256645e-02	1.63147379e+00	8.65985725e-01	7.65488065e-01
11150           	5.02100351e-02	6.01926438e-02	1.63139619e+00	8.65908129e-01	7.65488059e-01
11151           	5.01735520e-02	6.01608288e-02	1.63132085e+00	8.65833976e-01	7.65486872e-01
11152           	5.01404733e-02	6.01311817e-02	1.63125018e+00	8.65765565e-01	7.65484618e-01
11153           	5.01116253e-02	6.01045528e-02	1.63118627e+00	8.65704760e-01	7.65481509e-01
11154           	5.00874638e-02	6.00815646e-02	1.63113055e+00	8.65652736e-01	7.65477809e-01
11155           	5.00681123e-02	6.00625724e-02	1.63108376e+00	8.65609993e-01	7.65473768e-01
11156           	5.00535990e-02	6.00477770e-02	1.63104641e+00	8.65576806e-01	7.65469608e-01
11157           	5.00438348e-02	6.00372422e-02	1.63101867e+00	8.65553171e-01	7.65465501e-01
11158           	5.00385113e-02	6.00308016e-02	1.63100018e+00	8.65538601e-01	7.65461578e-01
11159           	5.00372125e-02	6.00281339e-02	1.63099024e+00	8.65532333e-01	7.65457907e-01
11160           	5.00394070e-02	6.00287673e-02	1.63098782e+00	8.65533318e-01	7.65454504e-01
11161           	5.00446058e-02	6.00322327e-02	1.63099190e+00	8.65540554e-01	7.65451342e-01
11162           	5.00522683e-02	6.00380111e-02	1.63100129e+00	8.65552912e-01	7.65448376e-01
11163           	5.00619098e-02	6.00456166e-02	1.63101488e+00	8.65569349e-01	7.65445529e-01
11164           	5.00731803e-02	6.00546657e-02	1.63103177e+00	8.65589066e-01	7.65442705e-01
11165           	5.00858855e-02	6.00649203e-02	1.63105141e+00	8.65611592e-01	7.65439821e-01
11166           	5.00999184e-02	6.00762317e-02	1.63107347e+00	8.65636652e-01	7.65436815e-01
11167           	5.01156954e-02	6.00892554e-02	1.63110048e+00	8.65665935e-01	7.65434544e-01
11168           	5.01327218e-02	6.01027808e-02	1.63112852e+00	8.65696984e-01	7.65431541e-01
11169           	5.01509707e-02	6.01177086e-02	1.63115825e+00	8.65730094e-01	7.65428152e-01
11170           	5.01708663e-02	6.01332187e-02	1.63118992e+00	8.65765825e-01	7.65424092e-01
11171           	5.01923372e-02	6.01501444e-02	1.63122544e+00	8.65805058e-01	7.65420383e-01
11172           	5.02150112e-02	6.01681424e-02	1.63126375e+00	8.65846885e-01	7.65416863e-01
11173           	5.02386546e-02	6.01874687e-02	1.63130401e+00	8.65890658e-01	7.65413349e-01
11174           	5.02635254e-02	6.02075527e-02	1.63134657e+00	8.65936811e-01	7.65409760e-01
11175           	5.02891549e-02	6.02286524e-02	1.63139178e+00	8.65985044e-01	7.65406734e-01
11176           	5.03155051e-02	6.02505882e-02	1.63143967e+00	8.66035338e-01	7.65404328e-01
11177           	5.03431612e-02	6.02739365e-02	1.63149140e+00	8.66088863e-01	7.65402541e-01
11178           	5.03715969e-02	6.02974486e-02	1.63154560e+00	8.66144399e-01	7.65401205e-01
11179           	5.04001067e-02	6.03209857e-02	1.63160180e+00	8.66201005e-01	7.65400792e-01
11180           	5.04283643e-02	6.03441454e-02	1.63165921e+00	8.66257971e-01	7.65401242e-01
11181           	5.04576908e-02	6.03678655e-02	1.63172067e+00	8.66318025e-01	7.65402644e-01
11182           	5.04864472e-02	6.03904974e-02	1.63178158e+00	8.66377235e-01	7.65404341e-01
11183           	5.05145385e-02	6.04125354e-02	1.63184237e+00	8.66435723e-01	7.65406646e-01
11184           	5.05438637e-02	6.04352019e-02	1.63190718e+00	8.66497455e-01	7.65409728e-01
11185           	5.05715161e-02	6.04560306e-02	1.63196832e+00	8.66555675e-01	7.65412643e-01
11186           	5.05960757e-02	6.04749240e-02	1.63202357e+00	8.66607861e-01	7.65415709e-01
11187           	5.06184267e-02	6.04924305e-02	1.63207441e+00	8.66655631e-01	7.65418778e-01
11188           	5.06418331e-02	6.05108091e-02	1.63212819e+00	8.66705926e-01	7.65422260e-01
11189           	5.06628710e-02	6.05276706e-02	1.63217594e+00	8.66750842e-01	7.65425100e-01
11190           	5.06823565e-02	6.05441959e-02	1.63222021e+00	8.66792463e-01	7.65427751e-01
11191           	5.07030578e-02	6.05622346e-02	1.63226778e+00	8.66836948e-01	7.65430832e-01
11192           	5.07213919e-02	6.05788717e-02	1.63230930e+00	8.66876039e-01	7.65433256e-01
11193           	5.07369387e-02	6.05945976e-02	1.63234474e+00	8.66909307e-01	7.65435429e-01
11194           	5.07532483e-02	6.06119726e-02	1.63238292e+00	8.66944708e-01	7.65438212e-01
11195           	5.07676695e-02	6.06283841e-02	1.63241618e+00	8.66975761e-01	7.65440423e-01
11196           	5.07816609e-02	6.06459001e-02	1.63244973e+00	8.67006524e-01	7.65443202e-01
11197           	5.07949116e-02	6.06632771e-02	1.63248129e+00	8.67035558e-01	7.65445735e-01
11198           	5.08031255e-02	6.06776570e-02	1.63250151e+00	8.67053882e-01	7.65447631e-01
11199           	5.08105068e-02	6.06924697e-02	1.63252129e+00	8.67071150e-01	7.65450136e-01
11200           	5.08163776e-02	6.07059119e-02	1.63253690e+00	8.67084826e-01	7.65452070e-01
11201           	5.08210152e-02	6.07188237e-02	1.63255070e+00	8.67096366e-01	7.65454335e-01
11202           	5.08284211e-02	6.07337786e-02	1.63257127e+00	8.67114057e-01	7.65457215e-01
11203           	5.08287313e-02	6.07423440e-02	1.63257475e+00	8.67116108e-01	7.65458646e-01
11204           	5.08265930e-02	6.07475248e-02	1.63257185e+00	8.67112516e-01	7.65459331e-01
11205           	5.08245610e-02	6.07518558e-02	1.63256899e+00	8.67109055e-01	7.65459933e-01
11206           	5.08205236e-02	6.07530268e-02	1.63256077e+00	8.67100906e-01	7.65459859e-01
11207           	5.08218820e-02	6.07576528e-02	1.63256525e+00	8.67104508e-01	7.65460745e-01
11208           	5.08180190e-02	6.07572702e-02	1.63255730e+00	8.67096667e-01	7.65460629e-01
11209           	5.08084590e-02	6.07519124e-02	1.63253626e+00	8.67076587e-01	7.65459669e-01
11210           	5.07948001e-02	6.07427343e-02	1.63250556e+00	8.67047581e-01	7.65457981e-01
11211           	5.07849505e-02	6.07375537e-02	1.63248329e+00	8.67026594e-01	7.65456693e-01
11212           	5.07680735e-02	6.07269241e-02	1.63244549e+00	8.66990819e-01	7.65454672e-01
11213           	5.07460950e-02	6.07129206e-02	1.63239630e+00	8.66944243e-01	7.65452053e-01
11214           	5.07188984e-02	6.06947122e-02	1.63233512e+00	8.66886460e-01	7.65448663e-01
11215           	5.06918021e-02	6.06792536e-02	1.63227267e+00	8.66828137e-01	7.65444533e-01
11216           	5.06592800e-02	6.06589098e-02	1.63219812e+00	8.66758340e-01	7.65439780e-01
11217           	5.06248907e-02	6.06378489e-02	1.63211646e+00	8.66683123e-01	7.65433341e-01
11218           	5.05892337e-02	6.06140081e-02	1.63203056e+00	8.66604514e-01	7.65426046e-01
11219           	5.05557812e-02	6.05917155e-02	1.63194843e+00	8.66529995e-01	7.65418433e-01
11220           	5.05286970e-02	6.05762847e-02	1.63187314e+00	8.66465265e-01	7.65407871e-01
11221           	5.05084309e-02	6.05640720e-02	1.63181023e+00	8.66413545e-01	7.65396683e-01
11222           	5.04983548e-02	6.05587424e-02	1.63176561e+00	8.66381162e-01	7.65384452e-01
11223           	5.04972310e-02	6.05592891e-02	1.63174275e+00	8.66368606e-01	7.65374144e-01
11224           	5.05140566e-02	6.05743526e-02	1.63175012e+00	8.66389116e-01	7.65361003e-01
11225           	5.05375616e-02	6.05926752e-02	1.63177687e+00	8.66425998e-01	7.65350875e-01
11226           	5.05663131e-02	6.06149433e-02	1.63182096e+00	8.66476792e-01	7.65344165e-01
11227           	5.06110128e-02	6.06495028e-02	1.63189658e+00	8.66559301e-01	7.65337276e-01
11228           	5.06552477e-02	6.06832476e-02	1.63197726e+00	8.66643876e-01	7.65333380e-01
11229           	5.07010637e-02	6.07185573e-02	1.63206579e+00	8.66733960e-01	7.65331833e-01
11230           	5.07462524e-02	6.07534962e-02	1.63215676e+00	8.66824633e-01	7.65332128e-01
11231           	5.07897436e-02	6.07870595e-02	1.63224698e+00	8.66913233e-01	7.65333746e-01
11232           	5.08300527e-02	6.08178649e-02	1.63233248e+00	8.66996291e-01	7.65336186e-01
11233           	5.08687293e-02	6.08475840e-02	1.63241661e+00	8.67077036e-01	7.65339577e-01
11234           	5.09014926e-02	6.08711871e-02	1.63248757e+00	8.67145277e-01	7.65342292e-01
11235           	5.09295725e-02	6.08904287e-02	1.63254856e+00	8.67203855e-01	7.65344710e-01
11236           	5.09539458e-02	6.09060341e-02	1.63260142e+00	8.67254655e-01	7.65346763e-01
11237           	5.09757246e-02	6.09189033e-02	1.63264841e+00	8.67299932e-01	7.65348482e-01
11238           	5.09967357e-02	6.09309856e-02	1.63269461e+00	8.67344039e-01	7.65350567e-01
11239           	5.10159880e-02	6.09407483e-02	1.63273609e+00	8.67384031e-01	7.65352055e-01
11240           	5.10336684e-02	6.09493478e-02	1.63277533e+00	8.67421331e-01	7.65353994e-01
11241           	5.10494478e-02	6.09567177e-02	1.63281242e+00	8.67455659e-01	7.65356763e-01
11242           	5.10626990e-02	6.09624334e-02	1.63284669e+00	8.67486045e-01	7.65360647e-01
11243           	5.10715861e-02	6.09651983e-02	1.63287661e+00	8.67509891e-01	7.65366719e-01
11244           	5.10751101e-02	6.09634837e-02	1.63289708e+00	8.67523648e-01	7.65373428e-01
11245           	5.10718109e-02	6.09564941e-02	1.63290622e+00	8.67524922e-01	7.65381300e-01
11246           	5.10611333e-02	6.09435452e-02	1.63290223e+00	8.67512247e-01	7.65389981e-01
11247           	5.10396271e-02	6.09216243e-02	1.63287962e+00	8.67479435e-01	7.65400181e-01
11248           	5.10100770e-02	6.08923070e-02	1.63283951e+00	8.67429831e-01	7.65409677e-01
11249           	5.09748089e-02	6.08579894e-02	1.63278637e+00	8.67367995e-01	7.65418378e-01
11250           	5.09361731e-02	6.08206671e-02	1.63272426e+00	8.67298301e-01	7.65425955e-01
11251           	5.08908166e-02	6.07776795e-02	1.63264805e+00	8.67214842e-01	7.65433208e-01
11252           	5.08431285e-02	6.07323709e-02	1.63256376e+00	8.67125010e-01	7.65438753e-01
11253           	5.07976168e-02	6.06892460e-02	1.63248116e+00	8.67038199e-01	7.65442966e-01
11254           	5.07552963e-02	6.06493272e-02	1.63240291e+00	8.66956752e-01	7.65446159e-01
11255           	5.07120642e-02	6.06097492e-02	1.63232259e+00	8.66873358e-01	7.65449230e-01
11256           	5.06731776e-02	6.05748919e-02	1.63225014e+00	8.66798245e-01	7.65451890e-01
11257           	5.06345550e-02	6.05405849e-02	1.63217730e+00	8.66723203e-01	7.65454093e-01
11258           	5.06007399e-02	6.05111197e-02	1.63211420e+00	8.66657841e-01	7.65456361e-01
11259           	5.05663940e-02	6.04824472e-02	1.63205050e+00	8.66591642e-01	7.65458854e-01
11260           	5.05353683e-02	6.04568875e-02	1.63199393e+00	8.66532332e-01	7.65461595e-01
11261           	5.05058024e-02	6.04328753e-02	1.63194110e+00	8.66476351e-01	7.65464746e-01
11262           	5.04761460e-02	6.04091272e-02	1.63188900e+00	8.66420648e-01	7.65468356e-01
11263           	5.04451769e-02	6.03846056e-02	1.63183504e+00	8.66362697e-01	7.65472343e-01
11264           	5.04119795e-02	6.03584368e-02	1.63177694e+00	8.66300447e-01	7.65476488e-01
11265           	5.03762683e-02	6.03301692e-02	1.63171351e+00	8.66233023e-01	7.65480486e-01
11266           	5.03383123e-02	6.02997736e-02	1.63164460e+00	8.66160610e-01	7.65483986e-01
11267           	5.02988461e-02	6.02676372e-02	1.63157102e+00	8.66084355e-01	7.65486663e-01
11268           	5.02589006e-02	6.02344400e-02	1.63149435e+00	8.66006073e-01	7.65488272e-01
11269           	5.02196916e-02	6.02011022e-02	1.63141672e+00	8.65928054e-01	7.65488670e-01
11270           	5.01824557e-02	6.01686608e-02	1.63134057e+00	8.65852742e-01	7.65487831e-01
11271           	5.01483232e-02	6.01381425e-02	1.63126832e+00	8.65782483e-01	7.65485837e-01
11272           	5.01182302e-02	6.01104846e-02	1.63120221e+00	8.65719335e-01	7.65482874e-01
11273           	5.00927510e-02	6.00864011e-02	1.63114392e+00	8.65664712e-01	7.65479210e-01
11274           	5.00720822e-02	6.00663145e-02	1.63109440e+00	8.65619283e-01	7.65475119e-01
11275           	5.00562907e-02	6.00504612e-02	1.63105428e+00	8.65583432e-01	7.65470851e-01
11276           	5.00453421e-02	6.00389387e-02	1.63102391e+00	8.65557295e-01	7.65466611e-01
11277           	5.00389696e-02	6.00316081e-02	1.63100305e+00	8.65540496e-01	7.65462557e-01
11278           	5.00367865e-02	6.00281738e-02	1.63099113e+00	8.65532353e-01	7.65458780e-01
11279           	5.00382661e-02	6.00281641e-02	1.63098715e+00	8.65531840e-01	7.65455308e-01
11280           	5.00428954e-02	6.00310889e-02	1.63099003e+00	8.65537909e-01	7.65452118e-01
11281           	5.00501322e-02	6.00364354e-02	1.63099858e+00	8.65549424e-01	7.65449160e-01
11282           	5.00594553e-02	6.00436975e-02	1.63101162e+00	8.65565266e-01	7.65446355e-01
11283           	5.00704550e-02	6.00524521e-02	1.63102811e+00	8.65584511e-01	7.65443601e-01
11284           	5.00829063e-02	6.00624446e-02	1.63104741e+00	8.65606612e-01	7.65440800e-01
11285           	5.00966664e-02	6.00734989e-02	1.63106909e+00	8.65631210e-01	7.65437877e-01
11286           	5.01121061e-02	6.00862301e-02	1.63109558e+00	8.65659895e-01	7.65435683e-01
11287           	5.01287342e-02	6.00994336e-02	1.63112295e+00	8.65690210e-01	7.65432742e-01
11288           	5.01465700e-02	6.01140469e-02	1.63115193e+00	8.65722535e-01	7.65429395e-01
11289           	5.01660219e-02	6.01292271e-02	1.63118274e+00	8.65757393e-01	7.65425349e-01
11290           	5.01871062e-02	6.01458552e-02	1.63121744e+00	8.65795826e-01	7.65421614e-01
11291           	5.02094445e-02	6.01635843e-02	1.63125496e+00	8.65836924e-01	7.65418035e-01
11292           	5.02327697e-02	6.01826557e-02	1.63129440e+00	8.65879968e-01	7.65414429e-01
11293           	5.02573625e-02	6.02025068e-02	1.63133616e+00	8.65925441e-01	7.65410716e-01
11294           	5.02827488e-02	6.02233959e-02	1.63138059e+00	8.65973044e-01	7.65407547e-01
11295           	5.03088506e-02	6.02451147e-02	1.63142767e+00	8.66022688e-01	7.65404986e-01
11296           	5.03362785e-02	6.02682732e-02	1.63147860e+00	8.66075578e-01	7.65403021e-01
11297           	5.03646119e-02	6.02916941e-02	1.63153224e+00	8.66130731e-01	7.65401507e-01
11298           	5.03931343e-02	6.03152440e-02	1.63158812e+00	8.66187197e-01	7.65400928e-01
11299           	5.04214809e-02	6.03384880e-02	1.63164543e+00	8.66244198e-01	7.65401236e-01
11300           	5.04508760e-02	6.03623035e-02	1.63170676e+00	8.66304258e-01	7.65402506e-01
11301           	5.04797167e-02	6.03850480e-02	1.63176763e+00	8.66363532e-01	7.65404098e-01
11302           	5.05078817e-02	6.04071908e-02	1.63182841e+00	8.66422086e-01	7.65406323e-01
11303           	5.05373546e-02	6.04300309e-02	1.63189339e+00	8.66484048e-01	7.65409339e-01
11304           	5.05653560e-02	6.04511800e-02	1.63195515e+00	8.66542930e-01	7.65412218e-01
11305           	5.05903290e-02	6.04704196e-02	1.63201121e+00	8.66595932e-01	7.65415274e-01
11306           	5.06130444e-02	6.04881977e-02	1.63206278e+00	8.66644435e-01	7.65418347e-01
11307           	5.06366633e-02	6.05066831e-02	1.63211700e+00	8.66695163e-01	7.65421837e-01
11308           	5.06578803e-02	6.05235803e-02	1.63216515e+00	8.66740454e-01	7.65424694e-01
11309           	5.06775240e-02	6.05400831e-02	1.63220978e+00	8.66782414e-01	7.65427366e-01
11310           	5.06959021e-02	6.05563863e-02	1.63225150e+00	8.66821651e-01	7.65429847e-01
11311           	5.07155703e-02	6.05742442e-02	1.63229674e+00	8.66863939e-01	7.65432798e-01
11312           	5.07323019e-02	6.05903781e-02	1.63233471e+00	8.66899655e-01	7.65435051e-01
11313           	5.07497343e-02	6.06080876e-02	1.63237523e+00	8.66937348e-01	7.65437880e-01
11314           	5.07663877e-02	6.06255756e-02	1.63241347e+00	8.66973121e-01	7.65440346e-01
11315           	5.07789238e-02	6.06413491e-02	1.63244265e+00	8.67000247e-01	7.65442400e-01
11316           	5.07911281e-02	6.06582274e-02	1.63247255e+00	8.67027403e-01	7.65445147e-01
11317           	5.08012102e-02	6.06737934e-02	1.63249717e+00	8.67049797e-01	7.65447376e-01
11318           	5.08098576e-02	6.06894569e-02	1.63251991e+00	8.67069814e-01	7.65450099e-01
11319           	5.08178614e-02	6.07047363e-02	1.63254075e+00	8.67088238e-01	7.65452515e-01
11320           	5.08207654e-02	6.07158973e-02	1.63254953e+00	8.67095533e-01	7.65454002e-01
11321           	5.08230324e-02	6.07268195e-02	1.63255789e+00	8.67101980e-01	7.65455915e-01
11322           	5.08242673e-02	6.07358846e-02	1.63256268e+00	8.67105606e-01	7.65457071e-01
11323           	5.08243096e-02	6.07435566e-02	1.63256548e+00	8.67107050e-01	7.65458431e-01
11324           	5.08284448e-02	6.07535534e-02	1.63257773e+00	8.67117308e-01	7.65460418e-01
11325           	5.08249597e-02	6.07562038e-02	1.63257174e+00	8.67110831e-01	7.65460912e-01
11326           	5.08189460e-02	6.07552062e-02	1.63255915e+00	8.67098520e-01	7.65460628e-01
11327           	5.08164322e-02	6.07560087e-02	1.63255409e+00	8.67093479e-01	7.65460614e-01
11328           	5.08074633e-02	6.07504620e-02	1.63253364e+00	8.67074284e-01	7.65459358e-01
11329           	5.07957063e-02	6.07429257e-02	1.63250792e+00	8.67049664e-01	7.65458251e-01
11330           	5.07864139e-02	6.07380072e-02	1.63248712e+00	8.67029973e-01	7.65457145e-01
11331           	5.07727126e-02	6.07299300e-02	1.63245589e+00	8.67000657e-01	7.65455231e-01
11332           	5.07561654e-02	6.07206916e-02	1.63241881e+00	8.66965570e-01	7.65453239e-01
11333           	5.07314978e-02	6.07051005e-02	1.63236386e+00	8.66913429e-01	7.65450434e-01
11334           	5.07015799e-02	6.06850740e-02	1.63229658e+00	8.66849868e-01	7.65446709e-01
11335           	5.06706450e-02	6.06665382e-02	1.63222483e+00	8.66783062e-01	7.65441772e-01
11336           	5.06357204e-02	6.06442662e-02	1.63214395e+00	8.66707694e-01	7.65436253e-01
11337           	5.05999281e-02	6.06220914e-02	1.63205727e+00	8.66628564e-01	7.65428708e-01
11338           	5.05650680e-02	6.05996092e-02	1.63197098e+00	8.66550559e-01	7.65420423e-01
11339           	5.05343855e-02	6.05797770e-02	1.63189086e+00	8.66479815e-01	7.65411044e-01
11340           	5.05100447e-02	6.05630476e-02	1.63182185e+00	8.66420968e-01	7.65400879e-01
11341           	5.04979857e-02	6.05571815e-02	1.63177114e+00	8.66383555e-01	7.65387584e-01
11342           	5.04954097e-02	6.05569557e-02	1.63174300e+00	8.66366911e-01	7.65376092e-01
11343           	5.05052000e-02	6.05660808e-02	1.63173991e+00	8.66375156e-01	7.65364756e-01
11344           	5.05228603e-02	6.05799034e-02	1.63175631e+00	8.66401014e-01	7.65355294e-01
11345           	5.05617516e-02	6.06109636e-02	1.63181284e+00	8.66468173e-01	7.65344670e-01
11346           	5.06020453e-02	6.06420677e-02	1.63187920e+00	8.66541647e-01	7.65337556e-01
11347           	5.06424381e-02	6.06735675e-02	1.63195303e+00	8.66618954e-01	7.65334078e-01
11348           	5.06915745e-02	6.07121942e-02	1.63204721e+00	8.66715178e-01	7.65332029e-01
11349           	5.07353713e-02	6.07462410e-02	1.63213496e+00	8.66802850e-01	7.65332107e-01
11350           	5.07868779e-02	6.07859880e-02	1.63224045e+00	8.66907104e-01	7.65333348e-01
11351           	5.08299023e-02	6.08188620e-02	1.63233160e+00	8.66995702e-01	7.65335898e-01
11352           	5.08669508e-02	6.08467737e-02	1.63241261e+00	8.67073254e-01	7.65339353e-01
11353           	5.08985565e-02	6.08696448e-02	1.63248181e+00	8.67139461e-01	7.65342348e-01
11354           	5.09251344e-02	6.08879086e-02	1.63254108e+00	8.67195673e-01	7.65345404e-01
11355           	5.09477081e-02	6.09020790e-02	1.63259014e+00	8.67242778e-01	7.65347362e-01
11356           	5.09679694e-02	6.09138416e-02	1.63263445e+00	8.67285192e-01	7.65349254e-01
11357           	5.09867463e-02	6.09236305e-02	1.63267409e+00	8.67323791e-01	7.65350299e-01
11358           	5.10050624e-02	6.09329059e-02	1.63271381e+00	8.67361970e-01	7.65351845e-01
11359           	5.10226781e-02	6.09412524e-02	1.63275200e+00	8.67398679e-01	7.65353323e-01
11360           	5.10394864e-02	6.09494252e-02	1.63279121e+00	8.67435093e-01	7.65356120e-01
11361           	5.10543359e-02	6.09561002e-02	1.63282795e+00	8.67468310e-01	7.65359638e-01
11362           	5.10661789e-02	6.09611774e-02	1.63286237e+00	8.67497366e-01	7.65365008e-01
11363           	5.10729492e-02	6.09622610e-02	1.63288873e+00	8.67517312e-01	7.65371414e-01
11364           	5.10730510e-02	6.09585014e-02	1.63290521e+00	8.67525657e-01	7.65379555e-01
11365           	5.10648057e-02	6.09476388e-02	1.63290627e+00	8.67517940e-01	7.65388329e-01
11366           	5.10477965e-02	6.09297083e-02	1.63289170e+00	8.67493646e-01	7.65398053e-01
11367           	5.10218808e-02	6.09037736e-02	1.63285871e+00	8.67451236e-01	7.65407474e-01
11368           	5.09880415e-02	6.08711458e-02	1.63280971e+00	8.67392894e-01	7.65416811e-01
11369           	5.09477900e-02	6.08323928e-02	1.63274542e+00	8.67320500e-01	7.65424920e-01
11370           	5.09032637e-02	6.07901323e-02	1.63267109e+00	8.67238809e-01	7.65432282e-01
11371           	5.08563760e-02	6.07453306e-02	1.63258878e+00	8.67150764e-01	7.65438012e-01
11372           	5.08090725e-02	6.07008045e-02	1.63250405e+00	8.67061098e-01	7.65442953e-01
11373           	5.07626415e-02	6.06569048e-02	1.63241817e+00	8.66971729e-01	7.65446446e-01
11374           	5.07183683e-02	6.06159983e-02	1.63233582e+00	8.66886278e-01	7.65449542e-01
11375           	5.06767227e-02	6.05776629e-02	1.63225685e+00	8.66805146e-01	7.65451701e-01
11376           	5.06382916e-02	6.05435679e-02	1.63218457e+00	8.66730579e-01	7.65453995e-01
11377           	5.06027705e-02	6.05124417e-02	1.63211743e+00	8.66661484e-01	7.65455943e-01
11378           	5.05723744e-02	6.04863147e-02	1.63206091e+00	8.66602827e-01	7.65458078e-01
11379           	5.05411541e-02	6.04608702e-02	1.63200354e+00	8.66542922e-01	7.65460614e-01
11380           	5.05122907e-02	6.04377233e-02	1.63195182e+00	8.66488199e-01	7.65463617e-01
11381           	5.04837905e-02	6.04151551e-02	1.63190190e+00	8.66434742e-01	7.65467161e-01
11382           	5.04541408e-02	6.03918683e-02	1.63185065e+00	8.66379464e-01	7.65471182e-01
11383           	5.04221690e-02	6.03667995e-02	1.63179528e+00	8.66319811e-01	7.65475473e-01
11384           	5.03873564e-02	6.03393396e-02	1.63173415e+00	8.66254433e-01	7.65479720e-01
11385           	5.03498486e-02	6.03093877e-02	1.63166679e+00	8.66183244e-01	7.65483547e-01
11386           	5.03103031e-02	6.02772854e-02	1.63159380e+00	8.66107203e-01	7.65486597e-01
11387           	5.02697879e-02	6.02437491e-02	1.63151673e+00	8.66028155e-01	7.65488579e-01
11388           	5.02295810e-02	6.02097355e-02	1.63143779e+00	8.65948475e-01	7.65489313e-01
11389           	5.01910360e-02	6.01763591e-02	1.63135956e+00	8.65870818e-01	7.65488746e-01
11390           	5.01554155e-02	6.01447389e-02	1.63128472e+00	8.65797776e-01	7.65486945e-01
11391           	5.01238102e-02	6.01159098e-02	1.63121578e+00	8.65731702e-01	7.65484082e-01
11392           	5.00969212e-02	6.00906712e-02	1.63115470e+00	8.65674272e-01	7.65480429e-01
11393           	5.00750200e-02	6.00695117e-02	1.63110261e+00	8.65626325e-01	7.65476285e-01
11394           	5.00581738e-02	6.00526856e-02	1.63106019e+00	8.65588268e-01	7.65471921e-01
11395           	5.00463353e-02	6.00402885e-02	1.63102781e+00	8.65560238e-01	7.65467567e-01
11396           	5.00392406e-02	6.00322004e-02	1.63100529e+00	8.65541884e-01	7.65463403e-01
11397           	5.00364684e-02	6.00281194e-02	1.63099201e+00	8.65532476e-01	7.65459539e-01
11398           	5.00374684e-02	6.00275727e-02	1.63098697e+00	8.65530952e-01	7.65456015e-01
11399           	5.00416833e-02	6.00300455e-02	1.63098899e+00	8.65536180e-01	7.65452813e-01
11400           	5.00485521e-02	6.00350182e-02	1.63099687e+00	8.65546988e-01	7.65449883e-01
11401           	5.00575289e-02	6.00419695e-02	1.63100935e+00	8.65562203e-01	7.65447145e-01
11402           	5.00681567e-02	6.00504362e-02	1.63102528e+00	8.65580798e-01	7.65444484e-01
11403           	5.00802027e-02	6.00601492e-02	1.63104398e+00	8.65602192e-01	7.65441787e-01
11404           	5.00935196e-02	6.00709172e-02	1.63106497e+00	8.65626003e-01	7.65438964e-01
11405           	5.01084495e-02	6.00832964e-02	1.63109058e+00	8.65653741e-01	7.65436842e-01
11406           	5.01245337e-02	6.00961184e-02	1.63111698e+00	8.65683022e-01	7.65433955e-01
11407           	5.01418198e-02	6.01103366e-02	1.63114489e+00	8.65714265e-01	7.65430626e-01
11408           	5.01607571e-02	6.01251380e-02	1.63117461e+00	8.65748061e-01	7.65426547e-01
11409           	5.01814423e-02	6.01414342e-02	1.63120838e+00	8.65785633e-01	7.65422748e-01
11410           	5.02034642e-02	6.01588662e-02	1.63124508e+00	8.65826006e-01	7.65419078e-01
11411           	5.02265285e-02	6.01776572e-02	1.63128373e+00	8.65868391e-01	7.65415334e-01
11412           	5.02509099e-02	6.01972609e-02	1.63132477e+00	8.65913296e-01	7.65411476e-01
11413           	5.02761236e-02	6.02179319e-02	1.63136856e+00	8.65960402e-01	7.65408155e-01
11414           	5.03020626e-02	6.02394555e-02	1.63141503e+00	8.66009575e-01	7.65405450e-01
11415           	5.03293340e-02	6.02624456e-02	1.63146531e+00	8.66061991e-01	7.65403323e-01
11416           	5.03575950e-02	6.02857950e-02	1.63151852e+00	8.66116856e-01	7.65401666e-01
11417           	5.03861127e-02	6.03093579e-02	1.63157415e+00	8.66173188e-01	7.65400963e-01
11418           	5.04145043e-02	6.03326783e-02	1.63163134e+00	8.66230174e-01	7.65401165e-01
11419           	5.04439212e-02	6.03565867e-02	1.63169251e+00	8.66290175e-01	7.65402333e-01
11420           	5.04727974e-02	6.03794482e-02	1.63175329e+00	8.66349440e-01	7.65403846e-01
11421           	5.05009944e-02	6.04017007e-02	1.63181399e+00	8.66407989e-01	7.65406000e-01
11422           	5.05305418e-02	6.04246819e-02	1.63187897e+00	8.66470026e-01	7.65408943e-01
11423           	5.05588134e-02	6.04461151e-02	1.63194116e+00	8.66529395e-01	7.65411769e-01
11424           	5.05841854e-02	6.04657034e-02	1.63199793e+00	8.66583151e-01	7.65414781e-01
11425           	5.06072827e-02	6.04837671e-02	1.63205020e+00	8.66632382e-01	7.65417816e-01
11426           	5.06311400e-02	6.05023678e-02	1.63210481e+00	8.66683544e-01	7.65421264e-01
11427           	5.06525501e-02	6.05192983e-02	1.63215329e+00	8.66729196e-01	7.65424095e-01
11428           	5.06723563e-02	6.05357645e-02	1.63219822e+00	8.66771468e-01	7.65426755e-01
11429           	5.06909775e-02	6.05520616e-02	1.63224043e+00	8.66811190e-01	7.65429235e-01
11430           	5.07109631e-02	6.05699244e-02	1.63228629e+00	8.66854106e-01	7.65432180e-01
11431           	5.07280481e-02	6.05860924e-02	1.63232499e+00	8.66890542e-01	7.65434446e-01
11432           	5.07458242e-02	6.06038044e-02	1.63236621e+00	8.66928931e-01	7.65437283e-01
11433           	5.07628269e-02	6.06213100e-02	1.63240519e+00	8.66965420e-01	7.65439766e-01
11434           	5.07757210e-02	6.06371632e-02	1.63243515e+00	8.66993296e-01	7.65441854e-01
11435           	5.07883407e-02	6.06541819e-02	1.63246594e+00	8.67021311e-01	7.65444630e-01
11436           	5.07988348e-02	6.06699283e-02	1.63249147e+00	8.67044568e-01	7.65446898e-01
11437           	5.08078737e-02	6.06858010e-02	1.63251507e+00	8.67065407e-01	7.65449660e-01
11438           	5.08162664e-02	6.07013549e-02	1.63253680e+00	8.67084667e-01	7.65452134e-01
11439           	5.08195309e-02	6.07128462e-02	1.63254643e+00	8.67092745e-01	7.65453684e-01
11440           	5.08221568e-02	6.07241449e-02	1.63255562e+00	8.67099967e-01	7.65455653e-01
11441           	5.08237544e-02	6.07336497e-02	1.63256125e+00	8.67104380e-01	7.65456871e-01
11442           	5.08241615e-02	6.07417966e-02	1.63256489e+00	8.67106608e-01	7.65458285e-01
11443           	5.08285905e-02	6.07522423e-02	1.63257785e+00	8.67117518e-01	7.65460337e-01
11444           	5.08254046e-02	6.07553497e-02	1.63257259e+00	8.67111699e-01	7.65460890e-01
11445           	5.08197120e-02	6.07548255e-02	1.63256077e+00	8.67100095e-01	7.65460671e-01
11446           	5.08174968e-02	6.07560467e-02	1.63255646e+00	8.67095724e-01	7.65460731e-01
11447           	5.08089900e-02	6.07510179e-02	1.63253706e+00	8.67077519e-01	7.65459539e-01
11448           	5.07978298e-02	6.07440394e-02	1.63251263e+00	8.67054144e-01	7.65458484e-01
11449           	5.07892570e-02	6.07396570e-02	1.63249343e+00	8.67035972e-01	7.65457458e-01
11450           	5.07764323e-02	6.07321817e-02	1.63246418e+00	8.67008520e-01	7.65455656e-01
11451           	5.07609184e-02	6.07236012e-02	1.63242949e+00	8.66975662e-01	7.65453825e-01
11452           	5.07372464e-02	6.07086563e-02	1.63237689e+00	8.66925691e-01	7.65451198e-01
11453           	5.07082935e-02	6.06892829e-02	1.63231195e+00	8.66864270e-01	7.65447683e-01
11454           	5.06783949e-02	6.06714382e-02	1.63224291e+00	8.66799848e-01	7.65443058e-01
11455           	5.06440304e-02	6.06495592e-02	1.63216376e+00	8.66725910e-01	7.65437849e-01
11456           	5.06083352e-02	6.06274821e-02	1.63207801e+00	8.66647342e-01	7.65430671e-01
11457           	5.05728592e-02	6.06046005e-02	1.63199114e+00	8.66568430e-01	7.65422712e-01
11458           	5.05409098e-02	6.05839037e-02	1.63190904e+00	8.66495428e-01	7.65413608e-01
11459           	5.05147121e-02	6.05658741e-02	1.63183665e+00	8.66433038e-01	7.65403614e-01
11460           	5.05000528e-02	6.05582130e-02	1.63178100e+00	8.66390555e-01	7.65390449e-01
11461           	5.04947716e-02	6.05560622e-02	1.63174738e+00	8.66368460e-01	7.65378917e-01
11462           	5.05018024e-02	6.05632126e-02	1.63173842e+00	8.66371011e-01	7.65367406e-01
11463           	5.05170129e-02	6.05752228e-02	1.63174933e+00	8.66391676e-01	7.65357651e-01
11464           	5.05533996e-02	6.06044590e-02	1.63179990e+00	8.66453348e-01	7.65346549e-01
11465           	5.05918152e-02	6.06341092e-02	1.63186154e+00	8.66522587e-01	7.65338957e-01
11466           	5.06310548e-02	6.06646723e-02	1.63193214e+00	8.66597126e-01	7.65335017e-01
11467           	5.06800747e-02	6.07031829e-02	1.63202500e+00	8.66692573e-01	7.65332424e-01
11468           	5.07241762e-02	6.07374748e-02	1.63211253e+00	8.66780440e-01	7.65332087e-01
11469           	5.07762451e-02	6.07777222e-02	1.63221846e+00	8.66885477e-01	7.65332987e-01
11470           	5.08202673e-02	6.08114754e-02	1.63231115e+00	8.66975842e-01	7.65335308e-01
11471           	5.08587352e-02	6.08406230e-02	1.63239484e+00	8.67056154e-01	7.65338684e-01
11472           	5.08916640e-02	6.08647138e-02	1.63246673e+00	8.67125029e-01	7.65341701e-01
11473           	5.09193547e-02	6.08840409e-02	1.63252841e+00	8.67183561e-01	7.65344852e-01
11474           	5.09427165e-02	6.08990279e-02	1.63257931e+00	8.67232371e-01	7.65346938e-01
11475           	5.09634295e-02	6.09113126e-02	1.63262474e+00	8.67275799e-01	7.65348940e-01
11476           	5.09824304e-02	6.09214040e-02	1.63266494e+00	8.67314899e-01	7.65350038e-01
11477           	5.10008677e-02	6.09308371e-02	1.63270484e+00	8.67353288e-01	7.65351553e-01
11478           	5.10186231e-02	6.09392957e-02	1.63274305e+00	8.67390149e-01	7.65352903e-01
11479           	5.10357002e-02	6.09476155e-02	1.63278236e+00	8.67426879e-01	7.65355479e-01
11480           	5.10510584e-02	6.09545999e-02	1.63281951e+00	8.67460815e-01	7.65358699e-01
11481           	5.10637807e-02	6.09602755e-02	1.63285503e+00	8.67491296e-01	7.65363735e-01
11482           	5.10718643e-02	6.09623298e-02	1.63288333e+00	8.67513531e-01	7.65369802e-01
11483           	5.10737146e-02	6.09599569e-02	1.63290273e+00	8.67525081e-01	7.65377652e-01
11484           	5.10674874e-02	6.09507551e-02	1.63290740e+00	8.67521187e-01	7.65386213e-01
11485           	5.10525965e-02	6.09346207e-02	1.63289688e+00	8.67501038e-01	7.65395845e-01
11486           	5.10287031e-02	6.09104454e-02	1.63286800e+00	8.67462702e-01	7.65405296e-01
11487           	5.09966218e-02	6.08793743e-02	1.63282280e+00	8.67408020e-01	7.65414777e-01
11488           	5.09577171e-02	6.08418428e-02	1.63276167e+00	8.67338554e-01	7.65423120e-01
11489           	5.09140567e-02	6.08003651e-02	1.63268964e+00	8.67258878e-01	7.65430764e-01
11490           	5.08675477e-02	6.07558921e-02	1.63260867e+00	8.67171880e-01	7.65436785e-01
11491           	5.08202022e-02	6.07112728e-02	1.63252439e+00	8.67082399e-01	7.65441995e-01
11492           	5.07734444e-02	6.06669899e-02	1.63243832e+00	8.66992606e-01	7.65445717e-01
11493           	5.07286084e-02	6.06254407e-02	1.63235519e+00	8.66906202e-01	7.65448985e-01
11494           	5.06862760e-02	6.05863142e-02	1.63227504e+00	8.66823798e-01	7.65451246e-01
11495           	5.06471022e-02	6.05513558e-02	1.63220135e+00	8.66747779e-01	7.65453574e-01
11496           	5.06108870e-02	6.05194141e-02	1.63213276e+00	8.66677266e-01	7.65455492e-01
11497           	5.05799778e-02	6.04926713e-02	1.63207507e+00	8.66617512e-01	7.65457556e-01
11498           	5.05483479e-02	6.04667147e-02	1.63201667e+00	8.66556684e-01	7.65459989e-01
11499           	5.05193081e-02	6.04433146e-02	1.63196440e+00	8.66501506e-01	7.65462890e-01
11500           	5.04908688e-02	6.04207405e-02	1.63191442e+00	8.66448080e-01	7.65466342e-01
11501           	5.04615003e-02	6.03976651e-02	1.63186360e+00	8.66393303e-01	7.65470302e-01
11502           	5.04299915e-02	6.03729891e-02	1.63180915e+00	8.66334566e-01	7.65474583e-01
11503           	5.03957021e-02	6.03460067e-02	1.63174917e+00	8.66270289e-01	7.65478885e-01
11504           	5.03586822e-02	6.03165365e-02	1.63168304e+00	8.66200204e-01	7.65482840e-01
11505           	5.03194748e-02	6.02848177e-02	1.63161112e+00	8.66125036e-01	7.65486086e-01
11506           	5.02790788e-02	6.02515069e-02	1.63153479e+00	8.66046472e-01	7.65488314e-01
11507           	5.02387112e-02	6.02175018e-02	1.63145607e+00	8.65966748e-01	7.65489326e-01
11508           	5.01997125e-02	6.01838897e-02	1.63137751e+00	8.65888466e-01	7.65489041e-01
11509           	5.01633669e-02	6.01517996e-02	1.63130174e+00	8.65814235e-01	7.65487502e-01
11510           	5.01308229e-02	6.01222924e-02	1.63123135e+00	8.65746499e-01	7.65484854e-01
11511           	5.01028494e-02	6.00962149e-02	1.63116841e+00	8.65687054e-01	7.65481356e-01
11512           	5.00798167e-02	6.00741280e-02	1.63111424e+00	8.65636938e-01	7.65477305e-01
11513           	5.00618161e-02	6.00563229e-02	1.63106959e+00	8.65596611e-01	7.65472979e-01
11514           	5.00488266e-02	6.00429218e-02	1.63103489e+00	8.65566272e-01	7.65468619e-01
11515           	5.00406525e-02	6.00338665e-02	1.63101013e+00	8.65545716e-01	7.65464411e-01
11516           	5.00368984e-02	6.00288856e-02	1.63099477e+00	8.65534282e-01	7.65460485e-01
11517           	5.00370461e-02	6.00275463e-02	1.63098788e+00	8.65530987e-01	7.65456894e-01
11518           	5.00405282e-02	6.00293330e-02	1.63098832e+00	8.65534688e-01	7.65453631e-01
11519           	5.00468016e-02	6.00337413e-02	1.63099491e+00	8.65544255e-01	7.65450652e-01
11520           	5.00553005e-02	6.00402368e-02	1.63100636e+00	8.65558482e-01	7.65447881e-01
11521           	5.00655429e-02	6.00483422e-02	1.63102151e+00	8.65576297e-01	7.65445211e-01
11522           	5.00772497e-02	6.00577490e-02	1.63103955e+00	8.65597025e-01	7.65442526e-01
11523           	5.00902625e-02	6.00682567e-02	1.63105998e+00	8.65620255e-01	7.65439730e-01
11524           	5.01045358e-02	6.00797785e-02	1.63108258e+00	8.65645827e-01	7.65436756e-01
11525           	5.01205504e-02	6.00930279e-02	1.63111001e+00	8.65675555e-01	7.65434454e-01
11526           	5.01378299e-02	6.01067962e-02	1.63113840e+00	8.65707031e-01	7.65431371e-01
11527           	5.01563080e-02	6.01219522e-02	1.63116836e+00	8.65740486e-01	7.65427870e-01
11528           	5.01764642e-02	6.01377321e-02	1.63120029e+00	8.65776609e-01	7.65423681e-01
11529           	5.01981870e-02	6.01549224e-02	1.63123613e+00	8.65816254e-01	7.65419880e-01
11530           	5.02211076e-02	6.01731714e-02	1.63127482e+00	8.65858518e-01	7.65416303e-01
11531           	5.02450427e-02	6.01927504e-02	1.63131561e+00	8.65902846e-01	7.65412760e-01
11532           	5.02702346e-02	6.02130956e-02	1.63135888e+00	8.65949677e-01	7.65409208e-01
11533           	5.02962106e-02	6.02344515e-02	1.63140497e+00	8.65998693e-01	7.65406272e-01
11534           	5.03229482e-02	6.02566556e-02	1.63145391e+00	8.66049903e-01	7.65404007e-01
11535           	5.03509944e-02	6.02802332e-02	1.63150681e+00	8.66104401e-01	7.65402412e-01
11536           	5.03796691e-02	6.03038597e-02	1.63156196e+00	8.66160648e-01	7.65401310e-01
11537           	5.04082662e-02	6.03273915e-02	1.63161882e+00	8.66217677e-01	7.65401144e-01
11538           	5.04364968e-02	6.03504626e-02	1.63167666e+00	8.66274826e-01	7.65401833e-01
11539           	5.04658164e-02	6.03740949e-02	1.63173857e+00	8.66335100e-01	7.65403468e-01
11540           	5.04945364e-02	6.03966541e-02	1.63179984e+00	8.66394455e-01	7.65405382e-01
11541           	5.05225503e-02	6.04186126e-02	1.63186082e+00	8.66452959e-01	7.65407858e-01
11542           	5.05516378e-02	6.04410686e-02	1.63192542e+00	8.66514347e-01	7.65411071e-01
11543           	5.05788268e-02	6.04615459e-02	1.63198579e+00	8.66571723e-01	7.65414070e-01
11544           	5.06028483e-02	6.04800600e-02	1.63204002e+00	8.66622857e-01	7.65417161e-01
11545           	5.06247513e-02	6.04972926e-02	1.63208993e+00	8.66669719e-01	7.65420216e-01
11546           	5.06478346e-02	6.05155278e-02	1.63214297e+00	8.66719318e-01	7.65423648e-01
11547           	5.06685682e-02	6.05323042e-02	1.63218998e+00	8.66763560e-01	7.65426424e-01
11548           	5.06877337e-02	6.05487644e-02	1.63223344e+00	8.66804455e-01	7.65428987e-01
11549           	5.07080275e-02	6.05666997e-02	1.63228000e+00	8.66848028e-01	7.65431973e-01
11550           	5.07259213e-02	6.05832282e-02	1.63232047e+00	8.66886154e-01	7.65434311e-01
11551           	5.07411174e-02	6.05989293e-02	1.63235504e+00	8.66918640e-01	7.65436405e-01
11552           	5.07571131e-02	6.06163318e-02	1.63239252e+00	8.66953372e-01	7.65439146e-01
11553           	5.07712222e-02	6.06327687e-02	1.63242511e+00	8.66983777e-01	7.65441332e-01
11554           	5.07848268e-02	6.06502309e-02	1.63245787e+00	8.67013761e-01	7.65444108e-01
11555           	5.07975941e-02	6.06674610e-02	1.63248852e+00	8.67041856e-01	7.65446667e-01
11556           	5.08053076e-02	6.06815927e-02	1.63250776e+00	8.67059189e-01	7.65448574e-01
11557           	5.08122553e-02	6.06961474e-02	1.63252670e+00	8.67075605e-01	7.65451094e-01
11558           	5.08177187e-02	6.07092856e-02	1.63254150e+00	8.67088469e-01	7.65453032e-01
11559           	5.08219378e-02	6.07217964e-02	1.63255441e+00	8.67099144e-01	7.65455268e-01
11560           	5.08289854e-02	6.07363328e-02	1.63257419e+00	8.67116082e-01	7.65458111e-01
11561           	5.08288780e-02	6.07443624e-02	1.63257672e+00	8.67117237e-01	7.65459481e-01
11562           	5.08263049e-02	6.07489495e-02	1.63257278e+00	8.67112695e-01	7.65460086e-01
11563           	5.08239030e-02	6.07527186e-02	1.63256897e+00	8.67108389e-01	7.65460583e-01
11564           	5.08195038e-02	6.07533408e-02	1.63255978e+00	8.67099394e-01	7.65460386e-01
11565           	5.08205191e-02	6.07574905e-02	1.63256330e+00	8.67102167e-01	7.65461128e-01
11566           	5.08161526e-02	6.07565515e-02	1.63255401e+00	8.67093157e-01	7.65460852e-01
11567           	5.08059737e-02	6.07505904e-02	1.63253147e+00	8.67071706e-01	7.65459759e-01
11568           	5.07915331e-02	6.07407457e-02	1.63249898e+00	8.67041023e-01	7.65457957e-01
11569           	5.07807023e-02	6.07349131e-02	1.63247447e+00	8.67017937e-01	7.65456532e-01
11570           	5.07626777e-02	6.07235218e-02	1.63243410e+00	8.66979729e-01	7.65454373e-01
11571           	5.07394111e-02	6.07086480e-02	1.63238201e+00	8.66930418e-01	7.65451596e-01
11572           	5.07110006e-02	6.06896164e-02	1.63231804e+00	8.66870020e-01	7.65448018e-01
11573           	5.06824576e-02	6.06731959e-02	1.63225208e+00	8.66808496e-01	7.65443581e-01
11574           	5.06490501e-02	6.06522536e-02	1.63217511e+00	8.66736604e-01	7.65438504e-01
11575           	5.06142251e-02	6.06308802e-02	1.63209178e+00	8.66660115e-01	7.65431665e-01
11576           	5.05789689e-02	6.06072974e-02	1.63200595e+00	8.66581944e-01	7.65424006e-01
11577           	5.05466809e-02	6.05857885e-02	1.63192550e+00	8.66509433e-01	7.65416071e-01
11578           	5.05216864e-02	6.05717722e-02	1.63185365e+00	8.66448512e-01	7.65405139e-01
11579           	5.05041121e-02	6.05614375e-02	1.63179569e+00	8.66401958e-01	7.65393734e-01
11580           	5.04972753e-02	6.05583818e-02	1.63175738e+00	8.66375964e-01	7.65381413e-01
11581           	5.04993703e-02	6.05612467e-02	1.63174116e+00	8.66369952e-01	7.65371211e-01
11582           	5.05198941e-02	6.05789164e-02	1.63175651e+00	8.66398151e-01	7.65358363e-01
11583           	5.05462674e-02	6.05993009e-02	1.63178996e+00	8.66441246e-01	7.65348711e-01
11584           	5.05772151e-02	6.06232548e-02	1.63183951e+00	8.66496972e-01	7.65342542e-01
11585           	5.06241234e-02	6.06595398e-02	1.63192081e+00	8.66584527e-01	7.65336281e-01
11586           	5.06722822e-02	6.06969548e-02	1.63201063e+00	8.66677596e-01	7.65333032e-01
11587           	5.07192112e-02	6.07333824e-02	1.63210225e+00	8.66770335e-01	7.65331912e-01
11588           	5.07638504e-02	6.07673756e-02	1.63219282e+00	8.66860262e-01	7.65332561e-01
11589           	5.08053130e-02	6.07990976e-02	1.63228002e+00	8.66945321e-01	7.65334695e-01
11590           	5.08425678e-02	6.08272557e-02	1.63236015e+00	8.67022644e-01	7.65337509e-01
11591           	5.08755735e-02	6.08515860e-02	1.63243219e+00	8.67091667e-01	7.65340520e-01
11592           	5.09045759e-02	6.08721265e-02	1.63249587e+00	8.67152509e-01	7.65343357e-01
11593           	5.09318815e-02	6.08912138e-02	1.63255654e+00	8.67210149e-01	7.65346386e-01
11594           	5.09560467e-02	6.09062942e-02	1.63260845e+00	8.67260272e-01	7.65348178e-01
11595           	5.09783218e-02	6.09193642e-02	1.63265585e+00	8.67306245e-01	7.65349601e-01
11596           	5.09992664e-02	6.09309936e-02	1.63270045e+00	8.67349489e-01	7.65350956e-01
11597           	5.10190404e-02	6.09414512e-02	1.63274323e+00	8.67390658e-01	7.65352577e-01
11598           	5.10378765e-02	6.09514116e-02	1.63278664e+00	8.67431197e-01	7.65355444e-01
11599           	5.10543979e-02	6.09592259e-02	1.63282584e+00	8.67467317e-01	7.65358521e-01
11600           	5.10676130e-02	6.09649129e-02	1.63286081e+00	8.67498018e-01	7.65362792e-01
11601           	5.10762899e-02	6.09674322e-02	1.63288932e+00	8.67520951e-01	7.65368371e-01
11602           	5.10775036e-02	6.09643602e-02	1.63290746e+00	8.67531231e-01	7.65376224e-01
11603           	5.10710790e-02	6.09547074e-02	1.63291115e+00	8.67526656e-01	7.65384498e-01
11604           	5.10565836e-02	6.09384690e-02	1.63290000e+00	8.67506582e-01	7.65393415e-01
11605           	5.10345837e-02	6.09159195e-02	1.63287415e+00	8.67471659e-01	7.65402491e-01
11606           	5.10017710e-02	6.08842036e-02	1.63282836e+00	8.67415950e-01	7.65412408e-01
11607           	5.09623425e-02	6.08461678e-02	1.63276687e+00	8.67345778e-01	7.65421093e-01
11608           	5.09200720e-02	6.08055885e-02	1.63269726e+00	8.67268701e-01	7.65428557e-01
11609           	5.08773527e-02	6.07645913e-02	1.63262411e+00	8.67189408e-01	7.65434703e-01
11610           	5.08303934e-02	6.07203300e-02	1.63254161e+00	8.67101200e-01	7.65440413e-01
11611           	5.07830302e-02	6.06756905e-02	1.63245522e+00	8.67010640e-01	7.65444579e-01
11612           	5.07393663e-02	6.06347786e-02	1.63237411e+00	8.66926421e-01	7.65447688e-01
11613           	5.06998435e-02	6.05981147e-02	1.63229988e+00	8.66849786e-01	7.65450098e-01
11614           	5.06635653e-02	6.05650825e-02	1.63223157e+00	8.66779350e-01	7.65452219e-01
11615           	5.06266782e-02	6.05332413e-02	1.63216308e+00	8.66708219e-01	7.65454863e-01
11616           	5.05907431e-02	6.05028944e-02	1.63209603e+00	8.66638756e-01	7.65457270e-01
11617           	5.05579130e-02	6.04757642e-02	1.63203571e+00	8.66575767e-01	7.65459941e-01
11618           	5.05273844e-02	6.04508780e-02	1.63198070e+00	8.66517732e-01	7.65462963e-01
11619           	5.04977240e-02	6.04269078e-02	1.63192822e+00	8.66461832e-01	7.65466384e-01
11620           	5.04675812e-02	6.04027008e-02	1.63187554e+00	8.66405350e-01	7.65470187e-01
11621           	5.04358182e-02	6.03773244e-02	1.63182014e+00	8.66345887e-01	7.65474251e-01
11622           	5.04016961e-02	6.03501103e-02	1.63176006e+00	8.66281727e-01	7.65478335e-01
11623           	5.03651417e-02	6.03208524e-02	1.63169454e+00	8.66212412e-01	7.65482128e-01
11624           	5.03265516e-02	6.02896895e-02	1.63162370e+00	8.66138399e-01	7.65485296e-01
11625           	5.02867845e-02	6.02571322e-02	1.63154866e+00	8.66061116e-01	7.65487547e-01
11626           	5.02469203e-02	6.02239015e-02	1.63147121e+00	8.65982524e-01	7.65488684e-01
11627           	5.02082011e-02	6.01909164e-02	1.63139364e+00	8.65905021e-01	7.65488619e-01
11628           	5.01718480e-02	6.01591842e-02	1.63131845e+00	8.65831071e-01	7.65487375e-01
11629           	5.01389530e-02	6.01296664e-02	1.63124805e+00	8.65762977e-01	7.65485071e-01
11630           	5.01103220e-02	6.01032022e-02	1.63118449e+00	8.65702568e-01	7.65481924e-01
11631           	5.00863894e-02	6.00803992e-02	1.63112918e+00	8.65650977e-01	7.65478198e-01
11632           	5.00672718e-02	6.00616039e-02	1.63108283e+00	8.65608689e-01	7.65474145e-01
11633           	5.00529930e-02	6.00470114e-02	1.63104595e+00	8.65575969e-01	7.65469983e-01
11634           	5.00434527e-02	6.00366754e-02	1.63101867e+00	8.65552787e-01	7.65465882e-01
11635           	5.00383363e-02	6.00304226e-02	1.63100061e+00	8.65538643e-01	7.65461970e-01
11636           	5.00372200e-02	6.00279226e-02	1.63099107e+00	8.65532753e-01	7.65458313e-01
11637           	5.00395726e-02	6.00287022e-02	1.63098899e+00	8.65534066e-01	7.65454921e-01
11638           	5.00449046e-02	6.00322922e-02	1.63099335e+00	8.65541580e-01	7.65451770e-01
11639           	5.00526737e-02	6.00381709e-02	1.63100297e+00	8.65554158e-01	7.65448811e-01
11640           	5.00623999e-02	6.00458552e-02	1.63101673e+00	8.65570766e-01	7.65445967e-01
11641           	5.00737435e-02	6.00549706e-02	1.63103377e+00	8.65590627e-01	7.65443140e-01
11642           	5.00865149e-02	6.00652821e-02	1.63105353e+00	8.65613280e-01	7.65440250e-01
11643           	5.01006128e-02	6.00766474e-02	1.63107570e+00	8.65638461e-01	7.65437235e-01
11644           	5.01164594e-02	6.00897285e-02	1.63110283e+00	8.65667873e-01	7.65434954e-01
11645           	5.01335602e-02	6.01033133e-02	1.63113100e+00	8.65699061e-01	7.65431940e-01
11646           	5.01518813e-02	6.01182982e-02	1.63116085e+00	8.65732306e-01	7.65428543e-01
11647           	5.01718507e-02	6.01338675e-02	1.63119266e+00	8.65768180e-01	7.65424478e-01
11648           	5.01933837e-02	6.01508469e-02	1.63122831e+00	8.65807537e-01	7.65420770e-01
11649           	5.02161107e-02	6.01688930e-02	1.63126673e+00	8.65849477e-01	7.65417256e-01
11650           	5.02398060e-02	6.01882657e-02	1.63130712e+00	8.65893366e-01	7.65413754e-01
11651           	5.02647250e-02	6.02083933e-02	1.63134982e+00	8.65939633e-01	7.65410183e-01
11652           	5.02903996e-02	6.02295330e-02	1.63139516e+00	8.65987978e-01	7.65407179e-01
11653           	5.03167995e-02	6.02515107e-02	1.63144320e+00	8.66038398e-01	7.65404799e-01
11654           	5.03445040e-02	6.02748953e-02	1.63149509e+00	8.66092050e-01	7.65403042e-01
11655           	5.03729641e-02	6.02984227e-02	1.63154941e+00	8.66147667e-01	7.65401739e-01
11656           	5.04014774e-02	6.03219561e-02	1.63160567e+00	8.66204312e-01	7.65401357e-01
11657           	5.04297216e-02	6.03450971e-02	1.63166312e+00	8.66261279e-01	7.65401836e-01
11658           	5.04590412e-02	6.03687988e-02	1.63172461e+00	8.66321348e-01	7.65403265e-01
11659           	5.04877877e-02	6.03914112e-02	1.63178555e+00	8.66380561e-01	7.65404986e-01
11660           	5.05158708e-02	6.04134339e-02	1.63184636e+00	8.66439053e-01	7.65407311e-01
11661           	5.05451665e-02	6.04360674e-02	1.63191115e+00	8.66500743e-01	7.65410410e-01
11662           	5.05727468e-02	6.04568338e-02	1.63197217e+00	8.66558830e-01	7.65413336e-01
11663           	5.05972200e-02	6.04756596e-02	1.63202725e+00	8.66610847e-01	7.65416407e-01
11664           	5.06194971e-02	6.04931159e-02	1.63207795e+00	8.66658471e-01	7.65419476e-01
11665           	5.06428561e-02	6.05114740e-02	1.63213162e+00	8.66708668e-01	7.65422956e-01
11666           	5.06638517e-02	6.05283285e-02	1.63217930e+00	8.66753499e-01	7.65425796e-01
11667           	5.06832904e-02	6.05448504e-02	1.63222346e+00	8.66795019e-01	7.65428438e-01
11668           	5.07039277e-02	6.05628800e-02	1.63227088e+00	8.66839366e-01	7.65431511e-01
11669           	5.07221859e-02	6.05795014e-02	1.63231222e+00	8.66878297e-01	7.65433925e-01
11670           	5.07376686e-02	6.05952233e-02	1.63234751e+00	8.66911426e-01	7.65436089e-01
11671           	5.07539283e-02	6.06126135e-02	1.63238560e+00	8.66946728e-01	7.65438872e-01
11672           	5.07682896e-02	6.06290259e-02	1.63241873e+00	8.66977655e-01	7.65441076e-01
11673           	5.07822070e-02	6.06465277e-02	1.63245211e+00	8.67008264e-01	7.65443850e-01
11674           	5.07953647e-02	6.06638701e-02	1.63248349e+00	8.67037109e-01	7.65446379e-01
11675           	5.08034868e-02	6.06782010e-02	1.63250352e+00	8.67055244e-01	7.65448271e-01
11676           	5.08107791e-02	6.06929558e-02	1.63252310e+00	8.67072330e-01	7.65450772e-01
11677           	5.08165697e-02	6.07063348e-02	1.63253854e+00	8.67085839e-01	7.65452699e-01
11678           	5.08211315e-02	6.07191736e-02	1.63255217e+00	8.67097218e-01	7.65454955e-01
11679           	5.08284759e-02	6.07340564e-02	1.63257260e+00	8.67114776e-01	7.65457824e-01
11680           	5.08287182e-02	6.07425338e-02	1.63257592e+00	8.67116677e-01	7.65459241e-01
11681           	5.08265126e-02	6.07476195e-02	1.63257285e+00	8.67112937e-01	7.65459912e-01
11682           	5.08244273e-02	6.07518627e-02	1.63256985e+00	8.67109352e-01	7.65460498e-01
11683           	5.08203352e-02	6.07529454e-02	1.63256148e+00	8.67101076e-01	7.65460406e-01
11684           	5.08216418e-02	6.07574948e-02	1.63256582e+00	8.67104554e-01	7.65461270e-01
11685           	5.08177135e-02	6.07570337e-02	1.63255770e+00	8.67096563e-01	7.65461136e-01
11686           	5.08080386e-02	6.07515652e-02	1.63253639e+00	8.67076235e-01	7.65460158e-01
11687           	5.07942431e-02	6.07422708e-02	1.63250539e+00	8.67046940e-01	7.65458454e-01
11688           	5.07842182e-02	6.07369707e-02	1.63248272e+00	8.67025579e-01	7.65457142e-01
11689           	5.07671367e-02	6.07262027e-02	1.63244447e+00	8.66989370e-01	7.65455096e-01
11690           	5.07449510e-02	6.07120656e-02	1.63239480e+00	8.66942352e-01	7.65452450e-01
11691           	5.07175526e-02	6.06937244e-02	1.63233315e+00	8.66884130e-01	7.65449024e-01
11692           	5.06902100e-02	6.06781059e-02	1.63227010e+00	8.66825259e-01	7.65444839e-01
11693           	5.06575303e-02	6.06576538e-02	1.63219512e+00	8.66755089e-01	7.65440028e-01
11694           	5.06230493e-02	6.06365195e-02	1.63211314e+00	8.66679620e-01	7.65433521e-01
11695           	5.05874390e-02	6.06127031e-02	1.63202721e+00	8.66601042e-01	7.65426164e-01
11696           	5.05541633e-02	6.05905251e-02	1.63194532e+00	8.66526821e-01	7.65418495e-01
11697           	5.05274095e-02	6.05753155e-02	1.63187056e+00	8.66462687e-01	7.65407868e-01
11698           	5.05075858e-02	6.05634109e-02	1.63180846e+00	8.66411813e-01	7.65396642e-01
11699           	5.04980427e-02	6.05584551e-02	1.63176487e+00	8.66380479e-01	7.65384393e-01
11700           	5.04974603e-02	6.05593927e-02	1.63174312e+00	8.66369020e-01	7.65374099e-01
11701           	5.05149083e-02	6.05748957e-02	1.63175183e+00	8.66390821e-01	7.65361004e-01
11702           	5.05389025e-02	6.05935709e-02	1.63177972e+00	8.66428760e-01	7.65350955e-01
11703           	5.05680298e-02	6.06161290e-02	1.63182473e+00	8.66480395e-01	7.65344336e-01
11704           	5.06131100e-02	6.06509879e-02	1.63190132e+00	8.66563770e-01	7.65337550e-01
11705           	5.06602940e-02	6.06875919e-02	1.63198816e+00	8.66654376e-01	7.65333788e-01
11706           	5.07072087e-02	6.07239604e-02	1.63207877e+00	8.66746592e-01	7.65332175e-01
11707           	5.07524648e-02	6.07584223e-02	1.63216980e+00	8.66837363e-01	7.65332433e-01
11708           	5.07949605e-02	6.07910048e-02	1.63225853e+00	8.66924227e-01	7.65334306e-01
11709           	5.08334848e-02	6.08202829e-02	1.63234094e+00	8.67003953e-01	7.65336983e-01
11710           	5.08678370e-02	6.08458592e-02	1.63241560e+00	8.67075638e-01	7.65339964e-01
11711           	5.08980434e-02	6.08675673e-02	1.63248179e+00	8.67138938e-01	7.65342851e-01
11712           	5.09263788e-02	6.08877095e-02	1.63254471e+00	8.67198735e-01	7.65345977e-01
11713           	5.09511814e-02	6.09035031e-02	1.63259811e+00	8.67250238e-01	7.65347876e-01
11714           	5.09738066e-02	6.09170084e-02	1.63264635e+00	8.67296980e-01	7.65349367e-01
11715           	5.09949092e-02	6.09288547e-02	1.63269127e+00	8.67340543e-01	7.65350724e-01
11716           	5.10147929e-02	6.09394127e-02	1.63273412e+00	8.67381851e-01	7.65352265e-01
11717           	5.10338648e-02	6.09495156e-02	1.63277763e+00	8.67422678e-01	7.65354948e-01
11718           	5.10507849e-02	6.09575418e-02	1.63281710e+00	8.67459333e-01	7.65357764e-01
11719           	5.10646904e-02	6.09636534e-02	1.63285282e+00	8.67491102e-01	7.65361721e-01
11720           	5.10744466e-02	6.09669327e-02	1.63288284e+00	8.67515868e-01	7.65366975e-01
11721           	5.10773156e-02	6.09651422e-02	1.63290364e+00	8.67529137e-01	7.65374505e-01
11722           	5.10729030e-02	6.09571293e-02	1.63291085e+00	8.67528327e-01	7.65382521e-01
11723           	5.10605334e-02	6.09426772e-02	1.63290365e+00	8.67512360e-01	7.65391293e-01
11724           	5.10405928e-02	6.09219078e-02	1.63288189e+00	8.67481536e-01	7.65400351e-01
11725           	5.10097493e-02	6.08919340e-02	1.63284025e+00	8.67429875e-01	7.65410377e-01
11726           	5.09719251e-02	6.08553349e-02	1.63278236e+00	8.67363105e-01	7.65419255e-01
11727           	5.09306756e-02	6.08156829e-02	1.63271530e+00	8.67288328e-01	7.65426976e-01
11728           	5.08884740e-02	6.07751458e-02	1.63264375e+00	8.67210348e-01	7.65433400e-01
11729           	5.08416083e-02	6.07309194e-02	1.63256202e+00	8.67122619e-01	7.65439403e-01
11730           	5.07940264e-02	6.06859846e-02	1.63247568e+00	8.67031867e-01	7.65443814e-01
11731           	5.07499058e-02	6.06445247e-02	1.63239403e+00	8.66946922e-01	7.65447110e-01
11732           	5.07097999e-02	6.06071688e-02	1.63231889e+00	8.66869243e-01	7.65449643e-01
11733           	5.06728770e-02	6.05733669e-02	1.63224940e+00	8.66797576e-01	7.65451822e-01
11734           	5.06352739e-02	6.05406673e-02	1.63217948e+00	8.66725015e-01	7.65454467e-01
11735           	5.05987071e-02	6.05095584e-02	1.63211106e+00	8.66654236e-01	7.65456821e-01
11736           	5.05654193e-02	6.04818653e-02	1.63204965e+00	8.66590246e-01	7.65459407e-01
11737           	5.05346340e-02	6.04566482e-02	1.63199393e+00	8.66531601e-01	7.65462333e-01
11738           	5.05049262e-02	6.04325788e-02	1.63194118e+00	8.66475517e-01	7.65465665e-01
11739           	5.04749435e-02	6.04084823e-02	1.63188868e+00	8.66419283e-01	7.65469396e-01
11740           	5.04435692e-02	6.03834311e-02	1.63183399e+00	8.66360565e-01	7.65473426e-01
11741           	5.04075857e-02	6.03557447e-02	1.63177135e+00	8.66293261e-01	7.65478089e-01
11742           	5.03698419e-02	6.03258624e-02	1.63170340e+00	8.66221543e-01	7.65481859e-01
11743           	5.03313096e-02	6.02946489e-02	1.63163249e+00	8.66147555e-01	7.65484936e-01
11744           	5.02926882e-02	6.02625186e-02	1.63155957e+00	8.66072471e-01	7.65487095e-01
11745           	5.02544188e-02	6.02298826e-02	1.63148526e+00	8.65997051e-01	7.65488213e-01
11746           	5.02171512e-02	6.01974297e-02	1.63141079e+00	8.65922545e-01	7.65488243e-01
11747           	5.01817191e-02	6.01660465e-02	1.63133784e+00	8.65850637e-01	7.65487199e-01
11748           	5.01490265e-02	6.01366603e-02	1.63126840e+00	8.65783224e-01	7.65485171e-01
11749           	5.01199116e-02	6.01101188e-02	1.63120447e+00	8.65722147e-01	7.65482323e-01
11750           	5.00949534e-02	6.00870473e-02	1.63114767e+00	8.65668789e-01	7.65478882e-01
11751           	5.00744175e-02	6.00677828e-02	1.63109900e+00	8.65623916e-01	7.65475081e-01
11752           	5.00584693e-02	6.00524916e-02	1.63105920e+00	8.65588067e-01	7.65471128e-01
11753           	5.00471699e-02	6.00412272e-02	1.63102873e+00	8.65561535e-01	7.65467196e-01
11754           	5.00403309e-02	6.00338364e-02	1.63100748e+00	8.65544070e-01	7.65463408e-01
11755           	5.00376336e-02	6.00300522e-02	1.63099492e+00	8.65535095e-01	7.65459828e-01
11756           	5.00386060e-02	6.00294706e-02	1.63099013e+00	8.65533673e-01	7.65456461e-01
11757           	5.00427860e-02	6.00317011e-02	1.63099212e+00	8.65538844e-01	7.65453272e-01
11758           	5.00496647e-02	6.00363342e-02	1.63099975e+00	8.65549541e-01	7.65450212e-01
11759           	5.00587492e-02	6.00429667e-02	1.63101193e+00	8.65564714e-01	7.65447215e-01
11760           	5.00696438e-02	6.00512542e-02	1.63102769e+00	8.65583488e-01	7.65444200e-01
11761           	5.00821274e-02	6.00609958e-02	1.63104647e+00	8.65605363e-01	7.65441108e-01
11762           	5.00960489e-02	6.00720352e-02	1.63106791e+00	8.65630003e-01	7.65437905e-01
11763           	5.01117522e-02	6.00849669e-02	1.63109449e+00	8.65658995e-01	7.65435491e-01
11764           	5.01287255e-02	6.00985433e-02	1.63112225e+00	8.65689850e-01	7.65432399e-01
11765           	5.01469635e-02	6.01136716e-02	1.63115190e+00	8.65722911e-01	7.65428984e-01
11766           	5.01668323e-02	6.01294320e-02	1.63118360e+00	8.65758633e-01	7.65424968e-01
11767           	5.01882729e-02	6.01465858e-02	1.63121923e+00	8.65797890e-01	7.65421344e-01
11768           	5.02108971e-02	6.01647540e-02	1.63125766e+00	8.65839728e-01	7.65417933e-01
11769           	5.02344499e-02	6.01841783e-02	1.63129798e+00	8.65883440e-01	7.65414540e-01
11770           	5.02591840e-02	6.02042489e-02	1.63134047e+00	8.65929417e-01	7.65411049e-01
11771           	5.02846248e-02	6.02252209e-02	1.63138540e+00	8.65977326e-01	7.65408076e-01
11772           	5.03107126e-02	6.02469108e-02	1.63143276e+00	8.66027093e-01	7.65405668e-01
11773           	5.03380604e-02	6.02699353e-02	1.63148374e+00	8.66079933e-01	7.65403812e-01
11774           	5.03662558e-02	6.02931538e-02	1.63153722e+00	8.66134863e-01	7.65402352e-01
11775           	5.03945987e-02	6.03164595e-02	1.63159274e+00	8.66190970e-01	7.65401773e-01
11776           	5.04227542e-02	6.03394555e-02	1.63164958e+00	8.66247545e-01	7.65402037e-01
11777           	5.04519654e-02	6.03630316e-02	1.63171038e+00	8.66307156e-01	7.65403225e-01
11778           	5.04806609e-02	6.03855948e-02	1.63177077e+00	8.66366045e-01	7.65404723e-01
11779           	5.05087257e-02	6.04076168e-02	1.63183116e+00	8.66424305e-01	7.65406853e-01
11780           	5.05381301e-02	6.04303784e-02	1.63189582e+00	8.66486039e-01	7.65409779e-01
11781           	5.05660832e-02	6.04514858e-02	1.63195735e+00	8.66544758e-01	7.65412591e-01
11782           	5.05910223e-02	6.04707118e-02	1.63201326e+00	8.66597650e-01	7.65415605e-01
11783           	5.06137403e-02	6.04885169e-02	1.63206481e+00	8.66646143e-01	7.65418663e-01
11784           	5.06374207e-02	6.05070841e-02	1.63211917e+00	8.66697004e-01	7.65422162e-01
11785           	5.06587149e-02	6.05240825e-02	1.63216753e+00	8.66742481e-01	7.65425051e-01
11786           	5.06784306e-02	6.05406875e-02	1.63221240e+00	8.66784630e-01	7.65427769e-01
11787           	5.06994309e-02	6.05588168e-02	1.63226071e+00	8.66829785e-01	7.65430923e-01
11788           	5.07181023e-02	6.05755545e-02	1.63230305e+00	8.66869627e-01	7.65433422e-01
11789           	5.07339540e-02	6.05913414e-02	1.63233924e+00	8.66903575e-01	7.65435667e-01
11790           	5.07505218e-02	6.06087184e-02	1.63237804e+00	8.66939540e-01	7.65438497e-01
11791           	5.07651698e-02	6.06251223e-02	1.63241182e+00	8.66971080e-01	7.65440741e-01
11792           	5.07794020e-02	6.06426513e-02	1.63244586e+00	8.67002334e-01	7.65443530e-01
11793           	5.07929471e-02	6.06601106e-02	1.63247802e+00	8.67031956e-01	7.65446062e-01
11794           	5.08014422e-02	6.06746201e-02	1.63249879e+00	8.67050837e-01	7.65447953e-01
11795           	5.08090858e-02	6.06895787e-02	1.63251905e+00	8.67068611e-01	7.65450440e-01
11796           	5.08151993e-02	6.07032026e-02	1.63253513e+00	8.67082765e-01	7.65452366e-01
11797           	5.08200806e-02	6.07163399e-02	1.63254942e+00	8.67094791e-01	7.65454630e-01
11798           	5.08276977e-02	6.07315278e-02	1.63257044e+00	8.67112916e-01	7.65457521e-01
11799           	5.08282711e-02	6.07404125e-02	1.63257450e+00	8.67115519e-01	7.65458977e-01
11800           	5.08264138e-02	6.07459643e-02	1.63257223e+00	8.67112527e-01	7.65459700e-01
11801           	5.08246247e-02	6.07506580e-02	1.63256997e+00	8.67109607e-01	7.65460358e-01
11802           	5.08208497e-02	6.07522147e-02	1.63256240e+00	8.67102047e-01	7.65460348e-01
11803           	5.08224799e-02	6.07572124e-02	1.63256760e+00	8.67106282e-01	7.65461322e-01
11804           	5.08188476e-02	6.07571356e-02	1.63256023e+00	8.67098964e-01	7.65461269e-01
11805           	5.08098067e-02	6.07522846e-02	1.63254039e+00	8.67079999e-01	7.65460386e-01
11806           	5.07967340e-02	6.07436218e-02	1.63251101e+00	8.67052241e-01	7.65458773e-01
11807           	5.07876232e-02	6.07389735e-02	1.63249046e+00	8.67032855e-01	7.65457609e-01
11808           	5.07715477e-02	6.07289037e-02	1.63245451e+00	8.66998803e-01	7.65455708e-01
11809           	5.07502827e-02	6.07153328e-02	1.63240700e+00	8.66953781e-01	7.65453215e-01
11810           	5.07238316e-02	6.06976007e-02	1.63234761e+00	8.66897637e-01	7.65449973e-01
11811           	5.06976624e-02	6.06827207e-02	1.63228744e+00	8.66841381e-01	7.65446056e-01
11812           	5.06657851e-02	6.06628243e-02	1.63221460e+00	8.66773085e-01	7.65441515e-01
11813           	5.06318026e-02	6.06421113e-02	1.63213425e+00	8.66698927e-01	7.65435322e-01
11814           	5.05960124e-02	6.06182184e-02	1.63204852e+00	8.66620274e-01	7.65428250e-01
11815           	5.05618976e-02	6.05955054e-02	1.63196546e+00	8.66544629e-01	7.65420834e-01
11816           	5.05335575e-02	6.05792368e-02	1.63188812e+00	8.66477620e-01	7.65410505e-01
11817           	5.05115808e-02	6.05658327e-02	1.63182207e+00	8.66422617e-01	7.65399455e-01
11818           	5.04994174e-02	6.05590328e-02	1.63177341e+00	8.66386123e-01	7.65387288e-01
11819           	5.04961545e-02	6.05580276e-02	1.63174616e+00	8.66369233e-01	7.65376924e-01
11820           	5.05105081e-02	6.05713354e-02	1.63174824e+00	8.66384630e-01	7.65363614e-01
11821           	5.05320333e-02	6.05882216e-02	1.63177045e+00	8.66417258e-01	7.65353191e-01
11822           	5.05592551e-02	6.06093021e-02	1.63181078e+00	8.66464644e-01	7.65346134e-01
11823           	5.06023800e-02	6.06426148e-02	1.63188246e+00	8.66543611e-01	7.65338852e-01
11824           	5.06456954e-02	6.06755696e-02	1.63196055e+00	8.66625968e-01	7.65334577e-01
11825           	5.06912903e-02	6.07106517e-02	1.63204790e+00	8.66715241e-01	7.65332660e-01
11826           	5.07368129e-02	6.07458436e-02	1.63213891e+00	8.66806267e-01	7.65332641e-01
11827           	5.07810537e-02	6.07800509e-02	1.63223015e+00	8.66896129e-01	7.65334022e-01
11828           	5.08223973e-02	6.08117895e-02	1.63231742e+00	8.66981107e-01	7.65336313e-01
11829           	5.08623018e-02	6.08426602e-02	1.63240388e+00	8.67064239e-01	7.65339636e-01
11830           	5.08961255e-02	6.08672945e-02	1.63247696e+00	8.67134605e-01	7.65342354e-01
11831           	5.09250401e-02	6.08873882e-02	1.63253973e+00	8.67194905e-01	7.65344825e-01
11832           	5.09499510e-02	6.09035806e-02	1.63259381e+00	8.67246854e-01	7.65346952e-01
11833           	5.09720047e-02	6.09167844e-02	1.63264148e+00	8.67292743e-01	7.65348733e-01
11834           	5.09931410e-02	6.09290352e-02	1.63268796e+00	8.67337119e-01	7.65350837e-01
11835           	5.10124510e-02	6.09388483e-02	1.63272946e+00	8.67377181e-01	7.65352279e-01
11836           	5.10302385e-02	6.09474875e-02	1.63276868e+00	8.67414577e-01	7.65354100e-01
11837           	5.10462475e-02	6.09549477e-02	1.63280586e+00	8.67449178e-01	7.65356683e-01
11838           	5.10599551e-02	6.09609235e-02	1.63284058e+00	8.67480243e-01	7.65360333e-01
11839           	5.10697149e-02	6.09643122e-02	1.63287169e+00	8.67505558e-01	7.65366129e-01
11840           	5.10744713e-02	6.09635433e-02	1.63289408e+00	8.67521512e-01	7.65372569e-01
11841           	5.10726908e-02	6.09577909e-02	1.63290583e+00	8.67525605e-01	7.65380223e-01
11842           	5.10636597e-02	6.09462287e-02	1.63290486e+00	8.67516090e-01	7.65388771e-01
11843           	5.10439313e-02	6.09258478e-02	1.63288573e+00	8.67486797e-01	7.65398934e-01
11844           	5.10160641e-02	6.08980146e-02	1.63284909e+00	8.67440609e-01	7.65408481e-01
11845           	5.09821124e-02	6.08648796e-02	1.63279887e+00	8.67381547e-01	7.65417322e-01
11846           	5.09443573e-02	6.08283595e-02	1.63273891e+00	8.67313810e-01	7.65425096e-01
11847           	5.08995157e-02	6.07858291e-02	1.63266421e+00	8.67231620e-01	7.65432588e-01
11848           	5.08520241e-02	6.07406573e-02	1.63258079e+00	8.67142417e-01	7.65438369e-01
11849           	5.08063913e-02	6.06973558e-02	1.63249833e+00	8.67055558e-01	7.65442775e-01
11850           	5.07637557e-02	6.06570553e-02	1.63241975e+00	8.66973629e-01	7.65446117e-01
11851           	5.07200068e-02	6.06168683e-02	1.63233861e+00	8.66889310e-01	7.65449296e-01
11852           	5.06806208e-02	6.05814163e-02	1.63226527e+00	8.66813253e-01	7.65452012e-01
11853           	5.06414291e-02	6.05464291e-02	1.63219129e+00	8.66737075e-01	7.65454217e-01
11854           	5.06071564e-02	6.05164104e-02	1.63212721e+00	8.66670762e-01	7.65456449e-01
11855           	5.05723852e-02	6.04872223e-02	1.63206252e+00	8.66603646e-01	7.65458876e-01
11856           	5.05410996e-02	6.04613377e-02	1.63200528e+00	8.66543740e-01	7.65461541e-01
11857           	5.05114360e-02	6.04371854e-02	1.63195211e+00	8.66487492e-01	7.65464620e-01
11858           	5.04818569e-02	6.04134793e-02	1.63190005e+00	8.66431884e-01	7.65468170e-01
11859           	5.04511602e-02	6.03891835e-02	1.63184657e+00	8.66374444e-01	7.65472124e-01
11860           	5.04160335e-02	6.03625104e-02	1.63178578e+00	8.66308924e-01	7.65476857e-01
11861           	5.03790237e-02	6.03335264e-02	1.63171959e+00	8.66238820e-01	7.65480772e-01
11862           	5.03410491e-02	6.03029997e-02	1.63165036e+00	8.66166230e-01	7.65484132e-01
11863           	5.03027227e-02	6.02712418e-02	1.63157879e+00	8.66092117e-01	7.65486671e-01
11864           	5.02644482e-02	6.02386460e-02	1.63150532e+00	8.66017111e-01	7.65488214e-01
11865           	5.02268278e-02	6.02058922e-02	1.63143097e+00	8.65942314e-01	7.65488659e-01
11866           	5.01906983e-02	6.01739040e-02	1.63135734e+00	8.65869371e-01	7.65487974e-01
11867           	5.01570035e-02	6.01436753e-02	1.63128643e+00	8.65800220e-01	7.65486213e-01
11868           	5.01266809e-02	6.01161380e-02	1.63122038e+00	8.65736872e-01	7.65483510e-01
11869           	5.01004195e-02	6.00920007e-02	1.63116103e+00	8.65680933e-01	7.65480094e-01
11870           	5.00785704e-02	6.00716711e-02	1.63110959e+00	8.65633368e-01	7.65476227e-01
11871           	5.00613434e-02	6.00553491e-02	1.63106699e+00	8.65594838e-01	7.65472151e-01
11872           	5.00488425e-02	6.00431067e-02	1.63103384e+00	8.65565760e-01	7.65468075e-01
11873           	5.00409400e-02	6.00348301e-02	1.63101019e+00	8.65546034e-01	7.65464154e-01
11874           	5.00373358e-02	6.00302668e-02	1.63099562e+00	8.65535147e-01	7.65460475e-01
11875           	5.00375751e-02	6.00290260e-02	1.63098926e+00	8.65532206e-01	7.65457056e-01
11876           	5.00411730e-02	6.00307005e-02	1.63099007e+00	8.65536206e-01	7.65453860e-01
11877           	5.00476120e-02	6.00348823e-02	1.63099689e+00	8.65546055e-01	7.65450831e-01
11878           	5.00563668e-02	6.00411531e-02	1.63100853e+00	8.65560630e-01	7.65447896e-01
11879           	5.00669826e-02	6.00491318e-02	1.63102390e+00	8.65578931e-01	7.65444965e-01
11880           	5.00792057e-02	6.00585988e-02	1.63104233e+00	8.65600372e-01	7.65441961e-01
11881           	5.00928519e-02	6.00693761e-02	1.63106338e+00	8.65624543e-01	7.65438839e-01
11882           	5.01082013e-02	6.00820006e-02	1.63108938e+00	8.65652890e-01	7.65436488e-01
11883           	5.01247650e-02	6.00952465e-02	1.63111642e+00	8.65682976e-01	7.65433446e-01
11884           	5.01425656e-02	6.01100438e-02	1.63114525e+00	8.65715193e-01	7.65430062e-01
11885           	5.01619809e-02	6.01254688e-02	1.63117605e+00	8.65750007e-01	7.65426045e-01
11886           	5.01830301e-02	6.01423240e-02	1.63121083e+00	8.65788445e-01	7.65422385e-01
11887           	5.02053078e-02	6.01602157e-02	1.63124844e+00	8.65829528e-01	7.65418912e-01
11888           	5.02285409e-02	6.01793855e-02	1.63128793e+00	8.65872507e-01	7.65415425e-01
11889           	5.02529862e-02	6.01992137e-02	1.63132960e+00	8.65917788e-01	7.65411815e-01
11890           	5.02781823e-02	6.02199726e-02	1.63137378e+00	8.65965072e-01	7.65408708e-01
11891           	5.03040383e-02	6.02414586e-02	1.63142039e+00	8.66014233e-01	7.65406156e-01
11892           	5.03311748e-02	6.02643095e-02	1.63147061e+00	8.66066482e-01	7.65404132e-01
11893           	5.03592655e-02	6.02874348e-02	1.63152354e+00	8.66121035e-01	7.65402504e-01
11894           	5.03876005e-02	6.03107371e-02	1.63157873e+00	8.66176968e-01	7.65401767e-01
11895           	5.04158199e-02	6.03337970e-02	1.63163542e+00	8.66233532e-01	7.65401892e-01
11896           	5.04450903e-02	6.03574635e-02	1.63169608e+00	8.66293130e-01	7.65402949e-01
11897           	5.04738590e-02	6.03801308e-02	1.63175640e+00	8.66352061e-01	7.65404343e-01
11898           	5.05019979e-02	6.04022598e-02	1.63181678e+00	8.66410386e-01	7.65406390e-01
11899           	5.05315241e-02	6.04251747e-02	1.63188153e+00	8.66472290e-01	7.65409242e-01
11900           	5.05597816e-02	6.04465709e-02	1.63194359e+00	8.66531574e-01	7.65412011e-01
11901           	5.05851412e-02	6.04661542e-02	1.63200029e+00	8.66585287e-01	7.65415005e-01
11902           	5.06082499e-02	6.04842560e-02	1.63205261e+00	8.66634556e-01	7.65418056e-01
11903           	5.06321680e-02	6.05029569e-02	1.63210745e+00	8.66685891e-01	7.65421555e-01
11904           	5.06536442e-02	6.05199985e-02	1.63215619e+00	8.66731742e-01	7.65424453e-01
11905           	5.06735046e-02	6.05365738e-02	1.63220138e+00	8.66774197e-01	7.65427188e-01
11906           	5.06921445e-02	6.05529540e-02	1.63224377e+00	8.66814032e-01	7.65429743e-01
11907           	5.07121159e-02	6.05708801e-02	1.63228976e+00	8.66856995e-01	7.65432763e-01
11908           	5.07291529e-02	6.05870761e-02	1.63232847e+00	8.66893390e-01	7.65435084e-01
11909           	5.07468557e-02	6.06047985e-02	1.63236963e+00	8.66931672e-01	7.65437960e-01
11910           	5.07637670e-02	6.06222938e-02	1.63240845e+00	8.66967994e-01	7.65440460e-01
11911           	5.07765506e-02	6.06381083e-02	1.63243817e+00	8.66995637e-01	7.65442536e-01
11912           	5.07890265e-02	6.06550569e-02	1.63246861e+00	8.67023334e-01	7.65445281e-01
11913           	5.07993759e-02	6.06707222e-02	1.63249375e+00	8.67046253e-01	7.65447501e-01
11914           	5.08082740e-02	6.06865054e-02	1.63251696e+00	8.67066752e-01	7.65450204e-01
11915           	5.08165397e-02	6.07019661e-02	1.63253830e+00	8.67085691e-01	7.65452612e-01
11916           	5.08196989e-02	6.07133617e-02	1.63254760e+00	8.67093499e-01	7.65454101e-01
11917           	5.08222296e-02	6.07245576e-02	1.63255649e+00	8.67100477e-01	7.65456018e-01
11918           	5.08237534e-02	6.07339632e-02	1.63256189e+00	8.67104701e-01	7.65457194e-01
11919           	5.08240942e-02	6.07420054e-02	1.63256535e+00	8.67106770e-01	7.65458581e-01
11920           	5.08284972e-02	6.07523687e-02	1.63257824e+00	8.67117618e-01	7.65460623e-01
11921           	5.08252861e-02	6.07553944e-02	1.63257293e+00	8.67111753e-01	7.65461180e-01
11922           	5.08195502e-02	6.07547794e-02	1.63256104e+00	8.67100073e-01	7.65460972e-01
11923           	5.08173039e-02	6.07559306e-02	1.63255672e+00	8.67095661e-01	7.65461054e-01
11924           	5.08087136e-02	6.07508025e-02	1.63253718e+00	8.67077304e-01	7.65459877e-01
11925           	5.07974393e-02	6.07437161e-02	1.63251255e+00	8.67053714e-01	7.65458835e-01
11926           	5.07887220e-02	6.07392282e-02	1.63249307e+00	8.67035257e-01	7.65457813e-01
11927           	5.07757191e-02	6.07316344e-02	1.63246344e+00	8.67007440e-01	7.65456002e-01
11928           	5.07599928e-02	6.07229236e-02	1.63242828e+00	8.66974131e-01	7.65454145e-01
11929           	5.07361141e-02	6.07078474e-02	1.63237519e+00	8.66923708e-01	7.65451480e-01
11930           	5.07069605e-02	6.06883419e-02	1.63230975e+00	8.66861836e-01	7.65447915e-01
11931           	5.06768434e-02	6.06703562e-02	1.63224011e+00	8.66796901e-01	7.65443214e-01
11932           	5.06423556e-02	6.06483960e-02	1.63216056e+00	8.66722637e-01	7.65437926e-01
11933           	5.06066231e-02	6.06262902e-02	1.63207456e+00	8.66643901e-01	7.65430655e-01
11934           	5.05712516e-02	6.06034782e-02	1.63198773e+00	8.66565116e-01	7.65422613e-01
11935           	5.05395357e-02	6.05829405e-02	1.63190595e+00	8.66492510e-01	7.65413439e-01
11936           	5.05136931e-02	6.05651590e-02	1.63183419e+00	8.66430786e-01	7.65403400e-01
11937           	5.04995405e-02	6.05578468e-02	1.63177948e+00	8.66389282e-01	7.65390201e-01
11938           	5.04947903e-02	6.05560717e-02	1.63174693e+00	8.66368254e-01	7.65378674e-01
11939           	5.05023687e-02	6.05636123e-02	1.63173914e+00	8.66371937e-01	7.65367199e-01
11940           	5.05180702e-02	6.05759837e-02	1.63175116e+00	8.66393648e-01	7.65357507e-01
11941           	5.05549655e-02	6.06055882e-02	1.63180295e+00	8.66456441e-01	7.65346510e-01
11942           	5.05937786e-02	6.06355454e-02	1.63186560e+00	8.66526577e-01	7.65339020e-01
11943           	5.06332650e-02	6.06663065e-02	1.63193689e+00	8.66601709e-01	7.65335179e-01
11944           	5.06822979e-02	6.07048300e-02	1.63203000e+00	8.66697300e-01	7.65332704e-01
11945           	5.07263354e-02	6.07390686e-02	1.63211758e+00	8.66785127e-01	7.65332456e-01
11946           	5.07783250e-02	6.07792409e-02	1.63222350e+00	8.66890075e-01	7.65333425e-01
11947           	5.08221593e-02	6.08128287e-02	1.63231590e+00	8.66980111e-01	7.65335792e-01
11948           	5.08603386e-02	6.08417281e-02	1.63239904e+00	8.67059860e-01	7.65339183e-01
11949           	5.08929997e-02	6.08655748e-02	1.63247038e+00	8.67128191e-01	7.65342191e-01
11950           	5.09204583e-02	6.08846848e-02	1.63253155e+00	8.67186234e-01	7.65345317e-01
11951           	5.09436525e-02	6.08995025e-02	1.63258205e+00	8.67234675e-01	7.65347370e-01
11952           	5.09642653e-02	6.09116765e-02	1.63262722e+00	8.67277874e-01	7.65349343e-01
11953           	5.09832138e-02	6.09217024e-02	1.63266728e+00	8.67316852e-01	7.65350424e-01
11954           	5.10016265e-02	6.09311039e-02	1.63270713e+00	8.67355193e-01	7.65351940e-01
11955           	5.10193590e-02	6.09395441e-02	1.63274534e+00	8.67392030e-01	7.65353312e-01
11956           	5.10363908e-02	6.09478406e-02	1.63278464e+00	8.67428712e-01	7.65355930e-01
11957           	5.10516580e-02	6.09547711e-02	1.63282173e+00	8.67462524e-01	7.65359208e-01
11958           	5.10642226e-02	6.09603429e-02	1.63285707e+00	8.67492757e-01	7.65364312e-01
11959           	5.10720620e-02	6.09622181e-02	1.63288502e+00	8.67514573e-01	7.65370449e-01
11960           	5.10735809e-02	6.09595840e-02	1.63290388e+00	8.67525522e-01	7.65378360e-01
11961           	5.10669616e-02	6.09500598e-02	1.63290786e+00	8.67520890e-01	7.65386967e-01
11962           	5.10516562e-02	6.09335735e-02	1.63289656e+00	8.67499934e-01	7.65396621e-01
11963           	5.10273591e-02	6.09090459e-02	1.63286686e+00	8.67460789e-01	7.65406070e-01
11964           	5.09949193e-02	6.08776558e-02	1.63282089e+00	8.67405364e-01	7.65415525e-01
11965           	5.09557370e-02	6.08398708e-02	1.63275912e+00	8.67335297e-01	7.65423823e-01
11966           	5.09118933e-02	6.07982256e-02	1.63268661e+00	8.67255197e-01	7.65431410e-01
11967           	5.08652971e-02	6.07536740e-02	1.63260533e+00	8.67167964e-01	7.65437370e-01
11968           	5.08179544e-02	6.07090678e-02	1.63252096e+00	8.67078435e-01	7.65442526e-01
11969           	5.07712543e-02	6.06648533e-02	1.63243491e+00	8.66988707e-01	7.65446198e-01
11970           	5.07265245e-02	6.06234256e-02	1.63235190e+00	8.66902477e-01	7.65449428e-01
11971           	5.06843247e-02	6.05844522e-02	1.63227198e+00	8.66820313e-01	7.65451664e-01
11972           	5.06452970e-02	6.05496641e-02	1.63219856e+00	8.66744575e-01	7.65453981e-01
11973           	5.06092206e-02	6.05178861e-02	1.63213024e+00	8.66674342e-01	7.65455901e-01
11974           	5.05784163e-02	6.04912695e-02	1.63207279e+00	8.66614810e-01	7.65457977e-01
11975           	5.05468725e-02	6.04654203e-02	1.63201460e+00	8.66554174e-01	7.65460429e-01
11976           	5.05178723e-02	6.04420760e-02	1.63196245e+00	8.66499095e-01	7.65463351e-01
11977           	5.04894266e-02	6.04195090e-02	1.63191250e+00	8.66445675e-01	7.65466822e-01
11978           	5.04600102e-02	6.03963990e-02	1.63186161e+00	8.66390815e-01	7.65470794e-01
11979           	5.04284132e-02	6.03716490e-02	1.63180698e+00	8.66331905e-01	7.65475078e-01
11980           	5.03940208e-02	6.03445727e-02	1.63174678e+00	8.66267413e-01	7.65479371e-01
11981           	5.03569030e-02	6.03150062e-02	1.63168041e+00	8.66197108e-01	7.65483302e-01
11982           	5.03176238e-02	6.02832074e-02	1.63160827e+00	8.66121758e-01	7.65486511e-01
11983           	5.02771979e-02	6.02498470e-02	1.63153178e+00	8.66043086e-01	7.65488690e-01
11984           	5.02368551e-02	6.02158341e-02	1.63145300e+00	8.65963357e-01	7.65489646e-01
11985           	5.01979391e-02	6.01822630e-02	1.63137449e+00	8.65885183e-01	7.65489304e-01
11986           	5.01617297e-02	6.01502601e-02	1.63129888e+00	8.65811171e-01	7.65487712e-01
11987           	5.01293662e-02	6.01208830e-02	1.63122877e+00	8.65743751e-01	7.65485018e-01
11988           	5.01016037e-02	6.00949686e-02	1.63116618e+00	8.65684694e-01	7.65481487e-01
11989           	5.00787947e-02	6.00730652e-02	1.63111242e+00	8.65635004e-01	7.65477415e-01
11990           	5.00610230e-02	6.00554549e-02	1.63106820e+00	8.65595124e-01	7.65473078e-01
11991           	5.00482626e-02	6.00422544e-02	1.63103396e+00	8.65565242e-01	7.65468717e-01
11992           	5.00403043e-02	6.00333934e-02	1.63100964e+00	8.65545125e-01	7.65464516e-01
11993           	5.00367471e-02	6.00285940e-02	1.63099470e+00	8.65534096e-01	7.65460602e-01
11994           	5.00370657e-02	6.00274150e-02	1.63098818e+00	8.65531155e-01	7.65457024e-01
11995           	5.00406959e-02	6.00293414e-02	1.63098894e+00	8.65535164e-01	7.65453772e-01
11996           	5.00470901e-02	6.00338652e-02	1.63099579e+00	8.65544983e-01	7.65450803e-01
11997           	5.00556868e-02	6.00404551e-02	1.63100745e+00	8.65559412e-01	7.65448038e-01
11998           	5.00660067e-02	6.00486341e-02	1.63102276e+00	8.65577384e-01	7.65445371e-01
11999           	5.00777816e-02	6.00581029e-02	1.63104093e+00	8.65598246e-01	7.65442683e-01
12000           	5.00908545e-02	6.00686625e-02	1.63106147e+00	8.65621591e-01	7.65439882e-01
